ISO-10303-21;
HEADER;
/* Generated by software containing ST-Developer
 * from STEP Tools, Inc. (www.steptools.com) 
 */
/* OPTION: using custom renumber hook */

FILE_DESCRIPTION(
/* description */ ('STEP AP242 Edition 2',
'CAx-IF Rec.Pracs.---Representation and Presentation of Product Manufa
cturing Information (PMI)---4.0---2014-10-13',
'CAx-IF Rec.Pracs.---3D Tessellated Geometry---0.4---2014-09-14','2;1',
'CAx-IF Rec.Pracs.---User Defined Attributes---1.5---2016-08-15'),
/* implementation_level */ '2;1');

FILE_NAME(
/* name */ 'robot - Knee Pitch motor holder',
/* time_stamp */ '2026-08-16T03:04:30Z',
/* author */ (''),
/* organization */ (''),
/* preprocessor_version */ 'ST-DEVELOPER v20',
/* originating_system */ 'ONSHAPE BY PTC INC, 1.219',
/* authorisation */ '  ');

FILE_SCHEMA (('AP242_MANAGED_MODEL_BASED_3D_ENGINEERING_MIM_LF { 1 0 10303 442 3 1 4 }'));
ENDSEC;

DATA;
#10=SHAPE_REPRESENTATION_RELATIONSHIP('','',#4739,#11);
#11=ADVANCED_BREP_SHAPE_REPRESENTATION('',(#4737),#7986);
#12=ORIENTED_CLOSED_SHELL('',*,#4728,.F.);
#13=PLANE('',#4761);
#14=PLANE('',#4767);
#15=PLANE('',#4768);
#16=PLANE('',#4769);
#17=PLANE('',#4770);
#18=PLANE('',#4818);
#19=PLANE('',#4819);
#20=PLANE('',#4840);
#21=PLANE('',#4857);
#22=PLANE('',#4861);
#23=PLANE('',#4865);
#24=PLANE('',#4866);
#25=PLANE('',#4877);
#26=PLANE('',#4881);
#27=PLANE('',#4882);
#28=PLANE('',#4893);
#29=PLANE('',#4897);
#30=PLANE('',#4898);
#31=PLANE('',#4899);
#32=PLANE('',#4900);
#33=PLANE('',#4904);
#34=PLANE('',#4921);
#35=PLANE('',#4922);
#36=PLANE('',#4933);
#37=PLANE('',#4937);
#38=PLANE('',#4938);
#39=PLANE('',#4943);
#40=PLANE('',#4944);
#41=PLANE('',#4945);
#42=PLANE('',#4946);
#43=PLANE('',#4947);
#44=PLANE('',#4948);
#45=PLANE('',#4973);
#46=PLANE('',#4974);
#47=PLANE('',#4975);
#48=PLANE('',#4976);
#49=PLANE('',#4980);
#50=PLANE('',#4984);
#51=PLANE('',#4988);
#52=PLANE('',#4992);
#53=PLANE('',#4994);
#54=PLANE('',#4996);
#55=PLANE('',#4997);
#56=PLANE('',#4998);
#57=PLANE('',#5000);
#58=PLANE('',#5002);
#59=PLANE('',#5003);
#60=PLANE('',#5004);
#61=PLANE('',#5019);
#62=PLANE('',#5020);
#63=PLANE('',#5027);
#64=PLANE('',#5028);
#65=PLANE('',#5039);
#66=PLANE('',#5040);
#67=PLANE('',#5050);
#68=PLANE('',#5051);
#69=PLANE('',#5056);
#70=PLANE('',#5057);
#71=PLANE('',#5062);
#72=PLANE('',#5063);
#73=PLANE('',#5064);
#74=PLANE('',#5065);
#75=PLANE('',#5066);
#76=PLANE('',#5067);
#77=PLANE('',#5068);
#78=PLANE('',#5069);
#79=PLANE('',#5074);
#80=PLANE('',#5075);
#81=PLANE('',#5076);
#82=PLANE('',#5077);
#83=PLANE('',#5078);
#84=PLANE('',#5079);
#85=PLANE('',#5080);
#86=PLANE('',#5081);
#87=PLANE('',#5084);
#88=PLANE('',#5085);
#89=PLANE('',#5086);
#90=PLANE('',#5087);
#91=PLANE('',#5088);
#92=PLANE('',#5089);
#93=PLANE('',#5090);
#94=PLANE('',#5091);
#95=PLANE('',#5096);
#96=PLANE('',#5097);
#97=PLANE('',#5098);
#98=PLANE('',#5099);
#99=PLANE('',#5100);
#100=PLANE('',#5101);
#101=PLANE('',#5102);
#102=PLANE('',#5103);
#103=PLANE('',#5108);
#104=PLANE('',#5109);
#105=PLANE('',#5110);
#106=PLANE('',#5111);
#107=PLANE('',#5112);
#108=PLANE('',#5113);
#109=PLANE('',#5114);
#110=PLANE('',#5115);
#111=PLANE('',#5116);
#112=PLANE('',#5117);
#113=PLANE('',#5130);
#114=PLANE('',#5131);
#115=PLANE('',#5132);
#116=PLANE('',#5133);
#117=PLANE('',#5134);
#118=PLANE('',#5135);
#119=PLANE('',#5136);
#120=PLANE('',#5137);
#121=PLANE('',#5138);
#122=PLANE('',#5139);
#123=PLANE('',#5140);
#124=PLANE('',#5141);
#125=PLANE('',#5142);
#126=PLANE('',#5143);
#127=PLANE('',#5144);
#128=PLANE('',#5147);
#129=PLANE('',#5148);
#130=PLANE('',#5150);
#131=PLANE('',#5151);
#132=PLANE('',#5152);
#133=PLANE('',#5157);
#134=PLANE('',#5158);
#135=PLANE('',#5159);
#136=PLANE('',#5160);
#137=PLANE('',#5161);
#138=PLANE('',#5162);
#139=PLANE('',#5163);
#140=PLANE('',#5164);
#141=PLANE('',#5169);
#142=PLANE('',#5170);
#143=PLANE('',#5171);
#144=PLANE('',#5172);
#145=PLANE('',#5173);
#146=PLANE('',#5174);
#147=PLANE('',#5175);
#148=PLANE('',#5176);
#149=PLANE('',#5179);
#150=PLANE('',#5180);
#151=PLANE('',#5181);
#152=PLANE('',#5182);
#153=PLANE('',#5183);
#154=PLANE('',#5184);
#155=PLANE('',#5185);
#156=PLANE('',#5186);
#157=PLANE('',#5189);
#158=PLANE('',#5190);
#159=PLANE('',#5191);
#160=PLANE('',#5192);
#161=PLANE('',#5193);
#162=PLANE('',#5194);
#163=PLANE('',#5195);
#164=PLANE('',#5196);
#165=PLANE('',#5201);
#166=PLANE('',#5202);
#167=PLANE('',#5203);
#168=PLANE('',#5204);
#169=PLANE('',#5205);
#170=PLANE('',#5206);
#171=PLANE('',#5207);
#172=PLANE('',#5209);
#173=PLANE('',#5213);
#174=PLANE('',#5214);
#175=PLANE('',#5215);
#176=PLANE('',#5216);
#177=PLANE('',#5217);
#178=PLANE('',#5218);
#179=PLANE('',#5219);
#180=PLANE('',#5220);
#181=PLANE('',#5221);
#182=PLANE('',#5222);
#183=PLANE('',#5223);
#184=PLANE('',#5224);
#185=PLANE('',#5226);
#186=PLANE('',#5227);
#187=LINE('',#6624,#596);
#188=LINE('',#6628,#597);
#189=LINE('',#6632,#598);
#190=LINE('',#6636,#599);
#191=LINE('',#6640,#600);
#192=LINE('',#6644,#601);
#193=LINE('',#6648,#602);
#194=LINE('',#6652,#603);
#195=LINE('',#6656,#604);
#196=LINE('',#6660,#605);
#197=LINE('',#6664,#606);
#198=LINE('',#6668,#607);
#199=LINE('',#6672,#608);
#200=LINE('',#6675,#609);
#201=LINE('',#6680,#610);
#202=LINE('',#6687,#611);
#203=LINE('',#6691,#612);
#204=LINE('',#6696,#613);
#205=LINE('',#6700,#614);
#206=LINE('',#6707,#615);
#207=LINE('',#6709,#616);
#208=LINE('',#6711,#617);
#209=LINE('',#6713,#618);
#210=LINE('',#6715,#619);
#211=LINE('',#6717,#620);
#212=LINE('',#6720,#621);
#213=LINE('',#6722,#622);
#214=LINE('',#6724,#623);
#215=LINE('',#6726,#624);
#216=LINE('',#6729,#625);
#217=LINE('',#6731,#626);
#218=LINE('',#6733,#627);
#219=LINE('',#6735,#628);
#220=LINE('',#6738,#629);
#221=LINE('',#6740,#630);
#222=LINE('',#6742,#631);
#223=LINE('',#6747,#632);
#224=LINE('',#6751,#633);
#225=LINE('',#6755,#634);
#226=LINE('',#6759,#635);
#227=LINE('',#6763,#636);
#228=LINE('',#6767,#637);
#229=LINE('',#6771,#638);
#230=LINE('',#6775,#639);
#231=LINE('',#6779,#640);
#232=LINE('',#6783,#641);
#233=LINE('',#6787,#642);
#234=LINE('',#6791,#643);
#235=LINE('',#6795,#644);
#236=LINE('',#6799,#645);
#237=LINE('',#6803,#646);
#238=LINE('',#6807,#647);
#239=LINE('',#6811,#648);
#240=LINE('',#6815,#649);
#241=LINE('',#6819,#650);
#242=LINE('',#6823,#651);
#243=LINE('',#6827,#652);
#244=LINE('',#6831,#653);
#245=LINE('',#6835,#654);
#246=LINE('',#6839,#655);
#247=LINE('',#6843,#656);
#248=LINE('',#6847,#657);
#249=LINE('',#6851,#658);
#250=LINE('',#6855,#659);
#251=LINE('',#6859,#660);
#252=LINE('',#6863,#661);
#253=LINE('',#6872,#662);
#254=LINE('',#6876,#663);
#255=LINE('',#6880,#664);
#256=LINE('',#6889,#665);
#257=LINE('',#6893,#666);
#258=LINE('',#6897,#667);
#259=LINE('',#6901,#668);
#260=LINE('',#6904,#669);
#261=LINE('',#6906,#670);
#262=LINE('',#6908,#671);
#263=LINE('',#6910,#672);
#264=LINE('',#6913,#673);
#265=LINE('',#6915,#674);
#266=LINE('',#6917,#675);
#267=LINE('',#6919,#676);
#268=LINE('',#6925,#677);
#269=LINE('',#6929,#678);
#270=LINE('',#6933,#679);
#271=LINE('',#6937,#680);
#272=LINE('',#6943,#681);
#273=LINE('',#6947,#682);
#274=LINE('',#6951,#683);
#275=LINE('',#6955,#684);
#276=LINE('',#6959,#685);
#277=LINE('',#6990,#686);
#278=LINE('',#6994,#687);
#279=LINE('',#6998,#688);
#280=LINE('',#7002,#689);
#281=LINE('',#7006,#690);
#282=LINE('',#7010,#691);
#283=LINE('',#7014,#692);
#284=LINE('',#7018,#693);
#285=LINE('',#7025,#694);
#286=LINE('',#7026,#695);
#287=LINE('',#7034,#696);
#288=LINE('',#7038,#697);
#289=LINE('',#7040,#698);
#290=LINE('',#7042,#699);
#291=LINE('',#7044,#700);
#292=LINE('',#7046,#701);
#293=LINE('',#7048,#702);
#294=LINE('',#7052,#703);
#295=LINE('',#7056,#704);
#296=LINE('',#7060,#705);
#297=LINE('',#7064,#706);
#298=LINE('',#7068,#707);
#299=LINE('',#7078,#708);
#300=LINE('',#7082,#709);
#301=LINE('',#7083,#710);
#302=LINE('',#7087,#711);
#303=LINE('',#7089,#712);
#304=LINE('',#7091,#713);
#305=LINE('',#7093,#714);
#306=LINE('',#7095,#715);
#307=LINE('',#7097,#716);
#308=LINE('',#7099,#717);
#309=LINE('',#7103,#718);
#310=LINE('',#7107,#719);
#311=LINE('',#7111,#720);
#312=LINE('',#7115,#721);
#313=LINE('',#7119,#722);
#314=LINE('',#7131,#723);
#315=LINE('',#7135,#724);
#316=LINE('',#7137,#725);
#317=LINE('',#7138,#726);
#318=LINE('',#7140,#727);
#319=LINE('',#7142,#728);
#320=LINE('',#7144,#729);
#321=LINE('',#7146,#730);
#322=LINE('',#7148,#731);
#323=LINE('',#7150,#732);
#324=LINE('',#7152,#733);
#325=LINE('',#7154,#734);
#326=LINE('',#7158,#735);
#327=LINE('',#7159,#736);
#328=LINE('',#7163,#737);
#329=LINE('',#7167,#738);
#330=LINE('',#7185,#739);
#331=LINE('',#7189,#740);
#332=LINE('',#7190,#741);
#333=LINE('',#7194,#742);
#334=LINE('',#7195,#743);
#335=LINE('',#7199,#744);
#336=LINE('',#7200,#745);
#337=LINE('',#7204,#746);
#338=LINE('',#7205,#747);
#339=LINE('',#7209,#748);
#340=LINE('',#7213,#749);
#341=LINE('',#7215,#750);
#342=LINE('',#7217,#751);
#343=LINE('',#7221,#752);
#344=LINE('',#7225,#753);
#345=LINE('',#7227,#754);
#346=LINE('',#7229,#755);
#347=LINE('',#7231,#756);
#348=LINE('',#7233,#757);
#349=LINE('',#7237,#758);
#350=LINE('',#7241,#759);
#351=LINE('',#7245,#760);
#352=LINE('',#7249,#761);
#353=LINE('',#7253,#762);
#354=LINE('',#7265,#763);
#355=LINE('',#7269,#764);
#356=LINE('',#7271,#765);
#357=LINE('',#7273,#766);
#358=LINE('',#7275,#767);
#359=LINE('',#7277,#768);
#360=LINE('',#7285,#769);
#361=LINE('',#7287,#770);
#362=LINE('',#7289,#771);
#363=LINE('',#7291,#772);
#364=LINE('',#7292,#773);
#365=LINE('',#7294,#774);
#366=LINE('',#7296,#775);
#367=LINE('',#7298,#776);
#368=LINE('',#7300,#777);
#369=LINE('',#7301,#778);
#370=LINE('',#7303,#779);
#371=LINE('',#7305,#780);
#372=LINE('',#7307,#781);
#373=LINE('',#7309,#782);
#374=LINE('',#7312,#783);
#375=LINE('',#7313,#784);
#376=LINE('',#7315,#785);
#377=LINE('',#7317,#786);
#378=LINE('',#7319,#787);
#379=LINE('',#7320,#788);
#380=LINE('',#7322,#789);
#381=LINE('',#7324,#790);
#382=LINE('',#7326,#791);
#383=LINE('',#7328,#792);
#384=LINE('',#7329,#793);
#385=LINE('',#7331,#794);
#386=LINE('',#7332,#795);
#387=LINE('',#7334,#796);
#388=LINE('',#7336,#797);
#389=LINE('',#7338,#798);
#390=LINE('',#7340,#799);
#391=LINE('',#7342,#800);
#392=LINE('',#7344,#801);
#393=LINE('',#7346,#802);
#394=LINE('',#7347,#803);
#395=LINE('',#7349,#804);
#396=LINE('',#7356,#805);
#397=LINE('',#7357,#806);
#398=LINE('',#7361,#807);
#399=LINE('',#7366,#808);
#400=LINE('',#7370,#809);
#401=LINE('',#7371,#810);
#402=LINE('',#7375,#811);
#403=LINE('',#7380,#812);
#404=LINE('',#7384,#813);
#405=LINE('',#7385,#814);
#406=LINE('',#7389,#815);
#407=LINE('',#7394,#816);
#408=LINE('',#7398,#817);
#409=LINE('',#7399,#818);
#410=LINE('',#7403,#819);
#411=LINE('',#7408,#820);
#412=LINE('',#7412,#821);
#413=LINE('',#7413,#822);
#414=LINE('',#7417,#823);
#415=LINE('',#7422,#824);
#416=LINE('',#7426,#825);
#417=LINE('',#7428,#826);
#418=LINE('',#7429,#827);
#419=LINE('',#7431,#828);
#420=LINE('',#7432,#829);
#421=LINE('',#7434,#830);
#422=LINE('',#7436,#831);
#423=LINE('',#7438,#832);
#424=LINE('',#7444,#833);
#425=LINE('',#7446,#834);
#426=LINE('',#7454,#835);
#427=LINE('',#7456,#836);
#428=LINE('',#7464,#837);
#429=LINE('',#7466,#838);
#430=LINE('',#7474,#839);
#431=LINE('',#7476,#840);
#432=LINE('',#7480,#841);
#433=LINE('',#7484,#842);
#434=LINE('',#7486,#843);
#435=LINE('',#7490,#844);
#436=LINE('',#7492,#845);
#437=LINE('',#7494,#846);
#438=LINE('',#7496,#847);
#439=LINE('',#7498,#848);
#440=LINE('',#7500,#849);
#441=LINE('',#7503,#850);
#442=LINE('',#7506,#851);
#443=LINE('',#7508,#852);
#444=LINE('',#7512,#853);
#445=LINE('',#7514,#854);
#446=LINE('',#7516,#855);
#447=LINE('',#7518,#856);
#448=LINE('',#7520,#857);
#449=LINE('',#7524,#858);
#450=LINE('',#7528,#859);
#451=LINE('',#7529,#860);
#452=LINE('',#7533,#861);
#453=LINE('',#7537,#862);
#454=LINE('',#7541,#863);
#455=LINE('',#7545,#864);
#456=LINE('',#7549,#865);
#457=LINE('',#7550,#866);
#458=LINE('',#7554,#867);
#459=LINE('',#7562,#868);
#460=LINE('',#7564,#869);
#461=LINE('',#7566,#870);
#462=LINE('',#7569,#871);
#463=LINE('',#7570,#872);
#464=LINE('',#7571,#873);
#465=LINE('',#7575,#874);
#466=LINE('',#7581,#875);
#467=LINE('',#7583,#876);
#468=LINE('',#7587,#877);
#469=LINE('',#7591,#878);
#470=LINE('',#7595,#879);
#471=LINE('',#7596,#880);
#472=LINE('',#7600,#881);
#473=LINE('',#7602,#882);
#474=LINE('',#7611,#883);
#475=LINE('',#7613,#884);
#476=LINE('',#7615,#885);
#477=LINE('',#7619,#886);
#478=LINE('',#7623,#887);
#479=LINE('',#7627,#888);
#480=LINE('',#7628,#889);
#481=LINE('',#7632,#890);
#482=LINE('',#7640,#891);
#483=LINE('',#7642,#892);
#484=LINE('',#7650,#893);
#485=LINE('',#7652,#894);
#486=LINE('',#7660,#895);
#487=LINE('',#7662,#896);
#488=LINE('',#7665,#897);
#489=LINE('',#7666,#898);
#490=LINE('',#7670,#899);
#491=LINE('',#7672,#900);
#492=LINE('',#7680,#901);
#493=LINE('',#7682,#902);
#494=LINE('',#7685,#903);
#495=LINE('',#7686,#904);
#496=LINE('',#7691,#905);
#497=LINE('',#7696,#906);
#498=LINE('',#7698,#907);
#499=LINE('',#7700,#908);
#500=LINE('',#7702,#909);
#501=LINE('',#7704,#910);
#502=LINE('',#7706,#911);
#503=LINE('',#7707,#912);
#504=LINE('',#7711,#913);
#505=LINE('',#7713,#914);
#506=LINE('',#7721,#915);
#507=LINE('',#7723,#916);
#508=LINE('',#7726,#917);
#509=LINE('',#7730,#918);
#510=LINE('',#7732,#919);
#511=LINE('',#7740,#920);
#512=LINE('',#7742,#921);
#513=LINE('',#7745,#922);
#514=LINE('',#7746,#923);
#515=LINE('',#7753,#924);
#516=LINE('',#7754,#925);
#517=LINE('',#7756,#926);
#518=LINE('',#7761,#927);
#519=LINE('',#7765,#928);
#520=LINE('',#7770,#929);
#521=LINE('',#7774,#930);
#522=LINE('',#7779,#931);
#523=LINE('',#7786,#932);
#524=LINE('',#7790,#933);
#525=LINE('',#7792,#934);
#526=LINE('',#7793,#935);
#527=LINE('',#7794,#936);
#528=LINE('',#7795,#937);
#529=LINE('',#7796,#938);
#530=LINE('',#7797,#939);
#531=LINE('',#7798,#940);
#532=LINE('',#7799,#941);
#533=LINE('',#7801,#942);
#534=LINE('',#7803,#943);
#535=LINE('',#7806,#944);
#536=LINE('',#7808,#945);
#537=LINE('',#7811,#946);
#538=LINE('',#7813,#947);
#539=LINE('',#7816,#948);
#540=LINE('',#7818,#949);
#541=LINE('',#7821,#950);
#542=LINE('',#7828,#951);
#543=LINE('',#7833,#952);
#544=LINE('',#7835,#953);
#545=LINE('',#7843,#954);
#546=LINE('',#7844,#955);
#547=LINE('',#7848,#956);
#548=LINE('',#7850,#957);
#549=LINE('',#7853,#958);
#550=LINE('',#7855,#959);
#551=LINE('',#7863,#960);
#552=LINE('',#7864,#961);
#553=LINE('',#7868,#962);
#554=LINE('',#7870,#963);
#555=LINE('',#7873,#964);
#556=LINE('',#7875,#965);
#557=LINE('',#7880,#966);
#558=LINE('',#7882,#967);
#559=LINE('',#7885,#968);
#560=LINE('',#7887,#969);
#561=LINE('',#7890,#970);
#562=LINE('',#7892,#971);
#563=LINE('',#7897,#972);
#564=LINE('',#7898,#973);
#565=LINE('',#7902,#974);
#566=LINE('',#7903,#975);
#567=LINE('',#7907,#976);
#568=LINE('',#7909,#977);
#569=LINE('',#7917,#978);
#570=LINE('',#7918,#979);
#571=LINE('',#7922,#980);
#572=LINE('',#7924,#981);
#573=LINE('',#7929,#982);
#574=LINE('',#7930,#983);
#575=LINE('',#7935,#984);
#576=LINE('',#7936,#985);
#577=LINE('',#7940,#986);
#578=LINE('',#7942,#987);
#579=LINE('',#7944,#988);
#580=LINE('',#7946,#989);
#581=LINE('',#7949,#990);
#582=LINE('',#7952,#991);
#583=LINE('',#7953,#992);
#584=LINE('',#7955,#993);
#585=LINE('',#7957,#994);
#586=LINE('',#7960,#995);
#587=LINE('',#7963,#996);
#588=LINE('',#7965,#997);
#589=LINE('',#7967,#998);
#590=LINE('',#7969,#999);
#591=LINE('',#7971,#1000);
#592=LINE('',#7973,#1001);
#593=LINE('',#7977,#1002);
#594=LINE('',#7979,#1003);
#595=LINE('',#7981,#1004);
#596=VECTOR('',#5236,1.);
#597=VECTOR('',#5239,1.);
#598=VECTOR('',#5242,1.);
#599=VECTOR('',#5245,1.);
#600=VECTOR('',#5248,1.);
#601=VECTOR('',#5251,1.);
#602=VECTOR('',#5254,1.);
#603=VECTOR('',#5257,1.);
#604=VECTOR('',#5260,1.);
#605=VECTOR('',#5263,1.);
#606=VECTOR('',#5266,1.);
#607=VECTOR('',#5269,1.);
#608=VECTOR('',#5272,1.);
#609=VECTOR('',#5275,1.);
#610=VECTOR('',#5278,1.);
#611=VECTOR('',#5285,1.);
#612=VECTOR('',#5288,1.);
#613=VECTOR('',#5293,1.);
#614=VECTOR('',#5296,1.);
#615=VECTOR('',#5305,1.);
#616=VECTOR('',#5306,1.);
#617=VECTOR('',#5307,1.);
#618=VECTOR('',#5308,1.);
#619=VECTOR('',#5309,1.);
#620=VECTOR('',#5312,1.);
#621=VECTOR('',#5313,1.);
#622=VECTOR('',#5314,1.);
#623=VECTOR('',#5315,1.);
#624=VECTOR('',#5318,1.);
#625=VECTOR('',#5319,1.);
#626=VECTOR('',#5320,1.);
#627=VECTOR('',#5321,1.);
#628=VECTOR('',#5324,1.);
#629=VECTOR('',#5325,1.);
#630=VECTOR('',#5326,1.);
#631=VECTOR('',#5327,1.);
#632=VECTOR('',#5334,1.);
#633=VECTOR('',#5337,1.);
#634=VECTOR('',#5340,1.);
#635=VECTOR('',#5343,1.);
#636=VECTOR('',#5346,1.);
#637=VECTOR('',#5349,1.);
#638=VECTOR('',#5352,1.);
#639=VECTOR('',#5355,1.);
#640=VECTOR('',#5358,1.);
#641=VECTOR('',#5361,1.);
#642=VECTOR('',#5364,1.);
#643=VECTOR('',#5367,1.);
#644=VECTOR('',#5370,1.);
#645=VECTOR('',#5373,1.);
#646=VECTOR('',#5376,1.);
#647=VECTOR('',#5379,1.);
#648=VECTOR('',#5382,1.);
#649=VECTOR('',#5385,1.);
#650=VECTOR('',#5388,1.);
#651=VECTOR('',#5391,1.);
#652=VECTOR('',#5394,1.);
#653=VECTOR('',#5397,1.);
#654=VECTOR('',#5400,1.);
#655=VECTOR('',#5403,1.);
#656=VECTOR('',#5406,1.);
#657=VECTOR('',#5409,1.);
#658=VECTOR('',#5412,1.);
#659=VECTOR('',#5415,1.);
#660=VECTOR('',#5418,1.);
#661=VECTOR('',#5421,1.);
#662=VECTOR('',#5430,1.);
#663=VECTOR('',#5433,1.);
#664=VECTOR('',#5438,1.);
#665=VECTOR('',#5447,1.);
#666=VECTOR('',#5450,1.);
#667=VECTOR('',#5455,1.);
#668=VECTOR('',#5460,1.);
#669=VECTOR('',#5461,1.);
#670=VECTOR('',#5462,1.);
#671=VECTOR('',#5463,1.);
#672=VECTOR('',#5466,1.);
#673=VECTOR('',#5467,1.);
#674=VECTOR('',#5468,1.);
#675=VECTOR('',#5469,1.);
#676=VECTOR('',#5472,1.);
#677=VECTOR('',#5477,1.);
#678=VECTOR('',#5480,1.);
#679=VECTOR('',#5483,1.);
#680=VECTOR('',#5486,1.);
#681=VECTOR('',#5493,1.);
#682=VECTOR('',#5496,1.);
#683=VECTOR('',#5499,1.);
#684=VECTOR('',#5502,1.);
#685=VECTOR('',#5505,1.);
#686=VECTOR('',#5540,1.);
#687=VECTOR('',#5543,1.);
#688=VECTOR('',#5546,1.);
#689=VECTOR('',#5549,1.);
#690=VECTOR('',#5552,1.);
#691=VECTOR('',#5555,1.);
#692=VECTOR('',#5558,1.);
#693=VECTOR('',#5561,1.);
#694=VECTOR('',#5568,1.);
#695=VECTOR('',#5569,1.);
#696=VECTOR('',#5578,1.);
#697=VECTOR('',#5581,1.);
#698=VECTOR('',#5584,1.);
#699=VECTOR('',#5585,1.);
#700=VECTOR('',#5588,1.);
#701=VECTOR('',#5589,1.);
#702=VECTOR('',#5590,1.);
#703=VECTOR('',#5595,1.);
#704=VECTOR('',#5598,1.);
#705=VECTOR('',#5601,1.);
#706=VECTOR('',#5604,1.);
#707=VECTOR('',#5607,1.);
#708=VECTOR('',#5620,1.);
#709=VECTOR('',#5623,1.);
#710=VECTOR('',#5624,1.);
#711=VECTOR('',#5627,1.);
#712=VECTOR('',#5628,1.);
#713=VECTOR('',#5631,1.);
#714=VECTOR('',#5632,1.);
#715=VECTOR('',#5635,1.);
#716=VECTOR('',#5636,1.);
#717=VECTOR('',#5637,1.);
#718=VECTOR('',#5642,1.);
#719=VECTOR('',#5645,1.);
#720=VECTOR('',#5648,1.);
#721=VECTOR('',#5651,1.);
#722=VECTOR('',#5654,1.);
#723=VECTOR('',#5669,1.);
#724=VECTOR('',#5672,1.);
#725=VECTOR('',#5675,1.);
#726=VECTOR('',#5676,1.);
#727=VECTOR('',#5679,1.);
#728=VECTOR('',#5680,1.);
#729=VECTOR('',#5681,1.);
#730=VECTOR('',#5684,1.);
#731=VECTOR('',#5685,1.);
#732=VECTOR('',#5686,1.);
#733=VECTOR('',#5689,1.);
#734=VECTOR('',#5690,1.);
#735=VECTOR('',#5693,1.);
#736=VECTOR('',#5694,1.);
#737=VECTOR('',#5697,1.);
#738=VECTOR('',#5700,1.);
#739=VECTOR('',#5719,1.);
#740=VECTOR('',#5722,1.);
#741=VECTOR('',#5723,1.);
#742=VECTOR('',#5726,1.);
#743=VECTOR('',#5727,1.);
#744=VECTOR('',#5730,1.);
#745=VECTOR('',#5731,1.);
#746=VECTOR('',#5734,1.);
#747=VECTOR('',#5735,1.);
#748=VECTOR('',#5738,1.);
#749=VECTOR('',#5741,1.);
#750=VECTOR('',#5742,1.);
#751=VECTOR('',#5743,1.);
#752=VECTOR('',#5746,1.);
#753=VECTOR('',#5751,1.);
#754=VECTOR('',#5752,1.);
#755=VECTOR('',#5755,1.);
#756=VECTOR('',#5756,1.);
#757=VECTOR('',#5757,1.);
#758=VECTOR('',#5762,1.);
#759=VECTOR('',#5765,1.);
#760=VECTOR('',#5768,1.);
#761=VECTOR('',#5771,1.);
#762=VECTOR('',#5774,1.);
#763=VECTOR('',#5789,1.);
#764=VECTOR('',#5792,1.);
#765=VECTOR('',#5795,1.);
#766=VECTOR('',#5796,1.);
#767=VECTOR('',#5799,1.);
#768=VECTOR('',#5800,1.);
#769=VECTOR('',#5811,1.);
#770=VECTOR('',#5812,1.);
#771=VECTOR('',#5813,1.);
#772=VECTOR('',#5814,1.);
#773=VECTOR('',#5815,1.);
#774=VECTOR('',#5816,1.);
#775=VECTOR('',#5817,1.);
#776=VECTOR('',#5818,1.);
#777=VECTOR('',#5819,1.);
#778=VECTOR('',#5820,1.);
#779=VECTOR('',#5821,1.);
#780=VECTOR('',#5822,1.);
#781=VECTOR('',#5823,1.);
#782=VECTOR('',#5826,1.);
#783=VECTOR('',#5827,1.);
#784=VECTOR('',#5828,1.);
#785=VECTOR('',#5829,1.);
#786=VECTOR('',#5830,1.);
#787=VECTOR('',#5831,1.);
#788=VECTOR('',#5832,1.);
#789=VECTOR('',#5833,1.);
#790=VECTOR('',#5834,1.);
#791=VECTOR('',#5835,1.);
#792=VECTOR('',#5836,1.);
#793=VECTOR('',#5837,1.);
#794=VECTOR('',#5840,1.);
#795=VECTOR('',#5841,1.);
#796=VECTOR('',#5844,1.);
#797=VECTOR('',#5845,1.);
#798=VECTOR('',#5846,1.);
#799=VECTOR('',#5849,1.);
#800=VECTOR('',#5850,1.);
#801=VECTOR('',#5851,1.);
#802=VECTOR('',#5854,1.);
#803=VECTOR('',#5855,1.);
#804=VECTOR('',#5858,1.);
#805=VECTOR('',#5865,1.);
#806=VECTOR('',#5866,1.);
#807=VECTOR('',#5869,1.);
#808=VECTOR('',#5874,1.);
#809=VECTOR('',#5877,1.);
#810=VECTOR('',#5878,1.);
#811=VECTOR('',#5881,1.);
#812=VECTOR('',#5886,1.);
#813=VECTOR('',#5889,1.);
#814=VECTOR('',#5890,1.);
#815=VECTOR('',#5893,1.);
#816=VECTOR('',#5898,1.);
#817=VECTOR('',#5901,1.);
#818=VECTOR('',#5902,1.);
#819=VECTOR('',#5905,1.);
#820=VECTOR('',#5910,1.);
#821=VECTOR('',#5913,1.);
#822=VECTOR('',#5914,1.);
#823=VECTOR('',#5917,1.);
#824=VECTOR('',#5922,1.);
#825=VECTOR('',#5925,1.);
#826=VECTOR('',#5928,1.);
#827=VECTOR('',#5929,1.);
#828=VECTOR('',#5932,1.);
#829=VECTOR('',#5933,1.);
#830=VECTOR('',#5936,1.);
#831=VECTOR('',#5937,1.);
#832=VECTOR('',#5938,1.);
#833=VECTOR('',#5945,1.);
#834=VECTOR('',#5946,1.);
#835=VECTOR('',#5955,1.);
#836=VECTOR('',#5956,1.);
#837=VECTOR('',#5965,1.);
#838=VECTOR('',#5966,1.);
#839=VECTOR('',#5975,1.);
#840=VECTOR('',#5976,1.);
#841=VECTOR('',#5981,1.);
#842=VECTOR('',#5984,1.);
#843=VECTOR('',#5987,1.);
#844=VECTOR('',#5990,1.);
#845=VECTOR('',#5993,1.);
#846=VECTOR('',#5996,1.);
#847=VECTOR('',#5997,1.);
#848=VECTOR('',#5998,1.);
#849=VECTOR('',#6001,1.);
#850=VECTOR('',#6002,1.);
#851=VECTOR('',#6007,1.);
#852=VECTOR('',#6008,1.);
#853=VECTOR('',#6013,1.);
#854=VECTOR('',#6016,1.);
#855=VECTOR('',#6017,1.);
#856=VECTOR('',#6020,1.);
#857=VECTOR('',#6021,1.);
#858=VECTOR('',#6026,1.);
#859=VECTOR('',#6029,1.);
#860=VECTOR('',#6030,1.);
#861=VECTOR('',#6033,1.);
#862=VECTOR('',#6036,1.);
#863=VECTOR('',#6041,1.);
#864=VECTOR('',#6044,1.);
#865=VECTOR('',#6047,1.);
#866=VECTOR('',#6048,1.);
#867=VECTOR('',#6051,1.);
#868=VECTOR('',#6062,1.);
#869=VECTOR('',#6065,1.);
#870=VECTOR('',#6066,1.);
#871=VECTOR('',#6071,1.);
#872=VECTOR('',#6072,1.);
#873=VECTOR('',#6073,1.);
#874=VECTOR('',#6078,1.);
#875=VECTOR('',#6087,1.);
#876=VECTOR('',#6088,1.);
#877=VECTOR('',#6093,1.);
#878=VECTOR('',#6096,1.);
#879=VECTOR('',#6099,1.);
#880=VECTOR('',#6100,1.);
#881=VECTOR('',#6103,1.);
#882=VECTOR('',#6106,1.);
#883=VECTOR('',#6117,1.);
#884=VECTOR('',#6120,1.);
#885=VECTOR('',#6121,1.);
#886=VECTOR('',#6126,1.);
#887=VECTOR('',#6129,1.);
#888=VECTOR('',#6132,1.);
#889=VECTOR('',#6133,1.);
#890=VECTOR('',#6136,1.);
#891=VECTOR('',#6147,1.);
#892=VECTOR('',#6150,1.);
#893=VECTOR('',#6161,1.);
#894=VECTOR('',#6164,1.);
#895=VECTOR('',#6175,1.);
#896=VECTOR('',#6178,1.);
#897=VECTOR('',#6183,1.);
#898=VECTOR('',#6184,1.);
#899=VECTOR('',#6191,1.);
#900=VECTOR('',#6194,1.);
#901=VECTOR('',#6205,1.);
#902=VECTOR('',#6208,1.);
#903=VECTOR('',#6213,1.);
#904=VECTOR('',#6214,1.);
#905=VECTOR('',#6223,1.);
#906=VECTOR('',#6230,1.);
#907=VECTOR('',#6231,1.);
#908=VECTOR('',#6234,1.);
#909=VECTOR('',#6235,1.);
#910=VECTOR('',#6238,1.);
#911=VECTOR('',#6241,1.);
#912=VECTOR('',#6242,1.);
#913=VECTOR('',#6249,1.);
#914=VECTOR('',#6252,1.);
#915=VECTOR('',#6263,1.);
#916=VECTOR('',#6266,1.);
#917=VECTOR('',#6271,1.);
#918=VECTOR('',#6278,1.);
#919=VECTOR('',#6281,1.);
#920=VECTOR('',#6292,1.);
#921=VECTOR('',#6295,1.);
#922=VECTOR('',#6300,1.);
#923=VECTOR('',#6301,1.);
#924=VECTOR('',#6314,1.);
#925=VECTOR('',#6315,1.);
#926=VECTOR('',#6318,1.);
#927=VECTOR('',#6321,1.);
#928=VECTOR('',#6326,1.);
#929=VECTOR('',#6329,1.);
#930=VECTOR('',#6334,1.);
#931=VECTOR('',#6337,1.);
#932=VECTOR('',#6344,1.);
#933=VECTOR('',#6347,1.);
#934=VECTOR('',#6350,1.);
#935=VECTOR('',#6351,1.);
#936=VECTOR('',#6352,1.);
#937=VECTOR('',#6353,1.);
#938=VECTOR('',#6354,1.);
#939=VECTOR('',#6355,1.);
#940=VECTOR('',#6356,1.);
#941=VECTOR('',#6357,1.);
#942=VECTOR('',#6360,1.);
#943=VECTOR('',#6363,1.);
#944=VECTOR('',#6368,1.);
#945=VECTOR('',#6371,1.);
#946=VECTOR('',#6376,1.);
#947=VECTOR('',#6379,1.);
#948=VECTOR('',#6384,1.);
#949=VECTOR('',#6387,1.);
#950=VECTOR('',#6392,1.);
#951=VECTOR('',#6403,1.);
#952=VECTOR('',#6410,1.);
#953=VECTOR('',#6413,1.);
#954=VECTOR('',#6424,1.);
#955=VECTOR('',#6425,1.);
#956=VECTOR('',#6432,1.);
#957=VECTOR('',#6435,1.);
#958=VECTOR('',#6440,1.);
#959=VECTOR('',#6443,1.);
#960=VECTOR('',#6454,1.);
#961=VECTOR('',#6455,1.);
#962=VECTOR('',#6462,1.);
#963=VECTOR('',#6465,1.);
#964=VECTOR('',#6470,1.);
#965=VECTOR('',#6473,1.);
#966=VECTOR('',#6480,1.);
#967=VECTOR('',#6483,1.);
#968=VECTOR('',#6488,1.);
#969=VECTOR('',#6491,1.);
#970=VECTOR('',#6496,1.);
#971=VECTOR('',#6499,1.);
#972=VECTOR('',#6506,1.);
#973=VECTOR('',#6507,1.);
#974=VECTOR('',#6514,1.);
#975=VECTOR('',#6515,1.);
#976=VECTOR('',#6522,1.);
#977=VECTOR('',#6525,1.);
#978=VECTOR('',#6536,1.);
#979=VECTOR('',#6537,1.);
#980=VECTOR('',#6544,1.);
#981=VECTOR('',#6547,1.);
#982=VECTOR('',#6554,1.);
#983=VECTOR('',#6555,1.);
#984=VECTOR('',#6562,1.);
#985=VECTOR('',#6563,1.);
#986=VECTOR('',#6566,1.);
#987=VECTOR('',#6569,1.);
#988=VECTOR('',#6570,1.);
#989=VECTOR('',#6573,1.);
#990=VECTOR('',#6578,1.);
#991=VECTOR('',#6583,1.);
#992=VECTOR('',#6584,1.);
#993=VECTOR('',#6587,1.);
#994=VECTOR('',#6590,1.);
#995=VECTOR('',#6595,1.);
#996=VECTOR('',#6596,1.);
#997=VECTOR('',#6597,1.);
#998=VECTOR('',#6598,1.);
#999=VECTOR('',#6601,1.);
#1000=VECTOR('',#6602,1.);
#1001=VECTOR('',#6603,1.);
#1002=VECTOR('',#6608,1.);
#1003=VECTOR('',#6611,1.);
#1004=VECTOR('',#6612,1.);
#1005=ORIENTED_EDGE('',*,*,#2331,.F.);
#1006=ORIENTED_EDGE('',*,*,#2332,.T.);
#1007=ORIENTED_EDGE('',*,*,#2333,.T.);
#1008=ORIENTED_EDGE('',*,*,#2334,.F.);
#1009=ORIENTED_EDGE('',*,*,#2335,.T.);
#1010=ORIENTED_EDGE('',*,*,#2336,.T.);
#1011=ORIENTED_EDGE('',*,*,#2337,.F.);
#1012=ORIENTED_EDGE('',*,*,#2338,.F.);
#1013=ORIENTED_EDGE('',*,*,#2339,.F.);
#1014=ORIENTED_EDGE('',*,*,#2340,.F.);
#1015=ORIENTED_EDGE('',*,*,#2341,.T.);
#1016=ORIENTED_EDGE('',*,*,#2342,.T.);
#1017=ORIENTED_EDGE('',*,*,#2343,.F.);
#1018=ORIENTED_EDGE('',*,*,#2344,.F.);
#1019=ORIENTED_EDGE('',*,*,#2345,.T.);
#1020=ORIENTED_EDGE('',*,*,#2346,.T.);
#1021=ORIENTED_EDGE('',*,*,#2347,.F.);
#1022=ORIENTED_EDGE('',*,*,#2348,.F.);
#1023=ORIENTED_EDGE('',*,*,#2349,.T.);
#1024=ORIENTED_EDGE('',*,*,#2350,.T.);
#1025=ORIENTED_EDGE('',*,*,#2351,.F.);
#1026=ORIENTED_EDGE('',*,*,#2352,.F.);
#1027=ORIENTED_EDGE('',*,*,#2353,.T.);
#1028=ORIENTED_EDGE('',*,*,#2354,.T.);
#1029=ORIENTED_EDGE('',*,*,#2355,.F.);
#1030=ORIENTED_EDGE('',*,*,#2356,.F.);
#1031=ORIENTED_EDGE('',*,*,#2357,.T.);
#1032=ORIENTED_EDGE('',*,*,#2358,.T.);
#1033=ORIENTED_EDGE('',*,*,#2359,.T.);
#1034=ORIENTED_EDGE('',*,*,#2360,.F.);
#1035=ORIENTED_EDGE('',*,*,#2361,.F.);
#1036=ORIENTED_EDGE('',*,*,#2362,.F.);
#1037=ORIENTED_EDGE('',*,*,#2363,.F.);
#1038=ORIENTED_EDGE('',*,*,#2364,.F.);
#1039=ORIENTED_EDGE('',*,*,#2365,.T.);
#1040=ORIENTED_EDGE('',*,*,#2366,.T.);
#1041=ORIENTED_EDGE('',*,*,#2367,.T.);
#1042=ORIENTED_EDGE('',*,*,#2368,.F.);
#1043=ORIENTED_EDGE('',*,*,#2369,.T.);
#1044=ORIENTED_EDGE('',*,*,#2370,.T.);
#1045=ORIENTED_EDGE('',*,*,#2371,.T.);
#1046=ORIENTED_EDGE('',*,*,#2332,.F.);
#1047=ORIENTED_EDGE('',*,*,#2372,.F.);
#1048=ORIENTED_EDGE('',*,*,#2373,.F.);
#1049=ORIENTED_EDGE('',*,*,#2374,.T.);
#1050=ORIENTED_EDGE('',*,*,#2375,.T.);
#1051=ORIENTED_EDGE('',*,*,#2376,.F.);
#1052=ORIENTED_EDGE('',*,*,#2377,.F.);
#1053=ORIENTED_EDGE('',*,*,#2378,.T.);
#1054=ORIENTED_EDGE('',*,*,#2379,.T.);
#1055=ORIENTED_EDGE('',*,*,#2380,.T.);
#1056=ORIENTED_EDGE('',*,*,#2381,.F.);
#1057=ORIENTED_EDGE('',*,*,#2382,.T.);
#1058=ORIENTED_EDGE('',*,*,#2383,.T.);
#1059=ORIENTED_EDGE('',*,*,#2384,.F.);
#1060=ORIENTED_EDGE('',*,*,#2385,.F.);
#1061=ORIENTED_EDGE('',*,*,#2386,.F.);
#1062=ORIENTED_EDGE('',*,*,#2387,.F.);
#1063=ORIENTED_EDGE('',*,*,#2388,.F.);
#1064=ORIENTED_EDGE('',*,*,#2389,.F.);
#1065=ORIENTED_EDGE('',*,*,#2388,.T.);
#1066=ORIENTED_EDGE('',*,*,#2390,.F.);
#1067=ORIENTED_EDGE('',*,*,#2391,.T.);
#1068=ORIENTED_EDGE('',*,*,#2392,.F.);
#1069=ORIENTED_EDGE('',*,*,#2393,.T.);
#1070=ORIENTED_EDGE('',*,*,#2394,.T.);
#1071=ORIENTED_EDGE('',*,*,#2395,.T.);
#1072=ORIENTED_EDGE('',*,*,#2396,.T.);
#1073=ORIENTED_EDGE('',*,*,#2397,.F.);
#1074=ORIENTED_EDGE('',*,*,#2398,.T.);
#1075=ORIENTED_EDGE('',*,*,#2399,.F.);
#1076=ORIENTED_EDGE('',*,*,#2400,.F.);
#1077=ORIENTED_EDGE('',*,*,#2401,.F.);
#1078=ORIENTED_EDGE('',*,*,#2402,.F.);
#1079=ORIENTED_EDGE('',*,*,#2403,.T.);
#1080=ORIENTED_EDGE('',*,*,#2404,.F.);
#1081=ORIENTED_EDGE('',*,*,#2405,.T.);
#1082=ORIENTED_EDGE('',*,*,#2406,.T.);
#1083=ORIENTED_EDGE('',*,*,#2407,.T.);
#1084=ORIENTED_EDGE('',*,*,#2408,.T.);
#1085=ORIENTED_EDGE('',*,*,#2409,.F.);
#1086=ORIENTED_EDGE('',*,*,#2410,.T.);
#1087=ORIENTED_EDGE('',*,*,#2411,.F.);
#1088=ORIENTED_EDGE('',*,*,#2412,.F.);
#1089=ORIENTED_EDGE('',*,*,#2413,.F.);
#1090=ORIENTED_EDGE('',*,*,#2414,.F.);
#1091=ORIENTED_EDGE('',*,*,#2415,.T.);
#1092=ORIENTED_EDGE('',*,*,#2416,.F.);
#1093=ORIENTED_EDGE('',*,*,#2417,.T.);
#1094=ORIENTED_EDGE('',*,*,#2418,.T.);
#1095=ORIENTED_EDGE('',*,*,#2419,.T.);
#1096=ORIENTED_EDGE('',*,*,#2420,.T.);
#1097=ORIENTED_EDGE('',*,*,#2421,.F.);
#1098=ORIENTED_EDGE('',*,*,#2422,.T.);
#1099=ORIENTED_EDGE('',*,*,#2423,.F.);
#1100=ORIENTED_EDGE('',*,*,#2424,.F.);
#1101=ORIENTED_EDGE('',*,*,#2425,.F.);
#1102=ORIENTED_EDGE('',*,*,#2426,.F.);
#1103=ORIENTED_EDGE('',*,*,#2427,.T.);
#1104=ORIENTED_EDGE('',*,*,#2428,.F.);
#1105=ORIENTED_EDGE('',*,*,#2429,.T.);
#1106=ORIENTED_EDGE('',*,*,#2430,.T.);
#1107=ORIENTED_EDGE('',*,*,#2431,.T.);
#1108=ORIENTED_EDGE('',*,*,#2432,.T.);
#1109=ORIENTED_EDGE('',*,*,#2433,.F.);
#1110=ORIENTED_EDGE('',*,*,#2434,.T.);
#1111=ORIENTED_EDGE('',*,*,#2435,.F.);
#1112=ORIENTED_EDGE('',*,*,#2436,.F.);
#1113=ORIENTED_EDGE('',*,*,#2437,.F.);
#1114=ORIENTED_EDGE('',*,*,#2438,.F.);
#1115=ORIENTED_EDGE('',*,*,#2439,.T.);
#1116=ORIENTED_EDGE('',*,*,#2440,.F.);
#1117=ORIENTED_EDGE('',*,*,#2441,.T.);
#1118=ORIENTED_EDGE('',*,*,#2442,.T.);
#1119=ORIENTED_EDGE('',*,*,#2443,.T.);
#1120=ORIENTED_EDGE('',*,*,#2444,.T.);
#1121=ORIENTED_EDGE('',*,*,#2445,.F.);
#1122=ORIENTED_EDGE('',*,*,#2446,.T.);
#1123=ORIENTED_EDGE('',*,*,#2447,.F.);
#1124=ORIENTED_EDGE('',*,*,#2448,.F.);
#1125=ORIENTED_EDGE('',*,*,#2449,.F.);
#1126=ORIENTED_EDGE('',*,*,#2450,.F.);
#1127=ORIENTED_EDGE('',*,*,#2379,.F.);
#1128=ORIENTED_EDGE('',*,*,#2451,.T.);
#1129=ORIENTED_EDGE('',*,*,#2452,.F.);
#1130=ORIENTED_EDGE('',*,*,#2453,.T.);
#1131=ORIENTED_EDGE('',*,*,#2454,.T.);
#1132=ORIENTED_EDGE('',*,*,#2455,.T.);
#1133=ORIENTED_EDGE('',*,*,#2456,.F.);
#1134=ORIENTED_EDGE('',*,*,#2384,.T.);
#1135=ORIENTED_EDGE('',*,*,#2457,.T.);
#1136=ORIENTED_EDGE('',*,*,#2458,.F.);
#1137=ORIENTED_EDGE('',*,*,#2459,.T.);
#1138=ORIENTED_EDGE('',*,*,#2386,.T.);
#1139=ORIENTED_EDGE('',*,*,#2460,.F.);
#1140=ORIENTED_EDGE('',*,*,#2461,.F.);
#1141=ORIENTED_EDGE('',*,*,#2462,.T.);
#1142=ORIENTED_EDGE('',*,*,#2463,.T.);
#1143=ORIENTED_EDGE('',*,*,#2464,.F.);
#1144=ORIENTED_EDGE('',*,*,#2382,.F.);
#1145=ORIENTED_EDGE('',*,*,#2465,.T.);
#1146=ORIENTED_EDGE('',*,*,#2377,.T.);
#1147=ORIENTED_EDGE('',*,*,#2466,.F.);
#1148=ORIENTED_EDGE('',*,*,#2467,.F.);
#1149=ORIENTED_EDGE('',*,*,#2468,.F.);
#1150=ORIENTED_EDGE('',*,*,#2469,.F.);
#1151=ORIENTED_EDGE('',*,*,#2470,.T.);
#1152=ORIENTED_EDGE('',*,*,#2471,.T.);
#1153=ORIENTED_EDGE('',*,*,#2472,.F.);
#1154=ORIENTED_EDGE('',*,*,#2473,.F.);
#1155=ORIENTED_EDGE('',*,*,#2474,.T.);
#1156=ORIENTED_EDGE('',*,*,#2475,.T.);
#1157=ORIENTED_EDGE('',*,*,#2476,.F.);
#1158=ORIENTED_EDGE('',*,*,#2477,.T.);
#1159=ORIENTED_EDGE('',*,*,#2478,.T.);
#1160=ORIENTED_EDGE('',*,*,#2472,.T.);
#1161=ORIENTED_EDGE('',*,*,#2479,.F.);
#1162=ORIENTED_EDGE('',*,*,#2480,.F.);
#1163=ORIENTED_EDGE('',*,*,#2481,.T.);
#1164=ORIENTED_EDGE('',*,*,#2482,.F.);
#1165=ORIENTED_EDGE('',*,*,#2483,.F.);
#1166=ORIENTED_EDGE('',*,*,#2484,.F.);
#1167=ORIENTED_EDGE('',*,*,#2485,.T.);
#1168=ORIENTED_EDGE('',*,*,#2486,.T.);
#1169=ORIENTED_EDGE('',*,*,#2487,.F.);
#1170=ORIENTED_EDGE('',*,*,#2475,.F.);
#1171=ORIENTED_EDGE('',*,*,#2488,.T.);
#1172=ORIENTED_EDGE('',*,*,#2489,.F.);
#1173=ORIENTED_EDGE('',*,*,#2490,.F.);
#1174=ORIENTED_EDGE('',*,*,#2491,.F.);
#1175=ORIENTED_EDGE('',*,*,#2492,.T.);
#1176=ORIENTED_EDGE('',*,*,#2493,.T.);
#1177=ORIENTED_EDGE('',*,*,#2494,.F.);
#1178=ORIENTED_EDGE('',*,*,#2495,.T.);
#1179=ORIENTED_EDGE('',*,*,#2496,.T.);
#1180=ORIENTED_EDGE('',*,*,#2497,.T.);
#1181=ORIENTED_EDGE('',*,*,#2498,.F.);
#1182=ORIENTED_EDGE('',*,*,#2499,.T.);
#1183=ORIENTED_EDGE('',*,*,#2500,.F.);
#1184=ORIENTED_EDGE('',*,*,#2501,.F.);
#1185=ORIENTED_EDGE('',*,*,#2502,.T.);
#1186=ORIENTED_EDGE('',*,*,#2503,.T.);
#1187=ORIENTED_EDGE('',*,*,#2504,.F.);
#1188=ORIENTED_EDGE('',*,*,#2505,.T.);
#1189=ORIENTED_EDGE('',*,*,#2506,.F.);
#1190=ORIENTED_EDGE('',*,*,#2357,.F.);
#1191=ORIENTED_EDGE('',*,*,#2507,.F.);
#1192=ORIENTED_EDGE('',*,*,#2508,.T.);
#1193=ORIENTED_EDGE('',*,*,#2509,.F.);
#1194=ORIENTED_EDGE('',*,*,#2510,.T.);
#1195=ORIENTED_EDGE('',*,*,#2471,.F.);
#1196=ORIENTED_EDGE('',*,*,#2511,.T.);
#1197=ORIENTED_EDGE('',*,*,#2476,.T.);
#1198=ORIENTED_EDGE('',*,*,#2498,.T.);
#1199=ORIENTED_EDGE('',*,*,#2512,.F.);
#1200=ORIENTED_EDGE('',*,*,#2513,.T.);
#1201=ORIENTED_EDGE('',*,*,#2514,.T.);
#1202=ORIENTED_EDGE('',*,*,#2515,.T.);
#1203=ORIENTED_EDGE('',*,*,#2516,.F.);
#1204=ORIENTED_EDGE('',*,*,#2517,.T.);
#1205=ORIENTED_EDGE('',*,*,#2518,.T.);
#1206=ORIENTED_EDGE('',*,*,#2519,.T.);
#1207=ORIENTED_EDGE('',*,*,#2520,.F.);
#1208=ORIENTED_EDGE('',*,*,#2521,.T.);
#1209=ORIENTED_EDGE('',*,*,#2522,.T.);
#1210=ORIENTED_EDGE('',*,*,#2523,.T.);
#1211=ORIENTED_EDGE('',*,*,#2524,.F.);
#1212=ORIENTED_EDGE('',*,*,#2525,.T.);
#1213=ORIENTED_EDGE('',*,*,#2526,.T.);
#1214=ORIENTED_EDGE('',*,*,#2479,.T.);
#1215=ORIENTED_EDGE('',*,*,#2499,.F.);
#1216=ORIENTED_EDGE('',*,*,#2501,.T.);
#1217=ORIENTED_EDGE('',*,*,#2527,.T.);
#1218=ORIENTED_EDGE('',*,*,#2528,.T.);
#1219=ORIENTED_EDGE('',*,*,#2529,.T.);
#1220=ORIENTED_EDGE('',*,*,#2485,.F.);
#1221=ORIENTED_EDGE('',*,*,#2530,.F.);
#1222=ORIENTED_EDGE('',*,*,#2531,.F.);
#1223=ORIENTED_EDGE('',*,*,#2532,.T.);
#1224=ORIENTED_EDGE('',*,*,#2533,.F.);
#1225=ORIENTED_EDGE('',*,*,#2534,.F.);
#1226=ORIENTED_EDGE('',*,*,#2535,.T.);
#1227=ORIENTED_EDGE('',*,*,#2536,.T.);
#1228=ORIENTED_EDGE('',*,*,#2492,.F.);
#1229=ORIENTED_EDGE('',*,*,#2537,.F.);
#1230=ORIENTED_EDGE('',*,*,#2538,.T.);
#1231=ORIENTED_EDGE('',*,*,#2512,.T.);
#1232=ORIENTED_EDGE('',*,*,#2497,.F.);
#1233=ORIENTED_EDGE('',*,*,#2539,.F.);
#1234=ORIENTED_EDGE('',*,*,#2540,.T.);
#1235=ORIENTED_EDGE('',*,*,#2541,.T.);
#1236=ORIENTED_EDGE('',*,*,#2514,.F.);
#1237=ORIENTED_EDGE('',*,*,#2541,.F.);
#1238=ORIENTED_EDGE('',*,*,#2542,.T.);
#1239=ORIENTED_EDGE('',*,*,#2543,.F.);
#1240=ORIENTED_EDGE('',*,*,#2544,.F.);
#1241=ORIENTED_EDGE('',*,*,#2545,.F.);
#1242=ORIENTED_EDGE('',*,*,#2546,.T.);
#1243=ORIENTED_EDGE('',*,*,#2547,.T.);
#1244=ORIENTED_EDGE('',*,*,#2548,.F.);
#1245=ORIENTED_EDGE('',*,*,#2549,.T.);
#1246=ORIENTED_EDGE('',*,*,#2550,.T.);
#1247=ORIENTED_EDGE('',*,*,#2551,.T.);
#1248=ORIENTED_EDGE('',*,*,#2515,.F.);
#1249=ORIENTED_EDGE('',*,*,#2504,.T.);
#1250=ORIENTED_EDGE('',*,*,#2552,.T.);
#1251=ORIENTED_EDGE('',*,*,#2503,.F.);
#1252=ORIENTED_EDGE('',*,*,#2553,.T.);
#1253=ORIENTED_EDGE('',*,*,#2554,.T.);
#1254=ORIENTED_EDGE('',*,*,#2555,.T.);
#1255=ORIENTED_EDGE('',*,*,#2556,.T.);
#1256=ORIENTED_EDGE('',*,*,#2557,.T.);
#1257=ORIENTED_EDGE('',*,*,#2546,.F.);
#1258=ORIENTED_EDGE('',*,*,#2558,.F.);
#1259=ORIENTED_EDGE('',*,*,#2559,.T.);
#1260=ORIENTED_EDGE('',*,*,#2560,.F.);
#1261=ORIENTED_EDGE('',*,*,#2561,.F.);
#1262=ORIENTED_EDGE('',*,*,#2333,.F.);
#1263=ORIENTED_EDGE('',*,*,#2376,.T.);
#1264=ORIENTED_EDGE('',*,*,#2371,.F.);
#1265=ORIENTED_EDGE('',*,*,#2562,.F.);
#1266=ORIENTED_EDGE('',*,*,#2563,.T.);
#1267=ORIENTED_EDGE('',*,*,#2516,.T.);
#1268=ORIENTED_EDGE('',*,*,#2551,.F.);
#1269=ORIENTED_EDGE('',*,*,#2564,.F.);
#1270=ORIENTED_EDGE('',*,*,#2565,.T.);
#1271=ORIENTED_EDGE('',*,*,#2566,.T.);
#1272=ORIENTED_EDGE('',*,*,#2518,.F.);
#1273=ORIENTED_EDGE('',*,*,#2566,.F.);
#1274=ORIENTED_EDGE('',*,*,#2567,.T.);
#1275=ORIENTED_EDGE('',*,*,#2568,.F.);
#1276=ORIENTED_EDGE('',*,*,#2569,.F.);
#1277=ORIENTED_EDGE('',*,*,#2570,.F.);
#1278=ORIENTED_EDGE('',*,*,#2571,.T.);
#1279=ORIENTED_EDGE('',*,*,#2572,.T.);
#1280=ORIENTED_EDGE('',*,*,#2573,.F.);
#1281=ORIENTED_EDGE('',*,*,#2574,.T.);
#1282=ORIENTED_EDGE('',*,*,#2575,.T.);
#1283=ORIENTED_EDGE('',*,*,#2576,.T.);
#1284=ORIENTED_EDGE('',*,*,#2519,.F.);
#1285=ORIENTED_EDGE('',*,*,#2510,.F.);
#1286=ORIENTED_EDGE('',*,*,#2577,.F.);
#1287=ORIENTED_EDGE('',*,*,#2509,.T.);
#1288=ORIENTED_EDGE('',*,*,#2578,.F.);
#1289=ORIENTED_EDGE('',*,*,#2579,.T.);
#1290=ORIENTED_EDGE('',*,*,#2580,.F.);
#1291=ORIENTED_EDGE('',*,*,#2581,.F.);
#1292=ORIENTED_EDGE('',*,*,#2582,.T.);
#1293=ORIENTED_EDGE('',*,*,#2583,.T.);
#1294=ORIENTED_EDGE('',*,*,#2571,.F.);
#1295=ORIENTED_EDGE('',*,*,#2453,.F.);
#1296=ORIENTED_EDGE('',*,*,#2584,.F.);
#1297=ORIENTED_EDGE('',*,*,#2393,.F.);
#1298=ORIENTED_EDGE('',*,*,#2585,.T.);
#1299=ORIENTED_EDGE('',*,*,#2586,.T.);
#1300=ORIENTED_EDGE('',*,*,#2458,.T.);
#1301=ORIENTED_EDGE('',*,*,#2587,.F.);
#1302=ORIENTED_EDGE('',*,*,#2588,.T.);
#1303=ORIENTED_EDGE('',*,*,#2455,.F.);
#1304=ORIENTED_EDGE('',*,*,#2589,.T.);
#1305=ORIENTED_EDGE('',*,*,#2590,.F.);
#1306=ORIENTED_EDGE('',*,*,#2591,.F.);
#1307=ORIENTED_EDGE('',*,*,#2592,.T.);
#1308=ORIENTED_EDGE('',*,*,#2466,.T.);
#1309=ORIENTED_EDGE('',*,*,#2380,.F.);
#1310=ORIENTED_EDGE('',*,*,#2450,.T.);
#1311=ORIENTED_EDGE('',*,*,#2593,.F.);
#1312=ORIENTED_EDGE('',*,*,#2594,.T.);
#1313=ORIENTED_EDGE('',*,*,#2595,.T.);
#1314=ORIENTED_EDGE('',*,*,#2390,.T.);
#1315=ORIENTED_EDGE('',*,*,#2387,.T.);
#1316=ORIENTED_EDGE('',*,*,#2459,.F.);
#1317=ORIENTED_EDGE('',*,*,#2586,.F.);
#1318=ORIENTED_EDGE('',*,*,#2596,.F.);
#1319=ORIENTED_EDGE('',*,*,#2597,.F.);
#1320=ORIENTED_EDGE('',*,*,#2598,.F.);
#1321=ORIENTED_EDGE('',*,*,#2599,.F.);
#1322=ORIENTED_EDGE('',*,*,#2600,.T.);
#1323=ORIENTED_EDGE('',*,*,#2601,.T.);
#1324=ORIENTED_EDGE('',*,*,#2602,.F.);
#1325=ORIENTED_EDGE('',*,*,#2603,.T.);
#1326=ORIENTED_EDGE('',*,*,#2604,.F.);
#1327=ORIENTED_EDGE('',*,*,#2605,.T.);
#1328=ORIENTED_EDGE('',*,*,#2606,.F.);
#1329=ORIENTED_EDGE('',*,*,#2607,.F.);
#1330=ORIENTED_EDGE('',*,*,#2608,.T.);
#1331=ORIENTED_EDGE('',*,*,#2396,.F.);
#1332=ORIENTED_EDGE('',*,*,#2609,.T.);
#1333=ORIENTED_EDGE('',*,*,#2610,.F.);
#1334=ORIENTED_EDGE('',*,*,#2611,.F.);
#1335=ORIENTED_EDGE('',*,*,#2444,.F.);
#1336=ORIENTED_EDGE('',*,*,#2612,.T.);
#1337=ORIENTED_EDGE('',*,*,#2613,.F.);
#1338=ORIENTED_EDGE('',*,*,#2614,.F.);
#1339=ORIENTED_EDGE('',*,*,#2432,.F.);
#1340=ORIENTED_EDGE('',*,*,#2615,.T.);
#1341=ORIENTED_EDGE('',*,*,#2616,.F.);
#1342=ORIENTED_EDGE('',*,*,#2617,.F.);
#1343=ORIENTED_EDGE('',*,*,#2420,.F.);
#1344=ORIENTED_EDGE('',*,*,#2618,.T.);
#1345=ORIENTED_EDGE('',*,*,#2619,.F.);
#1346=ORIENTED_EDGE('',*,*,#2620,.F.);
#1347=ORIENTED_EDGE('',*,*,#2408,.F.);
#1348=ORIENTED_EDGE('',*,*,#2621,.T.);
#1349=ORIENTED_EDGE('',*,*,#2622,.F.);
#1350=ORIENTED_EDGE('',*,*,#2623,.F.);
#1351=ORIENTED_EDGE('',*,*,#2460,.T.);
#1352=ORIENTED_EDGE('',*,*,#2624,.T.);
#1353=ORIENTED_EDGE('',*,*,#2625,.T.);
#1354=ORIENTED_EDGE('',*,*,#2626,.F.);
#1355=ORIENTED_EDGE('',*,*,#2627,.F.);
#1356=ORIENTED_EDGE('',*,*,#2628,.T.);
#1357=ORIENTED_EDGE('',*,*,#2629,.T.);
#1358=ORIENTED_EDGE('',*,*,#2630,.T.);
#1359=ORIENTED_EDGE('',*,*,#2451,.F.);
#1360=ORIENTED_EDGE('',*,*,#2631,.F.);
#1361=ORIENTED_EDGE('',*,*,#2632,.T.);
#1362=ORIENTED_EDGE('',*,*,#2520,.T.);
#1363=ORIENTED_EDGE('',*,*,#2576,.F.);
#1364=ORIENTED_EDGE('',*,*,#2633,.F.);
#1365=ORIENTED_EDGE('',*,*,#2634,.T.);
#1366=ORIENTED_EDGE('',*,*,#2635,.T.);
#1367=ORIENTED_EDGE('',*,*,#2522,.F.);
#1368=ORIENTED_EDGE('',*,*,#2635,.F.);
#1369=ORIENTED_EDGE('',*,*,#2636,.T.);
#1370=ORIENTED_EDGE('',*,*,#2637,.F.);
#1371=ORIENTED_EDGE('',*,*,#2638,.F.);
#1372=ORIENTED_EDGE('',*,*,#2639,.F.);
#1373=ORIENTED_EDGE('',*,*,#2640,.T.);
#1374=ORIENTED_EDGE('',*,*,#2641,.T.);
#1375=ORIENTED_EDGE('',*,*,#2642,.F.);
#1376=ORIENTED_EDGE('',*,*,#2643,.T.);
#1377=ORIENTED_EDGE('',*,*,#2644,.T.);
#1378=ORIENTED_EDGE('',*,*,#2645,.T.);
#1379=ORIENTED_EDGE('',*,*,#2523,.F.);
#1380=ORIENTED_EDGE('',*,*,#2506,.T.);
#1381=ORIENTED_EDGE('',*,*,#2646,.F.);
#1382=ORIENTED_EDGE('',*,*,#2505,.F.);
#1383=ORIENTED_EDGE('',*,*,#2647,.T.);
#1384=ORIENTED_EDGE('',*,*,#2648,.T.);
#1385=ORIENTED_EDGE('',*,*,#2649,.F.);
#1386=ORIENTED_EDGE('',*,*,#2650,.F.);
#1387=ORIENTED_EDGE('',*,*,#2651,.T.);
#1388=ORIENTED_EDGE('',*,*,#2652,.T.);
#1389=ORIENTED_EDGE('',*,*,#2640,.F.);
#1390=ORIENTED_EDGE('',*,*,#2653,.F.);
#1391=ORIENTED_EDGE('',*,*,#2654,.T.);
#1392=ORIENTED_EDGE('',*,*,#2480,.T.);
#1393=ORIENTED_EDGE('',*,*,#2526,.F.);
#1394=ORIENTED_EDGE('',*,*,#2655,.F.);
#1395=ORIENTED_EDGE('',*,*,#2656,.T.);
#1396=ORIENTED_EDGE('',*,*,#2524,.T.);
#1397=ORIENTED_EDGE('',*,*,#2645,.F.);
#1398=ORIENTED_EDGE('',*,*,#2507,.T.);
#1399=ORIENTED_EDGE('',*,*,#2657,.F.);
#1400=ORIENTED_EDGE('',*,*,#2508,.F.);
#1401=ORIENTED_EDGE('',*,*,#2658,.T.);
#1402=ORIENTED_EDGE('',*,*,#2365,.F.);
#1403=ORIENTED_EDGE('',*,*,#2659,.F.);
#1404=ORIENTED_EDGE('',*,*,#2660,.T.);
#1405=ORIENTED_EDGE('',*,*,#2661,.T.);
#1406=ORIENTED_EDGE('',*,*,#2662,.F.);
#1407=ORIENTED_EDGE('',*,*,#2600,.F.);
#1408=ORIENTED_EDGE('',*,*,#2663,.T.);
#1409=ORIENTED_EDGE('',*,*,#2664,.T.);
#1410=ORIENTED_EDGE('',*,*,#2665,.T.);
#1411=ORIENTED_EDGE('',*,*,#2666,.F.);
#1412=ORIENTED_EDGE('',*,*,#2667,.T.);
#1413=ORIENTED_EDGE('',*,*,#2627,.T.);
#1414=ORIENTED_EDGE('',*,*,#2668,.F.);
#1415=ORIENTED_EDGE('',*,*,#2669,.T.);
#1416=ORIENTED_EDGE('',*,*,#2670,.T.);
#1417=ORIENTED_EDGE('',*,*,#2671,.F.);
#1418=ORIENTED_EDGE('',*,*,#2672,.F.);
#1419=ORIENTED_EDGE('',*,*,#2673,.T.);
#1420=ORIENTED_EDGE('',*,*,#2363,.T.);
#1421=ORIENTED_EDGE('',*,*,#2674,.T.);
#1422=ORIENTED_EDGE('',*,*,#2675,.F.);
#1423=ORIENTED_EDGE('',*,*,#2676,.F.);
#1424=ORIENTED_EDGE('',*,*,#2677,.T.);
#1425=ORIENTED_EDGE('',*,*,#2625,.F.);
#1426=ORIENTED_EDGE('',*,*,#2678,.F.);
#1427=ORIENTED_EDGE('',*,*,#2679,.T.);
#1428=ORIENTED_EDGE('',*,*,#2680,.F.);
#1429=ORIENTED_EDGE('',*,*,#2681,.F.);
#1430=ORIENTED_EDGE('',*,*,#2682,.F.);
#1431=ORIENTED_EDGE('',*,*,#2596,.T.);
#1432=ORIENTED_EDGE('',*,*,#2588,.F.);
#1433=ORIENTED_EDGE('',*,*,#2683,.F.);
#1434=ORIENTED_EDGE('',*,*,#2660,.F.);
#1435=ORIENTED_EDGE('',*,*,#2684,.T.);
#1436=ORIENTED_EDGE('',*,*,#2672,.T.);
#1437=ORIENTED_EDGE('',*,*,#2685,.F.);
#1438=ORIENTED_EDGE('',*,*,#2686,.F.);
#1439=ORIENTED_EDGE('',*,*,#2356,.T.);
#1440=ORIENTED_EDGE('',*,*,#2687,.T.);
#1441=ORIENTED_EDGE('',*,*,#2688,.T.);
#1442=ORIENTED_EDGE('',*,*,#2338,.T.);
#1443=ORIENTED_EDGE('',*,*,#2689,.T.);
#1444=ORIENTED_EDGE('',*,*,#2690,.F.);
#1445=ORIENTED_EDGE('',*,*,#2691,.F.);
#1446=ORIENTED_EDGE('',*,*,#2675,.T.);
#1447=ORIENTED_EDGE('',*,*,#2692,.F.);
#1448=ORIENTED_EDGE('',*,*,#2670,.F.);
#1449=ORIENTED_EDGE('',*,*,#2693,.T.);
#1450=ORIENTED_EDGE('',*,*,#2694,.T.);
#1451=ORIENTED_EDGE('',*,*,#2695,.T.);
#1452=ORIENTED_EDGE('',*,*,#2696,.T.);
#1453=ORIENTED_EDGE('',*,*,#2368,.T.);
#1454=ORIENTED_EDGE('',*,*,#2697,.F.);
#1455=ORIENTED_EDGE('',*,*,#2698,.F.);
#1456=ORIENTED_EDGE('',*,*,#2559,.F.);
#1457=ORIENTED_EDGE('',*,*,#2699,.T.);
#1458=ORIENTED_EDGE('',*,*,#2700,.T.);
#1459=ORIENTED_EDGE('',*,*,#2701,.T.);
#1460=ORIENTED_EDGE('',*,*,#2702,.F.);
#1461=ORIENTED_EDGE('',*,*,#2539,.T.);
#1462=ORIENTED_EDGE('',*,*,#2513,.F.);
#1463=ORIENTED_EDGE('',*,*,#2538,.F.);
#1464=ORIENTED_EDGE('',*,*,#2703,.F.);
#1465=ORIENTED_EDGE('',*,*,#2704,.F.);
#1466=ORIENTED_EDGE('',*,*,#2705,.T.);
#1467=ORIENTED_EDGE('',*,*,#2706,.F.);
#1468=ORIENTED_EDGE('',*,*,#2535,.F.);
#1469=ORIENTED_EDGE('',*,*,#2707,.T.);
#1470=ORIENTED_EDGE('',*,*,#2708,.T.);
#1471=ORIENTED_EDGE('',*,*,#2709,.T.);
#1472=ORIENTED_EDGE('',*,*,#2710,.F.);
#1473=ORIENTED_EDGE('',*,*,#2473,.T.);
#1474=ORIENTED_EDGE('',*,*,#2511,.F.);
#1475=ORIENTED_EDGE('',*,*,#2470,.F.);
#1476=ORIENTED_EDGE('',*,*,#2711,.F.);
#1477=ORIENTED_EDGE('',*,*,#2712,.F.);
#1478=ORIENTED_EDGE('',*,*,#2713,.T.);
#1479=ORIENTED_EDGE('',*,*,#2714,.F.);
#1480=ORIENTED_EDGE('',*,*,#2528,.F.);
#1481=ORIENTED_EDGE('',*,*,#2715,.T.);
#1482=ORIENTED_EDGE('',*,*,#2716,.T.);
#1483=ORIENTED_EDGE('',*,*,#2717,.T.);
#1484=ORIENTED_EDGE('',*,*,#2718,.F.);
#1485=ORIENTED_EDGE('',*,*,#2653,.T.);
#1486=ORIENTED_EDGE('',*,*,#2525,.F.);
#1487=ORIENTED_EDGE('',*,*,#2656,.F.);
#1488=ORIENTED_EDGE('',*,*,#2719,.F.);
#1489=ORIENTED_EDGE('',*,*,#2720,.F.);
#1490=ORIENTED_EDGE('',*,*,#2721,.T.);
#1491=ORIENTED_EDGE('',*,*,#2722,.F.);
#1492=ORIENTED_EDGE('',*,*,#2651,.F.);
#1493=ORIENTED_EDGE('',*,*,#2723,.T.);
#1494=ORIENTED_EDGE('',*,*,#2724,.T.);
#1495=ORIENTED_EDGE('',*,*,#2725,.T.);
#1496=ORIENTED_EDGE('',*,*,#2726,.F.);
#1497=ORIENTED_EDGE('',*,*,#2633,.T.);
#1498=ORIENTED_EDGE('',*,*,#2521,.F.);
#1499=ORIENTED_EDGE('',*,*,#2632,.F.);
#1500=ORIENTED_EDGE('',*,*,#2727,.F.);
#1501=ORIENTED_EDGE('',*,*,#2728,.F.);
#1502=ORIENTED_EDGE('',*,*,#2729,.T.);
#1503=ORIENTED_EDGE('',*,*,#2730,.F.);
#1504=ORIENTED_EDGE('',*,*,#2582,.F.);
#1505=ORIENTED_EDGE('',*,*,#2731,.T.);
#1506=ORIENTED_EDGE('',*,*,#2732,.T.);
#1507=ORIENTED_EDGE('',*,*,#2733,.T.);
#1508=ORIENTED_EDGE('',*,*,#2734,.F.);
#1509=ORIENTED_EDGE('',*,*,#2564,.T.);
#1510=ORIENTED_EDGE('',*,*,#2517,.F.);
#1511=ORIENTED_EDGE('',*,*,#2563,.F.);
#1512=ORIENTED_EDGE('',*,*,#2735,.F.);
#1513=ORIENTED_EDGE('',*,*,#2736,.F.);
#1514=ORIENTED_EDGE('',*,*,#2737,.T.);
#1515=ORIENTED_EDGE('',*,*,#2738,.F.);
#1516=ORIENTED_EDGE('',*,*,#2556,.F.);
#1517=ORIENTED_EDGE('',*,*,#2462,.F.);
#1518=ORIENTED_EDGE('',*,*,#2739,.F.);
#1519=ORIENTED_EDGE('',*,*,#2447,.T.);
#1520=ORIENTED_EDGE('',*,*,#2740,.T.);
#1521=ORIENTED_EDGE('',*,*,#2598,.T.);
#1522=ORIENTED_EDGE('',*,*,#2741,.T.);
#1523=ORIENTED_EDGE('',*,*,#2629,.F.);
#1524=ORIENTED_EDGE('',*,*,#2742,.F.);
#1525=ORIENTED_EDGE('',*,*,#2743,.T.);
#1526=ORIENTED_EDGE('',*,*,#2464,.T.);
#1527=ORIENTED_EDGE('',*,*,#2744,.F.);
#1528=ORIENTED_EDGE('',*,*,#2745,.T.);
#1529=ORIENTED_EDGE('',*,*,#2746,.T.);
#1530=ORIENTED_EDGE('',*,*,#2747,.F.);
#1531=ORIENTED_EDGE('',*,*,#2748,.T.);
#1532=ORIENTED_EDGE('',*,*,#2438,.T.);
#1533=ORIENTED_EDGE('',*,*,#2749,.F.);
#1534=ORIENTED_EDGE('',*,*,#2750,.T.);
#1535=ORIENTED_EDGE('',*,*,#2751,.T.);
#1536=ORIENTED_EDGE('',*,*,#2752,.F.);
#1537=ORIENTED_EDGE('',*,*,#2753,.T.);
#1538=ORIENTED_EDGE('',*,*,#2426,.T.);
#1539=ORIENTED_EDGE('',*,*,#2754,.F.);
#1540=ORIENTED_EDGE('',*,*,#2755,.T.);
#1541=ORIENTED_EDGE('',*,*,#2756,.F.);
#1542=ORIENTED_EDGE('',*,*,#2757,.T.);
#1543=ORIENTED_EDGE('',*,*,#2758,.T.);
#1544=ORIENTED_EDGE('',*,*,#2414,.T.);
#1545=ORIENTED_EDGE('',*,*,#2759,.F.);
#1546=ORIENTED_EDGE('',*,*,#2760,.T.);
#1547=ORIENTED_EDGE('',*,*,#2761,.T.);
#1548=ORIENTED_EDGE('',*,*,#2762,.F.);
#1549=ORIENTED_EDGE('',*,*,#2763,.T.);
#1550=ORIENTED_EDGE('',*,*,#2402,.T.);
#1551=ORIENTED_EDGE('',*,*,#2764,.F.);
#1552=ORIENTED_EDGE('',*,*,#2765,.T.);
#1553=ORIENTED_EDGE('',*,*,#2585,.F.);
#1554=ORIENTED_EDGE('',*,*,#2392,.T.);
#1555=ORIENTED_EDGE('',*,*,#2766,.T.);
#1556=ORIENTED_EDGE('',*,*,#2767,.F.);
#1557=ORIENTED_EDGE('',*,*,#2768,.F.);
#1558=ORIENTED_EDGE('',*,*,#2589,.F.);
#1559=ORIENTED_EDGE('',*,*,#2454,.F.);
#1560=ORIENTED_EDGE('',*,*,#2394,.F.);
#1561=ORIENTED_EDGE('',*,*,#2584,.T.);
#1562=ORIENTED_EDGE('',*,*,#2452,.T.);
#1563=ORIENTED_EDGE('',*,*,#2591,.T.);
#1564=ORIENTED_EDGE('',*,*,#2769,.T.);
#1565=ORIENTED_EDGE('',*,*,#2770,.T.);
#1566=ORIENTED_EDGE('',*,*,#2771,.F.);
#1567=ORIENTED_EDGE('',*,*,#2769,.F.);
#1568=ORIENTED_EDGE('',*,*,#2590,.T.);
#1569=ORIENTED_EDGE('',*,*,#2768,.T.);
#1570=ORIENTED_EDGE('',*,*,#2772,.T.);
#1571=ORIENTED_EDGE('',*,*,#2745,.F.);
#1572=ORIENTED_EDGE('',*,*,#2773,.T.);
#1573=ORIENTED_EDGE('',*,*,#2774,.F.);
#1574=ORIENTED_EDGE('',*,*,#2775,.F.);
#1575=ORIENTED_EDGE('',*,*,#2776,.T.);
#1576=ORIENTED_EDGE('',*,*,#2777,.T.);
#1577=ORIENTED_EDGE('',*,*,#2664,.F.);
#1578=ORIENTED_EDGE('',*,*,#2778,.T.);
#1579=ORIENTED_EDGE('',*,*,#2779,.F.);
#1580=ORIENTED_EDGE('',*,*,#2780,.F.);
#1581=ORIENTED_EDGE('',*,*,#2781,.F.);
#1582=ORIENTED_EDGE('',*,*,#2666,.T.);
#1583=ORIENTED_EDGE('',*,*,#2782,.F.);
#1584=ORIENTED_EDGE('',*,*,#2668,.T.);
#1585=ORIENTED_EDGE('',*,*,#2626,.T.);
#1586=ORIENTED_EDGE('',*,*,#2677,.F.);
#1587=ORIENTED_EDGE('',*,*,#2431,.F.);
#1588=ORIENTED_EDGE('',*,*,#2783,.T.);
#1589=ORIENTED_EDGE('',*,*,#2784,.T.);
#1590=ORIENTED_EDGE('',*,*,#2615,.F.);
#1591=ORIENTED_EDGE('',*,*,#2785,.F.);
#1592=ORIENTED_EDGE('',*,*,#2433,.T.);
#1593=ORIENTED_EDGE('',*,*,#2614,.T.);
#1594=ORIENTED_EDGE('',*,*,#2786,.F.);
#1595=ORIENTED_EDGE('',*,*,#2787,.F.);
#1596=ORIENTED_EDGE('',*,*,#2788,.F.);
#1597=ORIENTED_EDGE('',*,*,#2789,.T.);
#1598=ORIENTED_EDGE('',*,*,#2790,.F.);
#1599=ORIENTED_EDGE('',*,*,#2755,.F.);
#1600=ORIENTED_EDGE('',*,*,#2791,.T.);
#1601=ORIENTED_EDGE('',*,*,#2792,.T.);
#1602=ORIENTED_EDGE('',*,*,#2793,.T.);
#1603=ORIENTED_EDGE('',*,*,#2794,.F.);
#1604=ORIENTED_EDGE('',*,*,#2795,.T.);
#1605=ORIENTED_EDGE('',*,*,#2616,.T.);
#1606=ORIENTED_EDGE('',*,*,#2784,.F.);
#1607=ORIENTED_EDGE('',*,*,#2796,.F.);
#1608=ORIENTED_EDGE('',*,*,#2786,.T.);
#1609=ORIENTED_EDGE('',*,*,#2613,.T.);
#1610=ORIENTED_EDGE('',*,*,#2797,.F.);
#1611=ORIENTED_EDGE('',*,*,#2798,.F.);
#1612=ORIENTED_EDGE('',*,*,#2799,.F.);
#1613=ORIENTED_EDGE('',*,*,#2800,.T.);
#1614=ORIENTED_EDGE('',*,*,#2801,.F.);
#1615=ORIENTED_EDGE('',*,*,#2750,.F.);
#1616=ORIENTED_EDGE('',*,*,#2802,.T.);
#1617=ORIENTED_EDGE('',*,*,#2803,.T.);
#1618=ORIENTED_EDGE('',*,*,#2804,.T.);
#1619=ORIENTED_EDGE('',*,*,#2608,.F.);
#1620=ORIENTED_EDGE('',*,*,#2805,.T.);
#1621=ORIENTED_EDGE('',*,*,#2606,.T.);
#1622=ORIENTED_EDGE('',*,*,#2806,.F.);
#1623=ORIENTED_EDGE('',*,*,#2443,.F.);
#1624=ORIENTED_EDGE('',*,*,#2807,.T.);
#1625=ORIENTED_EDGE('',*,*,#2797,.T.);
#1626=ORIENTED_EDGE('',*,*,#2612,.F.);
#1627=ORIENTED_EDGE('',*,*,#2808,.F.);
#1628=ORIENTED_EDGE('',*,*,#2445,.T.);
#1629=ORIENTED_EDGE('',*,*,#2611,.T.);
#1630=ORIENTED_EDGE('',*,*,#2809,.F.);
#1631=ORIENTED_EDGE('',*,*,#2810,.F.);
#1632=ORIENTED_EDGE('',*,*,#2809,.T.);
#1633=ORIENTED_EDGE('',*,*,#2610,.T.);
#1634=ORIENTED_EDGE('',*,*,#2811,.F.);
#1635=ORIENTED_EDGE('',*,*,#2770,.F.);
#1636=ORIENTED_EDGE('',*,*,#2772,.F.);
#1637=ORIENTED_EDGE('',*,*,#2767,.T.);
#1638=ORIENTED_EDGE('',*,*,#2812,.F.);
#1639=ORIENTED_EDGE('',*,*,#2594,.F.);
#1640=ORIENTED_EDGE('',*,*,#2813,.T.);
#1641=ORIENTED_EDGE('',*,*,#2814,.T.);
#1642=ORIENTED_EDGE('',*,*,#2774,.T.);
#1643=ORIENTED_EDGE('',*,*,#2667,.F.);
#1644=ORIENTED_EDGE('',*,*,#2781,.T.);
#1645=ORIENTED_EDGE('',*,*,#2815,.F.);
#1646=ORIENTED_EDGE('',*,*,#2778,.F.);
#1647=ORIENTED_EDGE('',*,*,#2663,.F.);
#1648=ORIENTED_EDGE('',*,*,#2599,.T.);
#1649=ORIENTED_EDGE('',*,*,#2742,.T.);
#1650=ORIENTED_EDGE('',*,*,#2628,.F.);
#1651=ORIENTED_EDGE('',*,*,#2607,.T.);
#1652=ORIENTED_EDGE('',*,*,#2816,.F.);
#1653=ORIENTED_EDGE('',*,*,#2395,.F.);
#1654=ORIENTED_EDGE('',*,*,#2771,.T.);
#1655=ORIENTED_EDGE('',*,*,#2811,.T.);
#1656=ORIENTED_EDGE('',*,*,#2609,.F.);
#1657=ORIENTED_EDGE('',*,*,#2817,.F.);
#1658=ORIENTED_EDGE('',*,*,#2397,.T.);
#1659=ORIENTED_EDGE('',*,*,#2623,.T.);
#1660=ORIENTED_EDGE('',*,*,#2818,.F.);
#1661=ORIENTED_EDGE('',*,*,#2819,.F.);
#1662=ORIENTED_EDGE('',*,*,#2818,.T.);
#1663=ORIENTED_EDGE('',*,*,#2622,.T.);
#1664=ORIENTED_EDGE('',*,*,#2820,.F.);
#1665=ORIENTED_EDGE('',*,*,#2821,.F.);
#1666=ORIENTED_EDGE('',*,*,#2822,.F.);
#1667=ORIENTED_EDGE('',*,*,#2823,.T.);
#1668=ORIENTED_EDGE('',*,*,#2824,.F.);
#1669=ORIENTED_EDGE('',*,*,#2765,.F.);
#1670=ORIENTED_EDGE('',*,*,#2825,.T.);
#1671=ORIENTED_EDGE('',*,*,#2826,.T.);
#1672=ORIENTED_EDGE('',*,*,#2827,.T.);
#1673=ORIENTED_EDGE('',*,*,#2828,.T.);
#1674=ORIENTED_EDGE('',*,*,#2829,.T.);
#1675=ORIENTED_EDGE('',*,*,#2678,.T.);
#1676=ORIENTED_EDGE('',*,*,#2624,.F.);
#1677=ORIENTED_EDGE('',*,*,#2741,.F.);
#1678=ORIENTED_EDGE('',*,*,#2597,.T.);
#1679=ORIENTED_EDGE('',*,*,#2682,.T.);
#1680=ORIENTED_EDGE('',*,*,#2830,.F.);
#1681=ORIENTED_EDGE('',*,*,#2601,.F.);
#1682=ORIENTED_EDGE('',*,*,#2831,.T.);
#1683=ORIENTED_EDGE('',*,*,#2407,.F.);
#1684=ORIENTED_EDGE('',*,*,#2832,.T.);
#1685=ORIENTED_EDGE('',*,*,#2820,.T.);
#1686=ORIENTED_EDGE('',*,*,#2621,.F.);
#1687=ORIENTED_EDGE('',*,*,#2833,.F.);
#1688=ORIENTED_EDGE('',*,*,#2409,.T.);
#1689=ORIENTED_EDGE('',*,*,#2620,.T.);
#1690=ORIENTED_EDGE('',*,*,#2834,.F.);
#1691=ORIENTED_EDGE('',*,*,#2835,.F.);
#1692=ORIENTED_EDGE('',*,*,#2834,.T.);
#1693=ORIENTED_EDGE('',*,*,#2619,.T.);
#1694=ORIENTED_EDGE('',*,*,#2836,.F.);
#1695=ORIENTED_EDGE('',*,*,#2837,.F.);
#1696=ORIENTED_EDGE('',*,*,#2838,.F.);
#1697=ORIENTED_EDGE('',*,*,#2839,.T.);
#1698=ORIENTED_EDGE('',*,*,#2840,.F.);
#1699=ORIENTED_EDGE('',*,*,#2760,.F.);
#1700=ORIENTED_EDGE('',*,*,#2841,.T.);
#1701=ORIENTED_EDGE('',*,*,#2842,.T.);
#1702=ORIENTED_EDGE('',*,*,#2843,.T.);
#1703=ORIENTED_EDGE('',*,*,#2603,.F.);
#1704=ORIENTED_EDGE('',*,*,#2844,.T.);
#1705=ORIENTED_EDGE('',*,*,#2602,.T.);
#1706=ORIENTED_EDGE('',*,*,#2845,.F.);
#1707=ORIENTED_EDGE('',*,*,#2419,.F.);
#1708=ORIENTED_EDGE('',*,*,#2846,.T.);
#1709=ORIENTED_EDGE('',*,*,#2836,.T.);
#1710=ORIENTED_EDGE('',*,*,#2618,.F.);
#1711=ORIENTED_EDGE('',*,*,#2847,.F.);
#1712=ORIENTED_EDGE('',*,*,#2421,.T.);
#1713=ORIENTED_EDGE('',*,*,#2617,.T.);
#1714=ORIENTED_EDGE('',*,*,#2795,.F.);
#1715=ORIENTED_EDGE('',*,*,#2605,.F.);
#1716=ORIENTED_EDGE('',*,*,#2848,.T.);
#1717=ORIENTED_EDGE('',*,*,#2604,.T.);
#1718=ORIENTED_EDGE('',*,*,#2849,.F.);
#1719=ORIENTED_EDGE('',*,*,#2850,.F.);
#1720=ORIENTED_EDGE('',*,*,#2415,.F.);
#1721=ORIENTED_EDGE('',*,*,#2758,.F.);
#1722=ORIENTED_EDGE('',*,*,#2840,.T.);
#1723=ORIENTED_EDGE('',*,*,#2425,.T.);
#1724=ORIENTED_EDGE('',*,*,#2851,.T.);
#1725=ORIENTED_EDGE('',*,*,#2791,.F.);
#1726=ORIENTED_EDGE('',*,*,#2754,.T.);
#1727=ORIENTED_EDGE('',*,*,#2852,.F.);
#1728=ORIENTED_EDGE('',*,*,#2751,.F.);
#1729=ORIENTED_EDGE('',*,*,#2853,.T.);
#1730=ORIENTED_EDGE('',*,*,#2756,.T.);
#1731=ORIENTED_EDGE('',*,*,#2416,.T.);
#1732=ORIENTED_EDGE('',*,*,#2850,.T.);
#1733=ORIENTED_EDGE('',*,*,#2839,.F.);
#1734=ORIENTED_EDGE('',*,*,#2854,.F.);
#1735=ORIENTED_EDGE('',*,*,#2853,.F.);
#1736=ORIENTED_EDGE('',*,*,#2418,.F.);
#1737=ORIENTED_EDGE('',*,*,#2855,.T.);
#1738=ORIENTED_EDGE('',*,*,#2837,.T.);
#1739=ORIENTED_EDGE('',*,*,#2846,.F.);
#1740=ORIENTED_EDGE('',*,*,#2849,.T.);
#1741=ORIENTED_EDGE('',*,*,#2855,.F.);
#1742=ORIENTED_EDGE('',*,*,#2417,.F.);
#1743=ORIENTED_EDGE('',*,*,#2854,.T.);
#1744=ORIENTED_EDGE('',*,*,#2838,.T.);
#1745=ORIENTED_EDGE('',*,*,#2856,.T.);
#1746=ORIENTED_EDGE('',*,*,#2793,.F.);
#1747=ORIENTED_EDGE('',*,*,#2857,.F.);
#1748=ORIENTED_EDGE('',*,*,#2423,.T.);
#1749=ORIENTED_EDGE('',*,*,#2852,.T.);
#1750=ORIENTED_EDGE('',*,*,#2857,.T.);
#1751=ORIENTED_EDGE('',*,*,#2792,.F.);
#1752=ORIENTED_EDGE('',*,*,#2851,.F.);
#1753=ORIENTED_EDGE('',*,*,#2424,.T.);
#1754=ORIENTED_EDGE('',*,*,#2848,.F.);
#1755=ORIENTED_EDGE('',*,*,#2856,.F.);
#1756=ORIENTED_EDGE('',*,*,#2422,.F.);
#1757=ORIENTED_EDGE('',*,*,#2847,.T.);
#1758=ORIENTED_EDGE('',*,*,#2794,.T.);
#1759=ORIENTED_EDGE('',*,*,#2858,.F.);
#1760=ORIENTED_EDGE('',*,*,#2403,.F.);
#1761=ORIENTED_EDGE('',*,*,#2763,.F.);
#1762=ORIENTED_EDGE('',*,*,#2824,.T.);
#1763=ORIENTED_EDGE('',*,*,#2413,.T.);
#1764=ORIENTED_EDGE('',*,*,#2859,.T.);
#1765=ORIENTED_EDGE('',*,*,#2841,.F.);
#1766=ORIENTED_EDGE('',*,*,#2759,.T.);
#1767=ORIENTED_EDGE('',*,*,#2860,.F.);
#1768=ORIENTED_EDGE('',*,*,#2757,.F.);
#1769=ORIENTED_EDGE('',*,*,#2861,.T.);
#1770=ORIENTED_EDGE('',*,*,#2762,.T.);
#1771=ORIENTED_EDGE('',*,*,#2404,.T.);
#1772=ORIENTED_EDGE('',*,*,#2858,.T.);
#1773=ORIENTED_EDGE('',*,*,#2823,.F.);
#1774=ORIENTED_EDGE('',*,*,#2862,.F.);
#1775=ORIENTED_EDGE('',*,*,#2861,.F.);
#1776=ORIENTED_EDGE('',*,*,#2406,.F.);
#1777=ORIENTED_EDGE('',*,*,#2863,.T.);
#1778=ORIENTED_EDGE('',*,*,#2821,.T.);
#1779=ORIENTED_EDGE('',*,*,#2832,.F.);
#1780=ORIENTED_EDGE('',*,*,#2845,.T.);
#1781=ORIENTED_EDGE('',*,*,#2863,.F.);
#1782=ORIENTED_EDGE('',*,*,#2405,.F.);
#1783=ORIENTED_EDGE('',*,*,#2862,.T.);
#1784=ORIENTED_EDGE('',*,*,#2822,.T.);
#1785=ORIENTED_EDGE('',*,*,#2864,.T.);
#1786=ORIENTED_EDGE('',*,*,#2843,.F.);
#1787=ORIENTED_EDGE('',*,*,#2865,.F.);
#1788=ORIENTED_EDGE('',*,*,#2411,.T.);
#1789=ORIENTED_EDGE('',*,*,#2860,.T.);
#1790=ORIENTED_EDGE('',*,*,#2865,.T.);
#1791=ORIENTED_EDGE('',*,*,#2842,.F.);
#1792=ORIENTED_EDGE('',*,*,#2859,.F.);
#1793=ORIENTED_EDGE('',*,*,#2412,.T.);
#1794=ORIENTED_EDGE('',*,*,#2844,.F.);
#1795=ORIENTED_EDGE('',*,*,#2864,.F.);
#1796=ORIENTED_EDGE('',*,*,#2410,.F.);
#1797=ORIENTED_EDGE('',*,*,#2833,.T.);
#1798=ORIENTED_EDGE('',*,*,#2835,.T.);
#1799=ORIENTED_EDGE('',*,*,#2766,.F.);
#1800=ORIENTED_EDGE('',*,*,#2391,.F.);
#1801=ORIENTED_EDGE('',*,*,#2595,.F.);
#1802=ORIENTED_EDGE('',*,*,#2812,.T.);
#1803=ORIENTED_EDGE('',*,*,#2401,.T.);
#1804=ORIENTED_EDGE('',*,*,#2866,.T.);
#1805=ORIENTED_EDGE('',*,*,#2825,.F.);
#1806=ORIENTED_EDGE('',*,*,#2764,.T.);
#1807=ORIENTED_EDGE('',*,*,#2867,.F.);
#1808=ORIENTED_EDGE('',*,*,#2761,.F.);
#1809=ORIENTED_EDGE('',*,*,#2830,.T.);
#1810=ORIENTED_EDGE('',*,*,#2681,.T.);
#1811=ORIENTED_EDGE('',*,*,#2868,.T.);
#1812=ORIENTED_EDGE('',*,*,#2869,.F.);
#1813=ORIENTED_EDGE('',*,*,#2679,.F.);
#1814=ORIENTED_EDGE('',*,*,#2829,.F.);
#1815=ORIENTED_EDGE('',*,*,#2870,.T.);
#1816=ORIENTED_EDGE('',*,*,#2871,.F.);
#1817=ORIENTED_EDGE('',*,*,#2872,.F.);
#1818=ORIENTED_EDGE('',*,*,#2870,.F.);
#1819=ORIENTED_EDGE('',*,*,#2828,.F.);
#1820=ORIENTED_EDGE('',*,*,#2869,.T.);
#1821=ORIENTED_EDGE('',*,*,#2873,.T.);
#1822=ORIENTED_EDGE('',*,*,#2827,.F.);
#1823=ORIENTED_EDGE('',*,*,#2874,.F.);
#1824=ORIENTED_EDGE('',*,*,#2399,.T.);
#1825=ORIENTED_EDGE('',*,*,#2867,.T.);
#1826=ORIENTED_EDGE('',*,*,#2874,.T.);
#1827=ORIENTED_EDGE('',*,*,#2826,.F.);
#1828=ORIENTED_EDGE('',*,*,#2866,.F.);
#1829=ORIENTED_EDGE('',*,*,#2400,.T.);
#1830=ORIENTED_EDGE('',*,*,#2831,.F.);
#1831=ORIENTED_EDGE('',*,*,#2873,.F.);
#1832=ORIENTED_EDGE('',*,*,#2398,.F.);
#1833=ORIENTED_EDGE('',*,*,#2817,.T.);
#1834=ORIENTED_EDGE('',*,*,#2819,.T.);
#1835=ORIENTED_EDGE('',*,*,#2875,.F.);
#1836=ORIENTED_EDGE('',*,*,#2439,.F.);
#1837=ORIENTED_EDGE('',*,*,#2748,.F.);
#1838=ORIENTED_EDGE('',*,*,#2801,.T.);
#1839=ORIENTED_EDGE('',*,*,#2449,.T.);
#1840=ORIENTED_EDGE('',*,*,#2876,.T.);
#1841=ORIENTED_EDGE('',*,*,#2813,.F.);
#1842=ORIENTED_EDGE('',*,*,#2593,.T.);
#1843=ORIENTED_EDGE('',*,*,#2554,.F.);
#1844=ORIENTED_EDGE('',*,*,#2877,.F.);
#1845=ORIENTED_EDGE('',*,*,#2878,.T.);
#1846=ORIENTED_EDGE('',*,*,#2747,.T.);
#1847=ORIENTED_EDGE('',*,*,#2440,.T.);
#1848=ORIENTED_EDGE('',*,*,#2875,.T.);
#1849=ORIENTED_EDGE('',*,*,#2800,.F.);
#1850=ORIENTED_EDGE('',*,*,#2879,.F.);
#1851=ORIENTED_EDGE('',*,*,#2878,.F.);
#1852=ORIENTED_EDGE('',*,*,#2442,.F.);
#1853=ORIENTED_EDGE('',*,*,#2880,.T.);
#1854=ORIENTED_EDGE('',*,*,#2798,.T.);
#1855=ORIENTED_EDGE('',*,*,#2807,.F.);
#1856=ORIENTED_EDGE('',*,*,#2816,.T.);
#1857=ORIENTED_EDGE('',*,*,#2880,.F.);
#1858=ORIENTED_EDGE('',*,*,#2441,.F.);
#1859=ORIENTED_EDGE('',*,*,#2879,.T.);
#1860=ORIENTED_EDGE('',*,*,#2799,.T.);
#1861=ORIENTED_EDGE('',*,*,#2780,.T.);
#1862=ORIENTED_EDGE('',*,*,#2881,.T.);
#1863=ORIENTED_EDGE('',*,*,#2776,.F.);
#1864=ORIENTED_EDGE('',*,*,#2815,.T.);
#1865=ORIENTED_EDGE('',*,*,#2448,.T.);
#1866=ORIENTED_EDGE('',*,*,#2739,.T.);
#1867=ORIENTED_EDGE('',*,*,#2461,.T.);
#1868=ORIENTED_EDGE('',*,*,#2743,.F.);
#1869=ORIENTED_EDGE('',*,*,#2775,.T.);
#1870=ORIENTED_EDGE('',*,*,#2814,.F.);
#1871=ORIENTED_EDGE('',*,*,#2876,.F.);
#1872=ORIENTED_EDGE('',*,*,#2740,.F.);
#1873=ORIENTED_EDGE('',*,*,#2446,.F.);
#1874=ORIENTED_EDGE('',*,*,#2808,.T.);
#1875=ORIENTED_EDGE('',*,*,#2810,.T.);
#1876=ORIENTED_EDGE('',*,*,#2773,.F.);
#1877=ORIENTED_EDGE('',*,*,#2744,.T.);
#1878=ORIENTED_EDGE('',*,*,#2463,.F.);
#1879=ORIENTED_EDGE('',*,*,#2882,.F.);
#1880=ORIENTED_EDGE('',*,*,#2427,.F.);
#1881=ORIENTED_EDGE('',*,*,#2753,.F.);
#1882=ORIENTED_EDGE('',*,*,#2790,.T.);
#1883=ORIENTED_EDGE('',*,*,#2437,.T.);
#1884=ORIENTED_EDGE('',*,*,#2883,.T.);
#1885=ORIENTED_EDGE('',*,*,#2802,.F.);
#1886=ORIENTED_EDGE('',*,*,#2749,.T.);
#1887=ORIENTED_EDGE('',*,*,#2884,.F.);
#1888=ORIENTED_EDGE('',*,*,#2746,.F.);
#1889=ORIENTED_EDGE('',*,*,#2885,.T.);
#1890=ORIENTED_EDGE('',*,*,#2752,.T.);
#1891=ORIENTED_EDGE('',*,*,#2428,.T.);
#1892=ORIENTED_EDGE('',*,*,#2882,.T.);
#1893=ORIENTED_EDGE('',*,*,#2789,.F.);
#1894=ORIENTED_EDGE('',*,*,#2886,.F.);
#1895=ORIENTED_EDGE('',*,*,#2885,.F.);
#1896=ORIENTED_EDGE('',*,*,#2430,.F.);
#1897=ORIENTED_EDGE('',*,*,#2887,.T.);
#1898=ORIENTED_EDGE('',*,*,#2787,.T.);
#1899=ORIENTED_EDGE('',*,*,#2783,.F.);
#1900=ORIENTED_EDGE('',*,*,#2806,.T.);
#1901=ORIENTED_EDGE('',*,*,#2887,.F.);
#1902=ORIENTED_EDGE('',*,*,#2429,.F.);
#1903=ORIENTED_EDGE('',*,*,#2886,.T.);
#1904=ORIENTED_EDGE('',*,*,#2788,.T.);
#1905=ORIENTED_EDGE('',*,*,#2888,.T.);
#1906=ORIENTED_EDGE('',*,*,#2804,.F.);
#1907=ORIENTED_EDGE('',*,*,#2889,.F.);
#1908=ORIENTED_EDGE('',*,*,#2435,.T.);
#1909=ORIENTED_EDGE('',*,*,#2884,.T.);
#1910=ORIENTED_EDGE('',*,*,#2889,.T.);
#1911=ORIENTED_EDGE('',*,*,#2803,.F.);
#1912=ORIENTED_EDGE('',*,*,#2883,.F.);
#1913=ORIENTED_EDGE('',*,*,#2436,.T.);
#1914=ORIENTED_EDGE('',*,*,#2805,.F.);
#1915=ORIENTED_EDGE('',*,*,#2888,.F.);
#1916=ORIENTED_EDGE('',*,*,#2434,.F.);
#1917=ORIENTED_EDGE('',*,*,#2785,.T.);
#1918=ORIENTED_EDGE('',*,*,#2796,.T.);
#1919=ORIENTED_EDGE('',*,*,#2669,.F.);
#1920=ORIENTED_EDGE('',*,*,#2782,.T.);
#1921=ORIENTED_EDGE('',*,*,#2676,.T.);
#1922=ORIENTED_EDGE('',*,*,#2693,.F.);
#1923=ORIENTED_EDGE('',*,*,#2777,.F.);
#1924=ORIENTED_EDGE('',*,*,#2881,.F.);
#1925=ORIENTED_EDGE('',*,*,#2779,.T.);
#1926=ORIENTED_EDGE('',*,*,#2665,.F.);
#1927=ORIENTED_EDGE('',*,*,#2868,.F.);
#1928=ORIENTED_EDGE('',*,*,#2680,.T.);
#1929=ORIENTED_EDGE('',*,*,#2871,.T.);
#1930=ORIENTED_EDGE('',*,*,#2872,.T.);
#1931=ORIENTED_EDGE('',*,*,#2690,.T.);
#1932=ORIENTED_EDGE('',*,*,#2890,.T.);
#1933=ORIENTED_EDGE('',*,*,#2688,.F.);
#1934=ORIENTED_EDGE('',*,*,#2891,.F.);
#1935=ORIENTED_EDGE('',*,*,#2892,.F.);
#1936=ORIENTED_EDGE('',*,*,#2893,.T.);
#1937=ORIENTED_EDGE('',*,*,#2894,.T.);
#1938=ORIENTED_EDGE('',*,*,#2895,.F.);
#1939=ORIENTED_EDGE('',*,*,#2896,.F.);
#1940=ORIENTED_EDGE('',*,*,#2897,.T.);
#1941=ORIENTED_EDGE('',*,*,#2898,.T.);
#1942=ORIENTED_EDGE('',*,*,#2899,.F.);
#1943=ORIENTED_EDGE('',*,*,#2900,.F.);
#1944=ORIENTED_EDGE('',*,*,#2901,.T.);
#1945=ORIENTED_EDGE('',*,*,#2902,.T.);
#1946=ORIENTED_EDGE('',*,*,#2903,.F.);
#1947=ORIENTED_EDGE('',*,*,#2904,.F.);
#1948=ORIENTED_EDGE('',*,*,#2905,.F.);
#1949=ORIENTED_EDGE('',*,*,#2906,.T.);
#1950=ORIENTED_EDGE('',*,*,#2907,.T.);
#1951=ORIENTED_EDGE('',*,*,#2891,.T.);
#1952=ORIENTED_EDGE('',*,*,#2687,.F.);
#1953=ORIENTED_EDGE('',*,*,#2355,.T.);
#1954=ORIENTED_EDGE('',*,*,#2908,.F.);
#1955=ORIENTED_EDGE('',*,*,#2899,.T.);
#1956=ORIENTED_EDGE('',*,*,#2909,.F.);
#1957=ORIENTED_EDGE('',*,*,#2351,.T.);
#1958=ORIENTED_EDGE('',*,*,#2910,.F.);
#1959=ORIENTED_EDGE('',*,*,#2895,.T.);
#1960=ORIENTED_EDGE('',*,*,#2911,.F.);
#1961=ORIENTED_EDGE('',*,*,#2347,.T.);
#1962=ORIENTED_EDGE('',*,*,#2912,.F.);
#1963=ORIENTED_EDGE('',*,*,#2904,.T.);
#1964=ORIENTED_EDGE('',*,*,#2913,.F.);
#1965=ORIENTED_EDGE('',*,*,#2343,.T.);
#1966=ORIENTED_EDGE('',*,*,#2914,.F.);
#1967=ORIENTED_EDGE('',*,*,#2903,.T.);
#1968=ORIENTED_EDGE('',*,*,#2915,.F.);
#1969=ORIENTED_EDGE('',*,*,#2339,.T.);
#1970=ORIENTED_EDGE('',*,*,#2691,.T.);
#1971=ORIENTED_EDGE('',*,*,#2916,.T.);
#1972=ORIENTED_EDGE('',*,*,#2344,.T.);
#1973=ORIENTED_EDGE('',*,*,#2913,.T.);
#1974=ORIENTED_EDGE('',*,*,#2907,.F.);
#1975=ORIENTED_EDGE('',*,*,#2917,.T.);
#1976=ORIENTED_EDGE('',*,*,#2905,.T.);
#1977=ORIENTED_EDGE('',*,*,#2912,.T.);
#1978=ORIENTED_EDGE('',*,*,#2346,.F.);
#1979=ORIENTED_EDGE('',*,*,#2345,.F.);
#1980=ORIENTED_EDGE('',*,*,#2916,.F.);
#1981=ORIENTED_EDGE('',*,*,#2906,.F.);
#1982=ORIENTED_EDGE('',*,*,#2917,.F.);
#1983=ORIENTED_EDGE('',*,*,#2918,.T.);
#1984=ORIENTED_EDGE('',*,*,#2900,.T.);
#1985=ORIENTED_EDGE('',*,*,#2914,.T.);
#1986=ORIENTED_EDGE('',*,*,#2342,.F.);
#1987=ORIENTED_EDGE('',*,*,#2901,.F.);
#1988=ORIENTED_EDGE('',*,*,#2918,.F.);
#1989=ORIENTED_EDGE('',*,*,#2341,.F.);
#1990=ORIENTED_EDGE('',*,*,#2919,.F.);
#1991=ORIENTED_EDGE('',*,*,#2919,.T.);
#1992=ORIENTED_EDGE('',*,*,#2340,.T.);
#1993=ORIENTED_EDGE('',*,*,#2915,.T.);
#1994=ORIENTED_EDGE('',*,*,#2902,.F.);
#1995=ORIENTED_EDGE('',*,*,#2920,.T.);
#1996=ORIENTED_EDGE('',*,*,#2896,.T.);
#1997=ORIENTED_EDGE('',*,*,#2908,.T.);
#1998=ORIENTED_EDGE('',*,*,#2354,.F.);
#1999=ORIENTED_EDGE('',*,*,#2897,.F.);
#2000=ORIENTED_EDGE('',*,*,#2920,.F.);
#2001=ORIENTED_EDGE('',*,*,#2353,.F.);
#2002=ORIENTED_EDGE('',*,*,#2921,.F.);
#2003=ORIENTED_EDGE('',*,*,#2921,.T.);
#2004=ORIENTED_EDGE('',*,*,#2352,.T.);
#2005=ORIENTED_EDGE('',*,*,#2909,.T.);
#2006=ORIENTED_EDGE('',*,*,#2898,.F.);
#2007=ORIENTED_EDGE('',*,*,#2922,.T.);
#2008=ORIENTED_EDGE('',*,*,#2892,.T.);
#2009=ORIENTED_EDGE('',*,*,#2910,.T.);
#2010=ORIENTED_EDGE('',*,*,#2350,.F.);
#2011=ORIENTED_EDGE('',*,*,#2893,.F.);
#2012=ORIENTED_EDGE('',*,*,#2922,.F.);
#2013=ORIENTED_EDGE('',*,*,#2349,.F.);
#2014=ORIENTED_EDGE('',*,*,#2923,.F.);
#2015=ORIENTED_EDGE('',*,*,#2923,.T.);
#2016=ORIENTED_EDGE('',*,*,#2348,.T.);
#2017=ORIENTED_EDGE('',*,*,#2911,.T.);
#2018=ORIENTED_EDGE('',*,*,#2894,.F.);
#2019=ORIENTED_EDGE('',*,*,#2383,.F.);
#2020=ORIENTED_EDGE('',*,*,#2468,.T.);
#2021=ORIENTED_EDGE('',*,*,#2924,.F.);
#2022=ORIENTED_EDGE('',*,*,#2661,.F.);
#2023=ORIENTED_EDGE('',*,*,#2685,.T.);
#2024=ORIENTED_EDGE('',*,*,#2683,.T.);
#2025=ORIENTED_EDGE('',*,*,#2587,.T.);
#2026=ORIENTED_EDGE('',*,*,#2457,.F.);
#2027=ORIENTED_EDGE('',*,*,#2924,.T.);
#2028=ORIENTED_EDGE('',*,*,#2467,.T.);
#2029=ORIENTED_EDGE('',*,*,#2592,.F.);
#2030=ORIENTED_EDGE('',*,*,#2662,.T.);
#2031=ORIENTED_EDGE('',*,*,#2630,.F.);
#2032=ORIENTED_EDGE('',*,*,#2925,.T.);
#2033=ORIENTED_EDGE('',*,*,#2925,.F.);
#2034=ORIENTED_EDGE('',*,*,#2686,.T.);
#2035=ORIENTED_EDGE('',*,*,#2890,.F.);
#2036=ORIENTED_EDGE('',*,*,#2689,.F.);
#2037=ORIENTED_EDGE('',*,*,#2337,.T.);
#2038=ORIENTED_EDGE('',*,*,#2926,.F.);
#2039=ORIENTED_EDGE('',*,*,#2927,.F.);
#2040=ORIENTED_EDGE('',*,*,#2372,.T.);
#2041=ORIENTED_EDGE('',*,*,#2331,.T.);
#2042=ORIENTED_EDGE('',*,*,#2674,.F.);
#2043=ORIENTED_EDGE('',*,*,#2362,.T.);
#2044=ORIENTED_EDGE('',*,*,#2671,.T.);
#2045=ORIENTED_EDGE('',*,*,#2692,.T.);
#2046=ORIENTED_EDGE('',*,*,#2673,.F.);
#2047=ORIENTED_EDGE('',*,*,#2684,.F.);
#2048=ORIENTED_EDGE('',*,*,#2659,.T.);
#2049=ORIENTED_EDGE('',*,*,#2364,.T.);
#2050=ORIENTED_EDGE('',*,*,#2928,.F.);
#2051=ORIENTED_EDGE('',*,*,#2715,.F.);
#2052=ORIENTED_EDGE('',*,*,#2530,.T.);
#2053=ORIENTED_EDGE('',*,*,#2484,.T.);
#2054=ORIENTED_EDGE('',*,*,#2722,.T.);
#2055=ORIENTED_EDGE('',*,*,#2929,.T.);
#2056=ORIENTED_EDGE('',*,*,#2641,.F.);
#2057=ORIENTED_EDGE('',*,*,#2652,.F.);
#2058=ORIENTED_EDGE('',*,*,#2930,.T.);
#2059=ORIENTED_EDGE('',*,*,#2527,.F.);
#2060=ORIENTED_EDGE('',*,*,#2931,.F.);
#2061=ORIENTED_EDGE('',*,*,#2649,.T.);
#2062=ORIENTED_EDGE('',*,*,#2932,.T.);
#2063=ORIENTED_EDGE('',*,*,#2643,.F.);
#2064=ORIENTED_EDGE('',*,*,#2933,.F.);
#2065=ORIENTED_EDGE('',*,*,#2720,.T.);
#2066=ORIENTED_EDGE('',*,*,#2931,.T.);
#2067=ORIENTED_EDGE('',*,*,#2721,.F.);
#2068=ORIENTED_EDGE('',*,*,#2933,.T.);
#2069=ORIENTED_EDGE('',*,*,#2642,.T.);
#2070=ORIENTED_EDGE('',*,*,#2929,.F.);
#2071=ORIENTED_EDGE('',*,*,#2658,.F.);
#2072=ORIENTED_EDGE('',*,*,#2719,.T.);
#2073=ORIENTED_EDGE('',*,*,#2655,.T.);
#2074=ORIENTED_EDGE('',*,*,#2644,.F.);
#2075=ORIENTED_EDGE('',*,*,#2932,.F.);
#2076=ORIENTED_EDGE('',*,*,#2934,.F.);
#2077=ORIENTED_EDGE('',*,*,#2716,.F.);
#2078=ORIENTED_EDGE('',*,*,#2928,.T.);
#2079=ORIENTED_EDGE('',*,*,#2483,.T.);
#2080=ORIENTED_EDGE('',*,*,#2930,.F.);
#2081=ORIENTED_EDGE('',*,*,#2935,.T.);
#2082=ORIENTED_EDGE('',*,*,#2481,.F.);
#2083=ORIENTED_EDGE('',*,*,#2654,.F.);
#2084=ORIENTED_EDGE('',*,*,#2718,.T.);
#2085=ORIENTED_EDGE('',*,*,#2657,.T.);
#2086=ORIENTED_EDGE('',*,*,#2935,.F.);
#2087=ORIENTED_EDGE('',*,*,#2717,.F.);
#2088=ORIENTED_EDGE('',*,*,#2934,.T.);
#2089=ORIENTED_EDGE('',*,*,#2482,.T.);
#2090=ORIENTED_EDGE('',*,*,#2730,.T.);
#2091=ORIENTED_EDGE('',*,*,#2936,.T.);
#2092=ORIENTED_EDGE('',*,*,#2572,.F.);
#2093=ORIENTED_EDGE('',*,*,#2583,.F.);
#2094=ORIENTED_EDGE('',*,*,#2937,.F.);
#2095=ORIENTED_EDGE('',*,*,#2723,.F.);
#2096=ORIENTED_EDGE('',*,*,#2650,.T.);
#2097=ORIENTED_EDGE('',*,*,#2639,.T.);
#2098=ORIENTED_EDGE('',*,*,#2938,.T.);
#2099=ORIENTED_EDGE('',*,*,#2648,.F.);
#2100=ORIENTED_EDGE('',*,*,#2939,.F.);
#2101=ORIENTED_EDGE('',*,*,#2580,.T.);
#2102=ORIENTED_EDGE('',*,*,#2940,.T.);
#2103=ORIENTED_EDGE('',*,*,#2574,.F.);
#2104=ORIENTED_EDGE('',*,*,#2941,.F.);
#2105=ORIENTED_EDGE('',*,*,#2728,.T.);
#2106=ORIENTED_EDGE('',*,*,#2939,.T.);
#2107=ORIENTED_EDGE('',*,*,#2729,.F.);
#2108=ORIENTED_EDGE('',*,*,#2941,.T.);
#2109=ORIENTED_EDGE('',*,*,#2573,.T.);
#2110=ORIENTED_EDGE('',*,*,#2936,.F.);
#2111=ORIENTED_EDGE('',*,*,#2647,.F.);
#2112=ORIENTED_EDGE('',*,*,#2727,.T.);
#2113=ORIENTED_EDGE('',*,*,#2631,.T.);
#2114=ORIENTED_EDGE('',*,*,#2575,.F.);
#2115=ORIENTED_EDGE('',*,*,#2940,.F.);
#2116=ORIENTED_EDGE('',*,*,#2942,.F.);
#2117=ORIENTED_EDGE('',*,*,#2724,.F.);
#2118=ORIENTED_EDGE('',*,*,#2937,.T.);
#2119=ORIENTED_EDGE('',*,*,#2638,.T.);
#2120=ORIENTED_EDGE('',*,*,#2938,.F.);
#2121=ORIENTED_EDGE('',*,*,#2943,.T.);
#2122=ORIENTED_EDGE('',*,*,#2636,.F.);
#2123=ORIENTED_EDGE('',*,*,#2634,.F.);
#2124=ORIENTED_EDGE('',*,*,#2726,.T.);
#2125=ORIENTED_EDGE('',*,*,#2646,.T.);
#2126=ORIENTED_EDGE('',*,*,#2943,.F.);
#2127=ORIENTED_EDGE('',*,*,#2725,.F.);
#2128=ORIENTED_EDGE('',*,*,#2942,.T.);
#2129=ORIENTED_EDGE('',*,*,#2637,.T.);
#2130=ORIENTED_EDGE('',*,*,#2738,.T.);
#2131=ORIENTED_EDGE('',*,*,#2944,.T.);
#2132=ORIENTED_EDGE('',*,*,#2547,.F.);
#2133=ORIENTED_EDGE('',*,*,#2557,.F.);
#2134=ORIENTED_EDGE('',*,*,#2945,.F.);
#2135=ORIENTED_EDGE('',*,*,#2731,.F.);
#2136=ORIENTED_EDGE('',*,*,#2581,.T.);
#2137=ORIENTED_EDGE('',*,*,#2570,.T.);
#2138=ORIENTED_EDGE('',*,*,#2946,.T.);
#2139=ORIENTED_EDGE('',*,*,#2579,.F.);
#2140=ORIENTED_EDGE('',*,*,#2947,.F.);
#2141=ORIENTED_EDGE('',*,*,#2732,.F.);
#2142=ORIENTED_EDGE('',*,*,#2945,.T.);
#2143=ORIENTED_EDGE('',*,*,#2569,.T.);
#2144=ORIENTED_EDGE('',*,*,#2946,.F.);
#2145=ORIENTED_EDGE('',*,*,#2948,.T.);
#2146=ORIENTED_EDGE('',*,*,#2567,.F.);
#2147=ORIENTED_EDGE('',*,*,#2565,.F.);
#2148=ORIENTED_EDGE('',*,*,#2734,.T.);
#2149=ORIENTED_EDGE('',*,*,#2578,.T.);
#2150=ORIENTED_EDGE('',*,*,#2948,.F.);
#2151=ORIENTED_EDGE('',*,*,#2733,.F.);
#2152=ORIENTED_EDGE('',*,*,#2947,.T.);
#2153=ORIENTED_EDGE('',*,*,#2568,.T.);
#2154=ORIENTED_EDGE('',*,*,#2737,.F.);
#2155=ORIENTED_EDGE('',*,*,#2949,.T.);
#2156=ORIENTED_EDGE('',*,*,#2548,.T.);
#2157=ORIENTED_EDGE('',*,*,#2944,.F.);
#2158=ORIENTED_EDGE('',*,*,#2370,.F.);
#2159=ORIENTED_EDGE('',*,*,#2735,.T.);
#2160=ORIENTED_EDGE('',*,*,#2562,.T.);
#2161=ORIENTED_EDGE('',*,*,#2550,.F.);
#2162=ORIENTED_EDGE('',*,*,#2950,.F.);
#2163=ORIENTED_EDGE('',*,*,#2577,.T.);
#2164=ORIENTED_EDGE('',*,*,#2950,.T.);
#2165=ORIENTED_EDGE('',*,*,#2549,.F.);
#2166=ORIENTED_EDGE('',*,*,#2949,.F.);
#2167=ORIENTED_EDGE('',*,*,#2736,.T.);
#2168=ORIENTED_EDGE('',*,*,#2706,.T.);
#2169=ORIENTED_EDGE('',*,*,#2951,.T.);
#2170=ORIENTED_EDGE('',*,*,#2493,.F.);
#2171=ORIENTED_EDGE('',*,*,#2536,.F.);
#2172=ORIENTED_EDGE('',*,*,#2952,.F.);
#2173=ORIENTED_EDGE('',*,*,#2699,.F.);
#2174=ORIENTED_EDGE('',*,*,#2558,.T.);
#2175=ORIENTED_EDGE('',*,*,#2545,.T.);
#2176=ORIENTED_EDGE('',*,*,#2953,.F.);
#2177=ORIENTED_EDGE('',*,*,#2533,.T.);
#2178=ORIENTED_EDGE('',*,*,#2954,.T.);
#2179=ORIENTED_EDGE('',*,*,#2495,.F.);
#2180=ORIENTED_EDGE('',*,*,#2955,.F.);
#2181=ORIENTED_EDGE('',*,*,#2704,.T.);
#2182=ORIENTED_EDGE('',*,*,#2953,.T.);
#2183=ORIENTED_EDGE('',*,*,#2705,.F.);
#2184=ORIENTED_EDGE('',*,*,#2955,.T.);
#2185=ORIENTED_EDGE('',*,*,#2494,.T.);
#2186=ORIENTED_EDGE('',*,*,#2951,.F.);
#2187=ORIENTED_EDGE('',*,*,#2553,.F.);
#2188=ORIENTED_EDGE('',*,*,#2703,.T.);
#2189=ORIENTED_EDGE('',*,*,#2537,.T.);
#2190=ORIENTED_EDGE('',*,*,#2496,.F.);
#2191=ORIENTED_EDGE('',*,*,#2954,.F.);
#2192=ORIENTED_EDGE('',*,*,#2956,.F.);
#2193=ORIENTED_EDGE('',*,*,#2701,.F.);
#2194=ORIENTED_EDGE('',*,*,#2957,.T.);
#2195=ORIENTED_EDGE('',*,*,#2543,.T.);
#2196=ORIENTED_EDGE('',*,*,#2877,.T.);
#2197=ORIENTED_EDGE('',*,*,#2957,.F.);
#2198=ORIENTED_EDGE('',*,*,#2700,.F.);
#2199=ORIENTED_EDGE('',*,*,#2952,.T.);
#2200=ORIENTED_EDGE('',*,*,#2544,.T.);
#2201=ORIENTED_EDGE('',*,*,#2552,.F.);
#2202=ORIENTED_EDGE('',*,*,#2956,.T.);
#2203=ORIENTED_EDGE('',*,*,#2542,.F.);
#2204=ORIENTED_EDGE('',*,*,#2540,.F.);
#2205=ORIENTED_EDGE('',*,*,#2702,.T.);
#2206=ORIENTED_EDGE('',*,*,#2714,.T.);
#2207=ORIENTED_EDGE('',*,*,#2958,.T.);
#2208=ORIENTED_EDGE('',*,*,#2486,.F.);
#2209=ORIENTED_EDGE('',*,*,#2529,.F.);
#2210=ORIENTED_EDGE('',*,*,#2959,.F.);
#2211=ORIENTED_EDGE('',*,*,#2707,.F.);
#2212=ORIENTED_EDGE('',*,*,#2534,.T.);
#2213=ORIENTED_EDGE('',*,*,#2491,.T.);
#2214=ORIENTED_EDGE('',*,*,#2960,.T.);
#2215=ORIENTED_EDGE('',*,*,#2532,.F.);
#2216=ORIENTED_EDGE('',*,*,#2961,.F.);
#2217=ORIENTED_EDGE('',*,*,#2531,.T.);
#2218=ORIENTED_EDGE('',*,*,#2962,.T.);
#2219=ORIENTED_EDGE('',*,*,#2477,.F.);
#2220=ORIENTED_EDGE('',*,*,#2963,.F.);
#2221=ORIENTED_EDGE('',*,*,#2712,.T.);
#2222=ORIENTED_EDGE('',*,*,#2961,.T.);
#2223=ORIENTED_EDGE('',*,*,#2713,.F.);
#2224=ORIENTED_EDGE('',*,*,#2963,.T.);
#2225=ORIENTED_EDGE('',*,*,#2487,.T.);
#2226=ORIENTED_EDGE('',*,*,#2958,.F.);
#2227=ORIENTED_EDGE('',*,*,#2502,.F.);
#2228=ORIENTED_EDGE('',*,*,#2711,.T.);
#2229=ORIENTED_EDGE('',*,*,#2469,.T.);
#2230=ORIENTED_EDGE('',*,*,#2478,.F.);
#2231=ORIENTED_EDGE('',*,*,#2962,.F.);
#2232=ORIENTED_EDGE('',*,*,#2964,.F.);
#2233=ORIENTED_EDGE('',*,*,#2708,.F.);
#2234=ORIENTED_EDGE('',*,*,#2959,.T.);
#2235=ORIENTED_EDGE('',*,*,#2490,.T.);
#2236=ORIENTED_EDGE('',*,*,#2960,.F.);
#2237=ORIENTED_EDGE('',*,*,#2965,.T.);
#2238=ORIENTED_EDGE('',*,*,#2488,.F.);
#2239=ORIENTED_EDGE('',*,*,#2474,.F.);
#2240=ORIENTED_EDGE('',*,*,#2710,.T.);
#2241=ORIENTED_EDGE('',*,*,#2500,.T.);
#2242=ORIENTED_EDGE('',*,*,#2965,.F.);
#2243=ORIENTED_EDGE('',*,*,#2709,.F.);
#2244=ORIENTED_EDGE('',*,*,#2964,.T.);
#2245=ORIENTED_EDGE('',*,*,#2489,.T.);
#2246=ORIENTED_EDGE('',*,*,#2374,.F.);
#2247=ORIENTED_EDGE('',*,*,#2966,.T.);
#2248=ORIENTED_EDGE('',*,*,#2967,.F.);
#2249=ORIENTED_EDGE('',*,*,#2695,.F.);
#2250=ORIENTED_EDGE('',*,*,#2968,.F.);
#2251=ORIENTED_EDGE('',*,*,#2969,.F.);
#2252=ORIENTED_EDGE('',*,*,#2456,.T.);
#2253=ORIENTED_EDGE('',*,*,#2385,.T.);
#2254=ORIENTED_EDGE('',*,*,#2389,.T.);
#2255=ORIENTED_EDGE('',*,*,#2378,.F.);
#2256=ORIENTED_EDGE('',*,*,#2465,.F.);
#2257=ORIENTED_EDGE('',*,*,#2381,.T.);
#2258=ORIENTED_EDGE('',*,*,#2966,.F.);
#2259=ORIENTED_EDGE('',*,*,#2373,.T.);
#2260=ORIENTED_EDGE('',*,*,#2927,.T.);
#2261=ORIENTED_EDGE('',*,*,#2970,.F.);
#2262=ORIENTED_EDGE('',*,*,#2366,.F.);
#2263=ORIENTED_EDGE('',*,*,#2971,.F.);
#2264=ORIENTED_EDGE('',*,*,#2972,.T.);
#2265=ORIENTED_EDGE('',*,*,#2973,.T.);
#2266=ORIENTED_EDGE('',*,*,#2969,.T.);
#2267=ORIENTED_EDGE('',*,*,#2561,.T.);
#2268=ORIENTED_EDGE('',*,*,#2974,.T.);
#2269=ORIENTED_EDGE('',*,*,#2975,.F.);
#2270=ORIENTED_EDGE('',*,*,#2334,.T.);
#2271=ORIENTED_EDGE('',*,*,#2560,.T.);
#2272=ORIENTED_EDGE('',*,*,#2698,.T.);
#2273=ORIENTED_EDGE('',*,*,#2976,.F.);
#2274=ORIENTED_EDGE('',*,*,#2974,.F.);
#2275=ORIENTED_EDGE('',*,*,#2968,.T.);
#2276=ORIENTED_EDGE('',*,*,#2694,.F.);
#2277=ORIENTED_EDGE('',*,*,#2555,.F.);
#2278=ORIENTED_EDGE('',*,*,#2375,.F.);
#2279=ORIENTED_EDGE('',*,*,#2975,.T.);
#2280=ORIENTED_EDGE('',*,*,#2976,.T.);
#2281=ORIENTED_EDGE('',*,*,#2697,.T.);
#2282=ORIENTED_EDGE('',*,*,#2977,.T.);
#2283=ORIENTED_EDGE('',*,*,#2335,.F.);
#2284=ORIENTED_EDGE('',*,*,#2977,.F.);
#2285=ORIENTED_EDGE('',*,*,#2367,.F.);
#2286=ORIENTED_EDGE('',*,*,#2970,.T.);
#2287=ORIENTED_EDGE('',*,*,#2926,.T.);
#2288=ORIENTED_EDGE('',*,*,#2336,.F.);
#2289=ORIENTED_EDGE('',*,*,#2360,.T.);
#2290=ORIENTED_EDGE('',*,*,#2978,.T.);
#2291=ORIENTED_EDGE('',*,*,#2967,.T.);
#2292=ORIENTED_EDGE('',*,*,#2973,.F.);
#2293=ORIENTED_EDGE('',*,*,#2979,.F.);
#2294=ORIENTED_EDGE('',*,*,#2361,.T.);
#2295=ORIENTED_EDGE('',*,*,#2979,.T.);
#2296=ORIENTED_EDGE('',*,*,#2972,.F.);
#2297=ORIENTED_EDGE('',*,*,#2980,.F.);
#2298=ORIENTED_EDGE('',*,*,#2980,.T.);
#2299=ORIENTED_EDGE('',*,*,#2971,.T.);
#2300=ORIENTED_EDGE('',*,*,#2369,.F.);
#2301=ORIENTED_EDGE('',*,*,#2981,.F.);
#2302=ORIENTED_EDGE('',*,*,#2358,.F.);
#2303=ORIENTED_EDGE('',*,*,#2978,.F.);
#2304=ORIENTED_EDGE('',*,*,#2359,.F.);
#2305=ORIENTED_EDGE('',*,*,#2981,.T.);
#2306=ORIENTED_EDGE('',*,*,#2696,.F.);
#2307=ORIENTED_EDGE('',*,*,#2982,.F.);
#2308=ORIENTED_EDGE('',*,*,#2983,.T.);
#2309=ORIENTED_EDGE('',*,*,#2984,.F.);
#2310=ORIENTED_EDGE('',*,*,#2985,.T.);
#2311=ORIENTED_EDGE('',*,*,#2986,.T.);
#2312=ORIENTED_EDGE('',*,*,#2987,.F.);
#2313=ORIENTED_EDGE('',*,*,#2988,.T.);
#2314=ORIENTED_EDGE('',*,*,#2982,.T.);
#2315=ORIENTED_EDGE('',*,*,#2985,.F.);
#2316=ORIENTED_EDGE('',*,*,#2989,.F.);
#2317=ORIENTED_EDGE('',*,*,#2990,.F.);
#2318=ORIENTED_EDGE('',*,*,#2986,.F.);
#2319=ORIENTED_EDGE('',*,*,#2987,.T.);
#2320=ORIENTED_EDGE('',*,*,#2990,.T.);
#2321=ORIENTED_EDGE('',*,*,#2991,.T.);
#2322=ORIENTED_EDGE('',*,*,#2992,.F.);
#2323=ORIENTED_EDGE('',*,*,#2992,.T.);
#2324=ORIENTED_EDGE('',*,*,#2993,.T.);
#2325=ORIENTED_EDGE('',*,*,#2983,.F.);
#2326=ORIENTED_EDGE('',*,*,#2988,.F.);
#2327=ORIENTED_EDGE('',*,*,#2991,.F.);
#2328=ORIENTED_EDGE('',*,*,#2989,.T.);
#2329=ORIENTED_EDGE('',*,*,#2984,.T.);
#2330=ORIENTED_EDGE('',*,*,#2993,.F.);
#2331=EDGE_CURVE('',#2994,#2995,#3461,.T.);
#2332=EDGE_CURVE('',#2994,#2996,#187,.F.);
#2333=EDGE_CURVE('',#2996,#2997,#3462,.F.);
#2334=EDGE_CURVE('',#2998,#2997,#188,.F.);
#2335=EDGE_CURVE('',#2998,#2999,#3463,.T.);
#2336=EDGE_CURVE('',#2999,#3000,#189,.T.);
#2337=EDGE_CURVE('',#3001,#3000,#3464,.F.);
#2338=EDGE_CURVE('',#3002,#3001,#190,.F.);
#2339=EDGE_CURVE('',#3003,#3002,#3465,.T.);
#2340=EDGE_CURVE('',#3004,#3003,#191,.T.);
#2341=EDGE_CURVE('',#3004,#3005,#3466,.F.);
#2342=EDGE_CURVE('',#3005,#3006,#192,.T.);
#2343=EDGE_CURVE('',#3007,#3006,#3467,.T.);
#2344=EDGE_CURVE('',#3008,#3007,#193,.T.);
#2345=EDGE_CURVE('',#3008,#3009,#3468,.F.);
#2346=EDGE_CURVE('',#3009,#3010,#194,.T.);
#2347=EDGE_CURVE('',#3011,#3010,#3469,.T.);
#2348=EDGE_CURVE('',#3012,#3011,#195,.T.);
#2349=EDGE_CURVE('',#3012,#3013,#3470,.F.);
#2350=EDGE_CURVE('',#3013,#3014,#196,.T.);
#2351=EDGE_CURVE('',#3015,#3014,#3471,.T.);
#2352=EDGE_CURVE('',#3016,#3015,#197,.T.);
#2353=EDGE_CURVE('',#3016,#3017,#3472,.F.);
#2354=EDGE_CURVE('',#3017,#3018,#198,.T.);
#2355=EDGE_CURVE('',#3019,#3018,#3473,.T.);
#2356=EDGE_CURVE('',#2995,#3019,#199,.T.);
#2357=EDGE_CURVE('',#3020,#3020,#3474,.T.);
#2358=EDGE_CURVE('',#3021,#3022,#200,.F.);
#2359=EDGE_CURVE('',#3022,#3023,#3475,.T.);
#2360=EDGE_CURVE('',#3024,#3023,#201,.F.);
#2361=EDGE_CURVE('',#3021,#3024,#3476,.T.);
#2362=EDGE_CURVE('',#3025,#3026,#3477,.F.);
#2363=EDGE_CURVE('',#3027,#3025,#202,.F.);
#2364=EDGE_CURVE('',#3028,#3027,#3478,.T.);
#2365=EDGE_CURVE('',#3028,#3026,#203,.F.);
#2366=EDGE_CURVE('',#3029,#3030,#3479,.T.);
#2367=EDGE_CURVE('',#3030,#3031,#204,.T.);
#2368=EDGE_CURVE('',#3032,#3031,#3480,.T.);
#2369=EDGE_CURVE('',#3032,#3029,#205,.T.);
#2370=EDGE_CURVE('',#3033,#3033,#3481,.F.);
#2371=EDGE_CURVE('',#3034,#3034,#3482,.F.);
#2372=EDGE_CURVE('',#3035,#2994,#206,.T.);
#2373=EDGE_CURVE('',#3036,#3035,#207,.T.);
#2374=EDGE_CURVE('',#3036,#3037,#208,.T.);
#2375=EDGE_CURVE('',#3037,#3038,#209,.T.);
#2376=EDGE_CURVE('',#2996,#3038,#210,.T.);
#2377=EDGE_CURVE('',#3039,#3040,#211,.F.);
#2378=EDGE_CURVE('',#3039,#3041,#212,.T.);
#2379=EDGE_CURVE('',#3041,#3042,#213,.T.);
#2380=EDGE_CURVE('',#3042,#3040,#214,.T.);
#2381=EDGE_CURVE('',#3043,#3044,#215,.T.);
#2382=EDGE_CURVE('',#3043,#3045,#216,.F.);
#2383=EDGE_CURVE('',#3045,#3046,#217,.T.);
#2384=EDGE_CURVE('',#3044,#3046,#218,.F.);
#2385=EDGE_CURVE('',#3047,#3048,#219,.T.);
#2386=EDGE_CURVE('',#3049,#3047,#220,.T.);
#2387=EDGE_CURVE('',#3050,#3049,#221,.T.);
#2388=EDGE_CURVE('',#3048,#3050,#222,.T.);
#2389=EDGE_CURVE('',#3048,#3041,#3483,.T.);
#2390=EDGE_CURVE('',#3051,#3050,#3484,.F.);
#2391=EDGE_CURVE('',#3051,#3052,#223,.T.);
#2392=EDGE_CURVE('',#3053,#3052,#3485,.T.);
#2393=EDGE_CURVE('',#3053,#3054,#224,.T.);
#2394=EDGE_CURVE('',#3054,#3055,#3486,.T.);
#2395=EDGE_CURVE('',#3055,#3056,#225,.T.);
#2396=EDGE_CURVE('',#3056,#3057,#3487,.T.);
#2397=EDGE_CURVE('',#3058,#3057,#226,.T.);
#2398=EDGE_CURVE('',#3058,#3059,#3488,.T.);
#2399=EDGE_CURVE('',#3060,#3059,#227,.T.);
#2400=EDGE_CURVE('',#3061,#3060,#3489,.T.);
#2401=EDGE_CURVE('',#3062,#3061,#228,.T.);
#2402=EDGE_CURVE('',#3063,#3062,#3490,.F.);
#2403=EDGE_CURVE('',#3063,#3064,#229,.T.);
#2404=EDGE_CURVE('',#3065,#3064,#3491,.T.);
#2405=EDGE_CURVE('',#3065,#3066,#230,.T.);
#2406=EDGE_CURVE('',#3066,#3067,#3492,.T.);
#2407=EDGE_CURVE('',#3067,#3068,#231,.T.);
#2408=EDGE_CURVE('',#3068,#3069,#3493,.T.);
#2409=EDGE_CURVE('',#3070,#3069,#232,.T.);
#2410=EDGE_CURVE('',#3070,#3071,#3494,.T.);
#2411=EDGE_CURVE('',#3072,#3071,#233,.T.);
#2412=EDGE_CURVE('',#3073,#3072,#3495,.T.);
#2413=EDGE_CURVE('',#3074,#3073,#234,.T.);
#2414=EDGE_CURVE('',#3075,#3074,#3496,.F.);
#2415=EDGE_CURVE('',#3075,#3076,#235,.T.);
#2416=EDGE_CURVE('',#3077,#3076,#3497,.T.);
#2417=EDGE_CURVE('',#3077,#3078,#236,.T.);
#2418=EDGE_CURVE('',#3078,#3079,#3498,.T.);
#2419=EDGE_CURVE('',#3079,#3080,#237,.T.);
#2420=EDGE_CURVE('',#3080,#3081,#3499,.T.);
#2421=EDGE_CURVE('',#3082,#3081,#238,.T.);
#2422=EDGE_CURVE('',#3082,#3083,#3500,.T.);
#2423=EDGE_CURVE('',#3084,#3083,#239,.T.);
#2424=EDGE_CURVE('',#3085,#3084,#3501,.T.);
#2425=EDGE_CURVE('',#3086,#3085,#240,.T.);
#2426=EDGE_CURVE('',#3087,#3086,#3502,.F.);
#2427=EDGE_CURVE('',#3087,#3088,#241,.T.);
#2428=EDGE_CURVE('',#3089,#3088,#3503,.T.);
#2429=EDGE_CURVE('',#3089,#3090,#242,.T.);
#2430=EDGE_CURVE('',#3090,#3091,#3504,.T.);
#2431=EDGE_CURVE('',#3091,#3092,#243,.T.);
#2432=EDGE_CURVE('',#3092,#3093,#3505,.T.);
#2433=EDGE_CURVE('',#3094,#3093,#244,.T.);
#2434=EDGE_CURVE('',#3094,#3095,#3506,.T.);
#2435=EDGE_CURVE('',#3096,#3095,#245,.T.);
#2436=EDGE_CURVE('',#3097,#3096,#3507,.T.);
#2437=EDGE_CURVE('',#3098,#3097,#246,.T.);
#2438=EDGE_CURVE('',#3099,#3098,#3508,.F.);
#2439=EDGE_CURVE('',#3099,#3100,#247,.T.);
#2440=EDGE_CURVE('',#3101,#3100,#3509,.T.);
#2441=EDGE_CURVE('',#3101,#3102,#248,.T.);
#2442=EDGE_CURVE('',#3102,#3103,#3510,.T.);
#2443=EDGE_CURVE('',#3103,#3104,#249,.T.);
#2444=EDGE_CURVE('',#3104,#3105,#3511,.T.);
#2445=EDGE_CURVE('',#3106,#3105,#250,.T.);
#2446=EDGE_CURVE('',#3106,#3107,#3512,.T.);
#2447=EDGE_CURVE('',#3108,#3107,#251,.T.);
#2448=EDGE_CURVE('',#3109,#3108,#3513,.T.);
#2449=EDGE_CURVE('',#3110,#3109,#252,.T.);
#2450=EDGE_CURVE('',#3042,#3110,#3514,.F.);
#2451=EDGE_CURVE('',#3111,#3111,#3515,.T.);
#2452=EDGE_CURVE('',#3112,#3113,#3516,.F.);
#2453=EDGE_CURVE('',#3112,#3114,#253,.T.);
#2454=EDGE_CURVE('',#3114,#3115,#3517,.F.);
#2455=EDGE_CURVE('',#3115,#3113,#254,.F.);
#2456=EDGE_CURVE('',#3044,#3047,#3518,.F.);
#2457=EDGE_CURVE('',#3046,#3116,#3519,.F.);
#2458=EDGE_CURVE('',#3117,#3116,#255,.T.);
#2459=EDGE_CURVE('',#3117,#3049,#3520,.T.);
#2460=EDGE_CURVE('',#3118,#3118,#3521,.T.);
#2461=EDGE_CURVE('',#3119,#3120,#3522,.T.);
#2462=EDGE_CURVE('',#3119,#3121,#256,.F.);
#2463=EDGE_CURVE('',#3121,#3122,#3523,.T.);
#2464=EDGE_CURVE('',#3120,#3122,#257,.F.);
#2465=EDGE_CURVE('',#3043,#3039,#3524,.T.);
#2466=EDGE_CURVE('',#3123,#3040,#3525,.F.);
#2467=EDGE_CURVE('',#3124,#3123,#258,.F.);
#2468=EDGE_CURVE('',#3045,#3124,#3526,.T.);
#2469=EDGE_CURVE('',#3125,#3126,#259,.T.);
#2470=EDGE_CURVE('',#3125,#3127,#260,.T.);
#2471=EDGE_CURVE('',#3127,#3128,#261,.T.);
#2472=EDGE_CURVE('',#3126,#3128,#262,.T.);
#2473=EDGE_CURVE('',#3129,#3130,#263,.T.);
#2474=EDGE_CURVE('',#3129,#3131,#264,.T.);
#2475=EDGE_CURVE('',#3131,#3132,#265,.T.);
#2476=EDGE_CURVE('',#3130,#3132,#266,.T.);
#2477=EDGE_CURVE('',#3133,#3134,#267,.T.);
#2478=EDGE_CURVE('',#3134,#3126,#3527,.T.);
#2479=EDGE_CURVE('',#3135,#3128,#3528,.T.);
#2480=EDGE_CURVE('',#3136,#3135,#268,.T.);
#2481=EDGE_CURVE('',#3136,#3137,#3529,.T.);
#2482=EDGE_CURVE('',#3138,#3137,#269,.T.);
#2483=EDGE_CURVE('',#3139,#3138,#3530,.T.);
#2484=EDGE_CURVE('',#3140,#3139,#270,.T.);
#2485=EDGE_CURVE('',#3140,#3141,#3531,.T.);
#2486=EDGE_CURVE('',#3141,#3142,#271,.T.);
#2487=EDGE_CURVE('',#3133,#3142,#3532,.T.);
#2488=EDGE_CURVE('',#3131,#3143,#3533,.T.);
#2489=EDGE_CURVE('',#3144,#3143,#272,.T.);
#2490=EDGE_CURVE('',#3145,#3144,#3534,.T.);
#2491=EDGE_CURVE('',#3146,#3145,#273,.T.);
#2492=EDGE_CURVE('',#3146,#3147,#3535,.T.);
#2493=EDGE_CURVE('',#3147,#3148,#274,.T.);
#2494=EDGE_CURVE('',#3149,#3148,#3536,.T.);
#2495=EDGE_CURVE('',#3149,#3150,#275,.T.);
#2496=EDGE_CURVE('',#3150,#3151,#3537,.T.);
#2497=EDGE_CURVE('',#3151,#3152,#276,.T.);
#2498=EDGE_CURVE('',#3132,#3152,#3538,.T.);
#2499=EDGE_CURVE('',#3153,#3153,#3539,.T.);
#2500=EDGE_CURVE('',#3154,#3154,#3540,.F.);
#2501=EDGE_CURVE('',#3155,#3155,#3541,.T.);
#2502=EDGE_CURVE('',#3156,#3156,#3542,.T.);
#2503=EDGE_CURVE('',#3157,#3157,#3543,.T.);
#2504=EDGE_CURVE('',#3158,#3158,#3544,.T.);
#2505=EDGE_CURVE('',#3159,#3159,#3545,.T.);
#2506=EDGE_CURVE('',#3160,#3160,#3546,.T.);
#2507=EDGE_CURVE('',#3161,#3161,#3547,.T.);
#2508=EDGE_CURVE('',#3162,#3162,#3548,.T.);
#2509=EDGE_CURVE('',#3163,#3163,#3549,.T.);
#2510=EDGE_CURVE('',#3164,#3164,#3550,.T.);
#2511=EDGE_CURVE('',#3127,#3130,#3551,.T.);
#2512=EDGE_CURVE('',#3165,#3152,#277,.T.);
#2513=EDGE_CURVE('',#3165,#3166,#3552,.T.);
#2514=EDGE_CURVE('',#3166,#3167,#278,.T.);
#2515=EDGE_CURVE('',#3167,#3168,#3553,.T.);
#2516=EDGE_CURVE('',#3169,#3168,#279,.T.);
#2517=EDGE_CURVE('',#3169,#3170,#3554,.T.);
#2518=EDGE_CURVE('',#3170,#3171,#280,.T.);
#2519=EDGE_CURVE('',#3171,#3172,#3555,.T.);
#2520=EDGE_CURVE('',#3173,#3172,#281,.T.);
#2521=EDGE_CURVE('',#3173,#3174,#3556,.T.);
#2522=EDGE_CURVE('',#3174,#3175,#282,.T.);
#2523=EDGE_CURVE('',#3175,#3176,#3557,.T.);
#2524=EDGE_CURVE('',#3177,#3176,#283,.T.);
#2525=EDGE_CURVE('',#3177,#3178,#3558,.T.);
#2526=EDGE_CURVE('',#3178,#3135,#284,.T.);
#2527=EDGE_CURVE('',#3179,#3179,#3559,.T.);
#2528=EDGE_CURVE('',#3180,#3181,#3560,.T.);
#2529=EDGE_CURVE('',#3181,#3141,#285,.T.);
#2530=EDGE_CURVE('',#3180,#3140,#286,.T.);
#2531=EDGE_CURVE('',#3182,#3182,#3561,.F.);
#2532=EDGE_CURVE('',#3183,#3183,#3562,.T.);
#2533=EDGE_CURVE('',#3184,#3184,#3563,.F.);
#2534=EDGE_CURVE('',#3185,#3146,#287,.T.);
#2535=EDGE_CURVE('',#3185,#3186,#3564,.T.);
#2536=EDGE_CURVE('',#3186,#3147,#288,.T.);
#2537=EDGE_CURVE('',#3187,#3151,#289,.T.);
#2538=EDGE_CURVE('',#3187,#3165,#290,.T.);
#2539=EDGE_CURVE('',#3188,#3166,#291,.T.);
#2540=EDGE_CURVE('',#3188,#3189,#292,.T.);
#2541=EDGE_CURVE('',#3189,#3167,#293,.T.);
#2542=EDGE_CURVE('',#3189,#3190,#3565,.T.);
#2543=EDGE_CURVE('',#3191,#3190,#294,.T.);
#2544=EDGE_CURVE('',#3192,#3191,#3566,.T.);
#2545=EDGE_CURVE('',#3193,#3192,#295,.T.);
#2546=EDGE_CURVE('',#3193,#3194,#3567,.T.);
#2547=EDGE_CURVE('',#3194,#3195,#296,.T.);
#2548=EDGE_CURVE('',#3196,#3195,#3568,.T.);
#2549=EDGE_CURVE('',#3196,#3197,#297,.T.);
#2550=EDGE_CURVE('',#3197,#3198,#3569,.T.);
#2551=EDGE_CURVE('',#3198,#3168,#298,.T.);
#2552=EDGE_CURVE('',#3199,#3199,#3570,.T.);
#2553=EDGE_CURVE('',#3200,#3200,#3571,.T.);
#2554=EDGE_CURVE('',#3201,#3201,#3572,.T.);
#2555=EDGE_CURVE('',#3038,#3202,#299,.T.);
#2556=EDGE_CURVE('',#3202,#3203,#3573,.T.);
#2557=EDGE_CURVE('',#3203,#3194,#300,.T.);
#2558=EDGE_CURVE('',#3204,#3193,#301,.T.);
#2559=EDGE_CURVE('',#3204,#3205,#3574,.T.);
#2560=EDGE_CURVE('',#3206,#3205,#302,.T.);
#2561=EDGE_CURVE('',#2997,#3206,#303,.T.);
#2562=EDGE_CURVE('',#3207,#3198,#304,.T.);
#2563=EDGE_CURVE('',#3207,#3169,#305,.T.);
#2564=EDGE_CURVE('',#3208,#3170,#306,.T.);
#2565=EDGE_CURVE('',#3208,#3209,#307,.T.);
#2566=EDGE_CURVE('',#3209,#3171,#308,.T.);
#2567=EDGE_CURVE('',#3209,#3210,#3575,.T.);
#2568=EDGE_CURVE('',#3211,#3210,#309,.T.);
#2569=EDGE_CURVE('',#3212,#3211,#3576,.T.);
#2570=EDGE_CURVE('',#3213,#3212,#310,.T.);
#2571=EDGE_CURVE('',#3213,#3214,#3577,.T.);
#2572=EDGE_CURVE('',#3214,#3215,#311,.T.);
#2573=EDGE_CURVE('',#3216,#3215,#3578,.T.);
#2574=EDGE_CURVE('',#3216,#3217,#312,.T.);
#2575=EDGE_CURVE('',#3217,#3218,#3579,.T.);
#2576=EDGE_CURVE('',#3218,#3172,#313,.T.);
#2577=EDGE_CURVE('',#3219,#3219,#3580,.F.);
#2578=EDGE_CURVE('',#3220,#3220,#3581,.F.);
#2579=EDGE_CURVE('',#3221,#3221,#3582,.T.);
#2580=EDGE_CURVE('',#3222,#3222,#3583,.F.);
#2581=EDGE_CURVE('',#3223,#3213,#314,.T.);
#2582=EDGE_CURVE('',#3223,#3224,#3584,.T.);
#2583=EDGE_CURVE('',#3224,#3214,#315,.T.);
#2584=EDGE_CURVE('',#3054,#3112,#316,.T.);
#2585=EDGE_CURVE('',#3053,#3114,#317,.T.);
#2586=EDGE_CURVE('',#3225,#3117,#318,.T.);
#2587=EDGE_CURVE('',#3226,#3116,#319,.T.);
#2588=EDGE_CURVE('',#3226,#3225,#320,.T.);
#2589=EDGE_CURVE('',#3115,#3227,#321,.T.);
#2590=EDGE_CURVE('',#3228,#3227,#322,.T.);
#2591=EDGE_CURVE('',#3113,#3228,#323,.T.);
#2592=EDGE_CURVE('',#3229,#3123,#324,.T.);
#2593=EDGE_CURVE('',#3230,#3110,#325,.T.);
#2594=EDGE_CURVE('',#3230,#3231,#3585,.T.);
#2595=EDGE_CURVE('',#3231,#3051,#326,.T.);
#2596=EDGE_CURVE('',#3232,#3225,#327,.T.);
#2597=EDGE_CURVE('',#3233,#3232,#3586,.T.);
#2598=EDGE_CURVE('',#3234,#3233,#328,.T.);
#2599=EDGE_CURVE('',#3235,#3234,#3587,.T.);
#2600=EDGE_CURVE('',#3235,#3229,#329,.T.);
#2601=EDGE_CURVE('',#3236,#3236,#3588,.T.);
#2602=EDGE_CURVE('',#3237,#3237,#3589,.T.);
#2603=EDGE_CURVE('',#3238,#3238,#3590,.T.);
#2604=EDGE_CURVE('',#3239,#3239,#3591,.T.);
#2605=EDGE_CURVE('',#3240,#3240,#3592,.T.);
#2606=EDGE_CURVE('',#3241,#3241,#3593,.T.);
#2607=EDGE_CURVE('',#3242,#3242,#3594,.T.);
#2608=EDGE_CURVE('',#3243,#3243,#3595,.T.);
#2609=EDGE_CURVE('',#3056,#3244,#330,.T.);
#2610=EDGE_CURVE('',#3245,#3244,#3596,.T.);
#2611=EDGE_CURVE('',#3105,#3245,#331,.T.);
#2612=EDGE_CURVE('',#3104,#3246,#332,.T.);
#2613=EDGE_CURVE('',#3247,#3246,#3597,.T.);
#2614=EDGE_CURVE('',#3093,#3247,#333,.T.);
#2615=EDGE_CURVE('',#3092,#3248,#334,.T.);
#2616=EDGE_CURVE('',#3249,#3248,#3598,.T.);
#2617=EDGE_CURVE('',#3081,#3249,#335,.T.);
#2618=EDGE_CURVE('',#3080,#3250,#336,.T.);
#2619=EDGE_CURVE('',#3251,#3250,#3599,.T.);
#2620=EDGE_CURVE('',#3069,#3251,#337,.T.);
#2621=EDGE_CURVE('',#3068,#3252,#338,.T.);
#2622=EDGE_CURVE('',#3253,#3252,#3600,.T.);
#2623=EDGE_CURVE('',#3057,#3253,#339,.T.);
#2624=EDGE_CURVE('',#3254,#3255,#3601,.T.);
#2625=EDGE_CURVE('',#3255,#3256,#340,.T.);
#2626=EDGE_CURVE('',#3257,#3256,#341,.T.);
#2627=EDGE_CURVE('',#3258,#3257,#342,.T.);
#2628=EDGE_CURVE('',#3258,#3259,#3602,.T.);
#2629=EDGE_CURVE('',#3259,#3254,#343,.T.);
#2630=EDGE_CURVE('',#3260,#3260,#3603,.T.);
#2631=EDGE_CURVE('',#3261,#3218,#344,.T.);
#2632=EDGE_CURVE('',#3261,#3173,#345,.T.);
#2633=EDGE_CURVE('',#3262,#3174,#346,.T.);
#2634=EDGE_CURVE('',#3262,#3263,#347,.T.);
#2635=EDGE_CURVE('',#3263,#3175,#348,.T.);
#2636=EDGE_CURVE('',#3263,#3264,#3604,.T.);
#2637=EDGE_CURVE('',#3265,#3264,#349,.T.);
#2638=EDGE_CURVE('',#3266,#3265,#3605,.T.);
#2639=EDGE_CURVE('',#3267,#3266,#350,.T.);
#2640=EDGE_CURVE('',#3267,#3268,#3606,.T.);
#2641=EDGE_CURVE('',#3268,#3269,#351,.T.);
#2642=EDGE_CURVE('',#3270,#3269,#3607,.T.);
#2643=EDGE_CURVE('',#3270,#3271,#352,.T.);
#2644=EDGE_CURVE('',#3271,#3272,#3608,.T.);
#2645=EDGE_CURVE('',#3272,#3176,#353,.T.);
#2646=EDGE_CURVE('',#3273,#3273,#3609,.F.);
#2647=EDGE_CURVE('',#3274,#3274,#3610,.T.);
#2648=EDGE_CURVE('',#3275,#3275,#3611,.T.);
#2649=EDGE_CURVE('',#3276,#3276,#3612,.F.);
#2650=EDGE_CURVE('',#3277,#3267,#354,.T.);
#2651=EDGE_CURVE('',#3277,#3278,#3613,.T.);
#2652=EDGE_CURVE('',#3278,#3268,#355,.T.);
#2653=EDGE_CURVE('',#3279,#3178,#356,.T.);
#2654=EDGE_CURVE('',#3279,#3136,#357,.T.);
#2655=EDGE_CURVE('',#3280,#3272,#358,.T.);
#2656=EDGE_CURVE('',#3280,#3177,#359,.T.);
#2657=EDGE_CURVE('',#3281,#3281,#3614,.F.);
#2658=EDGE_CURVE('',#3282,#3282,#3615,.T.);
#2659=EDGE_CURVE('',#3283,#3028,#360,.T.);
#2660=EDGE_CURVE('',#3283,#3284,#361,.T.);
#2661=EDGE_CURVE('',#3284,#3285,#362,.T.);
#2662=EDGE_CURVE('',#3229,#3285,#363,.T.);
#2663=EDGE_CURVE('',#3235,#3286,#364,.T.);
#2664=EDGE_CURVE('',#3286,#3287,#365,.T.);
#2665=EDGE_CURVE('',#3287,#3288,#366,.T.);
#2666=EDGE_CURVE('',#3289,#3288,#367,.T.);
#2667=EDGE_CURVE('',#3289,#3258,#368,.T.);
#2668=EDGE_CURVE('',#3290,#3257,#369,.T.);
#2669=EDGE_CURVE('',#3290,#3291,#370,.T.);
#2670=EDGE_CURVE('',#3291,#3292,#371,.T.);
#2671=EDGE_CURVE('',#3026,#3292,#372,.T.);
#2672=EDGE_CURVE('',#3293,#3294,#373,.T.);
#2673=EDGE_CURVE('',#3293,#3027,#374,.T.);
#2674=EDGE_CURVE('',#3025,#3295,#375,.T.);
#2675=EDGE_CURVE('',#3296,#3295,#376,.T.);
#2676=EDGE_CURVE('',#3297,#3296,#377,.T.);
#2677=EDGE_CURVE('',#3297,#3256,#378,.T.);
#2678=EDGE_CURVE('',#3298,#3255,#379,.T.);
#2679=EDGE_CURVE('',#3298,#3299,#380,.T.);
#2680=EDGE_CURVE('',#3300,#3299,#381,.T.);
#2681=EDGE_CURVE('',#3301,#3300,#382,.T.);
#2682=EDGE_CURVE('',#3232,#3301,#383,.T.);
#2683=EDGE_CURVE('',#3294,#3226,#384,.T.);
#2684=EDGE_CURVE('',#3283,#3293,#385,.T.);
#2685=EDGE_CURVE('',#3284,#3294,#386,.T.);
#2686=EDGE_CURVE('',#2995,#3302,#387,.T.);
#2687=EDGE_CURVE('',#3019,#3303,#388,.T.);
#2688=EDGE_CURVE('',#3303,#3302,#389,.T.);
#2689=EDGE_CURVE('',#3001,#3304,#390,.T.);
#2690=EDGE_CURVE('',#3305,#3304,#391,.T.);
#2691=EDGE_CURVE('',#3002,#3305,#392,.T.);
#2692=EDGE_CURVE('',#3292,#3295,#393,.T.);
#2693=EDGE_CURVE('',#3291,#3296,#394,.T.);
#2694=EDGE_CURVE('',#3202,#3306,#395,.T.);
#2695=EDGE_CURVE('',#3306,#3307,#3616,.T.);
#2696=EDGE_CURVE('',#3307,#3032,#3617,.T.);
#2697=EDGE_CURVE('',#3308,#3031,#3618,.T.);
#2698=EDGE_CURVE('',#3205,#3308,#396,.T.);
#2699=EDGE_CURVE('',#3204,#3309,#397,.T.);
#2700=EDGE_CURVE('',#3309,#3310,#3619,.T.);
#2701=EDGE_CURVE('',#3310,#3311,#398,.T.);
#2702=EDGE_CURVE('',#3188,#3311,#3620,.T.);
#2703=EDGE_CURVE('',#3312,#3187,#3621,.T.);
#2704=EDGE_CURVE('',#3313,#3312,#399,.T.);
#2705=EDGE_CURVE('',#3313,#3314,#3622,.T.);
#2706=EDGE_CURVE('',#3186,#3314,#400,.T.);
#2707=EDGE_CURVE('',#3185,#3315,#401,.T.);
#2708=EDGE_CURVE('',#3315,#3316,#3623,.T.);
#2709=EDGE_CURVE('',#3316,#3317,#402,.T.);
#2710=EDGE_CURVE('',#3129,#3317,#3624,.T.);
#2711=EDGE_CURVE('',#3318,#3125,#3625,.T.);
#2712=EDGE_CURVE('',#3319,#3318,#403,.T.);
#2713=EDGE_CURVE('',#3319,#3320,#3626,.T.);
#2714=EDGE_CURVE('',#3181,#3320,#404,.T.);
#2715=EDGE_CURVE('',#3180,#3321,#405,.T.);
#2716=EDGE_CURVE('',#3321,#3322,#3627,.T.);
#2717=EDGE_CURVE('',#3322,#3323,#406,.T.);
#2718=EDGE_CURVE('',#3279,#3323,#3628,.T.);
#2719=EDGE_CURVE('',#3324,#3280,#3629,.T.);
#2720=EDGE_CURVE('',#3325,#3324,#407,.T.);
#2721=EDGE_CURVE('',#3325,#3326,#3630,.T.);
#2722=EDGE_CURVE('',#3278,#3326,#408,.T.);
#2723=EDGE_CURVE('',#3277,#3327,#409,.T.);
#2724=EDGE_CURVE('',#3327,#3328,#3631,.T.);
#2725=EDGE_CURVE('',#3328,#3329,#410,.T.);
#2726=EDGE_CURVE('',#3262,#3329,#3632,.T.);
#2727=EDGE_CURVE('',#3330,#3261,#3633,.T.);
#2728=EDGE_CURVE('',#3331,#3330,#411,.T.);
#2729=EDGE_CURVE('',#3331,#3332,#3634,.T.);
#2730=EDGE_CURVE('',#3224,#3332,#412,.T.);
#2731=EDGE_CURVE('',#3223,#3333,#413,.T.);
#2732=EDGE_CURVE('',#3333,#3334,#3635,.T.);
#2733=EDGE_CURVE('',#3334,#3335,#414,.T.);
#2734=EDGE_CURVE('',#3208,#3335,#3636,.T.);
#2735=EDGE_CURVE('',#3336,#3207,#3637,.T.);
#2736=EDGE_CURVE('',#3337,#3336,#415,.T.);
#2737=EDGE_CURVE('',#3337,#3338,#3638,.T.);
#2738=EDGE_CURVE('',#3203,#3338,#416,.T.);
#2739=EDGE_CURVE('',#3108,#3119,#417,.T.);
#2740=EDGE_CURVE('',#3107,#3121,#418,.T.);
#2741=EDGE_CURVE('',#3233,#3254,#419,.T.);
#2742=EDGE_CURVE('',#3234,#3259,#420,.T.);
#2743=EDGE_CURVE('',#3339,#3120,#421,.T.);
#2744=EDGE_CURVE('',#3340,#3122,#422,.T.);
#2745=EDGE_CURVE('',#3340,#3339,#423,.T.);
#2746=EDGE_CURVE('',#3341,#3341,#3639,.F.);
#2747=EDGE_CURVE('',#3342,#3342,#3640,.T.);
#2748=EDGE_CURVE('',#3343,#3099,#424,.T.);
#2749=EDGE_CURVE('',#3344,#3098,#425,.T.);
#2750=EDGE_CURVE('',#3344,#3343,#3641,.T.);
#2751=EDGE_CURVE('',#3345,#3345,#3642,.F.);
#2752=EDGE_CURVE('',#3346,#3346,#3643,.T.);
#2753=EDGE_CURVE('',#3347,#3087,#426,.T.);
#2754=EDGE_CURVE('',#3348,#3086,#427,.T.);
#2755=EDGE_CURVE('',#3348,#3347,#3644,.T.);
#2756=EDGE_CURVE('',#3349,#3349,#3645,.T.);
#2757=EDGE_CURVE('',#3350,#3350,#3646,.F.);
#2758=EDGE_CURVE('',#3351,#3075,#428,.T.);
#2759=EDGE_CURVE('',#3352,#3074,#429,.T.);
#2760=EDGE_CURVE('',#3352,#3351,#3647,.T.);
#2761=EDGE_CURVE('',#3353,#3353,#3648,.F.);
#2762=EDGE_CURVE('',#3354,#3354,#3649,.T.);
#2763=EDGE_CURVE('',#3355,#3063,#430,.T.);
#2764=EDGE_CURVE('',#3356,#3062,#431,.T.);
#2765=EDGE_CURVE('',#3356,#3355,#3650,.T.);
#2766=EDGE_CURVE('',#3052,#3357,#432,.T.);
#2767=EDGE_CURVE('',#3358,#3357,#3651,.T.);
#2768=EDGE_CURVE('',#3227,#3358,#433,.T.);
#2769=EDGE_CURVE('',#3228,#3359,#434,.T.);
#2770=EDGE_CURVE('',#3359,#3360,#3652,.T.);
#2771=EDGE_CURVE('',#3055,#3360,#435,.T.);
#2772=EDGE_CURVE('',#3358,#3359,#436,.T.);
#2773=EDGE_CURVE('',#3340,#3361,#437,.T.);
#2774=EDGE_CURVE('',#3362,#3361,#438,.T.);
#2775=EDGE_CURVE('',#3339,#3362,#439,.T.);
#2776=EDGE_CURVE('',#3363,#3364,#440,.T.);
#2777=EDGE_CURVE('',#3364,#3287,#441,.T.);
#2778=EDGE_CURVE('',#3286,#3363,#3653,.T.);
#2779=EDGE_CURVE('',#3365,#3288,#442,.T.);
#2780=EDGE_CURVE('',#3366,#3365,#443,.T.);
#2781=EDGE_CURVE('',#3289,#3366,#3654,.T.);
#2782=EDGE_CURVE('',#3290,#3297,#444,.T.);
#2783=EDGE_CURVE('',#3091,#3367,#445,.T.);
#2784=EDGE_CURVE('',#3367,#3248,#446,.T.);
#2785=EDGE_CURVE('',#3094,#3368,#447,.T.);
#2786=EDGE_CURVE('',#3368,#3247,#448,.T.);
#2787=EDGE_CURVE('',#3369,#3367,#3655,.T.);
#2788=EDGE_CURVE('',#3370,#3369,#449,.T.);
#2789=EDGE_CURVE('',#3370,#3371,#3656,.T.);
#2790=EDGE_CURVE('',#3347,#3371,#450,.T.);
#2791=EDGE_CURVE('',#3348,#3372,#451,.T.);
#2792=EDGE_CURVE('',#3372,#3373,#3657,.T.);
#2793=EDGE_CURVE('',#3373,#3374,#452,.T.);
#2794=EDGE_CURVE('',#3375,#3374,#3658,.T.);
#2795=EDGE_CURVE('',#3375,#3249,#453,.T.);
#2796=EDGE_CURVE('',#3368,#3376,#3659,.T.);
#2797=EDGE_CURVE('',#3377,#3246,#454,.T.);
#2798=EDGE_CURVE('',#3378,#3377,#3660,.T.);
#2799=EDGE_CURVE('',#3379,#3378,#455,.T.);
#2800=EDGE_CURVE('',#3379,#3380,#3661,.T.);
#2801=EDGE_CURVE('',#3343,#3380,#456,.T.);
#2802=EDGE_CURVE('',#3344,#3381,#457,.T.);
#2803=EDGE_CURVE('',#3381,#3382,#3662,.T.);
#2804=EDGE_CURVE('',#3382,#3376,#458,.T.);
#2805=EDGE_CURVE('',#3383,#3383,#3663,.T.);
#2806=EDGE_CURVE('',#3384,#3384,#3664,.F.);
#2807=EDGE_CURVE('',#3103,#3377,#459,.T.);
#2808=EDGE_CURVE('',#3106,#3385,#460,.T.);
#2809=EDGE_CURVE('',#3385,#3245,#461,.T.);
#2810=EDGE_CURVE('',#3385,#3361,#3665,.T.);
#2811=EDGE_CURVE('',#3360,#3244,#462,.T.);
#2812=EDGE_CURVE('',#3231,#3357,#463,.T.);
#2813=EDGE_CURVE('',#3230,#3386,#464,.T.);
#2814=EDGE_CURVE('',#3386,#3362,#3666,.T.);
#2815=EDGE_CURVE('',#3363,#3366,#465,.T.);
#2816=EDGE_CURVE('',#3387,#3387,#3667,.F.);
#2817=EDGE_CURVE('',#3058,#3388,#466,.T.);
#2818=EDGE_CURVE('',#3388,#3253,#467,.T.);
#2819=EDGE_CURVE('',#3388,#3389,#3668,.T.);
#2820=EDGE_CURVE('',#3390,#3252,#468,.T.);
#2821=EDGE_CURVE('',#3391,#3390,#3669,.T.);
#2822=EDGE_CURVE('',#3392,#3391,#469,.T.);
#2823=EDGE_CURVE('',#3392,#3393,#3670,.T.);
#2824=EDGE_CURVE('',#3355,#3393,#470,.T.);
#2825=EDGE_CURVE('',#3356,#3394,#471,.T.);
#2826=EDGE_CURVE('',#3394,#3395,#3671,.T.);
#2827=EDGE_CURVE('',#3395,#3389,#472,.T.);
#2828=EDGE_CURVE('',#3396,#3397,#473,.T.);
#2829=EDGE_CURVE('',#3397,#3298,#3672,.T.);
#2830=EDGE_CURVE('',#3396,#3301,#3673,.T.);
#2831=EDGE_CURVE('',#3398,#3398,#3674,.T.);
#2832=EDGE_CURVE('',#3067,#3390,#474,.T.);
#2833=EDGE_CURVE('',#3070,#3399,#475,.T.);
#2834=EDGE_CURVE('',#3399,#3251,#476,.T.);
#2835=EDGE_CURVE('',#3399,#3400,#3675,.T.);
#2836=EDGE_CURVE('',#3401,#3250,#477,.T.);
#2837=EDGE_CURVE('',#3402,#3401,#3676,.T.);
#2838=EDGE_CURVE('',#3403,#3402,#478,.T.);
#2839=EDGE_CURVE('',#3403,#3404,#3677,.T.);
#2840=EDGE_CURVE('',#3351,#3404,#479,.T.);
#2841=EDGE_CURVE('',#3352,#3405,#480,.T.);
#2842=EDGE_CURVE('',#3405,#3406,#3678,.T.);
#2843=EDGE_CURVE('',#3406,#3400,#481,.T.);
#2844=EDGE_CURVE('',#3407,#3407,#3679,.T.);
#2845=EDGE_CURVE('',#3408,#3408,#3680,.F.);
#2846=EDGE_CURVE('',#3079,#3401,#482,.T.);
#2847=EDGE_CURVE('',#3082,#3375,#483,.T.);
#2848=EDGE_CURVE('',#3409,#3409,#3681,.T.);
#2849=EDGE_CURVE('',#3410,#3410,#3682,.F.);
#2850=EDGE_CURVE('',#3076,#3404,#484,.T.);
#2851=EDGE_CURVE('',#3085,#3372,#485,.T.);
#2852=EDGE_CURVE('',#3411,#3411,#3683,.T.);
#2853=EDGE_CURVE('',#3412,#3412,#3684,.F.);
#2854=EDGE_CURVE('',#3077,#3403,#486,.T.);
#2855=EDGE_CURVE('',#3078,#3402,#487,.T.);
#2856=EDGE_CURVE('',#3083,#3374,#488,.T.);
#2857=EDGE_CURVE('',#3084,#3373,#489,.T.);
#2858=EDGE_CURVE('',#3064,#3393,#490,.T.);
#2859=EDGE_CURVE('',#3073,#3405,#491,.T.);
#2860=EDGE_CURVE('',#3413,#3413,#3685,.T.);
#2861=EDGE_CURVE('',#3414,#3414,#3686,.F.);
#2862=EDGE_CURVE('',#3065,#3392,#492,.T.);
#2863=EDGE_CURVE('',#3066,#3391,#493,.T.);
#2864=EDGE_CURVE('',#3071,#3400,#494,.T.);
#2865=EDGE_CURVE('',#3072,#3406,#495,.T.);
#2866=EDGE_CURVE('',#3061,#3394,#496,.T.);
#2867=EDGE_CURVE('',#3415,#3415,#3687,.T.);
#2868=EDGE_CURVE('',#3300,#3416,#497,.T.);
#2869=EDGE_CURVE('',#3396,#3416,#498,.T.);
#2870=EDGE_CURVE('',#3397,#3417,#499,.T.);
#2871=EDGE_CURVE('',#3299,#3417,#500,.T.);
#2872=EDGE_CURVE('',#3417,#3416,#501,.T.);
#2873=EDGE_CURVE('',#3059,#3389,#502,.T.);
#2874=EDGE_CURVE('',#3060,#3395,#503,.T.);
#2875=EDGE_CURVE('',#3100,#3380,#504,.T.);
#2876=EDGE_CURVE('',#3109,#3386,#505,.T.);
#2877=EDGE_CURVE('',#3418,#3418,#3688,.T.);
#2878=EDGE_CURVE('',#3419,#3419,#3689,.F.);
#2879=EDGE_CURVE('',#3101,#3379,#506,.T.);
#2880=EDGE_CURVE('',#3102,#3378,#507,.T.);
#2881=EDGE_CURVE('',#3365,#3364,#508,.T.);
#2882=EDGE_CURVE('',#3088,#3371,#509,.T.);
#2883=EDGE_CURVE('',#3097,#3381,#510,.T.);
#2884=EDGE_CURVE('',#3420,#3420,#3690,.T.);
#2885=EDGE_CURVE('',#3421,#3421,#3691,.F.);
#2886=EDGE_CURVE('',#3089,#3370,#511,.T.);
#2887=EDGE_CURVE('',#3090,#3369,#512,.T.);
#2888=EDGE_CURVE('',#3095,#3376,#513,.T.);
#2889=EDGE_CURVE('',#3096,#3382,#514,.T.);
#2890=EDGE_CURVE('',#3304,#3302,#515,.T.);
#2891=EDGE_CURVE('',#3305,#3303,#516,.T.);
#2892=EDGE_CURVE('',#3422,#3423,#517,.T.);
#2893=EDGE_CURVE('',#3422,#3424,#3692,.T.);
#2894=EDGE_CURVE('',#3424,#3425,#518,.T.);
#2895=EDGE_CURVE('',#3423,#3425,#3693,.T.);
#2896=EDGE_CURVE('',#3426,#3427,#519,.T.);
#2897=EDGE_CURVE('',#3426,#3428,#3694,.T.);
#2898=EDGE_CURVE('',#3428,#3429,#520,.T.);
#2899=EDGE_CURVE('',#3427,#3429,#3695,.T.);
#2900=EDGE_CURVE('',#3430,#3431,#521,.T.);
#2901=EDGE_CURVE('',#3430,#3432,#3696,.T.);
#2902=EDGE_CURVE('',#3432,#3433,#522,.T.);
#2903=EDGE_CURVE('',#3431,#3433,#3697,.T.);
#2904=EDGE_CURVE('',#3434,#3435,#3698,.T.);
#2905=EDGE_CURVE('',#3436,#3434,#523,.T.);
#2906=EDGE_CURVE('',#3436,#3437,#3699,.T.);
#2907=EDGE_CURVE('',#3437,#3435,#524,.T.);
#2908=EDGE_CURVE('',#3427,#3018,#525,.T.);
#2909=EDGE_CURVE('',#3015,#3429,#526,.T.);
#2910=EDGE_CURVE('',#3423,#3014,#527,.T.);
#2911=EDGE_CURVE('',#3011,#3425,#528,.T.);
#2912=EDGE_CURVE('',#3434,#3010,#529,.T.);
#2913=EDGE_CURVE('',#3007,#3435,#530,.T.);
#2914=EDGE_CURVE('',#3431,#3006,#531,.T.);
#2915=EDGE_CURVE('',#3003,#3433,#532,.T.);
#2916=EDGE_CURVE('',#3437,#3008,#533,.T.);
#2917=EDGE_CURVE('',#3009,#3436,#534,.T.);
#2918=EDGE_CURVE('',#3005,#3430,#535,.T.);
#2919=EDGE_CURVE('',#3432,#3004,#536,.T.);
#2920=EDGE_CURVE('',#3017,#3426,#537,.T.);
#2921=EDGE_CURVE('',#3428,#3016,#538,.T.);
#2922=EDGE_CURVE('',#3013,#3422,#539,.T.);
#2923=EDGE_CURVE('',#3424,#3012,#540,.T.);
#2924=EDGE_CURVE('',#3285,#3124,#541,.T.);
#2925=EDGE_CURVE('',#3438,#3438,#3700,.F.);
#2926=EDGE_CURVE('',#3439,#3000,#542,.T.);
#2927=EDGE_CURVE('',#3035,#3439,#3701,.T.);
#2928=EDGE_CURVE('',#3321,#3139,#543,.T.);
#2929=EDGE_CURVE('',#3326,#3269,#544,.T.);
#2930=EDGE_CURVE('',#3440,#3440,#3702,.F.);
#2931=EDGE_CURVE('',#3441,#3441,#3703,.T.);
#2932=EDGE_CURVE('',#3324,#3271,#545,.T.);
#2933=EDGE_CURVE('',#3325,#3270,#546,.T.);
#2934=EDGE_CURVE('',#3322,#3138,#547,.T.);
#2935=EDGE_CURVE('',#3323,#3137,#548,.T.);
#2936=EDGE_CURVE('',#3332,#3215,#549,.T.);
#2937=EDGE_CURVE('',#3327,#3266,#550,.T.);
#2938=EDGE_CURVE('',#3442,#3442,#3704,.F.);
#2939=EDGE_CURVE('',#3443,#3443,#3705,.T.);
#2940=EDGE_CURVE('',#3330,#3217,#551,.T.);
#2941=EDGE_CURVE('',#3331,#3216,#552,.T.);
#2942=EDGE_CURVE('',#3328,#3265,#553,.T.);
#2943=EDGE_CURVE('',#3329,#3264,#554,.T.);
#2944=EDGE_CURVE('',#3338,#3195,#555,.T.);
#2945=EDGE_CURVE('',#3333,#3212,#556,.T.);
#2946=EDGE_CURVE('',#3444,#3444,#3706,.F.);
#2947=EDGE_CURVE('',#3334,#3211,#557,.T.);
#2948=EDGE_CURVE('',#3335,#3210,#558,.T.);
#2949=EDGE_CURVE('',#3337,#3196,#559,.T.);
#2950=EDGE_CURVE('',#3336,#3197,#560,.T.);
#2951=EDGE_CURVE('',#3314,#3148,#561,.T.);
#2952=EDGE_CURVE('',#3309,#3192,#562,.T.);
#2953=EDGE_CURVE('',#3445,#3445,#3707,.T.);
#2954=EDGE_CURVE('',#3312,#3150,#563,.T.);
#2955=EDGE_CURVE('',#3313,#3149,#564,.T.);
#2956=EDGE_CURVE('',#3311,#3190,#565,.T.);
#2957=EDGE_CURVE('',#3310,#3191,#566,.T.);
#2958=EDGE_CURVE('',#3320,#3142,#567,.T.);
#2959=EDGE_CURVE('',#3315,#3145,#568,.T.);
#2960=EDGE_CURVE('',#3446,#3446,#3708,.F.);
#2961=EDGE_CURVE('',#3447,#3447,#3709,.T.);
#2962=EDGE_CURVE('',#3318,#3134,#569,.T.);
#2963=EDGE_CURVE('',#3319,#3133,#570,.T.);
#2964=EDGE_CURVE('',#3316,#3144,#571,.T.);
#2965=EDGE_CURVE('',#3317,#3143,#572,.T.);
#2966=EDGE_CURVE('',#3036,#3448,#3710,.T.);
#2967=EDGE_CURVE('',#3307,#3448,#573,.T.);
#2968=EDGE_CURVE('',#3037,#3306,#574,.T.);
#2969=EDGE_CURVE('',#3449,#3449,#3711,.T.);
#2970=EDGE_CURVE('',#3030,#3439,#575,.T.);
#2971=EDGE_CURVE('',#3450,#3029,#576,.F.);
#2972=EDGE_CURVE('',#3450,#3451,#3712,.T.);
#2973=EDGE_CURVE('',#3451,#3448,#577,.F.);
#2974=EDGE_CURVE('',#3206,#3452,#578,.T.);
#2975=EDGE_CURVE('',#2998,#3452,#579,.T.);
#2976=EDGE_CURVE('',#3452,#3308,#580,.T.);
#2977=EDGE_CURVE('',#3031,#2999,#581,.T.);
#2978=EDGE_CURVE('',#3023,#3307,#582,.T.);
#2979=EDGE_CURVE('',#3024,#3451,#583,.T.);
#2980=EDGE_CURVE('',#3021,#3450,#584,.T.);
#2981=EDGE_CURVE('',#3022,#3032,#585,.T.);
#2982=EDGE_CURVE('',#3453,#3454,#586,.T.);
#2983=EDGE_CURVE('',#3453,#3455,#587,.T.);
#2984=EDGE_CURVE('',#3456,#3455,#588,.T.);
#2985=EDGE_CURVE('',#3456,#3454,#589,.T.);
#2986=EDGE_CURVE('',#3454,#3457,#590,.T.);
#2987=EDGE_CURVE('',#3458,#3457,#591,.T.);
#2988=EDGE_CURVE('',#3458,#3453,#592,.T.);
#2989=EDGE_CURVE('',#3459,#3456,#3713,.T.);
#2990=EDGE_CURVE('',#3457,#3459,#593,.T.);
#2991=EDGE_CURVE('',#3459,#3460,#594,.T.);
#2992=EDGE_CURVE('',#3458,#3460,#595,.T.);
#2993=EDGE_CURVE('',#3460,#3455,#3714,.T.);
#2994=VERTEX_POINT('',#6622);
#2995=VERTEX_POINT('',#6623);
#2996=VERTEX_POINT('',#6625);
#2997=VERTEX_POINT('',#6627);
#2998=VERTEX_POINT('',#6629);
#2999=VERTEX_POINT('',#6631);
#3000=VERTEX_POINT('',#6633);
#3001=VERTEX_POINT('',#6635);
#3002=VERTEX_POINT('',#6637);
#3003=VERTEX_POINT('',#6639);
#3004=VERTEX_POINT('',#6641);
#3005=VERTEX_POINT('',#6643);
#3006=VERTEX_POINT('',#6645);
#3007=VERTEX_POINT('',#6647);
#3008=VERTEX_POINT('',#6649);
#3009=VERTEX_POINT('',#6651);
#3010=VERTEX_POINT('',#6653);
#3011=VERTEX_POINT('',#6655);
#3012=VERTEX_POINT('',#6657);
#3013=VERTEX_POINT('',#6659);
#3014=VERTEX_POINT('',#6661);
#3015=VERTEX_POINT('',#6663);
#3016=VERTEX_POINT('',#6665);
#3017=VERTEX_POINT('',#6667);
#3018=VERTEX_POINT('',#6669);
#3019=VERTEX_POINT('',#6671);
#3020=VERTEX_POINT('',#6674);
#3021=VERTEX_POINT('',#6676);
#3022=VERTEX_POINT('',#6677);
#3023=VERTEX_POINT('',#6679);
#3024=VERTEX_POINT('',#6681);
#3025=VERTEX_POINT('',#6685);
#3026=VERTEX_POINT('',#6686);
#3027=VERTEX_POINT('',#6688);
#3028=VERTEX_POINT('',#6690);
#3029=VERTEX_POINT('',#6694);
#3030=VERTEX_POINT('',#6695);
#3031=VERTEX_POINT('',#6697);
#3032=VERTEX_POINT('',#6699);
#3033=VERTEX_POINT('',#6703);
#3034=VERTEX_POINT('',#6705);
#3035=VERTEX_POINT('',#6708);
#3036=VERTEX_POINT('',#6710);
#3037=VERTEX_POINT('',#6712);
#3038=VERTEX_POINT('',#6714);
#3039=VERTEX_POINT('',#6718);
#3040=VERTEX_POINT('',#6719);
#3041=VERTEX_POINT('',#6721);
#3042=VERTEX_POINT('',#6723);
#3043=VERTEX_POINT('',#6727);
#3044=VERTEX_POINT('',#6728);
#3045=VERTEX_POINT('',#6730);
#3046=VERTEX_POINT('',#6732);
#3047=VERTEX_POINT('',#6736);
#3048=VERTEX_POINT('',#6737);
#3049=VERTEX_POINT('',#6739);
#3050=VERTEX_POINT('',#6741);
#3051=VERTEX_POINT('',#6746);
#3052=VERTEX_POINT('',#6748);
#3053=VERTEX_POINT('',#6750);
#3054=VERTEX_POINT('',#6752);
#3055=VERTEX_POINT('',#6754);
#3056=VERTEX_POINT('',#6756);
#3057=VERTEX_POINT('',#6758);
#3058=VERTEX_POINT('',#6760);
#3059=VERTEX_POINT('',#6762);
#3060=VERTEX_POINT('',#6764);
#3061=VERTEX_POINT('',#6766);
#3062=VERTEX_POINT('',#6768);
#3063=VERTEX_POINT('',#6770);
#3064=VERTEX_POINT('',#6772);
#3065=VERTEX_POINT('',#6774);
#3066=VERTEX_POINT('',#6776);
#3067=VERTEX_POINT('',#6778);
#3068=VERTEX_POINT('',#6780);
#3069=VERTEX_POINT('',#6782);
#3070=VERTEX_POINT('',#6784);
#3071=VERTEX_POINT('',#6786);
#3072=VERTEX_POINT('',#6788);
#3073=VERTEX_POINT('',#6790);
#3074=VERTEX_POINT('',#6792);
#3075=VERTEX_POINT('',#6794);
#3076=VERTEX_POINT('',#6796);
#3077=VERTEX_POINT('',#6798);
#3078=VERTEX_POINT('',#6800);
#3079=VERTEX_POINT('',#6802);
#3080=VERTEX_POINT('',#6804);
#3081=VERTEX_POINT('',#6806);
#3082=VERTEX_POINT('',#6808);
#3083=VERTEX_POINT('',#6810);
#3084=VERTEX_POINT('',#6812);
#3085=VERTEX_POINT('',#6814);
#3086=VERTEX_POINT('',#6816);
#3087=VERTEX_POINT('',#6818);
#3088=VERTEX_POINT('',#6820);
#3089=VERTEX_POINT('',#6822);
#3090=VERTEX_POINT('',#6824);
#3091=VERTEX_POINT('',#6826);
#3092=VERTEX_POINT('',#6828);
#3093=VERTEX_POINT('',#6830);
#3094=VERTEX_POINT('',#6832);
#3095=VERTEX_POINT('',#6834);
#3096=VERTEX_POINT('',#6836);
#3097=VERTEX_POINT('',#6838);
#3098=VERTEX_POINT('',#6840);
#3099=VERTEX_POINT('',#6842);
#3100=VERTEX_POINT('',#6844);
#3101=VERTEX_POINT('',#6846);
#3102=VERTEX_POINT('',#6848);
#3103=VERTEX_POINT('',#6850);
#3104=VERTEX_POINT('',#6852);
#3105=VERTEX_POINT('',#6854);
#3106=VERTEX_POINT('',#6856);
#3107=VERTEX_POINT('',#6858);
#3108=VERTEX_POINT('',#6860);
#3109=VERTEX_POINT('',#6862);
#3110=VERTEX_POINT('',#6864);
#3111=VERTEX_POINT('',#6868);
#3112=VERTEX_POINT('',#6870);
#3113=VERTEX_POINT('',#6871);
#3114=VERTEX_POINT('',#6873);
#3115=VERTEX_POINT('',#6875);
#3116=VERTEX_POINT('',#6879);
#3117=VERTEX_POINT('',#6881);
#3118=VERTEX_POINT('',#6885);
#3119=VERTEX_POINT('',#6887);
#3120=VERTEX_POINT('',#6888);
#3121=VERTEX_POINT('',#6890);
#3122=VERTEX_POINT('',#6892);
#3123=VERTEX_POINT('',#6896);
#3124=VERTEX_POINT('',#6898);
#3125=VERTEX_POINT('',#6902);
#3126=VERTEX_POINT('',#6903);
#3127=VERTEX_POINT('',#6905);
#3128=VERTEX_POINT('',#6907);
#3129=VERTEX_POINT('',#6911);
#3130=VERTEX_POINT('',#6912);
#3131=VERTEX_POINT('',#6914);
#3132=VERTEX_POINT('',#6916);
#3133=VERTEX_POINT('',#6920);
#3134=VERTEX_POINT('',#6921);
#3135=VERTEX_POINT('',#6924);
#3136=VERTEX_POINT('',#6926);
#3137=VERTEX_POINT('',#6928);
#3138=VERTEX_POINT('',#6930);
#3139=VERTEX_POINT('',#6932);
#3140=VERTEX_POINT('',#6934);
#3141=VERTEX_POINT('',#6936);
#3142=VERTEX_POINT('',#6938);
#3143=VERTEX_POINT('',#6942);
#3144=VERTEX_POINT('',#6944);
#3145=VERTEX_POINT('',#6946);
#3146=VERTEX_POINT('',#6948);
#3147=VERTEX_POINT('',#6950);
#3148=VERTEX_POINT('',#6952);
#3149=VERTEX_POINT('',#6954);
#3150=VERTEX_POINT('',#6956);
#3151=VERTEX_POINT('',#6958);
#3152=VERTEX_POINT('',#6960);
#3153=VERTEX_POINT('',#6964);
#3154=VERTEX_POINT('',#6966);
#3155=VERTEX_POINT('',#6969);
#3156=VERTEX_POINT('',#6971);
#3157=VERTEX_POINT('',#6974);
#3158=VERTEX_POINT('',#6976);
#3159=VERTEX_POINT('',#6978);
#3160=VERTEX_POINT('',#6980);
#3161=VERTEX_POINT('',#6982);
#3162=VERTEX_POINT('',#6984);
#3163=VERTEX_POINT('',#6986);
#3164=VERTEX_POINT('',#6988);
#3165=VERTEX_POINT('',#6991);
#3166=VERTEX_POINT('',#6993);
#3167=VERTEX_POINT('',#6995);
#3168=VERTEX_POINT('',#6997);
#3169=VERTEX_POINT('',#6999);
#3170=VERTEX_POINT('',#7001);
#3171=VERTEX_POINT('',#7003);
#3172=VERTEX_POINT('',#7005);
#3173=VERTEX_POINT('',#7007);
#3174=VERTEX_POINT('',#7009);
#3175=VERTEX_POINT('',#7011);
#3176=VERTEX_POINT('',#7013);
#3177=VERTEX_POINT('',#7015);
#3178=VERTEX_POINT('',#7017);
#3179=VERTEX_POINT('',#7021);
#3180=VERTEX_POINT('',#7023);
#3181=VERTEX_POINT('',#7024);
#3182=VERTEX_POINT('',#7028);
#3183=VERTEX_POINT('',#7031);
#3184=VERTEX_POINT('',#7033);
#3185=VERTEX_POINT('',#7035);
#3186=VERTEX_POINT('',#7037);
#3187=VERTEX_POINT('',#7041);
#3188=VERTEX_POINT('',#7045);
#3189=VERTEX_POINT('',#7047);
#3190=VERTEX_POINT('',#7051);
#3191=VERTEX_POINT('',#7053);
#3192=VERTEX_POINT('',#7055);
#3193=VERTEX_POINT('',#7057);
#3194=VERTEX_POINT('',#7059);
#3195=VERTEX_POINT('',#7061);
#3196=VERTEX_POINT('',#7063);
#3197=VERTEX_POINT('',#7065);
#3198=VERTEX_POINT('',#7067);
#3199=VERTEX_POINT('',#7071);
#3200=VERTEX_POINT('',#7074);
#3201=VERTEX_POINT('',#7077);
#3202=VERTEX_POINT('',#7079);
#3203=VERTEX_POINT('',#7081);
#3204=VERTEX_POINT('',#7084);
#3205=VERTEX_POINT('',#7086);
#3206=VERTEX_POINT('',#7088);
#3207=VERTEX_POINT('',#7092);
#3208=VERTEX_POINT('',#7096);
#3209=VERTEX_POINT('',#7098);
#3210=VERTEX_POINT('',#7102);
#3211=VERTEX_POINT('',#7104);
#3212=VERTEX_POINT('',#7106);
#3213=VERTEX_POINT('',#7108);
#3214=VERTEX_POINT('',#7110);
#3215=VERTEX_POINT('',#7112);
#3216=VERTEX_POINT('',#7114);
#3217=VERTEX_POINT('',#7116);
#3218=VERTEX_POINT('',#7118);
#3219=VERTEX_POINT('',#7122);
#3220=VERTEX_POINT('',#7125);
#3221=VERTEX_POINT('',#7128);
#3222=VERTEX_POINT('',#7130);
#3223=VERTEX_POINT('',#7132);
#3224=VERTEX_POINT('',#7134);
#3225=VERTEX_POINT('',#7141);
#3226=VERTEX_POINT('',#7143);
#3227=VERTEX_POINT('',#7147);
#3228=VERTEX_POINT('',#7149);
#3229=VERTEX_POINT('',#7153);
#3230=VERTEX_POINT('',#7155);
#3231=VERTEX_POINT('',#7157);
#3232=VERTEX_POINT('',#7160);
#3233=VERTEX_POINT('',#7162);
#3234=VERTEX_POINT('',#7164);
#3235=VERTEX_POINT('',#7166);
#3236=VERTEX_POINT('',#7170);
#3237=VERTEX_POINT('',#7172);
#3238=VERTEX_POINT('',#7174);
#3239=VERTEX_POINT('',#7176);
#3240=VERTEX_POINT('',#7178);
#3241=VERTEX_POINT('',#7180);
#3242=VERTEX_POINT('',#7182);
#3243=VERTEX_POINT('',#7184);
#3244=VERTEX_POINT('',#7186);
#3245=VERTEX_POINT('',#7188);
#3246=VERTEX_POINT('',#7191);
#3247=VERTEX_POINT('',#7193);
#3248=VERTEX_POINT('',#7196);
#3249=VERTEX_POINT('',#7198);
#3250=VERTEX_POINT('',#7201);
#3251=VERTEX_POINT('',#7203);
#3252=VERTEX_POINT('',#7206);
#3253=VERTEX_POINT('',#7208);
#3254=VERTEX_POINT('',#7211);
#3255=VERTEX_POINT('',#7212);
#3256=VERTEX_POINT('',#7214);
#3257=VERTEX_POINT('',#7216);
#3258=VERTEX_POINT('',#7218);
#3259=VERTEX_POINT('',#7220);
#3260=VERTEX_POINT('',#7223);
#3261=VERTEX_POINT('',#7226);
#3262=VERTEX_POINT('',#7230);
#3263=VERTEX_POINT('',#7232);
#3264=VERTEX_POINT('',#7236);
#3265=VERTEX_POINT('',#7238);
#3266=VERTEX_POINT('',#7240);
#3267=VERTEX_POINT('',#7242);
#3268=VERTEX_POINT('',#7244);
#3269=VERTEX_POINT('',#7246);
#3270=VERTEX_POINT('',#7248);
#3271=VERTEX_POINT('',#7250);
#3272=VERTEX_POINT('',#7252);
#3273=VERTEX_POINT('',#7256);
#3274=VERTEX_POINT('',#7259);
#3275=VERTEX_POINT('',#7262);
#3276=VERTEX_POINT('',#7264);
#3277=VERTEX_POINT('',#7266);
#3278=VERTEX_POINT('',#7268);
#3279=VERTEX_POINT('',#7272);
#3280=VERTEX_POINT('',#7276);
#3281=VERTEX_POINT('',#7280);
#3282=VERTEX_POINT('',#7283);
#3283=VERTEX_POINT('',#7286);
#3284=VERTEX_POINT('',#7288);
#3285=VERTEX_POINT('',#7290);
#3286=VERTEX_POINT('',#7293);
#3287=VERTEX_POINT('',#7295);
#3288=VERTEX_POINT('',#7297);
#3289=VERTEX_POINT('',#7299);
#3290=VERTEX_POINT('',#7302);
#3291=VERTEX_POINT('',#7304);
#3292=VERTEX_POINT('',#7306);
#3293=VERTEX_POINT('',#7310);
#3294=VERTEX_POINT('',#7311);
#3295=VERTEX_POINT('',#7314);
#3296=VERTEX_POINT('',#7316);
#3297=VERTEX_POINT('',#7318);
#3298=VERTEX_POINT('',#7321);
#3299=VERTEX_POINT('',#7323);
#3300=VERTEX_POINT('',#7325);
#3301=VERTEX_POINT('',#7327);
#3302=VERTEX_POINT('',#7335);
#3303=VERTEX_POINT('',#7337);
#3304=VERTEX_POINT('',#7341);
#3305=VERTEX_POINT('',#7343);
#3306=VERTEX_POINT('',#7350);
#3307=VERTEX_POINT('',#7352);
#3308=VERTEX_POINT('',#7355);
#3309=VERTEX_POINT('',#7358);
#3310=VERTEX_POINT('',#7360);
#3311=VERTEX_POINT('',#7362);
#3312=VERTEX_POINT('',#7365);
#3313=VERTEX_POINT('',#7367);
#3314=VERTEX_POINT('',#7369);
#3315=VERTEX_POINT('',#7372);
#3316=VERTEX_POINT('',#7374);
#3317=VERTEX_POINT('',#7376);
#3318=VERTEX_POINT('',#7379);
#3319=VERTEX_POINT('',#7381);
#3320=VERTEX_POINT('',#7383);
#3321=VERTEX_POINT('',#7386);
#3322=VERTEX_POINT('',#7388);
#3323=VERTEX_POINT('',#7390);
#3324=VERTEX_POINT('',#7393);
#3325=VERTEX_POINT('',#7395);
#3326=VERTEX_POINT('',#7397);
#3327=VERTEX_POINT('',#7400);
#3328=VERTEX_POINT('',#7402);
#3329=VERTEX_POINT('',#7404);
#3330=VERTEX_POINT('',#7407);
#3331=VERTEX_POINT('',#7409);
#3332=VERTEX_POINT('',#7411);
#3333=VERTEX_POINT('',#7414);
#3334=VERTEX_POINT('',#7416);
#3335=VERTEX_POINT('',#7418);
#3336=VERTEX_POINT('',#7421);
#3337=VERTEX_POINT('',#7423);
#3338=VERTEX_POINT('',#7425);
#3339=VERTEX_POINT('',#7435);
#3340=VERTEX_POINT('',#7437);
#3341=VERTEX_POINT('',#7441);
#3342=VERTEX_POINT('',#7443);
#3343=VERTEX_POINT('',#7445);
#3344=VERTEX_POINT('',#7447);
#3345=VERTEX_POINT('',#7451);
#3346=VERTEX_POINT('',#7453);
#3347=VERTEX_POINT('',#7455);
#3348=VERTEX_POINT('',#7457);
#3349=VERTEX_POINT('',#7461);
#3350=VERTEX_POINT('',#7463);
#3351=VERTEX_POINT('',#7465);
#3352=VERTEX_POINT('',#7467);
#3353=VERTEX_POINT('',#7471);
#3354=VERTEX_POINT('',#7473);
#3355=VERTEX_POINT('',#7475);
#3356=VERTEX_POINT('',#7477);
#3357=VERTEX_POINT('',#7481);
#3358=VERTEX_POINT('',#7483);
#3359=VERTEX_POINT('',#7487);
#3360=VERTEX_POINT('',#7489);
#3361=VERTEX_POINT('',#7495);
#3362=VERTEX_POINT('',#7497);
#3363=VERTEX_POINT('',#7501);
#3364=VERTEX_POINT('',#7502);
#3365=VERTEX_POINT('',#7507);
#3366=VERTEX_POINT('',#7509);
#3367=VERTEX_POINT('',#7515);
#3368=VERTEX_POINT('',#7519);
#3369=VERTEX_POINT('',#7523);
#3370=VERTEX_POINT('',#7525);
#3371=VERTEX_POINT('',#7527);
#3372=VERTEX_POINT('',#7530);
#3373=VERTEX_POINT('',#7532);
#3374=VERTEX_POINT('',#7534);
#3375=VERTEX_POINT('',#7536);
#3376=VERTEX_POINT('',#7540);
#3377=VERTEX_POINT('',#7542);
#3378=VERTEX_POINT('',#7544);
#3379=VERTEX_POINT('',#7546);
#3380=VERTEX_POINT('',#7548);
#3381=VERTEX_POINT('',#7551);
#3382=VERTEX_POINT('',#7553);
#3383=VERTEX_POINT('',#7557);
#3384=VERTEX_POINT('',#7560);
#3385=VERTEX_POINT('',#7565);
#3386=VERTEX_POINT('',#7572);
#3387=VERTEX_POINT('',#7578);
#3388=VERTEX_POINT('',#7582);
#3389=VERTEX_POINT('',#7586);
#3390=VERTEX_POINT('',#7588);
#3391=VERTEX_POINT('',#7590);
#3392=VERTEX_POINT('',#7592);
#3393=VERTEX_POINT('',#7594);
#3394=VERTEX_POINT('',#7597);
#3395=VERTEX_POINT('',#7599);
#3396=VERTEX_POINT('',#7603);
#3397=VERTEX_POINT('',#7604);
#3398=VERTEX_POINT('',#7609);
#3399=VERTEX_POINT('',#7614);
#3400=VERTEX_POINT('',#7618);
#3401=VERTEX_POINT('',#7620);
#3402=VERTEX_POINT('',#7622);
#3403=VERTEX_POINT('',#7624);
#3404=VERTEX_POINT('',#7626);
#3405=VERTEX_POINT('',#7629);
#3406=VERTEX_POINT('',#7631);
#3407=VERTEX_POINT('',#7635);
#3408=VERTEX_POINT('',#7638);
#3409=VERTEX_POINT('',#7645);
#3410=VERTEX_POINT('',#7648);
#3411=VERTEX_POINT('',#7655);
#3412=VERTEX_POINT('',#7658);
#3413=VERTEX_POINT('',#7675);
#3414=VERTEX_POINT('',#7678);
#3415=VERTEX_POINT('',#7694);
#3416=VERTEX_POINT('',#7697);
#3417=VERTEX_POINT('',#7701);
#3418=VERTEX_POINT('',#7716);
#3419=VERTEX_POINT('',#7719);
#3420=VERTEX_POINT('',#7735);
#3421=VERTEX_POINT('',#7738);
#3422=VERTEX_POINT('',#7757);
#3423=VERTEX_POINT('',#7758);
#3424=VERTEX_POINT('',#7760);
#3425=VERTEX_POINT('',#7762);
#3426=VERTEX_POINT('',#7766);
#3427=VERTEX_POINT('',#7767);
#3428=VERTEX_POINT('',#7769);
#3429=VERTEX_POINT('',#7771);
#3430=VERTEX_POINT('',#7775);
#3431=VERTEX_POINT('',#7776);
#3432=VERTEX_POINT('',#7778);
#3433=VERTEX_POINT('',#7780);
#3434=VERTEX_POINT('',#7784);
#3435=VERTEX_POINT('',#7785);
#3436=VERTEX_POINT('',#7787);
#3437=VERTEX_POINT('',#7789);
#3438=VERTEX_POINT('',#7825);
#3439=VERTEX_POINT('',#7829);
#3440=VERTEX_POINT('',#7838);
#3441=VERTEX_POINT('',#7841);
#3442=VERTEX_POINT('',#7858);
#3443=VERTEX_POINT('',#7861);
#3444=VERTEX_POINT('',#7878);
#3445=VERTEX_POINT('',#7895);
#3446=VERTEX_POINT('',#7912);
#3447=VERTEX_POINT('',#7915);
#3448=VERTEX_POINT('',#7928);
#3449=VERTEX_POINT('',#7933);
#3450=VERTEX_POINT('',#7937);
#3451=VERTEX_POINT('',#7939);
#3452=VERTEX_POINT('',#7943);
#3453=VERTEX_POINT('',#7961);
#3454=VERTEX_POINT('',#7962);
#3455=VERTEX_POINT('',#7964);
#3456=VERTEX_POINT('',#7966);
#3457=VERTEX_POINT('',#7970);
#3458=VERTEX_POINT('',#7972);
#3459=VERTEX_POINT('',#7976);
#3460=VERTEX_POINT('',#7980);
#3461=CIRCLE('',#4742,0.0363);
#3462=CIRCLE('',#4743,0.0363);
#3463=CIRCLE('',#4744,0.0363);
#3464=CIRCLE('',#4745,0.0363);
#3465=CIRCLE('',#4746,0.0363);
#3466=CIRCLE('',#4747,0.0363);
#3467=CIRCLE('',#4748,0.0363);
#3468=CIRCLE('',#4749,0.0363);
#3469=CIRCLE('',#4750,0.0363);
#3470=CIRCLE('',#4751,0.0363);
#3471=CIRCLE('',#4752,0.0363);
#3472=CIRCLE('',#4753,0.0363);
#3473=CIRCLE('',#4754,0.0363);
#3474=CIRCLE('',#4755,0.0363);
#3475=CIRCLE('',#4756,0.0363);
#3476=CIRCLE('',#4757,0.0363);
#3477=CIRCLE('',#4759,0.0363);
#3478=CIRCLE('',#4760,0.0363);
#3479=CIRCLE('',#4762,0.042);
#3480=CIRCLE('',#4763,0.038);
#3481=CIRCLE('',#4765,0.0011);
#3482=CIRCLE('',#4766,0.0011);
#3483=CIRCLE('',#4772,0.038);
#3484=CIRCLE('',#4773,0.038);
#3485=CIRCLE('',#4774,0.0379999999999991);
#3486=CIRCLE('',#4775,0.0379999999999991);
#3487=CIRCLE('',#4776,0.038);
#3488=CIRCLE('',#4777,0.037999999999998);
#3489=CIRCLE('',#4778,0.037999999999998);
#3490=CIRCLE('',#4779,0.038);
#3491=CIRCLE('',#4780,0.0379999999999991);
#3492=CIRCLE('',#4781,0.0379999999999991);
#3493=CIRCLE('',#4782,0.038);
#3494=CIRCLE('',#4783,0.037999999999998);
#3495=CIRCLE('',#4784,0.037999999999998);
#3496=CIRCLE('',#4785,0.038);
#3497=CIRCLE('',#4786,0.0379999999999991);
#3498=CIRCLE('',#4787,0.0379999999999991);
#3499=CIRCLE('',#4788,0.038);
#3500=CIRCLE('',#4789,0.037999999999998);
#3501=CIRCLE('',#4790,0.037999999999998);
#3502=CIRCLE('',#4791,0.038);
#3503=CIRCLE('',#4792,0.0379999999999991);
#3504=CIRCLE('',#4793,0.0379999999999991);
#3505=CIRCLE('',#4794,0.038);
#3506=CIRCLE('',#4795,0.037999999999998);
#3507=CIRCLE('',#4796,0.037999999999998);
#3508=CIRCLE('',#4797,0.038);
#3509=CIRCLE('',#4798,0.0379999999999991);
#3510=CIRCLE('',#4799,0.0379999999999991);
#3511=CIRCLE('',#4800,0.038);
#3512=CIRCLE('',#4801,0.037999999999998);
#3513=CIRCLE('',#4802,0.037999999999998);
#3514=CIRCLE('',#4803,0.038);
#3515=CIRCLE('',#4805,0.0011);
#3516=CIRCLE('',#4806,0.0011);
#3517=CIRCLE('',#4807,0.0011);
#3518=CIRCLE('',#4808,0.0011);
#3519=CIRCLE('',#4809,0.0011);
#3520=CIRCLE('',#4810,0.0011);
#3521=CIRCLE('',#4812,0.0011);
#3522=CIRCLE('',#4813,0.0011);
#3523=CIRCLE('',#4814,0.0011);
#3524=CIRCLE('',#4815,0.0011);
#3525=CIRCLE('',#4816,0.0011);
#3526=CIRCLE('',#4817,0.0011);
#3527=CIRCLE('',#4821,0.0419999999999989);
#3528=CIRCLE('',#4822,0.042);
#3529=CIRCLE('',#4823,0.0419999999999991);
#3530=CIRCLE('',#4824,0.0419999999999991);
#3531=CIRCLE('',#4825,0.042);
#3532=CIRCLE('',#4826,0.0419999999999989);
#3533=CIRCLE('',#4828,0.0419999999999991);
#3534=CIRCLE('',#4829,0.0419999999999991);
#3535=CIRCLE('',#4830,0.042);
#3536=CIRCLE('',#4831,0.0419999999999989);
#3537=CIRCLE('',#4832,0.0419999999999989);
#3538=CIRCLE('',#4833,0.042);
#3539=CIRCLE('',#4835,0.0011);
#3540=CIRCLE('',#4836,0.0011);
#3541=CIRCLE('',#4838,0.0011);
#3542=CIRCLE('',#4839,0.0011);
#3543=CIRCLE('',#4841,0.0011);
#3544=CIRCLE('',#4842,0.0011);
#3545=CIRCLE('',#4843,0.0011);
#3546=CIRCLE('',#4844,0.0011);
#3547=CIRCLE('',#4845,0.0011);
#3548=CIRCLE('',#4846,0.0011);
#3549=CIRCLE('',#4847,0.0011);
#3550=CIRCLE('',#4848,0.0011);
#3551=CIRCLE('',#4849,0.038);
#3552=CIRCLE('',#4850,0.038);
#3553=CIRCLE('',#4851,0.042);
#3554=CIRCLE('',#4852,0.038);
#3555=CIRCLE('',#4853,0.042);
#3556=CIRCLE('',#4854,0.038);
#3557=CIRCLE('',#4855,0.042);
#3558=CIRCLE('',#4856,0.038);
#3559=CIRCLE('',#4858,0.0011);
#3560=CIRCLE('',#4859,0.038);
#3561=CIRCLE('',#4860,0.0011);
#3562=CIRCLE('',#4862,0.0011);
#3563=CIRCLE('',#4863,0.0011);
#3564=CIRCLE('',#4864,0.038);
#3565=CIRCLE('',#4868,0.0419999999999991);
#3566=CIRCLE('',#4869,0.0419999999999991);
#3567=CIRCLE('',#4870,0.042);
#3568=CIRCLE('',#4871,0.0419999999999989);
#3569=CIRCLE('',#4872,0.0419999999999989);
#3570=CIRCLE('',#4874,0.0011);
#3571=CIRCLE('',#4876,0.0011);
#3572=CIRCLE('',#4878,0.0011);
#3573=CIRCLE('',#4879,0.038);
#3574=CIRCLE('',#4880,0.038);
#3575=CIRCLE('',#4884,0.0419999999999991);
#3576=CIRCLE('',#4885,0.0419999999999991);
#3577=CIRCLE('',#4886,0.042);
#3578=CIRCLE('',#4887,0.0419999999999989);
#3579=CIRCLE('',#4888,0.0419999999999989);
#3580=CIRCLE('',#4890,0.0011);
#3581=CIRCLE('',#4892,0.0011);
#3582=CIRCLE('',#4894,0.0011);
#3583=CIRCLE('',#4895,0.0011);
#3584=CIRCLE('',#4896,0.038);
#3585=CIRCLE('',#4901,0.042);
#3586=CIRCLE('',#4902,0.0382999999999979);
#3587=CIRCLE('',#4903,0.0382999999999979);
#3588=CIRCLE('',#4905,0.0011);
#3589=CIRCLE('',#4906,0.0011);
#3590=CIRCLE('',#4907,0.0011);
#3591=CIRCLE('',#4908,0.0011);
#3592=CIRCLE('',#4909,0.0011);
#3593=CIRCLE('',#4910,0.0011);
#3594=CIRCLE('',#4911,0.0011);
#3595=CIRCLE('',#4912,0.0011);
#3596=CIRCLE('',#4913,0.042);
#3597=CIRCLE('',#4914,0.042);
#3598=CIRCLE('',#4915,0.042);
#3599=CIRCLE('',#4916,0.042);
#3600=CIRCLE('',#4917,0.042);
#3601=CIRCLE('',#4918,0.0382999999999979);
#3602=CIRCLE('',#4919,0.0382999999999979);
#3603=CIRCLE('',#4920,0.0095);
#3604=CIRCLE('',#4924,0.0419999999999991);
#3605=CIRCLE('',#4925,0.0419999999999991);
#3606=CIRCLE('',#4926,0.042);
#3607=CIRCLE('',#4927,0.0419999999999989);
#3608=CIRCLE('',#4928,0.0419999999999989);
#3609=CIRCLE('',#4930,0.0011);
#3610=CIRCLE('',#4932,0.0011);
#3611=CIRCLE('',#4934,0.0011);
#3612=CIRCLE('',#4935,0.0011);
#3613=CIRCLE('',#4936,0.038);
#3614=CIRCLE('',#4940,0.0011);
#3615=CIRCLE('',#4942,0.0011);
#3616=CIRCLE('',#4950,0.038);
#3617=CIRCLE('',#4951,0.038);
#3618=CIRCLE('',#4952,0.038);
#3619=CIRCLE('',#4953,0.037999999999998);
#3620=CIRCLE('',#4954,0.037999999999998);
#3621=CIRCLE('',#4955,0.0379999999999991);
#3622=CIRCLE('',#4956,0.0379999999999991);
#3623=CIRCLE('',#4957,0.037999999999998);
#3624=CIRCLE('',#4958,0.037999999999998);
#3625=CIRCLE('',#4959,0.0379999999999991);
#3626=CIRCLE('',#4960,0.0379999999999991);
#3627=CIRCLE('',#4961,0.037999999999998);
#3628=CIRCLE('',#4962,0.037999999999998);
#3629=CIRCLE('',#4963,0.0379999999999991);
#3630=CIRCLE('',#4964,0.0379999999999991);
#3631=CIRCLE('',#4965,0.037999999999998);
#3632=CIRCLE('',#4966,0.037999999999998);
#3633=CIRCLE('',#4967,0.0379999999999991);
#3634=CIRCLE('',#4968,0.0379999999999991);
#3635=CIRCLE('',#4969,0.037999999999998);
#3636=CIRCLE('',#4970,0.037999999999998);
#3637=CIRCLE('',#4971,0.0379999999999991);
#3638=CIRCLE('',#4972,0.0379999999999991);
#3639=CIRCLE('',#4977,0.0011);
#3640=CIRCLE('',#4978,0.0011);
#3641=CIRCLE('',#4979,0.042);
#3642=CIRCLE('',#4981,0.0011);
#3643=CIRCLE('',#4982,0.0011);
#3644=CIRCLE('',#4983,0.042);
#3645=CIRCLE('',#4985,0.0011);
#3646=CIRCLE('',#4986,0.0011);
#3647=CIRCLE('',#4987,0.042);
#3648=CIRCLE('',#4989,0.0011);
#3649=CIRCLE('',#4990,0.0011);
#3650=CIRCLE('',#4991,0.042);
#3651=CIRCLE('',#4993,0.0419999999999989);
#3652=CIRCLE('',#4995,0.0419999999999989);
#3653=CIRCLE('',#4999,0.0382999999999979);
#3654=CIRCLE('',#5001,0.0382999999999979);
#3655=CIRCLE('',#5006,0.0419999999999989);
#3656=CIRCLE('',#5007,0.0419999999999989);
#3657=CIRCLE('',#5008,0.0419999999999991);
#3658=CIRCLE('',#5009,0.0419999999999991);
#3659=CIRCLE('',#5011,0.0419999999999991);
#3660=CIRCLE('',#5012,0.0419999999999989);
#3661=CIRCLE('',#5013,0.0419999999999989);
#3662=CIRCLE('',#5014,0.0419999999999991);
#3663=CIRCLE('',#5016,0.0011);
#3664=CIRCLE('',#5018,0.0011);
#3665=CIRCLE('',#5022,0.0419999999999991);
#3666=CIRCLE('',#5023,0.0419999999999991);
#3667=CIRCLE('',#5026,0.0011);
#3668=CIRCLE('',#5030,0.0419999999999991);
#3669=CIRCLE('',#5031,0.0419999999999989);
#3670=CIRCLE('',#5032,0.0419999999999989);
#3671=CIRCLE('',#5033,0.0419999999999991);
#3672=CIRCLE('',#5035,0.0382999999999979);
#3673=CIRCLE('',#5036,0.0382999999999979);
#3674=CIRCLE('',#5038,0.0011);
#3675=CIRCLE('',#5042,0.0419999999999991);
#3676=CIRCLE('',#5043,0.0419999999999989);
#3677=CIRCLE('',#5044,0.0419999999999989);
#3678=CIRCLE('',#5045,0.0419999999999991);
#3679=CIRCLE('',#5047,0.0011);
#3680=CIRCLE('',#5049,0.0011);
#3681=CIRCLE('',#5053,0.0011);
#3682=CIRCLE('',#5055,0.0011);
#3683=CIRCLE('',#5059,0.0011);
#3684=CIRCLE('',#5061,0.0011);
#3685=CIRCLE('',#5071,0.0011);
#3686=CIRCLE('',#5073,0.0011);
#3687=CIRCLE('',#5083,0.0011);
#3688=CIRCLE('',#5093,0.0011);
#3689=CIRCLE('',#5095,0.0011);
#3690=CIRCLE('',#5105,0.0011);
#3691=CIRCLE('',#5107,0.0011);
#3692=CIRCLE('',#5119,0.04);
#3693=CIRCLE('',#5120,0.04);
#3694=CIRCLE('',#5122,0.04);
#3695=CIRCLE('',#5123,0.04);
#3696=CIRCLE('',#5125,0.04);
#3697=CIRCLE('',#5126,0.04);
#3698=CIRCLE('',#5128,0.04);
#3699=CIRCLE('',#5129,0.04);
#3700=CIRCLE('',#5146,0.0095);
#3701=CIRCLE('',#5149,0.042);
#3702=CIRCLE('',#5154,0.0011);
#3703=CIRCLE('',#5156,0.0011);
#3704=CIRCLE('',#5166,0.0011);
#3705=CIRCLE('',#5168,0.0011);
#3706=CIRCLE('',#5178,0.0011);
#3707=CIRCLE('',#5188,0.0011);
#3708=CIRCLE('',#5198,0.0011);
#3709=CIRCLE('',#5200,0.0011);
#3710=CIRCLE('',#5208,0.042);
#3711=CIRCLE('',#5210,0.042);
#3712=CIRCLE('',#5212,0.042);
#3713=CIRCLE('',#5225,0.04);
#3714=CIRCLE('',#5228,0.04);
#3715=EDGE_LOOP('',(#1005,#1006,#1007,#1008,#1009,#1010,#1011,#1012,#1013,
#1014,#1015,#1016,#1017,#1018,#1019,#1020,#1021,#1022,#1023,#1024,#1025,
#1026,#1027,#1028,#1029,#1030));
#3716=EDGE_LOOP('',(#1031));
#3717=EDGE_LOOP('',(#1032,#1033,#1034,#1035));
#3718=EDGE_LOOP('',(#1036,#1037,#1038,#1039));
#3719=EDGE_LOOP('',(#1040,#1041,#1042,#1043));
#3720=EDGE_LOOP('',(#1044));
#3721=EDGE_LOOP('',(#1045));
#3722=EDGE_LOOP('',(#1046,#1047,#1048,#1049,#1050,#1051));
#3723=EDGE_LOOP('',(#1052,#1053,#1054,#1055));
#3724=EDGE_LOOP('',(#1056,#1057,#1058,#1059));
#3725=EDGE_LOOP('',(#1060,#1061,#1062,#1063));
#3726=EDGE_LOOP('',(#1064,#1065,#1066,#1067,#1068,#1069,#1070,#1071,#1072,
#1073,#1074,#1075,#1076,#1077,#1078,#1079,#1080,#1081,#1082,#1083,#1084,
#1085,#1086,#1087,#1088,#1089,#1090,#1091,#1092,#1093,#1094,#1095,#1096,
#1097,#1098,#1099,#1100,#1101,#1102,#1103,#1104,#1105,#1106,#1107,#1108,
#1109,#1110,#1111,#1112,#1113,#1114,#1115,#1116,#1117,#1118,#1119,#1120,
#1121,#1122,#1123,#1124,#1125,#1126,#1127));
#3727=EDGE_LOOP('',(#1128));
#3728=EDGE_LOOP('',(#1129,#1130,#1131,#1132));
#3729=EDGE_LOOP('',(#1133,#1134,#1135,#1136,#1137,#1138));
#3730=EDGE_LOOP('',(#1139));
#3731=EDGE_LOOP('',(#1140,#1141,#1142,#1143));
#3732=EDGE_LOOP('',(#1144,#1145,#1146,#1147,#1148,#1149));
#3733=EDGE_LOOP('',(#1150,#1151,#1152,#1153));
#3734=EDGE_LOOP('',(#1154,#1155,#1156,#1157));
#3735=EDGE_LOOP('',(#1158,#1159,#1160,#1161,#1162,#1163,#1164,#1165,#1166,
#1167,#1168,#1169));
#3736=EDGE_LOOP('',(#1170,#1171,#1172,#1173,#1174,#1175,#1176,#1177,#1178,
#1179,#1180,#1181));
#3737=EDGE_LOOP('',(#1182));
#3738=EDGE_LOOP('',(#1183));
#3739=EDGE_LOOP('',(#1184));
#3740=EDGE_LOOP('',(#1185));
#3741=EDGE_LOOP('',(#1186));
#3742=EDGE_LOOP('',(#1187));
#3743=EDGE_LOOP('',(#1188));
#3744=EDGE_LOOP('',(#1189));
#3745=EDGE_LOOP('',(#1190));
#3746=EDGE_LOOP('',(#1191));
#3747=EDGE_LOOP('',(#1192));
#3748=EDGE_LOOP('',(#1193));
#3749=EDGE_LOOP('',(#1194));
#3750=EDGE_LOOP('',(#1195,#1196,#1197,#1198,#1199,#1200,#1201,#1202,#1203,
#1204,#1205,#1206,#1207,#1208,#1209,#1210,#1211,#1212,#1213,#1214));
#3751=EDGE_LOOP('',(#1215));
#3752=EDGE_LOOP('',(#1216));
#3753=EDGE_LOOP('',(#1217));
#3754=EDGE_LOOP('',(#1218,#1219,#1220,#1221));
#3755=EDGE_LOOP('',(#1222));
#3756=EDGE_LOOP('',(#1223));
#3757=EDGE_LOOP('',(#1224));
#3758=EDGE_LOOP('',(#1225,#1226,#1227,#1228));
#3759=EDGE_LOOP('',(#1229,#1230,#1231,#1232));
#3760=EDGE_LOOP('',(#1233,#1234,#1235,#1236));
#3761=EDGE_LOOP('',(#1237,#1238,#1239,#1240,#1241,#1242,#1243,#1244,#1245,
#1246,#1247,#1248));
#3762=EDGE_LOOP('',(#1249));
#3763=EDGE_LOOP('',(#1250));
#3764=EDGE_LOOP('',(#1251));
#3765=EDGE_LOOP('',(#1252));
#3766=EDGE_LOOP('',(#1253));
#3767=EDGE_LOOP('',(#1254,#1255,#1256,#1257,#1258,#1259,#1260,#1261,#1262,
#1263));
#3768=EDGE_LOOP('',(#1264));
#3769=EDGE_LOOP('',(#1265,#1266,#1267,#1268));
#3770=EDGE_LOOP('',(#1269,#1270,#1271,#1272));
#3771=EDGE_LOOP('',(#1273,#1274,#1275,#1276,#1277,#1278,#1279,#1280,#1281,
#1282,#1283,#1284));
#3772=EDGE_LOOP('',(#1285));
#3773=EDGE_LOOP('',(#1286));
#3774=EDGE_LOOP('',(#1287));
#3775=EDGE_LOOP('',(#1288));
#3776=EDGE_LOOP('',(#1289));
#3777=EDGE_LOOP('',(#1290));
#3778=EDGE_LOOP('',(#1291,#1292,#1293,#1294));
#3779=EDGE_LOOP('',(#1295,#1296,#1297,#1298));
#3780=EDGE_LOOP('',(#1299,#1300,#1301,#1302));
#3781=EDGE_LOOP('',(#1303,#1304,#1305,#1306));
#3782=EDGE_LOOP('',(#1307,#1308,#1309,#1310,#1311,#1312,#1313,#1314,#1315,
#1316,#1317,#1318,#1319,#1320,#1321,#1322));
#3783=EDGE_LOOP('',(#1323));
#3784=EDGE_LOOP('',(#1324));
#3785=EDGE_LOOP('',(#1325));
#3786=EDGE_LOOP('',(#1326));
#3787=EDGE_LOOP('',(#1327));
#3788=EDGE_LOOP('',(#1328));
#3789=EDGE_LOOP('',(#1329));
#3790=EDGE_LOOP('',(#1330));
#3791=EDGE_LOOP('',(#1331,#1332,#1333,#1334,#1335,#1336,#1337,#1338,#1339,
#1340,#1341,#1342,#1343,#1344,#1345,#1346,#1347,#1348,#1349,#1350));
#3792=EDGE_LOOP('',(#1351));
#3793=EDGE_LOOP('',(#1352,#1353,#1354,#1355,#1356,#1357));
#3794=EDGE_LOOP('',(#1358));
#3795=EDGE_LOOP('',(#1359));
#3796=EDGE_LOOP('',(#1360,#1361,#1362,#1363));
#3797=EDGE_LOOP('',(#1364,#1365,#1366,#1367));
#3798=EDGE_LOOP('',(#1368,#1369,#1370,#1371,#1372,#1373,#1374,#1375,#1376,
#1377,#1378,#1379));
#3799=EDGE_LOOP('',(#1380));
#3800=EDGE_LOOP('',(#1381));
#3801=EDGE_LOOP('',(#1382));
#3802=EDGE_LOOP('',(#1383));
#3803=EDGE_LOOP('',(#1384));
#3804=EDGE_LOOP('',(#1385));
#3805=EDGE_LOOP('',(#1386,#1387,#1388,#1389));
#3806=EDGE_LOOP('',(#1390,#1391,#1392,#1393));
#3807=EDGE_LOOP('',(#1394,#1395,#1396,#1397));
#3808=EDGE_LOOP('',(#1398));
#3809=EDGE_LOOP('',(#1399));
#3810=EDGE_LOOP('',(#1400));
#3811=EDGE_LOOP('',(#1401));
#3812=EDGE_LOOP('',(#1402,#1403,#1404,#1405,#1406,#1407,#1408,#1409,#1410,
#1411,#1412,#1413,#1414,#1415,#1416,#1417));
#3813=EDGE_LOOP('',(#1418,#1419,#1420,#1421,#1422,#1423,#1424,#1425,#1426,
#1427,#1428,#1429,#1430,#1431,#1432,#1433));
#3814=EDGE_LOOP('',(#1434,#1435,#1436,#1437));
#3815=EDGE_LOOP('',(#1438,#1439,#1440,#1441));
#3816=EDGE_LOOP('',(#1442,#1443,#1444,#1445));
#3817=EDGE_LOOP('',(#1446,#1447,#1448,#1449));
#3818=EDGE_LOOP('',(#1450,#1451,#1452,#1453,#1454,#1455,#1456,#1457,#1458,
#1459,#1460,#1461,#1462,#1463,#1464,#1465,#1466,#1467,#1468,#1469,#1470,
#1471,#1472,#1473,#1474,#1475,#1476,#1477,#1478,#1479,#1480,#1481,#1482,
#1483,#1484,#1485,#1486,#1487,#1488,#1489,#1490,#1491,#1492,#1493,#1494,
#1495,#1496,#1497,#1498,#1499,#1500,#1501,#1502,#1503,#1504,#1505,#1506,
#1507,#1508,#1509,#1510,#1511,#1512,#1513,#1514,#1515,#1516));
#3819=EDGE_LOOP('',(#1517,#1518,#1519,#1520));
#3820=EDGE_LOOP('',(#1521,#1522,#1523,#1524));
#3821=EDGE_LOOP('',(#1525,#1526,#1527,#1528));
#3822=EDGE_LOOP('',(#1529));
#3823=EDGE_LOOP('',(#1530));
#3824=EDGE_LOOP('',(#1531,#1532,#1533,#1534));
#3825=EDGE_LOOP('',(#1535));
#3826=EDGE_LOOP('',(#1536));
#3827=EDGE_LOOP('',(#1537,#1538,#1539,#1540));
#3828=EDGE_LOOP('',(#1541));
#3829=EDGE_LOOP('',(#1542));
#3830=EDGE_LOOP('',(#1543,#1544,#1545,#1546));
#3831=EDGE_LOOP('',(#1547));
#3832=EDGE_LOOP('',(#1548));
#3833=EDGE_LOOP('',(#1549,#1550,#1551,#1552));
#3834=EDGE_LOOP('',(#1553,#1554,#1555,#1556,#1557,#1558,#1559));
#3835=EDGE_LOOP('',(#1560,#1561,#1562,#1563,#1564,#1565,#1566));
#3836=EDGE_LOOP('',(#1567,#1568,#1569,#1570));
#3837=EDGE_LOOP('',(#1571,#1572,#1573,#1574));
#3838=EDGE_LOOP('',(#1575,#1576,#1577,#1578));
#3839=EDGE_LOOP('',(#1579,#1580,#1581,#1582));
#3840=EDGE_LOOP('',(#1583,#1584,#1585,#1586));
#3841=EDGE_LOOP('',(#1587,#1588,#1589,#1590));
#3842=EDGE_LOOP('',(#1591,#1592,#1593,#1594));
#3843=EDGE_LOOP('',(#1595,#1596,#1597,#1598,#1599,#1600,#1601,#1602,#1603,
#1604,#1605,#1606));
#3844=EDGE_LOOP('',(#1607,#1608,#1609,#1610,#1611,#1612,#1613,#1614,#1615,
#1616,#1617,#1618));
#3845=EDGE_LOOP('',(#1619));
#3846=EDGE_LOOP('',(#1620));
#3847=EDGE_LOOP('',(#1621));
#3848=EDGE_LOOP('',(#1622));
#3849=EDGE_LOOP('',(#1623,#1624,#1625,#1626));
#3850=EDGE_LOOP('',(#1627,#1628,#1629,#1630));
#3851=EDGE_LOOP('',(#1631,#1632,#1633,#1634,#1635,#1636,#1637,#1638,#1639,
#1640,#1641,#1642));
#3852=EDGE_LOOP('',(#1643,#1644,#1645,#1646,#1647,#1648,#1649,#1650));
#3853=EDGE_LOOP('',(#1651));
#3854=EDGE_LOOP('',(#1652));
#3855=EDGE_LOOP('',(#1653,#1654,#1655,#1656));
#3856=EDGE_LOOP('',(#1657,#1658,#1659,#1660));
#3857=EDGE_LOOP('',(#1661,#1662,#1663,#1664,#1665,#1666,#1667,#1668,#1669,
#1670,#1671,#1672));
#3858=EDGE_LOOP('',(#1673,#1674,#1675,#1676,#1677,#1678,#1679,#1680));
#3859=EDGE_LOOP('',(#1681));
#3860=EDGE_LOOP('',(#1682));
#3861=EDGE_LOOP('',(#1683,#1684,#1685,#1686));
#3862=EDGE_LOOP('',(#1687,#1688,#1689,#1690));
#3863=EDGE_LOOP('',(#1691,#1692,#1693,#1694,#1695,#1696,#1697,#1698,#1699,
#1700,#1701,#1702));
#3864=EDGE_LOOP('',(#1703));
#3865=EDGE_LOOP('',(#1704));
#3866=EDGE_LOOP('',(#1705));
#3867=EDGE_LOOP('',(#1706));
#3868=EDGE_LOOP('',(#1707,#1708,#1709,#1710));
#3869=EDGE_LOOP('',(#1711,#1712,#1713,#1714));
#3870=EDGE_LOOP('',(#1715));
#3871=EDGE_LOOP('',(#1716));
#3872=EDGE_LOOP('',(#1717));
#3873=EDGE_LOOP('',(#1718));
#3874=EDGE_LOOP('',(#1719,#1720,#1721,#1722));
#3875=EDGE_LOOP('',(#1723,#1724,#1725,#1726));
#3876=EDGE_LOOP('',(#1727));
#3877=EDGE_LOOP('',(#1728));
#3878=EDGE_LOOP('',(#1729));
#3879=EDGE_LOOP('',(#1730));
#3880=EDGE_LOOP('',(#1731,#1732,#1733,#1734));
#3881=EDGE_LOOP('',(#1735));
#3882=EDGE_LOOP('',(#1736,#1737,#1738,#1739));
#3883=EDGE_LOOP('',(#1740));
#3884=EDGE_LOOP('',(#1741,#1742,#1743,#1744));
#3885=EDGE_LOOP('',(#1745,#1746,#1747,#1748));
#3886=EDGE_LOOP('',(#1749));
#3887=EDGE_LOOP('',(#1750,#1751,#1752,#1753));
#3888=EDGE_LOOP('',(#1754));
#3889=EDGE_LOOP('',(#1755,#1756,#1757,#1758));
#3890=EDGE_LOOP('',(#1759,#1760,#1761,#1762));
#3891=EDGE_LOOP('',(#1763,#1764,#1765,#1766));
#3892=EDGE_LOOP('',(#1767));
#3893=EDGE_LOOP('',(#1768));
#3894=EDGE_LOOP('',(#1769));
#3895=EDGE_LOOP('',(#1770));
#3896=EDGE_LOOP('',(#1771,#1772,#1773,#1774));
#3897=EDGE_LOOP('',(#1775));
#3898=EDGE_LOOP('',(#1776,#1777,#1778,#1779));
#3899=EDGE_LOOP('',(#1780));
#3900=EDGE_LOOP('',(#1781,#1782,#1783,#1784));
#3901=EDGE_LOOP('',(#1785,#1786,#1787,#1788));
#3902=EDGE_LOOP('',(#1789));
#3903=EDGE_LOOP('',(#1790,#1791,#1792,#1793));
#3904=EDGE_LOOP('',(#1794));
#3905=EDGE_LOOP('',(#1795,#1796,#1797,#1798));
#3906=EDGE_LOOP('',(#1799,#1800,#1801,#1802));
#3907=EDGE_LOOP('',(#1803,#1804,#1805,#1806));
#3908=EDGE_LOOP('',(#1807));
#3909=EDGE_LOOP('',(#1808));
#3910=EDGE_LOOP('',(#1809,#1810,#1811,#1812));
#3911=EDGE_LOOP('',(#1813,#1814,#1815,#1816));
#3912=EDGE_LOOP('',(#1817,#1818,#1819,#1820));
#3913=EDGE_LOOP('',(#1821,#1822,#1823,#1824));
#3914=EDGE_LOOP('',(#1825));
#3915=EDGE_LOOP('',(#1826,#1827,#1828,#1829));
#3916=EDGE_LOOP('',(#1830));
#3917=EDGE_LOOP('',(#1831,#1832,#1833,#1834));
#3918=EDGE_LOOP('',(#1835,#1836,#1837,#1838));
#3919=EDGE_LOOP('',(#1839,#1840,#1841,#1842));
#3920=EDGE_LOOP('',(#1843));
#3921=EDGE_LOOP('',(#1844));
#3922=EDGE_LOOP('',(#1845));
#3923=EDGE_LOOP('',(#1846));
#3924=EDGE_LOOP('',(#1847,#1848,#1849,#1850));
#3925=EDGE_LOOP('',(#1851));
#3926=EDGE_LOOP('',(#1852,#1853,#1854,#1855));
#3927=EDGE_LOOP('',(#1856));
#3928=EDGE_LOOP('',(#1857,#1858,#1859,#1860));
#3929=EDGE_LOOP('',(#1861,#1862,#1863,#1864));
#3930=EDGE_LOOP('',(#1865,#1866,#1867,#1868,#1869,#1870,#1871));
#3931=EDGE_LOOP('',(#1872,#1873,#1874,#1875,#1876,#1877,#1878));
#3932=EDGE_LOOP('',(#1879,#1880,#1881,#1882));
#3933=EDGE_LOOP('',(#1883,#1884,#1885,#1886));
#3934=EDGE_LOOP('',(#1887));
#3935=EDGE_LOOP('',(#1888));
#3936=EDGE_LOOP('',(#1889));
#3937=EDGE_LOOP('',(#1890));
#3938=EDGE_LOOP('',(#1891,#1892,#1893,#1894));
#3939=EDGE_LOOP('',(#1895));
#3940=EDGE_LOOP('',(#1896,#1897,#1898,#1899));
#3941=EDGE_LOOP('',(#1900));
#3942=EDGE_LOOP('',(#1901,#1902,#1903,#1904));
#3943=EDGE_LOOP('',(#1905,#1906,#1907,#1908));
#3944=EDGE_LOOP('',(#1909));
#3945=EDGE_LOOP('',(#1910,#1911,#1912,#1913));
#3946=EDGE_LOOP('',(#1914));
#3947=EDGE_LOOP('',(#1915,#1916,#1917,#1918));
#3948=EDGE_LOOP('',(#1919,#1920,#1921,#1922));
#3949=EDGE_LOOP('',(#1923,#1924,#1925,#1926));
#3950=EDGE_LOOP('',(#1927,#1928,#1929,#1930));
#3951=EDGE_LOOP('',(#1931,#1932,#1933,#1934));
#3952=EDGE_LOOP('',(#1935,#1936,#1937,#1938));
#3953=EDGE_LOOP('',(#1939,#1940,#1941,#1942));
#3954=EDGE_LOOP('',(#1943,#1944,#1945,#1946));
#3955=EDGE_LOOP('',(#1947,#1948,#1949,#1950));
#3956=EDGE_LOOP('',(#1951,#1952,#1953,#1954,#1955,#1956,#1957,#1958,#1959,
#1960,#1961,#1962,#1963,#1964,#1965,#1966,#1967,#1968,#1969,#1970));
#3957=EDGE_LOOP('',(#1971,#1972,#1973,#1974));
#3958=EDGE_LOOP('',(#1975,#1976,#1977,#1978));
#3959=EDGE_LOOP('',(#1979,#1980,#1981,#1982));
#3960=EDGE_LOOP('',(#1983,#1984,#1985,#1986));
#3961=EDGE_LOOP('',(#1987,#1988,#1989,#1990));
#3962=EDGE_LOOP('',(#1991,#1992,#1993,#1994));
#3963=EDGE_LOOP('',(#1995,#1996,#1997,#1998));
#3964=EDGE_LOOP('',(#1999,#2000,#2001,#2002));
#3965=EDGE_LOOP('',(#2003,#2004,#2005,#2006));
#3966=EDGE_LOOP('',(#2007,#2008,#2009,#2010));
#3967=EDGE_LOOP('',(#2011,#2012,#2013,#2014));
#3968=EDGE_LOOP('',(#2015,#2016,#2017,#2018));
#3969=EDGE_LOOP('',(#2019,#2020,#2021,#2022,#2023,#2024,#2025,#2026));
#3970=EDGE_LOOP('',(#2027,#2028,#2029,#2030));
#3971=EDGE_LOOP('',(#2031));
#3972=EDGE_LOOP('',(#2032));
#3973=EDGE_LOOP('',(#2033));
#3974=EDGE_LOOP('',(#2034,#2035,#2036,#2037,#2038,#2039,#2040,#2041));
#3975=EDGE_LOOP('',(#2042,#2043,#2044,#2045));
#3976=EDGE_LOOP('',(#2046,#2047,#2048,#2049));
#3977=EDGE_LOOP('',(#2050,#2051,#2052,#2053));
#3978=EDGE_LOOP('',(#2054,#2055,#2056,#2057));
#3979=EDGE_LOOP('',(#2058));
#3980=EDGE_LOOP('',(#2059));
#3981=EDGE_LOOP('',(#2060));
#3982=EDGE_LOOP('',(#2061));
#3983=EDGE_LOOP('',(#2062,#2063,#2064,#2065));
#3984=EDGE_LOOP('',(#2066));
#3985=EDGE_LOOP('',(#2067,#2068,#2069,#2070));
#3986=EDGE_LOOP('',(#2071));
#3987=EDGE_LOOP('',(#2072,#2073,#2074,#2075));
#3988=EDGE_LOOP('',(#2076,#2077,#2078,#2079));
#3989=EDGE_LOOP('',(#2080));
#3990=EDGE_LOOP('',(#2081,#2082,#2083,#2084));
#3991=EDGE_LOOP('',(#2085));
#3992=EDGE_LOOP('',(#2086,#2087,#2088,#2089));
#3993=EDGE_LOOP('',(#2090,#2091,#2092,#2093));
#3994=EDGE_LOOP('',(#2094,#2095,#2096,#2097));
#3995=EDGE_LOOP('',(#2098));
#3996=EDGE_LOOP('',(#2099));
#3997=EDGE_LOOP('',(#2100));
#3998=EDGE_LOOP('',(#2101));
#3999=EDGE_LOOP('',(#2102,#2103,#2104,#2105));
#4000=EDGE_LOOP('',(#2106));
#4001=EDGE_LOOP('',(#2107,#2108,#2109,#2110));
#4002=EDGE_LOOP('',(#2111));
#4003=EDGE_LOOP('',(#2112,#2113,#2114,#2115));
#4004=EDGE_LOOP('',(#2116,#2117,#2118,#2119));
#4005=EDGE_LOOP('',(#2120));
#4006=EDGE_LOOP('',(#2121,#2122,#2123,#2124));
#4007=EDGE_LOOP('',(#2125));
#4008=EDGE_LOOP('',(#2126,#2127,#2128,#2129));
#4009=EDGE_LOOP('',(#2130,#2131,#2132,#2133));
#4010=EDGE_LOOP('',(#2134,#2135,#2136,#2137));
#4011=EDGE_LOOP('',(#2138));
#4012=EDGE_LOOP('',(#2139));
#4013=EDGE_LOOP('',(#2140,#2141,#2142,#2143));
#4014=EDGE_LOOP('',(#2144));
#4015=EDGE_LOOP('',(#2145,#2146,#2147,#2148));
#4016=EDGE_LOOP('',(#2149));
#4017=EDGE_LOOP('',(#2150,#2151,#2152,#2153));
#4018=EDGE_LOOP('',(#2154,#2155,#2156,#2157));
#4019=EDGE_LOOP('',(#2158));
#4020=EDGE_LOOP('',(#2159,#2160,#2161,#2162));
#4021=EDGE_LOOP('',(#2163));
#4022=EDGE_LOOP('',(#2164,#2165,#2166,#2167));
#4023=EDGE_LOOP('',(#2168,#2169,#2170,#2171));
#4024=EDGE_LOOP('',(#2172,#2173,#2174,#2175));
#4025=EDGE_LOOP('',(#2176));
#4026=EDGE_LOOP('',(#2177));
#4027=EDGE_LOOP('',(#2178,#2179,#2180,#2181));
#4028=EDGE_LOOP('',(#2182));
#4029=EDGE_LOOP('',(#2183,#2184,#2185,#2186));
#4030=EDGE_LOOP('',(#2187));
#4031=EDGE_LOOP('',(#2188,#2189,#2190,#2191));
#4032=EDGE_LOOP('',(#2192,#2193,#2194,#2195));
#4033=EDGE_LOOP('',(#2196));
#4034=EDGE_LOOP('',(#2197,#2198,#2199,#2200));
#4035=EDGE_LOOP('',(#2201));
#4036=EDGE_LOOP('',(#2202,#2203,#2204,#2205));
#4037=EDGE_LOOP('',(#2206,#2207,#2208,#2209));
#4038=EDGE_LOOP('',(#2210,#2211,#2212,#2213));
#4039=EDGE_LOOP('',(#2214));
#4040=EDGE_LOOP('',(#2215));
#4041=EDGE_LOOP('',(#2216));
#4042=EDGE_LOOP('',(#2217));
#4043=EDGE_LOOP('',(#2218,#2219,#2220,#2221));
#4044=EDGE_LOOP('',(#2222));
#4045=EDGE_LOOP('',(#2223,#2224,#2225,#2226));
#4046=EDGE_LOOP('',(#2227));
#4047=EDGE_LOOP('',(#2228,#2229,#2230,#2231));
#4048=EDGE_LOOP('',(#2232,#2233,#2234,#2235));
#4049=EDGE_LOOP('',(#2236));
#4050=EDGE_LOOP('',(#2237,#2238,#2239,#2240));
#4051=EDGE_LOOP('',(#2241));
#4052=EDGE_LOOP('',(#2242,#2243,#2244,#2245));
#4053=EDGE_LOOP('',(#2246,#2247,#2248,#2249,#2250));
#4054=EDGE_LOOP('',(#2251));
#4055=EDGE_LOOP('',(#2252,#2253,#2254,#2255,#2256,#2257));
#4056=EDGE_LOOP('',(#2258,#2259,#2260,#2261,#2262,#2263,#2264,#2265));
#4057=EDGE_LOOP('',(#2266));
#4058=EDGE_LOOP('',(#2267,#2268,#2269,#2270));
#4059=EDGE_LOOP('',(#2271,#2272,#2273,#2274));
#4060=EDGE_LOOP('',(#2275,#2276,#2277,#2278));
#4061=EDGE_LOOP('',(#2279,#2280,#2281,#2282,#2283));
#4062=EDGE_LOOP('',(#2284,#2285,#2286,#2287,#2288));
#4063=EDGE_LOOP('',(#2289,#2290,#2291,#2292,#2293));
#4064=EDGE_LOOP('',(#2294,#2295,#2296,#2297));
#4065=EDGE_LOOP('',(#2298,#2299,#2300,#2301,#2302));
#4066=EDGE_LOOP('',(#2303,#2304,#2305,#2306));
#4067=EDGE_LOOP('',(#2307,#2308,#2309,#2310));
#4068=EDGE_LOOP('',(#2311,#2312,#2313,#2314));
#4069=EDGE_LOOP('',(#2315,#2316,#2317,#2318));
#4070=EDGE_LOOP('',(#2319,#2320,#2321,#2322));
#4071=EDGE_LOOP('',(#2323,#2324,#2325,#2326));
#4072=EDGE_LOOP('',(#2327,#2328,#2329,#2330));
#4073=FACE_BOUND('',#3715,.T.);
#4074=FACE_BOUND('',#3716,.T.);
#4075=FACE_BOUND('',#3717,.T.);
#4076=FACE_BOUND('',#3718,.T.);
#4077=FACE_BOUND('',#3719,.T.);
#4078=FACE_BOUND('',#3720,.T.);
#4079=FACE_BOUND('',#3721,.T.);
#4080=FACE_BOUND('',#3722,.T.);
#4081=FACE_BOUND('',#3723,.T.);
#4082=FACE_BOUND('',#3724,.T.);
#4083=FACE_BOUND('',#3725,.T.);
#4084=FACE_BOUND('',#3726,.T.);
#4085=FACE_BOUND('',#3727,.T.);
#4086=FACE_BOUND('',#3728,.T.);
#4087=FACE_BOUND('',#3729,.T.);
#4088=FACE_BOUND('',#3730,.T.);
#4089=FACE_BOUND('',#3731,.T.);
#4090=FACE_BOUND('',#3732,.T.);
#4091=FACE_BOUND('',#3733,.T.);
#4092=FACE_BOUND('',#3734,.T.);
#4093=FACE_BOUND('',#3735,.T.);
#4094=FACE_BOUND('',#3736,.T.);
#4095=FACE_BOUND('',#3737,.T.);
#4096=FACE_BOUND('',#3738,.T.);
#4097=FACE_BOUND('',#3739,.T.);
#4098=FACE_BOUND('',#3740,.T.);
#4099=FACE_BOUND('',#3741,.T.);
#4100=FACE_BOUND('',#3742,.T.);
#4101=FACE_BOUND('',#3743,.T.);
#4102=FACE_BOUND('',#3744,.T.);
#4103=FACE_BOUND('',#3745,.T.);
#4104=FACE_BOUND('',#3746,.T.);
#4105=FACE_BOUND('',#3747,.T.);
#4106=FACE_BOUND('',#3748,.T.);
#4107=FACE_BOUND('',#3749,.T.);
#4108=FACE_BOUND('',#3750,.T.);
#4109=FACE_BOUND('',#3751,.T.);
#4110=FACE_BOUND('',#3752,.T.);
#4111=FACE_BOUND('',#3753,.T.);
#4112=FACE_BOUND('',#3754,.T.);
#4113=FACE_BOUND('',#3755,.T.);
#4114=FACE_BOUND('',#3756,.T.);
#4115=FACE_BOUND('',#3757,.T.);
#4116=FACE_BOUND('',#3758,.T.);
#4117=FACE_BOUND('',#3759,.T.);
#4118=FACE_BOUND('',#3760,.T.);
#4119=FACE_BOUND('',#3761,.T.);
#4120=FACE_BOUND('',#3762,.T.);
#4121=FACE_BOUND('',#3763,.T.);
#4122=FACE_BOUND('',#3764,.T.);
#4123=FACE_BOUND('',#3765,.T.);
#4124=FACE_BOUND('',#3766,.T.);
#4125=FACE_BOUND('',#3767,.T.);
#4126=FACE_BOUND('',#3768,.T.);
#4127=FACE_BOUND('',#3769,.T.);
#4128=FACE_BOUND('',#3770,.T.);
#4129=FACE_BOUND('',#3771,.T.);
#4130=FACE_BOUND('',#3772,.T.);
#4131=FACE_BOUND('',#3773,.T.);
#4132=FACE_BOUND('',#3774,.T.);
#4133=FACE_BOUND('',#3775,.T.);
#4134=FACE_BOUND('',#3776,.T.);
#4135=FACE_BOUND('',#3777,.T.);
#4136=FACE_BOUND('',#3778,.T.);
#4137=FACE_BOUND('',#3779,.T.);
#4138=FACE_BOUND('',#3780,.T.);
#4139=FACE_BOUND('',#3781,.T.);
#4140=FACE_BOUND('',#3782,.T.);
#4141=FACE_BOUND('',#3783,.T.);
#4142=FACE_BOUND('',#3784,.T.);
#4143=FACE_BOUND('',#3785,.T.);
#4144=FACE_BOUND('',#3786,.T.);
#4145=FACE_BOUND('',#3787,.T.);
#4146=FACE_BOUND('',#3788,.T.);
#4147=FACE_BOUND('',#3789,.T.);
#4148=FACE_BOUND('',#3790,.T.);
#4149=FACE_BOUND('',#3791,.T.);
#4150=FACE_BOUND('',#3792,.T.);
#4151=FACE_BOUND('',#3793,.T.);
#4152=FACE_BOUND('',#3794,.T.);
#4153=FACE_BOUND('',#3795,.T.);
#4154=FACE_BOUND('',#3796,.T.);
#4155=FACE_BOUND('',#3797,.T.);
#4156=FACE_BOUND('',#3798,.T.);
#4157=FACE_BOUND('',#3799,.T.);
#4158=FACE_BOUND('',#3800,.T.);
#4159=FACE_BOUND('',#3801,.T.);
#4160=FACE_BOUND('',#3802,.T.);
#4161=FACE_BOUND('',#3803,.T.);
#4162=FACE_BOUND('',#3804,.T.);
#4163=FACE_BOUND('',#3805,.T.);
#4164=FACE_BOUND('',#3806,.T.);
#4165=FACE_BOUND('',#3807,.T.);
#4166=FACE_BOUND('',#3808,.T.);
#4167=FACE_BOUND('',#3809,.T.);
#4168=FACE_BOUND('',#3810,.T.);
#4169=FACE_BOUND('',#3811,.T.);
#4170=FACE_BOUND('',#3812,.T.);
#4171=FACE_BOUND('',#3813,.T.);
#4172=FACE_BOUND('',#3814,.T.);
#4173=FACE_BOUND('',#3815,.T.);
#4174=FACE_BOUND('',#3816,.T.);
#4175=FACE_BOUND('',#3817,.T.);
#4176=FACE_BOUND('',#3818,.T.);
#4177=FACE_BOUND('',#3819,.T.);
#4178=FACE_BOUND('',#3820,.T.);
#4179=FACE_BOUND('',#3821,.T.);
#4180=FACE_BOUND('',#3822,.T.);
#4181=FACE_BOUND('',#3823,.T.);
#4182=FACE_BOUND('',#3824,.T.);
#4183=FACE_BOUND('',#3825,.T.);
#4184=FACE_BOUND('',#3826,.T.);
#4185=FACE_BOUND('',#3827,.T.);
#4186=FACE_BOUND('',#3828,.T.);
#4187=FACE_BOUND('',#3829,.T.);
#4188=FACE_BOUND('',#3830,.T.);
#4189=FACE_BOUND('',#3831,.T.);
#4190=FACE_BOUND('',#3832,.T.);
#4191=FACE_BOUND('',#3833,.T.);
#4192=FACE_BOUND('',#3834,.T.);
#4193=FACE_BOUND('',#3835,.T.);
#4194=FACE_BOUND('',#3836,.T.);
#4195=FACE_BOUND('',#3837,.T.);
#4196=FACE_BOUND('',#3838,.T.);
#4197=FACE_BOUND('',#3839,.T.);
#4198=FACE_BOUND('',#3840,.T.);
#4199=FACE_BOUND('',#3841,.T.);
#4200=FACE_BOUND('',#3842,.T.);
#4201=FACE_BOUND('',#3843,.T.);
#4202=FACE_BOUND('',#3844,.T.);
#4203=FACE_BOUND('',#3845,.T.);
#4204=FACE_BOUND('',#3846,.T.);
#4205=FACE_BOUND('',#3847,.T.);
#4206=FACE_BOUND('',#3848,.T.);
#4207=FACE_BOUND('',#3849,.T.);
#4208=FACE_BOUND('',#3850,.T.);
#4209=FACE_BOUND('',#3851,.T.);
#4210=FACE_BOUND('',#3852,.T.);
#4211=FACE_BOUND('',#3853,.T.);
#4212=FACE_BOUND('',#3854,.T.);
#4213=FACE_BOUND('',#3855,.T.);
#4214=FACE_BOUND('',#3856,.T.);
#4215=FACE_BOUND('',#3857,.T.);
#4216=FACE_BOUND('',#3858,.T.);
#4217=FACE_BOUND('',#3859,.T.);
#4218=FACE_BOUND('',#3860,.T.);
#4219=FACE_BOUND('',#3861,.T.);
#4220=FACE_BOUND('',#3862,.T.);
#4221=FACE_BOUND('',#3863,.T.);
#4222=FACE_BOUND('',#3864,.T.);
#4223=FACE_BOUND('',#3865,.T.);
#4224=FACE_BOUND('',#3866,.T.);
#4225=FACE_BOUND('',#3867,.T.);
#4226=FACE_BOUND('',#3868,.T.);
#4227=FACE_BOUND('',#3869,.T.);
#4228=FACE_BOUND('',#3870,.T.);
#4229=FACE_BOUND('',#3871,.T.);
#4230=FACE_BOUND('',#3872,.T.);
#4231=FACE_BOUND('',#3873,.T.);
#4232=FACE_BOUND('',#3874,.T.);
#4233=FACE_BOUND('',#3875,.T.);
#4234=FACE_BOUND('',#3876,.T.);
#4235=FACE_BOUND('',#3877,.T.);
#4236=FACE_BOUND('',#3878,.T.);
#4237=FACE_BOUND('',#3879,.T.);
#4238=FACE_BOUND('',#3880,.T.);
#4239=FACE_BOUND('',#3881,.T.);
#4240=FACE_BOUND('',#3882,.T.);
#4241=FACE_BOUND('',#3883,.T.);
#4242=FACE_BOUND('',#3884,.T.);
#4243=FACE_BOUND('',#3885,.T.);
#4244=FACE_BOUND('',#3886,.T.);
#4245=FACE_BOUND('',#3887,.T.);
#4246=FACE_BOUND('',#3888,.T.);
#4247=FACE_BOUND('',#3889,.T.);
#4248=FACE_BOUND('',#3890,.T.);
#4249=FACE_BOUND('',#3891,.T.);
#4250=FACE_BOUND('',#3892,.T.);
#4251=FACE_BOUND('',#3893,.T.);
#4252=FACE_BOUND('',#3894,.T.);
#4253=FACE_BOUND('',#3895,.T.);
#4254=FACE_BOUND('',#3896,.T.);
#4255=FACE_BOUND('',#3897,.T.);
#4256=FACE_BOUND('',#3898,.T.);
#4257=FACE_BOUND('',#3899,.T.);
#4258=FACE_BOUND('',#3900,.T.);
#4259=FACE_BOUND('',#3901,.T.);
#4260=FACE_BOUND('',#3902,.T.);
#4261=FACE_BOUND('',#3903,.T.);
#4262=FACE_BOUND('',#3904,.T.);
#4263=FACE_BOUND('',#3905,.T.);
#4264=FACE_BOUND('',#3906,.T.);
#4265=FACE_BOUND('',#3907,.T.);
#4266=FACE_BOUND('',#3908,.T.);
#4267=FACE_BOUND('',#3909,.T.);
#4268=FACE_BOUND('',#3910,.T.);
#4269=FACE_BOUND('',#3911,.T.);
#4270=FACE_BOUND('',#3912,.T.);
#4271=FACE_BOUND('',#3913,.T.);
#4272=FACE_BOUND('',#3914,.T.);
#4273=FACE_BOUND('',#3915,.T.);
#4274=FACE_BOUND('',#3916,.T.);
#4275=FACE_BOUND('',#3917,.T.);
#4276=FACE_BOUND('',#3918,.T.);
#4277=FACE_BOUND('',#3919,.T.);
#4278=FACE_BOUND('',#3920,.T.);
#4279=FACE_BOUND('',#3921,.T.);
#4280=FACE_BOUND('',#3922,.T.);
#4281=FACE_BOUND('',#3923,.T.);
#4282=FACE_BOUND('',#3924,.T.);
#4283=FACE_BOUND('',#3925,.T.);
#4284=FACE_BOUND('',#3926,.T.);
#4285=FACE_BOUND('',#3927,.T.);
#4286=FACE_BOUND('',#3928,.T.);
#4287=FACE_BOUND('',#3929,.T.);
#4288=FACE_BOUND('',#3930,.T.);
#4289=FACE_BOUND('',#3931,.T.);
#4290=FACE_BOUND('',#3932,.T.);
#4291=FACE_BOUND('',#3933,.T.);
#4292=FACE_BOUND('',#3934,.T.);
#4293=FACE_BOUND('',#3935,.T.);
#4294=FACE_BOUND('',#3936,.T.);
#4295=FACE_BOUND('',#3937,.T.);
#4296=FACE_BOUND('',#3938,.T.);
#4297=FACE_BOUND('',#3939,.T.);
#4298=FACE_BOUND('',#3940,.T.);
#4299=FACE_BOUND('',#3941,.T.);
#4300=FACE_BOUND('',#3942,.T.);
#4301=FACE_BOUND('',#3943,.T.);
#4302=FACE_BOUND('',#3944,.T.);
#4303=FACE_BOUND('',#3945,.T.);
#4304=FACE_BOUND('',#3946,.T.);
#4305=FACE_BOUND('',#3947,.T.);
#4306=FACE_BOUND('',#3948,.T.);
#4307=FACE_BOUND('',#3949,.T.);
#4308=FACE_BOUND('',#3950,.T.);
#4309=FACE_BOUND('',#3951,.T.);
#4310=FACE_BOUND('',#3952,.T.);
#4311=FACE_BOUND('',#3953,.T.);
#4312=FACE_BOUND('',#3954,.T.);
#4313=FACE_BOUND('',#3955,.T.);
#4314=FACE_BOUND('',#3956,.T.);
#4315=FACE_BOUND('',#3957,.T.);
#4316=FACE_BOUND('',#3958,.T.);
#4317=FACE_BOUND('',#3959,.T.);
#4318=FACE_BOUND('',#3960,.T.);
#4319=FACE_BOUND('',#3961,.T.);
#4320=FACE_BOUND('',#3962,.T.);
#4321=FACE_BOUND('',#3963,.T.);
#4322=FACE_BOUND('',#3964,.T.);
#4323=FACE_BOUND('',#3965,.T.);
#4324=FACE_BOUND('',#3966,.T.);
#4325=FACE_BOUND('',#3967,.T.);
#4326=FACE_BOUND('',#3968,.T.);
#4327=FACE_BOUND('',#3969,.T.);
#4328=FACE_BOUND('',#3970,.T.);
#4329=FACE_BOUND('',#3971,.T.);
#4330=FACE_BOUND('',#3972,.T.);
#4331=FACE_BOUND('',#3973,.T.);
#4332=FACE_BOUND('',#3974,.T.);
#4333=FACE_BOUND('',#3975,.T.);
#4334=FACE_BOUND('',#3976,.T.);
#4335=FACE_BOUND('',#3977,.T.);
#4336=FACE_BOUND('',#3978,.T.);
#4337=FACE_BOUND('',#3979,.T.);
#4338=FACE_BOUND('',#3980,.T.);
#4339=FACE_BOUND('',#3981,.T.);
#4340=FACE_BOUND('',#3982,.T.);
#4341=FACE_BOUND('',#3983,.T.);
#4342=FACE_BOUND('',#3984,.T.);
#4343=FACE_BOUND('',#3985,.T.);
#4344=FACE_BOUND('',#3986,.T.);
#4345=FACE_BOUND('',#3987,.T.);
#4346=FACE_BOUND('',#3988,.T.);
#4347=FACE_BOUND('',#3989,.T.);
#4348=FACE_BOUND('',#3990,.T.);
#4349=FACE_BOUND('',#3991,.T.);
#4350=FACE_BOUND('',#3992,.T.);
#4351=FACE_BOUND('',#3993,.T.);
#4352=FACE_BOUND('',#3994,.T.);
#4353=FACE_BOUND('',#3995,.T.);
#4354=FACE_BOUND('',#3996,.T.);
#4355=FACE_BOUND('',#3997,.T.);
#4356=FACE_BOUND('',#3998,.T.);
#4357=FACE_BOUND('',#3999,.T.);
#4358=FACE_BOUND('',#4000,.T.);
#4359=FACE_BOUND('',#4001,.T.);
#4360=FACE_BOUND('',#4002,.T.);
#4361=FACE_BOUND('',#4003,.T.);
#4362=FACE_BOUND('',#4004,.T.);
#4363=FACE_BOUND('',#4005,.T.);
#4364=FACE_BOUND('',#4006,.T.);
#4365=FACE_BOUND('',#4007,.T.);
#4366=FACE_BOUND('',#4008,.T.);
#4367=FACE_BOUND('',#4009,.T.);
#4368=FACE_BOUND('',#4010,.T.);
#4369=FACE_BOUND('',#4011,.T.);
#4370=FACE_BOUND('',#4012,.T.);
#4371=FACE_BOUND('',#4013,.T.);
#4372=FACE_BOUND('',#4014,.T.);
#4373=FACE_BOUND('',#4015,.T.);
#4374=FACE_BOUND('',#4016,.T.);
#4375=FACE_BOUND('',#4017,.T.);
#4376=FACE_BOUND('',#4018,.T.);
#4377=FACE_BOUND('',#4019,.T.);
#4378=FACE_BOUND('',#4020,.T.);
#4379=FACE_BOUND('',#4021,.T.);
#4380=FACE_BOUND('',#4022,.T.);
#4381=FACE_BOUND('',#4023,.T.);
#4382=FACE_BOUND('',#4024,.T.);
#4383=FACE_BOUND('',#4025,.T.);
#4384=FACE_BOUND('',#4026,.T.);
#4385=FACE_BOUND('',#4027,.T.);
#4386=FACE_BOUND('',#4028,.T.);
#4387=FACE_BOUND('',#4029,.T.);
#4388=FACE_BOUND('',#4030,.T.);
#4389=FACE_BOUND('',#4031,.T.);
#4390=FACE_BOUND('',#4032,.T.);
#4391=FACE_BOUND('',#4033,.T.);
#4392=FACE_BOUND('',#4034,.T.);
#4393=FACE_BOUND('',#4035,.T.);
#4394=FACE_BOUND('',#4036,.T.);
#4395=FACE_BOUND('',#4037,.T.);
#4396=FACE_BOUND('',#4038,.T.);
#4397=FACE_BOUND('',#4039,.T.);
#4398=FACE_BOUND('',#4040,.T.);
#4399=FACE_BOUND('',#4041,.T.);
#4400=FACE_BOUND('',#4042,.T.);
#4401=FACE_BOUND('',#4043,.T.);
#4402=FACE_BOUND('',#4044,.T.);
#4403=FACE_BOUND('',#4045,.T.);
#4404=FACE_BOUND('',#4046,.T.);
#4405=FACE_BOUND('',#4047,.T.);
#4406=FACE_BOUND('',#4048,.T.);
#4407=FACE_BOUND('',#4049,.T.);
#4408=FACE_BOUND('',#4050,.T.);
#4409=FACE_BOUND('',#4051,.T.);
#4410=FACE_BOUND('',#4052,.T.);
#4411=FACE_BOUND('',#4053,.T.);
#4412=FACE_BOUND('',#4054,.T.);
#4413=FACE_BOUND('',#4055,.T.);
#4414=FACE_BOUND('',#4056,.T.);
#4415=FACE_BOUND('',#4057,.T.);
#4416=FACE_BOUND('',#4058,.T.);
#4417=FACE_BOUND('',#4059,.T.);
#4418=FACE_BOUND('',#4060,.T.);
#4419=FACE_BOUND('',#4061,.T.);
#4420=FACE_BOUND('',#4062,.T.);
#4421=FACE_BOUND('',#4063,.T.);
#4422=FACE_BOUND('',#4064,.T.);
#4423=FACE_BOUND('',#4065,.T.);
#4424=FACE_BOUND('',#4066,.T.);
#4425=FACE_BOUND('',#4067,.T.);
#4426=FACE_BOUND('',#4068,.T.);
#4427=FACE_BOUND('',#4069,.T.);
#4428=FACE_BOUND('',#4070,.T.);
#4429=FACE_BOUND('',#4071,.T.);
#4430=FACE_BOUND('',#4072,.T.);
#4431=CYLINDRICAL_SURFACE('',#4741,0.0363);
#4432=CYLINDRICAL_SURFACE('',#4758,0.0363);
#4433=CYLINDRICAL_SURFACE('',#4764,0.0011);
#4434=CYLINDRICAL_SURFACE('',#4771,0.038);
#4435=CYLINDRICAL_SURFACE('',#4804,0.0011);
#4436=CYLINDRICAL_SURFACE('',#4811,0.0011);
#4437=CYLINDRICAL_SURFACE('',#4820,0.042);
#4438=CYLINDRICAL_SURFACE('',#4827,0.042);
#4439=CYLINDRICAL_SURFACE('',#4834,0.0011);
#4440=CYLINDRICAL_SURFACE('',#4837,0.0011);
#4441=CYLINDRICAL_SURFACE('',#4867,0.042);
#4442=CYLINDRICAL_SURFACE('',#4873,0.0011);
#4443=CYLINDRICAL_SURFACE('',#4875,0.0011);
#4444=CYLINDRICAL_SURFACE('',#4883,0.042);
#4445=CYLINDRICAL_SURFACE('',#4889,0.0011);
#4446=CYLINDRICAL_SURFACE('',#4891,0.0011);
#4447=CYLINDRICAL_SURFACE('',#4923,0.042);
#4448=CYLINDRICAL_SURFACE('',#4929,0.0011);
#4449=CYLINDRICAL_SURFACE('',#4931,0.0011);
#4450=CYLINDRICAL_SURFACE('',#4939,0.0011);
#4451=CYLINDRICAL_SURFACE('',#4941,0.0011);
#4452=CYLINDRICAL_SURFACE('',#4949,0.038);
#4453=CYLINDRICAL_SURFACE('',#5005,0.042);
#4454=CYLINDRICAL_SURFACE('',#5010,0.042);
#4455=CYLINDRICAL_SURFACE('',#5015,0.0011);
#4456=CYLINDRICAL_SURFACE('',#5017,0.0011);
#4457=CYLINDRICAL_SURFACE('',#5021,0.042);
#4458=CYLINDRICAL_SURFACE('',#5024,0.0382999999999979);
#4459=CYLINDRICAL_SURFACE('',#5025,0.0011);
#4460=CYLINDRICAL_SURFACE('',#5029,0.042);
#4461=CYLINDRICAL_SURFACE('',#5034,0.0382999999999979);
#4462=CYLINDRICAL_SURFACE('',#5037,0.0011);
#4463=CYLINDRICAL_SURFACE('',#5041,0.042);
#4464=CYLINDRICAL_SURFACE('',#5046,0.0011);
#4465=CYLINDRICAL_SURFACE('',#5048,0.0011);
#4466=CYLINDRICAL_SURFACE('',#5052,0.0011);
#4467=CYLINDRICAL_SURFACE('',#5054,0.0011);
#4468=CYLINDRICAL_SURFACE('',#5058,0.0011);
#4469=CYLINDRICAL_SURFACE('',#5060,0.0011);
#4470=CYLINDRICAL_SURFACE('',#5070,0.0011);
#4471=CYLINDRICAL_SURFACE('',#5072,0.0011);
#4472=CYLINDRICAL_SURFACE('',#5082,0.0011);
#4473=CYLINDRICAL_SURFACE('',#5092,0.0011);
#4474=CYLINDRICAL_SURFACE('',#5094,0.0011);
#4475=CYLINDRICAL_SURFACE('',#5104,0.0011);
#4476=CYLINDRICAL_SURFACE('',#5106,0.0011);
#4477=CYLINDRICAL_SURFACE('',#5118,0.04);
#4478=CYLINDRICAL_SURFACE('',#5121,0.04);
#4479=CYLINDRICAL_SURFACE('',#5124,0.04);
#4480=CYLINDRICAL_SURFACE('',#5127,0.04);
#4481=CYLINDRICAL_SURFACE('',#5145,0.0095);
#4482=CYLINDRICAL_SURFACE('',#5153,0.0011);
#4483=CYLINDRICAL_SURFACE('',#5155,0.0011);
#4484=CYLINDRICAL_SURFACE('',#5165,0.0011);
#4485=CYLINDRICAL_SURFACE('',#5167,0.0011);
#4486=CYLINDRICAL_SURFACE('',#5177,0.0011);
#4487=CYLINDRICAL_SURFACE('',#5187,0.0011);
#4488=CYLINDRICAL_SURFACE('',#5197,0.0011);
#4489=CYLINDRICAL_SURFACE('',#5199,0.0011);
#4490=CYLINDRICAL_SURFACE('',#5211,0.042);
#4491=CYLINDRICAL_SURFACE('',#5229,0.04);
#4492=ADVANCED_FACE('',(#4073,#4074,#4075),#4431,.F.);
#4493=ADVANCED_FACE('',(#4076),#4432,.F.);
#4494=ADVANCED_FACE('',(#4077),#13,.T.);
#4495=ADVANCED_FACE('',(#4078,#4079),#4433,.F.);
#4496=ADVANCED_FACE('',(#4080),#14,.T.);
#4497=ADVANCED_FACE('',(#4081),#15,.T.);
#4498=ADVANCED_FACE('',(#4082),#16,.F.);
#4499=ADVANCED_FACE('',(#4083),#17,.F.);
#4500=ADVANCED_FACE('',(#4084),#4434,.T.);
#4501=ADVANCED_FACE('',(#4085,#4086,#4087),#4435,.F.);
#4502=ADVANCED_FACE('',(#4088,#4089,#4090),#4436,.F.);
#4503=ADVANCED_FACE('',(#4091),#18,.F.);
#4504=ADVANCED_FACE('',(#4092),#19,.T.);
#4505=ADVANCED_FACE('',(#4093),#4437,.T.);
#4506=ADVANCED_FACE('',(#4094),#4438,.T.);
#4507=ADVANCED_FACE('',(#4095,#4096),#4439,.F.);
#4508=ADVANCED_FACE('',(#4097,#4098),#4440,.F.);
#4509=ADVANCED_FACE('',(#4099,#4100,#4101,#4102,#4103,#4104,#4105,#4106,
#4107,#4108,#4109,#4110),#20,.T.);
#4510=ADVANCED_FACE('',(#4111,#4112,#4113),#21,.F.);
#4511=ADVANCED_FACE('',(#4114,#4115,#4116),#22,.F.);
#4512=ADVANCED_FACE('',(#4117),#23,.F.);
#4513=ADVANCED_FACE('',(#4118),#24,.T.);
#4514=ADVANCED_FACE('',(#4119),#4441,.T.);
#4515=ADVANCED_FACE('',(#4120,#4121),#4442,.F.);
#4516=ADVANCED_FACE('',(#4122,#4123),#4443,.F.);
#4517=ADVANCED_FACE('',(#4124,#4125,#4126),#25,.F.);
#4518=ADVANCED_FACE('',(#4127),#26,.F.);
#4519=ADVANCED_FACE('',(#4128),#27,.T.);
#4520=ADVANCED_FACE('',(#4129),#4444,.T.);
#4521=ADVANCED_FACE('',(#4130,#4131),#4445,.F.);
#4522=ADVANCED_FACE('',(#4132,#4133),#4446,.F.);
#4523=ADVANCED_FACE('',(#4134,#4135,#4136),#28,.F.);
#4524=ADVANCED_FACE('',(#4137),#29,.F.);
#4525=ADVANCED_FACE('',(#4138),#30,.T.);
#4526=ADVANCED_FACE('',(#4139),#31,.F.);
#4527=ADVANCED_FACE('',(#4140),#32,.T.);
#4528=ADVANCED_FACE('',(#4141,#4142,#4143,#4144,#4145,#4146,#4147,#4148,
#4149,#4150,#4151,#4152,#4153),#33,.F.);
#4529=ADVANCED_FACE('',(#4154),#34,.F.);
#4530=ADVANCED_FACE('',(#4155),#35,.T.);
#4531=ADVANCED_FACE('',(#4156),#4447,.T.);
#4532=ADVANCED_FACE('',(#4157,#4158),#4448,.F.);
#4533=ADVANCED_FACE('',(#4159,#4160),#4449,.F.);
#4534=ADVANCED_FACE('',(#4161,#4162,#4163),#36,.F.);
#4535=ADVANCED_FACE('',(#4164),#37,.T.);
#4536=ADVANCED_FACE('',(#4165),#38,.F.);
#4537=ADVANCED_FACE('',(#4166,#4167),#4450,.F.);
#4538=ADVANCED_FACE('',(#4168,#4169),#4451,.F.);
#4539=ADVANCED_FACE('',(#4170),#39,.F.);
#4540=ADVANCED_FACE('',(#4171),#40,.T.);
#4541=ADVANCED_FACE('',(#4172),#41,.T.);
#4542=ADVANCED_FACE('',(#4173),#42,.F.);
#4543=ADVANCED_FACE('',(#4174),#43,.T.);
#4544=ADVANCED_FACE('',(#4175),#44,.T.);
#4545=ADVANCED_FACE('',(#4176),#4452,.T.);
#4546=ADVANCED_FACE('',(#4177),#45,.T.);
#4547=ADVANCED_FACE('',(#4178),#46,.T.);
#4548=ADVANCED_FACE('',(#4179),#47,.F.);
#4549=ADVANCED_FACE('',(#4180,#4181,#4182),#48,.T.);
#4550=ADVANCED_FACE('',(#4183,#4184,#4185),#49,.T.);
#4551=ADVANCED_FACE('',(#4186,#4187,#4188),#50,.T.);
#4552=ADVANCED_FACE('',(#4189,#4190,#4191),#51,.T.);
#4553=ADVANCED_FACE('',(#4192),#52,.F.);
#4554=ADVANCED_FACE('',(#4193),#53,.T.);
#4555=ADVANCED_FACE('',(#4194),#54,.T.);
#4556=ADVANCED_FACE('',(#4195),#55,.F.);
#4557=ADVANCED_FACE('',(#4196),#56,.F.);
#4558=ADVANCED_FACE('',(#4197),#57,.T.);
#4559=ADVANCED_FACE('',(#4198),#58,.F.);
#4560=ADVANCED_FACE('',(#4199),#59,.T.);
#4561=ADVANCED_FACE('',(#4200),#60,.F.);
#4562=ADVANCED_FACE('',(#4201),#4453,.T.);
#4563=ADVANCED_FACE('',(#4202),#4454,.T.);
#4564=ADVANCED_FACE('',(#4203,#4204),#4455,.F.);
#4565=ADVANCED_FACE('',(#4205,#4206),#4456,.F.);
#4566=ADVANCED_FACE('',(#4207),#61,.T.);
#4567=ADVANCED_FACE('',(#4208),#62,.F.);
#4568=ADVANCED_FACE('',(#4209),#4457,.T.);
#4569=ADVANCED_FACE('',(#4210),#4458,.F.);
#4570=ADVANCED_FACE('',(#4211,#4212),#4459,.F.);
#4571=ADVANCED_FACE('',(#4213),#63,.T.);
#4572=ADVANCED_FACE('',(#4214),#64,.F.);
#4573=ADVANCED_FACE('',(#4215),#4460,.T.);
#4574=ADVANCED_FACE('',(#4216),#4461,.F.);
#4575=ADVANCED_FACE('',(#4217,#4218),#4462,.F.);
#4576=ADVANCED_FACE('',(#4219),#65,.T.);
#4577=ADVANCED_FACE('',(#4220),#66,.F.);
#4578=ADVANCED_FACE('',(#4221),#4463,.T.);
#4579=ADVANCED_FACE('',(#4222,#4223),#4464,.F.);
#4580=ADVANCED_FACE('',(#4224,#4225),#4465,.F.);
#4581=ADVANCED_FACE('',(#4226),#67,.T.);
#4582=ADVANCED_FACE('',(#4227),#68,.F.);
#4583=ADVANCED_FACE('',(#4228,#4229),#4466,.F.);
#4584=ADVANCED_FACE('',(#4230,#4231),#4467,.F.);
#4585=ADVANCED_FACE('',(#4232),#69,.T.);
#4586=ADVANCED_FACE('',(#4233),#70,.F.);
#4587=ADVANCED_FACE('',(#4234,#4235),#4468,.F.);
#4588=ADVANCED_FACE('',(#4236,#4237),#4469,.F.);
#4589=ADVANCED_FACE('',(#4238,#4239),#71,.F.);
#4590=ADVANCED_FACE('',(#4240,#4241),#72,.T.);
#4591=ADVANCED_FACE('',(#4242),#73,.T.);
#4592=ADVANCED_FACE('',(#4243),#74,.F.);
#4593=ADVANCED_FACE('',(#4244,#4245),#75,.F.);
#4594=ADVANCED_FACE('',(#4246,#4247),#76,.T.);
#4595=ADVANCED_FACE('',(#4248),#77,.T.);
#4596=ADVANCED_FACE('',(#4249),#78,.F.);
#4597=ADVANCED_FACE('',(#4250,#4251),#4470,.F.);
#4598=ADVANCED_FACE('',(#4252,#4253),#4471,.F.);
#4599=ADVANCED_FACE('',(#4254,#4255),#79,.F.);
#4600=ADVANCED_FACE('',(#4256,#4257),#80,.T.);
#4601=ADVANCED_FACE('',(#4258),#81,.T.);
#4602=ADVANCED_FACE('',(#4259),#82,.F.);
#4603=ADVANCED_FACE('',(#4260,#4261),#83,.F.);
#4604=ADVANCED_FACE('',(#4262,#4263),#84,.T.);
#4605=ADVANCED_FACE('',(#4264),#85,.T.);
#4606=ADVANCED_FACE('',(#4265),#86,.F.);
#4607=ADVANCED_FACE('',(#4266,#4267),#4472,.F.);
#4608=ADVANCED_FACE('',(#4268),#87,.F.);
#4609=ADVANCED_FACE('',(#4269),#88,.T.);
#4610=ADVANCED_FACE('',(#4270),#89,.T.);
#4611=ADVANCED_FACE('',(#4271),#90,.F.);
#4612=ADVANCED_FACE('',(#4272,#4273),#91,.F.);
#4613=ADVANCED_FACE('',(#4274,#4275),#92,.T.);
#4614=ADVANCED_FACE('',(#4276),#93,.T.);
#4615=ADVANCED_FACE('',(#4277),#94,.F.);
#4616=ADVANCED_FACE('',(#4278,#4279),#4473,.F.);
#4617=ADVANCED_FACE('',(#4280,#4281),#4474,.F.);
#4618=ADVANCED_FACE('',(#4282,#4283),#95,.F.);
#4619=ADVANCED_FACE('',(#4284,#4285),#96,.T.);
#4620=ADVANCED_FACE('',(#4286),#97,.T.);
#4621=ADVANCED_FACE('',(#4287),#98,.F.);
#4622=ADVANCED_FACE('',(#4288),#99,.F.);
#4623=ADVANCED_FACE('',(#4289),#100,.T.);
#4624=ADVANCED_FACE('',(#4290),#101,.T.);
#4625=ADVANCED_FACE('',(#4291),#102,.F.);
#4626=ADVANCED_FACE('',(#4292,#4293),#4475,.F.);
#4627=ADVANCED_FACE('',(#4294,#4295),#4476,.F.);
#4628=ADVANCED_FACE('',(#4296,#4297),#103,.F.);
#4629=ADVANCED_FACE('',(#4298,#4299),#104,.T.);
#4630=ADVANCED_FACE('',(#4300),#105,.T.);
#4631=ADVANCED_FACE('',(#4301),#106,.F.);
#4632=ADVANCED_FACE('',(#4302,#4303),#107,.F.);
#4633=ADVANCED_FACE('',(#4304,#4305),#108,.T.);
#4634=ADVANCED_FACE('',(#4306),#109,.T.);
#4635=ADVANCED_FACE('',(#4307),#110,.T.);
#4636=ADVANCED_FACE('',(#4308),#111,.T.);
#4637=ADVANCED_FACE('',(#4309),#112,.F.);
#4638=ADVANCED_FACE('',(#4310),#4477,.F.);
#4639=ADVANCED_FACE('',(#4311),#4478,.F.);
#4640=ADVANCED_FACE('',(#4312),#4479,.F.);
#4641=ADVANCED_FACE('',(#4313),#4480,.F.);
#4642=ADVANCED_FACE('',(#4314),#113,.T.);
#4643=ADVANCED_FACE('',(#4315),#114,.F.);
#4644=ADVANCED_FACE('',(#4316),#115,.T.);
#4645=ADVANCED_FACE('',(#4317),#116,.F.);
#4646=ADVANCED_FACE('',(#4318),#117,.T.);
#4647=ADVANCED_FACE('',(#4319),#118,.F.);
#4648=ADVANCED_FACE('',(#4320),#119,.F.);
#4649=ADVANCED_FACE('',(#4321),#120,.T.);
#4650=ADVANCED_FACE('',(#4322),#121,.F.);
#4651=ADVANCED_FACE('',(#4323),#122,.F.);
#4652=ADVANCED_FACE('',(#4324),#123,.T.);
#4653=ADVANCED_FACE('',(#4325),#124,.F.);
#4654=ADVANCED_FACE('',(#4326),#125,.F.);
#4655=ADVANCED_FACE('',(#4327),#126,.F.);
#4656=ADVANCED_FACE('',(#4328),#127,.F.);
#4657=ADVANCED_FACE('',(#4329,#4330),#4481,.T.);
#4658=ADVANCED_FACE('',(#4331),#128,.T.);
#4659=ADVANCED_FACE('',(#4332,#4333),#129,.T.);
#4660=ADVANCED_FACE('',(#4334),#130,.F.);
#4661=ADVANCED_FACE('',(#4335),#131,.T.);
#4662=ADVANCED_FACE('',(#4336),#132,.F.);
#4663=ADVANCED_FACE('',(#4337,#4338),#4482,.F.);
#4664=ADVANCED_FACE('',(#4339,#4340),#4483,.F.);
#4665=ADVANCED_FACE('',(#4341),#133,.F.);
#4666=ADVANCED_FACE('',(#4342,#4343),#134,.F.);
#4667=ADVANCED_FACE('',(#4344,#4345),#135,.T.);
#4668=ADVANCED_FACE('',(#4346,#4347),#136,.F.);
#4669=ADVANCED_FACE('',(#4348,#4349),#137,.T.);
#4670=ADVANCED_FACE('',(#4350),#138,.T.);
#4671=ADVANCED_FACE('',(#4351),#139,.F.);
#4672=ADVANCED_FACE('',(#4352),#140,.T.);
#4673=ADVANCED_FACE('',(#4353,#4354),#4484,.F.);
#4674=ADVANCED_FACE('',(#4355,#4356),#4485,.F.);
#4675=ADVANCED_FACE('',(#4357),#141,.F.);
#4676=ADVANCED_FACE('',(#4358,#4359),#142,.F.);
#4677=ADVANCED_FACE('',(#4360,#4361),#143,.T.);
#4678=ADVANCED_FACE('',(#4362,#4363),#144,.F.);
#4679=ADVANCED_FACE('',(#4364,#4365),#145,.T.);
#4680=ADVANCED_FACE('',(#4366),#146,.T.);
#4681=ADVANCED_FACE('',(#4367),#147,.F.);
#4682=ADVANCED_FACE('',(#4368),#148,.T.);
#4683=ADVANCED_FACE('',(#4369,#4370),#4486,.F.);
#4684=ADVANCED_FACE('',(#4371,#4372),#149,.F.);
#4685=ADVANCED_FACE('',(#4373,#4374),#150,.T.);
#4686=ADVANCED_FACE('',(#4375),#151,.T.);
#4687=ADVANCED_FACE('',(#4376,#4377),#152,.F.);
#4688=ADVANCED_FACE('',(#4378,#4379),#153,.T.);
#4689=ADVANCED_FACE('',(#4380),#154,.F.);
#4690=ADVANCED_FACE('',(#4381),#155,.F.);
#4691=ADVANCED_FACE('',(#4382),#156,.T.);
#4692=ADVANCED_FACE('',(#4383,#4384),#4487,.F.);
#4693=ADVANCED_FACE('',(#4385),#157,.F.);
#4694=ADVANCED_FACE('',(#4386,#4387),#158,.F.);
#4695=ADVANCED_FACE('',(#4388,#4389),#159,.T.);
#4696=ADVANCED_FACE('',(#4390),#160,.T.);
#4697=ADVANCED_FACE('',(#4391,#4392),#161,.F.);
#4698=ADVANCED_FACE('',(#4393,#4394),#162,.T.);
#4699=ADVANCED_FACE('',(#4395),#163,.F.);
#4700=ADVANCED_FACE('',(#4396),#164,.T.);
#4701=ADVANCED_FACE('',(#4397,#4398),#4488,.F.);
#4702=ADVANCED_FACE('',(#4399,#4400),#4489,.F.);
#4703=ADVANCED_FACE('',(#4401),#165,.F.);
#4704=ADVANCED_FACE('',(#4402,#4403),#166,.F.);
#4705=ADVANCED_FACE('',(#4404,#4405),#167,.T.);
#4706=ADVANCED_FACE('',(#4406,#4407),#168,.F.);
#4707=ADVANCED_FACE('',(#4408,#4409),#169,.T.);
#4708=ADVANCED_FACE('',(#4410),#170,.T.);
#4709=ADVANCED_FACE('',(#4411),#171,.T.);
#4710=ADVANCED_FACE('',(#4412,#4413),#172,.F.);
#4711=ADVANCED_FACE('',(#4414,#4415),#4490,.T.);
#4712=ADVANCED_FACE('',(#4416),#173,.F.);
#4713=ADVANCED_FACE('',(#4417),#174,.F.);
#4714=ADVANCED_FACE('',(#4418),#175,.T.);
#4715=ADVANCED_FACE('',(#4419),#176,.T.);
#4716=ADVANCED_FACE('',(#4420),#177,.T.);
#4717=ADVANCED_FACE('',(#4421),#178,.F.);
#4718=ADVANCED_FACE('',(#4422),#179,.F.);
#4719=ADVANCED_FACE('',(#4423),#180,.T.);
#4720=ADVANCED_FACE('',(#4424),#181,.T.);
#4721=ADVANCED_FACE('',(#4425),#182,.F.);
#4722=ADVANCED_FACE('',(#4426),#183,.F.);
#4723=ADVANCED_FACE('',(#4427),#184,.F.);
#4724=ADVANCED_FACE('',(#4428),#185,.T.);
#4725=ADVANCED_FACE('',(#4429),#186,.T.);
#4726=ADVANCED_FACE('',(#4430),#4491,.F.);
#4727=CLOSED_SHELL('',(#4492,#4493,#4494,#4495,#4496,#4497,#4498,#4499,
#4500,#4501,#4502,#4503,#4504,#4505,#4506,#4507,#4508,#4509,#4510,#4511,
#4512,#4513,#4514,#4515,#4516,#4517,#4518,#4519,#4520,#4521,#4522,#4523,
#4524,#4525,#4526,#4527,#4528,#4529,#4530,#4531,#4532,#4533,#4534,#4535,
#4536,#4537,#4538,#4539,#4540,#4541,#4542,#4543,#4544,#4545,#4546,#4547,
#4548,#4549,#4550,#4551,#4552,#4553,#4554,#4555,#4556,#4557,#4558,#4559,
#4560,#4561,#4562,#4563,#4564,#4565,#4566,#4567,#4568,#4569,#4570,#4571,
#4572,#4573,#4574,#4575,#4576,#4577,#4578,#4579,#4580,#4581,#4582,#4583,
#4584,#4585,#4586,#4587,#4588,#4589,#4590,#4591,#4592,#4593,#4594,#4595,
#4596,#4597,#4598,#4599,#4600,#4601,#4602,#4603,#4604,#4605,#4606,#4607,
#4608,#4609,#4610,#4611,#4612,#4613,#4614,#4615,#4616,#4617,#4618,#4619,
#4620,#4621,#4622,#4623,#4624,#4625,#4626,#4627,#4628,#4629,#4630,#4631,
#4632,#4633,#4634,#4635,#4636,#4637,#4638,#4639,#4640,#4641,#4642,#4643,
#4644,#4645,#4646,#4647,#4648,#4649,#4650,#4651,#4652,#4653,#4654,#4655,
#4656,#4657,#4658,#4659,#4660,#4661,#4662,#4663,#4664,#4665,#4666,#4667,
#4668,#4669,#4670,#4671,#4672,#4673,#4674,#4675,#4676,#4677,#4678,#4679,
#4680,#4681,#4682,#4683,#4684,#4685,#4686,#4687,#4688,#4689,#4690,#4691,
#4692,#4693,#4694,#4695,#4696,#4697,#4698,#4699,#4700,#4701,#4702,#4703,
#4704,#4705,#4706,#4707,#4708,#4709,#4710,#4711,#4712,#4713,#4714,#4715,
#4716,#4717,#4718,#4719,#4720));
#4728=CLOSED_SHELL('',(#4721,#4722,#4723,#4724,#4725,#4726));
#4729=STYLED_ITEM('',(#4730),#4737);
#4730=PRESENTATION_STYLE_ASSIGNMENT((#4731));
#4731=SURFACE_STYLE_USAGE(.BOTH.,#4732);
#4732=SURFACE_SIDE_STYLE('',(#4733));
#4733=SURFACE_STYLE_FILL_AREA(#4734);
#4734=FILL_AREA_STYLE('',(#4735));
#4735=FILL_AREA_STYLE_COLOUR('',#4736);
#4736=COLOUR_RGB('',0.768627450980392,0.886274509803922,0.952941176470588);
#4737=BREP_WITH_VOIDS('Knee Pitch motor holder',#4727,(#12));
#4738=SHAPE_DEFINITION_REPRESENTATION(#7991,#4739);
#4739=SHAPE_REPRESENTATION('Knee Pitch motor holder',(#4740),#7986);
#4740=AXIS2_PLACEMENT_3D('',#6619,#5230,#5231);
#4741=AXIS2_PLACEMENT_3D('',#6620,#5232,#5233);
#4742=AXIS2_PLACEMENT_3D('',#6621,#5234,#5235);
#4743=AXIS2_PLACEMENT_3D('',#6626,#5237,#5238);
#4744=AXIS2_PLACEMENT_3D('',#6630,#5240,#5241);
#4745=AXIS2_PLACEMENT_3D('',#6634,#5243,#5244);
#4746=AXIS2_PLACEMENT_3D('',#6638,#5246,#5247);
#4747=AXIS2_PLACEMENT_3D('',#6642,#5249,#5250);
#4748=AXIS2_PLACEMENT_3D('',#6646,#5252,#5253);
#4749=AXIS2_PLACEMENT_3D('',#6650,#5255,#5256);
#4750=AXIS2_PLACEMENT_3D('',#6654,#5258,#5259);
#4751=AXIS2_PLACEMENT_3D('',#6658,#5261,#5262);
#4752=AXIS2_PLACEMENT_3D('',#6662,#5264,#5265);
#4753=AXIS2_PLACEMENT_3D('',#6666,#5267,#5268);
#4754=AXIS2_PLACEMENT_3D('',#6670,#5270,#5271);
#4755=AXIS2_PLACEMENT_3D('',#6673,#5273,#5274);
#4756=AXIS2_PLACEMENT_3D('',#6678,#5276,#5277);
#4757=AXIS2_PLACEMENT_3D('',#6682,#5279,#5280);
#4758=AXIS2_PLACEMENT_3D('',#6683,#5281,#5282);
#4759=AXIS2_PLACEMENT_3D('',#6684,#5283,#5284);
#4760=AXIS2_PLACEMENT_3D('',#6689,#5286,#5287);
#4761=AXIS2_PLACEMENT_3D('',#6692,#5289,#5290);
#4762=AXIS2_PLACEMENT_3D('',#6693,#5291,#5292);
#4763=AXIS2_PLACEMENT_3D('',#6698,#5294,#5295);
#4764=AXIS2_PLACEMENT_3D('',#6701,#5297,#5298);
#4765=AXIS2_PLACEMENT_3D('',#6702,#5299,#5300);
#4766=AXIS2_PLACEMENT_3D('',#6704,#5301,#5302);
#4767=AXIS2_PLACEMENT_3D('',#6706,#5303,#5304);
#4768=AXIS2_PLACEMENT_3D('',#6716,#5310,#5311);
#4769=AXIS2_PLACEMENT_3D('',#6725,#5316,#5317);
#4770=AXIS2_PLACEMENT_3D('',#6734,#5322,#5323);
#4771=AXIS2_PLACEMENT_3D('',#6743,#5328,#5329);
#4772=AXIS2_PLACEMENT_3D('',#6744,#5330,#5331);
#4773=AXIS2_PLACEMENT_3D('',#6745,#5332,#5333);
#4774=AXIS2_PLACEMENT_3D('',#6749,#5335,#5336);
#4775=AXIS2_PLACEMENT_3D('',#6753,#5338,#5339);
#4776=AXIS2_PLACEMENT_3D('',#6757,#5341,#5342);
#4777=AXIS2_PLACEMENT_3D('',#6761,#5344,#5345);
#4778=AXIS2_PLACEMENT_3D('',#6765,#5347,#5348);
#4779=AXIS2_PLACEMENT_3D('',#6769,#5350,#5351);
#4780=AXIS2_PLACEMENT_3D('',#6773,#5353,#5354);
#4781=AXIS2_PLACEMENT_3D('',#6777,#5356,#5357);
#4782=AXIS2_PLACEMENT_3D('',#6781,#5359,#5360);
#4783=AXIS2_PLACEMENT_3D('',#6785,#5362,#5363);
#4784=AXIS2_PLACEMENT_3D('',#6789,#5365,#5366);
#4785=AXIS2_PLACEMENT_3D('',#6793,#5368,#5369);
#4786=AXIS2_PLACEMENT_3D('',#6797,#5371,#5372);
#4787=AXIS2_PLACEMENT_3D('',#6801,#5374,#5375);
#4788=AXIS2_PLACEMENT_3D('',#6805,#5377,#5378);
#4789=AXIS2_PLACEMENT_3D('',#6809,#5380,#5381);
#4790=AXIS2_PLACEMENT_3D('',#6813,#5383,#5384);
#4791=AXIS2_PLACEMENT_3D('',#6817,#5386,#5387);
#4792=AXIS2_PLACEMENT_3D('',#6821,#5389,#5390);
#4793=AXIS2_PLACEMENT_3D('',#6825,#5392,#5393);
#4794=AXIS2_PLACEMENT_3D('',#6829,#5395,#5396);
#4795=AXIS2_PLACEMENT_3D('',#6833,#5398,#5399);
#4796=AXIS2_PLACEMENT_3D('',#6837,#5401,#5402);
#4797=AXIS2_PLACEMENT_3D('',#6841,#5404,#5405);
#4798=AXIS2_PLACEMENT_3D('',#6845,#5407,#5408);
#4799=AXIS2_PLACEMENT_3D('',#6849,#5410,#5411);
#4800=AXIS2_PLACEMENT_3D('',#6853,#5413,#5414);
#4801=AXIS2_PLACEMENT_3D('',#6857,#5416,#5417);
#4802=AXIS2_PLACEMENT_3D('',#6861,#5419,#5420);
#4803=AXIS2_PLACEMENT_3D('',#6865,#5422,#5423);
#4804=AXIS2_PLACEMENT_3D('',#6866,#5424,#5425);
#4805=AXIS2_PLACEMENT_3D('',#6867,#5426,#5427);
#4806=AXIS2_PLACEMENT_3D('',#6869,#5428,#5429);
#4807=AXIS2_PLACEMENT_3D('',#6874,#5431,#5432);
#4808=AXIS2_PLACEMENT_3D('',#6877,#5434,#5435);
#4809=AXIS2_PLACEMENT_3D('',#6878,#5436,#5437);
#4810=AXIS2_PLACEMENT_3D('',#6882,#5439,#5440);
#4811=AXIS2_PLACEMENT_3D('',#6883,#5441,#5442);
#4812=AXIS2_PLACEMENT_3D('',#6884,#5443,#5444);
#4813=AXIS2_PLACEMENT_3D('',#6886,#5445,#5446);
#4814=AXIS2_PLACEMENT_3D('',#6891,#5448,#5449);
#4815=AXIS2_PLACEMENT_3D('',#6894,#5451,#5452);
#4816=AXIS2_PLACEMENT_3D('',#6895,#5453,#5454);
#4817=AXIS2_PLACEMENT_3D('',#6899,#5456,#5457);
#4818=AXIS2_PLACEMENT_3D('',#6900,#5458,#5459);
#4819=AXIS2_PLACEMENT_3D('',#6909,#5464,#5465);
#4820=AXIS2_PLACEMENT_3D('',#6918,#5470,#5471);
#4821=AXIS2_PLACEMENT_3D('',#6922,#5473,#5474);
#4822=AXIS2_PLACEMENT_3D('',#6923,#5475,#5476);
#4823=AXIS2_PLACEMENT_3D('',#6927,#5478,#5479);
#4824=AXIS2_PLACEMENT_3D('',#6931,#5481,#5482);
#4825=AXIS2_PLACEMENT_3D('',#6935,#5484,#5485);
#4826=AXIS2_PLACEMENT_3D('',#6939,#5487,#5488);
#4827=AXIS2_PLACEMENT_3D('',#6940,#5489,#5490);
#4828=AXIS2_PLACEMENT_3D('',#6941,#5491,#5492);
#4829=AXIS2_PLACEMENT_3D('',#6945,#5494,#5495);
#4830=AXIS2_PLACEMENT_3D('',#6949,#5497,#5498);
#4831=AXIS2_PLACEMENT_3D('',#6953,#5500,#5501);
#4832=AXIS2_PLACEMENT_3D('',#6957,#5503,#5504);
#4833=AXIS2_PLACEMENT_3D('',#6961,#5506,#5507);
#4834=AXIS2_PLACEMENT_3D('',#6962,#5508,#5509);
#4835=AXIS2_PLACEMENT_3D('',#6963,#5510,#5511);
#4836=AXIS2_PLACEMENT_3D('',#6965,#5512,#5513);
#4837=AXIS2_PLACEMENT_3D('',#6967,#5514,#5515);
#4838=AXIS2_PLACEMENT_3D('',#6968,#5516,#5517);
#4839=AXIS2_PLACEMENT_3D('',#6970,#5518,#5519);
#4840=AXIS2_PLACEMENT_3D('',#6972,#5520,#5521);
#4841=AXIS2_PLACEMENT_3D('',#6973,#5522,#5523);
#4842=AXIS2_PLACEMENT_3D('',#6975,#5524,#5525);
#4843=AXIS2_PLACEMENT_3D('',#6977,#5526,#5527);
#4844=AXIS2_PLACEMENT_3D('',#6979,#5528,#5529);
#4845=AXIS2_PLACEMENT_3D('',#6981,#5530,#5531);
#4846=AXIS2_PLACEMENT_3D('',#6983,#5532,#5533);
#4847=AXIS2_PLACEMENT_3D('',#6985,#5534,#5535);
#4848=AXIS2_PLACEMENT_3D('',#6987,#5536,#5537);
#4849=AXIS2_PLACEMENT_3D('',#6989,#5538,#5539);
#4850=AXIS2_PLACEMENT_3D('',#6992,#5541,#5542);
#4851=AXIS2_PLACEMENT_3D('',#6996,#5544,#5545);
#4852=AXIS2_PLACEMENT_3D('',#7000,#5547,#5548);
#4853=AXIS2_PLACEMENT_3D('',#7004,#5550,#5551);
#4854=AXIS2_PLACEMENT_3D('',#7008,#5553,#5554);
#4855=AXIS2_PLACEMENT_3D('',#7012,#5556,#5557);
#4856=AXIS2_PLACEMENT_3D('',#7016,#5559,#5560);
#4857=AXIS2_PLACEMENT_3D('',#7019,#5562,#5563);
#4858=AXIS2_PLACEMENT_3D('',#7020,#5564,#5565);
#4859=AXIS2_PLACEMENT_3D('',#7022,#5566,#5567);
#4860=AXIS2_PLACEMENT_3D('',#7027,#5570,#5571);
#4861=AXIS2_PLACEMENT_3D('',#7029,#5572,#5573);
#4862=AXIS2_PLACEMENT_3D('',#7030,#5574,#5575);
#4863=AXIS2_PLACEMENT_3D('',#7032,#5576,#5577);
#4864=AXIS2_PLACEMENT_3D('',#7036,#5579,#5580);
#4865=AXIS2_PLACEMENT_3D('',#7039,#5582,#5583);
#4866=AXIS2_PLACEMENT_3D('',#7043,#5586,#5587);
#4867=AXIS2_PLACEMENT_3D('',#7049,#5591,#5592);
#4868=AXIS2_PLACEMENT_3D('',#7050,#5593,#5594);
#4869=AXIS2_PLACEMENT_3D('',#7054,#5596,#5597);
#4870=AXIS2_PLACEMENT_3D('',#7058,#5599,#5600);
#4871=AXIS2_PLACEMENT_3D('',#7062,#5602,#5603);
#4872=AXIS2_PLACEMENT_3D('',#7066,#5605,#5606);
#4873=AXIS2_PLACEMENT_3D('',#7069,#5608,#5609);
#4874=AXIS2_PLACEMENT_3D('',#7070,#5610,#5611);
#4875=AXIS2_PLACEMENT_3D('',#7072,#5612,#5613);
#4876=AXIS2_PLACEMENT_3D('',#7073,#5614,#5615);
#4877=AXIS2_PLACEMENT_3D('',#7075,#5616,#5617);
#4878=AXIS2_PLACEMENT_3D('',#7076,#5618,#5619);
#4879=AXIS2_PLACEMENT_3D('',#7080,#5621,#5622);
#4880=AXIS2_PLACEMENT_3D('',#7085,#5625,#5626);
#4881=AXIS2_PLACEMENT_3D('',#7090,#5629,#5630);
#4882=AXIS2_PLACEMENT_3D('',#7094,#5633,#5634);
#4883=AXIS2_PLACEMENT_3D('',#7100,#5638,#5639);
#4884=AXIS2_PLACEMENT_3D('',#7101,#5640,#5641);
#4885=AXIS2_PLACEMENT_3D('',#7105,#5643,#5644);
#4886=AXIS2_PLACEMENT_3D('',#7109,#5646,#5647);
#4887=AXIS2_PLACEMENT_3D('',#7113,#5649,#5650);
#4888=AXIS2_PLACEMENT_3D('',#7117,#5652,#5653);
#4889=AXIS2_PLACEMENT_3D('',#7120,#5655,#5656);
#4890=AXIS2_PLACEMENT_3D('',#7121,#5657,#5658);
#4891=AXIS2_PLACEMENT_3D('',#7123,#5659,#5660);
#4892=AXIS2_PLACEMENT_3D('',#7124,#5661,#5662);
#4893=AXIS2_PLACEMENT_3D('',#7126,#5663,#5664);
#4894=AXIS2_PLACEMENT_3D('',#7127,#5665,#5666);
#4895=AXIS2_PLACEMENT_3D('',#7129,#5667,#5668);
#4896=AXIS2_PLACEMENT_3D('',#7133,#5670,#5671);
#4897=AXIS2_PLACEMENT_3D('',#7136,#5673,#5674);
#4898=AXIS2_PLACEMENT_3D('',#7139,#5677,#5678);
#4899=AXIS2_PLACEMENT_3D('',#7145,#5682,#5683);
#4900=AXIS2_PLACEMENT_3D('',#7151,#5687,#5688);
#4901=AXIS2_PLACEMENT_3D('',#7156,#5691,#5692);
#4902=AXIS2_PLACEMENT_3D('',#7161,#5695,#5696);
#4903=AXIS2_PLACEMENT_3D('',#7165,#5698,#5699);
#4904=AXIS2_PLACEMENT_3D('',#7168,#5701,#5702);
#4905=AXIS2_PLACEMENT_3D('',#7169,#5703,#5704);
#4906=AXIS2_PLACEMENT_3D('',#7171,#5705,#5706);
#4907=AXIS2_PLACEMENT_3D('',#7173,#5707,#5708);
#4908=AXIS2_PLACEMENT_3D('',#7175,#5709,#5710);
#4909=AXIS2_PLACEMENT_3D('',#7177,#5711,#5712);
#4910=AXIS2_PLACEMENT_3D('',#7179,#5713,#5714);
#4911=AXIS2_PLACEMENT_3D('',#7181,#5715,#5716);
#4912=AXIS2_PLACEMENT_3D('',#7183,#5717,#5718);
#4913=AXIS2_PLACEMENT_3D('',#7187,#5720,#5721);
#4914=AXIS2_PLACEMENT_3D('',#7192,#5724,#5725);
#4915=AXIS2_PLACEMENT_3D('',#7197,#5728,#5729);
#4916=AXIS2_PLACEMENT_3D('',#7202,#5732,#5733);
#4917=AXIS2_PLACEMENT_3D('',#7207,#5736,#5737);
#4918=AXIS2_PLACEMENT_3D('',#7210,#5739,#5740);
#4919=AXIS2_PLACEMENT_3D('',#7219,#5744,#5745);
#4920=AXIS2_PLACEMENT_3D('',#7222,#5747,#5748);
#4921=AXIS2_PLACEMENT_3D('',#7224,#5749,#5750);
#4922=AXIS2_PLACEMENT_3D('',#7228,#5753,#5754);
#4923=AXIS2_PLACEMENT_3D('',#7234,#5758,#5759);
#4924=AXIS2_PLACEMENT_3D('',#7235,#5760,#5761);
#4925=AXIS2_PLACEMENT_3D('',#7239,#5763,#5764);
#4926=AXIS2_PLACEMENT_3D('',#7243,#5766,#5767);
#4927=AXIS2_PLACEMENT_3D('',#7247,#5769,#5770);
#4928=AXIS2_PLACEMENT_3D('',#7251,#5772,#5773);
#4929=AXIS2_PLACEMENT_3D('',#7254,#5775,#5776);
#4930=AXIS2_PLACEMENT_3D('',#7255,#5777,#5778);
#4931=AXIS2_PLACEMENT_3D('',#7257,#5779,#5780);
#4932=AXIS2_PLACEMENT_3D('',#7258,#5781,#5782);
#4933=AXIS2_PLACEMENT_3D('',#7260,#5783,#5784);
#4934=AXIS2_PLACEMENT_3D('',#7261,#5785,#5786);
#4935=AXIS2_PLACEMENT_3D('',#7263,#5787,#5788);
#4936=AXIS2_PLACEMENT_3D('',#7267,#5790,#5791);
#4937=AXIS2_PLACEMENT_3D('',#7270,#5793,#5794);
#4938=AXIS2_PLACEMENT_3D('',#7274,#5797,#5798);
#4939=AXIS2_PLACEMENT_3D('',#7278,#5801,#5802);
#4940=AXIS2_PLACEMENT_3D('',#7279,#5803,#5804);
#4941=AXIS2_PLACEMENT_3D('',#7281,#5805,#5806);
#4942=AXIS2_PLACEMENT_3D('',#7282,#5807,#5808);
#4943=AXIS2_PLACEMENT_3D('',#7284,#5809,#5810);
#4944=AXIS2_PLACEMENT_3D('',#7308,#5824,#5825);
#4945=AXIS2_PLACEMENT_3D('',#7330,#5838,#5839);
#4946=AXIS2_PLACEMENT_3D('',#7333,#5842,#5843);
#4947=AXIS2_PLACEMENT_3D('',#7339,#5847,#5848);
#4948=AXIS2_PLACEMENT_3D('',#7345,#5852,#5853);
#4949=AXIS2_PLACEMENT_3D('',#7348,#5856,#5857);
#4950=AXIS2_PLACEMENT_3D('',#7351,#5859,#5860);
#4951=AXIS2_PLACEMENT_3D('',#7353,#5861,#5862);
#4952=AXIS2_PLACEMENT_3D('',#7354,#5863,#5864);
#4953=AXIS2_PLACEMENT_3D('',#7359,#5867,#5868);
#4954=AXIS2_PLACEMENT_3D('',#7363,#5870,#5871);
#4955=AXIS2_PLACEMENT_3D('',#7364,#5872,#5873);
#4956=AXIS2_PLACEMENT_3D('',#7368,#5875,#5876);
#4957=AXIS2_PLACEMENT_3D('',#7373,#5879,#5880);
#4958=AXIS2_PLACEMENT_3D('',#7377,#5882,#5883);
#4959=AXIS2_PLACEMENT_3D('',#7378,#5884,#5885);
#4960=AXIS2_PLACEMENT_3D('',#7382,#5887,#5888);
#4961=AXIS2_PLACEMENT_3D('',#7387,#5891,#5892);
#4962=AXIS2_PLACEMENT_3D('',#7391,#5894,#5895);
#4963=AXIS2_PLACEMENT_3D('',#7392,#5896,#5897);
#4964=AXIS2_PLACEMENT_3D('',#7396,#5899,#5900);
#4965=AXIS2_PLACEMENT_3D('',#7401,#5903,#5904);
#4966=AXIS2_PLACEMENT_3D('',#7405,#5906,#5907);
#4967=AXIS2_PLACEMENT_3D('',#7406,#5908,#5909);
#4968=AXIS2_PLACEMENT_3D('',#7410,#5911,#5912);
#4969=AXIS2_PLACEMENT_3D('',#7415,#5915,#5916);
#4970=AXIS2_PLACEMENT_3D('',#7419,#5918,#5919);
#4971=AXIS2_PLACEMENT_3D('',#7420,#5920,#5921);
#4972=AXIS2_PLACEMENT_3D('',#7424,#5923,#5924);
#4973=AXIS2_PLACEMENT_3D('',#7427,#5926,#5927);
#4974=AXIS2_PLACEMENT_3D('',#7430,#5930,#5931);
#4975=AXIS2_PLACEMENT_3D('',#7433,#5934,#5935);
#4976=AXIS2_PLACEMENT_3D('',#7439,#5939,#5940);
#4977=AXIS2_PLACEMENT_3D('',#7440,#5941,#5942);
#4978=AXIS2_PLACEMENT_3D('',#7442,#5943,#5944);
#4979=AXIS2_PLACEMENT_3D('',#7448,#5947,#5948);
#4980=AXIS2_PLACEMENT_3D('',#7449,#5949,#5950);
#4981=AXIS2_PLACEMENT_3D('',#7450,#5951,#5952);
#4982=AXIS2_PLACEMENT_3D('',#7452,#5953,#5954);
#4983=AXIS2_PLACEMENT_3D('',#7458,#5957,#5958);
#4984=AXIS2_PLACEMENT_3D('',#7459,#5959,#5960);
#4985=AXIS2_PLACEMENT_3D('',#7460,#5961,#5962);
#4986=AXIS2_PLACEMENT_3D('',#7462,#5963,#5964);
#4987=AXIS2_PLACEMENT_3D('',#7468,#5967,#5968);
#4988=AXIS2_PLACEMENT_3D('',#7469,#5969,#5970);
#4989=AXIS2_PLACEMENT_3D('',#7470,#5971,#5972);
#4990=AXIS2_PLACEMENT_3D('',#7472,#5973,#5974);
#4991=AXIS2_PLACEMENT_3D('',#7478,#5977,#5978);
#4992=AXIS2_PLACEMENT_3D('',#7479,#5979,#5980);
#4993=AXIS2_PLACEMENT_3D('',#7482,#5982,#5983);
#4994=AXIS2_PLACEMENT_3D('',#7485,#5985,#5986);
#4995=AXIS2_PLACEMENT_3D('',#7488,#5988,#5989);
#4996=AXIS2_PLACEMENT_3D('',#7491,#5991,#5992);
#4997=AXIS2_PLACEMENT_3D('',#7493,#5994,#5995);
#4998=AXIS2_PLACEMENT_3D('',#7499,#5999,#6000);
#4999=AXIS2_PLACEMENT_3D('',#7504,#6003,#6004);
#5000=AXIS2_PLACEMENT_3D('',#7505,#6005,#6006);
#5001=AXIS2_PLACEMENT_3D('',#7510,#6009,#6010);
#5002=AXIS2_PLACEMENT_3D('',#7511,#6011,#6012);
#5003=AXIS2_PLACEMENT_3D('',#7513,#6014,#6015);
#5004=AXIS2_PLACEMENT_3D('',#7517,#6018,#6019);
#5005=AXIS2_PLACEMENT_3D('',#7521,#6022,#6023);
#5006=AXIS2_PLACEMENT_3D('',#7522,#6024,#6025);
#5007=AXIS2_PLACEMENT_3D('',#7526,#6027,#6028);
#5008=AXIS2_PLACEMENT_3D('',#7531,#6031,#6032);
#5009=AXIS2_PLACEMENT_3D('',#7535,#6034,#6035);
#5010=AXIS2_PLACEMENT_3D('',#7538,#6037,#6038);
#5011=AXIS2_PLACEMENT_3D('',#7539,#6039,#6040);
#5012=AXIS2_PLACEMENT_3D('',#7543,#6042,#6043);
#5013=AXIS2_PLACEMENT_3D('',#7547,#6045,#6046);
#5014=AXIS2_PLACEMENT_3D('',#7552,#6049,#6050);
#5015=AXIS2_PLACEMENT_3D('',#7555,#6052,#6053);
#5016=AXIS2_PLACEMENT_3D('',#7556,#6054,#6055);
#5017=AXIS2_PLACEMENT_3D('',#7558,#6056,#6057);
#5018=AXIS2_PLACEMENT_3D('',#7559,#6058,#6059);
#5019=AXIS2_PLACEMENT_3D('',#7561,#6060,#6061);
#5020=AXIS2_PLACEMENT_3D('',#7563,#6063,#6064);
#5021=AXIS2_PLACEMENT_3D('',#7567,#6067,#6068);
#5022=AXIS2_PLACEMENT_3D('',#7568,#6069,#6070);
#5023=AXIS2_PLACEMENT_3D('',#7573,#6074,#6075);
#5024=AXIS2_PLACEMENT_3D('',#7574,#6076,#6077);
#5025=AXIS2_PLACEMENT_3D('',#7576,#6079,#6080);
#5026=AXIS2_PLACEMENT_3D('',#7577,#6081,#6082);
#5027=AXIS2_PLACEMENT_3D('',#7579,#6083,#6084);
#5028=AXIS2_PLACEMENT_3D('',#7580,#6085,#6086);
#5029=AXIS2_PLACEMENT_3D('',#7584,#6089,#6090);
#5030=AXIS2_PLACEMENT_3D('',#7585,#6091,#6092);
#5031=AXIS2_PLACEMENT_3D('',#7589,#6094,#6095);
#5032=AXIS2_PLACEMENT_3D('',#7593,#6097,#6098);
#5033=AXIS2_PLACEMENT_3D('',#7598,#6101,#6102);
#5034=AXIS2_PLACEMENT_3D('',#7601,#6104,#6105);
#5035=AXIS2_PLACEMENT_3D('',#7605,#6107,#6108);
#5036=AXIS2_PLACEMENT_3D('',#7606,#6109,#6110);
#5037=AXIS2_PLACEMENT_3D('',#7607,#6111,#6112);
#5038=AXIS2_PLACEMENT_3D('',#7608,#6113,#6114);
#5039=AXIS2_PLACEMENT_3D('',#7610,#6115,#6116);
#5040=AXIS2_PLACEMENT_3D('',#7612,#6118,#6119);
#5041=AXIS2_PLACEMENT_3D('',#7616,#6122,#6123);
#5042=AXIS2_PLACEMENT_3D('',#7617,#6124,#6125);
#5043=AXIS2_PLACEMENT_3D('',#7621,#6127,#6128);
#5044=AXIS2_PLACEMENT_3D('',#7625,#6130,#6131);
#5045=AXIS2_PLACEMENT_3D('',#7630,#6134,#6135);
#5046=AXIS2_PLACEMENT_3D('',#7633,#6137,#6138);
#5047=AXIS2_PLACEMENT_3D('',#7634,#6139,#6140);
#5048=AXIS2_PLACEMENT_3D('',#7636,#6141,#6142);
#5049=AXIS2_PLACEMENT_3D('',#7637,#6143,#6144);
#5050=AXIS2_PLACEMENT_3D('',#7639,#6145,#6146);
#5051=AXIS2_PLACEMENT_3D('',#7641,#6148,#6149);
#5052=AXIS2_PLACEMENT_3D('',#7643,#6151,#6152);
#5053=AXIS2_PLACEMENT_3D('',#7644,#6153,#6154);
#5054=AXIS2_PLACEMENT_3D('',#7646,#6155,#6156);
#5055=AXIS2_PLACEMENT_3D('',#7647,#6157,#6158);
#5056=AXIS2_PLACEMENT_3D('',#7649,#6159,#6160);
#5057=AXIS2_PLACEMENT_3D('',#7651,#6162,#6163);
#5058=AXIS2_PLACEMENT_3D('',#7653,#6165,#6166);
#5059=AXIS2_PLACEMENT_3D('',#7654,#6167,#6168);
#5060=AXIS2_PLACEMENT_3D('',#7656,#6169,#6170);
#5061=AXIS2_PLACEMENT_3D('',#7657,#6171,#6172);
#5062=AXIS2_PLACEMENT_3D('',#7659,#6173,#6174);
#5063=AXIS2_PLACEMENT_3D('',#7661,#6176,#6177);
#5064=AXIS2_PLACEMENT_3D('',#7663,#6179,#6180);
#5065=AXIS2_PLACEMENT_3D('',#7664,#6181,#6182);
#5066=AXIS2_PLACEMENT_3D('',#7667,#6185,#6186);
#5067=AXIS2_PLACEMENT_3D('',#7668,#6187,#6188);
#5068=AXIS2_PLACEMENT_3D('',#7669,#6189,#6190);
#5069=AXIS2_PLACEMENT_3D('',#7671,#6192,#6193);
#5070=AXIS2_PLACEMENT_3D('',#7673,#6195,#6196);
#5071=AXIS2_PLACEMENT_3D('',#7674,#6197,#6198);
#5072=AXIS2_PLACEMENT_3D('',#7676,#6199,#6200);
#5073=AXIS2_PLACEMENT_3D('',#7677,#6201,#6202);
#5074=AXIS2_PLACEMENT_3D('',#7679,#6203,#6204);
#5075=AXIS2_PLACEMENT_3D('',#7681,#6206,#6207);
#5076=AXIS2_PLACEMENT_3D('',#7683,#6209,#6210);
#5077=AXIS2_PLACEMENT_3D('',#7684,#6211,#6212);
#5078=AXIS2_PLACEMENT_3D('',#7687,#6215,#6216);
#5079=AXIS2_PLACEMENT_3D('',#7688,#6217,#6218);
#5080=AXIS2_PLACEMENT_3D('',#7689,#6219,#6220);
#5081=AXIS2_PLACEMENT_3D('',#7690,#6221,#6222);
#5082=AXIS2_PLACEMENT_3D('',#7692,#6224,#6225);
#5083=AXIS2_PLACEMENT_3D('',#7693,#6226,#6227);
#5084=AXIS2_PLACEMENT_3D('',#7695,#6228,#6229);
#5085=AXIS2_PLACEMENT_3D('',#7699,#6232,#6233);
#5086=AXIS2_PLACEMENT_3D('',#7703,#6236,#6237);
#5087=AXIS2_PLACEMENT_3D('',#7705,#6239,#6240);
#5088=AXIS2_PLACEMENT_3D('',#7708,#6243,#6244);
#5089=AXIS2_PLACEMENT_3D('',#7709,#6245,#6246);
#5090=AXIS2_PLACEMENT_3D('',#7710,#6247,#6248);
#5091=AXIS2_PLACEMENT_3D('',#7712,#6250,#6251);
#5092=AXIS2_PLACEMENT_3D('',#7714,#6253,#6254);
#5093=AXIS2_PLACEMENT_3D('',#7715,#6255,#6256);
#5094=AXIS2_PLACEMENT_3D('',#7717,#6257,#6258);
#5095=AXIS2_PLACEMENT_3D('',#7718,#6259,#6260);
#5096=AXIS2_PLACEMENT_3D('',#7720,#6261,#6262);
#5097=AXIS2_PLACEMENT_3D('',#7722,#6264,#6265);
#5098=AXIS2_PLACEMENT_3D('',#7724,#6267,#6268);
#5099=AXIS2_PLACEMENT_3D('',#7725,#6269,#6270);
#5100=AXIS2_PLACEMENT_3D('',#7727,#6272,#6273);
#5101=AXIS2_PLACEMENT_3D('',#7728,#6274,#6275);
#5102=AXIS2_PLACEMENT_3D('',#7729,#6276,#6277);
#5103=AXIS2_PLACEMENT_3D('',#7731,#6279,#6280);
#5104=AXIS2_PLACEMENT_3D('',#7733,#6282,#6283);
#5105=AXIS2_PLACEMENT_3D('',#7734,#6284,#6285);
#5106=AXIS2_PLACEMENT_3D('',#7736,#6286,#6287);
#5107=AXIS2_PLACEMENT_3D('',#7737,#6288,#6289);
#5108=AXIS2_PLACEMENT_3D('',#7739,#6290,#6291);
#5109=AXIS2_PLACEMENT_3D('',#7741,#6293,#6294);
#5110=AXIS2_PLACEMENT_3D('',#7743,#6296,#6297);
#5111=AXIS2_PLACEMENT_3D('',#7744,#6298,#6299);
#5112=AXIS2_PLACEMENT_3D('',#7747,#6302,#6303);
#5113=AXIS2_PLACEMENT_3D('',#7748,#6304,#6305);
#5114=AXIS2_PLACEMENT_3D('',#7749,#6306,#6307);
#5115=AXIS2_PLACEMENT_3D('',#7750,#6308,#6309);
#5116=AXIS2_PLACEMENT_3D('',#7751,#6310,#6311);
#5117=AXIS2_PLACEMENT_3D('',#7752,#6312,#6313);
#5118=AXIS2_PLACEMENT_3D('',#7755,#6316,#6317);
#5119=AXIS2_PLACEMENT_3D('',#7759,#6319,#6320);
#5120=AXIS2_PLACEMENT_3D('',#7763,#6322,#6323);
#5121=AXIS2_PLACEMENT_3D('',#7764,#6324,#6325);
#5122=AXIS2_PLACEMENT_3D('',#7768,#6327,#6328);
#5123=AXIS2_PLACEMENT_3D('',#7772,#6330,#6331);
#5124=AXIS2_PLACEMENT_3D('',#7773,#6332,#6333);
#5125=AXIS2_PLACEMENT_3D('',#7777,#6335,#6336);
#5126=AXIS2_PLACEMENT_3D('',#7781,#6338,#6339);
#5127=AXIS2_PLACEMENT_3D('',#7782,#6340,#6341);
#5128=AXIS2_PLACEMENT_3D('',#7783,#6342,#6343);
#5129=AXIS2_PLACEMENT_3D('',#7788,#6345,#6346);
#5130=AXIS2_PLACEMENT_3D('',#7791,#6348,#6349);
#5131=AXIS2_PLACEMENT_3D('',#7800,#6358,#6359);
#5132=AXIS2_PLACEMENT_3D('',#7802,#6361,#6362);
#5133=AXIS2_PLACEMENT_3D('',#7804,#6364,#6365);
#5134=AXIS2_PLACEMENT_3D('',#7805,#6366,#6367);
#5135=AXIS2_PLACEMENT_3D('',#7807,#6369,#6370);
#5136=AXIS2_PLACEMENT_3D('',#7809,#6372,#6373);
#5137=AXIS2_PLACEMENT_3D('',#7810,#6374,#6375);
#5138=AXIS2_PLACEMENT_3D('',#7812,#6377,#6378);
#5139=AXIS2_PLACEMENT_3D('',#7814,#6380,#6381);
#5140=AXIS2_PLACEMENT_3D('',#7815,#6382,#6383);
#5141=AXIS2_PLACEMENT_3D('',#7817,#6385,#6386);
#5142=AXIS2_PLACEMENT_3D('',#7819,#6388,#6389);
#5143=AXIS2_PLACEMENT_3D('',#7820,#6390,#6391);
#5144=AXIS2_PLACEMENT_3D('',#7822,#6393,#6394);
#5145=AXIS2_PLACEMENT_3D('',#7823,#6395,#6396);
#5146=AXIS2_PLACEMENT_3D('',#7824,#6397,#6398);
#5147=AXIS2_PLACEMENT_3D('',#7826,#6399,#6400);
#5148=AXIS2_PLACEMENT_3D('',#7827,#6401,#6402);
#5149=AXIS2_PLACEMENT_3D('',#7830,#6404,#6405);
#5150=AXIS2_PLACEMENT_3D('',#7831,#6406,#6407);
#5151=AXIS2_PLACEMENT_3D('',#7832,#6408,#6409);
#5152=AXIS2_PLACEMENT_3D('',#7834,#6411,#6412);
#5153=AXIS2_PLACEMENT_3D('',#7836,#6414,#6415);
#5154=AXIS2_PLACEMENT_3D('',#7837,#6416,#6417);
#5155=AXIS2_PLACEMENT_3D('',#7839,#6418,#6419);
#5156=AXIS2_PLACEMENT_3D('',#7840,#6420,#6421);
#5157=AXIS2_PLACEMENT_3D('',#7842,#6422,#6423);
#5158=AXIS2_PLACEMENT_3D('',#7845,#6426,#6427);
#5159=AXIS2_PLACEMENT_3D('',#7846,#6428,#6429);
#5160=AXIS2_PLACEMENT_3D('',#7847,#6430,#6431);
#5161=AXIS2_PLACEMENT_3D('',#7849,#6433,#6434);
#5162=AXIS2_PLACEMENT_3D('',#7851,#6436,#6437);
#5163=AXIS2_PLACEMENT_3D('',#7852,#6438,#6439);
#5164=AXIS2_PLACEMENT_3D('',#7854,#6441,#6442);
#5165=AXIS2_PLACEMENT_3D('',#7856,#6444,#6445);
#5166=AXIS2_PLACEMENT_3D('',#7857,#6446,#6447);
#5167=AXIS2_PLACEMENT_3D('',#7859,#6448,#6449);
#5168=AXIS2_PLACEMENT_3D('',#7860,#6450,#6451);
#5169=AXIS2_PLACEMENT_3D('',#7862,#6452,#6453);
#5170=AXIS2_PLACEMENT_3D('',#7865,#6456,#6457);
#5171=AXIS2_PLACEMENT_3D('',#7866,#6458,#6459);
#5172=AXIS2_PLACEMENT_3D('',#7867,#6460,#6461);
#5173=AXIS2_PLACEMENT_3D('',#7869,#6463,#6464);
#5174=AXIS2_PLACEMENT_3D('',#7871,#6466,#6467);
#5175=AXIS2_PLACEMENT_3D('',#7872,#6468,#6469);
#5176=AXIS2_PLACEMENT_3D('',#7874,#6471,#6472);
#5177=AXIS2_PLACEMENT_3D('',#7876,#6474,#6475);
#5178=AXIS2_PLACEMENT_3D('',#7877,#6476,#6477);
#5179=AXIS2_PLACEMENT_3D('',#7879,#6478,#6479);
#5180=AXIS2_PLACEMENT_3D('',#7881,#6481,#6482);
#5181=AXIS2_PLACEMENT_3D('',#7883,#6484,#6485);
#5182=AXIS2_PLACEMENT_3D('',#7884,#6486,#6487);
#5183=AXIS2_PLACEMENT_3D('',#7886,#6489,#6490);
#5184=AXIS2_PLACEMENT_3D('',#7888,#6492,#6493);
#5185=AXIS2_PLACEMENT_3D('',#7889,#6494,#6495);
#5186=AXIS2_PLACEMENT_3D('',#7891,#6497,#6498);
#5187=AXIS2_PLACEMENT_3D('',#7893,#6500,#6501);
#5188=AXIS2_PLACEMENT_3D('',#7894,#6502,#6503);
#5189=AXIS2_PLACEMENT_3D('',#7896,#6504,#6505);
#5190=AXIS2_PLACEMENT_3D('',#7899,#6508,#6509);
#5191=AXIS2_PLACEMENT_3D('',#7900,#6510,#6511);
#5192=AXIS2_PLACEMENT_3D('',#7901,#6512,#6513);
#5193=AXIS2_PLACEMENT_3D('',#7904,#6516,#6517);
#5194=AXIS2_PLACEMENT_3D('',#7905,#6518,#6519);
#5195=AXIS2_PLACEMENT_3D('',#7906,#6520,#6521);
#5196=AXIS2_PLACEMENT_3D('',#7908,#6523,#6524);
#5197=AXIS2_PLACEMENT_3D('',#7910,#6526,#6527);
#5198=AXIS2_PLACEMENT_3D('',#7911,#6528,#6529);
#5199=AXIS2_PLACEMENT_3D('',#7913,#6530,#6531);
#5200=AXIS2_PLACEMENT_3D('',#7914,#6532,#6533);
#5201=AXIS2_PLACEMENT_3D('',#7916,#6534,#6535);
#5202=AXIS2_PLACEMENT_3D('',#7919,#6538,#6539);
#5203=AXIS2_PLACEMENT_3D('',#7920,#6540,#6541);
#5204=AXIS2_PLACEMENT_3D('',#7921,#6542,#6543);
#5205=AXIS2_PLACEMENT_3D('',#7923,#6545,#6546);
#5206=AXIS2_PLACEMENT_3D('',#7925,#6548,#6549);
#5207=AXIS2_PLACEMENT_3D('',#7926,#6550,#6551);
#5208=AXIS2_PLACEMENT_3D('',#7927,#6552,#6553);
#5209=AXIS2_PLACEMENT_3D('',#7931,#6556,#6557);
#5210=AXIS2_PLACEMENT_3D('',#7932,#6558,#6559);
#5211=AXIS2_PLACEMENT_3D('',#7934,#6560,#6561);
#5212=AXIS2_PLACEMENT_3D('',#7938,#6564,#6565);
#5213=AXIS2_PLACEMENT_3D('',#7941,#6567,#6568);
#5214=AXIS2_PLACEMENT_3D('',#7945,#6571,#6572);
#5215=AXIS2_PLACEMENT_3D('',#7947,#6574,#6575);
#5216=AXIS2_PLACEMENT_3D('',#7948,#6576,#6577);
#5217=AXIS2_PLACEMENT_3D('',#7950,#6579,#6580);
#5218=AXIS2_PLACEMENT_3D('',#7951,#6581,#6582);
#5219=AXIS2_PLACEMENT_3D('',#7954,#6585,#6586);
#5220=AXIS2_PLACEMENT_3D('',#7956,#6588,#6589);
#5221=AXIS2_PLACEMENT_3D('',#7958,#6591,#6592);
#5222=AXIS2_PLACEMENT_3D('',#7959,#6593,#6594);
#5223=AXIS2_PLACEMENT_3D('',#7968,#6599,#6600);
#5224=AXIS2_PLACEMENT_3D('',#7974,#6604,#6605);
#5225=AXIS2_PLACEMENT_3D('',#7975,#6606,#6607);
#5226=AXIS2_PLACEMENT_3D('',#7978,#6609,#6610);
#5227=AXIS2_PLACEMENT_3D('',#7982,#6613,#6614);
#5228=AXIS2_PLACEMENT_3D('',#7983,#6615,#6616);
#5229=AXIS2_PLACEMENT_3D('',#7984,#6617,#6618);
#5230=DIRECTION('',(0.,0.,1.));
#5231=DIRECTION('',(1.,0.,0.));
#5232=DIRECTION('',(1.,0.,0.));
#5233=DIRECTION('',(0.,0.,-1.));
#5234=DIRECTION('',(-1.,0.,0.));
#5235=DIRECTION('',(0.,0.,1.));
#5236=DIRECTION('',(1.,0.,0.));
#5237=DIRECTION('',(-1.,0.,0.));
#5238=DIRECTION('',(0.,0.,1.));
#5239=DIRECTION('',(1.,0.,0.));
#5240=DIRECTION('',(1.,0.,0.));
#5241=DIRECTION('',(0.,0.,-1.));
#5242=DIRECTION('',(1.,0.,0.));
#5243=DIRECTION('',(-1.,0.,0.));
#5244=DIRECTION('',(0.,0.,1.));
#5245=DIRECTION('',(1.,0.,0.));
#5246=DIRECTION('',(-1.,0.,0.));
#5247=DIRECTION('',(0.,0.,1.));
#5248=DIRECTION('',(1.,0.,0.));
#5249=DIRECTION('',(-1.,0.,0.));
#5250=DIRECTION('',(0.,0.,1.));
#5251=DIRECTION('',(1.,0.,0.));
#5252=DIRECTION('',(-1.,0.,0.));
#5253=DIRECTION('',(0.,0.,1.));
#5254=DIRECTION('',(1.,0.,0.));
#5255=DIRECTION('',(-1.,0.,0.));
#5256=DIRECTION('',(0.,0.,1.));
#5257=DIRECTION('',(1.,0.,0.));
#5258=DIRECTION('',(-1.,0.,0.));
#5259=DIRECTION('',(0.,0.,1.));
#5260=DIRECTION('',(1.,0.,0.));
#5261=DIRECTION('',(-1.,0.,0.));
#5262=DIRECTION('',(0.,0.,1.));
#5263=DIRECTION('',(1.,0.,0.));
#5264=DIRECTION('',(-1.,0.,0.));
#5265=DIRECTION('',(0.,0.,1.));
#5266=DIRECTION('',(1.,0.,0.));
#5267=DIRECTION('',(-1.,0.,0.));
#5268=DIRECTION('',(0.,0.,1.));
#5269=DIRECTION('',(1.,0.,0.));
#5270=DIRECTION('',(-1.,0.,0.));
#5271=DIRECTION('',(0.,0.,1.));
#5272=DIRECTION('',(1.,0.,0.));
#5273=DIRECTION('',(-1.,0.,0.));
#5274=DIRECTION('',(0.,0.,1.));
#5275=DIRECTION('',(1.,0.,0.));
#5276=DIRECTION('',(1.,0.,0.));
#5277=DIRECTION('',(0.,0.,-1.));
#5278=DIRECTION('',(1.,0.,0.));
#5279=DIRECTION('',(1.,1.7347234759768E-16,0.));
#5280=DIRECTION('',(-1.7347234759768E-16,1.,0.));
#5281=DIRECTION('',(1.,0.,0.));
#5282=DIRECTION('',(0.,0.,-1.));
#5283=DIRECTION('',(-1.,0.,0.));
#5284=DIRECTION('',(0.,0.,1.));
#5285=DIRECTION('',(1.,0.,0.));
#5286=DIRECTION('',(-1.,0.,0.));
#5287=DIRECTION('',(0.,0.,1.));
#5288=DIRECTION('',(1.,0.,0.));
#5289=DIRECTION('',(-1.,0.,0.));
#5290=DIRECTION('',(0.,-1.,0.));
#5291=DIRECTION('',(-1.,0.,0.));
#5292=DIRECTION('',(0.,0.,1.));
#5293=DIRECTION('',(0.,0.,1.));
#5294=DIRECTION('',(-1.,0.,0.));
#5295=DIRECTION('',(0.,0.,1.));
#5296=DIRECTION('',(0.,0.,1.));
#5297=DIRECTION('',(1.,-7.32268090203961E-17,-2.2536894460195E-16));
#5298=DIRECTION('',(-2.2536894460195E-16,0.,-1.));
#5299=DIRECTION('',(1.,7.32268090203961E-17,2.2536894460195E-16));
#5300=DIRECTION('',(2.2536894460195E-16,0.,-1.));
#5301=DIRECTION('',(-1.,0.,0.));
#5302=DIRECTION('',(0.,0.,1.));
#5303=DIRECTION('',(-7.32268090203961E-17,1.,0.));
#5304=DIRECTION('',(-1.,-7.32268090203961E-17,0.));
#5305=DIRECTION('',(0.,0.,1.));
#5306=DIRECTION('',(1.,0.,0.));
#5307=DIRECTION('',(0.,0.,1.));
#5308=DIRECTION('',(-1.,-7.32268090203961E-17,0.));
#5309=DIRECTION('',(0.,0.,-1.));
#5310=DIRECTION('',(0.,1.,0.));
#5311=DIRECTION('',(0.,0.,1.));
#5312=DIRECTION('',(-1.,7.32268090203961E-17,-2.2536894460195E-16));
#5313=DIRECTION('',(0.,0.,1.));
#5314=DIRECTION('',(1.,0.,0.));
#5315=DIRECTION('',(0.,0.,-1.));
#5316=DIRECTION('',(0.,0.,1.));
#5317=DIRECTION('',(1.,0.,0.));
#5318=DIRECTION('',(0.,-1.,0.));
#5319=DIRECTION('',(-1.,7.32268090203961E-17,-2.2536894460195E-16));
#5320=DIRECTION('',(0.,-1.,0.));
#5321=DIRECTION('',(-1.,-7.32268090203961E-17,-2.2536894460195E-16));
#5322=DIRECTION('',(0.,1.,0.));
#5323=DIRECTION('',(0.,0.,1.));
#5324=DIRECTION('',(0.,0.,1.));
#5325=DIRECTION('',(-1.,-7.32268090203961E-17,-2.2536894460195E-16));
#5326=DIRECTION('',(0.,0.,-1.));
#5327=DIRECTION('',(1.,0.,0.));
#5328=DIRECTION('',(1.,0.,0.));
#5329=DIRECTION('',(0.,0.,-1.));
#5330=DIRECTION('',(-1.,0.,0.));
#5331=DIRECTION('',(0.,0.,1.));
#5332=DIRECTION('',(-1.,0.,0.));
#5333=DIRECTION('',(0.,0.,1.));
#5334=DIRECTION('',(1.,-7.32268090203961E-17,-2.2536894460195E-16));
#5335=DIRECTION('',(-1.,7.32268090203961E-17,2.2536894460195E-16));
#5336=DIRECTION('',(-2.2536894460195E-16,-0.587785252292473,-0.809016994374947));
#5337=DIRECTION('',(1.,0.,0.));
#5338=DIRECTION('',(-1.,7.32268090203961E-17,2.2536894460195E-16));
#5339=DIRECTION('',(-2.2536894460195E-16,-0.587785252292473,-0.809016994374947));
#5340=DIRECTION('',(1.,-7.32268090203961E-17,-2.2536894460195E-16));
#5341=DIRECTION('',(-1.,7.32268090203961E-17,2.2536894460195E-16));
#5342=DIRECTION('',(-2.2536894460195E-16,-0.587785252292473,-0.809016994374947));
#5343=DIRECTION('',(1.,-7.32268090203961E-17,-2.2536894460195E-16));
#5344=DIRECTION('',(-1.,7.32268090203961E-17,2.2536894460195E-16));
#5345=DIRECTION('',(-2.2536894460195E-16,-0.587785252292473,-0.809016994374947));
#5346=DIRECTION('',(1.,-7.32268090203961E-17,-2.2536894460195E-16));
#5347=DIRECTION('',(-1.,7.32268090203961E-17,2.2536894460195E-16));
#5348=DIRECTION('',(-2.2536894460195E-16,-0.587785252292473,-0.809016994374947));
#5349=DIRECTION('',(1.,-7.32268090203961E-17,-2.2536894460195E-16));
#5350=DIRECTION('',(-1.,0.,0.));
#5351=DIRECTION('',(0.,0.,1.));
#5352=DIRECTION('',(1.,-1.18483465882698E-16,-8.60832768292526E-17));
#5353=DIRECTION('',(-1.,1.18483465882698E-16,8.60832768292526E-17));
#5354=DIRECTION('',(-8.60832768292526E-17,-0.951056516295154,0.309016994374948));
#5355=DIRECTION('',(1.,-1.18483465882698E-16,-8.60832768292526E-17));
#5356=DIRECTION('',(-1.,1.18483465882698E-16,8.60832768292526E-17));
#5357=DIRECTION('',(-8.60832768292526E-17,-0.951056516295154,0.309016994374948));
#5358=DIRECTION('',(1.,-1.18483465882698E-16,-8.60832768292526E-17));
#5359=DIRECTION('',(-1.,1.18483465882698E-16,8.60832768292526E-17));
#5360=DIRECTION('',(-8.60832768292526E-17,-0.951056516295154,0.309016994374948));
#5361=DIRECTION('',(1.,-1.18483465882698E-16,-8.60832768292526E-17));
#5362=DIRECTION('',(-1.,1.18483465882698E-16,8.60832768292526E-17));
#5363=DIRECTION('',(-8.60832768292526E-17,-0.951056516295154,0.309016994374948));
#5364=DIRECTION('',(1.,-1.18483465882698E-16,-8.60832768292526E-17));
#5365=DIRECTION('',(-1.,1.18483465882698E-16,8.60832768292526E-17));
#5366=DIRECTION('',(-8.60832768292526E-17,-0.951056516295154,0.309016994374948));
#5367=DIRECTION('',(1.,-1.18483465882698E-16,-8.60832768292526E-17));
#5368=DIRECTION('',(-1.,0.,0.));
#5369=DIRECTION('',(0.,0.,1.));
#5370=DIRECTION('',(1.,0.,0.));
#5371=DIRECTION('',(-1.,0.,0.));
#5372=DIRECTION('',(0.,0.,1.));
#5373=DIRECTION('',(1.,0.,0.));
#5374=DIRECTION('',(-1.,0.,0.));
#5375=DIRECTION('',(0.,0.,1.));
#5376=DIRECTION('',(1.,0.,0.));
#5377=DIRECTION('',(-1.,0.,0.));
#5378=DIRECTION('',(0.,0.,1.));
#5379=DIRECTION('',(1.,0.,0.));
#5380=DIRECTION('',(-1.,0.,0.));
#5381=DIRECTION('',(0.,0.,1.));
#5382=DIRECTION('',(1.,0.,0.));
#5383=DIRECTION('',(-1.,0.,0.));
#5384=DIRECTION('',(0.,0.,1.));
#5385=DIRECTION('',(1.,0.,0.));
#5386=DIRECTION('',(-1.,0.,0.));
#5387=DIRECTION('',(0.,0.,1.));
#5388=DIRECTION('',(1.,1.18483465882698E-16,-8.60832768292526E-17));
#5389=DIRECTION('',(-1.,-1.18483465882698E-16,8.60832768292526E-17));
#5390=DIRECTION('',(-8.60832768292526E-17,0.951056516295154,0.309016994374948));
#5391=DIRECTION('',(1.,1.18483465882698E-16,-8.60832768292526E-17));
#5392=DIRECTION('',(-1.,-1.18483465882698E-16,8.60832768292526E-17));
#5393=DIRECTION('',(-8.60832768292526E-17,0.951056516295154,0.309016994374948));
#5394=DIRECTION('',(1.,1.18483465882698E-16,-8.60832768292526E-17));
#5395=DIRECTION('',(-1.,-1.18483465882698E-16,8.60832768292526E-17));
#5396=DIRECTION('',(-8.60832768292526E-17,0.951056516295154,0.309016994374948));
#5397=DIRECTION('',(1.,1.18483465882698E-16,-8.60832768292526E-17));
#5398=DIRECTION('',(-1.,-1.18483465882698E-16,8.60832768292526E-17));
#5399=DIRECTION('',(-8.60832768292526E-17,0.951056516295154,0.309016994374948));
#5400=DIRECTION('',(1.,1.18483465882698E-16,-8.60832768292526E-17));
#5401=DIRECTION('',(-1.,-1.18483465882698E-16,8.60832768292526E-17));
#5402=DIRECTION('',(-8.60832768292526E-17,0.951056516295154,0.309016994374948));
#5403=DIRECTION('',(1.,1.18483465882698E-16,-8.60832768292526E-17));
#5404=DIRECTION('',(-1.,0.,0.));
#5405=DIRECTION('',(0.,0.,1.));
#5406=DIRECTION('',(1.,7.32268090203961E-17,-2.2536894460195E-16));
#5407=DIRECTION('',(-1.,-7.32268090203961E-17,2.2536894460195E-16));
#5408=DIRECTION('',(-2.2536894460195E-16,0.587785252292473,-0.809016994374948));
#5409=DIRECTION('',(1.,7.32268090203961E-17,-2.2536894460195E-16));
#5410=DIRECTION('',(-1.,-7.32268090203961E-17,2.2536894460195E-16));
#5411=DIRECTION('',(-2.2536894460195E-16,0.587785252292473,-0.809016994374948));
#5412=DIRECTION('',(1.,7.32268090203961E-17,-2.2536894460195E-16));
#5413=DIRECTION('',(-1.,-7.32268090203961E-17,2.2536894460195E-16));
#5414=DIRECTION('',(-2.2536894460195E-16,0.587785252292473,-0.809016994374948));
#5415=DIRECTION('',(1.,7.32268090203961E-17,-2.2536894460195E-16));
#5416=DIRECTION('',(-1.,-7.32268090203961E-17,2.2536894460195E-16));
#5417=DIRECTION('',(-2.2536894460195E-16,0.587785252292473,-0.809016994374948));
#5418=DIRECTION('',(1.,0.,0.));
#5419=DIRECTION('',(-1.,-7.32268090203961E-17,2.2536894460195E-16));
#5420=DIRECTION('',(-2.2536894460195E-16,0.587785252292473,-0.809016994374948));
#5421=DIRECTION('',(1.,7.32268090203961E-17,-2.2536894460195E-16));
#5422=DIRECTION('',(-1.,0.,0.));
#5423=DIRECTION('',(0.,0.,1.));
#5424=DIRECTION('',(1.,-7.32268090203961E-17,-2.2536894460195E-16));
#5425=DIRECTION('',(-2.2536894460195E-16,0.,-1.));
#5426=DIRECTION('',(1.,-7.32268090203961E-17,-2.2536894460195E-16));
#5427=DIRECTION('',(-2.2536894460195E-16,-0.587785252292473,-0.809016994374947));
#5428=DIRECTION('',(-1.,7.32268090203961E-17,2.2536894460195E-16));
#5429=DIRECTION('',(2.2536894460195E-16,0.,1.));
#5430=DIRECTION('',(-1.,-7.32268090203961E-17,-2.2536894460195E-16));
#5431=DIRECTION('',(-1.,7.32268090203961E-17,2.2536894460195E-16));
#5432=DIRECTION('',(2.2536894460195E-16,0.,1.));
#5433=DIRECTION('',(-1.,-7.32268090203961E-17,-2.2536894460195E-16));
#5434=DIRECTION('',(-1.,0.,0.));
#5435=DIRECTION('',(0.,0.,1.));
#5436=DIRECTION('',(-1.,0.,1.24580888572481E-16));
#5437=DIRECTION('',(1.24580888572481E-16,0.,1.));
#5438=DIRECTION('',(-1.,-7.32268090203961E-17,-2.2536894460195E-16));
#5439=DIRECTION('',(-1.,0.,0.));
#5440=DIRECTION('',(0.,0.,1.));
#5441=DIRECTION('',(1.,7.32268090203961E-17,-2.2536894460195E-16));
#5442=DIRECTION('',(-2.2536894460195E-16,0.,-1.));
#5443=DIRECTION('',(-1.,-7.32268090203961E-17,2.2536894460195E-16));
#5444=DIRECTION('',(-2.2536894460195E-16,0.587785252292473,-0.809016994374948));
#5445=DIRECTION('',(-1.,-7.32268090203961E-17,2.2536894460195E-16));
#5446=DIRECTION('',(2.2536894460195E-16,0.,1.));
#5447=DIRECTION('',(-1.,7.32268090203961E-17,-2.2536894460195E-16));
#5448=DIRECTION('',(-1.,-7.32268090203961E-17,2.2536894460195E-16));
#5449=DIRECTION('',(2.2536894460195E-16,0.,1.));
#5450=DIRECTION('',(-1.,7.32268090203961E-17,-2.2536894460195E-16));
#5451=DIRECTION('',(-1.,0.,0.));
#5452=DIRECTION('',(0.,0.,1.));
#5453=DIRECTION('',(-1.,0.,0.));
#5454=DIRECTION('',(0.,0.,1.));
#5455=DIRECTION('',(-1.,7.32268090203961E-17,-2.2536894460195E-16));
#5456=DIRECTION('',(-1.,0.,1.24580888572481E-16));
#5457=DIRECTION('',(1.24580888572481E-16,0.,1.));
#5458=DIRECTION('',(-1.31631639954036E-16,-0.46947156278589,0.882947592858927));
#5459=DIRECTION('',(0.,-0.882947592858928,-0.46947156278589));
#5460=DIRECTION('',(6.42010404919517E-17,0.882947592858927,0.46947156278589));
#5461=DIRECTION('',(-1.,1.18483465882698E-16,-8.60832768292526E-17));
#5462=DIRECTION('',(6.42010404919517E-17,0.882947592858927,0.46947156278589));
#5463=DIRECTION('',(-1.,1.18483465882698E-16,-8.60832768292526E-17));
#5464=DIRECTION('',(-1.01735231656041E-16,-0.139173100960065,0.99026806874157));
#5465=DIRECTION('',(0.,-0.99026806874157,-0.139173100960065));
#5466=DIRECTION('',(-1.,1.18483465882698E-16,-8.60832768292526E-17));
#5467=DIRECTION('',(1.05349916360337E-16,0.99026806874157,0.139173100960065));
#5468=DIRECTION('',(-1.,1.18483465882698E-16,-8.60832768292526E-17));
#5469=DIRECTION('',(1.05349916360337E-16,0.99026806874157,0.139173100960065));
#5470=DIRECTION('',(-1.,0.,0.));
#5471=DIRECTION('',(0.,0.,1.));
#5472=DIRECTION('',(-1.,1.18483465882698E-16,-8.60832768292526E-17));
#5473=DIRECTION('',(-1.,1.18483465882698E-16,-8.60832768292526E-17));
#5474=DIRECTION('',(8.60832768292526E-17,0.951056516295154,0.309016994374948));
#5475=DIRECTION('',(-1.,0.,0.));
#5476=DIRECTION('',(0.,0.,1.));
#5477=DIRECTION('',(-1.,0.,0.));
#5478=DIRECTION('',(-1.,0.,0.));
#5479=DIRECTION('',(0.,0.,1.));
#5480=DIRECTION('',(-1.,0.,0.));
#5481=DIRECTION('',(-1.,0.,0.));
#5482=DIRECTION('',(0.,0.,1.));
#5483=DIRECTION('',(-1.,0.,0.));
#5484=DIRECTION('',(-1.,0.,0.));
#5485=DIRECTION('',(0.,0.,1.));
#5486=DIRECTION('',(-1.,1.18483465882698E-16,-8.60832768292526E-17));
#5487=DIRECTION('',(-1.,1.18483465882698E-16,-8.60832768292526E-17));
#5488=DIRECTION('',(8.60832768292526E-17,0.951056516295154,0.309016994374948));
#5489=DIRECTION('',(-1.,0.,0.));
#5490=DIRECTION('',(0.,0.,1.));
#5491=DIRECTION('',(-1.,1.18483465882698E-16,-8.60832768292526E-17));
#5492=DIRECTION('',(8.60832768292526E-17,0.951056516295154,0.309016994374948));
#5493=DIRECTION('',(-1.,1.18483465882698E-16,-8.60832768292526E-17));
#5494=DIRECTION('',(-1.,1.18483465882698E-16,-8.60832768292526E-17));
#5495=DIRECTION('',(8.60832768292526E-17,0.951056516295154,0.309016994374948));
#5496=DIRECTION('',(-1.,1.18483465882698E-16,-8.60832768292526E-17));
#5497=DIRECTION('',(-1.,0.,0.));
#5498=DIRECTION('',(0.,0.,1.));
#5499=DIRECTION('',(-1.,7.32268090203961E-17,-2.2536894460195E-16));
#5500=DIRECTION('',(-1.,7.32268090203961E-17,-2.2536894460195E-16));
#5501=DIRECTION('',(2.2536894460195E-16,0.587785252292473,-0.809016994374948));
#5502=DIRECTION('',(-1.,7.32268090203961E-17,-2.2536894460195E-16));
#5503=DIRECTION('',(-1.,7.32268090203961E-17,-2.2536894460195E-16));
#5504=DIRECTION('',(2.2536894460195E-16,0.587785252292473,-0.809016994374948));
#5505=DIRECTION('',(-1.,7.32268090203961E-17,-2.2536894460195E-16));
#5506=DIRECTION('',(-1.,0.,0.));
#5507=DIRECTION('',(0.,0.,1.));
#5508=DIRECTION('',(-1.,1.18483465882698E-16,-8.60832768292526E-17));
#5509=DIRECTION('',(-1.18483465882698E-16,-1.,0.));
#5510=DIRECTION('',(-1.,1.18483465882698E-16,-8.60832768292526E-17));
#5511=DIRECTION('',(8.60832768292526E-17,0.951056516295154,0.309016994374948));
#5512=DIRECTION('',(1.,-1.18483465882698E-16,8.60832768292526E-17));
#5513=DIRECTION('',(1.18483465882698E-16,1.,0.));
#5514=DIRECTION('',(-1.,1.18483465882698E-16,-8.60832768292526E-17));
#5515=DIRECTION('',(-1.18483465882698E-16,-1.,0.));
#5516=DIRECTION('',(1.,-1.18483465882698E-16,8.60832768292526E-17));
#5517=DIRECTION('',(8.60832768292526E-17,0.951056516295154,0.309016994374948));
#5518=DIRECTION('',(1.,-1.18483465882698E-16,8.60832768292526E-17));
#5519=DIRECTION('',(1.18483465882698E-16,1.,0.));
#5520=DIRECTION('',(-1.,0.,0.));
#5521=DIRECTION('',(0.,-1.,0.));
#5522=DIRECTION('',(1.,-7.32268090203961E-17,2.2536894460195E-16));
#5523=DIRECTION('',(2.2536894460195E-16,0.587785252292473,-0.809016994374948));
#5524=DIRECTION('',(-1.,7.32268090203961E-17,-2.2536894460195E-16));
#5525=DIRECTION('',(2.2536894460195E-16,0.587785252292473,-0.809016994374948));
#5526=DIRECTION('',(1.,1.18483465882698E-16,8.60832768292526E-17));
#5527=DIRECTION('',(8.60832768292526E-17,-0.951056516295154,0.309016994374948));
#5528=DIRECTION('',(-1.,-1.18483465882698E-16,-8.60832768292526E-17));
#5529=DIRECTION('',(8.60832768292526E-17,-0.951056516295154,0.309016994374948));
#5530=DIRECTION('',(-1.,0.,0.));
#5531=DIRECTION('',(0.,0.,1.));
#5532=DIRECTION('',(1.,0.,0.));
#5533=DIRECTION('',(0.,0.,1.));
#5534=DIRECTION('',(-1.,-7.32268090203961E-17,-2.2536894460195E-16));
#5535=DIRECTION('',(2.2536894460195E-16,-0.587785252292473,-0.809016994374947));
#5536=DIRECTION('',(1.,7.32268090203961E-17,2.2536894460195E-16));
#5537=DIRECTION('',(2.2536894460195E-16,-0.587785252292473,-0.809016994374947));
#5538=DIRECTION('',(-1.,1.18483465882698E-16,-8.60832768292526E-17));
#5539=DIRECTION('',(8.60832768292526E-17,0.951056516295154,0.309016994374948));
#5540=DIRECTION('',(2.09229381989422E-16,0.719339800338651,-0.694658370458998));
#5541=DIRECTION('',(-1.,7.32268090203961E-17,-2.2536894460195E-16));
#5542=DIRECTION('',(2.2536894460195E-16,0.587785252292473,-0.809016994374948));
#5543=DIRECTION('',(2.34660785874935E-16,0.438371146789078,-0.898794046299167));
#5544=DIRECTION('',(-1.,0.,0.));
#5545=DIRECTION('',(0.,0.,1.));
#5546=DIRECTION('',(2.34660785874935E-16,-0.438371146789078,-0.898794046299167));
#5547=DIRECTION('',(-1.,-7.32268090203961E-17,-2.2536894460195E-16));
#5548=DIRECTION('',(2.2536894460195E-16,-0.587785252292473,-0.809016994374947));
#5549=DIRECTION('',(2.09229381989422E-16,-0.719339800338651,-0.694658370458998));
#5550=DIRECTION('',(-1.,0.,0.));
#5551=DIRECTION('',(0.,0.,1.));
#5552=DIRECTION('',(1.05349916360336E-16,-0.99026806874157,0.139173100960066));
#5553=DIRECTION('',(-1.,-1.18483465882698E-16,-8.60832768292526E-17));
#5554=DIRECTION('',(8.60832768292526E-17,-0.951056516295154,0.309016994374948));
#5555=DIRECTION('',(6.42010404919517E-17,-0.882947592858927,0.469471562785891));
#5556=DIRECTION('',(-1.,0.,0.));
#5557=DIRECTION('',(0.,0.,1.));
#5558=DIRECTION('',(0.,-0.17364817766693,0.984807753012208));
#5559=DIRECTION('',(-1.,0.,0.));
#5560=DIRECTION('',(0.,0.,1.));
#5561=DIRECTION('',(0.,0.17364817766693,0.984807753012208));
#5562=DIRECTION('',(-1.,0.,0.));
#5563=DIRECTION('',(0.,-1.,0.));
#5564=DIRECTION('',(-1.,0.,0.));
#5565=DIRECTION('',(0.,0.,1.));
#5566=DIRECTION('',(-1.,0.,0.));
#5567=DIRECTION('',(0.,0.,1.));
#5568=DIRECTION('',(0.,0.882947592858928,0.46947156278589));
#5569=DIRECTION('',(0.,0.17364817766693,0.984807753012208));
#5570=DIRECTION('',(-1.,0.,0.));
#5571=DIRECTION('',(0.,0.,1.));
#5572=DIRECTION('',(-1.,0.,0.));
#5573=DIRECTION('',(0.,-1.,0.));
#5574=DIRECTION('',(-1.,0.,0.));
#5575=DIRECTION('',(0.,0.,1.));
#5576=DIRECTION('',(-1.,0.,0.));
#5577=DIRECTION('',(0.,0.,1.));
#5578=DIRECTION('',(0.,0.99026806874157,0.139173100960065));
#5579=DIRECTION('',(-1.,0.,0.));
#5580=DIRECTION('',(0.,0.,1.));
#5581=DIRECTION('',(0.,0.719339800338651,-0.694658370458998));
#5582=DIRECTION('',(-1.11249235784478E-16,0.694658370458998,0.719339800338651));
#5583=DIRECTION('',(0.,-0.719339800338651,0.694658370458998));
#5584=DIRECTION('',(2.09229381989422E-16,0.719339800338651,-0.694658370458998));
#5585=DIRECTION('',(-1.,7.32268090203961E-17,-2.2536894460195E-16));
#5586=DIRECTION('',(-3.29794227187825E-17,0.898794046299167,0.438371146789078));
#5587=DIRECTION('',(0.,-0.438371146789078,0.898794046299167));
#5588=DIRECTION('',(-1.,7.32268090203961E-17,-2.2536894460195E-16));
#5589=DIRECTION('',(2.34660785874935E-16,0.438371146789078,-0.898794046299167));
#5590=DIRECTION('',(-1.,7.32268090203961E-17,-2.2536894460195E-16));
#5591=DIRECTION('',(-1.,0.,0.));
#5592=DIRECTION('',(0.,0.,1.));
#5593=DIRECTION('',(-1.,7.32268090203961E-17,-2.2536894460195E-16));
#5594=DIRECTION('',(2.2536894460195E-16,0.587785252292473,-0.809016994374948));
#5595=DIRECTION('',(-1.,7.32268090203961E-17,-2.2536894460195E-16));
#5596=DIRECTION('',(-1.,7.32268090203961E-17,-2.2536894460195E-16));
#5597=DIRECTION('',(2.2536894460195E-16,0.587785252292473,-0.809016994374948));
#5598=DIRECTION('',(-1.,7.32268090203961E-17,-2.2536894460195E-16));
#5599=DIRECTION('',(-1.,0.,0.));
#5600=DIRECTION('',(0.,0.,1.));
#5601=DIRECTION('',(-1.,-7.32268090203961E-17,-2.2536894460195E-16));
#5602=DIRECTION('',(-1.,-7.32268090203961E-17,-2.2536894460195E-16));
#5603=DIRECTION('',(2.2536894460195E-16,-0.587785252292473,-0.809016994374947));
#5604=DIRECTION('',(-1.,-7.32268090203961E-17,-2.2536894460195E-16));
#5605=DIRECTION('',(-1.,-7.32268090203961E-17,-2.2536894460195E-16));
#5606=DIRECTION('',(2.2536894460195E-16,-0.587785252292473,-0.809016994374947));
#5607=DIRECTION('',(-1.,-7.32268090203961E-17,-2.2536894460195E-16));
#5608=DIRECTION('',(1.,7.32268090203961E-17,-2.2536894460195E-16));
#5609=DIRECTION('',(-2.2536894460195E-16,0.,-1.));
#5610=DIRECTION('',(1.,-7.32268090203961E-17,2.2536894460195E-16));
#5611=DIRECTION('',(2.2536894460195E-16,0.,-1.));
#5612=DIRECTION('',(-1.,7.32268090203961E-17,-2.2536894460195E-16));
#5613=DIRECTION('',(-2.2536894460195E-16,0.,1.));
#5614=DIRECTION('',(1.,-7.32268090203961E-17,2.2536894460195E-16));
#5615=DIRECTION('',(2.2536894460195E-16,0.,-1.));
#5616=DIRECTION('',(-1.,0.,0.));
#5617=DIRECTION('',(0.,-1.,0.));
#5618=DIRECTION('',(-1.,0.,0.));
#5619=DIRECTION('',(0.,0.,1.));
#5620=DIRECTION('',(0.,-1.,0.));
#5621=DIRECTION('',(-1.,0.,0.));
#5622=DIRECTION('',(0.,0.,1.));
#5623=DIRECTION('',(0.,-0.438371146789078,-0.898794046299167));
#5624=DIRECTION('',(0.,0.438371146789078,-0.898794046299167));
#5625=DIRECTION('',(-1.,0.,0.));
#5626=DIRECTION('',(0.,0.,1.));
#5627=DIRECTION('',(0.,1.,0.));
#5628=DIRECTION('',(0.,0.,-1.));
#5629=DIRECTION('',(3.29794227187826E-17,0.898794046299167,-0.438371146789078));
#5630=DIRECTION('',(0.,0.438371146789078,0.898794046299167));
#5631=DIRECTION('',(2.34660785874935E-16,-0.438371146789078,-0.898794046299167));
#5632=DIRECTION('',(-1.,-7.32268090203961E-17,-2.2536894460195E-16));
#5633=DIRECTION('',(1.11249235784478E-16,0.694658370458997,-0.719339800338651));
#5634=DIRECTION('',(0.,0.719339800338651,0.694658370458998));
#5635=DIRECTION('',(-1.,-7.32268090203961E-17,-2.2536894460195E-16));
#5636=DIRECTION('',(2.09229381989422E-16,-0.719339800338651,-0.694658370458998));
#5637=DIRECTION('',(-1.,-7.32268090203961E-17,-2.2536894460195E-16));
#5638=DIRECTION('',(-1.,0.,0.));
#5639=DIRECTION('',(0.,0.,1.));
#5640=DIRECTION('',(-1.,-7.32268090203961E-17,-2.2536894460195E-16));
#5641=DIRECTION('',(2.2536894460195E-16,-0.587785252292473,-0.809016994374947));
#5642=DIRECTION('',(-1.,-7.32268090203961E-17,-2.2536894460195E-16));
#5643=DIRECTION('',(-1.,-7.32268090203961E-17,-2.2536894460195E-16));
#5644=DIRECTION('',(2.2536894460195E-16,-0.587785252292473,-0.809016994374947));
#5645=DIRECTION('',(-1.,-7.32268090203961E-17,-2.2536894460195E-16));
#5646=DIRECTION('',(-1.,0.,0.));
#5647=DIRECTION('',(0.,0.,1.));
#5648=DIRECTION('',(-1.,-1.18483465882698E-16,-8.60832768292526E-17));
#5649=DIRECTION('',(-1.,-1.18483465882698E-16,-8.60832768292526E-17));
#5650=DIRECTION('',(8.60832768292526E-17,-0.951056516295154,0.309016994374948));
#5651=DIRECTION('',(-1.,-1.18483465882698E-16,-8.60832768292526E-17));
#5652=DIRECTION('',(-1.,-1.18483465882698E-16,-8.60832768292526E-17));
#5653=DIRECTION('',(8.60832768292526E-17,-0.951056516295154,0.309016994374948));
#5654=DIRECTION('',(-1.,-1.18483465882698E-16,-8.60832768292526E-17));
#5655=DIRECTION('',(1.,-7.32268090203961E-17,-2.2536894460195E-16));
#5656=DIRECTION('',(-2.2536894460195E-16,0.,-1.));
#5657=DIRECTION('',(1.,7.32268090203961E-17,2.2536894460195E-16));
#5658=DIRECTION('',(2.2536894460195E-16,0.,-1.));
#5659=DIRECTION('',(-1.,-7.32268090203961E-17,-2.2536894460195E-16));
#5660=DIRECTION('',(-2.2536894460195E-16,0.,1.));
#5661=DIRECTION('',(1.,7.32268090203961E-17,2.2536894460195E-16));
#5662=DIRECTION('',(2.2536894460195E-16,0.,-1.));
#5663=DIRECTION('',(-1.,0.,0.));
#5664=DIRECTION('',(0.,-1.,0.));
#5665=DIRECTION('',(-1.,0.,0.));
#5666=DIRECTION('',(0.,0.,1.));
#5667=DIRECTION('',(-1.,0.,0.));
#5668=DIRECTION('',(0.,0.,1.));
#5669=DIRECTION('',(0.,-0.719339800338651,-0.694658370458998));
#5670=DIRECTION('',(-1.,0.,0.));
#5671=DIRECTION('',(0.,0.,1.));
#5672=DIRECTION('',(0.,-0.99026806874157,0.139173100960066));
#5673=DIRECTION('',(0.,1.,0.));
#5674=DIRECTION('',(0.,0.,1.));
#5675=DIRECTION('',(-2.2536894460195E-16,0.,-1.));
#5676=DIRECTION('',(-2.2536894460195E-16,0.,-1.));
#5677=DIRECTION('',(-4.2609173365199E-17,0.939692620785908,-0.342020143325668));
#5678=DIRECTION('',(-1.,-4.2609173365199E-17,7.51314688996909E-18));
#5679=DIRECTION('',(7.51314688996909E-18,-0.342020143325668,-0.939692620785908));
#5680=DIRECTION('',(7.51314688996909E-18,-0.342020143325668,-0.939692620785908));
#5681=DIRECTION('',(1.,-3.9355536972944E-32,-1.24580888572481E-16));
#5682=DIRECTION('',(0.,0.,1.));
#5683=DIRECTION('',(1.,0.,0.));
#5684=DIRECTION('',(7.32268090203961E-17,1.,0.));
#5685=DIRECTION('',(-1.,8.60330406245487E-18,0.));
#5686=DIRECTION('',(7.32268090203961E-17,1.,0.));
#5687=DIRECTION('',(-1.,0.,0.));
#5688=DIRECTION('',(0.,-1.,0.));
#5689=DIRECTION('',(7.51314688996909E-18,0.342020143325668,-0.939692620785908));
#5690=DIRECTION('',(0.,-0.438371146789078,0.898794046299167));
#5691=DIRECTION('',(-1.,0.,0.));
#5692=DIRECTION('',(0.,0.,1.));
#5693=DIRECTION('',(0.,0.438371146789078,0.898794046299167));
#5694=DIRECTION('',(0.,3.15903485870925E-16,1.));
#5695=DIRECTION('',(-1.,0.,0.));
#5696=DIRECTION('',(0.,0.,1.));
#5697=DIRECTION('',(0.,-1.,0.));
#5698=DIRECTION('',(-1.,0.,0.));
#5699=DIRECTION('',(0.,0.,1.));
#5700=DIRECTION('',(0.,0.,1.));
#5701=DIRECTION('',(-1.,0.,0.));
#5702=DIRECTION('',(0.,-1.,0.));
#5703=DIRECTION('',(-1.,7.32268090203961E-17,2.2536894460195E-16));
#5704=DIRECTION('',(-2.2536894460195E-16,-0.587785252292473,-0.809016994374947));
#5705=DIRECTION('',(1.,-1.18483465882698E-16,-8.60832768292526E-17));
#5706=DIRECTION('',(-8.60832768292526E-17,-0.951056516295154,0.309016994374948));
#5707=DIRECTION('',(-1.,1.18483465882698E-16,8.60832768292526E-17));
#5708=DIRECTION('',(-8.60832768292526E-17,-0.951056516295154,0.309016994374948));
#5709=DIRECTION('',(1.,0.,0.));
#5710=DIRECTION('',(0.,0.,1.));
#5711=DIRECTION('',(-1.,0.,0.));
#5712=DIRECTION('',(0.,0.,1.));
#5713=DIRECTION('',(1.,1.18483465882698E-16,-8.60832768292526E-17));
#5714=DIRECTION('',(-8.60832768292526E-17,0.951056516295154,0.309016994374948));
#5715=DIRECTION('',(1.,7.32268090203961E-17,-2.2536894460195E-16));
#5716=DIRECTION('',(-2.2536894460195E-16,0.587785252292473,-0.809016994374948));
#5717=DIRECTION('',(-1.,-1.18483465882698E-16,8.60832768292526E-17));
#5718=DIRECTION('',(-8.60832768292526E-17,0.951056516295154,0.309016994374948));
#5719=DIRECTION('',(-2.34660785874935E-16,-0.438371146789078,-0.898794046299167));
#5720=DIRECTION('',(-1.,0.,0.));
#5721=DIRECTION('',(0.,0.,1.));
#5722=DIRECTION('',(-2.34660785874935E-16,0.438371146789078,-0.898794046299167));
#5723=DIRECTION('',(-2.09229381989422E-16,0.719339800338651,-0.694658370458998));
#5724=DIRECTION('',(-1.,0.,0.));
#5725=DIRECTION('',(0.,0.,1.));
#5726=DIRECTION('',(-1.05349916360337E-16,0.99026806874157,0.139173100960065));
#5727=DIRECTION('',(-6.42010404919517E-17,0.882947592858927,0.46947156278589));
#5728=DIRECTION('',(-1.,0.,0.));
#5729=DIRECTION('',(0.,0.,1.));
#5730=DIRECTION('',(0.,0.17364817766693,0.984807753012208));
#5731=DIRECTION('',(0.,-0.17364817766693,0.984807753012208));
#5732=DIRECTION('',(-1.,0.,0.));
#5733=DIRECTION('',(0.,0.,1.));
#5734=DIRECTION('',(-6.42010404919517E-17,-0.882947592858927,0.469471562785891));
#5735=DIRECTION('',(-1.05349916360336E-16,-0.99026806874157,0.139173100960066));
#5736=DIRECTION('',(-1.,0.,0.));
#5737=DIRECTION('',(0.,0.,1.));
#5738=DIRECTION('',(-2.09229381989422E-16,-0.719339800338651,-0.694658370458998));
#5739=DIRECTION('',(-1.,0.,0.));
#5740=DIRECTION('',(0.,0.,1.));
#5741=DIRECTION('',(0.,3.15903485870925E-16,1.));
#5742=DIRECTION('',(0.,-1.,0.));
#5743=DIRECTION('',(0.,0.,1.));
#5744=DIRECTION('',(-1.,0.,0.));
#5745=DIRECTION('',(0.,0.,1.));
#5746=DIRECTION('',(0.,-1.,0.));
#5747=DIRECTION('',(-1.,0.,0.));
#5748=DIRECTION('',(0.,0.,1.));
#5749=DIRECTION('',(1.01735231656041E-16,-0.139173100960066,-0.99026806874157));
#5750=DIRECTION('',(0.,0.99026806874157,-0.139173100960066));
#5751=DIRECTION('',(1.05349916360336E-16,-0.99026806874157,0.139173100960066));
#5752=DIRECTION('',(-1.,-1.18483465882698E-16,-8.60832768292526E-17));
#5753=DIRECTION('',(1.31631639954036E-16,-0.469471562785891,-0.882947592858927));
#5754=DIRECTION('',(0.,0.882947592858927,-0.469471562785891));
#5755=DIRECTION('',(-1.,-1.18483465882698E-16,-8.60832768292526E-17));
#5756=DIRECTION('',(6.42010404919517E-17,-0.882947592858927,0.469471562785891));
#5757=DIRECTION('',(-1.,-1.18483465882698E-16,-8.60832768292526E-17));
#5758=DIRECTION('',(-1.,0.,0.));
#5759=DIRECTION('',(0.,0.,1.));
#5760=DIRECTION('',(-1.,-1.18483465882698E-16,-8.60832768292526E-17));
#5761=DIRECTION('',(8.60832768292526E-17,-0.951056516295154,0.309016994374948));
#5762=DIRECTION('',(-1.,-1.18483465882698E-16,-8.60832768292526E-17));
#5763=DIRECTION('',(-1.,-1.18483465882698E-16,-8.60832768292526E-17));
#5764=DIRECTION('',(8.60832768292526E-17,-0.951056516295154,0.309016994374948));
#5765=DIRECTION('',(-1.,-1.18483465882698E-16,-8.60832768292526E-17));
#5766=DIRECTION('',(-1.,0.,0.));
#5767=DIRECTION('',(0.,0.,1.));
#5768=DIRECTION('',(-1.,0.,0.));
#5769=DIRECTION('',(-1.,0.,0.));
#5770=DIRECTION('',(0.,0.,1.));
#5771=DIRECTION('',(-1.,0.,0.));
#5772=DIRECTION('',(-1.,0.,0.));
#5773=DIRECTION('',(0.,0.,1.));
#5774=DIRECTION('',(-1.,0.,0.));
#5775=DIRECTION('',(-1.,-1.18483465882698E-16,-8.60832768292526E-17));
#5776=DIRECTION('',(1.18483465882698E-16,-1.,0.));
#5777=DIRECTION('',(1.,1.18483465882698E-16,8.60832768292526E-17));
#5778=DIRECTION('',(-1.18483465882698E-16,1.,0.));
#5779=DIRECTION('',(-1.,-1.18483465882698E-16,-8.60832768292526E-17));
#5780=DIRECTION('',(1.18483465882698E-16,-1.,0.));
#5781=DIRECTION('',(1.,1.18483465882698E-16,8.60832768292526E-17));
#5782=DIRECTION('',(-1.18483465882698E-16,1.,0.));
#5783=DIRECTION('',(-1.,0.,0.));
#5784=DIRECTION('',(0.,-1.,0.));
#5785=DIRECTION('',(-1.,0.,0.));
#5786=DIRECTION('',(0.,0.,1.));
#5787=DIRECTION('',(-1.,0.,0.));
#5788=DIRECTION('',(0.,0.,1.));
#5789=DIRECTION('',(0.,-0.882947592858927,0.469471562785891));
#5790=DIRECTION('',(-1.,0.,0.));
#5791=DIRECTION('',(0.,0.,1.));
#5792=DIRECTION('',(0.,-0.17364817766693,0.984807753012208));
#5793=DIRECTION('',(0.,-0.984807753012208,0.17364817766693));
#5794=DIRECTION('',(0.,-0.17364817766693,-0.984807753012208));
#5795=DIRECTION('',(-1.,0.,0.));
#5796=DIRECTION('',(0.,0.17364817766693,0.984807753012208));
#5797=DIRECTION('',(0.,-0.984807753012208,-0.17364817766693));
#5798=DIRECTION('',(0.,0.17364817766693,-0.984807753012208));
#5799=DIRECTION('',(0.,-0.17364817766693,0.984807753012208));
#5800=DIRECTION('',(-1.,0.,0.));
#5801=DIRECTION('',(-1.,0.,0.));
#5802=DIRECTION('',(0.,0.,1.));
#5803=DIRECTION('',(1.,0.,0.));
#5804=DIRECTION('',(0.,0.,-1.));
#5805=DIRECTION('',(-1.,0.,0.));
#5806=DIRECTION('',(0.,0.,1.));
#5807=DIRECTION('',(1.,0.,0.));
#5808=DIRECTION('',(0.,0.,-1.));
#5809=DIRECTION('',(0.,1.,0.));
#5810=DIRECTION('',(0.,0.,1.));
#5811=DIRECTION('',(0.,0.,1.));
#5812=DIRECTION('',(1.,0.,0.));
#5813=DIRECTION('',(1.24580888572481E-16,0.,1.));
#5814=DIRECTION('',(-1.,0.,1.24580888572481E-16));
#5815=DIRECTION('',(1.,0.,0.));
#5816=DIRECTION('',(-2.2536894460195E-16,0.,-1.));
#5817=DIRECTION('',(1.,0.,0.));
#5818=DIRECTION('',(-2.2536894460195E-16,0.,-1.));
#5819=DIRECTION('',(1.,0.,0.));
#5820=DIRECTION('',(1.,0.,0.));
#5821=DIRECTION('',(0.,0.,1.));
#5822=DIRECTION('',(-1.,0.,0.));
#5823=DIRECTION('',(0.,0.,1.));
#5824=DIRECTION('',(0.,1.,-3.15903485870925E-16));
#5825=DIRECTION('',(0.,3.15903485870925E-16,1.));
#5826=DIRECTION('',(1.,0.,0.));
#5827=DIRECTION('',(0.,3.15903485870925E-16,1.));
#5828=DIRECTION('',(0.,3.15903485870925E-16,1.));
#5829=DIRECTION('',(-1.,0.,0.));
#5830=DIRECTION('',(0.,3.15903485870925E-16,1.));
#5831=DIRECTION('',(1.,0.,0.));
#5832=DIRECTION('',(1.,0.,0.));
#5833=DIRECTION('',(-2.2536894460195E-16,-3.15903485870925E-16,-1.));
#5834=DIRECTION('',(1.,0.,0.));
#5835=DIRECTION('',(-2.2536894460195E-16,-3.15903485870925E-16,-1.));
#5836=DIRECTION('',(1.,0.,0.));
#5837=DIRECTION('',(1.24580888572481E-16,3.15903485870925E-16,1.));
#5838=DIRECTION('',(0.,0.,1.));
#5839=DIRECTION('',(1.,0.,0.));
#5840=DIRECTION('',(0.,-1.,0.));
#5841=DIRECTION('',(0.,-1.,0.));
#5842=DIRECTION('',(0.,1.,-3.15903485870925E-16));
#5843=DIRECTION('',(0.,3.15903485870925E-16,1.));
#5844=DIRECTION('',(0.,3.15903485870925E-16,1.));
#5845=DIRECTION('',(0.,3.15903485870925E-16,1.));
#5846=DIRECTION('',(-1.,0.,0.));
#5847=DIRECTION('',(0.,1.,0.));
#5848=DIRECTION('',(0.,0.,1.));
#5849=DIRECTION('',(0.,0.,1.));
#5850=DIRECTION('',(-1.,0.,0.));
#5851=DIRECTION('',(0.,0.,1.));
#5852=DIRECTION('',(0.,0.,-1.));
#5853=DIRECTION('',(-1.,0.,0.));
#5854=DIRECTION('',(0.,-1.,0.));
#5855=DIRECTION('',(0.,-1.,0.));
#5856=DIRECTION('',(1.,0.,0.));
#5857=DIRECTION('',(0.,0.,-1.));
#5858=DIRECTION('',(1.,0.,0.));
#5859=DIRECTION('',(-1.,0.,0.));
#5860=DIRECTION('',(0.,0.,1.));
#5861=DIRECTION('',(-1.,0.,0.));
#5862=DIRECTION('',(0.,0.,1.));
#5863=DIRECTION('',(1.,0.,0.));
#5864=DIRECTION('',(0.,0.,-1.));
#5865=DIRECTION('',(1.,0.,0.));
#5866=DIRECTION('',(-1.,7.32268090203961E-17,-2.2536894460195E-16));
#5867=DIRECTION('',(-1.,7.32268090203961E-17,-2.2536894460195E-16));
#5868=DIRECTION('',(2.2536894460195E-16,0.587785252292473,-0.809016994374948));
#5869=DIRECTION('',(-1.,7.32268090203961E-17,-2.2536894460195E-16));
#5870=DIRECTION('',(-1.,7.32268090203961E-17,-2.2536894460195E-16));
#5871=DIRECTION('',(2.2536894460195E-16,0.587785252292473,-0.809016994374948));
#5872=DIRECTION('',(-1.,7.32268090203961E-17,-2.2536894460195E-16));
#5873=DIRECTION('',(2.2536894460195E-16,0.587785252292473,-0.809016994374948));
#5874=DIRECTION('',(-1.,7.32268090203961E-17,-2.2536894460195E-16));
#5875=DIRECTION('',(-1.,7.32268090203961E-17,-2.2536894460195E-16));
#5876=DIRECTION('',(2.2536894460195E-16,0.587785252292473,-0.809016994374948));
#5877=DIRECTION('',(-1.,7.32268090203961E-17,-2.2536894460195E-16));
#5878=DIRECTION('',(-1.,1.18483465882698E-16,-8.60832768292526E-17));
#5879=DIRECTION('',(-1.,1.18483465882698E-16,-8.60832768292526E-17));
#5880=DIRECTION('',(8.60832768292526E-17,0.951056516295154,0.309016994374948));
#5881=DIRECTION('',(-1.,1.18483465882698E-16,-8.60832768292526E-17));
#5882=DIRECTION('',(-1.,1.18483465882698E-16,-8.60832768292526E-17));
#5883=DIRECTION('',(8.60832768292526E-17,0.951056516295154,0.309016994374948));
#5884=DIRECTION('',(-1.,1.18483465882698E-16,-8.60832768292526E-17));
#5885=DIRECTION('',(8.60832768292526E-17,0.951056516295154,0.309016994374948));
#5886=DIRECTION('',(-1.,1.18483465882698E-16,-8.60832768292526E-17));
#5887=DIRECTION('',(-1.,1.18483465882698E-16,-8.60832768292526E-17));
#5888=DIRECTION('',(8.60832768292526E-17,0.951056516295154,0.309016994374948));
#5889=DIRECTION('',(-1.,1.18483465882698E-16,-8.60832768292526E-17));
#5890=DIRECTION('',(-1.,0.,0.));
#5891=DIRECTION('',(-1.,0.,0.));
#5892=DIRECTION('',(0.,0.,1.));
#5893=DIRECTION('',(-1.,0.,0.));
#5894=DIRECTION('',(-1.,0.,0.));
#5895=DIRECTION('',(0.,0.,1.));
#5896=DIRECTION('',(-1.,0.,0.));
#5897=DIRECTION('',(0.,0.,1.));
#5898=DIRECTION('',(-1.,0.,0.));
#5899=DIRECTION('',(-1.,0.,0.));
#5900=DIRECTION('',(0.,0.,1.));
#5901=DIRECTION('',(-1.,0.,0.));
#5902=DIRECTION('',(-1.,-1.18483465882698E-16,-8.60832768292526E-17));
#5903=DIRECTION('',(-1.,-1.18483465882698E-16,-8.60832768292526E-17));
#5904=DIRECTION('',(8.60832768292526E-17,-0.951056516295154,0.309016994374948));
#5905=DIRECTION('',(-1.,-1.18483465882698E-16,-8.60832768292526E-17));
#5906=DIRECTION('',(-1.,-1.18483465882698E-16,-8.60832768292526E-17));
#5907=DIRECTION('',(8.60832768292526E-17,-0.951056516295154,0.309016994374948));
#5908=DIRECTION('',(-1.,-1.18483465882698E-16,-8.60832768292526E-17));
#5909=DIRECTION('',(8.60832768292526E-17,-0.951056516295154,0.309016994374948));
#5910=DIRECTION('',(-1.,-1.18483465882698E-16,-8.60832768292526E-17));
#5911=DIRECTION('',(-1.,-1.18483465882698E-16,-8.60832768292526E-17));
#5912=DIRECTION('',(8.60832768292526E-17,-0.951056516295154,0.309016994374948));
#5913=DIRECTION('',(-1.,-1.18483465882698E-16,-8.60832768292526E-17));
#5914=DIRECTION('',(-1.,-7.32268090203961E-17,-2.2536894460195E-16));
#5915=DIRECTION('',(-1.,-7.32268090203961E-17,-2.2536894460195E-16));
#5916=DIRECTION('',(2.2536894460195E-16,-0.587785252292473,-0.809016994374947));
#5917=DIRECTION('',(-1.,-7.32268090203961E-17,-2.2536894460195E-16));
#5918=DIRECTION('',(-1.,-7.32268090203961E-17,-2.2536894460195E-16));
#5919=DIRECTION('',(2.2536894460195E-16,-0.587785252292473,-0.809016994374947));
#5920=DIRECTION('',(-1.,-7.32268090203961E-17,-2.2536894460195E-16));
#5921=DIRECTION('',(2.2536894460195E-16,-0.587785252292473,-0.809016994374947));
#5922=DIRECTION('',(-1.,-7.32268090203961E-17,-2.2536894460195E-16));
#5923=DIRECTION('',(-1.,-7.32268090203961E-17,-2.2536894460195E-16));
#5924=DIRECTION('',(2.2536894460195E-16,-0.587785252292473,-0.809016994374947));
#5925=DIRECTION('',(-1.,-7.32268090203961E-17,-2.2536894460195E-16));
#5926=DIRECTION('',(0.,1.,0.));
#5927=DIRECTION('',(0.,0.,1.));
#5928=DIRECTION('',(-2.2536894460195E-16,0.,-1.));
#5929=DIRECTION('',(-2.2536894460195E-16,0.,-1.));
#5930=DIRECTION('',(0.,0.,1.));
#5931=DIRECTION('',(1.,0.,0.));
#5932=DIRECTION('',(1.,0.,0.));
#5933=DIRECTION('',(1.,0.,0.));
#5934=DIRECTION('',(0.,0.,1.));
#5935=DIRECTION('',(1.,0.,0.));
#5936=DIRECTION('',(-7.32268090203961E-17,1.,0.));
#5937=DIRECTION('',(-7.32268090203961E-17,1.,0.));
#5938=DIRECTION('',(-1.,-8.60330406245484E-18,0.));
#5939=DIRECTION('',(-1.,0.,0.));
#5940=DIRECTION('',(0.,-1.,0.));
#5941=DIRECTION('',(-1.,0.,0.));
#5942=DIRECTION('',(0.,0.,1.));
#5943=DIRECTION('',(-1.,0.,0.));
#5944=DIRECTION('',(0.,0.,1.));
#5945=DIRECTION('',(0.,-0.719339800338651,0.694658370458998));
#5946=DIRECTION('',(0.,-0.99026806874157,-0.139173100960065));
#5947=DIRECTION('',(-1.,0.,0.));
#5948=DIRECTION('',(0.,0.,1.));
#5949=DIRECTION('',(-1.,0.,0.));
#5950=DIRECTION('',(0.,-1.,0.));
#5951=DIRECTION('',(-1.,0.,0.));
#5952=DIRECTION('',(0.,0.,1.));
#5953=DIRECTION('',(-1.,0.,0.));
#5954=DIRECTION('',(0.,0.,1.));
#5955=DIRECTION('',(0.,-0.882947592858928,-0.46947156278589));
#5956=DIRECTION('',(0.,-0.17364817766693,-0.984807753012208));
#5957=DIRECTION('',(-1.,0.,0.));
#5958=DIRECTION('',(0.,0.,1.));
#5959=DIRECTION('',(-1.,0.,0.));
#5960=DIRECTION('',(0.,-1.,0.));
#5961=DIRECTION('',(-1.,0.,0.));
#5962=DIRECTION('',(0.,0.,1.));
#5963=DIRECTION('',(-1.,0.,0.));
#5964=DIRECTION('',(0.,0.,1.));
#5965=DIRECTION('',(0.,0.17364817766693,-0.984807753012208));
#5966=DIRECTION('',(0.,0.882947592858927,-0.469471562785891));
#5967=DIRECTION('',(-1.,0.,0.));
#5968=DIRECTION('',(0.,0.,1.));
#5969=DIRECTION('',(-1.,0.,0.));
#5970=DIRECTION('',(0.,-1.,0.));
#5971=DIRECTION('',(-1.,0.,0.));
#5972=DIRECTION('',(0.,0.,1.));
#5973=DIRECTION('',(-1.,0.,0.));
#5974=DIRECTION('',(0.,0.,1.));
#5975=DIRECTION('',(0.,0.99026806874157,-0.139173100960066));
#5976=DIRECTION('',(0.,0.719339800338651,0.694658370458998));
#5977=DIRECTION('',(-1.,0.,0.));
#5978=DIRECTION('',(0.,0.,1.));
#5979=DIRECTION('',(-1.,7.32268090203961E-17,2.2536894460195E-16));
#5980=DIRECTION('',(-7.32268090203961E-17,0.809016994374947,-0.587785252292473));
#5981=DIRECTION('',(-2.34660785874935E-16,-0.438371146789078,-0.898794046299167));
#5982=DIRECTION('',(-1.,7.32268090203961E-17,2.2536894460195E-16));
#5983=DIRECTION('',(-2.2536894460195E-16,-0.587785252292473,-0.809016994374947));
#5984=DIRECTION('',(-2.36822577913198E-16,-0.275637355816998,-0.961261695938319));
#5985=DIRECTION('',(-1.,7.32268090203961E-17,2.2536894460195E-16));
#5986=DIRECTION('',(-7.32268090203961E-17,0.809016994374947,-0.587785252292473));
#5987=DIRECTION('',(-2.36822577913198E-16,-0.275637355816998,-0.961261695938319));
#5988=DIRECTION('',(-1.,7.32268090203961E-17,2.2536894460195E-16));
#5989=DIRECTION('',(-2.2536894460195E-16,-0.587785252292473,-0.809016994374947));
#5990=DIRECTION('',(-2.34660785874935E-16,-0.438371146789078,-0.898794046299167));
#5991=DIRECTION('',(-8.2700266537484E-18,-0.961261695938319,0.275637355816998));
#5992=DIRECTION('',(0.,-0.275637355816998,-0.961261695938319));
#5993=DIRECTION('',(1.,-7.32268090203961E-17,-2.2536894460195E-16));
#5994=DIRECTION('',(8.27002665374837E-18,-0.961261695938319,-0.275637355816998));
#5995=DIRECTION('',(0.,0.275637355816998,-0.961261695938319));
#5996=DIRECTION('',(-2.36822577913198E-16,0.275637355816998,-0.961261695938319));
#5997=DIRECTION('',(1.,7.32268090203961E-17,-2.2536894460195E-16));
#5998=DIRECTION('',(-2.36822577913198E-16,0.275637355816998,-0.961261695938319));
#5999=DIRECTION('',(-1.,-7.32268090203961E-17,2.2536894460195E-16));
#6000=DIRECTION('',(7.32268090203961E-17,0.809016994374948,0.587785252292473));
#6001=DIRECTION('',(-2.36822577913198E-16,0.275637355816998,-0.961261695938319));
#6002=DIRECTION('',(-7.32268090203961E-17,1.,0.));
#6003=DIRECTION('',(-1.,-7.32268090203961E-17,2.2536894460195E-16));
#6004=DIRECTION('',(2.2536894460195E-16,0.,1.));
#6005=DIRECTION('',(-1.,-7.32268090203961E-17,2.2536894460195E-16));
#6006=DIRECTION('',(7.32268090203961E-17,0.809016994374948,0.587785252292473));
#6007=DIRECTION('',(-7.32268090203961E-17,1.,0.));
#6008=DIRECTION('',(-2.36822577913198E-16,0.275637355816998,-0.961261695938319));
#6009=DIRECTION('',(-1.,-7.32268090203961E-17,2.2536894460195E-16));
#6010=DIRECTION('',(2.2536894460195E-16,0.,1.));
#6011=DIRECTION('',(0.,0.,1.));
#6012=DIRECTION('',(1.,0.,0.));
#6013=DIRECTION('',(0.,-1.,0.));
#6014=DIRECTION('',(-1.31631639954036E-16,0.46947156278589,-0.882947592858927));
#6015=DIRECTION('',(0.,0.882947592858928,0.46947156278589));
#6016=DIRECTION('',(-6.42010404919517E-17,0.882947592858927,0.46947156278589));
#6017=DIRECTION('',(1.,1.18483465882698E-16,-8.60832768292526E-17));
#6018=DIRECTION('',(-1.01735231656041E-16,0.139173100960065,-0.99026806874157));
#6019=DIRECTION('',(0.,0.99026806874157,0.139173100960065));
#6020=DIRECTION('',(-1.05349916360337E-16,0.99026806874157,0.139173100960065));
#6021=DIRECTION('',(1.,1.18483465882698E-16,-8.60832768292526E-17));
#6022=DIRECTION('',(1.,0.,0.));
#6023=DIRECTION('',(0.,0.,-1.));
#6024=DIRECTION('',(-1.,-1.18483465882698E-16,8.60832768292526E-17));
#6025=DIRECTION('',(-8.60832768292526E-17,0.951056516295154,0.309016994374948));
#6026=DIRECTION('',(1.,1.18483465882698E-16,-8.60832768292526E-17));
#6027=DIRECTION('',(-1.,-1.18483465882698E-16,8.60832768292526E-17));
#6028=DIRECTION('',(-8.60832768292526E-17,0.951056516295154,0.309016994374948));
#6029=DIRECTION('',(1.,1.18483465882698E-16,-8.60832768292526E-17));
#6030=DIRECTION('',(1.,0.,0.));
#6031=DIRECTION('',(-1.,0.,0.));
#6032=DIRECTION('',(0.,0.,1.));
#6033=DIRECTION('',(1.,0.,0.));
#6034=DIRECTION('',(-1.,0.,0.));
#6035=DIRECTION('',(0.,0.,1.));
#6036=DIRECTION('',(1.,0.,0.));
#6037=DIRECTION('',(1.,0.,0.));
#6038=DIRECTION('',(0.,0.,-1.));
#6039=DIRECTION('',(-1.,-1.18483465882698E-16,8.60832768292526E-17));
#6040=DIRECTION('',(-8.60832768292526E-17,0.951056516295154,0.309016994374948));
#6041=DIRECTION('',(1.,7.32268090203961E-17,-2.2536894460195E-16));
#6042=DIRECTION('',(-1.,-7.32268090203961E-17,2.2536894460195E-16));
#6043=DIRECTION('',(-2.2536894460195E-16,0.587785252292473,-0.809016994374948));
#6044=DIRECTION('',(1.,7.32268090203961E-17,-2.2536894460195E-16));
#6045=DIRECTION('',(-1.,-7.32268090203961E-17,2.2536894460195E-16));
#6046=DIRECTION('',(-2.2536894460195E-16,0.587785252292473,-0.809016994374948));
#6047=DIRECTION('',(1.,7.32268090203961E-17,-2.2536894460195E-16));
#6048=DIRECTION('',(1.,1.18483465882698E-16,-8.60832768292526E-17));
#6049=DIRECTION('',(-1.,-1.18483465882698E-16,8.60832768292526E-17));
#6050=DIRECTION('',(-8.60832768292526E-17,0.951056516295154,0.309016994374948));
#6051=DIRECTION('',(1.,1.18483465882698E-16,-8.60832768292526E-17));
#6052=DIRECTION('',(1.,1.18483465882698E-16,-8.60832768292526E-17));
#6053=DIRECTION('',(-1.18483465882698E-16,1.,0.));
#6054=DIRECTION('',(-1.,-1.18483465882698E-16,8.60832768292526E-17));
#6055=DIRECTION('',(1.18483465882698E-16,-1.,0.));
#6056=DIRECTION('',(1.,1.18483465882698E-16,-8.60832768292526E-17));
#6057=DIRECTION('',(-1.18483465882698E-16,1.,0.));
#6058=DIRECTION('',(-1.,-1.18483465882698E-16,8.60832768292526E-17));
#6059=DIRECTION('',(1.18483465882698E-16,-1.,0.));
#6060=DIRECTION('',(-1.11249235784478E-16,-0.694658370458998,-0.719339800338651));
#6061=DIRECTION('',(0.,0.719339800338651,-0.694658370458998));
#6062=DIRECTION('',(-2.09229381989422E-16,0.719339800338651,-0.694658370458998));
#6063=DIRECTION('',(-3.29794227187825E-17,-0.898794046299167,-0.438371146789078));
#6064=DIRECTION('',(0.,0.438371146789078,-0.898794046299167));
#6065=DIRECTION('',(-2.34660785874935E-16,0.438371146789078,-0.898794046299167));
#6066=DIRECTION('',(1.,7.32268090203961E-17,-2.2536894460195E-16));
#6067=DIRECTION('',(1.,0.,0.));
#6068=DIRECTION('',(0.,0.,-1.));
#6069=DIRECTION('',(-1.,-7.32268090203961E-17,2.2536894460195E-16));
#6070=DIRECTION('',(-2.2536894460195E-16,0.587785252292473,-0.809016994374948));
#6071=DIRECTION('',(1.,-7.32268090203961E-17,-2.2536894460195E-16));
#6072=DIRECTION('',(1.,-7.32268090203961E-17,-2.2536894460195E-16));
#6073=DIRECTION('',(1.,7.32268090203961E-17,-2.2536894460195E-16));
#6074=DIRECTION('',(-1.,-7.32268090203961E-17,2.2536894460195E-16));
#6075=DIRECTION('',(-2.2536894460195E-16,0.587785252292473,-0.809016994374948));
#6076=DIRECTION('',(1.,0.,0.));
#6077=DIRECTION('',(0.,0.,-1.));
#6078=DIRECTION('',(1.,0.,0.));
#6079=DIRECTION('',(1.,7.32268090203961E-17,-2.2536894460195E-16));
#6080=DIRECTION('',(-2.2536894460195E-16,0.,-1.));
#6081=DIRECTION('',(-1.,-7.32268090203961E-17,2.2536894460195E-16));
#6082=DIRECTION('',(2.2536894460195E-16,0.,1.));
#6083=DIRECTION('',(3.29794227187826E-17,-0.898794046299167,0.438371146789078));
#6084=DIRECTION('',(0.,-0.438371146789078,-0.898794046299167));
#6085=DIRECTION('',(1.11249235784478E-16,-0.694658370458997,0.719339800338651));
#6086=DIRECTION('',(0.,-0.719339800338651,-0.694658370458998));
#6087=DIRECTION('',(-2.09229381989422E-16,-0.719339800338651,-0.694658370458998));
#6088=DIRECTION('',(1.,-7.32268090203961E-17,-2.2536894460195E-16));
#6089=DIRECTION('',(1.,0.,0.));
#6090=DIRECTION('',(0.,0.,-1.));
#6091=DIRECTION('',(-1.,7.32268090203961E-17,2.2536894460195E-16));
#6092=DIRECTION('',(-2.2536894460195E-16,-0.587785252292473,-0.809016994374947));
#6093=DIRECTION('',(1.,-1.18483465882698E-16,-8.60832768292526E-17));
#6094=DIRECTION('',(-1.,1.18483465882698E-16,8.60832768292526E-17));
#6095=DIRECTION('',(-8.60832768292526E-17,-0.951056516295154,0.309016994374948));
#6096=DIRECTION('',(1.,-1.18483465882698E-16,-8.60832768292526E-17));
#6097=DIRECTION('',(-1.,1.18483465882698E-16,8.60832768292526E-17));
#6098=DIRECTION('',(-8.60832768292526E-17,-0.951056516295154,0.309016994374948));
#6099=DIRECTION('',(1.,-1.18483465882698E-16,-8.60832768292526E-17));
#6100=DIRECTION('',(1.,-7.32268090203961E-17,-2.2536894460195E-16));
#6101=DIRECTION('',(-1.,7.32268090203961E-17,2.2536894460195E-16));
#6102=DIRECTION('',(-2.2536894460195E-16,-0.587785252292473,-0.809016994374947));
#6103=DIRECTION('',(1.,-7.32268090203961E-17,-2.2536894460195E-16));
#6104=DIRECTION('',(1.,0.,0.));
#6105=DIRECTION('',(0.,0.,-1.));
#6106=DIRECTION('',(1.,0.,0.));
#6107=DIRECTION('',(-1.,7.32268090203961E-17,2.2536894460195E-16));
#6108=DIRECTION('',(2.2536894460195E-16,0.,1.));
#6109=DIRECTION('',(-1.,7.32268090203961E-17,2.2536894460195E-16));
#6110=DIRECTION('',(2.2536894460195E-16,0.,1.));
#6111=DIRECTION('',(1.,-7.32268090203961E-17,-2.2536894460195E-16));
#6112=DIRECTION('',(-2.2536894460195E-16,0.,-1.));
#6113=DIRECTION('',(-1.,7.32268090203961E-17,2.2536894460195E-16));
#6114=DIRECTION('',(2.2536894460195E-16,0.,1.));
#6115=DIRECTION('',(1.01735231656041E-16,0.139173100960066,0.99026806874157));
#6116=DIRECTION('',(0.,-0.99026806874157,0.139173100960066));
#6117=DIRECTION('',(-1.05349916360336E-16,-0.99026806874157,0.139173100960066));
#6118=DIRECTION('',(1.31631639954036E-16,0.469471562785891,0.882947592858927));
#6119=DIRECTION('',(0.,-0.882947592858927,0.469471562785891));
#6120=DIRECTION('',(-6.42010404919517E-17,-0.882947592858927,0.469471562785891));
#6121=DIRECTION('',(1.,-1.18483465882698E-16,-8.60832768292526E-17));
#6122=DIRECTION('',(1.,0.,0.));
#6123=DIRECTION('',(0.,0.,-1.));
#6124=DIRECTION('',(-1.,1.18483465882698E-16,8.60832768292526E-17));
#6125=DIRECTION('',(-8.60832768292526E-17,-0.951056516295154,0.309016994374948));
#6126=DIRECTION('',(1.,0.,0.));
#6127=DIRECTION('',(-1.,0.,0.));
#6128=DIRECTION('',(0.,0.,1.));
#6129=DIRECTION('',(1.,0.,0.));
#6130=DIRECTION('',(-1.,0.,0.));
#6131=DIRECTION('',(0.,0.,1.));
#6132=DIRECTION('',(1.,0.,0.));
#6133=DIRECTION('',(1.,-1.18483465882698E-16,-8.60832768292526E-17));
#6134=DIRECTION('',(-1.,1.18483465882698E-16,8.60832768292526E-17));
#6135=DIRECTION('',(-8.60832768292526E-17,-0.951056516295154,0.309016994374948));
#6136=DIRECTION('',(1.,-1.18483465882698E-16,-8.60832768292526E-17));
#6137=DIRECTION('',(1.,-1.18483465882698E-16,-8.60832768292526E-17));
#6138=DIRECTION('',(1.18483465882698E-16,1.,0.));
#6139=DIRECTION('',(-1.,1.18483465882698E-16,8.60832768292526E-17));
#6140=DIRECTION('',(-1.18483465882698E-16,-1.,0.));
#6141=DIRECTION('',(1.,-1.18483465882698E-16,-8.60832768292526E-17));
#6142=DIRECTION('',(1.18483465882698E-16,1.,0.));
#6143=DIRECTION('',(-1.,1.18483465882698E-16,8.60832768292526E-17));
#6144=DIRECTION('',(-1.18483465882698E-16,-1.,0.));
#6145=DIRECTION('',(0.,0.984807753012208,0.17364817766693));
#6146=DIRECTION('',(0.,-0.17364817766693,0.984807753012208));
#6147=DIRECTION('',(0.,-0.17364817766693,0.984807753012208));
#6148=DIRECTION('',(0.,0.984807753012208,-0.17364817766693));
#6149=DIRECTION('',(0.,0.17364817766693,0.984807753012208));
#6150=DIRECTION('',(0.,0.17364817766693,0.984807753012208));
#6151=DIRECTION('',(1.,0.,0.));
#6152=DIRECTION('',(0.,0.,-1.));
#6153=DIRECTION('',(-1.,0.,0.));
#6154=DIRECTION('',(0.,0.,1.));
#6155=DIRECTION('',(1.,0.,0.));
#6156=DIRECTION('',(0.,0.,-1.));
#6157=DIRECTION('',(-1.,0.,0.));
#6158=DIRECTION('',(0.,0.,1.));
#6159=DIRECTION('',(0.,0.984807753012208,0.17364817766693));
#6160=DIRECTION('',(0.,-0.17364817766693,0.984807753012208));
#6161=DIRECTION('',(0.,-0.17364817766693,0.984807753012208));
#6162=DIRECTION('',(0.,0.984807753012208,-0.17364817766693));
#6163=DIRECTION('',(0.,0.17364817766693,0.984807753012208));
#6164=DIRECTION('',(0.,0.17364817766693,0.984807753012208));
#6165=DIRECTION('',(1.,0.,0.));
#6166=DIRECTION('',(0.,0.,-1.));
#6167=DIRECTION('',(-1.,0.,0.));
#6168=DIRECTION('',(0.,0.,1.));
#6169=DIRECTION('',(1.,0.,0.));
#6170=DIRECTION('',(0.,0.,-1.));
#6171=DIRECTION('',(-1.,0.,0.));
#6172=DIRECTION('',(0.,0.,1.));
#6173=DIRECTION('',(-1.,0.,0.));
#6174=DIRECTION('',(0.,-1.,0.));
#6175=DIRECTION('',(0.,-0.342020143325669,0.939692620785908));
#6176=DIRECTION('',(-1.,0.,0.));
#6177=DIRECTION('',(0.,-1.,0.));
#6178=DIRECTION('',(0.,-0.342020143325669,0.939692620785908));
#6179=DIRECTION('',(0.,0.939692620785908,0.342020143325669));
#6180=DIRECTION('',(0.,-0.342020143325669,0.939692620785908));
#6181=DIRECTION('',(0.,0.939692620785908,-0.342020143325669));
#6182=DIRECTION('',(0.,0.342020143325669,0.939692620785908));
#6183=DIRECTION('',(0.,0.342020143325669,0.939692620785908));
#6184=DIRECTION('',(0.,0.342020143325669,0.939692620785908));
#6185=DIRECTION('',(-1.,0.,0.));
#6186=DIRECTION('',(0.,-1.,0.));
#6187=DIRECTION('',(-1.,0.,0.));
#6188=DIRECTION('',(0.,-1.,0.));
#6189=DIRECTION('',(1.01735231656041E-16,0.139173100960066,0.99026806874157));
#6190=DIRECTION('',(0.,-0.99026806874157,0.139173100960066));
#6191=DIRECTION('',(-1.05349916360336E-16,-0.99026806874157,0.139173100960066));
#6192=DIRECTION('',(1.31631639954036E-16,0.469471562785891,0.882947592858927));
#6193=DIRECTION('',(0.,-0.882947592858927,0.469471562785891));
#6194=DIRECTION('',(-6.42010404919517E-17,-0.882947592858927,0.469471562785891));
#6195=DIRECTION('',(1.,-1.18483465882698E-16,-8.60832768292526E-17));
#6196=DIRECTION('',(1.18483465882698E-16,1.,0.));
#6197=DIRECTION('',(-1.,1.18483465882698E-16,8.60832768292526E-17));
#6198=DIRECTION('',(-1.18483465882698E-16,-1.,0.));
#6199=DIRECTION('',(1.,-1.18483465882698E-16,-8.60832768292526E-17));
#6200=DIRECTION('',(1.18483465882698E-16,1.,0.));
#6201=DIRECTION('',(-1.,1.18483465882698E-16,8.60832768292526E-17));
#6202=DIRECTION('',(-1.18483465882698E-16,-1.,0.));
#6203=DIRECTION('',(-1.,1.18483465882698E-16,8.60832768292526E-17));
#6204=DIRECTION('',(-1.18483465882698E-16,-0.309016994374948,-0.951056516295154));
#6205=DIRECTION('',(-1.21415551992442E-16,-0.999390827019096,-0.0348994967025016));
#6206=DIRECTION('',(-1.,1.18483465882698E-16,8.60832768292526E-17));
#6207=DIRECTION('',(-1.18483465882698E-16,-0.309016994374948,-0.951056516295154));
#6208=DIRECTION('',(-1.21415551992442E-16,-0.999390827019096,-0.0348994967025016));
#6209=DIRECTION('',(8.18958238960263E-17,-0.0348994967025016,0.999390827019096));
#6210=DIRECTION('',(0.,-0.999390827019096,-0.0348994967025016));
#6211=DIRECTION('',(1.40780253254195E-16,0.615661475325659,0.788010753606722));
#6212=DIRECTION('',(0.,-0.788010753606722,0.615661475325659));
#6213=DIRECTION('',(-4.03680880265967E-17,-0.788010753606722,0.615661475325659));
#6214=DIRECTION('',(-4.03680880265967E-17,-0.788010753606722,0.615661475325659));
#6215=DIRECTION('',(-1.,1.18483465882698E-16,8.60832768292526E-17));
#6216=DIRECTION('',(-1.18483465882698E-16,-0.309016994374948,-0.951056516295154));
#6217=DIRECTION('',(-1.,1.18483465882698E-16,8.60832768292526E-17));
#6218=DIRECTION('',(-1.18483465882698E-16,-0.309016994374948,-0.951056516295154));
#6219=DIRECTION('',(3.29794227187826E-17,-0.898794046299167,0.438371146789078));
#6220=DIRECTION('',(0.,-0.438371146789078,-0.898794046299167));
#6221=DIRECTION('',(1.11249235784478E-16,-0.694658370458997,0.719339800338651));
#6222=DIRECTION('',(0.,-0.719339800338651,-0.694658370458998));
#6223=DIRECTION('',(-2.09229381989422E-16,-0.719339800338651,-0.694658370458998));
#6224=DIRECTION('',(1.,-7.32268090203961E-17,-2.2536894460195E-16));
#6225=DIRECTION('',(-2.2536894460195E-16,0.,-1.));
#6226=DIRECTION('',(-1.,7.32268090203961E-17,2.2536894460195E-16));
#6227=DIRECTION('',(2.2536894460195E-16,0.,1.));
#6228=DIRECTION('',(-1.,7.32268090203961E-17,2.2536894460195E-16));
#6229=DIRECTION('',(-7.32268090203961E-17,0.809016994374947,-0.587785252292473));
#6230=DIRECTION('',(7.32268090203961E-17,1.,0.));
#6231=DIRECTION('',(-2.36822577913198E-16,-0.275637355816998,-0.961261695938319));
#6232=DIRECTION('',(-1.,7.32268090203961E-17,2.2536894460195E-16));
#6233=DIRECTION('',(-7.32268090203961E-17,0.809016994374947,-0.587785252292473));
#6234=DIRECTION('',(-2.36822577913198E-16,-0.275637355816998,-0.961261695938319));
#6235=DIRECTION('',(7.32268090203961E-17,1.,0.));
#6236=DIRECTION('',(-8.2700266537484E-18,-0.961261695938319,0.275637355816998));
#6237=DIRECTION('',(0.,-0.275637355816998,-0.961261695938319));
#6238=DIRECTION('',(-1.,8.60330406245487E-18,0.));
#6239=DIRECTION('',(1.45891410814079E-16,-0.559192903470746,0.829037572555042));
#6240=DIRECTION('',(0.,-0.829037572555042,-0.559192903470747));
#6241=DIRECTION('',(-1.86732490480323E-16,-0.829037572555042,-0.559192903470747));
#6242=DIRECTION('',(-1.86732490480323E-16,-0.829037572555042,-0.559192903470747));
#6243=DIRECTION('',(-1.,7.32268090203961E-17,2.2536894460195E-16));
#6244=DIRECTION('',(-7.32268090203961E-17,0.809016994374947,-0.587785252292473));
#6245=DIRECTION('',(-1.,7.32268090203961E-17,2.2536894460195E-16));
#6246=DIRECTION('',(-7.32268090203961E-17,0.809016994374947,-0.587785252292473));
#6247=DIRECTION('',(-1.11249235784478E-16,-0.694658370458998,-0.719339800338651));
#6248=DIRECTION('',(0.,0.719339800338651,-0.694658370458998));
#6249=DIRECTION('',(-2.09229381989422E-16,0.719339800338651,-0.694658370458998));
#6250=DIRECTION('',(-3.29794227187825E-17,-0.898794046299167,-0.438371146789078));
#6251=DIRECTION('',(0.,0.438371146789078,-0.898794046299167));
#6252=DIRECTION('',(-2.34660785874935E-16,0.438371146789078,-0.898794046299167));
#6253=DIRECTION('',(1.,7.32268090203961E-17,-2.2536894460195E-16));
#6254=DIRECTION('',(-2.2536894460195E-16,0.,-1.));
#6255=DIRECTION('',(1.,-7.32268090203961E-17,2.2536894460195E-16));
#6256=DIRECTION('',(2.2536894460195E-16,0.,-1.));
#6257=DIRECTION('',(1.,7.32268090203961E-17,-2.2536894460195E-16));
#6258=DIRECTION('',(-2.2536894460195E-16,0.,-1.));
#6259=DIRECTION('',(-1.,-7.32268090203961E-17,2.2536894460195E-16));
#6260=DIRECTION('',(2.2536894460195E-16,0.,1.));
#6261=DIRECTION('',(-1.,-7.32268090203961E-17,2.2536894460195E-16));
#6262=DIRECTION('',(7.32268090203961E-17,0.809016994374948,0.587785252292473));
#6263=DIRECTION('',(-1.86732490480323E-16,0.829037572555042,-0.559192903470747));
#6264=DIRECTION('',(-1.,-7.32268090203961E-17,2.2536894460195E-16));
#6265=DIRECTION('',(7.32268090203961E-17,0.809016994374948,0.587785252292473));
#6266=DIRECTION('',(-1.86732490480323E-16,0.829037572555042,-0.559192903470747));
#6267=DIRECTION('',(-1.45891410814079E-16,-0.559192903470747,-0.829037572555042));
#6268=DIRECTION('',(0.,0.829037572555042,-0.559192903470747));
#6269=DIRECTION('',(8.27002665374837E-18,-0.961261695938319,-0.275637355816998));
#6270=DIRECTION('',(0.,0.275637355816998,-0.961261695938319));
#6271=DIRECTION('',(-1.,-8.60330406245484E-18,0.));
#6272=DIRECTION('',(-1.,-7.32268090203961E-17,2.2536894460195E-16));
#6273=DIRECTION('',(7.32268090203961E-17,0.809016994374948,0.587785252292473));
#6274=DIRECTION('',(-1.,-7.32268090203961E-17,2.2536894460195E-16));
#6275=DIRECTION('',(7.32268090203961E-17,0.809016994374948,0.587785252292473));
#6276=DIRECTION('',(-1.31631639954036E-16,0.46947156278589,-0.882947592858927));
#6277=DIRECTION('',(0.,0.882947592858928,0.46947156278589));
#6278=DIRECTION('',(-6.42010404919517E-17,0.882947592858927,0.46947156278589));
#6279=DIRECTION('',(-1.01735231656041E-16,0.139173100960065,-0.99026806874157));
#6280=DIRECTION('',(0.,0.99026806874157,0.139173100960065));
#6281=DIRECTION('',(-1.05349916360337E-16,0.99026806874157,0.139173100960065));
#6282=DIRECTION('',(1.,1.18483465882698E-16,-8.60832768292526E-17));
#6283=DIRECTION('',(-1.18483465882698E-16,1.,0.));
#6284=DIRECTION('',(-1.,-1.18483465882698E-16,8.60832768292526E-17));
#6285=DIRECTION('',(1.18483465882698E-16,-1.,0.));
#6286=DIRECTION('',(1.,1.18483465882698E-16,-8.60832768292526E-17));
#6287=DIRECTION('',(-1.18483465882698E-16,1.,0.));
#6288=DIRECTION('',(-1.,-1.18483465882698E-16,8.60832768292526E-17));
#6289=DIRECTION('',(1.18483465882698E-16,-1.,0.));
#6290=DIRECTION('',(-1.,-1.18483465882698E-16,8.60832768292526E-17));
#6291=DIRECTION('',(1.18483465882698E-16,-0.309016994374948,0.951056516295154));
#6292=DIRECTION('',(-4.03680880265967E-17,0.788010753606722,0.615661475325659));
#6293=DIRECTION('',(-1.,-1.18483465882698E-16,8.60832768292526E-17));
#6294=DIRECTION('',(1.18483465882698E-16,-0.309016994374948,0.951056516295154));
#6295=DIRECTION('',(-4.03680880265967E-17,0.788010753606722,0.615661475325659));
#6296=DIRECTION('',(-1.40780253254195E-16,0.615661475325659,-0.788010753606722));
#6297=DIRECTION('',(0.,0.788010753606722,0.615661475325659));
#6298=DIRECTION('',(-8.18958238960263E-17,-0.0348994967025015,-0.999390827019096));
#6299=DIRECTION('',(0.,0.999390827019096,-0.0348994967025015));
#6300=DIRECTION('',(-1.21415551992442E-16,0.999390827019096,-0.0348994967025015));
#6301=DIRECTION('',(-1.21415551992442E-16,0.999390827019096,-0.0348994967025015));
#6302=DIRECTION('',(-1.,-1.18483465882698E-16,8.60832768292526E-17));
#6303=DIRECTION('',(1.18483465882698E-16,-0.309016994374948,0.951056516295154));
#6304=DIRECTION('',(-1.,-1.18483465882698E-16,8.60832768292526E-17));
#6305=DIRECTION('',(1.18483465882698E-16,-0.309016994374948,0.951056516295154));
#6306=DIRECTION('',(-1.,0.,0.));
#6307=DIRECTION('',(0.,-1.,0.));
#6308=DIRECTION('',(0.,0.,1.));
#6309=DIRECTION('',(1.,0.,0.));
#6310=DIRECTION('',(0.,0.,1.));
#6311=DIRECTION('',(1.,0.,0.));
#6312=DIRECTION('',(0.,0.,-1.));
#6313=DIRECTION('',(-1.,0.,0.));
#6314=DIRECTION('',(0.,-1.,0.));
#6315=DIRECTION('',(0.,-1.,0.));
#6316=DIRECTION('',(1.,0.,0.));
#6317=DIRECTION('',(0.,0.,-1.));
#6318=DIRECTION('',(1.,0.,0.));
#6319=DIRECTION('',(-1.,0.,0.));
#6320=DIRECTION('',(0.,0.,1.));
#6321=DIRECTION('',(1.,0.,0.));
#6322=DIRECTION('',(-1.,0.,0.));
#6323=DIRECTION('',(0.,0.,1.));
#6324=DIRECTION('',(1.,0.,0.));
#6325=DIRECTION('',(0.,0.,-1.));
#6326=DIRECTION('',(1.,0.,0.));
#6327=DIRECTION('',(-1.,0.,0.));
#6328=DIRECTION('',(0.,0.,1.));
#6329=DIRECTION('',(1.,0.,0.));
#6330=DIRECTION('',(-1.,0.,0.));
#6331=DIRECTION('',(0.,0.,1.));
#6332=DIRECTION('',(1.,0.,0.));
#6333=DIRECTION('',(0.,0.,-1.));
#6334=DIRECTION('',(1.,0.,0.));
#6335=DIRECTION('',(-1.,0.,0.));
#6336=DIRECTION('',(0.,0.,1.));
#6337=DIRECTION('',(1.,0.,0.));
#6338=DIRECTION('',(-1.,0.,0.));
#6339=DIRECTION('',(0.,0.,1.));
#6340=DIRECTION('',(1.,0.,0.));
#6341=DIRECTION('',(0.,0.,-1.));
#6342=DIRECTION('',(-1.,0.,0.));
#6343=DIRECTION('',(0.,0.,1.));
#6344=DIRECTION('',(1.,0.,0.));
#6345=DIRECTION('',(-1.,0.,0.));
#6346=DIRECTION('',(0.,0.,1.));
#6347=DIRECTION('',(1.,0.,0.));
#6348=DIRECTION('',(-1.,0.,0.));
#6349=DIRECTION('',(0.,-1.,0.));
#6350=DIRECTION('',(0.,0.829037572555042,0.559192903470747));
#6351=DIRECTION('',(0.,-0.999390827019096,-0.0348994967025016));
#6352=DIRECTION('',(0.,0.788010753606722,-0.615661475325659));
#6353=DIRECTION('',(0.,-0.342020143325669,0.939692620785908));
#6354=DIRECTION('',(0.,-0.342020143325669,-0.939692620785908));
#6355=DIRECTION('',(0.,0.788010753606722,0.615661475325659));
#6356=DIRECTION('',(0.,-0.999390827019096,0.0348994967025015));
#6357=DIRECTION('',(0.,0.829037572555042,-0.559192903470747));
#6358=DIRECTION('',(-1.40780253254195E-16,0.615661475325659,-0.788010753606722));
#6359=DIRECTION('',(0.,0.788010753606722,0.615661475325659));
#6360=DIRECTION('',(0.,-0.788010753606722,-0.615661475325659));
#6361=DIRECTION('',(0.,0.939692620785908,-0.342020143325669));
#6362=DIRECTION('',(0.,0.342020143325669,0.939692620785908));
#6363=DIRECTION('',(0.,0.342020143325669,0.939692620785908));
#6364=DIRECTION('',(-1.,0.,0.));
#6365=DIRECTION('',(0.,-1.,0.));
#6366=DIRECTION('',(-8.18958238960263E-17,-0.0348994967025015,-0.999390827019096));
#6367=DIRECTION('',(0.,0.999390827019096,-0.0348994967025015));
#6368=DIRECTION('',(0.,0.999390827019096,-0.0348994967025015));
#6369=DIRECTION('',(-1.,0.,0.));
#6370=DIRECTION('',(0.,-1.,0.));
#6371=DIRECTION('',(0.,-0.829037572555042,0.559192903470747));
#6372=DIRECTION('',(-1.45891410814079E-16,-0.559192903470747,-0.829037572555042));
#6373=DIRECTION('',(0.,0.829037572555042,-0.559192903470747));
#6374=DIRECTION('',(1.45891410814079E-16,-0.559192903470746,0.829037572555042));
#6375=DIRECTION('',(0.,-0.829037572555042,-0.559192903470747));
#6376=DIRECTION('',(0.,-0.829037572555042,-0.559192903470747));
#6377=DIRECTION('',(-1.,0.,0.));
#6378=DIRECTION('',(0.,-1.,0.));
#6379=DIRECTION('',(0.,0.999390827019096,0.0348994967025016));
#6380=DIRECTION('',(8.18958238960263E-17,-0.0348994967025016,0.999390827019096));
#6381=DIRECTION('',(0.,-0.999390827019096,-0.0348994967025016));
#6382=DIRECTION('',(1.40780253254195E-16,0.615661475325659,0.788010753606722));
#6383=DIRECTION('',(0.,-0.788010753606722,0.615661475325659));
#6384=DIRECTION('',(0.,-0.788010753606722,0.615661475325659));
#6385=DIRECTION('',(-1.,0.,0.));
#6386=DIRECTION('',(0.,-1.,0.));
#6387=DIRECTION('',(0.,0.342020143325669,-0.939692620785908));
#6388=DIRECTION('',(0.,0.939692620785908,0.342020143325669));
#6389=DIRECTION('',(0.,-0.342020143325669,0.939692620785908));
#6390=DIRECTION('',(-1.,0.,1.24580888572481E-16));
#6391=DIRECTION('',(1.24580888572481E-16,0.,1.));
#6392=DIRECTION('',(7.51314688996909E-18,0.342020143325668,-0.939692620785908));
#6393=DIRECTION('',(4.2609173365199E-17,0.939692620785908,0.342020143325668));
#6394=DIRECTION('',(-1.,4.2609173365199E-17,7.51314688996909E-18));
#6395=DIRECTION('',(-1.,0.,0.));
#6396=DIRECTION('',(0.,0.,1.));
#6397=DIRECTION('',(1.,0.,0.));
#6398=DIRECTION('',(0.,0.,-1.));
#6399=DIRECTION('',(1.,0.,0.));
#6400=DIRECTION('',(0.,1.,0.));
#6401=DIRECTION('',(-1.,0.,0.));
#6402=DIRECTION('',(0.,-1.,0.));
#6403=DIRECTION('',(0.,0.,1.));
#6404=DIRECTION('',(1.,1.7347234759768E-16,0.));
#6405=DIRECTION('',(-1.7347234759768E-16,1.,0.));
#6406=DIRECTION('',(-1.,0.,0.));
#6407=DIRECTION('',(0.,-1.,0.));
#6408=DIRECTION('',(0.,-0.984807753012208,0.17364817766693));
#6409=DIRECTION('',(0.,-0.17364817766693,-0.984807753012208));
#6410=DIRECTION('',(0.,0.17364817766693,0.984807753012208));
#6411=DIRECTION('',(0.,-0.984807753012208,-0.17364817766693));
#6412=DIRECTION('',(0.,0.17364817766693,-0.984807753012208));
#6413=DIRECTION('',(0.,-0.17364817766693,0.984807753012208));
#6414=DIRECTION('',(-1.,0.,0.));
#6415=DIRECTION('',(0.,0.,1.));
#6416=DIRECTION('',(1.,0.,0.));
#6417=DIRECTION('',(0.,0.,-1.));
#6418=DIRECTION('',(-1.,0.,0.));
#6419=DIRECTION('',(0.,0.,1.));
#6420=DIRECTION('',(1.,0.,0.));
#6421=DIRECTION('',(0.,0.,-1.));
#6422=DIRECTION('',(0.,-0.939692620785908,-0.342020143325669));
#6423=DIRECTION('',(0.,0.342020143325669,-0.939692620785908));
#6424=DIRECTION('',(0.,-0.342020143325669,0.939692620785908));
#6425=DIRECTION('',(0.,-0.342020143325669,0.939692620785908));
#6426=DIRECTION('',(1.,0.,0.));
#6427=DIRECTION('',(0.,-1.,0.));
#6428=DIRECTION('',(1.,0.,0.));
#6429=DIRECTION('',(0.,-1.,0.));
#6430=DIRECTION('',(1.,0.,0.));
#6431=DIRECTION('',(0.,-1.,0.));
#6432=DIRECTION('',(0.,0.342020143325669,0.939692620785908));
#6433=DIRECTION('',(1.,0.,0.));
#6434=DIRECTION('',(0.,-1.,0.));
#6435=DIRECTION('',(0.,0.342020143325669,0.939692620785908));
#6436=DIRECTION('',(0.,-0.939692620785908,0.342020143325669));
#6437=DIRECTION('',(0.,-0.342020143325669,-0.939692620785908));
#6438=DIRECTION('',(1.01735231656041E-16,-0.139173100960066,-0.99026806874157));
#6439=DIRECTION('',(0.,0.99026806874157,-0.139173100960066));
#6440=DIRECTION('',(1.05349916360336E-16,-0.99026806874157,0.139173100960066));
#6441=DIRECTION('',(1.31631639954036E-16,-0.469471562785891,-0.882947592858927));
#6442=DIRECTION('',(0.,0.882947592858927,-0.469471562785891));
#6443=DIRECTION('',(6.42010404919517E-17,-0.882947592858927,0.469471562785891));
#6444=DIRECTION('',(-1.,-1.18483465882698E-16,-8.60832768292526E-17));
#6445=DIRECTION('',(1.18483465882698E-16,-1.,0.));
#6446=DIRECTION('',(1.,1.18483465882698E-16,8.60832768292526E-17));
#6447=DIRECTION('',(-1.18483465882698E-16,1.,0.));
#6448=DIRECTION('',(-1.,-1.18483465882698E-16,-8.60832768292526E-17));
#6449=DIRECTION('',(1.18483465882698E-16,-1.,0.));
#6450=DIRECTION('',(1.,1.18483465882698E-16,8.60832768292526E-17));
#6451=DIRECTION('',(-1.18483465882698E-16,1.,0.));
#6452=DIRECTION('',(8.18958238960263E-17,0.0348994967025016,-0.999390827019096));
#6453=DIRECTION('',(0.,0.999390827019096,0.0348994967025016));
#6454=DIRECTION('',(1.21415551992442E-16,-0.999390827019096,-0.0348994967025016));
#6455=DIRECTION('',(1.21415551992442E-16,-0.999390827019096,-0.0348994967025016));
#6456=DIRECTION('',(1.,1.18483465882698E-16,8.60832768292526E-17));
#6457=DIRECTION('',(1.18483465882698E-16,-0.309016994374948,-0.951056516295154));
#6458=DIRECTION('',(1.,1.18483465882698E-16,8.60832768292526E-17));
#6459=DIRECTION('',(1.18483465882698E-16,-0.309016994374948,-0.951056516295154));
#6460=DIRECTION('',(1.,1.18483465882698E-16,8.60832768292526E-17));
#6461=DIRECTION('',(1.18483465882698E-16,-0.309016994374948,-0.951056516295154));
#6462=DIRECTION('',(4.03680880265967E-17,-0.788010753606722,0.615661475325659));
#6463=DIRECTION('',(1.,1.18483465882698E-16,8.60832768292526E-17));
#6464=DIRECTION('',(1.18483465882698E-16,-0.309016994374948,-0.951056516295154));
#6465=DIRECTION('',(4.03680880265967E-17,-0.788010753606722,0.615661475325659));
#6466=DIRECTION('',(1.40780253254195E-16,-0.615661475325659,-0.788010753606722));
#6467=DIRECTION('',(0.,0.788010753606722,-0.615661475325659));
#6468=DIRECTION('',(3.29794227187826E-17,0.898794046299167,-0.438371146789078));
#6469=DIRECTION('',(0.,0.438371146789078,0.898794046299167));
#6470=DIRECTION('',(2.34660785874935E-16,-0.438371146789078,-0.898794046299167));
#6471=DIRECTION('',(1.11249235784478E-16,0.694658370458997,-0.719339800338651));
#6472=DIRECTION('',(0.,0.719339800338651,0.694658370458998));
#6473=DIRECTION('',(2.09229381989422E-16,-0.719339800338651,-0.694658370458998));
#6474=DIRECTION('',(-1.,-7.32268090203961E-17,-2.2536894460195E-16));
#6475=DIRECTION('',(-2.2536894460195E-16,0.,1.));
#6476=DIRECTION('',(1.,7.32268090203961E-17,2.2536894460195E-16));
#6477=DIRECTION('',(2.2536894460195E-16,0.,-1.));
#6478=DIRECTION('',(1.,7.32268090203961E-17,2.2536894460195E-16));
#6479=DIRECTION('',(7.32268090203961E-17,0.809016994374947,-0.587785252292473));
#6480=DIRECTION('',(1.86732490480323E-16,-0.829037572555042,-0.559192903470747));
#6481=DIRECTION('',(1.,7.32268090203961E-17,2.2536894460195E-16));
#6482=DIRECTION('',(7.32268090203961E-17,0.809016994374947,-0.587785252292473));
#6483=DIRECTION('',(1.86732490480323E-16,-0.829037572555042,-0.559192903470747));
#6484=DIRECTION('',(1.45891410814079E-16,0.559192903470746,-0.829037572555042));
#6485=DIRECTION('',(0.,0.829037572555042,0.559192903470747));
#6486=DIRECTION('',(1.,7.32268090203961E-17,2.2536894460195E-16));
#6487=DIRECTION('',(7.32268090203961E-17,0.809016994374947,-0.587785252292473));
#6488=DIRECTION('',(2.36822577913198E-16,-0.275637355816998,-0.961261695938319));
#6489=DIRECTION('',(1.,7.32268090203961E-17,2.2536894460195E-16));
#6490=DIRECTION('',(7.32268090203961E-17,0.809016994374947,-0.587785252292473));
#6491=DIRECTION('',(2.36822577913198E-16,-0.275637355816998,-0.961261695938319));
#6492=DIRECTION('',(-8.2700266537484E-18,0.961261695938319,-0.275637355816998));
#6493=DIRECTION('',(0.,0.275637355816998,0.961261695938319));
#6494=DIRECTION('',(-1.11249235784478E-16,0.694658370458998,0.719339800338651));
#6495=DIRECTION('',(0.,-0.719339800338651,0.694658370458998));
#6496=DIRECTION('',(2.09229381989422E-16,0.719339800338651,-0.694658370458998));
#6497=DIRECTION('',(-3.29794227187825E-17,0.898794046299167,0.438371146789078));
#6498=DIRECTION('',(0.,-0.438371146789078,0.898794046299167));
#6499=DIRECTION('',(2.34660785874935E-16,0.438371146789078,-0.898794046299167));
#6500=DIRECTION('',(-1.,7.32268090203961E-17,-2.2536894460195E-16));
#6501=DIRECTION('',(-2.2536894460195E-16,0.,1.));
#6502=DIRECTION('',(1.,-7.32268090203961E-17,2.2536894460195E-16));
#6503=DIRECTION('',(2.2536894460195E-16,0.,-1.));
#6504=DIRECTION('',(-1.45891410814079E-16,0.559192903470747,0.829037572555042));
#6505=DIRECTION('',(0.,-0.829037572555042,0.559192903470747));
#6506=DIRECTION('',(1.86732490480323E-16,0.829037572555042,-0.559192903470747));
#6507=DIRECTION('',(1.86732490480323E-16,0.829037572555042,-0.559192903470747));
#6508=DIRECTION('',(1.,-7.32268090203961E-17,2.2536894460195E-16));
#6509=DIRECTION('',(-7.32268090203961E-17,0.809016994374948,0.587785252292473));
#6510=DIRECTION('',(1.,-7.32268090203961E-17,2.2536894460195E-16));
#6511=DIRECTION('',(-7.32268090203961E-17,0.809016994374948,0.587785252292473));
#6512=DIRECTION('',(8.27002665374837E-18,0.961261695938319,0.275637355816998));
#6513=DIRECTION('',(0.,-0.275637355816998,0.961261695938319));
#6514=DIRECTION('',(2.36822577913198E-16,0.275637355816998,-0.961261695938319));
#6515=DIRECTION('',(2.36822577913198E-16,0.275637355816998,-0.961261695938319));
#6516=DIRECTION('',(1.,-7.32268090203961E-17,2.2536894460195E-16));
#6517=DIRECTION('',(-7.32268090203961E-17,0.809016994374948,0.587785252292473));
#6518=DIRECTION('',(1.,-7.32268090203961E-17,2.2536894460195E-16));
#6519=DIRECTION('',(-7.32268090203961E-17,0.809016994374948,0.587785252292473));
#6520=DIRECTION('',(-1.31631639954036E-16,-0.46947156278589,0.882947592858927));
#6521=DIRECTION('',(0.,-0.882947592858928,-0.46947156278589));
#6522=DIRECTION('',(6.42010404919517E-17,0.882947592858927,0.46947156278589));
#6523=DIRECTION('',(-1.01735231656041E-16,-0.139173100960065,0.99026806874157));
#6524=DIRECTION('',(0.,-0.99026806874157,-0.139173100960065));
#6525=DIRECTION('',(1.05349916360337E-16,0.99026806874157,0.139173100960065));
#6526=DIRECTION('',(-1.,1.18483465882698E-16,-8.60832768292526E-17));
#6527=DIRECTION('',(-1.18483465882698E-16,-1.,0.));
#6528=DIRECTION('',(1.,-1.18483465882698E-16,8.60832768292526E-17));
#6529=DIRECTION('',(1.18483465882698E-16,1.,0.));
#6530=DIRECTION('',(-1.,1.18483465882698E-16,-8.60832768292526E-17));
#6531=DIRECTION('',(-1.18483465882698E-16,-1.,0.));
#6532=DIRECTION('',(1.,-1.18483465882698E-16,8.60832768292526E-17));
#6533=DIRECTION('',(1.18483465882698E-16,1.,0.));
#6534=DIRECTION('',(-1.40780253254195E-16,-0.615661475325659,0.788010753606722));
#6535=DIRECTION('',(0.,-0.788010753606722,-0.615661475325659));
#6536=DIRECTION('',(4.03680880265967E-17,0.788010753606722,0.615661475325659));
#6537=DIRECTION('',(4.03680880265967E-17,0.788010753606722,0.615661475325659));
#6538=DIRECTION('',(1.,-1.18483465882698E-16,8.60832768292526E-17));
#6539=DIRECTION('',(-1.18483465882698E-16,-0.309016994374948,0.951056516295154));
#6540=DIRECTION('',(1.,-1.18483465882698E-16,8.60832768292526E-17));
#6541=DIRECTION('',(-1.18483465882698E-16,-0.309016994374948,0.951056516295154));
#6542=DIRECTION('',(1.,-1.18483465882698E-16,8.60832768292526E-17));
#6543=DIRECTION('',(-1.18483465882698E-16,-0.309016994374948,0.951056516295154));
#6544=DIRECTION('',(1.21415551992442E-16,0.999390827019096,-0.0348994967025015));
#6545=DIRECTION('',(1.,-1.18483465882698E-16,8.60832768292526E-17));
#6546=DIRECTION('',(-1.18483465882698E-16,-0.309016994374948,0.951056516295154));
#6547=DIRECTION('',(1.21415551992442E-16,0.999390827019096,-0.0348994967025015));
#6548=DIRECTION('',(-8.18958238960263E-17,0.0348994967025015,0.999390827019096));
#6549=DIRECTION('',(0.,-0.999390827019096,0.0348994967025015));
#6550=DIRECTION('',(-1.,0.,0.));
#6551=DIRECTION('',(0.,-1.,0.));
#6552=DIRECTION('',(-1.,0.,0.));
#6553=DIRECTION('',(0.,0.,1.));
#6554=DIRECTION('',(0.,0.,1.));
#6555=DIRECTION('',(0.,-1.,0.));
#6556=DIRECTION('',(-1.,0.,0.));
#6557=DIRECTION('',(0.,-1.,0.));
#6558=DIRECTION('',(-1.,0.,0.));
#6559=DIRECTION('',(0.,0.,1.));
#6560=DIRECTION('',(1.,0.,0.));
#6561=DIRECTION('',(0.,0.,-1.));
#6562=DIRECTION('',(1.,0.,0.));
#6563=DIRECTION('',(1.,0.,0.));
#6564=DIRECTION('',(1.,1.7347234759768E-16,0.));
#6565=DIRECTION('',(-1.7347234759768E-16,1.,0.));
#6566=DIRECTION('',(1.,0.,0.));
#6567=DIRECTION('',(7.32268090203961E-17,1.,0.));
#6568=DIRECTION('',(-1.,7.32268090203961E-17,0.));
#6569=DIRECTION('',(1.,-7.32268090203961E-17,0.));
#6570=DIRECTION('',(0.,0.,-1.));
#6571=DIRECTION('',(0.,0.,1.));
#6572=DIRECTION('',(1.,0.,0.));
#6573=DIRECTION('',(0.,1.,0.));
#6574=DIRECTION('',(0.,0.,-1.));
#6575=DIRECTION('',(-1.,0.,0.));
#6576=DIRECTION('',(1.,0.,0.));
#6577=DIRECTION('',(0.,0.,-1.));
#6578=DIRECTION('',(0.,0.,1.));
#6579=DIRECTION('',(0.,-1.,0.));
#6580=DIRECTION('',(0.,0.,-1.));
#6581=DIRECTION('',(0.,-1.,0.));
#6582=DIRECTION('',(0.,0.,-1.));
#6583=DIRECTION('',(0.,0.,1.));
#6584=DIRECTION('',(0.,0.,1.));
#6585=DIRECTION('',(1.,1.7347234759768E-16,0.));
#6586=DIRECTION('',(-1.7347234759768E-16,1.,0.));
#6587=DIRECTION('',(0.,0.,1.));
#6588=DIRECTION('',(0.,-1.,0.));
#6589=DIRECTION('',(0.,0.,-1.));
#6590=DIRECTION('',(0.,0.,1.));
#6591=DIRECTION('',(1.,0.,0.));
#6592=DIRECTION('',(0.,0.,-1.));
#6593=DIRECTION('',(-8.2700266537484E-18,-0.961261695938319,0.275637355816998));
#6594=DIRECTION('',(0.,-0.275637355816998,-0.961261695938319));
#6595=DIRECTION('',(-1.,8.60330406245487E-18,0.));
#6596=DIRECTION('',(0.,-0.275637355816998,-0.961261695938319));
#6597=DIRECTION('',(1.,0.,0.));
#6598=DIRECTION('',(0.,0.275637355816998,0.961261695938319));
#6599=DIRECTION('',(0.,0.,1.));
#6600=DIRECTION('',(1.,0.,0.));
#6601=DIRECTION('',(0.,1.,0.));
#6602=DIRECTION('',(-1.,-8.60330406245484E-18,0.));
#6603=DIRECTION('',(0.,-1.,0.));
#6604=DIRECTION('',(-1.,0.,0.));
#6605=DIRECTION('',(0.,-1.,0.));
#6606=DIRECTION('',(-1.,0.,0.));
#6607=DIRECTION('',(0.,0.,1.));
#6608=DIRECTION('',(0.,0.275637355816998,-0.961261695938319));
#6609=DIRECTION('',(8.27002665374837E-18,-0.961261695938319,-0.275637355816998));
#6610=DIRECTION('',(0.,0.275637355816998,-0.961261695938319));
#6611=DIRECTION('',(1.,0.,0.));
#6612=DIRECTION('',(0.,0.275637355816998,-0.961261695938319));
#6613=DIRECTION('',(-1.,0.,0.));
#6614=DIRECTION('',(0.,-1.,0.));
#6615=DIRECTION('',(-1.,0.,0.));
#6616=DIRECTION('',(0.,0.,1.));
#6617=DIRECTION('',(1.,0.,0.));
#6618=DIRECTION('',(0.,0.,-1.));
#6619=CARTESIAN_POINT('',(0.,0.,0.));
#6620=CARTESIAN_POINT('',(-0.101160505581804,0.0723,0.0120550000000003));
#6621=CARTESIAN_POINT('',(-0.0095,0.0723,0.0120550000000003));
#6622=CARTESIAN_POINT('',(-0.0095,0.0589536831921949,-0.0217024558825996));
#6623=CARTESIAN_POINT('',(-0.0095,0.0578,-0.0212232211063026));
#6624=CARTESIAN_POINT('',(-0.0095,0.0589536831921949,-0.0217024558825996));
#6625=CARTESIAN_POINT('',(-0.035,0.0589536831921949,-0.0217024558825996));
#6626=CARTESIAN_POINT('',(-0.035,0.0723,0.0120550000000003));
#6627=CARTESIAN_POINT('',(-0.035,0.0856463168078051,-0.0217024558825996));
#6628=CARTESIAN_POINT('',(-0.101160505581804,0.0856463168078051,-0.0217024558825996));
#6629=CARTESIAN_POINT('',(-0.0195,0.0856463168078051,-0.0217024558825996));
#6630=CARTESIAN_POINT('',(-0.0195,0.0723,0.0120550000000003));
#6631=CARTESIAN_POINT('',(-0.0195,0.0889536831921949,-0.0201993770073764));
#6632=CARTESIAN_POINT('',(-0.101160505581804,0.0889536831921949,-0.0201993770073764));
#6633=CARTESIAN_POINT('',(-0.0095,0.0889536831921949,-0.0201993770073764));
#6634=CARTESIAN_POINT('',(-0.0095,0.0723,0.0120550000000003));
#6635=CARTESIAN_POINT('',(-0.0095,0.0868,-0.0212232211063025));
#6636=CARTESIAN_POINT('',(-0.101160505581804,0.0868,-0.0212232211063025));
#6637=CARTESIAN_POINT('',(0.0285,0.0868,-0.0212232211063025));
#6638=CARTESIAN_POINT('',(0.0285,0.0723,0.0120550000000003));
#6639=CARTESIAN_POINT('',(0.0285,0.103466737972281,-0.00655479430749186));
#6640=CARTESIAN_POINT('',(-0.101160505581804,0.103466737972281,-0.00655479430749185));
#6641=CARTESIAN_POINT('',(0.028,0.103466737972281,-0.00655479430749187));
#6642=CARTESIAN_POINT('',(0.028,0.0723,0.0120550000000003));
#6643=CARTESIAN_POINT('',(0.028,0.108452983320946,0.00879129091441262));
#6644=CARTESIAN_POINT('',(-0.101160505581804,0.108452983320946,0.00879129091441263));
#6645=CARTESIAN_POINT('',(0.0285,0.108452983320946,0.00879129091441262));
#6646=CARTESIAN_POINT('',(0.0285,0.0723,0.0120550000000003));
#6647=CARTESIAN_POINT('',(0.0285,0.0996300178357186,0.0359455865373643));
#6648=CARTESIAN_POINT('',(-0.101160505581804,0.0996300178357186,0.0359455865373643));
#6649=CARTESIAN_POINT('',(0.028,0.0996300178357186,0.0359455865373643));
#6650=CARTESIAN_POINT('',(0.028,0.0723,0.0120550000000003));
#6651=CARTESIAN_POINT('',(0.028,0.0865758580366662,0.045429988798754));
#6652=CARTESIAN_POINT('',(-0.101160505581804,0.0865758580366662,0.045429988798754));
#6653=CARTESIAN_POINT('',(0.0285,0.0865758580366662,0.045429988798754));
#6654=CARTESIAN_POINT('',(0.0285,0.0723,0.0120550000000003));
#6655=CARTESIAN_POINT('',(0.0285,0.0580241419633338,0.045429988798754));
#6656=CARTESIAN_POINT('',(-0.101160505581804,0.0580241419633338,0.045429988798754));
#6657=CARTESIAN_POINT('',(0.028,0.0580241419633338,0.045429988798754));
#6658=CARTESIAN_POINT('',(0.028,0.0723,0.0120550000000003));
#6659=CARTESIAN_POINT('',(0.028,0.0449699821642814,0.0359455865373643));
#6660=CARTESIAN_POINT('',(-0.101160505581804,0.0449699821642814,0.0359455865373643));
#6661=CARTESIAN_POINT('',(0.0285,0.0449699821642814,0.0359455865373643));
#6662=CARTESIAN_POINT('',(0.0285,0.0723,0.0120550000000003));
#6663=CARTESIAN_POINT('',(0.0285,0.0361470166790535,0.00879129091441259));
#6664=CARTESIAN_POINT('',(-0.101160505581804,0.0361470166790535,0.0087912909144126));
#6665=CARTESIAN_POINT('',(0.028,0.0361470166790535,0.00879129091441259));
#6666=CARTESIAN_POINT('',(0.028,0.0723,0.0120550000000003));
#6667=CARTESIAN_POINT('',(0.028,0.0411332620277192,-0.00655479430749189));
#6668=CARTESIAN_POINT('',(-0.101160505581804,0.0411332620277191,-0.00655479430749188));
#6669=CARTESIAN_POINT('',(0.0285,0.0411332620277191,-0.00655479430749191));
#6670=CARTESIAN_POINT('',(0.0285,0.0723,0.0120550000000003));
#6671=CARTESIAN_POINT('',(0.0285,0.0578,-0.0212232211063026));
#6672=CARTESIAN_POINT('',(-0.101160505581804,0.0578,-0.0212232211063026));
#6673=CARTESIAN_POINT('',(-0.0395,0.0723,0.0120550000000003));
#6674=CARTESIAN_POINT('',(-0.0395,0.0723,0.0483550000000003));
#6675=CARTESIAN_POINT('',(-0.101160505581804,0.0889536831921949,0.0443093770073769));
#6676=CARTESIAN_POINT('',(-0.0095,0.0889536831921949,0.044309377007377));
#6677=CARTESIAN_POINT('',(-0.0195,0.0889536831921949,0.044309377007377));
#6678=CARTESIAN_POINT('',(-0.0195,0.0723,0.0120550000000003));
#6679=CARTESIAN_POINT('',(-0.0195,0.0589536831921949,0.0458124558826002));
#6680=CARTESIAN_POINT('',(-0.101160505581804,0.0589536831921949,0.0458124558826002));
#6681=CARTESIAN_POINT('',(-0.0095,0.0589536831921949,0.0458124558826002));
#6682=CARTESIAN_POINT('',(-0.0095,0.0723,0.0120550000000003));
#6683=CARTESIAN_POINT('',(-0.101160505581804,0.0723,0.0120550000000003));
#6684=CARTESIAN_POINT('',(-0.0095,0.0723,0.0120550000000003));
#6685=CARTESIAN_POINT('',(-0.0095,0.0594,-0.0218755172374363));
#6686=CARTESIAN_POINT('',(-0.0095,0.0852,-0.0218755172374363));
#6687=CARTESIAN_POINT('',(0.0105,0.0594,-0.0218755172374363));
#6688=CARTESIAN_POINT('',(0.0105,0.0594,-0.0218755172374363));
#6689=CARTESIAN_POINT('',(0.0105,0.0723,0.0120550000000003));
#6690=CARTESIAN_POINT('',(0.0105,0.0852,-0.0218755172374363));
#6691=CARTESIAN_POINT('',(-0.101160505581804,0.0852,-0.0218755172374363));
#6692=CARTESIAN_POINT('',(-0.0195,0.0723,0.012055));
#6693=CARTESIAN_POINT('',(-0.0195,0.0723,0.012055));
#6694=CARTESIAN_POINT('',(-0.0195,0.0889536831921949,0.0506121632272656));
#6695=CARTESIAN_POINT('',(-0.0195,0.0889536831921949,-0.0265021632272657));
#6696=CARTESIAN_POINT('',(-0.0195,0.0889536831921949,-0.10584044689028));
#6697=CARTESIAN_POINT('',(-0.0195,0.0889536831921949,-0.0221013293714943));
#6698=CARTESIAN_POINT('',(-0.0195,0.0723,0.012055));
#6699=CARTESIAN_POINT('',(-0.0195,0.0889536831921949,0.0462113293714943));
#6700=CARTESIAN_POINT('',(-0.0195,0.0889536831921949,-0.10584044689028));
#6701=CARTESIAN_POINT('',(-0.101160505581804,0.0580484618156887,-0.0253200405937053));
#6702=CARTESIAN_POINT('',(-0.036125,0.0580484618156887,-0.0253200405937053));
#6703=CARTESIAN_POINT('',(-0.036125,0.0580484618156887,-0.0264200405937053));
#6704=CARTESIAN_POINT('',(-0.035,0.0580484618156887,-0.0253200405937053));
#6705=CARTESIAN_POINT('',(-0.035,0.0580484618156887,-0.0242200405937052));
#6706=CARTESIAN_POINT('',(0.12039544689028,0.0589536831921949,-0.020945));
#6707=CARTESIAN_POINT('',(-0.0095,0.0589536831921949,-0.10584044689028));
#6708=CARTESIAN_POINT('',(-0.0095,0.0589536831921949,-0.0277680564832196));
#6709=CARTESIAN_POINT('',(-0.0195,0.0589536831921949,-0.0277680564832196));
#6710=CARTESIAN_POINT('',(-0.0195,0.0589536831921949,-0.0277680564832196));
#6711=CARTESIAN_POINT('',(-0.0195,0.0589536831921949,-0.10584044689028));
#6712=CARTESIAN_POINT('',(-0.0195,0.0589536831921949,-0.0234356128433984));
#6713=CARTESIAN_POINT('',(0.12039544689028,0.0589536831921949,-0.0234356128433984));
#6714=CARTESIAN_POINT('',(-0.035,0.0589536831921949,-0.0234356128433984));
#6715=CARTESIAN_POINT('',(-0.035,0.0589536831921949,-0.020945));
#6716=CARTESIAN_POINT('',(-0.0395,0.08588,-0.0246903064216993));
#6717=CARTESIAN_POINT('',(0.12039544689028,0.08588,-0.0244488136043323));
#6718=CARTESIAN_POINT('',(0.0105,0.08588,-0.0244488136043323));
#6719=CARTESIAN_POINT('',(0.026,0.08588,-0.0244488136043323));
#6720=CARTESIAN_POINT('',(0.0105,0.08588,-0.0246903064216993));
#6721=CARTESIAN_POINT('',(0.0105,0.08588,-0.0234356128433984));
#6722=CARTESIAN_POINT('',(-0.0395,0.08588,-0.0234356128433984));
#6723=CARTESIAN_POINT('',(0.026,0.08588,-0.0234356128433984));
#6724=CARTESIAN_POINT('',(0.026,0.08588,0.012055));
#6725=CARTESIAN_POINT('',(-0.0395,0.07909,-0.025945));
#6726=CARTESIAN_POINT('',(0.0105,0.07909,-0.025945));
#6727=CARTESIAN_POINT('',(0.0105,0.0856463168078051,-0.025945));
#6728=CARTESIAN_POINT('',(0.0105,0.0589536831921949,-0.025945));
#6729=CARTESIAN_POINT('',(0.12039544689028,0.0856463168078051,-0.025945));
#6730=CARTESIAN_POINT('',(0.015,0.0856463168078051,-0.025945));
#6731=CARTESIAN_POINT('',(0.015,0.07909,-0.025945));
#6732=CARTESIAN_POINT('',(0.015,0.0589536831921949,-0.025945));
#6733=CARTESIAN_POINT('',(0.12039544689028,0.0589536831921949,-0.025945));
#6734=CARTESIAN_POINT('',(-0.0395,0.05872,-0.0246903064216992));
#6735=CARTESIAN_POINT('',(0.0105,0.05872,-0.0246903064216992));
#6736=CARTESIAN_POINT('',(0.0105,0.05872,-0.0244488136043323));
#6737=CARTESIAN_POINT('',(0.0105,0.05872,-0.0234356128433984));
#6738=CARTESIAN_POINT('',(0.12039544689028,0.05872,-0.0244488136043323));
#6739=CARTESIAN_POINT('',(0.026,0.05872,-0.0244488136043323));
#6740=CARTESIAN_POINT('',(0.026,0.05872,0.012055));
#6741=CARTESIAN_POINT('',(0.026,0.05872,-0.0234356128433984));
#6742=CARTESIAN_POINT('',(-0.0395,0.05872,-0.0234356128433984));
#6743=CARTESIAN_POINT('',(-0.101160505581804,0.0723,0.0120550000000003));
#6744=CARTESIAN_POINT('',(0.0105,0.0723,0.012055));
#6745=CARTESIAN_POINT('',(0.026,0.0723,0.012055));
#6746=CARTESIAN_POINT('',(0.026,0.0556418964220151,-0.0220991737593683));
#6747=CARTESIAN_POINT('',(-0.101160505581804,0.0556418964220151,-0.0220991737593683));
#6748=CARTESIAN_POINT('',(0.027125,0.055641896422015,-0.0220991737593683));
#6749=CARTESIAN_POINT('',(0.027125,0.0723,0.0120549999999991));
#6750=CARTESIAN_POINT('',(0.027125,0.05872,-0.0234356128433984));
#6751=CARTESIAN_POINT('',(-0.0395,0.05872,-0.0234356128433984));
#6752=CARTESIAN_POINT('',(0.029375,0.05872,-0.0234356128433984));
#6753=CARTESIAN_POINT('',(0.029375,0.0723,0.0120549999999991));
#6754=CARTESIAN_POINT('',(0.029375,0.055641896422015,-0.0220991737593683));
#6755=CARTESIAN_POINT('',(-0.101160505581804,0.0556418964220151,-0.0220991737593683));
#6756=CARTESIAN_POINT('',(0.0305,0.055641896422015,-0.0220991737593683));
#6757=CARTESIAN_POINT('',(0.0305,0.0723,0.0120549999999998));
#6758=CARTESIAN_POINT('',(0.0305,0.0449650875871312,-0.0143420180774419));
#6759=CARTESIAN_POINT('',(-0.101160505581804,0.0449650875871312,-0.0143420180774418));
#6760=CARTESIAN_POINT('',(0.029375,0.0449650875871312,-0.0143420180774419));
#6761=CARTESIAN_POINT('',(0.029375,0.0722999999999985,0.0120549999999988));
#6762=CARTESIAN_POINT('',(0.029375,0.0407965722429084,-0.00919433033188837));
#6763=CARTESIAN_POINT('',(0.027125,0.0407965722429084,-0.00919433033188837));
#6764=CARTESIAN_POINT('',(0.027125,0.0407965722429084,-0.00919433033188837));
#6765=CARTESIAN_POINT('',(0.027125,0.0722999999999985,0.0120549999999988));
#6766=CARTESIAN_POINT('',(0.027125,0.0449650875871312,-0.0143420180774419));
#6767=CARTESIAN_POINT('',(-0.101160505581804,0.0449650875871312,-0.0143420180774418));
#6768=CARTESIAN_POINT('',(0.026,0.0449650875871312,-0.0143420180774419));
#6769=CARTESIAN_POINT('',(0.026,0.0723,0.012055));
#6770=CARTESIAN_POINT('',(0.026,0.0346698133878203,0.0173435778364825));
#6771=CARTESIAN_POINT('',(-0.101160505581804,0.0346698133878203,0.0173435778364825));
#6772=CARTESIAN_POINT('',(0.027125,0.0346698133878203,0.0173435778364825));
#6773=CARTESIAN_POINT('',(0.027125,0.0722999999999991,0.012055));
#6774=CARTESIAN_POINT('',(0.027125,0.0343231485732743,0.010728819125305));
#6775=CARTESIAN_POINT('',(0.027125,0.0343231485732743,0.010728819125305));
#6776=CARTESIAN_POINT('',(0.029375,0.0343231485732743,0.010728819125305));
#6777=CARTESIAN_POINT('',(0.029375,0.0722999999999991,0.012055));
#6778=CARTESIAN_POINT('',(0.029375,0.0346698133878203,0.0173435778364825));
#6779=CARTESIAN_POINT('',(-0.101160505581804,0.0346698133878203,0.0173435778364825));
#6780=CARTESIAN_POINT('',(0.0305,0.0346698133878203,0.0173435778364825));
#6781=CARTESIAN_POINT('',(0.0305,0.0723,0.012055));
#6782=CARTESIAN_POINT('',(0.0305,0.0387479914713608,0.0298949193858639));
#6783=CARTESIAN_POINT('',(-0.101160505581804,0.0387479914713608,0.0298949193858639));
#6784=CARTESIAN_POINT('',(0.029375,0.0387479914713608,0.0298949193858639));
#6785=CARTESIAN_POINT('',(0.029375,0.0722999999999983,0.0120550000000011));
#6786=CARTESIAN_POINT('',(0.029375,0.0423555913629446,0.035450136062375));
#6787=CARTESIAN_POINT('',(0.027125,0.0423555913629446,0.035450136062375));
#6788=CARTESIAN_POINT('',(0.027125,0.0423555913629446,0.035450136062375));
#6789=CARTESIAN_POINT('',(0.027125,0.0722999999999983,0.0120550000000011));
#6790=CARTESIAN_POINT('',(0.027125,0.0387479914713608,0.0298949193858639));
#6791=CARTESIAN_POINT('',(-0.101160505581804,0.0387479914713608,0.0298949193858639));
#6792=CARTESIAN_POINT('',(0.026,0.0387479914713608,0.0298949193858639));
#6793=CARTESIAN_POINT('',(0.026,0.0723,0.012055));
#6794=CARTESIAN_POINT('',(0.026,0.0657013692486567,0.0494776946144639));
#6795=CARTESIAN_POINT('',(-0.101160505581804,0.0657013692486567,0.0494776946144639));
#6796=CARTESIAN_POINT('',(0.027125,0.0657013692486567,0.0494776946144639));
#6797=CARTESIAN_POINT('',(0.027125,0.0723,0.0120550000000009));
#6798=CARTESIAN_POINT('',(0.027125,0.0593032345536246,0.0477633195898645));
#6799=CARTESIAN_POINT('',(0.027125,0.0593032345536246,0.0477633195898645));
#6800=CARTESIAN_POINT('',(0.029375,0.0593032345536246,0.0477633195898645));
#6801=CARTESIAN_POINT('',(0.029375,0.0723,0.0120550000000009));
#6802=CARTESIAN_POINT('',(0.029375,0.0657013692486567,0.0494776946144639));
#6803=CARTESIAN_POINT('',(-0.101160505581804,0.0657013692486567,0.0494776946144639));
#6804=CARTESIAN_POINT('',(0.0305,0.0657013692486567,0.0494776946144639));
#6805=CARTESIAN_POINT('',(0.0305,0.0723,0.0120550000000003));
#6806=CARTESIAN_POINT('',(0.0305,0.0788986307513434,0.0494776946144639));
#6807=CARTESIAN_POINT('',(-0.101160505581804,0.0788986307513434,0.0494776946144639));
#6808=CARTESIAN_POINT('',(0.029375,0.0788986307513434,0.0494776946144639));
#6809=CARTESIAN_POINT('',(0.029375,0.0723,0.0120550000000019));
#6810=CARTESIAN_POINT('',(0.029375,0.0852967654463754,0.0477633195898645));
#6811=CARTESIAN_POINT('',(0.027125,0.0852967654463754,0.0477633195898645));
#6812=CARTESIAN_POINT('',(0.027125,0.0852967654463754,0.0477633195898645));
#6813=CARTESIAN_POINT('',(0.027125,0.0723,0.0120550000000019));
#6814=CARTESIAN_POINT('',(0.027125,0.0788986307513434,0.0494776946144639));
#6815=CARTESIAN_POINT('',(-0.101160505581804,0.0788986307513434,0.0494776946144639));
#6816=CARTESIAN_POINT('',(0.026,0.0788986307513434,0.0494776946144639));
#6817=CARTESIAN_POINT('',(0.026,0.0723,0.012055));
#6818=CARTESIAN_POINT('',(0.026,0.105852008528639,0.0298949193858639));
#6819=CARTESIAN_POINT('',(-0.101160505581804,0.105852008528639,0.0298949193858639));
#6820=CARTESIAN_POINT('',(0.027125,0.105852008528639,0.0298949193858639));
#6821=CARTESIAN_POINT('',(0.027125,0.0723000000000008,0.0120550000000005));
#6822=CARTESIAN_POINT('',(0.027125,0.102244408637055,0.035450136062375));
#6823=CARTESIAN_POINT('',(0.027125,0.102244408637055,0.035450136062375));
#6824=CARTESIAN_POINT('',(0.029375,0.102244408637055,0.035450136062375));
#6825=CARTESIAN_POINT('',(0.029375,0.0723000000000008,0.0120550000000005));
#6826=CARTESIAN_POINT('',(0.029375,0.105852008528639,0.0298949193858639));
#6827=CARTESIAN_POINT('',(-0.101160505581804,0.105852008528639,0.0298949193858639));
#6828=CARTESIAN_POINT('',(0.0305,0.105852008528639,0.0298949193858639));
#6829=CARTESIAN_POINT('',(0.0305,0.0723,0.0120550000000001));
#6830=CARTESIAN_POINT('',(0.0305,0.10993018661218,0.0173435778364825));
#6831=CARTESIAN_POINT('',(-0.101160505581804,0.10993018661218,0.0173435778364825));
#6832=CARTESIAN_POINT('',(0.029375,0.10993018661218,0.0173435778364825));
#6833=CARTESIAN_POINT('',(0.029375,0.072300000000002,0.0120550000000001));
#6834=CARTESIAN_POINT('',(0.029375,0.110276851426726,0.010728819125305));
#6835=CARTESIAN_POINT('',(0.027125,0.110276851426726,0.010728819125305));
#6836=CARTESIAN_POINT('',(0.027125,0.110276851426726,0.010728819125305));
#6837=CARTESIAN_POINT('',(0.027125,0.072300000000002,0.0120550000000001));
#6838=CARTESIAN_POINT('',(0.027125,0.10993018661218,0.0173435778364825));
#6839=CARTESIAN_POINT('',(-0.101160505581804,0.10993018661218,0.0173435778364825));
#6840=CARTESIAN_POINT('',(0.026,0.10993018661218,0.0173435778364825));
#6841=CARTESIAN_POINT('',(0.026,0.0723,0.012055));
#6842=CARTESIAN_POINT('',(0.026,0.0996349124128687,-0.0143420180774419));
#6843=CARTESIAN_POINT('',(-0.101160505581804,0.0996349124128687,-0.0143420180774419));
#6844=CARTESIAN_POINT('',(0.027125,0.0996349124128687,-0.0143420180774419));
#6845=CARTESIAN_POINT('',(0.027125,0.0723,0.0120549999999994));
#6846=CARTESIAN_POINT('',(0.027125,0.103803427757092,-0.00919433033188838));
#6847=CARTESIAN_POINT('',(0.027125,0.103803427757092,-0.00919433033188838));
#6848=CARTESIAN_POINT('',(0.029375,0.103803427757092,-0.00919433033188838));
#6849=CARTESIAN_POINT('',(0.029375,0.0723,0.0120549999999994));
#6850=CARTESIAN_POINT('',(0.029375,0.0996349124128687,-0.0143420180774419));
#6851=CARTESIAN_POINT('',(-0.101160505581804,0.0996349124128687,-0.0143420180774419));
#6852=CARTESIAN_POINT('',(0.0305,0.0996349124128687,-0.0143420180774419));
#6853=CARTESIAN_POINT('',(0.0305,0.0723,0.0120549999999998));
#6854=CARTESIAN_POINT('',(0.0305,0.0889581035779849,-0.0220991737593683));
#6855=CARTESIAN_POINT('',(-0.101160505581804,0.0889581035779849,-0.0220991737593683));
#6856=CARTESIAN_POINT('',(0.029375,0.0889581035779849,-0.0220991737593683));
#6857=CARTESIAN_POINT('',(0.029375,0.0723,0.0120549999999982));
#6858=CARTESIAN_POINT('',(0.029375,0.08588,-0.0234356128433984));
#6859=CARTESIAN_POINT('',(-0.0395,0.08588,-0.0234356128433984));
#6860=CARTESIAN_POINT('',(0.027125,0.08588,-0.0234356128433984));
#6861=CARTESIAN_POINT('',(0.027125,0.0723,0.0120549999999982));
#6862=CARTESIAN_POINT('',(0.027125,0.0889581035779849,-0.0220991737593683));
#6863=CARTESIAN_POINT('',(-0.101160505581804,0.0889581035779849,-0.0220991737593683));
#6864=CARTESIAN_POINT('',(0.026,0.0889581035779849,-0.0220991737593683));
#6865=CARTESIAN_POINT('',(0.026,0.0723,0.012055));
#6866=CARTESIAN_POINT('',(-0.101160505581804,0.0580484618156887,-0.0253200405937053));
#6867=CARTESIAN_POINT('',(0.0305,0.0580484618156887,-0.0253200405937053));
#6868=CARTESIAN_POINT('',(0.0305,0.057401898038167,-0.0262099592875177));
#6869=CARTESIAN_POINT('',(0.029375,0.0580484618156887,-0.0253200405937053));
#6870=CARTESIAN_POINT('',(0.029375,0.05872,-0.0244488136043323));
#6871=CARTESIAN_POINT('',(0.029375,0.0589536831921949,-0.025945));
#6872=CARTESIAN_POINT('',(0.12039544689028,0.05872,-0.0244488136043323));
#6873=CARTESIAN_POINT('',(0.027125,0.05872,-0.0244488136043323));
#6874=CARTESIAN_POINT('',(0.027125,0.0580484618156887,-0.0253200405937053));
#6875=CARTESIAN_POINT('',(0.027125,0.0589536831921949,-0.025945));
#6876=CARTESIAN_POINT('',(0.12039544689028,0.0589536831921949,-0.025945));
#6877=CARTESIAN_POINT('',(0.0105,0.0580484618156887,-0.0253200405937053));
#6878=CARTESIAN_POINT('',(0.015,0.0580484618156887,-0.0253200405937053));
#6879=CARTESIAN_POINT('',(0.015,0.0589340713993342,-0.0246675870203721));
#6880=CARTESIAN_POINT('',(0.12039544689028,0.0589340713993342,-0.0246675870203721));
#6881=CARTESIAN_POINT('',(0.026,0.0589340713993342,-0.0246675870203721));
#6882=CARTESIAN_POINT('',(0.026,0.0580484618156887,-0.0253200405937053));
#6883=CARTESIAN_POINT('',(-0.101160505581804,0.0865515381843113,-0.0253200405937053));
#6884=CARTESIAN_POINT('',(0.0305,0.0865515381843113,-0.0253200405937053));
#6885=CARTESIAN_POINT('',(0.0305,0.087198101961833,-0.0262099592875177));
#6886=CARTESIAN_POINT('',(0.027125,0.0865515381843113,-0.0253200405937053));
#6887=CARTESIAN_POINT('',(0.027125,0.08588,-0.0244488136043323));
#6888=CARTESIAN_POINT('',(0.027125,0.0856463168078051,-0.025945));
#6889=CARTESIAN_POINT('',(0.12039544689028,0.08588,-0.0244488136043323));
#6890=CARTESIAN_POINT('',(0.029375,0.08588,-0.0244488136043323));
#6891=CARTESIAN_POINT('',(0.029375,0.0865515381843113,-0.0253200405937053));
#6892=CARTESIAN_POINT('',(0.029375,0.0856463168078051,-0.025945));
#6893=CARTESIAN_POINT('',(0.12039544689028,0.0856463168078051,-0.025945));
#6894=CARTESIAN_POINT('',(0.0105,0.0865515381843113,-0.0253200405937053));
#6895=CARTESIAN_POINT('',(0.026,0.0865515381843113,-0.0253200405937053));
#6896=CARTESIAN_POINT('',(0.026,0.0856659286006658,-0.024667587020372));
#6897=CARTESIAN_POINT('',(0.12039544689028,0.0856659286006658,-0.024667587020372));
#6898=CARTESIAN_POINT('',(0.015,0.0856659286006658,-0.024667587020372));
#6899=CARTESIAN_POINT('',(0.015,0.0865515381843113,-0.0253200405937053));
#6900=CARTESIAN_POINT('',(0.12039544689028,0.107617903714357,0.0308338625114357));
#6901=CARTESIAN_POINT('',(-0.038375,0.107617903714357,0.0308338625114357));
#6902=CARTESIAN_POINT('',(-0.038375,0.105852008528639,0.0298949193858639));
#6903=CARTESIAN_POINT('',(-0.038375,0.109383798900075,0.0317728056370075));
#6904=CARTESIAN_POINT('',(0.12039544689028,0.105852008528639,0.0298949193858639));
#6905=CARTESIAN_POINT('',(-0.0395,0.105852008528639,0.0298949193858639));
#6906=CARTESIAN_POINT('',(-0.0395,0.107617903714357,0.0308338625114357));
#6907=CARTESIAN_POINT('',(-0.0395,0.109383798900075,0.0317728056370075));
#6908=CARTESIAN_POINT('',(0.12039544689028,0.109383798900075,0.0317728056370075));
#6909=CARTESIAN_POINT('',(0.12039544689028,0.111910722749663,0.0176219240384026));
#6910=CARTESIAN_POINT('',(0.12039544689028,0.10993018661218,0.0173435778364825));
#6911=CARTESIAN_POINT('',(-0.038375,0.10993018661218,0.0173435778364825));
#6912=CARTESIAN_POINT('',(-0.0395,0.10993018661218,0.0173435778364825));
#6913=CARTESIAN_POINT('',(-0.038375,0.111910722749663,0.0176219240384026));
#6914=CARTESIAN_POINT('',(-0.038375,0.113891258887146,0.0179002702403227));
#6915=CARTESIAN_POINT('',(0.12039544689028,0.113891258887146,0.0179002702403227));
#6916=CARTESIAN_POINT('',(-0.0395,0.113891258887146,0.0179002702403227));
#6917=CARTESIAN_POINT('',(-0.0395,0.111910722749663,0.0176219240384026));
#6918=CARTESIAN_POINT('',(-0.035,0.0723,0.012055));
#6919=CARTESIAN_POINT('',(-0.036125,0.105396451651482,0.0379127819636777));
#6920=CARTESIAN_POINT('',(-0.036125,0.105396451651482,0.0379127819636777));
#6921=CARTESIAN_POINT('',(-0.038375,0.105396451651482,0.0379127819636777));
#6922=CARTESIAN_POINT('',(-0.038375,0.0723000000000009,0.0120550000000006));
#6923=CARTESIAN_POINT('',(-0.0395,0.0723,0.012055));
#6924=CARTESIAN_POINT('',(-0.0395,0.0795932234620111,0.0534169256265128));
#6925=CARTESIAN_POINT('',(0.12039544689028,0.0795932234620111,0.0534169256265128));
#6926=CARTESIAN_POINT('',(-0.038375,0.0795932234620111,0.0534169256265128));
#6927=CARTESIAN_POINT('',(-0.038375,0.0723,0.0120550000000009));
#6928=CARTESIAN_POINT('',(-0.038375,0.0866648460196781,0.0515220900730082));
#6929=CARTESIAN_POINT('',(-0.036125,0.0866648460196781,0.0515220900730082));
#6930=CARTESIAN_POINT('',(-0.036125,0.0866648460196781,0.0515220900730082));
#6931=CARTESIAN_POINT('',(-0.036125,0.0723,0.0120550000000009));
#6932=CARTESIAN_POINT('',(-0.036125,0.0795932234620111,0.0534169256265128));
#6933=CARTESIAN_POINT('',(0.12039544689028,0.0795932234620111,0.0534169256265128));
#6934=CARTESIAN_POINT('',(-0.035,0.0795932234620111,0.0534169256265128));
#6935=CARTESIAN_POINT('',(-0.035,0.0723,0.012055));
#6936=CARTESIAN_POINT('',(-0.035,0.109383798900075,0.0317728056370074));
#6937=CARTESIAN_POINT('',(0.12039544689028,0.109383798900075,0.0317728056370075));
#6938=CARTESIAN_POINT('',(-0.036125,0.109383798900075,0.0317728056370075));
#6939=CARTESIAN_POINT('',(-0.036125,0.0723000000000009,0.0120550000000006));
#6940=CARTESIAN_POINT('',(-0.035,0.0723,0.012055));
#6941=CARTESIAN_POINT('',(-0.038375,0.072300000000001,0.012055));
#6942=CARTESIAN_POINT('',(-0.038375,0.114274414734802,0.010589221138495));
#6943=CARTESIAN_POINT('',(-0.036125,0.114274414734802,0.010589221138495));
#6944=CARTESIAN_POINT('',(-0.036125,0.114274414734802,0.010589221138495));
#6945=CARTESIAN_POINT('',(-0.036125,0.072300000000001,0.012055));
#6946=CARTESIAN_POINT('',(-0.036125,0.113891258887146,0.0179002702403227));
#6947=CARTESIAN_POINT('',(0.12039544689028,0.113891258887146,0.0179002702403227));
#6948=CARTESIAN_POINT('',(-0.035,0.113891258887146,0.0179002702403227));
#6949=CARTESIAN_POINT('',(-0.035,0.0723,0.012055));
#6950=CARTESIAN_POINT('',(-0.035,0.102512271614223,-0.0171206515592779));
#6951=CARTESIAN_POINT('',(0.12039544689028,0.102512271614223,-0.0171206515592779));
#6952=CARTESIAN_POINT('',(-0.036125,0.102512271614223,-0.0171206515592779));
#6953=CARTESIAN_POINT('',(-0.036125,0.0723000000000008,0.0120549999999994));
#6954=CARTESIAN_POINT('',(-0.036125,0.107119578047312,-0.0114311019457714));
#6955=CARTESIAN_POINT('',(-0.036125,0.107119578047312,-0.0114311019457714));
#6956=CARTESIAN_POINT('',(-0.038375,0.107119578047312,-0.0114311019457714));
#6957=CARTESIAN_POINT('',(-0.038375,0.0723000000000008,0.0120549999999994));
#6958=CARTESIAN_POINT('',(-0.038375,0.102512271614223,-0.0171206515592779));
#6959=CARTESIAN_POINT('',(0.12039544689028,0.102512271614223,-0.0171206515592779));
#6960=CARTESIAN_POINT('',(-0.0395,0.102512271614223,-0.0171206515592779));
#6961=CARTESIAN_POINT('',(-0.0395,0.0723,0.012055));
#6962=CARTESIAN_POINT('',(0.12039544689028,0.112249743398375,0.01405949554851));
#6963=CARTESIAN_POINT('',(-0.0395,0.112249743398375,0.01405949554851));
#6964=CARTESIAN_POINT('',(-0.0395,0.1132959055663,0.0143994142423224));
#6965=CARTESIAN_POINT('',(-0.038375,0.112249743398375,0.01405949554851));
#6966=CARTESIAN_POINT('',(-0.038375,0.113349743398375,0.01405949554851));
#6967=CARTESIAN_POINT('',(0.12039544689028,0.105798234251904,0.0339151990385399));
#6968=CARTESIAN_POINT('',(-0.0395,0.105798234251904,0.0339151990385399));
#6969=CARTESIAN_POINT('',(-0.0395,0.106844396419828,0.0342551177323523));
#6970=CARTESIAN_POINT('',(-0.038375,0.105798234251904,0.0339151990385399));
#6971=CARTESIAN_POINT('',(-0.038375,0.106898234251904,0.0339151990385399));
#6972=CARTESIAN_POINT('',(-0.0395,0.0723,0.012055));
#6973=CARTESIAN_POINT('',(-0.0395,0.103441808408504,-0.0130485409663269));
#6974=CARTESIAN_POINT('',(-0.0395,0.104088372186025,-0.0139384596601393));
#6975=CARTESIAN_POINT('',(-0.0395,0.0865515381843113,-0.0253200405937053));
#6976=CARTESIAN_POINT('',(-0.0395,0.087198101961833,-0.0262099592875177));
#6977=CARTESIAN_POINT('',(-0.0395,0.032350256601625,0.01405949554851));
#6978=CARTESIAN_POINT('',(-0.0395,0.0313040944337004,0.0143994142423224));
#6979=CARTESIAN_POINT('',(-0.0395,0.0388017657480962,0.0339151990385399));
#6980=CARTESIAN_POINT('',(-0.0395,0.0377556035801715,0.0342551177323523));
#6981=CARTESIAN_POINT('',(-0.0395,0.0827387610777212,0.0506688869729823));
#6982=CARTESIAN_POINT('',(-0.0395,0.0827387610777212,0.0517688869729823));
#6983=CARTESIAN_POINT('',(-0.0395,0.0618612389222788,0.0506688869729823));
#6984=CARTESIAN_POINT('',(-0.0395,0.0618612389222788,0.0517688869729823));
#6985=CARTESIAN_POINT('',(-0.0395,0.0411581915914964,-0.0130485409663269));
#6986=CARTESIAN_POINT('',(-0.0395,0.0405116278139746,-0.0139384596601393));
#6987=CARTESIAN_POINT('',(-0.0395,0.0580484618156887,-0.0253200405937053));
#6988=CARTESIAN_POINT('',(-0.0395,0.057401898038167,-0.0262099592875177));
#6989=CARTESIAN_POINT('',(-0.0395,0.0723,0.0120550000000001));
#6990=CARTESIAN_POINT('',(-0.0395,0.101073592013546,-0.0157313348183599));
#6991=CARTESIAN_POINT('',(-0.0395,0.0996349124128687,-0.0143420180774419));
#6992=CARTESIAN_POINT('',(-0.0395,0.0723,0.0120549999999998));
#6993=CARTESIAN_POINT('',(-0.0395,0.0889581035779849,-0.0220991737593683));
#6994=CARTESIAN_POINT('',(-0.0395,0.0898348458715631,-0.0238967618519667));
#6995=CARTESIAN_POINT('',(-0.0395,0.0907115881651412,-0.025694349944565));
#6996=CARTESIAN_POINT('',(-0.0395,0.0723,0.012055));
#6997=CARTESIAN_POINT('',(-0.0395,0.0538884118348588,-0.025694349944565));
#6998=CARTESIAN_POINT('',(-0.0395,0.0547651541284369,-0.0238967618519667));
#6999=CARTESIAN_POINT('',(-0.0395,0.055641896422015,-0.0220991737593683));
#7000=CARTESIAN_POINT('',(-0.0395,0.0723,0.0120549999999998));
#7001=CARTESIAN_POINT('',(-0.0395,0.0449650875871312,-0.0143420180774419));
#7002=CARTESIAN_POINT('',(-0.0395,0.0435264079864539,-0.0157313348183599));
#7003=CARTESIAN_POINT('',(-0.0395,0.0420877283857767,-0.0171206515592779));
#7004=CARTESIAN_POINT('',(-0.0395,0.0723,0.012055));
#7005=CARTESIAN_POINT('',(-0.0395,0.0307087411128541,0.0179002702403227));
#7006=CARTESIAN_POINT('',(-0.0395,0.0326892772503371,0.0176219240384026));
#7007=CARTESIAN_POINT('',(-0.0395,0.0346698133878203,0.0173435778364825));
#7008=CARTESIAN_POINT('',(-0.0395,0.0723,0.012055));
#7009=CARTESIAN_POINT('',(-0.0395,0.0387479914713608,0.0298949193858639));
#7010=CARTESIAN_POINT('',(-0.0395,0.0369820962856429,0.0308338625114357));
#7011=CARTESIAN_POINT('',(-0.0395,0.035216201099925,0.0317728056370074));
#7012=CARTESIAN_POINT('',(-0.0395,0.0723,0.012055));
#7013=CARTESIAN_POINT('',(-0.0395,0.0650067765379889,0.0534169256265128));
#7014=CARTESIAN_POINT('',(-0.0395,0.0653540728933228,0.0514473101204884));
#7015=CARTESIAN_POINT('',(-0.0395,0.0657013692486567,0.0494776946144639));
#7016=CARTESIAN_POINT('',(-0.0395,0.0723,0.0120550000000003));
#7017=CARTESIAN_POINT('',(-0.0395,0.0788986307513434,0.0494776946144639));
#7018=CARTESIAN_POINT('',(-0.0395,0.0792459271066772,0.0514473101204884));
#7019=CARTESIAN_POINT('',(-0.035,0.0723,0.012055));
#7020=CARTESIAN_POINT('',(-0.035,0.0827387610777212,0.0506688869729823));
#7021=CARTESIAN_POINT('',(-0.035,0.0827387610777212,0.0517688869729823));
#7022=CARTESIAN_POINT('',(-0.035,0.0723,0.012055));
#7023=CARTESIAN_POINT('',(-0.035,0.0788986307513434,0.0494776946144639));
#7024=CARTESIAN_POINT('',(-0.035,0.105852008528639,0.0298949193858639));
#7025=CARTESIAN_POINT('',(-0.035,0.0723,0.012055));
#7026=CARTESIAN_POINT('',(-0.035,0.0723,0.012055));
#7027=CARTESIAN_POINT('',(-0.035,0.105798234251904,0.0339151990385399));
#7028=CARTESIAN_POINT('',(-0.035,0.105798234251904,0.0350151990385399));
#7029=CARTESIAN_POINT('',(-0.035,0.0723,0.012055));
#7030=CARTESIAN_POINT('',(-0.035,0.112249743398375,0.01405949554851));
#7031=CARTESIAN_POINT('',(-0.035,0.112249743398375,0.01515949554851));
#7032=CARTESIAN_POINT('',(-0.035,0.103441808408504,-0.0130485409663269));
#7033=CARTESIAN_POINT('',(-0.035,0.103441808408504,-0.0119485409663269));
#7034=CARTESIAN_POINT('',(-0.035,0.0723,0.012055));
#7035=CARTESIAN_POINT('',(-0.035,0.10993018661218,0.0173435778364825));
#7036=CARTESIAN_POINT('',(-0.035,0.0723,0.012055));
#7037=CARTESIAN_POINT('',(-0.035,0.0996349124128687,-0.0143420180774419));
#7038=CARTESIAN_POINT('',(-0.035,0.0723,0.012055));
#7039=CARTESIAN_POINT('',(0.12039544689028,0.101073592013546,-0.0157313348183599));
#7040=CARTESIAN_POINT('',(-0.038375,0.101073592013546,-0.0157313348183599));
#7041=CARTESIAN_POINT('',(-0.038375,0.0996349124128687,-0.0143420180774419));
#7042=CARTESIAN_POINT('',(0.12039544689028,0.0996349124128687,-0.0143420180774419));
#7043=CARTESIAN_POINT('',(0.12039544689028,0.0898348458715631,-0.0238967618519667));
#7044=CARTESIAN_POINT('',(0.12039544689028,0.0889581035779849,-0.0220991737593683));
#7045=CARTESIAN_POINT('',(-0.038375,0.0889581035779849,-0.0220991737593683));
#7046=CARTESIAN_POINT('',(-0.038375,0.0898348458715631,-0.0238967618519667));
#7047=CARTESIAN_POINT('',(-0.038375,0.0907115881651412,-0.025694349944565));
#7048=CARTESIAN_POINT('',(0.12039544689028,0.0907115881651412,-0.025694349944565));
#7049=CARTESIAN_POINT('',(-0.035,0.0723,0.012055));
#7050=CARTESIAN_POINT('',(-0.038375,0.0723,0.0120549999999991));
#7051=CARTESIAN_POINT('',(-0.038375,0.083876768944314,-0.0283179912294094));
#7052=CARTESIAN_POINT('',(-0.036125,0.083876768944314,-0.0283179912294094));
#7053=CARTESIAN_POINT('',(-0.036125,0.083876768944314,-0.0283179912294094));
#7054=CARTESIAN_POINT('',(-0.036125,0.0723,0.0120549999999991));
#7055=CARTESIAN_POINT('',(-0.036125,0.0907115881651412,-0.025694349944565));
#7056=CARTESIAN_POINT('',(0.12039544689028,0.0907115881651412,-0.025694349944565));
#7057=CARTESIAN_POINT('',(-0.035,0.0907115881651412,-0.025694349944565));
#7058=CARTESIAN_POINT('',(-0.035,0.0723,0.012055));
#7059=CARTESIAN_POINT('',(-0.035,0.0538884118348587,-0.025694349944565));
#7060=CARTESIAN_POINT('',(0.12039544689028,0.0538884118348588,-0.025694349944565));
#7061=CARTESIAN_POINT('',(-0.036125,0.0538884118348588,-0.025694349944565));
#7062=CARTESIAN_POINT('',(-0.036125,0.0723,0.012054999999999));
#7063=CARTESIAN_POINT('',(-0.036125,0.060723231055686,-0.0283179912294094));
#7064=CARTESIAN_POINT('',(-0.036125,0.060723231055686,-0.0283179912294094));
#7065=CARTESIAN_POINT('',(-0.038375,0.060723231055686,-0.0283179912294094));
#7066=CARTESIAN_POINT('',(-0.038375,0.0723,0.012054999999999));
#7067=CARTESIAN_POINT('',(-0.038375,0.0538884118348588,-0.025694349944565));
#7068=CARTESIAN_POINT('',(0.12039544689028,0.0538884118348588,-0.025694349944565));
#7069=CARTESIAN_POINT('',(-0.101160505581804,0.0865515381843113,-0.0253200405937053));
#7070=CARTESIAN_POINT('',(-0.038375,0.0865515381843113,-0.0253200405937053));
#7071=CARTESIAN_POINT('',(-0.038375,0.0865515381843113,-0.0264200405937053));
#7072=CARTESIAN_POINT('',(0.12039544689028,0.103441808408504,-0.0130485409663269));
#7073=CARTESIAN_POINT('',(-0.038375,0.103441808408504,-0.0130485409663269));
#7074=CARTESIAN_POINT('',(-0.038375,0.103441808408504,-0.0141485409663269));
#7075=CARTESIAN_POINT('',(-0.035,0.0723,0.012055));
#7076=CARTESIAN_POINT('',(-0.035,0.0865515381843113,-0.0253200405937053));
#7077=CARTESIAN_POINT('',(-0.035,0.0865515381843113,-0.0242200405937052));
#7078=CARTESIAN_POINT('',(-0.035,0.06172,-0.0234356128433984));
#7079=CARTESIAN_POINT('',(-0.035,0.05872,-0.0234356128433984));
#7080=CARTESIAN_POINT('',(-0.035,0.0723,0.012055));
#7081=CARTESIAN_POINT('',(-0.035,0.055641896422015,-0.0220991737593683));
#7082=CARTESIAN_POINT('',(-0.035,0.0723,0.012055));
#7083=CARTESIAN_POINT('',(-0.035,0.0723,0.012055));
#7084=CARTESIAN_POINT('',(-0.035,0.0889581035779849,-0.0220991737593683));
#7085=CARTESIAN_POINT('',(-0.035,0.0723,0.012055));
#7086=CARTESIAN_POINT('',(-0.035,0.08588,-0.0234356128433984));
#7087=CARTESIAN_POINT('',(-0.035,0.08288,-0.0234356128433984));
#7088=CARTESIAN_POINT('',(-0.035,0.0856463168078051,-0.0234356128433984));
#7089=CARTESIAN_POINT('',(-0.035,0.0856463168078051,-0.020945));
#7090=CARTESIAN_POINT('',(0.12039544689028,0.0547651541284369,-0.0238967618519666));
#7091=CARTESIAN_POINT('',(-0.038375,0.0547651541284369,-0.0238967618519667));
#7092=CARTESIAN_POINT('',(-0.038375,0.055641896422015,-0.0220991737593683));
#7093=CARTESIAN_POINT('',(0.12039544689028,0.0556418964220151,-0.0220991737593683));
#7094=CARTESIAN_POINT('',(0.12039544689028,0.0435264079864539,-0.0157313348183599));
#7095=CARTESIAN_POINT('',(0.12039544689028,0.0449650875871312,-0.0143420180774418));
#7096=CARTESIAN_POINT('',(-0.038375,0.0449650875871312,-0.0143420180774419));
#7097=CARTESIAN_POINT('',(-0.038375,0.0435264079864539,-0.0157313348183599));
#7098=CARTESIAN_POINT('',(-0.038375,0.0420877283857767,-0.0171206515592779));
#7099=CARTESIAN_POINT('',(0.12039544689028,0.0420877283857767,-0.0171206515592779));
#7100=CARTESIAN_POINT('',(-0.035,0.0723,0.012055));
#7101=CARTESIAN_POINT('',(-0.038375,0.0722999999999992,0.0120549999999994));
#7102=CARTESIAN_POINT('',(-0.038375,0.0374804219526882,-0.0114311019457714));
#7103=CARTESIAN_POINT('',(-0.036125,0.0374804219526882,-0.0114311019457714));
#7104=CARTESIAN_POINT('',(-0.036125,0.0374804219526882,-0.0114311019457714));
#7105=CARTESIAN_POINT('',(-0.036125,0.0722999999999992,0.0120549999999994));
#7106=CARTESIAN_POINT('',(-0.036125,0.0420877283857767,-0.0171206515592779));
#7107=CARTESIAN_POINT('',(0.12039544689028,0.0420877283857767,-0.0171206515592779));
#7108=CARTESIAN_POINT('',(-0.035,0.0420877283857767,-0.0171206515592779));
#7109=CARTESIAN_POINT('',(-0.035,0.0723,0.012055));
#7110=CARTESIAN_POINT('',(-0.035,0.0307087411128541,0.0179002702403227));
#7111=CARTESIAN_POINT('',(0.12039544689028,0.0307087411128541,0.0179002702403227));
#7112=CARTESIAN_POINT('',(-0.036125,0.0307087411128541,0.0179002702403227));
#7113=CARTESIAN_POINT('',(-0.036125,0.072299999999999,0.012055));
#7114=CARTESIAN_POINT('',(-0.036125,0.030325585265198,0.010589221138495));
#7115=CARTESIAN_POINT('',(-0.036125,0.030325585265198,0.010589221138495));
#7116=CARTESIAN_POINT('',(-0.038375,0.030325585265198,0.010589221138495));
#7117=CARTESIAN_POINT('',(-0.038375,0.072299999999999,0.012055));
#7118=CARTESIAN_POINT('',(-0.038375,0.0307087411128541,0.0179002702403227));
#7119=CARTESIAN_POINT('',(0.12039544689028,0.0307087411128541,0.0179002702403227));
#7120=CARTESIAN_POINT('',(-0.101160505581804,0.0580484618156887,-0.0253200405937053));
#7121=CARTESIAN_POINT('',(-0.038375,0.0580484618156887,-0.0253200405937053));
#7122=CARTESIAN_POINT('',(-0.038375,0.0580484618156887,-0.0264200405937053));
#7123=CARTESIAN_POINT('',(0.12039544689028,0.0411581915914964,-0.0130485409663268));
#7124=CARTESIAN_POINT('',(-0.038375,0.0411581915914964,-0.0130485409663269));
#7125=CARTESIAN_POINT('',(-0.038375,0.0411581915914964,-0.0141485409663269));
#7126=CARTESIAN_POINT('',(-0.035,0.0723,0.012055));
#7127=CARTESIAN_POINT('',(-0.035,0.0411581915914964,-0.0130485409663269));
#7128=CARTESIAN_POINT('',(-0.035,0.0411581915914964,-0.0119485409663269));
#7129=CARTESIAN_POINT('',(-0.035,0.032350256601625,0.01405949554851));
#7130=CARTESIAN_POINT('',(-0.035,0.032350256601625,0.01515949554851));
#7131=CARTESIAN_POINT('',(-0.035,0.0723,0.012055));
#7132=CARTESIAN_POINT('',(-0.035,0.0449650875871312,-0.0143420180774419));
#7133=CARTESIAN_POINT('',(-0.035,0.0723,0.012055));
#7134=CARTESIAN_POINT('',(-0.035,0.0346698133878203,0.0173435778364825));
#7135=CARTESIAN_POINT('',(-0.035,0.0723,0.012055));
#7136=CARTESIAN_POINT('',(-0.0395,0.05872,-0.0246903064216992));
#7137=CARTESIAN_POINT('',(0.029375,0.05872,0.012055));
#7138=CARTESIAN_POINT('',(0.027125,0.05872,0.012055));
#7139=CARTESIAN_POINT('',(-0.0045,0.0589961695674068,-0.0244969737058031));
#7140=CARTESIAN_POINT('',(0.026,0.0593903448877792,-0.0234139859137737));
#7141=CARTESIAN_POINT('',(0.026,0.0594,-0.0233874587109646));
#7142=CARTESIAN_POINT('',(0.015,0.0593903448877792,-0.0234139859137737));
#7143=CARTESIAN_POINT('',(0.015,0.0594,-0.0233874587109646));
#7144=CARTESIAN_POINT('',(-0.0045,0.0594,-0.0233874587109646));
#7145=CARTESIAN_POINT('',(-0.0395,0.07909,-0.025945));
#7146=CARTESIAN_POINT('',(0.027125,0.0723,-0.025945));
#7147=CARTESIAN_POINT('',(0.027125,0.0614036753411653,-0.025945));
#7148=CARTESIAN_POINT('',(0.027125,0.0614036753411653,-0.025945));
#7149=CARTESIAN_POINT('',(0.029375,0.0614036753411653,-0.025945));
#7150=CARTESIAN_POINT('',(0.029375,0.0723,-0.025945));
#7151=CARTESIAN_POINT('',(0.026,0.0723,0.012055));
#7152=CARTESIAN_POINT('',(0.026,0.0852096551122208,-0.0234139859137737));
#7153=CARTESIAN_POINT('',(0.026,0.0852,-0.0233874587109646));
#7154=CARTESIAN_POINT('',(0.026,0.0723,0.012055));
#7155=CARTESIAN_POINT('',(0.026,0.0907115881651412,-0.025694349944565));
#7156=CARTESIAN_POINT('',(0.026,0.0723,0.0120550000000001));
#7157=CARTESIAN_POINT('',(0.026,0.0538884118348588,-0.025694349944565));
#7158=CARTESIAN_POINT('',(0.026,0.0723,0.012055));
#7159=CARTESIAN_POINT('',(0.026,0.0594,-0.0128476168659981));
#7160=CARTESIAN_POINT('',(0.026,0.0594,-0.0240071685426708));
#7161=CARTESIAN_POINT('',(0.026,0.0723,0.012054999999998));
#7162=CARTESIAN_POINT('',(0.026,0.0651149043151814,-0.025565));
#7163=CARTESIAN_POINT('',(0.026,0.0723,-0.025565));
#7164=CARTESIAN_POINT('',(0.026,0.0794850956848186,-0.025565));
#7165=CARTESIAN_POINT('',(0.026,0.0723,0.012054999999998));
#7166=CARTESIAN_POINT('',(0.026,0.0852,-0.0240071685426708));
#7167=CARTESIAN_POINT('',(0.026,0.0852,-0.0128476168659981));
#7168=CARTESIAN_POINT('',(0.0305,0.0723,0.012055));
#7169=CARTESIAN_POINT('',(0.0305,0.0411581915914964,-0.0130485409663269));
#7170=CARTESIAN_POINT('',(0.0305,0.0405116278139746,-0.0139384596601393));
#7171=CARTESIAN_POINT('',(0.0305,0.032350256601625,0.01405949554851));
#7172=CARTESIAN_POINT('',(0.0305,0.0313040944337004,0.0143994142423224));
#7173=CARTESIAN_POINT('',(0.0305,0.0388017657480962,0.0339151990385399));
#7174=CARTESIAN_POINT('',(0.0305,0.0377556035801715,0.0342551177323523));
#7175=CARTESIAN_POINT('',(0.0305,0.0618612389222788,0.0506688869729823));
#7176=CARTESIAN_POINT('',(0.0305,0.0618612389222788,0.0517688869729823));
#7177=CARTESIAN_POINT('',(0.0305,0.0827387610777212,0.0506688869729823));
#7178=CARTESIAN_POINT('',(0.0305,0.0827387610777212,0.0517688869729823));
#7179=CARTESIAN_POINT('',(0.0305,0.105798234251904,0.0339151990385399));
#7180=CARTESIAN_POINT('',(0.0305,0.106844396419828,0.0342551177323523));
#7181=CARTESIAN_POINT('',(0.0305,0.103441808408504,-0.0130485409663269));
#7182=CARTESIAN_POINT('',(0.0305,0.104088372186025,-0.0139384596601393));
#7183=CARTESIAN_POINT('',(0.0305,0.112249743398375,0.01405949554851));
#7184=CARTESIAN_POINT('',(0.0305,0.1132959055663,0.0143994142423224));
#7185=CARTESIAN_POINT('',(0.0305,0.0547651541284369,-0.0238967618519667));
#7186=CARTESIAN_POINT('',(0.0305,0.0538884118348588,-0.025694349944565));
#7187=CARTESIAN_POINT('',(0.0305,0.0723,0.0120550000000001));
#7188=CARTESIAN_POINT('',(0.0305,0.0907115881651412,-0.025694349944565));
#7189=CARTESIAN_POINT('',(0.0305,0.0898348458715631,-0.0238967618519667));
#7190=CARTESIAN_POINT('',(0.0305,0.101073592013546,-0.0157313348183599));
#7191=CARTESIAN_POINT('',(0.0305,0.102512271614223,-0.0171206515592779));
#7192=CARTESIAN_POINT('',(0.0305,0.0723,0.0120550000000001));
#7193=CARTESIAN_POINT('',(0.0305,0.113891258887146,0.0179002702403227));
#7194=CARTESIAN_POINT('',(0.0305,0.111910722749663,0.0176219240384026));
#7195=CARTESIAN_POINT('',(0.0305,0.107617903714357,0.0308338625114357));
#7196=CARTESIAN_POINT('',(0.0305,0.109383798900075,0.0317728056370075));
#7197=CARTESIAN_POINT('',(0.0305,0.0723,0.0120550000000001));
#7198=CARTESIAN_POINT('',(0.0305,0.0795932234620111,0.0534169256265128));
#7199=CARTESIAN_POINT('',(0.0305,0.0792459271066772,0.0514473101204884));
#7200=CARTESIAN_POINT('',(0.0305,0.0653540728933228,0.0514473101204884));
#7201=CARTESIAN_POINT('',(0.0305,0.0650067765379889,0.0534169256265128));
#7202=CARTESIAN_POINT('',(0.0305,0.0723,0.0120550000000001));
#7203=CARTESIAN_POINT('',(0.0305,0.035216201099925,0.0317728056370074));
#7204=CARTESIAN_POINT('',(0.0305,0.0369820962856429,0.0308338625114357));
#7205=CARTESIAN_POINT('',(0.0305,0.0326892772503371,0.0176219240384026));
#7206=CARTESIAN_POINT('',(0.0305,0.0307087411128541,0.0179002702403227));
#7207=CARTESIAN_POINT('',(0.0305,0.0723,0.0120550000000001));
#7208=CARTESIAN_POINT('',(0.0305,0.0420877283857767,-0.0171206515592779));
#7209=CARTESIAN_POINT('',(0.0305,0.0435264079864539,-0.0157313348183599));
#7210=CARTESIAN_POINT('',(0.0305,0.0723,0.012054999999998));
#7211=CARTESIAN_POINT('',(0.0305,0.0651149043151814,-0.025565));
#7212=CARTESIAN_POINT('',(0.0305,0.0594,-0.0240071685426708));
#7213=CARTESIAN_POINT('',(0.0305,0.0594,-0.0128476168659981));
#7214=CARTESIAN_POINT('',(0.0305,0.0594,-0.001865));
#7215=CARTESIAN_POINT('',(0.0305,0.0723,-0.001865));
#7216=CARTESIAN_POINT('',(0.0305,0.0852,-0.001865));
#7217=CARTESIAN_POINT('',(0.0305,0.0852,-0.0128476168659981));
#7218=CARTESIAN_POINT('',(0.0305,0.0852,-0.0240071685426708));
#7219=CARTESIAN_POINT('',(0.0305,0.0723,0.012054999999998));
#7220=CARTESIAN_POINT('',(0.0305,0.0794850956848186,-0.025565));
#7221=CARTESIAN_POINT('',(0.0305,0.0723,-0.025565));
#7222=CARTESIAN_POINT('',(0.0305,0.0723,0.012055));
#7223=CARTESIAN_POINT('',(0.0305,0.0723,0.021555));
#7224=CARTESIAN_POINT('',(0.12039544689028,0.0326892772503372,0.0176219240384026));
#7225=CARTESIAN_POINT('',(-0.038375,0.0326892772503371,0.0176219240384026));
#7226=CARTESIAN_POINT('',(-0.038375,0.0346698133878203,0.0173435778364825));
#7227=CARTESIAN_POINT('',(0.12039544689028,0.0346698133878203,0.0173435778364825));
#7228=CARTESIAN_POINT('',(0.12039544689028,0.0369820962856429,0.0308338625114357));
#7229=CARTESIAN_POINT('',(0.12039544689028,0.0387479914713608,0.0298949193858639));
#7230=CARTESIAN_POINT('',(-0.038375,0.0387479914713608,0.0298949193858639));
#7231=CARTESIAN_POINT('',(-0.038375,0.0369820962856429,0.0308338625114357));
#7232=CARTESIAN_POINT('',(-0.038375,0.035216201099925,0.0317728056370074));
#7233=CARTESIAN_POINT('',(0.12039544689028,0.0352162010999251,0.0317728056370075));
#7234=CARTESIAN_POINT('',(-0.035,0.0723,0.012055));
#7235=CARTESIAN_POINT('',(-0.038375,0.0722999999999992,0.0120550000000005));
#7236=CARTESIAN_POINT('',(-0.038375,0.0392035483485177,0.0379127819636777));
#7237=CARTESIAN_POINT('',(-0.036125,0.0392035483485177,0.0379127819636777));
#7238=CARTESIAN_POINT('',(-0.036125,0.0392035483485177,0.0379127819636777));
#7239=CARTESIAN_POINT('',(-0.036125,0.0722999999999992,0.0120550000000005));
#7240=CARTESIAN_POINT('',(-0.036125,0.035216201099925,0.0317728056370074));
#7241=CARTESIAN_POINT('',(0.12039544689028,0.0352162010999251,0.0317728056370075));
#7242=CARTESIAN_POINT('',(-0.035,0.035216201099925,0.0317728056370074));
#7243=CARTESIAN_POINT('',(-0.035,0.0723,0.012055));
#7244=CARTESIAN_POINT('',(-0.035,0.0650067765379889,0.0534169256265127));
#7245=CARTESIAN_POINT('',(0.12039544689028,0.0650067765379889,0.0534169256265128));
#7246=CARTESIAN_POINT('',(-0.036125,0.0650067765379889,0.0534169256265128));
#7247=CARTESIAN_POINT('',(-0.036125,0.0723,0.012055000000001));
#7248=CARTESIAN_POINT('',(-0.036125,0.0579351539803219,0.0515220900730082));
#7249=CARTESIAN_POINT('',(-0.036125,0.0579351539803219,0.0515220900730082));
#7250=CARTESIAN_POINT('',(-0.038375,0.0579351539803219,0.0515220900730082));
#7251=CARTESIAN_POINT('',(-0.038375,0.0723,0.012055000000001));
#7252=CARTESIAN_POINT('',(-0.038375,0.0650067765379889,0.0534169256265128));
#7253=CARTESIAN_POINT('',(0.12039544689028,0.0650067765379889,0.0534169256265128));
#7254=CARTESIAN_POINT('',(0.12039544689028,0.0388017657480962,0.0339151990385399));
#7255=CARTESIAN_POINT('',(-0.038375,0.0388017657480962,0.0339151990385399));
#7256=CARTESIAN_POINT('',(-0.038375,0.0399017657480962,0.0339151990385399));
#7257=CARTESIAN_POINT('',(0.12039544689028,0.032350256601625,0.01405949554851));
#7258=CARTESIAN_POINT('',(-0.038375,0.032350256601625,0.01405949554851));
#7259=CARTESIAN_POINT('',(-0.038375,0.033450256601625,0.01405949554851));
#7260=CARTESIAN_POINT('',(-0.035,0.0723,0.012055));
#7261=CARTESIAN_POINT('',(-0.035,0.0388017657480962,0.0339151990385399));
#7262=CARTESIAN_POINT('',(-0.035,0.0388017657480962,0.0350151990385399));
#7263=CARTESIAN_POINT('',(-0.035,0.0618612389222788,0.0506688869729823));
#7264=CARTESIAN_POINT('',(-0.035,0.0618612389222788,0.0517688869729823));
#7265=CARTESIAN_POINT('',(-0.035,0.0723,0.012055));
#7266=CARTESIAN_POINT('',(-0.035,0.0387479914713608,0.0298949193858639));
#7267=CARTESIAN_POINT('',(-0.035,0.0723,0.012055));
#7268=CARTESIAN_POINT('',(-0.035,0.0657013692486567,0.0494776946144639));
#7269=CARTESIAN_POINT('',(-0.035,0.0723,0.012055));
#7270=CARTESIAN_POINT('',(0.12039544689028,0.0792459271066772,0.0514473101204884));
#7271=CARTESIAN_POINT('',(0.12039544689028,0.0788986307513434,0.0494776946144639));
#7272=CARTESIAN_POINT('',(-0.038375,0.0788986307513434,0.0494776946144639));
#7273=CARTESIAN_POINT('',(-0.038375,0.0792459271066772,0.0514473101204884));
#7274=CARTESIAN_POINT('',(0.12039544689028,0.0653540728933228,0.0514473101204884));
#7275=CARTESIAN_POINT('',(-0.038375,0.0653540728933228,0.0514473101204884));
#7276=CARTESIAN_POINT('',(-0.038375,0.0657013692486567,0.0494776946144639));
#7277=CARTESIAN_POINT('',(0.12039544689028,0.0657013692486567,0.0494776946144639));
#7278=CARTESIAN_POINT('',(0.12039544689028,0.0827387610777212,0.0506688869729823));
#7279=CARTESIAN_POINT('',(-0.038375,0.0827387610777212,0.0506688869729823));
#7280=CARTESIAN_POINT('',(-0.038375,0.0827387610777212,0.0495688869729823));
#7281=CARTESIAN_POINT('',(0.12039544689028,0.0618612389222788,0.0506688869729823));
#7282=CARTESIAN_POINT('',(-0.038375,0.0618612389222788,0.0506688869729823));
#7283=CARTESIAN_POINT('',(-0.038375,0.0618612389222788,0.0495688869729823));
#7284=CARTESIAN_POINT('',(0.026,0.0852,-0.0128476168659981));
#7285=CARTESIAN_POINT('',(0.0105,0.0852,-0.0128476168659981));
#7286=CARTESIAN_POINT('',(0.0105,0.0852,-0.025265));
#7287=CARTESIAN_POINT('',(0.026,0.0852,-0.025265));
#7288=CARTESIAN_POINT('',(0.015,0.0852,-0.025265));
#7289=CARTESIAN_POINT('',(0.015,0.0852,-0.0128476168659981));
#7290=CARTESIAN_POINT('',(0.015,0.0852,-0.0233874587109646));
#7291=CARTESIAN_POINT('',(-0.0045,0.0852,-0.0233874587109646));
#7292=CARTESIAN_POINT('',(0.026,0.0852,-0.0240071685426708));
#7293=CARTESIAN_POINT('',(0.027125,0.0852,-0.0240071685426708));
#7294=CARTESIAN_POINT('',(0.027125,0.0852,0.012055));
#7295=CARTESIAN_POINT('',(0.027125,0.0852,-0.024865));
#7296=CARTESIAN_POINT('',(0.026,0.0852,-0.024865));
#7297=CARTESIAN_POINT('',(0.029375,0.0852,-0.024865));
#7298=CARTESIAN_POINT('',(0.029375,0.0852,0.012055));
#7299=CARTESIAN_POINT('',(0.029375,0.0852,-0.0240071685426708));
#7300=CARTESIAN_POINT('',(0.026,0.0852,-0.0240071685426708));
#7301=CARTESIAN_POINT('',(0.026,0.0852,-0.001865));
#7302=CARTESIAN_POINT('',(0.0295,0.0852,-0.001865));
#7303=CARTESIAN_POINT('',(0.0295,0.0852,-0.0128476168659981));
#7304=CARTESIAN_POINT('',(0.0295,0.0852,0.023135));
#7305=CARTESIAN_POINT('',(0.026,0.0852,0.023135));
#7306=CARTESIAN_POINT('',(-0.0095,0.0852,0.023135));
#7307=CARTESIAN_POINT('',(-0.0095,0.0852,-0.0128476168659981));
#7308=CARTESIAN_POINT('',(0.026,0.0594,-0.0128476168659981));
#7309=CARTESIAN_POINT('',(0.026,0.0594,-0.025265));
#7310=CARTESIAN_POINT('',(0.0105,0.0594,-0.025265));
#7311=CARTESIAN_POINT('',(0.015,0.0594,-0.025265));
#7312=CARTESIAN_POINT('',(0.0105,0.0594,-0.0128476168659981));
#7313=CARTESIAN_POINT('',(-0.0095,0.0594,-0.0128476168659981));
#7314=CARTESIAN_POINT('',(-0.0095,0.0594,0.023135));
#7315=CARTESIAN_POINT('',(0.026,0.0594,0.023135));
#7316=CARTESIAN_POINT('',(0.0295,0.0594,0.023135));
#7317=CARTESIAN_POINT('',(0.0295,0.0594,-0.0128476168659981));
#7318=CARTESIAN_POINT('',(0.0295,0.0594,-0.001865));
#7319=CARTESIAN_POINT('',(0.026,0.0594,-0.001865));
#7320=CARTESIAN_POINT('',(0.026,0.0594,-0.0240071685426708));
#7321=CARTESIAN_POINT('',(0.029375,0.0594,-0.0240071685426708));
#7322=CARTESIAN_POINT('',(0.029375,0.0594,0.012055));
#7323=CARTESIAN_POINT('',(0.029375,0.0594,-0.024865));
#7324=CARTESIAN_POINT('',(0.026,0.0594,-0.024865));
#7325=CARTESIAN_POINT('',(0.027125,0.0594,-0.024865));
#7326=CARTESIAN_POINT('',(0.027125,0.0594,0.012055));
#7327=CARTESIAN_POINT('',(0.027125,0.0594,-0.0240071685426708));
#7328=CARTESIAN_POINT('',(0.026,0.0594,-0.0240071685426708));
#7329=CARTESIAN_POINT('',(0.015,0.0594,-0.0128476168659981));
#7330=CARTESIAN_POINT('',(0.026,0.0723,-0.025265));
#7331=CARTESIAN_POINT('',(0.0105,0.0723,-0.025265));
#7332=CARTESIAN_POINT('',(0.015,0.0723,-0.025265));
#7333=CARTESIAN_POINT('',(0.026,0.0578,-0.0128476168659981));
#7334=CARTESIAN_POINT('',(-0.0095,0.0578,-0.0128476168659981));
#7335=CARTESIAN_POINT('',(-0.0095,0.0578,0.025135));
#7336=CARTESIAN_POINT('',(0.0285,0.0578,-0.0128476168659981));
#7337=CARTESIAN_POINT('',(0.0285,0.0578,0.025135));
#7338=CARTESIAN_POINT('',(0.026,0.0578,0.025135));
#7339=CARTESIAN_POINT('',(0.026,0.0868,-0.0128476168659981));
#7340=CARTESIAN_POINT('',(-0.0095,0.0868,-0.0128476168659981));
#7341=CARTESIAN_POINT('',(-0.0095,0.0868,0.025135));
#7342=CARTESIAN_POINT('',(0.026,0.0868,0.025135));
#7343=CARTESIAN_POINT('',(0.0285,0.0868,0.025135));
#7344=CARTESIAN_POINT('',(0.0285,0.0868,-0.0128476168659981));
#7345=CARTESIAN_POINT('',(0.0295,0.0723,0.023135));
#7346=CARTESIAN_POINT('',(-0.0095,0.0723,0.023135));
#7347=CARTESIAN_POINT('',(0.0295,0.0723,0.023135));
#7348=CARTESIAN_POINT('',(-0.101160505581804,0.0723,0.0120550000000003));
#7349=CARTESIAN_POINT('',(-0.0395,0.05872,-0.0234356128433984));
#7350=CARTESIAN_POINT('',(-0.0195,0.05872,-0.0234356128433984));
#7351=CARTESIAN_POINT('',(-0.0195,0.0723,0.012055));
#7352=CARTESIAN_POINT('',(-0.0195,0.0589536831921949,0.0476341487765756));
#7353=CARTESIAN_POINT('',(-0.0195,0.0723,0.012055));
#7354=CARTESIAN_POINT('',(-0.0195,0.0723,0.0120550000000003));
#7355=CARTESIAN_POINT('',(-0.0195,0.08588,-0.0234356128433984));
#7356=CARTESIAN_POINT('',(-0.0395,0.08588,-0.0234356128433984));
#7357=CARTESIAN_POINT('',(0.12039544689028,0.0889581035779849,-0.0220991737593683));
#7358=CARTESIAN_POINT('',(-0.036125,0.0889581035779849,-0.0220991737593683));
#7359=CARTESIAN_POINT('',(-0.036125,0.0723,0.0120549999999982));
#7360=CARTESIAN_POINT('',(-0.036125,0.082774219521046,-0.0244729444456561));
#7361=CARTESIAN_POINT('',(-0.036125,0.082774219521046,-0.0244729444456561));
#7362=CARTESIAN_POINT('',(-0.038375,0.082774219521046,-0.0244729444456561));
#7363=CARTESIAN_POINT('',(-0.038375,0.0723,0.0120549999999982));
#7364=CARTESIAN_POINT('',(-0.038375,0.0723,0.0120549999999994));
#7365=CARTESIAN_POINT('',(-0.038375,0.103803427757092,-0.00919433033188838));
#7366=CARTESIAN_POINT('',(-0.036125,0.103803427757092,-0.00919433033188838));
#7367=CARTESIAN_POINT('',(-0.036125,0.103803427757092,-0.00919433033188838));
#7368=CARTESIAN_POINT('',(-0.036125,0.0723,0.0120549999999994));
#7369=CARTESIAN_POINT('',(-0.036125,0.0996349124128687,-0.0143420180774419));
#7370=CARTESIAN_POINT('',(0.12039544689028,0.0996349124128687,-0.0143420180774419));
#7371=CARTESIAN_POINT('',(0.12039544689028,0.10993018661218,0.0173435778364825));
#7372=CARTESIAN_POINT('',(-0.036125,0.10993018661218,0.0173435778364825));
#7373=CARTESIAN_POINT('',(-0.036125,0.072300000000002,0.0120550000000001));
#7374=CARTESIAN_POINT('',(-0.036125,0.110276851426726,0.010728819125305));
#7375=CARTESIAN_POINT('',(-0.036125,0.110276851426726,0.010728819125305));
#7376=CARTESIAN_POINT('',(-0.038375,0.110276851426726,0.010728819125305));
#7377=CARTESIAN_POINT('',(-0.038375,0.072300000000002,0.0120550000000001));
#7378=CARTESIAN_POINT('',(-0.038375,0.0723000000000008,0.0120550000000005));
#7379=CARTESIAN_POINT('',(-0.038375,0.102244408637055,0.035450136062375));
#7380=CARTESIAN_POINT('',(-0.036125,0.102244408637055,0.035450136062375));
#7381=CARTESIAN_POINT('',(-0.036125,0.102244408637055,0.035450136062375));
#7382=CARTESIAN_POINT('',(-0.036125,0.0723000000000008,0.0120550000000005));
#7383=CARTESIAN_POINT('',(-0.036125,0.105852008528639,0.0298949193858639));
#7384=CARTESIAN_POINT('',(0.12039544689028,0.105852008528639,0.0298949193858639));
#7385=CARTESIAN_POINT('',(0.12039544689028,0.0788986307513434,0.0494776946144639));
#7386=CARTESIAN_POINT('',(-0.036125,0.0788986307513434,0.0494776946144639));
#7387=CARTESIAN_POINT('',(-0.036125,0.0723,0.0120550000000019));
#7388=CARTESIAN_POINT('',(-0.036125,0.0852967654463754,0.0477633195898645));
#7389=CARTESIAN_POINT('',(-0.036125,0.0852967654463754,0.0477633195898645));
#7390=CARTESIAN_POINT('',(-0.038375,0.0852967654463754,0.0477633195898645));
#7391=CARTESIAN_POINT('',(-0.038375,0.0723,0.0120550000000019));
#7392=CARTESIAN_POINT('',(-0.038375,0.0723,0.0120550000000009));
#7393=CARTESIAN_POINT('',(-0.038375,0.0593032345536246,0.0477633195898645));
#7394=CARTESIAN_POINT('',(-0.036125,0.0593032345536246,0.0477633195898645));
#7395=CARTESIAN_POINT('',(-0.036125,0.0593032345536246,0.0477633195898645));
#7396=CARTESIAN_POINT('',(-0.036125,0.0723,0.0120550000000009));
#7397=CARTESIAN_POINT('',(-0.036125,0.0657013692486567,0.0494776946144639));
#7398=CARTESIAN_POINT('',(0.12039544689028,0.0657013692486567,0.0494776946144639));
#7399=CARTESIAN_POINT('',(0.12039544689028,0.0387479914713608,0.0298949193858639));
#7400=CARTESIAN_POINT('',(-0.036125,0.0387479914713608,0.0298949193858639));
#7401=CARTESIAN_POINT('',(-0.036125,0.0722999999999983,0.0120550000000011));
#7402=CARTESIAN_POINT('',(-0.036125,0.0423555913629446,0.035450136062375));
#7403=CARTESIAN_POINT('',(-0.036125,0.0423555913629446,0.035450136062375));
#7404=CARTESIAN_POINT('',(-0.038375,0.0423555913629446,0.035450136062375));
#7405=CARTESIAN_POINT('',(-0.038375,0.0722999999999983,0.0120550000000011));
#7406=CARTESIAN_POINT('',(-0.038375,0.0722999999999991,0.012055));
#7407=CARTESIAN_POINT('',(-0.038375,0.0343231485732743,0.010728819125305));
#7408=CARTESIAN_POINT('',(-0.036125,0.0343231485732743,0.010728819125305));
#7409=CARTESIAN_POINT('',(-0.036125,0.0343231485732743,0.010728819125305));
#7410=CARTESIAN_POINT('',(-0.036125,0.0722999999999991,0.012055));
#7411=CARTESIAN_POINT('',(-0.036125,0.0346698133878203,0.0173435778364825));
#7412=CARTESIAN_POINT('',(0.12039544689028,0.0346698133878203,0.0173435778364825));
#7413=CARTESIAN_POINT('',(0.12039544689028,0.0449650875871312,-0.0143420180774418));
#7414=CARTESIAN_POINT('',(-0.036125,0.0449650875871312,-0.0143420180774419));
#7415=CARTESIAN_POINT('',(-0.036125,0.0722999999999985,0.0120549999999988));
#7416=CARTESIAN_POINT('',(-0.036125,0.0407965722429084,-0.00919433033188837));
#7417=CARTESIAN_POINT('',(-0.036125,0.0407965722429084,-0.00919433033188837));
#7418=CARTESIAN_POINT('',(-0.038375,0.0407965722429084,-0.00919433033188837));
#7419=CARTESIAN_POINT('',(-0.038375,0.0722999999999985,0.0120549999999988));
#7420=CARTESIAN_POINT('',(-0.038375,0.0723,0.0120549999999991));
#7421=CARTESIAN_POINT('',(-0.038375,0.061825780478954,-0.0244729444456561));
#7422=CARTESIAN_POINT('',(-0.036125,0.061825780478954,-0.0244729444456561));
#7423=CARTESIAN_POINT('',(-0.036125,0.061825780478954,-0.0244729444456561));
#7424=CARTESIAN_POINT('',(-0.036125,0.0723,0.0120549999999991));
#7425=CARTESIAN_POINT('',(-0.036125,0.055641896422015,-0.0220991737593683));
#7426=CARTESIAN_POINT('',(0.12039544689028,0.0556418964220151,-0.0220991737593683));
#7427=CARTESIAN_POINT('',(-0.0395,0.08588,-0.0246903064216993));
#7428=CARTESIAN_POINT('',(0.027125,0.08588,0.012055));
#7429=CARTESIAN_POINT('',(0.029375,0.08588,0.012055));
#7430=CARTESIAN_POINT('',(0.026,0.0723,-0.025565));
#7431=CARTESIAN_POINT('',(0.026,0.0651149043151814,-0.025565));
#7432=CARTESIAN_POINT('',(0.026,0.0794850956848186,-0.025565));
#7433=CARTESIAN_POINT('',(-0.0395,0.07909,-0.025945));
#7434=CARTESIAN_POINT('',(0.027125,0.0723,-0.025945));
#7435=CARTESIAN_POINT('',(0.027125,0.0831963246588347,-0.025945));
#7436=CARTESIAN_POINT('',(0.029375,0.0723,-0.025945));
#7437=CARTESIAN_POINT('',(0.029375,0.0831963246588347,-0.025945));
#7438=CARTESIAN_POINT('',(0.027125,0.0831963246588347,-0.025945));
#7439=CARTESIAN_POINT('',(0.026,0.0723,0.012055));
#7440=CARTESIAN_POINT('',(0.026,0.112249743398375,0.01405949554851));
#7441=CARTESIAN_POINT('',(0.026,0.112249743398375,0.01515949554851));
#7442=CARTESIAN_POINT('',(0.026,0.103441808408504,-0.0130485409663269));
#7443=CARTESIAN_POINT('',(0.026,0.103441808408504,-0.0119485409663269));
#7444=CARTESIAN_POINT('',(0.026,0.0723,0.012055));
#7445=CARTESIAN_POINT('',(0.026,0.102512271614223,-0.0171206515592779));
#7446=CARTESIAN_POINT('',(0.026,0.0723,0.012055));
#7447=CARTESIAN_POINT('',(0.026,0.113891258887146,0.0179002702403227));
#7448=CARTESIAN_POINT('',(0.026,0.0723,0.0120550000000001));
#7449=CARTESIAN_POINT('',(0.026,0.0723,0.012055));
#7450=CARTESIAN_POINT('',(0.026,0.0827387610777212,0.0506688869729823));
#7451=CARTESIAN_POINT('',(0.026,0.0827387610777212,0.0517688869729823));
#7452=CARTESIAN_POINT('',(0.026,0.105798234251904,0.0339151990385399));
#7453=CARTESIAN_POINT('',(0.026,0.105798234251904,0.0350151990385399));
#7454=CARTESIAN_POINT('',(0.026,0.0723,0.012055));
#7455=CARTESIAN_POINT('',(0.026,0.109383798900075,0.0317728056370075));
#7456=CARTESIAN_POINT('',(0.026,0.0723,0.012055));
#7457=CARTESIAN_POINT('',(0.026,0.0795932234620111,0.0534169256265128));
#7458=CARTESIAN_POINT('',(0.026,0.0723,0.0120550000000001));
#7459=CARTESIAN_POINT('',(0.026,0.0723,0.012055));
#7460=CARTESIAN_POINT('',(0.026,0.0618612389222788,0.0506688869729823));
#7461=CARTESIAN_POINT('',(0.026,0.0618612389222788,0.0517688869729823));
#7462=CARTESIAN_POINT('',(0.026,0.0388017657480962,0.0339151990385399));
#7463=CARTESIAN_POINT('',(0.026,0.0388017657480962,0.0350151990385399));
#7464=CARTESIAN_POINT('',(0.026,0.0723,0.012055));
#7465=CARTESIAN_POINT('',(0.026,0.0650067765379889,0.0534169256265128));
#7466=CARTESIAN_POINT('',(0.026,0.0723,0.012055));
#7467=CARTESIAN_POINT('',(0.026,0.035216201099925,0.0317728056370074));
#7468=CARTESIAN_POINT('',(0.026,0.0723,0.0120550000000001));
#7469=CARTESIAN_POINT('',(0.026,0.0723,0.012055));
#7470=CARTESIAN_POINT('',(0.026,0.0411581915914964,-0.0130485409663269));
#7471=CARTESIAN_POINT('',(0.026,0.0411581915914964,-0.0119485409663269));
#7472=CARTESIAN_POINT('',(0.026,0.032350256601625,0.01405949554851));
#7473=CARTESIAN_POINT('',(0.026,0.032350256601625,0.01515949554851));
#7474=CARTESIAN_POINT('',(0.026,0.0723,0.012055));
#7475=CARTESIAN_POINT('',(0.026,0.0307087411128541,0.0179002702403227));
#7476=CARTESIAN_POINT('',(0.026,0.0723,0.012055));
#7477=CARTESIAN_POINT('',(0.026,0.0420877283857767,-0.0171206515592779));
#7478=CARTESIAN_POINT('',(0.026,0.0723,0.0120550000000001));
#7479=CARTESIAN_POINT('',(0.027125,0.0723,0.012055));
#7480=CARTESIAN_POINT('',(0.027125,0.0547651541284369,-0.0238967618519667));
#7481=CARTESIAN_POINT('',(0.027125,0.0538884118348588,-0.025694349944565));
#7482=CARTESIAN_POINT('',(0.027125,0.0723,0.012054999999999));
#7483=CARTESIAN_POINT('',(0.027125,0.0607232310556861,-0.0283179912294091));
#7484=CARTESIAN_POINT('',(0.027125,0.06127450576732,-0.0263954678375328));
#7485=CARTESIAN_POINT('',(0.029375,0.0723,0.012055));
#7486=CARTESIAN_POINT('',(0.029375,0.06127450576732,-0.0263954678375328));
#7487=CARTESIAN_POINT('',(0.029375,0.060723231055686,-0.0283179912294094));
#7488=CARTESIAN_POINT('',(0.029375,0.0723,0.012054999999999));
#7489=CARTESIAN_POINT('',(0.029375,0.0538884118348588,-0.025694349944565));
#7490=CARTESIAN_POINT('',(0.029375,0.0547651541284369,-0.0238967618519667));
#7491=CARTESIAN_POINT('',(0.027125,0.06127450576732,-0.0263954678375328));
#7492=CARTESIAN_POINT('',(0.027125,0.060723231055686,-0.0283179912294094));
#7493=CARTESIAN_POINT('',(0.027125,0.08332549423268,-0.0263954678375328));
#7494=CARTESIAN_POINT('',(0.029375,0.08332549423268,-0.0263954678375328));
#7495=CARTESIAN_POINT('',(0.029375,0.0838767689443139,-0.0283179912294091));
#7496=CARTESIAN_POINT('',(0.027125,0.083876768944314,-0.0283179912294094));
#7497=CARTESIAN_POINT('',(0.027125,0.083876768944314,-0.0283179912294094));
#7498=CARTESIAN_POINT('',(0.027125,0.08332549423268,-0.0263954678375328));
#7499=CARTESIAN_POINT('',(0.027125,0.0723,0.012055));
#7500=CARTESIAN_POINT('',(0.027125,0.08332549423268,-0.0263954678375328));
#7501=CARTESIAN_POINT('',(0.027125,0.0828569107277911,-0.0247613229544376));
#7502=CARTESIAN_POINT('',(0.027125,0.0828866396422152,-0.024865));
#7503=CARTESIAN_POINT('',(0.027125,0.0723,-0.024865));
#7504=CARTESIAN_POINT('',(0.027125,0.0723,0.012054999999998));
#7505=CARTESIAN_POINT('',(0.029375,0.0723,0.012055));
#7506=CARTESIAN_POINT('',(0.029375,0.0723,-0.024865));
#7507=CARTESIAN_POINT('',(0.029375,0.0828866396422152,-0.024865));
#7508=CARTESIAN_POINT('',(0.029375,0.08332549423268,-0.0263954678375328));
#7509=CARTESIAN_POINT('',(0.029375,0.0828569107277911,-0.0247613229544376));
#7510=CARTESIAN_POINT('',(0.029375,0.0723,0.012054999999998));
#7511=CARTESIAN_POINT('',(0.026,0.0723,-0.001865));
#7512=CARTESIAN_POINT('',(0.0295,0.0723,-0.001865));
#7513=CARTESIAN_POINT('',(-0.101160505581804,0.107617903714357,0.0308338625114357));
#7514=CARTESIAN_POINT('',(0.029375,0.107617903714357,0.0308338625114357));
#7515=CARTESIAN_POINT('',(0.029375,0.109383798900075,0.0317728056370075));
#7516=CARTESIAN_POINT('',(-0.101160505581804,0.109383798900075,0.0317728056370075));
#7517=CARTESIAN_POINT('',(-0.101160505581804,0.111910722749663,0.0176219240384026));
#7518=CARTESIAN_POINT('',(0.029375,0.111910722749663,0.0176219240384026));
#7519=CARTESIAN_POINT('',(0.029375,0.113891258887146,0.0179002702403227));
#7520=CARTESIAN_POINT('',(-0.101160505581804,0.113891258887146,0.0179002702403227));
#7521=CARTESIAN_POINT('',(0.026,0.0723,0.0120550000000001));
#7522=CARTESIAN_POINT('',(0.029375,0.0723000000000009,0.0120550000000006));
#7523=CARTESIAN_POINT('',(0.029375,0.105396451651482,0.0379127819636777));
#7524=CARTESIAN_POINT('',(0.027125,0.105396451651482,0.0379127819636777));
#7525=CARTESIAN_POINT('',(0.027125,0.105396451651482,0.0379127819636776));
#7526=CARTESIAN_POINT('',(0.027125,0.0723000000000009,0.0120550000000006));
#7527=CARTESIAN_POINT('',(0.027125,0.109383798900075,0.0317728056370075));
#7528=CARTESIAN_POINT('',(-0.101160505581804,0.109383798900075,0.0317728056370075));
#7529=CARTESIAN_POINT('',(-0.101160505581804,0.0795932234620111,0.0534169256265128));
#7530=CARTESIAN_POINT('',(0.027125,0.0795932234620111,0.0534169256265128));
#7531=CARTESIAN_POINT('',(0.027125,0.0723,0.0120550000000009));
#7532=CARTESIAN_POINT('',(0.027125,0.0866648460196781,0.0515220900730082));
#7533=CARTESIAN_POINT('',(0.027125,0.0866648460196781,0.0515220900730082));
#7534=CARTESIAN_POINT('',(0.029375,0.0866648460196781,0.0515220900730082));
#7535=CARTESIAN_POINT('',(0.029375,0.0723,0.0120550000000009));
#7536=CARTESIAN_POINT('',(0.029375,0.0795932234620111,0.0534169256265128));
#7537=CARTESIAN_POINT('',(-0.101160505581804,0.0795932234620111,0.0534169256265128));
#7538=CARTESIAN_POINT('',(0.026,0.0723,0.0120550000000001));
#7539=CARTESIAN_POINT('',(0.029375,0.072300000000001,0.012055));
#7540=CARTESIAN_POINT('',(0.029375,0.114274414734802,0.010589221138495));
#7541=CARTESIAN_POINT('',(-0.101160505581804,0.102512271614223,-0.0171206515592779));
#7542=CARTESIAN_POINT('',(0.029375,0.102512271614223,-0.0171206515592779));
#7543=CARTESIAN_POINT('',(0.029375,0.0723000000000008,0.0120549999999994));
#7544=CARTESIAN_POINT('',(0.029375,0.107119578047312,-0.0114311019457714));
#7545=CARTESIAN_POINT('',(0.027125,0.107119578047312,-0.0114311019457714));
#7546=CARTESIAN_POINT('',(0.027125,0.107119578047312,-0.0114311019457713));
#7547=CARTESIAN_POINT('',(0.027125,0.0723000000000008,0.0120549999999994));
#7548=CARTESIAN_POINT('',(0.027125,0.102512271614223,-0.0171206515592779));
#7549=CARTESIAN_POINT('',(-0.101160505581804,0.102512271614223,-0.0171206515592779));
#7550=CARTESIAN_POINT('',(-0.101160505581804,0.113891258887146,0.0179002702403227));
#7551=CARTESIAN_POINT('',(0.027125,0.113891258887146,0.0179002702403227));
#7552=CARTESIAN_POINT('',(0.027125,0.072300000000001,0.012055));
#7553=CARTESIAN_POINT('',(0.027125,0.114274414734802,0.010589221138495));
#7554=CARTESIAN_POINT('',(0.027125,0.114274414734802,0.010589221138495));
#7555=CARTESIAN_POINT('',(-0.101160505581804,0.112249743398375,0.01405949554851));
#7556=CARTESIAN_POINT('',(0.029375,0.112249743398375,0.01405949554851));
#7557=CARTESIAN_POINT('',(0.029375,0.111149743398375,0.01405949554851));
#7558=CARTESIAN_POINT('',(-0.101160505581804,0.105798234251904,0.0339151990385399));
#7559=CARTESIAN_POINT('',(0.029375,0.105798234251904,0.0339151990385399));
#7560=CARTESIAN_POINT('',(0.029375,0.104698234251904,0.0339151990385399));
#7561=CARTESIAN_POINT('',(-0.101160505581804,0.101073592013546,-0.0157313348183599));
#7562=CARTESIAN_POINT('',(0.029375,0.101073592013546,-0.0157313348183599));
#7563=CARTESIAN_POINT('',(-0.101160505581804,0.0898348458715631,-0.0238967618519667));
#7564=CARTESIAN_POINT('',(0.029375,0.0898348458715631,-0.0238967618519667));
#7565=CARTESIAN_POINT('',(0.029375,0.0907115881651412,-0.025694349944565));
#7566=CARTESIAN_POINT('',(-0.101160505581804,0.0907115881651412,-0.025694349944565));
#7567=CARTESIAN_POINT('',(0.026,0.0723,0.0120550000000001));
#7568=CARTESIAN_POINT('',(0.029375,0.0723,0.0120549999999991));
#7569=CARTESIAN_POINT('',(-0.101160505581804,0.0538884118348588,-0.025694349944565));
#7570=CARTESIAN_POINT('',(-0.101160505581804,0.0538884118348588,-0.025694349944565));
#7571=CARTESIAN_POINT('',(-0.101160505581804,0.0907115881651412,-0.025694349944565));
#7572=CARTESIAN_POINT('',(0.027125,0.0907115881651412,-0.025694349944565));
#7573=CARTESIAN_POINT('',(0.027125,0.0723,0.0120549999999991));
#7574=CARTESIAN_POINT('',(0.026,0.0723,0.012054999999998));
#7575=CARTESIAN_POINT('',(0.026,0.0828569107277911,-0.0247613229544376));
#7576=CARTESIAN_POINT('',(-0.101160505581804,0.103441808408504,-0.0130485409663269));
#7577=CARTESIAN_POINT('',(0.029375,0.103441808408504,-0.0130485409663269));
#7578=CARTESIAN_POINT('',(0.029375,0.103441808408504,-0.0119485409663269));
#7579=CARTESIAN_POINT('',(-0.101160505581804,0.0547651541284369,-0.0238967618519666));
#7580=CARTESIAN_POINT('',(-0.101160505581804,0.0435264079864539,-0.0157313348183599));
#7581=CARTESIAN_POINT('',(0.029375,0.0435264079864539,-0.0157313348183599));
#7582=CARTESIAN_POINT('',(0.029375,0.0420877283857767,-0.0171206515592779));
#7583=CARTESIAN_POINT('',(-0.101160505581804,0.0420877283857767,-0.0171206515592779));
#7584=CARTESIAN_POINT('',(0.026,0.0723,0.0120550000000001));
#7585=CARTESIAN_POINT('',(0.029375,0.0722999999999992,0.0120549999999994));
#7586=CARTESIAN_POINT('',(0.029375,0.0374804219526884,-0.0114311019457713));
#7587=CARTESIAN_POINT('',(-0.101160505581804,0.0307087411128541,0.0179002702403227));
#7588=CARTESIAN_POINT('',(0.029375,0.0307087411128541,0.0179002702403227));
#7589=CARTESIAN_POINT('',(0.029375,0.072299999999999,0.012055));
#7590=CARTESIAN_POINT('',(0.029375,0.030325585265198,0.010589221138495));
#7591=CARTESIAN_POINT('',(0.027125,0.030325585265198,0.010589221138495));
#7592=CARTESIAN_POINT('',(0.027125,0.0303255852651981,0.010589221138495));
#7593=CARTESIAN_POINT('',(0.027125,0.072299999999999,0.012055));
#7594=CARTESIAN_POINT('',(0.027125,0.0307087411128541,0.0179002702403227));
#7595=CARTESIAN_POINT('',(-0.101160505581804,0.0307087411128541,0.0179002702403227));
#7596=CARTESIAN_POINT('',(-0.101160505581804,0.0420877283857767,-0.0171206515592779));
#7597=CARTESIAN_POINT('',(0.027125,0.0420877283857767,-0.0171206515592779));
#7598=CARTESIAN_POINT('',(0.027125,0.0722999999999992,0.0120549999999994));
#7599=CARTESIAN_POINT('',(0.027125,0.0374804219526882,-0.0114311019457714));
#7600=CARTESIAN_POINT('',(0.027125,0.0374804219526882,-0.0114311019457714));
#7601=CARTESIAN_POINT('',(0.026,0.0723,0.012054999999998));
#7602=CARTESIAN_POINT('',(0.026,0.0617430892722089,-0.0247613229544376));
#7603=CARTESIAN_POINT('',(0.027125,0.0617430892722089,-0.0247613229544376));
#7604=CARTESIAN_POINT('',(0.029375,0.0617430892722089,-0.0247613229544376));
#7605=CARTESIAN_POINT('',(0.029375,0.0723,0.012054999999998));
#7606=CARTESIAN_POINT('',(0.027125,0.0723,0.012054999999998));
#7607=CARTESIAN_POINT('',(-0.101160505581804,0.0411581915914964,-0.0130485409663268));
#7608=CARTESIAN_POINT('',(0.029375,0.0411581915914964,-0.0130485409663269));
#7609=CARTESIAN_POINT('',(0.029375,0.0411581915914964,-0.0119485409663269));
#7610=CARTESIAN_POINT('',(-0.101160505581804,0.0326892772503371,0.0176219240384026));
#7611=CARTESIAN_POINT('',(0.029375,0.0326892772503371,0.0176219240384026));
#7612=CARTESIAN_POINT('',(-0.101160505581804,0.0369820962856429,0.0308338625114357));
#7613=CARTESIAN_POINT('',(0.029375,0.0369820962856429,0.0308338625114357));
#7614=CARTESIAN_POINT('',(0.029375,0.035216201099925,0.0317728056370074));
#7615=CARTESIAN_POINT('',(-0.101160505581804,0.0352162010999251,0.0317728056370075));
#7616=CARTESIAN_POINT('',(0.026,0.0723,0.0120550000000001));
#7617=CARTESIAN_POINT('',(0.029375,0.0722999999999992,0.0120550000000005));
#7618=CARTESIAN_POINT('',(0.029375,0.0392035483485177,0.0379127819636776));
#7619=CARTESIAN_POINT('',(-0.101160505581804,0.0650067765379889,0.0534169256265128));
#7620=CARTESIAN_POINT('',(0.029375,0.0650067765379889,0.0534169256265128));
#7621=CARTESIAN_POINT('',(0.029375,0.0723,0.012055000000001));
#7622=CARTESIAN_POINT('',(0.029375,0.0579351539803219,0.0515220900730082));
#7623=CARTESIAN_POINT('',(0.027125,0.0579351539803219,0.0515220900730082));
#7624=CARTESIAN_POINT('',(0.027125,0.0579351539803219,0.0515220900730082));
#7625=CARTESIAN_POINT('',(0.027125,0.0723,0.012055000000001));
#7626=CARTESIAN_POINT('',(0.027125,0.0650067765379889,0.0534169256265128));
#7627=CARTESIAN_POINT('',(-0.101160505581804,0.0650067765379889,0.0534169256265128));
#7628=CARTESIAN_POINT('',(-0.101160505581804,0.0352162010999251,0.0317728056370075));
#7629=CARTESIAN_POINT('',(0.027125,0.035216201099925,0.0317728056370074));
#7630=CARTESIAN_POINT('',(0.027125,0.0722999999999992,0.0120550000000005));
#7631=CARTESIAN_POINT('',(0.027125,0.0392035483485177,0.0379127819636777));
#7632=CARTESIAN_POINT('',(0.027125,0.0392035483485177,0.0379127819636777));
#7633=CARTESIAN_POINT('',(-0.101160505581804,0.0388017657480962,0.0339151990385399));
#7634=CARTESIAN_POINT('',(0.029375,0.0388017657480962,0.0339151990385399));
#7635=CARTESIAN_POINT('',(0.029375,0.0377017657480962,0.0339151990385399));
#7636=CARTESIAN_POINT('',(-0.101160505581804,0.032350256601625,0.01405949554851));
#7637=CARTESIAN_POINT('',(0.029375,0.032350256601625,0.01405949554851));
#7638=CARTESIAN_POINT('',(0.029375,0.0312502566016251,0.01405949554851));
#7639=CARTESIAN_POINT('',(-0.101160505581804,0.0653540728933228,0.0514473101204884));
#7640=CARTESIAN_POINT('',(0.029375,0.0653540728933228,0.0514473101204884));
#7641=CARTESIAN_POINT('',(-0.101160505581804,0.0792459271066772,0.0514473101204884));
#7642=CARTESIAN_POINT('',(0.029375,0.0792459271066772,0.0514473101204884));
#7643=CARTESIAN_POINT('',(-0.101160505581804,0.0827387610777212,0.0506688869729823));
#7644=CARTESIAN_POINT('',(0.029375,0.0827387610777212,0.0506688869729823));
#7645=CARTESIAN_POINT('',(0.029375,0.0827387610777212,0.0517688869729823));
#7646=CARTESIAN_POINT('',(-0.101160505581804,0.0618612389222788,0.0506688869729823));
#7647=CARTESIAN_POINT('',(0.029375,0.0618612389222788,0.0506688869729823));
#7648=CARTESIAN_POINT('',(0.029375,0.0618612389222788,0.0517688869729823));
#7649=CARTESIAN_POINT('',(-0.101160505581804,0.0653540728933228,0.0514473101204884));
#7650=CARTESIAN_POINT('',(0.027125,0.0653540728933228,0.0514473101204884));
#7651=CARTESIAN_POINT('',(-0.101160505581804,0.0792459271066772,0.0514473101204884));
#7652=CARTESIAN_POINT('',(0.027125,0.0792459271066772,0.0514473101204884));
#7653=CARTESIAN_POINT('',(-0.101160505581804,0.0827387610777212,0.0506688869729823));
#7654=CARTESIAN_POINT('',(0.027125,0.0827387610777212,0.0506688869729823));
#7655=CARTESIAN_POINT('',(0.027125,0.0827387610777212,0.0517688869729823));
#7656=CARTESIAN_POINT('',(-0.101160505581804,0.0618612389222788,0.0506688869729823));
#7657=CARTESIAN_POINT('',(0.027125,0.0618612389222788,0.0506688869729823));
#7658=CARTESIAN_POINT('',(0.027125,0.0618612389222788,0.0517688869729823));
#7659=CARTESIAN_POINT('',(0.027125,0.0723,0.012055));
#7660=CARTESIAN_POINT('',(0.027125,0.0586191942669733,0.0496427048314364));
#7661=CARTESIAN_POINT('',(0.029375,0.0723,0.012055));
#7662=CARTESIAN_POINT('',(0.029375,0.0586191942669733,0.0496427048314364));
#7663=CARTESIAN_POINT('',(0.027125,0.0586191942669733,0.0496427048314364));
#7664=CARTESIAN_POINT('',(0.027125,0.0859808057330267,0.0496427048314364));
#7665=CARTESIAN_POINT('',(0.029375,0.0859808057330267,0.0496427048314364));
#7666=CARTESIAN_POINT('',(0.027125,0.0859808057330267,0.0496427048314364));
#7667=CARTESIAN_POINT('',(0.027125,0.0723,0.012055));
#7668=CARTESIAN_POINT('',(0.029375,0.0723,0.012055));
#7669=CARTESIAN_POINT('',(-0.101160505581804,0.0326892772503371,0.0176219240384026));
#7670=CARTESIAN_POINT('',(0.027125,0.0326892772503371,0.0176219240384026));
#7671=CARTESIAN_POINT('',(-0.101160505581804,0.0369820962856429,0.0308338625114357));
#7672=CARTESIAN_POINT('',(0.027125,0.0369820962856429,0.0308338625114357));
#7673=CARTESIAN_POINT('',(-0.101160505581804,0.0388017657480962,0.0339151990385399));
#7674=CARTESIAN_POINT('',(0.027125,0.0388017657480962,0.0339151990385399));
#7675=CARTESIAN_POINT('',(0.027125,0.0377017657480962,0.0339151990385399));
#7676=CARTESIAN_POINT('',(-0.101160505581804,0.032350256601625,0.01405949554851));
#7677=CARTESIAN_POINT('',(0.027125,0.032350256601625,0.01405949554851));
#7678=CARTESIAN_POINT('',(0.027125,0.0312502566016251,0.01405949554851));
#7679=CARTESIAN_POINT('',(0.027125,0.0723,0.012055));
#7680=CARTESIAN_POINT('',(0.027125,0.0323243669192361,0.0106590201319));
#7681=CARTESIAN_POINT('',(0.029375,0.0723,0.012055));
#7682=CARTESIAN_POINT('',(0.029375,0.0323243669192361,0.0106590201319));
#7683=CARTESIAN_POINT('',(0.027125,0.0323243669192361,0.0106590201319));
#7684=CARTESIAN_POINT('',(0.027125,0.0407795698557311,0.0366814590130264));
#7685=CARTESIAN_POINT('',(0.029375,0.0407795698557311,0.0366814590130264));
#7686=CARTESIAN_POINT('',(0.027125,0.0407795698557311,0.0366814590130264));
#7687=CARTESIAN_POINT('',(0.027125,0.0723,0.012055));
#7688=CARTESIAN_POINT('',(0.029375,0.0723,0.012055));
#7689=CARTESIAN_POINT('',(-0.101160505581804,0.0547651541284369,-0.0238967618519666));
#7690=CARTESIAN_POINT('',(-0.101160505581804,0.0435264079864539,-0.0157313348183599));
#7691=CARTESIAN_POINT('',(0.027125,0.0435264079864539,-0.0157313348183599));
#7692=CARTESIAN_POINT('',(-0.101160505581804,0.0411581915914964,-0.0130485409663268));
#7693=CARTESIAN_POINT('',(0.027125,0.0411581915914964,-0.0130485409663269));
#7694=CARTESIAN_POINT('',(0.027125,0.0411581915914964,-0.0119485409663269));
#7695=CARTESIAN_POINT('',(0.027125,0.0723,0.012055));
#7696=CARTESIAN_POINT('',(0.027125,0.0723,-0.024865));
#7697=CARTESIAN_POINT('',(0.027125,0.0617133603577848,-0.024865));
#7698=CARTESIAN_POINT('',(0.027125,0.06127450576732,-0.0263954678375328));
#7699=CARTESIAN_POINT('',(0.029375,0.0723,0.012055));
#7700=CARTESIAN_POINT('',(0.029375,0.06127450576732,-0.0263954678375328));
#7701=CARTESIAN_POINT('',(0.029375,0.0617133603577848,-0.024865));
#7702=CARTESIAN_POINT('',(0.029375,0.0723,-0.024865));
#7703=CARTESIAN_POINT('',(0.027125,0.06127450576732,-0.0263954678375328));
#7704=CARTESIAN_POINT('',(0.027125,0.0617133603577848,-0.024865));
#7705=CARTESIAN_POINT('',(0.027125,0.0391384970977983,-0.0103127161388299));
#7706=CARTESIAN_POINT('',(0.029375,0.0391384970977983,-0.0103127161388299));
#7707=CARTESIAN_POINT('',(0.027125,0.0391384970977983,-0.0103127161388299));
#7708=CARTESIAN_POINT('',(0.027125,0.0723,0.012055));
#7709=CARTESIAN_POINT('',(0.029375,0.0723,0.012055));
#7710=CARTESIAN_POINT('',(-0.101160505581804,0.101073592013546,-0.0157313348183599));
#7711=CARTESIAN_POINT('',(0.027125,0.101073592013546,-0.0157313348183599));
#7712=CARTESIAN_POINT('',(-0.101160505581804,0.0898348458715631,-0.0238967618519667));
#7713=CARTESIAN_POINT('',(0.027125,0.0898348458715631,-0.0238967618519667));
#7714=CARTESIAN_POINT('',(-0.101160505581804,0.0865515381843113,-0.0253200405937053));
#7715=CARTESIAN_POINT('',(-0.036125,0.0865515381843113,-0.0253200405937053));
#7716=CARTESIAN_POINT('',(-0.036125,0.0865515381843113,-0.0264200405937053));
#7717=CARTESIAN_POINT('',(-0.101160505581804,0.103441808408504,-0.0130485409663269));
#7718=CARTESIAN_POINT('',(0.027125,0.103441808408504,-0.0130485409663269));
#7719=CARTESIAN_POINT('',(0.027125,0.103441808408504,-0.0119485409663269));
#7720=CARTESIAN_POINT('',(0.027125,0.0723,0.012055));
#7721=CARTESIAN_POINT('',(0.027125,0.105461502902202,-0.0103127161388299));
#7722=CARTESIAN_POINT('',(0.029375,0.0723,0.012055));
#7723=CARTESIAN_POINT('',(0.029375,0.105461502902202,-0.0103127161388299));
#7724=CARTESIAN_POINT('',(0.027125,0.105461502902202,-0.0103127161388299));
#7725=CARTESIAN_POINT('',(0.027125,0.08332549423268,-0.0263954678375328));
#7726=CARTESIAN_POINT('',(0.027125,0.0828866396422152,-0.024865));
#7727=CARTESIAN_POINT('',(0.027125,0.0723,0.012055));
#7728=CARTESIAN_POINT('',(0.029375,0.0723,0.012055));
#7729=CARTESIAN_POINT('',(-0.101160505581804,0.107617903714357,0.0308338625114357));
#7730=CARTESIAN_POINT('',(0.027125,0.107617903714357,0.0308338625114357));
#7731=CARTESIAN_POINT('',(-0.101160505581804,0.111910722749663,0.0176219240384026));
#7732=CARTESIAN_POINT('',(0.027125,0.111910722749663,0.0176219240384026));
#7733=CARTESIAN_POINT('',(-0.101160505581804,0.112249743398375,0.01405949554851));
#7734=CARTESIAN_POINT('',(0.027125,0.112249743398375,0.01405949554851));
#7735=CARTESIAN_POINT('',(0.027125,0.111149743398375,0.01405949554851));
#7736=CARTESIAN_POINT('',(-0.101160505581804,0.105798234251904,0.0339151990385399));
#7737=CARTESIAN_POINT('',(0.027125,0.105798234251904,0.0339151990385399));
#7738=CARTESIAN_POINT('',(0.027125,0.104698234251904,0.0339151990385399));
#7739=CARTESIAN_POINT('',(0.027125,0.0723,0.012055));
#7740=CARTESIAN_POINT('',(0.027125,0.103820430144269,0.0366814590130264));
#7741=CARTESIAN_POINT('',(0.029375,0.0723,0.012055));
#7742=CARTESIAN_POINT('',(0.029375,0.103820430144269,0.0366814590130264));
#7743=CARTESIAN_POINT('',(0.027125,0.103820430144269,0.0366814590130264));
#7744=CARTESIAN_POINT('',(0.027125,0.112275633080764,0.0106590201319));
#7745=CARTESIAN_POINT('',(0.029375,0.112275633080764,0.0106590201319));
#7746=CARTESIAN_POINT('',(0.027125,0.112275633080764,0.0106590201319));
#7747=CARTESIAN_POINT('',(0.027125,0.0723,0.012055));
#7748=CARTESIAN_POINT('',(0.029375,0.0723,0.012055));
#7749=CARTESIAN_POINT('',(0.0295,0.0723,0.012055));
#7750=CARTESIAN_POINT('',(-0.0395,0.0830475993596584,-0.024865));
#7751=CARTESIAN_POINT('',(-0.0395,0.0830475993596584,-0.024865));
#7752=CARTESIAN_POINT('',(0.0295,0.0723,0.025135));
#7753=CARTESIAN_POINT('',(-0.0095,0.0723,0.025135));
#7754=CARTESIAN_POINT('',(0.0285,0.0723,0.025135));
#7755=CARTESIAN_POINT('',(0.026,0.0723,0.0120550000000001));
#7756=CARTESIAN_POINT('',(0.025125,0.0420503180002287,0.0382266781829654));
#7757=CARTESIAN_POINT('',(0.028,0.0420503180002287,0.0382266781829654));
#7758=CARTESIAN_POINT('',(0.0285,0.0420503180002287,0.0382266781829654));
#7759=CARTESIAN_POINT('',(0.028,0.0723,0.0120550000000001));
#7760=CARTESIAN_POINT('',(0.028,0.0567569207340783,0.0489116505115871));
#7761=CARTESIAN_POINT('',(0.025125,0.0567569207340783,0.0489116505115871));
#7762=CARTESIAN_POINT('',(0.0285,0.0567569207340783,0.0489116505115871));
#7763=CARTESIAN_POINT('',(0.0285,0.0723,0.0120550000000001));
#7764=CARTESIAN_POINT('',(0.026,0.0723,0.0120550000000001));
#7765=CARTESIAN_POINT('',(0.025125,0.0380615891093439,-0.00862666385189025));
#7766=CARTESIAN_POINT('',(0.028,0.0380615891093439,-0.00862666385189025));
#7767=CARTESIAN_POINT('',(0.0285,0.0380615891093439,-0.00862666385189025));
#7768=CARTESIAN_POINT('',(0.028,0.0723,0.0120550000000001));
#7769=CARTESIAN_POINT('',(0.028,0.0324441667240554,0.00866198454467158));
#7770=CARTESIAN_POINT('',(0.025125,0.0324441667240554,0.00866198454467158));
#7771=CARTESIAN_POINT('',(0.0285,0.0324441667240554,0.00866198454467158));
#7772=CARTESIAN_POINT('',(0.0285,0.0723,0.0120550000000001));
#7773=CARTESIAN_POINT('',(0.026,0.0723,0.0120550000000001));
#7774=CARTESIAN_POINT('',(0.025125,0.112155833275945,0.0086619845446716));
#7775=CARTESIAN_POINT('',(0.028,0.112155833275945,0.0086619845446716));
#7776=CARTESIAN_POINT('',(0.0285,0.112155833275945,0.0086619845446716));
#7777=CARTESIAN_POINT('',(0.028,0.0723,0.0120550000000001));
#7778=CARTESIAN_POINT('',(0.028,0.106538410890656,-0.00862666385189024));
#7779=CARTESIAN_POINT('',(0.025125,0.106538410890656,-0.00862666385189023));
#7780=CARTESIAN_POINT('',(0.0285,0.106538410890656,-0.00862666385189024));
#7781=CARTESIAN_POINT('',(0.0285,0.0723,0.0120550000000001));
#7782=CARTESIAN_POINT('',(0.026,0.0723,0.0120550000000001));
#7783=CARTESIAN_POINT('',(0.0285,0.0723,0.0120550000000001));
#7784=CARTESIAN_POINT('',(0.0285,0.0878430792659217,0.0489116505115871));
#7785=CARTESIAN_POINT('',(0.0285,0.102549681999771,0.0382266781829654));
#7786=CARTESIAN_POINT('',(0.025125,0.0878430792659217,0.0489116505115871));
#7787=CARTESIAN_POINT('',(0.028,0.0878430792659217,0.0489116505115871));
#7788=CARTESIAN_POINT('',(0.028,0.0723,0.0120550000000001));
#7789=CARTESIAN_POINT('',(0.028,0.102549681999771,0.0382266781829654));
#7790=CARTESIAN_POINT('',(0.025125,0.102549681999771,0.0382266781829654));
#7791=CARTESIAN_POINT('',(0.0285,0.0723,0.012055));
#7792=CARTESIAN_POINT('',(0.0285,0.0711816141930585,0.0137130751451101));
#7793=CARTESIAN_POINT('',(0.0285,0.0323941659126412,0.00866023847786178));
#7794=CARTESIAN_POINT('',(0.0285,0.0735313229506513,0.0136310215072134));
#7795=CARTESIAN_POINT('',(0.0285,0.0567398090254014,0.048958664544785));
#7796=CARTESIAN_POINT('',(0.0285,0.0741793852415718,0.0113709597133487));
#7797=CARTESIAN_POINT('',(0.0285,0.102589107193618,0.0382574805202398));
#7798=CARTESIAN_POINT('',(0.0285,0.072230201006595,0.0100562183459619));
#7799=CARTESIAN_POINT('',(0.0285,0.106579888709143,-0.00865464099371978));
#7800=CARTESIAN_POINT('',(0.027125,0.102589107193618,0.0382574805202398));
#7801=CARTESIAN_POINT('',(0.028,0.0710686770493487,0.0136310215072134));
#7802=CARTESIAN_POINT('',(0.027125,0.0878601909745986,0.048958664544785));
#7803=CARTESIAN_POINT('',(0.028,0.0878601909745986,0.048958664544785));
#7804=CARTESIAN_POINT('',(0.028,0.0723,0.012055));
#7805=CARTESIAN_POINT('',(0.027125,0.112205834087359,0.00866023847786181));
#7806=CARTESIAN_POINT('',(0.028,0.112205834087359,0.00866023847786181));
#7807=CARTESIAN_POINT('',(0.028,0.0723,0.012055));
#7808=CARTESIAN_POINT('',(0.028,0.0734183858069415,0.0137130751451101));
#7809=CARTESIAN_POINT('',(0.027125,0.106579888709143,-0.00865464099371978));
#7810=CARTESIAN_POINT('',(0.027125,0.0380201112908568,-0.0086546409937198));
#7811=CARTESIAN_POINT('',(0.028,0.0380201112908568,-0.0086546409937198));
#7812=CARTESIAN_POINT('',(0.028,0.0723,0.012055));
#7813=CARTESIAN_POINT('',(0.028,0.072369798993405,0.0100562183459618));
#7814=CARTESIAN_POINT('',(0.027125,0.0323941659126412,0.00866023847786178));
#7815=CARTESIAN_POINT('',(0.027125,0.0420108928063824,0.0382574805202398));
#7816=CARTESIAN_POINT('',(0.028,0.0420108928063824,0.0382574805202398));
#7817=CARTESIAN_POINT('',(0.028,0.0723,0.012055));
#7818=CARTESIAN_POINT('',(0.028,0.0704206147584282,0.0113709597133487));
#7819=CARTESIAN_POINT('',(0.027125,0.0567398090254014,0.048958664544785));
#7820=CARTESIAN_POINT('',(0.015,0.0852096551122208,-0.0234139859137737));
#7821=CARTESIAN_POINT('',(0.015,0.0852096551122208,-0.0234139859137737));
#7822=CARTESIAN_POINT('',(-0.0045,0.0856038304325932,-0.0244969737058031));
#7823=CARTESIAN_POINT('',(0.043002,0.0723,0.012055));
#7824=CARTESIAN_POINT('',(0.043,0.0723,0.012055));
#7825=CARTESIAN_POINT('',(0.043,0.0723,0.002555));
#7826=CARTESIAN_POINT('',(0.043,0.0723,0.012055));
#7827=CARTESIAN_POINT('',(-0.0095,0.0723,0.012055));
#7828=CARTESIAN_POINT('',(-0.0095,0.0889536831921949,-0.10584044689028));
#7829=CARTESIAN_POINT('',(-0.0095,0.0889536831921949,-0.0265021632272657));
#7830=CARTESIAN_POINT('',(-0.0095,0.0723,0.012055));
#7831=CARTESIAN_POINT('',(0.0105,0.0723,0.012055));
#7832=CARTESIAN_POINT('',(0.12039544689028,0.0792459271066772,0.0514473101204884));
#7833=CARTESIAN_POINT('',(-0.036125,0.0792459271066772,0.0514473101204884));
#7834=CARTESIAN_POINT('',(0.12039544689028,0.0653540728933228,0.0514473101204884));
#7835=CARTESIAN_POINT('',(-0.036125,0.0653540728933228,0.0514473101204884));
#7836=CARTESIAN_POINT('',(0.12039544689028,0.0827387610777212,0.0506688869729823));
#7837=CARTESIAN_POINT('',(-0.036125,0.0827387610777212,0.0506688869729823));
#7838=CARTESIAN_POINT('',(-0.036125,0.0827387610777212,0.0495688869729823));
#7839=CARTESIAN_POINT('',(0.12039544689028,0.0618612389222788,0.0506688869729823));
#7840=CARTESIAN_POINT('',(-0.036125,0.0618612389222788,0.0506688869729823));
#7841=CARTESIAN_POINT('',(-0.036125,0.0618612389222788,0.0495688869729823));
#7842=CARTESIAN_POINT('',(-0.036125,0.0586191942669733,0.0496427048314364));
#7843=CARTESIAN_POINT('',(-0.038375,0.0586191942669733,0.0496427048314364));
#7844=CARTESIAN_POINT('',(-0.036125,0.0586191942669733,0.0496427048314364));
#7845=CARTESIAN_POINT('',(-0.036125,0.0723,0.012055));
#7846=CARTESIAN_POINT('',(-0.038375,0.0723,0.012055));
#7847=CARTESIAN_POINT('',(-0.036125,0.0723,0.012055));
#7848=CARTESIAN_POINT('',(-0.036125,0.0859808057330267,0.0496427048314364));
#7849=CARTESIAN_POINT('',(-0.038375,0.0723,0.012055));
#7850=CARTESIAN_POINT('',(-0.038375,0.0859808057330267,0.0496427048314364));
#7851=CARTESIAN_POINT('',(-0.036125,0.0859808057330267,0.0496427048314364));
#7852=CARTESIAN_POINT('',(0.12039544689028,0.0326892772503372,0.0176219240384026));
#7853=CARTESIAN_POINT('',(-0.036125,0.0326892772503371,0.0176219240384026));
#7854=CARTESIAN_POINT('',(0.12039544689028,0.0369820962856429,0.0308338625114357));
#7855=CARTESIAN_POINT('',(-0.036125,0.0369820962856429,0.0308338625114357));
#7856=CARTESIAN_POINT('',(0.12039544689028,0.0388017657480962,0.0339151990385399));
#7857=CARTESIAN_POINT('',(-0.036125,0.0388017657480962,0.0339151990385399));
#7858=CARTESIAN_POINT('',(-0.036125,0.0399017657480962,0.0339151990385399));
#7859=CARTESIAN_POINT('',(0.12039544689028,0.032350256601625,0.01405949554851));
#7860=CARTESIAN_POINT('',(-0.036125,0.032350256601625,0.01405949554851));
#7861=CARTESIAN_POINT('',(-0.036125,0.033450256601625,0.01405949554851));
#7862=CARTESIAN_POINT('',(-0.036125,0.0323243669192361,0.0106590201319));
#7863=CARTESIAN_POINT('',(-0.038375,0.0323243669192361,0.0106590201319));
#7864=CARTESIAN_POINT('',(-0.036125,0.0323243669192361,0.0106590201319));
#7865=CARTESIAN_POINT('',(-0.036125,0.0723,0.012055));
#7866=CARTESIAN_POINT('',(-0.038375,0.0723,0.012055));
#7867=CARTESIAN_POINT('',(-0.036125,0.0723,0.012055));
#7868=CARTESIAN_POINT('',(-0.036125,0.0407795698557311,0.0366814590130264));
#7869=CARTESIAN_POINT('',(-0.038375,0.0723,0.012055));
#7870=CARTESIAN_POINT('',(-0.038375,0.0407795698557311,0.0366814590130264));
#7871=CARTESIAN_POINT('',(-0.036125,0.0407795698557311,0.0366814590130264));
#7872=CARTESIAN_POINT('',(0.12039544689028,0.0547651541284369,-0.0238967618519666));
#7873=CARTESIAN_POINT('',(-0.036125,0.0547651541284369,-0.0238967618519667));
#7874=CARTESIAN_POINT('',(0.12039544689028,0.0435264079864539,-0.0157313348183599));
#7875=CARTESIAN_POINT('',(-0.036125,0.0435264079864539,-0.0157313348183599));
#7876=CARTESIAN_POINT('',(0.12039544689028,0.0411581915914964,-0.0130485409663268));
#7877=CARTESIAN_POINT('',(-0.036125,0.0411581915914964,-0.0130485409663269));
#7878=CARTESIAN_POINT('',(-0.036125,0.0411581915914964,-0.0141485409663269));
#7879=CARTESIAN_POINT('',(-0.036125,0.0723,0.012055));
#7880=CARTESIAN_POINT('',(-0.036125,0.0391384970977983,-0.0103127161388299));
#7881=CARTESIAN_POINT('',(-0.038375,0.0723,0.012055));
#7882=CARTESIAN_POINT('',(-0.038375,0.0391384970977983,-0.0103127161388299));
#7883=CARTESIAN_POINT('',(-0.036125,0.0391384970977983,-0.0103127161388299));
#7884=CARTESIAN_POINT('',(-0.036125,0.0723,0.012055));
#7885=CARTESIAN_POINT('',(-0.036125,0.06127450576732,-0.0263954678375328));
#7886=CARTESIAN_POINT('',(-0.038375,0.0723,0.012055));
#7887=CARTESIAN_POINT('',(-0.038375,0.06127450576732,-0.0263954678375328));
#7888=CARTESIAN_POINT('',(-0.036125,0.06127450576732,-0.0263954678375328));
#7889=CARTESIAN_POINT('',(0.12039544689028,0.101073592013546,-0.0157313348183599));
#7890=CARTESIAN_POINT('',(-0.036125,0.101073592013546,-0.0157313348183599));
#7891=CARTESIAN_POINT('',(0.12039544689028,0.0898348458715631,-0.0238967618519667));
#7892=CARTESIAN_POINT('',(-0.036125,0.0898348458715631,-0.0238967618519667));
#7893=CARTESIAN_POINT('',(0.12039544689028,0.103441808408504,-0.0130485409663269));
#7894=CARTESIAN_POINT('',(-0.036125,0.103441808408504,-0.0130485409663269));
#7895=CARTESIAN_POINT('',(-0.036125,0.103441808408504,-0.0141485409663269));
#7896=CARTESIAN_POINT('',(-0.036125,0.105461502902202,-0.0103127161388299));
#7897=CARTESIAN_POINT('',(-0.038375,0.105461502902202,-0.0103127161388299));
#7898=CARTESIAN_POINT('',(-0.036125,0.105461502902202,-0.0103127161388299));
#7899=CARTESIAN_POINT('',(-0.036125,0.0723,0.012055));
#7900=CARTESIAN_POINT('',(-0.038375,0.0723,0.012055));
#7901=CARTESIAN_POINT('',(-0.036125,0.08332549423268,-0.0263954678375328));
#7902=CARTESIAN_POINT('',(-0.038375,0.08332549423268,-0.0263954678375328));
#7903=CARTESIAN_POINT('',(-0.036125,0.08332549423268,-0.0263954678375328));
#7904=CARTESIAN_POINT('',(-0.036125,0.0723,0.012055));
#7905=CARTESIAN_POINT('',(-0.038375,0.0723,0.012055));
#7906=CARTESIAN_POINT('',(0.12039544689028,0.107617903714357,0.0308338625114357));
#7907=CARTESIAN_POINT('',(-0.036125,0.107617903714357,0.0308338625114357));
#7908=CARTESIAN_POINT('',(0.12039544689028,0.111910722749663,0.0176219240384026));
#7909=CARTESIAN_POINT('',(-0.036125,0.111910722749663,0.0176219240384026));
#7910=CARTESIAN_POINT('',(0.12039544689028,0.112249743398375,0.01405949554851));
#7911=CARTESIAN_POINT('',(-0.036125,0.112249743398375,0.01405949554851));
#7912=CARTESIAN_POINT('',(-0.036125,0.113349743398375,0.01405949554851));
#7913=CARTESIAN_POINT('',(0.12039544689028,0.105798234251904,0.0339151990385399));
#7914=CARTESIAN_POINT('',(-0.036125,0.105798234251904,0.0339151990385399));
#7915=CARTESIAN_POINT('',(-0.036125,0.106898234251904,0.0339151990385399));
#7916=CARTESIAN_POINT('',(-0.036125,0.103820430144269,0.0366814590130264));
#7917=CARTESIAN_POINT('',(-0.038375,0.103820430144269,0.0366814590130264));
#7918=CARTESIAN_POINT('',(-0.036125,0.103820430144269,0.0366814590130264));
#7919=CARTESIAN_POINT('',(-0.036125,0.0723,0.012055));
#7920=CARTESIAN_POINT('',(-0.038375,0.0723,0.012055));
#7921=CARTESIAN_POINT('',(-0.036125,0.0723,0.012055));
#7922=CARTESIAN_POINT('',(-0.036125,0.112275633080764,0.0106590201319));
#7923=CARTESIAN_POINT('',(-0.038375,0.0723,0.012055));
#7924=CARTESIAN_POINT('',(-0.038375,0.112275633080764,0.0106590201319));
#7925=CARTESIAN_POINT('',(-0.036125,0.112275633080764,0.0106590201319));
#7926=CARTESIAN_POINT('',(-0.0195,0.0723,0.012055));
#7927=CARTESIAN_POINT('',(-0.0195,0.0723,0.012055));
#7928=CARTESIAN_POINT('',(-0.0195,0.0589536831921949,0.0518780564832196));
#7929=CARTESIAN_POINT('',(-0.0195,0.0589536831921949,-0.10584044689028));
#7930=CARTESIAN_POINT('',(-0.0195,0.06172,-0.0234356128433984));
#7931=CARTESIAN_POINT('',(0.0105,0.0723,0.012055));
#7932=CARTESIAN_POINT('',(0.0105,0.0723,0.012055));
#7933=CARTESIAN_POINT('',(0.0105,0.0723,0.054055));
#7934=CARTESIAN_POINT('',(-0.0195,0.0723,0.012055));
#7935=CARTESIAN_POINT('',(-0.0195,0.0889536831921949,-0.0265021632272657));
#7936=CARTESIAN_POINT('',(-0.0195,0.0889536831921949,0.0506121632272657));
#7937=CARTESIAN_POINT('',(-0.0095,0.0889536831921949,0.0506121632272657));
#7938=CARTESIAN_POINT('',(-0.0095,0.0723,0.012055));
#7939=CARTESIAN_POINT('',(-0.0095,0.0589536831921949,0.0518780564832196));
#7940=CARTESIAN_POINT('',(-0.0195,0.0589536831921949,0.0518780564832196));
#7941=CARTESIAN_POINT('',(0.12039544689028,0.0856463168078051,-0.020945));
#7942=CARTESIAN_POINT('',(0.12039544689028,0.0856463168078051,-0.0234356128433984));
#7943=CARTESIAN_POINT('',(-0.0195,0.0856463168078051,-0.0234356128433984));
#7944=CARTESIAN_POINT('',(-0.0195,0.0856463168078051,-0.020945));
#7945=CARTESIAN_POINT('',(-0.0395,0.08288,-0.0234356128433984));
#7946=CARTESIAN_POINT('',(-0.0195,0.08288,-0.0234356128433984));
#7947=CARTESIAN_POINT('',(-0.0395,0.06172,-0.0234356128433984));
#7948=CARTESIAN_POINT('',(-0.0195,0.0739536831921949,-0.10584044689028));
#7949=CARTESIAN_POINT('',(-0.0195,0.0889536831921949,-0.10584044689028));
#7950=CARTESIAN_POINT('',(-0.0145,0.0889536831921949,-0.10584044689028));
#7951=CARTESIAN_POINT('',(-0.0145,0.0589536831921949,-0.10584044689028));
#7952=CARTESIAN_POINT('',(-0.0195,0.0589536831921949,-0.10584044689028));
#7953=CARTESIAN_POINT('',(-0.0095,0.0589536831921949,-0.10584044689028));
#7954=CARTESIAN_POINT('',(-0.0095,0.0739536831921949,-0.10584044689028));
#7955=CARTESIAN_POINT('',(-0.0095,0.0889536831921949,-0.10584044689028));
#7956=CARTESIAN_POINT('',(-0.0145,0.0889536831921949,-0.10584044689028));
#7957=CARTESIAN_POINT('',(-0.0195,0.0889536831921949,-0.10584044689028));
#7958=CARTESIAN_POINT('',(-0.0195,0.0739536831921949,-0.10584044689028));
#7959=CARTESIAN_POINT('',(0.027125,0.0631970291591967,-0.0269467425491667));
#7960=CARTESIAN_POINT('',(0.027125,0.0632204684579904,-0.026865));
#7961=CARTESIAN_POINT('',(0.0285,0.0632204684579904,-0.026865));
#7962=CARTESIAN_POINT('',(0.028,0.0632204684579904,-0.026865));
#7963=CARTESIAN_POINT('',(0.0285,0.0631970291591967,-0.0269467425491667));
#7964=CARTESIAN_POINT('',(0.0285,0.0632108196514389,-0.0268986493873336));
#7965=CARTESIAN_POINT('',(0.025125,0.0632108196514389,-0.0268986493873336));
#7966=CARTESIAN_POINT('',(0.028,0.0632108196514389,-0.0268986493873336));
#7967=CARTESIAN_POINT('',(0.028,0.0742225233918766,0.011503725288366));
#7968=CARTESIAN_POINT('',(0.026,0.0723,-0.026865));
#7969=CARTESIAN_POINT('',(0.028,0.0723,-0.026865));
#7970=CARTESIAN_POINT('',(0.028,0.0813795315420096,-0.026865));
#7971=CARTESIAN_POINT('',(0.027125,0.0813795315420096,-0.026865));
#7972=CARTESIAN_POINT('',(0.0285,0.0813795315420096,-0.026865));
#7973=CARTESIAN_POINT('',(0.0285,0.0723,-0.026865));
#7974=CARTESIAN_POINT('',(0.028,0.0723,0.012055));
#7975=CARTESIAN_POINT('',(0.028,0.0723,0.0120550000000001));
#7976=CARTESIAN_POINT('',(0.028,0.0813891803485611,-0.0268986493873336));
#7977=CARTESIAN_POINT('',(0.028,0.0814029708408034,-0.0269467425491667));
#7978=CARTESIAN_POINT('',(0.027125,0.0814029708408034,-0.0269467425491667));
#7979=CARTESIAN_POINT('',(0.025125,0.0813891803485611,-0.0268986493873336));
#7980=CARTESIAN_POINT('',(0.0285,0.0813891803485611,-0.0268986493873336));
#7981=CARTESIAN_POINT('',(0.0285,0.0814029708408034,-0.0269467425491667));
#7982=CARTESIAN_POINT('',(0.0285,0.0723,0.012055));
#7983=CARTESIAN_POINT('',(0.0285,0.0723,0.0120550000000001));
#7984=CARTESIAN_POINT('',(0.026,0.0723,0.0120550000000001));
#7985=MECHANICAL_DESIGN_GEOMETRIC_PRESENTATION_REPRESENTATION('',(#4729),
#7986);
#7986=(
GEOMETRIC_REPRESENTATION_CONTEXT(3)
GLOBAL_UNCERTAINTY_ASSIGNED_CONTEXT((#7987))
GLOBAL_UNIT_ASSIGNED_CONTEXT((#7990,#7989,#7988))
REPRESENTATION_CONTEXT('Knee Pitch motor holder',
'TOP_LEVEL_ASSEMBLY_PART')
);
#7987=UNCERTAINTY_MEASURE_WITH_UNIT(LENGTH_MEASURE(1.E-8),#7990,
'DISTANCE_ACCURACY_VALUE','Maximum Tolerance applied to model');
#7988=(
NAMED_UNIT(*)
SI_UNIT($,.STERADIAN.)
SOLID_ANGLE_UNIT()
);
#7989=(
NAMED_UNIT(*)
PLANE_ANGLE_UNIT()
SI_UNIT($,.RADIAN.)
);
#7990=(
LENGTH_UNIT()
NAMED_UNIT(*)
SI_UNIT($,.METRE.)
);
#7991=PRODUCT_DEFINITION_SHAPE('','',#7992);
#7992=PRODUCT_DEFINITION('','',#7994,#7993);
#7993=PRODUCT_DEFINITION_CONTEXT('',#8000,'design');
#7994=PRODUCT_DEFINITION_FORMATION_WITH_SPECIFIED_SOURCE('','',#7996,
 .NOT_KNOWN.);
#7995=PRODUCT_RELATED_PRODUCT_CATEGORY('','',(#7996));
#7996=PRODUCT('Knee Pitch motor holder','Knee Pitch motor holder',
'Knee Pitch motor holder',(#7998));
#7997=PRODUCT_CATEGORY('','');
#7998=PRODUCT_CONTEXT('',#8000,'mechanical');
#7999=APPLICATION_PROTOCOL_DEFINITION('international standard',
'ap242_managed_model_based_3d_engineering',2020,#8000);
#8000=APPLICATION_CONTEXT('managed model based 3d engineering');
ENDSEC;
END-ISO-10303-21;
