ISO-10303-21;
HEADER;
/* Generated by software containing ST-Developer
 * from STEP Tools, Inc. (www.steptools.com) 
 */
/* OPTION: using custom renumber hook */

FILE_DESCRIPTION(
/* description */ ('STEP AP242 Edition 2',
'CAx-IF Rec.Pracs.---Representation and Presentation of Product Manufa
cturing Information (PMI)---4.0---2014-10-13',
'CAx-IF Rec.Pracs.---3D Tessellated Geometry---0.4---2014-09-14','2;1',
'CAx-IF Rec.Pracs.---User Defined Attributes---1.5---2016-08-15'),
/* implementation_level */ '2;1');

FILE_NAME(
/* name */ 'robot - Knee Pitch giver',
/* time_stamp */ '2026-08-16T03:04:30Z',
/* author */ (''),
/* organization */ (''),
/* preprocessor_version */ 'ST-DEVELOPER v20',
/* originating_system */ 'ONSHAPE BY PTC INC, 1.219',
/* authorisation */ '  ');

FILE_SCHEMA (('AP242_MANAGED_MODEL_BASED_3D_ENGINEERING_MIM_LF { 1 0 10303 442 3 1 4 }'));
ENDSEC;

DATA;
#10=SHAPE_REPRESENTATION_RELATIONSHIP('','',#3210,#11);
#11=ADVANCED_BREP_SHAPE_REPRESENTATION('',(#3208),#8961);
#12=B_SPLINE_SURFACE_WITH_KNOTS('',3,1,((#7826,#7827),(#7828,#7829),(#7830,
#7831),(#7832,#7833),(#7834,#7835),(#7836,#7837),(#7838,#7839),(#7840,#7841),
(#7842,#7843),(#7844,#7845),(#7846,#7847),(#7848,#7849),(#7850,#7851),(#7852,
#7853)),.SURF_OF_LINEAR_EXTRUSION.,.F.,.F.,.F.,(4,1,1,1,1,1,1,1,1,1,1,4),
(2,2),(0.0439385159317772,0.0732236232366009,0.102508730541425,0.131793837846248,
0.161078945151072,0.219649159760719,0.278219374370366,0.395359803589661,
0.512500232808956,0.62964066202825,0.746781091247545,0.981061949686134),
(0.,1.),.UNSPECIFIED.);
#13=B_SPLINE_SURFACE_WITH_KNOTS('',3,1,((#7855,#7856),(#7857,#7858),(#7859,
#7860),(#7861,#7862),(#7863,#7864),(#7865,#7866),(#7867,#7868),(#7869,#7870),
(#7871,#7872),(#7873,#7874),(#7875,#7876),(#7877,#7878),(#7879,#7880),(#7881,
#7882)),.SURF_OF_LINEAR_EXTRUSION.,.F.,.F.,.F.,(4,1,1,1,1,1,1,1,1,1,1,4),
(2,2),(0.0439385159317773,0.0732236232366011,0.102508730541425,0.131793837846249,
0.161078945151072,0.21964915976072,0.278219374370367,0.395359803589662,
0.512500232808957,0.629640662028252,0.746781091247547,0.981061949686137),
(0.,1.),.UNSPECIFIED.);
#14=B_SPLINE_SURFACE_WITH_KNOTS('',3,1,((#7889,#7890),(#7891,#7892),(#7893,
#7894),(#7895,#7896),(#7897,#7898),(#7899,#7900),(#7901,#7902),(#7903,#7904),
(#7905,#7906),(#7907,#7908),(#7909,#7910),(#7911,#7912),(#7913,#7914),(#7915,
#7916)),.SURF_OF_LINEAR_EXTRUSION.,.F.,.F.,.F.,(4,1,1,1,1,1,1,1,1,1,1,4),
(2,2),(0.0439385159317779,0.0732236232366015,0.102508730541425,0.131793837846249,
0.161078945151072,0.21964915976072,0.278219374370367,0.395359803589661,
0.512500232808956,0.62964066202825,0.746781091247545,0.981061949686134),
(0.,1.),.UNSPECIFIED.);
#15=B_SPLINE_SURFACE_WITH_KNOTS('',3,1,((#7918,#7919),(#7920,#7921),(#7922,
#7923),(#7924,#7925),(#7926,#7927),(#7928,#7929),(#7930,#7931),(#7932,#7933),
(#7934,#7935),(#7936,#7937),(#7938,#7939),(#7940,#7941),(#7942,#7943),(#7944,
#7945)),.SURF_OF_LINEAR_EXTRUSION.,.F.,.F.,.F.,(4,1,1,1,1,1,1,1,1,1,1,4),
(2,2),(0.0439385159317807,0.0732236232366044,0.102508730541428,0.131793837846252,
0.161078945151075,0.219649159760723,0.27821937437037,0.395359803589664,
0.512500232808959,0.629640662028253,0.746781091247548,0.981061949686137),
(0.,1.),.UNSPECIFIED.);
#16=B_SPLINE_SURFACE_WITH_KNOTS('',3,1,((#7952,#7953),(#7954,#7955),(#7956,
#7957),(#7958,#7959),(#7960,#7961),(#7962,#7963),(#7964,#7965),(#7966,#7967),
(#7968,#7969),(#7970,#7971),(#7972,#7973),(#7974,#7975),(#7976,#7977),(#7978,
#7979)),.SURF_OF_LINEAR_EXTRUSION.,.F.,.F.,.F.,(4,1,1,1,1,1,1,1,1,1,1,4),
(2,2),(0.0439385159317785,0.0732236232366021,0.102508730541426,0.131793837846249,
0.161078945151073,0.21964915976072,0.278219374370367,0.395359803589662,
0.512500232808956,0.629640662028251,0.746781091247545,0.981061949686134),
(0.,1.),.UNSPECIFIED.);
#17=B_SPLINE_SURFACE_WITH_KNOTS('',3,1,((#7981,#7982),(#7983,#7984),(#7985,
#7986),(#7987,#7988),(#7989,#7990),(#7991,#7992),(#7993,#7994),(#7995,#7996),
(#7997,#7998),(#7999,#8000),(#8001,#8002),(#8003,#8004),(#8005,#8006),(#8007,
#8008)),.SURF_OF_LINEAR_EXTRUSION.,.F.,.F.,.F.,(4,1,1,1,1,1,1,1,1,1,1,4),
(2,2),(0.0439385159317818,0.0732236232366054,0.102508730541429,0.131793837846253,
0.161078945151076,0.219649159760723,0.278219374370371,0.395359803589665,
0.512500232808959,0.629640662028254,0.746781091247548,0.981061949686137),
(0.,1.),.UNSPECIFIED.);
#18=B_SPLINE_SURFACE_WITH_KNOTS('',3,1,((#8015,#8016),(#8017,#8018),(#8019,
#8020),(#8021,#8022),(#8023,#8024),(#8025,#8026),(#8027,#8028),(#8029,#8030),
(#8031,#8032),(#8033,#8034),(#8035,#8036),(#8037,#8038),(#8039,#8040),(#8041,
#8042)),.SURF_OF_LINEAR_EXTRUSION.,.F.,.F.,.F.,(4,1,1,1,1,1,1,1,1,1,1,4),
(2,2),(0.043938515931781,0.0732236232366046,0.102508730541428,0.131793837846252,
0.161078945151075,0.219649159760722,0.278219374370369,0.395359803589663,
0.512500232808958,0.629640662028252,0.746781091247546,0.981061949686134),
(0.,1.),.UNSPECIFIED.);
#19=B_SPLINE_SURFACE_WITH_KNOTS('',3,1,((#8044,#8045),(#8046,#8047),(#8048,
#8049),(#8050,#8051),(#8052,#8053),(#8054,#8055),(#8056,#8057),(#8058,#8059),
(#8060,#8061),(#8062,#8063),(#8064,#8065),(#8066,#8067),(#8068,#8069),(#8070,
#8071)),.SURF_OF_LINEAR_EXTRUSION.,.F.,.F.,.F.,(4,1,1,1,1,1,1,1,1,1,1,4),
(2,2),(0.0439385159317801,0.0732236232366038,0.102508730541427,0.131793837846251,
0.161078945151075,0.219649159760722,0.278219374370369,0.395359803589664,
0.512500232808959,0.629640662028253,0.746781091247548,0.981061949686137),
(0.,1.),.UNSPECIFIED.);
#20=B_SPLINE_SURFACE_WITH_KNOTS('',3,1,((#8078,#8079),(#8080,#8081),(#8082,
#8083),(#8084,#8085),(#8086,#8087),(#8088,#8089),(#8090,#8091),(#8092,#8093),
(#8094,#8095),(#8096,#8097),(#8098,#8099),(#8100,#8101),(#8102,#8103),(#8104,
#8105)),.SURF_OF_LINEAR_EXTRUSION.,.F.,.F.,.F.,(4,1,1,1,1,1,1,1,1,1,1,4),
(2,2),(0.0439385159317762,0.0732236232365999,0.102508730541424,0.131793837846247,
0.161078945151071,0.219649159760718,0.278219374370366,0.39535980358966,
0.512500232808955,0.62964066202825,0.746781091247545,0.981061949686134),
(0.,1.),.UNSPECIFIED.);
#21=B_SPLINE_SURFACE_WITH_KNOTS('',3,1,((#8107,#8108),(#8109,#8110),(#8111,
#8112),(#8113,#8114),(#8115,#8116),(#8117,#8118),(#8119,#8120),(#8121,#8122),
(#8123,#8124),(#8125,#8126),(#8127,#8128),(#8129,#8130),(#8131,#8132),(#8133,
#8134)),.SURF_OF_LINEAR_EXTRUSION.,.F.,.F.,.F.,(4,1,1,1,1,1,1,1,1,1,1,4),
(2,2),(0.0439385159317813,0.0732236232366049,0.102508730541429,0.131793837846252,
0.161078945151076,0.219649159760723,0.27821937437037,0.395359803589665,
0.512500232808959,0.629640662028254,0.746781091247548,0.981061949686137),
(0.,1.),.UNSPECIFIED.);
#22=B_SPLINE_SURFACE_WITH_KNOTS('',3,1,((#8141,#8142),(#8143,#8144),(#8145,
#8146),(#8147,#8148),(#8149,#8150),(#8151,#8152),(#8153,#8154),(#8155,#8156),
(#8157,#8158),(#8159,#8160),(#8161,#8162),(#8163,#8164),(#8165,#8166),(#8167,
#8168)),.SURF_OF_LINEAR_EXTRUSION.,.F.,.F.,.F.,(4,1,1,1,1,1,1,1,1,1,1,4),
(2,2),(0.0439385159317768,0.0732236232366004,0.102508730541424,0.131793837846248,
0.161078945151071,0.219649159760719,0.278219374370366,0.395359803589661,
0.512500232808955,0.62964066202825,0.746781091247545,0.981061949686134),
(0.,1.),.UNSPECIFIED.);
#23=B_SPLINE_SURFACE_WITH_KNOTS('',3,1,((#8170,#8171),(#8172,#8173),(#8174,
#8175),(#8176,#8177),(#8178,#8179),(#8180,#8181),(#8182,#8183),(#8184,#8185),
(#8186,#8187),(#8188,#8189),(#8190,#8191),(#8192,#8193),(#8194,#8195),(#8196,
#8197)),.SURF_OF_LINEAR_EXTRUSION.,.F.,.F.,.F.,(4,1,1,1,1,1,1,1,1,1,1,4),
(2,2),(0.0439385159317804,0.0732236232366041,0.102508730541428,0.131793837846251,
0.161078945151075,0.219649159760722,0.27821937437037,0.395359803589664,
0.512500232808959,0.629640662028253,0.746781091247548,0.981061949686137),
(0.,1.),.UNSPECIFIED.);
#24=B_SPLINE_SURFACE_WITH_KNOTS('',3,1,((#8204,#8205),(#8206,#8207),(#8208,
#8209),(#8210,#8211),(#8212,#8213),(#8214,#8215),(#8216,#8217),(#8218,#8219),
(#8220,#8221),(#8222,#8223),(#8224,#8225),(#8226,#8227),(#8228,#8229),(#8230,
#8231)),.SURF_OF_LINEAR_EXTRUSION.,.F.,.F.,.F.,(4,1,1,1,1,1,1,1,1,1,1,4),
(2,2),(0.0439385159317823,0.0732236232366058,0.102508730541429,0.131793837846253,
0.161078945151076,0.219649159760723,0.27821937437037,0.395359803589664,
0.512500232808958,0.629640662028252,0.746781091247546,0.981061949686134),
(0.,1.),.UNSPECIFIED.);
#25=B_SPLINE_SURFACE_WITH_KNOTS('',3,1,((#8233,#8234),(#8235,#8236),(#8237,
#8238),(#8239,#8240),(#8241,#8242),(#8243,#8244),(#8245,#8246),(#8247,#8248),
(#8249,#8250),(#8251,#8252),(#8253,#8254),(#8255,#8256),(#8257,#8258),(#8259,
#8260)),.SURF_OF_LINEAR_EXTRUSION.,.F.,.F.,.F.,(4,1,1,1,1,1,1,1,1,1,1,4),
(2,2),(0.0439385159317823,0.0732236232366059,0.102508730541429,0.131793837846253,
0.161078945151077,0.219649159760724,0.278219374370371,0.395359803589665,
0.51250023280896,0.629640662028254,0.746781091247548,0.981061949686137),
(0.,1.),.UNSPECIFIED.);
#26=B_SPLINE_SURFACE_WITH_KNOTS('',3,1,((#8267,#8268),(#8269,#8270),(#8271,
#8272),(#8273,#8274),(#8275,#8276),(#8277,#8278),(#8279,#8280),(#8281,#8282),
(#8283,#8284),(#8285,#8286),(#8287,#8288),(#8289,#8290),(#8291,#8292),(#8293,
#8294)),.SURF_OF_LINEAR_EXTRUSION.,.F.,.F.,.F.,(4,1,1,1,1,1,1,1,1,1,1,4),
(2,2),(0.0439385159317789,0.0732236232366025,0.102508730541426,0.13179383784625,
0.161078945151073,0.219649159760721,0.278219374370368,0.395359803589662,
0.512500232808957,0.629640662028251,0.746781091247545,0.981061949686134),
(0.,1.),.UNSPECIFIED.);
#27=B_SPLINE_SURFACE_WITH_KNOTS('',3,1,((#8296,#8297),(#8298,#8299),(#8300,
#8301),(#8302,#8303),(#8304,#8305),(#8306,#8307),(#8308,#8309),(#8310,#8311),
(#8312,#8313),(#8314,#8315),(#8316,#8317),(#8318,#8319),(#8320,#8321),(#8322,
#8323)),.SURF_OF_LINEAR_EXTRUSION.,.F.,.F.,.F.,(4,1,1,1,1,1,1,1,1,1,1,4),
(2,2),(0.0439385159317829,0.0732236232366064,0.10250873054143,0.131793837846254,
0.161078945151077,0.219649159760724,0.278219374370371,0.395359803589666,
0.51250023280896,0.629640662028254,0.746781091247549,0.981061949686137),
(0.,1.),.UNSPECIFIED.);
#28=B_SPLINE_SURFACE_WITH_KNOTS('',3,1,((#8330,#8331),(#8332,#8333),(#8334,
#8335),(#8336,#8337),(#8338,#8339),(#8340,#8341),(#8342,#8343),(#8344,#8345),
(#8346,#8347),(#8348,#8349),(#8350,#8351),(#8352,#8353),(#8354,#8355),(#8356,
#8357)),.SURF_OF_LINEAR_EXTRUSION.,.F.,.F.,.F.,(4,1,1,1,1,1,1,1,1,1,1,4),
(2,2),(0.0439385159317768,0.0732236232366005,0.102508730541424,0.131793837846248,
0.161078945151071,0.219649159760719,0.278219374370366,0.395359803589661,
0.512500232808955,0.62964066202825,0.746781091247545,0.981061949686134),
(0.,1.),.UNSPECIFIED.);
#29=B_SPLINE_SURFACE_WITH_KNOTS('',3,1,((#8359,#8360),(#8361,#8362),(#8363,
#8364),(#8365,#8366),(#8367,#8368),(#8369,#8370),(#8371,#8372),(#8373,#8374),
(#8375,#8376),(#8377,#8378),(#8379,#8380),(#8381,#8382),(#8383,#8384),(#8385,
#8386)),.SURF_OF_LINEAR_EXTRUSION.,.F.,.F.,.F.,(4,1,1,1,1,1,1,1,1,1,1,4),
(2,2),(0.0439385159317794,0.0732236232366031,0.102508730541427,0.13179383784625,
0.161078945151074,0.219649159760722,0.278219374370369,0.395359803589664,
0.512500232808958,0.629640662028253,0.746781091247548,0.981061949686137),
(0.,1.),.UNSPECIFIED.);
#30=B_SPLINE_SURFACE_WITH_KNOTS('',3,1,((#8393,#8394),(#8395,#8396),(#8397,
#8398),(#8399,#8400),(#8401,#8402),(#8403,#8404),(#8405,#8406),(#8407,#8408),
(#8409,#8410),(#8411,#8412),(#8413,#8414),(#8415,#8416),(#8417,#8418),(#8419,
#8420)),.SURF_OF_LINEAR_EXTRUSION.,.F.,.F.,.F.,(4,1,1,1,1,1,1,1,1,1,1,4),
(2,2),(0.0439385159317769,0.0732236232366005,0.102508730541424,0.131793837846248,
0.161078945151072,0.219649159760719,0.278219374370366,0.395359803589661,
0.512500232808955,0.62964066202825,0.746781091247545,0.981061949686134),
(0.,1.),.UNSPECIFIED.);
#31=B_SPLINE_SURFACE_WITH_KNOTS('',3,1,((#8422,#8423),(#8424,#8425),(#8426,
#8427),(#8428,#8429),(#8430,#8431),(#8432,#8433),(#8434,#8435),(#8436,#8437),
(#8438,#8439),(#8440,#8441),(#8442,#8443),(#8444,#8445),(#8446,#8447),(#8448,
#8449)),.SURF_OF_LINEAR_EXTRUSION.,.F.,.F.,.F.,(4,1,1,1,1,1,1,1,1,1,1,4),
(2,2),(0.0439385159317842,0.0732236232366077,0.102508730541431,0.131793837846255,
0.161078945151078,0.219649159760725,0.278219374370372,0.395359803589666,
0.512500232808961,0.629640662028255,0.746781091247549,0.981061949686137),
(0.,1.),.UNSPECIFIED.);
#32=B_SPLINE_SURFACE_WITH_KNOTS('',3,1,((#8456,#8457),(#8458,#8459),(#8460,
#8461),(#8462,#8463),(#8464,#8465),(#8466,#8467),(#8468,#8469),(#8470,#8471),
(#8472,#8473),(#8474,#8475),(#8476,#8477),(#8478,#8479),(#8480,#8481),(#8482,
#8483)),.SURF_OF_LINEAR_EXTRUSION.,.F.,.F.,.F.,(4,1,1,1,1,1,1,1,1,1,1,4),
(2,2),(0.0439385159317777,0.0732236232366014,0.102508730541425,0.131793837846249,
0.161078945151072,0.21964915976072,0.278219374370367,0.395359803589661,
0.512500232808956,0.62964066202825,0.746781091247545,0.981061949686134),
(0.,1.),.UNSPECIFIED.);
#33=B_SPLINE_SURFACE_WITH_KNOTS('',3,1,((#8485,#8486),(#8487,#8488),(#8489,
#8490),(#8491,#8492),(#8493,#8494),(#8495,#8496),(#8497,#8498),(#8499,#8500),
(#8501,#8502),(#8503,#8504),(#8505,#8506),(#8507,#8508),(#8509,#8510),(#8511,
#8512)),.SURF_OF_LINEAR_EXTRUSION.,.F.,.F.,.F.,(4,1,1,1,1,1,1,1,1,1,1,4),
(2,2),(0.0439385159317806,0.0732236232366042,0.102508730541428,0.131793837846251,
0.161078945151075,0.219649159760722,0.27821937437037,0.395359803589664,
0.512500232808959,0.629640662028253,0.746781091247548,0.981061949686137),
(0.,1.),.UNSPECIFIED.);
#34=B_SPLINE_SURFACE_WITH_KNOTS('',3,1,((#8519,#8520),(#8521,#8522),(#8523,
#8524),(#8525,#8526),(#8527,#8528),(#8529,#8530),(#8531,#8532),(#8533,#8534),
(#8535,#8536),(#8537,#8538),(#8539,#8540),(#8541,#8542),(#8543,#8544),(#8545,
#8546)),.SURF_OF_LINEAR_EXTRUSION.,.F.,.F.,.F.,(4,1,1,1,1,1,1,1,1,1,1,4),
(2,2),(0.0439385159317766,0.0732236232366003,0.102508730541424,0.131793837846248,
0.161078945151071,0.219649159760719,0.278219374370366,0.395359803589661,
0.512500232808955,0.62964066202825,0.746781091247545,0.981061949686134),
(0.,1.),.UNSPECIFIED.);
#35=B_SPLINE_SURFACE_WITH_KNOTS('',3,1,((#8548,#8549),(#8550,#8551),(#8552,
#8553),(#8554,#8555),(#8556,#8557),(#8558,#8559),(#8560,#8561),(#8562,#8563),
(#8564,#8565),(#8566,#8567),(#8568,#8569),(#8570,#8571),(#8572,#8573),(#8574,
#8575)),.SURF_OF_LINEAR_EXTRUSION.,.F.,.F.,.F.,(4,1,1,1,1,1,1,1,1,1,1,4),
(2,2),(0.0439385159317798,0.0732236232366035,0.102508730541427,0.131793837846251,
0.161078945151074,0.219649159760722,0.278219374370369,0.395359803589664,
0.512500232808958,0.629640662028253,0.746781091247548,0.981061949686137),
(0.,1.),.UNSPECIFIED.);
#36=B_SPLINE_SURFACE_WITH_KNOTS('',3,1,((#8582,#8583),(#8584,#8585),(#8586,
#8587),(#8588,#8589),(#8590,#8591),(#8592,#8593),(#8594,#8595),(#8596,#8597),
(#8598,#8599),(#8600,#8601),(#8602,#8603),(#8604,#8605),(#8606,#8607),(#8608,
#8609)),.SURF_OF_LINEAR_EXTRUSION.,.F.,.F.,.F.,(4,1,1,1,1,1,1,1,1,1,1,4),
(2,2),(0.0439385159317777,0.0732236232366013,0.102508730541425,0.131793837846249,
0.161078945151072,0.219649159760719,0.278219374370367,0.395359803589661,
0.512500232808956,0.62964066202825,0.746781091247545,0.981061949686134),
(0.,1.),.UNSPECIFIED.);
#37=B_SPLINE_SURFACE_WITH_KNOTS('',3,1,((#8611,#8612),(#8613,#8614),(#8615,
#8616),(#8617,#8618),(#8619,#8620),(#8621,#8622),(#8623,#8624),(#8625,#8626),
(#8627,#8628),(#8629,#8630),(#8631,#8632),(#8633,#8634),(#8635,#8636),(#8637,
#8638)),.SURF_OF_LINEAR_EXTRUSION.,.F.,.F.,.F.,(4,1,1,1,1,1,1,1,1,1,1,4),
(2,2),(0.0439385159317837,0.0732236232366072,0.102508730541431,0.131793837846254,
0.161078945151078,0.219649159760725,0.278219374370372,0.395359803589666,
0.51250023280896,0.629640662028255,0.746781091247549,0.981061949686137),
(0.,1.),.UNSPECIFIED.);
#38=B_SPLINE_SURFACE_WITH_KNOTS('',3,1,((#8645,#8646),(#8647,#8648),(#8649,
#8650),(#8651,#8652),(#8653,#8654),(#8655,#8656),(#8657,#8658),(#8659,#8660),
(#8661,#8662),(#8663,#8664),(#8665,#8666),(#8667,#8668),(#8669,#8670),(#8671,
#8672)),.SURF_OF_LINEAR_EXTRUSION.,.F.,.F.,.F.,(4,1,1,1,1,1,1,1,1,1,1,4),
(2,2),(0.0439385159317818,0.0732236232366053,0.102508730541429,0.131793837846252,
0.161078945151076,0.219649159760723,0.27821937437037,0.395359803589664,
0.512500232808958,0.629640662028252,0.746781091247546,0.981061949686134),
(0.,1.),.UNSPECIFIED.);
#39=B_SPLINE_SURFACE_WITH_KNOTS('',3,1,((#8674,#8675),(#8676,#8677),(#8678,
#8679),(#8680,#8681),(#8682,#8683),(#8684,#8685),(#8686,#8687),(#8688,#8689),
(#8690,#8691),(#8692,#8693),(#8694,#8695),(#8696,#8697),(#8698,#8699),(#8700,
#8701)),.SURF_OF_LINEAR_EXTRUSION.,.F.,.F.,.F.,(4,1,1,1,1,1,1,1,1,1,1,4),
(2,2),(0.0439385159317811,0.0732236232366048,0.102508730541428,0.131793837846252,
0.161078945151076,0.219649159760723,0.27821937437037,0.395359803589665,
0.512500232808959,0.629640662028254,0.746781091247548,0.981061949686137),
(0.,1.),.UNSPECIFIED.);
#40=B_SPLINE_SURFACE_WITH_KNOTS('',3,1,((#8708,#8709),(#8710,#8711),(#8712,
#8713),(#8714,#8715),(#8716,#8717),(#8718,#8719),(#8720,#8721),(#8722,#8723),
(#8724,#8725),(#8726,#8727),(#8728,#8729),(#8730,#8731),(#8732,#8733),(#8734,
#8735)),.SURF_OF_LINEAR_EXTRUSION.,.F.,.F.,.F.,(4,1,1,1,1,1,1,1,1,1,1,4),
(2,2),(0.0439385159317792,0.0732236232366028,0.102508730541426,0.13179383784625,
0.161078945151074,0.219649159760721,0.278219374370368,0.395359803589662,
0.512500232808957,0.629640662028251,0.746781091247545,0.981061949686134),
(0.,1.),.UNSPECIFIED.);
#41=B_SPLINE_SURFACE_WITH_KNOTS('',3,1,((#8737,#8738),(#8739,#8740),(#8741,
#8742),(#8743,#8744),(#8745,#8746),(#8747,#8748),(#8749,#8750),(#8751,#8752),
(#8753,#8754),(#8755,#8756),(#8757,#8758),(#8759,#8760),(#8761,#8762),(#8763,
#8764)),.SURF_OF_LINEAR_EXTRUSION.,.F.,.F.,.F.,(4,1,1,1,1,1,1,1,1,1,1,4),
(2,2),(0.0439385159317804,0.073223623236604,0.102508730541428,0.131793837846251,
0.161078945151075,0.219649159760722,0.27821937437037,0.395359803589664,
0.512500232808959,0.629640662028253,0.746781091247548,0.981061949686137),
(0.,1.),.UNSPECIFIED.);
#42=B_SPLINE_SURFACE_WITH_KNOTS('',3,1,((#8771,#8772),(#8773,#8774),(#8775,
#8776),(#8777,#8778),(#8779,#8780),(#8781,#8782),(#8783,#8784),(#8785,#8786),
(#8787,#8788),(#8789,#8790),(#8791,#8792),(#8793,#8794),(#8795,#8796),(#8797,
#8798)),.SURF_OF_LINEAR_EXTRUSION.,.F.,.F.,.F.,(4,1,1,1,1,1,1,1,1,1,1,4),
(2,2),(0.0439385159317736,0.0732236232365974,0.102508730541421,0.131793837846245,
0.161078945151069,0.219649159760716,0.278219374370364,0.395359803589659,
0.512500232808954,0.629640662028249,0.746781091247544,0.981061949686134),
(0.,1.),.UNSPECIFIED.);
#43=B_SPLINE_SURFACE_WITH_KNOTS('',3,1,((#8800,#8801),(#8802,#8803),(#8804,
#8805),(#8806,#8807),(#8808,#8809),(#8810,#8811),(#8812,#8813),(#8814,#8815),
(#8816,#8817),(#8818,#8819),(#8820,#8821),(#8822,#8823),(#8824,#8825),(#8826,
#8827)),.SURF_OF_LINEAR_EXTRUSION.,.F.,.F.,.F.,(4,1,1,1,1,1,1,1,1,1,1,4),
(2,2),(0.0439385159317761,0.0732236232365998,0.102508730541424,0.131793837846247,
0.161078945151071,0.219649159760719,0.278219374370366,0.395359803589661,
0.512500232808957,0.629640662028252,0.746781091247547,0.981061949686137),
(0.,1.),.UNSPECIFIED.);
#44=B_SPLINE_SURFACE_WITH_KNOTS('',3,1,((#8834,#8835),(#8836,#8837),(#8838,
#8839),(#8840,#8841),(#8842,#8843),(#8844,#8845),(#8846,#8847),(#8848,#8849),
(#8850,#8851),(#8852,#8853),(#8854,#8855),(#8856,#8857),(#8858,#8859),(#8860,
#8861)),.SURF_OF_LINEAR_EXTRUSION.,.F.,.F.,.F.,(4,1,1,1,1,1,1,1,1,1,1,4),
(2,2),(0.0439385159317797,0.0732236232366032,0.102508730541427,0.13179383784625,
0.161078945151074,0.219649159760721,0.278219374370368,0.395359803589663,
0.512500232808957,0.629640662028251,0.746781091247545,0.981061949686134),
(0.,1.),.UNSPECIFIED.);
#45=B_SPLINE_SURFACE_WITH_KNOTS('',3,1,((#8863,#8864),(#8865,#8866),(#8867,
#8868),(#8869,#8870),(#8871,#8872),(#8873,#8874),(#8875,#8876),(#8877,#8878),
(#8879,#8880),(#8881,#8882),(#8883,#8884),(#8885,#8886),(#8887,#8888),(#8889,
#8890)),.SURF_OF_LINEAR_EXTRUSION.,.F.,.F.,.F.,(4,1,1,1,1,1,1,1,1,1,1,4),
(2,2),(0.0439385159317819,0.0732236232366054,0.102508730541429,0.131793837846253,
0.161078945151076,0.219649159760723,0.278219374370371,0.395359803589665,
0.512500232808959,0.629640662028254,0.746781091247548,0.981061949686137),
(0.,1.),.UNSPECIFIED.);
#46=B_SPLINE_SURFACE_WITH_KNOTS('',3,1,((#8897,#8898),(#8899,#8900),(#8901,
#8902),(#8903,#8904),(#8905,#8906),(#8907,#8908),(#8909,#8910),(#8911,#8912),
(#8913,#8914),(#8915,#8916),(#8917,#8918),(#8919,#8920),(#8921,#8922),(#8923,
#8924)),.SURF_OF_LINEAR_EXTRUSION.,.F.,.F.,.F.,(4,1,1,1,1,1,1,1,1,1,1,4),
(2,2),(0.0439385159317787,0.0732236232366023,0.102508730541426,0.131793837846249,
0.161078945151073,0.21964915976072,0.278219374370367,0.395359803589662,
0.512500232808956,0.629640662028251,0.746781091247545,0.981061949686134),
(0.,1.),.UNSPECIFIED.);
#47=B_SPLINE_SURFACE_WITH_KNOTS('',3,1,((#8926,#8927),(#8928,#8929),(#8930,
#8931),(#8932,#8933),(#8934,#8935),(#8936,#8937),(#8938,#8939),(#8940,#8941),
(#8942,#8943),(#8944,#8945),(#8946,#8947),(#8948,#8949),(#8950,#8951),(#8952,
#8953)),.SURF_OF_LINEAR_EXTRUSION.,.F.,.F.,.F.,(4,1,1,1,1,1,1,1,1,1,1,4),
(2,2),(0.0439385159317809,0.0732236232366046,0.102508730541428,0.131793837846252,
0.161078945151075,0.219649159760723,0.27821937437037,0.395359803589664,
0.512500232808959,0.629640662028254,0.746781091247548,0.981061949686137),
(0.,1.),.UNSPECIFIED.);
#48=TOROIDAL_SURFACE('',#3334,0.046,0.003);
#49=TOROIDAL_SURFACE('',#3335,0.04,0.003);
#50=TOROIDAL_SURFACE('',#3336,0.0435,0.003);
#51=TOROIDAL_SURFACE('',#3353,0.046,0.003);
#52=TOROIDAL_SURFACE('',#3354,0.04,0.003);
#53=TOROIDAL_SURFACE('',#3355,0.0435,0.003);
#54=TOROIDAL_SURFACE('',#3372,0.046,0.003);
#55=TOROIDAL_SURFACE('',#3373,0.04,0.003);
#56=TOROIDAL_SURFACE('',#3374,0.0435,0.003);
#57=TOROIDAL_SURFACE('',#3391,0.046,0.003);
#58=TOROIDAL_SURFACE('',#3392,0.04,0.003);
#59=TOROIDAL_SURFACE('',#3393,0.0435,0.003);
#60=TOROIDAL_SURFACE('',#3410,0.046,0.003);
#61=TOROIDAL_SURFACE('',#3411,0.04,0.003);
#62=TOROIDAL_SURFACE('',#3412,0.0435,0.003);
#63=LINE('',#5903,#241);
#64=LINE('',#5907,#242);
#65=LINE('',#5908,#243);
#66=LINE('',#5912,#244);
#67=LINE('',#5913,#245);
#68=LINE('',#5917,#246);
#69=LINE('',#5918,#247);
#70=LINE('',#5922,#248);
#71=LINE('',#5923,#249);
#72=LINE('',#5927,#250);
#73=LINE('',#5947,#251);
#74=LINE('',#5952,#252);
#75=LINE('',#5956,#253);
#76=LINE('',#5960,#254);
#77=LINE('',#5962,#255);
#78=LINE('',#5967,#256);
#79=LINE('',#5974,#257);
#80=LINE('',#5975,#258);
#81=LINE('',#5977,#259);
#82=LINE('',#5981,#260);
#83=LINE('',#5983,#261);
#84=LINE('',#5987,#262);
#85=LINE('',#6024,#263);
#86=LINE('',#6029,#264);
#87=LINE('',#6033,#265);
#88=LINE('',#6037,#266);
#89=LINE('',#6039,#267);
#90=LINE('',#6044,#268);
#91=LINE('',#6051,#269);
#92=LINE('',#6052,#270);
#93=LINE('',#6054,#271);
#94=LINE('',#6058,#272);
#95=LINE('',#6060,#273);
#96=LINE('',#6064,#274);
#97=LINE('',#6101,#275);
#98=LINE('',#6106,#276);
#99=LINE('',#6110,#277);
#100=LINE('',#6114,#278);
#101=LINE('',#6116,#279);
#102=LINE('',#6121,#280);
#103=LINE('',#6128,#281);
#104=LINE('',#6129,#282);
#105=LINE('',#6131,#283);
#106=LINE('',#6135,#284);
#107=LINE('',#6137,#285);
#108=LINE('',#6141,#286);
#109=LINE('',#6178,#287);
#110=LINE('',#6183,#288);
#111=LINE('',#6187,#289);
#112=LINE('',#6191,#290);
#113=LINE('',#6193,#291);
#114=LINE('',#6198,#292);
#115=LINE('',#6205,#293);
#116=LINE('',#6206,#294);
#117=LINE('',#6208,#295);
#118=LINE('',#6212,#296);
#119=LINE('',#6214,#297);
#120=LINE('',#6218,#298);
#121=LINE('',#6255,#299);
#122=LINE('',#6260,#300);
#123=LINE('',#6264,#301);
#124=LINE('',#6268,#302);
#125=LINE('',#6270,#303);
#126=LINE('',#6275,#304);
#127=LINE('',#6282,#305);
#128=LINE('',#6283,#306);
#129=LINE('',#6285,#307);
#130=LINE('',#6289,#308);
#131=LINE('',#6291,#309);
#132=LINE('',#6295,#310);
#133=LINE('',#6332,#311);
#134=LINE('',#6336,#312);
#135=LINE('',#6338,#313);
#136=LINE('',#6342,#314);
#137=LINE('',#6344,#315);
#138=LINE('',#6348,#316);
#139=LINE('',#6353,#317);
#140=LINE('',#6354,#318);
#141=LINE('',#6356,#319);
#142=LINE('',#6360,#320);
#143=LINE('',#6365,#321);
#144=LINE('',#6366,#322);
#145=LINE('',#6368,#323);
#146=LINE('',#6372,#324);
#147=LINE('',#6377,#325);
#148=LINE('',#6378,#326);
#149=LINE('',#6380,#327);
#150=LINE('',#6384,#328);
#151=LINE('',#6389,#329);
#152=LINE('',#6390,#330);
#153=LINE('',#6392,#331);
#154=LINE('',#6396,#332);
#155=LINE('',#6401,#333);
#156=LINE('',#6402,#334);
#157=LINE('',#6407,#335);
#158=LINE('',#6408,#336);
#159=LINE('',#6413,#337);
#160=LINE('',#6414,#338);
#161=LINE('',#6416,#339);
#162=LINE('',#6420,#340);
#163=LINE('',#6425,#341);
#164=LINE('',#6426,#342);
#165=LINE('',#6431,#343);
#166=LINE('',#6432,#344);
#167=LINE('',#7824,#345);
#168=LINE('',#7825,#346);
#169=LINE('',#7854,#347);
#170=LINE('',#7883,#348);
#171=LINE('',#7885,#349);
#172=LINE('',#7886,#350);
#173=LINE('',#7917,#351);
#174=LINE('',#7946,#352);
#175=LINE('',#7948,#353);
#176=LINE('',#7949,#354);
#177=LINE('',#7980,#355);
#178=LINE('',#8009,#356);
#179=LINE('',#8011,#357);
#180=LINE('',#8012,#358);
#181=LINE('',#8043,#359);
#182=LINE('',#8072,#360);
#183=LINE('',#8074,#361);
#184=LINE('',#8075,#362);
#185=LINE('',#8106,#363);
#186=LINE('',#8135,#364);
#187=LINE('',#8137,#365);
#188=LINE('',#8138,#366);
#189=LINE('',#8169,#367);
#190=LINE('',#8198,#368);
#191=LINE('',#8200,#369);
#192=LINE('',#8201,#370);
#193=LINE('',#8232,#371);
#194=LINE('',#8261,#372);
#195=LINE('',#8263,#373);
#196=LINE('',#8264,#374);
#197=LINE('',#8295,#375);
#198=LINE('',#8324,#376);
#199=LINE('',#8326,#377);
#200=LINE('',#8327,#378);
#201=LINE('',#8358,#379);
#202=LINE('',#8387,#380);
#203=LINE('',#8389,#381);
#204=LINE('',#8390,#382);
#205=LINE('',#8421,#383);
#206=LINE('',#8450,#384);
#207=LINE('',#8452,#385);
#208=LINE('',#8453,#386);
#209=LINE('',#8484,#387);
#210=LINE('',#8513,#388);
#211=LINE('',#8515,#389);
#212=LINE('',#8516,#390);
#213=LINE('',#8547,#391);
#214=LINE('',#8576,#392);
#215=LINE('',#8578,#393);
#216=LINE('',#8579,#394);
#217=LINE('',#8610,#395);
#218=LINE('',#8639,#396);
#219=LINE('',#8641,#397);
#220=LINE('',#8642,#398);
#221=LINE('',#8673,#399);
#222=LINE('',#8702,#400);
#223=LINE('',#8704,#401);
#224=LINE('',#8705,#402);
#225=LINE('',#8736,#403);
#226=LINE('',#8765,#404);
#227=LINE('',#8767,#405);
#228=LINE('',#8768,#406);
#229=LINE('',#8799,#407);
#230=LINE('',#8828,#408);
#231=LINE('',#8830,#409);
#232=LINE('',#8831,#410);
#233=LINE('',#8862,#411);
#234=LINE('',#8891,#412);
#235=LINE('',#8893,#413);
#236=LINE('',#8894,#414);
#237=LINE('',#8925,#415);
#238=LINE('',#8954,#416);
#239=LINE('',#8956,#417);
#240=LINE('',#8957,#418);
#241=VECTOR('',#3738,1.);
#242=VECTOR('',#3741,1.);
#243=VECTOR('',#3742,1.);
#244=VECTOR('',#3745,1.);
#245=VECTOR('',#3746,1.);
#246=VECTOR('',#3749,1.);
#247=VECTOR('',#3750,1.);
#248=VECTOR('',#3753,1.);
#249=VECTOR('',#3754,1.);
#250=VECTOR('',#3757,1.);
#251=VECTOR('',#3784,1.);
#252=VECTOR('',#3787,1.);
#253=VECTOR('',#3792,1.);
#254=VECTOR('',#3795,1.);
#255=VECTOR('',#3798,1.);
#256=VECTOR('',#3801,1.);
#257=VECTOR('',#3808,1.);
#258=VECTOR('',#3809,1.);
#259=VECTOR('',#3812,1.);
#260=VECTOR('',#3815,1.);
#261=VECTOR('',#3818,1.);
#262=VECTOR('',#3821,1.);
#263=VECTOR('',#3834,1.);
#264=VECTOR('',#3837,1.);
#265=VECTOR('',#3842,1.);
#266=VECTOR('',#3845,1.);
#267=VECTOR('',#3848,1.);
#268=VECTOR('',#3851,1.);
#269=VECTOR('',#3858,1.);
#270=VECTOR('',#3859,1.);
#271=VECTOR('',#3862,1.);
#272=VECTOR('',#3865,1.);
#273=VECTOR('',#3868,1.);
#274=VECTOR('',#3871,1.);
#275=VECTOR('',#3884,1.);
#276=VECTOR('',#3887,1.);
#277=VECTOR('',#3892,1.);
#278=VECTOR('',#3895,1.);
#279=VECTOR('',#3898,1.);
#280=VECTOR('',#3901,1.);
#281=VECTOR('',#3908,1.);
#282=VECTOR('',#3909,1.);
#283=VECTOR('',#3912,1.);
#284=VECTOR('',#3915,1.);
#285=VECTOR('',#3918,1.);
#286=VECTOR('',#3921,1.);
#287=VECTOR('',#3934,1.);
#288=VECTOR('',#3937,1.);
#289=VECTOR('',#3942,1.);
#290=VECTOR('',#3945,1.);
#291=VECTOR('',#3948,1.);
#292=VECTOR('',#3951,1.);
#293=VECTOR('',#3958,1.);
#294=VECTOR('',#3959,1.);
#295=VECTOR('',#3962,1.);
#296=VECTOR('',#3965,1.);
#297=VECTOR('',#3968,1.);
#298=VECTOR('',#3971,1.);
#299=VECTOR('',#3984,1.);
#300=VECTOR('',#3987,1.);
#301=VECTOR('',#3992,1.);
#302=VECTOR('',#3995,1.);
#303=VECTOR('',#3998,1.);
#304=VECTOR('',#4001,1.);
#305=VECTOR('',#4008,1.);
#306=VECTOR('',#4009,1.);
#307=VECTOR('',#4012,1.);
#308=VECTOR('',#4015,1.);
#309=VECTOR('',#4018,1.);
#310=VECTOR('',#4021,1.);
#311=VECTOR('',#4034,1.);
#312=VECTOR('',#4037,1.);
#313=VECTOR('',#4040,1.);
#314=VECTOR('',#4043,1.);
#315=VECTOR('',#4046,1.);
#316=VECTOR('',#4049,1.);
#317=VECTOR('',#4054,1.);
#318=VECTOR('',#4055,1.);
#319=VECTOR('',#4058,1.);
#320=VECTOR('',#4061,1.);
#321=VECTOR('',#4066,1.);
#322=VECTOR('',#4067,1.);
#323=VECTOR('',#4070,1.);
#324=VECTOR('',#4073,1.);
#325=VECTOR('',#4078,1.);
#326=VECTOR('',#4079,1.);
#327=VECTOR('',#4082,1.);
#328=VECTOR('',#4085,1.);
#329=VECTOR('',#4090,1.);
#330=VECTOR('',#4091,1.);
#331=VECTOR('',#4094,1.);
#332=VECTOR('',#4097,1.);
#333=VECTOR('',#4102,1.);
#334=VECTOR('',#4103,1.);
#335=VECTOR('',#4108,1.);
#336=VECTOR('',#4109,1.);
#337=VECTOR('',#4114,1.);
#338=VECTOR('',#4115,1.);
#339=VECTOR('',#4118,1.);
#340=VECTOR('',#4121,1.);
#341=VECTOR('',#4126,1.);
#342=VECTOR('',#4127,1.);
#343=VECTOR('',#4132,1.);
#344=VECTOR('',#4133,1.);
#345=VECTOR('',#4248,1.);
#346=VECTOR('',#4249,1.);
#347=VECTOR('',#4250,1.);
#348=VECTOR('',#4251,1.);
#349=VECTOR('',#4254,1.);
#350=VECTOR('',#4255,1.);
#351=VECTOR('',#4260,1.);
#352=VECTOR('',#4261,1.);
#353=VECTOR('',#4264,1.);
#354=VECTOR('',#4265,1.);
#355=VECTOR('',#4270,1.);
#356=VECTOR('',#4271,1.);
#357=VECTOR('',#4274,1.);
#358=VECTOR('',#4275,1.);
#359=VECTOR('',#4280,1.);
#360=VECTOR('',#4281,1.);
#361=VECTOR('',#4284,1.);
#362=VECTOR('',#4285,1.);
#363=VECTOR('',#4290,1.);
#364=VECTOR('',#4291,1.);
#365=VECTOR('',#4294,1.);
#366=VECTOR('',#4295,1.);
#367=VECTOR('',#4300,1.);
#368=VECTOR('',#4301,1.);
#369=VECTOR('',#4304,1.);
#370=VECTOR('',#4305,1.);
#371=VECTOR('',#4310,1.);
#372=VECTOR('',#4311,1.);
#373=VECTOR('',#4314,1.);
#374=VECTOR('',#4315,1.);
#375=VECTOR('',#4320,1.);
#376=VECTOR('',#4321,1.);
#377=VECTOR('',#4324,1.);
#378=VECTOR('',#4325,1.);
#379=VECTOR('',#4330,1.);
#380=VECTOR('',#4331,1.);
#381=VECTOR('',#4334,1.);
#382=VECTOR('',#4335,1.);
#383=VECTOR('',#4340,1.);
#384=VECTOR('',#4341,1.);
#385=VECTOR('',#4344,1.);
#386=VECTOR('',#4345,1.);
#387=VECTOR('',#4350,1.);
#388=VECTOR('',#4351,1.);
#389=VECTOR('',#4354,1.);
#390=VECTOR('',#4355,1.);
#391=VECTOR('',#4360,1.);
#392=VECTOR('',#4361,1.);
#393=VECTOR('',#4364,1.);
#394=VECTOR('',#4365,1.);
#395=VECTOR('',#4370,1.);
#396=VECTOR('',#4371,1.);
#397=VECTOR('',#4374,1.);
#398=VECTOR('',#4375,1.);
#399=VECTOR('',#4380,1.);
#400=VECTOR('',#4381,1.);
#401=VECTOR('',#4384,1.);
#402=VECTOR('',#4385,1.);
#403=VECTOR('',#4390,1.);
#404=VECTOR('',#4391,1.);
#405=VECTOR('',#4394,1.);
#406=VECTOR('',#4395,1.);
#407=VECTOR('',#4400,1.);
#408=VECTOR('',#4401,1.);
#409=VECTOR('',#4404,1.);
#410=VECTOR('',#4405,1.);
#411=VECTOR('',#4410,1.);
#412=VECTOR('',#4411,1.);
#413=VECTOR('',#4414,1.);
#414=VECTOR('',#4415,1.);
#415=VECTOR('',#4420,1.);
#416=VECTOR('',#4421,1.);
#417=VECTOR('',#4424,1.);
#418=VECTOR('',#4425,1.);
#419=CYLINDRICAL_SURFACE('',#3299,0.043);
#420=CYLINDRICAL_SURFACE('',#3306,0.01025);
#421=CYLINDRICAL_SURFACE('',#3309,0.0016);
#422=CYLINDRICAL_SURFACE('',#3311,0.0016);
#423=CYLINDRICAL_SURFACE('',#3313,0.0016);
#424=CYLINDRICAL_SURFACE('',#3315,0.0016);
#425=CYLINDRICAL_SURFACE('',#3321,0.043);
#426=CYLINDRICAL_SURFACE('',#3326,0.0385);
#427=CYLINDRICAL_SURFACE('',#3330,0.0465);
#428=CYLINDRICAL_SURFACE('',#3340,0.043);
#429=CYLINDRICAL_SURFACE('',#3345,0.0385);
#430=CYLINDRICAL_SURFACE('',#3349,0.0465);
#431=CYLINDRICAL_SURFACE('',#3359,0.043);
#432=CYLINDRICAL_SURFACE('',#3364,0.0385);
#433=CYLINDRICAL_SURFACE('',#3368,0.0465);
#434=CYLINDRICAL_SURFACE('',#3378,0.043);
#435=CYLINDRICAL_SURFACE('',#3383,0.0385);
#436=CYLINDRICAL_SURFACE('',#3387,0.0465);
#437=CYLINDRICAL_SURFACE('',#3397,0.043);
#438=CYLINDRICAL_SURFACE('',#3402,0.0385);
#439=CYLINDRICAL_SURFACE('',#3406,0.0465);
#440=CYLINDRICAL_SURFACE('',#3413,0.0166666666666666);
#441=CYLINDRICAL_SURFACE('',#3415,0.0166666666666666);
#442=CYLINDRICAL_SURFACE('',#3417,0.0166666666666666);
#443=CYLINDRICAL_SURFACE('',#3419,0.0166666666666666);
#444=CYLINDRICAL_SURFACE('',#3421,0.0166666666666666);
#445=CYLINDRICAL_SURFACE('',#3423,0.0166666666666666);
#446=CYLINDRICAL_SURFACE('',#3425,0.0166666666666666);
#447=CYLINDRICAL_SURFACE('',#3427,0.0166666666666666);
#448=CYLINDRICAL_SURFACE('',#3429,0.0166666666666666);
#449=CYLINDRICAL_SURFACE('',#3431,0.0166666666666666);
#450=CYLINDRICAL_SURFACE('',#3433,0.0166666666666666);
#451=CYLINDRICAL_SURFACE('',#3435,0.0166666666666666);
#452=CYLINDRICAL_SURFACE('',#3437,0.0166666666666666);
#453=CYLINDRICAL_SURFACE('',#3439,0.0166666666666666);
#454=CYLINDRICAL_SURFACE('',#3441,0.0166666666666666);
#455=CYLINDRICAL_SURFACE('',#3443,0.0166666666666666);
#456=CYLINDRICAL_SURFACE('',#3445,0.0166666666666666);
#457=CYLINDRICAL_SURFACE('',#3503,0.0166666666666666);
#458=CYLINDRICAL_SURFACE('',#3504,0.0129166666666608);
#459=CYLINDRICAL_SURFACE('',#3505,0.000670805845241424);
#460=CYLINDRICAL_SURFACE('',#3506,0.000670805845241424);
#461=CYLINDRICAL_SURFACE('',#3507,0.0129166666666608);
#462=CYLINDRICAL_SURFACE('',#3508,0.000670805845241424);
#463=CYLINDRICAL_SURFACE('',#3509,0.000670805845241424);
#464=CYLINDRICAL_SURFACE('',#3510,0.0129166666666608);
#465=CYLINDRICAL_SURFACE('',#3511,0.000670805845241424);
#466=CYLINDRICAL_SURFACE('',#3512,0.000670805845241424);
#467=CYLINDRICAL_SURFACE('',#3513,0.0129166666666608);
#468=CYLINDRICAL_SURFACE('',#3514,0.000670805845241424);
#469=CYLINDRICAL_SURFACE('',#3515,0.000670805845241424);
#470=CYLINDRICAL_SURFACE('',#3516,0.0129166666666608);
#471=CYLINDRICAL_SURFACE('',#3517,0.000670805845241424);
#472=CYLINDRICAL_SURFACE('',#3518,0.000670805845241424);
#473=CYLINDRICAL_SURFACE('',#3519,0.0129166666666608);
#474=CYLINDRICAL_SURFACE('',#3520,0.000670805845241424);
#475=CYLINDRICAL_SURFACE('',#3521,0.000670805845241424);
#476=CYLINDRICAL_SURFACE('',#3522,0.0129166666666608);
#477=CYLINDRICAL_SURFACE('',#3523,0.000670805845241424);
#478=CYLINDRICAL_SURFACE('',#3524,0.000670805845241424);
#479=CYLINDRICAL_SURFACE('',#3525,0.0129166666666608);
#480=CYLINDRICAL_SURFACE('',#3526,0.000670805845241424);
#481=CYLINDRICAL_SURFACE('',#3527,0.000670805845241424);
#482=CYLINDRICAL_SURFACE('',#3528,0.0129166666666608);
#483=CYLINDRICAL_SURFACE('',#3529,0.000670805845241424);
#484=CYLINDRICAL_SURFACE('',#3530,0.000670805845241424);
#485=CYLINDRICAL_SURFACE('',#3531,0.0129166666666608);
#486=CYLINDRICAL_SURFACE('',#3532,0.000670805845241424);
#487=CYLINDRICAL_SURFACE('',#3533,0.000670805845241424);
#488=CYLINDRICAL_SURFACE('',#3534,0.0129166666666608);
#489=CYLINDRICAL_SURFACE('',#3535,0.000670805845241424);
#490=CYLINDRICAL_SURFACE('',#3536,0.000670805845241424);
#491=CYLINDRICAL_SURFACE('',#3537,0.0129166666666608);
#492=CYLINDRICAL_SURFACE('',#3538,0.000670805845241424);
#493=CYLINDRICAL_SURFACE('',#3539,0.000670805845241424);
#494=CYLINDRICAL_SURFACE('',#3540,0.0129166666666608);
#495=CYLINDRICAL_SURFACE('',#3541,0.000670805845241424);
#496=CYLINDRICAL_SURFACE('',#3542,0.000670805845241424);
#497=CYLINDRICAL_SURFACE('',#3543,0.0129166666666608);
#498=CYLINDRICAL_SURFACE('',#3544,0.000670805845241424);
#499=CYLINDRICAL_SURFACE('',#3545,0.000670805845241424);
#500=CYLINDRICAL_SURFACE('',#3546,0.0129166666666608);
#501=CYLINDRICAL_SURFACE('',#3547,0.000670805845241424);
#502=CYLINDRICAL_SURFACE('',#3548,0.000670805845241424);
#503=CYLINDRICAL_SURFACE('',#3549,0.0129166666666608);
#504=CYLINDRICAL_SURFACE('',#3550,0.000670805845241424);
#505=CYLINDRICAL_SURFACE('',#3551,0.000670805845241424);
#506=CYLINDRICAL_SURFACE('',#3552,0.0129166666666608);
#507=CYLINDRICAL_SURFACE('',#3553,0.000670805845241424);
#508=CYLINDRICAL_SURFACE('',#3554,0.000670805845241424);
#509=CYLINDRICAL_SURFACE('',#3555,0.0129166666666608);
#510=CYLINDRICAL_SURFACE('',#3556,0.000670805845241424);
#511=CYLINDRICAL_SURFACE('',#3557,0.000670805845241424);
#512=B_SPLINE_CURVE_WITH_KNOTS('',3,(#4463,#4464,#4465,#4466,#4467,#4468,
#4469,#4470,#4471,#4472,#4473,#4474,#4475,#4476,#4477,#4478,#4479,#4480,
#4481,#4482,#4483,#4484,#4485,#4486,#4487,#4488,#4489,#4490,#4491,#4492,
#4493,#4494,#4495,#4496,#4497),.UNSPECIFIED.,.F.,.F.,(4,1,1,1,1,1,1,1,1,
1,1,1,1,1,1,1,1,1,1,1,1,1,1,1,1,1,1,1,1,1,1,1,4),(0.,0.107626156441442,
0.116731661278873,0.128486815154898,0.142395700036577,0.158166892716714,
0.175602602057852,0.194557216347194,0.214917738100317,0.23659316865271,
0.259508179747131,0.283599073824856,0.308811067431172,0.33509638778013,
0.362412893965382,0.390723050350557,0.419993144285972,0.450192678114564,
0.481293888508613,0.513271360774479,0.546101715281823,0.579763349550858,
0.614236223905408,0.649501681663423,0.685542297023231,0.72234174539079,
0.759884692062706,0.798156696053524,0.837144126516999,0.876834089717067,
0.917214364895772,0.958273347691246,0.981061949686134),.UNSPECIFIED.);
#513=B_SPLINE_CURVE_WITH_KNOTS('',3,(#4501,#4502,#4503,#4504,#4505,#4506,
#4507,#4508,#4509,#4510,#4511,#4512,#4513,#4514,#4515,#4516,#4517,#4518,
#4519,#4520,#4521,#4522,#4523,#4524,#4525,#4526,#4527,#4528,#4529,#4530,
#4531,#4532,#4533,#4534,#4535),.UNSPECIFIED.,.F.,.F.,(4,1,1,1,1,1,1,1,1,
1,1,1,1,1,1,1,1,1,1,1,1,1,1,1,1,1,1,1,1,1,1,1,4),(0.,0.107626156441442,
0.116731661278873,0.128486815154898,0.142395700036577,0.158166892716714,
0.175602602057852,0.194557216347194,0.214917738100317,0.23659316865271,
0.259508179747131,0.283599073824856,0.308811067431172,0.33509638778013,
0.362412893965382,0.390723050350557,0.419993144285972,0.450192678114564,
0.481293888508613,0.513271360774479,0.546101715281823,0.579763349550858,
0.614236223905408,0.649501681663423,0.685542297023231,0.72234174539079,
0.759884692062706,0.798156696053524,0.837144126516999,0.876834089717067,
0.917214364895772,0.958273347691246,0.981061949686137),.UNSPECIFIED.);
#514=B_SPLINE_CURVE_WITH_KNOTS('',3,(#4543,#4544,#4545,#4546,#4547,#4548,
#4549,#4550,#4551,#4552,#4553,#4554,#4555,#4556,#4557,#4558,#4559,#4560,
#4561,#4562,#4563,#4564,#4565,#4566,#4567,#4568,#4569,#4570,#4571,#4572,
#4573,#4574,#4575,#4576,#4577),.UNSPECIFIED.,.F.,.F.,(4,1,1,1,1,1,1,1,1,
1,1,1,1,1,1,1,1,1,1,1,1,1,1,1,1,1,1,1,1,1,1,1,4),(0.,0.107626156441442,
0.116731661278873,0.128486815154898,0.142395700036577,0.158166892716714,
0.175602602057852,0.194557216347194,0.214917738100317,0.23659316865271,
0.259508179747131,0.283599073824856,0.308811067431172,0.33509638778013,
0.362412893965382,0.390723050350557,0.419993144285972,0.450192678114564,
0.481293888508613,0.513271360774479,0.546101715281823,0.579763349550858,
0.614236223905408,0.649501681663423,0.685542297023231,0.72234174539079,
0.759884692062706,0.798156696053524,0.837144126516999,0.876834089717067,
0.917214364895772,0.958273347691246,0.981061949686134),.UNSPECIFIED.);
#515=B_SPLINE_CURVE_WITH_KNOTS('',3,(#4581,#4582,#4583,#4584,#4585,#4586,
#4587,#4588,#4589,#4590,#4591,#4592,#4593,#4594,#4595,#4596,#4597,#4598,
#4599,#4600,#4601,#4602,#4603,#4604,#4605,#4606,#4607,#4608,#4609,#4610,
#4611,#4612,#4613,#4614,#4615),.UNSPECIFIED.,.F.,.F.,(4,1,1,1,1,1,1,1,1,
1,1,1,1,1,1,1,1,1,1,1,1,1,1,1,1,1,1,1,1,1,1,1,4),(0.,0.107626156441442,
0.116731661278873,0.128486815154898,0.142395700036577,0.158166892716714,
0.175602602057852,0.194557216347194,0.214917738100317,0.23659316865271,
0.259508179747131,0.283599073824856,0.308811067431172,0.33509638778013,
0.362412893965382,0.390723050350557,0.419993144285972,0.450192678114564,
0.481293888508613,0.513271360774479,0.546101715281823,0.579763349550858,
0.614236223905408,0.649501681663423,0.685542297023231,0.72234174539079,
0.759884692062706,0.798156696053524,0.837144126516999,0.876834089717067,
0.917214364895772,0.958273347691246,0.981061949686137),.UNSPECIFIED.);
#516=B_SPLINE_CURVE_WITH_KNOTS('',3,(#4623,#4624,#4625,#4626,#4627,#4628,
#4629,#4630,#4631,#4632,#4633,#4634,#4635,#4636,#4637,#4638,#4639,#4640,
#4641,#4642,#4643,#4644,#4645,#4646,#4647,#4648,#4649,#4650,#4651,#4652,
#4653,#4654,#4655,#4656,#4657),.UNSPECIFIED.,.F.,.F.,(4,1,1,1,1,1,1,1,1,
1,1,1,1,1,1,1,1,1,1,1,1,1,1,1,1,1,1,1,1,1,1,1,4),(0.,0.107626156441442,
0.116731661278873,0.128486815154898,0.142395700036577,0.158166892716714,
0.175602602057852,0.194557216347194,0.214917738100317,0.23659316865271,
0.259508179747131,0.283599073824856,0.308811067431172,0.33509638778013,
0.362412893965382,0.390723050350557,0.419993144285972,0.450192678114564,
0.481293888508613,0.513271360774479,0.546101715281823,0.579763349550858,
0.614236223905408,0.649501681663423,0.685542297023231,0.72234174539079,
0.759884692062706,0.798156696053524,0.837144126516999,0.876834089717067,
0.917214364895772,0.958273347691246,0.981061949686134),.UNSPECIFIED.);
#517=B_SPLINE_CURVE_WITH_KNOTS('',3,(#4661,#4662,#4663,#4664,#4665,#4666,
#4667,#4668,#4669,#4670,#4671,#4672,#4673,#4674,#4675,#4676,#4677,#4678,
#4679,#4680,#4681,#4682,#4683,#4684,#4685,#4686,#4687,#4688,#4689,#4690,
#4691,#4692,#4693,#4694,#4695),.UNSPECIFIED.,.F.,.F.,(4,1,1,1,1,1,1,1,1,
1,1,1,1,1,1,1,1,1,1,1,1,1,1,1,1,1,1,1,1,1,1,1,4),(0.,0.107626156441442,
0.116731661278873,0.128486815154898,0.142395700036577,0.158166892716714,
0.175602602057852,0.194557216347194,0.214917738100317,0.23659316865271,
0.259508179747131,0.283599073824856,0.308811067431172,0.33509638778013,
0.362412893965382,0.390723050350557,0.419993144285972,0.450192678114564,
0.481293888508613,0.513271360774479,0.546101715281823,0.579763349550858,
0.614236223905408,0.649501681663423,0.685542297023231,0.72234174539079,
0.759884692062706,0.798156696053524,0.837144126516999,0.876834089717067,
0.917214364895772,0.958273347691246,0.981061949686137),.UNSPECIFIED.);
#518=B_SPLINE_CURVE_WITH_KNOTS('',3,(#4703,#4704,#4705,#4706,#4707,#4708,
#4709,#4710,#4711,#4712,#4713,#4714,#4715,#4716,#4717,#4718,#4719,#4720,
#4721,#4722,#4723,#4724,#4725,#4726,#4727,#4728,#4729,#4730,#4731,#4732,
#4733,#4734,#4735,#4736,#4737),.UNSPECIFIED.,.F.,.F.,(4,1,1,1,1,1,1,1,1,
1,1,1,1,1,1,1,1,1,1,1,1,1,1,1,1,1,1,1,1,1,1,1,4),(0.,0.107626156441442,
0.116731661278873,0.128486815154898,0.142395700036577,0.158166892716714,
0.175602602057852,0.194557216347194,0.214917738100317,0.23659316865271,
0.259508179747131,0.283599073824856,0.308811067431172,0.33509638778013,
0.362412893965382,0.390723050350557,0.419993144285972,0.450192678114564,
0.481293888508613,0.513271360774479,0.546101715281823,0.579763349550858,
0.614236223905408,0.649501681663423,0.685542297023231,0.72234174539079,
0.759884692062706,0.798156696053524,0.837144126516999,0.876834089717067,
0.917214364895772,0.958273347691246,0.981061949686134),.UNSPECIFIED.);
#519=B_SPLINE_CURVE_WITH_KNOTS('',3,(#4741,#4742,#4743,#4744,#4745,#4746,
#4747,#4748,#4749,#4750,#4751,#4752,#4753,#4754,#4755,#4756,#4757,#4758,
#4759,#4760,#4761,#4762,#4763,#4764,#4765,#4766,#4767,#4768,#4769,#4770,
#4771,#4772,#4773,#4774,#4775),.UNSPECIFIED.,.F.,.F.,(4,1,1,1,1,1,1,1,1,
1,1,1,1,1,1,1,1,1,1,1,1,1,1,1,1,1,1,1,1,1,1,1,4),(0.,0.107626156441442,
0.116731661278873,0.128486815154898,0.142395700036577,0.158166892716714,
0.175602602057852,0.194557216347194,0.214917738100317,0.23659316865271,
0.259508179747131,0.283599073824856,0.308811067431172,0.33509638778013,
0.362412893965382,0.390723050350557,0.419993144285972,0.450192678114564,
0.481293888508613,0.513271360774479,0.546101715281823,0.579763349550858,
0.614236223905408,0.649501681663423,0.685542297023231,0.72234174539079,
0.759884692062706,0.798156696053524,0.837144126516999,0.876834089717067,
0.917214364895772,0.958273347691246,0.981061949686137),.UNSPECIFIED.);
#520=B_SPLINE_CURVE_WITH_KNOTS('',3,(#4783,#4784,#4785,#4786,#4787,#4788,
#4789,#4790,#4791,#4792,#4793,#4794,#4795,#4796,#4797,#4798,#4799,#4800,
#4801,#4802,#4803,#4804,#4805,#4806,#4807,#4808,#4809,#4810,#4811,#4812,
#4813,#4814,#4815,#4816,#4817),.UNSPECIFIED.,.F.,.F.,(4,1,1,1,1,1,1,1,1,
1,1,1,1,1,1,1,1,1,1,1,1,1,1,1,1,1,1,1,1,1,1,1,4),(0.,0.107626156441442,
0.116731661278873,0.128486815154898,0.142395700036577,0.158166892716714,
0.175602602057852,0.194557216347194,0.214917738100317,0.23659316865271,
0.259508179747131,0.283599073824856,0.308811067431172,0.33509638778013,
0.362412893965382,0.390723050350557,0.419993144285972,0.450192678114564,
0.481293888508613,0.513271360774479,0.546101715281823,0.579763349550858,
0.614236223905408,0.649501681663423,0.685542297023231,0.72234174539079,
0.759884692062706,0.798156696053524,0.837144126516999,0.876834089717067,
0.917214364895772,0.958273347691246,0.981061949686134),.UNSPECIFIED.);
#521=B_SPLINE_CURVE_WITH_KNOTS('',3,(#4821,#4822,#4823,#4824,#4825,#4826,
#4827,#4828,#4829,#4830,#4831,#4832,#4833,#4834,#4835,#4836,#4837,#4838,
#4839,#4840,#4841,#4842,#4843,#4844,#4845,#4846,#4847,#4848,#4849,#4850,
#4851,#4852,#4853,#4854,#4855),.UNSPECIFIED.,.F.,.F.,(4,1,1,1,1,1,1,1,1,
1,1,1,1,1,1,1,1,1,1,1,1,1,1,1,1,1,1,1,1,1,1,1,4),(0.,0.107626156441442,
0.116731661278873,0.128486815154898,0.142395700036577,0.158166892716714,
0.175602602057852,0.194557216347194,0.214917738100317,0.23659316865271,
0.259508179747131,0.283599073824856,0.308811067431172,0.33509638778013,
0.362412893965382,0.390723050350557,0.419993144285972,0.450192678114564,
0.481293888508613,0.513271360774479,0.546101715281823,0.579763349550858,
0.614236223905408,0.649501681663423,0.685542297023231,0.72234174539079,
0.759884692062706,0.798156696053524,0.837144126516999,0.876834089717067,
0.917214364895772,0.958273347691246,0.981061949686137),.UNSPECIFIED.);
#522=B_SPLINE_CURVE_WITH_KNOTS('',3,(#4863,#4864,#4865,#4866,#4867,#4868,
#4869,#4870,#4871,#4872,#4873,#4874,#4875,#4876,#4877,#4878,#4879,#4880,
#4881,#4882,#4883,#4884,#4885,#4886,#4887,#4888,#4889,#4890,#4891,#4892,
#4893,#4894,#4895,#4896,#4897),.UNSPECIFIED.,.F.,.F.,(4,1,1,1,1,1,1,1,1,
1,1,1,1,1,1,1,1,1,1,1,1,1,1,1,1,1,1,1,1,1,1,1,4),(0.,0.107626156441442,
0.116731661278873,0.128486815154898,0.142395700036577,0.158166892716714,
0.175602602057852,0.194557216347194,0.214917738100317,0.23659316865271,
0.259508179747131,0.283599073824856,0.308811067431172,0.33509638778013,
0.362412893965382,0.390723050350557,0.419993144285972,0.450192678114564,
0.481293888508613,0.513271360774479,0.546101715281823,0.579763349550858,
0.614236223905408,0.649501681663423,0.685542297023231,0.72234174539079,
0.759884692062706,0.798156696053524,0.837144126516999,0.876834089717067,
0.917214364895772,0.958273347691246,0.981061949686134),.UNSPECIFIED.);
#523=B_SPLINE_CURVE_WITH_KNOTS('',3,(#4901,#4902,#4903,#4904,#4905,#4906,
#4907,#4908,#4909,#4910,#4911,#4912,#4913,#4914,#4915,#4916,#4917,#4918,
#4919,#4920,#4921,#4922,#4923,#4924,#4925,#4926,#4927,#4928,#4929,#4930,
#4931,#4932,#4933,#4934,#4935),.UNSPECIFIED.,.F.,.F.,(4,1,1,1,1,1,1,1,1,
1,1,1,1,1,1,1,1,1,1,1,1,1,1,1,1,1,1,1,1,1,1,1,4),(0.,0.107626156441442,
0.116731661278873,0.128486815154898,0.142395700036577,0.158166892716714,
0.175602602057852,0.194557216347194,0.214917738100317,0.23659316865271,
0.259508179747131,0.283599073824856,0.308811067431172,0.33509638778013,
0.362412893965382,0.390723050350557,0.419993144285972,0.450192678114564,
0.481293888508613,0.513271360774479,0.546101715281823,0.579763349550858,
0.614236223905408,0.649501681663423,0.685542297023231,0.72234174539079,
0.759884692062706,0.798156696053524,0.837144126516999,0.876834089717067,
0.917214364895772,0.958273347691246,0.981061949686137),.UNSPECIFIED.);
#524=B_SPLINE_CURVE_WITH_KNOTS('',3,(#4943,#4944,#4945,#4946,#4947,#4948,
#4949,#4950,#4951,#4952,#4953,#4954,#4955,#4956,#4957,#4958,#4959,#4960,
#4961,#4962,#4963,#4964,#4965,#4966,#4967,#4968,#4969,#4970,#4971,#4972,
#4973,#4974,#4975,#4976,#4977),.UNSPECIFIED.,.F.,.F.,(4,1,1,1,1,1,1,1,1,
1,1,1,1,1,1,1,1,1,1,1,1,1,1,1,1,1,1,1,1,1,1,1,4),(0.,0.107626156441442,
0.116731661278873,0.128486815154898,0.142395700036577,0.158166892716714,
0.175602602057852,0.194557216347194,0.214917738100317,0.23659316865271,
0.259508179747131,0.283599073824856,0.308811067431172,0.33509638778013,
0.362412893965382,0.390723050350557,0.419993144285972,0.450192678114564,
0.481293888508613,0.513271360774479,0.546101715281823,0.579763349550858,
0.614236223905408,0.649501681663423,0.685542297023231,0.72234174539079,
0.759884692062706,0.798156696053524,0.837144126516999,0.876834089717067,
0.917214364895772,0.958273347691246,0.981061949686134),.UNSPECIFIED.);
#525=B_SPLINE_CURVE_WITH_KNOTS('',3,(#4981,#4982,#4983,#4984,#4985,#4986,
#4987,#4988,#4989,#4990,#4991,#4992,#4993,#4994,#4995,#4996,#4997,#4998,
#4999,#5000,#5001,#5002,#5003,#5004,#5005,#5006,#5007,#5008,#5009,#5010,
#5011,#5012,#5013,#5014,#5015),.UNSPECIFIED.,.F.,.F.,(4,1,1,1,1,1,1,1,1,
1,1,1,1,1,1,1,1,1,1,1,1,1,1,1,1,1,1,1,1,1,1,1,4),(0.,0.107626156441442,
0.116731661278873,0.128486815154898,0.142395700036577,0.158166892716714,
0.175602602057852,0.194557216347194,0.214917738100317,0.23659316865271,
0.259508179747131,0.283599073824856,0.308811067431172,0.33509638778013,
0.362412893965382,0.390723050350557,0.419993144285972,0.450192678114564,
0.481293888508613,0.513271360774479,0.546101715281823,0.579763349550858,
0.614236223905408,0.649501681663423,0.685542297023231,0.72234174539079,
0.759884692062706,0.798156696053524,0.837144126516999,0.876834089717067,
0.917214364895772,0.958273347691246,0.981061949686137),.UNSPECIFIED.);
#526=B_SPLINE_CURVE_WITH_KNOTS('',3,(#5023,#5024,#5025,#5026,#5027,#5028,
#5029,#5030,#5031,#5032,#5033,#5034,#5035,#5036,#5037,#5038,#5039,#5040,
#5041,#5042,#5043,#5044,#5045,#5046,#5047,#5048,#5049,#5050,#5051,#5052,
#5053,#5054,#5055,#5056,#5057),.UNSPECIFIED.,.F.,.F.,(4,1,1,1,1,1,1,1,1,
1,1,1,1,1,1,1,1,1,1,1,1,1,1,1,1,1,1,1,1,1,1,1,4),(0.,0.107626156441442,
0.116731661278873,0.128486815154898,0.142395700036577,0.158166892716714,
0.175602602057852,0.194557216347194,0.214917738100317,0.23659316865271,
0.259508179747131,0.283599073824856,0.308811067431172,0.33509638778013,
0.362412893965382,0.390723050350557,0.419993144285972,0.450192678114564,
0.481293888508613,0.513271360774479,0.546101715281823,0.579763349550858,
0.614236223905408,0.649501681663423,0.685542297023231,0.72234174539079,
0.759884692062706,0.798156696053524,0.837144126516999,0.876834089717067,
0.917214364895772,0.958273347691246,0.981061949686134),.UNSPECIFIED.);
#527=B_SPLINE_CURVE_WITH_KNOTS('',3,(#5061,#5062,#5063,#5064,#5065,#5066,
#5067,#5068,#5069,#5070,#5071,#5072,#5073,#5074,#5075,#5076,#5077,#5078,
#5079,#5080,#5081,#5082,#5083,#5084,#5085,#5086,#5087,#5088,#5089,#5090,
#5091,#5092,#5093,#5094,#5095),.UNSPECIFIED.,.F.,.F.,(4,1,1,1,1,1,1,1,1,
1,1,1,1,1,1,1,1,1,1,1,1,1,1,1,1,1,1,1,1,1,1,1,4),(0.,0.107626156441442,
0.116731661278873,0.128486815154898,0.142395700036577,0.158166892716714,
0.175602602057852,0.194557216347194,0.214917738100317,0.23659316865271,
0.259508179747131,0.283599073824856,0.308811067431172,0.33509638778013,
0.362412893965382,0.390723050350557,0.419993144285972,0.450192678114564,
0.481293888508613,0.513271360774479,0.546101715281823,0.579763349550858,
0.614236223905408,0.649501681663423,0.685542297023231,0.72234174539079,
0.759884692062706,0.798156696053524,0.837144126516999,0.876834089717067,
0.917214364895772,0.958273347691246,0.981061949686137),.UNSPECIFIED.);
#528=B_SPLINE_CURVE_WITH_KNOTS('',3,(#5103,#5104,#5105,#5106,#5107,#5108,
#5109,#5110,#5111,#5112,#5113,#5114,#5115,#5116,#5117,#5118,#5119,#5120,
#5121,#5122,#5123,#5124,#5125,#5126,#5127,#5128,#5129,#5130,#5131,#5132,
#5133,#5134,#5135,#5136,#5137),.UNSPECIFIED.,.F.,.F.,(4,1,1,1,1,1,1,1,1,
1,1,1,1,1,1,1,1,1,1,1,1,1,1,1,1,1,1,1,1,1,1,1,4),(0.,0.107626156441442,
0.116731661278873,0.128486815154898,0.142395700036577,0.158166892716714,
0.175602602057852,0.194557216347194,0.214917738100317,0.23659316865271,
0.259508179747131,0.283599073824856,0.308811067431172,0.33509638778013,
0.362412893965382,0.390723050350557,0.419993144285972,0.450192678114564,
0.481293888508613,0.513271360774479,0.546101715281823,0.579763349550858,
0.614236223905408,0.649501681663423,0.685542297023231,0.72234174539079,
0.759884692062706,0.798156696053524,0.837144126516999,0.876834089717067,
0.917214364895772,0.958273347691246,0.981061949686134),.UNSPECIFIED.);
#529=B_SPLINE_CURVE_WITH_KNOTS('',3,(#5141,#5142,#5143,#5144,#5145,#5146,
#5147,#5148,#5149,#5150,#5151,#5152,#5153,#5154,#5155,#5156,#5157,#5158,
#5159,#5160,#5161,#5162,#5163,#5164,#5165,#5166,#5167,#5168,#5169,#5170,
#5171,#5172,#5173,#5174,#5175),.UNSPECIFIED.,.F.,.F.,(4,1,1,1,1,1,1,1,1,
1,1,1,1,1,1,1,1,1,1,1,1,1,1,1,1,1,1,1,1,1,1,1,4),(0.,0.107626156441442,
0.116731661278873,0.128486815154898,0.142395700036577,0.158166892716714,
0.175602602057852,0.194557216347194,0.214917738100317,0.23659316865271,
0.259508179747131,0.283599073824856,0.308811067431172,0.33509638778013,
0.362412893965382,0.390723050350557,0.419993144285972,0.450192678114564,
0.481293888508613,0.513271360774479,0.546101715281823,0.579763349550858,
0.614236223905408,0.649501681663423,0.685542297023231,0.72234174539079,
0.759884692062706,0.798156696053524,0.837144126516999,0.876834089717067,
0.917214364895772,0.958273347691246,0.981061949686137),.UNSPECIFIED.);
#530=B_SPLINE_CURVE_WITH_KNOTS('',3,(#5183,#5184,#5185,#5186,#5187,#5188,
#5189,#5190,#5191,#5192,#5193,#5194,#5195,#5196,#5197,#5198,#5199,#5200,
#5201,#5202,#5203,#5204,#5205,#5206,#5207,#5208,#5209,#5210,#5211,#5212,
#5213,#5214,#5215,#5216,#5217),.UNSPECIFIED.,.F.,.F.,(4,1,1,1,1,1,1,1,1,
1,1,1,1,1,1,1,1,1,1,1,1,1,1,1,1,1,1,1,1,1,1,1,4),(0.,0.107626156441442,
0.116731661278873,0.128486815154898,0.142395700036577,0.158166892716714,
0.175602602057852,0.194557216347194,0.214917738100317,0.23659316865271,
0.259508179747131,0.283599073824856,0.308811067431172,0.33509638778013,
0.362412893965382,0.390723050350557,0.419993144285972,0.450192678114564,
0.481293888508613,0.513271360774479,0.546101715281823,0.579763349550858,
0.614236223905408,0.649501681663423,0.685542297023231,0.72234174539079,
0.759884692062706,0.798156696053524,0.837144126516999,0.876834089717067,
0.917214364895772,0.958273347691246,0.981061949686134),.UNSPECIFIED.);
#531=B_SPLINE_CURVE_WITH_KNOTS('',3,(#5221,#5222,#5223,#5224,#5225,#5226,
#5227,#5228,#5229,#5230,#5231,#5232,#5233,#5234,#5235,#5236,#5237,#5238,
#5239,#5240,#5241,#5242,#5243,#5244,#5245,#5246,#5247,#5248,#5249,#5250,
#5251,#5252,#5253,#5254,#5255),.UNSPECIFIED.,.F.,.F.,(4,1,1,1,1,1,1,1,1,
1,1,1,1,1,1,1,1,1,1,1,1,1,1,1,1,1,1,1,1,1,1,1,4),(0.,0.107626156441442,
0.116731661278873,0.128486815154898,0.142395700036577,0.158166892716714,
0.175602602057852,0.194557216347194,0.214917738100317,0.23659316865271,
0.259508179747131,0.283599073824856,0.308811067431172,0.33509638778013,
0.362412893965382,0.390723050350557,0.419993144285972,0.450192678114564,
0.481293888508613,0.513271360774479,0.546101715281823,0.579763349550858,
0.614236223905408,0.649501681663423,0.685542297023231,0.72234174539079,
0.759884692062706,0.798156696053524,0.837144126516999,0.876834089717067,
0.917214364895772,0.958273347691246,0.981061949686137),.UNSPECIFIED.);
#532=B_SPLINE_CURVE_WITH_KNOTS('',3,(#5263,#5264,#5265,#5266,#5267,#5268,
#5269,#5270,#5271,#5272,#5273,#5274,#5275,#5276,#5277,#5278,#5279,#5280,
#5281,#5282,#5283,#5284,#5285,#5286,#5287,#5288,#5289,#5290,#5291,#5292,
#5293,#5294,#5295,#5296,#5297),.UNSPECIFIED.,.F.,.F.,(4,1,1,1,1,1,1,1,1,
1,1,1,1,1,1,1,1,1,1,1,1,1,1,1,1,1,1,1,1,1,1,1,4),(0.,0.107626156441442,
0.116731661278873,0.128486815154898,0.142395700036577,0.158166892716714,
0.175602602057852,0.194557216347194,0.214917738100317,0.23659316865271,
0.259508179747131,0.283599073824856,0.308811067431172,0.33509638778013,
0.362412893965382,0.390723050350557,0.419993144285972,0.450192678114564,
0.481293888508613,0.513271360774479,0.546101715281823,0.579763349550858,
0.614236223905408,0.649501681663423,0.685542297023231,0.72234174539079,
0.759884692062706,0.798156696053524,0.837144126516999,0.876834089717067,
0.917214364895772,0.958273347691246,0.981061949686134),.UNSPECIFIED.);
#533=B_SPLINE_CURVE_WITH_KNOTS('',3,(#5301,#5302,#5303,#5304,#5305,#5306,
#5307,#5308,#5309,#5310,#5311,#5312,#5313,#5314,#5315,#5316,#5317,#5318,
#5319,#5320,#5321,#5322,#5323,#5324,#5325,#5326,#5327,#5328,#5329,#5330,
#5331,#5332,#5333,#5334,#5335),.UNSPECIFIED.,.F.,.F.,(4,1,1,1,1,1,1,1,1,
1,1,1,1,1,1,1,1,1,1,1,1,1,1,1,1,1,1,1,1,1,1,1,4),(0.,0.107626156441442,
0.116731661278873,0.128486815154898,0.142395700036577,0.158166892716714,
0.175602602057852,0.194557216347194,0.214917738100317,0.23659316865271,
0.259508179747131,0.283599073824856,0.308811067431172,0.33509638778013,
0.362412893965382,0.390723050350557,0.419993144285972,0.450192678114564,
0.481293888508613,0.513271360774479,0.546101715281823,0.579763349550858,
0.614236223905408,0.649501681663423,0.685542297023231,0.72234174539079,
0.759884692062706,0.798156696053524,0.837144126516999,0.876834089717067,
0.917214364895772,0.958273347691246,0.981061949686137),.UNSPECIFIED.);
#534=B_SPLINE_CURVE_WITH_KNOTS('',3,(#5343,#5344,#5345,#5346,#5347,#5348,
#5349,#5350,#5351,#5352,#5353,#5354,#5355,#5356,#5357,#5358,#5359,#5360,
#5361,#5362,#5363,#5364,#5365,#5366,#5367,#5368,#5369,#5370,#5371,#5372,
#5373,#5374,#5375,#5376,#5377),.UNSPECIFIED.,.F.,.F.,(4,1,1,1,1,1,1,1,1,
1,1,1,1,1,1,1,1,1,1,1,1,1,1,1,1,1,1,1,1,1,1,1,4),(0.,0.107626156441442,
0.116731661278873,0.128486815154898,0.142395700036577,0.158166892716714,
0.175602602057852,0.194557216347194,0.214917738100317,0.23659316865271,
0.259508179747131,0.283599073824856,0.308811067431172,0.33509638778013,
0.362412893965382,0.390723050350557,0.419993144285972,0.450192678114564,
0.481293888508613,0.513271360774479,0.546101715281823,0.579763349550858,
0.614236223905408,0.649501681663423,0.685542297023231,0.72234174539079,
0.759884692062706,0.798156696053524,0.837144126516999,0.876834089717067,
0.917214364895772,0.958273347691246,0.981061949686134),.UNSPECIFIED.);
#535=B_SPLINE_CURVE_WITH_KNOTS('',3,(#5381,#5382,#5383,#5384,#5385,#5386,
#5387,#5388,#5389,#5390,#5391,#5392,#5393,#5394,#5395,#5396,#5397,#5398,
#5399,#5400,#5401,#5402,#5403,#5404,#5405,#5406,#5407,#5408,#5409,#5410,
#5411,#5412,#5413,#5414,#5415),.UNSPECIFIED.,.F.,.F.,(4,1,1,1,1,1,1,1,1,
1,1,1,1,1,1,1,1,1,1,1,1,1,1,1,1,1,1,1,1,1,1,1,4),(0.,0.107626156441442,
0.116731661278873,0.128486815154898,0.142395700036577,0.158166892716714,
0.175602602057852,0.194557216347194,0.214917738100317,0.23659316865271,
0.259508179747131,0.283599073824856,0.308811067431172,0.33509638778013,
0.362412893965382,0.390723050350557,0.419993144285972,0.450192678114564,
0.481293888508613,0.513271360774479,0.546101715281823,0.579763349550858,
0.614236223905408,0.649501681663423,0.685542297023231,0.72234174539079,
0.759884692062706,0.798156696053524,0.837144126516999,0.876834089717067,
0.917214364895772,0.958273347691246,0.981061949686137),.UNSPECIFIED.);
#536=B_SPLINE_CURVE_WITH_KNOTS('',3,(#5423,#5424,#5425,#5426,#5427,#5428,
#5429,#5430,#5431,#5432,#5433,#5434,#5435,#5436,#5437,#5438,#5439,#5440,
#5441,#5442,#5443,#5444,#5445,#5446,#5447,#5448,#5449,#5450,#5451,#5452,
#5453,#5454,#5455,#5456,#5457),.UNSPECIFIED.,.F.,.F.,(4,1,1,1,1,1,1,1,1,
1,1,1,1,1,1,1,1,1,1,1,1,1,1,1,1,1,1,1,1,1,1,1,4),(0.,0.107626156441442,
0.116731661278873,0.128486815154898,0.142395700036577,0.158166892716714,
0.175602602057852,0.194557216347194,0.214917738100317,0.23659316865271,
0.259508179747131,0.283599073824856,0.308811067431172,0.33509638778013,
0.362412893965382,0.390723050350557,0.419993144285972,0.450192678114564,
0.481293888508613,0.513271360774479,0.546101715281823,0.579763349550858,
0.614236223905408,0.649501681663423,0.685542297023231,0.72234174539079,
0.759884692062706,0.798156696053524,0.837144126516999,0.876834089717067,
0.917214364895772,0.958273347691246,0.981061949686134),.UNSPECIFIED.);
#537=B_SPLINE_CURVE_WITH_KNOTS('',3,(#5461,#5462,#5463,#5464,#5465,#5466,
#5467,#5468,#5469,#5470,#5471,#5472,#5473,#5474,#5475,#5476,#5477,#5478,
#5479,#5480,#5481,#5482,#5483,#5484,#5485,#5486,#5487,#5488,#5489,#5490,
#5491,#5492,#5493,#5494,#5495),.UNSPECIFIED.,.F.,.F.,(4,1,1,1,1,1,1,1,1,
1,1,1,1,1,1,1,1,1,1,1,1,1,1,1,1,1,1,1,1,1,1,1,4),(0.,0.107626156441442,
0.116731661278873,0.128486815154898,0.142395700036577,0.158166892716714,
0.175602602057852,0.194557216347194,0.214917738100317,0.23659316865271,
0.259508179747131,0.283599073824856,0.308811067431172,0.33509638778013,
0.362412893965382,0.390723050350557,0.419993144285972,0.450192678114564,
0.481293888508613,0.513271360774479,0.546101715281823,0.579763349550858,
0.614236223905408,0.649501681663423,0.685542297023231,0.72234174539079,
0.759884692062706,0.798156696053524,0.837144126516999,0.876834089717067,
0.917214364895772,0.958273347691246,0.981061949686137),.UNSPECIFIED.);
#538=B_SPLINE_CURVE_WITH_KNOTS('',3,(#5503,#5504,#5505,#5506,#5507,#5508,
#5509,#5510,#5511,#5512,#5513,#5514,#5515,#5516,#5517,#5518,#5519,#5520,
#5521,#5522,#5523,#5524,#5525,#5526,#5527,#5528,#5529,#5530,#5531,#5532,
#5533,#5534,#5535,#5536,#5537),.UNSPECIFIED.,.F.,.F.,(4,1,1,1,1,1,1,1,1,
1,1,1,1,1,1,1,1,1,1,1,1,1,1,1,1,1,1,1,1,1,1,1,4),(0.,0.107626156441442,
0.116731661278873,0.128486815154898,0.142395700036577,0.158166892716714,
0.175602602057852,0.194557216347194,0.214917738100317,0.23659316865271,
0.259508179747131,0.283599073824856,0.308811067431172,0.33509638778013,
0.362412893965382,0.390723050350557,0.419993144285972,0.450192678114564,
0.481293888508613,0.513271360774479,0.546101715281823,0.579763349550858,
0.614236223905408,0.649501681663423,0.685542297023231,0.72234174539079,
0.759884692062706,0.798156696053524,0.837144126516999,0.876834089717067,
0.917214364895772,0.958273347691246,0.981061949686134),.UNSPECIFIED.);
#539=B_SPLINE_CURVE_WITH_KNOTS('',3,(#5541,#5542,#5543,#5544,#5545,#5546,
#5547,#5548,#5549,#5550,#5551,#5552,#5553,#5554,#5555,#5556,#5557,#5558,
#5559,#5560,#5561,#5562,#5563,#5564,#5565,#5566,#5567,#5568,#5569,#5570,
#5571,#5572,#5573,#5574,#5575),.UNSPECIFIED.,.F.,.F.,(4,1,1,1,1,1,1,1,1,
1,1,1,1,1,1,1,1,1,1,1,1,1,1,1,1,1,1,1,1,1,1,1,4),(0.,0.107626156441442,
0.116731661278873,0.128486815154898,0.142395700036577,0.158166892716714,
0.175602602057852,0.194557216347194,0.214917738100317,0.23659316865271,
0.259508179747131,0.283599073824856,0.308811067431172,0.33509638778013,
0.362412893965382,0.390723050350557,0.419993144285972,0.450192678114564,
0.481293888508613,0.513271360774479,0.546101715281823,0.579763349550858,
0.614236223905408,0.649501681663423,0.685542297023231,0.72234174539079,
0.759884692062706,0.798156696053524,0.837144126516999,0.876834089717067,
0.917214364895772,0.958273347691246,0.981061949686137),.UNSPECIFIED.);
#540=B_SPLINE_CURVE_WITH_KNOTS('',3,(#5583,#5584,#5585,#5586,#5587,#5588,
#5589,#5590,#5591,#5592,#5593,#5594,#5595,#5596,#5597,#5598,#5599,#5600,
#5601,#5602,#5603,#5604,#5605,#5606,#5607,#5608,#5609,#5610,#5611,#5612,
#5613,#5614,#5615,#5616,#5617),.UNSPECIFIED.,.F.,.F.,(4,1,1,1,1,1,1,1,1,
1,1,1,1,1,1,1,1,1,1,1,1,1,1,1,1,1,1,1,1,1,1,1,4),(0.,0.107626156441442,
0.116731661278873,0.128486815154898,0.142395700036577,0.158166892716714,
0.175602602057852,0.194557216347194,0.214917738100317,0.23659316865271,
0.259508179747131,0.283599073824856,0.308811067431172,0.33509638778013,
0.362412893965382,0.390723050350557,0.419993144285972,0.450192678114564,
0.481293888508613,0.513271360774479,0.546101715281823,0.579763349550858,
0.614236223905408,0.649501681663423,0.685542297023231,0.72234174539079,
0.759884692062706,0.798156696053524,0.837144126516999,0.876834089717067,
0.917214364895772,0.958273347691246,0.981061949686134),.UNSPECIFIED.);
#541=B_SPLINE_CURVE_WITH_KNOTS('',3,(#5621,#5622,#5623,#5624,#5625,#5626,
#5627,#5628,#5629,#5630,#5631,#5632,#5633,#5634,#5635,#5636,#5637,#5638,
#5639,#5640,#5641,#5642,#5643,#5644,#5645,#5646,#5647,#5648,#5649,#5650,
#5651,#5652,#5653,#5654,#5655),.UNSPECIFIED.,.F.,.F.,(4,1,1,1,1,1,1,1,1,
1,1,1,1,1,1,1,1,1,1,1,1,1,1,1,1,1,1,1,1,1,1,1,4),(0.,0.107626156441442,
0.116731661278873,0.128486815154898,0.142395700036577,0.158166892716714,
0.175602602057852,0.194557216347194,0.214917738100317,0.23659316865271,
0.259508179747131,0.283599073824856,0.308811067431172,0.33509638778013,
0.362412893965382,0.390723050350557,0.419993144285972,0.450192678114564,
0.481293888508613,0.513271360774479,0.546101715281823,0.579763349550858,
0.614236223905408,0.649501681663423,0.685542297023231,0.72234174539079,
0.759884692062706,0.798156696053524,0.837144126516999,0.876834089717067,
0.917214364895772,0.958273347691246,0.981061949686137),.UNSPECIFIED.);
#542=B_SPLINE_CURVE_WITH_KNOTS('',3,(#5663,#5664,#5665,#5666,#5667,#5668,
#5669,#5670,#5671,#5672,#5673,#5674,#5675,#5676,#5677,#5678,#5679,#5680,
#5681,#5682,#5683,#5684,#5685,#5686,#5687,#5688,#5689,#5690,#5691,#5692,
#5693,#5694,#5695,#5696,#5697),.UNSPECIFIED.,.F.,.F.,(4,1,1,1,1,1,1,1,1,
1,1,1,1,1,1,1,1,1,1,1,1,1,1,1,1,1,1,1,1,1,1,1,4),(0.,0.107626156441442,
0.116731661278873,0.128486815154898,0.142395700036577,0.158166892716714,
0.175602602057852,0.194557216347194,0.214917738100317,0.23659316865271,
0.259508179747131,0.283599073824856,0.308811067431172,0.33509638778013,
0.362412893965382,0.390723050350557,0.419993144285972,0.450192678114564,
0.481293888508613,0.513271360774479,0.546101715281823,0.579763349550858,
0.614236223905408,0.649501681663423,0.685542297023231,0.72234174539079,
0.759884692062706,0.798156696053524,0.837144126516999,0.876834089717067,
0.917214364895772,0.958273347691246,0.981061949686134),.UNSPECIFIED.);
#543=B_SPLINE_CURVE_WITH_KNOTS('',3,(#5701,#5702,#5703,#5704,#5705,#5706,
#5707,#5708,#5709,#5710,#5711,#5712,#5713,#5714,#5715,#5716,#5717,#5718,
#5719,#5720,#5721,#5722,#5723,#5724,#5725,#5726,#5727,#5728,#5729,#5730,
#5731,#5732,#5733,#5734,#5735),.UNSPECIFIED.,.F.,.F.,(4,1,1,1,1,1,1,1,1,
1,1,1,1,1,1,1,1,1,1,1,1,1,1,1,1,1,1,1,1,1,1,1,4),(0.,0.107626156441442,
0.116731661278873,0.128486815154898,0.142395700036577,0.158166892716714,
0.175602602057852,0.194557216347194,0.214917738100317,0.23659316865271,
0.259508179747131,0.283599073824856,0.308811067431172,0.33509638778013,
0.362412893965382,0.390723050350557,0.419993144285972,0.450192678114564,
0.481293888508613,0.513271360774479,0.546101715281823,0.579763349550858,
0.614236223905408,0.649501681663423,0.685542297023231,0.72234174539079,
0.759884692062706,0.798156696053524,0.837144126516999,0.876834089717067,
0.917214364895772,0.958273347691246,0.981061949686137),.UNSPECIFIED.);
#544=B_SPLINE_CURVE_WITH_KNOTS('',3,(#5743,#5744,#5745,#5746,#5747,#5748,
#5749,#5750,#5751,#5752,#5753,#5754,#5755,#5756,#5757,#5758,#5759,#5760,
#5761,#5762,#5763,#5764,#5765,#5766,#5767,#5768,#5769,#5770,#5771,#5772,
#5773,#5774,#5775,#5776,#5777),.UNSPECIFIED.,.F.,.F.,(4,1,1,1,1,1,1,1,1,
1,1,1,1,1,1,1,1,1,1,1,1,1,1,1,1,1,1,1,1,1,1,1,4),(0.,0.107626156441442,
0.116731661278873,0.128486815154898,0.142395700036577,0.158166892716714,
0.175602602057852,0.194557216347194,0.214917738100317,0.23659316865271,
0.259508179747131,0.283599073824856,0.308811067431172,0.33509638778013,
0.362412893965382,0.390723050350557,0.419993144285972,0.450192678114564,
0.481293888508613,0.513271360774479,0.546101715281823,0.579763349550858,
0.614236223905408,0.649501681663423,0.685542297023231,0.72234174539079,
0.759884692062706,0.798156696053524,0.837144126516999,0.876834089717067,
0.917214364895772,0.958273347691246,0.981061949686134),.UNSPECIFIED.);
#545=B_SPLINE_CURVE_WITH_KNOTS('',3,(#5781,#5782,#5783,#5784,#5785,#5786,
#5787,#5788,#5789,#5790,#5791,#5792,#5793,#5794,#5795,#5796,#5797,#5798,
#5799,#5800,#5801,#5802,#5803,#5804,#5805,#5806,#5807,#5808,#5809,#5810,
#5811,#5812,#5813,#5814,#5815),.UNSPECIFIED.,.F.,.F.,(4,1,1,1,1,1,1,1,1,
1,1,1,1,1,1,1,1,1,1,1,1,1,1,1,1,1,1,1,1,1,1,1,4),(0.,0.107626156441442,
0.116731661278873,0.128486815154898,0.142395700036577,0.158166892716714,
0.175602602057852,0.194557216347194,0.214917738100317,0.23659316865271,
0.259508179747131,0.283599073824856,0.308811067431172,0.33509638778013,
0.362412893965382,0.390723050350557,0.419993144285972,0.450192678114564,
0.481293888508613,0.513271360774479,0.546101715281823,0.579763349550858,
0.614236223905408,0.649501681663423,0.685542297023231,0.72234174539079,
0.759884692062706,0.798156696053524,0.837144126516999,0.876834089717067,
0.917214364895772,0.958273347691246,0.981061949686137),.UNSPECIFIED.);
#546=B_SPLINE_CURVE_WITH_KNOTS('',3,(#5823,#5824,#5825,#5826,#5827,#5828,
#5829,#5830,#5831,#5832,#5833,#5834,#5835,#5836,#5837,#5838,#5839,#5840,
#5841,#5842,#5843,#5844,#5845,#5846,#5847,#5848,#5849,#5850,#5851,#5852,
#5853,#5854,#5855,#5856,#5857),.UNSPECIFIED.,.F.,.F.,(4,1,1,1,1,1,1,1,1,
1,1,1,1,1,1,1,1,1,1,1,1,1,1,1,1,1,1,1,1,1,1,1,4),(0.,0.107626156441442,
0.116731661278873,0.128486815154898,0.142395700036577,0.158166892716714,
0.175602602057852,0.194557216347194,0.214917738100317,0.23659316865271,
0.259508179747131,0.283599073824856,0.308811067431172,0.33509638778013,
0.362412893965382,0.390723050350557,0.419993144285972,0.450192678114564,
0.481293888508613,0.513271360774479,0.546101715281823,0.579763349550858,
0.614236223905408,0.649501681663423,0.685542297023231,0.72234174539079,
0.759884692062706,0.798156696053524,0.837144126516999,0.876834089717067,
0.917214364895772,0.958273347691246,0.981061949686134),.UNSPECIFIED.);
#547=B_SPLINE_CURVE_WITH_KNOTS('',3,(#5861,#5862,#5863,#5864,#5865,#5866,
#5867,#5868,#5869,#5870,#5871,#5872,#5873,#5874,#5875,#5876,#5877,#5878,
#5879,#5880,#5881,#5882,#5883,#5884,#5885,#5886,#5887,#5888,#5889,#5890,
#5891,#5892,#5893,#5894,#5895),.UNSPECIFIED.,.F.,.F.,(4,1,1,1,1,1,1,1,1,
1,1,1,1,1,1,1,1,1,1,1,1,1,1,1,1,1,1,1,1,1,1,1,4),(0.,0.107626156441442,
0.116731661278873,0.128486815154898,0.142395700036577,0.158166892716714,
0.175602602057852,0.194557216347194,0.214917738100317,0.23659316865271,
0.259508179747131,0.283599073824856,0.308811067431172,0.33509638778013,
0.362412893965382,0.390723050350557,0.419993144285972,0.450192678114564,
0.481293888508613,0.513271360774479,0.546101715281823,0.579763349550858,
0.614236223905408,0.649501681663423,0.685542297023231,0.72234174539079,
0.759884692062706,0.798156696053524,0.837144126516999,0.876834089717067,
0.917214364895772,0.958273347691246,0.981061949686137),.UNSPECIFIED.);
#548=B_SPLINE_CURVE_WITH_KNOTS('',3,(#5989,#5990,#5991,#5992,#5993),
 .UNSPECIFIED.,.F.,.F.,(4,1,4),(0.,0.0023432652706904,0.0046865305413808),
 .UNSPECIFIED.);
#549=B_SPLINE_CURVE_WITH_KNOTS('',3,(#5994,#5995,#5996,#5997,#5998),
 .UNSPECIFIED.,.F.,.F.,(4,1,4),(0.0164139029355547,0.0187571831289737,0.0211004633223927),
 .UNSPECIFIED.);
#550=B_SPLINE_CURVE_WITH_KNOTS('',3,(#5999,#6000,#6001,#6002,#6003),
 .UNSPECIFIED.,.F.,.F.,(4,1,4),(0.0164139031308912,0.0187571771134988,0.0211004510961065),
 .UNSPECIFIED.);
#551=B_SPLINE_CURVE_WITH_KNOTS('',3,(#6005,#6006,#6007,#6008,#6009),
 .UNSPECIFIED.,.F.,.F.,(4,1,4),(0.,0.00234326531836708,0.00468653063673416),
 .UNSPECIFIED.);
#552=B_SPLINE_CURVE_WITH_KNOTS('',3,(#6010,#6011,#6012,#6013,#6014),
 .UNSPECIFIED.,.F.,.F.,(4,1,4),(0.0164153236414892,0.0187585995590123,0.0211018754765354),
 .UNSPECIFIED.);
#553=B_SPLINE_CURVE_WITH_KNOTS('',3,(#6015,#6016,#6017,#6018,#6019),
 .UNSPECIFIED.,.F.,.F.,(4,1,4),(0.0164154443703114,0.0187587233476229,0.0211020023249344),
 .UNSPECIFIED.);
#554=B_SPLINE_CURVE_WITH_KNOTS('',3,(#6066,#6067,#6068,#6069,#6070),
 .UNSPECIFIED.,.F.,.F.,(4,1,4),(0.,0.00234326527069041,0.00468653054138083),
 .UNSPECIFIED.);
#555=B_SPLINE_CURVE_WITH_KNOTS('',3,(#6071,#6072,#6073,#6074,#6075),
 .UNSPECIFIED.,.F.,.F.,(4,1,4),(0.0164139029355545,0.0187571831289735,0.0211004633223925),
 .UNSPECIFIED.);
#556=B_SPLINE_CURVE_WITH_KNOTS('',3,(#6076,#6077,#6078,#6079,#6080),
 .UNSPECIFIED.,.F.,.F.,(4,1,4),(0.0164139031308911,0.0187571771134988,0.0211004510961064),
 .UNSPECIFIED.);
#557=B_SPLINE_CURVE_WITH_KNOTS('',3,(#6082,#6083,#6084,#6085,#6086),
 .UNSPECIFIED.,.F.,.F.,(4,1,4),(0.,0.00234326531836709,0.00468653063673418),
 .UNSPECIFIED.);
#558=B_SPLINE_CURVE_WITH_KNOTS('',3,(#6087,#6088,#6089,#6090,#6091),
 .UNSPECIFIED.,.F.,.F.,(4,1,4),(0.0164153236414892,0.0187585995590123,0.0211018754765354),
 .UNSPECIFIED.);
#559=B_SPLINE_CURVE_WITH_KNOTS('',3,(#6092,#6093,#6094,#6095,#6096),
 .UNSPECIFIED.,.F.,.F.,(4,1,4),(0.0164154443703114,0.0187587233476229,0.0211020023249345),
 .UNSPECIFIED.);
#560=B_SPLINE_CURVE_WITH_KNOTS('',3,(#6143,#6144,#6145,#6146,#6147),
 .UNSPECIFIED.,.F.,.F.,(4,1,4),(0.,0.00234326527069044,0.00468653054138088),
 .UNSPECIFIED.);
#561=B_SPLINE_CURVE_WITH_KNOTS('',3,(#6148,#6149,#6150,#6151,#6152),
 .UNSPECIFIED.,.F.,.F.,(4,1,4),(0.0164139029355547,0.0187571831289737,0.0211004633223927),
 .UNSPECIFIED.);
#562=B_SPLINE_CURVE_WITH_KNOTS('',3,(#6153,#6154,#6155,#6156,#6157),
 .UNSPECIFIED.,.F.,.F.,(4,1,4),(0.0164139031308912,0.0187571771134988,0.0211004510961064),
 .UNSPECIFIED.);
#563=B_SPLINE_CURVE_WITH_KNOTS('',3,(#6159,#6160,#6161,#6162,#6163),
 .UNSPECIFIED.,.F.,.F.,(4,1,4),(0.,0.0023432653183671,0.00468653063673421),
 .UNSPECIFIED.);
#564=B_SPLINE_CURVE_WITH_KNOTS('',3,(#6164,#6165,#6166,#6167,#6168),
 .UNSPECIFIED.,.F.,.F.,(4,1,4),(0.0164153236414893,0.0187585995590124,0.0211018754765355),
 .UNSPECIFIED.);
#565=B_SPLINE_CURVE_WITH_KNOTS('',3,(#6169,#6170,#6171,#6172,#6173),
 .UNSPECIFIED.,.F.,.F.,(4,1,4),(0.0164154443703115,0.018758723347623,0.0211020023249346),
 .UNSPECIFIED.);
#566=B_SPLINE_CURVE_WITH_KNOTS('',3,(#6220,#6221,#6222,#6223,#6224),
 .UNSPECIFIED.,.F.,.F.,(4,1,4),(0.,0.00234326527069045,0.00468653054138091),
 .UNSPECIFIED.);
#567=B_SPLINE_CURVE_WITH_KNOTS('',3,(#6225,#6226,#6227,#6228,#6229),
 .UNSPECIFIED.,.F.,.F.,(4,1,4),(0.0164139029355545,0.0187571831289735,0.0211004633223925),
 .UNSPECIFIED.);
#568=B_SPLINE_CURVE_WITH_KNOTS('',3,(#6230,#6231,#6232,#6233,#6234),
 .UNSPECIFIED.,.F.,.F.,(4,1,4),(0.0164139031308914,0.018757177113499,0.0211004510961067),
 .UNSPECIFIED.);
#569=B_SPLINE_CURVE_WITH_KNOTS('',3,(#6236,#6237,#6238,#6239,#6240),
 .UNSPECIFIED.,.F.,.F.,(4,1,4),(0.,0.00234326531836711,0.00468653063673421),
 .UNSPECIFIED.);
#570=B_SPLINE_CURVE_WITH_KNOTS('',3,(#6241,#6242,#6243,#6244,#6245),
 .UNSPECIFIED.,.F.,.F.,(4,1,4),(0.0164153236414894,0.0187585995590126,0.0211018754765357),
 .UNSPECIFIED.);
#571=B_SPLINE_CURVE_WITH_KNOTS('',3,(#6246,#6247,#6248,#6249,#6250),
 .UNSPECIFIED.,.F.,.F.,(4,1,4),(0.0164154443703112,0.0187587233476227,0.0211020023249342),
 .UNSPECIFIED.);
#572=B_SPLINE_CURVE_WITH_KNOTS('',3,(#6297,#6298,#6299,#6300,#6301),
 .UNSPECIFIED.,.F.,.F.,(4,1,4),(0.,0.00234326527069047,0.00468653054138094),
 .UNSPECIFIED.);
#573=B_SPLINE_CURVE_WITH_KNOTS('',3,(#6302,#6303,#6304,#6305,#6306),
 .UNSPECIFIED.,.F.,.F.,(4,1,4),(0.0164139029355549,0.0187571831289739,0.021100463322393),
 .UNSPECIFIED.);
#574=B_SPLINE_CURVE_WITH_KNOTS('',3,(#6307,#6308,#6309,#6310,#6311),
 .UNSPECIFIED.,.F.,.F.,(4,1,4),(0.016413903130891,0.0187571771134987,0.0211004510961063),
 .UNSPECIFIED.);
#575=B_SPLINE_CURVE_WITH_KNOTS('',3,(#6313,#6314,#6315,#6316,#6317),
 .UNSPECIFIED.,.F.,.F.,(4,1,4),(0.,0.00234326531836707,0.00468653063673415),
 .UNSPECIFIED.);
#576=B_SPLINE_CURVE_WITH_KNOTS('',3,(#6318,#6319,#6320,#6321,#6322),
 .UNSPECIFIED.,.F.,.F.,(4,1,4),(0.0164153236414895,0.0187585995590126,0.0211018754765356),
 .UNSPECIFIED.);
#577=B_SPLINE_CURVE_WITH_KNOTS('',3,(#6323,#6324,#6325,#6326,#6327),
 .UNSPECIFIED.,.F.,.F.,(4,1,4),(0.0164154443703109,0.0187587233476224,0.0211020023249339),
 .UNSPECIFIED.);
#578=B_SPLINE_CURVE_WITH_KNOTS('',3,(#6437,#6438,#6439,#6440,#6441,#6442,
#6443,#6444,#6445,#6446,#6447,#6448,#6449,#6450,#6451,#6452,#6453,#6454,
#6455,#6456,#6457,#6458,#6459,#6460,#6461,#6462,#6463,#6464,#6465,#6466,
#6467,#6468,#6469,#6470,#6471),.UNSPECIFIED.,.F.,.F.,(4,1,1,1,1,1,1,1,1,
1,1,1,1,1,1,1,1,1,1,1,1,1,1,1,1,1,1,1,1,1,1,1,4),(0.,0.107626156441442,
0.116731661278873,0.128486815154898,0.142395700036577,0.158166892716714,
0.175602602057852,0.194557216347194,0.214917738100317,0.23659316865271,
0.259508179747131,0.283599073824856,0.308811067431172,0.33509638778013,
0.362412893965382,0.390723050350557,0.419993144285972,0.450192678114564,
0.481293888508613,0.513271360774479,0.546101715281823,0.579763349550858,
0.614236223905408,0.649501681663423,0.685542297023231,0.72234174539079,
0.759884692062706,0.798156696053524,0.837144126516999,0.876834089717067,
0.917214364895772,0.958273347691246,0.981061949686137),.UNSPECIFIED.);
#579=B_SPLINE_CURVE_WITH_KNOTS('',3,(#6472,#6473,#6474,#6475,#6476,#6477,
#6478,#6479,#6480,#6481,#6482,#6483,#6484,#6485,#6486,#6487,#6488,#6489,
#6490,#6491,#6492,#6493,#6494,#6495,#6496,#6497,#6498,#6499,#6500,#6501,
#6502,#6503,#6504,#6505,#6506),.UNSPECIFIED.,.F.,.F.,(4,1,1,1,1,1,1,1,1,
1,1,1,1,1,1,1,1,1,1,1,1,1,1,1,1,1,1,1,1,1,1,1,4),(0.,0.107626156441442,
0.116731661278873,0.128486815154898,0.142395700036577,0.158166892716714,
0.175602602057852,0.194557216347194,0.214917738100317,0.23659316865271,
0.259508179747131,0.283599073824856,0.308811067431172,0.33509638778013,
0.362412893965382,0.390723050350557,0.419993144285972,0.450192678114564,
0.481293888508613,0.513271360774479,0.546101715281823,0.579763349550858,
0.614236223905408,0.649501681663423,0.685542297023231,0.72234174539079,
0.759884692062706,0.798156696053524,0.837144126516999,0.876834089717067,
0.917214364895772,0.958273347691246,0.981061949686134),.UNSPECIFIED.);
#580=B_SPLINE_CURVE_WITH_KNOTS('',3,(#6514,#6515,#6516,#6517,#6518,#6519,
#6520,#6521,#6522,#6523,#6524,#6525,#6526,#6527,#6528,#6529,#6530,#6531,
#6532,#6533,#6534,#6535,#6536,#6537,#6538,#6539,#6540,#6541,#6542,#6543,
#6544,#6545,#6546,#6547,#6548),.UNSPECIFIED.,.F.,.F.,(4,1,1,1,1,1,1,1,1,
1,1,1,1,1,1,1,1,1,1,1,1,1,1,1,1,1,1,1,1,1,1,1,4),(0.,0.107626156441442,
0.116731661278873,0.128486815154898,0.142395700036577,0.158166892716714,
0.175602602057852,0.194557216347194,0.214917738100317,0.23659316865271,
0.259508179747131,0.283599073824856,0.308811067431172,0.33509638778013,
0.362412893965382,0.390723050350557,0.419993144285972,0.450192678114564,
0.481293888508613,0.513271360774479,0.546101715281823,0.579763349550858,
0.614236223905408,0.649501681663423,0.685542297023231,0.72234174539079,
0.759884692062706,0.798156696053524,0.837144126516999,0.876834089717067,
0.917214364895772,0.958273347691246,0.981061949686137),.UNSPECIFIED.);
#581=B_SPLINE_CURVE_WITH_KNOTS('',3,(#6549,#6550,#6551,#6552,#6553,#6554,
#6555,#6556,#6557,#6558,#6559,#6560,#6561,#6562,#6563,#6564,#6565,#6566,
#6567,#6568,#6569,#6570,#6571,#6572,#6573,#6574,#6575,#6576,#6577,#6578,
#6579,#6580,#6581,#6582,#6583),.UNSPECIFIED.,.F.,.F.,(4,1,1,1,1,1,1,1,1,
1,1,1,1,1,1,1,1,1,1,1,1,1,1,1,1,1,1,1,1,1,1,1,4),(0.,0.107626156441442,
0.116731661278873,0.128486815154898,0.142395700036577,0.158166892716714,
0.175602602057852,0.194557216347194,0.214917738100317,0.23659316865271,
0.259508179747131,0.283599073824856,0.308811067431172,0.33509638778013,
0.362412893965382,0.390723050350557,0.419993144285972,0.450192678114564,
0.481293888508613,0.513271360774479,0.546101715281823,0.579763349550858,
0.614236223905408,0.649501681663423,0.685542297023231,0.72234174539079,
0.759884692062706,0.798156696053524,0.837144126516999,0.876834089717067,
0.917214364895772,0.958273347691246,0.981061949686134),.UNSPECIFIED.);
#582=B_SPLINE_CURVE_WITH_KNOTS('',3,(#6591,#6592,#6593,#6594,#6595,#6596,
#6597,#6598,#6599,#6600,#6601,#6602,#6603,#6604,#6605,#6606,#6607,#6608,
#6609,#6610,#6611,#6612,#6613,#6614,#6615,#6616,#6617,#6618,#6619,#6620,
#6621,#6622,#6623,#6624,#6625),.UNSPECIFIED.,.F.,.F.,(4,1,1,1,1,1,1,1,1,
1,1,1,1,1,1,1,1,1,1,1,1,1,1,1,1,1,1,1,1,1,1,1,4),(0.,0.107626156441442,
0.116731661278873,0.128486815154898,0.142395700036577,0.158166892716714,
0.175602602057852,0.194557216347194,0.214917738100317,0.23659316865271,
0.259508179747131,0.283599073824856,0.308811067431172,0.33509638778013,
0.362412893965382,0.390723050350557,0.419993144285972,0.450192678114564,
0.481293888508613,0.513271360774479,0.546101715281823,0.579763349550858,
0.614236223905408,0.649501681663423,0.685542297023231,0.72234174539079,
0.759884692062706,0.798156696053524,0.837144126516999,0.876834089717067,
0.917214364895772,0.958273347691246,0.981061949686137),.UNSPECIFIED.);
#583=B_SPLINE_CURVE_WITH_KNOTS('',3,(#6626,#6627,#6628,#6629,#6630,#6631,
#6632,#6633,#6634,#6635,#6636,#6637,#6638,#6639,#6640,#6641,#6642,#6643,
#6644,#6645,#6646,#6647,#6648,#6649,#6650,#6651,#6652,#6653,#6654,#6655,
#6656,#6657,#6658,#6659,#6660),.UNSPECIFIED.,.F.,.F.,(4,1,1,1,1,1,1,1,1,
1,1,1,1,1,1,1,1,1,1,1,1,1,1,1,1,1,1,1,1,1,1,1,4),(0.,0.107626156441442,
0.116731661278873,0.128486815154898,0.142395700036577,0.158166892716714,
0.175602602057852,0.194557216347194,0.214917738100317,0.23659316865271,
0.259508179747131,0.283599073824856,0.308811067431172,0.33509638778013,
0.362412893965382,0.390723050350557,0.419993144285972,0.450192678114564,
0.481293888508613,0.513271360774479,0.546101715281823,0.579763349550858,
0.614236223905408,0.649501681663423,0.685542297023231,0.72234174539079,
0.759884692062706,0.798156696053524,0.837144126516999,0.876834089717067,
0.917214364895772,0.958273347691246,0.981061949686134),.UNSPECIFIED.);
#584=B_SPLINE_CURVE_WITH_KNOTS('',3,(#6668,#6669,#6670,#6671,#6672,#6673,
#6674,#6675,#6676,#6677,#6678,#6679,#6680,#6681,#6682,#6683,#6684,#6685,
#6686,#6687,#6688,#6689,#6690,#6691,#6692,#6693,#6694,#6695,#6696,#6697,
#6698,#6699,#6700,#6701,#6702),.UNSPECIFIED.,.F.,.F.,(4,1,1,1,1,1,1,1,1,
1,1,1,1,1,1,1,1,1,1,1,1,1,1,1,1,1,1,1,1,1,1,1,4),(0.,0.107626156441442,
0.116731661278873,0.128486815154898,0.142395700036577,0.158166892716714,
0.175602602057852,0.194557216347194,0.214917738100317,0.23659316865271,
0.259508179747131,0.283599073824856,0.308811067431172,0.33509638778013,
0.362412893965382,0.390723050350557,0.419993144285972,0.450192678114564,
0.481293888508613,0.513271360774479,0.546101715281823,0.579763349550858,
0.614236223905408,0.649501681663423,0.685542297023231,0.72234174539079,
0.759884692062706,0.798156696053524,0.837144126516999,0.876834089717067,
0.917214364895772,0.958273347691246,0.981061949686137),.UNSPECIFIED.);
#585=B_SPLINE_CURVE_WITH_KNOTS('',3,(#6703,#6704,#6705,#6706,#6707,#6708,
#6709,#6710,#6711,#6712,#6713,#6714,#6715,#6716,#6717,#6718,#6719,#6720,
#6721,#6722,#6723,#6724,#6725,#6726,#6727,#6728,#6729,#6730,#6731,#6732,
#6733,#6734,#6735,#6736,#6737),.UNSPECIFIED.,.F.,.F.,(4,1,1,1,1,1,1,1,1,
1,1,1,1,1,1,1,1,1,1,1,1,1,1,1,1,1,1,1,1,1,1,1,4),(0.,0.107626156441442,
0.116731661278873,0.128486815154898,0.142395700036577,0.158166892716714,
0.175602602057852,0.194557216347194,0.214917738100317,0.23659316865271,
0.259508179747131,0.283599073824856,0.308811067431172,0.33509638778013,
0.362412893965382,0.390723050350557,0.419993144285972,0.450192678114564,
0.481293888508613,0.513271360774479,0.546101715281823,0.579763349550858,
0.614236223905408,0.649501681663423,0.685542297023231,0.72234174539079,
0.759884692062706,0.798156696053524,0.837144126516999,0.876834089717067,
0.917214364895772,0.958273347691246,0.981061949686134),.UNSPECIFIED.);
#586=B_SPLINE_CURVE_WITH_KNOTS('',3,(#6745,#6746,#6747,#6748,#6749,#6750,
#6751,#6752,#6753,#6754,#6755,#6756,#6757,#6758,#6759,#6760,#6761,#6762,
#6763,#6764,#6765,#6766,#6767,#6768,#6769,#6770,#6771,#6772,#6773,#6774,
#6775,#6776,#6777,#6778,#6779),.UNSPECIFIED.,.F.,.F.,(4,1,1,1,1,1,1,1,1,
1,1,1,1,1,1,1,1,1,1,1,1,1,1,1,1,1,1,1,1,1,1,1,4),(0.,0.107626156441442,
0.116731661278873,0.128486815154898,0.142395700036577,0.158166892716714,
0.175602602057852,0.194557216347194,0.214917738100317,0.23659316865271,
0.259508179747131,0.283599073824856,0.308811067431172,0.33509638778013,
0.362412893965382,0.390723050350557,0.419993144285972,0.450192678114564,
0.481293888508613,0.513271360774479,0.546101715281823,0.579763349550858,
0.614236223905408,0.649501681663423,0.685542297023231,0.72234174539079,
0.759884692062706,0.798156696053524,0.837144126516999,0.876834089717067,
0.917214364895772,0.958273347691246,0.981061949686137),.UNSPECIFIED.);
#587=B_SPLINE_CURVE_WITH_KNOTS('',3,(#6780,#6781,#6782,#6783,#6784,#6785,
#6786,#6787,#6788,#6789,#6790,#6791,#6792,#6793,#6794,#6795,#6796,#6797,
#6798,#6799,#6800,#6801,#6802,#6803,#6804,#6805,#6806,#6807,#6808,#6809,
#6810,#6811,#6812,#6813,#6814),.UNSPECIFIED.,.F.,.F.,(4,1,1,1,1,1,1,1,1,
1,1,1,1,1,1,1,1,1,1,1,1,1,1,1,1,1,1,1,1,1,1,1,4),(0.,0.107626156441442,
0.116731661278873,0.128486815154898,0.142395700036577,0.158166892716714,
0.175602602057852,0.194557216347194,0.214917738100317,0.23659316865271,
0.259508179747131,0.283599073824856,0.308811067431172,0.33509638778013,
0.362412893965382,0.390723050350557,0.419993144285972,0.450192678114564,
0.481293888508613,0.513271360774479,0.546101715281823,0.579763349550858,
0.614236223905408,0.649501681663423,0.685542297023231,0.72234174539079,
0.759884692062706,0.798156696053524,0.837144126516999,0.876834089717067,
0.917214364895772,0.958273347691246,0.981061949686134),.UNSPECIFIED.);
#588=B_SPLINE_CURVE_WITH_KNOTS('',3,(#6822,#6823,#6824,#6825,#6826,#6827,
#6828,#6829,#6830,#6831,#6832,#6833,#6834,#6835,#6836,#6837,#6838,#6839,
#6840,#6841,#6842,#6843,#6844,#6845,#6846,#6847,#6848,#6849,#6850,#6851,
#6852,#6853,#6854,#6855,#6856),.UNSPECIFIED.,.F.,.F.,(4,1,1,1,1,1,1,1,1,
1,1,1,1,1,1,1,1,1,1,1,1,1,1,1,1,1,1,1,1,1,1,1,4),(0.,0.107626156441442,
0.116731661278873,0.128486815154898,0.142395700036577,0.158166892716714,
0.175602602057852,0.194557216347194,0.214917738100317,0.23659316865271,
0.259508179747131,0.283599073824856,0.308811067431172,0.33509638778013,
0.362412893965382,0.390723050350557,0.419993144285972,0.450192678114564,
0.481293888508613,0.513271360774479,0.546101715281823,0.579763349550858,
0.614236223905408,0.649501681663423,0.685542297023231,0.72234174539079,
0.759884692062706,0.798156696053524,0.837144126516999,0.876834089717067,
0.917214364895772,0.958273347691246,0.981061949686137),.UNSPECIFIED.);
#589=B_SPLINE_CURVE_WITH_KNOTS('',3,(#6857,#6858,#6859,#6860,#6861,#6862,
#6863,#6864,#6865,#6866,#6867,#6868,#6869,#6870,#6871,#6872,#6873,#6874,
#6875,#6876,#6877,#6878,#6879,#6880,#6881,#6882,#6883,#6884,#6885,#6886,
#6887,#6888,#6889,#6890,#6891),.UNSPECIFIED.,.F.,.F.,(4,1,1,1,1,1,1,1,1,
1,1,1,1,1,1,1,1,1,1,1,1,1,1,1,1,1,1,1,1,1,1,1,4),(0.,0.107626156441442,
0.116731661278873,0.128486815154898,0.142395700036577,0.158166892716714,
0.175602602057852,0.194557216347194,0.214917738100317,0.23659316865271,
0.259508179747131,0.283599073824856,0.308811067431172,0.33509638778013,
0.362412893965382,0.390723050350557,0.419993144285972,0.450192678114564,
0.481293888508613,0.513271360774479,0.546101715281823,0.579763349550858,
0.614236223905408,0.649501681663423,0.685542297023231,0.72234174539079,
0.759884692062706,0.798156696053524,0.837144126516999,0.876834089717067,
0.917214364895772,0.958273347691246,0.981061949686134),.UNSPECIFIED.);
#590=B_SPLINE_CURVE_WITH_KNOTS('',3,(#6899,#6900,#6901,#6902,#6903,#6904,
#6905,#6906,#6907,#6908,#6909,#6910,#6911,#6912,#6913,#6914,#6915,#6916,
#6917,#6918,#6919,#6920,#6921,#6922,#6923,#6924,#6925,#6926,#6927,#6928,
#6929,#6930,#6931,#6932,#6933),.UNSPECIFIED.,.F.,.F.,(4,1,1,1,1,1,1,1,1,
1,1,1,1,1,1,1,1,1,1,1,1,1,1,1,1,1,1,1,1,1,1,1,4),(0.,0.107626156441442,
0.116731661278873,0.128486815154898,0.142395700036577,0.158166892716714,
0.175602602057852,0.194557216347194,0.214917738100317,0.23659316865271,
0.259508179747131,0.283599073824856,0.308811067431172,0.33509638778013,
0.362412893965382,0.390723050350557,0.419993144285972,0.450192678114564,
0.481293888508613,0.513271360774479,0.546101715281823,0.579763349550858,
0.614236223905408,0.649501681663423,0.685542297023231,0.72234174539079,
0.759884692062706,0.798156696053524,0.837144126516999,0.876834089717067,
0.917214364895772,0.958273347691246,0.981061949686137),.UNSPECIFIED.);
#591=B_SPLINE_CURVE_WITH_KNOTS('',3,(#6934,#6935,#6936,#6937,#6938,#6939,
#6940,#6941,#6942,#6943,#6944,#6945,#6946,#6947,#6948,#6949,#6950,#6951,
#6952,#6953,#6954,#6955,#6956,#6957,#6958,#6959,#6960,#6961,#6962,#6963,
#6964,#6965,#6966,#6967,#6968),.UNSPECIFIED.,.F.,.F.,(4,1,1,1,1,1,1,1,1,
1,1,1,1,1,1,1,1,1,1,1,1,1,1,1,1,1,1,1,1,1,1,1,4),(0.,0.107626156441442,
0.116731661278873,0.128486815154898,0.142395700036577,0.158166892716714,
0.175602602057852,0.194557216347194,0.214917738100317,0.23659316865271,
0.259508179747131,0.283599073824856,0.308811067431172,0.33509638778013,
0.362412893965382,0.390723050350557,0.419993144285972,0.450192678114564,
0.481293888508613,0.513271360774479,0.546101715281823,0.579763349550858,
0.614236223905408,0.649501681663423,0.685542297023231,0.72234174539079,
0.759884692062706,0.798156696053524,0.837144126516999,0.876834089717067,
0.917214364895772,0.958273347691246,0.981061949686134),.UNSPECIFIED.);
#592=B_SPLINE_CURVE_WITH_KNOTS('',3,(#6976,#6977,#6978,#6979,#6980,#6981,
#6982,#6983,#6984,#6985,#6986,#6987,#6988,#6989,#6990,#6991,#6992,#6993,
#6994,#6995,#6996,#6997,#6998,#6999,#7000,#7001,#7002,#7003,#7004,#7005,
#7006,#7007,#7008,#7009,#7010),.UNSPECIFIED.,.F.,.F.,(4,1,1,1,1,1,1,1,1,
1,1,1,1,1,1,1,1,1,1,1,1,1,1,1,1,1,1,1,1,1,1,1,4),(0.,0.107626156441442,
0.116731661278873,0.128486815154898,0.142395700036577,0.158166892716714,
0.175602602057852,0.194557216347194,0.214917738100317,0.23659316865271,
0.259508179747131,0.283599073824856,0.308811067431172,0.33509638778013,
0.362412893965382,0.390723050350557,0.419993144285972,0.450192678114564,
0.481293888508613,0.513271360774479,0.546101715281823,0.579763349550858,
0.614236223905408,0.649501681663423,0.685542297023231,0.72234174539079,
0.759884692062706,0.798156696053524,0.837144126516999,0.876834089717067,
0.917214364895772,0.958273347691246,0.981061949686137),.UNSPECIFIED.);
#593=B_SPLINE_CURVE_WITH_KNOTS('',3,(#7011,#7012,#7013,#7014,#7015,#7016,
#7017,#7018,#7019,#7020,#7021,#7022,#7023,#7024,#7025,#7026,#7027,#7028,
#7029,#7030,#7031,#7032,#7033,#7034,#7035,#7036,#7037,#7038,#7039,#7040,
#7041,#7042,#7043,#7044,#7045),.UNSPECIFIED.,.F.,.F.,(4,1,1,1,1,1,1,1,1,
1,1,1,1,1,1,1,1,1,1,1,1,1,1,1,1,1,1,1,1,1,1,1,4),(0.,0.107626156441442,
0.116731661278873,0.128486815154898,0.142395700036577,0.158166892716714,
0.175602602057852,0.194557216347194,0.214917738100317,0.23659316865271,
0.259508179747131,0.283599073824856,0.308811067431172,0.33509638778013,
0.362412893965382,0.390723050350557,0.419993144285972,0.450192678114564,
0.481293888508613,0.513271360774479,0.546101715281823,0.579763349550858,
0.614236223905408,0.649501681663423,0.685542297023231,0.72234174539079,
0.759884692062706,0.798156696053524,0.837144126516999,0.876834089717067,
0.917214364895772,0.958273347691246,0.981061949686134),.UNSPECIFIED.);
#594=B_SPLINE_CURVE_WITH_KNOTS('',3,(#7053,#7054,#7055,#7056,#7057,#7058,
#7059,#7060,#7061,#7062,#7063,#7064,#7065,#7066,#7067,#7068,#7069,#7070,
#7071,#7072,#7073,#7074,#7075,#7076,#7077,#7078,#7079,#7080,#7081,#7082,
#7083,#7084,#7085,#7086,#7087),.UNSPECIFIED.,.F.,.F.,(4,1,1,1,1,1,1,1,1,
1,1,1,1,1,1,1,1,1,1,1,1,1,1,1,1,1,1,1,1,1,1,1,4),(0.,0.107626156441442,
0.116731661278873,0.128486815154898,0.142395700036577,0.158166892716714,
0.175602602057852,0.194557216347194,0.214917738100317,0.23659316865271,
0.259508179747131,0.283599073824856,0.308811067431172,0.33509638778013,
0.362412893965382,0.390723050350557,0.419993144285972,0.450192678114564,
0.481293888508613,0.513271360774479,0.546101715281823,0.579763349550858,
0.614236223905408,0.649501681663423,0.685542297023231,0.72234174539079,
0.759884692062706,0.798156696053524,0.837144126516999,0.876834089717067,
0.917214364895772,0.958273347691246,0.981061949686137),.UNSPECIFIED.);
#595=B_SPLINE_CURVE_WITH_KNOTS('',3,(#7088,#7089,#7090,#7091,#7092,#7093,
#7094,#7095,#7096,#7097,#7098,#7099,#7100,#7101,#7102,#7103,#7104,#7105,
#7106,#7107,#7108,#7109,#7110,#7111,#7112,#7113,#7114,#7115,#7116,#7117,
#7118,#7119,#7120,#7121,#7122),.UNSPECIFIED.,.F.,.F.,(4,1,1,1,1,1,1,1,1,
1,1,1,1,1,1,1,1,1,1,1,1,1,1,1,1,1,1,1,1,1,1,1,4),(0.,0.107626156441442,
0.116731661278873,0.128486815154898,0.142395700036577,0.158166892716714,
0.175602602057852,0.194557216347194,0.214917738100317,0.23659316865271,
0.259508179747131,0.283599073824856,0.308811067431172,0.33509638778013,
0.362412893965382,0.390723050350557,0.419993144285972,0.450192678114564,
0.481293888508613,0.513271360774479,0.546101715281823,0.579763349550858,
0.614236223905408,0.649501681663423,0.685542297023231,0.72234174539079,
0.759884692062706,0.798156696053524,0.837144126516999,0.876834089717067,
0.917214364895772,0.958273347691246,0.981061949686134),.UNSPECIFIED.);
#596=B_SPLINE_CURVE_WITH_KNOTS('',3,(#7130,#7131,#7132,#7133,#7134,#7135,
#7136,#7137,#7138,#7139,#7140,#7141,#7142,#7143,#7144,#7145,#7146,#7147,
#7148,#7149,#7150,#7151,#7152,#7153,#7154,#7155,#7156,#7157,#7158,#7159,
#7160,#7161,#7162,#7163,#7164),.UNSPECIFIED.,.F.,.F.,(4,1,1,1,1,1,1,1,1,
1,1,1,1,1,1,1,1,1,1,1,1,1,1,1,1,1,1,1,1,1,1,1,4),(0.,0.107626156441442,
0.116731661278873,0.128486815154898,0.142395700036577,0.158166892716714,
0.175602602057852,0.194557216347194,0.214917738100317,0.23659316865271,
0.259508179747131,0.283599073824856,0.308811067431172,0.33509638778013,
0.362412893965382,0.390723050350557,0.419993144285972,0.450192678114564,
0.481293888508613,0.513271360774479,0.546101715281823,0.579763349550858,
0.614236223905408,0.649501681663423,0.685542297023231,0.72234174539079,
0.759884692062706,0.798156696053524,0.837144126516999,0.876834089717067,
0.917214364895772,0.958273347691246,0.981061949686137),.UNSPECIFIED.);
#597=B_SPLINE_CURVE_WITH_KNOTS('',3,(#7165,#7166,#7167,#7168,#7169,#7170,
#7171,#7172,#7173,#7174,#7175,#7176,#7177,#7178,#7179,#7180,#7181,#7182,
#7183,#7184,#7185,#7186,#7187,#7188,#7189,#7190,#7191,#7192,#7193,#7194,
#7195,#7196,#7197,#7198,#7199),.UNSPECIFIED.,.F.,.F.,(4,1,1,1,1,1,1,1,1,
1,1,1,1,1,1,1,1,1,1,1,1,1,1,1,1,1,1,1,1,1,1,1,4),(0.,0.107626156441442,
0.116731661278873,0.128486815154898,0.142395700036577,0.158166892716714,
0.175602602057852,0.194557216347194,0.214917738100317,0.23659316865271,
0.259508179747131,0.283599073824856,0.308811067431172,0.33509638778013,
0.362412893965382,0.390723050350557,0.419993144285972,0.450192678114564,
0.481293888508613,0.513271360774479,0.546101715281823,0.579763349550858,
0.614236223905408,0.649501681663423,0.685542297023231,0.72234174539079,
0.759884692062706,0.798156696053524,0.837144126516999,0.876834089717067,
0.917214364895772,0.958273347691246,0.981061949686134),.UNSPECIFIED.);
#598=B_SPLINE_CURVE_WITH_KNOTS('',3,(#7207,#7208,#7209,#7210,#7211,#7212,
#7213,#7214,#7215,#7216,#7217,#7218,#7219,#7220,#7221,#7222,#7223,#7224,
#7225,#7226,#7227,#7228,#7229,#7230,#7231,#7232,#7233,#7234,#7235,#7236,
#7237,#7238,#7239,#7240,#7241),.UNSPECIFIED.,.F.,.F.,(4,1,1,1,1,1,1,1,1,
1,1,1,1,1,1,1,1,1,1,1,1,1,1,1,1,1,1,1,1,1,1,1,4),(0.,0.107626156441442,
0.116731661278873,0.128486815154898,0.142395700036577,0.158166892716714,
0.175602602057852,0.194557216347194,0.214917738100317,0.23659316865271,
0.259508179747131,0.283599073824856,0.308811067431172,0.33509638778013,
0.362412893965382,0.390723050350557,0.419993144285972,0.450192678114564,
0.481293888508613,0.513271360774479,0.546101715281823,0.579763349550858,
0.614236223905408,0.649501681663423,0.685542297023231,0.72234174539079,
0.759884692062706,0.798156696053524,0.837144126516999,0.876834089717067,
0.917214364895772,0.958273347691246,0.981061949686137),.UNSPECIFIED.);
#599=B_SPLINE_CURVE_WITH_KNOTS('',3,(#7242,#7243,#7244,#7245,#7246,#7247,
#7248,#7249,#7250,#7251,#7252,#7253,#7254,#7255,#7256,#7257,#7258,#7259,
#7260,#7261,#7262,#7263,#7264,#7265,#7266,#7267,#7268,#7269,#7270,#7271,
#7272,#7273,#7274,#7275,#7276),.UNSPECIFIED.,.F.,.F.,(4,1,1,1,1,1,1,1,1,
1,1,1,1,1,1,1,1,1,1,1,1,1,1,1,1,1,1,1,1,1,1,1,4),(0.,0.107626156441442,
0.116731661278873,0.128486815154898,0.142395700036577,0.158166892716714,
0.175602602057852,0.194557216347194,0.214917738100317,0.23659316865271,
0.259508179747131,0.283599073824856,0.308811067431172,0.33509638778013,
0.362412893965382,0.390723050350557,0.419993144285972,0.450192678114564,
0.481293888508613,0.513271360774479,0.546101715281823,0.579763349550858,
0.614236223905408,0.649501681663423,0.685542297023231,0.72234174539079,
0.759884692062706,0.798156696053524,0.837144126516999,0.876834089717067,
0.917214364895772,0.958273347691246,0.981061949686134),.UNSPECIFIED.);
#600=B_SPLINE_CURVE_WITH_KNOTS('',3,(#7284,#7285,#7286,#7287,#7288,#7289,
#7290,#7291,#7292,#7293,#7294,#7295,#7296,#7297,#7298,#7299,#7300,#7301,
#7302,#7303,#7304,#7305,#7306,#7307,#7308,#7309,#7310,#7311,#7312,#7313,
#7314,#7315,#7316,#7317,#7318),.UNSPECIFIED.,.F.,.F.,(4,1,1,1,1,1,1,1,1,
1,1,1,1,1,1,1,1,1,1,1,1,1,1,1,1,1,1,1,1,1,1,1,4),(0.,0.107626156441442,
0.116731661278873,0.128486815154898,0.142395700036577,0.158166892716714,
0.175602602057852,0.194557216347194,0.214917738100317,0.23659316865271,
0.259508179747131,0.283599073824856,0.308811067431172,0.33509638778013,
0.362412893965382,0.390723050350557,0.419993144285972,0.450192678114564,
0.481293888508613,0.513271360774479,0.546101715281823,0.579763349550858,
0.614236223905408,0.649501681663423,0.685542297023231,0.72234174539079,
0.759884692062706,0.798156696053524,0.837144126516999,0.876834089717067,
0.917214364895772,0.958273347691246,0.981061949686137),.UNSPECIFIED.);
#601=B_SPLINE_CURVE_WITH_KNOTS('',3,(#7319,#7320,#7321,#7322,#7323,#7324,
#7325,#7326,#7327,#7328,#7329,#7330,#7331,#7332,#7333,#7334,#7335,#7336,
#7337,#7338,#7339,#7340,#7341,#7342,#7343,#7344,#7345,#7346,#7347,#7348,
#7349,#7350,#7351,#7352,#7353),.UNSPECIFIED.,.F.,.F.,(4,1,1,1,1,1,1,1,1,
1,1,1,1,1,1,1,1,1,1,1,1,1,1,1,1,1,1,1,1,1,1,1,4),(0.,0.107626156441442,
0.116731661278873,0.128486815154898,0.142395700036577,0.158166892716714,
0.175602602057852,0.194557216347194,0.214917738100317,0.23659316865271,
0.259508179747131,0.283599073824856,0.308811067431172,0.33509638778013,
0.362412893965382,0.390723050350557,0.419993144285972,0.450192678114564,
0.481293888508613,0.513271360774479,0.546101715281823,0.579763349550858,
0.614236223905408,0.649501681663423,0.685542297023231,0.72234174539079,
0.759884692062706,0.798156696053524,0.837144126516999,0.876834089717067,
0.917214364895772,0.958273347691246,0.981061949686134),.UNSPECIFIED.);
#602=B_SPLINE_CURVE_WITH_KNOTS('',3,(#7361,#7362,#7363,#7364,#7365,#7366,
#7367,#7368,#7369,#7370,#7371,#7372,#7373,#7374,#7375,#7376,#7377,#7378,
#7379,#7380,#7381,#7382,#7383,#7384,#7385,#7386,#7387,#7388,#7389,#7390,
#7391,#7392,#7393,#7394,#7395),.UNSPECIFIED.,.F.,.F.,(4,1,1,1,1,1,1,1,1,
1,1,1,1,1,1,1,1,1,1,1,1,1,1,1,1,1,1,1,1,1,1,1,4),(0.,0.107626156441442,
0.116731661278873,0.128486815154898,0.142395700036577,0.158166892716714,
0.175602602057852,0.194557216347194,0.214917738100317,0.23659316865271,
0.259508179747131,0.283599073824856,0.308811067431172,0.33509638778013,
0.362412893965382,0.390723050350557,0.419993144285972,0.450192678114564,
0.481293888508613,0.513271360774479,0.546101715281823,0.579763349550858,
0.614236223905408,0.649501681663423,0.685542297023231,0.72234174539079,
0.759884692062706,0.798156696053524,0.837144126516999,0.876834089717067,
0.917214364895772,0.958273347691246,0.981061949686137),.UNSPECIFIED.);
#603=B_SPLINE_CURVE_WITH_KNOTS('',3,(#7396,#7397,#7398,#7399,#7400,#7401,
#7402,#7403,#7404,#7405,#7406,#7407,#7408,#7409,#7410,#7411,#7412,#7413,
#7414,#7415,#7416,#7417,#7418,#7419,#7420,#7421,#7422,#7423,#7424,#7425,
#7426,#7427,#7428,#7429,#7430),.UNSPECIFIED.,.F.,.F.,(4,1,1,1,1,1,1,1,1,
1,1,1,1,1,1,1,1,1,1,1,1,1,1,1,1,1,1,1,1,1,1,1,4),(0.,0.107626156441442,
0.116731661278873,0.128486815154898,0.142395700036577,0.158166892716714,
0.175602602057852,0.194557216347194,0.214917738100317,0.23659316865271,
0.259508179747131,0.283599073824856,0.308811067431172,0.33509638778013,
0.362412893965382,0.390723050350557,0.419993144285972,0.450192678114564,
0.481293888508613,0.513271360774479,0.546101715281823,0.579763349550858,
0.614236223905408,0.649501681663423,0.685542297023231,0.72234174539079,
0.759884692062706,0.798156696053524,0.837144126516999,0.876834089717067,
0.917214364895772,0.958273347691246,0.981061949686134),.UNSPECIFIED.);
#604=B_SPLINE_CURVE_WITH_KNOTS('',3,(#7438,#7439,#7440,#7441,#7442,#7443,
#7444,#7445,#7446,#7447,#7448,#7449,#7450,#7451,#7452,#7453,#7454,#7455,
#7456,#7457,#7458,#7459,#7460,#7461,#7462,#7463,#7464,#7465,#7466,#7467,
#7468,#7469,#7470,#7471,#7472),.UNSPECIFIED.,.F.,.F.,(4,1,1,1,1,1,1,1,1,
1,1,1,1,1,1,1,1,1,1,1,1,1,1,1,1,1,1,1,1,1,1,1,4),(0.,0.107626156441442,
0.116731661278873,0.128486815154898,0.142395700036577,0.158166892716714,
0.175602602057852,0.194557216347194,0.214917738100317,0.23659316865271,
0.259508179747131,0.283599073824856,0.308811067431172,0.33509638778013,
0.362412893965382,0.390723050350557,0.419993144285972,0.450192678114564,
0.481293888508613,0.513271360774479,0.546101715281823,0.579763349550858,
0.614236223905408,0.649501681663423,0.685542297023231,0.72234174539079,
0.759884692062706,0.798156696053524,0.837144126516999,0.876834089717067,
0.917214364895772,0.958273347691246,0.981061949686137),.UNSPECIFIED.);
#605=B_SPLINE_CURVE_WITH_KNOTS('',3,(#7476,#7477,#7478,#7479,#7480,#7481,
#7482,#7483,#7484,#7485,#7486,#7487,#7488,#7489,#7490,#7491,#7492,#7493,
#7494,#7495,#7496,#7497,#7498,#7499,#7500,#7501,#7502,#7503,#7504,#7505,
#7506,#7507,#7508,#7509,#7510),.UNSPECIFIED.,.F.,.F.,(4,1,1,1,1,1,1,1,1,
1,1,1,1,1,1,1,1,1,1,1,1,1,1,1,1,1,1,1,1,1,1,1,4),(0.,0.107626156441442,
0.116731661278873,0.128486815154898,0.142395700036577,0.158166892716714,
0.175602602057852,0.194557216347194,0.214917738100317,0.23659316865271,
0.259508179747131,0.283599073824856,0.308811067431172,0.33509638778013,
0.362412893965382,0.390723050350557,0.419993144285972,0.450192678114564,
0.481293888508613,0.513271360774479,0.546101715281823,0.579763349550858,
0.614236223905408,0.649501681663423,0.685542297023231,0.72234174539079,
0.759884692062706,0.798156696053524,0.837144126516999,0.876834089717067,
0.917214364895772,0.958273347691246,0.981061949686134),.UNSPECIFIED.);
#606=B_SPLINE_CURVE_WITH_KNOTS('',3,(#7518,#7519,#7520,#7521,#7522,#7523,
#7524,#7525,#7526,#7527,#7528,#7529,#7530,#7531,#7532,#7533,#7534,#7535,
#7536,#7537,#7538,#7539,#7540,#7541,#7542,#7543,#7544,#7545,#7546,#7547,
#7548,#7549,#7550,#7551,#7552),.UNSPECIFIED.,.F.,.F.,(4,1,1,1,1,1,1,1,1,
1,1,1,1,1,1,1,1,1,1,1,1,1,1,1,1,1,1,1,1,1,1,1,4),(0.,0.107626156441442,
0.116731661278873,0.128486815154898,0.142395700036577,0.158166892716714,
0.175602602057852,0.194557216347194,0.214917738100317,0.23659316865271,
0.259508179747131,0.283599073824856,0.308811067431172,0.33509638778013,
0.362412893965382,0.390723050350557,0.419993144285972,0.450192678114564,
0.481293888508613,0.513271360774479,0.546101715281823,0.579763349550858,
0.614236223905408,0.649501681663423,0.685542297023231,0.72234174539079,
0.759884692062706,0.798156696053524,0.837144126516999,0.876834089717067,
0.917214364895772,0.958273347691246,0.981061949686137),.UNSPECIFIED.);
#607=B_SPLINE_CURVE_WITH_KNOTS('',3,(#7553,#7554,#7555,#7556,#7557,#7558,
#7559,#7560,#7561,#7562,#7563,#7564,#7565,#7566,#7567,#7568,#7569,#7570,
#7571,#7572,#7573,#7574,#7575,#7576,#7577,#7578,#7579,#7580,#7581,#7582,
#7583,#7584,#7585,#7586,#7587),.UNSPECIFIED.,.F.,.F.,(4,1,1,1,1,1,1,1,1,
1,1,1,1,1,1,1,1,1,1,1,1,1,1,1,1,1,1,1,1,1,1,1,4),(0.,0.107626156441442,
0.116731661278873,0.128486815154898,0.142395700036577,0.158166892716714,
0.175602602057852,0.194557216347194,0.214917738100317,0.23659316865271,
0.259508179747131,0.283599073824856,0.308811067431172,0.33509638778013,
0.362412893965382,0.390723050350557,0.419993144285972,0.450192678114564,
0.481293888508613,0.513271360774479,0.546101715281823,0.579763349550858,
0.614236223905408,0.649501681663423,0.685542297023231,0.72234174539079,
0.759884692062706,0.798156696053524,0.837144126516999,0.876834089717067,
0.917214364895772,0.958273347691246,0.981061949686134),.UNSPECIFIED.);
#608=B_SPLINE_CURVE_WITH_KNOTS('',3,(#7595,#7596,#7597,#7598,#7599,#7600,
#7601,#7602,#7603,#7604,#7605,#7606,#7607,#7608,#7609,#7610,#7611,#7612,
#7613,#7614,#7615,#7616,#7617,#7618,#7619,#7620,#7621,#7622,#7623,#7624,
#7625,#7626,#7627,#7628,#7629),.UNSPECIFIED.,.F.,.F.,(4,1,1,1,1,1,1,1,1,
1,1,1,1,1,1,1,1,1,1,1,1,1,1,1,1,1,1,1,1,1,1,1,4),(0.,0.107626156441442,
0.116731661278873,0.128486815154898,0.142395700036577,0.158166892716714,
0.175602602057852,0.194557216347194,0.214917738100317,0.23659316865271,
0.259508179747131,0.283599073824856,0.308811067431172,0.33509638778013,
0.362412893965382,0.390723050350557,0.419993144285972,0.450192678114564,
0.481293888508613,0.513271360774479,0.546101715281823,0.579763349550858,
0.614236223905408,0.649501681663423,0.685542297023231,0.72234174539079,
0.759884692062706,0.798156696053524,0.837144126516999,0.876834089717067,
0.917214364895772,0.958273347691246,0.981061949686137),.UNSPECIFIED.);
#609=B_SPLINE_CURVE_WITH_KNOTS('',3,(#7630,#7631,#7632,#7633,#7634,#7635,
#7636,#7637,#7638,#7639,#7640,#7641,#7642,#7643,#7644,#7645,#7646,#7647,
#7648,#7649,#7650,#7651,#7652,#7653,#7654,#7655,#7656,#7657,#7658,#7659,
#7660,#7661,#7662,#7663,#7664),.UNSPECIFIED.,.F.,.F.,(4,1,1,1,1,1,1,1,1,
1,1,1,1,1,1,1,1,1,1,1,1,1,1,1,1,1,1,1,1,1,1,1,4),(0.,0.107626156441442,
0.116731661278873,0.128486815154898,0.142395700036577,0.158166892716714,
0.175602602057852,0.194557216347194,0.214917738100317,0.23659316865271,
0.259508179747131,0.283599073824856,0.308811067431172,0.33509638778013,
0.362412893965382,0.390723050350557,0.419993144285972,0.450192678114564,
0.481293888508613,0.513271360774479,0.546101715281823,0.579763349550858,
0.614236223905408,0.649501681663423,0.685542297023231,0.72234174539079,
0.759884692062706,0.798156696053524,0.837144126516999,0.876834089717067,
0.917214364895772,0.958273347691246,0.981061949686134),.UNSPECIFIED.);
#610=B_SPLINE_CURVE_WITH_KNOTS('',3,(#7672,#7673,#7674,#7675,#7676,#7677,
#7678,#7679,#7680,#7681,#7682,#7683,#7684,#7685,#7686,#7687,#7688,#7689,
#7690,#7691,#7692,#7693,#7694,#7695,#7696,#7697,#7698,#7699,#7700,#7701,
#7702,#7703,#7704,#7705,#7706),.UNSPECIFIED.,.F.,.F.,(4,1,1,1,1,1,1,1,1,
1,1,1,1,1,1,1,1,1,1,1,1,1,1,1,1,1,1,1,1,1,1,1,4),(0.,0.107626156441442,
0.116731661278873,0.128486815154898,0.142395700036577,0.158166892716714,
0.175602602057852,0.194557216347194,0.214917738100317,0.23659316865271,
0.259508179747131,0.283599073824856,0.308811067431172,0.33509638778013,
0.362412893965382,0.390723050350557,0.419993144285972,0.450192678114564,
0.481293888508613,0.513271360774479,0.546101715281823,0.579763349550858,
0.614236223905408,0.649501681663423,0.685542297023231,0.72234174539079,
0.759884692062706,0.798156696053524,0.837144126516999,0.876834089717067,
0.917214364895772,0.958273347691246,0.981061949686137),.UNSPECIFIED.);
#611=B_SPLINE_CURVE_WITH_KNOTS('',3,(#7707,#7708,#7709,#7710,#7711,#7712,
#7713,#7714,#7715,#7716,#7717,#7718,#7719,#7720,#7721,#7722,#7723,#7724,
#7725,#7726,#7727,#7728,#7729,#7730,#7731,#7732,#7733,#7734,#7735,#7736,
#7737,#7738,#7739,#7740,#7741),.UNSPECIFIED.,.F.,.F.,(4,1,1,1,1,1,1,1,1,
1,1,1,1,1,1,1,1,1,1,1,1,1,1,1,1,1,1,1,1,1,1,1,4),(0.,0.107626156441442,
0.116731661278873,0.128486815154898,0.142395700036577,0.158166892716714,
0.175602602057852,0.194557216347194,0.214917738100317,0.23659316865271,
0.259508179747131,0.283599073824856,0.308811067431172,0.33509638778013,
0.362412893965382,0.390723050350557,0.419993144285972,0.450192678114564,
0.481293888508613,0.513271360774479,0.546101715281823,0.579763349550858,
0.614236223905408,0.649501681663423,0.685542297023231,0.72234174539079,
0.759884692062706,0.798156696053524,0.837144126516999,0.876834089717067,
0.917214364895772,0.958273347691246,0.981061949686134),.UNSPECIFIED.);
#612=B_SPLINE_CURVE_WITH_KNOTS('',3,(#7749,#7750,#7751,#7752,#7753,#7754,
#7755,#7756,#7757,#7758,#7759,#7760,#7761,#7762,#7763,#7764,#7765,#7766,
#7767,#7768,#7769,#7770,#7771,#7772,#7773,#7774,#7775,#7776,#7777,#7778,
#7779,#7780,#7781,#7782,#7783),.UNSPECIFIED.,.F.,.F.,(4,1,1,1,1,1,1,1,1,
1,1,1,1,1,1,1,1,1,1,1,1,1,1,1,1,1,1,1,1,1,1,1,4),(0.,0.107626156441442,
0.116731661278873,0.128486815154898,0.142395700036577,0.158166892716714,
0.175602602057852,0.194557216347194,0.214917738100317,0.23659316865271,
0.259508179747131,0.283599073824856,0.308811067431172,0.33509638778013,
0.362412893965382,0.390723050350557,0.419993144285972,0.450192678114564,
0.481293888508613,0.513271360774479,0.546101715281823,0.579763349550858,
0.614236223905408,0.649501681663423,0.685542297023231,0.72234174539079,
0.759884692062706,0.798156696053524,0.837144126516999,0.876834089717067,
0.917214364895772,0.958273347691246,0.981061949686137),.UNSPECIFIED.);
#613=B_SPLINE_CURVE_WITH_KNOTS('',3,(#7784,#7785,#7786,#7787,#7788,#7789,
#7790,#7791,#7792,#7793,#7794,#7795,#7796,#7797,#7798,#7799,#7800,#7801,
#7802,#7803,#7804,#7805,#7806,#7807,#7808,#7809,#7810,#7811,#7812,#7813,
#7814,#7815,#7816,#7817,#7818),.UNSPECIFIED.,.F.,.F.,(4,1,1,1,1,1,1,1,1,
1,1,1,1,1,1,1,1,1,1,1,1,1,1,1,1,1,1,1,1,1,1,1,4),(0.,0.107626156441442,
0.116731661278873,0.128486815154898,0.142395700036577,0.158166892716714,
0.175602602057852,0.194557216347194,0.214917738100317,0.23659316865271,
0.259508179747131,0.283599073824856,0.308811067431172,0.33509638778013,
0.362412893965382,0.390723050350557,0.419993144285972,0.450192678114564,
0.481293888508613,0.513271360774479,0.546101715281823,0.579763349550858,
0.614236223905408,0.649501681663423,0.685542297023231,0.72234174539079,
0.759884692062706,0.798156696053524,0.837144126516999,0.876834089717067,
0.917214364895772,0.958273347691246,0.981061949686134),.UNSPECIFIED.);
#614=ORIENTED_EDGE('',*,*,#1594,.F.);
#615=ORIENTED_EDGE('',*,*,#1595,.F.);
#616=ORIENTED_EDGE('',*,*,#1596,.F.);
#617=ORIENTED_EDGE('',*,*,#1597,.F.);
#618=ORIENTED_EDGE('',*,*,#1598,.F.);
#619=ORIENTED_EDGE('',*,*,#1599,.F.);
#620=ORIENTED_EDGE('',*,*,#1600,.F.);
#621=ORIENTED_EDGE('',*,*,#1601,.F.);
#622=ORIENTED_EDGE('',*,*,#1602,.F.);
#623=ORIENTED_EDGE('',*,*,#1603,.F.);
#624=ORIENTED_EDGE('',*,*,#1604,.T.);
#625=ORIENTED_EDGE('',*,*,#1605,.T.);
#626=ORIENTED_EDGE('',*,*,#1606,.T.);
#627=ORIENTED_EDGE('',*,*,#1607,.T.);
#628=ORIENTED_EDGE('',*,*,#1608,.F.);
#629=ORIENTED_EDGE('',*,*,#1609,.T.);
#630=ORIENTED_EDGE('',*,*,#1610,.F.);
#631=ORIENTED_EDGE('',*,*,#1611,.F.);
#632=ORIENTED_EDGE('',*,*,#1612,.F.);
#633=ORIENTED_EDGE('',*,*,#1613,.F.);
#634=ORIENTED_EDGE('',*,*,#1614,.F.);
#635=ORIENTED_EDGE('',*,*,#1615,.T.);
#636=ORIENTED_EDGE('',*,*,#1616,.F.);
#637=ORIENTED_EDGE('',*,*,#1617,.F.);
#638=ORIENTED_EDGE('',*,*,#1618,.F.);
#639=ORIENTED_EDGE('',*,*,#1619,.F.);
#640=ORIENTED_EDGE('',*,*,#1620,.F.);
#641=ORIENTED_EDGE('',*,*,#1621,.T.);
#642=ORIENTED_EDGE('',*,*,#1622,.F.);
#643=ORIENTED_EDGE('',*,*,#1623,.F.);
#644=ORIENTED_EDGE('',*,*,#1624,.F.);
#645=ORIENTED_EDGE('',*,*,#1625,.F.);
#646=ORIENTED_EDGE('',*,*,#1626,.F.);
#647=ORIENTED_EDGE('',*,*,#1627,.T.);
#648=ORIENTED_EDGE('',*,*,#1628,.F.);
#649=ORIENTED_EDGE('',*,*,#1629,.F.);
#650=ORIENTED_EDGE('',*,*,#1630,.F.);
#651=ORIENTED_EDGE('',*,*,#1631,.F.);
#652=ORIENTED_EDGE('',*,*,#1632,.F.);
#653=ORIENTED_EDGE('',*,*,#1633,.T.);
#654=ORIENTED_EDGE('',*,*,#1634,.F.);
#655=ORIENTED_EDGE('',*,*,#1635,.F.);
#656=ORIENTED_EDGE('',*,*,#1636,.F.);
#657=ORIENTED_EDGE('',*,*,#1637,.F.);
#658=ORIENTED_EDGE('',*,*,#1638,.F.);
#659=ORIENTED_EDGE('',*,*,#1639,.T.);
#660=ORIENTED_EDGE('',*,*,#1640,.F.);
#661=ORIENTED_EDGE('',*,*,#1641,.F.);
#662=ORIENTED_EDGE('',*,*,#1642,.F.);
#663=ORIENTED_EDGE('',*,*,#1643,.F.);
#664=ORIENTED_EDGE('',*,*,#1644,.F.);
#665=ORIENTED_EDGE('',*,*,#1645,.T.);
#666=ORIENTED_EDGE('',*,*,#1646,.F.);
#667=ORIENTED_EDGE('',*,*,#1647,.F.);
#668=ORIENTED_EDGE('',*,*,#1648,.F.);
#669=ORIENTED_EDGE('',*,*,#1649,.F.);
#670=ORIENTED_EDGE('',*,*,#1650,.F.);
#671=ORIENTED_EDGE('',*,*,#1651,.T.);
#672=ORIENTED_EDGE('',*,*,#1652,.F.);
#673=ORIENTED_EDGE('',*,*,#1653,.F.);
#674=ORIENTED_EDGE('',*,*,#1654,.F.);
#675=ORIENTED_EDGE('',*,*,#1655,.F.);
#676=ORIENTED_EDGE('',*,*,#1656,.F.);
#677=ORIENTED_EDGE('',*,*,#1657,.T.);
#678=ORIENTED_EDGE('',*,*,#1658,.F.);
#679=ORIENTED_EDGE('',*,*,#1659,.F.);
#680=ORIENTED_EDGE('',*,*,#1660,.F.);
#681=ORIENTED_EDGE('',*,*,#1661,.F.);
#682=ORIENTED_EDGE('',*,*,#1662,.F.);
#683=ORIENTED_EDGE('',*,*,#1663,.T.);
#684=ORIENTED_EDGE('',*,*,#1664,.F.);
#685=ORIENTED_EDGE('',*,*,#1665,.F.);
#686=ORIENTED_EDGE('',*,*,#1666,.F.);
#687=ORIENTED_EDGE('',*,*,#1667,.F.);
#688=ORIENTED_EDGE('',*,*,#1668,.F.);
#689=ORIENTED_EDGE('',*,*,#1669,.T.);
#690=ORIENTED_EDGE('',*,*,#1670,.F.);
#691=ORIENTED_EDGE('',*,*,#1671,.F.);
#692=ORIENTED_EDGE('',*,*,#1672,.F.);
#693=ORIENTED_EDGE('',*,*,#1673,.F.);
#694=ORIENTED_EDGE('',*,*,#1674,.F.);
#695=ORIENTED_EDGE('',*,*,#1675,.T.);
#696=ORIENTED_EDGE('',*,*,#1676,.F.);
#697=ORIENTED_EDGE('',*,*,#1677,.F.);
#698=ORIENTED_EDGE('',*,*,#1678,.F.);
#699=ORIENTED_EDGE('',*,*,#1679,.F.);
#700=ORIENTED_EDGE('',*,*,#1680,.F.);
#701=ORIENTED_EDGE('',*,*,#1681,.T.);
#702=ORIENTED_EDGE('',*,*,#1682,.F.);
#703=ORIENTED_EDGE('',*,*,#1683,.F.);
#704=ORIENTED_EDGE('',*,*,#1684,.F.);
#705=ORIENTED_EDGE('',*,*,#1685,.F.);
#706=ORIENTED_EDGE('',*,*,#1686,.F.);
#707=ORIENTED_EDGE('',*,*,#1687,.T.);
#708=ORIENTED_EDGE('',*,*,#1688,.F.);
#709=ORIENTED_EDGE('',*,*,#1689,.F.);
#710=ORIENTED_EDGE('',*,*,#1690,.F.);
#711=ORIENTED_EDGE('',*,*,#1691,.F.);
#712=ORIENTED_EDGE('',*,*,#1692,.F.);
#713=ORIENTED_EDGE('',*,*,#1693,.T.);
#714=ORIENTED_EDGE('',*,*,#1694,.F.);
#715=ORIENTED_EDGE('',*,*,#1695,.F.);
#716=ORIENTED_EDGE('',*,*,#1696,.F.);
#717=ORIENTED_EDGE('',*,*,#1697,.F.);
#718=ORIENTED_EDGE('',*,*,#1698,.F.);
#719=ORIENTED_EDGE('',*,*,#1699,.T.);
#720=ORIENTED_EDGE('',*,*,#1700,.F.);
#721=ORIENTED_EDGE('',*,*,#1701,.F.);
#722=ORIENTED_EDGE('',*,*,#1702,.F.);
#723=ORIENTED_EDGE('',*,*,#1703,.F.);
#724=ORIENTED_EDGE('',*,*,#1704,.F.);
#725=ORIENTED_EDGE('',*,*,#1705,.T.);
#726=ORIENTED_EDGE('',*,*,#1706,.F.);
#727=ORIENTED_EDGE('',*,*,#1707,.F.);
#728=ORIENTED_EDGE('',*,*,#1708,.F.);
#729=ORIENTED_EDGE('',*,*,#1709,.F.);
#730=ORIENTED_EDGE('',*,*,#1710,.F.);
#731=ORIENTED_EDGE('',*,*,#1711,.T.);
#732=ORIENTED_EDGE('',*,*,#1712,.F.);
#733=ORIENTED_EDGE('',*,*,#1713,.F.);
#734=ORIENTED_EDGE('',*,*,#1714,.F.);
#735=ORIENTED_EDGE('',*,*,#1715,.F.);
#736=ORIENTED_EDGE('',*,*,#1716,.F.);
#737=ORIENTED_EDGE('',*,*,#1717,.F.);
#738=ORIENTED_EDGE('',*,*,#1718,.T.);
#739=ORIENTED_EDGE('',*,*,#1719,.T.);
#740=ORIENTED_EDGE('',*,*,#1595,.T.);
#741=ORIENTED_EDGE('',*,*,#1720,.F.);
#742=ORIENTED_EDGE('',*,*,#1721,.T.);
#743=ORIENTED_EDGE('',*,*,#1722,.T.);
#744=ORIENTED_EDGE('',*,*,#1603,.T.);
#745=ORIENTED_EDGE('',*,*,#1723,.F.);
#746=ORIENTED_EDGE('',*,*,#1724,.T.);
#747=ORIENTED_EDGE('',*,*,#1725,.T.);
#748=ORIENTED_EDGE('',*,*,#1601,.T.);
#749=ORIENTED_EDGE('',*,*,#1726,.F.);
#750=ORIENTED_EDGE('',*,*,#1727,.T.);
#751=ORIENTED_EDGE('',*,*,#1728,.T.);
#752=ORIENTED_EDGE('',*,*,#1599,.T.);
#753=ORIENTED_EDGE('',*,*,#1729,.F.);
#754=ORIENTED_EDGE('',*,*,#1730,.T.);
#755=ORIENTED_EDGE('',*,*,#1731,.T.);
#756=ORIENTED_EDGE('',*,*,#1597,.T.);
#757=ORIENTED_EDGE('',*,*,#1732,.T.);
#758=ORIENTED_EDGE('',*,*,#1733,.T.);
#759=ORIENTED_EDGE('',*,*,#1604,.F.);
#760=ORIENTED_EDGE('',*,*,#1734,.T.);
#761=ORIENTED_EDGE('',*,*,#1605,.F.);
#762=ORIENTED_EDGE('',*,*,#1735,.T.);
#763=ORIENTED_EDGE('',*,*,#1606,.F.);
#764=ORIENTED_EDGE('',*,*,#1736,.T.);
#765=ORIENTED_EDGE('',*,*,#1607,.F.);
#766=ORIENTED_EDGE('',*,*,#1737,.T.);
#767=ORIENTED_EDGE('',*,*,#1737,.F.);
#768=ORIENTED_EDGE('',*,*,#1736,.F.);
#769=ORIENTED_EDGE('',*,*,#1735,.F.);
#770=ORIENTED_EDGE('',*,*,#1734,.F.);
#771=ORIENTED_EDGE('',*,*,#1732,.F.);
#772=ORIENTED_EDGE('',*,*,#1716,.T.);
#773=ORIENTED_EDGE('',*,*,#1738,.T.);
#774=ORIENTED_EDGE('',*,*,#1739,.T.);
#775=ORIENTED_EDGE('',*,*,#1740,.F.);
#776=ORIENTED_EDGE('',*,*,#1741,.F.);
#777=ORIENTED_EDGE('',*,*,#1742,.T.);
#778=ORIENTED_EDGE('',*,*,#1743,.T.);
#779=ORIENTED_EDGE('',*,*,#1744,.F.);
#780=ORIENTED_EDGE('',*,*,#1594,.T.);
#781=ORIENTED_EDGE('',*,*,#1745,.F.);
#782=ORIENTED_EDGE('',*,*,#1746,.T.);
#783=ORIENTED_EDGE('',*,*,#1747,.T.);
#784=ORIENTED_EDGE('',*,*,#1748,.T.);
#785=ORIENTED_EDGE('',*,*,#1749,.T.);
#786=ORIENTED_EDGE('',*,*,#1750,.F.);
#787=ORIENTED_EDGE('',*,*,#1748,.F.);
#788=ORIENTED_EDGE('',*,*,#1751,.T.);
#789=ORIENTED_EDGE('',*,*,#1752,.T.);
#790=ORIENTED_EDGE('',*,*,#1753,.T.);
#791=ORIENTED_EDGE('',*,*,#1754,.F.);
#792=ORIENTED_EDGE('',*,*,#1749,.F.);
#793=ORIENTED_EDGE('',*,*,#1755,.F.);
#794=ORIENTED_EDGE('',*,*,#1756,.T.);
#795=ORIENTED_EDGE('',*,*,#1757,.T.);
#796=ORIENTED_EDGE('',*,*,#1741,.T.);
#797=ORIENTED_EDGE('',*,*,#1757,.F.);
#798=ORIENTED_EDGE('',*,*,#1758,.T.);
#799=ORIENTED_EDGE('',*,*,#1752,.F.);
#800=ORIENTED_EDGE('',*,*,#1751,.F.);
#801=ORIENTED_EDGE('',*,*,#1747,.F.);
#802=ORIENTED_EDGE('',*,*,#1759,.T.);
#803=ORIENTED_EDGE('',*,*,#1742,.F.);
#804=ORIENTED_EDGE('',*,*,#1722,.F.);
#805=ORIENTED_EDGE('',*,*,#1760,.T.);
#806=ORIENTED_EDGE('',*,*,#1738,.F.);
#807=ORIENTED_EDGE('',*,*,#1754,.T.);
#808=ORIENTED_EDGE('',*,*,#1761,.T.);
#809=ORIENTED_EDGE('',*,*,#1755,.T.);
#810=ORIENTED_EDGE('',*,*,#1740,.T.);
#811=ORIENTED_EDGE('',*,*,#1762,.T.);
#812=ORIENTED_EDGE('',*,*,#1720,.T.);
#813=ORIENTED_EDGE('',*,*,#1744,.T.);
#814=ORIENTED_EDGE('',*,*,#1763,.T.);
#815=ORIENTED_EDGE('',*,*,#1745,.T.);
#816=ORIENTED_EDGE('',*,*,#1750,.T.);
#817=ORIENTED_EDGE('',*,*,#1760,.F.);
#818=ORIENTED_EDGE('',*,*,#1721,.F.);
#819=ORIENTED_EDGE('',*,*,#1762,.F.);
#820=ORIENTED_EDGE('',*,*,#1739,.F.);
#821=ORIENTED_EDGE('',*,*,#1759,.F.);
#822=ORIENTED_EDGE('',*,*,#1746,.F.);
#823=ORIENTED_EDGE('',*,*,#1763,.F.);
#824=ORIENTED_EDGE('',*,*,#1743,.F.);
#825=ORIENTED_EDGE('',*,*,#1758,.F.);
#826=ORIENTED_EDGE('',*,*,#1756,.F.);
#827=ORIENTED_EDGE('',*,*,#1761,.F.);
#828=ORIENTED_EDGE('',*,*,#1753,.F.);
#829=ORIENTED_EDGE('',*,*,#1764,.T.);
#830=ORIENTED_EDGE('',*,*,#1765,.T.);
#831=ORIENTED_EDGE('',*,*,#1766,.F.);
#832=ORIENTED_EDGE('',*,*,#1767,.F.);
#833=ORIENTED_EDGE('',*,*,#1768,.T.);
#834=ORIENTED_EDGE('',*,*,#1769,.T.);
#835=ORIENTED_EDGE('',*,*,#1770,.F.);
#836=ORIENTED_EDGE('',*,*,#1602,.T.);
#837=ORIENTED_EDGE('',*,*,#1771,.F.);
#838=ORIENTED_EDGE('',*,*,#1772,.T.);
#839=ORIENTED_EDGE('',*,*,#1773,.T.);
#840=ORIENTED_EDGE('',*,*,#1774,.T.);
#841=ORIENTED_EDGE('',*,*,#1775,.T.);
#842=ORIENTED_EDGE('',*,*,#1776,.F.);
#843=ORIENTED_EDGE('',*,*,#1774,.F.);
#844=ORIENTED_EDGE('',*,*,#1777,.T.);
#845=ORIENTED_EDGE('',*,*,#1778,.T.);
#846=ORIENTED_EDGE('',*,*,#1779,.T.);
#847=ORIENTED_EDGE('',*,*,#1780,.F.);
#848=ORIENTED_EDGE('',*,*,#1775,.F.);
#849=ORIENTED_EDGE('',*,*,#1781,.F.);
#850=ORIENTED_EDGE('',*,*,#1782,.T.);
#851=ORIENTED_EDGE('',*,*,#1783,.T.);
#852=ORIENTED_EDGE('',*,*,#1767,.T.);
#853=ORIENTED_EDGE('',*,*,#1783,.F.);
#854=ORIENTED_EDGE('',*,*,#1784,.T.);
#855=ORIENTED_EDGE('',*,*,#1778,.F.);
#856=ORIENTED_EDGE('',*,*,#1777,.F.);
#857=ORIENTED_EDGE('',*,*,#1773,.F.);
#858=ORIENTED_EDGE('',*,*,#1785,.T.);
#859=ORIENTED_EDGE('',*,*,#1768,.F.);
#860=ORIENTED_EDGE('',*,*,#1725,.F.);
#861=ORIENTED_EDGE('',*,*,#1786,.T.);
#862=ORIENTED_EDGE('',*,*,#1764,.F.);
#863=ORIENTED_EDGE('',*,*,#1780,.T.);
#864=ORIENTED_EDGE('',*,*,#1787,.T.);
#865=ORIENTED_EDGE('',*,*,#1781,.T.);
#866=ORIENTED_EDGE('',*,*,#1766,.T.);
#867=ORIENTED_EDGE('',*,*,#1788,.T.);
#868=ORIENTED_EDGE('',*,*,#1723,.T.);
#869=ORIENTED_EDGE('',*,*,#1770,.T.);
#870=ORIENTED_EDGE('',*,*,#1789,.T.);
#871=ORIENTED_EDGE('',*,*,#1771,.T.);
#872=ORIENTED_EDGE('',*,*,#1776,.T.);
#873=ORIENTED_EDGE('',*,*,#1786,.F.);
#874=ORIENTED_EDGE('',*,*,#1724,.F.);
#875=ORIENTED_EDGE('',*,*,#1788,.F.);
#876=ORIENTED_EDGE('',*,*,#1765,.F.);
#877=ORIENTED_EDGE('',*,*,#1785,.F.);
#878=ORIENTED_EDGE('',*,*,#1772,.F.);
#879=ORIENTED_EDGE('',*,*,#1789,.F.);
#880=ORIENTED_EDGE('',*,*,#1769,.F.);
#881=ORIENTED_EDGE('',*,*,#1784,.F.);
#882=ORIENTED_EDGE('',*,*,#1782,.F.);
#883=ORIENTED_EDGE('',*,*,#1787,.F.);
#884=ORIENTED_EDGE('',*,*,#1779,.F.);
#885=ORIENTED_EDGE('',*,*,#1790,.T.);
#886=ORIENTED_EDGE('',*,*,#1791,.T.);
#887=ORIENTED_EDGE('',*,*,#1792,.F.);
#888=ORIENTED_EDGE('',*,*,#1793,.F.);
#889=ORIENTED_EDGE('',*,*,#1794,.T.);
#890=ORIENTED_EDGE('',*,*,#1795,.T.);
#891=ORIENTED_EDGE('',*,*,#1796,.F.);
#892=ORIENTED_EDGE('',*,*,#1600,.T.);
#893=ORIENTED_EDGE('',*,*,#1797,.F.);
#894=ORIENTED_EDGE('',*,*,#1798,.T.);
#895=ORIENTED_EDGE('',*,*,#1799,.T.);
#896=ORIENTED_EDGE('',*,*,#1800,.T.);
#897=ORIENTED_EDGE('',*,*,#1801,.T.);
#898=ORIENTED_EDGE('',*,*,#1802,.F.);
#899=ORIENTED_EDGE('',*,*,#1800,.F.);
#900=ORIENTED_EDGE('',*,*,#1803,.T.);
#901=ORIENTED_EDGE('',*,*,#1804,.T.);
#902=ORIENTED_EDGE('',*,*,#1805,.T.);
#903=ORIENTED_EDGE('',*,*,#1806,.F.);
#904=ORIENTED_EDGE('',*,*,#1801,.F.);
#905=ORIENTED_EDGE('',*,*,#1807,.F.);
#906=ORIENTED_EDGE('',*,*,#1808,.T.);
#907=ORIENTED_EDGE('',*,*,#1809,.T.);
#908=ORIENTED_EDGE('',*,*,#1793,.T.);
#909=ORIENTED_EDGE('',*,*,#1809,.F.);
#910=ORIENTED_EDGE('',*,*,#1810,.T.);
#911=ORIENTED_EDGE('',*,*,#1804,.F.);
#912=ORIENTED_EDGE('',*,*,#1803,.F.);
#913=ORIENTED_EDGE('',*,*,#1799,.F.);
#914=ORIENTED_EDGE('',*,*,#1811,.T.);
#915=ORIENTED_EDGE('',*,*,#1794,.F.);
#916=ORIENTED_EDGE('',*,*,#1728,.F.);
#917=ORIENTED_EDGE('',*,*,#1812,.T.);
#918=ORIENTED_EDGE('',*,*,#1790,.F.);
#919=ORIENTED_EDGE('',*,*,#1806,.T.);
#920=ORIENTED_EDGE('',*,*,#1813,.T.);
#921=ORIENTED_EDGE('',*,*,#1807,.T.);
#922=ORIENTED_EDGE('',*,*,#1792,.T.);
#923=ORIENTED_EDGE('',*,*,#1814,.T.);
#924=ORIENTED_EDGE('',*,*,#1726,.T.);
#925=ORIENTED_EDGE('',*,*,#1796,.T.);
#926=ORIENTED_EDGE('',*,*,#1815,.T.);
#927=ORIENTED_EDGE('',*,*,#1797,.T.);
#928=ORIENTED_EDGE('',*,*,#1802,.T.);
#929=ORIENTED_EDGE('',*,*,#1812,.F.);
#930=ORIENTED_EDGE('',*,*,#1727,.F.);
#931=ORIENTED_EDGE('',*,*,#1814,.F.);
#932=ORIENTED_EDGE('',*,*,#1791,.F.);
#933=ORIENTED_EDGE('',*,*,#1811,.F.);
#934=ORIENTED_EDGE('',*,*,#1798,.F.);
#935=ORIENTED_EDGE('',*,*,#1815,.F.);
#936=ORIENTED_EDGE('',*,*,#1795,.F.);
#937=ORIENTED_EDGE('',*,*,#1810,.F.);
#938=ORIENTED_EDGE('',*,*,#1808,.F.);
#939=ORIENTED_EDGE('',*,*,#1813,.F.);
#940=ORIENTED_EDGE('',*,*,#1805,.F.);
#941=ORIENTED_EDGE('',*,*,#1816,.T.);
#942=ORIENTED_EDGE('',*,*,#1817,.T.);
#943=ORIENTED_EDGE('',*,*,#1818,.F.);
#944=ORIENTED_EDGE('',*,*,#1819,.F.);
#945=ORIENTED_EDGE('',*,*,#1820,.T.);
#946=ORIENTED_EDGE('',*,*,#1821,.T.);
#947=ORIENTED_EDGE('',*,*,#1822,.F.);
#948=ORIENTED_EDGE('',*,*,#1598,.T.);
#949=ORIENTED_EDGE('',*,*,#1823,.F.);
#950=ORIENTED_EDGE('',*,*,#1824,.T.);
#951=ORIENTED_EDGE('',*,*,#1825,.T.);
#952=ORIENTED_EDGE('',*,*,#1826,.T.);
#953=ORIENTED_EDGE('',*,*,#1827,.T.);
#954=ORIENTED_EDGE('',*,*,#1828,.F.);
#955=ORIENTED_EDGE('',*,*,#1826,.F.);
#956=ORIENTED_EDGE('',*,*,#1829,.T.);
#957=ORIENTED_EDGE('',*,*,#1830,.T.);
#958=ORIENTED_EDGE('',*,*,#1831,.T.);
#959=ORIENTED_EDGE('',*,*,#1832,.F.);
#960=ORIENTED_EDGE('',*,*,#1827,.F.);
#961=ORIENTED_EDGE('',*,*,#1833,.F.);
#962=ORIENTED_EDGE('',*,*,#1834,.T.);
#963=ORIENTED_EDGE('',*,*,#1835,.T.);
#964=ORIENTED_EDGE('',*,*,#1819,.T.);
#965=ORIENTED_EDGE('',*,*,#1835,.F.);
#966=ORIENTED_EDGE('',*,*,#1836,.T.);
#967=ORIENTED_EDGE('',*,*,#1830,.F.);
#968=ORIENTED_EDGE('',*,*,#1829,.F.);
#969=ORIENTED_EDGE('',*,*,#1825,.F.);
#970=ORIENTED_EDGE('',*,*,#1837,.T.);
#971=ORIENTED_EDGE('',*,*,#1820,.F.);
#972=ORIENTED_EDGE('',*,*,#1731,.F.);
#973=ORIENTED_EDGE('',*,*,#1838,.T.);
#974=ORIENTED_EDGE('',*,*,#1816,.F.);
#975=ORIENTED_EDGE('',*,*,#1832,.T.);
#976=ORIENTED_EDGE('',*,*,#1839,.T.);
#977=ORIENTED_EDGE('',*,*,#1833,.T.);
#978=ORIENTED_EDGE('',*,*,#1818,.T.);
#979=ORIENTED_EDGE('',*,*,#1840,.T.);
#980=ORIENTED_EDGE('',*,*,#1729,.T.);
#981=ORIENTED_EDGE('',*,*,#1822,.T.);
#982=ORIENTED_EDGE('',*,*,#1841,.T.);
#983=ORIENTED_EDGE('',*,*,#1823,.T.);
#984=ORIENTED_EDGE('',*,*,#1828,.T.);
#985=ORIENTED_EDGE('',*,*,#1838,.F.);
#986=ORIENTED_EDGE('',*,*,#1730,.F.);
#987=ORIENTED_EDGE('',*,*,#1840,.F.);
#988=ORIENTED_EDGE('',*,*,#1817,.F.);
#989=ORIENTED_EDGE('',*,*,#1837,.F.);
#990=ORIENTED_EDGE('',*,*,#1824,.F.);
#991=ORIENTED_EDGE('',*,*,#1841,.F.);
#992=ORIENTED_EDGE('',*,*,#1821,.F.);
#993=ORIENTED_EDGE('',*,*,#1836,.F.);
#994=ORIENTED_EDGE('',*,*,#1834,.F.);
#995=ORIENTED_EDGE('',*,*,#1839,.F.);
#996=ORIENTED_EDGE('',*,*,#1831,.F.);
#997=ORIENTED_EDGE('',*,*,#1842,.T.);
#998=ORIENTED_EDGE('',*,*,#1843,.T.);
#999=ORIENTED_EDGE('',*,*,#1844,.F.);
#1000=ORIENTED_EDGE('',*,*,#1845,.F.);
#1001=ORIENTED_EDGE('',*,*,#1846,.T.);
#1002=ORIENTED_EDGE('',*,*,#1847,.T.);
#1003=ORIENTED_EDGE('',*,*,#1848,.F.);
#1004=ORIENTED_EDGE('',*,*,#1596,.T.);
#1005=ORIENTED_EDGE('',*,*,#1849,.F.);
#1006=ORIENTED_EDGE('',*,*,#1850,.T.);
#1007=ORIENTED_EDGE('',*,*,#1851,.T.);
#1008=ORIENTED_EDGE('',*,*,#1852,.T.);
#1009=ORIENTED_EDGE('',*,*,#1853,.T.);
#1010=ORIENTED_EDGE('',*,*,#1854,.F.);
#1011=ORIENTED_EDGE('',*,*,#1852,.F.);
#1012=ORIENTED_EDGE('',*,*,#1855,.T.);
#1013=ORIENTED_EDGE('',*,*,#1856,.T.);
#1014=ORIENTED_EDGE('',*,*,#1857,.T.);
#1015=ORIENTED_EDGE('',*,*,#1858,.F.);
#1016=ORIENTED_EDGE('',*,*,#1853,.F.);
#1017=ORIENTED_EDGE('',*,*,#1859,.F.);
#1018=ORIENTED_EDGE('',*,*,#1860,.T.);
#1019=ORIENTED_EDGE('',*,*,#1861,.T.);
#1020=ORIENTED_EDGE('',*,*,#1845,.T.);
#1021=ORIENTED_EDGE('',*,*,#1861,.F.);
#1022=ORIENTED_EDGE('',*,*,#1862,.T.);
#1023=ORIENTED_EDGE('',*,*,#1856,.F.);
#1024=ORIENTED_EDGE('',*,*,#1855,.F.);
#1025=ORIENTED_EDGE('',*,*,#1851,.F.);
#1026=ORIENTED_EDGE('',*,*,#1863,.T.);
#1027=ORIENTED_EDGE('',*,*,#1846,.F.);
#1028=ORIENTED_EDGE('',*,*,#1719,.F.);
#1029=ORIENTED_EDGE('',*,*,#1864,.T.);
#1030=ORIENTED_EDGE('',*,*,#1842,.F.);
#1031=ORIENTED_EDGE('',*,*,#1858,.T.);
#1032=ORIENTED_EDGE('',*,*,#1865,.T.);
#1033=ORIENTED_EDGE('',*,*,#1859,.T.);
#1034=ORIENTED_EDGE('',*,*,#1844,.T.);
#1035=ORIENTED_EDGE('',*,*,#1866,.T.);
#1036=ORIENTED_EDGE('',*,*,#1717,.T.);
#1037=ORIENTED_EDGE('',*,*,#1848,.T.);
#1038=ORIENTED_EDGE('',*,*,#1867,.T.);
#1039=ORIENTED_EDGE('',*,*,#1849,.T.);
#1040=ORIENTED_EDGE('',*,*,#1854,.T.);
#1041=ORIENTED_EDGE('',*,*,#1864,.F.);
#1042=ORIENTED_EDGE('',*,*,#1718,.F.);
#1043=ORIENTED_EDGE('',*,*,#1866,.F.);
#1044=ORIENTED_EDGE('',*,*,#1843,.F.);
#1045=ORIENTED_EDGE('',*,*,#1863,.F.);
#1046=ORIENTED_EDGE('',*,*,#1850,.F.);
#1047=ORIENTED_EDGE('',*,*,#1867,.F.);
#1048=ORIENTED_EDGE('',*,*,#1847,.F.);
#1049=ORIENTED_EDGE('',*,*,#1862,.F.);
#1050=ORIENTED_EDGE('',*,*,#1860,.F.);
#1051=ORIENTED_EDGE('',*,*,#1865,.F.);
#1052=ORIENTED_EDGE('',*,*,#1857,.F.);
#1053=ORIENTED_EDGE('',*,*,#1868,.F.);
#1054=ORIENTED_EDGE('',*,*,#1869,.F.);
#1055=ORIENTED_EDGE('',*,*,#1870,.T.);
#1056=ORIENTED_EDGE('',*,*,#1610,.T.);
#1057=ORIENTED_EDGE('',*,*,#1871,.F.);
#1058=ORIENTED_EDGE('',*,*,#1872,.F.);
#1059=ORIENTED_EDGE('',*,*,#1873,.T.);
#1060=ORIENTED_EDGE('',*,*,#1616,.T.);
#1061=ORIENTED_EDGE('',*,*,#1874,.F.);
#1062=ORIENTED_EDGE('',*,*,#1875,.F.);
#1063=ORIENTED_EDGE('',*,*,#1876,.T.);
#1064=ORIENTED_EDGE('',*,*,#1628,.T.);
#1065=ORIENTED_EDGE('',*,*,#1877,.F.);
#1066=ORIENTED_EDGE('',*,*,#1878,.T.);
#1067=ORIENTED_EDGE('',*,*,#1622,.T.);
#1068=ORIENTED_EDGE('',*,*,#1879,.F.);
#1069=ORIENTED_EDGE('',*,*,#1880,.F.);
#1070=ORIENTED_EDGE('',*,*,#1881,.F.);
#1071=ORIENTED_EDGE('',*,*,#1882,.T.);
#1072=ORIENTED_EDGE('',*,*,#1700,.T.);
#1073=ORIENTED_EDGE('',*,*,#1883,.F.);
#1074=ORIENTED_EDGE('',*,*,#1884,.T.);
#1075=ORIENTED_EDGE('',*,*,#1694,.T.);
#1076=ORIENTED_EDGE('',*,*,#1885,.F.);
#1077=ORIENTED_EDGE('',*,*,#1886,.F.);
#1078=ORIENTED_EDGE('',*,*,#1887,.F.);
#1079=ORIENTED_EDGE('',*,*,#1888,.T.);
#1080=ORIENTED_EDGE('',*,*,#1706,.T.);
#1081=ORIENTED_EDGE('',*,*,#1889,.F.);
#1082=ORIENTED_EDGE('',*,*,#1890,.T.);
#1083=ORIENTED_EDGE('',*,*,#1712,.T.);
#1084=ORIENTED_EDGE('',*,*,#1891,.F.);
#1085=ORIENTED_EDGE('',*,*,#1892,.F.);
#1086=ORIENTED_EDGE('',*,*,#1893,.F.);
#1087=ORIENTED_EDGE('',*,*,#1894,.T.);
#1088=ORIENTED_EDGE('',*,*,#1676,.T.);
#1089=ORIENTED_EDGE('',*,*,#1895,.F.);
#1090=ORIENTED_EDGE('',*,*,#1896,.T.);
#1091=ORIENTED_EDGE('',*,*,#1670,.T.);
#1092=ORIENTED_EDGE('',*,*,#1897,.F.);
#1093=ORIENTED_EDGE('',*,*,#1898,.F.);
#1094=ORIENTED_EDGE('',*,*,#1899,.F.);
#1095=ORIENTED_EDGE('',*,*,#1900,.T.);
#1096=ORIENTED_EDGE('',*,*,#1682,.T.);
#1097=ORIENTED_EDGE('',*,*,#1901,.F.);
#1098=ORIENTED_EDGE('',*,*,#1902,.T.);
#1099=ORIENTED_EDGE('',*,*,#1688,.T.);
#1100=ORIENTED_EDGE('',*,*,#1903,.F.);
#1101=ORIENTED_EDGE('',*,*,#1904,.F.);
#1102=ORIENTED_EDGE('',*,*,#1905,.T.);
#1103=ORIENTED_EDGE('',*,*,#1664,.T.);
#1104=ORIENTED_EDGE('',*,*,#1906,.F.);
#1105=ORIENTED_EDGE('',*,*,#1907,.F.);
#1106=ORIENTED_EDGE('',*,*,#1908,.T.);
#1107=ORIENTED_EDGE('',*,*,#1658,.T.);
#1108=ORIENTED_EDGE('',*,*,#1909,.F.);
#1109=ORIENTED_EDGE('',*,*,#1910,.F.);
#1110=ORIENTED_EDGE('',*,*,#1911,.F.);
#1111=ORIENTED_EDGE('',*,*,#1912,.T.);
#1112=ORIENTED_EDGE('',*,*,#1646,.T.);
#1113=ORIENTED_EDGE('',*,*,#1913,.F.);
#1114=ORIENTED_EDGE('',*,*,#1914,.T.);
#1115=ORIENTED_EDGE('',*,*,#1652,.T.);
#1116=ORIENTED_EDGE('',*,*,#1915,.F.);
#1117=ORIENTED_EDGE('',*,*,#1916,.F.);
#1118=ORIENTED_EDGE('',*,*,#1917,.T.);
#1119=ORIENTED_EDGE('',*,*,#1640,.T.);
#1120=ORIENTED_EDGE('',*,*,#1918,.F.);
#1121=ORIENTED_EDGE('',*,*,#1733,.F.);
#1122=ORIENTED_EDGE('',*,*,#1919,.F.);
#1123=ORIENTED_EDGE('',*,*,#1920,.T.);
#1124=ORIENTED_EDGE('',*,*,#1889,.T.);
#1125=ORIENTED_EDGE('',*,*,#1921,.F.);
#1126=ORIENTED_EDGE('',*,*,#1922,.F.);
#1127=ORIENTED_EDGE('',*,*,#1923,.T.);
#1128=ORIENTED_EDGE('',*,*,#1924,.F.);
#1129=ORIENTED_EDGE('',*,*,#1925,.T.);
#1130=ORIENTED_EDGE('',*,*,#1887,.T.);
#1131=ORIENTED_EDGE('',*,*,#1926,.F.);
#1132=ORIENTED_EDGE('',*,*,#1927,.F.);
#1133=ORIENTED_EDGE('',*,*,#1928,.T.);
#1134=ORIENTED_EDGE('',*,*,#1929,.F.);
#1135=ORIENTED_EDGE('',*,*,#1930,.T.);
#1136=ORIENTED_EDGE('',*,*,#1881,.T.);
#1137=ORIENTED_EDGE('',*,*,#1931,.F.);
#1138=ORIENTED_EDGE('',*,*,#1932,.F.);
#1139=ORIENTED_EDGE('',*,*,#1933,.T.);
#1140=ORIENTED_EDGE('',*,*,#1934,.F.);
#1141=ORIENTED_EDGE('',*,*,#1935,.T.);
#1142=ORIENTED_EDGE('',*,*,#1883,.T.);
#1143=ORIENTED_EDGE('',*,*,#1936,.F.);
#1144=ORIENTED_EDGE('',*,*,#1937,.F.);
#1145=ORIENTED_EDGE('',*,*,#1938,.T.);
#1146=ORIENTED_EDGE('',*,*,#1939,.F.);
#1147=ORIENTED_EDGE('',*,*,#1940,.T.);
#1148=ORIENTED_EDGE('',*,*,#1901,.T.);
#1149=ORIENTED_EDGE('',*,*,#1941,.F.);
#1150=ORIENTED_EDGE('',*,*,#1942,.F.);
#1151=ORIENTED_EDGE('',*,*,#1943,.T.);
#1152=ORIENTED_EDGE('',*,*,#1944,.F.);
#1153=ORIENTED_EDGE('',*,*,#1945,.T.);
#1154=ORIENTED_EDGE('',*,*,#1899,.T.);
#1155=ORIENTED_EDGE('',*,*,#1946,.F.);
#1156=ORIENTED_EDGE('',*,*,#1947,.F.);
#1157=ORIENTED_EDGE('',*,*,#1948,.T.);
#1158=ORIENTED_EDGE('',*,*,#1949,.F.);
#1159=ORIENTED_EDGE('',*,*,#1950,.T.);
#1160=ORIENTED_EDGE('',*,*,#1893,.T.);
#1161=ORIENTED_EDGE('',*,*,#1951,.F.);
#1162=ORIENTED_EDGE('',*,*,#1952,.F.);
#1163=ORIENTED_EDGE('',*,*,#1953,.T.);
#1164=ORIENTED_EDGE('',*,*,#1954,.F.);
#1165=ORIENTED_EDGE('',*,*,#1955,.T.);
#1166=ORIENTED_EDGE('',*,*,#1895,.T.);
#1167=ORIENTED_EDGE('',*,*,#1956,.F.);
#1168=ORIENTED_EDGE('',*,*,#1957,.F.);
#1169=ORIENTED_EDGE('',*,*,#1958,.T.);
#1170=ORIENTED_EDGE('',*,*,#1959,.F.);
#1171=ORIENTED_EDGE('',*,*,#1960,.T.);
#1172=ORIENTED_EDGE('',*,*,#1904,.T.);
#1173=ORIENTED_EDGE('',*,*,#1961,.F.);
#1174=ORIENTED_EDGE('',*,*,#1962,.F.);
#1175=ORIENTED_EDGE('',*,*,#1963,.T.);
#1176=ORIENTED_EDGE('',*,*,#1964,.F.);
#1177=ORIENTED_EDGE('',*,*,#1965,.T.);
#1178=ORIENTED_EDGE('',*,*,#1907,.T.);
#1179=ORIENTED_EDGE('',*,*,#1966,.F.);
#1180=ORIENTED_EDGE('',*,*,#1967,.F.);
#1181=ORIENTED_EDGE('',*,*,#1968,.T.);
#1182=ORIENTED_EDGE('',*,*,#1969,.F.);
#1183=ORIENTED_EDGE('',*,*,#1970,.T.);
#1184=ORIENTED_EDGE('',*,*,#1913,.T.);
#1185=ORIENTED_EDGE('',*,*,#1971,.F.);
#1186=ORIENTED_EDGE('',*,*,#1972,.F.);
#1187=ORIENTED_EDGE('',*,*,#1973,.T.);
#1188=ORIENTED_EDGE('',*,*,#1974,.F.);
#1189=ORIENTED_EDGE('',*,*,#1975,.T.);
#1190=ORIENTED_EDGE('',*,*,#1911,.T.);
#1191=ORIENTED_EDGE('',*,*,#1976,.F.);
#1192=ORIENTED_EDGE('',*,*,#1977,.F.);
#1193=ORIENTED_EDGE('',*,*,#1978,.T.);
#1194=ORIENTED_EDGE('',*,*,#1979,.F.);
#1195=ORIENTED_EDGE('',*,*,#1980,.T.);
#1196=ORIENTED_EDGE('',*,*,#1916,.T.);
#1197=ORIENTED_EDGE('',*,*,#1981,.F.);
#1198=ORIENTED_EDGE('',*,*,#1982,.F.);
#1199=ORIENTED_EDGE('',*,*,#1983,.T.);
#1200=ORIENTED_EDGE('',*,*,#1984,.F.);
#1201=ORIENTED_EDGE('',*,*,#1985,.T.);
#1202=ORIENTED_EDGE('',*,*,#1986,.T.);
#1203=ORIENTED_EDGE('',*,*,#1987,.F.);
#1204=ORIENTED_EDGE('',*,*,#1988,.F.);
#1205=ORIENTED_EDGE('',*,*,#1989,.T.);
#1206=ORIENTED_EDGE('',*,*,#1990,.F.);
#1207=ORIENTED_EDGE('',*,*,#1991,.T.);
#1208=ORIENTED_EDGE('',*,*,#1875,.T.);
#1209=ORIENTED_EDGE('',*,*,#1992,.F.);
#1210=ORIENTED_EDGE('',*,*,#1993,.F.);
#1211=ORIENTED_EDGE('',*,*,#1994,.T.);
#1212=ORIENTED_EDGE('',*,*,#1995,.F.);
#1213=ORIENTED_EDGE('',*,*,#1996,.T.);
#1214=ORIENTED_EDGE('',*,*,#1877,.T.);
#1215=ORIENTED_EDGE('',*,*,#1997,.F.);
#1216=ORIENTED_EDGE('',*,*,#1998,.F.);
#1217=ORIENTED_EDGE('',*,*,#1999,.T.);
#1218=ORIENTED_EDGE('',*,*,#2000,.F.);
#1219=ORIENTED_EDGE('',*,*,#2001,.T.);
#1220=ORIENTED_EDGE('',*,*,#1872,.T.);
#1221=ORIENTED_EDGE('',*,*,#2002,.F.);
#1222=ORIENTED_EDGE('',*,*,#2003,.F.);
#1223=ORIENTED_EDGE('',*,*,#2004,.T.);
#1224=ORIENTED_EDGE('',*,*,#2005,.F.);
#1225=ORIENTED_EDGE('',*,*,#2006,.T.);
#1226=ORIENTED_EDGE('',*,*,#1869,.T.);
#1227=ORIENTED_EDGE('',*,*,#2007,.F.);
#1228=ORIENTED_EDGE('',*,*,#2008,.F.);
#1229=ORIENTED_EDGE('',*,*,#2009,.T.);
#1230=ORIENTED_EDGE('',*,*,#1986,.F.);
#1231=ORIENTED_EDGE('',*,*,#2010,.T.);
#1232=ORIENTED_EDGE('',*,*,#1634,.T.);
#1233=ORIENTED_EDGE('',*,*,#2011,.F.);
#1234=ORIENTED_EDGE('',*,*,#1987,.T.);
#1235=ORIENTED_EDGE('',*,*,#2011,.T.);
#1236=ORIENTED_EDGE('',*,*,#1633,.F.);
#1237=ORIENTED_EDGE('',*,*,#2012,.F.);
#1238=ORIENTED_EDGE('',*,*,#1629,.T.);
#1239=ORIENTED_EDGE('',*,*,#1876,.F.);
#1240=ORIENTED_EDGE('',*,*,#1991,.F.);
#1241=ORIENTED_EDGE('',*,*,#2013,.F.);
#1242=ORIENTED_EDGE('',*,*,#1631,.T.);
#1243=ORIENTED_EDGE('',*,*,#2014,.F.);
#1244=ORIENTED_EDGE('',*,*,#1989,.F.);
#1245=ORIENTED_EDGE('',*,*,#2015,.F.);
#1246=ORIENTED_EDGE('',*,*,#1988,.T.);
#1247=ORIENTED_EDGE('',*,*,#2012,.T.);
#1248=ORIENTED_EDGE('',*,*,#1632,.T.);
#1249=ORIENTED_EDGE('',*,*,#2015,.T.);
#1250=ORIENTED_EDGE('',*,*,#1990,.T.);
#1251=ORIENTED_EDGE('',*,*,#2014,.T.);
#1252=ORIENTED_EDGE('',*,*,#1630,.T.);
#1253=ORIENTED_EDGE('',*,*,#2013,.T.);
#1254=ORIENTED_EDGE('',*,*,#1981,.T.);
#1255=ORIENTED_EDGE('',*,*,#1918,.T.);
#1256=ORIENTED_EDGE('',*,*,#1639,.F.);
#1257=ORIENTED_EDGE('',*,*,#2016,.F.);
#1258=ORIENTED_EDGE('',*,*,#1635,.T.);
#1259=ORIENTED_EDGE('',*,*,#2010,.F.);
#1260=ORIENTED_EDGE('',*,*,#1985,.F.);
#1261=ORIENTED_EDGE('',*,*,#2017,.F.);
#1262=ORIENTED_EDGE('',*,*,#1637,.T.);
#1263=ORIENTED_EDGE('',*,*,#2018,.F.);
#1264=ORIENTED_EDGE('',*,*,#1983,.F.);
#1265=ORIENTED_EDGE('',*,*,#2019,.F.);
#1266=ORIENTED_EDGE('',*,*,#1982,.T.);
#1267=ORIENTED_EDGE('',*,*,#2016,.T.);
#1268=ORIENTED_EDGE('',*,*,#1638,.T.);
#1269=ORIENTED_EDGE('',*,*,#2019,.T.);
#1270=ORIENTED_EDGE('',*,*,#1984,.T.);
#1271=ORIENTED_EDGE('',*,*,#2018,.T.);
#1272=ORIENTED_EDGE('',*,*,#1636,.T.);
#1273=ORIENTED_EDGE('',*,*,#2017,.T.);
#1274=ORIENTED_EDGE('',*,*,#1971,.T.);
#1275=ORIENTED_EDGE('',*,*,#1915,.T.);
#1276=ORIENTED_EDGE('',*,*,#1651,.F.);
#1277=ORIENTED_EDGE('',*,*,#2020,.F.);
#1278=ORIENTED_EDGE('',*,*,#1647,.T.);
#1279=ORIENTED_EDGE('',*,*,#1912,.F.);
#1280=ORIENTED_EDGE('',*,*,#1975,.F.);
#1281=ORIENTED_EDGE('',*,*,#2021,.F.);
#1282=ORIENTED_EDGE('',*,*,#1649,.T.);
#1283=ORIENTED_EDGE('',*,*,#2022,.F.);
#1284=ORIENTED_EDGE('',*,*,#1973,.F.);
#1285=ORIENTED_EDGE('',*,*,#2023,.F.);
#1286=ORIENTED_EDGE('',*,*,#1972,.T.);
#1287=ORIENTED_EDGE('',*,*,#2020,.T.);
#1288=ORIENTED_EDGE('',*,*,#1650,.T.);
#1289=ORIENTED_EDGE('',*,*,#2023,.T.);
#1290=ORIENTED_EDGE('',*,*,#1974,.T.);
#1291=ORIENTED_EDGE('',*,*,#2022,.T.);
#1292=ORIENTED_EDGE('',*,*,#1648,.T.);
#1293=ORIENTED_EDGE('',*,*,#2021,.T.);
#1294=ORIENTED_EDGE('',*,*,#1976,.T.);
#1295=ORIENTED_EDGE('',*,*,#1910,.T.);
#1296=ORIENTED_EDGE('',*,*,#1645,.F.);
#1297=ORIENTED_EDGE('',*,*,#2024,.F.);
#1298=ORIENTED_EDGE('',*,*,#1641,.T.);
#1299=ORIENTED_EDGE('',*,*,#1917,.F.);
#1300=ORIENTED_EDGE('',*,*,#1980,.F.);
#1301=ORIENTED_EDGE('',*,*,#2025,.F.);
#1302=ORIENTED_EDGE('',*,*,#1643,.T.);
#1303=ORIENTED_EDGE('',*,*,#2026,.F.);
#1304=ORIENTED_EDGE('',*,*,#1978,.F.);
#1305=ORIENTED_EDGE('',*,*,#2027,.F.);
#1306=ORIENTED_EDGE('',*,*,#1977,.T.);
#1307=ORIENTED_EDGE('',*,*,#2024,.T.);
#1308=ORIENTED_EDGE('',*,*,#1644,.T.);
#1309=ORIENTED_EDGE('',*,*,#2027,.T.);
#1310=ORIENTED_EDGE('',*,*,#1979,.T.);
#1311=ORIENTED_EDGE('',*,*,#2026,.T.);
#1312=ORIENTED_EDGE('',*,*,#1642,.T.);
#1313=ORIENTED_EDGE('',*,*,#2025,.T.);
#1314=ORIENTED_EDGE('',*,*,#1966,.T.);
#1315=ORIENTED_EDGE('',*,*,#1909,.T.);
#1316=ORIENTED_EDGE('',*,*,#1657,.F.);
#1317=ORIENTED_EDGE('',*,*,#2028,.F.);
#1318=ORIENTED_EDGE('',*,*,#1653,.T.);
#1319=ORIENTED_EDGE('',*,*,#1914,.F.);
#1320=ORIENTED_EDGE('',*,*,#1970,.F.);
#1321=ORIENTED_EDGE('',*,*,#2029,.F.);
#1322=ORIENTED_EDGE('',*,*,#1655,.T.);
#1323=ORIENTED_EDGE('',*,*,#2030,.F.);
#1324=ORIENTED_EDGE('',*,*,#1968,.F.);
#1325=ORIENTED_EDGE('',*,*,#2031,.F.);
#1326=ORIENTED_EDGE('',*,*,#1967,.T.);
#1327=ORIENTED_EDGE('',*,*,#2028,.T.);
#1328=ORIENTED_EDGE('',*,*,#1656,.T.);
#1329=ORIENTED_EDGE('',*,*,#2031,.T.);
#1330=ORIENTED_EDGE('',*,*,#1969,.T.);
#1331=ORIENTED_EDGE('',*,*,#2030,.T.);
#1332=ORIENTED_EDGE('',*,*,#1654,.T.);
#1333=ORIENTED_EDGE('',*,*,#2029,.T.);
#1334=ORIENTED_EDGE('',*,*,#1961,.T.);
#1335=ORIENTED_EDGE('',*,*,#1906,.T.);
#1336=ORIENTED_EDGE('',*,*,#1663,.F.);
#1337=ORIENTED_EDGE('',*,*,#2032,.F.);
#1338=ORIENTED_EDGE('',*,*,#1659,.T.);
#1339=ORIENTED_EDGE('',*,*,#1908,.F.);
#1340=ORIENTED_EDGE('',*,*,#1965,.F.);
#1341=ORIENTED_EDGE('',*,*,#2033,.F.);
#1342=ORIENTED_EDGE('',*,*,#1661,.T.);
#1343=ORIENTED_EDGE('',*,*,#2034,.F.);
#1344=ORIENTED_EDGE('',*,*,#1963,.F.);
#1345=ORIENTED_EDGE('',*,*,#2035,.F.);
#1346=ORIENTED_EDGE('',*,*,#1962,.T.);
#1347=ORIENTED_EDGE('',*,*,#2032,.T.);
#1348=ORIENTED_EDGE('',*,*,#1662,.T.);
#1349=ORIENTED_EDGE('',*,*,#2035,.T.);
#1350=ORIENTED_EDGE('',*,*,#1964,.T.);
#1351=ORIENTED_EDGE('',*,*,#2034,.T.);
#1352=ORIENTED_EDGE('',*,*,#1660,.T.);
#1353=ORIENTED_EDGE('',*,*,#2033,.T.);
#1354=ORIENTED_EDGE('',*,*,#1941,.T.);
#1355=ORIENTED_EDGE('',*,*,#1903,.T.);
#1356=ORIENTED_EDGE('',*,*,#1687,.F.);
#1357=ORIENTED_EDGE('',*,*,#2036,.F.);
#1358=ORIENTED_EDGE('',*,*,#1683,.T.);
#1359=ORIENTED_EDGE('',*,*,#1900,.F.);
#1360=ORIENTED_EDGE('',*,*,#1945,.F.);
#1361=ORIENTED_EDGE('',*,*,#2037,.F.);
#1362=ORIENTED_EDGE('',*,*,#1685,.T.);
#1363=ORIENTED_EDGE('',*,*,#2038,.F.);
#1364=ORIENTED_EDGE('',*,*,#1943,.F.);
#1365=ORIENTED_EDGE('',*,*,#2039,.F.);
#1366=ORIENTED_EDGE('',*,*,#1942,.T.);
#1367=ORIENTED_EDGE('',*,*,#2036,.T.);
#1368=ORIENTED_EDGE('',*,*,#1686,.T.);
#1369=ORIENTED_EDGE('',*,*,#2039,.T.);
#1370=ORIENTED_EDGE('',*,*,#1944,.T.);
#1371=ORIENTED_EDGE('',*,*,#2038,.T.);
#1372=ORIENTED_EDGE('',*,*,#1684,.T.);
#1373=ORIENTED_EDGE('',*,*,#2037,.T.);
#1374=ORIENTED_EDGE('',*,*,#1946,.T.);
#1375=ORIENTED_EDGE('',*,*,#1898,.T.);
#1376=ORIENTED_EDGE('',*,*,#1681,.F.);
#1377=ORIENTED_EDGE('',*,*,#2040,.F.);
#1378=ORIENTED_EDGE('',*,*,#1677,.T.);
#1379=ORIENTED_EDGE('',*,*,#1894,.F.);
#1380=ORIENTED_EDGE('',*,*,#1950,.F.);
#1381=ORIENTED_EDGE('',*,*,#2041,.F.);
#1382=ORIENTED_EDGE('',*,*,#1679,.T.);
#1383=ORIENTED_EDGE('',*,*,#2042,.F.);
#1384=ORIENTED_EDGE('',*,*,#1948,.F.);
#1385=ORIENTED_EDGE('',*,*,#2043,.F.);
#1386=ORIENTED_EDGE('',*,*,#1947,.T.);
#1387=ORIENTED_EDGE('',*,*,#2040,.T.);
#1388=ORIENTED_EDGE('',*,*,#1680,.T.);
#1389=ORIENTED_EDGE('',*,*,#2043,.T.);
#1390=ORIENTED_EDGE('',*,*,#1949,.T.);
#1391=ORIENTED_EDGE('',*,*,#2042,.T.);
#1392=ORIENTED_EDGE('',*,*,#1678,.T.);
#1393=ORIENTED_EDGE('',*,*,#2041,.T.);
#1394=ORIENTED_EDGE('',*,*,#1956,.T.);
#1395=ORIENTED_EDGE('',*,*,#1897,.T.);
#1396=ORIENTED_EDGE('',*,*,#1669,.F.);
#1397=ORIENTED_EDGE('',*,*,#2044,.F.);
#1398=ORIENTED_EDGE('',*,*,#1665,.T.);
#1399=ORIENTED_EDGE('',*,*,#1905,.F.);
#1400=ORIENTED_EDGE('',*,*,#1960,.F.);
#1401=ORIENTED_EDGE('',*,*,#2045,.F.);
#1402=ORIENTED_EDGE('',*,*,#1667,.T.);
#1403=ORIENTED_EDGE('',*,*,#2046,.F.);
#1404=ORIENTED_EDGE('',*,*,#1958,.F.);
#1405=ORIENTED_EDGE('',*,*,#2047,.F.);
#1406=ORIENTED_EDGE('',*,*,#1957,.T.);
#1407=ORIENTED_EDGE('',*,*,#2044,.T.);
#1408=ORIENTED_EDGE('',*,*,#1668,.T.);
#1409=ORIENTED_EDGE('',*,*,#2047,.T.);
#1410=ORIENTED_EDGE('',*,*,#1959,.T.);
#1411=ORIENTED_EDGE('',*,*,#2046,.T.);
#1412=ORIENTED_EDGE('',*,*,#1666,.T.);
#1413=ORIENTED_EDGE('',*,*,#2045,.T.);
#1414=ORIENTED_EDGE('',*,*,#1951,.T.);
#1415=ORIENTED_EDGE('',*,*,#1892,.T.);
#1416=ORIENTED_EDGE('',*,*,#1675,.F.);
#1417=ORIENTED_EDGE('',*,*,#2048,.F.);
#1418=ORIENTED_EDGE('',*,*,#1671,.T.);
#1419=ORIENTED_EDGE('',*,*,#1896,.F.);
#1420=ORIENTED_EDGE('',*,*,#1955,.F.);
#1421=ORIENTED_EDGE('',*,*,#2049,.F.);
#1422=ORIENTED_EDGE('',*,*,#1673,.T.);
#1423=ORIENTED_EDGE('',*,*,#2050,.F.);
#1424=ORIENTED_EDGE('',*,*,#1953,.F.);
#1425=ORIENTED_EDGE('',*,*,#2051,.F.);
#1426=ORIENTED_EDGE('',*,*,#1952,.T.);
#1427=ORIENTED_EDGE('',*,*,#2048,.T.);
#1428=ORIENTED_EDGE('',*,*,#1674,.T.);
#1429=ORIENTED_EDGE('',*,*,#2051,.T.);
#1430=ORIENTED_EDGE('',*,*,#1954,.T.);
#1431=ORIENTED_EDGE('',*,*,#2050,.T.);
#1432=ORIENTED_EDGE('',*,*,#1672,.T.);
#1433=ORIENTED_EDGE('',*,*,#2049,.T.);
#1434=ORIENTED_EDGE('',*,*,#1921,.T.);
#1435=ORIENTED_EDGE('',*,*,#1891,.T.);
#1436=ORIENTED_EDGE('',*,*,#1711,.F.);
#1437=ORIENTED_EDGE('',*,*,#2052,.F.);
#1438=ORIENTED_EDGE('',*,*,#1707,.T.);
#1439=ORIENTED_EDGE('',*,*,#1888,.F.);
#1440=ORIENTED_EDGE('',*,*,#1925,.F.);
#1441=ORIENTED_EDGE('',*,*,#2053,.F.);
#1442=ORIENTED_EDGE('',*,*,#1709,.T.);
#1443=ORIENTED_EDGE('',*,*,#2054,.F.);
#1444=ORIENTED_EDGE('',*,*,#1923,.F.);
#1445=ORIENTED_EDGE('',*,*,#2055,.F.);
#1446=ORIENTED_EDGE('',*,*,#1922,.T.);
#1447=ORIENTED_EDGE('',*,*,#2052,.T.);
#1448=ORIENTED_EDGE('',*,*,#1710,.T.);
#1449=ORIENTED_EDGE('',*,*,#2055,.T.);
#1450=ORIENTED_EDGE('',*,*,#1924,.T.);
#1451=ORIENTED_EDGE('',*,*,#2054,.T.);
#1452=ORIENTED_EDGE('',*,*,#1708,.T.);
#1453=ORIENTED_EDGE('',*,*,#2053,.T.);
#1454=ORIENTED_EDGE('',*,*,#1926,.T.);
#1455=ORIENTED_EDGE('',*,*,#1886,.T.);
#1456=ORIENTED_EDGE('',*,*,#1705,.F.);
#1457=ORIENTED_EDGE('',*,*,#2056,.F.);
#1458=ORIENTED_EDGE('',*,*,#1701,.T.);
#1459=ORIENTED_EDGE('',*,*,#1882,.F.);
#1460=ORIENTED_EDGE('',*,*,#1930,.F.);
#1461=ORIENTED_EDGE('',*,*,#2057,.F.);
#1462=ORIENTED_EDGE('',*,*,#1703,.T.);
#1463=ORIENTED_EDGE('',*,*,#2058,.F.);
#1464=ORIENTED_EDGE('',*,*,#1928,.F.);
#1465=ORIENTED_EDGE('',*,*,#2059,.F.);
#1466=ORIENTED_EDGE('',*,*,#1927,.T.);
#1467=ORIENTED_EDGE('',*,*,#2056,.T.);
#1468=ORIENTED_EDGE('',*,*,#1704,.T.);
#1469=ORIENTED_EDGE('',*,*,#2059,.T.);
#1470=ORIENTED_EDGE('',*,*,#1929,.T.);
#1471=ORIENTED_EDGE('',*,*,#2058,.T.);
#1472=ORIENTED_EDGE('',*,*,#1702,.T.);
#1473=ORIENTED_EDGE('',*,*,#2057,.T.);
#1474=ORIENTED_EDGE('',*,*,#1936,.T.);
#1475=ORIENTED_EDGE('',*,*,#1885,.T.);
#1476=ORIENTED_EDGE('',*,*,#1693,.F.);
#1477=ORIENTED_EDGE('',*,*,#2060,.F.);
#1478=ORIENTED_EDGE('',*,*,#1689,.T.);
#1479=ORIENTED_EDGE('',*,*,#1902,.F.);
#1480=ORIENTED_EDGE('',*,*,#1940,.F.);
#1481=ORIENTED_EDGE('',*,*,#2061,.F.);
#1482=ORIENTED_EDGE('',*,*,#1691,.T.);
#1483=ORIENTED_EDGE('',*,*,#2062,.F.);
#1484=ORIENTED_EDGE('',*,*,#1938,.F.);
#1485=ORIENTED_EDGE('',*,*,#2063,.F.);
#1486=ORIENTED_EDGE('',*,*,#1937,.T.);
#1487=ORIENTED_EDGE('',*,*,#2060,.T.);
#1488=ORIENTED_EDGE('',*,*,#1692,.T.);
#1489=ORIENTED_EDGE('',*,*,#2063,.T.);
#1490=ORIENTED_EDGE('',*,*,#1939,.T.);
#1491=ORIENTED_EDGE('',*,*,#2062,.T.);
#1492=ORIENTED_EDGE('',*,*,#1690,.T.);
#1493=ORIENTED_EDGE('',*,*,#2061,.T.);
#1494=ORIENTED_EDGE('',*,*,#1931,.T.);
#1495=ORIENTED_EDGE('',*,*,#1880,.T.);
#1496=ORIENTED_EDGE('',*,*,#1699,.F.);
#1497=ORIENTED_EDGE('',*,*,#2064,.F.);
#1498=ORIENTED_EDGE('',*,*,#1695,.T.);
#1499=ORIENTED_EDGE('',*,*,#1884,.F.);
#1500=ORIENTED_EDGE('',*,*,#1935,.F.);
#1501=ORIENTED_EDGE('',*,*,#2065,.F.);
#1502=ORIENTED_EDGE('',*,*,#1697,.T.);
#1503=ORIENTED_EDGE('',*,*,#2066,.F.);
#1504=ORIENTED_EDGE('',*,*,#1933,.F.);
#1505=ORIENTED_EDGE('',*,*,#2067,.F.);
#1506=ORIENTED_EDGE('',*,*,#1932,.T.);
#1507=ORIENTED_EDGE('',*,*,#2064,.T.);
#1508=ORIENTED_EDGE('',*,*,#1698,.T.);
#1509=ORIENTED_EDGE('',*,*,#2067,.T.);
#1510=ORIENTED_EDGE('',*,*,#1934,.T.);
#1511=ORIENTED_EDGE('',*,*,#2066,.T.);
#1512=ORIENTED_EDGE('',*,*,#1696,.T.);
#1513=ORIENTED_EDGE('',*,*,#2065,.T.);
#1514=ORIENTED_EDGE('',*,*,#1997,.T.);
#1515=ORIENTED_EDGE('',*,*,#1879,.T.);
#1516=ORIENTED_EDGE('',*,*,#1621,.F.);
#1517=ORIENTED_EDGE('',*,*,#2068,.F.);
#1518=ORIENTED_EDGE('',*,*,#1617,.T.);
#1519=ORIENTED_EDGE('',*,*,#1873,.F.);
#1520=ORIENTED_EDGE('',*,*,#2001,.F.);
#1521=ORIENTED_EDGE('',*,*,#2069,.F.);
#1522=ORIENTED_EDGE('',*,*,#1619,.T.);
#1523=ORIENTED_EDGE('',*,*,#2070,.F.);
#1524=ORIENTED_EDGE('',*,*,#1999,.F.);
#1525=ORIENTED_EDGE('',*,*,#2071,.F.);
#1526=ORIENTED_EDGE('',*,*,#1998,.T.);
#1527=ORIENTED_EDGE('',*,*,#2068,.T.);
#1528=ORIENTED_EDGE('',*,*,#1620,.T.);
#1529=ORIENTED_EDGE('',*,*,#2071,.T.);
#1530=ORIENTED_EDGE('',*,*,#2000,.T.);
#1531=ORIENTED_EDGE('',*,*,#2070,.T.);
#1532=ORIENTED_EDGE('',*,*,#1618,.T.);
#1533=ORIENTED_EDGE('',*,*,#2069,.T.);
#1534=ORIENTED_EDGE('',*,*,#1992,.T.);
#1535=ORIENTED_EDGE('',*,*,#1874,.T.);
#1536=ORIENTED_EDGE('',*,*,#1627,.F.);
#1537=ORIENTED_EDGE('',*,*,#2072,.F.);
#1538=ORIENTED_EDGE('',*,*,#1623,.T.);
#1539=ORIENTED_EDGE('',*,*,#1878,.F.);
#1540=ORIENTED_EDGE('',*,*,#1996,.F.);
#1541=ORIENTED_EDGE('',*,*,#2073,.F.);
#1542=ORIENTED_EDGE('',*,*,#1625,.T.);
#1543=ORIENTED_EDGE('',*,*,#2074,.F.);
#1544=ORIENTED_EDGE('',*,*,#1994,.F.);
#1545=ORIENTED_EDGE('',*,*,#2075,.F.);
#1546=ORIENTED_EDGE('',*,*,#1993,.T.);
#1547=ORIENTED_EDGE('',*,*,#2072,.T.);
#1548=ORIENTED_EDGE('',*,*,#1626,.T.);
#1549=ORIENTED_EDGE('',*,*,#2075,.T.);
#1550=ORIENTED_EDGE('',*,*,#1995,.T.);
#1551=ORIENTED_EDGE('',*,*,#2074,.T.);
#1552=ORIENTED_EDGE('',*,*,#1624,.T.);
#1553=ORIENTED_EDGE('',*,*,#2073,.T.);
#1554=ORIENTED_EDGE('',*,*,#2002,.T.);
#1555=ORIENTED_EDGE('',*,*,#1871,.T.);
#1556=ORIENTED_EDGE('',*,*,#1615,.F.);
#1557=ORIENTED_EDGE('',*,*,#2076,.F.);
#1558=ORIENTED_EDGE('',*,*,#1611,.T.);
#1559=ORIENTED_EDGE('',*,*,#1870,.F.);
#1560=ORIENTED_EDGE('',*,*,#2006,.F.);
#1561=ORIENTED_EDGE('',*,*,#2077,.F.);
#1562=ORIENTED_EDGE('',*,*,#1613,.T.);
#1563=ORIENTED_EDGE('',*,*,#2078,.F.);
#1564=ORIENTED_EDGE('',*,*,#2004,.F.);
#1565=ORIENTED_EDGE('',*,*,#2079,.F.);
#1566=ORIENTED_EDGE('',*,*,#2003,.T.);
#1567=ORIENTED_EDGE('',*,*,#2076,.T.);
#1568=ORIENTED_EDGE('',*,*,#1614,.T.);
#1569=ORIENTED_EDGE('',*,*,#2079,.T.);
#1570=ORIENTED_EDGE('',*,*,#2005,.T.);
#1571=ORIENTED_EDGE('',*,*,#2078,.T.);
#1572=ORIENTED_EDGE('',*,*,#1612,.T.);
#1573=ORIENTED_EDGE('',*,*,#2077,.T.);
#1574=ORIENTED_EDGE('',*,*,#2007,.T.);
#1575=ORIENTED_EDGE('',*,*,#1868,.T.);
#1576=ORIENTED_EDGE('',*,*,#1609,.F.);
#1577=ORIENTED_EDGE('',*,*,#2080,.F.);
#1578=ORIENTED_EDGE('',*,*,#1713,.T.);
#1579=ORIENTED_EDGE('',*,*,#1890,.F.);
#1580=ORIENTED_EDGE('',*,*,#1920,.F.);
#1581=ORIENTED_EDGE('',*,*,#2081,.F.);
#1582=ORIENTED_EDGE('',*,*,#1715,.T.);
#1583=ORIENTED_EDGE('',*,*,#2082,.F.);
#1584=ORIENTED_EDGE('',*,*,#2009,.F.);
#1585=ORIENTED_EDGE('',*,*,#2083,.F.);
#1586=ORIENTED_EDGE('',*,*,#2008,.T.);
#1587=ORIENTED_EDGE('',*,*,#2080,.T.);
#1588=ORIENTED_EDGE('',*,*,#1608,.T.);
#1589=ORIENTED_EDGE('',*,*,#2083,.T.);
#1590=ORIENTED_EDGE('',*,*,#1919,.T.);
#1591=ORIENTED_EDGE('',*,*,#2082,.T.);
#1592=ORIENTED_EDGE('',*,*,#1714,.T.);
#1593=ORIENTED_EDGE('',*,*,#2081,.T.);
#1594=EDGE_CURVE('',#2084,#2085,#2411,.T.);
#1595=EDGE_CURVE('',#2086,#2084,#2412,.T.);
#1596=EDGE_CURVE('',#2087,#2086,#2413,.T.);
#1597=EDGE_CURVE('',#2088,#2087,#2414,.T.);
#1598=EDGE_CURVE('',#2089,#2088,#2415,.T.);
#1599=EDGE_CURVE('',#2090,#2089,#2416,.T.);
#1600=EDGE_CURVE('',#2091,#2090,#2417,.T.);
#1601=EDGE_CURVE('',#2092,#2091,#2418,.T.);
#1602=EDGE_CURVE('',#2093,#2092,#2419,.T.);
#1603=EDGE_CURVE('',#2085,#2093,#2420,.T.);
#1604=EDGE_CURVE('',#2094,#2094,#2421,.T.);
#1605=EDGE_CURVE('',#2095,#2095,#2422,.T.);
#1606=EDGE_CURVE('',#2096,#2096,#2423,.T.);
#1607=EDGE_CURVE('',#2097,#2097,#2424,.T.);
#1608=EDGE_CURVE('',#2098,#2099,#2425,.F.);
#1609=EDGE_CURVE('',#2098,#2100,#512,.T.);
#1610=EDGE_CURVE('',#2101,#2100,#2426,.T.);
#1611=EDGE_CURVE('',#2102,#2101,#513,.T.);
#1612=EDGE_CURVE('',#2103,#2102,#2427,.F.);
#1613=EDGE_CURVE('',#2104,#2103,#2428,.T.);
#1614=EDGE_CURVE('',#2105,#2104,#2429,.F.);
#1615=EDGE_CURVE('',#2105,#2106,#514,.T.);
#1616=EDGE_CURVE('',#2107,#2106,#2430,.T.);
#1617=EDGE_CURVE('',#2108,#2107,#515,.T.);
#1618=EDGE_CURVE('',#2109,#2108,#2431,.F.);
#1619=EDGE_CURVE('',#2110,#2109,#2432,.T.);
#1620=EDGE_CURVE('',#2111,#2110,#2433,.F.);
#1621=EDGE_CURVE('',#2111,#2112,#516,.T.);
#1622=EDGE_CURVE('',#2113,#2112,#2434,.T.);
#1623=EDGE_CURVE('',#2114,#2113,#517,.T.);
#1624=EDGE_CURVE('',#2115,#2114,#2435,.F.);
#1625=EDGE_CURVE('',#2116,#2115,#2436,.T.);
#1626=EDGE_CURVE('',#2117,#2116,#2437,.F.);
#1627=EDGE_CURVE('',#2117,#2118,#518,.T.);
#1628=EDGE_CURVE('',#2119,#2118,#2438,.T.);
#1629=EDGE_CURVE('',#2120,#2119,#519,.T.);
#1630=EDGE_CURVE('',#2121,#2120,#2439,.F.);
#1631=EDGE_CURVE('',#2122,#2121,#2440,.T.);
#1632=EDGE_CURVE('',#2123,#2122,#2441,.F.);
#1633=EDGE_CURVE('',#2123,#2124,#520,.T.);
#1634=EDGE_CURVE('',#2125,#2124,#2442,.T.);
#1635=EDGE_CURVE('',#2126,#2125,#521,.T.);
#1636=EDGE_CURVE('',#2127,#2126,#2443,.F.);
#1637=EDGE_CURVE('',#2128,#2127,#2444,.T.);
#1638=EDGE_CURVE('',#2129,#2128,#2445,.F.);
#1639=EDGE_CURVE('',#2129,#2130,#522,.T.);
#1640=EDGE_CURVE('',#2131,#2130,#2446,.T.);
#1641=EDGE_CURVE('',#2132,#2131,#523,.T.);
#1642=EDGE_CURVE('',#2133,#2132,#2447,.F.);
#1643=EDGE_CURVE('',#2134,#2133,#2448,.T.);
#1644=EDGE_CURVE('',#2135,#2134,#2449,.F.);
#1645=EDGE_CURVE('',#2135,#2136,#524,.T.);
#1646=EDGE_CURVE('',#2137,#2136,#2450,.T.);
#1647=EDGE_CURVE('',#2138,#2137,#525,.T.);
#1648=EDGE_CURVE('',#2139,#2138,#2451,.F.);
#1649=EDGE_CURVE('',#2140,#2139,#2452,.T.);
#1650=EDGE_CURVE('',#2141,#2140,#2453,.F.);
#1651=EDGE_CURVE('',#2141,#2142,#526,.T.);
#1652=EDGE_CURVE('',#2143,#2142,#2454,.T.);
#1653=EDGE_CURVE('',#2144,#2143,#527,.T.);
#1654=EDGE_CURVE('',#2145,#2144,#2455,.F.);
#1655=EDGE_CURVE('',#2146,#2145,#2456,.T.);
#1656=EDGE_CURVE('',#2147,#2146,#2457,.F.);
#1657=EDGE_CURVE('',#2147,#2148,#528,.T.);
#1658=EDGE_CURVE('',#2149,#2148,#2458,.T.);
#1659=EDGE_CURVE('',#2150,#2149,#529,.T.);
#1660=EDGE_CURVE('',#2151,#2150,#2459,.F.);
#1661=EDGE_CURVE('',#2152,#2151,#2460,.T.);
#1662=EDGE_CURVE('',#2153,#2152,#2461,.F.);
#1663=EDGE_CURVE('',#2153,#2154,#530,.T.);
#1664=EDGE_CURVE('',#2155,#2154,#2462,.T.);
#1665=EDGE_CURVE('',#2156,#2155,#531,.T.);
#1666=EDGE_CURVE('',#2157,#2156,#2463,.F.);
#1667=EDGE_CURVE('',#2158,#2157,#2464,.T.);
#1668=EDGE_CURVE('',#2159,#2158,#2465,.F.);
#1669=EDGE_CURVE('',#2159,#2160,#532,.T.);
#1670=EDGE_CURVE('',#2161,#2160,#2466,.T.);
#1671=EDGE_CURVE('',#2162,#2161,#533,.T.);
#1672=EDGE_CURVE('',#2163,#2162,#2467,.F.);
#1673=EDGE_CURVE('',#2164,#2163,#2468,.T.);
#1674=EDGE_CURVE('',#2165,#2164,#2469,.F.);
#1675=EDGE_CURVE('',#2165,#2166,#534,.T.);
#1676=EDGE_CURVE('',#2167,#2166,#2470,.T.);
#1677=EDGE_CURVE('',#2168,#2167,#535,.T.);
#1678=EDGE_CURVE('',#2169,#2168,#2471,.F.);
#1679=EDGE_CURVE('',#2170,#2169,#2472,.T.);
#1680=EDGE_CURVE('',#2171,#2170,#2473,.F.);
#1681=EDGE_CURVE('',#2171,#2172,#536,.T.);
#1682=EDGE_CURVE('',#2173,#2172,#2474,.T.);
#1683=EDGE_CURVE('',#2174,#2173,#537,.T.);
#1684=EDGE_CURVE('',#2175,#2174,#2475,.F.);
#1685=EDGE_CURVE('',#2176,#2175,#2476,.T.);
#1686=EDGE_CURVE('',#2177,#2176,#2477,.F.);
#1687=EDGE_CURVE('',#2177,#2178,#538,.T.);
#1688=EDGE_CURVE('',#2179,#2178,#2478,.T.);
#1689=EDGE_CURVE('',#2180,#2179,#539,.T.);
#1690=EDGE_CURVE('',#2181,#2180,#2479,.F.);
#1691=EDGE_CURVE('',#2182,#2181,#2480,.T.);
#1692=EDGE_CURVE('',#2183,#2182,#2481,.F.);
#1693=EDGE_CURVE('',#2183,#2184,#540,.T.);
#1694=EDGE_CURVE('',#2185,#2184,#2482,.T.);
#1695=EDGE_CURVE('',#2186,#2185,#541,.T.);
#1696=EDGE_CURVE('',#2187,#2186,#2483,.F.);
#1697=EDGE_CURVE('',#2188,#2187,#2484,.T.);
#1698=EDGE_CURVE('',#2189,#2188,#2485,.F.);
#1699=EDGE_CURVE('',#2189,#2190,#542,.T.);
#1700=EDGE_CURVE('',#2191,#2190,#2486,.T.);
#1701=EDGE_CURVE('',#2192,#2191,#543,.T.);
#1702=EDGE_CURVE('',#2193,#2192,#2487,.F.);
#1703=EDGE_CURVE('',#2194,#2193,#2488,.T.);
#1704=EDGE_CURVE('',#2195,#2194,#2489,.F.);
#1705=EDGE_CURVE('',#2195,#2196,#544,.T.);
#1706=EDGE_CURVE('',#2197,#2196,#2490,.T.);
#1707=EDGE_CURVE('',#2198,#2197,#545,.T.);
#1708=EDGE_CURVE('',#2199,#2198,#2491,.F.);
#1709=EDGE_CURVE('',#2200,#2199,#2492,.T.);
#1710=EDGE_CURVE('',#2201,#2200,#2493,.F.);
#1711=EDGE_CURVE('',#2201,#2202,#546,.T.);
#1712=EDGE_CURVE('',#2203,#2202,#2494,.T.);
#1713=EDGE_CURVE('',#2204,#2203,#547,.T.);
#1714=EDGE_CURVE('',#2205,#2204,#2495,.F.);
#1715=EDGE_CURVE('',#2099,#2205,#2496,.T.);
#1716=EDGE_CURVE('',#2206,#2206,#2497,.T.);
#1717=EDGE_CURVE('',#2207,#2087,#63,.F.);
#1718=EDGE_CURVE('',#2207,#2208,#2498,.T.);
#1719=EDGE_CURVE('',#2208,#2086,#64,.F.);
#1720=EDGE_CURVE('',#2209,#2084,#65,.F.);
#1721=EDGE_CURVE('',#2209,#2210,#2499,.T.);
#1722=EDGE_CURVE('',#2210,#2085,#66,.F.);
#1723=EDGE_CURVE('',#2211,#2093,#67,.F.);
#1724=EDGE_CURVE('',#2211,#2212,#2500,.T.);
#1725=EDGE_CURVE('',#2212,#2092,#68,.F.);
#1726=EDGE_CURVE('',#2213,#2091,#69,.F.);
#1727=EDGE_CURVE('',#2213,#2214,#2501,.T.);
#1728=EDGE_CURVE('',#2214,#2090,#70,.F.);
#1729=EDGE_CURVE('',#2215,#2089,#71,.F.);
#1730=EDGE_CURVE('',#2215,#2216,#2502,.T.);
#1731=EDGE_CURVE('',#2216,#2088,#72,.F.);
#1732=EDGE_CURVE('',#2217,#2217,#2503,.T.);
#1733=EDGE_CURVE('',#2218,#2218,#2504,.T.);
#1734=EDGE_CURVE('',#2219,#2219,#2505,.T.);
#1735=EDGE_CURVE('',#2220,#2220,#2506,.T.);
#1736=EDGE_CURVE('',#2221,#2221,#2507,.T.);
#1737=EDGE_CURVE('',#2222,#2222,#2508,.T.);
#1738=EDGE_CURVE('',#2223,#2224,#73,.T.);
#1739=EDGE_CURVE('',#2224,#2225,#2509,.F.);
#1740=EDGE_CURVE('',#2226,#2225,#74,.T.);
#1741=EDGE_CURVE('',#2223,#2226,#2510,.T.);
#1742=EDGE_CURVE('',#2085,#2227,#75,.T.);
#1743=EDGE_CURVE('',#2227,#2228,#2511,.F.);
#1744=EDGE_CURVE('',#2084,#2228,#76,.T.);
#1745=EDGE_CURVE('',#2229,#2230,#77,.T.);
#1746=EDGE_CURVE('',#2229,#2231,#2512,.T.);
#1747=EDGE_CURVE('',#2231,#2232,#78,.T.);
#1748=EDGE_CURVE('',#2232,#2230,#2513,.T.);
#1749=EDGE_CURVE('',#2233,#2234,#2514,.T.);
#1750=EDGE_CURVE('',#2230,#2234,#79,.T.);
#1751=EDGE_CURVE('',#2232,#2233,#80,.T.);
#1752=EDGE_CURVE('',#2233,#2235,#81,.T.);
#1753=EDGE_CURVE('',#2235,#2236,#2515,.T.);
#1754=EDGE_CURVE('',#2234,#2236,#82,.T.);
#1755=EDGE_CURVE('',#2237,#2226,#83,.F.);
#1756=EDGE_CURVE('',#2237,#2238,#2516,.F.);
#1757=EDGE_CURVE('',#2238,#2223,#84,.F.);
#1758=EDGE_CURVE('',#2238,#2235,#548,.T.);
#1759=EDGE_CURVE('',#2231,#2227,#549,.T.);
#1760=EDGE_CURVE('',#2210,#2224,#550,.T.);
#1761=EDGE_CURVE('',#2236,#2237,#551,.T.);
#1762=EDGE_CURVE('',#2225,#2209,#552,.T.);
#1763=EDGE_CURVE('',#2228,#2229,#553,.T.);
#1764=EDGE_CURVE('',#2239,#2240,#85,.T.);
#1765=EDGE_CURVE('',#2240,#2241,#2517,.F.);
#1766=EDGE_CURVE('',#2242,#2241,#86,.T.);
#1767=EDGE_CURVE('',#2239,#2242,#2518,.T.);
#1768=EDGE_CURVE('',#2092,#2243,#87,.T.);
#1769=EDGE_CURVE('',#2243,#2244,#2519,.F.);
#1770=EDGE_CURVE('',#2093,#2244,#88,.T.);
#1771=EDGE_CURVE('',#2245,#2246,#89,.T.);
#1772=EDGE_CURVE('',#2245,#2247,#2520,.T.);
#1773=EDGE_CURVE('',#2247,#2248,#90,.T.);
#1774=EDGE_CURVE('',#2248,#2246,#2521,.T.);
#1775=EDGE_CURVE('',#2249,#2250,#2522,.T.);
#1776=EDGE_CURVE('',#2246,#2250,#91,.T.);
#1777=EDGE_CURVE('',#2248,#2249,#92,.T.);
#1778=EDGE_CURVE('',#2249,#2251,#93,.T.);
#1779=EDGE_CURVE('',#2251,#2252,#2523,.T.);
#1780=EDGE_CURVE('',#2250,#2252,#94,.T.);
#1781=EDGE_CURVE('',#2253,#2242,#95,.F.);
#1782=EDGE_CURVE('',#2253,#2254,#2524,.F.);
#1783=EDGE_CURVE('',#2254,#2239,#96,.F.);
#1784=EDGE_CURVE('',#2254,#2251,#554,.T.);
#1785=EDGE_CURVE('',#2247,#2243,#555,.T.);
#1786=EDGE_CURVE('',#2212,#2240,#556,.T.);
#1787=EDGE_CURVE('',#2252,#2253,#557,.T.);
#1788=EDGE_CURVE('',#2241,#2211,#558,.T.);
#1789=EDGE_CURVE('',#2244,#2245,#559,.T.);
#1790=EDGE_CURVE('',#2255,#2256,#97,.T.);
#1791=EDGE_CURVE('',#2256,#2257,#2525,.F.);
#1792=EDGE_CURVE('',#2258,#2257,#98,.T.);
#1793=EDGE_CURVE('',#2255,#2258,#2526,.T.);
#1794=EDGE_CURVE('',#2090,#2259,#99,.T.);
#1795=EDGE_CURVE('',#2259,#2260,#2527,.F.);
#1796=EDGE_CURVE('',#2091,#2260,#100,.T.);
#1797=EDGE_CURVE('',#2261,#2262,#101,.T.);
#1798=EDGE_CURVE('',#2261,#2263,#2528,.T.);
#1799=EDGE_CURVE('',#2263,#2264,#102,.T.);
#1800=EDGE_CURVE('',#2264,#2262,#2529,.T.);
#1801=EDGE_CURVE('',#2265,#2266,#2530,.T.);
#1802=EDGE_CURVE('',#2262,#2266,#103,.T.);
#1803=EDGE_CURVE('',#2264,#2265,#104,.T.);
#1804=EDGE_CURVE('',#2265,#2267,#105,.T.);
#1805=EDGE_CURVE('',#2267,#2268,#2531,.T.);
#1806=EDGE_CURVE('',#2266,#2268,#106,.T.);
#1807=EDGE_CURVE('',#2269,#2258,#107,.F.);
#1808=EDGE_CURVE('',#2269,#2270,#2532,.F.);
#1809=EDGE_CURVE('',#2270,#2255,#108,.F.);
#1810=EDGE_CURVE('',#2270,#2267,#560,.T.);
#1811=EDGE_CURVE('',#2263,#2259,#561,.T.);
#1812=EDGE_CURVE('',#2214,#2256,#562,.T.);
#1813=EDGE_CURVE('',#2268,#2269,#563,.T.);
#1814=EDGE_CURVE('',#2257,#2213,#564,.T.);
#1815=EDGE_CURVE('',#2260,#2261,#565,.T.);
#1816=EDGE_CURVE('',#2271,#2272,#109,.T.);
#1817=EDGE_CURVE('',#2272,#2273,#2533,.F.);
#1818=EDGE_CURVE('',#2274,#2273,#110,.T.);
#1819=EDGE_CURVE('',#2271,#2274,#2534,.T.);
#1820=EDGE_CURVE('',#2088,#2275,#111,.T.);
#1821=EDGE_CURVE('',#2275,#2276,#2535,.F.);
#1822=EDGE_CURVE('',#2089,#2276,#112,.T.);
#1823=EDGE_CURVE('',#2277,#2278,#113,.T.);
#1824=EDGE_CURVE('',#2277,#2279,#2536,.T.);
#1825=EDGE_CURVE('',#2279,#2280,#114,.T.);
#1826=EDGE_CURVE('',#2280,#2278,#2537,.T.);
#1827=EDGE_CURVE('',#2281,#2282,#2538,.T.);
#1828=EDGE_CURVE('',#2278,#2282,#115,.T.);
#1829=EDGE_CURVE('',#2280,#2281,#116,.T.);
#1830=EDGE_CURVE('',#2281,#2283,#117,.T.);
#1831=EDGE_CURVE('',#2283,#2284,#2539,.T.);
#1832=EDGE_CURVE('',#2282,#2284,#118,.T.);
#1833=EDGE_CURVE('',#2285,#2274,#119,.F.);
#1834=EDGE_CURVE('',#2285,#2286,#2540,.F.);
#1835=EDGE_CURVE('',#2286,#2271,#120,.F.);
#1836=EDGE_CURVE('',#2286,#2283,#566,.T.);
#1837=EDGE_CURVE('',#2279,#2275,#567,.T.);
#1838=EDGE_CURVE('',#2216,#2272,#568,.T.);
#1839=EDGE_CURVE('',#2284,#2285,#569,.T.);
#1840=EDGE_CURVE('',#2273,#2215,#570,.T.);
#1841=EDGE_CURVE('',#2276,#2277,#571,.T.);
#1842=EDGE_CURVE('',#2287,#2288,#121,.T.);
#1843=EDGE_CURVE('',#2288,#2289,#2541,.F.);
#1844=EDGE_CURVE('',#2290,#2289,#122,.T.);
#1845=EDGE_CURVE('',#2287,#2290,#2542,.T.);
#1846=EDGE_CURVE('',#2086,#2291,#123,.T.);
#1847=EDGE_CURVE('',#2291,#2292,#2543,.F.);
#1848=EDGE_CURVE('',#2087,#2292,#124,.T.);
#1849=EDGE_CURVE('',#2293,#2294,#125,.T.);
#1850=EDGE_CURVE('',#2293,#2295,#2544,.T.);
#1851=EDGE_CURVE('',#2295,#2296,#126,.T.);
#1852=EDGE_CURVE('',#2296,#2294,#2545,.T.);
#1853=EDGE_CURVE('',#2297,#2298,#2546,.T.);
#1854=EDGE_CURVE('',#2294,#2298,#127,.T.);
#1855=EDGE_CURVE('',#2296,#2297,#128,.T.);
#1856=EDGE_CURVE('',#2297,#2299,#129,.T.);
#1857=EDGE_CURVE('',#2299,#2300,#2547,.T.);
#1858=EDGE_CURVE('',#2298,#2300,#130,.T.);
#1859=EDGE_CURVE('',#2301,#2290,#131,.F.);
#1860=EDGE_CURVE('',#2301,#2302,#2548,.F.);
#1861=EDGE_CURVE('',#2302,#2287,#132,.F.);
#1862=EDGE_CURVE('',#2302,#2299,#572,.T.);
#1863=EDGE_CURVE('',#2295,#2291,#573,.T.);
#1864=EDGE_CURVE('',#2208,#2288,#574,.T.);
#1865=EDGE_CURVE('',#2300,#2301,#575,.T.);
#1866=EDGE_CURVE('',#2289,#2207,#576,.T.);
#1867=EDGE_CURVE('',#2292,#2293,#577,.T.);
#1868=EDGE_CURVE('',#2303,#2100,#133,.T.);
#1869=EDGE_CURVE('',#2304,#2303,#2549,.T.);
#1870=EDGE_CURVE('',#2304,#2101,#134,.T.);
#1871=EDGE_CURVE('',#2305,#2106,#135,.T.);
#1872=EDGE_CURVE('',#2306,#2305,#2550,.T.);
#1873=EDGE_CURVE('',#2306,#2107,#136,.T.);
#1874=EDGE_CURVE('',#2307,#2118,#137,.T.);
#1875=EDGE_CURVE('',#2308,#2307,#2551,.T.);
#1876=EDGE_CURVE('',#2308,#2119,#138,.T.);
#1877=EDGE_CURVE('',#2309,#2310,#2552,.T.);
#1878=EDGE_CURVE('',#2309,#2113,#139,.T.);
#1879=EDGE_CURVE('',#2310,#2112,#140,.T.);
#1880=EDGE_CURVE('',#2311,#2190,#141,.T.);
#1881=EDGE_CURVE('',#2312,#2311,#2553,.T.);
#1882=EDGE_CURVE('',#2312,#2191,#142,.T.);
#1883=EDGE_CURVE('',#2313,#2314,#2554,.T.);
#1884=EDGE_CURVE('',#2313,#2185,#143,.T.);
#1885=EDGE_CURVE('',#2314,#2184,#144,.T.);
#1886=EDGE_CURVE('',#2315,#2196,#145,.T.);
#1887=EDGE_CURVE('',#2316,#2315,#2555,.T.);
#1888=EDGE_CURVE('',#2316,#2197,#146,.T.);
#1889=EDGE_CURVE('',#2317,#2318,#2556,.T.);
#1890=EDGE_CURVE('',#2317,#2203,#147,.T.);
#1891=EDGE_CURVE('',#2318,#2202,#148,.T.);
#1892=EDGE_CURVE('',#2319,#2166,#149,.T.);
#1893=EDGE_CURVE('',#2320,#2319,#2557,.T.);
#1894=EDGE_CURVE('',#2320,#2167,#150,.T.);
#1895=EDGE_CURVE('',#2321,#2322,#2558,.T.);
#1896=EDGE_CURVE('',#2321,#2161,#151,.T.);
#1897=EDGE_CURVE('',#2322,#2160,#152,.T.);
#1898=EDGE_CURVE('',#2323,#2172,#153,.T.);
#1899=EDGE_CURVE('',#2324,#2323,#2559,.T.);
#1900=EDGE_CURVE('',#2324,#2173,#154,.T.);
#1901=EDGE_CURVE('',#2325,#2326,#2560,.T.);
#1902=EDGE_CURVE('',#2325,#2179,#155,.T.);
#1903=EDGE_CURVE('',#2326,#2178,#156,.T.);
#1904=EDGE_CURVE('',#2327,#2328,#2561,.T.);
#1905=EDGE_CURVE('',#2327,#2155,#157,.T.);
#1906=EDGE_CURVE('',#2328,#2154,#158,.T.);
#1907=EDGE_CURVE('',#2329,#2330,#2562,.T.);
#1908=EDGE_CURVE('',#2329,#2149,#159,.T.);
#1909=EDGE_CURVE('',#2330,#2148,#160,.T.);
#1910=EDGE_CURVE('',#2331,#2136,#161,.T.);
#1911=EDGE_CURVE('',#2332,#2331,#2563,.T.);
#1912=EDGE_CURVE('',#2332,#2137,#162,.T.);
#1913=EDGE_CURVE('',#2333,#2334,#2564,.T.);
#1914=EDGE_CURVE('',#2333,#2143,#163,.T.);
#1915=EDGE_CURVE('',#2334,#2142,#164,.T.);
#1916=EDGE_CURVE('',#2335,#2336,#2565,.T.);
#1917=EDGE_CURVE('',#2335,#2131,#165,.T.);
#1918=EDGE_CURVE('',#2336,#2130,#166,.T.);
#1919=EDGE_CURVE('',#2337,#2338,#2566,.T.);
#1920=EDGE_CURVE('',#2337,#2317,#578,.T.);
#1921=EDGE_CURVE('',#2339,#2318,#579,.T.);
#1922=EDGE_CURVE('',#2340,#2339,#2567,.T.);
#1923=EDGE_CURVE('',#2340,#2341,#2568,.T.);
#1924=EDGE_CURVE('',#2342,#2341,#2569,.T.);
#1925=EDGE_CURVE('',#2342,#2316,#580,.T.);
#1926=EDGE_CURVE('',#2343,#2315,#581,.T.);
#1927=EDGE_CURVE('',#2344,#2343,#2570,.T.);
#1928=EDGE_CURVE('',#2344,#2345,#2571,.T.);
#1929=EDGE_CURVE('',#2346,#2345,#2572,.T.);
#1930=EDGE_CURVE('',#2346,#2312,#582,.T.);
#1931=EDGE_CURVE('',#2347,#2311,#583,.T.);
#1932=EDGE_CURVE('',#2348,#2347,#2573,.T.);
#1933=EDGE_CURVE('',#2348,#2349,#2574,.T.);
#1934=EDGE_CURVE('',#2350,#2349,#2575,.T.);
#1935=EDGE_CURVE('',#2350,#2313,#584,.T.);
#1936=EDGE_CURVE('',#2351,#2314,#585,.T.);
#1937=EDGE_CURVE('',#2352,#2351,#2576,.T.);
#1938=EDGE_CURVE('',#2352,#2353,#2577,.T.);
#1939=EDGE_CURVE('',#2354,#2353,#2578,.T.);
#1940=EDGE_CURVE('',#2354,#2325,#586,.T.);
#1941=EDGE_CURVE('',#2355,#2326,#587,.T.);
#1942=EDGE_CURVE('',#2356,#2355,#2579,.T.);
#1943=EDGE_CURVE('',#2356,#2357,#2580,.T.);
#1944=EDGE_CURVE('',#2358,#2357,#2581,.T.);
#1945=EDGE_CURVE('',#2358,#2324,#588,.T.);
#1946=EDGE_CURVE('',#2359,#2323,#589,.T.);
#1947=EDGE_CURVE('',#2360,#2359,#2582,.T.);
#1948=EDGE_CURVE('',#2360,#2361,#2583,.T.);
#1949=EDGE_CURVE('',#2362,#2361,#2584,.T.);
#1950=EDGE_CURVE('',#2362,#2320,#590,.T.);
#1951=EDGE_CURVE('',#2363,#2319,#591,.T.);
#1952=EDGE_CURVE('',#2364,#2363,#2585,.T.);
#1953=EDGE_CURVE('',#2364,#2365,#2586,.T.);
#1954=EDGE_CURVE('',#2366,#2365,#2587,.T.);
#1955=EDGE_CURVE('',#2366,#2321,#592,.T.);
#1956=EDGE_CURVE('',#2367,#2322,#593,.T.);
#1957=EDGE_CURVE('',#2368,#2367,#2588,.T.);
#1958=EDGE_CURVE('',#2368,#2369,#2589,.T.);
#1959=EDGE_CURVE('',#2370,#2369,#2590,.T.);
#1960=EDGE_CURVE('',#2370,#2327,#594,.T.);
#1961=EDGE_CURVE('',#2371,#2328,#595,.T.);
#1962=EDGE_CURVE('',#2372,#2371,#2591,.T.);
#1963=EDGE_CURVE('',#2372,#2373,#2592,.T.);
#1964=EDGE_CURVE('',#2374,#2373,#2593,.T.);
#1965=EDGE_CURVE('',#2374,#2329,#596,.T.);
#1966=EDGE_CURVE('',#2375,#2330,#597,.T.);
#1967=EDGE_CURVE('',#2376,#2375,#2594,.T.);
#1968=EDGE_CURVE('',#2376,#2377,#2595,.T.);
#1969=EDGE_CURVE('',#2378,#2377,#2596,.T.);
#1970=EDGE_CURVE('',#2378,#2333,#598,.T.);
#1971=EDGE_CURVE('',#2379,#2334,#599,.T.);
#1972=EDGE_CURVE('',#2380,#2379,#2597,.T.);
#1973=EDGE_CURVE('',#2380,#2381,#2598,.T.);
#1974=EDGE_CURVE('',#2382,#2381,#2599,.T.);
#1975=EDGE_CURVE('',#2382,#2332,#600,.T.);
#1976=EDGE_CURVE('',#2383,#2331,#601,.T.);
#1977=EDGE_CURVE('',#2384,#2383,#2600,.T.);
#1978=EDGE_CURVE('',#2384,#2385,#2601,.T.);
#1979=EDGE_CURVE('',#2386,#2385,#2602,.T.);
#1980=EDGE_CURVE('',#2386,#2335,#602,.T.);
#1981=EDGE_CURVE('',#2387,#2336,#603,.T.);
#1982=EDGE_CURVE('',#2388,#2387,#2603,.T.);
#1983=EDGE_CURVE('',#2388,#2389,#2604,.T.);
#1984=EDGE_CURVE('',#2390,#2389,#2605,.T.);
#1985=EDGE_CURVE('',#2390,#2391,#604,.T.);
#1986=EDGE_CURVE('',#2391,#2392,#2606,.T.);
#1987=EDGE_CURVE('',#2393,#2392,#605,.T.);
#1988=EDGE_CURVE('',#2394,#2393,#2607,.T.);
#1989=EDGE_CURVE('',#2394,#2395,#2608,.T.);
#1990=EDGE_CURVE('',#2396,#2395,#2609,.T.);
#1991=EDGE_CURVE('',#2396,#2308,#606,.T.);
#1992=EDGE_CURVE('',#2397,#2307,#607,.T.);
#1993=EDGE_CURVE('',#2398,#2397,#2610,.T.);
#1994=EDGE_CURVE('',#2398,#2399,#2611,.T.);
#1995=EDGE_CURVE('',#2400,#2399,#2612,.T.);
#1996=EDGE_CURVE('',#2400,#2309,#608,.T.);
#1997=EDGE_CURVE('',#2401,#2310,#609,.T.);
#1998=EDGE_CURVE('',#2402,#2401,#2613,.T.);
#1999=EDGE_CURVE('',#2402,#2403,#2614,.T.);
#2000=EDGE_CURVE('',#2404,#2403,#2615,.T.);
#2001=EDGE_CURVE('',#2404,#2306,#610,.T.);
#2002=EDGE_CURVE('',#2405,#2305,#611,.T.);
#2003=EDGE_CURVE('',#2406,#2405,#2616,.T.);
#2004=EDGE_CURVE('',#2406,#2407,#2617,.T.);
#2005=EDGE_CURVE('',#2408,#2407,#2618,.T.);
#2006=EDGE_CURVE('',#2408,#2304,#612,.T.);
#2007=EDGE_CURVE('',#2409,#2303,#613,.T.);
#2008=EDGE_CURVE('',#2410,#2409,#2619,.T.);
#2009=EDGE_CURVE('',#2410,#2338,#2620,.T.);
#2010=EDGE_CURVE('',#2391,#2125,#167,.T.);
#2011=EDGE_CURVE('',#2392,#2124,#168,.T.);
#2012=EDGE_CURVE('',#2393,#2123,#169,.T.);
#2013=EDGE_CURVE('',#2120,#2396,#170,.F.);
#2014=EDGE_CURVE('',#2395,#2121,#171,.T.);
#2015=EDGE_CURVE('',#2122,#2394,#172,.F.);
#2016=EDGE_CURVE('',#2387,#2129,#173,.T.);
#2017=EDGE_CURVE('',#2126,#2390,#174,.F.);
#2018=EDGE_CURVE('',#2389,#2127,#175,.T.);
#2019=EDGE_CURVE('',#2128,#2388,#176,.F.);
#2020=EDGE_CURVE('',#2379,#2141,#177,.T.);
#2021=EDGE_CURVE('',#2138,#2382,#178,.F.);
#2022=EDGE_CURVE('',#2381,#2139,#179,.T.);
#2023=EDGE_CURVE('',#2140,#2380,#180,.F.);
#2024=EDGE_CURVE('',#2383,#2135,#181,.T.);
#2025=EDGE_CURVE('',#2132,#2386,#182,.F.);
#2026=EDGE_CURVE('',#2385,#2133,#183,.T.);
#2027=EDGE_CURVE('',#2134,#2384,#184,.F.);
#2028=EDGE_CURVE('',#2375,#2147,#185,.T.);
#2029=EDGE_CURVE('',#2144,#2378,#186,.F.);
#2030=EDGE_CURVE('',#2377,#2145,#187,.T.);
#2031=EDGE_CURVE('',#2146,#2376,#188,.F.);
#2032=EDGE_CURVE('',#2371,#2153,#189,.T.);
#2033=EDGE_CURVE('',#2150,#2374,#190,.F.);
#2034=EDGE_CURVE('',#2373,#2151,#191,.T.);
#2035=EDGE_CURVE('',#2152,#2372,#192,.F.);
#2036=EDGE_CURVE('',#2355,#2177,#193,.T.);
#2037=EDGE_CURVE('',#2174,#2358,#194,.F.);
#2038=EDGE_CURVE('',#2357,#2175,#195,.T.);
#2039=EDGE_CURVE('',#2176,#2356,#196,.F.);
#2040=EDGE_CURVE('',#2359,#2171,#197,.T.);
#2041=EDGE_CURVE('',#2168,#2362,#198,.F.);
#2042=EDGE_CURVE('',#2361,#2169,#199,.T.);
#2043=EDGE_CURVE('',#2170,#2360,#200,.F.);
#2044=EDGE_CURVE('',#2367,#2159,#201,.T.);
#2045=EDGE_CURVE('',#2156,#2370,#202,.F.);
#2046=EDGE_CURVE('',#2369,#2157,#203,.T.);
#2047=EDGE_CURVE('',#2158,#2368,#204,.F.);
#2048=EDGE_CURVE('',#2363,#2165,#205,.T.);
#2049=EDGE_CURVE('',#2162,#2366,#206,.F.);
#2050=EDGE_CURVE('',#2365,#2163,#207,.T.);
#2051=EDGE_CURVE('',#2164,#2364,#208,.F.);
#2052=EDGE_CURVE('',#2339,#2201,#209,.T.);
#2053=EDGE_CURVE('',#2198,#2342,#210,.F.);
#2054=EDGE_CURVE('',#2341,#2199,#211,.T.);
#2055=EDGE_CURVE('',#2200,#2340,#212,.F.);
#2056=EDGE_CURVE('',#2343,#2195,#213,.T.);
#2057=EDGE_CURVE('',#2192,#2346,#214,.F.);
#2058=EDGE_CURVE('',#2345,#2193,#215,.T.);
#2059=EDGE_CURVE('',#2194,#2344,#216,.F.);
#2060=EDGE_CURVE('',#2351,#2183,#217,.T.);
#2061=EDGE_CURVE('',#2180,#2354,#218,.F.);
#2062=EDGE_CURVE('',#2353,#2181,#219,.T.);
#2063=EDGE_CURVE('',#2182,#2352,#220,.F.);
#2064=EDGE_CURVE('',#2347,#2189,#221,.T.);
#2065=EDGE_CURVE('',#2186,#2350,#222,.F.);
#2066=EDGE_CURVE('',#2349,#2187,#223,.T.);
#2067=EDGE_CURVE('',#2188,#2348,#224,.F.);
#2068=EDGE_CURVE('',#2401,#2111,#225,.T.);
#2069=EDGE_CURVE('',#2108,#2404,#226,.F.);
#2070=EDGE_CURVE('',#2403,#2109,#227,.T.);
#2071=EDGE_CURVE('',#2110,#2402,#228,.F.);
#2072=EDGE_CURVE('',#2397,#2117,#229,.T.);
#2073=EDGE_CURVE('',#2114,#2400,#230,.F.);
#2074=EDGE_CURVE('',#2399,#2115,#231,.T.);
#2075=EDGE_CURVE('',#2116,#2398,#232,.F.);
#2076=EDGE_CURVE('',#2405,#2105,#233,.T.);
#2077=EDGE_CURVE('',#2102,#2408,#234,.F.);
#2078=EDGE_CURVE('',#2407,#2103,#235,.T.);
#2079=EDGE_CURVE('',#2104,#2406,#236,.F.);
#2080=EDGE_CURVE('',#2409,#2098,#237,.T.);
#2081=EDGE_CURVE('',#2204,#2337,#238,.F.);
#2082=EDGE_CURVE('',#2338,#2205,#239,.T.);
#2083=EDGE_CURVE('',#2099,#2410,#240,.F.);
#2084=VERTEX_POINT('',#4433);
#2085=VERTEX_POINT('',#4434);
#2086=VERTEX_POINT('',#4436);
#2087=VERTEX_POINT('',#4438);
#2088=VERTEX_POINT('',#4440);
#2089=VERTEX_POINT('',#4442);
#2090=VERTEX_POINT('',#4444);
#2091=VERTEX_POINT('',#4446);
#2092=VERTEX_POINT('',#4448);
#2093=VERTEX_POINT('',#4450);
#2094=VERTEX_POINT('',#4453);
#2095=VERTEX_POINT('',#4455);
#2096=VERTEX_POINT('',#4457);
#2097=VERTEX_POINT('',#4459);
#2098=VERTEX_POINT('',#4461);
#2099=VERTEX_POINT('',#4462);
#2100=VERTEX_POINT('',#4498);
#2101=VERTEX_POINT('',#4500);
#2102=VERTEX_POINT('',#4536);
#2103=VERTEX_POINT('',#4538);
#2104=VERTEX_POINT('',#4540);
#2105=VERTEX_POINT('',#4542);
#2106=VERTEX_POINT('',#4578);
#2107=VERTEX_POINT('',#4580);
#2108=VERTEX_POINT('',#4616);
#2109=VERTEX_POINT('',#4618);
#2110=VERTEX_POINT('',#4620);
#2111=VERTEX_POINT('',#4622);
#2112=VERTEX_POINT('',#4658);
#2113=VERTEX_POINT('',#4660);
#2114=VERTEX_POINT('',#4696);
#2115=VERTEX_POINT('',#4698);
#2116=VERTEX_POINT('',#4700);
#2117=VERTEX_POINT('',#4702);
#2118=VERTEX_POINT('',#4738);
#2119=VERTEX_POINT('',#4740);
#2120=VERTEX_POINT('',#4776);
#2121=VERTEX_POINT('',#4778);
#2122=VERTEX_POINT('',#4780);
#2123=VERTEX_POINT('',#4782);
#2124=VERTEX_POINT('',#4818);
#2125=VERTEX_POINT('',#4820);
#2126=VERTEX_POINT('',#4856);
#2127=VERTEX_POINT('',#4858);
#2128=VERTEX_POINT('',#4860);
#2129=VERTEX_POINT('',#4862);
#2130=VERTEX_POINT('',#4898);
#2131=VERTEX_POINT('',#4900);
#2132=VERTEX_POINT('',#4936);
#2133=VERTEX_POINT('',#4938);
#2134=VERTEX_POINT('',#4940);
#2135=VERTEX_POINT('',#4942);
#2136=VERTEX_POINT('',#4978);
#2137=VERTEX_POINT('',#4980);
#2138=VERTEX_POINT('',#5016);
#2139=VERTEX_POINT('',#5018);
#2140=VERTEX_POINT('',#5020);
#2141=VERTEX_POINT('',#5022);
#2142=VERTEX_POINT('',#5058);
#2143=VERTEX_POINT('',#5060);
#2144=VERTEX_POINT('',#5096);
#2145=VERTEX_POINT('',#5098);
#2146=VERTEX_POINT('',#5100);
#2147=VERTEX_POINT('',#5102);
#2148=VERTEX_POINT('',#5138);
#2149=VERTEX_POINT('',#5140);
#2150=VERTEX_POINT('',#5176);
#2151=VERTEX_POINT('',#5178);
#2152=VERTEX_POINT('',#5180);
#2153=VERTEX_POINT('',#5182);
#2154=VERTEX_POINT('',#5218);
#2155=VERTEX_POINT('',#5220);
#2156=VERTEX_POINT('',#5256);
#2157=VERTEX_POINT('',#5258);
#2158=VERTEX_POINT('',#5260);
#2159=VERTEX_POINT('',#5262);
#2160=VERTEX_POINT('',#5298);
#2161=VERTEX_POINT('',#5300);
#2162=VERTEX_POINT('',#5336);
#2163=VERTEX_POINT('',#5338);
#2164=VERTEX_POINT('',#5340);
#2165=VERTEX_POINT('',#5342);
#2166=VERTEX_POINT('',#5378);
#2167=VERTEX_POINT('',#5380);
#2168=VERTEX_POINT('',#5416);
#2169=VERTEX_POINT('',#5418);
#2170=VERTEX_POINT('',#5420);
#2171=VERTEX_POINT('',#5422);
#2172=VERTEX_POINT('',#5458);
#2173=VERTEX_POINT('',#5460);
#2174=VERTEX_POINT('',#5496);
#2175=VERTEX_POINT('',#5498);
#2176=VERTEX_POINT('',#5500);
#2177=VERTEX_POINT('',#5502);
#2178=VERTEX_POINT('',#5538);
#2179=VERTEX_POINT('',#5540);
#2180=VERTEX_POINT('',#5576);
#2181=VERTEX_POINT('',#5578);
#2182=VERTEX_POINT('',#5580);
#2183=VERTEX_POINT('',#5582);
#2184=VERTEX_POINT('',#5618);
#2185=VERTEX_POINT('',#5620);
#2186=VERTEX_POINT('',#5656);
#2187=VERTEX_POINT('',#5658);
#2188=VERTEX_POINT('',#5660);
#2189=VERTEX_POINT('',#5662);
#2190=VERTEX_POINT('',#5698);
#2191=VERTEX_POINT('',#5700);
#2192=VERTEX_POINT('',#5736);
#2193=VERTEX_POINT('',#5738);
#2194=VERTEX_POINT('',#5740);
#2195=VERTEX_POINT('',#5742);
#2196=VERTEX_POINT('',#5778);
#2197=VERTEX_POINT('',#5780);
#2198=VERTEX_POINT('',#5816);
#2199=VERTEX_POINT('',#5818);
#2200=VERTEX_POINT('',#5820);
#2201=VERTEX_POINT('',#5822);
#2202=VERTEX_POINT('',#5858);
#2203=VERTEX_POINT('',#5860);
#2204=VERTEX_POINT('',#5896);
#2205=VERTEX_POINT('',#5898);
#2206=VERTEX_POINT('',#5902);
#2207=VERTEX_POINT('',#5904);
#2208=VERTEX_POINT('',#5906);
#2209=VERTEX_POINT('',#5909);
#2210=VERTEX_POINT('',#5911);
#2211=VERTEX_POINT('',#5914);
#2212=VERTEX_POINT('',#5916);
#2213=VERTEX_POINT('',#5919);
#2214=VERTEX_POINT('',#5921);
#2215=VERTEX_POINT('',#5924);
#2216=VERTEX_POINT('',#5926);
#2217=VERTEX_POINT('',#5930);
#2218=VERTEX_POINT('',#5932);
#2219=VERTEX_POINT('',#5935);
#2220=VERTEX_POINT('',#5938);
#2221=VERTEX_POINT('',#5941);
#2222=VERTEX_POINT('',#5944);
#2223=VERTEX_POINT('',#5948);
#2224=VERTEX_POINT('',#5949);
#2225=VERTEX_POINT('',#5951);
#2226=VERTEX_POINT('',#5953);
#2227=VERTEX_POINT('',#5957);
#2228=VERTEX_POINT('',#5959);
#2229=VERTEX_POINT('',#5963);
#2230=VERTEX_POINT('',#5964);
#2231=VERTEX_POINT('',#5966);
#2232=VERTEX_POINT('',#5968);
#2233=VERTEX_POINT('',#5972);
#2234=VERTEX_POINT('',#5973);
#2235=VERTEX_POINT('',#5978);
#2236=VERTEX_POINT('',#5980);
#2237=VERTEX_POINT('',#5984);
#2238=VERTEX_POINT('',#5986);
#2239=VERTEX_POINT('',#6025);
#2240=VERTEX_POINT('',#6026);
#2241=VERTEX_POINT('',#6028);
#2242=VERTEX_POINT('',#6030);
#2243=VERTEX_POINT('',#6034);
#2244=VERTEX_POINT('',#6036);
#2245=VERTEX_POINT('',#6040);
#2246=VERTEX_POINT('',#6041);
#2247=VERTEX_POINT('',#6043);
#2248=VERTEX_POINT('',#6045);
#2249=VERTEX_POINT('',#6049);
#2250=VERTEX_POINT('',#6050);
#2251=VERTEX_POINT('',#6055);
#2252=VERTEX_POINT('',#6057);
#2253=VERTEX_POINT('',#6061);
#2254=VERTEX_POINT('',#6063);
#2255=VERTEX_POINT('',#6102);
#2256=VERTEX_POINT('',#6103);
#2257=VERTEX_POINT('',#6105);
#2258=VERTEX_POINT('',#6107);
#2259=VERTEX_POINT('',#6111);
#2260=VERTEX_POINT('',#6113);
#2261=VERTEX_POINT('',#6117);
#2262=VERTEX_POINT('',#6118);
#2263=VERTEX_POINT('',#6120);
#2264=VERTEX_POINT('',#6122);
#2265=VERTEX_POINT('',#6126);
#2266=VERTEX_POINT('',#6127);
#2267=VERTEX_POINT('',#6132);
#2268=VERTEX_POINT('',#6134);
#2269=VERTEX_POINT('',#6138);
#2270=VERTEX_POINT('',#6140);
#2271=VERTEX_POINT('',#6179);
#2272=VERTEX_POINT('',#6180);
#2273=VERTEX_POINT('',#6182);
#2274=VERTEX_POINT('',#6184);
#2275=VERTEX_POINT('',#6188);
#2276=VERTEX_POINT('',#6190);
#2277=VERTEX_POINT('',#6194);
#2278=VERTEX_POINT('',#6195);
#2279=VERTEX_POINT('',#6197);
#2280=VERTEX_POINT('',#6199);
#2281=VERTEX_POINT('',#6203);
#2282=VERTEX_POINT('',#6204);
#2283=VERTEX_POINT('',#6209);
#2284=VERTEX_POINT('',#6211);
#2285=VERTEX_POINT('',#6215);
#2286=VERTEX_POINT('',#6217);
#2287=VERTEX_POINT('',#6256);
#2288=VERTEX_POINT('',#6257);
#2289=VERTEX_POINT('',#6259);
#2290=VERTEX_POINT('',#6261);
#2291=VERTEX_POINT('',#6265);
#2292=VERTEX_POINT('',#6267);
#2293=VERTEX_POINT('',#6271);
#2294=VERTEX_POINT('',#6272);
#2295=VERTEX_POINT('',#6274);
#2296=VERTEX_POINT('',#6276);
#2297=VERTEX_POINT('',#6280);
#2298=VERTEX_POINT('',#6281);
#2299=VERTEX_POINT('',#6286);
#2300=VERTEX_POINT('',#6288);
#2301=VERTEX_POINT('',#6292);
#2302=VERTEX_POINT('',#6294);
#2303=VERTEX_POINT('',#6333);
#2304=VERTEX_POINT('',#6335);
#2305=VERTEX_POINT('',#6339);
#2306=VERTEX_POINT('',#6341);
#2307=VERTEX_POINT('',#6345);
#2308=VERTEX_POINT('',#6347);
#2309=VERTEX_POINT('',#6351);
#2310=VERTEX_POINT('',#6352);
#2311=VERTEX_POINT('',#6357);
#2312=VERTEX_POINT('',#6359);
#2313=VERTEX_POINT('',#6363);
#2314=VERTEX_POINT('',#6364);
#2315=VERTEX_POINT('',#6369);
#2316=VERTEX_POINT('',#6371);
#2317=VERTEX_POINT('',#6375);
#2318=VERTEX_POINT('',#6376);
#2319=VERTEX_POINT('',#6381);
#2320=VERTEX_POINT('',#6383);
#2321=VERTEX_POINT('',#6387);
#2322=VERTEX_POINT('',#6388);
#2323=VERTEX_POINT('',#6393);
#2324=VERTEX_POINT('',#6395);
#2325=VERTEX_POINT('',#6399);
#2326=VERTEX_POINT('',#6400);
#2327=VERTEX_POINT('',#6405);
#2328=VERTEX_POINT('',#6406);
#2329=VERTEX_POINT('',#6411);
#2330=VERTEX_POINT('',#6412);
#2331=VERTEX_POINT('',#6417);
#2332=VERTEX_POINT('',#6419);
#2333=VERTEX_POINT('',#6423);
#2334=VERTEX_POINT('',#6424);
#2335=VERTEX_POINT('',#6429);
#2336=VERTEX_POINT('',#6430);
#2337=VERTEX_POINT('',#6435);
#2338=VERTEX_POINT('',#6436);
#2339=VERTEX_POINT('',#6507);
#2340=VERTEX_POINT('',#6509);
#2341=VERTEX_POINT('',#6511);
#2342=VERTEX_POINT('',#6513);
#2343=VERTEX_POINT('',#6584);
#2344=VERTEX_POINT('',#6586);
#2345=VERTEX_POINT('',#6588);
#2346=VERTEX_POINT('',#6590);
#2347=VERTEX_POINT('',#6661);
#2348=VERTEX_POINT('',#6663);
#2349=VERTEX_POINT('',#6665);
#2350=VERTEX_POINT('',#6667);
#2351=VERTEX_POINT('',#6738);
#2352=VERTEX_POINT('',#6740);
#2353=VERTEX_POINT('',#6742);
#2354=VERTEX_POINT('',#6744);
#2355=VERTEX_POINT('',#6815);
#2356=VERTEX_POINT('',#6817);
#2357=VERTEX_POINT('',#6819);
#2358=VERTEX_POINT('',#6821);
#2359=VERTEX_POINT('',#6892);
#2360=VERTEX_POINT('',#6894);
#2361=VERTEX_POINT('',#6896);
#2362=VERTEX_POINT('',#6898);
#2363=VERTEX_POINT('',#6969);
#2364=VERTEX_POINT('',#6971);
#2365=VERTEX_POINT('',#6973);
#2366=VERTEX_POINT('',#6975);
#2367=VERTEX_POINT('',#7046);
#2368=VERTEX_POINT('',#7048);
#2369=VERTEX_POINT('',#7050);
#2370=VERTEX_POINT('',#7052);
#2371=VERTEX_POINT('',#7123);
#2372=VERTEX_POINT('',#7125);
#2373=VERTEX_POINT('',#7127);
#2374=VERTEX_POINT('',#7129);
#2375=VERTEX_POINT('',#7200);
#2376=VERTEX_POINT('',#7202);
#2377=VERTEX_POINT('',#7204);
#2378=VERTEX_POINT('',#7206);
#2379=VERTEX_POINT('',#7277);
#2380=VERTEX_POINT('',#7279);
#2381=VERTEX_POINT('',#7281);
#2382=VERTEX_POINT('',#7283);
#2383=VERTEX_POINT('',#7354);
#2384=VERTEX_POINT('',#7356);
#2385=VERTEX_POINT('',#7358);
#2386=VERTEX_POINT('',#7360);
#2387=VERTEX_POINT('',#7431);
#2388=VERTEX_POINT('',#7433);
#2389=VERTEX_POINT('',#7435);
#2390=VERTEX_POINT('',#7437);
#2391=VERTEX_POINT('',#7473);
#2392=VERTEX_POINT('',#7475);
#2393=VERTEX_POINT('',#7511);
#2394=VERTEX_POINT('',#7513);
#2395=VERTEX_POINT('',#7515);
#2396=VERTEX_POINT('',#7517);
#2397=VERTEX_POINT('',#7588);
#2398=VERTEX_POINT('',#7590);
#2399=VERTEX_POINT('',#7592);
#2400=VERTEX_POINT('',#7594);
#2401=VERTEX_POINT('',#7665);
#2402=VERTEX_POINT('',#7667);
#2403=VERTEX_POINT('',#7669);
#2404=VERTEX_POINT('',#7671);
#2405=VERTEX_POINT('',#7742);
#2406=VERTEX_POINT('',#7744);
#2407=VERTEX_POINT('',#7746);
#2408=VERTEX_POINT('',#7748);
#2409=VERTEX_POINT('',#7819);
#2410=VERTEX_POINT('',#7821);
#2411=CIRCLE('',#3213,0.043);
#2412=CIRCLE('',#3214,0.043);
#2413=CIRCLE('',#3215,0.043);
#2414=CIRCLE('',#3216,0.043);
#2415=CIRCLE('',#3217,0.043);
#2416=CIRCLE('',#3218,0.043);
#2417=CIRCLE('',#3219,0.043);
#2418=CIRCLE('',#3220,0.043);
#2419=CIRCLE('',#3221,0.043);
#2420=CIRCLE('',#3222,0.043);
#2421=CIRCLE('',#3223,0.0016);
#2422=CIRCLE('',#3224,0.0016);
#2423=CIRCLE('',#3225,0.0016);
#2424=CIRCLE('',#3226,0.0016);
#2425=CIRCLE('',#3227,0.000670805845241424);
#2426=CIRCLE('',#3228,0.0166666666666666);
#2427=CIRCLE('',#3229,0.000670805845241424);
#2428=CIRCLE('',#3230,0.0129166666666608);
#2429=CIRCLE('',#3231,0.000670805845241424);
#2430=CIRCLE('',#3232,0.0166666666666666);
#2431=CIRCLE('',#3233,0.000670805845241424);
#2432=CIRCLE('',#3234,0.0129166666666608);
#2433=CIRCLE('',#3235,0.000670805845241424);
#2434=CIRCLE('',#3236,0.0166666666666666);
#2435=CIRCLE('',#3237,0.000670805845241424);
#2436=CIRCLE('',#3238,0.0129166666666608);
#2437=CIRCLE('',#3239,0.000670805845241424);
#2438=CIRCLE('',#3240,0.0166666666666666);
#2439=CIRCLE('',#3241,0.000670805845241424);
#2440=CIRCLE('',#3242,0.0129166666666608);
#2441=CIRCLE('',#3243,0.000670805845241424);
#2442=CIRCLE('',#3244,0.0166666666666666);
#2443=CIRCLE('',#3245,0.000670805845241424);
#2444=CIRCLE('',#3246,0.0129166666666608);
#2445=CIRCLE('',#3247,0.000670805845241424);
#2446=CIRCLE('',#3248,0.0166666666666666);
#2447=CIRCLE('',#3249,0.000670805845241424);
#2448=CIRCLE('',#3250,0.0129166666666608);
#2449=CIRCLE('',#3251,0.000670805845241424);
#2450=CIRCLE('',#3252,0.0166666666666666);
#2451=CIRCLE('',#3253,0.000670805845241424);
#2452=CIRCLE('',#3254,0.0129166666666608);
#2453=CIRCLE('',#3255,0.000670805845241424);
#2454=CIRCLE('',#3256,0.0166666666666666);
#2455=CIRCLE('',#3257,0.000670805845241424);
#2456=CIRCLE('',#3258,0.0129166666666608);
#2457=CIRCLE('',#3259,0.000670805845241424);
#2458=CIRCLE('',#3260,0.0166666666666666);
#2459=CIRCLE('',#3261,0.000670805845241424);
#2460=CIRCLE('',#3262,0.0129166666666608);
#2461=CIRCLE('',#3263,0.000670805845241424);
#2462=CIRCLE('',#3264,0.0166666666666666);
#2463=CIRCLE('',#3265,0.000670805845241424);
#2464=CIRCLE('',#3266,0.0129166666666608);
#2465=CIRCLE('',#3267,0.000670805845241424);
#2466=CIRCLE('',#3268,0.0166666666666666);
#2467=CIRCLE('',#3269,0.000670805845241424);
#2468=CIRCLE('',#3270,0.0129166666666608);
#2469=CIRCLE('',#3271,0.000670805845241424);
#2470=CIRCLE('',#3272,0.0166666666666666);
#2471=CIRCLE('',#3273,0.000670805845241424);
#2472=CIRCLE('',#3274,0.0129166666666608);
#2473=CIRCLE('',#3275,0.000670805845241424);
#2474=CIRCLE('',#3276,0.0166666666666666);
#2475=CIRCLE('',#3277,0.000670805845241424);
#2476=CIRCLE('',#3278,0.0129166666666608);
#2477=CIRCLE('',#3279,0.000670805845241424);
#2478=CIRCLE('',#3280,0.0166666666666666);
#2479=CIRCLE('',#3281,0.000670805845241424);
#2480=CIRCLE('',#3282,0.0129166666666608);
#2481=CIRCLE('',#3283,0.000670805845241424);
#2482=CIRCLE('',#3284,0.0166666666666666);
#2483=CIRCLE('',#3285,0.000670805845241424);
#2484=CIRCLE('',#3286,0.0129166666666608);
#2485=CIRCLE('',#3287,0.000670805845241424);
#2486=CIRCLE('',#3288,0.0166666666666666);
#2487=CIRCLE('',#3289,0.000670805845241424);
#2488=CIRCLE('',#3290,0.0129166666666608);
#2489=CIRCLE('',#3291,0.000670805845241424);
#2490=CIRCLE('',#3292,0.0166666666666666);
#2491=CIRCLE('',#3293,0.000670805845241424);
#2492=CIRCLE('',#3294,0.0129166666666608);
#2493=CIRCLE('',#3295,0.000670805845241424);
#2494=CIRCLE('',#3296,0.0166666666666666);
#2495=CIRCLE('',#3297,0.000670805845241424);
#2496=CIRCLE('',#3298,0.0129166666666608);
#2497=CIRCLE('',#3300,0.043);
#2498=CIRCLE('',#3301,0.043);
#2499=CIRCLE('',#3302,0.043);
#2500=CIRCLE('',#3303,0.043);
#2501=CIRCLE('',#3304,0.043);
#2502=CIRCLE('',#3305,0.043);
#2503=CIRCLE('',#3307,0.01025);
#2504=CIRCLE('',#3308,0.01025);
#2505=CIRCLE('',#3310,0.0016);
#2506=CIRCLE('',#3312,0.0016);
#2507=CIRCLE('',#3314,0.0016);
#2508=CIRCLE('',#3316,0.0016);
#2509=CIRCLE('',#3319,0.046);
#2510=CIRCLE('',#3320,0.0465);
#2511=CIRCLE('',#3322,0.043);
#2512=CIRCLE('',#3324,0.04);
#2513=CIRCLE('',#3325,0.0385);
#2514=CIRCLE('',#3327,0.0385);
#2515=CIRCLE('',#3329,0.0435);
#2516=CIRCLE('',#3331,0.0465);
#2517=CIRCLE('',#3338,0.046);
#2518=CIRCLE('',#3339,0.0465);
#2519=CIRCLE('',#3341,0.043);
#2520=CIRCLE('',#3343,0.04);
#2521=CIRCLE('',#3344,0.0385);
#2522=CIRCLE('',#3346,0.0385);
#2523=CIRCLE('',#3348,0.0435);
#2524=CIRCLE('',#3350,0.0465);
#2525=CIRCLE('',#3357,0.046);
#2526=CIRCLE('',#3358,0.0465);
#2527=CIRCLE('',#3360,0.043);
#2528=CIRCLE('',#3362,0.04);
#2529=CIRCLE('',#3363,0.0385);
#2530=CIRCLE('',#3365,0.0385);
#2531=CIRCLE('',#3367,0.0435);
#2532=CIRCLE('',#3369,0.0465);
#2533=CIRCLE('',#3376,0.046);
#2534=CIRCLE('',#3377,0.0465);
#2535=CIRCLE('',#3379,0.043);
#2536=CIRCLE('',#3381,0.04);
#2537=CIRCLE('',#3382,0.0385);
#2538=CIRCLE('',#3384,0.0385);
#2539=CIRCLE('',#3386,0.0435);
#2540=CIRCLE('',#3388,0.0465);
#2541=CIRCLE('',#3395,0.046);
#2542=CIRCLE('',#3396,0.0465);
#2543=CIRCLE('',#3398,0.043);
#2544=CIRCLE('',#3400,0.04);
#2545=CIRCLE('',#3401,0.0385);
#2546=CIRCLE('',#3403,0.0385);
#2547=CIRCLE('',#3405,0.0435);
#2548=CIRCLE('',#3407,0.0465);
#2549=CIRCLE('',#3414,0.0166666666666666);
#2550=CIRCLE('',#3416,0.0166666666666666);
#2551=CIRCLE('',#3418,0.0166666666666666);
#2552=CIRCLE('',#3420,0.0166666666666666);
#2553=CIRCLE('',#3422,0.0166666666666666);
#2554=CIRCLE('',#3424,0.0166666666666666);
#2555=CIRCLE('',#3426,0.0166666666666666);
#2556=CIRCLE('',#3428,0.0166666666666666);
#2557=CIRCLE('',#3430,0.0166666666666666);
#2558=CIRCLE('',#3432,0.0166666666666666);
#2559=CIRCLE('',#3434,0.0166666666666666);
#2560=CIRCLE('',#3436,0.0166666666666666);
#2561=CIRCLE('',#3438,0.0166666666666666);
#2562=CIRCLE('',#3440,0.0166666666666666);
#2563=CIRCLE('',#3442,0.0166666666666666);
#2564=CIRCLE('',#3444,0.0166666666666666);
#2565=CIRCLE('',#3446,0.0166666666666666);
#2566=CIRCLE('',#3448,0.000670805845241424);
#2567=CIRCLE('',#3449,0.000670805845241424);
#2568=CIRCLE('',#3450,0.0129166666666608);
#2569=CIRCLE('',#3451,0.000670805845241424);
#2570=CIRCLE('',#3452,0.000670805845241424);
#2571=CIRCLE('',#3453,0.0129166666666608);
#2572=CIRCLE('',#3454,0.000670805845241424);
#2573=CIRCLE('',#3455,0.000670805845241424);
#2574=CIRCLE('',#3456,0.0129166666666608);
#2575=CIRCLE('',#3457,0.000670805845241424);
#2576=CIRCLE('',#3458,0.000670805845241424);
#2577=CIRCLE('',#3459,0.0129166666666608);
#2578=CIRCLE('',#3460,0.000670805845241424);
#2579=CIRCLE('',#3461,0.000670805845241424);
#2580=CIRCLE('',#3462,0.0129166666666608);
#2581=CIRCLE('',#3463,0.000670805845241424);
#2582=CIRCLE('',#3464,0.000670805845241424);
#2583=CIRCLE('',#3465,0.0129166666666608);
#2584=CIRCLE('',#3466,0.000670805845241424);
#2585=CIRCLE('',#3467,0.000670805845241424);
#2586=CIRCLE('',#3468,0.0129166666666608);
#2587=CIRCLE('',#3469,0.000670805845241424);
#2588=CIRCLE('',#3470,0.000670805845241424);
#2589=CIRCLE('',#3471,0.0129166666666608);
#2590=CIRCLE('',#3472,0.000670805845241424);
#2591=CIRCLE('',#3473,0.000670805845241424);
#2592=CIRCLE('',#3474,0.0129166666666608);
#2593=CIRCLE('',#3475,0.000670805845241424);
#2594=CIRCLE('',#3476,0.000670805845241424);
#2595=CIRCLE('',#3477,0.0129166666666608);
#2596=CIRCLE('',#3478,0.000670805845241424);
#2597=CIRCLE('',#3479,0.000670805845241424);
#2598=CIRCLE('',#3480,0.0129166666666608);
#2599=CIRCLE('',#3481,0.000670805845241424);
#2600=CIRCLE('',#3482,0.000670805845241424);
#2601=CIRCLE('',#3483,0.0129166666666608);
#2602=CIRCLE('',#3484,0.000670805845241424);
#2603=CIRCLE('',#3485,0.000670805845241424);
#2604=CIRCLE('',#3486,0.0129166666666608);
#2605=CIRCLE('',#3487,0.000670805845241424);
#2606=CIRCLE('',#3488,0.0166666666666666);
#2607=CIRCLE('',#3489,0.000670805845241424);
#2608=CIRCLE('',#3490,0.0129166666666608);
#2609=CIRCLE('',#3491,0.000670805845241424);
#2610=CIRCLE('',#3492,0.000670805845241424);
#2611=CIRCLE('',#3493,0.0129166666666608);
#2612=CIRCLE('',#3494,0.000670805845241424);
#2613=CIRCLE('',#3495,0.000670805845241424);
#2614=CIRCLE('',#3496,0.0129166666666608);
#2615=CIRCLE('',#3497,0.000670805845241424);
#2616=CIRCLE('',#3498,0.000670805845241424);
#2617=CIRCLE('',#3499,0.0129166666666608);
#2618=CIRCLE('',#3500,0.000670805845241424);
#2619=CIRCLE('',#3501,0.000670805845241424);
#2620=CIRCLE('',#3502,0.0129166666666608);
#2621=EDGE_LOOP('',(#614,#615,#616,#617,#618,#619,#620,#621,#622,#623));
#2622=EDGE_LOOP('',(#624));
#2623=EDGE_LOOP('',(#625));
#2624=EDGE_LOOP('',(#626));
#2625=EDGE_LOOP('',(#627));
#2626=EDGE_LOOP('',(#628,#629,#630,#631,#632,#633,#634,#635,#636,#637,#638,
#639,#640,#641,#642,#643,#644,#645,#646,#647,#648,#649,#650,#651,#652,#653,
#654,#655,#656,#657,#658,#659,#660,#661,#662,#663,#664,#665,#666,#667,#668,
#669,#670,#671,#672,#673,#674,#675,#676,#677,#678,#679,#680,#681,#682,#683,
#684,#685,#686,#687,#688,#689,#690,#691,#692,#693,#694,#695,#696,#697,#698,
#699,#700,#701,#702,#703,#704,#705,#706,#707,#708,#709,#710,#711,#712,#713,
#714,#715,#716,#717,#718,#719,#720,#721,#722,#723,#724,#725,#726,#727,#728,
#729,#730,#731,#732,#733,#734,#735));
#2627=EDGE_LOOP('',(#736));
#2628=EDGE_LOOP('',(#737,#738,#739,#740,#741,#742,#743,#744,#745,#746,#747,
#748,#749,#750,#751,#752,#753,#754,#755,#756));
#2629=EDGE_LOOP('',(#757));
#2630=EDGE_LOOP('',(#758));
#2631=EDGE_LOOP('',(#759));
#2632=EDGE_LOOP('',(#760));
#2633=EDGE_LOOP('',(#761));
#2634=EDGE_LOOP('',(#762));
#2635=EDGE_LOOP('',(#763));
#2636=EDGE_LOOP('',(#764));
#2637=EDGE_LOOP('',(#765));
#2638=EDGE_LOOP('',(#766));
#2639=EDGE_LOOP('',(#767));
#2640=EDGE_LOOP('',(#768));
#2641=EDGE_LOOP('',(#769));
#2642=EDGE_LOOP('',(#770));
#2643=EDGE_LOOP('',(#771));
#2644=EDGE_LOOP('',(#772));
#2645=EDGE_LOOP('',(#773,#774,#775,#776));
#2646=EDGE_LOOP('',(#777,#778,#779,#780));
#2647=EDGE_LOOP('',(#781,#782,#783,#784));
#2648=EDGE_LOOP('',(#785,#786,#787,#788));
#2649=EDGE_LOOP('',(#789,#790,#791,#792));
#2650=EDGE_LOOP('',(#793,#794,#795,#796));
#2651=EDGE_LOOP('',(#797,#798,#799,#800,#801,#802,#803,#804,#805,#806));
#2652=EDGE_LOOP('',(#807,#808,#809,#810,#811,#812,#813,#814,#815,#816));
#2653=EDGE_LOOP('',(#817,#818,#819,#820));
#2654=EDGE_LOOP('',(#821,#822,#823,#824));
#2655=EDGE_LOOP('',(#825,#826,#827,#828));
#2656=EDGE_LOOP('',(#829,#830,#831,#832));
#2657=EDGE_LOOP('',(#833,#834,#835,#836));
#2658=EDGE_LOOP('',(#837,#838,#839,#840));
#2659=EDGE_LOOP('',(#841,#842,#843,#844));
#2660=EDGE_LOOP('',(#845,#846,#847,#848));
#2661=EDGE_LOOP('',(#849,#850,#851,#852));
#2662=EDGE_LOOP('',(#853,#854,#855,#856,#857,#858,#859,#860,#861,#862));
#2663=EDGE_LOOP('',(#863,#864,#865,#866,#867,#868,#869,#870,#871,#872));
#2664=EDGE_LOOP('',(#873,#874,#875,#876));
#2665=EDGE_LOOP('',(#877,#878,#879,#880));
#2666=EDGE_LOOP('',(#881,#882,#883,#884));
#2667=EDGE_LOOP('',(#885,#886,#887,#888));
#2668=EDGE_LOOP('',(#889,#890,#891,#892));
#2669=EDGE_LOOP('',(#893,#894,#895,#896));
#2670=EDGE_LOOP('',(#897,#898,#899,#900));
#2671=EDGE_LOOP('',(#901,#902,#903,#904));
#2672=EDGE_LOOP('',(#905,#906,#907,#908));
#2673=EDGE_LOOP('',(#909,#910,#911,#912,#913,#914,#915,#916,#917,#918));
#2674=EDGE_LOOP('',(#919,#920,#921,#922,#923,#924,#925,#926,#927,#928));
#2675=EDGE_LOOP('',(#929,#930,#931,#932));
#2676=EDGE_LOOP('',(#933,#934,#935,#936));
#2677=EDGE_LOOP('',(#937,#938,#939,#940));
#2678=EDGE_LOOP('',(#941,#942,#943,#944));
#2679=EDGE_LOOP('',(#945,#946,#947,#948));
#2680=EDGE_LOOP('',(#949,#950,#951,#952));
#2681=EDGE_LOOP('',(#953,#954,#955,#956));
#2682=EDGE_LOOP('',(#957,#958,#959,#960));
#2683=EDGE_LOOP('',(#961,#962,#963,#964));
#2684=EDGE_LOOP('',(#965,#966,#967,#968,#969,#970,#971,#972,#973,#974));
#2685=EDGE_LOOP('',(#975,#976,#977,#978,#979,#980,#981,#982,#983,#984));
#2686=EDGE_LOOP('',(#985,#986,#987,#988));
#2687=EDGE_LOOP('',(#989,#990,#991,#992));
#2688=EDGE_LOOP('',(#993,#994,#995,#996));
#2689=EDGE_LOOP('',(#997,#998,#999,#1000));
#2690=EDGE_LOOP('',(#1001,#1002,#1003,#1004));
#2691=EDGE_LOOP('',(#1005,#1006,#1007,#1008));
#2692=EDGE_LOOP('',(#1009,#1010,#1011,#1012));
#2693=EDGE_LOOP('',(#1013,#1014,#1015,#1016));
#2694=EDGE_LOOP('',(#1017,#1018,#1019,#1020));
#2695=EDGE_LOOP('',(#1021,#1022,#1023,#1024,#1025,#1026,#1027,#1028,#1029,
#1030));
#2696=EDGE_LOOP('',(#1031,#1032,#1033,#1034,#1035,#1036,#1037,#1038,#1039,
#1040));
#2697=EDGE_LOOP('',(#1041,#1042,#1043,#1044));
#2698=EDGE_LOOP('',(#1045,#1046,#1047,#1048));
#2699=EDGE_LOOP('',(#1049,#1050,#1051,#1052));
#2700=EDGE_LOOP('',(#1053,#1054,#1055,#1056));
#2701=EDGE_LOOP('',(#1057,#1058,#1059,#1060));
#2702=EDGE_LOOP('',(#1061,#1062,#1063,#1064));
#2703=EDGE_LOOP('',(#1065,#1066,#1067,#1068));
#2704=EDGE_LOOP('',(#1069,#1070,#1071,#1072));
#2705=EDGE_LOOP('',(#1073,#1074,#1075,#1076));
#2706=EDGE_LOOP('',(#1077,#1078,#1079,#1080));
#2707=EDGE_LOOP('',(#1081,#1082,#1083,#1084));
#2708=EDGE_LOOP('',(#1085,#1086,#1087,#1088));
#2709=EDGE_LOOP('',(#1089,#1090,#1091,#1092));
#2710=EDGE_LOOP('',(#1093,#1094,#1095,#1096));
#2711=EDGE_LOOP('',(#1097,#1098,#1099,#1100));
#2712=EDGE_LOOP('',(#1101,#1102,#1103,#1104));
#2713=EDGE_LOOP('',(#1105,#1106,#1107,#1108));
#2714=EDGE_LOOP('',(#1109,#1110,#1111,#1112));
#2715=EDGE_LOOP('',(#1113,#1114,#1115,#1116));
#2716=EDGE_LOOP('',(#1117,#1118,#1119,#1120));
#2717=EDGE_LOOP('',(#1121));
#2718=EDGE_LOOP('',(#1122,#1123,#1124,#1125,#1126,#1127,#1128,#1129,#1130,
#1131,#1132,#1133,#1134,#1135,#1136,#1137,#1138,#1139,#1140,#1141,#1142,
#1143,#1144,#1145,#1146,#1147,#1148,#1149,#1150,#1151,#1152,#1153,#1154,
#1155,#1156,#1157,#1158,#1159,#1160,#1161,#1162,#1163,#1164,#1165,#1166,
#1167,#1168,#1169,#1170,#1171,#1172,#1173,#1174,#1175,#1176,#1177,#1178,
#1179,#1180,#1181,#1182,#1183,#1184,#1185,#1186,#1187,#1188,#1189,#1190,
#1191,#1192,#1193,#1194,#1195,#1196,#1197,#1198,#1199,#1200,#1201,#1202,
#1203,#1204,#1205,#1206,#1207,#1208,#1209,#1210,#1211,#1212,#1213,#1214,
#1215,#1216,#1217,#1218,#1219,#1220,#1221,#1222,#1223,#1224,#1225,#1226,
#1227,#1228,#1229));
#2719=EDGE_LOOP('',(#1230,#1231,#1232,#1233));
#2720=EDGE_LOOP('',(#1234,#1235,#1236,#1237));
#2721=EDGE_LOOP('',(#1238,#1239,#1240,#1241));
#2722=EDGE_LOOP('',(#1242,#1243,#1244,#1245));
#2723=EDGE_LOOP('',(#1246,#1247,#1248,#1249));
#2724=EDGE_LOOP('',(#1250,#1251,#1252,#1253));
#2725=EDGE_LOOP('',(#1254,#1255,#1256,#1257));
#2726=EDGE_LOOP('',(#1258,#1259,#1260,#1261));
#2727=EDGE_LOOP('',(#1262,#1263,#1264,#1265));
#2728=EDGE_LOOP('',(#1266,#1267,#1268,#1269));
#2729=EDGE_LOOP('',(#1270,#1271,#1272,#1273));
#2730=EDGE_LOOP('',(#1274,#1275,#1276,#1277));
#2731=EDGE_LOOP('',(#1278,#1279,#1280,#1281));
#2732=EDGE_LOOP('',(#1282,#1283,#1284,#1285));
#2733=EDGE_LOOP('',(#1286,#1287,#1288,#1289));
#2734=EDGE_LOOP('',(#1290,#1291,#1292,#1293));
#2735=EDGE_LOOP('',(#1294,#1295,#1296,#1297));
#2736=EDGE_LOOP('',(#1298,#1299,#1300,#1301));
#2737=EDGE_LOOP('',(#1302,#1303,#1304,#1305));
#2738=EDGE_LOOP('',(#1306,#1307,#1308,#1309));
#2739=EDGE_LOOP('',(#1310,#1311,#1312,#1313));
#2740=EDGE_LOOP('',(#1314,#1315,#1316,#1317));
#2741=EDGE_LOOP('',(#1318,#1319,#1320,#1321));
#2742=EDGE_LOOP('',(#1322,#1323,#1324,#1325));
#2743=EDGE_LOOP('',(#1326,#1327,#1328,#1329));
#2744=EDGE_LOOP('',(#1330,#1331,#1332,#1333));
#2745=EDGE_LOOP('',(#1334,#1335,#1336,#1337));
#2746=EDGE_LOOP('',(#1338,#1339,#1340,#1341));
#2747=EDGE_LOOP('',(#1342,#1343,#1344,#1345));
#2748=EDGE_LOOP('',(#1346,#1347,#1348,#1349));
#2749=EDGE_LOOP('',(#1350,#1351,#1352,#1353));
#2750=EDGE_LOOP('',(#1354,#1355,#1356,#1357));
#2751=EDGE_LOOP('',(#1358,#1359,#1360,#1361));
#2752=EDGE_LOOP('',(#1362,#1363,#1364,#1365));
#2753=EDGE_LOOP('',(#1366,#1367,#1368,#1369));
#2754=EDGE_LOOP('',(#1370,#1371,#1372,#1373));
#2755=EDGE_LOOP('',(#1374,#1375,#1376,#1377));
#2756=EDGE_LOOP('',(#1378,#1379,#1380,#1381));
#2757=EDGE_LOOP('',(#1382,#1383,#1384,#1385));
#2758=EDGE_LOOP('',(#1386,#1387,#1388,#1389));
#2759=EDGE_LOOP('',(#1390,#1391,#1392,#1393));
#2760=EDGE_LOOP('',(#1394,#1395,#1396,#1397));
#2761=EDGE_LOOP('',(#1398,#1399,#1400,#1401));
#2762=EDGE_LOOP('',(#1402,#1403,#1404,#1405));
#2763=EDGE_LOOP('',(#1406,#1407,#1408,#1409));
#2764=EDGE_LOOP('',(#1410,#1411,#1412,#1413));
#2765=EDGE_LOOP('',(#1414,#1415,#1416,#1417));
#2766=EDGE_LOOP('',(#1418,#1419,#1420,#1421));
#2767=EDGE_LOOP('',(#1422,#1423,#1424,#1425));
#2768=EDGE_LOOP('',(#1426,#1427,#1428,#1429));
#2769=EDGE_LOOP('',(#1430,#1431,#1432,#1433));
#2770=EDGE_LOOP('',(#1434,#1435,#1436,#1437));
#2771=EDGE_LOOP('',(#1438,#1439,#1440,#1441));
#2772=EDGE_LOOP('',(#1442,#1443,#1444,#1445));
#2773=EDGE_LOOP('',(#1446,#1447,#1448,#1449));
#2774=EDGE_LOOP('',(#1450,#1451,#1452,#1453));
#2775=EDGE_LOOP('',(#1454,#1455,#1456,#1457));
#2776=EDGE_LOOP('',(#1458,#1459,#1460,#1461));
#2777=EDGE_LOOP('',(#1462,#1463,#1464,#1465));
#2778=EDGE_LOOP('',(#1466,#1467,#1468,#1469));
#2779=EDGE_LOOP('',(#1470,#1471,#1472,#1473));
#2780=EDGE_LOOP('',(#1474,#1475,#1476,#1477));
#2781=EDGE_LOOP('',(#1478,#1479,#1480,#1481));
#2782=EDGE_LOOP('',(#1482,#1483,#1484,#1485));
#2783=EDGE_LOOP('',(#1486,#1487,#1488,#1489));
#2784=EDGE_LOOP('',(#1490,#1491,#1492,#1493));
#2785=EDGE_LOOP('',(#1494,#1495,#1496,#1497));
#2786=EDGE_LOOP('',(#1498,#1499,#1500,#1501));
#2787=EDGE_LOOP('',(#1502,#1503,#1504,#1505));
#2788=EDGE_LOOP('',(#1506,#1507,#1508,#1509));
#2789=EDGE_LOOP('',(#1510,#1511,#1512,#1513));
#2790=EDGE_LOOP('',(#1514,#1515,#1516,#1517));
#2791=EDGE_LOOP('',(#1518,#1519,#1520,#1521));
#2792=EDGE_LOOP('',(#1522,#1523,#1524,#1525));
#2793=EDGE_LOOP('',(#1526,#1527,#1528,#1529));
#2794=EDGE_LOOP('',(#1530,#1531,#1532,#1533));
#2795=EDGE_LOOP('',(#1534,#1535,#1536,#1537));
#2796=EDGE_LOOP('',(#1538,#1539,#1540,#1541));
#2797=EDGE_LOOP('',(#1542,#1543,#1544,#1545));
#2798=EDGE_LOOP('',(#1546,#1547,#1548,#1549));
#2799=EDGE_LOOP('',(#1550,#1551,#1552,#1553));
#2800=EDGE_LOOP('',(#1554,#1555,#1556,#1557));
#2801=EDGE_LOOP('',(#1558,#1559,#1560,#1561));
#2802=EDGE_LOOP('',(#1562,#1563,#1564,#1565));
#2803=EDGE_LOOP('',(#1566,#1567,#1568,#1569));
#2804=EDGE_LOOP('',(#1570,#1571,#1572,#1573));
#2805=EDGE_LOOP('',(#1574,#1575,#1576,#1577));
#2806=EDGE_LOOP('',(#1578,#1579,#1580,#1581));
#2807=EDGE_LOOP('',(#1582,#1583,#1584,#1585));
#2808=EDGE_LOOP('',(#1586,#1587,#1588,#1589));
#2809=EDGE_LOOP('',(#1590,#1591,#1592,#1593));
#2810=FACE_BOUND('',#2621,.T.);
#2811=FACE_BOUND('',#2622,.T.);
#2812=FACE_BOUND('',#2623,.T.);
#2813=FACE_BOUND('',#2624,.T.);
#2814=FACE_BOUND('',#2625,.T.);
#2815=FACE_BOUND('',#2626,.T.);
#2816=FACE_BOUND('',#2627,.T.);
#2817=FACE_BOUND('',#2628,.T.);
#2818=FACE_BOUND('',#2629,.T.);
#2819=FACE_BOUND('',#2630,.T.);
#2820=FACE_BOUND('',#2631,.T.);
#2821=FACE_BOUND('',#2632,.T.);
#2822=FACE_BOUND('',#2633,.T.);
#2823=FACE_BOUND('',#2634,.T.);
#2824=FACE_BOUND('',#2635,.T.);
#2825=FACE_BOUND('',#2636,.T.);
#2826=FACE_BOUND('',#2637,.T.);
#2827=FACE_BOUND('',#2638,.T.);
#2828=FACE_BOUND('',#2639,.T.);
#2829=FACE_BOUND('',#2640,.T.);
#2830=FACE_BOUND('',#2641,.T.);
#2831=FACE_BOUND('',#2642,.T.);
#2832=FACE_BOUND('',#2643,.T.);
#2833=FACE_BOUND('',#2644,.T.);
#2834=FACE_BOUND('',#2645,.T.);
#2835=FACE_BOUND('',#2646,.T.);
#2836=FACE_BOUND('',#2647,.T.);
#2837=FACE_BOUND('',#2648,.T.);
#2838=FACE_BOUND('',#2649,.T.);
#2839=FACE_BOUND('',#2650,.T.);
#2840=FACE_BOUND('',#2651,.T.);
#2841=FACE_BOUND('',#2652,.T.);
#2842=FACE_BOUND('',#2653,.T.);
#2843=FACE_BOUND('',#2654,.T.);
#2844=FACE_BOUND('',#2655,.T.);
#2845=FACE_BOUND('',#2656,.T.);
#2846=FACE_BOUND('',#2657,.T.);
#2847=FACE_BOUND('',#2658,.T.);
#2848=FACE_BOUND('',#2659,.T.);
#2849=FACE_BOUND('',#2660,.T.);
#2850=FACE_BOUND('',#2661,.T.);
#2851=FACE_BOUND('',#2662,.T.);
#2852=FACE_BOUND('',#2663,.T.);
#2853=FACE_BOUND('',#2664,.T.);
#2854=FACE_BOUND('',#2665,.T.);
#2855=FACE_BOUND('',#2666,.T.);
#2856=FACE_BOUND('',#2667,.T.);
#2857=FACE_BOUND('',#2668,.T.);
#2858=FACE_BOUND('',#2669,.T.);
#2859=FACE_BOUND('',#2670,.T.);
#2860=FACE_BOUND('',#2671,.T.);
#2861=FACE_BOUND('',#2672,.T.);
#2862=FACE_BOUND('',#2673,.T.);
#2863=FACE_BOUND('',#2674,.T.);
#2864=FACE_BOUND('',#2675,.T.);
#2865=FACE_BOUND('',#2676,.T.);
#2866=FACE_BOUND('',#2677,.T.);
#2867=FACE_BOUND('',#2678,.T.);
#2868=FACE_BOUND('',#2679,.T.);
#2869=FACE_BOUND('',#2680,.T.);
#2870=FACE_BOUND('',#2681,.T.);
#2871=FACE_BOUND('',#2682,.T.);
#2872=FACE_BOUND('',#2683,.T.);
#2873=FACE_BOUND('',#2684,.T.);
#2874=FACE_BOUND('',#2685,.T.);
#2875=FACE_BOUND('',#2686,.T.);
#2876=FACE_BOUND('',#2687,.T.);
#2877=FACE_BOUND('',#2688,.T.);
#2878=FACE_BOUND('',#2689,.T.);
#2879=FACE_BOUND('',#2690,.T.);
#2880=FACE_BOUND('',#2691,.T.);
#2881=FACE_BOUND('',#2692,.T.);
#2882=FACE_BOUND('',#2693,.T.);
#2883=FACE_BOUND('',#2694,.T.);
#2884=FACE_BOUND('',#2695,.T.);
#2885=FACE_BOUND('',#2696,.T.);
#2886=FACE_BOUND('',#2697,.T.);
#2887=FACE_BOUND('',#2698,.T.);
#2888=FACE_BOUND('',#2699,.T.);
#2889=FACE_BOUND('',#2700,.T.);
#2890=FACE_BOUND('',#2701,.T.);
#2891=FACE_BOUND('',#2702,.T.);
#2892=FACE_BOUND('',#2703,.T.);
#2893=FACE_BOUND('',#2704,.T.);
#2894=FACE_BOUND('',#2705,.T.);
#2895=FACE_BOUND('',#2706,.T.);
#2896=FACE_BOUND('',#2707,.T.);
#2897=FACE_BOUND('',#2708,.T.);
#2898=FACE_BOUND('',#2709,.T.);
#2899=FACE_BOUND('',#2710,.T.);
#2900=FACE_BOUND('',#2711,.T.);
#2901=FACE_BOUND('',#2712,.T.);
#2902=FACE_BOUND('',#2713,.T.);
#2903=FACE_BOUND('',#2714,.T.);
#2904=FACE_BOUND('',#2715,.T.);
#2905=FACE_BOUND('',#2716,.T.);
#2906=FACE_BOUND('',#2717,.T.);
#2907=FACE_BOUND('',#2718,.T.);
#2908=FACE_BOUND('',#2719,.T.);
#2909=FACE_BOUND('',#2720,.T.);
#2910=FACE_BOUND('',#2721,.T.);
#2911=FACE_BOUND('',#2722,.T.);
#2912=FACE_BOUND('',#2723,.T.);
#2913=FACE_BOUND('',#2724,.T.);
#2914=FACE_BOUND('',#2725,.T.);
#2915=FACE_BOUND('',#2726,.T.);
#2916=FACE_BOUND('',#2727,.T.);
#2917=FACE_BOUND('',#2728,.T.);
#2918=FACE_BOUND('',#2729,.T.);
#2919=FACE_BOUND('',#2730,.T.);
#2920=FACE_BOUND('',#2731,.T.);
#2921=FACE_BOUND('',#2732,.T.);
#2922=FACE_BOUND('',#2733,.T.);
#2923=FACE_BOUND('',#2734,.T.);
#2924=FACE_BOUND('',#2735,.T.);
#2925=FACE_BOUND('',#2736,.T.);
#2926=FACE_BOUND('',#2737,.T.);
#2927=FACE_BOUND('',#2738,.T.);
#2928=FACE_BOUND('',#2739,.T.);
#2929=FACE_BOUND('',#2740,.T.);
#2930=FACE_BOUND('',#2741,.T.);
#2931=FACE_BOUND('',#2742,.T.);
#2932=FACE_BOUND('',#2743,.T.);
#2933=FACE_BOUND('',#2744,.T.);
#2934=FACE_BOUND('',#2745,.T.);
#2935=FACE_BOUND('',#2746,.T.);
#2936=FACE_BOUND('',#2747,.T.);
#2937=FACE_BOUND('',#2748,.T.);
#2938=FACE_BOUND('',#2749,.T.);
#2939=FACE_BOUND('',#2750,.T.);
#2940=FACE_BOUND('',#2751,.T.);
#2941=FACE_BOUND('',#2752,.T.);
#2942=FACE_BOUND('',#2753,.T.);
#2943=FACE_BOUND('',#2754,.T.);
#2944=FACE_BOUND('',#2755,.T.);
#2945=FACE_BOUND('',#2756,.T.);
#2946=FACE_BOUND('',#2757,.T.);
#2947=FACE_BOUND('',#2758,.T.);
#2948=FACE_BOUND('',#2759,.T.);
#2949=FACE_BOUND('',#2760,.T.);
#2950=FACE_BOUND('',#2761,.T.);
#2951=FACE_BOUND('',#2762,.T.);
#2952=FACE_BOUND('',#2763,.T.);
#2953=FACE_BOUND('',#2764,.T.);
#2954=FACE_BOUND('',#2765,.T.);
#2955=FACE_BOUND('',#2766,.T.);
#2956=FACE_BOUND('',#2767,.T.);
#2957=FACE_BOUND('',#2768,.T.);
#2958=FACE_BOUND('',#2769,.T.);
#2959=FACE_BOUND('',#2770,.T.);
#2960=FACE_BOUND('',#2771,.T.);
#2961=FACE_BOUND('',#2772,.T.);
#2962=FACE_BOUND('',#2773,.T.);
#2963=FACE_BOUND('',#2774,.T.);
#2964=FACE_BOUND('',#2775,.T.);
#2965=FACE_BOUND('',#2776,.T.);
#2966=FACE_BOUND('',#2777,.T.);
#2967=FACE_BOUND('',#2778,.T.);
#2968=FACE_BOUND('',#2779,.T.);
#2969=FACE_BOUND('',#2780,.T.);
#2970=FACE_BOUND('',#2781,.T.);
#2971=FACE_BOUND('',#2782,.T.);
#2972=FACE_BOUND('',#2783,.T.);
#2973=FACE_BOUND('',#2784,.T.);
#2974=FACE_BOUND('',#2785,.T.);
#2975=FACE_BOUND('',#2786,.T.);
#2976=FACE_BOUND('',#2787,.T.);
#2977=FACE_BOUND('',#2788,.T.);
#2978=FACE_BOUND('',#2789,.T.);
#2979=FACE_BOUND('',#2790,.T.);
#2980=FACE_BOUND('',#2791,.T.);
#2981=FACE_BOUND('',#2792,.T.);
#2982=FACE_BOUND('',#2793,.T.);
#2983=FACE_BOUND('',#2794,.T.);
#2984=FACE_BOUND('',#2795,.T.);
#2985=FACE_BOUND('',#2796,.T.);
#2986=FACE_BOUND('',#2797,.T.);
#2987=FACE_BOUND('',#2798,.T.);
#2988=FACE_BOUND('',#2799,.T.);
#2989=FACE_BOUND('',#2800,.T.);
#2990=FACE_BOUND('',#2801,.T.);
#2991=FACE_BOUND('',#2802,.T.);
#2992=FACE_BOUND('',#2803,.T.);
#2993=FACE_BOUND('',#2804,.T.);
#2994=FACE_BOUND('',#2805,.T.);
#2995=FACE_BOUND('',#2806,.T.);
#2996=FACE_BOUND('',#2807,.T.);
#2997=FACE_BOUND('',#2808,.T.);
#2998=FACE_BOUND('',#2809,.T.);
#2999=PLANE('',#3212);
#3000=PLANE('',#3317);
#3001=PLANE('',#3318);
#3002=PLANE('',#3323);
#3003=PLANE('',#3328);
#3004=PLANE('',#3332);
#3005=PLANE('',#3333);
#3006=PLANE('',#3337);
#3007=PLANE('',#3342);
#3008=PLANE('',#3347);
#3009=PLANE('',#3351);
#3010=PLANE('',#3352);
#3011=PLANE('',#3356);
#3012=PLANE('',#3361);
#3013=PLANE('',#3366);
#3014=PLANE('',#3370);
#3015=PLANE('',#3371);
#3016=PLANE('',#3375);
#3017=PLANE('',#3380);
#3018=PLANE('',#3385);
#3019=PLANE('',#3389);
#3020=PLANE('',#3390);
#3021=PLANE('',#3394);
#3022=PLANE('',#3399);
#3023=PLANE('',#3404);
#3024=PLANE('',#3408);
#3025=PLANE('',#3409);
#3026=PLANE('',#3447);
#3027=ADVANCED_FACE('',(#2810,#2811,#2812,#2813,#2814,#2815),#2999,.F.);
#3028=ADVANCED_FACE('',(#2816,#2817),#419,.T.);
#3029=ADVANCED_FACE('',(#2818,#2819),#420,.F.);
#3030=ADVANCED_FACE('',(#2820,#2821),#421,.F.);
#3031=ADVANCED_FACE('',(#2822,#2823),#422,.F.);
#3032=ADVANCED_FACE('',(#2824,#2825),#423,.F.);
#3033=ADVANCED_FACE('',(#2826,#2827),#424,.F.);
#3034=ADVANCED_FACE('',(#2828,#2829,#2830,#2831,#2832,#2833),#3000,.T.);
#3035=ADVANCED_FACE('',(#2834),#3001,.T.);
#3036=ADVANCED_FACE('',(#2835),#425,.F.);
#3037=ADVANCED_FACE('',(#2836),#3002,.T.);
#3038=ADVANCED_FACE('',(#2837),#426,.F.);
#3039=ADVANCED_FACE('',(#2838),#3003,.T.);
#3040=ADVANCED_FACE('',(#2839),#427,.T.);
#3041=ADVANCED_FACE('',(#2840),#3004,.F.);
#3042=ADVANCED_FACE('',(#2841),#3005,.T.);
#3043=ADVANCED_FACE('',(#2842),#48,.F.);
#3044=ADVANCED_FACE('',(#2843),#49,.F.);
#3045=ADVANCED_FACE('',(#2844),#50,.T.);
#3046=ADVANCED_FACE('',(#2845),#3006,.T.);
#3047=ADVANCED_FACE('',(#2846),#428,.F.);
#3048=ADVANCED_FACE('',(#2847),#3007,.T.);
#3049=ADVANCED_FACE('',(#2848),#429,.F.);
#3050=ADVANCED_FACE('',(#2849),#3008,.T.);
#3051=ADVANCED_FACE('',(#2850),#430,.T.);
#3052=ADVANCED_FACE('',(#2851),#3009,.F.);
#3053=ADVANCED_FACE('',(#2852),#3010,.T.);
#3054=ADVANCED_FACE('',(#2853),#51,.F.);
#3055=ADVANCED_FACE('',(#2854),#52,.F.);
#3056=ADVANCED_FACE('',(#2855),#53,.T.);
#3057=ADVANCED_FACE('',(#2856),#3011,.T.);
#3058=ADVANCED_FACE('',(#2857),#431,.F.);
#3059=ADVANCED_FACE('',(#2858),#3012,.T.);
#3060=ADVANCED_FACE('',(#2859),#432,.F.);
#3061=ADVANCED_FACE('',(#2860),#3013,.T.);
#3062=ADVANCED_FACE('',(#2861),#433,.T.);
#3063=ADVANCED_FACE('',(#2862),#3014,.F.);
#3064=ADVANCED_FACE('',(#2863),#3015,.T.);
#3065=ADVANCED_FACE('',(#2864),#54,.F.);
#3066=ADVANCED_FACE('',(#2865),#55,.F.);
#3067=ADVANCED_FACE('',(#2866),#56,.T.);
#3068=ADVANCED_FACE('',(#2867),#3016,.T.);
#3069=ADVANCED_FACE('',(#2868),#434,.F.);
#3070=ADVANCED_FACE('',(#2869),#3017,.T.);
#3071=ADVANCED_FACE('',(#2870),#435,.F.);
#3072=ADVANCED_FACE('',(#2871),#3018,.T.);
#3073=ADVANCED_FACE('',(#2872),#436,.T.);
#3074=ADVANCED_FACE('',(#2873),#3019,.F.);
#3075=ADVANCED_FACE('',(#2874),#3020,.T.);
#3076=ADVANCED_FACE('',(#2875),#57,.F.);
#3077=ADVANCED_FACE('',(#2876),#58,.F.);
#3078=ADVANCED_FACE('',(#2877),#59,.T.);
#3079=ADVANCED_FACE('',(#2878),#3021,.T.);
#3080=ADVANCED_FACE('',(#2879),#437,.F.);
#3081=ADVANCED_FACE('',(#2880),#3022,.T.);
#3082=ADVANCED_FACE('',(#2881),#438,.F.);
#3083=ADVANCED_FACE('',(#2882),#3023,.T.);
#3084=ADVANCED_FACE('',(#2883),#439,.T.);
#3085=ADVANCED_FACE('',(#2884),#3024,.F.);
#3086=ADVANCED_FACE('',(#2885),#3025,.T.);
#3087=ADVANCED_FACE('',(#2886),#60,.F.);
#3088=ADVANCED_FACE('',(#2887),#61,.F.);
#3089=ADVANCED_FACE('',(#2888),#62,.T.);
#3090=ADVANCED_FACE('',(#2889),#440,.T.);
#3091=ADVANCED_FACE('',(#2890),#441,.T.);
#3092=ADVANCED_FACE('',(#2891),#442,.T.);
#3093=ADVANCED_FACE('',(#2892),#443,.T.);
#3094=ADVANCED_FACE('',(#2893),#444,.T.);
#3095=ADVANCED_FACE('',(#2894),#445,.T.);
#3096=ADVANCED_FACE('',(#2895),#446,.T.);
#3097=ADVANCED_FACE('',(#2896),#447,.T.);
#3098=ADVANCED_FACE('',(#2897),#448,.T.);
#3099=ADVANCED_FACE('',(#2898),#449,.T.);
#3100=ADVANCED_FACE('',(#2899),#450,.T.);
#3101=ADVANCED_FACE('',(#2900),#451,.T.);
#3102=ADVANCED_FACE('',(#2901),#452,.T.);
#3103=ADVANCED_FACE('',(#2902),#453,.T.);
#3104=ADVANCED_FACE('',(#2903),#454,.T.);
#3105=ADVANCED_FACE('',(#2904),#455,.T.);
#3106=ADVANCED_FACE('',(#2905),#456,.T.);
#3107=ADVANCED_FACE('',(#2906,#2907),#3026,.T.);
#3108=ADVANCED_FACE('',(#2908),#457,.T.);
#3109=ADVANCED_FACE('',(#2909),#12,.T.);
#3110=ADVANCED_FACE('',(#2910),#13,.F.);
#3111=ADVANCED_FACE('',(#2911),#458,.T.);
#3112=ADVANCED_FACE('',(#2912),#459,.F.);
#3113=ADVANCED_FACE('',(#2913),#460,.F.);
#3114=ADVANCED_FACE('',(#2914),#14,.T.);
#3115=ADVANCED_FACE('',(#2915),#15,.F.);
#3116=ADVANCED_FACE('',(#2916),#461,.T.);
#3117=ADVANCED_FACE('',(#2917),#462,.F.);
#3118=ADVANCED_FACE('',(#2918),#463,.F.);
#3119=ADVANCED_FACE('',(#2919),#16,.T.);
#3120=ADVANCED_FACE('',(#2920),#17,.F.);
#3121=ADVANCED_FACE('',(#2921),#464,.T.);
#3122=ADVANCED_FACE('',(#2922),#465,.F.);
#3123=ADVANCED_FACE('',(#2923),#466,.F.);
#3124=ADVANCED_FACE('',(#2924),#18,.T.);
#3125=ADVANCED_FACE('',(#2925),#19,.F.);
#3126=ADVANCED_FACE('',(#2926),#467,.T.);
#3127=ADVANCED_FACE('',(#2927),#468,.F.);
#3128=ADVANCED_FACE('',(#2928),#469,.F.);
#3129=ADVANCED_FACE('',(#2929),#20,.T.);
#3130=ADVANCED_FACE('',(#2930),#21,.F.);
#3131=ADVANCED_FACE('',(#2931),#470,.T.);
#3132=ADVANCED_FACE('',(#2932),#471,.F.);
#3133=ADVANCED_FACE('',(#2933),#472,.F.);
#3134=ADVANCED_FACE('',(#2934),#22,.T.);
#3135=ADVANCED_FACE('',(#2935),#23,.F.);
#3136=ADVANCED_FACE('',(#2936),#473,.T.);
#3137=ADVANCED_FACE('',(#2937),#474,.F.);
#3138=ADVANCED_FACE('',(#2938),#475,.F.);
#3139=ADVANCED_FACE('',(#2939),#24,.T.);
#3140=ADVANCED_FACE('',(#2940),#25,.F.);
#3141=ADVANCED_FACE('',(#2941),#476,.T.);
#3142=ADVANCED_FACE('',(#2942),#477,.F.);
#3143=ADVANCED_FACE('',(#2943),#478,.F.);
#3144=ADVANCED_FACE('',(#2944),#26,.T.);
#3145=ADVANCED_FACE('',(#2945),#27,.F.);
#3146=ADVANCED_FACE('',(#2946),#479,.T.);
#3147=ADVANCED_FACE('',(#2947),#480,.F.);
#3148=ADVANCED_FACE('',(#2948),#481,.F.);
#3149=ADVANCED_FACE('',(#2949),#28,.T.);
#3150=ADVANCED_FACE('',(#2950),#29,.F.);
#3151=ADVANCED_FACE('',(#2951),#482,.T.);
#3152=ADVANCED_FACE('',(#2952),#483,.F.);
#3153=ADVANCED_FACE('',(#2953),#484,.F.);
#3154=ADVANCED_FACE('',(#2954),#30,.T.);
#3155=ADVANCED_FACE('',(#2955),#31,.F.);
#3156=ADVANCED_FACE('',(#2956),#485,.T.);
#3157=ADVANCED_FACE('',(#2957),#486,.F.);
#3158=ADVANCED_FACE('',(#2958),#487,.F.);
#3159=ADVANCED_FACE('',(#2959),#32,.T.);
#3160=ADVANCED_FACE('',(#2960),#33,.F.);
#3161=ADVANCED_FACE('',(#2961),#488,.T.);
#3162=ADVANCED_FACE('',(#2962),#489,.F.);
#3163=ADVANCED_FACE('',(#2963),#490,.F.);
#3164=ADVANCED_FACE('',(#2964),#34,.T.);
#3165=ADVANCED_FACE('',(#2965),#35,.F.);
#3166=ADVANCED_FACE('',(#2966),#491,.T.);
#3167=ADVANCED_FACE('',(#2967),#492,.F.);
#3168=ADVANCED_FACE('',(#2968),#493,.F.);
#3169=ADVANCED_FACE('',(#2969),#36,.T.);
#3170=ADVANCED_FACE('',(#2970),#37,.F.);
#3171=ADVANCED_FACE('',(#2971),#494,.T.);
#3172=ADVANCED_FACE('',(#2972),#495,.F.);
#3173=ADVANCED_FACE('',(#2973),#496,.F.);
#3174=ADVANCED_FACE('',(#2974),#38,.T.);
#3175=ADVANCED_FACE('',(#2975),#39,.F.);
#3176=ADVANCED_FACE('',(#2976),#497,.T.);
#3177=ADVANCED_FACE('',(#2977),#498,.F.);
#3178=ADVANCED_FACE('',(#2978),#499,.F.);
#3179=ADVANCED_FACE('',(#2979),#40,.T.);
#3180=ADVANCED_FACE('',(#2980),#41,.F.);
#3181=ADVANCED_FACE('',(#2981),#500,.T.);
#3182=ADVANCED_FACE('',(#2982),#501,.F.);
#3183=ADVANCED_FACE('',(#2983),#502,.F.);
#3184=ADVANCED_FACE('',(#2984),#42,.T.);
#3185=ADVANCED_FACE('',(#2985),#43,.F.);
#3186=ADVANCED_FACE('',(#2986),#503,.T.);
#3187=ADVANCED_FACE('',(#2987),#504,.F.);
#3188=ADVANCED_FACE('',(#2988),#505,.F.);
#3189=ADVANCED_FACE('',(#2989),#44,.T.);
#3190=ADVANCED_FACE('',(#2990),#45,.F.);
#3191=ADVANCED_FACE('',(#2991),#506,.T.);
#3192=ADVANCED_FACE('',(#2992),#507,.F.);
#3193=ADVANCED_FACE('',(#2993),#508,.F.);
#3194=ADVANCED_FACE('',(#2994),#46,.T.);
#3195=ADVANCED_FACE('',(#2995),#47,.F.);
#3196=ADVANCED_FACE('',(#2996),#509,.T.);
#3197=ADVANCED_FACE('',(#2997),#510,.F.);
#3198=ADVANCED_FACE('',(#2998),#511,.F.);
#3199=CLOSED_SHELL('',(#3027,#3028,#3029,#3030,#3031,#3032,#3033,#3034,
#3035,#3036,#3037,#3038,#3039,#3040,#3041,#3042,#3043,#3044,#3045,#3046,
#3047,#3048,#3049,#3050,#3051,#3052,#3053,#3054,#3055,#3056,#3057,#3058,
#3059,#3060,#3061,#3062,#3063,#3064,#3065,#3066,#3067,#3068,#3069,#3070,
#3071,#3072,#3073,#3074,#3075,#3076,#3077,#3078,#3079,#3080,#3081,#3082,
#3083,#3084,#3085,#3086,#3087,#3088,#3089,#3090,#3091,#3092,#3093,#3094,
#3095,#3096,#3097,#3098,#3099,#3100,#3101,#3102,#3103,#3104,#3105,#3106,
#3107,#3108,#3109,#3110,#3111,#3112,#3113,#3114,#3115,#3116,#3117,#3118,
#3119,#3120,#3121,#3122,#3123,#3124,#3125,#3126,#3127,#3128,#3129,#3130,
#3131,#3132,#3133,#3134,#3135,#3136,#3137,#3138,#3139,#3140,#3141,#3142,
#3143,#3144,#3145,#3146,#3147,#3148,#3149,#3150,#3151,#3152,#3153,#3154,
#3155,#3156,#3157,#3158,#3159,#3160,#3161,#3162,#3163,#3164,#3165,#3166,
#3167,#3168,#3169,#3170,#3171,#3172,#3173,#3174,#3175,#3176,#3177,#3178,
#3179,#3180,#3181,#3182,#3183,#3184,#3185,#3186,#3187,#3188,#3189,#3190,
#3191,#3192,#3193,#3194,#3195,#3196,#3197,#3198));
#3200=STYLED_ITEM('',(#3201),#3208);
#3201=PRESENTATION_STYLE_ASSIGNMENT((#3202));
#3202=SURFACE_STYLE_USAGE(.BOTH.,#3203);
#3203=SURFACE_SIDE_STYLE('',(#3204));
#3204=SURFACE_STYLE_FILL_AREA(#3205);
#3205=FILL_AREA_STYLE('',(#3206));
#3206=FILL_AREA_STYLE_COLOUR('',#3207);
#3207=COLOUR_RGB('',0.917647058823529,0.917647058823529,0.917647058823529);
#3208=MANIFOLD_SOLID_BREP('Knee Pitch giver',#3199);
#3209=SHAPE_DEFINITION_REPRESENTATION(#8966,#3210);
#3210=SHAPE_REPRESENTATION('Knee Pitch giver',(#3211),#8961);
#3211=AXIS2_PLACEMENT_3D('',#4430,#3558,#3559);
#3212=AXIS2_PLACEMENT_3D('',#4431,#3560,#3561);
#3213=AXIS2_PLACEMENT_3D('',#4432,#3562,#3563);
#3214=AXIS2_PLACEMENT_3D('',#4435,#3564,#3565);
#3215=AXIS2_PLACEMENT_3D('',#4437,#3566,#3567);
#3216=AXIS2_PLACEMENT_3D('',#4439,#3568,#3569);
#3217=AXIS2_PLACEMENT_3D('',#4441,#3570,#3571);
#3218=AXIS2_PLACEMENT_3D('',#4443,#3572,#3573);
#3219=AXIS2_PLACEMENT_3D('',#4445,#3574,#3575);
#3220=AXIS2_PLACEMENT_3D('',#4447,#3576,#3577);
#3221=AXIS2_PLACEMENT_3D('',#4449,#3578,#3579);
#3222=AXIS2_PLACEMENT_3D('',#4451,#3580,#3581);
#3223=AXIS2_PLACEMENT_3D('',#4452,#3582,#3583);
#3224=AXIS2_PLACEMENT_3D('',#4454,#3584,#3585);
#3225=AXIS2_PLACEMENT_3D('',#4456,#3586,#3587);
#3226=AXIS2_PLACEMENT_3D('',#4458,#3588,#3589);
#3227=AXIS2_PLACEMENT_3D('',#4460,#3590,#3591);
#3228=AXIS2_PLACEMENT_3D('',#4499,#3592,#3593);
#3229=AXIS2_PLACEMENT_3D('',#4537,#3594,#3595);
#3230=AXIS2_PLACEMENT_3D('',#4539,#3596,#3597);
#3231=AXIS2_PLACEMENT_3D('',#4541,#3598,#3599);
#3232=AXIS2_PLACEMENT_3D('',#4579,#3600,#3601);
#3233=AXIS2_PLACEMENT_3D('',#4617,#3602,#3603);
#3234=AXIS2_PLACEMENT_3D('',#4619,#3604,#3605);
#3235=AXIS2_PLACEMENT_3D('',#4621,#3606,#3607);
#3236=AXIS2_PLACEMENT_3D('',#4659,#3608,#3609);
#3237=AXIS2_PLACEMENT_3D('',#4697,#3610,#3611);
#3238=AXIS2_PLACEMENT_3D('',#4699,#3612,#3613);
#3239=AXIS2_PLACEMENT_3D('',#4701,#3614,#3615);
#3240=AXIS2_PLACEMENT_3D('',#4739,#3616,#3617);
#3241=AXIS2_PLACEMENT_3D('',#4777,#3618,#3619);
#3242=AXIS2_PLACEMENT_3D('',#4779,#3620,#3621);
#3243=AXIS2_PLACEMENT_3D('',#4781,#3622,#3623);
#3244=AXIS2_PLACEMENT_3D('',#4819,#3624,#3625);
#3245=AXIS2_PLACEMENT_3D('',#4857,#3626,#3627);
#3246=AXIS2_PLACEMENT_3D('',#4859,#3628,#3629);
#3247=AXIS2_PLACEMENT_3D('',#4861,#3630,#3631);
#3248=AXIS2_PLACEMENT_3D('',#4899,#3632,#3633);
#3249=AXIS2_PLACEMENT_3D('',#4937,#3634,#3635);
#3250=AXIS2_PLACEMENT_3D('',#4939,#3636,#3637);
#3251=AXIS2_PLACEMENT_3D('',#4941,#3638,#3639);
#3252=AXIS2_PLACEMENT_3D('',#4979,#3640,#3641);
#3253=AXIS2_PLACEMENT_3D('',#5017,#3642,#3643);
#3254=AXIS2_PLACEMENT_3D('',#5019,#3644,#3645);
#3255=AXIS2_PLACEMENT_3D('',#5021,#3646,#3647);
#3256=AXIS2_PLACEMENT_3D('',#5059,#3648,#3649);
#3257=AXIS2_PLACEMENT_3D('',#5097,#3650,#3651);
#3258=AXIS2_PLACEMENT_3D('',#5099,#3652,#3653);
#3259=AXIS2_PLACEMENT_3D('',#5101,#3654,#3655);
#3260=AXIS2_PLACEMENT_3D('',#5139,#3656,#3657);
#3261=AXIS2_PLACEMENT_3D('',#5177,#3658,#3659);
#3262=AXIS2_PLACEMENT_3D('',#5179,#3660,#3661);
#3263=AXIS2_PLACEMENT_3D('',#5181,#3662,#3663);
#3264=AXIS2_PLACEMENT_3D('',#5219,#3664,#3665);
#3265=AXIS2_PLACEMENT_3D('',#5257,#3666,#3667);
#3266=AXIS2_PLACEMENT_3D('',#5259,#3668,#3669);
#3267=AXIS2_PLACEMENT_3D('',#5261,#3670,#3671);
#3268=AXIS2_PLACEMENT_3D('',#5299,#3672,#3673);
#3269=AXIS2_PLACEMENT_3D('',#5337,#3674,#3675);
#3270=AXIS2_PLACEMENT_3D('',#5339,#3676,#3677);
#3271=AXIS2_PLACEMENT_3D('',#5341,#3678,#3679);
#3272=AXIS2_PLACEMENT_3D('',#5379,#3680,#3681);
#3273=AXIS2_PLACEMENT_3D('',#5417,#3682,#3683);
#3274=AXIS2_PLACEMENT_3D('',#5419,#3684,#3685);
#3275=AXIS2_PLACEMENT_3D('',#5421,#3686,#3687);
#3276=AXIS2_PLACEMENT_3D('',#5459,#3688,#3689);
#3277=AXIS2_PLACEMENT_3D('',#5497,#3690,#3691);
#3278=AXIS2_PLACEMENT_3D('',#5499,#3692,#3693);
#3279=AXIS2_PLACEMENT_3D('',#5501,#3694,#3695);
#3280=AXIS2_PLACEMENT_3D('',#5539,#3696,#3697);
#3281=AXIS2_PLACEMENT_3D('',#5577,#3698,#3699);
#3282=AXIS2_PLACEMENT_3D('',#5579,#3700,#3701);
#3283=AXIS2_PLACEMENT_3D('',#5581,#3702,#3703);
#3284=AXIS2_PLACEMENT_3D('',#5619,#3704,#3705);
#3285=AXIS2_PLACEMENT_3D('',#5657,#3706,#3707);
#3286=AXIS2_PLACEMENT_3D('',#5659,#3708,#3709);
#3287=AXIS2_PLACEMENT_3D('',#5661,#3710,#3711);
#3288=AXIS2_PLACEMENT_3D('',#5699,#3712,#3713);
#3289=AXIS2_PLACEMENT_3D('',#5737,#3714,#3715);
#3290=AXIS2_PLACEMENT_3D('',#5739,#3716,#3717);
#3291=AXIS2_PLACEMENT_3D('',#5741,#3718,#3719);
#3292=AXIS2_PLACEMENT_3D('',#5779,#3720,#3721);
#3293=AXIS2_PLACEMENT_3D('',#5817,#3722,#3723);
#3294=AXIS2_PLACEMENT_3D('',#5819,#3724,#3725);
#3295=AXIS2_PLACEMENT_3D('',#5821,#3726,#3727);
#3296=AXIS2_PLACEMENT_3D('',#5859,#3728,#3729);
#3297=AXIS2_PLACEMENT_3D('',#5897,#3730,#3731);
#3298=AXIS2_PLACEMENT_3D('',#5899,#3732,#3733);
#3299=AXIS2_PLACEMENT_3D('',#5900,#3734,#3735);
#3300=AXIS2_PLACEMENT_3D('',#5901,#3736,#3737);
#3301=AXIS2_PLACEMENT_3D('',#5905,#3739,#3740);
#3302=AXIS2_PLACEMENT_3D('',#5910,#3743,#3744);
#3303=AXIS2_PLACEMENT_3D('',#5915,#3747,#3748);
#3304=AXIS2_PLACEMENT_3D('',#5920,#3751,#3752);
#3305=AXIS2_PLACEMENT_3D('',#5925,#3755,#3756);
#3306=AXIS2_PLACEMENT_3D('',#5928,#3758,#3759);
#3307=AXIS2_PLACEMENT_3D('',#5929,#3760,#3761);
#3308=AXIS2_PLACEMENT_3D('',#5931,#3762,#3763);
#3309=AXIS2_PLACEMENT_3D('',#5933,#3764,#3765);
#3310=AXIS2_PLACEMENT_3D('',#5934,#3766,#3767);
#3311=AXIS2_PLACEMENT_3D('',#5936,#3768,#3769);
#3312=AXIS2_PLACEMENT_3D('',#5937,#3770,#3771);
#3313=AXIS2_PLACEMENT_3D('',#5939,#3772,#3773);
#3314=AXIS2_PLACEMENT_3D('',#5940,#3774,#3775);
#3315=AXIS2_PLACEMENT_3D('',#5942,#3776,#3777);
#3316=AXIS2_PLACEMENT_3D('',#5943,#3778,#3779);
#3317=AXIS2_PLACEMENT_3D('',#5945,#3780,#3781);
#3318=AXIS2_PLACEMENT_3D('',#5946,#3782,#3783);
#3319=AXIS2_PLACEMENT_3D('',#5950,#3785,#3786);
#3320=AXIS2_PLACEMENT_3D('',#5954,#3788,#3789);
#3321=AXIS2_PLACEMENT_3D('',#5955,#3790,#3791);
#3322=AXIS2_PLACEMENT_3D('',#5958,#3793,#3794);
#3323=AXIS2_PLACEMENT_3D('',#5961,#3796,#3797);
#3324=AXIS2_PLACEMENT_3D('',#5965,#3799,#3800);
#3325=AXIS2_PLACEMENT_3D('',#5969,#3802,#3803);
#3326=AXIS2_PLACEMENT_3D('',#5970,#3804,#3805);
#3327=AXIS2_PLACEMENT_3D('',#5971,#3806,#3807);
#3328=AXIS2_PLACEMENT_3D('',#5976,#3810,#3811);
#3329=AXIS2_PLACEMENT_3D('',#5979,#3813,#3814);
#3330=AXIS2_PLACEMENT_3D('',#5982,#3816,#3817);
#3331=AXIS2_PLACEMENT_3D('',#5985,#3819,#3820);
#3332=AXIS2_PLACEMENT_3D('',#5988,#3822,#3823);
#3333=AXIS2_PLACEMENT_3D('',#6004,#3824,#3825);
#3334=AXIS2_PLACEMENT_3D('',#6020,#3826,#3827);
#3335=AXIS2_PLACEMENT_3D('',#6021,#3828,#3829);
#3336=AXIS2_PLACEMENT_3D('',#6022,#3830,#3831);
#3337=AXIS2_PLACEMENT_3D('',#6023,#3832,#3833);
#3338=AXIS2_PLACEMENT_3D('',#6027,#3835,#3836);
#3339=AXIS2_PLACEMENT_3D('',#6031,#3838,#3839);
#3340=AXIS2_PLACEMENT_3D('',#6032,#3840,#3841);
#3341=AXIS2_PLACEMENT_3D('',#6035,#3843,#3844);
#3342=AXIS2_PLACEMENT_3D('',#6038,#3846,#3847);
#3343=AXIS2_PLACEMENT_3D('',#6042,#3849,#3850);
#3344=AXIS2_PLACEMENT_3D('',#6046,#3852,#3853);
#3345=AXIS2_PLACEMENT_3D('',#6047,#3854,#3855);
#3346=AXIS2_PLACEMENT_3D('',#6048,#3856,#3857);
#3347=AXIS2_PLACEMENT_3D('',#6053,#3860,#3861);
#3348=AXIS2_PLACEMENT_3D('',#6056,#3863,#3864);
#3349=AXIS2_PLACEMENT_3D('',#6059,#3866,#3867);
#3350=AXIS2_PLACEMENT_3D('',#6062,#3869,#3870);
#3351=AXIS2_PLACEMENT_3D('',#6065,#3872,#3873);
#3352=AXIS2_PLACEMENT_3D('',#6081,#3874,#3875);
#3353=AXIS2_PLACEMENT_3D('',#6097,#3876,#3877);
#3354=AXIS2_PLACEMENT_3D('',#6098,#3878,#3879);
#3355=AXIS2_PLACEMENT_3D('',#6099,#3880,#3881);
#3356=AXIS2_PLACEMENT_3D('',#6100,#3882,#3883);
#3357=AXIS2_PLACEMENT_3D('',#6104,#3885,#3886);
#3358=AXIS2_PLACEMENT_3D('',#6108,#3888,#3889);
#3359=AXIS2_PLACEMENT_3D('',#6109,#3890,#3891);
#3360=AXIS2_PLACEMENT_3D('',#6112,#3893,#3894);
#3361=AXIS2_PLACEMENT_3D('',#6115,#3896,#3897);
#3362=AXIS2_PLACEMENT_3D('',#6119,#3899,#3900);
#3363=AXIS2_PLACEMENT_3D('',#6123,#3902,#3903);
#3364=AXIS2_PLACEMENT_3D('',#6124,#3904,#3905);
#3365=AXIS2_PLACEMENT_3D('',#6125,#3906,#3907);
#3366=AXIS2_PLACEMENT_3D('',#6130,#3910,#3911);
#3367=AXIS2_PLACEMENT_3D('',#6133,#3913,#3914);
#3368=AXIS2_PLACEMENT_3D('',#6136,#3916,#3917);
#3369=AXIS2_PLACEMENT_3D('',#6139,#3919,#3920);
#3370=AXIS2_PLACEMENT_3D('',#6142,#3922,#3923);
#3371=AXIS2_PLACEMENT_3D('',#6158,#3924,#3925);
#3372=AXIS2_PLACEMENT_3D('',#6174,#3926,#3927);
#3373=AXIS2_PLACEMENT_3D('',#6175,#3928,#3929);
#3374=AXIS2_PLACEMENT_3D('',#6176,#3930,#3931);
#3375=AXIS2_PLACEMENT_3D('',#6177,#3932,#3933);
#3376=AXIS2_PLACEMENT_3D('',#6181,#3935,#3936);
#3377=AXIS2_PLACEMENT_3D('',#6185,#3938,#3939);
#3378=AXIS2_PLACEMENT_3D('',#6186,#3940,#3941);
#3379=AXIS2_PLACEMENT_3D('',#6189,#3943,#3944);
#3380=AXIS2_PLACEMENT_3D('',#6192,#3946,#3947);
#3381=AXIS2_PLACEMENT_3D('',#6196,#3949,#3950);
#3382=AXIS2_PLACEMENT_3D('',#6200,#3952,#3953);
#3383=AXIS2_PLACEMENT_3D('',#6201,#3954,#3955);
#3384=AXIS2_PLACEMENT_3D('',#6202,#3956,#3957);
#3385=AXIS2_PLACEMENT_3D('',#6207,#3960,#3961);
#3386=AXIS2_PLACEMENT_3D('',#6210,#3963,#3964);
#3387=AXIS2_PLACEMENT_3D('',#6213,#3966,#3967);
#3388=AXIS2_PLACEMENT_3D('',#6216,#3969,#3970);
#3389=AXIS2_PLACEMENT_3D('',#6219,#3972,#3973);
#3390=AXIS2_PLACEMENT_3D('',#6235,#3974,#3975);
#3391=AXIS2_PLACEMENT_3D('',#6251,#3976,#3977);
#3392=AXIS2_PLACEMENT_3D('',#6252,#3978,#3979);
#3393=AXIS2_PLACEMENT_3D('',#6253,#3980,#3981);
#3394=AXIS2_PLACEMENT_3D('',#6254,#3982,#3983);
#3395=AXIS2_PLACEMENT_3D('',#6258,#3985,#3986);
#3396=AXIS2_PLACEMENT_3D('',#6262,#3988,#3989);
#3397=AXIS2_PLACEMENT_3D('',#6263,#3990,#3991);
#3398=AXIS2_PLACEMENT_3D('',#6266,#3993,#3994);
#3399=AXIS2_PLACEMENT_3D('',#6269,#3996,#3997);
#3400=AXIS2_PLACEMENT_3D('',#6273,#3999,#4000);
#3401=AXIS2_PLACEMENT_3D('',#6277,#4002,#4003);
#3402=AXIS2_PLACEMENT_3D('',#6278,#4004,#4005);
#3403=AXIS2_PLACEMENT_3D('',#6279,#4006,#4007);
#3404=AXIS2_PLACEMENT_3D('',#6284,#4010,#4011);
#3405=AXIS2_PLACEMENT_3D('',#6287,#4013,#4014);
#3406=AXIS2_PLACEMENT_3D('',#6290,#4016,#4017);
#3407=AXIS2_PLACEMENT_3D('',#6293,#4019,#4020);
#3408=AXIS2_PLACEMENT_3D('',#6296,#4022,#4023);
#3409=AXIS2_PLACEMENT_3D('',#6312,#4024,#4025);
#3410=AXIS2_PLACEMENT_3D('',#6328,#4026,#4027);
#3411=AXIS2_PLACEMENT_3D('',#6329,#4028,#4029);
#3412=AXIS2_PLACEMENT_3D('',#6330,#4030,#4031);
#3413=AXIS2_PLACEMENT_3D('',#6331,#4032,#4033);
#3414=AXIS2_PLACEMENT_3D('',#6334,#4035,#4036);
#3415=AXIS2_PLACEMENT_3D('',#6337,#4038,#4039);
#3416=AXIS2_PLACEMENT_3D('',#6340,#4041,#4042);
#3417=AXIS2_PLACEMENT_3D('',#6343,#4044,#4045);
#3418=AXIS2_PLACEMENT_3D('',#6346,#4047,#4048);
#3419=AXIS2_PLACEMENT_3D('',#6349,#4050,#4051);
#3420=AXIS2_PLACEMENT_3D('',#6350,#4052,#4053);
#3421=AXIS2_PLACEMENT_3D('',#6355,#4056,#4057);
#3422=AXIS2_PLACEMENT_3D('',#6358,#4059,#4060);
#3423=AXIS2_PLACEMENT_3D('',#6361,#4062,#4063);
#3424=AXIS2_PLACEMENT_3D('',#6362,#4064,#4065);
#3425=AXIS2_PLACEMENT_3D('',#6367,#4068,#4069);
#3426=AXIS2_PLACEMENT_3D('',#6370,#4071,#4072);
#3427=AXIS2_PLACEMENT_3D('',#6373,#4074,#4075);
#3428=AXIS2_PLACEMENT_3D('',#6374,#4076,#4077);
#3429=AXIS2_PLACEMENT_3D('',#6379,#4080,#4081);
#3430=AXIS2_PLACEMENT_3D('',#6382,#4083,#4084);
#3431=AXIS2_PLACEMENT_3D('',#6385,#4086,#4087);
#3432=AXIS2_PLACEMENT_3D('',#6386,#4088,#4089);
#3433=AXIS2_PLACEMENT_3D('',#6391,#4092,#4093);
#3434=AXIS2_PLACEMENT_3D('',#6394,#4095,#4096);
#3435=AXIS2_PLACEMENT_3D('',#6397,#4098,#4099);
#3436=AXIS2_PLACEMENT_3D('',#6398,#4100,#4101);
#3437=AXIS2_PLACEMENT_3D('',#6403,#4104,#4105);
#3438=AXIS2_PLACEMENT_3D('',#6404,#4106,#4107);
#3439=AXIS2_PLACEMENT_3D('',#6409,#4110,#4111);
#3440=AXIS2_PLACEMENT_3D('',#6410,#4112,#4113);
#3441=AXIS2_PLACEMENT_3D('',#6415,#4116,#4117);
#3442=AXIS2_PLACEMENT_3D('',#6418,#4119,#4120);
#3443=AXIS2_PLACEMENT_3D('',#6421,#4122,#4123);
#3444=AXIS2_PLACEMENT_3D('',#6422,#4124,#4125);
#3445=AXIS2_PLACEMENT_3D('',#6427,#4128,#4129);
#3446=AXIS2_PLACEMENT_3D('',#6428,#4130,#4131);
#3447=AXIS2_PLACEMENT_3D('',#6433,#4134,#4135);
#3448=AXIS2_PLACEMENT_3D('',#6434,#4136,#4137);
#3449=AXIS2_PLACEMENT_3D('',#6508,#4138,#4139);
#3450=AXIS2_PLACEMENT_3D('',#6510,#4140,#4141);
#3451=AXIS2_PLACEMENT_3D('',#6512,#4142,#4143);
#3452=AXIS2_PLACEMENT_3D('',#6585,#4144,#4145);
#3453=AXIS2_PLACEMENT_3D('',#6587,#4146,#4147);
#3454=AXIS2_PLACEMENT_3D('',#6589,#4148,#4149);
#3455=AXIS2_PLACEMENT_3D('',#6662,#4150,#4151);
#3456=AXIS2_PLACEMENT_3D('',#6664,#4152,#4153);
#3457=AXIS2_PLACEMENT_3D('',#6666,#4154,#4155);
#3458=AXIS2_PLACEMENT_3D('',#6739,#4156,#4157);
#3459=AXIS2_PLACEMENT_3D('',#6741,#4158,#4159);
#3460=AXIS2_PLACEMENT_3D('',#6743,#4160,#4161);
#3461=AXIS2_PLACEMENT_3D('',#6816,#4162,#4163);
#3462=AXIS2_PLACEMENT_3D('',#6818,#4164,#4165);
#3463=AXIS2_PLACEMENT_3D('',#6820,#4166,#4167);
#3464=AXIS2_PLACEMENT_3D('',#6893,#4168,#4169);
#3465=AXIS2_PLACEMENT_3D('',#6895,#4170,#4171);
#3466=AXIS2_PLACEMENT_3D('',#6897,#4172,#4173);
#3467=AXIS2_PLACEMENT_3D('',#6970,#4174,#4175);
#3468=AXIS2_PLACEMENT_3D('',#6972,#4176,#4177);
#3469=AXIS2_PLACEMENT_3D('',#6974,#4178,#4179);
#3470=AXIS2_PLACEMENT_3D('',#7047,#4180,#4181);
#3471=AXIS2_PLACEMENT_3D('',#7049,#4182,#4183);
#3472=AXIS2_PLACEMENT_3D('',#7051,#4184,#4185);
#3473=AXIS2_PLACEMENT_3D('',#7124,#4186,#4187);
#3474=AXIS2_PLACEMENT_3D('',#7126,#4188,#4189);
#3475=AXIS2_PLACEMENT_3D('',#7128,#4190,#4191);
#3476=AXIS2_PLACEMENT_3D('',#7201,#4192,#4193);
#3477=AXIS2_PLACEMENT_3D('',#7203,#4194,#4195);
#3478=AXIS2_PLACEMENT_3D('',#7205,#4196,#4197);
#3479=AXIS2_PLACEMENT_3D('',#7278,#4198,#4199);
#3480=AXIS2_PLACEMENT_3D('',#7280,#4200,#4201);
#3481=AXIS2_PLACEMENT_3D('',#7282,#4202,#4203);
#3482=AXIS2_PLACEMENT_3D('',#7355,#4204,#4205);
#3483=AXIS2_PLACEMENT_3D('',#7357,#4206,#4207);
#3484=AXIS2_PLACEMENT_3D('',#7359,#4208,#4209);
#3485=AXIS2_PLACEMENT_3D('',#7432,#4210,#4211);
#3486=AXIS2_PLACEMENT_3D('',#7434,#4212,#4213);
#3487=AXIS2_PLACEMENT_3D('',#7436,#4214,#4215);
#3488=AXIS2_PLACEMENT_3D('',#7474,#4216,#4217);
#3489=AXIS2_PLACEMENT_3D('',#7512,#4218,#4219);
#3490=AXIS2_PLACEMENT_3D('',#7514,#4220,#4221);
#3491=AXIS2_PLACEMENT_3D('',#7516,#4222,#4223);
#3492=AXIS2_PLACEMENT_3D('',#7589,#4224,#4225);
#3493=AXIS2_PLACEMENT_3D('',#7591,#4226,#4227);
#3494=AXIS2_PLACEMENT_3D('',#7593,#4228,#4229);
#3495=AXIS2_PLACEMENT_3D('',#7666,#4230,#4231);
#3496=AXIS2_PLACEMENT_3D('',#7668,#4232,#4233);
#3497=AXIS2_PLACEMENT_3D('',#7670,#4234,#4235);
#3498=AXIS2_PLACEMENT_3D('',#7743,#4236,#4237);
#3499=AXIS2_PLACEMENT_3D('',#7745,#4238,#4239);
#3500=AXIS2_PLACEMENT_3D('',#7747,#4240,#4241);
#3501=AXIS2_PLACEMENT_3D('',#7820,#4242,#4243);
#3502=AXIS2_PLACEMENT_3D('',#7822,#4244,#4245);
#3503=AXIS2_PLACEMENT_3D('',#7823,#4246,#4247);
#3504=AXIS2_PLACEMENT_3D('',#7884,#4252,#4253);
#3505=AXIS2_PLACEMENT_3D('',#7887,#4256,#4257);
#3506=AXIS2_PLACEMENT_3D('',#7888,#4258,#4259);
#3507=AXIS2_PLACEMENT_3D('',#7947,#4262,#4263);
#3508=AXIS2_PLACEMENT_3D('',#7950,#4266,#4267);
#3509=AXIS2_PLACEMENT_3D('',#7951,#4268,#4269);
#3510=AXIS2_PLACEMENT_3D('',#8010,#4272,#4273);
#3511=AXIS2_PLACEMENT_3D('',#8013,#4276,#4277);
#3512=AXIS2_PLACEMENT_3D('',#8014,#4278,#4279);
#3513=AXIS2_PLACEMENT_3D('',#8073,#4282,#4283);
#3514=AXIS2_PLACEMENT_3D('',#8076,#4286,#4287);
#3515=AXIS2_PLACEMENT_3D('',#8077,#4288,#4289);
#3516=AXIS2_PLACEMENT_3D('',#8136,#4292,#4293);
#3517=AXIS2_PLACEMENT_3D('',#8139,#4296,#4297);
#3518=AXIS2_PLACEMENT_3D('',#8140,#4298,#4299);
#3519=AXIS2_PLACEMENT_3D('',#8199,#4302,#4303);
#3520=AXIS2_PLACEMENT_3D('',#8202,#4306,#4307);
#3521=AXIS2_PLACEMENT_3D('',#8203,#4308,#4309);
#3522=AXIS2_PLACEMENT_3D('',#8262,#4312,#4313);
#3523=AXIS2_PLACEMENT_3D('',#8265,#4316,#4317);
#3524=AXIS2_PLACEMENT_3D('',#8266,#4318,#4319);
#3525=AXIS2_PLACEMENT_3D('',#8325,#4322,#4323);
#3526=AXIS2_PLACEMENT_3D('',#8328,#4326,#4327);
#3527=AXIS2_PLACEMENT_3D('',#8329,#4328,#4329);
#3528=AXIS2_PLACEMENT_3D('',#8388,#4332,#4333);
#3529=AXIS2_PLACEMENT_3D('',#8391,#4336,#4337);
#3530=AXIS2_PLACEMENT_3D('',#8392,#4338,#4339);
#3531=AXIS2_PLACEMENT_3D('',#8451,#4342,#4343);
#3532=AXIS2_PLACEMENT_3D('',#8454,#4346,#4347);
#3533=AXIS2_PLACEMENT_3D('',#8455,#4348,#4349);
#3534=AXIS2_PLACEMENT_3D('',#8514,#4352,#4353);
#3535=AXIS2_PLACEMENT_3D('',#8517,#4356,#4357);
#3536=AXIS2_PLACEMENT_3D('',#8518,#4358,#4359);
#3537=AXIS2_PLACEMENT_3D('',#8577,#4362,#4363);
#3538=AXIS2_PLACEMENT_3D('',#8580,#4366,#4367);
#3539=AXIS2_PLACEMENT_3D('',#8581,#4368,#4369);
#3540=AXIS2_PLACEMENT_3D('',#8640,#4372,#4373);
#3541=AXIS2_PLACEMENT_3D('',#8643,#4376,#4377);
#3542=AXIS2_PLACEMENT_3D('',#8644,#4378,#4379);
#3543=AXIS2_PLACEMENT_3D('',#8703,#4382,#4383);
#3544=AXIS2_PLACEMENT_3D('',#8706,#4386,#4387);
#3545=AXIS2_PLACEMENT_3D('',#8707,#4388,#4389);
#3546=AXIS2_PLACEMENT_3D('',#8766,#4392,#4393);
#3547=AXIS2_PLACEMENT_3D('',#8769,#4396,#4397);
#3548=AXIS2_PLACEMENT_3D('',#8770,#4398,#4399);
#3549=AXIS2_PLACEMENT_3D('',#8829,#4402,#4403);
#3550=AXIS2_PLACEMENT_3D('',#8832,#4406,#4407);
#3551=AXIS2_PLACEMENT_3D('',#8833,#4408,#4409);
#3552=AXIS2_PLACEMENT_3D('',#8892,#4412,#4413);
#3553=AXIS2_PLACEMENT_3D('',#8895,#4416,#4417);
#3554=AXIS2_PLACEMENT_3D('',#8896,#4418,#4419);
#3555=AXIS2_PLACEMENT_3D('',#8955,#4422,#4423);
#3556=AXIS2_PLACEMENT_3D('',#8958,#4426,#4427);
#3557=AXIS2_PLACEMENT_3D('',#8959,#4428,#4429);
#3558=DIRECTION('',(0.,0.,1.));
#3559=DIRECTION('',(1.,0.,0.));
#3560=DIRECTION('',(1.,0.,0.));
#3561=DIRECTION('',(0.,1.,0.));
#3562=DIRECTION('',(1.,0.,0.));
#3563=DIRECTION('',(0.,0.,-1.));
#3564=DIRECTION('',(1.,0.,0.));
#3565=DIRECTION('',(0.,0.,-1.));
#3566=DIRECTION('',(1.,0.,0.));
#3567=DIRECTION('',(0.,0.,-1.));
#3568=DIRECTION('',(1.,0.,0.));
#3569=DIRECTION('',(0.,0.,-1.));
#3570=DIRECTION('',(1.,0.,0.));
#3571=DIRECTION('',(0.,0.,-1.));
#3572=DIRECTION('',(1.,0.,0.));
#3573=DIRECTION('',(0.,0.,-1.));
#3574=DIRECTION('',(1.,0.,0.));
#3575=DIRECTION('',(0.,0.,-1.));
#3576=DIRECTION('',(1.,0.,0.));
#3577=DIRECTION('',(0.,0.,-1.));
#3578=DIRECTION('',(1.,0.,0.));
#3579=DIRECTION('',(0.,0.,-1.));
#3580=DIRECTION('',(1.,0.,0.));
#3581=DIRECTION('',(0.,0.,-1.));
#3582=DIRECTION('',(1.,0.,0.));
#3583=DIRECTION('',(0.,0.,-1.));
#3584=DIRECTION('',(1.,0.,0.));
#3585=DIRECTION('',(0.,0.,-1.));
#3586=DIRECTION('',(1.,0.,0.));
#3587=DIRECTION('',(0.,0.,-1.));
#3588=DIRECTION('',(1.,0.,0.));
#3589=DIRECTION('',(0.,0.,-1.));
#3590=DIRECTION('',(-1.,0.,0.));
#3591=DIRECTION('',(0.,0.984807753012208,0.17364817766693));
#3592=DIRECTION('',(-1.,0.,0.));
#3593=DIRECTION('',(0.,0.,1.));
#3594=DIRECTION('',(-1.,0.,0.));
#3595=DIRECTION('',(0.,0.866025403784439,0.5));
#3596=DIRECTION('',(-1.,0.,0.));
#3597=DIRECTION('',(0.,0.866025403784439,0.5));
#3598=DIRECTION('',(-1.,0.,0.));
#3599=DIRECTION('',(0.,0.866025403784439,0.5));
#3600=DIRECTION('',(-1.,0.,0.));
#3601=DIRECTION('',(0.,0.,1.));
#3602=DIRECTION('',(-1.,0.,0.));
#3603=DIRECTION('',(0.,0.642787609686539,0.766044443118978));
#3604=DIRECTION('',(-1.,0.,0.));
#3605=DIRECTION('',(0.,0.642787609686539,0.766044443118978));
#3606=DIRECTION('',(-1.,0.,0.));
#3607=DIRECTION('',(0.,0.642787609686539,0.766044443118978));
#3608=DIRECTION('',(-1.,0.,0.));
#3609=DIRECTION('',(0.,0.,1.));
#3610=DIRECTION('',(-1.,0.,0.));
#3611=DIRECTION('',(0.,0.342020143325668,0.939692620785908));
#3612=DIRECTION('',(-1.,0.,0.));
#3613=DIRECTION('',(0.,0.342020143325668,0.939692620785908));
#3614=DIRECTION('',(-1.,0.,0.));
#3615=DIRECTION('',(0.,0.342020143325668,0.939692620785908));
#3616=DIRECTION('',(-1.,0.,0.));
#3617=DIRECTION('',(0.,0.,1.));
#3618=DIRECTION('',(-1.,0.,0.));
#3619=DIRECTION('',(0.,0.,1.));
#3620=DIRECTION('',(-1.,0.,0.));
#3621=DIRECTION('',(0.,0.,1.));
#3622=DIRECTION('',(-1.,0.,0.));
#3623=DIRECTION('',(0.,0.,1.));
#3624=DIRECTION('',(-1.,0.,0.));
#3625=DIRECTION('',(0.,0.,1.));
#3626=DIRECTION('',(-1.,0.,0.));
#3627=DIRECTION('',(0.,-0.342020143325668,0.939692620785908));
#3628=DIRECTION('',(-1.,0.,0.));
#3629=DIRECTION('',(0.,-0.342020143325668,0.939692620785908));
#3630=DIRECTION('',(-1.,0.,0.));
#3631=DIRECTION('',(0.,-0.342020143325668,0.939692620785908));
#3632=DIRECTION('',(-1.,0.,0.));
#3633=DIRECTION('',(0.,0.,1.));
#3634=DIRECTION('',(-1.,0.,0.));
#3635=DIRECTION('',(0.,-0.64278760968654,0.766044443118978));
#3636=DIRECTION('',(-1.,0.,0.));
#3637=DIRECTION('',(0.,-0.64278760968654,0.766044443118978));
#3638=DIRECTION('',(-1.,0.,0.));
#3639=DIRECTION('',(0.,-0.64278760968654,0.766044443118978));
#3640=DIRECTION('',(-1.,0.,0.));
#3641=DIRECTION('',(0.,0.,1.));
#3642=DIRECTION('',(-1.,0.,0.));
#3643=DIRECTION('',(0.,-0.866025403784439,0.5));
#3644=DIRECTION('',(-1.,0.,0.));
#3645=DIRECTION('',(0.,-0.866025403784439,0.5));
#3646=DIRECTION('',(-1.,0.,0.));
#3647=DIRECTION('',(0.,-0.866025403784439,0.5));
#3648=DIRECTION('',(-1.,0.,0.));
#3649=DIRECTION('',(0.,0.,1.));
#3650=DIRECTION('',(-1.,0.,0.));
#3651=DIRECTION('',(0.,-0.984807753012208,0.17364817766693));
#3652=DIRECTION('',(-1.,0.,0.));
#3653=DIRECTION('',(0.,-0.984807753012208,0.17364817766693));
#3654=DIRECTION('',(-1.,0.,0.));
#3655=DIRECTION('',(0.,-0.984807753012208,0.17364817766693));
#3656=DIRECTION('',(-1.,0.,0.));
#3657=DIRECTION('',(0.,0.,1.));
#3658=DIRECTION('',(-1.,0.,0.));
#3659=DIRECTION('',(0.,-0.984807753012208,-0.17364817766693));
#3660=DIRECTION('',(-1.,0.,0.));
#3661=DIRECTION('',(0.,-0.984807753012208,-0.17364817766693));
#3662=DIRECTION('',(-1.,0.,0.));
#3663=DIRECTION('',(0.,-0.984807753012208,-0.17364817766693));
#3664=DIRECTION('',(-1.,0.,0.));
#3665=DIRECTION('',(0.,0.,1.));
#3666=DIRECTION('',(-1.,0.,0.));
#3667=DIRECTION('',(0.,-0.866025403784438,-0.5));
#3668=DIRECTION('',(-1.,0.,0.));
#3669=DIRECTION('',(0.,-0.866025403784438,-0.5));
#3670=DIRECTION('',(-1.,0.,0.));
#3671=DIRECTION('',(0.,-0.866025403784438,-0.5));
#3672=DIRECTION('',(-1.,0.,0.));
#3673=DIRECTION('',(0.,0.,1.));
#3674=DIRECTION('',(-1.,0.,0.));
#3675=DIRECTION('',(0.,-0.642787609686539,-0.766044443118978));
#3676=DIRECTION('',(-1.,0.,0.));
#3677=DIRECTION('',(0.,-0.642787609686539,-0.766044443118978));
#3678=DIRECTION('',(-1.,0.,0.));
#3679=DIRECTION('',(0.,-0.642787609686539,-0.766044443118978));
#3680=DIRECTION('',(-1.,0.,0.));
#3681=DIRECTION('',(0.,0.,1.));
#3682=DIRECTION('',(-1.,0.,0.));
#3683=DIRECTION('',(0.,-0.342020143325668,-0.939692620785908));
#3684=DIRECTION('',(-1.,0.,0.));
#3685=DIRECTION('',(0.,-0.342020143325668,-0.939692620785908));
#3686=DIRECTION('',(-1.,0.,0.));
#3687=DIRECTION('',(0.,-0.342020143325668,-0.939692620785908));
#3688=DIRECTION('',(-1.,0.,0.));
#3689=DIRECTION('',(0.,0.,1.));
#3690=DIRECTION('',(-1.,0.,0.));
#3691=DIRECTION('',(0.,1.22464679914735E-16,-1.));
#3692=DIRECTION('',(-1.,0.,0.));
#3693=DIRECTION('',(0.,1.22464679914735E-16,-1.));
#3694=DIRECTION('',(-1.,0.,0.));
#3695=DIRECTION('',(0.,1.22464679914735E-16,-1.));
#3696=DIRECTION('',(-1.,0.,0.));
#3697=DIRECTION('',(0.,0.,1.));
#3698=DIRECTION('',(-1.,0.,0.));
#3699=DIRECTION('',(0.,0.342020143325669,-0.939692620785908));
#3700=DIRECTION('',(-1.,0.,0.));
#3701=DIRECTION('',(0.,0.342020143325669,-0.939692620785908));
#3702=DIRECTION('',(-1.,0.,0.));
#3703=DIRECTION('',(0.,0.342020143325669,-0.939692620785908));
#3704=DIRECTION('',(-1.,0.,0.));
#3705=DIRECTION('',(0.,0.,1.));
#3706=DIRECTION('',(-1.,0.,0.));
#3707=DIRECTION('',(0.,0.64278760968654,-0.766044443118978));
#3708=DIRECTION('',(-1.,0.,0.));
#3709=DIRECTION('',(0.,0.64278760968654,-0.766044443118978));
#3710=DIRECTION('',(-1.,0.,0.));
#3711=DIRECTION('',(0.,0.64278760968654,-0.766044443118978));
#3712=DIRECTION('',(-1.,0.,0.));
#3713=DIRECTION('',(0.,0.,1.));
#3714=DIRECTION('',(-1.,0.,0.));
#3715=DIRECTION('',(0.,0.866025403784439,-0.5));
#3716=DIRECTION('',(-1.,0.,0.));
#3717=DIRECTION('',(0.,0.866025403784439,-0.5));
#3718=DIRECTION('',(-1.,0.,0.));
#3719=DIRECTION('',(0.,0.866025403784439,-0.5));
#3720=DIRECTION('',(-1.,0.,0.));
#3721=DIRECTION('',(0.,0.,1.));
#3722=DIRECTION('',(-1.,0.,0.));
#3723=DIRECTION('',(0.,0.984807753012208,-0.17364817766693));
#3724=DIRECTION('',(-1.,0.,0.));
#3725=DIRECTION('',(0.,0.984807753012208,-0.17364817766693));
#3726=DIRECTION('',(-1.,0.,0.));
#3727=DIRECTION('',(0.,0.984807753012208,-0.17364817766693));
#3728=DIRECTION('',(-1.,0.,0.));
#3729=DIRECTION('',(0.,0.,1.));
#3730=DIRECTION('',(-1.,0.,0.));
#3731=DIRECTION('',(0.,0.984807753012208,0.17364817766693));
#3732=DIRECTION('',(-1.,0.,0.));
#3733=DIRECTION('',(0.,0.984807753012208,0.17364817766693));
#3734=DIRECTION('',(1.,0.,0.));
#3735=DIRECTION('',(0.,0.,-1.));
#3736=DIRECTION('',(1.,0.,0.));
#3737=DIRECTION('',(0.,0.,-1.));
#3738=DIRECTION('',(1.,0.,0.));
#3739=DIRECTION('',(1.,0.,-1.24580888572481E-16));
#3740=DIRECTION('',(-1.24580888572481E-16,0.,-1.));
#3741=DIRECTION('',(1.,0.,0.));
#3742=DIRECTION('',(1.,0.,0.));
#3743=DIRECTION('',(1.,0.,-1.24580888572481E-16));
#3744=DIRECTION('',(-1.24580888572481E-16,0.,-1.));
#3745=DIRECTION('',(1.,0.,0.));
#3746=DIRECTION('',(1.,0.,0.));
#3747=DIRECTION('',(1.,0.,-1.24580888572481E-16));
#3748=DIRECTION('',(-1.24580888572481E-16,0.,-1.));
#3749=DIRECTION('',(1.,0.,0.));
#3750=DIRECTION('',(1.,0.,0.));
#3751=DIRECTION('',(1.,0.,-1.24580888572481E-16));
#3752=DIRECTION('',(-1.24580888572481E-16,0.,-1.));
#3753=DIRECTION('',(1.,0.,0.));
#3754=DIRECTION('',(1.,0.,0.));
#3755=DIRECTION('',(1.,0.,-1.24580888572481E-16));
#3756=DIRECTION('',(-1.24580888572481E-16,0.,-1.));
#3757=DIRECTION('',(1.,0.,0.));
#3758=DIRECTION('',(1.,0.,0.));
#3759=DIRECTION('',(0.,0.,-1.));
#3760=DIRECTION('',(1.,0.,0.));
#3761=DIRECTION('',(0.,0.,-1.));
#3762=DIRECTION('',(-1.,0.,0.));
#3763=DIRECTION('',(0.,0.,1.));
#3764=DIRECTION('',(1.,0.,0.));
#3765=DIRECTION('',(0.,0.,-1.));
#3766=DIRECTION('',(1.,0.,0.));
#3767=DIRECTION('',(0.,0.,-1.));
#3768=DIRECTION('',(1.,0.,0.));
#3769=DIRECTION('',(0.,0.,-1.));
#3770=DIRECTION('',(1.,0.,0.));
#3771=DIRECTION('',(0.,0.,-1.));
#3772=DIRECTION('',(1.,0.,0.));
#3773=DIRECTION('',(0.,0.,-1.));
#3774=DIRECTION('',(1.,0.,0.));
#3775=DIRECTION('',(0.,0.,-1.));
#3776=DIRECTION('',(1.,0.,0.));
#3777=DIRECTION('',(0.,0.,-1.));
#3778=DIRECTION('',(1.,0.,0.));
#3779=DIRECTION('',(0.,0.,-1.));
#3780=DIRECTION('',(1.,0.,0.));
#3781=DIRECTION('',(0.,1.,0.));
#3782=DIRECTION('',(1.,0.,-1.24580888572481E-16));
#3783=DIRECTION('',(-1.24580888572481E-16,0.,-1.));
#3784=DIRECTION('',(-1.22688224943329E-16,0.17364817766693,-0.984807753012208));
#3785=DIRECTION('',(1.,0.,-1.24580888572481E-16));
#3786=DIRECTION('',(-1.24580888572481E-16,0.,-1.));
#3787=DIRECTION('',(-1.22688224943329E-16,-0.17364817766693,-0.984807753012208));
#3788=DIRECTION('',(-1.,0.,1.24580888572481E-16));
#3789=DIRECTION('',(1.24580888572481E-16,0.,1.));
#3790=DIRECTION('',(-1.,0.,1.24580888572481E-16));
#3791=DIRECTION('',(1.24580888572481E-16,0.,1.));
#3792=DIRECTION('',(-1.,0.,1.24580888572481E-16));
#3793=DIRECTION('',(1.,0.,-1.24580888572481E-16));
#3794=DIRECTION('',(-1.24580888572481E-16,0.,-1.));
#3795=DIRECTION('',(-1.,0.,1.24580888572481E-16));
#3796=DIRECTION('',(1.,0.,-1.24580888572481E-16));
#3797=DIRECTION('',(-1.24580888572481E-16,0.,-1.));
#3798=DIRECTION('',(-1.22688224943329E-16,-0.17364817766693,-0.984807753012208));
#3799=DIRECTION('',(1.,0.,-1.24580888572481E-16));
#3800=DIRECTION('',(-1.24580888572481E-16,0.,-1.));
#3801=DIRECTION('',(-1.22688224943329E-16,0.17364817766693,-0.984807753012208));
#3802=DIRECTION('',(-1.,0.,1.24580888572481E-16));
#3803=DIRECTION('',(1.24580888572481E-16,0.,1.));
#3804=DIRECTION('',(-1.,0.,1.24580888572481E-16));
#3805=DIRECTION('',(1.24580888572481E-16,0.,1.));
#3806=DIRECTION('',(-1.,0.,1.24580888572481E-16));
#3807=DIRECTION('',(1.24580888572481E-16,0.,1.));
#3808=DIRECTION('',(-1.,0.,1.24580888572481E-16));
#3809=DIRECTION('',(-1.,0.,1.24580888572481E-16));
#3810=DIRECTION('',(-1.,0.,1.24580888572481E-16));
#3811=DIRECTION('',(1.24580888572481E-16,0.,1.));
#3812=DIRECTION('',(1.22688224943329E-16,-0.17364817766693,0.984807753012208));
#3813=DIRECTION('',(-1.,0.,1.24580888572481E-16));
#3814=DIRECTION('',(1.24580888572481E-16,0.,1.));
#3815=DIRECTION('',(1.22688224943329E-16,0.17364817766693,0.984807753012208));
#3816=DIRECTION('',(-1.,0.,1.24580888572481E-16));
#3817=DIRECTION('',(1.24580888572481E-16,0.,1.));
#3818=DIRECTION('',(-1.,0.,1.24580888572481E-16));
#3819=DIRECTION('',(-1.,0.,1.24580888572481E-16));
#3820=DIRECTION('',(1.24580888572481E-16,0.,1.));
#3821=DIRECTION('',(-1.,0.,1.24580888572481E-16));
#3822=DIRECTION('',(2.16332442727381E-17,0.984807753012208,0.17364817766693));
#3823=DIRECTION('',(-1.,2.16332442727381E-17,1.89266362915172E-18));
#3824=DIRECTION('',(-2.16332442727382E-17,0.984807753012208,-0.17364817766693));
#3825=DIRECTION('',(-1.,-2.16332442727382E-17,1.89266362915172E-18));
#3826=DIRECTION('',(1.,0.,-1.24580888572481E-16));
#3827=DIRECTION('',(-1.24580888572481E-16,0.,-1.));
#3828=DIRECTION('',(1.,0.,-1.24580888572481E-16));
#3829=DIRECTION('',(-1.24580888572481E-16,0.,-1.));
#3830=DIRECTION('',(-1.,0.,1.24580888572481E-16));
#3831=DIRECTION('',(1.24580888572481E-16,0.,1.));
#3832=DIRECTION('',(1.,0.,-1.24580888572481E-16));
#3833=DIRECTION('',(-3.84976117432283E-17,0.951056516295154,-0.309016994374948));
#3834=DIRECTION('',(-1.73383085829926E-17,0.99026806874157,-0.139173100960066));
#3835=DIRECTION('',(1.,0.,-1.24580888572481E-16));
#3836=DIRECTION('',(-1.24580888572481E-16,0.,-1.));
#3837=DIRECTION('',(-5.84871844513775E-17,0.882947592858927,-0.469471562785891));
#3838=DIRECTION('',(-1.,0.,1.24580888572481E-16));
#3839=DIRECTION('',(3.84976117432283E-17,-0.951056516295154,0.309016994374948));
#3840=DIRECTION('',(-1.,0.,1.24580888572481E-16));
#3841=DIRECTION('',(3.84976117432283E-17,-0.951056516295154,0.309016994374948));
#3842=DIRECTION('',(-1.,0.,1.24580888572481E-16));
#3843=DIRECTION('',(1.,0.,-1.24580888572481E-16));
#3844=DIRECTION('',(-1.24580888572481E-16,0.,-1.));
#3845=DIRECTION('',(-1.,0.,1.24580888572481E-16));
#3846=DIRECTION('',(1.,0.,-1.24580888572481E-16));
#3847=DIRECTION('',(-3.84976117432283E-17,0.951056516295154,-0.309016994374948));
#3848=DIRECTION('',(-5.84871844513775E-17,0.882947592858927,-0.469471562785891));
#3849=DIRECTION('',(1.,0.,-1.24580888572481E-16));
#3850=DIRECTION('',(-1.24580888572481E-16,0.,-1.));
#3851=DIRECTION('',(-1.73383085829926E-17,0.99026806874157,-0.139173100960066));
#3852=DIRECTION('',(-1.,0.,1.24580888572481E-16));
#3853=DIRECTION('',(3.84976117432283E-17,-0.951056516295154,0.309016994374948));
#3854=DIRECTION('',(-1.,0.,1.24580888572481E-16));
#3855=DIRECTION('',(3.84976117432283E-17,-0.951056516295154,0.309016994374948));
#3856=DIRECTION('',(-1.,0.,1.24580888572481E-16));
#3857=DIRECTION('',(3.84976117432283E-17,-0.951056516295154,0.309016994374948));
#3858=DIRECTION('',(-1.,0.,1.24580888572481E-16));
#3859=DIRECTION('',(-1.,0.,1.24580888572481E-16));
#3860=DIRECTION('',(-1.,0.,1.24580888572481E-16));
#3861=DIRECTION('',(3.84976117432283E-17,-0.951056516295154,0.309016994374948));
#3862=DIRECTION('',(1.73383085829926E-17,-0.99026806874157,0.139173100960066));
#3863=DIRECTION('',(-1.,0.,1.24580888572481E-16));
#3864=DIRECTION('',(1.24580888572481E-16,0.,1.));
#3865=DIRECTION('',(5.84871844513775E-17,-0.882947592858927,0.469471562785891));
#3866=DIRECTION('',(-1.,0.,1.24580888572481E-16));
#3867=DIRECTION('',(3.84976117432283E-17,-0.951056516295154,0.309016994374948));
#3868=DIRECTION('',(-1.,0.,1.24580888572481E-16));
#3869=DIRECTION('',(-1.,0.,1.24580888572481E-16));
#3870=DIRECTION('',(1.24580888572481E-16,0.,1.));
#3871=DIRECTION('',(-1.,0.,1.24580888572481E-16));
#3872=DIRECTION('',(1.23368475928779E-16,0.139173100960066,0.99026806874157));
#3873=DIRECTION('',(-1.,1.23368475928779E-16,1.07242579989488E-16));
#3874=DIRECTION('',(1.09998395681298E-16,0.469471562785891,0.882947592858927));
#3875=DIRECTION('',(-1.,1.09998395681298E-16,6.60937041211033E-17));
#3876=DIRECTION('',(1.,0.,-1.24580888572481E-16));
#3877=DIRECTION('',(-1.24580888572481E-16,0.,-1.));
#3878=DIRECTION('',(1.,0.,-1.24580888572481E-16));
#3879=DIRECTION('',(-1.24580888572481E-16,0.,-1.));
#3880=DIRECTION('',(-1.,0.,1.24580888572481E-16));
#3881=DIRECTION('',(1.24580888572481E-16,0.,1.));
#3882=DIRECTION('',(1.,0.,-1.24580888572481E-16));
#3883=DIRECTION('',(1.00788056029469E-16,0.587785252292473,0.809016994374947));
#3884=DIRECTION('',(1.11972560931606E-16,0.438371146789078,0.898794046299167));
#3885=DIRECTION('',(1.,0.,-1.24580888572481E-16));
#3886=DIRECTION('',(-1.24580888572481E-16,0.,-1.));
#3887=DIRECTION('',(8.65411570460934E-17,0.719339800338651,0.694658370458997));
#3888=DIRECTION('',(-1.,0.,1.24580888572481E-16));
#3889=DIRECTION('',(-1.00788056029469E-16,-0.587785252292473,-0.809016994374947));
#3890=DIRECTION('',(-1.,0.,1.24580888572481E-16));
#3891=DIRECTION('',(-1.00788056029469E-16,-0.587785252292473,-0.809016994374947));
#3892=DIRECTION('',(-1.,0.,1.24580888572481E-16));
#3893=DIRECTION('',(1.,0.,-1.24580888572481E-16));
#3894=DIRECTION('',(-1.24580888572481E-16,0.,-1.));
#3895=DIRECTION('',(-1.,0.,1.24580888572481E-16));
#3896=DIRECTION('',(1.,0.,-1.24580888572481E-16));
#3897=DIRECTION('',(1.00788056029469E-16,0.587785252292473,0.809016994374947));
#3898=DIRECTION('',(8.65411570460934E-17,0.719339800338651,0.694658370458997));
#3899=DIRECTION('',(1.,0.,-1.24580888572481E-16));
#3900=DIRECTION('',(-1.24580888572481E-16,0.,-1.));
#3901=DIRECTION('',(1.11972560931606E-16,0.438371146789078,0.898794046299167));
#3902=DIRECTION('',(-1.,0.,1.24580888572481E-16));
#3903=DIRECTION('',(-1.00788056029469E-16,-0.587785252292473,-0.809016994374947));
#3904=DIRECTION('',(-1.,0.,1.24580888572481E-16));
#3905=DIRECTION('',(-1.00788056029469E-16,-0.587785252292473,-0.809016994374947));
#3906=DIRECTION('',(-1.,0.,1.24580888572481E-16));
#3907=DIRECTION('',(-1.00788056029469E-16,-0.587785252292473,-0.809016994374947));
#3908=DIRECTION('',(-1.,0.,1.24580888572481E-16));
#3909=DIRECTION('',(-1.,0.,1.24580888572481E-16));
#3910=DIRECTION('',(-1.,0.,1.24580888572481E-16));
#3911=DIRECTION('',(-1.00788056029469E-16,-0.587785252292473,-0.809016994374947));
#3912=DIRECTION('',(-1.11972560931606E-16,-0.438371146789078,-0.898794046299167));
#3913=DIRECTION('',(-1.,0.,1.24580888572481E-16));
#3914=DIRECTION('',(1.24580888572481E-16,0.,1.));
#3915=DIRECTION('',(-8.65411570460934E-17,-0.719339800338651,-0.694658370458997));
#3916=DIRECTION('',(-1.,0.,1.24580888572481E-16));
#3917=DIRECTION('',(-1.00788056029469E-16,-0.587785252292473,-0.809016994374947));
#3918=DIRECTION('',(-1.,0.,1.24580888572481E-16));
#3919=DIRECTION('',(-1.,0.,1.24580888572481E-16));
#3920=DIRECTION('',(1.24580888572481E-16,0.,1.));
#3921=DIRECTION('',(-1.,0.,1.24580888572481E-16));
#3922=DIRECTION('',(5.46126669915207E-17,-0.898794046299167,0.438371146789078));
#3923=DIRECTION('',(-1.,5.46126669915207E-17,2.36553449504087E-16));
#3924=DIRECTION('',(8.96159915117401E-17,-0.694658370458997,0.719339800338651));
#3925=DIRECTION('',(-1.,8.96159915117401E-17,2.11122045618574E-16));
#3926=DIRECTION('',(1.,0.,-1.24580888572481E-16));
#3927=DIRECTION('',(-1.24580888572481E-16,0.,-1.));
#3928=DIRECTION('',(1.,0.,-1.24580888572481E-16));
#3929=DIRECTION('',(-1.24580888572481E-16,0.,-1.));
#3930=DIRECTION('',(-1.,0.,1.24580888572481E-16));
#3931=DIRECTION('',(1.24580888572481E-16,0.,1.));
#3932=DIRECTION('',(1.,0.,-1.24580888572481E-16));
#3933=DIRECTION('',(1.00788056029469E-16,-0.587785252292473,0.809016994374948));
#3934=DIRECTION('',(8.65411570460935E-17,-0.719339800338651,0.694658370458998));
#3935=DIRECTION('',(1.,0.,-1.24580888572481E-16));
#3936=DIRECTION('',(-1.24580888572481E-16,0.,-1.));
#3937=DIRECTION('',(1.11972560931606E-16,-0.438371146789078,0.898794046299167));
#3938=DIRECTION('',(-1.,0.,1.24580888572481E-16));
#3939=DIRECTION('',(-1.00788056029469E-16,0.587785252292473,-0.809016994374948));
#3940=DIRECTION('',(-1.,0.,1.24580888572481E-16));
#3941=DIRECTION('',(-1.00788056029469E-16,0.587785252292473,-0.809016994374948));
#3942=DIRECTION('',(-1.,0.,1.24580888572481E-16));
#3943=DIRECTION('',(1.,0.,-1.24580888572481E-16));
#3944=DIRECTION('',(-1.24580888572481E-16,0.,-1.));
#3945=DIRECTION('',(-1.,0.,1.24580888572481E-16));
#3946=DIRECTION('',(1.,0.,-1.24580888572481E-16));
#3947=DIRECTION('',(1.00788056029469E-16,-0.587785252292473,0.809016994374948));
#3948=DIRECTION('',(1.11972560931606E-16,-0.438371146789078,0.898794046299167));
#3949=DIRECTION('',(1.,0.,-1.24580888572481E-16));
#3950=DIRECTION('',(-1.24580888572481E-16,0.,-1.));
#3951=DIRECTION('',(8.65411570460935E-17,-0.719339800338651,0.694658370458998));
#3952=DIRECTION('',(-1.,0.,1.24580888572481E-16));
#3953=DIRECTION('',(-1.00788056029469E-16,0.587785252292473,-0.809016994374948));
#3954=DIRECTION('',(-1.,0.,1.24580888572481E-16));
#3955=DIRECTION('',(-1.00788056029469E-16,0.587785252292473,-0.809016994374948));
#3956=DIRECTION('',(-1.,0.,1.24580888572481E-16));
#3957=DIRECTION('',(-1.00788056029469E-16,0.587785252292473,-0.809016994374948));
#3958=DIRECTION('',(-1.,0.,1.24580888572481E-16));
#3959=DIRECTION('',(-1.,0.,1.24580888572481E-16));
#3960=DIRECTION('',(-1.,0.,1.24580888572481E-16));
#3961=DIRECTION('',(-1.00788056029469E-16,0.587785252292473,-0.809016994374948));
#3962=DIRECTION('',(-8.65411570460935E-17,0.719339800338651,-0.694658370458998));
#3963=DIRECTION('',(-1.,0.,1.24580888572481E-16));
#3964=DIRECTION('',(1.24580888572481E-16,0.,1.));
#3965=DIRECTION('',(-1.11972560931606E-16,0.438371146789078,-0.898794046299167));
#3966=DIRECTION('',(-1.,0.,1.24580888572481E-16));
#3967=DIRECTION('',(-1.00788056029469E-16,0.587785252292473,-0.809016994374948));
#3968=DIRECTION('',(-1.,0.,1.24580888572481E-16));
#3969=DIRECTION('',(-1.,0.,1.24580888572481E-16));
#3970=DIRECTION('',(1.24580888572481E-16,0.,1.));
#3971=DIRECTION('',(-1.,0.,1.24580888572481E-16));
#3972=DIRECTION('',(-8.96159915117401E-17,-0.694658370458998,-0.719339800338651));
#3973=DIRECTION('',(-1.,-8.96159915117401E-17,2.11122045618574E-16));
#3974=DIRECTION('',(-5.46126669915207E-17,-0.898794046299167,-0.438371146789077));
#3975=DIRECTION('',(-1.,-5.46126669915207E-17,2.36553449504087E-16));
#3976=DIRECTION('',(1.,0.,-1.24580888572481E-16));
#3977=DIRECTION('',(-1.24580888572481E-16,0.,-1.));
#3978=DIRECTION('',(1.,0.,-1.24580888572481E-16));
#3979=DIRECTION('',(-1.24580888572481E-16,0.,-1.));
#3980=DIRECTION('',(-1.,0.,1.24580888572481E-16));
#3981=DIRECTION('',(1.24580888572481E-16,0.,1.));
#3982=DIRECTION('',(1.,0.,-1.24580888572481E-16));
#3983=DIRECTION('',(-3.84976117432283E-17,-0.951056516295154,-0.309016994374948));
#3984=DIRECTION('',(-5.84871844513775E-17,-0.882947592858927,-0.469471562785891));
#3985=DIRECTION('',(1.,0.,-1.24580888572481E-16));
#3986=DIRECTION('',(-1.24580888572481E-16,0.,-1.));
#3987=DIRECTION('',(-1.73383085829925E-17,-0.99026806874157,-0.139173100960065));
#3988=DIRECTION('',(-1.,0.,1.24580888572481E-16));
#3989=DIRECTION('',(3.84976117432283E-17,0.951056516295154,0.309016994374948));
#3990=DIRECTION('',(-1.,0.,1.24580888572481E-16));
#3991=DIRECTION('',(3.84976117432283E-17,0.951056516295154,0.309016994374948));
#3992=DIRECTION('',(-1.,0.,1.24580888572481E-16));
#3993=DIRECTION('',(1.,0.,-1.24580888572481E-16));
#3994=DIRECTION('',(-1.24580888572481E-16,0.,-1.));
#3995=DIRECTION('',(-1.,0.,1.24580888572481E-16));
#3996=DIRECTION('',(1.,0.,-1.24580888572481E-16));
#3997=DIRECTION('',(-3.84976117432283E-17,-0.951056516295154,-0.309016994374948));
#3998=DIRECTION('',(-1.73383085829925E-17,-0.99026806874157,-0.139173100960065));
#3999=DIRECTION('',(1.,0.,-1.24580888572481E-16));
#4000=DIRECTION('',(-1.24580888572481E-16,0.,-1.));
#4001=DIRECTION('',(-5.84871844513775E-17,-0.882947592858927,-0.469471562785891));
#4002=DIRECTION('',(-1.,0.,1.24580888572481E-16));
#4003=DIRECTION('',(3.84976117432283E-17,0.951056516295154,0.309016994374948));
#4004=DIRECTION('',(-1.,0.,1.24580888572481E-16));
#4005=DIRECTION('',(3.84976117432283E-17,0.951056516295154,0.309016994374948));
#4006=DIRECTION('',(-1.,0.,1.24580888572481E-16));
#4007=DIRECTION('',(3.84976117432283E-17,0.951056516295154,0.309016994374948));
#4008=DIRECTION('',(-1.,0.,1.24580888572481E-16));
#4009=DIRECTION('',(-1.,0.,1.24580888572481E-16));
#4010=DIRECTION('',(-1.,0.,1.24580888572481E-16));
#4011=DIRECTION('',(3.84976117432283E-17,0.951056516295154,0.309016994374948));
#4012=DIRECTION('',(5.84871844513775E-17,0.882947592858927,0.469471562785891));
#4013=DIRECTION('',(-1.,0.,1.24580888572481E-16));
#4014=DIRECTION('',(1.24580888572481E-16,0.,1.));
#4015=DIRECTION('',(1.73383085829925E-17,0.99026806874157,0.139173100960065));
#4016=DIRECTION('',(-1.,0.,1.24580888572481E-16));
#4017=DIRECTION('',(3.84976117432283E-17,0.951056516295154,0.309016994374948));
#4018=DIRECTION('',(-1.,0.,1.24580888572481E-16));
#4019=DIRECTION('',(-1.,0.,1.24580888572481E-16));
#4020=DIRECTION('',(1.24580888572481E-16,0.,1.));
#4021=DIRECTION('',(-1.,0.,1.24580888572481E-16));
#4022=DIRECTION('',(-1.09998395681298E-16,0.46947156278589,-0.882947592858927));
#4023=DIRECTION('',(-1.,-1.09998395681298E-16,6.60937041211034E-17));
#4024=DIRECTION('',(-1.23368475928779E-16,0.139173100960065,-0.99026806874157));
#4025=DIRECTION('',(-1.,-1.23368475928779E-16,1.07242579989488E-16));
#4026=DIRECTION('',(1.,0.,-1.24580888572481E-16));
#4027=DIRECTION('',(-1.24580888572481E-16,0.,-1.));
#4028=DIRECTION('',(1.,0.,-1.24580888572481E-16));
#4029=DIRECTION('',(-1.24580888572481E-16,0.,-1.));
#4030=DIRECTION('',(-1.,0.,1.24580888572481E-16));
#4031=DIRECTION('',(1.24580888572481E-16,0.,1.));
#4032=DIRECTION('',(1.,0.,0.));
#4033=DIRECTION('',(0.,0.,-1.));
#4034=DIRECTION('',(1.,0.,0.));
#4035=DIRECTION('',(-1.,0.,0.));
#4036=DIRECTION('',(0.,0.,1.));
#4037=DIRECTION('',(1.,0.,0.));
#4038=DIRECTION('',(1.,0.,0.));
#4039=DIRECTION('',(0.,0.,-1.));
#4040=DIRECTION('',(1.,0.,0.));
#4041=DIRECTION('',(-1.,0.,0.));
#4042=DIRECTION('',(0.,0.,1.));
#4043=DIRECTION('',(1.,0.,0.));
#4044=DIRECTION('',(1.,0.,0.));
#4045=DIRECTION('',(0.,0.,-1.));
#4046=DIRECTION('',(1.,0.,0.));
#4047=DIRECTION('',(-1.,0.,0.));
#4048=DIRECTION('',(0.,0.,1.));
#4049=DIRECTION('',(1.,0.,0.));
#4050=DIRECTION('',(1.,0.,0.));
#4051=DIRECTION('',(0.,0.,-1.));
#4052=DIRECTION('',(-1.,0.,0.));
#4053=DIRECTION('',(0.,0.,1.));
#4054=DIRECTION('',(1.,0.,0.));
#4055=DIRECTION('',(1.,0.,0.));
#4056=DIRECTION('',(1.,0.,0.));
#4057=DIRECTION('',(0.,0.,-1.));
#4058=DIRECTION('',(1.,0.,0.));
#4059=DIRECTION('',(-1.,0.,0.));
#4060=DIRECTION('',(0.,0.,1.));
#4061=DIRECTION('',(1.,0.,0.));
#4062=DIRECTION('',(1.,0.,0.));
#4063=DIRECTION('',(0.,0.,-1.));
#4064=DIRECTION('',(-1.,0.,0.));
#4065=DIRECTION('',(0.,0.,1.));
#4066=DIRECTION('',(1.,0.,0.));
#4067=DIRECTION('',(1.,0.,0.));
#4068=DIRECTION('',(1.,0.,0.));
#4069=DIRECTION('',(0.,0.,-1.));
#4070=DIRECTION('',(1.,0.,0.));
#4071=DIRECTION('',(-1.,0.,0.));
#4072=DIRECTION('',(0.,0.,1.));
#4073=DIRECTION('',(1.,0.,0.));
#4074=DIRECTION('',(1.,0.,0.));
#4075=DIRECTION('',(0.,0.,-1.));
#4076=DIRECTION('',(-1.,0.,0.));
#4077=DIRECTION('',(0.,0.,1.));
#4078=DIRECTION('',(1.,0.,0.));
#4079=DIRECTION('',(1.,0.,0.));
#4080=DIRECTION('',(1.,0.,0.));
#4081=DIRECTION('',(0.,0.,-1.));
#4082=DIRECTION('',(1.,0.,0.));
#4083=DIRECTION('',(-1.,0.,0.));
#4084=DIRECTION('',(0.,0.,1.));
#4085=DIRECTION('',(1.,0.,0.));
#4086=DIRECTION('',(1.,0.,0.));
#4087=DIRECTION('',(0.,0.,-1.));
#4088=DIRECTION('',(-1.,0.,0.));
#4089=DIRECTION('',(0.,0.,1.));
#4090=DIRECTION('',(1.,0.,0.));
#4091=DIRECTION('',(1.,0.,0.));
#4092=DIRECTION('',(1.,0.,0.));
#4093=DIRECTION('',(0.,0.,-1.));
#4094=DIRECTION('',(1.,0.,0.));
#4095=DIRECTION('',(-1.,0.,0.));
#4096=DIRECTION('',(0.,0.,1.));
#4097=DIRECTION('',(1.,0.,0.));
#4098=DIRECTION('',(1.,0.,0.));
#4099=DIRECTION('',(0.,0.,-1.));
#4100=DIRECTION('',(-1.,0.,0.));
#4101=DIRECTION('',(0.,0.,1.));
#4102=DIRECTION('',(1.,0.,0.));
#4103=DIRECTION('',(1.,0.,0.));
#4104=DIRECTION('',(1.,0.,0.));
#4105=DIRECTION('',(0.,0.,-1.));
#4106=DIRECTION('',(-1.,0.,0.));
#4107=DIRECTION('',(0.,0.,1.));
#4108=DIRECTION('',(1.,0.,0.));
#4109=DIRECTION('',(1.,0.,0.));
#4110=DIRECTION('',(1.,0.,0.));
#4111=DIRECTION('',(0.,0.,-1.));
#4112=DIRECTION('',(-1.,0.,0.));
#4113=DIRECTION('',(0.,0.,1.));
#4114=DIRECTION('',(1.,0.,0.));
#4115=DIRECTION('',(1.,0.,0.));
#4116=DIRECTION('',(1.,0.,0.));
#4117=DIRECTION('',(0.,0.,-1.));
#4118=DIRECTION('',(1.,0.,0.));
#4119=DIRECTION('',(-1.,0.,0.));
#4120=DIRECTION('',(0.,0.,1.));
#4121=DIRECTION('',(1.,0.,0.));
#4122=DIRECTION('',(1.,0.,0.));
#4123=DIRECTION('',(0.,0.,-1.));
#4124=DIRECTION('',(-1.,0.,0.));
#4125=DIRECTION('',(0.,0.,1.));
#4126=DIRECTION('',(1.,0.,0.));
#4127=DIRECTION('',(1.,0.,0.));
#4128=DIRECTION('',(1.,0.,0.));
#4129=DIRECTION('',(0.,0.,-1.));
#4130=DIRECTION('',(-1.,0.,0.));
#4131=DIRECTION('',(0.,0.,1.));
#4132=DIRECTION('',(1.,0.,0.));
#4133=DIRECTION('',(1.,0.,0.));
#4134=DIRECTION('',(-1.,0.,0.));
#4135=DIRECTION('',(0.,1.,0.));
#4136=DIRECTION('',(-1.,0.,0.));
#4137=DIRECTION('',(0.,0.984807753012208,0.17364817766693));
#4138=DIRECTION('',(-1.,0.,0.));
#4139=DIRECTION('',(0.,0.984807753012208,-0.17364817766693));
#4140=DIRECTION('',(-1.,0.,0.));
#4141=DIRECTION('',(0.,0.984807753012208,-0.17364817766693));
#4142=DIRECTION('',(-1.,0.,0.));
#4143=DIRECTION('',(0.,0.984807753012208,-0.17364817766693));
#4144=DIRECTION('',(-1.,0.,0.));
#4145=DIRECTION('',(0.,0.866025403784439,-0.5));
#4146=DIRECTION('',(-1.,0.,0.));
#4147=DIRECTION('',(0.,0.866025403784439,-0.5));
#4148=DIRECTION('',(-1.,0.,0.));
#4149=DIRECTION('',(0.,0.866025403784439,-0.5));
#4150=DIRECTION('',(-1.,0.,0.));
#4151=DIRECTION('',(0.,0.64278760968654,-0.766044443118978));
#4152=DIRECTION('',(-1.,0.,0.));
#4153=DIRECTION('',(0.,0.64278760968654,-0.766044443118978));
#4154=DIRECTION('',(-1.,0.,0.));
#4155=DIRECTION('',(0.,0.64278760968654,-0.766044443118978));
#4156=DIRECTION('',(-1.,0.,0.));
#4157=DIRECTION('',(0.,0.342020143325669,-0.939692620785908));
#4158=DIRECTION('',(-1.,0.,0.));
#4159=DIRECTION('',(0.,0.342020143325669,-0.939692620785908));
#4160=DIRECTION('',(-1.,0.,0.));
#4161=DIRECTION('',(0.,0.342020143325669,-0.939692620785908));
#4162=DIRECTION('',(-1.,0.,0.));
#4163=DIRECTION('',(0.,1.22464679914735E-16,-1.));
#4164=DIRECTION('',(-1.,0.,0.));
#4165=DIRECTION('',(0.,1.22464679914735E-16,-1.));
#4166=DIRECTION('',(-1.,0.,0.));
#4167=DIRECTION('',(0.,1.22464679914735E-16,-1.));
#4168=DIRECTION('',(-1.,0.,0.));
#4169=DIRECTION('',(0.,-0.342020143325668,-0.939692620785908));
#4170=DIRECTION('',(-1.,0.,0.));
#4171=DIRECTION('',(0.,-0.342020143325668,-0.939692620785908));
#4172=DIRECTION('',(-1.,0.,0.));
#4173=DIRECTION('',(0.,-0.342020143325668,-0.939692620785908));
#4174=DIRECTION('',(-1.,0.,0.));
#4175=DIRECTION('',(0.,-0.642787609686539,-0.766044443118978));
#4176=DIRECTION('',(-1.,0.,0.));
#4177=DIRECTION('',(0.,-0.642787609686539,-0.766044443118978));
#4178=DIRECTION('',(-1.,0.,0.));
#4179=DIRECTION('',(0.,-0.642787609686539,-0.766044443118978));
#4180=DIRECTION('',(-1.,0.,0.));
#4181=DIRECTION('',(0.,-0.866025403784438,-0.5));
#4182=DIRECTION('',(-1.,0.,0.));
#4183=DIRECTION('',(0.,-0.866025403784438,-0.5));
#4184=DIRECTION('',(-1.,0.,0.));
#4185=DIRECTION('',(0.,-0.866025403784438,-0.5));
#4186=DIRECTION('',(-1.,0.,0.));
#4187=DIRECTION('',(0.,-0.984807753012208,-0.17364817766693));
#4188=DIRECTION('',(-1.,0.,0.));
#4189=DIRECTION('',(0.,-0.984807753012208,-0.17364817766693));
#4190=DIRECTION('',(-1.,0.,0.));
#4191=DIRECTION('',(0.,-0.984807753012208,-0.17364817766693));
#4192=DIRECTION('',(-1.,0.,0.));
#4193=DIRECTION('',(0.,-0.984807753012208,0.17364817766693));
#4194=DIRECTION('',(-1.,0.,0.));
#4195=DIRECTION('',(0.,-0.984807753012208,0.17364817766693));
#4196=DIRECTION('',(-1.,0.,0.));
#4197=DIRECTION('',(0.,-0.984807753012208,0.17364817766693));
#4198=DIRECTION('',(-1.,0.,0.));
#4199=DIRECTION('',(0.,-0.866025403784439,0.5));
#4200=DIRECTION('',(-1.,0.,0.));
#4201=DIRECTION('',(0.,-0.866025403784439,0.5));
#4202=DIRECTION('',(-1.,0.,0.));
#4203=DIRECTION('',(0.,-0.866025403784439,0.5));
#4204=DIRECTION('',(-1.,0.,0.));
#4205=DIRECTION('',(0.,-0.64278760968654,0.766044443118978));
#4206=DIRECTION('',(-1.,0.,0.));
#4207=DIRECTION('',(0.,-0.64278760968654,0.766044443118978));
#4208=DIRECTION('',(-1.,0.,0.));
#4209=DIRECTION('',(0.,-0.64278760968654,0.766044443118978));
#4210=DIRECTION('',(-1.,0.,0.));
#4211=DIRECTION('',(0.,-0.342020143325668,0.939692620785908));
#4212=DIRECTION('',(-1.,0.,0.));
#4213=DIRECTION('',(0.,-0.342020143325668,0.939692620785908));
#4214=DIRECTION('',(-1.,0.,0.));
#4215=DIRECTION('',(0.,-0.342020143325668,0.939692620785908));
#4216=DIRECTION('',(-1.,0.,0.));
#4217=DIRECTION('',(0.,0.,1.));
#4218=DIRECTION('',(-1.,0.,0.));
#4219=DIRECTION('',(0.,0.,1.));
#4220=DIRECTION('',(-1.,0.,0.));
#4221=DIRECTION('',(0.,0.,1.));
#4222=DIRECTION('',(-1.,0.,0.));
#4223=DIRECTION('',(0.,0.,1.));
#4224=DIRECTION('',(-1.,0.,0.));
#4225=DIRECTION('',(0.,0.342020143325668,0.939692620785908));
#4226=DIRECTION('',(-1.,0.,0.));
#4227=DIRECTION('',(0.,0.342020143325668,0.939692620785908));
#4228=DIRECTION('',(-1.,0.,0.));
#4229=DIRECTION('',(0.,0.342020143325668,0.939692620785908));
#4230=DIRECTION('',(-1.,0.,0.));
#4231=DIRECTION('',(0.,0.642787609686539,0.766044443118978));
#4232=DIRECTION('',(-1.,0.,0.));
#4233=DIRECTION('',(0.,0.642787609686539,0.766044443118978));
#4234=DIRECTION('',(-1.,0.,0.));
#4235=DIRECTION('',(0.,0.642787609686539,0.766044443118978));
#4236=DIRECTION('',(-1.,0.,0.));
#4237=DIRECTION('',(0.,0.866025403784439,0.5));
#4238=DIRECTION('',(-1.,0.,0.));
#4239=DIRECTION('',(0.,0.866025403784439,0.5));
#4240=DIRECTION('',(-1.,0.,0.));
#4241=DIRECTION('',(0.,0.866025403784439,0.5));
#4242=DIRECTION('',(-1.,0.,0.));
#4243=DIRECTION('',(0.,0.984807753012208,0.17364817766693));
#4244=DIRECTION('',(-1.,0.,0.));
#4245=DIRECTION('',(0.,0.984807753012208,0.17364817766693));
#4246=DIRECTION('',(1.,0.,0.));
#4247=DIRECTION('',(0.,0.,-1.));
#4248=DIRECTION('',(1.,0.,0.));
#4249=DIRECTION('',(1.,0.,0.));
#4250=DIRECTION('',(1.,0.,0.));
#4251=DIRECTION('',(1.,0.,0.));
#4252=DIRECTION('',(1.,0.,0.));
#4253=DIRECTION('',(0.,0.,-1.));
#4254=DIRECTION('',(1.,0.,0.));
#4255=DIRECTION('',(1.,0.,0.));
#4256=DIRECTION('',(1.,0.,0.));
#4257=DIRECTION('',(0.,0.,-1.));
#4258=DIRECTION('',(1.,0.,0.));
#4259=DIRECTION('',(0.,0.,-1.));
#4260=DIRECTION('',(1.,0.,0.));
#4261=DIRECTION('',(1.,0.,0.));
#4262=DIRECTION('',(1.,0.,0.));
#4263=DIRECTION('',(0.,0.342020143325668,-0.939692620785908));
#4264=DIRECTION('',(1.,0.,0.));
#4265=DIRECTION('',(1.,0.,0.));
#4266=DIRECTION('',(1.,0.,0.));
#4267=DIRECTION('',(0.,0.342020143325668,-0.939692620785908));
#4268=DIRECTION('',(1.,0.,0.));
#4269=DIRECTION('',(0.,0.342020143325668,-0.939692620785908));
#4270=DIRECTION('',(1.,0.,0.));
#4271=DIRECTION('',(1.,0.,0.));
#4272=DIRECTION('',(1.,0.,0.));
#4273=DIRECTION('',(0.,0.866025403784439,-0.5));
#4274=DIRECTION('',(1.,0.,0.));
#4275=DIRECTION('',(1.,0.,0.));
#4276=DIRECTION('',(1.,0.,0.));
#4277=DIRECTION('',(0.,0.866025403784439,-0.5));
#4278=DIRECTION('',(1.,0.,0.));
#4279=DIRECTION('',(0.,0.866025403784439,-0.5));
#4280=DIRECTION('',(1.,0.,0.));
#4281=DIRECTION('',(1.,0.,0.));
#4282=DIRECTION('',(1.,0.,0.));
#4283=DIRECTION('',(0.,0.64278760968654,-0.766044443118978));
#4284=DIRECTION('',(1.,0.,0.));
#4285=DIRECTION('',(1.,0.,0.));
#4286=DIRECTION('',(1.,0.,0.));
#4287=DIRECTION('',(0.,0.64278760968654,-0.766044443118978));
#4288=DIRECTION('',(1.,0.,0.));
#4289=DIRECTION('',(0.,0.64278760968654,-0.766044443118978));
#4290=DIRECTION('',(1.,0.,0.));
#4291=DIRECTION('',(1.,0.,0.));
#4292=DIRECTION('',(1.,0.,0.));
#4293=DIRECTION('',(0.,0.984807753012208,-0.17364817766693));
#4294=DIRECTION('',(1.,0.,0.));
#4295=DIRECTION('',(1.,0.,0.));
#4296=DIRECTION('',(1.,0.,0.));
#4297=DIRECTION('',(0.,0.984807753012208,-0.17364817766693));
#4298=DIRECTION('',(1.,0.,0.));
#4299=DIRECTION('',(0.,0.984807753012208,-0.17364817766693));
#4300=DIRECTION('',(1.,0.,0.));
#4301=DIRECTION('',(1.,0.,0.));
#4302=DIRECTION('',(1.,0.,0.));
#4303=DIRECTION('',(0.,0.984807753012208,0.17364817766693));
#4304=DIRECTION('',(1.,0.,0.));
#4305=DIRECTION('',(1.,0.,0.));
#4306=DIRECTION('',(1.,0.,0.));
#4307=DIRECTION('',(0.,0.984807753012208,0.17364817766693));
#4308=DIRECTION('',(1.,0.,0.));
#4309=DIRECTION('',(0.,0.984807753012208,0.17364817766693));
#4310=DIRECTION('',(1.,0.,0.));
#4311=DIRECTION('',(1.,0.,0.));
#4312=DIRECTION('',(1.,0.,0.));
#4313=DIRECTION('',(0.,-1.22464679914735E-16,1.));
#4314=DIRECTION('',(1.,0.,0.));
#4315=DIRECTION('',(1.,0.,0.));
#4316=DIRECTION('',(1.,0.,0.));
#4317=DIRECTION('',(0.,-1.22464679914735E-16,1.));
#4318=DIRECTION('',(1.,0.,0.));
#4319=DIRECTION('',(0.,-1.22464679914735E-16,1.));
#4320=DIRECTION('',(1.,0.,0.));
#4321=DIRECTION('',(1.,0.,0.));
#4322=DIRECTION('',(1.,0.,0.));
#4323=DIRECTION('',(0.,0.342020143325668,0.939692620785908));
#4324=DIRECTION('',(1.,0.,0.));
#4325=DIRECTION('',(1.,0.,0.));
#4326=DIRECTION('',(1.,0.,0.));
#4327=DIRECTION('',(0.,0.342020143325668,0.939692620785908));
#4328=DIRECTION('',(1.,0.,0.));
#4329=DIRECTION('',(0.,0.342020143325668,0.939692620785908));
#4330=DIRECTION('',(1.,0.,0.));
#4331=DIRECTION('',(1.,0.,0.));
#4332=DIRECTION('',(1.,0.,0.));
#4333=DIRECTION('',(0.,0.866025403784438,0.5));
#4334=DIRECTION('',(1.,0.,0.));
#4335=DIRECTION('',(1.,0.,0.));
#4336=DIRECTION('',(1.,0.,0.));
#4337=DIRECTION('',(0.,0.866025403784438,0.5));
#4338=DIRECTION('',(1.,0.,0.));
#4339=DIRECTION('',(0.,0.866025403784438,0.5));
#4340=DIRECTION('',(1.,0.,0.));
#4341=DIRECTION('',(1.,0.,0.));
#4342=DIRECTION('',(1.,0.,0.));
#4343=DIRECTION('',(0.,0.642787609686539,0.766044443118978));
#4344=DIRECTION('',(1.,0.,0.));
#4345=DIRECTION('',(1.,0.,0.));
#4346=DIRECTION('',(1.,0.,0.));
#4347=DIRECTION('',(0.,0.642787609686539,0.766044443118978));
#4348=DIRECTION('',(1.,0.,0.));
#4349=DIRECTION('',(0.,0.642787609686539,0.766044443118978));
#4350=DIRECTION('',(1.,0.,0.));
#4351=DIRECTION('',(1.,0.,0.));
#4352=DIRECTION('',(1.,0.,0.));
#4353=DIRECTION('',(0.,-0.984807753012208,0.17364817766693));
#4354=DIRECTION('',(1.,0.,0.));
#4355=DIRECTION('',(1.,0.,0.));
#4356=DIRECTION('',(1.,0.,0.));
#4357=DIRECTION('',(0.,-0.984807753012208,0.17364817766693));
#4358=DIRECTION('',(1.,0.,0.));
#4359=DIRECTION('',(0.,-0.984807753012208,0.17364817766693));
#4360=DIRECTION('',(1.,0.,0.));
#4361=DIRECTION('',(1.,0.,0.));
#4362=DIRECTION('',(1.,0.,0.));
#4363=DIRECTION('',(0.,-0.866025403784439,0.5));
#4364=DIRECTION('',(1.,0.,0.));
#4365=DIRECTION('',(1.,0.,0.));
#4366=DIRECTION('',(1.,0.,0.));
#4367=DIRECTION('',(0.,-0.866025403784439,0.5));
#4368=DIRECTION('',(1.,0.,0.));
#4369=DIRECTION('',(0.,-0.866025403784439,0.5));
#4370=DIRECTION('',(1.,0.,0.));
#4371=DIRECTION('',(1.,0.,0.));
#4372=DIRECTION('',(1.,0.,0.));
#4373=DIRECTION('',(0.,-0.342020143325669,0.939692620785908));
#4374=DIRECTION('',(1.,0.,0.));
#4375=DIRECTION('',(1.,0.,0.));
#4376=DIRECTION('',(1.,0.,0.));
#4377=DIRECTION('',(0.,-0.342020143325669,0.939692620785908));
#4378=DIRECTION('',(1.,0.,0.));
#4379=DIRECTION('',(0.,-0.342020143325669,0.939692620785908));
#4380=DIRECTION('',(1.,0.,0.));
#4381=DIRECTION('',(1.,0.,0.));
#4382=DIRECTION('',(1.,0.,0.));
#4383=DIRECTION('',(0.,-0.64278760968654,0.766044443118978));
#4384=DIRECTION('',(1.,0.,0.));
#4385=DIRECTION('',(1.,0.,0.));
#4386=DIRECTION('',(1.,0.,0.));
#4387=DIRECTION('',(0.,-0.64278760968654,0.766044443118978));
#4388=DIRECTION('',(1.,0.,0.));
#4389=DIRECTION('',(0.,-0.64278760968654,0.766044443118978));
#4390=DIRECTION('',(1.,0.,0.));
#4391=DIRECTION('',(1.,0.,0.));
#4392=DIRECTION('',(1.,0.,0.));
#4393=DIRECTION('',(0.,-0.642787609686539,-0.766044443118978));
#4394=DIRECTION('',(1.,0.,0.));
#4395=DIRECTION('',(1.,0.,0.));
#4396=DIRECTION('',(1.,0.,0.));
#4397=DIRECTION('',(0.,-0.642787609686539,-0.766044443118978));
#4398=DIRECTION('',(1.,0.,0.));
#4399=DIRECTION('',(0.,-0.642787609686539,-0.766044443118978));
#4400=DIRECTION('',(1.,0.,0.));
#4401=DIRECTION('',(1.,0.,0.));
#4402=DIRECTION('',(1.,0.,0.));
#4403=DIRECTION('',(0.,-0.342020143325668,-0.939692620785908));
#4404=DIRECTION('',(1.,0.,0.));
#4405=DIRECTION('',(1.,0.,0.));
#4406=DIRECTION('',(1.,0.,0.));
#4407=DIRECTION('',(0.,-0.342020143325668,-0.939692620785908));
#4408=DIRECTION('',(1.,0.,0.));
#4409=DIRECTION('',(0.,-0.342020143325668,-0.939692620785908));
#4410=DIRECTION('',(1.,0.,0.));
#4411=DIRECTION('',(1.,0.,0.));
#4412=DIRECTION('',(1.,0.,0.));
#4413=DIRECTION('',(0.,-0.866025403784439,-0.5));
#4414=DIRECTION('',(1.,0.,0.));
#4415=DIRECTION('',(1.,0.,0.));
#4416=DIRECTION('',(1.,0.,0.));
#4417=DIRECTION('',(0.,-0.866025403784439,-0.5));
#4418=DIRECTION('',(1.,0.,0.));
#4419=DIRECTION('',(0.,-0.866025403784439,-0.5));
#4420=DIRECTION('',(1.,0.,0.));
#4421=DIRECTION('',(1.,0.,0.));
#4422=DIRECTION('',(1.,0.,0.));
#4423=DIRECTION('',(0.,-0.984807753012208,-0.17364817766693));
#4424=DIRECTION('',(1.,0.,0.));
#4425=DIRECTION('',(1.,0.,0.));
#4426=DIRECTION('',(1.,0.,0.));
#4427=DIRECTION('',(0.,-0.984807753012208,-0.17364817766693));
#4428=DIRECTION('',(1.,0.,0.));
#4429=DIRECTION('',(0.,-0.984807753012208,-0.17364817766693));
#4430=CARTESIAN_POINT('',(0.,0.,0.));
#4431=CARTESIAN_POINT('',(0.035,0.0723,0.012055));
#4432=CARTESIAN_POINT('',(0.035,0.0723,0.012055));
#4433=CARTESIAN_POINT('',(0.035,0.0794712475867258,0.0544527972075187));
#4434=CARTESIAN_POINT('',(0.035,0.0651287524132742,0.0544527972075187));
#4435=CARTESIAN_POINT('',(0.035,0.0723,0.012055));
#4436=CARTESIAN_POINT('',(0.035,0.110406663935602,0.0319769016085075));
#4437=CARTESIAN_POINT('',(0.035,0.0723,0.012055));
#4438=CARTESIAN_POINT('',(0.035,0.11483873868594,0.0183363781138645));
#4439=CARTESIAN_POINT('',(0.035,0.0723,0.012055));
#4440=CARTESIAN_POINT('',(0.035,0.103022461096798,-0.0180303848929299));
#4441=CARTESIAN_POINT('',(0.035,0.0723,0.012055));
#4442=CARTESIAN_POINT('',(0.035,0.0914191387597349,-0.0264606920369608));
#4443=CARTESIAN_POINT('',(0.035,0.0723,0.012055));
#4444=CARTESIAN_POINT('',(0.035,0.053180861240265,-0.0264606920369608));
#4445=CARTESIAN_POINT('',(0.035,0.0723,0.012055));
#4446=CARTESIAN_POINT('',(0.035,0.041577538903202,-0.0180303848929299));
#4447=CARTESIAN_POINT('',(0.035,0.0723,0.012055));
#4448=CARTESIAN_POINT('',(0.035,0.0297612613140603,0.0183363781138645));
#4449=CARTESIAN_POINT('',(0.035,0.0723,0.012055));
#4450=CARTESIAN_POINT('',(0.035,0.0341933360643975,0.0319769016085075));
#4451=CARTESIAN_POINT('',(0.035,0.0723,0.012055));
#4452=CARTESIAN_POINT('',(0.035,0.0723,-0.017945));
#4453=CARTESIAN_POINT('',(0.035,0.0723,-0.019545));
#4454=CARTESIAN_POINT('',(0.035,0.0423,0.012055));
#4455=CARTESIAN_POINT('',(0.035,0.0423,0.010455));
#4456=CARTESIAN_POINT('',(0.035,0.0723,0.042055));
#4457=CARTESIAN_POINT('',(0.035,0.0723,0.040455));
#4458=CARTESIAN_POINT('',(0.035,0.1023,0.012055));
#4459=CARTESIAN_POINT('',(0.035,0.1023,0.010455));
#4460=CARTESIAN_POINT('',(0.035,0.0749658206449025,-0.00126839331968658));
#4461=CARTESIAN_POINT('',(0.035,0.0756163458997098,-0.00110469428221824));
#4462=CARTESIAN_POINT('',(0.035,0.0748342105850184,-0.000610624915043016));
#4463=CARTESIAN_POINT('',(0.035,0.0754567597369942,-0.000469980867876405));
#4464=CARTESIAN_POINT('',(0.035,0.0755938673480668,-0.0010154861783398));
#4465=CARTESIAN_POINT('',(0.035,0.0757425746859824,-0.0016071429208296));
#4466=CARTESIAN_POINT('',(0.035,0.0757476093797175,-0.00162286347415444));
#4467=CARTESIAN_POINT('',(0.035,0.0757522399738656,-0.00163828978518092));
#4468=CARTESIAN_POINT('',(0.035,0.075758208897756,-0.0016563492957321));
#4469=CARTESIAN_POINT('',(0.035,0.0757666530235096,-0.00168051494804865));
#4470=CARTESIAN_POINT('',(0.035,0.0757774686462776,-0.00170950081975915));
#4471=CARTESIAN_POINT('',(0.035,0.0757909621923228,-0.00174359825773784));
#4472=CARTESIAN_POINT('',(0.035,0.0758073070968662,-0.00178259223061476));
#4473=CARTESIAN_POINT('',(0.035,0.0758267140409272,-0.00182641540360845));
#4474=CARTESIAN_POINT('',(0.035,0.0758493786869942,-0.00187494826997772));
#4475=CARTESIAN_POINT('',(0.035,0.0758754970998548,-0.00192807903975386));
#4476=CARTESIAN_POINT('',(0.035,0.0759052609780409,-0.00198568603863726));
#4477=CARTESIAN_POINT('',(0.035,0.0759388588372196,-0.0020476429444082));
#4478=CARTESIAN_POINT('',(0.035,0.0759764754644294,-0.00211381738201556));
#4479=CARTESIAN_POINT('',(0.035,0.0760182918757792,-0.00218407144564246));
#4480=CARTESIAN_POINT('',(0.035,0.0760644851332609,-0.0022582616745327));
#4481=CARTESIAN_POINT('',(0.035,0.0761152282051915,-0.00233623919040753));
#4482=CARTESIAN_POINT('',(0.035,0.0761706898177229,-0.00241784979429046));
#4483=CARTESIAN_POINT('',(0.035,0.0762310343122964,-0.00250293407981613));
#4484=CARTESIAN_POINT('',(0.035,0.0762964215052418,-0.00259132754662769));
#4485=CARTESIAN_POINT('',(0.035,0.0763670065494146,-0.00268286071861538));
#4486=CARTESIAN_POINT('',(0.035,0.0764429398029063,-0.0027773592644186));
#4487=CARTESIAN_POINT('',(0.035,0.0765243666845197,-0.00287464412512468));
#4488=CARTESIAN_POINT('',(0.035,0.0766114275951742,-0.00297453163097137));
#4489=CARTESIAN_POINT('',(0.035,0.0767042576001736,-0.00307683367646829));
#4490=CARTESIAN_POINT('',(0.035,0.0768029870477777,-0.00318135768627649));
#4491=CARTESIAN_POINT('',(0.035,0.0769077386027293,-0.00328790740107381));
#4492=CARTESIAN_POINT('',(0.035,0.0770186380674544,-0.00339628052842273));
#4493=CARTESIAN_POINT('',(0.035,0.0771357723127959,-0.00350627843793043));
#4494=CARTESIAN_POINT('',(0.035,0.0772593499786849,-0.00361766969924143));
#4495=CARTESIAN_POINT('',(0.035,0.077369137389535,-0.00371300764537344));
#4496=CARTESIAN_POINT('',(0.035,0.0774386030249402,-0.00377097054402006));
#4497=CARTESIAN_POINT('',(0.035,0.0774635247502147,-0.00379163339424807));
#4498=CARTESIAN_POINT('',(0.035,0.0774635247502147,-0.00379163339424807));
#4499=CARTESIAN_POINT('',(0.035,0.0723,0.012055));
#4500=CARTESIAN_POINT('',(0.035,0.0785305301592584,-0.00340327518555514));
#4501=CARTESIAN_POINT('',(0.035,0.0779326842586459,0.000431181960294596));
#4502=CARTESIAN_POINT('',(0.035,0.0781782977896584,-7.48304250690057E-5));
#4503=CARTESIAN_POINT('',(0.035,0.0784446909830571,-0.00062365301916878));
#4504=CARTESIAN_POINT('',(0.035,0.0784509391607932,-0.000638931900437567));
#4505=CARTESIAN_POINT('',(0.035,0.0784573077614686,-0.000653725628821114));
#4506=CARTESIAN_POINT('',(0.035,0.0784643437301103,-0.000671396766844162));
#4507=CARTESIAN_POINT('',(0.035,0.0784734085363889,-0.000695336509924649));
#4508=CARTESIAN_POINT('',(0.035,0.07848375504786,-0.000724493124183781));
#4509=CARTESIAN_POINT('',(0.035,0.0784953358025489,-0.000759286761280537));
#4510=CARTESIAN_POINT('',(0.035,0.0785078797218678,-0.000799664179640044));
#4511=CARTESIAN_POINT('',(0.035,0.0785211821328295,-0.000845709220975946));
#4512=CARTESIAN_POINT('',(0.035,0.0785350163318193,-0.000897456107236627));
#4513=CARTESIAN_POINT('',(0.035,0.0785491602672896,-0.000954945230353721));
#4514=CARTESIAN_POINT('',(0.035,0.078563388878913,-0.00101820660384733));
#4515=CARTESIAN_POINT('',(0.035,0.0785774765569525,-0.00108726463481808));
#4516=CARTESIAN_POINT('',(0.035,0.0785911966572815,-0.00116213669691237));
#4517=CARTESIAN_POINT('',(0.035,0.0786043218693654,-0.00124283350305747));
#4518=CARTESIAN_POINT('',(0.035,0.0786166243410524,-0.00132935896919291));
#4519=CARTESIAN_POINT('',(0.035,0.0786278758738116,-0.00142171022983147));
#4520=CARTESIAN_POINT('',(0.035,0.0786378480987205,-0.00151987761678398));
#4521=CARTESIAN_POINT('',(0.035,0.0786463126584946,-0.00162384465433229));
#4522=CARTESIAN_POINT('',(0.035,0.0786530413879313,-0.00173358805584881));
#4523=CARTESIAN_POINT('',(0.035,0.0786578064959045,-0.00184907772543446));
#4524=CARTESIAN_POINT('',(0.035,0.0786603807433949,-0.0019702767658375));
#4525=CARTESIAN_POINT('',(0.035,0.0786605376362864,-0.00209714148337753));
#4526=CARTESIAN_POINT('',(0.035,0.0786580515605874,-0.00222962142682513));
#4527=CARTESIAN_POINT('',(0.035,0.0786526981383939,-0.00236765931731853));
#4528=CARTESIAN_POINT('',(0.035,0.0786442537321041,-0.00251119141983567));
#4529=CARTESIAN_POINT('',(0.035,0.0786324982220126,-0.00266014623839042));
#4530=CARTESIAN_POINT('',(0.035,0.078617205206798,-0.00281444967222556));
#4531=CARTESIAN_POINT('',(0.035,0.0785981804623782,-0.00297400540113416));
#4532=CARTESIAN_POINT('',(0.035,0.0785751154007284,-0.0031387702503409));
#4533=CARTESIAN_POINT('',(0.035,0.0785522954152288,-0.00328237334158771));
#4534=CARTESIAN_POINT('',(0.035,0.0785363394843105,-0.00337142714774051));
#4535=CARTESIAN_POINT('',(0.035,0.0785305301592584,-0.00340327518555514));
#4536=CARTESIAN_POINT('',(0.035,0.0782184200839397,-0.000157616731806115));
#4537=CARTESIAN_POINT('',(0.035,0.0788219750534956,0.000135132103775623));
#4538=CARTESIAN_POINT('',(0.035,0.0784999888279802,0.000723609250815678));
#4539=CARTESIAN_POINT('',(0.035,0.072300000000003,0.0120549999999949));
#4540=CARTESIAN_POINT('',(0.035,0.0790132778350115,0.00101995679719737));
#4541=CARTESIAN_POINT('',(0.035,0.0793619208811371,0.00044686997271233));
#4542=CARTESIAN_POINT('',(0.035,0.0799172262944572,0.000823189491137244));
#4543=CARTESIAN_POINT('',(0.035,0.0795501795820298,0.0013650433206633));
#4544=CARTESIAN_POINT('',(0.035,0.079865592396878,0.000899329570611424));
#4545=CARTESIAN_POINT('',(0.035,0.0802076901088399,0.000394215000682985));
#4546=CARTESIAN_POINT('',(0.035,0.0802177979192921,0.000381164479401841));
#4547=CARTESIAN_POINT('',(0.035,0.0802274253635512,0.000368252245238537));
#4548=CARTESIAN_POINT('',(0.035,0.0802392110336721,0.000353323348643062));
#4549=CARTESIAN_POINT('',(0.035,0.0802554110562006,0.00033350312458523));
#4550=CARTESIAN_POINT('',(0.035,0.0802754881691018,0.000309964475681129));
#4551=CARTESIAN_POINT('',(0.035,0.0802998299653732,0.000282538429377185));
#4552=CARTESIAN_POINT('',(0.035,0.0803285258757523,0.000251486367404213));
#4553=CARTESIAN_POINT('',(0.035,0.0803617508457866,0.000216943620911847));
#4554=CARTESIAN_POINT('',(0.035,0.0803996478643602,0.000179089410015334));
#4555=CARTESIAN_POINT('',(0.035,0.0804423629376858,0.000138095841030042));
#4556=CARTESIAN_POINT('',(0.035,0.0804900345883978,9.41428151568086E-5));
#4557=CARTESIAN_POINT('',(0.035,0.0805427967585341,4.74135126088821E-5));
#4558=CARTESIAN_POINT('',(0.035,0.0806007778161769,-1.90447386570758E-6));
#4559=CARTESIAN_POINT('',(0.035,0.0806641006942609,-5.36196440329151E-5));
#4560=CARTESIAN_POINT('',(0.035,0.080732882710165,-0.000107536630110899));
#4561=CARTESIAN_POINT('',(0.035,0.0808072354815699,-0.000163456373631188));
#4562=CARTESIAN_POINT('',(0.035,0.0808872648200395,-0.000221176267210799));
#4563=CARTESIAN_POINT('',(0.035,0.0809730706358255,-0.000280490309781195));
#4564=CARTESIAN_POINT('',(0.035,0.0810647468447182,-0.000341189261166844));
#4565=CARTESIAN_POINT('',(0.035,0.0811623812784674,-0.000403060800516192));
#4566=CARTESIAN_POINT('',(0.035,0.0812660556026255,-0.000465889684440043));
#4567=CARTESIAN_POINT('',(0.035,0.0813758452244134,-0.000529457916439755));
#4568=CARTESIAN_POINT('',(0.035,0.0814918192587805,-0.000593544883452479));
#4569=CARTESIAN_POINT('',(0.035,0.0816140402897293,-0.000657927629082414));
#4570=CARTESIAN_POINT('',(0.035,0.0817425649399126,-0.000722380609974149));
#4571=CARTESIAN_POINT('',(0.035,0.0818774413518429,-0.000786677448877865));
#4572=CARTESIAN_POINT('',(0.035,0.0820187185530426,-0.000850585026119149));
#4573=CARTESIAN_POINT('',(0.035,0.0821664102398067,-0.000913886978605352));
#4574=CARTESIAN_POINT('',(0.035,0.0823206333156953,-0.000976294473880146));
#4575=CARTESIAN_POINT('',(0.035,0.0824564072335268,-0.00102833333234696));
#4576=CARTESIAN_POINT('',(0.035,0.082541508057418,-0.00105904199390705));
#4577=CARTESIAN_POINT('',(0.035,0.0825719939297522,-0.00106993498974042));
#4578=CARTESIAN_POINT('',(0.035,0.0825719939297522,-0.00106993498974042));
#4579=CARTESIAN_POINT('',(0.035,0.0723,0.012055));
#4580=CARTESIAN_POINT('',(0.035,0.0834418247087704,-0.000340060303879619));
#4581=CARTESIAN_POINT('',(0.035,0.081568571744998,0.003058675440181));
#4582=CARTESIAN_POINT('',(0.035,0.0819724393962223,0.00266718411070818));
#4583=CARTESIAN_POINT('',(0.035,0.082410475496581,0.00224257140709927));
#4584=CARTESIAN_POINT('',(0.035,0.0824215725482543,0.00223035095776192));
#4585=CARTESIAN_POINT('',(0.035,0.0824326168284159,0.0022186275900818));
#4586=CARTESIAN_POINT('',(0.035,0.0824452723613879,0.00220442859508391));
#4587=CARTESIAN_POINT('',(0.035,0.0824619783673163,0.00218503294151028));
#4588=CARTESIAN_POINT('',(0.035,0.0824816730571844,0.00216117340158014));
#4589=CARTESIAN_POINT('',(0.035,0.0825044555316553,0.00213243892892853));
#4590=CARTESIAN_POINT('',(0.035,0.0825300528504895,0.00209878683993303));
#4591=CARTESIAN_POINT('',(0.035,0.082558301359546,0.0020600683468696));
#4592=CARTESIAN_POINT('',(0.035,0.0825889997317067,0.00201617375442309));
#4593=CARTESIAN_POINT('',(0.035,0.0826219531216252,0.00196698916049122));
#4594=CARTESIAN_POINT('',(0.035,0.082656960307001,0.00191240938642528));
#4595=CARTESIAN_POINT('',(0.035,0.0826938176317491,0.00185233433397824));
#4596=CARTESIAN_POINT('',(0.035,0.0827323180621934,0.0017866701604062));
#4597=CARTESIAN_POINT('',(0.035,0.0827722516603384,0.00171532905406876));
#4598=CARTESIAN_POINT('',(0.035,0.0828134056545291,0.00163822940516086));
#4599=CARTESIAN_POINT('',(0.035,0.0828555646282354,0.00155529585786548));
#4600=CARTESIAN_POINT('',(0.035,0.0828985106781505,0.00146645939053699));
#4601=CARTESIAN_POINT('',(0.035,0.0829420235835919,0.00137165738249499));
#4602=CARTESIAN_POINT('',(0.035,0.0829858809749065,0.00127083367891632));
#4603=CARTESIAN_POINT('',(0.035,0.0830298585050505,0.00116393865154164));
#4604=CARTESIAN_POINT('',(0.035,0.0830737300195909,0.00105092925212419));
#4605=CARTESIAN_POINT('',(0.035,0.0831172677395593,0.000931769073742955));
#4606=CARTESIAN_POINT('',(0.035,0.0831602424018159,0.000806428360516219));
#4607=CARTESIAN_POINT('',(0.035,0.0832024235695756,0.000674884195204811));
#4608=CARTESIAN_POINT('',(0.035,0.083243579293573,0.000537119980574034));
#4609=CARTESIAN_POINT('',(0.035,0.0832834782758776,0.000393127615501282));
#4610=CARTESIAN_POINT('',(0.035,0.0833218824248868,0.000242899298108889));
#4611=CARTESIAN_POINT('',(0.035,0.0833585762862129,8.64591112361701E-5));
#4612=CARTESIAN_POINT('',(0.035,0.0833932551153233,-7.62579174195949E-5));
#4613=CARTESIAN_POINT('',(0.035,0.0834209264931932,-0.000219005577297503));
#4614=CARTESIAN_POINT('',(0.035,0.0834363910181955,-0.000308146031571782));
#4615=CARTESIAN_POINT('',(0.035,0.0834418247087704,-0.000340060303879619));
#4616=CARTESIAN_POINT('',(0.035,0.082038456604583,0.00260311306200584));
#4617=CARTESIAN_POINT('',(0.035,0.0825054867570093,0.00308463493973808));
#4618=CARTESIAN_POINT('',(0.035,0.0820016476387232,0.00352749679731312));
#4619=CARTESIAN_POINT('',(0.035,0.0723000000000045,0.0120549999999962));
#4620=CARTESIAN_POINT('',(0.035,0.0823826247006735,0.00398152757958835));
#4621=CARTESIAN_POINT('',(0.035,0.0829062492362544,0.00356224506415551));
#4622=CARTESIAN_POINT('',(0.035,0.0832993567798058,0.00410579537573032));
#4623=CARTESIAN_POINT('',(0.035,0.082769120768218,0.00448943405168895));
#4624=CARTESIAN_POINT('',(0.035,0.0832247953463736,0.00415968381350779));
#4625=CARTESIAN_POINT('',(0.035,0.0837190213994948,0.00380203568797118));
#4626=CARTESIAN_POINT('',(0.035,0.0837329831755481,0.00379322928420545));
#4627=CARTESIAN_POINT('',(0.035,0.0837464462580545,0.00378438853290968));
#4628=CARTESIAN_POINT('',(0.035,0.0837626271486514,0.00377439089552638));
#4629=CARTESIAN_POINT('',(0.035,0.0837846291061511,0.00376130671126399));
#4630=CARTESIAN_POINT('',(0.035,0.0838115461130628,0.00374605439361756));
#4631=CARTESIAN_POINT('',(0.035,0.0838438001796835,0.00372860772493796));
#4632=CARTESIAN_POINT('',(0.035,0.0838813859456,0.00370924291082249));
#4633=CARTESIAN_POINT('',(0.035,0.0839244215198733,0.00368814695585508));
#4634=CARTESIAN_POINT('',(0.035,0.083972979971213,0.00366553717693411));
#4635=CARTESIAN_POINT('',(0.035,0.0840271396367532,0.00364162523815992));
#4636=CARTESIAN_POINT('',(0.035,0.0840869691553567,0.00361662756889475));
#4637=CARTESIAN_POINT('',(0.035,0.0841525317400454,0.00359076211310816));
#4638=CARTESIAN_POINT('',(0.035,0.0842238838568603,0.00356424905479115));
#4639=CARTESIAN_POINT('',(0.035,0.0843010755280354,0.00353731039084043));
#4640=CARTESIAN_POINT('',(0.035,0.0843841501761294,0.00351016983182567));
#4641=CARTESIAN_POINT('',(0.035,0.0844731446054471,0.00348305260701598));
#4642=CARTESIAN_POINT('',(0.035,0.0845680889505281,0.00345618529476028));
#4643=CARTESIAN_POINT('',(0.035,0.0846690066397839,0.0034297956440612));
#4644=CARTESIAN_POINT('',(0.035,0.0847759143608346,0.00340411239745969));
#4645=CARTESIAN_POINT('',(0.035,0.0848888220305194,0.00337936511152089));
#4646=CARTESIAN_POINT('',(0.035,0.0850077327717804,0.00335578398013317));
#4647=CARTESIAN_POINT('',(0.035,0.0851326428850329,0.00333359964378621));
#4648=CARTESIAN_POINT('',(0.035,0.0852635418629734,0.00331304304965207));
#4649=CARTESIAN_POINT('',(0.035,0.0854004122597489,0.00329434511320021));
#4650=CARTESIAN_POINT('',(0.035,0.0855432301428776,0.00327773714194519));
#4651=CARTESIAN_POINT('',(0.035,0.0856919633259438,0.00326344832662714));
#4652=CARTESIAN_POINT('',(0.035,0.0858465781481241,0.00325171449648418));
#4653=CARTESIAN_POINT('',(0.035,0.0860070134791899,0.00324274365072663));
#4654=CARTESIAN_POINT('',(0.035,0.0861732803860358,0.00323684718645473));
#4655=CARTESIAN_POINT('',(0.035,0.0863186644725486,0.00323438406999595));
#4656=CARTESIAN_POINT('',(0.035,0.0864091360696101,0.00323463356331812));
#4657=CARTESIAN_POINT('',(0.035,0.0864415090428769,0.0032348242779404));
#4658=CARTESIAN_POINT('',(0.035,0.0864415090428769,0.0032348242779404));
#4659=CARTESIAN_POINT('',(0.035,0.0723,0.012055));
#4660=CARTESIAN_POINT('',(0.035,0.0870092507625848,0.00421818178205109));
#4661=CARTESIAN_POINT('',(0.035,0.0840865326893529,0.00677125843359151));
#4662=CARTESIAN_POINT('',(0.035,0.0845999420615996,0.00654150779214057));
#4663=CARTESIAN_POINT('',(0.035,0.0851567874504908,0.00629231953769383));
#4664=CARTESIAN_POINT('',(0.035,0.0851713949078945,0.00628463148683262));
#4665=CARTESIAN_POINT('',(0.035,0.0851857827643584,0.00627739249101664));
#4666=CARTESIAN_POINT('',(0.035,0.0852025314176086,0.00626837824739552));
#4667=CARTESIAN_POINT('',(0.035,0.0852248636323175,0.00625586608539907));
#4668=CARTESIAN_POINT('',(0.035,0.0852515310303217,0.00624018143244282));
#4669=CARTESIAN_POINT('',(0.035,0.08528276732192,0.00622097192571377));
#4670=CARTESIAN_POINT('',(0.035,0.0853183306258418,0.0061981041046671));
#4671=CARTESIAN_POINT('',(0.035,0.0853581180458974,0.00617138218156368));
#4672=CARTESIAN_POINT('',(0.035,0.0854019779144867,0.00614063421859557));
#4673=CARTESIAN_POINT('',(0.035,0.085449766093689,0.00610568654176442));
#4674=CARTESIAN_POINT('',(0.035,0.0855013294696098,0.00606637149339014));
#4675=CARTESIAN_POINT('',(0.035,0.0855565109037458,0.0060225253574053));
#4676=CARTESIAN_POINT('',(0.035,0.0856151479441878,0.00597398914078828));
#4677=CARTESIAN_POINT('',(0.035,0.0856770733471007,0.00592060852456538));
#4678=CARTESIAN_POINT('',(0.035,0.0857421150847273,0.00586223404841296));
#4679=CARTESIAN_POINT('',(0.035,0.0858100965049515,0.00579872122423338));
#4680=CARTESIAN_POINT('',(0.035,0.0858808364524369,0.00572993066557535));
#4681=CARTESIAN_POINT('',(0.035,0.0859541494049672,0.00565572820833817));
#4682=CARTESIAN_POINT('',(0.035,0.0860298456095011,0.00557598502934832));
#4683=CARTESIAN_POINT('',(0.035,0.0861077312226412,0.00549057776208856));
#4684=CARTESIAN_POINT('',(0.035,0.0861876084521035,0.00539938860506756));
#4685=CARTESIAN_POINT('',(0.035,0.0862692757075723,0.00530230544197484));
#4686=CARTESIAN_POINT('',(0.035,0.0863525277292779,0.00519922189881603));
#4687=CARTESIAN_POINT('',(0.035,0.0864371558156314,0.00509003762640828));
#4688=CARTESIAN_POINT('',(0.035,0.0865229476822079,0.00497465769713161));
#4689=CARTESIAN_POINT('',(0.035,0.0866096887507964,0.00485299538986961));
#4690=CARTESIAN_POINT('',(0.035,0.0866971579568741,0.00472496194113133));
#4691=CARTESIAN_POINT('',(0.035,0.0867851446027264,0.00459050629164257));
#4692=CARTESIAN_POINT('',(0.035,0.0868733845440014,0.00444946315864127));
#4693=CARTESIAN_POINT('',(0.035,0.0869482097086835,0.00432478840464462));
#4694=CARTESIAN_POINT('',(0.035,0.0869932294396592,0.00424631295660733));
#4695=CARTESIAN_POINT('',(0.035,0.0870092507625848,0.00421818178205109));
#4696=CARTESIAN_POINT('',(0.035,0.0846838915344012,0.00650387991553447));
#4697=CARTESIAN_POINT('',(0.035,0.0849580661406843,0.00711609619045666));
#4698=CARTESIAN_POINT('',(0.035,0.0843331445631663,0.00735992708259818));
#4699=CARTESIAN_POINT('',(0.035,0.0723000000000056,0.012054999999998));
#4700=CARTESIAN_POINT('',(0.035,0.0845358582237416,0.00791687828764388));
#4701=CARTESIAN_POINT('',(0.035,0.0851713074019118,0.00770197174057532));
#4702=CARTESIAN_POINT('',(0.035,0.0853548025042927,0.0083471926557759));
#4703=CARTESIAN_POINT('',(0.035,0.0847253314819921,0.00852634369194261));
#4704=CARTESIAN_POINT('',(0.035,0.0852663067442891,0.00837232971095203));
#4705=CARTESIAN_POINT('',(0.035,0.0858530501825634,0.00820528567207116));
#4706=CARTESIAN_POINT('',(0.035,0.0858691819279718,0.00820178556808365));
#4707=CARTESIAN_POINT('',(0.035,0.0858848568022815,0.00819808262473728));
#4708=CARTESIAN_POINT('',(0.035,0.0859034812591439,0.00819422210918399));
#4709=CARTESIAN_POINT('',(0.035,0.0859286313908259,0.00818945211044108));
#4710=CARTESIAN_POINT('',(0.035,0.085959141703462,0.00818432577866072));
#4711=CARTESIAN_POINT('',(0.035,0.0859954177239781,0.00817896281333364));
#4712=CARTESIAN_POINT('',(0.035,0.0860373599473557,0.00817362092945222));
#4713=CARTESIAN_POINT('',(0.035,0.0860850154004731,0.00816851624952197));
#4714=CARTESIAN_POINT('',(0.035,0.086138378418701,0.0081638779755992));
#4715=CARTESIAN_POINT('',(0.035,0.08619745022148,0.00815993179975492));
#4716=CARTESIAN_POINT('',(0.035,0.0862622212850418,0.00815690457493748));
#4717=CARTESIAN_POINT('',(0.035,0.0863326764689687,0.00815502272161358));
#4718=CARTESIAN_POINT('',(0.035,0.0864087935266227,0.00815451245757825));
#4719=CARTESIAN_POINT('',(0.035,0.0864905435361176,0.0081555995002888));
#4720=CARTESIAN_POINT('',(0.035,0.08657789078779,0.00815850892030645));
#4721=CARTESIAN_POINT('',(0.035,0.0866707928334269,0.00816346495172701));
#4722=CARTESIAN_POINT('',(0.035,0.0867692004958734,0.00817069081517257));
#4723=CARTESIAN_POINT('',(0.035,0.0868730578958882,0.00818040853768889));
#4724=CARTESIAN_POINT('',(0.035,0.0869823024801483,0.00819283877445599));
#4725=CARTESIAN_POINT('',(0.035,0.087096865054465,0.008208200629843));
#4726=CARTESIAN_POINT('',(0.035,0.0872166698224971,0.00822671148345722));
#4727=CARTESIAN_POINT('',(0.035,0.087341634424079,0.00824858680113237));
#4728=CARTESIAN_POINT('',(0.035,0.0874716699969901,0.00827404000851242));
#4729=CARTESIAN_POINT('',(0.035,0.0876066811697493,0.0083032821283269));
#4730=CARTESIAN_POINT('',(0.035,0.0877465663413506,0.00833652233314948));
#4731=CARTESIAN_POINT('',(0.035,0.0878912168786069,0.00837396498342492));
#4732=CARTESIAN_POINT('',(0.035,0.0880405204923411,0.0084158201734684));
#4733=CARTESIAN_POINT('',(0.035,0.0881943485990087,0.00846226245083342));
#4734=CARTESIAN_POINT('',(0.035,0.0883526050940082,0.00851358821817817));
#4735=CARTESIAN_POINT('',(0.035,0.0884900638827282,0.00856099793192408));
#4736=CARTESIAN_POINT('',(0.035,0.0885749940431357,0.00859217548755174));
#4737=CARTESIAN_POINT('',(0.035,0.088605349458985,0.00860342690963156));
#4738=CARTESIAN_POINT('',(0.035,0.088605349458985,0.00860342690963156));
#4739=CARTESIAN_POINT('',(0.035,0.0723,0.012055));
#4740=CARTESIAN_POINT('',(0.035,0.0888025240890106,0.0097216598041853));
#4741=CARTESIAN_POINT('',(0.035,0.0851828638406757,0.0111211386396313));
#4742=CARTESIAN_POINT('',(0.035,0.0857438901865364,0.0110808400043196));
#4743=CARTESIAN_POINT('',(0.035,0.086352381091897,0.0110371319801483));
#4744=CARTESIAN_POINT('',(0.035,0.0863687370800852,0.0110349036201606));
#4745=CARTESIAN_POINT('',(0.035,0.0863847331250198,0.0110330221259404));
#4746=CARTESIAN_POINT('',(0.035,0.0864035547637824,0.0110302798845128));
#4747=CARTESIAN_POINT('',(0.035,0.0864288195925894,0.0110261603654901));
#4748=CARTESIAN_POINT('',(0.035,0.0864592432169617,0.0110205424001351));
#4749=CARTESIAN_POINT('',(0.035,0.086495165767922,0.0110131748093423));
#4750=CARTESIAN_POINT('',(0.035,0.0865364055976201,0.0110038494529558));
#4751=CARTESIAN_POINT('',(0.035,0.0865829329786161,0.0109923471581122));
#4752=CARTESIAN_POINT('',(0.035,0.0866346641961795,0.0109784544827481));
#4753=CARTESIAN_POINT('',(0.035,0.0866915232049753,0.0109619589286162));
#4754=CARTESIAN_POINT('',(0.035,0.0867534234673108,0.0109426505809959));
#4755=CARTESIAN_POINT('',(0.035,0.0868202733154865,0.0109203218525731));
#4756=CARTESIAN_POINT('',(0.035,0.0868919744734585,0.0108947677769533));
#4757=CARTESIAN_POINT('',(0.035,0.0869684225636263,0.0108657861409755));
#4758=CARTESIAN_POINT('',(0.035,0.0870495070512174,0.010833177660918));
#4759=CARTESIAN_POINT('',(0.035,0.0871351113553815,0.0107967461437997));
#4760=CARTESIAN_POINT('',(0.035,0.08722511291876,0.0107562986504268));
#4761=CARTESIAN_POINT('',(0.035,0.0873193832943201,0.0107116456554489));
#4762=CARTESIAN_POINT('',(0.035,0.0874177882326494,0.010662601205318));
#4763=CARTESIAN_POINT('',(0.035,0.0875201877743718,0.0106089830750818));
#4764=CARTESIAN_POINT('',(0.035,0.0876264363460204,0.0105506129186026));
#4765=CARTESIAN_POINT('',(0.035,0.0877363828606997,0.0104873164330622));
#4766=CARTESIAN_POINT('',(0.035,0.0878498708193678,0.0104189234566274));
#4767=CARTESIAN_POINT('',(0.035,0.0879667384281231,0.0103452683117639));
#4768=CARTESIAN_POINT('',(0.035,0.0880868186720167,0.0102661891901385));
#4769=CARTESIAN_POINT('',(0.035,0.0882099395738554,0.0101815312104875));
#4770=CARTESIAN_POINT('',(0.035,0.0883359237598406,0.0100911353538936));
#4771=CARTESIAN_POINT('',(0.035,0.0884645907021848,0.00999488157747121));
#4772=CARTESIAN_POINT('',(0.035,0.0885957487164237,0.00989252422353926));
#4773=CARTESIAN_POINT('',(0.035,0.0887087026487556,0.00980095999075927));
#4774=CARTESIAN_POINT('',(0.035,0.0887778475417285,0.00974261484616654));
#4775=CARTESIAN_POINT('',(0.035,0.0888025240890106,0.0097216598041853));
#4776=CARTESIAN_POINT('',(0.035,0.0858356463783968,0.0110741937770567));
#4777=CARTESIAN_POINT('',(0.035,0.0858838959346327,0.0117432621310633));
#4778=CARTESIAN_POINT('',(0.035,0.0852132666629917,0.0117586524536184));
#4779=CARTESIAN_POINT('',(0.035,0.0723000000000059,0.012055));
#4780=CARTESIAN_POINT('',(0.035,0.0852132666629917,0.0123513475463817));
#4781=CARTESIAN_POINT('',(0.035,0.0858838959346327,0.0123667378689367));
#4782=CARTESIAN_POINT('',(0.035,0.0858356463783968,0.0130358062229433));
#4783=CARTESIAN_POINT('',(0.035,0.0851828638406757,0.0129888613603687));
#4784=CARTESIAN_POINT('',(0.035,0.0857438901865364,0.0130291599956804));
#4785=CARTESIAN_POINT('',(0.035,0.086352381091897,0.0130728680198518));
#4786=CARTESIAN_POINT('',(0.035,0.0863687370800852,0.0130750963798394));
#4787=CARTESIAN_POINT('',(0.035,0.0863847331250198,0.0130769778740597));
#4788=CARTESIAN_POINT('',(0.035,0.0864035547637824,0.0130797201154872));
#4789=CARTESIAN_POINT('',(0.035,0.0864288195925894,0.0130838396345099));
#4790=CARTESIAN_POINT('',(0.035,0.0864592432169617,0.0130894575998649));
#4791=CARTESIAN_POINT('',(0.035,0.086495165767922,0.0130968251906577));
#4792=CARTESIAN_POINT('',(0.035,0.0865364055976201,0.0131061505470443));
#4793=CARTESIAN_POINT('',(0.035,0.0865829329786161,0.0131176528418878));
#4794=CARTESIAN_POINT('',(0.035,0.0866346641961795,0.013131545517252));
#4795=CARTESIAN_POINT('',(0.035,0.0866915232049753,0.0131480410713838));
#4796=CARTESIAN_POINT('',(0.035,0.0867534234673108,0.0131673494190041));
#4797=CARTESIAN_POINT('',(0.035,0.0868202733154865,0.013189678147427));
#4798=CARTESIAN_POINT('',(0.035,0.0868919744734585,0.0132152322230467));
#4799=CARTESIAN_POINT('',(0.035,0.0869684225636263,0.0132442138590246));
#4800=CARTESIAN_POINT('',(0.035,0.0870495070512174,0.013276822339082));
#4801=CARTESIAN_POINT('',(0.035,0.0871351113553815,0.0133132538562003));
#4802=CARTESIAN_POINT('',(0.035,0.08722511291876,0.0133537013495732));
#4803=CARTESIAN_POINT('',(0.035,0.0873193832943201,0.0133983543445511));
#4804=CARTESIAN_POINT('',(0.035,0.0874177882326494,0.013447398794682));
#4805=CARTESIAN_POINT('',(0.035,0.0875201877743718,0.0135010169249183));
#4806=CARTESIAN_POINT('',(0.035,0.0876264363460204,0.0135593870813975));
#4807=CARTESIAN_POINT('',(0.035,0.0877363828606997,0.0136226835669378));
#4808=CARTESIAN_POINT('',(0.035,0.0878498708193678,0.0136910765433727));
#4809=CARTESIAN_POINT('',(0.035,0.0879667384281231,0.0137647316882361));
#4810=CARTESIAN_POINT('',(0.035,0.0880868186720167,0.0138438108098615));
#4811=CARTESIAN_POINT('',(0.035,0.0882099395738554,0.0139284687895126));
#4812=CARTESIAN_POINT('',(0.035,0.0883359237598406,0.0140188646461064));
#4813=CARTESIAN_POINT('',(0.035,0.0884645907021848,0.0141151184225288));
#4814=CARTESIAN_POINT('',(0.035,0.0885957487164237,0.0142174757764608));
#4815=CARTESIAN_POINT('',(0.035,0.0887087026487556,0.0143090400092408));
#4816=CARTESIAN_POINT('',(0.035,0.0887778475417285,0.0143673851538335));
#4817=CARTESIAN_POINT('',(0.035,0.0888025240890106,0.0143883401958147));
#4818=CARTESIAN_POINT('',(0.035,0.0888025240890106,0.0143883401958147));
#4819=CARTESIAN_POINT('',(0.035,0.0723,0.012055));
#4820=CARTESIAN_POINT('',(0.035,0.088605349458985,0.0155065730903684));
#4821=CARTESIAN_POINT('',(0.035,0.0847253314819921,0.0155836563080574));
#4822=CARTESIAN_POINT('',(0.035,0.0852663067442891,0.015737670289048));
#4823=CARTESIAN_POINT('',(0.035,0.0858530501825634,0.0159047143279289));
#4824=CARTESIAN_POINT('',(0.035,0.0858691819279718,0.0159082144319164));
#4825=CARTESIAN_POINT('',(0.035,0.0858848568022815,0.0159119173752627));
#4826=CARTESIAN_POINT('',(0.035,0.0859034812591439,0.015915777890816));
#4827=CARTESIAN_POINT('',(0.035,0.0859286313908259,0.015920547889559));
#4828=CARTESIAN_POINT('',(0.035,0.085959141703462,0.0159256742213393));
#4829=CARTESIAN_POINT('',(0.035,0.0859954177239781,0.0159310371866664));
#4830=CARTESIAN_POINT('',(0.035,0.0860373599473557,0.0159363790705478));
#4831=CARTESIAN_POINT('',(0.035,0.0860850154004731,0.0159414837504781));
#4832=CARTESIAN_POINT('',(0.035,0.086138378418701,0.0159461220244009));
#4833=CARTESIAN_POINT('',(0.035,0.08619745022148,0.0159500682002451));
#4834=CARTESIAN_POINT('',(0.035,0.0862622212850418,0.0159530954250626));
#4835=CARTESIAN_POINT('',(0.035,0.0863326764689687,0.0159549772783865));
#4836=CARTESIAN_POINT('',(0.035,0.0864087935266227,0.0159554875424218));
#4837=CARTESIAN_POINT('',(0.035,0.0864905435361176,0.0159544004997112));
#4838=CARTESIAN_POINT('',(0.035,0.08657789078779,0.0159514910796936));
#4839=CARTESIAN_POINT('',(0.035,0.0866707928334269,0.0159465350482731));
#4840=CARTESIAN_POINT('',(0.035,0.0867692004958734,0.0159393091848275));
#4841=CARTESIAN_POINT('',(0.035,0.0868730578958882,0.0159295914623112));
#4842=CARTESIAN_POINT('',(0.035,0.0869823024801483,0.0159171612255441));
#4843=CARTESIAN_POINT('',(0.035,0.087096865054465,0.0159017993701571));
#4844=CARTESIAN_POINT('',(0.035,0.0872166698224971,0.0158832885165428));
#4845=CARTESIAN_POINT('',(0.035,0.087341634424079,0.0158614131988676));
#4846=CARTESIAN_POINT('',(0.035,0.0874716699969901,0.0158359599914876));
#4847=CARTESIAN_POINT('',(0.035,0.0876066811697493,0.0158067178716732));
#4848=CARTESIAN_POINT('',(0.035,0.0877465663413506,0.0157734776668506));
#4849=CARTESIAN_POINT('',(0.035,0.0878912168786069,0.0157360350165751));
#4850=CARTESIAN_POINT('',(0.035,0.0880405204923411,0.0156941798265317));
#4851=CARTESIAN_POINT('',(0.035,0.0881943485990087,0.0156477375491666));
#4852=CARTESIAN_POINT('',(0.035,0.0883526050940082,0.0155964117818218));
#4853=CARTESIAN_POINT('',(0.035,0.0884900638827282,0.015549002068076));
#4854=CARTESIAN_POINT('',(0.035,0.0885749940431357,0.0155178245124483));
#4855=CARTESIAN_POINT('',(0.035,0.088605349458985,0.0155065730903684));
#4856=CARTESIAN_POINT('',(0.035,0.0853548025042928,0.0157628073442241));
#4857=CARTESIAN_POINT('',(0.035,0.0851713074019118,0.0164080282594248));
#4858=CARTESIAN_POINT('',(0.035,0.0845358582237416,0.0161931217123562));
#4859=CARTESIAN_POINT('',(0.035,0.0723000000000056,0.012055000000002));
#4860=CARTESIAN_POINT('',(0.035,0.0843331445631663,0.0167500729174019));
#4861=CARTESIAN_POINT('',(0.035,0.0849580661406842,0.0169939038095434));
#4862=CARTESIAN_POINT('',(0.035,0.0846838915344012,0.0176061200844655));
#4863=CARTESIAN_POINT('',(0.035,0.0840865326893529,0.0173387415664085));
#4864=CARTESIAN_POINT('',(0.035,0.0845999420615996,0.0175684922078594));
#4865=CARTESIAN_POINT('',(0.035,0.0851567874504907,0.0178176804623062));
#4866=CARTESIAN_POINT('',(0.035,0.0851713949078945,0.0178253685131674));
#4867=CARTESIAN_POINT('',(0.035,0.0851857827643584,0.0178326075089834));
#4868=CARTESIAN_POINT('',(0.035,0.0852025314176086,0.0178416217526045));
#4869=CARTESIAN_POINT('',(0.035,0.0852248636323175,0.017854133914601));
#4870=CARTESIAN_POINT('',(0.035,0.0852515310303217,0.0178698185675572));
#4871=CARTESIAN_POINT('',(0.035,0.08528276732192,0.0178890280742862));
#4872=CARTESIAN_POINT('',(0.035,0.0853183306258418,0.017911895895333));
#4873=CARTESIAN_POINT('',(0.035,0.0853581180458974,0.0179386178184364));
#4874=CARTESIAN_POINT('',(0.035,0.0854019779144867,0.0179693657814044));
#4875=CARTESIAN_POINT('',(0.035,0.085449766093689,0.0180043134582356));
#4876=CARTESIAN_POINT('',(0.035,0.0855013294696098,0.0180436285066099));
#4877=CARTESIAN_POINT('',(0.035,0.0855565109037458,0.0180874746425948));
#4878=CARTESIAN_POINT('',(0.035,0.0856151479441878,0.0181360108592117));
#4879=CARTESIAN_POINT('',(0.035,0.0856770733471007,0.0181893914754346));
#4880=CARTESIAN_POINT('',(0.035,0.0857421150847273,0.0182477659515871));
#4881=CARTESIAN_POINT('',(0.035,0.0858100965049515,0.0183112787757667));
#4882=CARTESIAN_POINT('',(0.035,0.0858808364524369,0.0183800693344247));
#4883=CARTESIAN_POINT('',(0.035,0.0859541494049672,0.0184542717916619));
#4884=CARTESIAN_POINT('',(0.035,0.0860298456095011,0.0185340149706517));
#4885=CARTESIAN_POINT('',(0.035,0.0861077312226412,0.0186194222379115));
#4886=CARTESIAN_POINT('',(0.035,0.0861876084521035,0.0187106113949325));
#4887=CARTESIAN_POINT('',(0.035,0.0862692757075723,0.0188076945580252));
#4888=CARTESIAN_POINT('',(0.035,0.0863525277292779,0.018910778101184));
#4889=CARTESIAN_POINT('',(0.035,0.0864371558156314,0.0190199623735917));
#4890=CARTESIAN_POINT('',(0.035,0.0865229476822079,0.0191353423028684));
#4891=CARTESIAN_POINT('',(0.035,0.0866096887507964,0.0192570046101305));
#4892=CARTESIAN_POINT('',(0.035,0.0866971579568741,0.0193850380588687));
#4893=CARTESIAN_POINT('',(0.035,0.0867851446027264,0.0195194937083575));
#4894=CARTESIAN_POINT('',(0.035,0.0868733845440014,0.0196605368413587));
#4895=CARTESIAN_POINT('',(0.035,0.0869482097086835,0.0197852115953554));
#4896=CARTESIAN_POINT('',(0.035,0.0869932294396592,0.0198636870433927));
#4897=CARTESIAN_POINT('',(0.035,0.0870092507625848,0.0198918182179489));
#4898=CARTESIAN_POINT('',(0.035,0.0870092507625848,0.0198918182179489));
#4899=CARTESIAN_POINT('',(0.035,0.0723,0.012055));
#4900=CARTESIAN_POINT('',(0.035,0.0864415090428769,0.0208751757220597));
#4901=CARTESIAN_POINT('',(0.035,0.082769120768218,0.0196205659483111));
#4902=CARTESIAN_POINT('',(0.035,0.0832247953463736,0.0199503161864923));
#4903=CARTESIAN_POINT('',(0.035,0.0837190213994948,0.0203079643120288));
#4904=CARTESIAN_POINT('',(0.035,0.0837329831755481,0.0203167707157946));
#4905=CARTESIAN_POINT('',(0.035,0.0837464462580545,0.0203256114670903));
#4906=CARTESIAN_POINT('',(0.035,0.0837626271486514,0.0203356091044736));
#4907=CARTESIAN_POINT('',(0.035,0.0837846291061511,0.020348693288736));
#4908=CARTESIAN_POINT('',(0.035,0.0838115461130629,0.0203639456063825));
#4909=CARTESIAN_POINT('',(0.035,0.0838438001796835,0.0203813922750621));
#4910=CARTESIAN_POINT('',(0.035,0.0838813859456001,0.0204007570891776));
#4911=CARTESIAN_POINT('',(0.035,0.0839244215198733,0.0204218530441449));
#4912=CARTESIAN_POINT('',(0.035,0.083972979971213,0.0204444628230659));
#4913=CARTESIAN_POINT('',(0.035,0.0840271396367532,0.0204683747618401));
#4914=CARTESIAN_POINT('',(0.035,0.0840869691553567,0.0204933724311053));
#4915=CARTESIAN_POINT('',(0.035,0.0841525317400454,0.0205192378868919));
#4916=CARTESIAN_POINT('',(0.035,0.0842238838568603,0.0205457509452089));
#4917=CARTESIAN_POINT('',(0.035,0.0843010755280355,0.0205726896091596));
#4918=CARTESIAN_POINT('',(0.035,0.0843841501761294,0.0205998301681743));
#4919=CARTESIAN_POINT('',(0.035,0.0844731446054471,0.0206269473929841));
#4920=CARTESIAN_POINT('',(0.035,0.0845680889505282,0.0206538147052397));
#4921=CARTESIAN_POINT('',(0.035,0.0846690066397839,0.0206802043559388));
#4922=CARTESIAN_POINT('',(0.035,0.0847759143608346,0.0207058876025404));
#4923=CARTESIAN_POINT('',(0.035,0.0848888220305195,0.0207306348884792));
#4924=CARTESIAN_POINT('',(0.035,0.0850077327717805,0.0207542160198669));
#4925=CARTESIAN_POINT('',(0.035,0.0851326428850329,0.0207764003562139));
#4926=CARTESIAN_POINT('',(0.035,0.0852635418629734,0.020796956950348));
#4927=CARTESIAN_POINT('',(0.035,0.0854004122597489,0.0208156548867998));
#4928=CARTESIAN_POINT('',(0.035,0.0855432301428776,0.0208322628580549));
#4929=CARTESIAN_POINT('',(0.035,0.0856919633259438,0.0208465516733729));
#4930=CARTESIAN_POINT('',(0.035,0.0858465781481241,0.0208582855035159));
#4931=CARTESIAN_POINT('',(0.035,0.0860070134791899,0.0208672563492734));
#4932=CARTESIAN_POINT('',(0.035,0.0861732803860358,0.0208731528135453));
#4933=CARTESIAN_POINT('',(0.035,0.0863186644725486,0.0208756159300041));
#4934=CARTESIAN_POINT('',(0.035,0.0864091360696101,0.0208753664366819));
#4935=CARTESIAN_POINT('',(0.035,0.0864415090428769,0.0208751757220597));
#4936=CARTESIAN_POINT('',(0.035,0.0832993567798058,0.0200042046242698));
#4937=CARTESIAN_POINT('',(0.035,0.0829062492362545,0.0205477549358445));
#4938=CARTESIAN_POINT('',(0.035,0.0823826247006735,0.0201284724204118));
#4939=CARTESIAN_POINT('',(0.035,0.0723000000000045,0.0120550000000038));
#4940=CARTESIAN_POINT('',(0.035,0.0820016476387232,0.0205825032026869));
#4941=CARTESIAN_POINT('',(0.035,0.0825054867570093,0.0210253650602619));
#4942=CARTESIAN_POINT('',(0.035,0.082038456604583,0.0215068869379942));
#4943=CARTESIAN_POINT('',(0.035,0.081568571744998,0.021051324559819));
#4944=CARTESIAN_POINT('',(0.035,0.0819724393962223,0.0214428158892918));
#4945=CARTESIAN_POINT('',(0.035,0.082410475496581,0.0218674285929008));
#4946=CARTESIAN_POINT('',(0.035,0.0824215725482543,0.0218796490422381));
#4947=CARTESIAN_POINT('',(0.035,0.0824326168284159,0.0218913724099183));
#4948=CARTESIAN_POINT('',(0.035,0.0824452723613879,0.0219055714049162));
#4949=CARTESIAN_POINT('',(0.035,0.0824619783673163,0.0219249670584898));
#4950=CARTESIAN_POINT('',(0.035,0.0824816730571844,0.0219488265984199));
#4951=CARTESIAN_POINT('',(0.035,0.0825044555316553,0.0219775610710715));
#4952=CARTESIAN_POINT('',(0.035,0.0825300528504895,0.022011213160067));
#4953=CARTESIAN_POINT('',(0.035,0.082558301359546,0.0220499316531305));
#4954=CARTESIAN_POINT('',(0.035,0.0825889997317067,0.0220938262455769));
#4955=CARTESIAN_POINT('',(0.035,0.0826219531216252,0.0221430108395088));
#4956=CARTESIAN_POINT('',(0.035,0.082656960307001,0.0221975906135747));
#4957=CARTESIAN_POINT('',(0.035,0.0826938176317491,0.0222576656660218));
#4958=CARTESIAN_POINT('',(0.035,0.0827323180621934,0.0223233298395938));
#4959=CARTESIAN_POINT('',(0.035,0.0827722516603385,0.0223946709459313));
#4960=CARTESIAN_POINT('',(0.035,0.0828134056545291,0.0224717705948392));
#4961=CARTESIAN_POINT('',(0.035,0.0828555646282354,0.0225547041421345));
#4962=CARTESIAN_POINT('',(0.035,0.0828985106781505,0.022643540609463));
#4963=CARTESIAN_POINT('',(0.035,0.0829420235835919,0.022738342617505));
#4964=CARTESIAN_POINT('',(0.035,0.0829858809749065,0.0228391663210837));
#4965=CARTESIAN_POINT('',(0.035,0.0830298585050505,0.0229460613484584));
#4966=CARTESIAN_POINT('',(0.035,0.0830737300195909,0.0230590707478758));
#4967=CARTESIAN_POINT('',(0.035,0.0831172677395593,0.0231782309262571));
#4968=CARTESIAN_POINT('',(0.035,0.0831602424018159,0.0233035716394838));
#4969=CARTESIAN_POINT('',(0.035,0.0832024235695757,0.0234351158047953));
#4970=CARTESIAN_POINT('',(0.035,0.083243579293573,0.023572880019426));
#4971=CARTESIAN_POINT('',(0.035,0.0832834782758776,0.0237168723844987));
#4972=CARTESIAN_POINT('',(0.035,0.0833218824248868,0.0238671007018912));
#4973=CARTESIAN_POINT('',(0.035,0.0833585762862129,0.0240235408887639));
#4974=CARTESIAN_POINT('',(0.035,0.0833932551153233,0.0241862579174196));
#4975=CARTESIAN_POINT('',(0.035,0.0834209264931932,0.0243290055772976));
#4976=CARTESIAN_POINT('',(0.035,0.0834363910181956,0.0244181460315719));
#4977=CARTESIAN_POINT('',(0.035,0.0834418247087704,0.0244500603038796));
#4978=CARTESIAN_POINT('',(0.035,0.0834418247087704,0.0244500603038796));
#4979=CARTESIAN_POINT('',(0.035,0.0723,0.012055));
#4980=CARTESIAN_POINT('',(0.035,0.0825719939297522,0.0251799349897405));
#4981=CARTESIAN_POINT('',(0.035,0.0795501795820298,0.0227449566793368));
#4982=CARTESIAN_POINT('',(0.035,0.079865592396878,0.0232106704293886));
#4983=CARTESIAN_POINT('',(0.035,0.0802076901088399,0.023715784999317));
#4984=CARTESIAN_POINT('',(0.035,0.0802177979192921,0.0237288355205982));
#4985=CARTESIAN_POINT('',(0.035,0.0802274253635512,0.0237417477547615));
#4986=CARTESIAN_POINT('',(0.035,0.0802392110336721,0.023756676651357));
#4987=CARTESIAN_POINT('',(0.035,0.0802554110562006,0.0237764968754148));
#4988=CARTESIAN_POINT('',(0.035,0.0802754881691018,0.0238000355243189));
#4989=CARTESIAN_POINT('',(0.035,0.0802998299653732,0.0238274615706229));
#4990=CARTESIAN_POINT('',(0.035,0.0803285258757523,0.0238585136325958));
#4991=CARTESIAN_POINT('',(0.035,0.0803617508457866,0.0238930563790882));
#4992=CARTESIAN_POINT('',(0.035,0.0803996478643602,0.0239309105899847));
#4993=CARTESIAN_POINT('',(0.035,0.0804423629376858,0.02397190415897));
#4994=CARTESIAN_POINT('',(0.035,0.0804900345883978,0.0240158571848432));
#4995=CARTESIAN_POINT('',(0.035,0.0805427967585341,0.0240625864873911));
#4996=CARTESIAN_POINT('',(0.035,0.0806007778161769,0.0241119044738657));
#4997=CARTESIAN_POINT('',(0.035,0.0806641006942609,0.0241636196440329));
#4998=CARTESIAN_POINT('',(0.035,0.080732882710165,0.0242175366301109));
#4999=CARTESIAN_POINT('',(0.035,0.0808072354815699,0.0242734563736312));
#5000=CARTESIAN_POINT('',(0.035,0.0808872648200395,0.0243311762672109));
#5001=CARTESIAN_POINT('',(0.035,0.0809730706358255,0.0243904903097812));
#5002=CARTESIAN_POINT('',(0.035,0.0810647468447181,0.0244511892611669));
#5003=CARTESIAN_POINT('',(0.035,0.0811623812784674,0.0245130608005163));
#5004=CARTESIAN_POINT('',(0.035,0.0812660556026255,0.0245758896844401));
#5005=CARTESIAN_POINT('',(0.035,0.0813758452244134,0.0246394579164398));
#5006=CARTESIAN_POINT('',(0.035,0.0814918192587804,0.0247035448834525));
#5007=CARTESIAN_POINT('',(0.035,0.0816140402897293,0.0247679276290825));
#5008=CARTESIAN_POINT('',(0.035,0.0817425649399126,0.0248323806099742));
#5009=CARTESIAN_POINT('',(0.035,0.0818774413518429,0.0248966774488779));
#5010=CARTESIAN_POINT('',(0.035,0.0820187185530426,0.0249605850261192));
#5011=CARTESIAN_POINT('',(0.035,0.0821664102398067,0.0250238869786054));
#5012=CARTESIAN_POINT('',(0.035,0.0823206333156953,0.0250862944738802));
#5013=CARTESIAN_POINT('',(0.035,0.0824564072335268,0.025138333332347));
#5014=CARTESIAN_POINT('',(0.035,0.082541508057418,0.0251690419939071));
#5015=CARTESIAN_POINT('',(0.035,0.0825719939297522,0.0251799349897405));
#5016=CARTESIAN_POINT('',(0.035,0.0799172262944572,0.0232868105088629));
#5017=CARTESIAN_POINT('',(0.035,0.0793619208811371,0.0236631300272877));
#5018=CARTESIAN_POINT('',(0.035,0.0790132778350115,0.0230900432028027));
#5019=CARTESIAN_POINT('',(0.035,0.072300000000003,0.0120550000000051));
#5020=CARTESIAN_POINT('',(0.035,0.0784999888279802,0.0233863907491843));
#5021=CARTESIAN_POINT('',(0.035,0.0788219750534955,0.0239748678962244));
#5022=CARTESIAN_POINT('',(0.035,0.0782184200839396,0.0242676167318061));
#5023=CARTESIAN_POINT('',(0.035,0.0779326842586459,0.0236788180397055));
#5024=CARTESIAN_POINT('',(0.035,0.0781782977896584,0.0241848304250691));
#5025=CARTESIAN_POINT('',(0.035,0.0784446909830571,0.0247336530191688));
#5026=CARTESIAN_POINT('',(0.035,0.0784509391607931,0.0247489319004376));
#5027=CARTESIAN_POINT('',(0.035,0.0784573077614686,0.0247637256288212));
#5028=CARTESIAN_POINT('',(0.035,0.0784643437301103,0.0247813967668442));
#5029=CARTESIAN_POINT('',(0.035,0.0784734085363889,0.0248053365099247));
#5030=CARTESIAN_POINT('',(0.035,0.07848375504786,0.0248344931241838));
#5031=CARTESIAN_POINT('',(0.035,0.0784953358025489,0.0248692867612806));
#5032=CARTESIAN_POINT('',(0.035,0.0785078797218678,0.0249096641796401));
#5033=CARTESIAN_POINT('',(0.035,0.0785211821328295,0.024955709220976));
#5034=CARTESIAN_POINT('',(0.035,0.0785350163318193,0.0250074561072366));
#5035=CARTESIAN_POINT('',(0.035,0.0785491602672896,0.0250649452303538));
#5036=CARTESIAN_POINT('',(0.035,0.078563388878913,0.0251282066038474));
#5037=CARTESIAN_POINT('',(0.035,0.0785774765569525,0.0251972646348181));
#5038=CARTESIAN_POINT('',(0.035,0.0785911966572815,0.0252721366969124));
#5039=CARTESIAN_POINT('',(0.035,0.0786043218693654,0.0253528335030575));
#5040=CARTESIAN_POINT('',(0.035,0.0786166243410523,0.025439358969193));
#5041=CARTESIAN_POINT('',(0.035,0.0786278758738116,0.0255317102298315));
#5042=CARTESIAN_POINT('',(0.035,0.0786378480987205,0.025629877616784));
#5043=CARTESIAN_POINT('',(0.035,0.0786463126584946,0.0257338446543324));
#5044=CARTESIAN_POINT('',(0.035,0.0786530413879313,0.0258435880558489));
#5045=CARTESIAN_POINT('',(0.035,0.0786578064959045,0.0259590777254345));
#5046=CARTESIAN_POINT('',(0.035,0.0786603807433949,0.0260802767658375));
#5047=CARTESIAN_POINT('',(0.035,0.0786605376362864,0.0262071414833776));
#5048=CARTESIAN_POINT('',(0.035,0.0786580515605874,0.0263396214268252));
#5049=CARTESIAN_POINT('',(0.035,0.0786526981383938,0.0264776593173186));
#5050=CARTESIAN_POINT('',(0.035,0.078644253732104,0.0266211914198357));
#5051=CARTESIAN_POINT('',(0.035,0.0786324982220126,0.0267701462383905));
#5052=CARTESIAN_POINT('',(0.035,0.078617205206798,0.0269244496722256));
#5053=CARTESIAN_POINT('',(0.035,0.0785981804623782,0.0270840054011342));
#5054=CARTESIAN_POINT('',(0.035,0.0785751154007283,0.027248770250341));
#5055=CARTESIAN_POINT('',(0.035,0.0785522954152288,0.0273923733415878));
#5056=CARTESIAN_POINT('',(0.035,0.0785363394843105,0.0274814271477406));
#5057=CARTESIAN_POINT('',(0.035,0.0785305301592584,0.0275132751855552));
#5058=CARTESIAN_POINT('',(0.035,0.0785305301592584,0.0275132751855552));
#5059=CARTESIAN_POINT('',(0.035,0.0723,0.012055));
#5060=CARTESIAN_POINT('',(0.035,0.0774635247502147,0.0279016333942481));
#5061=CARTESIAN_POINT('',(0.035,0.0754567597369941,0.0245799808678765));
#5062=CARTESIAN_POINT('',(0.035,0.0755938673480668,0.0251254861783398));
#5063=CARTESIAN_POINT('',(0.035,0.0757425746859824,0.0257171429208297));
#5064=CARTESIAN_POINT('',(0.035,0.0757476093797175,0.0257328634741545));
#5065=CARTESIAN_POINT('',(0.035,0.0757522399738656,0.025748289785181));
#5066=CARTESIAN_POINT('',(0.035,0.075758208897756,0.0257663492957322));
#5067=CARTESIAN_POINT('',(0.035,0.0757666530235096,0.0257905149480487));
#5068=CARTESIAN_POINT('',(0.035,0.0757774686462776,0.0258195008197592));
#5069=CARTESIAN_POINT('',(0.035,0.0757909621923228,0.0258535982577379));
#5070=CARTESIAN_POINT('',(0.035,0.0758073070968662,0.0258925922306148));
#5071=CARTESIAN_POINT('',(0.035,0.0758267140409272,0.0259364154036085));
#5072=CARTESIAN_POINT('',(0.035,0.0758493786869942,0.0259849482699777));
#5073=CARTESIAN_POINT('',(0.035,0.0758754970998548,0.0260380790397539));
#5074=CARTESIAN_POINT('',(0.035,0.0759052609780409,0.0260956860386373));
#5075=CARTESIAN_POINT('',(0.035,0.0759388588372196,0.0261576429444082));
#5076=CARTESIAN_POINT('',(0.035,0.0759764754644294,0.0262238173820156));
#5077=CARTESIAN_POINT('',(0.035,0.0760182918757791,0.0262940714456425));
#5078=CARTESIAN_POINT('',(0.035,0.0760644851332609,0.0263682616745328));
#5079=CARTESIAN_POINT('',(0.035,0.0761152282051915,0.0264462391904076));
#5080=CARTESIAN_POINT('',(0.035,0.0761706898177229,0.0265278497942905));
#5081=CARTESIAN_POINT('',(0.035,0.0762310343122964,0.0266129340798162));
#5082=CARTESIAN_POINT('',(0.035,0.0762964215052418,0.0267013275466278));
#5083=CARTESIAN_POINT('',(0.035,0.0763670065494145,0.0267928607186155));
#5084=CARTESIAN_POINT('',(0.035,0.0764429398029063,0.0268873592644186));
#5085=CARTESIAN_POINT('',(0.035,0.0765243666845197,0.0269846441251247));
#5086=CARTESIAN_POINT('',(0.035,0.0766114275951742,0.0270845316309714));
#5087=CARTESIAN_POINT('',(0.035,0.0767042576001736,0.0271868336764684));
#5088=CARTESIAN_POINT('',(0.035,0.0768029870477776,0.0272913576862765));
#5089=CARTESIAN_POINT('',(0.035,0.0769077386027293,0.0273979074010739));
#5090=CARTESIAN_POINT('',(0.035,0.0770186380674543,0.0275062805284228));
#5091=CARTESIAN_POINT('',(0.035,0.0771357723127959,0.0276162784379304));
#5092=CARTESIAN_POINT('',(0.035,0.0772593499786848,0.0277276696992415));
#5093=CARTESIAN_POINT('',(0.035,0.077369137389535,0.0278230076453735));
#5094=CARTESIAN_POINT('',(0.035,0.0774386030249402,0.0278809705440201));
#5095=CARTESIAN_POINT('',(0.035,0.0774635247502147,0.0279016333942481));
#5096=CARTESIAN_POINT('',(0.035,0.0756163458997098,0.0252146942822183));
#5097=CARTESIAN_POINT('',(0.035,0.0749658206449025,0.0253783933196867));
#5098=CARTESIAN_POINT('',(0.035,0.0748342105850184,0.0247206249150431));
#5099=CARTESIAN_POINT('',(0.035,0.072300000000001,0.0120550000000058));
#5100=CARTESIAN_POINT('',(0.035,0.0742505198624928,0.0248235453378135));
#5101=CARTESIAN_POINT('',(0.035,0.0743518169044298,0.0254866587453879));
#5102=CARTESIAN_POINT('',(0.035,0.0736845347545954,0.0255553247087352));
#5103=CARTESIAN_POINT('',(0.035,0.0736174119211349,0.0249043075147196));
#5104=CARTESIAN_POINT('',(0.035,0.0736751467152259,0.0254638083943517));
#5105=CARTESIAN_POINT('',(0.035,0.073737766050996,0.026070644774335));
#5106=CARTESIAN_POINT('',(0.035,0.0737384117323464,0.026087139228962));
#5107=CARTESIAN_POINT('',(0.035,0.0737393365063039,0.0261032189760738));
#5108=CARTESIAN_POINT('',(0.035,0.0737399042689572,0.0261222308570782));
#5109=CARTESIAN_POINT('',(0.035,0.0737402345261664,0.026147827203337));
#5110=CARTESIAN_POINT('',(0.035,0.0737399849172589,0.0261787641739397));
#5111=CARTESIAN_POINT('',(0.035,0.0737389671422365,0.0262154203493483));
#5112=CARTESIAN_POINT('',(0.035,0.0737369446802418,0.0262576529845105));
#5113=CARTESIAN_POINT('',(0.035,0.073733696526024,0.0263054708625813));
#5114=CARTESIAN_POINT('',(0.035,0.0737289979432737,0.0263588286044704));
#5115=CARTESIAN_POINT('',(0.035,0.0737226264569358,0.0264176882200757));
#5116=CARTESIAN_POINT('',(0.035,0.0737143603142531,0.0264820009377152));
#5117=CARTESIAN_POINT('',(0.035,0.0737039791637004,0.0265517125294866));
#5118=CARTESIAN_POINT('',(0.035,0.0736912640873275,0.0266267618044206));
#5119=CARTESIAN_POINT('',(0.035,0.0736759978190652,0.0267070810845942));
#5120=CARTESIAN_POINT('',(0.035,0.073657964908598,0.0267925961197614));
#5121=CARTESIAN_POINT('',(0.035,0.0736369518995044,0.0268832261687507));
#5122=CARTESIAN_POINT('',(0.035,0.0736127475019087,0.0269788840396645));
#5123=CARTESIAN_POINT('',(0.035,0.0735851427651833,0.0270794761476007));
#5124=CARTESIAN_POINT('',(0.035,0.0735539312486665,0.027184902573192));
#5125=CARTESIAN_POINT('',(0.035,0.0735189091921218,0.0272950571263906));
#5126=CARTESIAN_POINT('',(0.035,0.073479875680323,0.0274098274147993));
#5127=CARTESIAN_POINT('',(0.035,0.0734366328225394,0.027529094914239));
#5128=CARTESIAN_POINT('',(0.035,0.0733889858663046,0.027652735051532));
#5129=CARTESIAN_POINT('',(0.035,0.0733367435558825,0.0277806172603915));
#5130=CARTESIAN_POINT('',(0.035,0.0732797175393303,0.0279126051609233));
#5131=CARTESIAN_POINT('',(0.035,0.0732177254248526,0.0280485562835033));
#5132=CARTESIAN_POINT('',(0.035,0.07315057980875,0.0281883235623845));
#5133=CARTESIAN_POINT('',(0.035,0.0730781311235366,0.0283317500576309));
#5134=CARTESIAN_POINT('',(0.035,0.0730001041579655,0.028478689654904));
#5135=CARTESIAN_POINT('',(0.035,0.072929545236135,0.0286058275253595));
#5136=CARTESIAN_POINT('',(0.035,0.0728840933700491,0.0286840534800746));
#5137=CARTESIAN_POINT('',(0.035,0.072867741719708,0.0287119939400085));
#5138=CARTESIAN_POINT('',(0.035,0.072867741719708,0.0287119939400085));
#5139=CARTESIAN_POINT('',(0.035,0.0723,0.012055));
#5140=CARTESIAN_POINT('',(0.035,0.0717322582802921,0.0287119939400085));
#5141=CARTESIAN_POINT('',(0.035,0.0709825880788651,0.0249043075147196));
#5142=CARTESIAN_POINT('',(0.035,0.0709248532847741,0.0254638083943517));
#5143=CARTESIAN_POINT('',(0.035,0.0708622339490041,0.026070644774335));
#5144=CARTESIAN_POINT('',(0.035,0.0708615882676536,0.026087139228962));
#5145=CARTESIAN_POINT('',(0.035,0.0708606634936962,0.0261032189760738));
#5146=CARTESIAN_POINT('',(0.035,0.0708600957310429,0.0261222308570782));
#5147=CARTESIAN_POINT('',(0.035,0.0708597654738336,0.026147827203337));
#5148=CARTESIAN_POINT('',(0.035,0.0708600150827411,0.0261787641739397));
#5149=CARTESIAN_POINT('',(0.035,0.0708610328577635,0.0262154203493483));
#5150=CARTESIAN_POINT('',(0.035,0.0708630553197582,0.0262576529845105));
#5151=CARTESIAN_POINT('',(0.035,0.070866303473976,0.0263054708625813));
#5152=CARTESIAN_POINT('',(0.035,0.0708710020567263,0.0263588286044703));
#5153=CARTESIAN_POINT('',(0.035,0.0708773735430642,0.0264176882200757));
#5154=CARTESIAN_POINT('',(0.035,0.070885639685747,0.0264820009377152));
#5155=CARTESIAN_POINT('',(0.035,0.0708960208362996,0.0265517125294866));
#5156=CARTESIAN_POINT('',(0.035,0.0709087359126725,0.0266267618044206));
#5157=CARTESIAN_POINT('',(0.035,0.0709240021809348,0.0267070810845942));
#5158=CARTESIAN_POINT('',(0.035,0.0709420350914021,0.0267925961197614));
#5159=CARTESIAN_POINT('',(0.035,0.0709630481004956,0.0268832261687507));
#5160=CARTESIAN_POINT('',(0.035,0.0709872524980913,0.0269788840396645));
#5161=CARTESIAN_POINT('',(0.035,0.0710148572348168,0.0270794761476006));
#5162=CARTESIAN_POINT('',(0.035,0.0710460687513335,0.027184902573192));
#5163=CARTESIAN_POINT('',(0.035,0.0710810908078782,0.0272950571263906));
#5164=CARTESIAN_POINT('',(0.035,0.071120124319677,0.0274098274147993));
#5165=CARTESIAN_POINT('',(0.035,0.0711633671774606,0.027529094914239));
#5166=CARTESIAN_POINT('',(0.035,0.0712110141336954,0.027652735051532));
#5167=CARTESIAN_POINT('',(0.035,0.0712632564441176,0.0277806172603915));
#5168=CARTESIAN_POINT('',(0.035,0.0713202824606697,0.0279126051609233));
#5169=CARTESIAN_POINT('',(0.035,0.0713822745751474,0.0280485562835033));
#5170=CARTESIAN_POINT('',(0.035,0.0714494201912501,0.0281883235623845));
#5171=CARTESIAN_POINT('',(0.035,0.0715218688764635,0.0283317500576309));
#5172=CARTESIAN_POINT('',(0.035,0.0715998958420345,0.028478689654904));
#5173=CARTESIAN_POINT('',(0.035,0.0716704547638651,0.0286058275253595));
#5174=CARTESIAN_POINT('',(0.035,0.0717159066299509,0.0286840534800746));
#5175=CARTESIAN_POINT('',(0.035,0.0717322582802921,0.0287119939400085));
#5176=CARTESIAN_POINT('',(0.035,0.0709154652454046,0.0255553247087353));
#5177=CARTESIAN_POINT('',(0.035,0.0702481830955702,0.0254866587453879));
#5178=CARTESIAN_POINT('',(0.035,0.0703494801375072,0.0248235453378136));
#5179=CARTESIAN_POINT('',(0.035,0.072299999999999,0.0120550000000058));
#5180=CARTESIAN_POINT('',(0.035,0.0697657894149816,0.0247206249150431));
#5181=CARTESIAN_POINT('',(0.035,0.0696341793550975,0.0253783933196867));
#5182=CARTESIAN_POINT('',(0.035,0.0689836541002903,0.0252146942822183));
#5183=CARTESIAN_POINT('',(0.035,0.0691432402630059,0.0245799808678765));
#5184=CARTESIAN_POINT('',(0.035,0.0690061326519332,0.0251254861783398));
#5185=CARTESIAN_POINT('',(0.035,0.0688574253140177,0.0257171429208297));
#5186=CARTESIAN_POINT('',(0.035,0.0688523906202825,0.0257328634741545));
#5187=CARTESIAN_POINT('',(0.035,0.0688477600261344,0.0257482897851809));
#5188=CARTESIAN_POINT('',(0.035,0.0688417911022441,0.0257663492957322));
#5189=CARTESIAN_POINT('',(0.035,0.0688333469764905,0.0257905149480487));
#5190=CARTESIAN_POINT('',(0.035,0.0688225313537224,0.0258195008197592));
#5191=CARTESIAN_POINT('',(0.035,0.0688090378076772,0.0258535982577379));
#5192=CARTESIAN_POINT('',(0.035,0.0687926929031338,0.0258925922306148));
#5193=CARTESIAN_POINT('',(0.035,0.0687732859590729,0.0259364154036085));
#5194=CARTESIAN_POINT('',(0.035,0.0687506213130058,0.0259849482699777));
#5195=CARTESIAN_POINT('',(0.035,0.0687245029001452,0.0260380790397539));
#5196=CARTESIAN_POINT('',(0.035,0.0686947390219592,0.0260956860386373));
#5197=CARTESIAN_POINT('',(0.035,0.0686611411627804,0.0261576429444083));
#5198=CARTESIAN_POINT('',(0.035,0.0686235245355707,0.0262238173820156));
#5199=CARTESIAN_POINT('',(0.035,0.0685817081242209,0.0262940714456425));
#5200=CARTESIAN_POINT('',(0.035,0.0685355148667391,0.0263682616745328));
#5201=CARTESIAN_POINT('',(0.035,0.0684847717948085,0.0264462391904076));
#5202=CARTESIAN_POINT('',(0.035,0.0684293101822771,0.0265278497942905));
#5203=CARTESIAN_POINT('',(0.035,0.0683689656877037,0.0266129340798162));
#5204=CARTESIAN_POINT('',(0.035,0.0683035784947582,0.0267013275466278));
#5205=CARTESIAN_POINT('',(0.035,0.0682329934505855,0.0267928607186155));
#5206=CARTESIAN_POINT('',(0.035,0.0681570601970938,0.0268873592644186));
#5207=CARTESIAN_POINT('',(0.035,0.0680756333154803,0.0269846441251247));
#5208=CARTESIAN_POINT('',(0.035,0.0679885724048258,0.0270845316309714));
#5209=CARTESIAN_POINT('',(0.035,0.0678957423998264,0.0271868336764684));
#5210=CARTESIAN_POINT('',(0.035,0.0677970129522224,0.0272913576862765));
#5211=CARTESIAN_POINT('',(0.035,0.0676922613972707,0.0273979074010739));
#5212=CARTESIAN_POINT('',(0.035,0.0675813619325457,0.0275062805284228));
#5213=CARTESIAN_POINT('',(0.035,0.0674642276872042,0.0276162784379304));
#5214=CARTESIAN_POINT('',(0.035,0.0673406500213152,0.0277276696992415));
#5215=CARTESIAN_POINT('',(0.035,0.0672308626104651,0.0278230076453735));
#5216=CARTESIAN_POINT('',(0.035,0.0671613969750598,0.0278809705440201));
#5217=CARTESIAN_POINT('',(0.035,0.0671364752497854,0.0279016333942481));
#5218=CARTESIAN_POINT('',(0.035,0.0671364752497854,0.0279016333942481));
#5219=CARTESIAN_POINT('',(0.035,0.0723,0.012055));
#5220=CARTESIAN_POINT('',(0.035,0.0660694698407416,0.0275132751855552));
#5221=CARTESIAN_POINT('',(0.035,0.0666673157413542,0.0236788180397055));
#5222=CARTESIAN_POINT('',(0.035,0.0664217022103416,0.0241848304250691));
#5223=CARTESIAN_POINT('',(0.035,0.0661553090169429,0.0247336530191688));
#5224=CARTESIAN_POINT('',(0.035,0.0661490608392069,0.0247489319004376));
#5225=CARTESIAN_POINT('',(0.035,0.0661426922385314,0.0247637256288212));
#5226=CARTESIAN_POINT('',(0.035,0.0661356562698897,0.0247813967668442));
#5227=CARTESIAN_POINT('',(0.035,0.0661265914636112,0.0248053365099247));
#5228=CARTESIAN_POINT('',(0.035,0.06611624495214,0.0248344931241838));
#5229=CARTESIAN_POINT('',(0.035,0.0661046641974512,0.0248692867612805));
#5230=CARTESIAN_POINT('',(0.035,0.0660921202781322,0.0249096641796401));
#5231=CARTESIAN_POINT('',(0.035,0.0660788178671705,0.024955709220976));
#5232=CARTESIAN_POINT('',(0.035,0.0660649836681807,0.0250074561072366));
#5233=CARTESIAN_POINT('',(0.035,0.0660508397327105,0.0250649452303538));
#5234=CARTESIAN_POINT('',(0.035,0.0660366111210871,0.0251282066038474));
#5235=CARTESIAN_POINT('',(0.035,0.0660225234430476,0.0251972646348181));
#5236=CARTESIAN_POINT('',(0.035,0.0660088033427185,0.0252721366969124));
#5237=CARTESIAN_POINT('',(0.035,0.0659956781306347,0.0253528335030575));
#5238=CARTESIAN_POINT('',(0.035,0.0659833756589477,0.025439358969193));
#5239=CARTESIAN_POINT('',(0.035,0.0659721241261884,0.0255317102298315));
#5240=CARTESIAN_POINT('',(0.035,0.0659621519012796,0.025629877616784));
#5241=CARTESIAN_POINT('',(0.035,0.0659536873415055,0.0257338446543323));
#5242=CARTESIAN_POINT('',(0.035,0.0659469586120687,0.0258435880558489));
#5243=CARTESIAN_POINT('',(0.035,0.0659421935040956,0.0259590777254345));
#5244=CARTESIAN_POINT('',(0.035,0.0659396192566051,0.0260802767658375));
#5245=CARTESIAN_POINT('',(0.035,0.0659394623637137,0.0262071414833776));
#5246=CARTESIAN_POINT('',(0.035,0.0659419484394127,0.0263396214268251));
#5247=CARTESIAN_POINT('',(0.035,0.0659473018616062,0.0264776593173186));
#5248=CARTESIAN_POINT('',(0.035,0.065955746267896,0.0266211914198357));
#5249=CARTESIAN_POINT('',(0.035,0.0659675017779875,0.0267701462383905));
#5250=CARTESIAN_POINT('',(0.035,0.065982794793202,0.0269244496722256));
#5251=CARTESIAN_POINT('',(0.035,0.0660018195376219,0.0270840054011342));
#5252=CARTESIAN_POINT('',(0.035,0.0660248845992717,0.0272487702503409));
#5253=CARTESIAN_POINT('',(0.035,0.0660477045847712,0.0273923733415878));
#5254=CARTESIAN_POINT('',(0.035,0.0660636605156896,0.0274814271477406));
#5255=CARTESIAN_POINT('',(0.035,0.0660694698407416,0.0275132751855552));
#5256=CARTESIAN_POINT('',(0.035,0.0663815799160604,0.0242676167318062));
#5257=CARTESIAN_POINT('',(0.035,0.0657780249465045,0.0239748678962244));
#5258=CARTESIAN_POINT('',(0.035,0.0661000111720199,0.0233863907491843));
#5259=CARTESIAN_POINT('',(0.035,0.0722999999999971,0.0120550000000051));
#5260=CARTESIAN_POINT('',(0.035,0.0655867221649885,0.0230900432028027));
#5261=CARTESIAN_POINT('',(0.035,0.0652380791188629,0.0236631300272877));
#5262=CARTESIAN_POINT('',(0.035,0.0646827737055429,0.0232868105088628));
#5263=CARTESIAN_POINT('',(0.035,0.0650498204179702,0.0227449566793367));
#5264=CARTESIAN_POINT('',(0.035,0.0647344076031221,0.0232106704293886));
#5265=CARTESIAN_POINT('',(0.035,0.0643923098911601,0.023715784999317));
#5266=CARTESIAN_POINT('',(0.035,0.0643822020807079,0.0237288355205982));
#5267=CARTESIAN_POINT('',(0.035,0.0643725746364489,0.0237417477547615));
#5268=CARTESIAN_POINT('',(0.035,0.064360788966328,0.023756676651357));
#5269=CARTESIAN_POINT('',(0.035,0.0643445889437995,0.0237764968754148));
#5270=CARTESIAN_POINT('',(0.035,0.0643245118308983,0.0238000355243189));
#5271=CARTESIAN_POINT('',(0.035,0.0643001700346269,0.0238274615706229));
#5272=CARTESIAN_POINT('',(0.035,0.0642714741242478,0.0238585136325958));
#5273=CARTESIAN_POINT('',(0.035,0.0642382491542134,0.0238930563790882));
#5274=CARTESIAN_POINT('',(0.035,0.0642003521356398,0.0239309105899847));
#5275=CARTESIAN_POINT('',(0.035,0.0641576370623143,0.02397190415897));
#5276=CARTESIAN_POINT('',(0.035,0.0641099654116022,0.0240158571848432));
#5277=CARTESIAN_POINT('',(0.035,0.0640572032414659,0.0240625864873911));
#5278=CARTESIAN_POINT('',(0.035,0.0639992221838231,0.0241119044738657));
#5279=CARTESIAN_POINT('',(0.035,0.0639358993057391,0.0241636196440329));
#5280=CARTESIAN_POINT('',(0.035,0.063867117289835,0.0242175366301109));
#5281=CARTESIAN_POINT('',(0.035,0.0637927645184301,0.0242734563736312));
#5282=CARTESIAN_POINT('',(0.035,0.0637127351799605,0.0243311762672109));
#5283=CARTESIAN_POINT('',(0.035,0.0636269293641746,0.0243904903097812));
#5284=CARTESIAN_POINT('',(0.035,0.0635352531552819,0.0244511892611669));
#5285=CARTESIAN_POINT('',(0.035,0.0634376187215326,0.0245130608005162));
#5286=CARTESIAN_POINT('',(0.035,0.0633339443973745,0.0245758896844401));
#5287=CARTESIAN_POINT('',(0.035,0.0632241547755866,0.0246394579164398));
#5288=CARTESIAN_POINT('',(0.035,0.0631081807412196,0.0247035448834525));
#5289=CARTESIAN_POINT('',(0.035,0.0629859597102707,0.0247679276290825));
#5290=CARTESIAN_POINT('',(0.035,0.0628574350600874,0.0248323806099741));
#5291=CARTESIAN_POINT('',(0.035,0.0627225586481572,0.0248966774488779));
#5292=CARTESIAN_POINT('',(0.035,0.0625812814469574,0.0249605850261191));
#5293=CARTESIAN_POINT('',(0.035,0.0624335897601933,0.0250238869786054));
#5294=CARTESIAN_POINT('',(0.035,0.0622793666843047,0.0250862944738801));
#5295=CARTESIAN_POINT('',(0.035,0.0621435927664732,0.025138333332347));
#5296=CARTESIAN_POINT('',(0.035,0.062058491942582,0.0251690419939071));
#5297=CARTESIAN_POINT('',(0.035,0.0620280060702478,0.0251799349897405));
#5298=CARTESIAN_POINT('',(0.035,0.0620280060702478,0.0251799349897405));
#5299=CARTESIAN_POINT('',(0.035,0.0723,0.012055));
#5300=CARTESIAN_POINT('',(0.035,0.0611581752912297,0.0244500603038796));
#5301=CARTESIAN_POINT('',(0.035,0.0630314282550021,0.021051324559819));
#5302=CARTESIAN_POINT('',(0.035,0.0626275606037778,0.0214428158892918));
#5303=CARTESIAN_POINT('',(0.035,0.062189524503419,0.0218674285929008));
#5304=CARTESIAN_POINT('',(0.035,0.0621784274517457,0.0218796490422382));
#5305=CARTESIAN_POINT('',(0.035,0.0621673831715842,0.0218913724099183));
#5306=CARTESIAN_POINT('',(0.035,0.0621547276386121,0.0219055714049162));
#5307=CARTESIAN_POINT('',(0.035,0.0621380216326837,0.0219249670584898));
#5308=CARTESIAN_POINT('',(0.035,0.0621183269428157,0.0219488265984199));
#5309=CARTESIAN_POINT('',(0.035,0.0620955444683447,0.0219775610710715));
#5310=CARTESIAN_POINT('',(0.035,0.0620699471495106,0.022011213160067));
#5311=CARTESIAN_POINT('',(0.035,0.062041698640454,0.0220499316531305));
#5312=CARTESIAN_POINT('',(0.035,0.0620110002682933,0.0220938262455769));
#5313=CARTESIAN_POINT('',(0.035,0.0619780468783748,0.0221430108395088));
#5314=CARTESIAN_POINT('',(0.035,0.0619430396929991,0.0221975906135747));
#5315=CARTESIAN_POINT('',(0.035,0.0619061823682509,0.0222576656660218));
#5316=CARTESIAN_POINT('',(0.035,0.0618676819378067,0.0223233298395938));
#5317=CARTESIAN_POINT('',(0.035,0.0618277483396616,0.0223946709459313));
#5318=CARTESIAN_POINT('',(0.035,0.0617865943454709,0.0224717705948392));
#5319=CARTESIAN_POINT('',(0.035,0.0617444353717647,0.0225547041421345));
#5320=CARTESIAN_POINT('',(0.035,0.0617014893218495,0.022643540609463));
#5321=CARTESIAN_POINT('',(0.035,0.0616579764164082,0.022738342617505));
#5322=CARTESIAN_POINT('',(0.035,0.0616141190250935,0.0228391663210837));
#5323=CARTESIAN_POINT('',(0.035,0.0615701414949496,0.0229460613484584));
#5324=CARTESIAN_POINT('',(0.035,0.0615262699804092,0.0230590707478758));
#5325=CARTESIAN_POINT('',(0.035,0.0614827322604408,0.0231782309262571));
#5326=CARTESIAN_POINT('',(0.035,0.0614397575981841,0.0233035716394838));
#5327=CARTESIAN_POINT('',(0.035,0.0613975764304244,0.0234351158047953));
#5328=CARTESIAN_POINT('',(0.035,0.0613564207064271,0.023572880019426));
#5329=CARTESIAN_POINT('',(0.035,0.0613165217241225,0.0237168723844987));
#5330=CARTESIAN_POINT('',(0.035,0.0612781175751132,0.0238671007018912));
#5331=CARTESIAN_POINT('',(0.035,0.0612414237137872,0.0240235408887639));
#5332=CARTESIAN_POINT('',(0.035,0.0612067448846767,0.0241862579174196));
#5333=CARTESIAN_POINT('',(0.035,0.0611790735068068,0.0243290055772976));
#5334=CARTESIAN_POINT('',(0.035,0.0611636089818045,0.0244181460315718));
#5335=CARTESIAN_POINT('',(0.035,0.0611581752912297,0.0244500603038796));
#5336=CARTESIAN_POINT('',(0.035,0.062561543395417,0.0215068869379942));
#5337=CARTESIAN_POINT('',(0.035,0.0620945132429908,0.0210253650602619));
#5338=CARTESIAN_POINT('',(0.035,0.0625983523612768,0.020582503202687));
#5339=CARTESIAN_POINT('',(0.035,0.0722999999999955,0.0120550000000038));
#5340=CARTESIAN_POINT('',(0.035,0.0622173752993266,0.0201284724204117));
#5341=CARTESIAN_POINT('',(0.035,0.0616937507637456,0.0205477549358445));
#5342=CARTESIAN_POINT('',(0.035,0.0613006432201943,0.0200042046242697));
#5343=CARTESIAN_POINT('',(0.035,0.061830879231782,0.0196205659483111));
#5344=CARTESIAN_POINT('',(0.035,0.0613752046536264,0.0199503161864923));
#5345=CARTESIAN_POINT('',(0.035,0.0608809786005053,0.0203079643120288));
#5346=CARTESIAN_POINT('',(0.035,0.060867016824452,0.0203167707157946));
#5347=CARTESIAN_POINT('',(0.035,0.0608535537419455,0.0203256114670903));
#5348=CARTESIAN_POINT('',(0.035,0.0608373728513486,0.0203356091044736));
#5349=CARTESIAN_POINT('',(0.035,0.060815370893849,0.020348693288736));
#5350=CARTESIAN_POINT('',(0.035,0.0607884538869372,0.0203639456063825));
#5351=CARTESIAN_POINT('',(0.035,0.0607561998203165,0.0203813922750621));
#5352=CARTESIAN_POINT('',(0.035,0.0607186140544,0.0204007570891776));
#5353=CARTESIAN_POINT('',(0.035,0.0606755784801267,0.0204218530441449));
#5354=CARTESIAN_POINT('',(0.035,0.060627020028787,0.0204444628230659));
#5355=CARTESIAN_POINT('',(0.035,0.0605728603632469,0.0204683747618401));
#5356=CARTESIAN_POINT('',(0.035,0.0605130308446433,0.0204933724311053));
#5357=CARTESIAN_POINT('',(0.035,0.0604474682599547,0.0205192378868919));
#5358=CARTESIAN_POINT('',(0.035,0.0603761161431398,0.0205457509452089));
#5359=CARTESIAN_POINT('',(0.035,0.0602989244719646,0.0205726896091596));
#5360=CARTESIAN_POINT('',(0.035,0.0602158498238707,0.0205998301681743));
#5361=CARTESIAN_POINT('',(0.035,0.060126855394553,0.0206269473929841));
#5362=CARTESIAN_POINT('',(0.035,0.0600319110494719,0.0206538147052397));
#5363=CARTESIAN_POINT('',(0.035,0.0599309933602161,0.0206802043559388));
#5364=CARTESIAN_POINT('',(0.035,0.0598240856391654,0.0207058876025404));
#5365=CARTESIAN_POINT('',(0.035,0.0597111779694806,0.0207306348884792));
#5366=CARTESIAN_POINT('',(0.035,0.0595922672282196,0.0207542160198669));
#5367=CARTESIAN_POINT('',(0.035,0.0594673571149672,0.0207764003562139));
#5368=CARTESIAN_POINT('',(0.035,0.0593364581370267,0.020796956950348));
#5369=CARTESIAN_POINT('',(0.035,0.0591995877402512,0.0208156548867998));
#5370=CARTESIAN_POINT('',(0.035,0.0590567698571224,0.0208322628580549));
#5371=CARTESIAN_POINT('',(0.035,0.0589080366740563,0.0208465516733729));
#5372=CARTESIAN_POINT('',(0.035,0.0587534218518759,0.0208582855035159));
#5373=CARTESIAN_POINT('',(0.035,0.0585929865208102,0.0208672563492734));
#5374=CARTESIAN_POINT('',(0.035,0.0584267196139642,0.0208731528135453));
#5375=CARTESIAN_POINT('',(0.035,0.0582813355274515,0.0208756159300041));
#5376=CARTESIAN_POINT('',(0.035,0.05819086393039,0.0208753664366819));
#5377=CARTESIAN_POINT('',(0.035,0.0581584909571232,0.0208751757220597));
#5378=CARTESIAN_POINT('',(0.035,0.0581584909571232,0.0208751757220597));
#5379=CARTESIAN_POINT('',(0.035,0.0723,0.012055));
#5380=CARTESIAN_POINT('',(0.035,0.0575907492374152,0.0198918182179489));
#5381=CARTESIAN_POINT('',(0.035,0.0605134673106471,0.0173387415664085));
#5382=CARTESIAN_POINT('',(0.035,0.0600000579384005,0.0175684922078594));
#5383=CARTESIAN_POINT('',(0.035,0.0594432125495093,0.0178176804623062));
#5384=CARTESIAN_POINT('',(0.035,0.0594286050921056,0.0178253685131674));
#5385=CARTESIAN_POINT('',(0.035,0.0594142172356417,0.0178326075089834));
#5386=CARTESIAN_POINT('',(0.035,0.0593974685823914,0.0178416217526045));
#5387=CARTESIAN_POINT('',(0.035,0.0593751363676826,0.017854133914601));
#5388=CARTESIAN_POINT('',(0.035,0.0593484689696783,0.0178698185675572));
#5389=CARTESIAN_POINT('',(0.035,0.05931723267808,0.0178890280742862));
#5390=CARTESIAN_POINT('',(0.035,0.0592816693741582,0.017911895895333));
#5391=CARTESIAN_POINT('',(0.035,0.0592418819541027,0.0179386178184364));
#5392=CARTESIAN_POINT('',(0.035,0.0591980220855133,0.0179693657814044));
#5393=CARTESIAN_POINT('',(0.035,0.0591502339063111,0.0180043134582356));
#5394=CARTESIAN_POINT('',(0.035,0.0590986705303903,0.0180436285066099));
#5395=CARTESIAN_POINT('',(0.035,0.0590434890962543,0.0180874746425948));
#5396=CARTESIAN_POINT('',(0.035,0.0589848520558123,0.0181360108592117));
#5397=CARTESIAN_POINT('',(0.035,0.0589229266528994,0.0181893914754346));
#5398=CARTESIAN_POINT('',(0.035,0.0588578849152727,0.0182477659515871));
#5399=CARTESIAN_POINT('',(0.035,0.0587899034950485,0.0183112787757667));
#5400=CARTESIAN_POINT('',(0.035,0.0587191635475632,0.0183800693344247));
#5401=CARTESIAN_POINT('',(0.035,0.0586458505950329,0.0184542717916619));
#5402=CARTESIAN_POINT('',(0.035,0.058570154390499,0.0185340149706517));
#5403=CARTESIAN_POINT('',(0.035,0.0584922687773588,0.0186194222379115));
#5404=CARTESIAN_POINT('',(0.035,0.0584123915478966,0.0187106113949325));
#5405=CARTESIAN_POINT('',(0.035,0.0583307242924278,0.0188076945580252));
#5406=CARTESIAN_POINT('',(0.035,0.0582474722707221,0.018910778101184));
#5407=CARTESIAN_POINT('',(0.035,0.0581628441843687,0.0190199623735917));
#5408=CARTESIAN_POINT('',(0.035,0.0580770523177921,0.0191353423028684));
#5409=CARTESIAN_POINT('',(0.035,0.0579903112492037,0.0192570046101305));
#5410=CARTESIAN_POINT('',(0.035,0.057902842043126,0.0193850380588687));
#5411=CARTESIAN_POINT('',(0.035,0.0578148553972736,0.0195194937083575));
#5412=CARTESIAN_POINT('',(0.035,0.0577266154559987,0.0196605368413587));
#5413=CARTESIAN_POINT('',(0.035,0.0576517902913165,0.0197852115953554));
#5414=CARTESIAN_POINT('',(0.035,0.0576067705603409,0.0198636870433927));
#5415=CARTESIAN_POINT('',(0.035,0.0575907492374152,0.0198918182179489));
#5416=CARTESIAN_POINT('',(0.035,0.0599161084655988,0.0176061200844656));
#5417=CARTESIAN_POINT('',(0.035,0.0596419338593158,0.0169939038095434));
#5418=CARTESIAN_POINT('',(0.035,0.0602668554368337,0.0167500729174019));
#5419=CARTESIAN_POINT('',(0.035,0.0722999999999945,0.012055000000002));
#5420=CARTESIAN_POINT('',(0.035,0.0600641417762585,0.0161931217123562));
#5421=CARTESIAN_POINT('',(0.035,0.0594286925980883,0.0164080282594247));
#5422=CARTESIAN_POINT('',(0.035,0.0592451974957073,0.0157628073442241));
#5423=CARTESIAN_POINT('',(0.035,0.0598746685180079,0.0155836563080575));
#5424=CARTESIAN_POINT('',(0.035,0.059333693255711,0.015737670289048));
#5425=CARTESIAN_POINT('',(0.035,0.0587469498174367,0.0159047143279289));
#5426=CARTESIAN_POINT('',(0.035,0.0587308180720282,0.0159082144319164));
#5427=CARTESIAN_POINT('',(0.035,0.0587151431977186,0.0159119173752627));
#5428=CARTESIAN_POINT('',(0.035,0.0586965187408562,0.015915777890816));
#5429=CARTESIAN_POINT('',(0.035,0.0586713686091742,0.015920547889559));
#5430=CARTESIAN_POINT('',(0.035,0.0586408582965381,0.0159256742213393));
#5431=CARTESIAN_POINT('',(0.035,0.0586045822760219,0.0159310371866664));
#5432=CARTESIAN_POINT('',(0.035,0.0585626400526444,0.0159363790705478));
#5433=CARTESIAN_POINT('',(0.035,0.0585149845995269,0.0159414837504781));
#5434=CARTESIAN_POINT('',(0.035,0.0584616215812991,0.0159461220244009));
#5435=CARTESIAN_POINT('',(0.035,0.05840254977852,0.0159500682002451));
#5436=CARTESIAN_POINT('',(0.035,0.0583377787149582,0.0159530954250626));
#5437=CARTESIAN_POINT('',(0.035,0.0582673235310314,0.0159549772783865));
#5438=CARTESIAN_POINT('',(0.035,0.0581912064733773,0.0159554875424218));
#5439=CARTESIAN_POINT('',(0.035,0.0581094564638825,0.0159544004997112));
#5440=CARTESIAN_POINT('',(0.035,0.05802210921221,0.0159514910796936));
#5441=CARTESIAN_POINT('',(0.035,0.0579292071665731,0.0159465350482731));
#5442=CARTESIAN_POINT('',(0.035,0.0578307995041266,0.0159393091848275));
#5443=CARTESIAN_POINT('',(0.035,0.0577269421041118,0.0159295914623112));
#5444=CARTESIAN_POINT('',(0.035,0.0576176975198517,0.0159171612255441));
#5445=CARTESIAN_POINT('',(0.035,0.0575031349455351,0.0159017993701571));
#5446=CARTESIAN_POINT('',(0.035,0.0573833301775029,0.0158832885165428));
#5447=CARTESIAN_POINT('',(0.035,0.0572583655759211,0.0158614131988676));
#5448=CARTESIAN_POINT('',(0.035,0.0571283300030099,0.0158359599914876));
#5449=CARTESIAN_POINT('',(0.035,0.0569933188302508,0.0158067178716732));
#5450=CARTESIAN_POINT('',(0.035,0.0568534336586495,0.0157734776668506));
#5451=CARTESIAN_POINT('',(0.035,0.0567087831213931,0.0157360350165751));
#5452=CARTESIAN_POINT('',(0.035,0.0565594795076589,0.0156941798265317));
#5453=CARTESIAN_POINT('',(0.035,0.0564056514009913,0.0156477375491666));
#5454=CARTESIAN_POINT('',(0.035,0.0562473949059919,0.0155964117818218));
#5455=CARTESIAN_POINT('',(0.035,0.0561099361172719,0.015549002068076));
#5456=CARTESIAN_POINT('',(0.035,0.0560250059568643,0.0155178245124483));
#5457=CARTESIAN_POINT('',(0.035,0.055994650541015,0.0155065730903685));
#5458=CARTESIAN_POINT('',(0.035,0.055994650541015,0.0155065730903685));
#5459=CARTESIAN_POINT('',(0.035,0.0723,0.012055));
#5460=CARTESIAN_POINT('',(0.035,0.0557974759109895,0.0143883401958147));
#5461=CARTESIAN_POINT('',(0.035,0.0594171361593244,0.0129888613603687));
#5462=CARTESIAN_POINT('',(0.035,0.0588561098134637,0.0130291599956804));
#5463=CARTESIAN_POINT('',(0.035,0.058247618908103,0.0130728680198518));
#5464=CARTESIAN_POINT('',(0.035,0.0582312629199148,0.0130750963798394));
#5465=CARTESIAN_POINT('',(0.035,0.0582152668749802,0.0130769778740597));
#5466=CARTESIAN_POINT('',(0.035,0.0581964452362176,0.0130797201154872));
#5467=CARTESIAN_POINT('',(0.035,0.0581711804074106,0.0130838396345099));
#5468=CARTESIAN_POINT('',(0.035,0.0581407567830383,0.0130894575998649));
#5469=CARTESIAN_POINT('',(0.035,0.058104834232078,0.0130968251906577));
#5470=CARTESIAN_POINT('',(0.035,0.05806359440238,0.0131061505470443));
#5471=CARTESIAN_POINT('',(0.035,0.0580170670213839,0.0131176528418878));
#5472=CARTESIAN_POINT('',(0.035,0.0579653358038205,0.013131545517252));
#5473=CARTESIAN_POINT('',(0.035,0.0579084767950247,0.0131480410713838));
#5474=CARTESIAN_POINT('',(0.035,0.0578465765326893,0.0131673494190041));
#5475=CARTESIAN_POINT('',(0.035,0.0577797266845135,0.013189678147427));
#5476=CARTESIAN_POINT('',(0.035,0.0577080255265416,0.0132152322230467));
#5477=CARTESIAN_POINT('',(0.035,0.0576315774363738,0.0132442138590246));
#5478=CARTESIAN_POINT('',(0.035,0.0575504929487827,0.013276822339082));
#5479=CARTESIAN_POINT('',(0.035,0.0574648886446185,0.0133132538562003));
#5480=CARTESIAN_POINT('',(0.035,0.0573748870812401,0.0133537013495732));
#5481=CARTESIAN_POINT('',(0.035,0.05728061670568,0.0133983543445511));
#5482=CARTESIAN_POINT('',(0.035,0.0571822117673506,0.013447398794682));
#5483=CARTESIAN_POINT('',(0.035,0.0570798122256282,0.0135010169249183));
#5484=CARTESIAN_POINT('',(0.035,0.0569735636539796,0.0135593870813975));
#5485=CARTESIAN_POINT('',(0.035,0.0568636171393003,0.0136226835669378));
#5486=CARTESIAN_POINT('',(0.035,0.0567501291806323,0.0136910765433727));
#5487=CARTESIAN_POINT('',(0.035,0.0566332615718769,0.0137647316882361));
#5488=CARTESIAN_POINT('',(0.035,0.0565131813279834,0.0138438108098615));
#5489=CARTESIAN_POINT('',(0.035,0.0563900604261446,0.0139284687895126));
#5490=CARTESIAN_POINT('',(0.035,0.0562640762401595,0.0140188646461064));
#5491=CARTESIAN_POINT('',(0.035,0.0561354092978152,0.0141151184225288));
#5492=CARTESIAN_POINT('',(0.035,0.0560042512835764,0.0142174757764608));
#5493=CARTESIAN_POINT('',(0.035,0.0558912973512444,0.0143090400092408));
#5494=CARTESIAN_POINT('',(0.035,0.0558221524582716,0.0143673851538335));
#5495=CARTESIAN_POINT('',(0.035,0.0557974759109895,0.0143883401958147));
#5496=CARTESIAN_POINT('',(0.035,0.0587643536216032,0.0130358062229433));
#5497=CARTESIAN_POINT('',(0.035,0.0587161040653673,0.0123667378689367));
#5498=CARTESIAN_POINT('',(0.035,0.0593867333370083,0.0123513475463817));
#5499=CARTESIAN_POINT('',(0.035,0.0722999999999941,0.012055));
#5500=CARTESIAN_POINT('',(0.035,0.0593867333370084,0.0117586524536184));
#5501=CARTESIAN_POINT('',(0.035,0.0587161040653674,0.0117432621310633));
#5502=CARTESIAN_POINT('',(0.035,0.0587643536216033,0.0110741937770567));
#5503=CARTESIAN_POINT('',(0.035,0.0594171361593244,0.0111211386396313));
#5504=CARTESIAN_POINT('',(0.035,0.0588561098134637,0.0110808400043196));
#5505=CARTESIAN_POINT('',(0.035,0.058247618908103,0.0110371319801483));
#5506=CARTESIAN_POINT('',(0.035,0.0582312629199148,0.0110349036201606));
#5507=CARTESIAN_POINT('',(0.035,0.0582152668749802,0.0110330221259404));
#5508=CARTESIAN_POINT('',(0.035,0.0581964452362176,0.0110302798845128));
#5509=CARTESIAN_POINT('',(0.035,0.0581711804074106,0.0110261603654901));
#5510=CARTESIAN_POINT('',(0.035,0.0581407567830383,0.0110205424001351));
#5511=CARTESIAN_POINT('',(0.035,0.058104834232078,0.0110131748093423));
#5512=CARTESIAN_POINT('',(0.035,0.05806359440238,0.0110038494529558));
#5513=CARTESIAN_POINT('',(0.035,0.0580170670213839,0.0109923471581122));
#5514=CARTESIAN_POINT('',(0.035,0.0579653358038205,0.0109784544827481));
#5515=CARTESIAN_POINT('',(0.035,0.0579084767950247,0.0109619589286162));
#5516=CARTESIAN_POINT('',(0.035,0.0578465765326893,0.0109426505809959));
#5517=CARTESIAN_POINT('',(0.035,0.0577797266845135,0.0109203218525731));
#5518=CARTESIAN_POINT('',(0.035,0.0577080255265416,0.0108947677769533));
#5519=CARTESIAN_POINT('',(0.035,0.0576315774363738,0.0108657861409755));
#5520=CARTESIAN_POINT('',(0.035,0.0575504929487827,0.010833177660918));
#5521=CARTESIAN_POINT('',(0.035,0.0574648886446185,0.0107967461437997));
#5522=CARTESIAN_POINT('',(0.035,0.0573748870812401,0.0107562986504268));
#5523=CARTESIAN_POINT('',(0.035,0.05728061670568,0.0107116456554489));
#5524=CARTESIAN_POINT('',(0.035,0.0571822117673506,0.010662601205318));
#5525=CARTESIAN_POINT('',(0.035,0.0570798122256282,0.0106089830750818));
#5526=CARTESIAN_POINT('',(0.035,0.0569735636539796,0.0105506129186026));
#5527=CARTESIAN_POINT('',(0.035,0.0568636171393003,0.0104873164330622));
#5528=CARTESIAN_POINT('',(0.035,0.0567501291806323,0.0104189234566274));
#5529=CARTESIAN_POINT('',(0.035,0.0566332615718769,0.0103452683117639));
#5530=CARTESIAN_POINT('',(0.035,0.0565131813279834,0.0102661891901385));
#5531=CARTESIAN_POINT('',(0.035,0.0563900604261446,0.0101815312104875));
#5532=CARTESIAN_POINT('',(0.035,0.0562640762401595,0.0100911353538936));
#5533=CARTESIAN_POINT('',(0.035,0.0561354092978152,0.00999488157747121));
#5534=CARTESIAN_POINT('',(0.035,0.0560042512835764,0.00989252422353926));
#5535=CARTESIAN_POINT('',(0.035,0.0558912973512444,0.00980095999075927));
#5536=CARTESIAN_POINT('',(0.035,0.0558221524582716,0.00974261484616654));
#5537=CARTESIAN_POINT('',(0.035,0.0557974759109895,0.00972165980418531));
#5538=CARTESIAN_POINT('',(0.035,0.0557974759109895,0.00972165980418531));
#5539=CARTESIAN_POINT('',(0.035,0.0723,0.012055));
#5540=CARTESIAN_POINT('',(0.035,0.055994650541015,0.00860342690963156));
#5541=CARTESIAN_POINT('',(0.035,0.0598746685180079,0.00852634369194261));
#5542=CARTESIAN_POINT('',(0.035,0.0593336932557109,0.00837232971095202));
#5543=CARTESIAN_POINT('',(0.035,0.0587469498174367,0.00820528567207115));
#5544=CARTESIAN_POINT('',(0.035,0.0587308180720282,0.00820178556808364));
#5545=CARTESIAN_POINT('',(0.035,0.0587151431977185,0.00819808262473728));
#5546=CARTESIAN_POINT('',(0.035,0.0586965187408561,0.00819422210918398));
#5547=CARTESIAN_POINT('',(0.035,0.0586713686091742,0.00818945211044107));
#5548=CARTESIAN_POINT('',(0.035,0.0586408582965381,0.00818432577866071));
#5549=CARTESIAN_POINT('',(0.035,0.0586045822760219,0.00817896281333364));
#5550=CARTESIAN_POINT('',(0.035,0.0585626400526443,0.00817362092945222));
#5551=CARTESIAN_POINT('',(0.035,0.0585149845995269,0.00816851624952196));
#5552=CARTESIAN_POINT('',(0.035,0.0584616215812991,0.0081638779755992));
#5553=CARTESIAN_POINT('',(0.035,0.05840254977852,0.00815993179975492));
#5554=CARTESIAN_POINT('',(0.035,0.0583377787149582,0.00815690457493748));
#5555=CARTESIAN_POINT('',(0.035,0.0582673235310313,0.00815502272161357));
#5556=CARTESIAN_POINT('',(0.035,0.0581912064733773,0.00815451245757824));
#5557=CARTESIAN_POINT('',(0.035,0.0581094564638824,0.0081555995002888));
#5558=CARTESIAN_POINT('',(0.035,0.05802210921221,0.00815850892030644));
#5559=CARTESIAN_POINT('',(0.035,0.0579292071665731,0.00816346495172701));
#5560=CARTESIAN_POINT('',(0.035,0.0578307995041266,0.00817069081517256));
#5561=CARTESIAN_POINT('',(0.035,0.0577269421041118,0.00818040853768888));
#5562=CARTESIAN_POINT('',(0.035,0.0576176975198517,0.00819283877445599));
#5563=CARTESIAN_POINT('',(0.035,0.057503134945535,0.00820820062984299));
#5564=CARTESIAN_POINT('',(0.035,0.0573833301775029,0.00822671148345722));
#5565=CARTESIAN_POINT('',(0.035,0.0572583655759211,0.00824858680113236));
#5566=CARTESIAN_POINT('',(0.035,0.0571283300030099,0.00827404000851242));
#5567=CARTESIAN_POINT('',(0.035,0.0569933188302508,0.0083032821283269));
#5568=CARTESIAN_POINT('',(0.035,0.0568534336586494,0.00833652233314947));
#5569=CARTESIAN_POINT('',(0.035,0.0567087831213931,0.00837396498342491));
#5570=CARTESIAN_POINT('',(0.035,0.0565594795076589,0.00841582017346839));
#5571=CARTESIAN_POINT('',(0.035,0.0564056514009913,0.00846226245083342));
#5572=CARTESIAN_POINT('',(0.035,0.0562473949059919,0.00851358821817816));
#5573=CARTESIAN_POINT('',(0.035,0.0561099361172719,0.00856099793192407));
#5574=CARTESIAN_POINT('',(0.035,0.0560250059568643,0.00859217548755174));
#5575=CARTESIAN_POINT('',(0.035,0.055994650541015,0.00860342690963156));
#5576=CARTESIAN_POINT('',(0.035,0.0592451974957072,0.00834719265577587));
#5577=CARTESIAN_POINT('',(0.035,0.0594286925980882,0.0077019717405753));
#5578=CARTESIAN_POINT('',(0.035,0.0600641417762584,0.00791687828764386));
#5579=CARTESIAN_POINT('',(0.035,0.0722999999999945,0.012054999999998));
#5580=CARTESIAN_POINT('',(0.035,0.0602668554368337,0.00735992708259819));
#5581=CARTESIAN_POINT('',(0.035,0.0596419338593158,0.00711609619045667));
#5582=CARTESIAN_POINT('',(0.035,0.0599161084655988,0.00650387991553449));
#5583=CARTESIAN_POINT('',(0.035,0.0605134673106471,0.0067712584335915));
#5584=CARTESIAN_POINT('',(0.035,0.0600000579384004,0.00654150779214056));
#5585=CARTESIAN_POINT('',(0.035,0.0594432125495093,0.00629231953769382));
#5586=CARTESIAN_POINT('',(0.035,0.0594286050921055,0.00628463148683262));
#5587=CARTESIAN_POINT('',(0.035,0.0594142172356416,0.00627739249101664));
#5588=CARTESIAN_POINT('',(0.035,0.0593974685823914,0.00626837824739551));
#5589=CARTESIAN_POINT('',(0.035,0.0593751363676826,0.00625586608539907));
#5590=CARTESIAN_POINT('',(0.035,0.0593484689696783,0.00624018143244282));
#5591=CARTESIAN_POINT('',(0.035,0.05931723267808,0.00622097192571377));
#5592=CARTESIAN_POINT('',(0.035,0.0592816693741582,0.0061981041046671));
#5593=CARTESIAN_POINT('',(0.035,0.0592418819541027,0.00617138218156368));
#5594=CARTESIAN_POINT('',(0.035,0.0591980220855133,0.00614063421859556));
#5595=CARTESIAN_POINT('',(0.035,0.0591502339063111,0.00610568654176442));
#5596=CARTESIAN_POINT('',(0.035,0.0590986705303902,0.00606637149339014));
#5597=CARTESIAN_POINT('',(0.035,0.0590434890962543,0.0060225253574053));
#5598=CARTESIAN_POINT('',(0.035,0.0589848520558123,0.00597398914078828));
#5599=CARTESIAN_POINT('',(0.035,0.0589229266528993,0.00592060852456538));
#5600=CARTESIAN_POINT('',(0.035,0.0588578849152727,0.00586223404841296));
#5601=CARTESIAN_POINT('',(0.035,0.0587899034950485,0.00579872122423338));
#5602=CARTESIAN_POINT('',(0.035,0.0587191635475631,0.00572993066557534));
#5603=CARTESIAN_POINT('',(0.035,0.0586458505950328,0.00565572820833816));
#5604=CARTESIAN_POINT('',(0.035,0.0585701543904989,0.00557598502934831));
#5605=CARTESIAN_POINT('',(0.035,0.0584922687773588,0.00549057776208856));
#5606=CARTESIAN_POINT('',(0.035,0.0584123915478966,0.00539938860506756));
#5607=CARTESIAN_POINT('',(0.035,0.0583307242924278,0.00530230544197484));
#5608=CARTESIAN_POINT('',(0.035,0.0582474722707221,0.00519922189881603));
#5609=CARTESIAN_POINT('',(0.035,0.0581628441843687,0.00509003762640828));
#5610=CARTESIAN_POINT('',(0.035,0.0580770523177921,0.0049746576971316));
#5611=CARTESIAN_POINT('',(0.035,0.0579903112492036,0.0048529953898696));
#5612=CARTESIAN_POINT('',(0.035,0.057902842043126,0.00472496194113132));
#5613=CARTESIAN_POINT('',(0.035,0.0578148553972736,0.00459050629164257));
#5614=CARTESIAN_POINT('',(0.035,0.0577266154559987,0.00444946315864126));
#5615=CARTESIAN_POINT('',(0.035,0.0576517902913165,0.00432478840464462));
#5616=CARTESIAN_POINT('',(0.035,0.0576067705603408,0.00424631295660732));
#5617=CARTESIAN_POINT('',(0.035,0.0575907492374152,0.00421818178205109));
#5618=CARTESIAN_POINT('',(0.035,0.0575907492374152,0.00421818178205109));
#5619=CARTESIAN_POINT('',(0.035,0.0723,0.012055));
#5620=CARTESIAN_POINT('',(0.035,0.0581584909571231,0.0032348242779404));
#5621=CARTESIAN_POINT('',(0.035,0.061830879231782,0.00448943405168893));
#5622=CARTESIAN_POINT('',(0.035,0.0613752046536264,0.00415968381350777));
#5623=CARTESIAN_POINT('',(0.035,0.0608809786005052,0.00380203568797117));
#5624=CARTESIAN_POINT('',(0.035,0.060867016824452,0.00379322928420545));
#5625=CARTESIAN_POINT('',(0.035,0.0608535537419455,0.00378438853290968));
#5626=CARTESIAN_POINT('',(0.035,0.0608373728513486,0.00377439089552637));
#5627=CARTESIAN_POINT('',(0.035,0.060815370893849,0.00376130671126397));
#5628=CARTESIAN_POINT('',(0.035,0.0607884538869372,0.00374605439361756));
#5629=CARTESIAN_POINT('',(0.035,0.0607561998203165,0.00372860772493795));
#5630=CARTESIAN_POINT('',(0.035,0.0607186140544,0.00370924291082249));
#5631=CARTESIAN_POINT('',(0.035,0.0606755784801267,0.00368814695585508));
#5632=CARTESIAN_POINT('',(0.035,0.060627020028787,0.00366553717693411));
#5633=CARTESIAN_POINT('',(0.035,0.0605728603632469,0.00364162523815992));
#5634=CARTESIAN_POINT('',(0.035,0.0605130308446433,0.00361662756889474));
#5635=CARTESIAN_POINT('',(0.035,0.0604474682599547,0.00359076211310814));
#5636=CARTESIAN_POINT('',(0.035,0.0603761161431397,0.00356424905479115));
#5637=CARTESIAN_POINT('',(0.035,0.0602989244719646,0.00353731039084042));
#5638=CARTESIAN_POINT('',(0.035,0.0602158498238706,0.00351016983182566));
#5639=CARTESIAN_POINT('',(0.035,0.0601268553945529,0.00348305260701597));
#5640=CARTESIAN_POINT('',(0.035,0.0600319110494719,0.00345618529476028));
#5641=CARTESIAN_POINT('',(0.035,0.0599309933602161,0.0034297956440612));
#5642=CARTESIAN_POINT('',(0.035,0.0598240856391654,0.00340411239745969));
#5643=CARTESIAN_POINT('',(0.035,0.0597111779694806,0.00337936511152089));
#5644=CARTESIAN_POINT('',(0.035,0.0595922672282196,0.00335578398013317));
#5645=CARTESIAN_POINT('',(0.035,0.0594673571149672,0.0033335996437862));
#5646=CARTESIAN_POINT('',(0.035,0.0593364581370267,0.00331304304965208));
#5647=CARTESIAN_POINT('',(0.035,0.0591995877402511,0.00329434511320021));
#5648=CARTESIAN_POINT('',(0.035,0.0590567698571224,0.00327773714194518));
#5649=CARTESIAN_POINT('',(0.035,0.0589080366740562,0.00326344832662714));
#5650=CARTESIAN_POINT('',(0.035,0.0587534218518759,0.00325171449648416));
#5651=CARTESIAN_POINT('',(0.035,0.0585929865208101,0.00324274365072662));
#5652=CARTESIAN_POINT('',(0.035,0.0584267196139642,0.00323684718645471));
#5653=CARTESIAN_POINT('',(0.035,0.0582813355274514,0.00323438406999594));
#5654=CARTESIAN_POINT('',(0.035,0.05819086393039,0.00323463356331813));
#5655=CARTESIAN_POINT('',(0.035,0.0581584909571231,0.0032348242779404));
#5656=CARTESIAN_POINT('',(0.035,0.0613006432201942,0.00410579537573027));
#5657=CARTESIAN_POINT('',(0.035,0.0616937507637456,0.00356224506415548));
#5658=CARTESIAN_POINT('',(0.035,0.0622173752993266,0.00398152757958831));
#5659=CARTESIAN_POINT('',(0.035,0.0722999999999955,0.0120549999999962));
#5660=CARTESIAN_POINT('',(0.035,0.0625983523612768,0.00352749679731313));
#5661=CARTESIAN_POINT('',(0.035,0.0620945132429908,0.00308463493973811));
#5662=CARTESIAN_POINT('',(0.035,0.0625615433954171,0.00260311306200588));
#5663=CARTESIAN_POINT('',(0.035,0.063031428255002,0.003058675440181));
#5664=CARTESIAN_POINT('',(0.035,0.0626275606037778,0.00266718411070818));
#5665=CARTESIAN_POINT('',(0.035,0.062189524503419,0.00224257140709926));
#5666=CARTESIAN_POINT('',(0.035,0.0621784274517457,0.0022303509577619));
#5667=CARTESIAN_POINT('',(0.035,0.0621673831715842,0.00221862759008179));
#5668=CARTESIAN_POINT('',(0.035,0.0621547276386121,0.0022044285950839));
#5669=CARTESIAN_POINT('',(0.035,0.0621380216326837,0.00218503294151028));
#5670=CARTESIAN_POINT('',(0.035,0.0621183269428156,0.00216117340158014));
#5671=CARTESIAN_POINT('',(0.035,0.0620955444683447,0.00213243892892852));
#5672=CARTESIAN_POINT('',(0.035,0.0620699471495105,0.00209878683993303));
#5673=CARTESIAN_POINT('',(0.035,0.062041698640454,0.0020600683468696));
#5674=CARTESIAN_POINT('',(0.035,0.0620110002682933,0.00201617375442309));
#5675=CARTESIAN_POINT('',(0.035,0.0619780468783748,0.00196698916049122));
#5676=CARTESIAN_POINT('',(0.035,0.0619430396929991,0.00191240938642527));
#5677=CARTESIAN_POINT('',(0.035,0.0619061823682509,0.00185233433397823));
#5678=CARTESIAN_POINT('',(0.035,0.0618676819378067,0.0017866701604062));
#5679=CARTESIAN_POINT('',(0.035,0.0618277483396616,0.00171532905406875));
#5680=CARTESIAN_POINT('',(0.035,0.0617865943454709,0.00163822940516086));
#5681=CARTESIAN_POINT('',(0.035,0.0617444353717646,0.00155529585786547));
#5682=CARTESIAN_POINT('',(0.035,0.0617014893218495,0.00146645939053698));
#5683=CARTESIAN_POINT('',(0.035,0.0616579764164082,0.00137165738249498));
#5684=CARTESIAN_POINT('',(0.035,0.0616141190250935,0.00127083367891632));
#5685=CARTESIAN_POINT('',(0.035,0.0615701414949496,0.00116393865154163));
#5686=CARTESIAN_POINT('',(0.035,0.0615262699804092,0.00105092925212419));
#5687=CARTESIAN_POINT('',(0.035,0.0614827322604408,0.000931769073742955));
#5688=CARTESIAN_POINT('',(0.035,0.0614397575981841,0.000806428360516212));
#5689=CARTESIAN_POINT('',(0.035,0.0613975764304244,0.000674884195204811));
#5690=CARTESIAN_POINT('',(0.035,0.0613564207064271,0.000537119980574027));
#5691=CARTESIAN_POINT('',(0.035,0.0613165217241225,0.000393127615501282));
#5692=CARTESIAN_POINT('',(0.035,0.0612781175751132,0.000242899298108876));
#5693=CARTESIAN_POINT('',(0.035,0.0612414237137871,8.64591112361562E-5));
#5694=CARTESIAN_POINT('',(0.035,0.0612067448846767,-7.62579174195949E-5));
#5695=CARTESIAN_POINT('',(0.035,0.0611790735068068,-0.00021900557729751));
#5696=CARTESIAN_POINT('',(0.035,0.0611636089818045,-0.000308146031571796));
#5697=CARTESIAN_POINT('',(0.035,0.0611581752912297,-0.000340060303879619));
#5698=CARTESIAN_POINT('',(0.035,0.0611581752912297,-0.000340060303879619));
#5699=CARTESIAN_POINT('',(0.035,0.0723,0.012055));
#5700=CARTESIAN_POINT('',(0.035,0.0620280060702479,-0.00106993498974041));
#5701=CARTESIAN_POINT('',(0.035,0.0650498204179702,0.00136504332066328));
#5702=CARTESIAN_POINT('',(0.035,0.0647344076031221,0.000899329570611424));
#5703=CARTESIAN_POINT('',(0.035,0.0643923098911601,0.000394215000682985));
#5704=CARTESIAN_POINT('',(0.035,0.064382202080708,0.000381164479401841));
#5705=CARTESIAN_POINT('',(0.035,0.0643725746364489,0.000368252245238524));
#5706=CARTESIAN_POINT('',(0.035,0.064360788966328,0.000353323348643062));
#5707=CARTESIAN_POINT('',(0.035,0.0643445889437995,0.000333503124585216));
#5708=CARTESIAN_POINT('',(0.035,0.0643245118308983,0.000309964475681129));
#5709=CARTESIAN_POINT('',(0.035,0.0643001700346269,0.000282538429377171));
#5710=CARTESIAN_POINT('',(0.035,0.0642714741242478,0.000251486367404199));
#5711=CARTESIAN_POINT('',(0.035,0.0642382491542134,0.000216943620911847));
#5712=CARTESIAN_POINT('',(0.035,0.0642003521356398,0.000179089410015334));
#5713=CARTESIAN_POINT('',(0.035,0.0641576370623143,0.000138095841030042));
#5714=CARTESIAN_POINT('',(0.035,0.0641099654116022,9.41428151568086E-5));
#5715=CARTESIAN_POINT('',(0.035,0.064057203241466,4.74135126088821E-5));
#5716=CARTESIAN_POINT('',(0.035,0.0639992221838231,-1.90447386570758E-6));
#5717=CARTESIAN_POINT('',(0.035,0.0639358993057391,-5.3619644032929E-5));
#5718=CARTESIAN_POINT('',(0.035,0.063867117289835,-0.000107536630110913));
#5719=CARTESIAN_POINT('',(0.035,0.0637927645184301,-0.000163456373631202));
#5720=CARTESIAN_POINT('',(0.035,0.0637127351799606,-0.000221176267210812));
#5721=CARTESIAN_POINT('',(0.035,0.0636269293641746,-0.000280490309781195));
#5722=CARTESIAN_POINT('',(0.035,0.0635352531552819,-0.000341189261166844));
#5723=CARTESIAN_POINT('',(0.035,0.0634376187215326,-0.000403060800516192));
#5724=CARTESIAN_POINT('',(0.035,0.0633339443973745,-0.000465889684440057));
#5725=CARTESIAN_POINT('',(0.035,0.0632241547755866,-0.000529457916439755));
#5726=CARTESIAN_POINT('',(0.035,0.0631081807412196,-0.000593544883452493));
#5727=CARTESIAN_POINT('',(0.035,0.0629859597102707,-0.000657927629082414));
#5728=CARTESIAN_POINT('',(0.035,0.0628574350600874,-0.000722380609974149));
#5729=CARTESIAN_POINT('',(0.035,0.0627225586481572,-0.000786677448877865));
#5730=CARTESIAN_POINT('',(0.035,0.0625812814469575,-0.000850585026119149));
#5731=CARTESIAN_POINT('',(0.035,0.0624335897601934,-0.000913886978605352));
#5732=CARTESIAN_POINT('',(0.035,0.0622793666843047,-0.000976294473880146));
#5733=CARTESIAN_POINT('',(0.035,0.0621435927664732,-0.00102833333234698));
#5734=CARTESIAN_POINT('',(0.035,0.062058491942582,-0.00105904199390704));
#5735=CARTESIAN_POINT('',(0.035,0.0620280060702479,-0.00106993498974041));
#5736=CARTESIAN_POINT('',(0.035,0.0646827737055429,0.000823189491137175));
#5737=CARTESIAN_POINT('',(0.035,0.0652380791188629,0.000446869972712302));
#5738=CARTESIAN_POINT('',(0.035,0.0655867221649885,0.00101995679719733));
#5739=CARTESIAN_POINT('',(0.035,0.0722999999999971,0.0120549999999949));
#5740=CARTESIAN_POINT('',(0.035,0.0661000111720199,0.000723609250815729));
#5741=CARTESIAN_POINT('',(0.035,0.0657780249465045,0.000135132103775665));
#5742=CARTESIAN_POINT('',(0.035,0.0663815799160604,-0.000157616731806046));
#5743=CARTESIAN_POINT('',(0.035,0.0666673157413542,0.000431181960294596));
#5744=CARTESIAN_POINT('',(0.035,0.0664217022103416,-7.48304250690057E-5));
#5745=CARTESIAN_POINT('',(0.035,0.0661553090169429,-0.00062365301916878));
#5746=CARTESIAN_POINT('',(0.035,0.0661490608392069,-0.000638931900437567));
#5747=CARTESIAN_POINT('',(0.035,0.0661426922385314,-0.000653725628821114));
#5748=CARTESIAN_POINT('',(0.035,0.0661356562698897,-0.000671396766844176));
#5749=CARTESIAN_POINT('',(0.035,0.0661265914636112,-0.000695336509924663));
#5750=CARTESIAN_POINT('',(0.035,0.0661162449521401,-0.000724493124183767));
#5751=CARTESIAN_POINT('',(0.035,0.0661046641974512,-0.00075928676128055));
#5752=CARTESIAN_POINT('',(0.035,0.0660921202781322,-0.000799664179640058));
#5753=CARTESIAN_POINT('',(0.035,0.0660788178671705,-0.00084570922097596));
#5754=CARTESIAN_POINT('',(0.035,0.0660649836681807,-0.000897456107236613));
#5755=CARTESIAN_POINT('',(0.035,0.0660508397327105,-0.000954945230353735));
#5756=CARTESIAN_POINT('',(0.035,0.0660366111210871,-0.00101820660384731));
#5757=CARTESIAN_POINT('',(0.035,0.0660225234430476,-0.00108726463481808));
#5758=CARTESIAN_POINT('',(0.035,0.0660088033427185,-0.00116213669691238));
#5759=CARTESIAN_POINT('',(0.035,0.0659956781306347,-0.00124283350305748));
#5760=CARTESIAN_POINT('',(0.035,0.0659833756589477,-0.00132935896919292));
#5761=CARTESIAN_POINT('',(0.035,0.0659721241261885,-0.00142171022983148));
#5762=CARTESIAN_POINT('',(0.035,0.0659621519012796,-0.00151987761678399));
#5763=CARTESIAN_POINT('',(0.035,0.0659536873415055,-0.00162384465433229));
#5764=CARTESIAN_POINT('',(0.035,0.0659469586120687,-0.00173358805584882));
#5765=CARTESIAN_POINT('',(0.035,0.0659421935040956,-0.00184907772543446));
#5766=CARTESIAN_POINT('',(0.035,0.0659396192566052,-0.0019702767658375));
#5767=CARTESIAN_POINT('',(0.035,0.0659394623637137,-0.00209714148337754));
#5768=CARTESIAN_POINT('',(0.035,0.0659419484394127,-0.00222962142682514));
#5769=CARTESIAN_POINT('',(0.035,0.0659473018616062,-0.00236765931731854));
#5770=CARTESIAN_POINT('',(0.035,0.065955746267896,-0.00251119141983566));
#5771=CARTESIAN_POINT('',(0.035,0.0659675017779875,-0.00266014623839042));
#5772=CARTESIAN_POINT('',(0.035,0.065982794793202,-0.00281444967222558));
#5773=CARTESIAN_POINT('',(0.035,0.0660018195376219,-0.00297400540113417));
#5774=CARTESIAN_POINT('',(0.035,0.0660248845992717,-0.0031387702503409));
#5775=CARTESIAN_POINT('',(0.035,0.0660477045847712,-0.00328237334158772));
#5776=CARTESIAN_POINT('',(0.035,0.0660636605156896,-0.00337142714774052));
#5777=CARTESIAN_POINT('',(0.035,0.0660694698407416,-0.00340327518555512));
#5778=CARTESIAN_POINT('',(0.035,0.0660694698407416,-0.00340327518555512));
#5779=CARTESIAN_POINT('',(0.035,0.0723,0.012055));
#5780=CARTESIAN_POINT('',(0.035,0.0671364752497854,-0.00379163339424807));
#5781=CARTESIAN_POINT('',(0.035,0.0691432402630059,-0.000469980867876405));
#5782=CARTESIAN_POINT('',(0.035,0.0690061326519332,-0.00101548617833981));
#5783=CARTESIAN_POINT('',(0.035,0.0688574253140177,-0.0016071429208296));
#5784=CARTESIAN_POINT('',(0.035,0.0688523906202825,-0.00162286347415446));
#5785=CARTESIAN_POINT('',(0.035,0.0688477600261344,-0.00163828978518093));
#5786=CARTESIAN_POINT('',(0.035,0.0688417911022441,-0.00165634929573212));
#5787=CARTESIAN_POINT('',(0.035,0.0688333469764905,-0.00168051494804866));
#5788=CARTESIAN_POINT('',(0.035,0.0688225313537224,-0.00170950081975915));
#5789=CARTESIAN_POINT('',(0.035,0.0688090378076772,-0.00174359825773786));
#5790=CARTESIAN_POINT('',(0.035,0.0687926929031338,-0.00178259223061476));
#5791=CARTESIAN_POINT('',(0.035,0.0687732859590729,-0.00182641540360847));
#5792=CARTESIAN_POINT('',(0.035,0.0687506213130058,-0.00187494826997774));
#5793=CARTESIAN_POINT('',(0.035,0.0687245029001452,-0.00192807903975388));
#5794=CARTESIAN_POINT('',(0.035,0.0686947390219592,-0.00198568603863726));
#5795=CARTESIAN_POINT('',(0.035,0.0686611411627804,-0.0020476429444082));
#5796=CARTESIAN_POINT('',(0.035,0.0686235245355707,-0.00211381738201556));
#5797=CARTESIAN_POINT('',(0.035,0.0685817081242209,-0.00218407144564246));
#5798=CARTESIAN_POINT('',(0.035,0.0685355148667391,-0.00225826167453272));
#5799=CARTESIAN_POINT('',(0.035,0.0684847717948085,-0.00233623919040753));
#5800=CARTESIAN_POINT('',(0.035,0.0684293101822771,-0.00241784979429046));
#5801=CARTESIAN_POINT('',(0.035,0.0683689656877037,-0.00250293407981614));
#5802=CARTESIAN_POINT('',(0.035,0.0683035784947582,-0.0025913275466277));
#5803=CARTESIAN_POINT('',(0.035,0.0682329934505855,-0.00268286071861538));
#5804=CARTESIAN_POINT('',(0.035,0.0681570601970938,-0.0027773592644186));
#5805=CARTESIAN_POINT('',(0.035,0.0680756333154803,-0.00287464412512468));
#5806=CARTESIAN_POINT('',(0.035,0.0679885724048258,-0.00297453163097137));
#5807=CARTESIAN_POINT('',(0.035,0.0678957423998264,-0.0030768336764683));
#5808=CARTESIAN_POINT('',(0.035,0.0677970129522224,-0.0031813576862765));
#5809=CARTESIAN_POINT('',(0.035,0.0676922613972707,-0.00328790740107382));
#5810=CARTESIAN_POINT('',(0.035,0.0675813619325457,-0.00339628052842274));
#5811=CARTESIAN_POINT('',(0.035,0.0674642276872042,-0.00350627843793043));
#5812=CARTESIAN_POINT('',(0.035,0.0673406500213152,-0.00361766969924144));
#5813=CARTESIAN_POINT('',(0.035,0.0672308626104651,-0.00371300764537344));
#5814=CARTESIAN_POINT('',(0.035,0.0671613969750598,-0.00377097054402005));
#5815=CARTESIAN_POINT('',(0.035,0.0671364752497854,-0.00379163339424807));
#5816=CARTESIAN_POINT('',(0.035,0.0689836541002903,-0.00110469428221831));
#5817=CARTESIAN_POINT('',(0.035,0.0696341793550975,-0.00126839331968663));
#5818=CARTESIAN_POINT('',(0.035,0.0697657894149816,-0.000610624915043048));
#5819=CARTESIAN_POINT('',(0.035,0.072299999999999,0.0120549999999942));
#5820=CARTESIAN_POINT('',(0.035,0.0703494801375072,-0.000713545337813482));
#5821=CARTESIAN_POINT('',(0.035,0.0702481830955702,-0.00137665874538784));
#5822=CARTESIAN_POINT('',(0.035,0.0709154652454046,-0.00144532470873521));
#5823=CARTESIAN_POINT('',(0.035,0.0709825880788651,-0.000794307514719581));
#5824=CARTESIAN_POINT('',(0.035,0.0709248532847741,-0.00135380839435167));
#5825=CARTESIAN_POINT('',(0.035,0.0708622339490041,-0.00196064477433501));
#5826=CARTESIAN_POINT('',(0.035,0.0708615882676536,-0.00197713922896195));
#5827=CARTESIAN_POINT('',(0.035,0.0708606634936962,-0.0019932189760737));
#5828=CARTESIAN_POINT('',(0.035,0.0708600957310429,-0.00201223085707813));
#5829=CARTESIAN_POINT('',(0.035,0.0708597654738336,-0.00203782720333696));
#5830=CARTESIAN_POINT('',(0.035,0.0708600150827411,-0.00206876417393964));
#5831=CARTESIAN_POINT('',(0.035,0.0708610328577635,-0.00210542034934829));
#5832=CARTESIAN_POINT('',(0.035,0.0708630553197582,-0.00214765298451043));
#5833=CARTESIAN_POINT('',(0.035,0.070866303473976,-0.00219547086258126));
#5834=CARTESIAN_POINT('',(0.035,0.0708710020567263,-0.00224882860447034));
#5835=CARTESIAN_POINT('',(0.035,0.0708773735430642,-0.00230768822007568));
#5836=CARTESIAN_POINT('',(0.035,0.070885639685747,-0.00237200093771513));
#5837=CARTESIAN_POINT('',(0.035,0.0708960208362996,-0.00244171252948657));
#5838=CARTESIAN_POINT('',(0.035,0.0709087359126726,-0.00251676180442058));
#5839=CARTESIAN_POINT('',(0.035,0.0709240021809348,-0.00259708108459421));
#5840=CARTESIAN_POINT('',(0.035,0.0709420350914021,-0.00268259611976139));
#5841=CARTESIAN_POINT('',(0.035,0.0709630481004956,-0.00277322616875066));
#5842=CARTESIAN_POINT('',(0.035,0.0709872524980913,-0.00286888403966438));
#5843=CARTESIAN_POINT('',(0.035,0.0710148572348168,-0.00296947614760064));
#5844=CARTESIAN_POINT('',(0.035,0.0710460687513335,-0.00307490257319201));
#5845=CARTESIAN_POINT('',(0.035,0.0710810908078782,-0.00318505712639057));
#5846=CARTESIAN_POINT('',(0.035,0.071120124319677,-0.00329982741479929));
#5847=CARTESIAN_POINT('',(0.035,0.0711633671774606,-0.00341909491423896));
#5848=CARTESIAN_POINT('',(0.035,0.0712110141336954,-0.00354273505153193));
#5849=CARTESIAN_POINT('',(0.035,0.0712632564441176,-0.00367061726039151));
#5850=CARTESIAN_POINT('',(0.035,0.0713202824606697,-0.00380260516092322));
#5851=CARTESIAN_POINT('',(0.035,0.0713822745751474,-0.00393855628350327));
#5852=CARTESIAN_POINT('',(0.035,0.0714494201912501,-0.00407832356238453));
#5853=CARTESIAN_POINT('',(0.035,0.0715218688764635,-0.00422175005763082));
#5854=CARTESIAN_POINT('',(0.035,0.0715998958420345,-0.00436868965490403));
#5855=CARTESIAN_POINT('',(0.035,0.0716704547638651,-0.00449582752535946));
#5856=CARTESIAN_POINT('',(0.035,0.0717159066299509,-0.00457405348007456));
#5857=CARTESIAN_POINT('',(0.035,0.0717322582802921,-0.00460199394000851));
#5858=CARTESIAN_POINT('',(0.035,0.0717322582802921,-0.00460199394000851));
#5859=CARTESIAN_POINT('',(0.035,0.0723,0.012055));
#5860=CARTESIAN_POINT('',(0.035,0.072867741719708,-0.00460199394000851));
#5861=CARTESIAN_POINT('',(0.035,0.0736174119211349,-0.000794307514719567));
#5862=CARTESIAN_POINT('',(0.035,0.073675146715226,-0.00135380839435166));
#5863=CARTESIAN_POINT('',(0.035,0.073737766050996,-0.00196064477433501));
#5864=CARTESIAN_POINT('',(0.035,0.0737384117323464,-0.00197713922896194));
#5865=CARTESIAN_POINT('',(0.035,0.0737393365063039,-0.00199321897607369));
#5866=CARTESIAN_POINT('',(0.035,0.0737399042689572,-0.00201223085707812));
#5867=CARTESIAN_POINT('',(0.035,0.0737402345261664,-0.00203782720333695));
#5868=CARTESIAN_POINT('',(0.035,0.0737399849172589,-0.00206876417393964));
#5869=CARTESIAN_POINT('',(0.035,0.0737389671422365,-0.00210542034934829));
#5870=CARTESIAN_POINT('',(0.035,0.0737369446802418,-0.00214765298451043));
#5871=CARTESIAN_POINT('',(0.035,0.0737336965260241,-0.00219547086258125));
#5872=CARTESIAN_POINT('',(0.035,0.0737289979432737,-0.00224882860447033));
#5873=CARTESIAN_POINT('',(0.035,0.0737226264569358,-0.00230768822007567));
#5874=CARTESIAN_POINT('',(0.035,0.0737143603142531,-0.00237200093771513));
#5875=CARTESIAN_POINT('',(0.035,0.0737039791637004,-0.00244171252948655));
#5876=CARTESIAN_POINT('',(0.035,0.0736912640873275,-0.00251676180442057));
#5877=CARTESIAN_POINT('',(0.035,0.0736759978190653,-0.00259708108459421));
#5878=CARTESIAN_POINT('',(0.035,0.073657964908598,-0.00268259611976138));
#5879=CARTESIAN_POINT('',(0.035,0.0736369518995045,-0.00277322616875066));
#5880=CARTESIAN_POINT('',(0.035,0.0736127475019088,-0.00286888403966438));
#5881=CARTESIAN_POINT('',(0.035,0.0735851427651833,-0.00296947614760062));
#5882=CARTESIAN_POINT('',(0.035,0.0735539312486665,-0.003074902573192));
#5883=CARTESIAN_POINT('',(0.035,0.0735189091921218,-0.00318505712639057));
#5884=CARTESIAN_POINT('',(0.035,0.0734798756803231,-0.00329982741479929));
#5885=CARTESIAN_POINT('',(0.035,0.0734366328225394,-0.00341909491423896));
#5886=CARTESIAN_POINT('',(0.035,0.0733889858663046,-0.00354273505153193));
#5887=CARTESIAN_POINT('',(0.035,0.0733367435558825,-0.0036706172603915));
#5888=CARTESIAN_POINT('',(0.035,0.0732797175393303,-0.00380260516092321));
#5889=CARTESIAN_POINT('',(0.035,0.0732177254248526,-0.00393855628350326));
#5890=CARTESIAN_POINT('',(0.035,0.07315057980875,-0.00407832356238451));
#5891=CARTESIAN_POINT('',(0.035,0.0730781311235366,-0.00422175005763082));
#5892=CARTESIAN_POINT('',(0.035,0.0730001041579656,-0.00436868965490401));
#5893=CARTESIAN_POINT('',(0.035,0.072929545236135,-0.00449582752535944));
#5894=CARTESIAN_POINT('',(0.035,0.0728840933700491,-0.00457405348007454));
#5895=CARTESIAN_POINT('',(0.035,0.072867741719708,-0.00460199394000851));
#5896=CARTESIAN_POINT('',(0.035,0.0736845347545954,-0.00144532470873528));
#5897=CARTESIAN_POINT('',(0.035,0.0743518169044299,-0.00137665874538788));
#5898=CARTESIAN_POINT('',(0.035,0.0742505198624929,-0.000713545337813521));
#5899=CARTESIAN_POINT('',(0.035,0.072300000000001,0.0120549999999942));
#5900=CARTESIAN_POINT('',(0.035,0.0723,0.012055));
#5901=CARTESIAN_POINT('',(0.043,0.0723,0.012055));
#5902=CARTESIAN_POINT('',(0.043,0.0723,-0.030945));
#5903=CARTESIAN_POINT('',(0.035,0.11483873868594,0.0183363781138645));
#5904=CARTESIAN_POINT('',(0.041,0.11483873868594,0.0183363781138645));
#5905=CARTESIAN_POINT('',(0.041,0.0723,0.012055));
#5906=CARTESIAN_POINT('',(0.041,0.110406663935602,0.0319769016085075));
#5907=CARTESIAN_POINT('',(0.035,0.110406663935602,0.0319769016085075));
#5908=CARTESIAN_POINT('',(0.035,0.0794712475867258,0.0544527972075187));
#5909=CARTESIAN_POINT('',(0.041,0.0794712475867258,0.0544527972075187));
#5910=CARTESIAN_POINT('',(0.041,0.0723,0.012055));
#5911=CARTESIAN_POINT('',(0.041,0.0651287524132742,0.0544527972075187));
#5912=CARTESIAN_POINT('',(0.035,0.0651287524132742,0.0544527972075187));
#5913=CARTESIAN_POINT('',(0.035,0.0341933360643975,0.0319769016085075));
#5914=CARTESIAN_POINT('',(0.041,0.0341933360643975,0.0319769016085075));
#5915=CARTESIAN_POINT('',(0.041,0.0723,0.012055));
#5916=CARTESIAN_POINT('',(0.041,0.0297612613140603,0.0183363781138645));
#5917=CARTESIAN_POINT('',(0.035,0.0297612613140603,0.0183363781138644));
#5918=CARTESIAN_POINT('',(0.035,0.041577538903202,-0.0180303848929299));
#5919=CARTESIAN_POINT('',(0.041,0.041577538903202,-0.0180303848929299));
#5920=CARTESIAN_POINT('',(0.041,0.0723,0.012055));
#5921=CARTESIAN_POINT('',(0.041,0.053180861240265,-0.0264606920369607));
#5922=CARTESIAN_POINT('',(0.035,0.053180861240265,-0.0264606920369607));
#5923=CARTESIAN_POINT('',(0.035,0.0914191387597349,-0.0264606920369608));
#5924=CARTESIAN_POINT('',(0.041,0.0914191387597349,-0.0264606920369608));
#5925=CARTESIAN_POINT('',(0.041,0.0723,0.012055));
#5926=CARTESIAN_POINT('',(0.041,0.103022461096798,-0.0180303848929299));
#5927=CARTESIAN_POINT('',(0.035,0.103022461096798,-0.0180303848929299));
#5928=CARTESIAN_POINT('',(0.035,0.0723,0.012055));
#5929=CARTESIAN_POINT('',(0.043,0.0723,0.012055));
#5930=CARTESIAN_POINT('',(0.043,0.0723,0.001805));
#5931=CARTESIAN_POINT('',(0.032,0.0723,0.012055));
#5932=CARTESIAN_POINT('',(0.032,0.0723,0.022305));
#5933=CARTESIAN_POINT('',(0.035,0.0723,-0.017945));
#5934=CARTESIAN_POINT('',(0.043,0.0723,-0.017945));
#5935=CARTESIAN_POINT('',(0.043,0.0723,-0.019545));
#5936=CARTESIAN_POINT('',(0.035,0.0423,0.012055));
#5937=CARTESIAN_POINT('',(0.043,0.0423,0.012055));
#5938=CARTESIAN_POINT('',(0.043,0.0423,0.010455));
#5939=CARTESIAN_POINT('',(0.035,0.0723,0.042055));
#5940=CARTESIAN_POINT('',(0.043,0.0723,0.042055));
#5941=CARTESIAN_POINT('',(0.043,0.0723,0.040455));
#5942=CARTESIAN_POINT('',(0.035,0.1023,0.012055));
#5943=CARTESIAN_POINT('',(0.043,0.1023,0.012055));
#5944=CARTESIAN_POINT('',(0.043,0.1023,0.010455));
#5945=CARTESIAN_POINT('',(0.043,0.0723,0.012055));
#5946=CARTESIAN_POINT('',(0.038,0.0645292440494049,0.0561251469472963));
#5947=CARTESIAN_POINT('',(0.038,0.0722915580149865,0.0138305080210715));
#5948=CARTESIAN_POINT('',(0.038,0.0645209701127637,0.0578997019186894));
#5949=CARTESIAN_POINT('',(0.038,0.0646077960282485,0.0574072876827286));
#5950=CARTESIAN_POINT('',(0.038,0.0723,0.012055));
#5951=CARTESIAN_POINT('',(0.038,0.0799922039717515,0.0574072876827286));
#5952=CARTESIAN_POINT('',(0.038,0.0723084419850135,0.0138305080210714));
#5953=CARTESIAN_POINT('',(0.038,0.0800790298872364,0.0578997019186894));
#5954=CARTESIAN_POINT('',(0.038,0.0723,0.012055));
#5955=CARTESIAN_POINT('',(0.0387768386863172,0.0723,0.012055));
#5956=CARTESIAN_POINT('',(0.0387768386863172,0.0651287524132742,0.0544527972075187));
#5957=CARTESIAN_POINT('',(0.028,0.0651287524132742,0.0544527972075187));
#5958=CARTESIAN_POINT('',(0.028,0.0723,0.012055));
#5959=CARTESIAN_POINT('',(0.028,0.0794712475867258,0.0544527972075187));
#5960=CARTESIAN_POINT('',(0.0387768386863172,0.0794712475867258,0.0544527972075187));
#5961=CARTESIAN_POINT('',(0.025,0.0652238367600726,0.0521859159352475));
#5962=CARTESIAN_POINT('',(0.025,0.0723084419850135,0.0138305080210714));
#5963=CARTESIAN_POINT('',(0.025,0.0789502894238264,0.0514982966494859));
#5964=CARTESIAN_POINT('',(0.025,0.0786898095457897,0.0500210418527997));
#5965=CARTESIAN_POINT('',(0.025,0.0723,0.012055));
#5966=CARTESIAN_POINT('',(0.025,0.0656497105761736,0.0514982966494859));
#5967=CARTESIAN_POINT('',(0.025,0.0722915580149865,0.0138305080210715));
#5968=CARTESIAN_POINT('',(0.025,0.0659101904542103,0.0500210418527997));
#5969=CARTESIAN_POINT('',(0.025,0.0723,0.012055));
#5970=CARTESIAN_POINT('',(0.0387768386863172,0.0723,0.012055));
#5971=CARTESIAN_POINT('',(0.015,0.0723,0.012055));
#5972=CARTESIAN_POINT('',(0.015,0.0659101904542103,0.0500210418527997));
#5973=CARTESIAN_POINT('',(0.015,0.0786898095457897,0.0500210418527997));
#5974=CARTESIAN_POINT('',(0.0387768386863172,0.0786898095457897,0.0500210418527997));
#5975=CARTESIAN_POINT('',(0.0387768386863172,0.0659101904542103,0.0500210418527997));
#5976=CARTESIAN_POINT('',(0.015,0.0649199524491555,0.0539093295030189));
#5977=CARTESIAN_POINT('',(0.015,0.0722915580149865,0.0138305080210715));
#5978=CARTESIAN_POINT('',(0.015,0.0650419262355741,0.0549452129305761));
#5979=CARTESIAN_POINT('',(0.015,0.0723,0.012055));
#5980=CARTESIAN_POINT('',(0.015,0.0795580737644259,0.0549452129305761));
#5981=CARTESIAN_POINT('',(0.015,0.0723084419850135,0.0138305080210714));
#5982=CARTESIAN_POINT('',(0.0387768386863172,0.0723,0.012055));
#5983=CARTESIAN_POINT('',(0.0387768386863172,0.0800790298872364,0.0578997019186894));
#5984=CARTESIAN_POINT('',(0.018,0.0800790298872364,0.0578997019186894));
#5985=CARTESIAN_POINT('',(0.018,0.0723,0.012055));
#5986=CARTESIAN_POINT('',(0.018,0.0645209701127637,0.0578997019186894));
#5987=CARTESIAN_POINT('',(0.0387768386863172,0.0645209701127637,0.0578997019186894));
#5988=CARTESIAN_POINT('',(0.029,0.0722915580149865,0.0138305080210715));
#5989=CARTESIAN_POINT('',(0.018,0.0645209701127637,0.0578997019186894));
#5990=CARTESIAN_POINT('',(0.0172076654631614,0.0645209701127637,0.0578997019186894));
#5991=CARTESIAN_POINT('',(0.0156550190247214,0.0646341953732878,0.0572575695571569));
#5992=CARTESIAN_POINT('',(0.015,0.0649043388739094,0.0557255096333941));
#5993=CARTESIAN_POINT('',(0.015,0.0650419262355741,0.0549452129305761));
#5994=CARTESIAN_POINT('',(0.025,0.0656497105761736,0.0514982966494859));
#5995=CARTESIAN_POINT('',(0.025,0.0655137515208368,0.0522693587682299));
#5996=CARTESIAN_POINT('',(0.0256500492061249,0.0652411658846388,0.0538152687310884));
#5997=CARTESIAN_POINT('',(0.0272175788643057,0.0651287524132741,0.0544527972075187));
#5998=CARTESIAN_POINT('',(0.028,0.0651287524132741,0.0544527972075187));
#5999=CARTESIAN_POINT('',(0.041,0.0651287524132741,0.0544527972075187));
#6000=CARTESIAN_POINT('',(0.0402170412335209,0.0651287524132741,0.0544527972075187));
#6001=CARTESIAN_POINT('',(0.0386473055696274,0.0650158618957989,0.0550930311468832));
#6002=CARTESIAN_POINT('',(0.038,0.0647436617528493,0.0566367548688906));
#6003=CARTESIAN_POINT('',(0.038,0.0646077960282485,0.0574072876827286));
#6004=CARTESIAN_POINT('',(0.029,0.0723084419850135,0.0138305080210714));
#6005=CARTESIAN_POINT('',(0.015,0.0795580737644259,0.0549452129305761));
#6006=CARTESIAN_POINT('',(0.015,0.0796956611771712,0.0557255099230867));
#6007=CARTESIAN_POINT('',(0.0156519856497944,0.0799652778171087,0.0572545818714301));
#6008=CARTESIAN_POINT('',(0.0172076651575025,0.0800790298872364,0.0578997019186894));
#6009=CARTESIAN_POINT('',(0.018,0.0800790298872364,0.0578997019186894));
#6010=CARTESIAN_POINT('',(0.038,0.0799922039717516,0.0574072876827286));
#6011=CARTESIAN_POINT('',(0.038,0.0798562496866648,0.056636252617417));
#6012=CARTESIAN_POINT('',(0.0386500691824215,0.0795836537264482,0.0550902841041393));
#6013=CARTESIAN_POINT('',(0.0402176026735021,0.0794712475867259,0.0544527972075187));
#6014=CARTESIAN_POINT('',(0.041,0.0794712475867259,0.0544527972075187));
#6015=CARTESIAN_POINT('',(0.028,0.0794712475867259,0.0544527972075187));
#6016=CARTESIAN_POINT('',(0.0272170660157184,0.0794712475867259,0.0544527972075187));
#6017=CARTESIAN_POINT('',(0.0256472615854108,0.0793583539620686,0.053812545646449));
#6018=CARTESIAN_POINT('',(0.025,0.0790861515517815,0.0522688090657316));
#6019=CARTESIAN_POINT('',(0.025,0.0789502894238265,0.0514982966494859));
#6020=CARTESIAN_POINT('',(0.041,0.0723,0.012055));
#6021=CARTESIAN_POINT('',(0.028,0.0723,0.012055));
#6022=CARTESIAN_POINT('',(0.018,0.0723,0.012055));
#6023=CARTESIAN_POINT('',(0.038,0.0279855039238147,0.0182829962679629));
#6024=CARTESIAN_POINT('',(0.038,0.0706087828099903,0.0125956333473026));
#6025=CARTESIAN_POINT('',(0.038,0.0262952450677148,0.0188234949302179));
#6026=CARTESIAN_POINT('',(0.038,0.0267903895189789,0.018753906915739));
#6027=CARTESIAN_POINT('',(0.038,0.0723,0.012055));
#6028=CARTESIAN_POINT('',(0.038,0.0315444330219183,0.0333853483397505));
#6029=CARTESIAN_POINT('',(0.038,0.0706140002436611,0.0126116909570176));
#6030=CARTESIAN_POINT('',(0.038,0.0311029499375282,0.0336200890596397));
#6031=CARTESIAN_POINT('',(0.038,0.0723,0.012055));
#6032=CARTESIAN_POINT('',(0.0387768386863172,0.0723,0.012055));
#6033=CARTESIAN_POINT('',(0.0387768386863172,0.0297612613140603,0.0183363781138644));
#6034=CARTESIAN_POINT('',(0.028,0.0297612613140603,0.0183363781138645));
#6035=CARTESIAN_POINT('',(0.028,0.0723,0.012055));
#6036=CARTESIAN_POINT('',(0.028,0.0341933360643975,0.0319769016085075));
#6037=CARTESIAN_POINT('',(0.0387768386863172,0.0341933360643975,0.0319769016085075));
#6038=CARTESIAN_POINT('',(0.025,0.031946576198781,0.0177263038641227));
#6039=CARTESIAN_POINT('',(0.025,0.0706140002436611,0.0126116909570176));
#6040=CARTESIAN_POINT('',(0.025,0.0368422481468181,0.0305684500706425));
#6041=CARTESIAN_POINT('',(0.025,0.0381667082384287,0.0298642221480739));
#6042=CARTESIAN_POINT('',(0.025,0.0723,0.012055));
#6043=CARTESIAN_POINT('',(0.025,0.0327321432478693,0.0179188478870847));
#6044=CARTESIAN_POINT('',(0.025,0.0706087828099903,0.0125956333473026));
#6045=CARTESIAN_POINT('',(0.025,0.0342175887574921,0.0177100821352574));
#6046=CARTESIAN_POINT('',(0.025,0.0723,0.012055));
#6047=CARTESIAN_POINT('',(0.0387768386863172,0.0723,0.012055));
#6048=CARTESIAN_POINT('',(0.015,0.0723,0.012055));
#6049=CARTESIAN_POINT('',(0.015,0.0342175887574921,0.0177100821352574));
#6050=CARTESIAN_POINT('',(0.015,0.0381667082384287,0.0298642221480739));
#6051=CARTESIAN_POINT('',(0.0387768386863172,0.0381667082384287,0.0298642221480739));
#6052=CARTESIAN_POINT('',(0.0387768386863172,0.0342175887574921,0.0177100821352574));
#6053=CARTESIAN_POINT('',(0.015,0.0302136070784833,0.0179698567908028));
#6054=CARTESIAN_POINT('',(0.015,0.0706087828099903,0.0125956333473026));
#6055=CARTESIAN_POINT('',(0.015,0.0292661153674544,0.0184059663384999));
#6056=CARTESIAN_POINT('',(0.015,0.0723,0.012055));
#6057=CARTESIAN_POINT('',(0.015,0.0337518516467235,0.0322116430373163));
#6058=CARTESIAN_POINT('',(0.015,0.0706140002436611,0.0126116909570176));
#6059=CARTESIAN_POINT('',(0.0387768386863172,0.0723,0.012055));
#6060=CARTESIAN_POINT('',(0.0387768386863172,0.0311029499375282,0.0336200890596397));
#6061=CARTESIAN_POINT('',(0.018,0.0311029499375282,0.0336200890596397));
#6062=CARTESIAN_POINT('',(0.018,0.0723,0.012055));
#6063=CARTESIAN_POINT('',(0.018,0.0262952450677148,0.0188234949302179));
#6064=CARTESIAN_POINT('',(0.0387768386863172,0.0262952450677148,0.0188234949302179));
#6065=CARTESIAN_POINT('',(0.029,0.0706087828099903,0.0125956333473026));
#6066=CARTESIAN_POINT('',(0.018,0.0262952450677148,0.0188234949302179));
#6067=CARTESIAN_POINT('',(0.0172076654631614,0.0262952450677148,0.0188234949302179));
#6068=CARTESIAN_POINT('',(0.0156550190247214,0.0269409377641689,0.018732748739697));
#6069=CARTESIAN_POINT('',(0.015,0.0284814922706302,0.0185162379234544));
#6070=CARTESIAN_POINT('',(0.015,0.0292661153674544,0.0184059663384999));
#6071=CARTESIAN_POINT('',(0.025,0.0327321432478693,0.0179188478870847));
#6072=CARTESIAN_POINT('',(0.025,0.0319568059367313,0.0180278144399679));
#6073=CARTESIAN_POINT('',(0.0256500492061249,0.0304023245989414,0.0182462825447102));
#6074=CARTESIAN_POINT('',(0.0272175788643057,0.0297612613140603,0.0183363781138645));
#6075=CARTESIAN_POINT('',(0.028,0.0297612613140603,0.0183363781138645));
#6076=CARTESIAN_POINT('',(0.041,0.0297612613140603,0.0183363781138645));
#6077=CARTESIAN_POINT('',(0.0402170412335209,0.0297612613140603,0.0183363781138645));
#6078=CARTESIAN_POINT('',(0.0386473055696274,0.0291174775656707,0.018426856019231));
#6079=CARTESIAN_POINT('',(0.038,0.0275651945904535,0.0186450151642623));
#6080=CARTESIAN_POINT('',(0.038,0.0267903895189789,0.018753906915739));
#6081=CARTESIAN_POINT('',(0.029,0.0706140002436611,0.0126116909570176));
#6082=CARTESIAN_POINT('',(0.015,0.0337518516467235,0.0322116430373163));
#6083=CARTESIAN_POINT('',(0.015,0.0330522619561012,0.0325836214741133));
#6084=CARTESIAN_POINT('',(0.0156519856497944,0.031681344239452,0.0333125513540875));
#6085=CARTESIAN_POINT('',(0.0172076651575025,0.0311029499375282,0.0336200890596397));
#6086=CARTESIAN_POINT('',(0.018,0.0311029499375282,0.0336200890596397));
#6087=CARTESIAN_POINT('',(0.038,0.0315444330219183,0.0333853483397505));
#6088=CARTESIAN_POINT('',(0.038,0.032235718760525,0.0330177851925602));
#6089=CARTESIAN_POINT('',(0.0386500691824215,0.03362178540476,0.0322808004849091));
#6090=CARTESIAN_POINT('',(0.0402176026735021,0.0341933360643975,0.0319769016085075));
#6091=CARTESIAN_POINT('',(0.041,0.0341933360643975,0.0319769016085075));
#6092=CARTESIAN_POINT('',(0.028,0.0341933360643975,0.0319769016085075));
#6093=CARTESIAN_POINT('',(0.0272170660157184,0.0341933360643975,0.0319769016085075));
#6094=CARTESIAN_POINT('',(0.0256472615854108,0.0347673654350453,0.0316716847780833));
#6095=CARTESIAN_POINT('',(0.025,0.0361514309988913,0.0309357640637486));
#6096=CARTESIAN_POINT('',(0.025,0.036842248146818,0.0305684500706424));
#6097=CARTESIAN_POINT('',(0.041,0.0723,0.012055));
#6098=CARTESIAN_POINT('',(0.028,0.0723,0.012055));
#6099=CARTESIAN_POINT('',(0.018,0.0723,0.012055));
#6100=CARTESIAN_POINT('',(0.038,0.0526828911811888,-0.0281660335718877));
#6101=CARTESIAN_POINT('',(0.038,0.0712632122792294,0.0106136217630132));
#6102=CARTESIAN_POINT('',(0.038,0.0516465276949747,-0.0296065419991334));
#6103=CARTESIAN_POINT('',(0.038,0.051865717879712,-0.0291571355213301));
#6104=CARTESIAN_POINT('',(0.038,0.0723,0.012055));
#6105=CARTESIAN_POINT('',(0.038,0.0394194704050212,-0.0201144074168879));
#6106=CARTESIAN_POINT('',(0.038,0.0712495528605451,0.0106235459115952));
#6107=CARTESIAN_POINT('',(0.038,0.0390597929379251,-0.0204617439094135));
#6108=CARTESIAN_POINT('',(0.038,0.0723,0.012055));
#6109=CARTESIAN_POINT('',(0.0387768386863172,0.0723,0.012055));
#6110=CARTESIAN_POINT('',(0.0387768386863172,0.053180861240265,-0.0264606920369608));
#6111=CARTESIAN_POINT('',(0.028,0.053180861240265,-0.0264606920369608));
#6112=CARTESIAN_POINT('',(0.028,0.0723,0.012055));
#6113=CARTESIAN_POINT('',(0.028,0.041577538903202,-0.0180303848929299));
#6114=CARTESIAN_POINT('',(0.0387768386863172,0.041577538903202,-0.0180303848929299));
#6115=CARTESIAN_POINT('',(0.025,0.0544363757683451,-0.024570857386691));
#6116=CARTESIAN_POINT('',(0.025,0.0712495528605451,0.0106235459115952));
#6117=CARTESIAN_POINT('',(0.025,0.0437356147662476,-0.0159463552568047));
#6118=CARTESIAN_POINT('',(0.025,0.0448146559976424,-0.0149043372520926));
#6119=CARTESIAN_POINT('',(0.025,0.0723,0.012055));
#6120=CARTESIAN_POINT('',(0.025,0.0544960090890226,-0.0237642393504083));
#6121=CARTESIAN_POINT('',(0.025,0.0712632122792294,0.0106136217630132));
#6122=CARTESIAN_POINT('',(0.025,0.0551535850243686,-0.0224160088840383));
#6123=CARTESIAN_POINT('',(0.025,0.0723,0.012055));
#6124=CARTESIAN_POINT('',(0.0387768386863172,0.0723,0.012055));
#6125=CARTESIAN_POINT('',(0.015,0.0723,0.012055));
#6126=CARTESIAN_POINT('',(0.015,0.0551535850243686,-0.0224160088840383));
#6127=CARTESIAN_POINT('',(0.015,0.0448146559976424,-0.0149043372520926));
#6128=CARTESIAN_POINT('',(0.0387768386863172,0.0448146559976424,-0.0149043372520926));
#6129=CARTESIAN_POINT('',(0.0387768386863172,0.0551535850243686,-0.0224160088840383));
#6130=CARTESIAN_POINT('',(0.015,0.0536692262614642,-0.0261437469677146));
#6131=CARTESIAN_POINT('',(0.015,0.0712632122792294,0.0106136217630132));
#6132=CARTESIAN_POINT('',(0.015,0.052961670393571,-0.0269100998719766));
#6133=CARTESIAN_POINT('',(0.015,0.0723,0.012055));
#6134=CARTESIAN_POINT('',(0.015,0.0412178603498759,-0.0183777224344156));
#6135=CARTESIAN_POINT('',(0.015,0.0712495528605451,0.0106235459115952));
#6136=CARTESIAN_POINT('',(0.0387768386863172,0.0723,0.012055));
#6137=CARTESIAN_POINT('',(0.0387768386863172,0.0390597929379251,-0.0204617439094135));
#6138=CARTESIAN_POINT('',(0.018,0.0390597929379251,-0.0204617439094135));
#6139=CARTESIAN_POINT('',(0.018,0.0723,0.012055));
#6140=CARTESIAN_POINT('',(0.018,0.0516465276949747,-0.0296065419991334));
#6141=CARTESIAN_POINT('',(0.0387768386863172,0.0516465276949747,-0.0296065419991334));
#6142=CARTESIAN_POINT('',(0.029,0.0712632122792294,0.0106136217630132));
#6143=CARTESIAN_POINT('',(0.018,0.0516465276949747,-0.0296065419991334));
#6144=CARTESIAN_POINT('',(0.0172076654631613,0.0516465276949747,-0.0296065419991334));
#6145=CARTESIAN_POINT('',(0.0156550190247214,0.0519323624671467,-0.0290204938676923));
#6146=CARTESIAN_POINT('',(0.015,0.0526143340130401,-0.0276222449872994));
#6147=CARTESIAN_POINT('',(0.015,0.052961670393571,-0.0269100998719766));
#6148=CARTESIAN_POINT('',(0.025,0.0544960090890227,-0.0237642393504083));
#6149=CARTESIAN_POINT('',(0.025,0.0541527833333302,-0.0244679564358335));
#6150=CARTESIAN_POINT('',(0.0256500492061249,0.0534646466678966,-0.0258788456845035));
#6151=CARTESIAN_POINT('',(0.0272175788643057,0.053180861240265,-0.0264606920369607));
#6152=CARTESIAN_POINT('',(0.028,0.0531808612402651,-0.0264606920369607));
#6153=CARTESIAN_POINT('',(0.041,0.0531808612402651,-0.0264606920369607));
#6154=CARTESIAN_POINT('',(0.0402170412335209,0.0531808612402651,-0.0264606920369607));
#6155=CARTESIAN_POINT('',(0.0386473055696274,0.0528958715198307,-0.0270450075555779));
#6156=CARTESIAN_POINT('',(0.038,0.0522087080239383,-0.0284539015109992));
#6157=CARTESIAN_POINT('',(0.038,0.051865717879712,-0.0291571355213301));
#6158=CARTESIAN_POINT('',(0.029,0.0712495528605451,0.0106235459115952));
#6159=CARTESIAN_POINT('',(0.015,0.0412178603498759,-0.0183777224344156));
#6160=CARTESIAN_POINT('',(0.015,0.040647902730147,-0.0189281241099036));
#6161=CARTESIAN_POINT('',(0.0156519856497944,0.039531012345541,-0.0200066926170077));
#6162=CARTESIAN_POINT('',(0.0172076651575025,0.0390597929379251,-0.0204617439094135));
#6163=CARTESIAN_POINT('',(0.018,0.0390597929379251,-0.0204617439094135));
#6164=CARTESIAN_POINT('',(0.038,0.0394194704050212,-0.0201144074168879));
#6165=CARTESIAN_POINT('',(0.038,0.0399826627725049,-0.0195705388695518));
#6166=CARTESIAN_POINT('',(0.0386500691824215,0.0411118950295313,-0.0184800519547914));
#6167=CARTESIAN_POINT('',(0.0402176026735021,0.041577538903202,-0.0180303848929299));
#6168=CARTESIAN_POINT('',(0.041,0.041577538903202,-0.0180303848929299));
#6169=CARTESIAN_POINT('',(0.028,0.041577538903202,-0.0180303848929299));
#6170=CARTESIAN_POINT('',(0.0272170660157184,0.041577538903202,-0.0180303848929299));
#6171=CARTESIAN_POINT('',(0.0256472615854108,0.0420452021894604,-0.0175787677070008));
#6172=CARTESIAN_POINT('',(0.025,0.0431728041608626,-0.0164898551407674));
#6173=CARTESIAN_POINT('',(0.025,0.0437356147662476,-0.0159463552568047));
#6174=CARTESIAN_POINT('',(0.041,0.0723,0.012055));
#6175=CARTESIAN_POINT('',(0.028,0.0723,0.012055));
#6176=CARTESIAN_POINT('',(0.018,0.0723,0.012055));
#6177=CARTESIAN_POINT('',(0.038,0.104490456065155,-0.0190309620780401));
#6178=CARTESIAN_POINT('',(0.038,0.073350447139455,0.0106235459115952));
#6179=CARTESIAN_POINT('',(0.038,0.105540207062075,-0.0204617439094136));
#6180=CARTESIAN_POINT('',(0.038,0.105180529594979,-0.0201144074168879));
#6181=CARTESIAN_POINT('',(0.038,0.0723,0.012055));
#6182=CARTESIAN_POINT('',(0.038,0.092734282120288,-0.0291571355213301));
#6183=CARTESIAN_POINT('',(0.038,0.0733367877207706,0.0106136217630132));
#6184=CARTESIAN_POINT('',(0.038,0.0929534723050252,-0.0296065419991334));
#6185=CARTESIAN_POINT('',(0.038,0.0723,0.012055));
#6186=CARTESIAN_POINT('',(0.0387768386863172,0.0723,0.012055));
#6187=CARTESIAN_POINT('',(0.0387768386863172,0.103022461096798,-0.0180303848929299));
#6188=CARTESIAN_POINT('',(0.028,0.103022461096798,-0.0180303848929299));
#6189=CARTESIAN_POINT('',(0.028,0.0723,0.012055));
#6190=CARTESIAN_POINT('',(0.028,0.0914191387597349,-0.0264606920369608));
#6191=CARTESIAN_POINT('',(0.0387768386863172,0.0914191387597349,-0.0264606920369608));
#6192=CARTESIAN_POINT('',(0.025,0.1016130968638,-0.0162523285962041));
#6193=CARTESIAN_POINT('',(0.025,0.0733367877207706,0.0106136217630132));
#6194=CARTESIAN_POINT('',(0.025,0.0901039909109773,-0.0237642393504083));
#6195=CARTESIAN_POINT('',(0.025,0.0894464149756313,-0.0224160088840383));
#6196=CARTESIAN_POINT('',(0.025,0.0723,0.012055));
#6197=CARTESIAN_POINT('',(0.025,0.100864385233752,-0.0159463552568047));
#6198=CARTESIAN_POINT('',(0.025,0.073350447139455,0.0106235459115952));
#6199=CARTESIAN_POINT('',(0.025,0.0997853440023575,-0.0149043372520926));
#6200=CARTESIAN_POINT('',(0.025,0.0723,0.012055));
#6201=CARTESIAN_POINT('',(0.0387768386863172,0.0723,0.012055));
#6202=CARTESIAN_POINT('',(0.015,0.0723,0.012055));
#6203=CARTESIAN_POINT('',(0.015,0.0997853440023575,-0.0149043372520926));
#6204=CARTESIAN_POINT('',(0.015,0.0894464149756313,-0.0224160088840383));
#6205=CARTESIAN_POINT('',(0.0387768386863172,0.0894464149756313,-0.0224160088840383));
#6206=CARTESIAN_POINT('',(0.0387768386863172,0.0997853440023575,-0.0149043372520926));
#6207=CARTESIAN_POINT('',(0.015,0.102871941514393,-0.0174679807445074));
#6208=CARTESIAN_POINT('',(0.015,0.073350447139455,0.0106235459115952));
#6209=CARTESIAN_POINT('',(0.015,0.103382139650124,-0.0183777224344156));
#6210=CARTESIAN_POINT('',(0.015,0.0723,0.012055));
#6211=CARTESIAN_POINT('',(0.015,0.091638329606429,-0.0269100998719766));
#6212=CARTESIAN_POINT('',(0.015,0.0733367877207706,0.0106136217630132));
#6213=CARTESIAN_POINT('',(0.0387768386863172,0.0723,0.012055));
#6214=CARTESIAN_POINT('',(0.0387768386863172,0.0929534723050252,-0.0296065419991334));
#6215=CARTESIAN_POINT('',(0.018,0.0929534723050252,-0.0296065419991334));
#6216=CARTESIAN_POINT('',(0.018,0.0723,0.012055));
#6217=CARTESIAN_POINT('',(0.018,0.105540207062075,-0.0204617439094136));
#6218=CARTESIAN_POINT('',(0.0387768386863172,0.105540207062075,-0.0204617439094136));
#6219=CARTESIAN_POINT('',(0.029,0.073350447139455,0.0106235459115952));
#6220=CARTESIAN_POINT('',(0.018,0.105540207062075,-0.0204617439094136));
#6221=CARTESIAN_POINT('',(0.0172076654631613,0.105540207062075,-0.0204617439094136));
#6222=CARTESIAN_POINT('',(0.0156550190247214,0.10507116996999,-0.0200088000546187));
#6223=CARTESIAN_POINT('',(0.015,0.103952097058251,-0.0189281239055618));
#6224=CARTESIAN_POINT('',(0.015,0.103382139650124,-0.0183777224344156));
#6225=CARTESIAN_POINT('',(0.025,0.100864385233752,-0.0159463552568047));
#6226=CARTESIAN_POINT('',(0.025,0.101427597362058,-0.0164902428869447));
#6227=CARTESIAN_POINT('',(0.0256500492061249,0.102556786851705,-0.0175806885017269));
#6228=CARTESIAN_POINT('',(0.0272175788643057,0.103022461096798,-0.0180303848929299));
#6229=CARTESIAN_POINT('',(0.028,0.103022461096798,-0.0180303848929299));
#6230=CARTESIAN_POINT('',(0.041,0.103022461096798,-0.0180303848929299));
#6231=CARTESIAN_POINT('',(0.0402170412335209,0.103022461096798,-0.0180303848929299));
#6232=CARTESIAN_POINT('',(0.0386473055696273,0.103490111511515,-0.0184819896489558));
#6233=CARTESIAN_POINT('',(0.038,0.104617704090442,-0.0195708931449818));
#6234=CARTESIAN_POINT('',(0.038,0.105180529594979,-0.0201144074168878));
#6235=CARTESIAN_POINT('',(0.029,0.0733367877207706,0.0106136217630132));
#6236=CARTESIAN_POINT('',(0.015,0.091638329606429,-0.0269100998719766));
#6237=CARTESIAN_POINT('',(0.015,0.0919856661159119,-0.0276222452516901));
#6238=CARTESIAN_POINT('',(0.0156519856497944,0.0926663076131666,-0.0290177671282498));
#6239=CARTESIAN_POINT('',(0.0172076651575025,0.0929534723050252,-0.0296065419991334));
#6240=CARTESIAN_POINT('',(0.018,0.0929534723050252,-0.0296065419991334));
#6241=CARTESIAN_POINT('',(0.038,0.0927342821202879,-0.0291571355213302));
#6242=CARTESIAN_POINT('',(0.038,0.0923910684069907,-0.0284534431264741));
#6243=CARTESIAN_POINT('',(0.0386500691824214,0.0917029056787908,-0.0270425004412142));
#6244=CARTESIAN_POINT('',(0.0402176026735021,0.0914191387597349,-0.0264606920369608));
#6245=CARTESIAN_POINT('',(0.041,0.0914191387597349,-0.0264606920369608));
#6246=CARTESIAN_POINT('',(0.028,0.0914191387597349,-0.0264606920369608));
#6247=CARTESIAN_POINT('',(0.0272170660157184,0.0914191387597349,-0.0264606920369608));
#6248=CARTESIAN_POINT('',(0.0256472615854108,0.0911341411952852,-0.0258763604357288));
#6249=CARTESIAN_POINT('',(0.025,0.0904469719755472,-0.0244674547446849));
#6250=CARTESIAN_POINT('',(0.025,0.0901039909109773,-0.0237642393504083));
#6251=CARTESIAN_POINT('',(0.041,0.0723,0.012055));
#6252=CARTESIAN_POINT('',(0.028,0.0723,0.012055));
#6253=CARTESIAN_POINT('',(0.018,0.0723,0.012055));
#6254=CARTESIAN_POINT('',(0.038,0.111811904780437,0.0330638524346686));
#6255=CARTESIAN_POINT('',(0.038,0.0739859997563389,0.0126116909570176));
#6256=CARTESIAN_POINT('',(0.038,0.113497050062472,0.0336200890596397));
#6257=CARTESIAN_POINT('',(0.038,0.113055566978082,0.0333853483397505));
#6258=CARTESIAN_POINT('',(0.038,0.0723,0.012055));
#6259=CARTESIAN_POINT('',(0.038,0.117809610481021,0.018753906915739));
#6260=CARTESIAN_POINT('',(0.038,0.0739912171900097,0.0125956333473026));
#6261=CARTESIAN_POINT('',(0.038,0.118304754932285,0.0188234949302179));
#6262=CARTESIAN_POINT('',(0.038,0.0723,0.012055));
#6263=CARTESIAN_POINT('',(0.0387768386863172,0.0723,0.012055));
#6264=CARTESIAN_POINT('',(0.0387768386863172,0.110406663935602,0.0319769016085075));
#6265=CARTESIAN_POINT('',(0.028,0.110406663935602,0.0319769016085075));
#6266=CARTESIAN_POINT('',(0.028,0.0723,0.012055));
#6267=CARTESIAN_POINT('',(0.028,0.11483873868594,0.0183363781138645));
#6268=CARTESIAN_POINT('',(0.0387768386863172,0.11483873868594,0.0183363781138645));
#6269=CARTESIAN_POINT('',(0.025,0.108280114409001,0.0311859661835251));
#6270=CARTESIAN_POINT('',(0.025,0.0739912171900097,0.0125956333473026));
#6271=CARTESIAN_POINT('',(0.025,0.111867856752131,0.0179188478870847));
#6272=CARTESIAN_POINT('',(0.025,0.110382411242508,0.0177100821352574));
#6273=CARTESIAN_POINT('',(0.025,0.0723,0.012055));
#6274=CARTESIAN_POINT('',(0.025,0.107757751853182,0.0305684500706425));
#6275=CARTESIAN_POINT('',(0.025,0.0739859997563389,0.0126116909570176));
#6276=CARTESIAN_POINT('',(0.025,0.106433291761571,0.0298642221480739));
#6277=CARTESIAN_POINT('',(0.025,0.0723,0.012055));
#6278=CARTESIAN_POINT('',(0.0387768386863172,0.0723,0.012055));
#6279=CARTESIAN_POINT('',(0.015,0.0723,0.012055));
#6280=CARTESIAN_POINT('',(0.015,0.106433291761571,0.0298642221480739));
#6281=CARTESIAN_POINT('',(0.015,0.110382411242508,0.0177100821352574));
#6282=CARTESIAN_POINT('',(0.0387768386863172,0.110382411242508,0.0177100821352574));
#6283=CARTESIAN_POINT('',(0.0387768386863172,0.106433291761571,0.0298642221480739));
#6284=CARTESIAN_POINT('',(0.015,0.109825272696504,0.0320075414184003));
#6285=CARTESIAN_POINT('',(0.015,0.0739859997563389,0.0126116909570176));
#6286=CARTESIAN_POINT('',(0.015,0.110848148353276,0.0322116430373163));
#6287=CARTESIAN_POINT('',(0.015,0.0723,0.012055));
#6288=CARTESIAN_POINT('',(0.015,0.115333884632546,0.0184059663384999));
#6289=CARTESIAN_POINT('',(0.015,0.0739912171900097,0.0125956333473026));
#6290=CARTESIAN_POINT('',(0.0387768386863172,0.0723,0.012055));
#6291=CARTESIAN_POINT('',(0.0387768386863172,0.118304754932285,0.0188234949302179));
#6292=CARTESIAN_POINT('',(0.018,0.118304754932285,0.0188234949302179));
#6293=CARTESIAN_POINT('',(0.018,0.0723,0.012055));
#6294=CARTESIAN_POINT('',(0.018,0.113497050062472,0.0336200890596397));
#6295=CARTESIAN_POINT('',(0.0387768386863172,0.113497050062472,0.0336200890596396));
#6296=CARTESIAN_POINT('',(0.029,0.0739859997563389,0.0126116909570176));
#6297=CARTESIAN_POINT('',(0.018,0.113497050062472,0.0336200890596397));
#6298=CARTESIAN_POINT('',(0.0172076654631613,0.113497050062472,0.0336200890596397));
#6299=CARTESIAN_POINT('',(0.0156550190247214,0.112921334425407,0.0333139756254571));
#6300=CARTESIAN_POINT('',(0.015,0.111547737784169,0.0325836213360128));
#6301=CARTESIAN_POINT('',(0.015,0.110848148353276,0.0322116430373163));
#6302=CARTESIAN_POINT('',(0.025,0.107757751853182,0.0305684500706424));
#6303=CARTESIAN_POINT('',(0.025,0.108449061847044,0.0309360261145805));
#6304=CARTESIAN_POINT('',(0.0256500492061249,0.109835075996818,0.0316729829104318));
#6305=CARTESIAN_POINT('',(0.0272175788643058,0.110406663935603,0.0319769016085074));
#6306=CARTESIAN_POINT('',(0.028,0.110406663935603,0.0319769016085074));
#6307=CARTESIAN_POINT('',(0.041,0.110406663935603,0.0319769016085074));
#6308=CARTESIAN_POINT('',(0.0402170412335209,0.110406663935603,0.0319769016085074));
#6309=CARTESIAN_POINT('',(0.0386473055696273,0.110980677507185,0.0322821100384195));
#6310=CARTESIAN_POINT('',(0.038,0.112364731542317,0.0330180246228282));
#6311=CARTESIAN_POINT('',(0.038,0.113055566978082,0.0333853483397505));
#6312=CARTESIAN_POINT('',(0.029,0.0739912171900097,0.0125956333473026));
#6313=CARTESIAN_POINT('',(0.015,0.115333884632546,0.0184059663384999));
#6314=CARTESIAN_POINT('',(0.015,0.116118508020669,0.0185162379643938));
#6315=CARTESIAN_POINT('',(0.0156519856497944,0.117656057984732,0.0187323265197399));
#6316=CARTESIAN_POINT('',(0.0172076651575025,0.118304754932285,0.0188234949302179));
#6317=CARTESIAN_POINT('',(0.018,0.118304754932285,0.0188234949302179));
#6318=CARTESIAN_POINT('',(0.038,0.117809610481021,0.018753906915739));
#6319=CARTESIAN_POINT('',(0.038,0.117034300373314,0.0186449441860487));
#6320=CARTESIAN_POINT('',(0.0386500691824215,0.11547976016047,0.0184264678069571));
#6321=CARTESIAN_POINT('',(0.0402176026735022,0.11483873868594,0.0183363781138645));
#6322=CARTESIAN_POINT('',(0.041,0.11483873868594,0.0183363781138645));
#6323=CARTESIAN_POINT('',(0.028,0.11483873868594,0.0183363781138645));
#6324=CARTESIAN_POINT('',(0.0272170660157184,0.11483873868594,0.0183363781138645));
#6325=CARTESIAN_POINT('',(0.0256472615854107,0.114194937218141,0.0182458977181973));
#6326=CARTESIAN_POINT('',(0.025,0.112642641312917,0.0180277367559722));
#6327=CARTESIAN_POINT('',(0.025,0.111867856752131,0.0179188478870847));
#6328=CARTESIAN_POINT('',(0.041,0.0723,0.012055));
#6329=CARTESIAN_POINT('',(0.028,0.0723,0.012055));
#6330=CARTESIAN_POINT('',(0.018,0.0723,0.012055));
#6331=CARTESIAN_POINT('',(0.032,0.0723,0.012055));
#6332=CARTESIAN_POINT('',(0.032,0.0774635247502147,-0.00379163339424807));
#6333=CARTESIAN_POINT('',(0.032,0.0774635247502147,-0.00379163339424807));
#6334=CARTESIAN_POINT('',(0.032,0.0723,0.012055));
#6335=CARTESIAN_POINT('',(0.032,0.0785305301592584,-0.00340327518555514));
#6336=CARTESIAN_POINT('',(0.032,0.0785305301592584,-0.00340327518555514));
#6337=CARTESIAN_POINT('',(0.032,0.0723,0.012055));
#6338=CARTESIAN_POINT('',(0.032,0.0825719939297522,-0.00106993498974042));
#6339=CARTESIAN_POINT('',(0.032,0.0825719939297522,-0.00106993498974042));
#6340=CARTESIAN_POINT('',(0.032,0.0723,0.012055));
#6341=CARTESIAN_POINT('',(0.032,0.0834418247087704,-0.000340060303879619));
#6342=CARTESIAN_POINT('',(0.032,0.0834418247087704,-0.000340060303879619));
#6343=CARTESIAN_POINT('',(0.032,0.0723,0.012055));
#6344=CARTESIAN_POINT('',(0.032,0.088605349458985,0.00860342690963156));
#6345=CARTESIAN_POINT('',(0.032,0.088605349458985,0.00860342690963156));
#6346=CARTESIAN_POINT('',(0.032,0.0723,0.012055));
#6347=CARTESIAN_POINT('',(0.032,0.0888025240890106,0.0097216598041853));
#6348=CARTESIAN_POINT('',(0.032,0.0888025240890106,0.0097216598041853));
#6349=CARTESIAN_POINT('',(0.032,0.0723,0.012055));
#6350=CARTESIAN_POINT('',(0.032,0.0723,0.012055));
#6351=CARTESIAN_POINT('',(0.032,0.0870092507625848,0.00421818178205109));
#6352=CARTESIAN_POINT('',(0.032,0.0864415090428769,0.0032348242779404));
#6353=CARTESIAN_POINT('',(0.032,0.0870092507625848,0.00421818178205109));
#6354=CARTESIAN_POINT('',(0.032,0.0864415090428769,0.0032348242779404));
#6355=CARTESIAN_POINT('',(0.032,0.0723,0.012055));
#6356=CARTESIAN_POINT('',(0.032,0.0611581752912297,-0.000340060303879619));
#6357=CARTESIAN_POINT('',(0.032,0.0611581752912297,-0.000340060303879619));
#6358=CARTESIAN_POINT('',(0.032,0.0723,0.012055));
#6359=CARTESIAN_POINT('',(0.032,0.0620280060702479,-0.00106993498974041));
#6360=CARTESIAN_POINT('',(0.032,0.0620280060702479,-0.00106993498974041));
#6361=CARTESIAN_POINT('',(0.032,0.0723,0.012055));
#6362=CARTESIAN_POINT('',(0.032,0.0723,0.012055));
#6363=CARTESIAN_POINT('',(0.032,0.0581584909571231,0.0032348242779404));
#6364=CARTESIAN_POINT('',(0.032,0.0575907492374152,0.00421818178205109));
#6365=CARTESIAN_POINT('',(0.032,0.0581584909571231,0.0032348242779404));
#6366=CARTESIAN_POINT('',(0.032,0.0575907492374152,0.00421818178205109));
#6367=CARTESIAN_POINT('',(0.032,0.0723,0.012055));
#6368=CARTESIAN_POINT('',(0.032,0.0660694698407416,-0.00340327518555512));
#6369=CARTESIAN_POINT('',(0.032,0.0660694698407416,-0.00340327518555512));
#6370=CARTESIAN_POINT('',(0.032,0.0723,0.012055));
#6371=CARTESIAN_POINT('',(0.032,0.0671364752497854,-0.00379163339424807));
#6372=CARTESIAN_POINT('',(0.032,0.0671364752497854,-0.00379163339424807));
#6373=CARTESIAN_POINT('',(0.032,0.0723,0.012055));
#6374=CARTESIAN_POINT('',(0.032,0.0723,0.012055));
#6375=CARTESIAN_POINT('',(0.032,0.072867741719708,-0.00460199394000851));
#6376=CARTESIAN_POINT('',(0.032,0.0717322582802921,-0.00460199394000851));
#6377=CARTESIAN_POINT('',(0.032,0.072867741719708,-0.00460199394000851));
#6378=CARTESIAN_POINT('',(0.032,0.0717322582802921,-0.00460199394000851));
#6379=CARTESIAN_POINT('',(0.032,0.0723,0.012055));
#6380=CARTESIAN_POINT('',(0.032,0.0581584909571232,0.0208751757220597));
#6381=CARTESIAN_POINT('',(0.032,0.0581584909571232,0.0208751757220597));
#6382=CARTESIAN_POINT('',(0.032,0.0723,0.012055));
#6383=CARTESIAN_POINT('',(0.032,0.0575907492374152,0.0198918182179489));
#6384=CARTESIAN_POINT('',(0.032,0.0575907492374152,0.0198918182179489));
#6385=CARTESIAN_POINT('',(0.032,0.0723,0.012055));
#6386=CARTESIAN_POINT('',(0.032,0.0723,0.012055));
#6387=CARTESIAN_POINT('',(0.032,0.0611581752912297,0.0244500603038796));
#6388=CARTESIAN_POINT('',(0.032,0.0620280060702478,0.0251799349897405));
#6389=CARTESIAN_POINT('',(0.032,0.0611581752912297,0.0244500603038796));
#6390=CARTESIAN_POINT('',(0.032,0.0620280060702478,0.0251799349897405));
#6391=CARTESIAN_POINT('',(0.032,0.0723,0.012055));
#6392=CARTESIAN_POINT('',(0.032,0.055994650541015,0.0155065730903685));
#6393=CARTESIAN_POINT('',(0.032,0.055994650541015,0.0155065730903685));
#6394=CARTESIAN_POINT('',(0.032,0.0723,0.012055));
#6395=CARTESIAN_POINT('',(0.032,0.0557974759109895,0.0143883401958147));
#6396=CARTESIAN_POINT('',(0.032,0.0557974759109895,0.0143883401958147));
#6397=CARTESIAN_POINT('',(0.032,0.0723,0.012055));
#6398=CARTESIAN_POINT('',(0.032,0.0723,0.012055));
#6399=CARTESIAN_POINT('',(0.032,0.055994650541015,0.00860342690963156));
#6400=CARTESIAN_POINT('',(0.032,0.0557974759109895,0.00972165980418531));
#6401=CARTESIAN_POINT('',(0.032,0.055994650541015,0.00860342690963156));
#6402=CARTESIAN_POINT('',(0.032,0.0557974759109895,0.00972165980418531));
#6403=CARTESIAN_POINT('',(0.032,0.0723,0.012055));
#6404=CARTESIAN_POINT('',(0.032,0.0723,0.012055));
#6405=CARTESIAN_POINT('',(0.032,0.0660694698407416,0.0275132751855552));
#6406=CARTESIAN_POINT('',(0.032,0.0671364752497854,0.0279016333942481));
#6407=CARTESIAN_POINT('',(0.032,0.0660694698407416,0.0275132751855552));
#6408=CARTESIAN_POINT('',(0.032,0.0671364752497854,0.0279016333942481));
#6409=CARTESIAN_POINT('',(0.032,0.0723,0.012055));
#6410=CARTESIAN_POINT('',(0.032,0.0723,0.012055));
#6411=CARTESIAN_POINT('',(0.032,0.0717322582802921,0.0287119939400085));
#6412=CARTESIAN_POINT('',(0.032,0.072867741719708,0.0287119939400085));
#6413=CARTESIAN_POINT('',(0.032,0.0717322582802921,0.0287119939400085));
#6414=CARTESIAN_POINT('',(0.032,0.072867741719708,0.0287119939400085));
#6415=CARTESIAN_POINT('',(0.032,0.0723,0.012055));
#6416=CARTESIAN_POINT('',(0.032,0.0834418247087704,0.0244500603038796));
#6417=CARTESIAN_POINT('',(0.032,0.0834418247087704,0.0244500603038796));
#6418=CARTESIAN_POINT('',(0.032,0.0723,0.012055));
#6419=CARTESIAN_POINT('',(0.032,0.0825719939297522,0.0251799349897405));
#6420=CARTESIAN_POINT('',(0.032,0.0825719939297522,0.0251799349897405));
#6421=CARTESIAN_POINT('',(0.032,0.0723,0.012055));
#6422=CARTESIAN_POINT('',(0.032,0.0723,0.012055));
#6423=CARTESIAN_POINT('',(0.032,0.0774635247502147,0.0279016333942481));
#6424=CARTESIAN_POINT('',(0.032,0.0785305301592584,0.0275132751855552));
#6425=CARTESIAN_POINT('',(0.032,0.0774635247502147,0.0279016333942481));
#6426=CARTESIAN_POINT('',(0.032,0.0785305301592584,0.0275132751855552));
#6427=CARTESIAN_POINT('',(0.032,0.0723,0.012055));
#6428=CARTESIAN_POINT('',(0.032,0.0723,0.012055));
#6429=CARTESIAN_POINT('',(0.032,0.0864415090428769,0.0208751757220597));
#6430=CARTESIAN_POINT('',(0.032,0.0870092507625848,0.0198918182179489));
#6431=CARTESIAN_POINT('',(0.032,0.0864415090428769,0.0208751757220597));
#6432=CARTESIAN_POINT('',(0.032,0.0870092507625848,0.0198918182179489));
#6433=CARTESIAN_POINT('',(0.032,0.0723,0.012055));
#6434=CARTESIAN_POINT('',(0.032,0.0743518169044299,-0.00137665874538788));
#6435=CARTESIAN_POINT('',(0.032,0.0736845347545954,-0.00144532470873523));
#6436=CARTESIAN_POINT('',(0.032,0.0742505198624929,-0.000713545337813468));
#6437=CARTESIAN_POINT('',(0.032,0.0736174119211349,-0.000794307514719567));
#6438=CARTESIAN_POINT('',(0.032,0.073675146715226,-0.00135380839435166));
#6439=CARTESIAN_POINT('',(0.032,0.073737766050996,-0.00196064477433501));
#6440=CARTESIAN_POINT('',(0.032,0.0737384117323464,-0.00197713922896194));
#6441=CARTESIAN_POINT('',(0.032,0.0737393365063039,-0.00199321897607369));
#6442=CARTESIAN_POINT('',(0.032,0.0737399042689572,-0.00201223085707812));
#6443=CARTESIAN_POINT('',(0.032,0.0737402345261664,-0.00203782720333695));
#6444=CARTESIAN_POINT('',(0.032,0.0737399849172589,-0.00206876417393964));
#6445=CARTESIAN_POINT('',(0.032,0.0737389671422365,-0.00210542034934829));
#6446=CARTESIAN_POINT('',(0.032,0.0737369446802418,-0.00214765298451043));
#6447=CARTESIAN_POINT('',(0.032,0.0737336965260241,-0.00219547086258125));
#6448=CARTESIAN_POINT('',(0.032,0.0737289979432737,-0.00224882860447033));
#6449=CARTESIAN_POINT('',(0.032,0.0737226264569358,-0.00230768822007567));
#6450=CARTESIAN_POINT('',(0.032,0.0737143603142531,-0.00237200093771513));
#6451=CARTESIAN_POINT('',(0.032,0.0737039791637004,-0.00244171252948655));
#6452=CARTESIAN_POINT('',(0.032,0.0736912640873275,-0.00251676180442057));
#6453=CARTESIAN_POINT('',(0.032,0.0736759978190653,-0.00259708108459421));
#6454=CARTESIAN_POINT('',(0.032,0.073657964908598,-0.00268259611976138));
#6455=CARTESIAN_POINT('',(0.032,0.0736369518995045,-0.00277322616875066));
#6456=CARTESIAN_POINT('',(0.032,0.0736127475019088,-0.00286888403966438));
#6457=CARTESIAN_POINT('',(0.032,0.0735851427651833,-0.00296947614760062));
#6458=CARTESIAN_POINT('',(0.032,0.0735539312486665,-0.003074902573192));
#6459=CARTESIAN_POINT('',(0.032,0.0735189091921218,-0.00318505712639057));
#6460=CARTESIAN_POINT('',(0.032,0.0734798756803231,-0.00329982741479929));
#6461=CARTESIAN_POINT('',(0.032,0.0734366328225394,-0.00341909491423896));
#6462=CARTESIAN_POINT('',(0.032,0.0733889858663046,-0.00354273505153193));
#6463=CARTESIAN_POINT('',(0.032,0.0733367435558825,-0.0036706172603915));
#6464=CARTESIAN_POINT('',(0.032,0.0732797175393303,-0.00380260516092321));
#6465=CARTESIAN_POINT('',(0.032,0.0732177254248526,-0.00393855628350326));
#6466=CARTESIAN_POINT('',(0.032,0.07315057980875,-0.00407832356238451));
#6467=CARTESIAN_POINT('',(0.032,0.0730781311235366,-0.00422175005763082));
#6468=CARTESIAN_POINT('',(0.032,0.0730001041579656,-0.00436868965490401));
#6469=CARTESIAN_POINT('',(0.032,0.072929545236135,-0.00449582752535944));
#6470=CARTESIAN_POINT('',(0.032,0.0728840933700491,-0.00457405348007454));
#6471=CARTESIAN_POINT('',(0.032,0.072867741719708,-0.00460199394000851));
#6472=CARTESIAN_POINT('',(0.032,0.0709825880788651,-0.000794307514719581));
#6473=CARTESIAN_POINT('',(0.032,0.0709248532847741,-0.00135380839435167));
#6474=CARTESIAN_POINT('',(0.032,0.0708622339490041,-0.00196064477433501));
#6475=CARTESIAN_POINT('',(0.032,0.0708615882676536,-0.00197713922896195));
#6476=CARTESIAN_POINT('',(0.032,0.0708606634936962,-0.0019932189760737));
#6477=CARTESIAN_POINT('',(0.032,0.0708600957310429,-0.00201223085707813));
#6478=CARTESIAN_POINT('',(0.032,0.0708597654738336,-0.00203782720333696));
#6479=CARTESIAN_POINT('',(0.032,0.0708600150827411,-0.00206876417393964));
#6480=CARTESIAN_POINT('',(0.032,0.0708610328577635,-0.00210542034934829));
#6481=CARTESIAN_POINT('',(0.032,0.0708630553197582,-0.00214765298451043));
#6482=CARTESIAN_POINT('',(0.032,0.070866303473976,-0.00219547086258126));
#6483=CARTESIAN_POINT('',(0.032,0.0708710020567263,-0.00224882860447034));
#6484=CARTESIAN_POINT('',(0.032,0.0708773735430642,-0.00230768822007568));
#6485=CARTESIAN_POINT('',(0.032,0.070885639685747,-0.00237200093771513));
#6486=CARTESIAN_POINT('',(0.032,0.0708960208362996,-0.00244171252948657));
#6487=CARTESIAN_POINT('',(0.032,0.0709087359126726,-0.00251676180442058));
#6488=CARTESIAN_POINT('',(0.032,0.0709240021809348,-0.00259708108459421));
#6489=CARTESIAN_POINT('',(0.032,0.0709420350914021,-0.00268259611976139));
#6490=CARTESIAN_POINT('',(0.032,0.0709630481004956,-0.00277322616875066));
#6491=CARTESIAN_POINT('',(0.032,0.0709872524980913,-0.00286888403966438));
#6492=CARTESIAN_POINT('',(0.032,0.0710148572348168,-0.00296947614760064));
#6493=CARTESIAN_POINT('',(0.032,0.0710460687513335,-0.00307490257319201));
#6494=CARTESIAN_POINT('',(0.032,0.0710810908078782,-0.00318505712639057));
#6495=CARTESIAN_POINT('',(0.032,0.071120124319677,-0.00329982741479929));
#6496=CARTESIAN_POINT('',(0.032,0.0711633671774606,-0.00341909491423896));
#6497=CARTESIAN_POINT('',(0.032,0.0712110141336954,-0.00354273505153193));
#6498=CARTESIAN_POINT('',(0.032,0.0712632564441176,-0.00367061726039151));
#6499=CARTESIAN_POINT('',(0.032,0.0713202824606697,-0.00380260516092322));
#6500=CARTESIAN_POINT('',(0.032,0.0713822745751474,-0.00393855628350327));
#6501=CARTESIAN_POINT('',(0.032,0.0714494201912501,-0.00407832356238453));
#6502=CARTESIAN_POINT('',(0.032,0.0715218688764635,-0.00422175005763082));
#6503=CARTESIAN_POINT('',(0.032,0.0715998958420345,-0.00436868965490403));
#6504=CARTESIAN_POINT('',(0.032,0.0716704547638651,-0.00449582752535946));
#6505=CARTESIAN_POINT('',(0.032,0.0717159066299509,-0.00457405348007456));
#6506=CARTESIAN_POINT('',(0.032,0.0717322582802921,-0.00460199394000851));
#6507=CARTESIAN_POINT('',(0.032,0.0709154652454046,-0.00144532470873523));
#6508=CARTESIAN_POINT('',(0.032,0.0702481830955702,-0.00137665874538784));
#6509=CARTESIAN_POINT('',(0.032,0.0703494801375072,-0.000713545337813482));
#6510=CARTESIAN_POINT('',(0.032,0.072299999999999,0.0120549999999942));
#6511=CARTESIAN_POINT('',(0.032,0.0697657894149816,-0.000610624915043004));
#6512=CARTESIAN_POINT('',(0.032,0.0696341793550975,-0.00126839331968663));
#6513=CARTESIAN_POINT('',(0.032,0.0689836541002903,-0.00110469428221827));
#6514=CARTESIAN_POINT('',(0.032,0.0691432402630059,-0.000469980867876405));
#6515=CARTESIAN_POINT('',(0.032,0.0690061326519332,-0.00101548617833981));
#6516=CARTESIAN_POINT('',(0.032,0.0688574253140177,-0.0016071429208296));
#6517=CARTESIAN_POINT('',(0.032,0.0688523906202825,-0.00162286347415446));
#6518=CARTESIAN_POINT('',(0.032,0.0688477600261344,-0.00163828978518093));
#6519=CARTESIAN_POINT('',(0.032,0.0688417911022441,-0.00165634929573212));
#6520=CARTESIAN_POINT('',(0.032,0.0688333469764905,-0.00168051494804866));
#6521=CARTESIAN_POINT('',(0.032,0.0688225313537224,-0.00170950081975915));
#6522=CARTESIAN_POINT('',(0.032,0.0688090378076772,-0.00174359825773786));
#6523=CARTESIAN_POINT('',(0.032,0.0687926929031338,-0.00178259223061476));
#6524=CARTESIAN_POINT('',(0.032,0.0687732859590729,-0.00182641540360847));
#6525=CARTESIAN_POINT('',(0.032,0.0687506213130058,-0.00187494826997774));
#6526=CARTESIAN_POINT('',(0.032,0.0687245029001452,-0.00192807903975388));
#6527=CARTESIAN_POINT('',(0.032,0.0686947390219592,-0.00198568603863726));
#6528=CARTESIAN_POINT('',(0.032,0.0686611411627804,-0.0020476429444082));
#6529=CARTESIAN_POINT('',(0.032,0.0686235245355707,-0.00211381738201556));
#6530=CARTESIAN_POINT('',(0.032,0.0685817081242209,-0.00218407144564246));
#6531=CARTESIAN_POINT('',(0.032,0.0685355148667391,-0.00225826167453272));
#6532=CARTESIAN_POINT('',(0.032,0.0684847717948085,-0.00233623919040753));
#6533=CARTESIAN_POINT('',(0.032,0.0684293101822771,-0.00241784979429046));
#6534=CARTESIAN_POINT('',(0.032,0.0683689656877037,-0.00250293407981614));
#6535=CARTESIAN_POINT('',(0.032,0.0683035784947582,-0.0025913275466277));
#6536=CARTESIAN_POINT('',(0.032,0.0682329934505855,-0.00268286071861538));
#6537=CARTESIAN_POINT('',(0.032,0.0681570601970938,-0.0027773592644186));
#6538=CARTESIAN_POINT('',(0.032,0.0680756333154803,-0.00287464412512468));
#6539=CARTESIAN_POINT('',(0.032,0.0679885724048258,-0.00297453163097137));
#6540=CARTESIAN_POINT('',(0.032,0.0678957423998264,-0.0030768336764683));
#6541=CARTESIAN_POINT('',(0.032,0.0677970129522224,-0.0031813576862765));
#6542=CARTESIAN_POINT('',(0.032,0.0676922613972707,-0.00328790740107382));
#6543=CARTESIAN_POINT('',(0.032,0.0675813619325457,-0.00339628052842274));
#6544=CARTESIAN_POINT('',(0.032,0.0674642276872042,-0.00350627843793043));
#6545=CARTESIAN_POINT('',(0.032,0.0673406500213152,-0.00361766969924144));
#6546=CARTESIAN_POINT('',(0.032,0.0672308626104651,-0.00371300764537344));
#6547=CARTESIAN_POINT('',(0.032,0.0671613969750598,-0.00377097054402005));
#6548=CARTESIAN_POINT('',(0.032,0.0671364752497854,-0.00379163339424807));
#6549=CARTESIAN_POINT('',(0.032,0.0666673157413542,0.000431181960294596));
#6550=CARTESIAN_POINT('',(0.032,0.0664217022103416,-7.48304250690057E-5));
#6551=CARTESIAN_POINT('',(0.032,0.0661553090169429,-0.00062365301916878));
#6552=CARTESIAN_POINT('',(0.032,0.0661490608392069,-0.000638931900437567));
#6553=CARTESIAN_POINT('',(0.032,0.0661426922385314,-0.000653725628821114));
#6554=CARTESIAN_POINT('',(0.032,0.0661356562698897,-0.000671396766844176));
#6555=CARTESIAN_POINT('',(0.032,0.0661265914636112,-0.000695336509924663));
#6556=CARTESIAN_POINT('',(0.032,0.0661162449521401,-0.000724493124183767));
#6557=CARTESIAN_POINT('',(0.032,0.0661046641974512,-0.00075928676128055));
#6558=CARTESIAN_POINT('',(0.032,0.0660921202781322,-0.000799664179640058));
#6559=CARTESIAN_POINT('',(0.032,0.0660788178671705,-0.00084570922097596));
#6560=CARTESIAN_POINT('',(0.032,0.0660649836681807,-0.000897456107236613));
#6561=CARTESIAN_POINT('',(0.032,0.0660508397327105,-0.000954945230353735));
#6562=CARTESIAN_POINT('',(0.032,0.0660366111210871,-0.00101820660384731));
#6563=CARTESIAN_POINT('',(0.032,0.0660225234430476,-0.00108726463481808));
#6564=CARTESIAN_POINT('',(0.032,0.0660088033427185,-0.00116213669691238));
#6565=CARTESIAN_POINT('',(0.032,0.0659956781306347,-0.00124283350305748));
#6566=CARTESIAN_POINT('',(0.032,0.0659833756589477,-0.00132935896919292));
#6567=CARTESIAN_POINT('',(0.032,0.0659721241261885,-0.00142171022983148));
#6568=CARTESIAN_POINT('',(0.032,0.0659621519012796,-0.00151987761678399));
#6569=CARTESIAN_POINT('',(0.032,0.0659536873415055,-0.00162384465433229));
#6570=CARTESIAN_POINT('',(0.032,0.0659469586120687,-0.00173358805584882));
#6571=CARTESIAN_POINT('',(0.032,0.0659421935040956,-0.00184907772543446));
#6572=CARTESIAN_POINT('',(0.032,0.0659396192566052,-0.0019702767658375));
#6573=CARTESIAN_POINT('',(0.032,0.0659394623637137,-0.00209714148337754));
#6574=CARTESIAN_POINT('',(0.032,0.0659419484394127,-0.00222962142682514));
#6575=CARTESIAN_POINT('',(0.032,0.0659473018616062,-0.00236765931731854));
#6576=CARTESIAN_POINT('',(0.032,0.065955746267896,-0.00251119141983566));
#6577=CARTESIAN_POINT('',(0.032,0.0659675017779875,-0.00266014623839042));
#6578=CARTESIAN_POINT('',(0.032,0.065982794793202,-0.00281444967222558));
#6579=CARTESIAN_POINT('',(0.032,0.0660018195376219,-0.00297400540113417));
#6580=CARTESIAN_POINT('',(0.032,0.0660248845992717,-0.0031387702503409));
#6581=CARTESIAN_POINT('',(0.032,0.0660477045847712,-0.00328237334158772));
#6582=CARTESIAN_POINT('',(0.032,0.0660636605156896,-0.00337142714774052));
#6583=CARTESIAN_POINT('',(0.032,0.0660694698407416,-0.00340327518555512));
#6584=CARTESIAN_POINT('',(0.032,0.0663815799160604,-0.000157616731806074));
#6585=CARTESIAN_POINT('',(0.032,0.0657780249465045,0.000135132103775665));
#6586=CARTESIAN_POINT('',(0.032,0.0661000111720199,0.000723609250815729));
#6587=CARTESIAN_POINT('',(0.032,0.0722999999999971,0.0120549999999949));
#6588=CARTESIAN_POINT('',(0.032,0.0655867221649885,0.00101995679719737));
#6589=CARTESIAN_POINT('',(0.032,0.0652380791188629,0.000446869972712302));
#6590=CARTESIAN_POINT('',(0.032,0.0646827737055429,0.000823189491137202));
#6591=CARTESIAN_POINT('',(0.032,0.0650498204179702,0.00136504332066328));
#6592=CARTESIAN_POINT('',(0.032,0.0647344076031221,0.000899329570611424));
#6593=CARTESIAN_POINT('',(0.032,0.0643923098911601,0.000394215000682985));
#6594=CARTESIAN_POINT('',(0.032,0.064382202080708,0.000381164479401841));
#6595=CARTESIAN_POINT('',(0.032,0.0643725746364489,0.000368252245238524));
#6596=CARTESIAN_POINT('',(0.032,0.064360788966328,0.000353323348643062));
#6597=CARTESIAN_POINT('',(0.032,0.0643445889437995,0.000333503124585216));
#6598=CARTESIAN_POINT('',(0.032,0.0643245118308983,0.000309964475681129));
#6599=CARTESIAN_POINT('',(0.032,0.0643001700346269,0.000282538429377171));
#6600=CARTESIAN_POINT('',(0.032,0.0642714741242478,0.000251486367404199));
#6601=CARTESIAN_POINT('',(0.032,0.0642382491542134,0.000216943620911847));
#6602=CARTESIAN_POINT('',(0.032,0.0642003521356398,0.000179089410015334));
#6603=CARTESIAN_POINT('',(0.032,0.0641576370623143,0.000138095841030042));
#6604=CARTESIAN_POINT('',(0.032,0.0641099654116022,9.41428151568086E-5));
#6605=CARTESIAN_POINT('',(0.032,0.064057203241466,4.74135126088821E-5));
#6606=CARTESIAN_POINT('',(0.032,0.0639992221838231,-1.90447386570758E-6));
#6607=CARTESIAN_POINT('',(0.032,0.0639358993057391,-5.3619644032929E-5));
#6608=CARTESIAN_POINT('',(0.032,0.063867117289835,-0.000107536630110913));
#6609=CARTESIAN_POINT('',(0.032,0.0637927645184301,-0.000163456373631202));
#6610=CARTESIAN_POINT('',(0.032,0.0637127351799606,-0.000221176267210812));
#6611=CARTESIAN_POINT('',(0.032,0.0636269293641746,-0.000280490309781195));
#6612=CARTESIAN_POINT('',(0.032,0.0635352531552819,-0.000341189261166844));
#6613=CARTESIAN_POINT('',(0.032,0.0634376187215326,-0.000403060800516192));
#6614=CARTESIAN_POINT('',(0.032,0.0633339443973745,-0.000465889684440057));
#6615=CARTESIAN_POINT('',(0.032,0.0632241547755866,-0.000529457916439755));
#6616=CARTESIAN_POINT('',(0.032,0.0631081807412196,-0.000593544883452493));
#6617=CARTESIAN_POINT('',(0.032,0.0629859597102707,-0.000657927629082414));
#6618=CARTESIAN_POINT('',(0.032,0.0628574350600874,-0.000722380609974149));
#6619=CARTESIAN_POINT('',(0.032,0.0627225586481572,-0.000786677448877865));
#6620=CARTESIAN_POINT('',(0.032,0.0625812814469575,-0.000850585026119149));
#6621=CARTESIAN_POINT('',(0.032,0.0624335897601934,-0.000913886978605352));
#6622=CARTESIAN_POINT('',(0.032,0.0622793666843047,-0.000976294473880146));
#6623=CARTESIAN_POINT('',(0.032,0.0621435927664732,-0.00102833333234698));
#6624=CARTESIAN_POINT('',(0.032,0.062058491942582,-0.00105904199390704));
#6625=CARTESIAN_POINT('',(0.032,0.0620280060702479,-0.00106993498974041));
#6626=CARTESIAN_POINT('',(0.032,0.063031428255002,0.003058675440181));
#6627=CARTESIAN_POINT('',(0.032,0.0626275606037778,0.00266718411070818));
#6628=CARTESIAN_POINT('',(0.032,0.062189524503419,0.00224257140709926));
#6629=CARTESIAN_POINT('',(0.032,0.0621784274517457,0.0022303509577619));
#6630=CARTESIAN_POINT('',(0.032,0.0621673831715842,0.00221862759008179));
#6631=CARTESIAN_POINT('',(0.032,0.0621547276386121,0.0022044285950839));
#6632=CARTESIAN_POINT('',(0.032,0.0621380216326837,0.00218503294151028));
#6633=CARTESIAN_POINT('',(0.032,0.0621183269428156,0.00216117340158014));
#6634=CARTESIAN_POINT('',(0.032,0.0620955444683447,0.00213243892892852));
#6635=CARTESIAN_POINT('',(0.032,0.0620699471495105,0.00209878683993303));
#6636=CARTESIAN_POINT('',(0.032,0.062041698640454,0.0020600683468696));
#6637=CARTESIAN_POINT('',(0.032,0.0620110002682933,0.00201617375442309));
#6638=CARTESIAN_POINT('',(0.032,0.0619780468783748,0.00196698916049122));
#6639=CARTESIAN_POINT('',(0.032,0.0619430396929991,0.00191240938642527));
#6640=CARTESIAN_POINT('',(0.032,0.0619061823682509,0.00185233433397823));
#6641=CARTESIAN_POINT('',(0.032,0.0618676819378067,0.0017866701604062));
#6642=CARTESIAN_POINT('',(0.032,0.0618277483396616,0.00171532905406875));
#6643=CARTESIAN_POINT('',(0.032,0.0617865943454709,0.00163822940516086));
#6644=CARTESIAN_POINT('',(0.032,0.0617444353717646,0.00155529585786547));
#6645=CARTESIAN_POINT('',(0.032,0.0617014893218495,0.00146645939053698));
#6646=CARTESIAN_POINT('',(0.032,0.0616579764164082,0.00137165738249498));
#6647=CARTESIAN_POINT('',(0.032,0.0616141190250935,0.00127083367891632));
#6648=CARTESIAN_POINT('',(0.032,0.0615701414949496,0.00116393865154163));
#6649=CARTESIAN_POINT('',(0.032,0.0615262699804092,0.00105092925212419));
#6650=CARTESIAN_POINT('',(0.032,0.0614827322604408,0.000931769073742955));
#6651=CARTESIAN_POINT('',(0.032,0.0614397575981841,0.000806428360516212));
#6652=CARTESIAN_POINT('',(0.032,0.0613975764304244,0.000674884195204811));
#6653=CARTESIAN_POINT('',(0.032,0.0613564207064271,0.000537119980574027));
#6654=CARTESIAN_POINT('',(0.032,0.0613165217241225,0.000393127615501282));
#6655=CARTESIAN_POINT('',(0.032,0.0612781175751132,0.000242899298108876));
#6656=CARTESIAN_POINT('',(0.032,0.0612414237137871,8.64591112361562E-5));
#6657=CARTESIAN_POINT('',(0.032,0.0612067448846767,-7.62579174195949E-5));
#6658=CARTESIAN_POINT('',(0.032,0.0611790735068068,-0.00021900557729751));
#6659=CARTESIAN_POINT('',(0.032,0.0611636089818045,-0.000308146031571796));
#6660=CARTESIAN_POINT('',(0.032,0.0611581752912297,-0.000340060303879619));
#6661=CARTESIAN_POINT('',(0.032,0.062561543395417,0.00260311306200587));
#6662=CARTESIAN_POINT('',(0.032,0.0620945132429908,0.00308463493973811));
#6663=CARTESIAN_POINT('',(0.032,0.0625983523612768,0.00352749679731313));
#6664=CARTESIAN_POINT('',(0.032,0.0722999999999955,0.0120549999999962));
#6665=CARTESIAN_POINT('',(0.032,0.0622173752993266,0.00398152757958834));
#6666=CARTESIAN_POINT('',(0.032,0.0616937507637456,0.00356224506415548));
#6667=CARTESIAN_POINT('',(0.032,0.0613006432201942,0.00410579537573031));
#6668=CARTESIAN_POINT('',(0.032,0.061830879231782,0.00448943405168893));
#6669=CARTESIAN_POINT('',(0.032,0.0613752046536264,0.00415968381350777));
#6670=CARTESIAN_POINT('',(0.032,0.0608809786005052,0.00380203568797117));
#6671=CARTESIAN_POINT('',(0.032,0.060867016824452,0.00379322928420545));
#6672=CARTESIAN_POINT('',(0.032,0.0608535537419455,0.00378438853290968));
#6673=CARTESIAN_POINT('',(0.032,0.0608373728513486,0.00377439089552637));
#6674=CARTESIAN_POINT('',(0.032,0.060815370893849,0.00376130671126397));
#6675=CARTESIAN_POINT('',(0.032,0.0607884538869372,0.00374605439361756));
#6676=CARTESIAN_POINT('',(0.032,0.0607561998203165,0.00372860772493795));
#6677=CARTESIAN_POINT('',(0.032,0.0607186140544,0.00370924291082249));
#6678=CARTESIAN_POINT('',(0.032,0.0606755784801267,0.00368814695585508));
#6679=CARTESIAN_POINT('',(0.032,0.060627020028787,0.00366553717693411));
#6680=CARTESIAN_POINT('',(0.032,0.0605728603632469,0.00364162523815992));
#6681=CARTESIAN_POINT('',(0.032,0.0605130308446433,0.00361662756889474));
#6682=CARTESIAN_POINT('',(0.032,0.0604474682599547,0.00359076211310814));
#6683=CARTESIAN_POINT('',(0.032,0.0603761161431397,0.00356424905479115));
#6684=CARTESIAN_POINT('',(0.032,0.0602989244719646,0.00353731039084042));
#6685=CARTESIAN_POINT('',(0.032,0.0602158498238706,0.00351016983182566));
#6686=CARTESIAN_POINT('',(0.032,0.0601268553945529,0.00348305260701597));
#6687=CARTESIAN_POINT('',(0.032,0.0600319110494719,0.00345618529476028));
#6688=CARTESIAN_POINT('',(0.032,0.0599309933602161,0.0034297956440612));
#6689=CARTESIAN_POINT('',(0.032,0.0598240856391654,0.00340411239745969));
#6690=CARTESIAN_POINT('',(0.032,0.0597111779694806,0.00337936511152089));
#6691=CARTESIAN_POINT('',(0.032,0.0595922672282196,0.00335578398013317));
#6692=CARTESIAN_POINT('',(0.032,0.0594673571149672,0.0033335996437862));
#6693=CARTESIAN_POINT('',(0.032,0.0593364581370267,0.00331304304965208));
#6694=CARTESIAN_POINT('',(0.032,0.0591995877402511,0.00329434511320021));
#6695=CARTESIAN_POINT('',(0.032,0.0590567698571224,0.00327773714194518));
#6696=CARTESIAN_POINT('',(0.032,0.0589080366740562,0.00326344832662714));
#6697=CARTESIAN_POINT('',(0.032,0.0587534218518759,0.00325171449648416));
#6698=CARTESIAN_POINT('',(0.032,0.0585929865208101,0.00324274365072662));
#6699=CARTESIAN_POINT('',(0.032,0.0584267196139642,0.00323684718645471));
#6700=CARTESIAN_POINT('',(0.032,0.0582813355274514,0.00323438406999594));
#6701=CARTESIAN_POINT('',(0.032,0.05819086393039,0.00323463356331813));
#6702=CARTESIAN_POINT('',(0.032,0.0581584909571231,0.0032348242779404));
#6703=CARTESIAN_POINT('',(0.032,0.0605134673106471,0.0067712584335915));
#6704=CARTESIAN_POINT('',(0.032,0.0600000579384004,0.00654150779214056));
#6705=CARTESIAN_POINT('',(0.032,0.0594432125495093,0.00629231953769382));
#6706=CARTESIAN_POINT('',(0.032,0.0594286050921055,0.00628463148683262));
#6707=CARTESIAN_POINT('',(0.032,0.0594142172356416,0.00627739249101664));
#6708=CARTESIAN_POINT('',(0.032,0.0593974685823914,0.00626837824739551));
#6709=CARTESIAN_POINT('',(0.032,0.0593751363676826,0.00625586608539907));
#6710=CARTESIAN_POINT('',(0.032,0.0593484689696783,0.00624018143244282));
#6711=CARTESIAN_POINT('',(0.032,0.05931723267808,0.00622097192571377));
#6712=CARTESIAN_POINT('',(0.032,0.0592816693741582,0.0061981041046671));
#6713=CARTESIAN_POINT('',(0.032,0.0592418819541027,0.00617138218156368));
#6714=CARTESIAN_POINT('',(0.032,0.0591980220855133,0.00614063421859556));
#6715=CARTESIAN_POINT('',(0.032,0.0591502339063111,0.00610568654176442));
#6716=CARTESIAN_POINT('',(0.032,0.0590986705303902,0.00606637149339014));
#6717=CARTESIAN_POINT('',(0.032,0.0590434890962543,0.0060225253574053));
#6718=CARTESIAN_POINT('',(0.032,0.0589848520558123,0.00597398914078828));
#6719=CARTESIAN_POINT('',(0.032,0.0589229266528993,0.00592060852456538));
#6720=CARTESIAN_POINT('',(0.032,0.0588578849152727,0.00586223404841296));
#6721=CARTESIAN_POINT('',(0.032,0.0587899034950485,0.00579872122423338));
#6722=CARTESIAN_POINT('',(0.032,0.0587191635475631,0.00572993066557534));
#6723=CARTESIAN_POINT('',(0.032,0.0586458505950328,0.00565572820833816));
#6724=CARTESIAN_POINT('',(0.032,0.0585701543904989,0.00557598502934831));
#6725=CARTESIAN_POINT('',(0.032,0.0584922687773588,0.00549057776208856));
#6726=CARTESIAN_POINT('',(0.032,0.0584123915478966,0.00539938860506756));
#6727=CARTESIAN_POINT('',(0.032,0.0583307242924278,0.00530230544197484));
#6728=CARTESIAN_POINT('',(0.032,0.0582474722707221,0.00519922189881603));
#6729=CARTESIAN_POINT('',(0.032,0.0581628441843687,0.00509003762640828));
#6730=CARTESIAN_POINT('',(0.032,0.0580770523177921,0.0049746576971316));
#6731=CARTESIAN_POINT('',(0.032,0.0579903112492036,0.0048529953898696));
#6732=CARTESIAN_POINT('',(0.032,0.057902842043126,0.00472496194113132));
#6733=CARTESIAN_POINT('',(0.032,0.0578148553972736,0.00459050629164257));
#6734=CARTESIAN_POINT('',(0.032,0.0577266154559987,0.00444946315864126));
#6735=CARTESIAN_POINT('',(0.032,0.0576517902913165,0.00432478840464462));
#6736=CARTESIAN_POINT('',(0.032,0.0576067705603408,0.00424631295660732));
#6737=CARTESIAN_POINT('',(0.032,0.0575907492374152,0.00421818178205109));
#6738=CARTESIAN_POINT('',(0.032,0.0599161084655988,0.00650387991553448));
#6739=CARTESIAN_POINT('',(0.032,0.0596419338593158,0.00711609619045667));
#6740=CARTESIAN_POINT('',(0.032,0.0602668554368337,0.00735992708259819));
#6741=CARTESIAN_POINT('',(0.032,0.0722999999999945,0.012054999999998));
#6742=CARTESIAN_POINT('',(0.032,0.0600641417762584,0.00791687828764387));
#6743=CARTESIAN_POINT('',(0.032,0.0594286925980882,0.0077019717405753));
#6744=CARTESIAN_POINT('',(0.032,0.0592451974957073,0.00834719265577588));
#6745=CARTESIAN_POINT('',(0.032,0.0598746685180079,0.00852634369194261));
#6746=CARTESIAN_POINT('',(0.032,0.0593336932557109,0.00837232971095202));
#6747=CARTESIAN_POINT('',(0.032,0.0587469498174367,0.00820528567207115));
#6748=CARTESIAN_POINT('',(0.032,0.0587308180720282,0.00820178556808364));
#6749=CARTESIAN_POINT('',(0.032,0.0587151431977185,0.00819808262473728));
#6750=CARTESIAN_POINT('',(0.032,0.0586965187408561,0.00819422210918398));
#6751=CARTESIAN_POINT('',(0.032,0.0586713686091742,0.00818945211044107));
#6752=CARTESIAN_POINT('',(0.032,0.0586408582965381,0.00818432577866071));
#6753=CARTESIAN_POINT('',(0.032,0.0586045822760219,0.00817896281333364));
#6754=CARTESIAN_POINT('',(0.032,0.0585626400526443,0.00817362092945222));
#6755=CARTESIAN_POINT('',(0.032,0.0585149845995269,0.00816851624952196));
#6756=CARTESIAN_POINT('',(0.032,0.0584616215812991,0.0081638779755992));
#6757=CARTESIAN_POINT('',(0.032,0.05840254977852,0.00815993179975492));
#6758=CARTESIAN_POINT('',(0.032,0.0583377787149582,0.00815690457493748));
#6759=CARTESIAN_POINT('',(0.032,0.0582673235310313,0.00815502272161357));
#6760=CARTESIAN_POINT('',(0.032,0.0581912064733773,0.00815451245757824));
#6761=CARTESIAN_POINT('',(0.032,0.0581094564638824,0.0081555995002888));
#6762=CARTESIAN_POINT('',(0.032,0.05802210921221,0.00815850892030644));
#6763=CARTESIAN_POINT('',(0.032,0.0579292071665731,0.00816346495172701));
#6764=CARTESIAN_POINT('',(0.032,0.0578307995041266,0.00817069081517256));
#6765=CARTESIAN_POINT('',(0.032,0.0577269421041118,0.00818040853768888));
#6766=CARTESIAN_POINT('',(0.032,0.0576176975198517,0.00819283877445599));
#6767=CARTESIAN_POINT('',(0.032,0.057503134945535,0.00820820062984299));
#6768=CARTESIAN_POINT('',(0.032,0.0573833301775029,0.00822671148345722));
#6769=CARTESIAN_POINT('',(0.032,0.0572583655759211,0.00824858680113236));
#6770=CARTESIAN_POINT('',(0.032,0.0571283300030099,0.00827404000851242));
#6771=CARTESIAN_POINT('',(0.032,0.0569933188302508,0.0083032821283269));
#6772=CARTESIAN_POINT('',(0.032,0.0568534336586494,0.00833652233314947));
#6773=CARTESIAN_POINT('',(0.032,0.0567087831213931,0.00837396498342491));
#6774=CARTESIAN_POINT('',(0.032,0.0565594795076589,0.00841582017346839));
#6775=CARTESIAN_POINT('',(0.032,0.0564056514009913,0.00846226245083342));
#6776=CARTESIAN_POINT('',(0.032,0.0562473949059919,0.00851358821817816));
#6777=CARTESIAN_POINT('',(0.032,0.0561099361172719,0.00856099793192407));
#6778=CARTESIAN_POINT('',(0.032,0.0560250059568643,0.00859217548755174));
#6779=CARTESIAN_POINT('',(0.032,0.055994650541015,0.00860342690963156));
#6780=CARTESIAN_POINT('',(0.032,0.0594171361593244,0.0111211386396313));
#6781=CARTESIAN_POINT('',(0.032,0.0588561098134637,0.0110808400043196));
#6782=CARTESIAN_POINT('',(0.032,0.058247618908103,0.0110371319801483));
#6783=CARTESIAN_POINT('',(0.032,0.0582312629199148,0.0110349036201606));
#6784=CARTESIAN_POINT('',(0.032,0.0582152668749802,0.0110330221259404));
#6785=CARTESIAN_POINT('',(0.032,0.0581964452362176,0.0110302798845128));
#6786=CARTESIAN_POINT('',(0.032,0.0581711804074106,0.0110261603654901));
#6787=CARTESIAN_POINT('',(0.032,0.0581407567830383,0.0110205424001351));
#6788=CARTESIAN_POINT('',(0.032,0.058104834232078,0.0110131748093423));
#6789=CARTESIAN_POINT('',(0.032,0.05806359440238,0.0110038494529558));
#6790=CARTESIAN_POINT('',(0.032,0.0580170670213839,0.0109923471581122));
#6791=CARTESIAN_POINT('',(0.032,0.0579653358038205,0.0109784544827481));
#6792=CARTESIAN_POINT('',(0.032,0.0579084767950247,0.0109619589286162));
#6793=CARTESIAN_POINT('',(0.032,0.0578465765326893,0.0109426505809959));
#6794=CARTESIAN_POINT('',(0.032,0.0577797266845135,0.0109203218525731));
#6795=CARTESIAN_POINT('',(0.032,0.0577080255265416,0.0108947677769533));
#6796=CARTESIAN_POINT('',(0.032,0.0576315774363738,0.0108657861409755));
#6797=CARTESIAN_POINT('',(0.032,0.0575504929487827,0.010833177660918));
#6798=CARTESIAN_POINT('',(0.032,0.0574648886446185,0.0107967461437997));
#6799=CARTESIAN_POINT('',(0.032,0.0573748870812401,0.0107562986504268));
#6800=CARTESIAN_POINT('',(0.032,0.05728061670568,0.0107116456554489));
#6801=CARTESIAN_POINT('',(0.032,0.0571822117673506,0.010662601205318));
#6802=CARTESIAN_POINT('',(0.032,0.0570798122256282,0.0106089830750818));
#6803=CARTESIAN_POINT('',(0.032,0.0569735636539796,0.0105506129186026));
#6804=CARTESIAN_POINT('',(0.032,0.0568636171393003,0.0104873164330622));
#6805=CARTESIAN_POINT('',(0.032,0.0567501291806323,0.0104189234566274));
#6806=CARTESIAN_POINT('',(0.032,0.0566332615718769,0.0103452683117639));
#6807=CARTESIAN_POINT('',(0.032,0.0565131813279834,0.0102661891901385));
#6808=CARTESIAN_POINT('',(0.032,0.0563900604261446,0.0101815312104875));
#6809=CARTESIAN_POINT('',(0.032,0.0562640762401595,0.0100911353538936));
#6810=CARTESIAN_POINT('',(0.032,0.0561354092978152,0.00999488157747121));
#6811=CARTESIAN_POINT('',(0.032,0.0560042512835764,0.00989252422353926));
#6812=CARTESIAN_POINT('',(0.032,0.0558912973512444,0.00980095999075927));
#6813=CARTESIAN_POINT('',(0.032,0.0558221524582716,0.00974261484616654));
#6814=CARTESIAN_POINT('',(0.032,0.0557974759109895,0.00972165980418531));
#6815=CARTESIAN_POINT('',(0.032,0.0587643536216032,0.0110741937770567));
#6816=CARTESIAN_POINT('',(0.032,0.0587161040653674,0.0117432621310633));
#6817=CARTESIAN_POINT('',(0.032,0.0593867333370084,0.0117586524536184));
#6818=CARTESIAN_POINT('',(0.032,0.0722999999999941,0.012055));
#6819=CARTESIAN_POINT('',(0.032,0.0593867333370084,0.0123513475463817));
#6820=CARTESIAN_POINT('',(0.032,0.0587161040653673,0.0123667378689367));
#6821=CARTESIAN_POINT('',(0.032,0.0587643536216032,0.0130358062229433));
#6822=CARTESIAN_POINT('',(0.032,0.0594171361593244,0.0129888613603687));
#6823=CARTESIAN_POINT('',(0.032,0.0588561098134637,0.0130291599956804));
#6824=CARTESIAN_POINT('',(0.032,0.058247618908103,0.0130728680198518));
#6825=CARTESIAN_POINT('',(0.032,0.0582312629199148,0.0130750963798394));
#6826=CARTESIAN_POINT('',(0.032,0.0582152668749802,0.0130769778740597));
#6827=CARTESIAN_POINT('',(0.032,0.0581964452362176,0.0130797201154872));
#6828=CARTESIAN_POINT('',(0.032,0.0581711804074106,0.0130838396345099));
#6829=CARTESIAN_POINT('',(0.032,0.0581407567830383,0.0130894575998649));
#6830=CARTESIAN_POINT('',(0.032,0.058104834232078,0.0130968251906577));
#6831=CARTESIAN_POINT('',(0.032,0.05806359440238,0.0131061505470443));
#6832=CARTESIAN_POINT('',(0.032,0.0580170670213839,0.0131176528418878));
#6833=CARTESIAN_POINT('',(0.032,0.0579653358038205,0.013131545517252));
#6834=CARTESIAN_POINT('',(0.032,0.0579084767950247,0.0131480410713838));
#6835=CARTESIAN_POINT('',(0.032,0.0578465765326893,0.0131673494190041));
#6836=CARTESIAN_POINT('',(0.032,0.0577797266845135,0.013189678147427));
#6837=CARTESIAN_POINT('',(0.032,0.0577080255265416,0.0132152322230467));
#6838=CARTESIAN_POINT('',(0.032,0.0576315774363738,0.0132442138590246));
#6839=CARTESIAN_POINT('',(0.032,0.0575504929487827,0.013276822339082));
#6840=CARTESIAN_POINT('',(0.032,0.0574648886446185,0.0133132538562003));
#6841=CARTESIAN_POINT('',(0.032,0.0573748870812401,0.0133537013495732));
#6842=CARTESIAN_POINT('',(0.032,0.05728061670568,0.0133983543445511));
#6843=CARTESIAN_POINT('',(0.032,0.0571822117673506,0.013447398794682));
#6844=CARTESIAN_POINT('',(0.032,0.0570798122256282,0.0135010169249183));
#6845=CARTESIAN_POINT('',(0.032,0.0569735636539796,0.0135593870813975));
#6846=CARTESIAN_POINT('',(0.032,0.0568636171393003,0.0136226835669378));
#6847=CARTESIAN_POINT('',(0.032,0.0567501291806323,0.0136910765433727));
#6848=CARTESIAN_POINT('',(0.032,0.0566332615718769,0.0137647316882361));
#6849=CARTESIAN_POINT('',(0.032,0.0565131813279834,0.0138438108098615));
#6850=CARTESIAN_POINT('',(0.032,0.0563900604261446,0.0139284687895126));
#6851=CARTESIAN_POINT('',(0.032,0.0562640762401595,0.0140188646461064));
#6852=CARTESIAN_POINT('',(0.032,0.0561354092978152,0.0141151184225288));
#6853=CARTESIAN_POINT('',(0.032,0.0560042512835764,0.0142174757764608));
#6854=CARTESIAN_POINT('',(0.032,0.0558912973512444,0.0143090400092408));
#6855=CARTESIAN_POINT('',(0.032,0.0558221524582716,0.0143673851538335));
#6856=CARTESIAN_POINT('',(0.032,0.0557974759109895,0.0143883401958147));
#6857=CARTESIAN_POINT('',(0.032,0.0598746685180079,0.0155836563080575));
#6858=CARTESIAN_POINT('',(0.032,0.059333693255711,0.015737670289048));
#6859=CARTESIAN_POINT('',(0.032,0.0587469498174367,0.0159047143279289));
#6860=CARTESIAN_POINT('',(0.032,0.0587308180720282,0.0159082144319164));
#6861=CARTESIAN_POINT('',(0.032,0.0587151431977186,0.0159119173752627));
#6862=CARTESIAN_POINT('',(0.032,0.0586965187408562,0.015915777890816));
#6863=CARTESIAN_POINT('',(0.032,0.0586713686091742,0.015920547889559));
#6864=CARTESIAN_POINT('',(0.032,0.0586408582965381,0.0159256742213393));
#6865=CARTESIAN_POINT('',(0.032,0.0586045822760219,0.0159310371866664));
#6866=CARTESIAN_POINT('',(0.032,0.0585626400526444,0.0159363790705478));
#6867=CARTESIAN_POINT('',(0.032,0.0585149845995269,0.0159414837504781));
#6868=CARTESIAN_POINT('',(0.032,0.0584616215812991,0.0159461220244009));
#6869=CARTESIAN_POINT('',(0.032,0.05840254977852,0.0159500682002451));
#6870=CARTESIAN_POINT('',(0.032,0.0583377787149582,0.0159530954250626));
#6871=CARTESIAN_POINT('',(0.032,0.0582673235310314,0.0159549772783865));
#6872=CARTESIAN_POINT('',(0.032,0.0581912064733773,0.0159554875424218));
#6873=CARTESIAN_POINT('',(0.032,0.0581094564638825,0.0159544004997112));
#6874=CARTESIAN_POINT('',(0.032,0.05802210921221,0.0159514910796936));
#6875=CARTESIAN_POINT('',(0.032,0.0579292071665731,0.0159465350482731));
#6876=CARTESIAN_POINT('',(0.032,0.0578307995041266,0.0159393091848275));
#6877=CARTESIAN_POINT('',(0.032,0.0577269421041118,0.0159295914623112));
#6878=CARTESIAN_POINT('',(0.032,0.0576176975198517,0.0159171612255441));
#6879=CARTESIAN_POINT('',(0.032,0.0575031349455351,0.0159017993701571));
#6880=CARTESIAN_POINT('',(0.032,0.0573833301775029,0.0158832885165428));
#6881=CARTESIAN_POINT('',(0.032,0.0572583655759211,0.0158614131988676));
#6882=CARTESIAN_POINT('',(0.032,0.0571283300030099,0.0158359599914876));
#6883=CARTESIAN_POINT('',(0.032,0.0569933188302508,0.0158067178716732));
#6884=CARTESIAN_POINT('',(0.032,0.0568534336586495,0.0157734776668506));
#6885=CARTESIAN_POINT('',(0.032,0.0567087831213931,0.0157360350165751));
#6886=CARTESIAN_POINT('',(0.032,0.0565594795076589,0.0156941798265317));
#6887=CARTESIAN_POINT('',(0.032,0.0564056514009913,0.0156477375491666));
#6888=CARTESIAN_POINT('',(0.032,0.0562473949059919,0.0155964117818218));
#6889=CARTESIAN_POINT('',(0.032,0.0561099361172719,0.015549002068076));
#6890=CARTESIAN_POINT('',(0.032,0.0560250059568643,0.0155178245124483));
#6891=CARTESIAN_POINT('',(0.032,0.055994650541015,0.0155065730903685));
#6892=CARTESIAN_POINT('',(0.032,0.0592451974957073,0.0157628073442241));
#6893=CARTESIAN_POINT('',(0.032,0.0594286925980883,0.0164080282594247));
#6894=CARTESIAN_POINT('',(0.032,0.0600641417762585,0.0161931217123562));
#6895=CARTESIAN_POINT('',(0.032,0.0722999999999945,0.012055000000002));
#6896=CARTESIAN_POINT('',(0.032,0.0602668554368338,0.0167500729174019));
#6897=CARTESIAN_POINT('',(0.032,0.0596419338593158,0.0169939038095434));
#6898=CARTESIAN_POINT('',(0.032,0.0599161084655989,0.0176061200844655));
#6899=CARTESIAN_POINT('',(0.032,0.0605134673106471,0.0173387415664085));
#6900=CARTESIAN_POINT('',(0.032,0.0600000579384005,0.0175684922078594));
#6901=CARTESIAN_POINT('',(0.032,0.0594432125495093,0.0178176804623062));
#6902=CARTESIAN_POINT('',(0.032,0.0594286050921056,0.0178253685131674));
#6903=CARTESIAN_POINT('',(0.032,0.0594142172356417,0.0178326075089834));
#6904=CARTESIAN_POINT('',(0.032,0.0593974685823914,0.0178416217526045));
#6905=CARTESIAN_POINT('',(0.032,0.0593751363676826,0.017854133914601));
#6906=CARTESIAN_POINT('',(0.032,0.0593484689696783,0.0178698185675572));
#6907=CARTESIAN_POINT('',(0.032,0.05931723267808,0.0178890280742862));
#6908=CARTESIAN_POINT('',(0.032,0.0592816693741582,0.017911895895333));
#6909=CARTESIAN_POINT('',(0.032,0.0592418819541027,0.0179386178184364));
#6910=CARTESIAN_POINT('',(0.032,0.0591980220855133,0.0179693657814044));
#6911=CARTESIAN_POINT('',(0.032,0.0591502339063111,0.0180043134582356));
#6912=CARTESIAN_POINT('',(0.032,0.0590986705303903,0.0180436285066099));
#6913=CARTESIAN_POINT('',(0.032,0.0590434890962543,0.0180874746425948));
#6914=CARTESIAN_POINT('',(0.032,0.0589848520558123,0.0181360108592117));
#6915=CARTESIAN_POINT('',(0.032,0.0589229266528994,0.0181893914754346));
#6916=CARTESIAN_POINT('',(0.032,0.0588578849152727,0.0182477659515871));
#6917=CARTESIAN_POINT('',(0.032,0.0587899034950485,0.0183112787757667));
#6918=CARTESIAN_POINT('',(0.032,0.0587191635475632,0.0183800693344247));
#6919=CARTESIAN_POINT('',(0.032,0.0586458505950329,0.0184542717916619));
#6920=CARTESIAN_POINT('',(0.032,0.058570154390499,0.0185340149706517));
#6921=CARTESIAN_POINT('',(0.032,0.0584922687773588,0.0186194222379115));
#6922=CARTESIAN_POINT('',(0.032,0.0584123915478966,0.0187106113949325));
#6923=CARTESIAN_POINT('',(0.032,0.0583307242924278,0.0188076945580252));
#6924=CARTESIAN_POINT('',(0.032,0.0582474722707221,0.018910778101184));
#6925=CARTESIAN_POINT('',(0.032,0.0581628441843687,0.0190199623735917));
#6926=CARTESIAN_POINT('',(0.032,0.0580770523177921,0.0191353423028684));
#6927=CARTESIAN_POINT('',(0.032,0.0579903112492037,0.0192570046101305));
#6928=CARTESIAN_POINT('',(0.032,0.057902842043126,0.0193850380588687));
#6929=CARTESIAN_POINT('',(0.032,0.0578148553972736,0.0195194937083575));
#6930=CARTESIAN_POINT('',(0.032,0.0577266154559987,0.0196605368413587));
#6931=CARTESIAN_POINT('',(0.032,0.0576517902913165,0.0197852115953554));
#6932=CARTESIAN_POINT('',(0.032,0.0576067705603409,0.0198636870433927));
#6933=CARTESIAN_POINT('',(0.032,0.0575907492374152,0.0198918182179489));
#6934=CARTESIAN_POINT('',(0.032,0.061830879231782,0.0196205659483111));
#6935=CARTESIAN_POINT('',(0.032,0.0613752046536264,0.0199503161864923));
#6936=CARTESIAN_POINT('',(0.032,0.0608809786005053,0.0203079643120288));
#6937=CARTESIAN_POINT('',(0.032,0.060867016824452,0.0203167707157946));
#6938=CARTESIAN_POINT('',(0.032,0.0608535537419455,0.0203256114670903));
#6939=CARTESIAN_POINT('',(0.032,0.0608373728513486,0.0203356091044736));
#6940=CARTESIAN_POINT('',(0.032,0.060815370893849,0.020348693288736));
#6941=CARTESIAN_POINT('',(0.032,0.0607884538869372,0.0203639456063825));
#6942=CARTESIAN_POINT('',(0.032,0.0607561998203165,0.0203813922750621));
#6943=CARTESIAN_POINT('',(0.032,0.0607186140544,0.0204007570891776));
#6944=CARTESIAN_POINT('',(0.032,0.0606755784801267,0.0204218530441449));
#6945=CARTESIAN_POINT('',(0.032,0.060627020028787,0.0204444628230659));
#6946=CARTESIAN_POINT('',(0.032,0.0605728603632469,0.0204683747618401));
#6947=CARTESIAN_POINT('',(0.032,0.0605130308446433,0.0204933724311053));
#6948=CARTESIAN_POINT('',(0.032,0.0604474682599547,0.0205192378868919));
#6949=CARTESIAN_POINT('',(0.032,0.0603761161431398,0.0205457509452089));
#6950=CARTESIAN_POINT('',(0.032,0.0602989244719646,0.0205726896091596));
#6951=CARTESIAN_POINT('',(0.032,0.0602158498238707,0.0205998301681743));
#6952=CARTESIAN_POINT('',(0.032,0.060126855394553,0.0206269473929841));
#6953=CARTESIAN_POINT('',(0.032,0.0600319110494719,0.0206538147052397));
#6954=CARTESIAN_POINT('',(0.032,0.0599309933602161,0.0206802043559388));
#6955=CARTESIAN_POINT('',(0.032,0.0598240856391654,0.0207058876025404));
#6956=CARTESIAN_POINT('',(0.032,0.0597111779694806,0.0207306348884792));
#6957=CARTESIAN_POINT('',(0.032,0.0595922672282196,0.0207542160198669));
#6958=CARTESIAN_POINT('',(0.032,0.0594673571149672,0.0207764003562139));
#6959=CARTESIAN_POINT('',(0.032,0.0593364581370267,0.020796956950348));
#6960=CARTESIAN_POINT('',(0.032,0.0591995877402512,0.0208156548867998));
#6961=CARTESIAN_POINT('',(0.032,0.0590567698571224,0.0208322628580549));
#6962=CARTESIAN_POINT('',(0.032,0.0589080366740563,0.0208465516733729));
#6963=CARTESIAN_POINT('',(0.032,0.0587534218518759,0.0208582855035159));
#6964=CARTESIAN_POINT('',(0.032,0.0585929865208102,0.0208672563492734));
#6965=CARTESIAN_POINT('',(0.032,0.0584267196139642,0.0208731528135453));
#6966=CARTESIAN_POINT('',(0.032,0.0582813355274515,0.0208756159300041));
#6967=CARTESIAN_POINT('',(0.032,0.05819086393039,0.0208753664366819));
#6968=CARTESIAN_POINT('',(0.032,0.0581584909571232,0.0208751757220597));
#6969=CARTESIAN_POINT('',(0.032,0.0613006432201943,0.0200042046242698));
#6970=CARTESIAN_POINT('',(0.032,0.0616937507637456,0.0205477549358445));
#6971=CARTESIAN_POINT('',(0.032,0.0622173752993266,0.0201284724204117));
#6972=CARTESIAN_POINT('',(0.032,0.0722999999999955,0.0120550000000038));
#6973=CARTESIAN_POINT('',(0.032,0.0625983523612769,0.0205825032026869));
#6974=CARTESIAN_POINT('',(0.032,0.0620945132429908,0.0210253650602619));
#6975=CARTESIAN_POINT('',(0.032,0.062561543395417,0.0215068869379942));
#6976=CARTESIAN_POINT('',(0.032,0.0630314282550021,0.021051324559819));
#6977=CARTESIAN_POINT('',(0.032,0.0626275606037778,0.0214428158892918));
#6978=CARTESIAN_POINT('',(0.032,0.062189524503419,0.0218674285929008));
#6979=CARTESIAN_POINT('',(0.032,0.0621784274517457,0.0218796490422382));
#6980=CARTESIAN_POINT('',(0.032,0.0621673831715842,0.0218913724099183));
#6981=CARTESIAN_POINT('',(0.032,0.0621547276386121,0.0219055714049162));
#6982=CARTESIAN_POINT('',(0.032,0.0621380216326837,0.0219249670584898));
#6983=CARTESIAN_POINT('',(0.032,0.0621183269428157,0.0219488265984199));
#6984=CARTESIAN_POINT('',(0.032,0.0620955444683447,0.0219775610710715));
#6985=CARTESIAN_POINT('',(0.032,0.0620699471495106,0.022011213160067));
#6986=CARTESIAN_POINT('',(0.032,0.062041698640454,0.0220499316531305));
#6987=CARTESIAN_POINT('',(0.032,0.0620110002682933,0.0220938262455769));
#6988=CARTESIAN_POINT('',(0.032,0.0619780468783748,0.0221430108395088));
#6989=CARTESIAN_POINT('',(0.032,0.0619430396929991,0.0221975906135747));
#6990=CARTESIAN_POINT('',(0.032,0.0619061823682509,0.0222576656660218));
#6991=CARTESIAN_POINT('',(0.032,0.0618676819378067,0.0223233298395938));
#6992=CARTESIAN_POINT('',(0.032,0.0618277483396616,0.0223946709459313));
#6993=CARTESIAN_POINT('',(0.032,0.0617865943454709,0.0224717705948392));
#6994=CARTESIAN_POINT('',(0.032,0.0617444353717647,0.0225547041421345));
#6995=CARTESIAN_POINT('',(0.032,0.0617014893218495,0.022643540609463));
#6996=CARTESIAN_POINT('',(0.032,0.0616579764164082,0.022738342617505));
#6997=CARTESIAN_POINT('',(0.032,0.0616141190250935,0.0228391663210837));
#6998=CARTESIAN_POINT('',(0.032,0.0615701414949496,0.0229460613484584));
#6999=CARTESIAN_POINT('',(0.032,0.0615262699804092,0.0230590707478758));
#7000=CARTESIAN_POINT('',(0.032,0.0614827322604408,0.0231782309262571));
#7001=CARTESIAN_POINT('',(0.032,0.0614397575981841,0.0233035716394838));
#7002=CARTESIAN_POINT('',(0.032,0.0613975764304244,0.0234351158047953));
#7003=CARTESIAN_POINT('',(0.032,0.0613564207064271,0.023572880019426));
#7004=CARTESIAN_POINT('',(0.032,0.0613165217241225,0.0237168723844987));
#7005=CARTESIAN_POINT('',(0.032,0.0612781175751132,0.0238671007018912));
#7006=CARTESIAN_POINT('',(0.032,0.0612414237137872,0.0240235408887639));
#7007=CARTESIAN_POINT('',(0.032,0.0612067448846767,0.0241862579174196));
#7008=CARTESIAN_POINT('',(0.032,0.0611790735068068,0.0243290055772976));
#7009=CARTESIAN_POINT('',(0.032,0.0611636089818045,0.0244181460315718));
#7010=CARTESIAN_POINT('',(0.032,0.0611581752912297,0.0244500603038796));
#7011=CARTESIAN_POINT('',(0.032,0.0650498204179702,0.0227449566793367));
#7012=CARTESIAN_POINT('',(0.032,0.0647344076031221,0.0232106704293886));
#7013=CARTESIAN_POINT('',(0.032,0.0643923098911601,0.023715784999317));
#7014=CARTESIAN_POINT('',(0.032,0.0643822020807079,0.0237288355205982));
#7015=CARTESIAN_POINT('',(0.032,0.0643725746364489,0.0237417477547615));
#7016=CARTESIAN_POINT('',(0.032,0.064360788966328,0.023756676651357));
#7017=CARTESIAN_POINT('',(0.032,0.0643445889437995,0.0237764968754148));
#7018=CARTESIAN_POINT('',(0.032,0.0643245118308983,0.0238000355243189));
#7019=CARTESIAN_POINT('',(0.032,0.0643001700346269,0.0238274615706229));
#7020=CARTESIAN_POINT('',(0.032,0.0642714741242478,0.0238585136325958));
#7021=CARTESIAN_POINT('',(0.032,0.0642382491542134,0.0238930563790882));
#7022=CARTESIAN_POINT('',(0.032,0.0642003521356398,0.0239309105899847));
#7023=CARTESIAN_POINT('',(0.032,0.0641576370623143,0.02397190415897));
#7024=CARTESIAN_POINT('',(0.032,0.0641099654116022,0.0240158571848432));
#7025=CARTESIAN_POINT('',(0.032,0.0640572032414659,0.0240625864873911));
#7026=CARTESIAN_POINT('',(0.032,0.0639992221838231,0.0241119044738657));
#7027=CARTESIAN_POINT('',(0.032,0.0639358993057391,0.0241636196440329));
#7028=CARTESIAN_POINT('',(0.032,0.063867117289835,0.0242175366301109));
#7029=CARTESIAN_POINT('',(0.032,0.0637927645184301,0.0242734563736312));
#7030=CARTESIAN_POINT('',(0.032,0.0637127351799605,0.0243311762672109));
#7031=CARTESIAN_POINT('',(0.032,0.0636269293641746,0.0243904903097812));
#7032=CARTESIAN_POINT('',(0.032,0.0635352531552819,0.0244511892611669));
#7033=CARTESIAN_POINT('',(0.032,0.0634376187215326,0.0245130608005162));
#7034=CARTESIAN_POINT('',(0.032,0.0633339443973745,0.0245758896844401));
#7035=CARTESIAN_POINT('',(0.032,0.0632241547755866,0.0246394579164398));
#7036=CARTESIAN_POINT('',(0.032,0.0631081807412196,0.0247035448834525));
#7037=CARTESIAN_POINT('',(0.032,0.0629859597102707,0.0247679276290825));
#7038=CARTESIAN_POINT('',(0.032,0.0628574350600874,0.0248323806099741));
#7039=CARTESIAN_POINT('',(0.032,0.0627225586481572,0.0248966774488779));
#7040=CARTESIAN_POINT('',(0.032,0.0625812814469574,0.0249605850261191));
#7041=CARTESIAN_POINT('',(0.032,0.0624335897601933,0.0250238869786054));
#7042=CARTESIAN_POINT('',(0.032,0.0622793666843047,0.0250862944738801));
#7043=CARTESIAN_POINT('',(0.032,0.0621435927664732,0.025138333332347));
#7044=CARTESIAN_POINT('',(0.032,0.062058491942582,0.0251690419939071));
#7045=CARTESIAN_POINT('',(0.032,0.0620280060702478,0.0251799349897405));
#7046=CARTESIAN_POINT('',(0.032,0.0646827737055429,0.0232868105088628));
#7047=CARTESIAN_POINT('',(0.032,0.0652380791188629,0.0236631300272877));
#7048=CARTESIAN_POINT('',(0.032,0.0655867221649885,0.0230900432028027));
#7049=CARTESIAN_POINT('',(0.032,0.0722999999999971,0.0120550000000051));
#7050=CARTESIAN_POINT('',(0.032,0.0661000111720199,0.0233863907491843));
#7051=CARTESIAN_POINT('',(0.032,0.0657780249465045,0.0239748678962244));
#7052=CARTESIAN_POINT('',(0.032,0.0663815799160604,0.0242676167318061));
#7053=CARTESIAN_POINT('',(0.032,0.0666673157413542,0.0236788180397055));
#7054=CARTESIAN_POINT('',(0.032,0.0664217022103416,0.0241848304250691));
#7055=CARTESIAN_POINT('',(0.032,0.0661553090169429,0.0247336530191688));
#7056=CARTESIAN_POINT('',(0.032,0.0661490608392069,0.0247489319004376));
#7057=CARTESIAN_POINT('',(0.032,0.0661426922385314,0.0247637256288212));
#7058=CARTESIAN_POINT('',(0.032,0.0661356562698897,0.0247813967668442));
#7059=CARTESIAN_POINT('',(0.032,0.0661265914636112,0.0248053365099247));
#7060=CARTESIAN_POINT('',(0.032,0.06611624495214,0.0248344931241838));
#7061=CARTESIAN_POINT('',(0.032,0.0661046641974512,0.0248692867612805));
#7062=CARTESIAN_POINT('',(0.032,0.0660921202781322,0.0249096641796401));
#7063=CARTESIAN_POINT('',(0.032,0.0660788178671705,0.024955709220976));
#7064=CARTESIAN_POINT('',(0.032,0.0660649836681807,0.0250074561072366));
#7065=CARTESIAN_POINT('',(0.032,0.0660508397327105,0.0250649452303538));
#7066=CARTESIAN_POINT('',(0.032,0.0660366111210871,0.0251282066038474));
#7067=CARTESIAN_POINT('',(0.032,0.0660225234430476,0.0251972646348181));
#7068=CARTESIAN_POINT('',(0.032,0.0660088033427185,0.0252721366969124));
#7069=CARTESIAN_POINT('',(0.032,0.0659956781306347,0.0253528335030575));
#7070=CARTESIAN_POINT('',(0.032,0.0659833756589477,0.025439358969193));
#7071=CARTESIAN_POINT('',(0.032,0.0659721241261884,0.0255317102298315));
#7072=CARTESIAN_POINT('',(0.032,0.0659621519012796,0.025629877616784));
#7073=CARTESIAN_POINT('',(0.032,0.0659536873415055,0.0257338446543323));
#7074=CARTESIAN_POINT('',(0.032,0.0659469586120687,0.0258435880558489));
#7075=CARTESIAN_POINT('',(0.032,0.0659421935040956,0.0259590777254345));
#7076=CARTESIAN_POINT('',(0.032,0.0659396192566051,0.0260802767658375));
#7077=CARTESIAN_POINT('',(0.032,0.0659394623637137,0.0262071414833776));
#7078=CARTESIAN_POINT('',(0.032,0.0659419484394127,0.0263396214268251));
#7079=CARTESIAN_POINT('',(0.032,0.0659473018616062,0.0264776593173186));
#7080=CARTESIAN_POINT('',(0.032,0.065955746267896,0.0266211914198357));
#7081=CARTESIAN_POINT('',(0.032,0.0659675017779875,0.0267701462383905));
#7082=CARTESIAN_POINT('',(0.032,0.065982794793202,0.0269244496722256));
#7083=CARTESIAN_POINT('',(0.032,0.0660018195376219,0.0270840054011342));
#7084=CARTESIAN_POINT('',(0.032,0.0660248845992717,0.0272487702503409));
#7085=CARTESIAN_POINT('',(0.032,0.0660477045847712,0.0273923733415878));
#7086=CARTESIAN_POINT('',(0.032,0.0660636605156896,0.0274814271477406));
#7087=CARTESIAN_POINT('',(0.032,0.0660694698407416,0.0275132751855552));
#7088=CARTESIAN_POINT('',(0.032,0.0691432402630059,0.0245799808678765));
#7089=CARTESIAN_POINT('',(0.032,0.0690061326519332,0.0251254861783398));
#7090=CARTESIAN_POINT('',(0.032,0.0688574253140177,0.0257171429208297));
#7091=CARTESIAN_POINT('',(0.032,0.0688523906202825,0.0257328634741545));
#7092=CARTESIAN_POINT('',(0.032,0.0688477600261344,0.0257482897851809));
#7093=CARTESIAN_POINT('',(0.032,0.0688417911022441,0.0257663492957322));
#7094=CARTESIAN_POINT('',(0.032,0.0688333469764905,0.0257905149480487));
#7095=CARTESIAN_POINT('',(0.032,0.0688225313537224,0.0258195008197592));
#7096=CARTESIAN_POINT('',(0.032,0.0688090378076772,0.0258535982577379));
#7097=CARTESIAN_POINT('',(0.032,0.0687926929031338,0.0258925922306148));
#7098=CARTESIAN_POINT('',(0.032,0.0687732859590729,0.0259364154036085));
#7099=CARTESIAN_POINT('',(0.032,0.0687506213130058,0.0259849482699777));
#7100=CARTESIAN_POINT('',(0.032,0.0687245029001452,0.0260380790397539));
#7101=CARTESIAN_POINT('',(0.032,0.0686947390219592,0.0260956860386373));
#7102=CARTESIAN_POINT('',(0.032,0.0686611411627804,0.0261576429444083));
#7103=CARTESIAN_POINT('',(0.032,0.0686235245355707,0.0262238173820156));
#7104=CARTESIAN_POINT('',(0.032,0.0685817081242209,0.0262940714456425));
#7105=CARTESIAN_POINT('',(0.032,0.0685355148667391,0.0263682616745328));
#7106=CARTESIAN_POINT('',(0.032,0.0684847717948085,0.0264462391904076));
#7107=CARTESIAN_POINT('',(0.032,0.0684293101822771,0.0265278497942905));
#7108=CARTESIAN_POINT('',(0.032,0.0683689656877037,0.0266129340798162));
#7109=CARTESIAN_POINT('',(0.032,0.0683035784947582,0.0267013275466278));
#7110=CARTESIAN_POINT('',(0.032,0.0682329934505855,0.0267928607186155));
#7111=CARTESIAN_POINT('',(0.032,0.0681570601970938,0.0268873592644186));
#7112=CARTESIAN_POINT('',(0.032,0.0680756333154803,0.0269846441251247));
#7113=CARTESIAN_POINT('',(0.032,0.0679885724048258,0.0270845316309714));
#7114=CARTESIAN_POINT('',(0.032,0.0678957423998264,0.0271868336764684));
#7115=CARTESIAN_POINT('',(0.032,0.0677970129522224,0.0272913576862765));
#7116=CARTESIAN_POINT('',(0.032,0.0676922613972707,0.0273979074010739));
#7117=CARTESIAN_POINT('',(0.032,0.0675813619325457,0.0275062805284228));
#7118=CARTESIAN_POINT('',(0.032,0.0674642276872042,0.0276162784379304));
#7119=CARTESIAN_POINT('',(0.032,0.0673406500213152,0.0277276696992415));
#7120=CARTESIAN_POINT('',(0.032,0.0672308626104651,0.0278230076453735));
#7121=CARTESIAN_POINT('',(0.032,0.0671613969750598,0.0278809705440201));
#7122=CARTESIAN_POINT('',(0.032,0.0671364752497854,0.0279016333942481));
#7123=CARTESIAN_POINT('',(0.032,0.0689836541002903,0.0252146942822183));
#7124=CARTESIAN_POINT('',(0.032,0.0696341793550975,0.0253783933196867));
#7125=CARTESIAN_POINT('',(0.032,0.0697657894149816,0.0247206249150431));
#7126=CARTESIAN_POINT('',(0.032,0.072299999999999,0.0120550000000058));
#7127=CARTESIAN_POINT('',(0.032,0.0703494801375072,0.0248235453378135));
#7128=CARTESIAN_POINT('',(0.032,0.0702481830955702,0.0254866587453879));
#7129=CARTESIAN_POINT('',(0.032,0.0709154652454046,0.0255553247087353));
#7130=CARTESIAN_POINT('',(0.032,0.0709825880788651,0.0249043075147196));
#7131=CARTESIAN_POINT('',(0.032,0.0709248532847741,0.0254638083943517));
#7132=CARTESIAN_POINT('',(0.032,0.0708622339490041,0.026070644774335));
#7133=CARTESIAN_POINT('',(0.032,0.0708615882676536,0.026087139228962));
#7134=CARTESIAN_POINT('',(0.032,0.0708606634936962,0.0261032189760738));
#7135=CARTESIAN_POINT('',(0.032,0.0708600957310429,0.0261222308570782));
#7136=CARTESIAN_POINT('',(0.032,0.0708597654738336,0.026147827203337));
#7137=CARTESIAN_POINT('',(0.032,0.0708600150827411,0.0261787641739397));
#7138=CARTESIAN_POINT('',(0.032,0.0708610328577635,0.0262154203493483));
#7139=CARTESIAN_POINT('',(0.032,0.0708630553197582,0.0262576529845105));
#7140=CARTESIAN_POINT('',(0.032,0.070866303473976,0.0263054708625813));
#7141=CARTESIAN_POINT('',(0.032,0.0708710020567263,0.0263588286044703));
#7142=CARTESIAN_POINT('',(0.032,0.0708773735430642,0.0264176882200757));
#7143=CARTESIAN_POINT('',(0.032,0.070885639685747,0.0264820009377152));
#7144=CARTESIAN_POINT('',(0.032,0.0708960208362996,0.0265517125294866));
#7145=CARTESIAN_POINT('',(0.032,0.0709087359126725,0.0266267618044206));
#7146=CARTESIAN_POINT('',(0.032,0.0709240021809348,0.0267070810845942));
#7147=CARTESIAN_POINT('',(0.032,0.0709420350914021,0.0267925961197614));
#7148=CARTESIAN_POINT('',(0.032,0.0709630481004956,0.0268832261687507));
#7149=CARTESIAN_POINT('',(0.032,0.0709872524980913,0.0269788840396645));
#7150=CARTESIAN_POINT('',(0.032,0.0710148572348168,0.0270794761476006));
#7151=CARTESIAN_POINT('',(0.032,0.0710460687513335,0.027184902573192));
#7152=CARTESIAN_POINT('',(0.032,0.0710810908078782,0.0272950571263906));
#7153=CARTESIAN_POINT('',(0.032,0.071120124319677,0.0274098274147993));
#7154=CARTESIAN_POINT('',(0.032,0.0711633671774606,0.027529094914239));
#7155=CARTESIAN_POINT('',(0.032,0.0712110141336954,0.027652735051532));
#7156=CARTESIAN_POINT('',(0.032,0.0712632564441176,0.0277806172603915));
#7157=CARTESIAN_POINT('',(0.032,0.0713202824606697,0.0279126051609233));
#7158=CARTESIAN_POINT('',(0.032,0.0713822745751474,0.0280485562835033));
#7159=CARTESIAN_POINT('',(0.032,0.0714494201912501,0.0281883235623845));
#7160=CARTESIAN_POINT('',(0.032,0.0715218688764635,0.0283317500576309));
#7161=CARTESIAN_POINT('',(0.032,0.0715998958420345,0.028478689654904));
#7162=CARTESIAN_POINT('',(0.032,0.0716704547638651,0.0286058275253595));
#7163=CARTESIAN_POINT('',(0.032,0.0717159066299509,0.0286840534800746));
#7164=CARTESIAN_POINT('',(0.032,0.0717322582802921,0.0287119939400085));
#7165=CARTESIAN_POINT('',(0.032,0.0736174119211349,0.0249043075147196));
#7166=CARTESIAN_POINT('',(0.032,0.0736751467152259,0.0254638083943517));
#7167=CARTESIAN_POINT('',(0.032,0.073737766050996,0.026070644774335));
#7168=CARTESIAN_POINT('',(0.032,0.0737384117323464,0.026087139228962));
#7169=CARTESIAN_POINT('',(0.032,0.0737393365063039,0.0261032189760738));
#7170=CARTESIAN_POINT('',(0.032,0.0737399042689572,0.0261222308570782));
#7171=CARTESIAN_POINT('',(0.032,0.0737402345261664,0.026147827203337));
#7172=CARTESIAN_POINT('',(0.032,0.0737399849172589,0.0261787641739397));
#7173=CARTESIAN_POINT('',(0.032,0.0737389671422365,0.0262154203493483));
#7174=CARTESIAN_POINT('',(0.032,0.0737369446802418,0.0262576529845105));
#7175=CARTESIAN_POINT('',(0.032,0.073733696526024,0.0263054708625813));
#7176=CARTESIAN_POINT('',(0.032,0.0737289979432737,0.0263588286044704));
#7177=CARTESIAN_POINT('',(0.032,0.0737226264569358,0.0264176882200757));
#7178=CARTESIAN_POINT('',(0.032,0.0737143603142531,0.0264820009377152));
#7179=CARTESIAN_POINT('',(0.032,0.0737039791637004,0.0265517125294866));
#7180=CARTESIAN_POINT('',(0.032,0.0736912640873275,0.0266267618044206));
#7181=CARTESIAN_POINT('',(0.032,0.0736759978190652,0.0267070810845942));
#7182=CARTESIAN_POINT('',(0.032,0.073657964908598,0.0267925961197614));
#7183=CARTESIAN_POINT('',(0.032,0.0736369518995044,0.0268832261687507));
#7184=CARTESIAN_POINT('',(0.032,0.0736127475019087,0.0269788840396645));
#7185=CARTESIAN_POINT('',(0.032,0.0735851427651833,0.0270794761476007));
#7186=CARTESIAN_POINT('',(0.032,0.0735539312486665,0.027184902573192));
#7187=CARTESIAN_POINT('',(0.032,0.0735189091921218,0.0272950571263906));
#7188=CARTESIAN_POINT('',(0.032,0.073479875680323,0.0274098274147993));
#7189=CARTESIAN_POINT('',(0.032,0.0734366328225394,0.027529094914239));
#7190=CARTESIAN_POINT('',(0.032,0.0733889858663046,0.027652735051532));
#7191=CARTESIAN_POINT('',(0.032,0.0733367435558825,0.0277806172603915));
#7192=CARTESIAN_POINT('',(0.032,0.0732797175393303,0.0279126051609233));
#7193=CARTESIAN_POINT('',(0.032,0.0732177254248526,0.0280485562835033));
#7194=CARTESIAN_POINT('',(0.032,0.07315057980875,0.0281883235623845));
#7195=CARTESIAN_POINT('',(0.032,0.0730781311235366,0.0283317500576309));
#7196=CARTESIAN_POINT('',(0.032,0.0730001041579655,0.028478689654904));
#7197=CARTESIAN_POINT('',(0.032,0.072929545236135,0.0286058275253595));
#7198=CARTESIAN_POINT('',(0.032,0.0728840933700491,0.0286840534800746));
#7199=CARTESIAN_POINT('',(0.032,0.072867741719708,0.0287119939400085));
#7200=CARTESIAN_POINT('',(0.032,0.0736845347545954,0.0255553247087352));
#7201=CARTESIAN_POINT('',(0.032,0.0743518169044298,0.0254866587453879));
#7202=CARTESIAN_POINT('',(0.032,0.0742505198624928,0.0248235453378135));
#7203=CARTESIAN_POINT('',(0.032,0.072300000000001,0.0120550000000058));
#7204=CARTESIAN_POINT('',(0.032,0.0748342105850184,0.0247206249150431));
#7205=CARTESIAN_POINT('',(0.032,0.0749658206449025,0.0253783933196867));
#7206=CARTESIAN_POINT('',(0.032,0.0756163458997098,0.0252146942822183));
#7207=CARTESIAN_POINT('',(0.032,0.0754567597369941,0.0245799808678765));
#7208=CARTESIAN_POINT('',(0.032,0.0755938673480668,0.0251254861783398));
#7209=CARTESIAN_POINT('',(0.032,0.0757425746859824,0.0257171429208297));
#7210=CARTESIAN_POINT('',(0.032,0.0757476093797175,0.0257328634741545));
#7211=CARTESIAN_POINT('',(0.032,0.0757522399738656,0.025748289785181));
#7212=CARTESIAN_POINT('',(0.032,0.075758208897756,0.0257663492957322));
#7213=CARTESIAN_POINT('',(0.032,0.0757666530235096,0.0257905149480487));
#7214=CARTESIAN_POINT('',(0.032,0.0757774686462776,0.0258195008197592));
#7215=CARTESIAN_POINT('',(0.032,0.0757909621923228,0.0258535982577379));
#7216=CARTESIAN_POINT('',(0.032,0.0758073070968662,0.0258925922306148));
#7217=CARTESIAN_POINT('',(0.032,0.0758267140409272,0.0259364154036085));
#7218=CARTESIAN_POINT('',(0.032,0.0758493786869942,0.0259849482699777));
#7219=CARTESIAN_POINT('',(0.032,0.0758754970998548,0.0260380790397539));
#7220=CARTESIAN_POINT('',(0.032,0.0759052609780409,0.0260956860386373));
#7221=CARTESIAN_POINT('',(0.032,0.0759388588372196,0.0261576429444082));
#7222=CARTESIAN_POINT('',(0.032,0.0759764754644294,0.0262238173820156));
#7223=CARTESIAN_POINT('',(0.032,0.0760182918757791,0.0262940714456425));
#7224=CARTESIAN_POINT('',(0.032,0.0760644851332609,0.0263682616745328));
#7225=CARTESIAN_POINT('',(0.032,0.0761152282051915,0.0264462391904076));
#7226=CARTESIAN_POINT('',(0.032,0.0761706898177229,0.0265278497942905));
#7227=CARTESIAN_POINT('',(0.032,0.0762310343122964,0.0266129340798162));
#7228=CARTESIAN_POINT('',(0.032,0.0762964215052418,0.0267013275466278));
#7229=CARTESIAN_POINT('',(0.032,0.0763670065494145,0.0267928607186155));
#7230=CARTESIAN_POINT('',(0.032,0.0764429398029063,0.0268873592644186));
#7231=CARTESIAN_POINT('',(0.032,0.0765243666845197,0.0269846441251247));
#7232=CARTESIAN_POINT('',(0.032,0.0766114275951742,0.0270845316309714));
#7233=CARTESIAN_POINT('',(0.032,0.0767042576001736,0.0271868336764684));
#7234=CARTESIAN_POINT('',(0.032,0.0768029870477776,0.0272913576862765));
#7235=CARTESIAN_POINT('',(0.032,0.0769077386027293,0.0273979074010739));
#7236=CARTESIAN_POINT('',(0.032,0.0770186380674543,0.0275062805284228));
#7237=CARTESIAN_POINT('',(0.032,0.0771357723127959,0.0276162784379304));
#7238=CARTESIAN_POINT('',(0.032,0.0772593499786848,0.0277276696992415));
#7239=CARTESIAN_POINT('',(0.032,0.077369137389535,0.0278230076453735));
#7240=CARTESIAN_POINT('',(0.032,0.0774386030249402,0.0278809705440201));
#7241=CARTESIAN_POINT('',(0.032,0.0774635247502147,0.0279016333942481));
#7242=CARTESIAN_POINT('',(0.032,0.0779326842586459,0.0236788180397055));
#7243=CARTESIAN_POINT('',(0.032,0.0781782977896584,0.0241848304250691));
#7244=CARTESIAN_POINT('',(0.032,0.0784446909830571,0.0247336530191688));
#7245=CARTESIAN_POINT('',(0.032,0.0784509391607931,0.0247489319004376));
#7246=CARTESIAN_POINT('',(0.032,0.0784573077614686,0.0247637256288212));
#7247=CARTESIAN_POINT('',(0.032,0.0784643437301103,0.0247813967668442));
#7248=CARTESIAN_POINT('',(0.032,0.0784734085363889,0.0248053365099247));
#7249=CARTESIAN_POINT('',(0.032,0.07848375504786,0.0248344931241838));
#7250=CARTESIAN_POINT('',(0.032,0.0784953358025489,0.0248692867612806));
#7251=CARTESIAN_POINT('',(0.032,0.0785078797218678,0.0249096641796401));
#7252=CARTESIAN_POINT('',(0.032,0.0785211821328295,0.024955709220976));
#7253=CARTESIAN_POINT('',(0.032,0.0785350163318193,0.0250074561072366));
#7254=CARTESIAN_POINT('',(0.032,0.0785491602672896,0.0250649452303538));
#7255=CARTESIAN_POINT('',(0.032,0.078563388878913,0.0251282066038474));
#7256=CARTESIAN_POINT('',(0.032,0.0785774765569525,0.0251972646348181));
#7257=CARTESIAN_POINT('',(0.032,0.0785911966572815,0.0252721366969124));
#7258=CARTESIAN_POINT('',(0.032,0.0786043218693654,0.0253528335030575));
#7259=CARTESIAN_POINT('',(0.032,0.0786166243410523,0.025439358969193));
#7260=CARTESIAN_POINT('',(0.032,0.0786278758738116,0.0255317102298315));
#7261=CARTESIAN_POINT('',(0.032,0.0786378480987205,0.025629877616784));
#7262=CARTESIAN_POINT('',(0.032,0.0786463126584946,0.0257338446543324));
#7263=CARTESIAN_POINT('',(0.032,0.0786530413879313,0.0258435880558489));
#7264=CARTESIAN_POINT('',(0.032,0.0786578064959045,0.0259590777254345));
#7265=CARTESIAN_POINT('',(0.032,0.0786603807433949,0.0260802767658375));
#7266=CARTESIAN_POINT('',(0.032,0.0786605376362864,0.0262071414833776));
#7267=CARTESIAN_POINT('',(0.032,0.0786580515605874,0.0263396214268252));
#7268=CARTESIAN_POINT('',(0.032,0.0786526981383938,0.0264776593173186));
#7269=CARTESIAN_POINT('',(0.032,0.078644253732104,0.0266211914198357));
#7270=CARTESIAN_POINT('',(0.032,0.0786324982220126,0.0267701462383905));
#7271=CARTESIAN_POINT('',(0.032,0.078617205206798,0.0269244496722256));
#7272=CARTESIAN_POINT('',(0.032,0.0785981804623782,0.0270840054011342));
#7273=CARTESIAN_POINT('',(0.032,0.0785751154007283,0.027248770250341));
#7274=CARTESIAN_POINT('',(0.032,0.0785522954152288,0.0273923733415878));
#7275=CARTESIAN_POINT('',(0.032,0.0785363394843105,0.0274814271477406));
#7276=CARTESIAN_POINT('',(0.032,0.0785305301592584,0.0275132751855552));
#7277=CARTESIAN_POINT('',(0.032,0.0782184200839397,0.0242676167318061));
#7278=CARTESIAN_POINT('',(0.032,0.0788219750534955,0.0239748678962244));
#7279=CARTESIAN_POINT('',(0.032,0.0784999888279802,0.0233863907491843));
#7280=CARTESIAN_POINT('',(0.032,0.072300000000003,0.0120550000000051));
#7281=CARTESIAN_POINT('',(0.032,0.0790132778350115,0.0230900432028027));
#7282=CARTESIAN_POINT('',(0.032,0.0793619208811371,0.0236631300272877));
#7283=CARTESIAN_POINT('',(0.032,0.0799172262944572,0.0232868105088629));
#7284=CARTESIAN_POINT('',(0.032,0.0795501795820298,0.0227449566793368));
#7285=CARTESIAN_POINT('',(0.032,0.079865592396878,0.0232106704293886));
#7286=CARTESIAN_POINT('',(0.032,0.0802076901088399,0.023715784999317));
#7287=CARTESIAN_POINT('',(0.032,0.0802177979192921,0.0237288355205982));
#7288=CARTESIAN_POINT('',(0.032,0.0802274253635512,0.0237417477547615));
#7289=CARTESIAN_POINT('',(0.032,0.0802392110336721,0.023756676651357));
#7290=CARTESIAN_POINT('',(0.032,0.0802554110562006,0.0237764968754148));
#7291=CARTESIAN_POINT('',(0.032,0.0802754881691018,0.0238000355243189));
#7292=CARTESIAN_POINT('',(0.032,0.0802998299653732,0.0238274615706229));
#7293=CARTESIAN_POINT('',(0.032,0.0803285258757523,0.0238585136325958));
#7294=CARTESIAN_POINT('',(0.032,0.0803617508457866,0.0238930563790882));
#7295=CARTESIAN_POINT('',(0.032,0.0803996478643602,0.0239309105899847));
#7296=CARTESIAN_POINT('',(0.032,0.0804423629376858,0.02397190415897));
#7297=CARTESIAN_POINT('',(0.032,0.0804900345883978,0.0240158571848432));
#7298=CARTESIAN_POINT('',(0.032,0.0805427967585341,0.0240625864873911));
#7299=CARTESIAN_POINT('',(0.032,0.0806007778161769,0.0241119044738657));
#7300=CARTESIAN_POINT('',(0.032,0.0806641006942609,0.0241636196440329));
#7301=CARTESIAN_POINT('',(0.032,0.080732882710165,0.0242175366301109));
#7302=CARTESIAN_POINT('',(0.032,0.0808072354815699,0.0242734563736312));
#7303=CARTESIAN_POINT('',(0.032,0.0808872648200395,0.0243311762672109));
#7304=CARTESIAN_POINT('',(0.032,0.0809730706358255,0.0243904903097812));
#7305=CARTESIAN_POINT('',(0.032,0.0810647468447181,0.0244511892611669));
#7306=CARTESIAN_POINT('',(0.032,0.0811623812784674,0.0245130608005163));
#7307=CARTESIAN_POINT('',(0.032,0.0812660556026255,0.0245758896844401));
#7308=CARTESIAN_POINT('',(0.032,0.0813758452244134,0.0246394579164398));
#7309=CARTESIAN_POINT('',(0.032,0.0814918192587804,0.0247035448834525));
#7310=CARTESIAN_POINT('',(0.032,0.0816140402897293,0.0247679276290825));
#7311=CARTESIAN_POINT('',(0.032,0.0817425649399126,0.0248323806099742));
#7312=CARTESIAN_POINT('',(0.032,0.0818774413518429,0.0248966774488779));
#7313=CARTESIAN_POINT('',(0.032,0.0820187185530426,0.0249605850261192));
#7314=CARTESIAN_POINT('',(0.032,0.0821664102398067,0.0250238869786054));
#7315=CARTESIAN_POINT('',(0.032,0.0823206333156953,0.0250862944738802));
#7316=CARTESIAN_POINT('',(0.032,0.0824564072335268,0.025138333332347));
#7317=CARTESIAN_POINT('',(0.032,0.082541508057418,0.0251690419939071));
#7318=CARTESIAN_POINT('',(0.032,0.0825719939297522,0.0251799349897405));
#7319=CARTESIAN_POINT('',(0.032,0.081568571744998,0.021051324559819));
#7320=CARTESIAN_POINT('',(0.032,0.0819724393962223,0.0214428158892918));
#7321=CARTESIAN_POINT('',(0.032,0.082410475496581,0.0218674285929008));
#7322=CARTESIAN_POINT('',(0.032,0.0824215725482543,0.0218796490422381));
#7323=CARTESIAN_POINT('',(0.032,0.0824326168284159,0.0218913724099183));
#7324=CARTESIAN_POINT('',(0.032,0.0824452723613879,0.0219055714049162));
#7325=CARTESIAN_POINT('',(0.032,0.0824619783673163,0.0219249670584898));
#7326=CARTESIAN_POINT('',(0.032,0.0824816730571844,0.0219488265984199));
#7327=CARTESIAN_POINT('',(0.032,0.0825044555316553,0.0219775610710715));
#7328=CARTESIAN_POINT('',(0.032,0.0825300528504895,0.022011213160067));
#7329=CARTESIAN_POINT('',(0.032,0.082558301359546,0.0220499316531305));
#7330=CARTESIAN_POINT('',(0.032,0.0825889997317067,0.0220938262455769));
#7331=CARTESIAN_POINT('',(0.032,0.0826219531216252,0.0221430108395088));
#7332=CARTESIAN_POINT('',(0.032,0.082656960307001,0.0221975906135747));
#7333=CARTESIAN_POINT('',(0.032,0.0826938176317491,0.0222576656660218));
#7334=CARTESIAN_POINT('',(0.032,0.0827323180621934,0.0223233298395938));
#7335=CARTESIAN_POINT('',(0.032,0.0827722516603385,0.0223946709459313));
#7336=CARTESIAN_POINT('',(0.032,0.0828134056545291,0.0224717705948392));
#7337=CARTESIAN_POINT('',(0.032,0.0828555646282354,0.0225547041421345));
#7338=CARTESIAN_POINT('',(0.032,0.0828985106781505,0.022643540609463));
#7339=CARTESIAN_POINT('',(0.032,0.0829420235835919,0.022738342617505));
#7340=CARTESIAN_POINT('',(0.032,0.0829858809749065,0.0228391663210837));
#7341=CARTESIAN_POINT('',(0.032,0.0830298585050505,0.0229460613484584));
#7342=CARTESIAN_POINT('',(0.032,0.0830737300195909,0.0230590707478758));
#7343=CARTESIAN_POINT('',(0.032,0.0831172677395593,0.0231782309262571));
#7344=CARTESIAN_POINT('',(0.032,0.0831602424018159,0.0233035716394838));
#7345=CARTESIAN_POINT('',(0.032,0.0832024235695757,0.0234351158047953));
#7346=CARTESIAN_POINT('',(0.032,0.083243579293573,0.023572880019426));
#7347=CARTESIAN_POINT('',(0.032,0.0832834782758776,0.0237168723844987));
#7348=CARTESIAN_POINT('',(0.032,0.0833218824248868,0.0238671007018912));
#7349=CARTESIAN_POINT('',(0.032,0.0833585762862129,0.0240235408887639));
#7350=CARTESIAN_POINT('',(0.032,0.0833932551153233,0.0241862579174196));
#7351=CARTESIAN_POINT('',(0.032,0.0834209264931932,0.0243290055772976));
#7352=CARTESIAN_POINT('',(0.032,0.0834363910181956,0.0244181460315719));
#7353=CARTESIAN_POINT('',(0.032,0.0834418247087704,0.0244500603038796));
#7354=CARTESIAN_POINT('',(0.032,0.082038456604583,0.0215068869379942));
#7355=CARTESIAN_POINT('',(0.032,0.0825054867570093,0.0210253650602619));
#7356=CARTESIAN_POINT('',(0.032,0.0820016476387232,0.0205825032026869));
#7357=CARTESIAN_POINT('',(0.032,0.0723000000000045,0.0120550000000038));
#7358=CARTESIAN_POINT('',(0.032,0.0823826247006735,0.0201284724204117));
#7359=CARTESIAN_POINT('',(0.032,0.0829062492362545,0.0205477549358445));
#7360=CARTESIAN_POINT('',(0.032,0.0832993567798058,0.0200042046242698));
#7361=CARTESIAN_POINT('',(0.032,0.082769120768218,0.0196205659483111));
#7362=CARTESIAN_POINT('',(0.032,0.0832247953463736,0.0199503161864923));
#7363=CARTESIAN_POINT('',(0.032,0.0837190213994948,0.0203079643120288));
#7364=CARTESIAN_POINT('',(0.032,0.0837329831755481,0.0203167707157946));
#7365=CARTESIAN_POINT('',(0.032,0.0837464462580545,0.0203256114670903));
#7366=CARTESIAN_POINT('',(0.032,0.0837626271486514,0.0203356091044736));
#7367=CARTESIAN_POINT('',(0.032,0.0837846291061511,0.020348693288736));
#7368=CARTESIAN_POINT('',(0.032,0.0838115461130629,0.0203639456063825));
#7369=CARTESIAN_POINT('',(0.032,0.0838438001796835,0.0203813922750621));
#7370=CARTESIAN_POINT('',(0.032,0.0838813859456001,0.0204007570891776));
#7371=CARTESIAN_POINT('',(0.032,0.0839244215198733,0.0204218530441449));
#7372=CARTESIAN_POINT('',(0.032,0.083972979971213,0.0204444628230659));
#7373=CARTESIAN_POINT('',(0.032,0.0840271396367532,0.0204683747618401));
#7374=CARTESIAN_POINT('',(0.032,0.0840869691553567,0.0204933724311053));
#7375=CARTESIAN_POINT('',(0.032,0.0841525317400454,0.0205192378868919));
#7376=CARTESIAN_POINT('',(0.032,0.0842238838568603,0.0205457509452089));
#7377=CARTESIAN_POINT('',(0.032,0.0843010755280355,0.0205726896091596));
#7378=CARTESIAN_POINT('',(0.032,0.0843841501761294,0.0205998301681743));
#7379=CARTESIAN_POINT('',(0.032,0.0844731446054471,0.0206269473929841));
#7380=CARTESIAN_POINT('',(0.032,0.0845680889505282,0.0206538147052397));
#7381=CARTESIAN_POINT('',(0.032,0.0846690066397839,0.0206802043559388));
#7382=CARTESIAN_POINT('',(0.032,0.0847759143608346,0.0207058876025404));
#7383=CARTESIAN_POINT('',(0.032,0.0848888220305195,0.0207306348884792));
#7384=CARTESIAN_POINT('',(0.032,0.0850077327717805,0.0207542160198669));
#7385=CARTESIAN_POINT('',(0.032,0.0851326428850329,0.0207764003562139));
#7386=CARTESIAN_POINT('',(0.032,0.0852635418629734,0.020796956950348));
#7387=CARTESIAN_POINT('',(0.032,0.0854004122597489,0.0208156548867998));
#7388=CARTESIAN_POINT('',(0.032,0.0855432301428776,0.0208322628580549));
#7389=CARTESIAN_POINT('',(0.032,0.0856919633259438,0.0208465516733729));
#7390=CARTESIAN_POINT('',(0.032,0.0858465781481241,0.0208582855035159));
#7391=CARTESIAN_POINT('',(0.032,0.0860070134791899,0.0208672563492734));
#7392=CARTESIAN_POINT('',(0.032,0.0861732803860358,0.0208731528135453));
#7393=CARTESIAN_POINT('',(0.032,0.0863186644725486,0.0208756159300041));
#7394=CARTESIAN_POINT('',(0.032,0.0864091360696101,0.0208753664366819));
#7395=CARTESIAN_POINT('',(0.032,0.0864415090428769,0.0208751757220597));
#7396=CARTESIAN_POINT('',(0.032,0.0840865326893529,0.0173387415664085));
#7397=CARTESIAN_POINT('',(0.032,0.0845999420615996,0.0175684922078594));
#7398=CARTESIAN_POINT('',(0.032,0.0851567874504907,0.0178176804623062));
#7399=CARTESIAN_POINT('',(0.032,0.0851713949078945,0.0178253685131674));
#7400=CARTESIAN_POINT('',(0.032,0.0851857827643584,0.0178326075089834));
#7401=CARTESIAN_POINT('',(0.032,0.0852025314176086,0.0178416217526045));
#7402=CARTESIAN_POINT('',(0.032,0.0852248636323175,0.017854133914601));
#7403=CARTESIAN_POINT('',(0.032,0.0852515310303217,0.0178698185675572));
#7404=CARTESIAN_POINT('',(0.032,0.08528276732192,0.0178890280742862));
#7405=CARTESIAN_POINT('',(0.032,0.0853183306258418,0.017911895895333));
#7406=CARTESIAN_POINT('',(0.032,0.0853581180458974,0.0179386178184364));
#7407=CARTESIAN_POINT('',(0.032,0.0854019779144867,0.0179693657814044));
#7408=CARTESIAN_POINT('',(0.032,0.085449766093689,0.0180043134582356));
#7409=CARTESIAN_POINT('',(0.032,0.0855013294696098,0.0180436285066099));
#7410=CARTESIAN_POINT('',(0.032,0.0855565109037458,0.0180874746425948));
#7411=CARTESIAN_POINT('',(0.032,0.0856151479441878,0.0181360108592117));
#7412=CARTESIAN_POINT('',(0.032,0.0856770733471007,0.0181893914754346));
#7413=CARTESIAN_POINT('',(0.032,0.0857421150847273,0.0182477659515871));
#7414=CARTESIAN_POINT('',(0.032,0.0858100965049515,0.0183112787757667));
#7415=CARTESIAN_POINT('',(0.032,0.0858808364524369,0.0183800693344247));
#7416=CARTESIAN_POINT('',(0.032,0.0859541494049672,0.0184542717916619));
#7417=CARTESIAN_POINT('',(0.032,0.0860298456095011,0.0185340149706517));
#7418=CARTESIAN_POINT('',(0.032,0.0861077312226412,0.0186194222379115));
#7419=CARTESIAN_POINT('',(0.032,0.0861876084521035,0.0187106113949325));
#7420=CARTESIAN_POINT('',(0.032,0.0862692757075723,0.0188076945580252));
#7421=CARTESIAN_POINT('',(0.032,0.0863525277292779,0.018910778101184));
#7422=CARTESIAN_POINT('',(0.032,0.0864371558156314,0.0190199623735917));
#7423=CARTESIAN_POINT('',(0.032,0.0865229476822079,0.0191353423028684));
#7424=CARTESIAN_POINT('',(0.032,0.0866096887507964,0.0192570046101305));
#7425=CARTESIAN_POINT('',(0.032,0.0866971579568741,0.0193850380588687));
#7426=CARTESIAN_POINT('',(0.032,0.0867851446027264,0.0195194937083575));
#7427=CARTESIAN_POINT('',(0.032,0.0868733845440014,0.0196605368413587));
#7428=CARTESIAN_POINT('',(0.032,0.0869482097086835,0.0197852115953554));
#7429=CARTESIAN_POINT('',(0.032,0.0869932294396592,0.0198636870433927));
#7430=CARTESIAN_POINT('',(0.032,0.0870092507625848,0.0198918182179489));
#7431=CARTESIAN_POINT('',(0.032,0.0846838915344012,0.0176061200844655));
#7432=CARTESIAN_POINT('',(0.032,0.0849580661406842,0.0169939038095434));
#7433=CARTESIAN_POINT('',(0.032,0.0843331445631663,0.0167500729174019));
#7434=CARTESIAN_POINT('',(0.032,0.0723000000000056,0.012055000000002));
#7435=CARTESIAN_POINT('',(0.032,0.0845358582237416,0.0161931217123562));
#7436=CARTESIAN_POINT('',(0.032,0.0851713074019118,0.0164080282594248));
#7437=CARTESIAN_POINT('',(0.032,0.0853548025042927,0.0157628073442241));
#7438=CARTESIAN_POINT('',(0.032,0.0847253314819921,0.0155836563080574));
#7439=CARTESIAN_POINT('',(0.032,0.0852663067442891,0.015737670289048));
#7440=CARTESIAN_POINT('',(0.032,0.0858530501825634,0.0159047143279289));
#7441=CARTESIAN_POINT('',(0.032,0.0858691819279718,0.0159082144319164));
#7442=CARTESIAN_POINT('',(0.032,0.0858848568022815,0.0159119173752627));
#7443=CARTESIAN_POINT('',(0.032,0.0859034812591439,0.015915777890816));
#7444=CARTESIAN_POINT('',(0.032,0.0859286313908259,0.015920547889559));
#7445=CARTESIAN_POINT('',(0.032,0.085959141703462,0.0159256742213393));
#7446=CARTESIAN_POINT('',(0.032,0.0859954177239781,0.0159310371866664));
#7447=CARTESIAN_POINT('',(0.032,0.0860373599473557,0.0159363790705478));
#7448=CARTESIAN_POINT('',(0.032,0.0860850154004731,0.0159414837504781));
#7449=CARTESIAN_POINT('',(0.032,0.086138378418701,0.0159461220244009));
#7450=CARTESIAN_POINT('',(0.032,0.08619745022148,0.0159500682002451));
#7451=CARTESIAN_POINT('',(0.032,0.0862622212850418,0.0159530954250626));
#7452=CARTESIAN_POINT('',(0.032,0.0863326764689687,0.0159549772783865));
#7453=CARTESIAN_POINT('',(0.032,0.0864087935266227,0.0159554875424218));
#7454=CARTESIAN_POINT('',(0.032,0.0864905435361176,0.0159544004997112));
#7455=CARTESIAN_POINT('',(0.032,0.08657789078779,0.0159514910796936));
#7456=CARTESIAN_POINT('',(0.032,0.0866707928334269,0.0159465350482731));
#7457=CARTESIAN_POINT('',(0.032,0.0867692004958734,0.0159393091848275));
#7458=CARTESIAN_POINT('',(0.032,0.0868730578958882,0.0159295914623112));
#7459=CARTESIAN_POINT('',(0.032,0.0869823024801483,0.0159171612255441));
#7460=CARTESIAN_POINT('',(0.032,0.087096865054465,0.0159017993701571));
#7461=CARTESIAN_POINT('',(0.032,0.0872166698224971,0.0158832885165428));
#7462=CARTESIAN_POINT('',(0.032,0.087341634424079,0.0158614131988676));
#7463=CARTESIAN_POINT('',(0.032,0.0874716699969901,0.0158359599914876));
#7464=CARTESIAN_POINT('',(0.032,0.0876066811697493,0.0158067178716732));
#7465=CARTESIAN_POINT('',(0.032,0.0877465663413506,0.0157734776668506));
#7466=CARTESIAN_POINT('',(0.032,0.0878912168786069,0.0157360350165751));
#7467=CARTESIAN_POINT('',(0.032,0.0880405204923411,0.0156941798265317));
#7468=CARTESIAN_POINT('',(0.032,0.0881943485990087,0.0156477375491666));
#7469=CARTESIAN_POINT('',(0.032,0.0883526050940082,0.0155964117818218));
#7470=CARTESIAN_POINT('',(0.032,0.0884900638827282,0.015549002068076));
#7471=CARTESIAN_POINT('',(0.032,0.0885749940431357,0.0155178245124483));
#7472=CARTESIAN_POINT('',(0.032,0.088605349458985,0.0155065730903684));
#7473=CARTESIAN_POINT('',(0.032,0.088605349458985,0.0155065730903684));
#7474=CARTESIAN_POINT('',(0.032,0.0723,0.012055));
#7475=CARTESIAN_POINT('',(0.032,0.0888025240890106,0.0143883401958147));
#7476=CARTESIAN_POINT('',(0.032,0.0851828638406757,0.0129888613603687));
#7477=CARTESIAN_POINT('',(0.032,0.0857438901865364,0.0130291599956804));
#7478=CARTESIAN_POINT('',(0.032,0.086352381091897,0.0130728680198518));
#7479=CARTESIAN_POINT('',(0.032,0.0863687370800852,0.0130750963798394));
#7480=CARTESIAN_POINT('',(0.032,0.0863847331250198,0.0130769778740597));
#7481=CARTESIAN_POINT('',(0.032,0.0864035547637824,0.0130797201154872));
#7482=CARTESIAN_POINT('',(0.032,0.0864288195925894,0.0130838396345099));
#7483=CARTESIAN_POINT('',(0.032,0.0864592432169617,0.0130894575998649));
#7484=CARTESIAN_POINT('',(0.032,0.086495165767922,0.0130968251906577));
#7485=CARTESIAN_POINT('',(0.032,0.0865364055976201,0.0131061505470443));
#7486=CARTESIAN_POINT('',(0.032,0.0865829329786161,0.0131176528418878));
#7487=CARTESIAN_POINT('',(0.032,0.0866346641961795,0.013131545517252));
#7488=CARTESIAN_POINT('',(0.032,0.0866915232049753,0.0131480410713838));
#7489=CARTESIAN_POINT('',(0.032,0.0867534234673108,0.0131673494190041));
#7490=CARTESIAN_POINT('',(0.032,0.0868202733154865,0.013189678147427));
#7491=CARTESIAN_POINT('',(0.032,0.0868919744734585,0.0132152322230467));
#7492=CARTESIAN_POINT('',(0.032,0.0869684225636263,0.0132442138590246));
#7493=CARTESIAN_POINT('',(0.032,0.0870495070512174,0.013276822339082));
#7494=CARTESIAN_POINT('',(0.032,0.0871351113553815,0.0133132538562003));
#7495=CARTESIAN_POINT('',(0.032,0.08722511291876,0.0133537013495732));
#7496=CARTESIAN_POINT('',(0.032,0.0873193832943201,0.0133983543445511));
#7497=CARTESIAN_POINT('',(0.032,0.0874177882326494,0.013447398794682));
#7498=CARTESIAN_POINT('',(0.032,0.0875201877743718,0.0135010169249183));
#7499=CARTESIAN_POINT('',(0.032,0.0876264363460204,0.0135593870813975));
#7500=CARTESIAN_POINT('',(0.032,0.0877363828606997,0.0136226835669378));
#7501=CARTESIAN_POINT('',(0.032,0.0878498708193678,0.0136910765433727));
#7502=CARTESIAN_POINT('',(0.032,0.0879667384281231,0.0137647316882361));
#7503=CARTESIAN_POINT('',(0.032,0.0880868186720167,0.0138438108098615));
#7504=CARTESIAN_POINT('',(0.032,0.0882099395738554,0.0139284687895126));
#7505=CARTESIAN_POINT('',(0.032,0.0883359237598406,0.0140188646461064));
#7506=CARTESIAN_POINT('',(0.032,0.0884645907021848,0.0141151184225288));
#7507=CARTESIAN_POINT('',(0.032,0.0885957487164237,0.0142174757764608));
#7508=CARTESIAN_POINT('',(0.032,0.0887087026487556,0.0143090400092408));
#7509=CARTESIAN_POINT('',(0.032,0.0887778475417285,0.0143673851538335));
#7510=CARTESIAN_POINT('',(0.032,0.0888025240890106,0.0143883401958147));
#7511=CARTESIAN_POINT('',(0.032,0.0858356463783968,0.0130358062229433));
#7512=CARTESIAN_POINT('',(0.032,0.0858838959346327,0.0123667378689367));
#7513=CARTESIAN_POINT('',(0.032,0.0852132666629917,0.0123513475463817));
#7514=CARTESIAN_POINT('',(0.032,0.0723000000000059,0.012055));
#7515=CARTESIAN_POINT('',(0.032,0.0852132666629917,0.0117586524536184));
#7516=CARTESIAN_POINT('',(0.032,0.0858838959346327,0.0117432621310633));
#7517=CARTESIAN_POINT('',(0.032,0.0858356463783968,0.0110741937770567));
#7518=CARTESIAN_POINT('',(0.032,0.0851828638406757,0.0111211386396313));
#7519=CARTESIAN_POINT('',(0.032,0.0857438901865364,0.0110808400043196));
#7520=CARTESIAN_POINT('',(0.032,0.086352381091897,0.0110371319801483));
#7521=CARTESIAN_POINT('',(0.032,0.0863687370800852,0.0110349036201606));
#7522=CARTESIAN_POINT('',(0.032,0.0863847331250198,0.0110330221259404));
#7523=CARTESIAN_POINT('',(0.032,0.0864035547637824,0.0110302798845128));
#7524=CARTESIAN_POINT('',(0.032,0.0864288195925894,0.0110261603654901));
#7525=CARTESIAN_POINT('',(0.032,0.0864592432169617,0.0110205424001351));
#7526=CARTESIAN_POINT('',(0.032,0.086495165767922,0.0110131748093423));
#7527=CARTESIAN_POINT('',(0.032,0.0865364055976201,0.0110038494529558));
#7528=CARTESIAN_POINT('',(0.032,0.0865829329786161,0.0109923471581122));
#7529=CARTESIAN_POINT('',(0.032,0.0866346641961795,0.0109784544827481));
#7530=CARTESIAN_POINT('',(0.032,0.0866915232049753,0.0109619589286162));
#7531=CARTESIAN_POINT('',(0.032,0.0867534234673108,0.0109426505809959));
#7532=CARTESIAN_POINT('',(0.032,0.0868202733154865,0.0109203218525731));
#7533=CARTESIAN_POINT('',(0.032,0.0868919744734585,0.0108947677769533));
#7534=CARTESIAN_POINT('',(0.032,0.0869684225636263,0.0108657861409755));
#7535=CARTESIAN_POINT('',(0.032,0.0870495070512174,0.010833177660918));
#7536=CARTESIAN_POINT('',(0.032,0.0871351113553815,0.0107967461437997));
#7537=CARTESIAN_POINT('',(0.032,0.08722511291876,0.0107562986504268));
#7538=CARTESIAN_POINT('',(0.032,0.0873193832943201,0.0107116456554489));
#7539=CARTESIAN_POINT('',(0.032,0.0874177882326494,0.010662601205318));
#7540=CARTESIAN_POINT('',(0.032,0.0875201877743718,0.0106089830750818));
#7541=CARTESIAN_POINT('',(0.032,0.0876264363460204,0.0105506129186026));
#7542=CARTESIAN_POINT('',(0.032,0.0877363828606997,0.0104873164330622));
#7543=CARTESIAN_POINT('',(0.032,0.0878498708193678,0.0104189234566274));
#7544=CARTESIAN_POINT('',(0.032,0.0879667384281231,0.0103452683117639));
#7545=CARTESIAN_POINT('',(0.032,0.0880868186720167,0.0102661891901385));
#7546=CARTESIAN_POINT('',(0.032,0.0882099395738554,0.0101815312104875));
#7547=CARTESIAN_POINT('',(0.032,0.0883359237598406,0.0100911353538936));
#7548=CARTESIAN_POINT('',(0.032,0.0884645907021848,0.00999488157747121));
#7549=CARTESIAN_POINT('',(0.032,0.0885957487164237,0.00989252422353926));
#7550=CARTESIAN_POINT('',(0.032,0.0887087026487556,0.00980095999075927));
#7551=CARTESIAN_POINT('',(0.032,0.0887778475417285,0.00974261484616654));
#7552=CARTESIAN_POINT('',(0.032,0.0888025240890106,0.0097216598041853));
#7553=CARTESIAN_POINT('',(0.032,0.0847253314819921,0.00852634369194261));
#7554=CARTESIAN_POINT('',(0.032,0.0852663067442891,0.00837232971095203));
#7555=CARTESIAN_POINT('',(0.032,0.0858530501825634,0.00820528567207116));
#7556=CARTESIAN_POINT('',(0.032,0.0858691819279718,0.00820178556808365));
#7557=CARTESIAN_POINT('',(0.032,0.0858848568022815,0.00819808262473728));
#7558=CARTESIAN_POINT('',(0.032,0.0859034812591439,0.00819422210918399));
#7559=CARTESIAN_POINT('',(0.032,0.0859286313908259,0.00818945211044108));
#7560=CARTESIAN_POINT('',(0.032,0.085959141703462,0.00818432577866072));
#7561=CARTESIAN_POINT('',(0.032,0.0859954177239781,0.00817896281333364));
#7562=CARTESIAN_POINT('',(0.032,0.0860373599473557,0.00817362092945222));
#7563=CARTESIAN_POINT('',(0.032,0.0860850154004731,0.00816851624952197));
#7564=CARTESIAN_POINT('',(0.032,0.086138378418701,0.0081638779755992));
#7565=CARTESIAN_POINT('',(0.032,0.08619745022148,0.00815993179975492));
#7566=CARTESIAN_POINT('',(0.032,0.0862622212850418,0.00815690457493748));
#7567=CARTESIAN_POINT('',(0.032,0.0863326764689687,0.00815502272161358));
#7568=CARTESIAN_POINT('',(0.032,0.0864087935266227,0.00815451245757825));
#7569=CARTESIAN_POINT('',(0.032,0.0864905435361176,0.0081555995002888));
#7570=CARTESIAN_POINT('',(0.032,0.08657789078779,0.00815850892030645));
#7571=CARTESIAN_POINT('',(0.032,0.0866707928334269,0.00816346495172701));
#7572=CARTESIAN_POINT('',(0.032,0.0867692004958734,0.00817069081517257));
#7573=CARTESIAN_POINT('',(0.032,0.0868730578958882,0.00818040853768889));
#7574=CARTESIAN_POINT('',(0.032,0.0869823024801483,0.00819283877445599));
#7575=CARTESIAN_POINT('',(0.032,0.087096865054465,0.008208200629843));
#7576=CARTESIAN_POINT('',(0.032,0.0872166698224971,0.00822671148345722));
#7577=CARTESIAN_POINT('',(0.032,0.087341634424079,0.00824858680113237));
#7578=CARTESIAN_POINT('',(0.032,0.0874716699969901,0.00827404000851242));
#7579=CARTESIAN_POINT('',(0.032,0.0876066811697493,0.0083032821283269));
#7580=CARTESIAN_POINT('',(0.032,0.0877465663413506,0.00833652233314948));
#7581=CARTESIAN_POINT('',(0.032,0.0878912168786069,0.00837396498342492));
#7582=CARTESIAN_POINT('',(0.032,0.0880405204923411,0.0084158201734684));
#7583=CARTESIAN_POINT('',(0.032,0.0881943485990087,0.00846226245083342));
#7584=CARTESIAN_POINT('',(0.032,0.0883526050940082,0.00851358821817817));
#7585=CARTESIAN_POINT('',(0.032,0.0884900638827282,0.00856099793192408));
#7586=CARTESIAN_POINT('',(0.032,0.0885749940431357,0.00859217548755174));
#7587=CARTESIAN_POINT('',(0.032,0.088605349458985,0.00860342690963156));
#7588=CARTESIAN_POINT('',(0.032,0.0853548025042927,0.00834719265577589));
#7589=CARTESIAN_POINT('',(0.032,0.0851713074019118,0.00770197174057532));
#7590=CARTESIAN_POINT('',(0.032,0.0845358582237416,0.00791687828764388));
#7591=CARTESIAN_POINT('',(0.032,0.0723000000000056,0.012054999999998));
#7592=CARTESIAN_POINT('',(0.032,0.0843331445631663,0.00735992708259819));
#7593=CARTESIAN_POINT('',(0.032,0.0849580661406843,0.00711609619045666));
#7594=CARTESIAN_POINT('',(0.032,0.0846838915344012,0.00650387991553448));
#7595=CARTESIAN_POINT('',(0.032,0.0840865326893529,0.00677125843359151));
#7596=CARTESIAN_POINT('',(0.032,0.0845999420615996,0.00654150779214057));
#7597=CARTESIAN_POINT('',(0.032,0.0851567874504908,0.00629231953769383));
#7598=CARTESIAN_POINT('',(0.032,0.0851713949078945,0.00628463148683262));
#7599=CARTESIAN_POINT('',(0.032,0.0851857827643584,0.00627739249101664));
#7600=CARTESIAN_POINT('',(0.032,0.0852025314176086,0.00626837824739552));
#7601=CARTESIAN_POINT('',(0.032,0.0852248636323175,0.00625586608539907));
#7602=CARTESIAN_POINT('',(0.032,0.0852515310303217,0.00624018143244282));
#7603=CARTESIAN_POINT('',(0.032,0.08528276732192,0.00622097192571377));
#7604=CARTESIAN_POINT('',(0.032,0.0853183306258418,0.0061981041046671));
#7605=CARTESIAN_POINT('',(0.032,0.0853581180458974,0.00617138218156368));
#7606=CARTESIAN_POINT('',(0.032,0.0854019779144867,0.00614063421859557));
#7607=CARTESIAN_POINT('',(0.032,0.085449766093689,0.00610568654176442));
#7608=CARTESIAN_POINT('',(0.032,0.0855013294696098,0.00606637149339014));
#7609=CARTESIAN_POINT('',(0.032,0.0855565109037458,0.0060225253574053));
#7610=CARTESIAN_POINT('',(0.032,0.0856151479441878,0.00597398914078828));
#7611=CARTESIAN_POINT('',(0.032,0.0856770733471007,0.00592060852456538));
#7612=CARTESIAN_POINT('',(0.032,0.0857421150847273,0.00586223404841296));
#7613=CARTESIAN_POINT('',(0.032,0.0858100965049515,0.00579872122423338));
#7614=CARTESIAN_POINT('',(0.032,0.0858808364524369,0.00572993066557535));
#7615=CARTESIAN_POINT('',(0.032,0.0859541494049672,0.00565572820833817));
#7616=CARTESIAN_POINT('',(0.032,0.0860298456095011,0.00557598502934832));
#7617=CARTESIAN_POINT('',(0.032,0.0861077312226412,0.00549057776208856));
#7618=CARTESIAN_POINT('',(0.032,0.0861876084521035,0.00539938860506756));
#7619=CARTESIAN_POINT('',(0.032,0.0862692757075723,0.00530230544197484));
#7620=CARTESIAN_POINT('',(0.032,0.0863525277292779,0.00519922189881603));
#7621=CARTESIAN_POINT('',(0.032,0.0864371558156314,0.00509003762640828));
#7622=CARTESIAN_POINT('',(0.032,0.0865229476822079,0.00497465769713161));
#7623=CARTESIAN_POINT('',(0.032,0.0866096887507964,0.00485299538986961));
#7624=CARTESIAN_POINT('',(0.032,0.0866971579568741,0.00472496194113133));
#7625=CARTESIAN_POINT('',(0.032,0.0867851446027264,0.00459050629164257));
#7626=CARTESIAN_POINT('',(0.032,0.0868733845440014,0.00444946315864127));
#7627=CARTESIAN_POINT('',(0.032,0.0869482097086835,0.00432478840464462));
#7628=CARTESIAN_POINT('',(0.032,0.0869932294396592,0.00424631295660733));
#7629=CARTESIAN_POINT('',(0.032,0.0870092507625848,0.00421818178205109));
#7630=CARTESIAN_POINT('',(0.032,0.082769120768218,0.00448943405168895));
#7631=CARTESIAN_POINT('',(0.032,0.0832247953463736,0.00415968381350779));
#7632=CARTESIAN_POINT('',(0.032,0.0837190213994948,0.00380203568797118));
#7633=CARTESIAN_POINT('',(0.032,0.0837329831755481,0.00379322928420545));
#7634=CARTESIAN_POINT('',(0.032,0.0837464462580545,0.00378438853290968));
#7635=CARTESIAN_POINT('',(0.032,0.0837626271486514,0.00377439089552638));
#7636=CARTESIAN_POINT('',(0.032,0.0837846291061511,0.00376130671126399));
#7637=CARTESIAN_POINT('',(0.032,0.0838115461130628,0.00374605439361756));
#7638=CARTESIAN_POINT('',(0.032,0.0838438001796835,0.00372860772493796));
#7639=CARTESIAN_POINT('',(0.032,0.0838813859456,0.00370924291082249));
#7640=CARTESIAN_POINT('',(0.032,0.0839244215198733,0.00368814695585508));
#7641=CARTESIAN_POINT('',(0.032,0.083972979971213,0.00366553717693411));
#7642=CARTESIAN_POINT('',(0.032,0.0840271396367532,0.00364162523815992));
#7643=CARTESIAN_POINT('',(0.032,0.0840869691553567,0.00361662756889475));
#7644=CARTESIAN_POINT('',(0.032,0.0841525317400454,0.00359076211310816));
#7645=CARTESIAN_POINT('',(0.032,0.0842238838568603,0.00356424905479115));
#7646=CARTESIAN_POINT('',(0.032,0.0843010755280354,0.00353731039084043));
#7647=CARTESIAN_POINT('',(0.032,0.0843841501761294,0.00351016983182567));
#7648=CARTESIAN_POINT('',(0.032,0.0844731446054471,0.00348305260701598));
#7649=CARTESIAN_POINT('',(0.032,0.0845680889505281,0.00345618529476028));
#7650=CARTESIAN_POINT('',(0.032,0.0846690066397839,0.0034297956440612));
#7651=CARTESIAN_POINT('',(0.032,0.0847759143608346,0.00340411239745969));
#7652=CARTESIAN_POINT('',(0.032,0.0848888220305194,0.00337936511152089));
#7653=CARTESIAN_POINT('',(0.032,0.0850077327717804,0.00335578398013317));
#7654=CARTESIAN_POINT('',(0.032,0.0851326428850329,0.00333359964378621));
#7655=CARTESIAN_POINT('',(0.032,0.0852635418629734,0.00331304304965207));
#7656=CARTESIAN_POINT('',(0.032,0.0854004122597489,0.00329434511320021));
#7657=CARTESIAN_POINT('',(0.032,0.0855432301428776,0.00327773714194519));
#7658=CARTESIAN_POINT('',(0.032,0.0856919633259438,0.00326344832662714));
#7659=CARTESIAN_POINT('',(0.032,0.0858465781481241,0.00325171449648418));
#7660=CARTESIAN_POINT('',(0.032,0.0860070134791899,0.00324274365072663));
#7661=CARTESIAN_POINT('',(0.032,0.0861732803860358,0.00323684718645473));
#7662=CARTESIAN_POINT('',(0.032,0.0863186644725486,0.00323438406999595));
#7663=CARTESIAN_POINT('',(0.032,0.0864091360696101,0.00323463356331812));
#7664=CARTESIAN_POINT('',(0.032,0.0864415090428769,0.0032348242779404));
#7665=CARTESIAN_POINT('',(0.032,0.0832993567798058,0.00410579537573031));
#7666=CARTESIAN_POINT('',(0.032,0.0829062492362544,0.00356224506415551));
#7667=CARTESIAN_POINT('',(0.032,0.0823826247006735,0.00398152757958835));
#7668=CARTESIAN_POINT('',(0.032,0.0723000000000045,0.0120549999999962));
#7669=CARTESIAN_POINT('',(0.032,0.0820016476387232,0.00352749679731313));
#7670=CARTESIAN_POINT('',(0.032,0.0825054867570093,0.00308463493973808));
#7671=CARTESIAN_POINT('',(0.032,0.082038456604583,0.00260311306200588));
#7672=CARTESIAN_POINT('',(0.032,0.081568571744998,0.003058675440181));
#7673=CARTESIAN_POINT('',(0.032,0.0819724393962223,0.00266718411070818));
#7674=CARTESIAN_POINT('',(0.032,0.082410475496581,0.00224257140709927));
#7675=CARTESIAN_POINT('',(0.032,0.0824215725482543,0.00223035095776192));
#7676=CARTESIAN_POINT('',(0.032,0.0824326168284159,0.0022186275900818));
#7677=CARTESIAN_POINT('',(0.032,0.0824452723613879,0.00220442859508391));
#7678=CARTESIAN_POINT('',(0.032,0.0824619783673163,0.00218503294151028));
#7679=CARTESIAN_POINT('',(0.032,0.0824816730571844,0.00216117340158014));
#7680=CARTESIAN_POINT('',(0.032,0.0825044555316553,0.00213243892892853));
#7681=CARTESIAN_POINT('',(0.032,0.0825300528504895,0.00209878683993303));
#7682=CARTESIAN_POINT('',(0.032,0.082558301359546,0.0020600683468696));
#7683=CARTESIAN_POINT('',(0.032,0.0825889997317067,0.00201617375442309));
#7684=CARTESIAN_POINT('',(0.032,0.0826219531216252,0.00196698916049122));
#7685=CARTESIAN_POINT('',(0.032,0.082656960307001,0.00191240938642528));
#7686=CARTESIAN_POINT('',(0.032,0.0826938176317491,0.00185233433397824));
#7687=CARTESIAN_POINT('',(0.032,0.0827323180621934,0.0017866701604062));
#7688=CARTESIAN_POINT('',(0.032,0.0827722516603384,0.00171532905406876));
#7689=CARTESIAN_POINT('',(0.032,0.0828134056545291,0.00163822940516086));
#7690=CARTESIAN_POINT('',(0.032,0.0828555646282354,0.00155529585786548));
#7691=CARTESIAN_POINT('',(0.032,0.0828985106781505,0.00146645939053699));
#7692=CARTESIAN_POINT('',(0.032,0.0829420235835919,0.00137165738249499));
#7693=CARTESIAN_POINT('',(0.032,0.0829858809749065,0.00127083367891632));
#7694=CARTESIAN_POINT('',(0.032,0.0830298585050505,0.00116393865154164));
#7695=CARTESIAN_POINT('',(0.032,0.0830737300195909,0.00105092925212419));
#7696=CARTESIAN_POINT('',(0.032,0.0831172677395593,0.000931769073742955));
#7697=CARTESIAN_POINT('',(0.032,0.0831602424018159,0.000806428360516219));
#7698=CARTESIAN_POINT('',(0.032,0.0832024235695756,0.000674884195204811));
#7699=CARTESIAN_POINT('',(0.032,0.083243579293573,0.000537119980574034));
#7700=CARTESIAN_POINT('',(0.032,0.0832834782758776,0.000393127615501282));
#7701=CARTESIAN_POINT('',(0.032,0.0833218824248868,0.000242899298108889));
#7702=CARTESIAN_POINT('',(0.032,0.0833585762862129,8.64591112361701E-5));
#7703=CARTESIAN_POINT('',(0.032,0.0833932551153233,-7.62579174195949E-5));
#7704=CARTESIAN_POINT('',(0.032,0.0834209264931932,-0.000219005577297503));
#7705=CARTESIAN_POINT('',(0.032,0.0834363910181955,-0.000308146031571782));
#7706=CARTESIAN_POINT('',(0.032,0.0834418247087704,-0.000340060303879619));
#7707=CARTESIAN_POINT('',(0.032,0.0795501795820298,0.0013650433206633));
#7708=CARTESIAN_POINT('',(0.032,0.079865592396878,0.000899329570611424));
#7709=CARTESIAN_POINT('',(0.032,0.0802076901088399,0.000394215000682985));
#7710=CARTESIAN_POINT('',(0.032,0.0802177979192921,0.000381164479401841));
#7711=CARTESIAN_POINT('',(0.032,0.0802274253635512,0.000368252245238537));
#7712=CARTESIAN_POINT('',(0.032,0.0802392110336721,0.000353323348643062));
#7713=CARTESIAN_POINT('',(0.032,0.0802554110562006,0.00033350312458523));
#7714=CARTESIAN_POINT('',(0.032,0.0802754881691018,0.000309964475681129));
#7715=CARTESIAN_POINT('',(0.032,0.0802998299653732,0.000282538429377185));
#7716=CARTESIAN_POINT('',(0.032,0.0803285258757523,0.000251486367404213));
#7717=CARTESIAN_POINT('',(0.032,0.0803617508457866,0.000216943620911847));
#7718=CARTESIAN_POINT('',(0.032,0.0803996478643602,0.000179089410015334));
#7719=CARTESIAN_POINT('',(0.032,0.0804423629376858,0.000138095841030042));
#7720=CARTESIAN_POINT('',(0.032,0.0804900345883978,9.41428151568086E-5));
#7721=CARTESIAN_POINT('',(0.032,0.0805427967585341,4.74135126088821E-5));
#7722=CARTESIAN_POINT('',(0.032,0.0806007778161769,-1.90447386570758E-6));
#7723=CARTESIAN_POINT('',(0.032,0.0806641006942609,-5.36196440329151E-5));
#7724=CARTESIAN_POINT('',(0.032,0.080732882710165,-0.000107536630110899));
#7725=CARTESIAN_POINT('',(0.032,0.0808072354815699,-0.000163456373631188));
#7726=CARTESIAN_POINT('',(0.032,0.0808872648200395,-0.000221176267210799));
#7727=CARTESIAN_POINT('',(0.032,0.0809730706358255,-0.000280490309781195));
#7728=CARTESIAN_POINT('',(0.032,0.0810647468447182,-0.000341189261166844));
#7729=CARTESIAN_POINT('',(0.032,0.0811623812784674,-0.000403060800516192));
#7730=CARTESIAN_POINT('',(0.032,0.0812660556026255,-0.000465889684440043));
#7731=CARTESIAN_POINT('',(0.032,0.0813758452244134,-0.000529457916439755));
#7732=CARTESIAN_POINT('',(0.032,0.0814918192587805,-0.000593544883452479));
#7733=CARTESIAN_POINT('',(0.032,0.0816140402897293,-0.000657927629082414));
#7734=CARTESIAN_POINT('',(0.032,0.0817425649399126,-0.000722380609974149));
#7735=CARTESIAN_POINT('',(0.032,0.0818774413518429,-0.000786677448877865));
#7736=CARTESIAN_POINT('',(0.032,0.0820187185530426,-0.000850585026119149));
#7737=CARTESIAN_POINT('',(0.032,0.0821664102398067,-0.000913886978605352));
#7738=CARTESIAN_POINT('',(0.032,0.0823206333156953,-0.000976294473880146));
#7739=CARTESIAN_POINT('',(0.032,0.0824564072335268,-0.00102833333234696));
#7740=CARTESIAN_POINT('',(0.032,0.082541508057418,-0.00105904199390705));
#7741=CARTESIAN_POINT('',(0.032,0.0825719939297522,-0.00106993498974042));
#7742=CARTESIAN_POINT('',(0.032,0.0799172262944572,0.000823189491137216));
#7743=CARTESIAN_POINT('',(0.032,0.0793619208811371,0.00044686997271233));
#7744=CARTESIAN_POINT('',(0.032,0.0790132778350115,0.00101995679719737));
#7745=CARTESIAN_POINT('',(0.032,0.072300000000003,0.0120549999999949));
#7746=CARTESIAN_POINT('',(0.032,0.0784999888279802,0.000723609250815716));
#7747=CARTESIAN_POINT('',(0.032,0.0788219750534956,0.000135132103775623));
#7748=CARTESIAN_POINT('',(0.032,0.0782184200839397,-0.000157616731806074));
#7749=CARTESIAN_POINT('',(0.032,0.0779326842586459,0.000431181960294596));
#7750=CARTESIAN_POINT('',(0.032,0.0781782977896584,-7.48304250690057E-5));
#7751=CARTESIAN_POINT('',(0.032,0.0784446909830571,-0.00062365301916878));
#7752=CARTESIAN_POINT('',(0.032,0.0784509391607932,-0.000638931900437567));
#7753=CARTESIAN_POINT('',(0.032,0.0784573077614686,-0.000653725628821114));
#7754=CARTESIAN_POINT('',(0.032,0.0784643437301103,-0.000671396766844162));
#7755=CARTESIAN_POINT('',(0.032,0.0784734085363889,-0.000695336509924649));
#7756=CARTESIAN_POINT('',(0.032,0.07848375504786,-0.000724493124183781));
#7757=CARTESIAN_POINT('',(0.032,0.0784953358025489,-0.000759286761280537));
#7758=CARTESIAN_POINT('',(0.032,0.0785078797218678,-0.000799664179640044));
#7759=CARTESIAN_POINT('',(0.032,0.0785211821328295,-0.000845709220975946));
#7760=CARTESIAN_POINT('',(0.032,0.0785350163318193,-0.000897456107236627));
#7761=CARTESIAN_POINT('',(0.032,0.0785491602672896,-0.000954945230353721));
#7762=CARTESIAN_POINT('',(0.032,0.078563388878913,-0.00101820660384733));
#7763=CARTESIAN_POINT('',(0.032,0.0785774765569525,-0.00108726463481808));
#7764=CARTESIAN_POINT('',(0.032,0.0785911966572815,-0.00116213669691237));
#7765=CARTESIAN_POINT('',(0.032,0.0786043218693654,-0.00124283350305747));
#7766=CARTESIAN_POINT('',(0.032,0.0786166243410524,-0.00132935896919291));
#7767=CARTESIAN_POINT('',(0.032,0.0786278758738116,-0.00142171022983147));
#7768=CARTESIAN_POINT('',(0.032,0.0786378480987205,-0.00151987761678398));
#7769=CARTESIAN_POINT('',(0.032,0.0786463126584946,-0.00162384465433229));
#7770=CARTESIAN_POINT('',(0.032,0.0786530413879313,-0.00173358805584881));
#7771=CARTESIAN_POINT('',(0.032,0.0786578064959045,-0.00184907772543446));
#7772=CARTESIAN_POINT('',(0.032,0.0786603807433949,-0.0019702767658375));
#7773=CARTESIAN_POINT('',(0.032,0.0786605376362864,-0.00209714148337753));
#7774=CARTESIAN_POINT('',(0.032,0.0786580515605874,-0.00222962142682513));
#7775=CARTESIAN_POINT('',(0.032,0.0786526981383939,-0.00236765931731853));
#7776=CARTESIAN_POINT('',(0.032,0.0786442537321041,-0.00251119141983567));
#7777=CARTESIAN_POINT('',(0.032,0.0786324982220126,-0.00266014623839042));
#7778=CARTESIAN_POINT('',(0.032,0.078617205206798,-0.00281444967222556));
#7779=CARTESIAN_POINT('',(0.032,0.0785981804623782,-0.00297400540113416));
#7780=CARTESIAN_POINT('',(0.032,0.0785751154007284,-0.0031387702503409));
#7781=CARTESIAN_POINT('',(0.032,0.0785522954152288,-0.00328237334158771));
#7782=CARTESIAN_POINT('',(0.032,0.0785363394843105,-0.00337142714774051));
#7783=CARTESIAN_POINT('',(0.032,0.0785305301592584,-0.00340327518555514));
#7784=CARTESIAN_POINT('',(0.032,0.0754567597369942,-0.000469980867876405));
#7785=CARTESIAN_POINT('',(0.032,0.0755938673480668,-0.0010154861783398));
#7786=CARTESIAN_POINT('',(0.032,0.0757425746859824,-0.0016071429208296));
#7787=CARTESIAN_POINT('',(0.032,0.0757476093797175,-0.00162286347415444));
#7788=CARTESIAN_POINT('',(0.032,0.0757522399738656,-0.00163828978518092));
#7789=CARTESIAN_POINT('',(0.032,0.075758208897756,-0.0016563492957321));
#7790=CARTESIAN_POINT('',(0.032,0.0757666530235096,-0.00168051494804865));
#7791=CARTESIAN_POINT('',(0.032,0.0757774686462776,-0.00170950081975915));
#7792=CARTESIAN_POINT('',(0.032,0.0757909621923228,-0.00174359825773784));
#7793=CARTESIAN_POINT('',(0.032,0.0758073070968662,-0.00178259223061476));
#7794=CARTESIAN_POINT('',(0.032,0.0758267140409272,-0.00182641540360845));
#7795=CARTESIAN_POINT('',(0.032,0.0758493786869942,-0.00187494826997772));
#7796=CARTESIAN_POINT('',(0.032,0.0758754970998548,-0.00192807903975386));
#7797=CARTESIAN_POINT('',(0.032,0.0759052609780409,-0.00198568603863726));
#7798=CARTESIAN_POINT('',(0.032,0.0759388588372196,-0.0020476429444082));
#7799=CARTESIAN_POINT('',(0.032,0.0759764754644294,-0.00211381738201556));
#7800=CARTESIAN_POINT('',(0.032,0.0760182918757792,-0.00218407144564246));
#7801=CARTESIAN_POINT('',(0.032,0.0760644851332609,-0.0022582616745327));
#7802=CARTESIAN_POINT('',(0.032,0.0761152282051915,-0.00233623919040753));
#7803=CARTESIAN_POINT('',(0.032,0.0761706898177229,-0.00241784979429046));
#7804=CARTESIAN_POINT('',(0.032,0.0762310343122964,-0.00250293407981613));
#7805=CARTESIAN_POINT('',(0.032,0.0762964215052418,-0.00259132754662769));
#7806=CARTESIAN_POINT('',(0.032,0.0763670065494146,-0.00268286071861538));
#7807=CARTESIAN_POINT('',(0.032,0.0764429398029063,-0.0027773592644186));
#7808=CARTESIAN_POINT('',(0.032,0.0765243666845197,-0.00287464412512468));
#7809=CARTESIAN_POINT('',(0.032,0.0766114275951742,-0.00297453163097137));
#7810=CARTESIAN_POINT('',(0.032,0.0767042576001736,-0.00307683367646829));
#7811=CARTESIAN_POINT('',(0.032,0.0768029870477777,-0.00318135768627649));
#7812=CARTESIAN_POINT('',(0.032,0.0769077386027293,-0.00328790740107381));
#7813=CARTESIAN_POINT('',(0.032,0.0770186380674544,-0.00339628052842273));
#7814=CARTESIAN_POINT('',(0.032,0.0771357723127959,-0.00350627843793043));
#7815=CARTESIAN_POINT('',(0.032,0.0772593499786849,-0.00361766969924143));
#7816=CARTESIAN_POINT('',(0.032,0.077369137389535,-0.00371300764537344));
#7817=CARTESIAN_POINT('',(0.032,0.0774386030249402,-0.00377097054402006));
#7818=CARTESIAN_POINT('',(0.032,0.0774635247502147,-0.00379163339424807));
#7819=CARTESIAN_POINT('',(0.032,0.0756163458997098,-0.00110469428221827));
#7820=CARTESIAN_POINT('',(0.032,0.0749658206449025,-0.00126839331968658));
#7821=CARTESIAN_POINT('',(0.032,0.0748342105850184,-0.00061062491504299));
#7822=CARTESIAN_POINT('',(0.032,0.072300000000001,0.0120549999999942));
#7823=CARTESIAN_POINT('',(0.032,0.0723,0.012055));
#7824=CARTESIAN_POINT('',(0.032,0.088605349458985,0.0155065730903684));
#7825=CARTESIAN_POINT('',(0.032,0.0888025240890106,0.0143883401958147));
#7826=CARTESIAN_POINT('',(0.032,0.0858356463694365,0.0130358062222971));
#7827=CARTESIAN_POINT('',(0.0350000000000001,0.0858356463694365,0.0130358062222971));
#7828=CARTESIAN_POINT('',(0.032,0.0859654163574053,0.0130451645252176));
#7829=CARTESIAN_POINT('',(0.0350000000000001,0.0859654163574053,0.0130451645252176));
#7830=CARTESIAN_POINT('',(0.032,0.0861956612311644,0.0130618384098116));
#7831=CARTESIAN_POINT('',(0.0350000000000001,0.0861956612311644,0.0130618384098116));
#7832=CARTESIAN_POINT('',(0.032,0.0863812440625769,0.01307554359545));
#7833=CARTESIAN_POINT('',(0.0350000000000001,0.0863812440625769,0.01307554359545));
#7834=CARTESIAN_POINT('',(0.032,0.0863787491960269,0.0130763430589796));
#7835=CARTESIAN_POINT('',(0.0350000000000001,0.0863787491960269,0.0130763430589796));
#7836=CARTESIAN_POINT('',(0.032,0.0864514222874699,0.0130869371507201));
#7837=CARTESIAN_POINT('',(0.0350000000000001,0.0864514222874699,0.0130869371507201));
#7838=CARTESIAN_POINT('',(0.032,0.0865413779127231,0.0131064911178667));
#7839=CARTESIAN_POINT('',(0.035,0.0865413779127231,0.0131064911178667));
#7840=CARTESIAN_POINT('',(0.032,0.0867210854613214,0.0131543549833898));
#7841=CARTESIAN_POINT('',(0.0350000000000001,0.0867210854613214,0.0131543549833898));
#7842=CARTESIAN_POINT('',(0.032,0.0869750321265869,0.013242118593007));
#7843=CARTESIAN_POINT('',(0.0350000000000001,0.0869750321265869,0.013242118593007));
#7844=CARTESIAN_POINT('',(0.032,0.0873131302808066,0.0133904838688093));
#7845=CARTESIAN_POINT('',(0.0350000000000001,0.0873131302808066,0.0133904838688093));
#7846=CARTESIAN_POINT('',(0.032,0.0876715191500223,0.0135800859360499));
#7847=CARTESIAN_POINT('',(0.0350000000000001,0.0876715191500223,0.0135800859360499));
#7848=CARTESIAN_POINT('',(0.032,0.0881668133843609,0.0138859921492529));
#7849=CARTESIAN_POINT('',(0.0350000000000001,0.0881668133843609,0.0138859921492529));
#7850=CARTESIAN_POINT('',(0.032,0.0885488339906954,0.0141729094631582));
#7851=CARTESIAN_POINT('',(0.0350000000000001,0.0885488339906954,0.0141729094631582));
#7852=CARTESIAN_POINT('',(0.032,0.0888025240890106,0.0143883401958147));
#7853=CARTESIAN_POINT('',(0.0350000000000001,0.0888025240890106,0.0143883401958147));
#7854=CARTESIAN_POINT('',(0.032,0.085835646378397,0.0130358062229433));
#7855=CARTESIAN_POINT('',(0.032,0.0858356463694365,0.0110741937777029));
#7856=CARTESIAN_POINT('',(0.0350000000000001,0.0858356463694365,0.0110741937777029));
#7857=CARTESIAN_POINT('',(0.032,0.0859654163574053,0.0110648354747824));
#7858=CARTESIAN_POINT('',(0.0350000000000001,0.0859654163574053,0.0110648354747824));
#7859=CARTESIAN_POINT('',(0.032,0.0861956612311644,0.0110481615901884));
#7860=CARTESIAN_POINT('',(0.035,0.0861956612311644,0.0110481615901884));
#7861=CARTESIAN_POINT('',(0.032,0.086381244062577,0.01103445640455));
#7862=CARTESIAN_POINT('',(0.0350000000000001,0.086381244062577,0.01103445640455));
#7863=CARTESIAN_POINT('',(0.032,0.0863787491960268,0.0110336569410205));
#7864=CARTESIAN_POINT('',(0.035,0.0863787491960268,0.0110336569410205));
#7865=CARTESIAN_POINT('',(0.032,0.0864514222874699,0.01102306284928));
#7866=CARTESIAN_POINT('',(0.0350000000000001,0.0864514222874699,0.01102306284928));
#7867=CARTESIAN_POINT('',(0.032,0.0865413779127232,0.0110035088821333));
#7868=CARTESIAN_POINT('',(0.035,0.0865413779127232,0.0110035088821333));
#7869=CARTESIAN_POINT('',(0.032,0.0867210854613214,0.0109556450166102));
#7870=CARTESIAN_POINT('',(0.0350000000000001,0.0867210854613214,0.0109556450166102));
#7871=CARTESIAN_POINT('',(0.032,0.086975032126587,0.010867881406993));
#7872=CARTESIAN_POINT('',(0.035,0.086975032126587,0.010867881406993));
#7873=CARTESIAN_POINT('',(0.032,0.0873131302808067,0.0107195161311907));
#7874=CARTESIAN_POINT('',(0.0350000000000001,0.0873131302808067,0.0107195161311907));
#7875=CARTESIAN_POINT('',(0.032,0.0876715191500223,0.0105299140639501));
#7876=CARTESIAN_POINT('',(0.0350000000000001,0.0876715191500223,0.0105299140639501));
#7877=CARTESIAN_POINT('',(0.032,0.0881668133843609,0.0102240078507471));
#7878=CARTESIAN_POINT('',(0.0350000000000001,0.0881668133843609,0.0102240078507471));
#7879=CARTESIAN_POINT('',(0.032,0.0885488339906954,0.009937090536842));
#7880=CARTESIAN_POINT('',(0.0350000000000001,0.0885488339906954,0.009937090536842));
#7881=CARTESIAN_POINT('',(0.032,0.0888025240890106,0.0097216598041853));
#7882=CARTESIAN_POINT('',(0.0350000000000001,0.0888025240890106,0.0097216598041853));
#7883=CARTESIAN_POINT('',(0.035,0.0858356463783971,0.0110741937770567));
#7884=CARTESIAN_POINT('',(0.032,0.0723000000000059,0.012055));
#7885=CARTESIAN_POINT('',(0.032,0.0852132666629917,0.0117586524536184));
#7886=CARTESIAN_POINT('',(0.032,0.0852132666629917,0.0123513475463817));
#7887=CARTESIAN_POINT('',(0.0335,0.0858838959346327,0.0123667378689367));
#7888=CARTESIAN_POINT('',(0.0335,0.0858838959346327,0.0117432621310633));
#7889=CARTESIAN_POINT('',(0.032,0.0846838915262023,0.0176061200807937));
#7890=CARTESIAN_POINT('',(0.035,0.0846838915262023,0.0176061200807937));
#7891=CARTESIAN_POINT('',(0.032,0.0848026346981899,0.0176592979588757));
#7892=CARTESIAN_POINT('',(0.035,0.0848026346981899,0.0176592979588757));
#7893=CARTESIAN_POINT('',(0.032,0.0850132913026364,0.0177537146699116));
#7894=CARTESIAN_POINT('',(0.035,0.0850132913026364,0.0177537146699116));
#7895=CARTESIAN_POINT('',(0.032,0.0851829946703031,0.017830066398321));
#7896=CARTESIAN_POINT('',(0.035,0.0851829946703031,0.017830066398321));
#7897=CARTESIAN_POINT('',(0.032,0.0851803768299851,0.0178299643536853));
#7898=CARTESIAN_POINT('',(0.035,0.0851803768299851,0.0178299643536853));
#7899=CARTESIAN_POINT('',(0.032,0.0852450438049685,0.017864775204669));
#7900=CARTESIAN_POINT('',(0.035,0.0852450438049685,0.017864775204669));
#7901=CARTESIAN_POINT('',(0.032,0.0853228865915708,0.0179139165591458));
#7902=CARTESIAN_POINT('',(0.035,0.0853228865915708,0.0179139165591458));
#7903=CARTESIAN_POINT('',(0.032,0.085475386042742,0.0180203574819085));
#7904=CARTESIAN_POINT('',(0.035,0.085475386042742,0.0180203574819085));
#7905=CARTESIAN_POINT('',(0.032,0.085684000927825,0.0181896831730905));
#7906=CARTESIAN_POINT('',(0.035,0.085684000927825,0.0181896831730905));
#7907=CARTESIAN_POINT('',(0.032,0.0859509653555522,0.0184447373071071));
#7908=CARTESIAN_POINT('',(0.035,0.0859509653555522,0.0184447373071071));
#7909=CARTESIAN_POINT('',(0.032,0.0862228930051136,0.0187454811829943));
#7910=CARTESIAN_POINT('',(0.035,0.0862228930051136,0.0187454811829943));
#7911=CARTESIAN_POINT('',(0.032,0.0865836912553552,0.0192023395992107));
#7912=CARTESIAN_POINT('',(0.035,0.0865836912553552,0.0192023395992107));
#7913=CARTESIAN_POINT('',(0.032,0.086844541699292,0.0196026124243947));
#7914=CARTESIAN_POINT('',(0.035,0.086844541699292,0.0196026124243947));
#7915=CARTESIAN_POINT('',(0.032,0.0870092507625848,0.0198918182179489));
#7916=CARTESIAN_POINT('',(0.035,0.0870092507625848,0.0198918182179489));
#7917=CARTESIAN_POINT('',(0.032,0.0846838915344014,0.0176061200844656));
#7918=CARTESIAN_POINT('',(0.032,0.0853548024956519,0.0157628073417668));
#7919=CARTESIAN_POINT('',(0.035,0.0853548024956519,0.0157628073417668));
#7920=CARTESIAN_POINT('',(0.032,0.0854799471238518,0.0157983973634538));
#7921=CARTESIAN_POINT('',(0.035,0.0854799471238518,0.0157983973634538));
#7922=CARTESIAN_POINT('',(0.032,0.0857020093370956,0.0158614774218641));
#7923=CARTESIAN_POINT('',(0.035,0.0857020093370956,0.0158614774218641));
#7924=CARTESIAN_POINT('',(0.032,0.0858810876038748,0.0159120718266517));
#7925=CARTESIAN_POINT('',(0.035,0.0858810876038748,0.0159120718266517));
#7926=CARTESIAN_POINT('',(0.032,0.0858790166288189,0.0159104672820573));
#7927=CARTESIAN_POINT('',(0.035,0.0858790166288189,0.0159104672820573));
#7928=CARTESIAN_POINT('',(0.032,0.0859509303893532,0.0159253677533761));
#7929=CARTESIAN_POINT('',(0.035,0.0859509303893532,0.0159253677533761));
#7930=CARTESIAN_POINT('',(0.032,0.0860421488772477,0.0159377596705833));
#7931=CARTESIAN_POINT('',(0.035,0.0860421488772477,0.0159377596705833));
#7932=CARTESIAN_POINT('',(0.032,0.0862273891407115,0.0159542459508773));
#7933=CARTESIAN_POINT('',(0.035,0.0862273891407115,0.0159542459508773));
#7934=CARTESIAN_POINT('',(0.032,0.0864960378704746,0.0159586300093977));
#7935=CARTESIAN_POINT('',(0.035,0.0864960378704746,0.0159586300093977));
#7936=CARTESIAN_POINT('',(0.032,0.0868644901239907,0.0159348486337097));
#7937=CARTESIAN_POINT('',(0.035,0.0868644901239907,0.0159348486337097));
#7938=CARTESIAN_POINT('',(0.032,0.087266113225977,0.0158792571826535));
#7939=CARTESIAN_POINT('',(0.035,0.087266113225977,0.0158792571826535));
#7940=CARTESIAN_POINT('',(0.032,0.0878361636499867,0.0157611999764708));
#7941=CARTESIAN_POINT('',(0.035,0.0878361636499867,0.0157611999764708));
#7942=CARTESIAN_POINT('',(0.032,0.0882932770955716,0.0156222446363507));
#7943=CARTESIAN_POINT('',(0.035,0.0882932770955716,0.0156222446363507));
#7944=CARTESIAN_POINT('',(0.032,0.088605349458985,0.0155065730903685));
#7945=CARTESIAN_POINT('',(0.035,0.088605349458985,0.0155065730903685));
#7946=CARTESIAN_POINT('',(0.035,0.085354802504293,0.0157628073442243));
#7947=CARTESIAN_POINT('',(0.032,0.0723000000000056,0.012055000000002));
#7948=CARTESIAN_POINT('',(0.032,0.0845358582237416,0.0161931217123562));
#7949=CARTESIAN_POINT('',(0.032,0.0843331445631663,0.0167500729174019));
#7950=CARTESIAN_POINT('',(0.0335,0.0849580661406842,0.0169939038095434));
#7951=CARTESIAN_POINT('',(0.0335,0.0851713074019118,0.0164080282594248));
#7952=CARTESIAN_POINT('',(0.032,0.0782184200800191,0.0242676167237232));
#7953=CARTESIAN_POINT('',(0.035,0.0782184200800191,0.0242676167237232));
#7954=CARTESIAN_POINT('',(0.032,0.078275200545938,0.0243846799814132));
#7955=CARTESIAN_POINT('',(0.035,0.078275200545938,0.0243846799814132));
#7956=CARTESIAN_POINT('',(0.032,0.0783758829751794,0.0245924148334767));
#7957=CARTESIAN_POINT('',(0.035,0.0783758829751794,0.0245924148334767));
#7958=CARTESIAN_POINT('',(0.032,0.0784568053519592,0.0247599868728054));
#7959=CARTESIAN_POINT('',(0.035,0.0784568053519592,0.0247599868728054));
#7960=CARTESIAN_POINT('',(0.032,0.0784548655629582,0.0247582259867588));
#7961=CARTESIAN_POINT('',(0.035,0.0784548655629582,0.0247582259867588));
#7962=CARTESIAN_POINT('',(0.032,0.0784820273561025,0.0248264597759903));
#7963=CARTESIAN_POINT('',(0.035,0.0784820273561025,0.0248264597759903));
#7964=CARTESIAN_POINT('',(0.032,0.0785100709364353,0.0249141406162462));
#7965=CARTESIAN_POINT('',(0.035,0.0785100709364353,0.0249141406162462));
#7966=CARTESIAN_POINT('',(0.032,0.0785584733872682,0.0250937038513457));
#7967=CARTESIAN_POINT('',(0.035,0.0785584733872682,0.0250937038513457));
#7968=CARTESIAN_POINT('',(0.032,0.0786094412044446,0.0253575099194805));
#7969=CARTESIAN_POINT('',(0.035,0.0786094412044446,0.0253575099194805));
#7970=CARTESIAN_POINT('',(0.032,0.0786500021836701,0.0257244941479086));
#7971=CARTESIAN_POINT('',(0.035,0.0786500021836701,0.0257244941479086));
#7972=CARTESIAN_POINT('',(0.032,0.0786649964114377,0.0261296690467033));
#7973=CARTESIAN_POINT('',(0.035,0.0786649964114377,0.0261296690467033));
#7974=CARTESIAN_POINT('',(0.032,0.0786477209767973,0.0267115595425899));
#7975=CARTESIAN_POINT('',(0.035,0.0786477209767973,0.0267115595425899));
#7976=CARTESIAN_POINT('',(0.032,0.0785902535973377,0.0271858577493973));
#7977=CARTESIAN_POINT('',(0.035,0.0785902535973377,0.0271858577493973));
#7978=CARTESIAN_POINT('',(0.032,0.0785305301592584,0.0275132751855552));
#7979=CARTESIAN_POINT('',(0.035,0.0785305301592584,0.0275132751855552));
#7980=CARTESIAN_POINT('',(0.032,0.0782184200839398,0.0242676167318063));
#7981=CARTESIAN_POINT('',(0.032,0.0799172262894174,0.0232868105014261));
#7982=CARTESIAN_POINT('',(0.035,0.0799172262894174,0.0232868105014261));
#7983=CARTESIAN_POINT('',(0.032,0.0799902158114673,0.0233945154561956));
#7984=CARTESIAN_POINT('',(0.035,0.0799902158114673,0.0233945154561956));
#7985=CARTESIAN_POINT('',(0.032,0.080119778255985,0.0235855764236652));
#7986=CARTESIAN_POINT('',(0.035,0.080119778255985,0.0235855764236652));
#7987=CARTESIAN_POINT('',(0.032,0.0802244387106177,0.0237394432773555));
#7988=CARTESIAN_POINT('',(0.035,0.0802244387106177,0.0237394432773555));
#7989=CARTESIAN_POINT('',(0.032,0.0802238836330687,0.0237368829277793));
#7990=CARTESIAN_POINT('',(0.035,0.0802238836330687,0.0237368829277793));
#7991=CARTESIAN_POINT('',(0.032,0.0802693949313675,0.0237945226252702));
#7992=CARTESIAN_POINT('',(0.035,0.0802693949313675,0.0237945226252702));
#7993=CARTESIAN_POINT('',(0.032,0.0803313069762878,0.0238626494983795));
#7994=CARTESIAN_POINT('',(0.035,0.0803313069762878,0.0238626494983795));
#7995=CARTESIAN_POINT('',(0.032,0.0804626120740533,0.0239943488679559));
#7996=CARTESIAN_POINT('',(0.035,0.0804626120740533,0.0239943488679559));
#7997=CARTESIAN_POINT('',(0.032,0.0806655909221423,0.0241703913264736));
#7998=CARTESIAN_POINT('',(0.035,0.0806655909221423,0.0241703913264736));
#7999=CARTESIAN_POINT('',(0.032,0.0809631280971365,0.0243890102790992));
#8000=CARTESIAN_POINT('',(0.035,0.0809631280971365,0.0243890102790992));
#8001=CARTESIAN_POINT('',(0.032,0.0813065227385847,0.0246045831106534));
#8002=CARTESIAN_POINT('',(0.035,0.0813065227385847,0.0246045831106534));
#8003=CARTESIAN_POINT('',(0.032,0.0818190924075633,0.024880567393337));
#8004=CARTESIAN_POINT('',(0.035,0.0818190924075633,0.024880567393337));
#8005=CARTESIAN_POINT('',(0.032,0.0822585803933577,0.0250679482862389));
#8006=CARTESIAN_POINT('',(0.035,0.0822585803933577,0.0250679482862389));
#8007=CARTESIAN_POINT('',(0.032,0.0825719939297522,0.0251799349897405));
#8008=CARTESIAN_POINT('',(0.035,0.0825719939297522,0.0251799349897405));
#8009=CARTESIAN_POINT('',(0.035,0.0799172262944573,0.0232868105088631));
#8010=CARTESIAN_POINT('',(0.032,0.072300000000003,0.0120550000000051));
#8011=CARTESIAN_POINT('',(0.032,0.0790132778350115,0.0230900432028027));
#8012=CARTESIAN_POINT('',(0.032,0.0784999888279802,0.0233863907491843));
#8013=CARTESIAN_POINT('',(0.0335,0.0788219750534955,0.0239748678962244));
#8014=CARTESIAN_POINT('',(0.0335,0.0793619208811371,0.0236631300272877));
#8015=CARTESIAN_POINT('',(0.032,0.0820384565981344,0.0215068869317396));
#8016=CARTESIAN_POINT('',(0.035,0.0820384565981344,0.0215068869317396));
#8017=CARTESIAN_POINT('',(0.032,0.0821318507751365,0.0215974703480644));
#8018=CARTESIAN_POINT('',(0.035,0.0821318507751365,0.0215974703480644));
#8019=CARTESIAN_POINT('',(0.032,0.0822975108148139,0.021758241836749));
#8020=CARTESIAN_POINT('',(0.035,0.0822975108148139,0.021758241836749));
#8021=CARTESIAN_POINT('',(0.032,0.0824308659880389,0.0218880309626517));
#8022=CARTESIAN_POINT('',(0.035,0.0824308659880389,0.0218880309626517));
#8023=CARTESIAN_POINT('',(0.032,0.0824284409241308,0.0218870397179399));
#8024=CARTESIAN_POINT('',(0.035,0.0824284409241308,0.0218870397179399));
#8025=CARTESIAN_POINT('',(0.032,0.0824773019910883,0.0219418686257847));
#8026=CARTESIAN_POINT('',(0.035,0.0824773019910883,0.0219418686257847));
#8027=CARTESIAN_POINT('',(0.032,0.0825336429501387,0.0220146701949927));
#8028=CARTESIAN_POINT('',(0.035,0.0825336429501387,0.0220146701949927));
#8029=CARTESIAN_POINT('',(0.032,0.082640540619419,0.022166849828809));
#8030=CARTESIAN_POINT('',(0.035,0.082640540619419,0.022166849828809));
#8031=CARTESIAN_POINT('',(0.032,0.082778661690351,0.0223973144242182));
#8032=CARTESIAN_POINT('',(0.035,0.082778661690351,0.0223973144242182));
#8033=CARTESIAN_POINT('',(0.032,0.0829422925416263,0.0227282941236887));
#8034=CARTESIAN_POINT('',(0.035,0.0829422925416263,0.0227282941236887));
#8035=CARTESIAN_POINT('',(0.032,0.0830949604837715,0.0231039056582837));
#8036=CARTESIAN_POINT('',(0.035,0.0830949604837715,0.0231039056582837));
#8037=CARTESIAN_POINT('',(0.032,0.0832777451561224,0.0236566124100053));
#8038=CARTESIAN_POINT('',(0.035,0.0832777451561224,0.0236566124100053));
#8039=CARTESIAN_POINT('',(0.032,0.0833859630243792,0.024121961936354));
#8040=CARTESIAN_POINT('',(0.035,0.0833859630243792,0.024121961936354));
#8041=CARTESIAN_POINT('',(0.032,0.0834418247087704,0.0244500603038796));
#8042=CARTESIAN_POINT('',(0.035,0.0834418247087704,0.0244500603038796));
#8043=CARTESIAN_POINT('',(0.032,0.0820384566045831,0.0215068869379943));
#8044=CARTESIAN_POINT('',(0.032,0.0832993567725265,0.0200042046190052));
#8045=CARTESIAN_POINT('',(0.035,0.0832993567725265,0.0200042046190052));
#8046=CARTESIAN_POINT('',(0.032,0.0834047817518586,0.0200804502834314));
#8047=CARTESIAN_POINT('',(0.035,0.0834047817518586,0.0200804502834314));
#8048=CARTESIAN_POINT('',(0.032,0.0835918773243808,0.0202156758988392));
#8049=CARTESIAN_POINT('',(0.035,0.0835918773243808,0.0202156758988392));
#8050=CARTESIAN_POINT('',(0.032,0.0837428515446394,0.0203244674621415));
#8051=CARTESIAN_POINT('',(0.035,0.0837428515446394,0.0203244674621415));
#8052=CARTESIAN_POINT('',(0.032,0.0837414542512335,0.020322251368241));
#8053=CARTESIAN_POINT('',(0.035,0.0837414542512335,0.020322251368241));
#8054=CARTESIAN_POINT('',(0.032,0.0838039348200046,0.0203608491858705));
#8055=CARTESIAN_POINT('',(0.035,0.0838039348200046,0.0203608491858705));
#8056=CARTESIAN_POINT('',(0.032,0.083885413874659,0.0204036923393312));
#8057=CARTESIAN_POINT('',(0.035,0.083885413874659,0.0204036923393312));
#8058=CARTESIAN_POINT('',(0.032,0.0840538441433593,0.0204825402767272));
#8059=CARTESIAN_POINT('',(0.035,0.0840538441433593,0.0204825402767272));
#8060=CARTESIAN_POINT('',(0.032,0.0843047919359778,0.0205785432212257));
#8061=CARTESIAN_POINT('',(0.035,0.0843047919359778,0.0205785432212257));
#8062=CARTESIAN_POINT('',(0.032,0.08465915750924,0.0206822141305359));
#8063=CARTESIAN_POINT('',(0.035,0.08465915750924,0.0206822141305359));
#8064=CARTESIAN_POINT('',(0.032,0.0850555731705717,0.0207673384451038));
#8065=CARTESIAN_POINT('',(0.035,0.0850555731705717,0.0207673384451038));
#8066=CARTESIAN_POINT('',(0.032,0.0856316232900685,0.0208513696873461));
#8067=CARTESIAN_POINT('',(0.035,0.0856316232900685,0.0208513696873461));
#8068=CARTESIAN_POINT('',(0.032,0.0861086949470909,0.0208771363857909));
#8069=CARTESIAN_POINT('',(0.035,0.0861086949470909,0.0208771363857909));
#8070=CARTESIAN_POINT('',(0.032,0.0864415090428769,0.0208751757220597));
#8071=CARTESIAN_POINT('',(0.035,0.0864415090428769,0.0208751757220597));
#8072=CARTESIAN_POINT('',(0.035,0.083299356779806,0.0200042046242699));
#8073=CARTESIAN_POINT('',(0.032,0.0723000000000045,0.0120550000000038));
#8074=CARTESIAN_POINT('',(0.032,0.0823826247006735,0.0201284724204117));
#8075=CARTESIAN_POINT('',(0.032,0.0820016476387232,0.0205825032026869));
#8076=CARTESIAN_POINT('',(0.0335,0.0825054867570093,0.0210253650602619));
#8077=CARTESIAN_POINT('',(0.0335,0.0829062492362545,0.0205477549358445));
#8078=CARTESIAN_POINT('',(0.032,0.0736845347536758,0.0255553246997989));
#8079=CARTESIAN_POINT('',(0.035,0.0736845347536758,0.0255553246997989));
#8080=CARTESIAN_POINT('',(0.032,0.0736978529463313,0.025684748242307));
#8081=CARTESIAN_POINT('',(0.035,0.0736978529463313,0.025684748242307));
#8082=CARTESIAN_POINT('',(0.032,0.0737214139782558,0.0259143905687507));
#8083=CARTESIAN_POINT('',(0.035,0.0737214139782558,0.0259143905687507));
#8084=CARTESIAN_POINT('',(0.032,0.0737401431256636,0.0260995338604625));
#8085=CARTESIAN_POINT('',(0.035,0.0737401431256636,0.0260995338604625));
#8086=CARTESIAN_POINT('',(0.032,0.0737389225787516,0.0260972157219262));
#8087=CARTESIAN_POINT('',(0.035,0.0737389225787516,0.0260972157219262));
#8088=CARTESIAN_POINT('',(0.032,0.0737411089849639,0.0261706243905395));
#8089=CARTESIAN_POINT('',(0.035,0.0737411089849639,0.0261706243905395));
#8090=CARTESIAN_POINT('',(0.032,0.0737374727169119,0.026262608898477));
#8091=CARTESIAN_POINT('',(0.035,0.0737374727169119,0.026262608898477));
#8092=CARTESIAN_POINT('',(0.032,0.0737215418993827,0.0264478977586357));
#8093=CARTESIAN_POINT('',(0.035,0.0737215418993827,0.0264478977586357));
#8094=CARTESIAN_POINT('',(0.032,0.0736792089918473,0.0267132263943162));
#8095=CARTESIAN_POINT('',(0.035,0.0736792089918473,0.0267132263943162));
#8096=CARTESIAN_POINT('',(0.032,0.0735918078463122,0.027071951437643));
#8097=CARTESIAN_POINT('',(0.035,0.0735918078463122,0.027071951437643));
#8098=CARTESIAN_POINT('',(0.032,0.0734673198345418,0.0274578196280981));
#8099=CARTESIAN_POINT('',(0.035,0.0734673198345418,0.0274578196280981));
#8100=CARTESIAN_POINT('',(0.032,0.073252067965287,0.0279987092865566));
#8101=CARTESIAN_POINT('',(0.035,0.073252067965287,0.0279987092865566));
#8102=CARTESIAN_POINT('',(0.032,0.0730358467522001,0.0284247488101861));
#8103=CARTESIAN_POINT('',(0.035,0.0730358467522001,0.0284247488101861));
#8104=CARTESIAN_POINT('',(0.032,0.072867741719708,0.0287119939400085));
#8105=CARTESIAN_POINT('',(0.035,0.072867741719708,0.0287119939400085));
#8106=CARTESIAN_POINT('',(0.032,0.0736845347545955,0.0255553247087354));
#8107=CARTESIAN_POINT('',(0.032,0.0756163458975175,0.0252146942735064));
#8108=CARTESIAN_POINT('',(0.035,0.0756163458975175,0.0252146942735064));
#8109=CARTESIAN_POINT('',(0.032,0.0756480963487153,0.0253408677115181));
#8110=CARTESIAN_POINT('',(0.035,0.0756480963487153,0.0253408677115181));
#8111=CARTESIAN_POINT('',(0.032,0.0757044985222817,0.0255647192586131));
#8112=CARTESIAN_POINT('',(0.035,0.0757044985222817,0.0255647192586131));
#8113=CARTESIAN_POINT('',(0.032,0.0757502216158359,0.0257451027893034));
#8114=CARTESIAN_POINT('',(0.0349999999999999,0.0757502216158359,0.0257451027893034));
#8115=CARTESIAN_POINT('',(0.032,0.0757505757046881,0.0257425069999971));
#8116=CARTESIAN_POINT('',(0.035,0.0757505757046881,0.0257425069999971));
#8117=CARTESIAN_POINT('',(0.032,0.0757736283982648,0.0258122363791608));
#8118=CARTESIAN_POINT('',(0.0349999999999999,0.0757736283982648,0.0258122363791608));
#8119=CARTESIAN_POINT('',(0.032,0.075808505927109,0.025897429865576));
#8120=CARTESIAN_POINT('',(0.035,0.075808505927109,0.025897429865576));
#8121=CARTESIAN_POINT('',(0.032,0.0758868485212924,0.0260660957796863));
#8122=CARTESIAN_POINT('',(0.0349999999999999,0.0758868485212924,0.0260660957796863));
#8123=CARTESIAN_POINT('',(0.032,0.0760173761801237,0.0263009444336158));
#8124=CARTESIAN_POINT('',(0.035,0.0760173761801237,0.0263009444336158));
#8125=CARTESIAN_POINT('',(0.032,0.0762221975823644,0.0266081427573983));
#8126=CARTESIAN_POINT('',(0.0349999999999999,0.0762221975823644,0.0266081427573983));
#8127=CARTESIAN_POINT('',(0.032,0.0764711527422055,0.0269281628409371));
#8128=CARTESIAN_POINT('',(0.035,0.0764711527422055,0.0269281628409371));
#8129=CARTESIAN_POINT('',(0.032,0.0768584184938642,0.0273628123864762));
#8130=CARTESIAN_POINT('',(0.0349999999999999,0.0768584184938642,0.0273628123864762));
#8131=CARTESIAN_POINT('',(0.032,0.0772073140711925,0.0276892065727042));
#8132=CARTESIAN_POINT('',(0.035,0.0772073140711925,0.0276892065727042));
#8133=CARTESIAN_POINT('',(0.032,0.0774635247502147,0.0279016333942481));
#8134=CARTESIAN_POINT('',(0.035,0.0774635247502147,0.0279016333942481));
#8135=CARTESIAN_POINT('',(0.035,0.0756163458997098,0.0252146942822185));
#8136=CARTESIAN_POINT('',(0.032,0.072300000000001,0.0120550000000058));
#8137=CARTESIAN_POINT('',(0.032,0.0748342105850184,0.0247206249150431));
#8138=CARTESIAN_POINT('',(0.032,0.0742505198624928,0.0248235453378135));
#8139=CARTESIAN_POINT('',(0.0335,0.0743518169044298,0.0254866587453879));
#8140=CARTESIAN_POINT('',(0.0335,0.0749658206449025,0.0253783933196867));
#8141=CARTESIAN_POINT('',(0.032,0.0689836541024826,0.0252146942735063));
#8142=CARTESIAN_POINT('',(0.035,0.0689836541024826,0.0252146942735063));
#8143=CARTESIAN_POINT('',(0.032,0.0689519036512848,0.0253408677115181));
#8144=CARTESIAN_POINT('',(0.035,0.0689519036512848,0.0253408677115181));
#8145=CARTESIAN_POINT('',(0.032,0.0688955014777184,0.025564719258613));
#8146=CARTESIAN_POINT('',(0.035,0.0688955014777184,0.025564719258613));
#8147=CARTESIAN_POINT('',(0.032,0.0688497783841641,0.0257451027893034));
#8148=CARTESIAN_POINT('',(0.0349999999999999,0.0688497783841641,0.0257451027893034));
#8149=CARTESIAN_POINT('',(0.032,0.0688494242953119,0.0257425069999971));
#8150=CARTESIAN_POINT('',(0.035,0.0688494242953119,0.0257425069999971));
#8151=CARTESIAN_POINT('',(0.032,0.0688263716017352,0.0258122363791608));
#8152=CARTESIAN_POINT('',(0.0349999999999999,0.0688263716017352,0.0258122363791608));
#8153=CARTESIAN_POINT('',(0.032,0.068791494072891,0.025897429865576));
#8154=CARTESIAN_POINT('',(0.0349999999999999,0.068791494072891,0.025897429865576));
#8155=CARTESIAN_POINT('',(0.032,0.0687131514787076,0.0260660957796863));
#8156=CARTESIAN_POINT('',(0.035,0.0687131514787076,0.0260660957796863));
#8157=CARTESIAN_POINT('',(0.032,0.0685826238198763,0.0263009444336158));
#8158=CARTESIAN_POINT('',(0.035,0.0685826238198763,0.0263009444336158));
#8159=CARTESIAN_POINT('',(0.032,0.0683778024176356,0.0266081427573983));
#8160=CARTESIAN_POINT('',(0.0349999999999999,0.0683778024176356,0.0266081427573983));
#8161=CARTESIAN_POINT('',(0.032,0.0681288472577946,0.0269281628409371));
#8162=CARTESIAN_POINT('',(0.035,0.0681288472577946,0.0269281628409371));
#8163=CARTESIAN_POINT('',(0.032,0.0677415815061359,0.0273628123864762));
#8164=CARTESIAN_POINT('',(0.0349999999999999,0.0677415815061359,0.0273628123864762));
#8165=CARTESIAN_POINT('',(0.032,0.0673926859288068,0.0276892065727042));
#8166=CARTESIAN_POINT('',(0.035,0.0673926859288068,0.0276892065727042));
#8167=CARTESIAN_POINT('',(0.032,0.0671364752497854,0.0279016333942481));
#8168=CARTESIAN_POINT('',(0.035,0.0671364752497854,0.0279016333942481));
#8169=CARTESIAN_POINT('',(0.032,0.0689836541002902,0.0252146942822185));
#8170=CARTESIAN_POINT('',(0.032,0.0709154652463242,0.0255553246997989));
#8171=CARTESIAN_POINT('',(0.035,0.0709154652463242,0.0255553246997989));
#8172=CARTESIAN_POINT('',(0.032,0.0709021470536687,0.0256847482423071));
#8173=CARTESIAN_POINT('',(0.035,0.0709021470536687,0.0256847482423071));
#8174=CARTESIAN_POINT('',(0.032,0.0708785860217443,0.0259143905687507));
#8175=CARTESIAN_POINT('',(0.035,0.0708785860217443,0.0259143905687507));
#8176=CARTESIAN_POINT('',(0.032,0.0708598568743364,0.0260995338604625));
#8177=CARTESIAN_POINT('',(0.035,0.0708598568743364,0.0260995338604625));
#8178=CARTESIAN_POINT('',(0.032,0.0708610774212485,0.0260972157219262));
#8179=CARTESIAN_POINT('',(0.035,0.0708610774212485,0.0260972157219262));
#8180=CARTESIAN_POINT('',(0.032,0.0708588910150361,0.0261706243905395));
#8181=CARTESIAN_POINT('',(0.035,0.0708588910150361,0.0261706243905395));
#8182=CARTESIAN_POINT('',(0.032,0.0708625272830882,0.0262626088984771));
#8183=CARTESIAN_POINT('',(0.035,0.0708625272830882,0.0262626088984771));
#8184=CARTESIAN_POINT('',(0.032,0.0708784581006174,0.0264478977586356));
#8185=CARTESIAN_POINT('',(0.035,0.0708784581006174,0.0264478977586356));
#8186=CARTESIAN_POINT('',(0.032,0.0709207910081528,0.0267132263943162));
#8187=CARTESIAN_POINT('',(0.035,0.0709207910081528,0.0267132263943162));
#8188=CARTESIAN_POINT('',(0.032,0.0710081921536879,0.027071951437643));
#8189=CARTESIAN_POINT('',(0.035,0.0710081921536879,0.027071951437643));
#8190=CARTESIAN_POINT('',(0.032,0.0711326801654581,0.0274578196280982));
#8191=CARTESIAN_POINT('',(0.035,0.0711326801654581,0.0274578196280982));
#8192=CARTESIAN_POINT('',(0.032,0.0713479320347133,0.0279987092865566));
#8193=CARTESIAN_POINT('',(0.035,0.0713479320347133,0.0279987092865566));
#8194=CARTESIAN_POINT('',(0.032,0.0715641532477991,0.0284247488101861));
#8195=CARTESIAN_POINT('',(0.035,0.0715641532477991,0.0284247488101861));
#8196=CARTESIAN_POINT('',(0.032,0.0717322582802921,0.0287119939400086));
#8197=CARTESIAN_POINT('',(0.035,0.0717322582802921,0.0287119939400086));
#8198=CARTESIAN_POINT('',(0.035,0.0709154652454046,0.0255553247087356));
#8199=CARTESIAN_POINT('',(0.032,0.072299999999999,0.0120550000000058));
#8200=CARTESIAN_POINT('',(0.032,0.0703494801375072,0.0248235453378135));
#8201=CARTESIAN_POINT('',(0.032,0.0697657894149816,0.0247206249150431));
#8202=CARTESIAN_POINT('',(0.0335,0.0696341793550975,0.0253783933196867));
#8203=CARTESIAN_POINT('',(0.0335,0.0702481830955702,0.0254866587453879));
#8204=CARTESIAN_POINT('',(0.032,0.0587643536305635,0.0110741937777029));
#8205=CARTESIAN_POINT('',(0.035,0.0587643536305635,0.0110741937777029));
#8206=CARTESIAN_POINT('',(0.032,0.0586345836425947,0.0110648354747824));
#8207=CARTESIAN_POINT('',(0.035,0.0586345836425947,0.0110648354747824));
#8208=CARTESIAN_POINT('',(0.032,0.0584043387688356,0.0110481615901884));
#8209=CARTESIAN_POINT('',(0.035,0.0584043387688356,0.0110481615901884));
#8210=CARTESIAN_POINT('',(0.032,0.058218755937423,0.01103445640455));
#8211=CARTESIAN_POINT('',(0.035,0.058218755937423,0.01103445640455));
#8212=CARTESIAN_POINT('',(0.032,0.0582212508039731,0.0110336569410205));
#8213=CARTESIAN_POINT('',(0.035,0.0582212508039731,0.0110336569410205));
#8214=CARTESIAN_POINT('',(0.032,0.0581485777125301,0.01102306284928));
#8215=CARTESIAN_POINT('',(0.035,0.0581485777125301,0.01102306284928));
#8216=CARTESIAN_POINT('',(0.032,0.058058622087277,0.0110035088821333));
#8217=CARTESIAN_POINT('',(0.035,0.058058622087277,0.0110035088821333));
#8218=CARTESIAN_POINT('',(0.032,0.0578789145386785,0.0109556450166102));
#8219=CARTESIAN_POINT('',(0.035,0.0578789145386785,0.0109556450166102));
#8220=CARTESIAN_POINT('',(0.032,0.0576249678734132,0.010867881406993));
#8221=CARTESIAN_POINT('',(0.035,0.0576249678734132,0.010867881406993));
#8222=CARTESIAN_POINT('',(0.032,0.0572868697191935,0.0107195161311907));
#8223=CARTESIAN_POINT('',(0.035,0.0572868697191935,0.0107195161311907));
#8224=CARTESIAN_POINT('',(0.032,0.0569284808499777,0.0105299140639501));
#8225=CARTESIAN_POINT('',(0.035,0.0569284808499777,0.0105299140639501));
#8226=CARTESIAN_POINT('',(0.032,0.0564331866156392,0.0102240078507471));
#8227=CARTESIAN_POINT('',(0.035,0.0564331866156392,0.0102240078507471));
#8228=CARTESIAN_POINT('',(0.032,0.0560511660093048,0.00993709053684194));
#8229=CARTESIAN_POINT('',(0.035,0.0560511660093048,0.00993709053684194));
#8230=CARTESIAN_POINT('',(0.032,0.0557974759109895,0.00972165980418531));
#8231=CARTESIAN_POINT('',(0.035,0.0557974759109895,0.00972165980418531));
#8232=CARTESIAN_POINT('',(0.032,0.058764353621603,0.0110741937770567));
#8233=CARTESIAN_POINT('',(0.032,0.0587643536305635,0.0130358062222971));
#8234=CARTESIAN_POINT('',(0.035,0.0587643536305635,0.0130358062222971));
#8235=CARTESIAN_POINT('',(0.032,0.0586345836425947,0.0130451645252176));
#8236=CARTESIAN_POINT('',(0.035,0.0586345836425947,0.0130451645252176));
#8237=CARTESIAN_POINT('',(0.032,0.0584043387688356,0.0130618384098116));
#8238=CARTESIAN_POINT('',(0.035,0.0584043387688356,0.0130618384098116));
#8239=CARTESIAN_POINT('',(0.032,0.058218755937423,0.01307554359545));
#8240=CARTESIAN_POINT('',(0.035,0.058218755937423,0.01307554359545));
#8241=CARTESIAN_POINT('',(0.032,0.0582212508039731,0.0130763430589796));
#8242=CARTESIAN_POINT('',(0.035,0.0582212508039731,0.0130763430589796));
#8243=CARTESIAN_POINT('',(0.032,0.0581485777125301,0.0130869371507201));
#8244=CARTESIAN_POINT('',(0.035,0.0581485777125301,0.0130869371507201));
#8245=CARTESIAN_POINT('',(0.032,0.058058622087277,0.0131064911178667));
#8246=CARTESIAN_POINT('',(0.035,0.058058622087277,0.0131064911178667));
#8247=CARTESIAN_POINT('',(0.032,0.0578789145386785,0.0131543549833898));
#8248=CARTESIAN_POINT('',(0.035,0.0578789145386785,0.0131543549833898));
#8249=CARTESIAN_POINT('',(0.032,0.0576249678734132,0.013242118593007));
#8250=CARTESIAN_POINT('',(0.035,0.0576249678734132,0.013242118593007));
#8251=CARTESIAN_POINT('',(0.032,0.0572868697191934,0.0133904838688093));
#8252=CARTESIAN_POINT('',(0.035,0.0572868697191934,0.0133904838688093));
#8253=CARTESIAN_POINT('',(0.032,0.0569284808499776,0.0135800859360499));
#8254=CARTESIAN_POINT('',(0.035,0.0569284808499776,0.0135800859360499));
#8255=CARTESIAN_POINT('',(0.032,0.0564331866156392,0.0138859921492529));
#8256=CARTESIAN_POINT('',(0.035,0.0564331866156392,0.0138859921492529));
#8257=CARTESIAN_POINT('',(0.032,0.0560511660093048,0.014172909463158));
#8258=CARTESIAN_POINT('',(0.035,0.0560511660093048,0.014172909463158));
#8259=CARTESIAN_POINT('',(0.032,0.0557974759109895,0.0143883401958147));
#8260=CARTESIAN_POINT('',(0.035,0.0557974759109895,0.0143883401958147));
#8261=CARTESIAN_POINT('',(0.035,0.058764353621603,0.0130358062229433));
#8262=CARTESIAN_POINT('',(0.032,0.0722999999999941,0.012055));
#8263=CARTESIAN_POINT('',(0.032,0.0593867333370084,0.0123513475463817));
#8264=CARTESIAN_POINT('',(0.032,0.0593867333370084,0.0117586524536184));
#8265=CARTESIAN_POINT('',(0.0335,0.0587161040653674,0.0117432621310633));
#8266=CARTESIAN_POINT('',(0.0335,0.0587161040653673,0.0123667378689367));
#8267=CARTESIAN_POINT('',(0.032,0.0592451975043482,0.0157628073417668));
#8268=CARTESIAN_POINT('',(0.035,0.0592451975043482,0.0157628073417668));
#8269=CARTESIAN_POINT('',(0.032,0.0591200528761483,0.0157983973634537));
#8270=CARTESIAN_POINT('',(0.035,0.0591200528761483,0.0157983973634537));
#8271=CARTESIAN_POINT('',(0.032,0.0588979906629045,0.0158614774218641));
#8272=CARTESIAN_POINT('',(0.0349999999999999,0.0588979906629045,0.0158614774218641));
#8273=CARTESIAN_POINT('',(0.032,0.0587189123961252,0.0159120718266517));
#8274=CARTESIAN_POINT('',(0.035,0.0587189123961252,0.0159120718266517));
#8275=CARTESIAN_POINT('',(0.032,0.0587209833711812,0.0159104672820573));
#8276=CARTESIAN_POINT('',(0.035,0.0587209833711812,0.0159104672820573));
#8277=CARTESIAN_POINT('',(0.032,0.0586490696106469,0.0159253677533761));
#8278=CARTESIAN_POINT('',(0.035,0.0586490696106469,0.0159253677533761));
#8279=CARTESIAN_POINT('',(0.032,0.0585578511227524,0.0159377596705833));
#8280=CARTESIAN_POINT('',(0.0349999999999999,0.0585578511227524,0.0159377596705833));
#8281=CARTESIAN_POINT('',(0.032,0.0583726108592885,0.0159542459508773));
#8282=CARTESIAN_POINT('',(0.035,0.0583726108592885,0.0159542459508773));
#8283=CARTESIAN_POINT('',(0.032,0.0581039621295255,0.0159586300093977));
#8284=CARTESIAN_POINT('',(0.035,0.0581039621295255,0.0159586300093977));
#8285=CARTESIAN_POINT('',(0.032,0.0577355098760093,0.0159348486337097));
#8286=CARTESIAN_POINT('',(0.035,0.0577355098760093,0.0159348486337097));
#8287=CARTESIAN_POINT('',(0.032,0.0573338867740231,0.0158792571826534));
#8288=CARTESIAN_POINT('',(0.035,0.0573338867740231,0.0158792571826534));
#8289=CARTESIAN_POINT('',(0.032,0.0567638363500134,0.0157611999764709));
#8290=CARTESIAN_POINT('',(0.0349999999999999,0.0567638363500134,0.0157611999764709));
#8291=CARTESIAN_POINT('',(0.032,0.0563067229044285,0.0156222446363502));
#8292=CARTESIAN_POINT('',(0.035,0.0563067229044285,0.0156222446363502));
#8293=CARTESIAN_POINT('',(0.032,0.055994650541015,0.0155065730903685));
#8294=CARTESIAN_POINT('',(0.035,0.055994650541015,0.0155065730903685));
#8295=CARTESIAN_POINT('',(0.032,0.0592451974957071,0.0157628073442242));
#8296=CARTESIAN_POINT('',(0.032,0.0599161084737977,0.0176061200807938));
#8297=CARTESIAN_POINT('',(0.035,0.0599161084737977,0.0176061200807938));
#8298=CARTESIAN_POINT('',(0.032,0.0597973653018101,0.0176592979588757));
#8299=CARTESIAN_POINT('',(0.035,0.0597973653018101,0.0176592979588757));
#8300=CARTESIAN_POINT('',(0.032,0.0595867086973636,0.0177537146699116));
#8301=CARTESIAN_POINT('',(0.035,0.0595867086973636,0.0177537146699116));
#8302=CARTESIAN_POINT('',(0.032,0.059417005329697,0.017830066398321));
#8303=CARTESIAN_POINT('',(0.035,0.059417005329697,0.017830066398321));
#8304=CARTESIAN_POINT('',(0.032,0.059419623170015,0.0178299643536853));
#8305=CARTESIAN_POINT('',(0.035,0.059419623170015,0.0178299643536853));
#8306=CARTESIAN_POINT('',(0.032,0.0593549561950317,0.017864775204669));
#8307=CARTESIAN_POINT('',(0.035,0.0593549561950317,0.017864775204669));
#8308=CARTESIAN_POINT('',(0.032,0.0592771134084291,0.0179139165591458));
#8309=CARTESIAN_POINT('',(0.035,0.0592771134084291,0.0179139165591458));
#8310=CARTESIAN_POINT('',(0.032,0.0591246139572581,0.0180203574819085));
#8311=CARTESIAN_POINT('',(0.035,0.0591246139572581,0.0180203574819085));
#8312=CARTESIAN_POINT('',(0.032,0.058915999072175,0.0181896831730905));
#8313=CARTESIAN_POINT('',(0.035,0.058915999072175,0.0181896831730905));
#8314=CARTESIAN_POINT('',(0.032,0.0586490346444479,0.0184447373071071));
#8315=CARTESIAN_POINT('',(0.035,0.0586490346444479,0.0184447373071071));
#8316=CARTESIAN_POINT('',(0.032,0.0583771069948866,0.0187454811829944));
#8317=CARTESIAN_POINT('',(0.035,0.0583771069948866,0.0187454811829944));
#8318=CARTESIAN_POINT('',(0.032,0.0580163087446445,0.0192023395992107));
#8319=CARTESIAN_POINT('',(0.035,0.0580163087446445,0.0192023395992107));
#8320=CARTESIAN_POINT('',(0.032,0.057755458300709,0.0196026124243947));
#8321=CARTESIAN_POINT('',(0.035,0.057755458300709,0.0196026124243947));
#8322=CARTESIAN_POINT('',(0.032,0.0575907492374152,0.0198918182179489));
#8323=CARTESIAN_POINT('',(0.035,0.0575907492374152,0.0198918182179489));
#8324=CARTESIAN_POINT('',(0.035,0.0599161084655986,0.0176061200844656));
#8325=CARTESIAN_POINT('',(0.032,0.0722999999999945,0.012055000000002));
#8326=CARTESIAN_POINT('',(0.032,0.0602668554368338,0.0167500729174019));
#8327=CARTESIAN_POINT('',(0.032,0.0600641417762585,0.0161931217123562));
#8328=CARTESIAN_POINT('',(0.0335,0.0594286925980883,0.0164080282594247));
#8329=CARTESIAN_POINT('',(0.0335,0.0596419338593158,0.0169939038095434));
#8330=CARTESIAN_POINT('',(0.032,0.0646827737105826,0.023286810501426));
#8331=CARTESIAN_POINT('',(0.035,0.0646827737105826,0.023286810501426));
#8332=CARTESIAN_POINT('',(0.032,0.0646097841885328,0.0233945154561956));
#8333=CARTESIAN_POINT('',(0.035,0.0646097841885328,0.0233945154561956));
#8334=CARTESIAN_POINT('',(0.032,0.0644802217440151,0.0235855764236651));
#8335=CARTESIAN_POINT('',(0.035,0.0644802217440151,0.0235855764236651));
#8336=CARTESIAN_POINT('',(0.032,0.0643755612893823,0.0237394432773554));
#8337=CARTESIAN_POINT('',(0.035,0.0643755612893823,0.0237394432773554));
#8338=CARTESIAN_POINT('',(0.032,0.0643761163669314,0.0237368829277792));
#8339=CARTESIAN_POINT('',(0.035,0.0643761163669314,0.0237368829277792));
#8340=CARTESIAN_POINT('',(0.032,0.0643306050686326,0.0237945226252702));
#8341=CARTESIAN_POINT('',(0.035,0.0643306050686326,0.0237945226252702));
#8342=CARTESIAN_POINT('',(0.032,0.0642686930237122,0.0238626494983794));
#8343=CARTESIAN_POINT('',(0.035,0.0642686930237122,0.0238626494983794));
#8344=CARTESIAN_POINT('',(0.032,0.0641373879259468,0.0239943488679559));
#8345=CARTESIAN_POINT('',(0.035,0.0641373879259468,0.0239943488679559));
#8346=CARTESIAN_POINT('',(0.032,0.0639344090778577,0.0241703913264736));
#8347=CARTESIAN_POINT('',(0.035,0.0639344090778577,0.0241703913264736));
#8348=CARTESIAN_POINT('',(0.032,0.0636368719028636,0.0243890102790993));
#8349=CARTESIAN_POINT('',(0.035,0.0636368719028636,0.0243890102790993));
#8350=CARTESIAN_POINT('',(0.032,0.0632934772614153,0.0246045831106534));
#8351=CARTESIAN_POINT('',(0.035,0.0632934772614153,0.0246045831106534));
#8352=CARTESIAN_POINT('',(0.032,0.0627809075924367,0.024880567393337));
#8353=CARTESIAN_POINT('',(0.035,0.0627809075924367,0.024880567393337));
#8354=CARTESIAN_POINT('',(0.032,0.0623414196066424,0.0250679482862389));
#8355=CARTESIAN_POINT('',(0.035,0.0623414196066424,0.0250679482862389));
#8356=CARTESIAN_POINT('',(0.032,0.0620280060702478,0.0251799349897405));
#8357=CARTESIAN_POINT('',(0.035,0.0620280060702478,0.0251799349897405));
#8358=CARTESIAN_POINT('',(0.032,0.0646827737055428,0.023286810508863));
#8359=CARTESIAN_POINT('',(0.032,0.0663815799199809,0.0242676167237232));
#8360=CARTESIAN_POINT('',(0.035,0.0663815799199809,0.0242676167237232));
#8361=CARTESIAN_POINT('',(0.032,0.066324799454062,0.0243846799814132));
#8362=CARTESIAN_POINT('',(0.035,0.066324799454062,0.0243846799814132));
#8363=CARTESIAN_POINT('',(0.032,0.0662241170248205,0.0245924148334767));
#8364=CARTESIAN_POINT('',(0.035,0.0662241170248205,0.0245924148334767));
#8365=CARTESIAN_POINT('',(0.032,0.0661431946480408,0.0247599868728054));
#8366=CARTESIAN_POINT('',(0.0349999999999999,0.0661431946480408,0.0247599868728054));
#8367=CARTESIAN_POINT('',(0.032,0.0661451344370418,0.0247582259867588));
#8368=CARTESIAN_POINT('',(0.035,0.0661451344370418,0.0247582259867588));
#8369=CARTESIAN_POINT('',(0.032,0.0661179726438976,0.0248264597759903));
#8370=CARTESIAN_POINT('',(0.0349999999999999,0.0661179726438976,0.0248264597759903));
#8371=CARTESIAN_POINT('',(0.032,0.0660899290635647,0.0249141406162462));
#8372=CARTESIAN_POINT('',(0.035,0.0660899290635647,0.0249141406162462));
#8373=CARTESIAN_POINT('',(0.032,0.0660415266127319,0.0250937038513457));
#8374=CARTESIAN_POINT('',(0.0349999999999999,0.0660415266127319,0.0250937038513457));
#8375=CARTESIAN_POINT('',(0.032,0.0659905587955554,0.0253575099194805));
#8376=CARTESIAN_POINT('',(0.035,0.0659905587955554,0.0253575099194805));
#8377=CARTESIAN_POINT('',(0.032,0.0659499978163299,0.0257244941479085));
#8378=CARTESIAN_POINT('',(0.0349999999999999,0.0659499978163299,0.0257244941479085));
#8379=CARTESIAN_POINT('',(0.032,0.0659350035885624,0.0261296690467033));
#8380=CARTESIAN_POINT('',(0.035,0.0659350035885624,0.0261296690467033));
#8381=CARTESIAN_POINT('',(0.032,0.0659522790232024,0.0267115595425899));
#8382=CARTESIAN_POINT('',(0.0349999999999999,0.0659522790232024,0.0267115595425899));
#8383=CARTESIAN_POINT('',(0.032,0.0660097464026633,0.0271858577493973));
#8384=CARTESIAN_POINT('',(0.035,0.0660097464026633,0.0271858577493973));
#8385=CARTESIAN_POINT('',(0.032,0.0660694698407416,0.0275132751855552));
#8386=CARTESIAN_POINT('',(0.035,0.0660694698407416,0.0275132751855552));
#8387=CARTESIAN_POINT('',(0.035,0.0663815799160603,0.0242676167318064));
#8388=CARTESIAN_POINT('',(0.032,0.0722999999999971,0.0120550000000051));
#8389=CARTESIAN_POINT('',(0.032,0.0661000111720199,0.0233863907491843));
#8390=CARTESIAN_POINT('',(0.032,0.0655867221649885,0.0230900432028027));
#8391=CARTESIAN_POINT('',(0.0335,0.0652380791188629,0.0236631300272877));
#8392=CARTESIAN_POINT('',(0.0335,0.0657780249465045,0.0239748678962244));
#8393=CARTESIAN_POINT('',(0.032,0.0613006432274736,0.0200042046190052));
#8394=CARTESIAN_POINT('',(0.035,0.0613006432274736,0.0200042046190052));
#8395=CARTESIAN_POINT('',(0.032,0.0611952182481415,0.0200804502834314));
#8396=CARTESIAN_POINT('',(0.035,0.0611952182481415,0.0200804502834314));
#8397=CARTESIAN_POINT('',(0.032,0.0610081226756194,0.0202156758988392));
#8398=CARTESIAN_POINT('',(0.035,0.0610081226756194,0.0202156758988392));
#8399=CARTESIAN_POINT('',(0.032,0.0608571484553607,0.0203244674621415));
#8400=CARTESIAN_POINT('',(0.035,0.0608571484553607,0.0203244674621415));
#8401=CARTESIAN_POINT('',(0.032,0.0608585457487665,0.020322251368241));
#8402=CARTESIAN_POINT('',(0.035,0.0608585457487665,0.020322251368241));
#8403=CARTESIAN_POINT('',(0.032,0.0607960651799956,0.0203608491858705));
#8404=CARTESIAN_POINT('',(0.035,0.0607960651799956,0.0203608491858705));
#8405=CARTESIAN_POINT('',(0.032,0.060714586125341,0.0204036923393312));
#8406=CARTESIAN_POINT('',(0.035,0.060714586125341,0.0204036923393312));
#8407=CARTESIAN_POINT('',(0.032,0.0605461558566408,0.0204825402767272));
#8408=CARTESIAN_POINT('',(0.035,0.0605461558566408,0.0204825402767272));
#8409=CARTESIAN_POINT('',(0.032,0.0602952080640223,0.0205785432212257));
#8410=CARTESIAN_POINT('',(0.035,0.0602952080640223,0.0205785432212257));
#8411=CARTESIAN_POINT('',(0.032,0.05994084249076,0.0206822141305359));
#8412=CARTESIAN_POINT('',(0.035,0.05994084249076,0.0206822141305359));
#8413=CARTESIAN_POINT('',(0.032,0.0595444268294285,0.0207673384451038));
#8414=CARTESIAN_POINT('',(0.035,0.0595444268294285,0.0207673384451038));
#8415=CARTESIAN_POINT('',(0.032,0.0589683767099315,0.0208513696873461));
#8416=CARTESIAN_POINT('',(0.035,0.0589683767099315,0.0208513696873461));
#8417=CARTESIAN_POINT('',(0.032,0.0584913050529092,0.0208771363857909));
#8418=CARTESIAN_POINT('',(0.035,0.0584913050529092,0.0208771363857909));
#8419=CARTESIAN_POINT('',(0.032,0.0581584909571232,0.0208751757220597));
#8420=CARTESIAN_POINT('',(0.035,0.0581584909571232,0.0208751757220597));
#8421=CARTESIAN_POINT('',(0.032,0.0613006432201941,0.0200042046242698));
#8422=CARTESIAN_POINT('',(0.032,0.0625615434018656,0.0215068869317397));
#8423=CARTESIAN_POINT('',(0.035,0.0625615434018656,0.0215068869317397));
#8424=CARTESIAN_POINT('',(0.032,0.0624681492248635,0.0215974703480644));
#8425=CARTESIAN_POINT('',(0.035,0.0624681492248635,0.0215974703480644));
#8426=CARTESIAN_POINT('',(0.032,0.0623024891851861,0.0217582418367491));
#8427=CARTESIAN_POINT('',(0.035,0.0623024891851861,0.0217582418367491));
#8428=CARTESIAN_POINT('',(0.032,0.062169134011961,0.0218880309626518));
#8429=CARTESIAN_POINT('',(0.035,0.062169134011961,0.0218880309626518));
#8430=CARTESIAN_POINT('',(0.032,0.0621715590758693,0.0218870397179399));
#8431=CARTESIAN_POINT('',(0.035,0.0621715590758693,0.0218870397179399));
#8432=CARTESIAN_POINT('',(0.032,0.0621226980089117,0.0219418686257847));
#8433=CARTESIAN_POINT('',(0.035,0.0621226980089117,0.0219418686257847));
#8434=CARTESIAN_POINT('',(0.032,0.0620663570498613,0.0220146701949927));
#8435=CARTESIAN_POINT('',(0.035,0.0620663570498613,0.0220146701949927));
#8436=CARTESIAN_POINT('',(0.032,0.0619594593805809,0.022166849828809));
#8437=CARTESIAN_POINT('',(0.035,0.0619594593805809,0.022166849828809));
#8438=CARTESIAN_POINT('',(0.032,0.0618213383096491,0.0223973144242182));
#8439=CARTESIAN_POINT('',(0.035,0.0618213383096491,0.0223973144242182));
#8440=CARTESIAN_POINT('',(0.032,0.0616577074583737,0.0227282941236887));
#8441=CARTESIAN_POINT('',(0.035,0.0616577074583737,0.0227282941236887));
#8442=CARTESIAN_POINT('',(0.032,0.0615050395162286,0.0231039056582836));
#8443=CARTESIAN_POINT('',(0.035,0.0615050395162286,0.0231039056582836));
#8444=CARTESIAN_POINT('',(0.032,0.0613222548438777,0.0236566124100054));
#8445=CARTESIAN_POINT('',(0.035,0.0613222548438777,0.0236566124100054));
#8446=CARTESIAN_POINT('',(0.032,0.0612140369756209,0.0241219619363536));
#8447=CARTESIAN_POINT('',(0.035,0.0612140369756209,0.0241219619363536));
#8448=CARTESIAN_POINT('',(0.032,0.0611581752912297,0.0244500603038796));
#8449=CARTESIAN_POINT('',(0.035,0.0611581752912297,0.0244500603038796));
#8450=CARTESIAN_POINT('',(0.035,0.0625615433954169,0.0215068869379944));
#8451=CARTESIAN_POINT('',(0.032,0.0722999999999955,0.0120550000000038));
#8452=CARTESIAN_POINT('',(0.032,0.0625983523612769,0.0205825032026869));
#8453=CARTESIAN_POINT('',(0.032,0.0622173752993266,0.0201284724204117));
#8454=CARTESIAN_POINT('',(0.0335,0.0616937507637456,0.0205477549358445));
#8455=CARTESIAN_POINT('',(0.0335,0.0620945132429908,0.0210253650602619));
#8456=CARTESIAN_POINT('',(0.032,0.0709154652463242,-0.00144532469979888));
#8457=CARTESIAN_POINT('',(0.035,0.0709154652463242,-0.00144532469979888));
#8458=CARTESIAN_POINT('',(0.032,0.0709021470536687,-0.00157474824230701));
#8459=CARTESIAN_POINT('',(0.035,0.0709021470536687,-0.00157474824230701));
#8460=CARTESIAN_POINT('',(0.032,0.0708785860217443,-0.00180439056875068));
#8461=CARTESIAN_POINT('',(0.0349999999999999,0.0708785860217443,-0.00180439056875068));
#8462=CARTESIAN_POINT('',(0.032,0.0708598568743363,-0.00198953386046241));
#8463=CARTESIAN_POINT('',(0.0349999999999999,0.0708598568743363,-0.00198953386046241));
#8464=CARTESIAN_POINT('',(0.032,0.0708610774212485,-0.00198721572192618));
#8465=CARTESIAN_POINT('',(0.035,0.0708610774212485,-0.00198721572192618));
#8466=CARTESIAN_POINT('',(0.032,0.0708588910150361,-0.00206062439053943));
#8467=CARTESIAN_POINT('',(0.0349999999999999,0.0708588910150361,-0.00206062439053943));
#8468=CARTESIAN_POINT('',(0.032,0.0708625272830881,-0.002152608898477));
#8469=CARTESIAN_POINT('',(0.0349999999999999,0.0708625272830881,-0.002152608898477));
#8470=CARTESIAN_POINT('',(0.032,0.0708784581006174,-0.00233789775863566));
#8471=CARTESIAN_POINT('',(0.035,0.0708784581006174,-0.00233789775863566));
#8472=CARTESIAN_POINT('',(0.032,0.0709207910081528,-0.00260322639431616));
#8473=CARTESIAN_POINT('',(0.0349999999999999,0.0709207910081528,-0.00260322639431616));
#8474=CARTESIAN_POINT('',(0.032,0.0710081921536879,-0.00296195143764296));
#8475=CARTESIAN_POINT('',(0.035,0.0710081921536879,-0.00296195143764296));
#8476=CARTESIAN_POINT('',(0.032,0.0711326801654581,-0.00334781962809809));
#8477=CARTESIAN_POINT('',(0.035,0.0711326801654581,-0.00334781962809809));
#8478=CARTESIAN_POINT('',(0.032,0.0713479320347133,-0.0038887092865566));
#8479=CARTESIAN_POINT('',(0.035,0.0713479320347133,-0.0038887092865566));
#8480=CARTESIAN_POINT('',(0.032,0.071564153247799,-0.00431474881018602));
#8481=CARTESIAN_POINT('',(0.035,0.071564153247799,-0.00431474881018602));
#8482=CARTESIAN_POINT('',(0.032,0.0717322582802921,-0.00460199394000851));
#8483=CARTESIAN_POINT('',(0.035,0.0717322582802921,-0.00460199394000851));
#8484=CARTESIAN_POINT('',(0.032,0.0709154652454046,-0.00144532470873544));
#8485=CARTESIAN_POINT('',(0.032,0.0689836541024825,-0.00110469427350635));
#8486=CARTESIAN_POINT('',(0.035,0.0689836541024825,-0.00110469427350635));
#8487=CARTESIAN_POINT('',(0.032,0.0689519036512848,-0.00123086771151809));
#8488=CARTESIAN_POINT('',(0.035,0.0689519036512848,-0.00123086771151809));
#8489=CARTESIAN_POINT('',(0.032,0.0688955014777184,-0.001454719258613));
#8490=CARTESIAN_POINT('',(0.035,0.0688955014777184,-0.001454719258613));
#8491=CARTESIAN_POINT('',(0.032,0.0688497783841641,-0.00163510278930332));
#8492=CARTESIAN_POINT('',(0.035,0.0688497783841641,-0.00163510278930332));
#8493=CARTESIAN_POINT('',(0.032,0.0688494242953119,-0.00163250699999704));
#8494=CARTESIAN_POINT('',(0.035,0.0688494242953119,-0.00163250699999704));
#8495=CARTESIAN_POINT('',(0.032,0.0688263716017353,-0.00170223637916076));
#8496=CARTESIAN_POINT('',(0.035,0.0688263716017353,-0.00170223637916076));
#8497=CARTESIAN_POINT('',(0.032,0.068791494072891,-0.00178742986557599));
#8498=CARTESIAN_POINT('',(0.035,0.068791494072891,-0.00178742986557599));
#8499=CARTESIAN_POINT('',(0.032,0.0687131514787077,-0.00195609577968627));
#8500=CARTESIAN_POINT('',(0.035,0.0687131514787077,-0.00195609577968627));
#8501=CARTESIAN_POINT('',(0.032,0.0685826238198763,-0.00219094443361578));
#8502=CARTESIAN_POINT('',(0.035,0.0685826238198763,-0.00219094443361578));
#8503=CARTESIAN_POINT('',(0.032,0.0683778024176357,-0.00249814275739835));
#8504=CARTESIAN_POINT('',(0.035,0.0683778024176357,-0.00249814275739835));
#8505=CARTESIAN_POINT('',(0.032,0.0681288472577945,-0.00281816284093704));
#8506=CARTESIAN_POINT('',(0.035,0.0681288472577945,-0.00281816284093704));
#8507=CARTESIAN_POINT('',(0.032,0.0677415815061359,-0.00325281238647621));
#8508=CARTESIAN_POINT('',(0.035,0.0677415815061359,-0.00325281238647621));
#8509=CARTESIAN_POINT('',(0.032,0.0673926859288068,-0.00357920657270395));
#8510=CARTESIAN_POINT('',(0.035,0.0673926859288068,-0.00357920657270395));
#8511=CARTESIAN_POINT('',(0.032,0.0671364752497854,-0.00379163339424807));
#8512=CARTESIAN_POINT('',(0.035,0.0671364752497854,-0.00379163339424807));
#8513=CARTESIAN_POINT('',(0.035,0.0689836541002902,-0.00110469428221853));
#8514=CARTESIAN_POINT('',(0.032,0.072299999999999,0.0120549999999942));
#8515=CARTESIAN_POINT('',(0.032,0.0697657894149816,-0.000610624915043004));
#8516=CARTESIAN_POINT('',(0.032,0.0703494801375072,-0.000713545337813482));
#8517=CARTESIAN_POINT('',(0.0335,0.0702481830955702,-0.00137665874538784));
#8518=CARTESIAN_POINT('',(0.0335,0.0696341793550975,-0.00126839331968663));
#8519=CARTESIAN_POINT('',(0.032,0.0663815799199809,-0.000157616723723146));
#8520=CARTESIAN_POINT('',(0.035,0.0663815799199809,-0.000157616723723146));
#8521=CARTESIAN_POINT('',(0.032,0.066324799454062,-0.000274679981413138));
#8522=CARTESIAN_POINT('',(0.035,0.066324799454062,-0.000274679981413138));
#8523=CARTESIAN_POINT('',(0.032,0.0662241170248206,-0.00048241483347667));
#8524=CARTESIAN_POINT('',(0.035,0.0662241170248206,-0.00048241483347667));
#8525=CARTESIAN_POINT('',(0.032,0.0661431946480408,-0.000649986872805391));
#8526=CARTESIAN_POINT('',(0.035,0.0661431946480408,-0.000649986872805391));
#8527=CARTESIAN_POINT('',(0.032,0.0661451344370418,-0.00064822598675875));
#8528=CARTESIAN_POINT('',(0.035,0.0661451344370418,-0.00064822598675875));
#8529=CARTESIAN_POINT('',(0.032,0.0661179726438976,-0.000716459775990243));
#8530=CARTESIAN_POINT('',(0.035,0.0661179726438976,-0.000716459775990243));
#8531=CARTESIAN_POINT('',(0.032,0.0660899290635647,-0.000804140616246117));
#8532=CARTESIAN_POINT('',(0.035,0.0660899290635647,-0.000804140616246117));
#8533=CARTESIAN_POINT('',(0.032,0.0660415266127319,-0.000983703851345653));
#8534=CARTESIAN_POINT('',(0.035,0.0660415266127319,-0.000983703851345653));
#8535=CARTESIAN_POINT('',(0.032,0.0659905587955555,-0.0012475099194805));
#8536=CARTESIAN_POINT('',(0.035,0.0659905587955555,-0.0012475099194805));
#8537=CARTESIAN_POINT('',(0.032,0.0659499978163299,-0.00161449414790851));
#8538=CARTESIAN_POINT('',(0.035,0.0659499978163299,-0.00161449414790851));
#8539=CARTESIAN_POINT('',(0.032,0.0659350035885625,-0.00201966904670322));
#8540=CARTESIAN_POINT('',(0.035,0.0659350035885625,-0.00201966904670322));
#8541=CARTESIAN_POINT('',(0.032,0.0659522790232023,-0.00260155954258983));
#8542=CARTESIAN_POINT('',(0.035,0.0659522790232023,-0.00260155954258983));
#8543=CARTESIAN_POINT('',(0.032,0.0660097464026633,-0.00307585774939722));
#8544=CARTESIAN_POINT('',(0.035,0.0660097464026633,-0.00307585774939722));
#8545=CARTESIAN_POINT('',(0.032,0.0660694698407416,-0.00340327518555512));
#8546=CARTESIAN_POINT('',(0.035,0.0660694698407416,-0.00340327518555512));
#8547=CARTESIAN_POINT('',(0.032,0.0663815799160603,-0.000157616731806268));
#8548=CARTESIAN_POINT('',(0.032,0.0646827737105826,0.000823189498573935));
#8549=CARTESIAN_POINT('',(0.035,0.0646827737105826,0.000823189498573935));
#8550=CARTESIAN_POINT('',(0.032,0.0646097841885328,0.000715484543804431));
#8551=CARTESIAN_POINT('',(0.035,0.0646097841885328,0.000715484543804431));
#8552=CARTESIAN_POINT('',(0.032,0.0644802217440151,0.000524423576334887));
#8553=CARTESIAN_POINT('',(0.035,0.0644802217440151,0.000524423576334887));
#8554=CARTESIAN_POINT('',(0.032,0.0643755612893824,0.000370556722644589));
#8555=CARTESIAN_POINT('',(0.035,0.0643755612893824,0.000370556722644589));
#8556=CARTESIAN_POINT('',(0.032,0.0643761163669314,0.000373117072220795));
#8557=CARTESIAN_POINT('',(0.035,0.0643761163669314,0.000373117072220795));
#8558=CARTESIAN_POINT('',(0.032,0.0643306050686326,0.000315477374729806));
#8559=CARTESIAN_POINT('',(0.0349999999999999,0.0643306050686326,0.000315477374729806));
#8560=CARTESIAN_POINT('',(0.032,0.0642686930237122,0.000247350501620548));
#8561=CARTESIAN_POINT('',(0.0349999999999999,0.0642686930237122,0.000247350501620548));
#8562=CARTESIAN_POINT('',(0.032,0.0641373879259468,0.000115651132044143));
#8563=CARTESIAN_POINT('',(0.035,0.0641373879259468,0.000115651132044143));
#8564=CARTESIAN_POINT('',(0.032,0.0639344090778577,-6.03913264735442E-5));
#8565=CARTESIAN_POINT('',(0.035,0.0639344090778577,-6.03913264735442E-5));
#8566=CARTESIAN_POINT('',(0.032,0.0636368719028636,-0.00027901027909924));
#8567=CARTESIAN_POINT('',(0.035,0.0636368719028636,-0.00027901027909924));
#8568=CARTESIAN_POINT('',(0.032,0.0632934772614153,-0.00049458311065335));
#8569=CARTESIAN_POINT('',(0.035,0.0632934772614153,-0.00049458311065335));
#8570=CARTESIAN_POINT('',(0.032,0.0627809075924369,-0.000770567393336961));
#8571=CARTESIAN_POINT('',(0.0349999999999999,0.0627809075924369,-0.000770567393336961));
#8572=CARTESIAN_POINT('',(0.032,0.0623414196066414,-0.00095794828623912));
#8573=CARTESIAN_POINT('',(0.035,0.0623414196066414,-0.00095794828623912));
#8574=CARTESIAN_POINT('',(0.032,0.0620280060702479,-0.00106993498974041));
#8575=CARTESIAN_POINT('',(0.035,0.0620280060702479,-0.00106993498974041));
#8576=CARTESIAN_POINT('',(0.035,0.0646827737055427,0.00082318949113698));
#8577=CARTESIAN_POINT('',(0.032,0.0722999999999971,0.0120549999999949));
#8578=CARTESIAN_POINT('',(0.032,0.0655867221649885,0.00101995679719737));
#8579=CARTESIAN_POINT('',(0.032,0.0661000111720199,0.000723609250815729));
#8580=CARTESIAN_POINT('',(0.0335,0.0657780249465045,0.000135132103775665));
#8581=CARTESIAN_POINT('',(0.0335,0.0652380791188629,0.000446869972712302));
#8582=CARTESIAN_POINT('',(0.032,0.0599161084737977,0.00650387991920627));
#8583=CARTESIAN_POINT('',(0.035,0.0599161084737977,0.00650387991920627));
#8584=CARTESIAN_POINT('',(0.032,0.0597973653018102,0.00645070204112437));
#8585=CARTESIAN_POINT('',(0.035,0.0597973653018102,0.00645070204112437));
#8586=CARTESIAN_POINT('',(0.032,0.0595867086973636,0.00635628533008848));
#8587=CARTESIAN_POINT('',(0.035,0.0595867086973636,0.00635628533008848));
#8588=CARTESIAN_POINT('',(0.032,0.059417005329697,0.00627993360167907));
#8589=CARTESIAN_POINT('',(0.035,0.059417005329697,0.00627993360167907));
#8590=CARTESIAN_POINT('',(0.032,0.0594196231700149,0.00628003564631477));
#8591=CARTESIAN_POINT('',(0.035,0.0594196231700149,0.00628003564631477));
#8592=CARTESIAN_POINT('',(0.032,0.0593549561950317,0.00624522479533103));
#8593=CARTESIAN_POINT('',(0.035,0.0593549561950317,0.00624522479533103));
#8594=CARTESIAN_POINT('',(0.032,0.0592771134084291,0.00619608344085422));
#8595=CARTESIAN_POINT('',(0.035,0.0592771134084291,0.00619608344085422));
#8596=CARTESIAN_POINT('',(0.032,0.0591246139572581,0.00608964251809153));
#8597=CARTESIAN_POINT('',(0.035,0.0591246139572581,0.00608964251809153));
#8598=CARTESIAN_POINT('',(0.032,0.058915999072175,0.0059203168269096));
#8599=CARTESIAN_POINT('',(0.035,0.058915999072175,0.0059203168269096));
#8600=CARTESIAN_POINT('',(0.032,0.0586490346444478,0.00566526269289291));
#8601=CARTESIAN_POINT('',(0.035,0.0586490346444478,0.00566526269289291));
#8602=CARTESIAN_POINT('',(0.032,0.0583771069948866,0.00536451881700571));
#8603=CARTESIAN_POINT('',(0.035,0.0583771069948866,0.00536451881700571));
#8604=CARTESIAN_POINT('',(0.032,0.0580163087446448,0.00490766040078939));
#8605=CARTESIAN_POINT('',(0.035,0.0580163087446448,0.00490766040078939));
#8606=CARTESIAN_POINT('',(0.032,0.0577554583007081,0.0045073875756052));
#8607=CARTESIAN_POINT('',(0.035,0.0577554583007081,0.0045073875756052));
#8608=CARTESIAN_POINT('',(0.032,0.0575907492374152,0.00421818178205109));
#8609=CARTESIAN_POINT('',(0.035,0.0575907492374152,0.00421818178205109));
#8610=CARTESIAN_POINT('',(0.032,0.0599161084655986,0.00650387991553439));
#8611=CARTESIAN_POINT('',(0.032,0.0592451975043481,0.00834719265823326));
#8612=CARTESIAN_POINT('',(0.035,0.0592451975043481,0.00834719265823326));
#8613=CARTESIAN_POINT('',(0.032,0.0591200528761483,0.00831160263654627));
#8614=CARTESIAN_POINT('',(0.035,0.0591200528761483,0.00831160263654627));
#8615=CARTESIAN_POINT('',(0.032,0.0588979906629044,0.00824852257813598));
#8616=CARTESIAN_POINT('',(0.035,0.0588979906629044,0.00824852257813598));
#8617=CARTESIAN_POINT('',(0.032,0.0587189123961252,0.00819792817334839));
#8618=CARTESIAN_POINT('',(0.035,0.0587189123961252,0.00819792817334839));
#8619=CARTESIAN_POINT('',(0.032,0.0587209833711811,0.00819953271794276));
#8620=CARTESIAN_POINT('',(0.035,0.0587209833711811,0.00819953271794276));
#8621=CARTESIAN_POINT('',(0.032,0.058649069610647,0.00818463224662395));
#8622=CARTESIAN_POINT('',(0.035,0.058649069610647,0.00818463224662395));
#8623=CARTESIAN_POINT('',(0.032,0.0585578511227522,0.0081722403294167));
#8624=CARTESIAN_POINT('',(0.035,0.0585578511227522,0.0081722403294167));
#8625=CARTESIAN_POINT('',(0.032,0.0583726108592886,0.00815575404912275));
#8626=CARTESIAN_POINT('',(0.035,0.0583726108592886,0.00815575404912275));
#8627=CARTESIAN_POINT('',(0.032,0.0581039621295253,0.00815136999060237));
#8628=CARTESIAN_POINT('',(0.035,0.0581039621295253,0.00815136999060237));
#8629=CARTESIAN_POINT('',(0.032,0.0577355098760093,0.00817515136629031));
#8630=CARTESIAN_POINT('',(0.035,0.0577355098760093,0.00817515136629031));
#8631=CARTESIAN_POINT('',(0.032,0.0573338867740231,0.00823074281734656));
#8632=CARTESIAN_POINT('',(0.035,0.0573338867740231,0.00823074281734656));
#8633=CARTESIAN_POINT('',(0.032,0.0567638363500133,0.00834880002352916));
#8634=CARTESIAN_POINT('',(0.035,0.0567638363500133,0.00834880002352916));
#8635=CARTESIAN_POINT('',(0.032,0.0563067229044285,0.00848775536364967));
#8636=CARTESIAN_POINT('',(0.035,0.0563067229044285,0.00848775536364967));
#8637=CARTESIAN_POINT('',(0.032,0.055994650541015,0.00860342690963156));
#8638=CARTESIAN_POINT('',(0.035,0.055994650541015,0.00860342690963156));
#8639=CARTESIAN_POINT('',(0.035,0.059245197495707,0.00834719265577581));
#8640=CARTESIAN_POINT('',(0.032,0.0722999999999945,0.012054999999998));
#8641=CARTESIAN_POINT('',(0.032,0.0600641417762584,0.00791687828764387));
#8642=CARTESIAN_POINT('',(0.032,0.0602668554368337,0.00735992708259819));
#8643=CARTESIAN_POINT('',(0.0335,0.0596419338593158,0.00711609619045667));
#8644=CARTESIAN_POINT('',(0.0335,0.0594286925980882,0.0077019717405753));
#8645=CARTESIAN_POINT('',(0.032,0.0625615434018656,0.00260311306826038));
#8646=CARTESIAN_POINT('',(0.0350000000000001,0.0625615434018656,0.00260311306826038));
#8647=CARTESIAN_POINT('',(0.032,0.0624681492248635,0.00251252965193563));
#8648=CARTESIAN_POINT('',(0.0350000000000001,0.0624681492248635,0.00251252965193563));
#8649=CARTESIAN_POINT('',(0.032,0.0623024891851861,0.00235175816325101));
#8650=CARTESIAN_POINT('',(0.0350000000000001,0.0623024891851861,0.00235175816325101));
#8651=CARTESIAN_POINT('',(0.032,0.062169134011961,0.00222196903734829));
#8652=CARTESIAN_POINT('',(0.0350000000000001,0.062169134011961,0.00222196903734829));
#8653=CARTESIAN_POINT('',(0.032,0.0621715590758693,0.0022229602820602));
#8654=CARTESIAN_POINT('',(0.0350000000000001,0.0621715590758693,0.0022229602820602));
#8655=CARTESIAN_POINT('',(0.032,0.0621226980089116,0.00216813137421529));
#8656=CARTESIAN_POINT('',(0.0350000000000001,0.0621226980089116,0.00216813137421529));
#8657=CARTESIAN_POINT('',(0.032,0.0620663570498612,0.00209532980500734));
#8658=CARTESIAN_POINT('',(0.035,0.0620663570498612,0.00209532980500734));
#8659=CARTESIAN_POINT('',(0.032,0.061959459380581,0.001943150171191));
#8660=CARTESIAN_POINT('',(0.0350000000000001,0.061959459380581,0.001943150171191));
#8661=CARTESIAN_POINT('',(0.032,0.0618213383096491,0.00171268557578186));
#8662=CARTESIAN_POINT('',(0.035,0.0618213383096491,0.00171268557578186));
#8663=CARTESIAN_POINT('',(0.032,0.0616577074583737,0.00138170587631135));
#8664=CARTESIAN_POINT('',(0.0350000000000001,0.0616577074583737,0.00138170587631135));
#8665=CARTESIAN_POINT('',(0.032,0.0615050395162286,0.00100609434171641));
#8666=CARTESIAN_POINT('',(0.0350000000000001,0.0615050395162286,0.00100609434171641));
#8667=CARTESIAN_POINT('',(0.032,0.0613222548438777,0.000453387589994673));
#8668=CARTESIAN_POINT('',(0.035,0.0613222548438777,0.000453387589994673));
#8669=CARTESIAN_POINT('',(0.032,0.0612140369756209,-1.1961936353746E-5));
#8670=CARTESIAN_POINT('',(0.0350000000000001,0.0612140369756209,-1.1961936353746E-5));
#8671=CARTESIAN_POINT('',(0.032,0.0611581752912297,-0.000340060303879619));
#8672=CARTESIAN_POINT('',(0.0350000000000001,0.0611581752912297,-0.000340060303879619));
#8673=CARTESIAN_POINT('',(0.032,0.0625615433954169,0.00260311306200572));
#8674=CARTESIAN_POINT('',(0.032,0.0613006432274735,0.00410579538099484));
#8675=CARTESIAN_POINT('',(0.035,0.0613006432274735,0.00410579538099484));
#8676=CARTESIAN_POINT('',(0.032,0.0611952182481414,0.00402954971656861));
#8677=CARTESIAN_POINT('',(0.035,0.0611952182481414,0.00402954971656861));
#8678=CARTESIAN_POINT('',(0.032,0.0610081226756193,0.00389432410116084));
#8679=CARTESIAN_POINT('',(0.035,0.0610081226756193,0.00389432410116084));
#8680=CARTESIAN_POINT('',(0.032,0.0608571484553607,0.00378553253785854));
#8681=CARTESIAN_POINT('',(0.035,0.0608571484553607,0.00378553253785854));
#8682=CARTESIAN_POINT('',(0.032,0.0608585457487665,0.00378774863175906));
#8683=CARTESIAN_POINT('',(0.035,0.0608585457487665,0.00378774863175906));
#8684=CARTESIAN_POINT('',(0.032,0.0607960651799956,0.00374915081412953));
#8685=CARTESIAN_POINT('',(0.035,0.0607960651799956,0.00374915081412953));
#8686=CARTESIAN_POINT('',(0.032,0.060714586125341,0.0037063076606688));
#8687=CARTESIAN_POINT('',(0.035,0.060714586125341,0.0037063076606688));
#8688=CARTESIAN_POINT('',(0.032,0.0605461558566407,0.00362745972327282));
#8689=CARTESIAN_POINT('',(0.035,0.0605461558566407,0.00362745972327282));
#8690=CARTESIAN_POINT('',(0.032,0.0602952080640223,0.00353145677877426));
#8691=CARTESIAN_POINT('',(0.035,0.0602952080640223,0.00353145677877426));
#8692=CARTESIAN_POINT('',(0.032,0.05994084249076,0.00342778586946413));
#8693=CARTESIAN_POINT('',(0.035,0.05994084249076,0.00342778586946413));
#8694=CARTESIAN_POINT('',(0.032,0.0595444268294285,0.00334266155489622));
#8695=CARTESIAN_POINT('',(0.035,0.0595444268294285,0.00334266155489622));
#8696=CARTESIAN_POINT('',(0.032,0.0589683767099312,0.00325863031265398));
#8697=CARTESIAN_POINT('',(0.035,0.0589683767099312,0.00325863031265398));
#8698=CARTESIAN_POINT('',(0.032,0.0584913050529101,0.00323286361420889));
#8699=CARTESIAN_POINT('',(0.035,0.0584913050529101,0.00323286361420889));
#8700=CARTESIAN_POINT('',(0.032,0.0581584909571231,0.0032348242779404));
#8701=CARTESIAN_POINT('',(0.035,0.0581584909571231,0.0032348242779404));
#8702=CARTESIAN_POINT('',(0.035,0.061300643220194,0.00410579537573014));
#8703=CARTESIAN_POINT('',(0.032,0.0722999999999955,0.0120549999999962));
#8704=CARTESIAN_POINT('',(0.032,0.0622173752993266,0.00398152757958834));
#8705=CARTESIAN_POINT('',(0.032,0.0625983523612768,0.00352749679731313));
#8706=CARTESIAN_POINT('',(0.0335,0.0620945132429908,0.00308463493973811));
#8707=CARTESIAN_POINT('',(0.0335,0.0616937507637456,0.00356224506415548));
#8708=CARTESIAN_POINT('',(0.032,0.0832993567725265,0.00410579538099486));
#8709=CARTESIAN_POINT('',(0.035,0.0832993567725265,0.00410579538099486));
#8710=CARTESIAN_POINT('',(0.032,0.0834047817518585,0.00402954971656863));
#8711=CARTESIAN_POINT('',(0.035,0.0834047817518585,0.00402954971656863));
#8712=CARTESIAN_POINT('',(0.032,0.0835918773243807,0.00389432410116086));
#8713=CARTESIAN_POINT('',(0.035,0.0835918773243807,0.00389432410116086));
#8714=CARTESIAN_POINT('',(0.032,0.0837428515446394,0.00378553253785854));
#8715=CARTESIAN_POINT('',(0.035,0.0837428515446394,0.00378553253785854));
#8716=CARTESIAN_POINT('',(0.032,0.0837414542512335,0.00378774863175907));
#8717=CARTESIAN_POINT('',(0.035,0.0837414542512335,0.00378774863175907));
#8718=CARTESIAN_POINT('',(0.032,0.0838039348200045,0.00374915081412955));
#8719=CARTESIAN_POINT('',(0.035,0.0838039348200045,0.00374915081412955));
#8720=CARTESIAN_POINT('',(0.032,0.0838854138746589,0.0037063076606688));
#8721=CARTESIAN_POINT('',(0.035,0.0838854138746589,0.0037063076606688));
#8722=CARTESIAN_POINT('',(0.032,0.0840538441433594,0.00362745972327282));
#8723=CARTESIAN_POINT('',(0.035,0.0840538441433594,0.00362745972327282));
#8724=CARTESIAN_POINT('',(0.032,0.0843047919359777,0.00353145677877427));
#8725=CARTESIAN_POINT('',(0.035,0.0843047919359777,0.00353145677877427));
#8726=CARTESIAN_POINT('',(0.032,0.0846591575092399,0.00342778586946413));
#8727=CARTESIAN_POINT('',(0.035,0.0846591575092399,0.00342778586946413));
#8728=CARTESIAN_POINT('',(0.032,0.0850555731705716,0.00334266155489622));
#8729=CARTESIAN_POINT('',(0.035,0.0850555731705716,0.00334266155489622));
#8730=CARTESIAN_POINT('',(0.032,0.0856316232900685,0.00325863031265401));
#8731=CARTESIAN_POINT('',(0.035,0.0856316232900685,0.00325863031265401));
#8732=CARTESIAN_POINT('',(0.032,0.0861086949470909,0.00323286361420879));
#8733=CARTESIAN_POINT('',(0.035,0.0861086949470909,0.00323286361420879));
#8734=CARTESIAN_POINT('',(0.032,0.0864415090428769,0.0032348242779404));
#8735=CARTESIAN_POINT('',(0.035,0.0864415090428769,0.0032348242779404));
#8736=CARTESIAN_POINT('',(0.032,0.083299356779806,0.00410579537573018));
#8737=CARTESIAN_POINT('',(0.032,0.0820384565981344,0.0026031130682604));
#8738=CARTESIAN_POINT('',(0.035,0.0820384565981344,0.0026031130682604));
#8739=CARTESIAN_POINT('',(0.032,0.0821318507751365,0.00251252965193565));
#8740=CARTESIAN_POINT('',(0.035,0.0821318507751365,0.00251252965193565));
#8741=CARTESIAN_POINT('',(0.032,0.0822975108148139,0.00235175816325102));
#8742=CARTESIAN_POINT('',(0.035,0.0822975108148139,0.00235175816325102));
#8743=CARTESIAN_POINT('',(0.032,0.0824308659880389,0.0022219690373483));
#8744=CARTESIAN_POINT('',(0.0349999999999999,0.0824308659880389,0.0022219690373483));
#8745=CARTESIAN_POINT('',(0.032,0.0824284409241308,0.00222296028206021));
#8746=CARTESIAN_POINT('',(0.035,0.0824284409241308,0.00222296028206021));
#8747=CARTESIAN_POINT('',(0.032,0.0824773019910883,0.00216813137421528));
#8748=CARTESIAN_POINT('',(0.0349999999999999,0.0824773019910883,0.00216813137421528));
#8749=CARTESIAN_POINT('',(0.032,0.0825336429501387,0.00209532980500734));
#8750=CARTESIAN_POINT('',(0.035,0.0825336429501387,0.00209532980500734));
#8751=CARTESIAN_POINT('',(0.032,0.082640540619419,0.001943150171191));
#8752=CARTESIAN_POINT('',(0.035,0.082640540619419,0.001943150171191));
#8753=CARTESIAN_POINT('',(0.032,0.082778661690351,0.00171268557578186));
#8754=CARTESIAN_POINT('',(0.035,0.082778661690351,0.00171268557578186));
#8755=CARTESIAN_POINT('',(0.032,0.0829422925416264,0.00138170587631136));
#8756=CARTESIAN_POINT('',(0.035,0.0829422925416264,0.00138170587631136));
#8757=CARTESIAN_POINT('',(0.032,0.0830949604837715,0.00100609434171641));
#8758=CARTESIAN_POINT('',(0.035,0.0830949604837715,0.00100609434171641));
#8759=CARTESIAN_POINT('',(0.032,0.0832777451561225,0.000453387589994646));
#8760=CARTESIAN_POINT('',(0.0349999999999999,0.0832777451561225,0.000453387589994646));
#8761=CARTESIAN_POINT('',(0.032,0.0833859630243782,-1.19619363536438E-5));
#8762=CARTESIAN_POINT('',(0.035,0.0833859630243782,-1.19619363536438E-5));
#8763=CARTESIAN_POINT('',(0.032,0.0834418247087704,-0.000340060303879619));
#8764=CARTESIAN_POINT('',(0.035,0.0834418247087704,-0.000340060303879619));
#8765=CARTESIAN_POINT('',(0.035,0.0820384566045832,0.00260311306200569));
#8766=CARTESIAN_POINT('',(0.032,0.0723000000000045,0.0120549999999962));
#8767=CARTESIAN_POINT('',(0.032,0.0820016476387232,0.00352749679731313));
#8768=CARTESIAN_POINT('',(0.032,0.0823826247006735,0.00398152757958835));
#8769=CARTESIAN_POINT('',(0.0335,0.0829062492362544,0.00356224506415551));
#8770=CARTESIAN_POINT('',(0.0335,0.0825054867570093,0.00308463493973808));
#8771=CARTESIAN_POINT('',(0.032,0.0853548024956518,0.0083471926582333));
#8772=CARTESIAN_POINT('',(0.035,0.0853548024956518,0.0083471926582333));
#8773=CARTESIAN_POINT('',(0.032,0.0854799471238517,0.00831160263654631));
#8774=CARTESIAN_POINT('',(0.035,0.0854799471238517,0.00831160263654631));
#8775=CARTESIAN_POINT('',(0.032,0.0857020093370955,0.00824852257813601));
#8776=CARTESIAN_POINT('',(0.035,0.0857020093370955,0.00824852257813601));
#8777=CARTESIAN_POINT('',(0.032,0.0858810876038748,0.00819792817334841));
#8778=CARTESIAN_POINT('',(0.035,0.0858810876038748,0.00819792817334841));
#8779=CARTESIAN_POINT('',(0.032,0.0858790166288188,0.00819953271794276));
#8780=CARTESIAN_POINT('',(0.035,0.0858790166288188,0.00819953271794276));
#8781=CARTESIAN_POINT('',(0.032,0.0859509303893532,0.00818463224662398));
#8782=CARTESIAN_POINT('',(0.035,0.0859509303893532,0.00818463224662398));
#8783=CARTESIAN_POINT('',(0.032,0.0860421488772477,0.00817224032941669));
#8784=CARTESIAN_POINT('',(0.035,0.0860421488772477,0.00817224032941669));
#8785=CARTESIAN_POINT('',(0.032,0.0862273891407115,0.00815575404912276));
#8786=CARTESIAN_POINT('',(0.035,0.0862273891407115,0.00815575404912276));
#8787=CARTESIAN_POINT('',(0.032,0.0864960378704747,0.00815136999060237));
#8788=CARTESIAN_POINT('',(0.035,0.0864960378704747,0.00815136999060237));
#8789=CARTESIAN_POINT('',(0.032,0.0868644901239906,0.00817515136629032));
#8790=CARTESIAN_POINT('',(0.035,0.0868644901239906,0.00817515136629032));
#8791=CARTESIAN_POINT('',(0.032,0.087266113225977,0.00823074281734656));
#8792=CARTESIAN_POINT('',(0.035,0.087266113225977,0.00823074281734656));
#8793=CARTESIAN_POINT('',(0.032,0.0878361636499866,0.00834880002352917));
#8794=CARTESIAN_POINT('',(0.035,0.0878361636499866,0.00834880002352917));
#8795=CARTESIAN_POINT('',(0.032,0.0882932770955715,0.00848775536364966));
#8796=CARTESIAN_POINT('',(0.035,0.0882932770955715,0.00848775536364966));
#8797=CARTESIAN_POINT('',(0.032,0.088605349458985,0.00860342690963156));
#8798=CARTESIAN_POINT('',(0.035,0.088605349458985,0.00860342690963156));
#8799=CARTESIAN_POINT('',(0.032,0.085354802504293,0.00834719265577583));
#8800=CARTESIAN_POINT('',(0.032,0.0846838915262023,0.00650387991920629));
#8801=CARTESIAN_POINT('',(0.035,0.0846838915262023,0.00650387991920629));
#8802=CARTESIAN_POINT('',(0.032,0.0848026346981899,0.00645070204112438));
#8803=CARTESIAN_POINT('',(0.035,0.0848026346981899,0.00645070204112438));
#8804=CARTESIAN_POINT('',(0.032,0.0850132913026365,0.00635628533008849));
#8805=CARTESIAN_POINT('',(0.035,0.0850132913026365,0.00635628533008849));
#8806=CARTESIAN_POINT('',(0.032,0.0851829946703031,0.00627993360167907));
#8807=CARTESIAN_POINT('',(0.035,0.0851829946703031,0.00627993360167907));
#8808=CARTESIAN_POINT('',(0.032,0.0851803768299851,0.00628003564631478));
#8809=CARTESIAN_POINT('',(0.035,0.0851803768299851,0.00628003564631478));
#8810=CARTESIAN_POINT('',(0.032,0.0852450438049684,0.00624522479533104));
#8811=CARTESIAN_POINT('',(0.035,0.0852450438049684,0.00624522479533104));
#8812=CARTESIAN_POINT('',(0.032,0.0853228865915708,0.00619608344085422));
#8813=CARTESIAN_POINT('',(0.035,0.0853228865915708,0.00619608344085422));
#8814=CARTESIAN_POINT('',(0.032,0.085475386042742,0.00608964251809154));
#8815=CARTESIAN_POINT('',(0.035,0.085475386042742,0.00608964251809154));
#8816=CARTESIAN_POINT('',(0.032,0.085684000927825,0.00592031682690959));
#8817=CARTESIAN_POINT('',(0.035,0.085684000927825,0.00592031682690959));
#8818=CARTESIAN_POINT('',(0.032,0.0859509653555522,0.00566526269289293));
#8819=CARTESIAN_POINT('',(0.035,0.0859509653555522,0.00566526269289293));
#8820=CARTESIAN_POINT('',(0.032,0.0862228930051136,0.0053645188170057));
#8821=CARTESIAN_POINT('',(0.035,0.0862228930051136,0.0053645188170057));
#8822=CARTESIAN_POINT('',(0.032,0.0865836912553552,0.0049076604007894));
#8823=CARTESIAN_POINT('',(0.035,0.0865836912553552,0.0049076604007894));
#8824=CARTESIAN_POINT('',(0.032,0.086844541699292,0.00450738757560522));
#8825=CARTESIAN_POINT('',(0.035,0.086844541699292,0.00450738757560522));
#8826=CARTESIAN_POINT('',(0.032,0.0870092507625848,0.00421818178205109));
#8827=CARTESIAN_POINT('',(0.035,0.0870092507625848,0.00421818178205109));
#8828=CARTESIAN_POINT('',(0.035,0.0846838915344015,0.00650387991553436));
#8829=CARTESIAN_POINT('',(0.032,0.0723000000000056,0.012054999999998));
#8830=CARTESIAN_POINT('',(0.032,0.0843331445631663,0.00735992708259819));
#8831=CARTESIAN_POINT('',(0.032,0.0845358582237416,0.00791687828764388));
#8832=CARTESIAN_POINT('',(0.0335,0.0851713074019118,0.00770197174057532));
#8833=CARTESIAN_POINT('',(0.0335,0.0849580661406843,0.00711609619045666));
#8834=CARTESIAN_POINT('',(0.032,0.0799172262894174,0.00082318949857394));
#8835=CARTESIAN_POINT('',(0.035,0.0799172262894174,0.00082318949857394));
#8836=CARTESIAN_POINT('',(0.032,0.0799902158114673,0.000715484543804435));
#8837=CARTESIAN_POINT('',(0.035,0.0799902158114673,0.000715484543804435));
#8838=CARTESIAN_POINT('',(0.032,0.080119778255985,0.00052442357633489));
#8839=CARTESIAN_POINT('',(0.035,0.080119778255985,0.00052442357633489));
#8840=CARTESIAN_POINT('',(0.032,0.0802244387106177,0.000370556722644586));
#8841=CARTESIAN_POINT('',(0.035,0.0802244387106177,0.000370556722644586));
#8842=CARTESIAN_POINT('',(0.032,0.0802238836330687,0.000373117072220807));
#8843=CARTESIAN_POINT('',(0.035,0.0802238836330687,0.000373117072220807));
#8844=CARTESIAN_POINT('',(0.032,0.0802693949313674,0.000315477374729813));
#8845=CARTESIAN_POINT('',(0.035,0.0802693949313674,0.000315477374729813));
#8846=CARTESIAN_POINT('',(0.032,0.0803313069762878,0.000247350501620564));
#8847=CARTESIAN_POINT('',(0.035,0.0803313069762878,0.000247350501620564));
#8848=CARTESIAN_POINT('',(0.032,0.0804626120740533,0.000115651132044134));
#8849=CARTESIAN_POINT('',(0.035,0.0804626120740533,0.000115651132044134));
#8850=CARTESIAN_POINT('',(0.032,0.0806655909221422,-6.03913264735168E-5));
#8851=CARTESIAN_POINT('',(0.035,0.0806655909221422,-6.03913264735168E-5));
#8852=CARTESIAN_POINT('',(0.032,0.0809631280971366,-0.000279010279099242));
#8853=CARTESIAN_POINT('',(0.035,0.0809631280971366,-0.000279010279099242));
#8854=CARTESIAN_POINT('',(0.032,0.0813065227385847,-0.000494583110653333));
#8855=CARTESIAN_POINT('',(0.035,0.0813065227385847,-0.000494583110653333));
#8856=CARTESIAN_POINT('',(0.032,0.0818190924075633,-0.00077056739333696));
#8857=CARTESIAN_POINT('',(0.035,0.0818190924075633,-0.00077056739333696));
#8858=CARTESIAN_POINT('',(0.032,0.0822585803933576,-0.000957948286239137));
#8859=CARTESIAN_POINT('',(0.035,0.0822585803933576,-0.000957948286239137));
#8860=CARTESIAN_POINT('',(0.032,0.0825719939297522,-0.00106993498974042));
#8861=CARTESIAN_POINT('',(0.035,0.0825719939297522,-0.00106993498974042));
#8862=CARTESIAN_POINT('',(0.032,0.0799172262944573,0.000823189491137036));
#8863=CARTESIAN_POINT('',(0.032,0.0782184200800191,-0.000157616723723208));
#8864=CARTESIAN_POINT('',(0.0349999999999999,0.0782184200800191,-0.000157616723723208));
#8865=CARTESIAN_POINT('',(0.032,0.0782752005459381,-0.000274679981413195));
#8866=CARTESIAN_POINT('',(0.0349999999999999,0.0782752005459381,-0.000274679981413195));
#8867=CARTESIAN_POINT('',(0.032,0.0783758829751795,-0.000482414833476715));
#8868=CARTESIAN_POINT('',(0.0349999999999999,0.0783758829751795,-0.000482414833476715));
#8869=CARTESIAN_POINT('',(0.032,0.0784568053519594,-0.000649986872805399));
#8870=CARTESIAN_POINT('',(0.0349999999999999,0.0784568053519594,-0.000649986872805399));
#8871=CARTESIAN_POINT('',(0.032,0.0784548655629582,-0.000648225986758752));
#8872=CARTESIAN_POINT('',(0.0349999999999999,0.0784548655629582,-0.000648225986758752));
#8873=CARTESIAN_POINT('',(0.032,0.0784820273561025,-0.000716459775990244));
#8874=CARTESIAN_POINT('',(0.0349999999999999,0.0784820273561025,-0.000716459775990244));
#8875=CARTESIAN_POINT('',(0.032,0.0785100709364353,-0.000804140616246107));
#8876=CARTESIAN_POINT('',(0.0349999999999999,0.0785100709364353,-0.000804140616246107));
#8877=CARTESIAN_POINT('',(0.032,0.0785584733872682,-0.000983703851345674));
#8878=CARTESIAN_POINT('',(0.0349999999999999,0.0785584733872682,-0.000983703851345674));
#8879=CARTESIAN_POINT('',(0.032,0.0786094412044447,-0.00124750991948048));
#8880=CARTESIAN_POINT('',(0.0349999999999999,0.0786094412044447,-0.00124750991948048));
#8881=CARTESIAN_POINT('',(0.032,0.0786500021836701,-0.00161449414790853));
#8882=CARTESIAN_POINT('',(0.0349999999999999,0.0786500021836701,-0.00161449414790853));
#8883=CARTESIAN_POINT('',(0.032,0.0786649964114376,-0.00201966904670321));
#8884=CARTESIAN_POINT('',(0.0349999999999999,0.0786649964114376,-0.00201966904670321));
#8885=CARTESIAN_POINT('',(0.032,0.0786477209767975,-0.00260155954258991));
#8886=CARTESIAN_POINT('',(0.0349999999999999,0.0786477209767975,-0.00260155954258991));
#8887=CARTESIAN_POINT('',(0.032,0.0785902535973377,-0.00307585774939697));
#8888=CARTESIAN_POINT('',(0.0349999999999999,0.0785902535973377,-0.00307585774939697));
#8889=CARTESIAN_POINT('',(0.032,0.0785305301592584,-0.00340327518555514));
#8890=CARTESIAN_POINT('',(0.0349999999999999,0.0785305301592584,-0.00340327518555514));
#8891=CARTESIAN_POINT('',(0.035,0.0782184200839398,-0.000157616731806323));
#8892=CARTESIAN_POINT('',(0.032,0.072300000000003,0.0120549999999949));
#8893=CARTESIAN_POINT('',(0.032,0.0784999888279802,0.000723609250815716));
#8894=CARTESIAN_POINT('',(0.032,0.0790132778350115,0.00101995679719737));
#8895=CARTESIAN_POINT('',(0.0335,0.0793619208811371,0.00044686997271233));
#8896=CARTESIAN_POINT('',(0.0335,0.0788219750534956,0.000135132103775623));
#8897=CARTESIAN_POINT('',(0.032,0.0756163458975175,-0.00110469427350632));
#8898=CARTESIAN_POINT('',(0.0350000000000001,0.0756163458975175,-0.00110469427350632));
#8899=CARTESIAN_POINT('',(0.032,0.0756480963487153,-0.00123086771151806));
#8900=CARTESIAN_POINT('',(0.0350000000000001,0.0756480963487153,-0.00123086771151806));
#8901=CARTESIAN_POINT('',(0.032,0.0757044985222817,-0.00145471925861298));
#8902=CARTESIAN_POINT('',(0.0350000000000001,0.0757044985222817,-0.00145471925861298));
#8903=CARTESIAN_POINT('',(0.032,0.0757502216158359,-0.0016351027893033));
#8904=CARTESIAN_POINT('',(0.0350000000000001,0.0757502216158359,-0.0016351027893033));
#8905=CARTESIAN_POINT('',(0.032,0.0757505757046881,-0.00163250699999702));
#8906=CARTESIAN_POINT('',(0.0350000000000001,0.0757505757046881,-0.00163250699999702));
#8907=CARTESIAN_POINT('',(0.032,0.0757736283982648,-0.00170223637916075));
#8908=CARTESIAN_POINT('',(0.035,0.0757736283982648,-0.00170223637916075));
#8909=CARTESIAN_POINT('',(0.032,0.075808505927109,-0.00178742986557598));
#8910=CARTESIAN_POINT('',(0.0350000000000001,0.075808505927109,-0.00178742986557598));
#8911=CARTESIAN_POINT('',(0.032,0.0758868485212924,-0.00195609577968624));
#8912=CARTESIAN_POINT('',(0.0350000000000001,0.0758868485212924,-0.00195609577968624));
#8913=CARTESIAN_POINT('',(0.032,0.0760173761801238,-0.00219094443361579));
#8914=CARTESIAN_POINT('',(0.0350000000000001,0.0760173761801238,-0.00219094443361579));
#8915=CARTESIAN_POINT('',(0.032,0.0762221975823644,-0.00249814275739831));
#8916=CARTESIAN_POINT('',(0.035,0.0762221975823644,-0.00249814275739831));
#8917=CARTESIAN_POINT('',(0.032,0.0764711527422055,-0.00281816284093705));
#8918=CARTESIAN_POINT('',(0.0350000000000001,0.0764711527422055,-0.00281816284093705));
#8919=CARTESIAN_POINT('',(0.032,0.0768584184938643,-0.00325281238647614));
#8920=CARTESIAN_POINT('',(0.035,0.0768584184938643,-0.00325281238647614));
#8921=CARTESIAN_POINT('',(0.032,0.0772073140711924,-0.00357920657270408));
#8922=CARTESIAN_POINT('',(0.0350000000000001,0.0772073140711924,-0.00357920657270408));
#8923=CARTESIAN_POINT('',(0.032,0.0774635247502147,-0.00379163339424807));
#8924=CARTESIAN_POINT('',(0.0350000000000001,0.0774635247502147,-0.00379163339424807));
#8925=CARTESIAN_POINT('',(0.032,0.0756163458997098,-0.00110469428221845));
#8926=CARTESIAN_POINT('',(0.032,0.0736845347536759,-0.00144532469979891));
#8927=CARTESIAN_POINT('',(0.035,0.0736845347536759,-0.00144532469979891));
#8928=CARTESIAN_POINT('',(0.032,0.0736978529463314,-0.00157474824230704));
#8929=CARTESIAN_POINT('',(0.035,0.0736978529463314,-0.00157474824230704));
#8930=CARTESIAN_POINT('',(0.032,0.0737214139782559,-0.00180439056875071));
#8931=CARTESIAN_POINT('',(0.035,0.0737214139782559,-0.00180439056875071));
#8932=CARTESIAN_POINT('',(0.032,0.0737401431256636,-0.0019895338604624));
#8933=CARTESIAN_POINT('',(0.035,0.0737401431256636,-0.0019895338604624));
#8934=CARTESIAN_POINT('',(0.032,0.0737389225787516,-0.00198721572192617));
#8935=CARTESIAN_POINT('',(0.035,0.0737389225787516,-0.00198721572192617));
#8936=CARTESIAN_POINT('',(0.032,0.0737411089849639,-0.00206062439053943));
#8937=CARTESIAN_POINT('',(0.035,0.0737411089849639,-0.00206062439053943));
#8938=CARTESIAN_POINT('',(0.032,0.0737374727169119,-0.00215260889847701));
#8939=CARTESIAN_POINT('',(0.035,0.0737374727169119,-0.00215260889847701));
#8940=CARTESIAN_POINT('',(0.032,0.0737215418993826,-0.00233789775863565));
#8941=CARTESIAN_POINT('',(0.035,0.0737215418993826,-0.00233789775863565));
#8942=CARTESIAN_POINT('',(0.032,0.0736792089918474,-0.00260322639431617));
#8943=CARTESIAN_POINT('',(0.035,0.0736792089918474,-0.00260322639431617));
#8944=CARTESIAN_POINT('',(0.032,0.0735918078463122,-0.00296195143764295));
#8945=CARTESIAN_POINT('',(0.035,0.0735918078463122,-0.00296195143764295));
#8946=CARTESIAN_POINT('',(0.032,0.0734673198345419,-0.00334781962809811));
#8947=CARTESIAN_POINT('',(0.035,0.0734673198345419,-0.00334781962809811));
#8948=CARTESIAN_POINT('',(0.032,0.0732520679652869,-0.00388870928655661));
#8949=CARTESIAN_POINT('',(0.0349999999999999,0.0732520679652869,-0.00388870928655661));
#8950=CARTESIAN_POINT('',(0.032,0.0730358467522001,-0.00431474881018584));
#8951=CARTESIAN_POINT('',(0.035,0.0730358467522001,-0.00431474881018584));
#8952=CARTESIAN_POINT('',(0.032,0.072867741719708,-0.00460199394000851));
#8953=CARTESIAN_POINT('',(0.035,0.072867741719708,-0.00460199394000851));
#8954=CARTESIAN_POINT('',(0.035,0.0736845347545955,-0.0014453247087355));
#8955=CARTESIAN_POINT('',(0.032,0.072300000000001,0.0120549999999942));
#8956=CARTESIAN_POINT('',(0.032,0.0742505198624929,-0.000713545337813468));
#8957=CARTESIAN_POINT('',(0.032,0.0748342105850184,-0.00061062491504299));
#8958=CARTESIAN_POINT('',(0.0335,0.0749658206449025,-0.00126839331968658));
#8959=CARTESIAN_POINT('',(0.0335,0.0743518169044299,-0.00137665874538788));
#8960=MECHANICAL_DESIGN_GEOMETRIC_PRESENTATION_REPRESENTATION('',(#3200),
#8961);
#8961=(
GEOMETRIC_REPRESENTATION_CONTEXT(3)
GLOBAL_UNCERTAINTY_ASSIGNED_CONTEXT((#8962))
GLOBAL_UNIT_ASSIGNED_CONTEXT((#8965,#8964,#8963))
REPRESENTATION_CONTEXT('Knee Pitch giver','TOP_LEVEL_ASSEMBLY_PART')
);
#8962=UNCERTAINTY_MEASURE_WITH_UNIT(LENGTH_MEASURE(2.E-5),#8965,
'DISTANCE_ACCURACY_VALUE','Maximum Tolerance applied to model');
#8963=(
NAMED_UNIT(*)
SI_UNIT($,.STERADIAN.)
SOLID_ANGLE_UNIT()
);
#8964=(
NAMED_UNIT(*)
PLANE_ANGLE_UNIT()
SI_UNIT($,.RADIAN.)
);
#8965=(
LENGTH_UNIT()
NAMED_UNIT(*)
SI_UNIT($,.METRE.)
);
#8966=PRODUCT_DEFINITION_SHAPE('','',#8967);
#8967=PRODUCT_DEFINITION('','',#8969,#8968);
#8968=PRODUCT_DEFINITION_CONTEXT('',#8975,'design');
#8969=PRODUCT_DEFINITION_FORMATION_WITH_SPECIFIED_SOURCE('','',#8971,
 .NOT_KNOWN.);
#8970=PRODUCT_RELATED_PRODUCT_CATEGORY('','',(#8971));
#8971=PRODUCT('Knee Pitch giver','Knee Pitch giver','Knee Pitch giver',
(#8973));
#8972=PRODUCT_CATEGORY('','');
#8973=PRODUCT_CONTEXT('',#8975,'mechanical');
#8974=APPLICATION_PROTOCOL_DEFINITION('international standard',
'ap242_managed_model_based_3d_engineering',2020,#8975);
#8975=APPLICATION_CONTEXT('managed model based 3d engineering');
ENDSEC;
END-ISO-10303-21;
