ISO-10303-21;
HEADER;
/* Generated by software containing ST-Developer
 * from STEP Tools, Inc. (www.steptools.com) 
 */
/* OPTION: using custom renumber hook */

FILE_DESCRIPTION(
/* description */ ('STEP AP242 Edition 2',
'CAx-IF Rec.Pracs.---Representation and Presentation of Product Manufa
cturing Information (PMI)---4.0---2014-10-13',
'CAx-IF Rec.Pracs.---3D Tessellated Geometry---0.4---2014-09-14','2;1',
'CAx-IF Rec.Pracs.---User Defined Attributes---1.5---2016-08-15'),
/* implementation_level */ '2;1');

FILE_NAME(
/* name */ 'robot - Left foot',
/* time_stamp */ '2026-08-16T03:04:30Z',
/* author */ (''),
/* organization */ (''),
/* preprocessor_version */ 'ST-DEVELOPER v20',
/* originating_system */ 'ONSHAPE BY PTC INC, 1.219',
/* authorisation */ '  ');

FILE_SCHEMA (('AP242_MANAGED_MODEL_BASED_3D_ENGINEERING_MIM_LF { 1 0 10303 442 3 1 4 }'));
ENDSEC;

DATA;
#10=SHAPE_REPRESENTATION_RELATIONSHIP('','',#3396,#11);
#11=ADVANCED_BREP_SHAPE_REPRESENTATION('',(#3394),#6777);
#12=B_SPLINE_SURFACE_WITH_KNOTS('',3,1,((#5659,#5660),(#5661,#5662),(#5663,
#5664),(#5665,#5666),(#5667,#5668),(#5669,#5670)),
 .SURF_OF_LINEAR_EXTRUSION.,.F.,.F.,.F.,(4,1,1,4),(2,2),(-1.00600001148197,
-0.754500009299585,-0.503000007117197,-2.75241969927384E-9),(0.,1.),
 .UNSPECIFIED.);
#13=B_SPLINE_SURFACE_WITH_KNOTS('',3,1,((#5690,#5691),(#5692,#5693),(#5694,
#5695),(#5696,#5697),(#5698,#5699),(#5700,#5701),(#5702,#5703)),
 .SURF_OF_LINEAR_EXTRUSION.,.F.,.F.,.F.,(4,1,1,1,4),(2,2),(-1.27762218230986E-9,
0.499999999361191,0.749999999680598,0.874999999840301,1.),(0.,1.),
 .UNSPECIFIED.);
#14=B_SPLINE_SURFACE_WITH_KNOTS('',3,1,((#5711,#5712),(#5713,#5714),(#5715,
#5716),(#5717,#5718),(#5719,#5720),(#5721,#5722)),
 .SURF_OF_LINEAR_EXTRUSION.,.F.,.F.,.F.,(4,1,1,4),(2,2),(-1.00600001148196,
-0.75450000929957,-0.503000007117182,-2.75240712567978E-9),(0.,1.),
 .UNSPECIFIED.);
#15=B_SPLINE_SURFACE_WITH_KNOTS('',3,1,((#5742,#5743),(#5744,#5745),(#5746,
#5747),(#5748,#5749),(#5750,#5751),(#5752,#5753),(#5754,#5755)),
 .SURF_OF_LINEAR_EXTRUSION.,.F.,.F.,.F.,(4,1,1,1,4),(2,2),(-1.27764695504312E-9,
0.499999999361177,0.749999999680589,0.874999999840295,1.),(0.,1.),
 .UNSPECIFIED.);
#16=B_SPLINE_SURFACE_WITH_KNOTS('',3,1,((#5763,#5764),(#5765,#5766),(#5767,
#5768),(#5769,#5770),(#5771,#5772),(#5773,#5774)),
 .SURF_OF_LINEAR_EXTRUSION.,.F.,.F.,.F.,(4,1,1,4),(2,2),(-1.00600001148196,
-0.754500009299578,-0.503000007117198,-2.75243826619907E-9),(0.,1.),
 .UNSPECIFIED.);
#17=B_SPLINE_SURFACE_WITH_KNOTS('',3,1,((#5794,#5795),(#5796,#5797),(#5798,
#5799),(#5800,#5801),(#5802,#5803),(#5804,#5805),(#5806,#5807)),
 .SURF_OF_LINEAR_EXTRUSION.,.F.,.F.,.F.,(4,1,1,1,4),(2,2),(-1.27763903112927E-9,
0.499999999361175,0.749999999680581,0.874999999840285,0.999999999999988),
(0.,1.),.UNSPECIFIED.);
#18=B_SPLINE_SURFACE_WITH_KNOTS('',3,1,((#5815,#5816),(#5817,#5818),(#5819,
#5820),(#5821,#5822),(#5823,#5824),(#5825,#5826)),
 .SURF_OF_LINEAR_EXTRUSION.,.F.,.F.,.F.,(4,1,1,4),(2,2),(-1.00600001148195,
-0.754500009299574,-0.503000007117195,-2.75243782307424E-9),(0.,1.),
 .UNSPECIFIED.);
#19=B_SPLINE_SURFACE_WITH_KNOTS('',3,1,((#5846,#5847),(#5848,#5849),(#5850,
#5851),(#5852,#5853),(#5854,#5855),(#5856,#5857),(#5858,#5859)),
 .SURF_OF_LINEAR_EXTRUSION.,.F.,.F.,.F.,(4,1,1,1,4),(2,2),(-1.27760586483767E-9,
0.499999999361197,0.749999999680598,0.874999999840299,1.),(0.,1.),
 .UNSPECIFIED.);
#20=B_SPLINE_SURFACE_WITH_KNOTS('',3,1,((#5867,#5868),(#5869,#5870),(#5871,
#5872),(#5873,#5874),(#5875,#5876),(#5877,#5878)),
 .SURF_OF_LINEAR_EXTRUSION.,.F.,.F.,.F.,(4,1,1,4),(2,2),(-1.00600001148197,
-0.754500009299581,-0.503000007117196,-2.75242502973469E-9),(0.,1.),
 .UNSPECIFIED.);
#21=B_SPLINE_SURFACE_WITH_KNOTS('',3,1,((#5898,#5899),(#5900,#5901),(#5902,
#5903),(#5904,#5905),(#5906,#5907),(#5908,#5909),(#5910,#5911)),
 .SURF_OF_LINEAR_EXTRUSION.,.F.,.F.,.F.,(4,1,1,1,4),(2,2),(-1.27763388719344E-9,
0.499999999361194,0.749999999680609,0.874999999840316,1.00000000000002),
(0.,1.),.UNSPECIFIED.);
#22=B_SPLINE_SURFACE_WITH_KNOTS('',3,1,((#5919,#5920),(#5921,#5922),(#5923,
#5924),(#5925,#5926),(#5927,#5928),(#5929,#5930)),
 .SURF_OF_LINEAR_EXTRUSION.,.F.,.F.,.F.,(4,1,1,4),(2,2),(-1.00600001148197,
-0.754500009299584,-0.503000007117198,-2.75242745336036E-9),(0.,1.),
 .UNSPECIFIED.);
#23=B_SPLINE_SURFACE_WITH_KNOTS('',3,1,((#5950,#5951),(#5952,#5953),(#5954,
#5955),(#5956,#5957),(#5958,#5959),(#5960,#5961),(#5962,#5963)),
 .SURF_OF_LINEAR_EXTRUSION.,.F.,.F.,.F.,(4,1,1,1,4),(2,2),(-1.27763190691012E-9,
0.499999999361185,0.749999999680593,0.874999999840298,1.),(0.,1.),
 .UNSPECIFIED.);
#24=B_SPLINE_SURFACE_WITH_KNOTS('',3,1,((#5971,#5972),(#5973,#5974),(#5975,
#5976),(#5977,#5978),(#5979,#5980),(#5981,#5982)),
 .SURF_OF_LINEAR_EXTRUSION.,.F.,.F.,.F.,(4,1,1,4),(2,2),(-1.00600001148196,
-0.754500009299578,-0.503000007117196,-2.75243270751859E-9),(0.,1.),
 .UNSPECIFIED.);
#25=B_SPLINE_SURFACE_WITH_KNOTS('',3,1,((#6002,#6003),(#6004,#6005),(#6006,
#6007),(#6008,#6009),(#6010,#6011),(#6012,#6013),(#6014,#6015)),
 .SURF_OF_LINEAR_EXTRUSION.,.F.,.F.,.F.,(4,1,1,1,4),(2,2),(-1.2776345136419E-9,
0.499999999361184,0.749999999680593,0.874999999840298,1.),(0.,1.),
 .UNSPECIFIED.);
#26=B_SPLINE_SURFACE_WITH_KNOTS('',3,1,((#6023,#6024),(#6025,#6026),(#6027,
#6028),(#6029,#6030),(#6031,#6032),(#6033,#6034)),
 .SURF_OF_LINEAR_EXTRUSION.,.F.,.F.,.F.,(4,1,1,4),(2,2),(-1.00600001148195,
-0.754500009299569,-0.503000007117189,-2.7524288822564E-9),(0.,1.),
 .UNSPECIFIED.);
#27=B_SPLINE_SURFACE_WITH_KNOTS('',3,1,((#6054,#6055),(#6056,#6057),(#6058,
#6059),(#6060,#6061),(#6062,#6063),(#6064,#6065),(#6066,#6067)),
 .SURF_OF_LINEAR_EXTRUSION.,.F.,.F.,.F.,(4,1,1,1,4),(2,2),(-1.27763061633846E-9,
0.499999999361185,0.749999999680592,0.874999999840296,1.),(0.,1.),
 .UNSPECIFIED.);
#28=B_SPLINE_SURFACE_WITH_KNOTS('',3,1,((#6075,#6076),(#6077,#6078),(#6079,
#6080),(#6081,#6082),(#6083,#6084),(#6085,#6086)),
 .SURF_OF_LINEAR_EXTRUSION.,.F.,.F.,.F.,(4,1,1,4),(2,2),(-1.00600001148197,
-0.754500009299579,-0.503000007117191,-2.75241566017492E-9),(0.,1.),
 .UNSPECIFIED.);
#29=B_SPLINE_SURFACE_WITH_KNOTS('',3,1,((#6106,#6107),(#6108,#6109),(#6110,
#6111),(#6112,#6113),(#6114,#6115),(#6116,#6117),(#6118,#6119)),
 .SURF_OF_LINEAR_EXTRUSION.,.F.,.F.,.F.,(4,1,1,1,4),(2,2),(-1.27763416093629E-9,
0.499999999361183,0.749999999680592,0.874999999840296,1.),(0.,1.),
 .UNSPECIFIED.);
#30=B_SPLINE_SURFACE_WITH_KNOTS('',3,1,((#6127,#6128),(#6129,#6130),(#6131,
#6132),(#6133,#6134),(#6135,#6136),(#6137,#6138)),
 .SURF_OF_LINEAR_EXTRUSION.,.F.,.F.,.F.,(4,1,1,4),(2,2),(-1.00600001148196,
-0.754500009299578,-0.503000007117197,-2.75243540783424E-9),(0.,1.),
 .UNSPECIFIED.);
#31=B_SPLINE_SURFACE_WITH_KNOTS('',3,1,((#6158,#6159),(#6160,#6161),(#6162,
#6163),(#6164,#6165),(#6166,#6167),(#6168,#6169),(#6170,#6171)),
 .SURF_OF_LINEAR_EXTRUSION.,.F.,.F.,.F.,(4,1,1,1,4),(2,2),(-1.27756230190074E-9,
0.49999999936122,0.74999999968061,0.874999999840306,1.),(0.,1.),
 .UNSPECIFIED.);
#32=B_SPLINE_SURFACE_WITH_KNOTS('',3,1,((#6179,#6180),(#6181,#6182),(#6183,
#6184),(#6185,#6186),(#6187,#6188),(#6189,#6190)),
 .SURF_OF_LINEAR_EXTRUSION.,.F.,.F.,.F.,(4,1,1,4),(2,2),(-1.00600001148195,
-0.754500009299573,-0.503000007117191,-2.75242673613228E-9),(0.,1.),
 .UNSPECIFIED.);
#33=B_SPLINE_SURFACE_WITH_KNOTS('',3,1,((#6210,#6211),(#6212,#6213),(#6214,
#6215),(#6216,#6217),(#6218,#6219),(#6220,#6221),(#6222,#6223)),
 .SURF_OF_LINEAR_EXTRUSION.,.F.,.F.,.F.,(4,1,1,1,4),(2,2),(-1.27763928777933E-9,
0.49999999936118,0.74999999968059,0.874999999840295,1.),(0.,1.),
 .UNSPECIFIED.);
#34=B_SPLINE_SURFACE_WITH_KNOTS('',3,1,((#6231,#6232),(#6233,#6234),(#6235,
#6236),(#6237,#6238),(#6239,#6240),(#6241,#6242)),
 .SURF_OF_LINEAR_EXTRUSION.,.F.,.F.,.F.,(4,1,1,4),(2,2),(-1.00600001148196,
-0.754500009299577,-0.503000007117194,-2.75242659774778E-9),(0.,1.),
 .UNSPECIFIED.);
#35=B_SPLINE_SURFACE_WITH_KNOTS('',3,1,((#6262,#6263),(#6264,#6265),(#6266,
#6267),(#6268,#6269),(#6270,#6271),(#6272,#6273),(#6274,#6275)),
 .SURF_OF_LINEAR_EXTRUSION.,.F.,.F.,.F.,(4,1,1,1,4),(2,2),(-1.27761761180033E-9,
0.499999999361192,0.749999999680596,0.874999999840299,1.),(0.,1.),
 .UNSPECIFIED.);
#36=B_SPLINE_SURFACE_WITH_KNOTS('',3,1,((#6283,#6284),(#6285,#6286),(#6287,
#6288),(#6289,#6290),(#6291,#6292),(#6293,#6294)),
 .SURF_OF_LINEAR_EXTRUSION.,.F.,.F.,.F.,(4,1,1,4),(2,2),(-1.00600001148196,
-0.754500009299577,-0.503000007117192,-2.75242269956997E-9),(0.,1.),
 .UNSPECIFIED.);
#37=B_SPLINE_SURFACE_WITH_KNOTS('',3,1,((#6314,#6315),(#6316,#6317),(#6318,
#6319),(#6320,#6321),(#6322,#6323),(#6324,#6325),(#6326,#6327)),
 .SURF_OF_LINEAR_EXTRUSION.,.F.,.F.,.F.,(4,1,1,1,4),(2,2),(-1.27763332607831E-9,
0.499999999361188,0.749999999680599,0.874999999840304,1.00000000000001),
(0.,1.),.UNSPECIFIED.);
#38=B_SPLINE_SURFACE_WITH_KNOTS('',3,1,((#6335,#6336),(#6337,#6338),(#6339,
#6340),(#6341,#6342),(#6343,#6344),(#6345,#6346)),
 .SURF_OF_LINEAR_EXTRUSION.,.F.,.F.,.F.,(4,1,1,4),(2,2),(-1.00600001148196,
-0.754500009299576,-0.503000007117194,-2.75243000732183E-9),(0.,1.),
 .UNSPECIFIED.);
#39=B_SPLINE_SURFACE_WITH_KNOTS('',3,1,((#6366,#6367),(#6368,#6369),(#6370,
#6371),(#6372,#6373),(#6374,#6375),(#6376,#6377),(#6378,#6379)),
 .SURF_OF_LINEAR_EXTRUSION.,.F.,.F.,.F.,(4,1,1,1,4),(2,2),(-1.27761437184046E-9,
0.499999999361193,0.749999999680596,0.874999999840298,1.),(0.,1.),
 .UNSPECIFIED.);
#40=B_SPLINE_SURFACE_WITH_KNOTS('',3,1,((#6387,#6388),(#6389,#6390),(#6391,
#6392),(#6393,#6394),(#6395,#6396),(#6397,#6398)),
 .SURF_OF_LINEAR_EXTRUSION.,.F.,.F.,.F.,(4,1,1,4),(2,2),(-1.00600001148197,
-0.754500009299584,-0.503000007117195,-2.75241560770401E-9),(0.,1.),
 .UNSPECIFIED.);
#41=B_SPLINE_SURFACE_WITH_KNOTS('',3,1,((#6417,#6418),(#6419,#6420),(#6421,
#6422),(#6423,#6424),(#6425,#6426),(#6427,#6428),(#6429,#6430)),
 .SURF_OF_LINEAR_EXTRUSION.,.F.,.F.,.F.,(4,1,1,1,4),(2,2),(-1.27762810803698E-9,
0.499999999361187,0.749999999680594,0.874999999840298,1.),(0.,1.),
 .UNSPECIFIED.);
#42=B_SPLINE_SURFACE_WITH_KNOTS('',3,1,((#6438,#6439),(#6440,#6441),(#6442,
#6443),(#6444,#6445),(#6446,#6447),(#6448,#6449)),
 .SURF_OF_LINEAR_EXTRUSION.,.F.,.F.,.F.,(4,1,1,4),(2,2),(-1.00600001148196,
-0.754500009299578,-0.503000007117192,-2.75242031207097E-9),(0.,1.),
 .UNSPECIFIED.);
#43=B_SPLINE_SURFACE_WITH_KNOTS('',3,1,((#6469,#6470),(#6471,#6472),(#6473,
#6474),(#6475,#6476),(#6477,#6478),(#6479,#6480),(#6481,#6482)),
 .SURF_OF_LINEAR_EXTRUSION.,.F.,.F.,.F.,(4,1,1,1,4),(2,2),(-1.27763513408507E-9,
0.49999999936119,0.749999999680603,0.874999999840309,1.00000000000002),
(0.,1.),.UNSPECIFIED.);
#44=B_SPLINE_SURFACE_WITH_KNOTS('',3,1,((#6490,#6491),(#6492,#6493),(#6494,
#6495),(#6496,#6497),(#6498,#6499),(#6500,#6501)),
 .SURF_OF_LINEAR_EXTRUSION.,.F.,.F.,.F.,(4,1,1,4),(2,2),(-1.00600001148196,
-0.754500009299575,-0.503000007117194,-2.75243260995766E-9),(0.,1.),
 .UNSPECIFIED.);
#45=B_SPLINE_SURFACE_WITH_KNOTS('',3,1,((#6521,#6522),(#6523,#6524),(#6525,
#6526),(#6527,#6528),(#6529,#6530),(#6531,#6532),(#6533,#6534)),
 .SURF_OF_LINEAR_EXTRUSION.,.F.,.F.,.F.,(4,1,1,1,4),(2,2),(-1.27755831625738E-9,
0.499999999361221,0.749999999680611,0.874999999840306,1.),(0.,1.),
 .UNSPECIFIED.);
#46=B_SPLINE_SURFACE_WITH_KNOTS('',3,1,((#6542,#6543),(#6544,#6545),(#6546,
#6547),(#6548,#6549),(#6550,#6551),(#6552,#6553)),
 .SURF_OF_LINEAR_EXTRUSION.,.F.,.F.,.F.,(4,1,1,4),(2,2),(-1.00600001148195,
-0.754500009299562,-0.503000007117176,-2.75240305643466E-9),(0.,1.),
 .UNSPECIFIED.);
#47=B_SPLINE_SURFACE_WITH_KNOTS('',3,1,((#6573,#6574),(#6575,#6576),(#6577,
#6578),(#6579,#6580),(#6581,#6582),(#6583,#6584),(#6585,#6586)),
 .SURF_OF_LINEAR_EXTRUSION.,.F.,.F.,.F.,(4,1,1,1,4),(2,2),(-1.27764504801725E-9,
0.499999999361177,0.749999999680589,0.874999999840294,1.),(0.,1.),
 .UNSPECIFIED.);
#48=B_SPLINE_SURFACE_WITH_KNOTS('',3,1,((#6594,#6595),(#6596,#6597),(#6598,
#6599),(#6600,#6601),(#6602,#6603),(#6604,#6605)),
 .SURF_OF_LINEAR_EXTRUSION.,.F.,.F.,.F.,(4,1,1,4),(2,2),(-1.00600001148196,
-0.754500009299571,-0.503000007117186,-2.75241539006053E-9),(0.,1.),
 .UNSPECIFIED.);
#49=B_SPLINE_SURFACE_WITH_KNOTS('',3,1,((#6625,#6626),(#6627,#6628),(#6629,
#6630),(#6631,#6632),(#6633,#6634),(#6635,#6636),(#6637,#6638)),
 .SURF_OF_LINEAR_EXTRUSION.,.F.,.F.,.F.,(4,1,1,1,4),(2,2),(-1.27764239382451E-9,
0.499999999361179,0.74999999968059,0.874999999840296,1.),(0.,1.),
 .UNSPECIFIED.);
#50=B_SPLINE_SURFACE_WITH_KNOTS('',3,1,((#6710,#6711),(#6712,#6713),(#6714,
#6715),(#6716,#6717),(#6718,#6719),(#6720,#6721)),
 .SURF_OF_LINEAR_EXTRUSION.,.F.,.F.,.F.,(4,1,1,4),(2,2),(-1.00600001148197,
-0.754500009299589,-0.503000007117204,-2.75243512513745E-9),(0.,1.),
 .UNSPECIFIED.);
#51=B_SPLINE_SURFACE_WITH_KNOTS('',3,1,((#6741,#6742),(#6743,#6744),(#6745,
#6746),(#6747,#6748),(#6749,#6750),(#6751,#6752),(#6753,#6754)),
 .SURF_OF_LINEAR_EXTRUSION.,.F.,.F.,.F.,(4,1,1,1,4),(2,2),(-1.27762956795559E-9,
0.499999999361186,0.749999999680593,0.874999999840297,1.),(0.,1.),
 .UNSPECIFIED.);
#52=LINE('',#4529,#251);
#53=LINE('',#4532,#252);
#54=LINE('',#4534,#253);
#55=LINE('',#4536,#254);
#56=LINE('',#4538,#255);
#57=LINE('',#4540,#256);
#58=LINE('',#4542,#257);
#59=LINE('',#4544,#258);
#60=LINE('',#4546,#259);
#61=LINE('',#4548,#260);
#62=LINE('',#4550,#261);
#63=LINE('',#4552,#262);
#64=LINE('',#4554,#263);
#65=LINE('',#4556,#264);
#66=LINE('',#4559,#265);
#67=LINE('',#4561,#266);
#68=LINE('',#4563,#267);
#69=LINE('',#4570,#268);
#70=LINE('',#4572,#269);
#71=LINE('',#4574,#270);
#72=LINE('',#4576,#271);
#73=LINE('',#4578,#272);
#74=LINE('',#4580,#273);
#75=LINE('',#4582,#274);
#76=LINE('',#4584,#275);
#77=LINE('',#4586,#276);
#78=LINE('',#4588,#277);
#79=LINE('',#4590,#278);
#80=LINE('',#4592,#279);
#81=LINE('',#4594,#280);
#82=LINE('',#4596,#281);
#83=LINE('',#4597,#282);
#84=LINE('',#4599,#283);
#85=LINE('',#4600,#284);
#86=LINE('',#4608,#285);
#87=LINE('',#4628,#286);
#88=LINE('',#4636,#287);
#89=LINE('',#4656,#288);
#90=LINE('',#4664,#289);
#91=LINE('',#4684,#290);
#92=LINE('',#4692,#291);
#93=LINE('',#4712,#292);
#94=LINE('',#4720,#293);
#95=LINE('',#4740,#294);
#96=LINE('',#4748,#295);
#97=LINE('',#4768,#296);
#98=LINE('',#4776,#297);
#99=LINE('',#4796,#298);
#100=LINE('',#4804,#299);
#101=LINE('',#4824,#300);
#102=LINE('',#4832,#301);
#103=LINE('',#4852,#302);
#104=LINE('',#4860,#303);
#105=LINE('',#4880,#304);
#106=LINE('',#4888,#305);
#107=LINE('',#4908,#306);
#108=LINE('',#4916,#307);
#109=LINE('',#4936,#308);
#110=LINE('',#4944,#309);
#111=LINE('',#4964,#310);
#112=LINE('',#4972,#311);
#113=LINE('',#4992,#312);
#114=LINE('',#5000,#313);
#115=LINE('',#5020,#314);
#116=LINE('',#5028,#315);
#117=LINE('',#5048,#316);
#118=LINE('',#5056,#317);
#119=LINE('',#5076,#318);
#120=LINE('',#5084,#319);
#121=LINE('',#5104,#320);
#122=LINE('',#5112,#321);
#123=LINE('',#5132,#322);
#124=LINE('',#5140,#323);
#125=LINE('',#5160,#324);
#126=LINE('',#5166,#325);
#127=LINE('',#5170,#326);
#128=LINE('',#5177,#327);
#129=LINE('',#5179,#328);
#130=LINE('',#5181,#329);
#131=LINE('',#5185,#330);
#132=LINE('',#5192,#331);
#133=LINE('',#5196,#332);
#134=LINE('',#5203,#333);
#135=LINE('',#5205,#334);
#136=LINE('',#5207,#335);
#137=LINE('',#5211,#336);
#138=LINE('',#5218,#337);
#139=LINE('',#5222,#338);
#140=LINE('',#5229,#339);
#141=LINE('',#5231,#340);
#142=LINE('',#5233,#341);
#143=LINE('',#5237,#342);
#144=LINE('',#5244,#343);
#145=LINE('',#5248,#344);
#146=LINE('',#5255,#345);
#147=LINE('',#5257,#346);
#148=LINE('',#5259,#347);
#149=LINE('',#5263,#348);
#150=LINE('',#5270,#349);
#151=LINE('',#5274,#350);
#152=LINE('',#5281,#351);
#153=LINE('',#5283,#352);
#154=LINE('',#5285,#353);
#155=LINE('',#5289,#354);
#156=LINE('',#5296,#355);
#157=LINE('',#5300,#356);
#158=LINE('',#5307,#357);
#159=LINE('',#5309,#358);
#160=LINE('',#5311,#359);
#161=LINE('',#5315,#360);
#162=LINE('',#5322,#361);
#163=LINE('',#5326,#362);
#164=LINE('',#5333,#363);
#165=LINE('',#5335,#364);
#166=LINE('',#5337,#365);
#167=LINE('',#5341,#366);
#168=LINE('',#5348,#367);
#169=LINE('',#5352,#368);
#170=LINE('',#5359,#369);
#171=LINE('',#5361,#370);
#172=LINE('',#5363,#371);
#173=LINE('',#5367,#372);
#174=LINE('',#5374,#373);
#175=LINE('',#5378,#374);
#176=LINE('',#5385,#375);
#177=LINE('',#5387,#376);
#178=LINE('',#5389,#377);
#179=LINE('',#5393,#378);
#180=LINE('',#5400,#379);
#181=LINE('',#5404,#380);
#182=LINE('',#5411,#381);
#183=LINE('',#5413,#382);
#184=LINE('',#5415,#383);
#185=LINE('',#5419,#384);
#186=LINE('',#5426,#385);
#187=LINE('',#5430,#386);
#188=LINE('',#5437,#387);
#189=LINE('',#5439,#388);
#190=LINE('',#5441,#389);
#191=LINE('',#5445,#390);
#192=LINE('',#5452,#391);
#193=LINE('',#5456,#392);
#194=LINE('',#5463,#393);
#195=LINE('',#5465,#394);
#196=LINE('',#5467,#395);
#197=LINE('',#5471,#396);
#198=LINE('',#5478,#397);
#199=LINE('',#5482,#398);
#200=LINE('',#5489,#399);
#201=LINE('',#5491,#400);
#202=LINE('',#5493,#401);
#203=LINE('',#5497,#402);
#204=LINE('',#5504,#403);
#205=LINE('',#5508,#404);
#206=LINE('',#5515,#405);
#207=LINE('',#5517,#406);
#208=LINE('',#5519,#407);
#209=LINE('',#5523,#408);
#210=LINE('',#5530,#409);
#211=LINE('',#5534,#410);
#212=LINE('',#5541,#411);
#213=LINE('',#5543,#412);
#214=LINE('',#5545,#413);
#215=LINE('',#5549,#414);
#216=LINE('',#5556,#415);
#217=LINE('',#5560,#416);
#218=LINE('',#5567,#417);
#219=LINE('',#5569,#418);
#220=LINE('',#5571,#419);
#221=LINE('',#5575,#420);
#222=LINE('',#5582,#421);
#223=LINE('',#5586,#422);
#224=LINE('',#5593,#423);
#225=LINE('',#5595,#424);
#226=LINE('',#5597,#425);
#227=LINE('',#5601,#426);
#228=LINE('',#5608,#427);
#229=LINE('',#5612,#428);
#230=LINE('',#5619,#429);
#231=LINE('',#5621,#430);
#232=LINE('',#5623,#431);
#233=LINE('',#5627,#432);
#234=LINE('',#5634,#433);
#235=LINE('',#5638,#434);
#236=LINE('',#5645,#435);
#237=LINE('',#5647,#436);
#238=LINE('',#5649,#437);
#239=LINE('',#5653,#438);
#240=LINE('',#6647,#439);
#241=LINE('',#6687,#440);
#242=LINE('',#6696,#441);
#243=LINE('',#6698,#442);
#244=LINE('',#6700,#443);
#245=LINE('',#6704,#444);
#246=LINE('',#6765,#445);
#247=LINE('',#6767,#446);
#248=LINE('',#6769,#447);
#249=LINE('',#6771,#448);
#250=LINE('',#6773,#449);
#251=VECTOR('',#3715,1.);
#252=VECTOR('',#3716,1.);
#253=VECTOR('',#3717,1.);
#254=VECTOR('',#3718,1.);
#255=VECTOR('',#3719,1.);
#256=VECTOR('',#3720,1.);
#257=VECTOR('',#3723,1.);
#258=VECTOR('',#3724,1.);
#259=VECTOR('',#3725,1.);
#260=VECTOR('',#3728,1.);
#261=VECTOR('',#3729,1.);
#262=VECTOR('',#3730,1.);
#263=VECTOR('',#3731,1.);
#264=VECTOR('',#3734,1.);
#265=VECTOR('',#3735,1.);
#266=VECTOR('',#3736,1.);
#267=VECTOR('',#3737,1.);
#268=VECTOR('',#3740,1.);
#269=VECTOR('',#3741,1.);
#270=VECTOR('',#3742,1.);
#271=VECTOR('',#3745,1.);
#272=VECTOR('',#3746,1.);
#273=VECTOR('',#3747,1.);
#274=VECTOR('',#3750,1.);
#275=VECTOR('',#3751,1.);
#276=VECTOR('',#3752,1.);
#277=VECTOR('',#3755,1.);
#278=VECTOR('',#3756,1.);
#279=VECTOR('',#3757,1.);
#280=VECTOR('',#3760,1.);
#281=VECTOR('',#3761,1.);
#282=VECTOR('',#3762,1.);
#283=VECTOR('',#3765,1.);
#284=VECTOR('',#3766,1.);
#285=VECTOR('',#3775,1.);
#286=VECTOR('',#3778,1.);
#287=VECTOR('',#3785,1.);
#288=VECTOR('',#3788,1.);
#289=VECTOR('',#3795,1.);
#290=VECTOR('',#3798,1.);
#291=VECTOR('',#3805,1.);
#292=VECTOR('',#3808,1.);
#293=VECTOR('',#3815,1.);
#294=VECTOR('',#3818,1.);
#295=VECTOR('',#3825,1.);
#296=VECTOR('',#3828,1.);
#297=VECTOR('',#3835,1.);
#298=VECTOR('',#3838,1.);
#299=VECTOR('',#3845,1.);
#300=VECTOR('',#3848,1.);
#301=VECTOR('',#3855,1.);
#302=VECTOR('',#3858,1.);
#303=VECTOR('',#3865,1.);
#304=VECTOR('',#3868,1.);
#305=VECTOR('',#3875,1.);
#306=VECTOR('',#3878,1.);
#307=VECTOR('',#3885,1.);
#308=VECTOR('',#3888,1.);
#309=VECTOR('',#3895,1.);
#310=VECTOR('',#3898,1.);
#311=VECTOR('',#3905,1.);
#312=VECTOR('',#3908,1.);
#313=VECTOR('',#3915,1.);
#314=VECTOR('',#3918,1.);
#315=VECTOR('',#3925,1.);
#316=VECTOR('',#3928,1.);
#317=VECTOR('',#3935,1.);
#318=VECTOR('',#3938,1.);
#319=VECTOR('',#3945,1.);
#320=VECTOR('',#3948,1.);
#321=VECTOR('',#3955,1.);
#322=VECTOR('',#3958,1.);
#323=VECTOR('',#3965,1.);
#324=VECTOR('',#3968,1.);
#325=VECTOR('',#3975,1.);
#326=VECTOR('',#3978,1.);
#327=VECTOR('',#3981,1.);
#328=VECTOR('',#3984,1.);
#329=VECTOR('',#3985,1.);
#330=VECTOR('',#3990,1.);
#331=VECTOR('',#3993,1.);
#332=VECTOR('',#3996,1.);
#333=VECTOR('',#3999,1.);
#334=VECTOR('',#4002,1.);
#335=VECTOR('',#4003,1.);
#336=VECTOR('',#4008,1.);
#337=VECTOR('',#4011,1.);
#338=VECTOR('',#4014,1.);
#339=VECTOR('',#4017,1.);
#340=VECTOR('',#4020,1.);
#341=VECTOR('',#4021,1.);
#342=VECTOR('',#4026,1.);
#343=VECTOR('',#4029,1.);
#344=VECTOR('',#4032,1.);
#345=VECTOR('',#4035,1.);
#346=VECTOR('',#4038,1.);
#347=VECTOR('',#4039,1.);
#348=VECTOR('',#4044,1.);
#349=VECTOR('',#4047,1.);
#350=VECTOR('',#4050,1.);
#351=VECTOR('',#4053,1.);
#352=VECTOR('',#4056,1.);
#353=VECTOR('',#4057,1.);
#354=VECTOR('',#4062,1.);
#355=VECTOR('',#4065,1.);
#356=VECTOR('',#4068,1.);
#357=VECTOR('',#4071,1.);
#358=VECTOR('',#4074,1.);
#359=VECTOR('',#4075,1.);
#360=VECTOR('',#4080,1.);
#361=VECTOR('',#4083,1.);
#362=VECTOR('',#4086,1.);
#363=VECTOR('',#4089,1.);
#364=VECTOR('',#4092,1.);
#365=VECTOR('',#4093,1.);
#366=VECTOR('',#4098,1.);
#367=VECTOR('',#4101,1.);
#368=VECTOR('',#4104,1.);
#369=VECTOR('',#4107,1.);
#370=VECTOR('',#4110,1.);
#371=VECTOR('',#4111,1.);
#372=VECTOR('',#4116,1.);
#373=VECTOR('',#4119,1.);
#374=VECTOR('',#4122,1.);
#375=VECTOR('',#4125,1.);
#376=VECTOR('',#4128,1.);
#377=VECTOR('',#4129,1.);
#378=VECTOR('',#4134,1.);
#379=VECTOR('',#4137,1.);
#380=VECTOR('',#4140,1.);
#381=VECTOR('',#4143,1.);
#382=VECTOR('',#4146,1.);
#383=VECTOR('',#4147,1.);
#384=VECTOR('',#4152,1.);
#385=VECTOR('',#4155,1.);
#386=VECTOR('',#4158,1.);
#387=VECTOR('',#4161,1.);
#388=VECTOR('',#4164,1.);
#389=VECTOR('',#4165,1.);
#390=VECTOR('',#4170,1.);
#391=VECTOR('',#4173,1.);
#392=VECTOR('',#4176,1.);
#393=VECTOR('',#4179,1.);
#394=VECTOR('',#4182,1.);
#395=VECTOR('',#4183,1.);
#396=VECTOR('',#4188,1.);
#397=VECTOR('',#4191,1.);
#398=VECTOR('',#4194,1.);
#399=VECTOR('',#4197,1.);
#400=VECTOR('',#4200,1.);
#401=VECTOR('',#4201,1.);
#402=VECTOR('',#4206,1.);
#403=VECTOR('',#4209,1.);
#404=VECTOR('',#4212,1.);
#405=VECTOR('',#4215,1.);
#406=VECTOR('',#4218,1.);
#407=VECTOR('',#4219,1.);
#408=VECTOR('',#4224,1.);
#409=VECTOR('',#4227,1.);
#410=VECTOR('',#4230,1.);
#411=VECTOR('',#4233,1.);
#412=VECTOR('',#4236,1.);
#413=VECTOR('',#4237,1.);
#414=VECTOR('',#4242,1.);
#415=VECTOR('',#4245,1.);
#416=VECTOR('',#4248,1.);
#417=VECTOR('',#4251,1.);
#418=VECTOR('',#4254,1.);
#419=VECTOR('',#4255,1.);
#420=VECTOR('',#4260,1.);
#421=VECTOR('',#4263,1.);
#422=VECTOR('',#4266,1.);
#423=VECTOR('',#4269,1.);
#424=VECTOR('',#4272,1.);
#425=VECTOR('',#4273,1.);
#426=VECTOR('',#4278,1.);
#427=VECTOR('',#4281,1.);
#428=VECTOR('',#4284,1.);
#429=VECTOR('',#4287,1.);
#430=VECTOR('',#4290,1.);
#431=VECTOR('',#4291,1.);
#432=VECTOR('',#4296,1.);
#433=VECTOR('',#4299,1.);
#434=VECTOR('',#4302,1.);
#435=VECTOR('',#4305,1.);
#436=VECTOR('',#4308,1.);
#437=VECTOR('',#4309,1.);
#438=VECTOR('',#4314,1.);
#439=VECTOR('',#4393,1.);
#440=VECTOR('',#4470,1.);
#441=VECTOR('',#4475,1.);
#442=VECTOR('',#4478,1.);
#443=VECTOR('',#4479,1.);
#444=VECTOR('',#4484,1.);
#445=VECTOR('',#4495,1.);
#446=VECTOR('',#4496,1.);
#447=VECTOR('',#4497,1.);
#448=VECTOR('',#4500,1.);
#449=VECTOR('',#4503,1.);
#450=PLANE('',#3400);
#451=PLANE('',#3401);
#452=PLANE('',#3403);
#453=PLANE('',#3404);
#454=PLANE('',#3405);
#455=PLANE('',#3406);
#456=PLANE('',#3407);
#457=PLANE('',#3408);
#458=PLANE('',#3409);
#459=PLANE('',#3410);
#460=PLANE('',#3411);
#461=PLANE('',#3412);
#462=PLANE('',#3413);
#463=PLANE('',#3414);
#464=PLANE('',#3498);
#465=PLANE('',#3501);
#466=PLANE('',#3504);
#467=PLANE('',#3507);
#468=PLANE('',#3510);
#469=PLANE('',#3513);
#470=PLANE('',#3516);
#471=PLANE('',#3519);
#472=PLANE('',#3522);
#473=PLANE('',#3525);
#474=PLANE('',#3528);
#475=PLANE('',#3531);
#476=PLANE('',#3534);
#477=PLANE('',#3537);
#478=PLANE('',#3540);
#479=PLANE('',#3543);
#480=PLANE('',#3546);
#481=PLANE('',#3549);
#482=PLANE('',#3552);
#483=PLANE('',#3555);
#484=PLANE('',#3558);
#485=PLANE('',#3561);
#486=PLANE('',#3564);
#487=PLANE('',#3567);
#488=PLANE('',#3570);
#489=PLANE('',#3573);
#490=PLANE('',#3576);
#491=PLANE('',#3579);
#492=PLANE('',#3582);
#493=PLANE('',#3585);
#494=PLANE('',#3588);
#495=PLANE('',#3591);
#496=PLANE('',#3594);
#497=PLANE('',#3597);
#498=PLANE('',#3600);
#499=PLANE('',#3603);
#500=PLANE('',#3606);
#501=PLANE('',#3609);
#502=PLANE('',#3688);
#503=PLANE('',#3691);
#504=PLANE('',#3696);
#505=PLANE('',#3697);
#506=PLANE('',#3698);
#507=PLANE('',#3699);
#508=B_SPLINE_CURVE_WITH_KNOTS('',3,(#4512,#4513,#4514,#4515,#4516,#4517,
#4518,#4519,#4520,#4521,#4522),.UNSPECIFIED.,.T.,.F.,(1,1,1,1,1,1,1,1,1,
1,1,1,1,1,1),(-0.0024372924819589,-0.00162486165463927,-0.000812430827319632,
0.,0.000812430827319633,0.00162486165463927,0.0024372924819589,0.00324972330927853,
0.00406215413659816,0.0048745849639178,0.00568701579123743,0.00649944661855706,
0.00731187744587669,0.00812430827319633,0.00893673910051596),
 .UNSPECIFIED.);
#509=B_SPLINE_CURVE_WITH_KNOTS('',3,(#4565,#4566,#4567,#4568),
 .UNSPECIFIED.,.F.,.F.,(4,4),(0.,0.728594351284231),.UNSPECIFIED.);
#510=B_SPLINE_CURVE_WITH_KNOTS('',3,(#4610,#4611,#4612,#4613,#4614,#4615,
#4616),.UNSPECIFIED.,.F.,.F.,(4,1,1,1,4),(0.,0.125,0.25,0.5,1.),
 .UNSPECIFIED.);
#511=B_SPLINE_CURVE_WITH_KNOTS('',3,(#4620,#4621,#4622,#4623,#4624,#4625,
#4626),.UNSPECIFIED.,.F.,.F.,(4,1,1,1,4),(-1.,-0.5,-0.25,-0.125,0.),
 .UNSPECIFIED.);
#512=B_SPLINE_CURVE_WITH_KNOTS('',3,(#4638,#4639,#4640,#4641,#4642,#4643,
#4644),.UNSPECIFIED.,.F.,.F.,(4,1,1,1,4),(0.,0.125,0.25,0.5,1.),
 .UNSPECIFIED.);
#513=B_SPLINE_CURVE_WITH_KNOTS('',3,(#4648,#4649,#4650,#4651,#4652,#4653,
#4654),.UNSPECIFIED.,.F.,.F.,(4,1,1,1,4),(-1.,-0.5,-0.25,-0.125,0.),
 .UNSPECIFIED.);
#514=B_SPLINE_CURVE_WITH_KNOTS('',3,(#4666,#4667,#4668,#4669,#4670,#4671,
#4672),.UNSPECIFIED.,.F.,.F.,(4,1,1,1,4),(0.,0.125,0.25,0.5,1.),
 .UNSPECIFIED.);
#515=B_SPLINE_CURVE_WITH_KNOTS('',3,(#4676,#4677,#4678,#4679,#4680,#4681,
#4682),.UNSPECIFIED.,.F.,.F.,(4,1,1,1,4),(-1.,-0.5,-0.25,-0.125,0.),
 .UNSPECIFIED.);
#516=B_SPLINE_CURVE_WITH_KNOTS('',3,(#4694,#4695,#4696,#4697,#4698,#4699,
#4700),.UNSPECIFIED.,.F.,.F.,(4,1,1,1,4),(0.,0.125,0.25,0.5,1.),
 .UNSPECIFIED.);
#517=B_SPLINE_CURVE_WITH_KNOTS('',3,(#4704,#4705,#4706,#4707,#4708,#4709,
#4710),.UNSPECIFIED.,.F.,.F.,(4,1,1,1,4),(-1.,-0.5,-0.25,-0.125,0.),
 .UNSPECIFIED.);
#518=B_SPLINE_CURVE_WITH_KNOTS('',3,(#4722,#4723,#4724,#4725,#4726,#4727,
#4728),.UNSPECIFIED.,.F.,.F.,(4,1,1,1,4),(0.,0.125,0.25,0.5,1.),
 .UNSPECIFIED.);
#519=B_SPLINE_CURVE_WITH_KNOTS('',3,(#4732,#4733,#4734,#4735,#4736,#4737,
#4738),.UNSPECIFIED.,.F.,.F.,(4,1,1,1,4),(-1.,-0.5,-0.25,-0.125,0.),
 .UNSPECIFIED.);
#520=B_SPLINE_CURVE_WITH_KNOTS('',3,(#4750,#4751,#4752,#4753,#4754,#4755,
#4756),.UNSPECIFIED.,.F.,.F.,(4,1,1,1,4),(0.,0.125,0.25,0.5,1.),
 .UNSPECIFIED.);
#521=B_SPLINE_CURVE_WITH_KNOTS('',3,(#4760,#4761,#4762,#4763,#4764,#4765,
#4766),.UNSPECIFIED.,.F.,.F.,(4,1,1,1,4),(-1.,-0.5,-0.25,-0.125,0.),
 .UNSPECIFIED.);
#522=B_SPLINE_CURVE_WITH_KNOTS('',3,(#4778,#4779,#4780,#4781,#4782,#4783,
#4784),.UNSPECIFIED.,.F.,.F.,(4,1,1,1,4),(0.,0.125,0.25,0.5,1.),
 .UNSPECIFIED.);
#523=B_SPLINE_CURVE_WITH_KNOTS('',3,(#4788,#4789,#4790,#4791,#4792,#4793,
#4794),.UNSPECIFIED.,.F.,.F.,(4,1,1,1,4),(-1.,-0.5,-0.25,-0.125,0.),
 .UNSPECIFIED.);
#524=B_SPLINE_CURVE_WITH_KNOTS('',3,(#4806,#4807,#4808,#4809,#4810,#4811,
#4812),.UNSPECIFIED.,.F.,.F.,(4,1,1,1,4),(0.,0.125,0.25,0.5,1.),
 .UNSPECIFIED.);
#525=B_SPLINE_CURVE_WITH_KNOTS('',3,(#4816,#4817,#4818,#4819,#4820,#4821,
#4822),.UNSPECIFIED.,.F.,.F.,(4,1,1,1,4),(-1.,-0.5,-0.25,-0.125,0.),
 .UNSPECIFIED.);
#526=B_SPLINE_CURVE_WITH_KNOTS('',3,(#4834,#4835,#4836,#4837,#4838,#4839,
#4840),.UNSPECIFIED.,.F.,.F.,(4,1,1,1,4),(0.,0.125,0.25,0.5,1.),
 .UNSPECIFIED.);
#527=B_SPLINE_CURVE_WITH_KNOTS('',3,(#4844,#4845,#4846,#4847,#4848,#4849,
#4850),.UNSPECIFIED.,.F.,.F.,(4,1,1,1,4),(-1.,-0.5,-0.25,-0.125,0.),
 .UNSPECIFIED.);
#528=B_SPLINE_CURVE_WITH_KNOTS('',3,(#4862,#4863,#4864,#4865,#4866,#4867,
#4868),.UNSPECIFIED.,.F.,.F.,(4,1,1,1,4),(0.,0.125,0.25,0.5,1.),
 .UNSPECIFIED.);
#529=B_SPLINE_CURVE_WITH_KNOTS('',3,(#4872,#4873,#4874,#4875,#4876,#4877,
#4878),.UNSPECIFIED.,.F.,.F.,(4,1,1,1,4),(-1.,-0.5,-0.25,-0.125,0.),
 .UNSPECIFIED.);
#530=B_SPLINE_CURVE_WITH_KNOTS('',3,(#4890,#4891,#4892,#4893,#4894,#4895,
#4896),.UNSPECIFIED.,.F.,.F.,(4,1,1,1,4),(0.,0.125,0.25,0.5,1.),
 .UNSPECIFIED.);
#531=B_SPLINE_CURVE_WITH_KNOTS('',3,(#4900,#4901,#4902,#4903,#4904,#4905,
#4906),.UNSPECIFIED.,.F.,.F.,(4,1,1,1,4),(-1.,-0.5,-0.25,-0.125,0.),
 .UNSPECIFIED.);
#532=B_SPLINE_CURVE_WITH_KNOTS('',3,(#4918,#4919,#4920,#4921,#4922,#4923,
#4924),.UNSPECIFIED.,.F.,.F.,(4,1,1,1,4),(0.,0.125,0.25,0.5,1.),
 .UNSPECIFIED.);
#533=B_SPLINE_CURVE_WITH_KNOTS('',3,(#4928,#4929,#4930,#4931,#4932,#4933,
#4934),.UNSPECIFIED.,.F.,.F.,(4,1,1,1,4),(-1.,-0.5,-0.25,-0.125,0.),
 .UNSPECIFIED.);
#534=B_SPLINE_CURVE_WITH_KNOTS('',3,(#4946,#4947,#4948,#4949,#4950,#4951,
#4952),.UNSPECIFIED.,.F.,.F.,(4,1,1,1,4),(0.,0.125,0.25,0.5,1.),
 .UNSPECIFIED.);
#535=B_SPLINE_CURVE_WITH_KNOTS('',3,(#4956,#4957,#4958,#4959,#4960,#4961,
#4962),.UNSPECIFIED.,.F.,.F.,(4,1,1,1,4),(-1.,-0.5,-0.25,-0.125,0.),
 .UNSPECIFIED.);
#536=B_SPLINE_CURVE_WITH_KNOTS('',3,(#4974,#4975,#4976,#4977,#4978,#4979,
#4980),.UNSPECIFIED.,.F.,.F.,(4,1,1,1,4),(0.,0.125,0.25,0.5,1.),
 .UNSPECIFIED.);
#537=B_SPLINE_CURVE_WITH_KNOTS('',3,(#4984,#4985,#4986,#4987,#4988,#4989,
#4990),.UNSPECIFIED.,.F.,.F.,(4,1,1,1,4),(-1.,-0.5,-0.25,-0.125,0.),
 .UNSPECIFIED.);
#538=B_SPLINE_CURVE_WITH_KNOTS('',3,(#5002,#5003,#5004,#5005,#5006,#5007,
#5008),.UNSPECIFIED.,.F.,.F.,(4,1,1,1,4),(0.,0.125,0.25,0.5,1.),
 .UNSPECIFIED.);
#539=B_SPLINE_CURVE_WITH_KNOTS('',3,(#5012,#5013,#5014,#5015,#5016,#5017,
#5018),.UNSPECIFIED.,.F.,.F.,(4,1,1,1,4),(-1.,-0.5,-0.25,-0.125,0.),
 .UNSPECIFIED.);
#540=B_SPLINE_CURVE_WITH_KNOTS('',3,(#5030,#5031,#5032,#5033,#5034,#5035,
#5036),.UNSPECIFIED.,.F.,.F.,(4,1,1,1,4),(0.,0.125,0.25,0.5,1.),
 .UNSPECIFIED.);
#541=B_SPLINE_CURVE_WITH_KNOTS('',3,(#5040,#5041,#5042,#5043,#5044,#5045,
#5046),.UNSPECIFIED.,.F.,.F.,(4,1,1,1,4),(-1.,-0.5,-0.25,-0.125,0.),
 .UNSPECIFIED.);
#542=B_SPLINE_CURVE_WITH_KNOTS('',3,(#5058,#5059,#5060,#5061,#5062,#5063,
#5064),.UNSPECIFIED.,.F.,.F.,(4,1,1,1,4),(0.,0.125,0.25,0.5,1.),
 .UNSPECIFIED.);
#543=B_SPLINE_CURVE_WITH_KNOTS('',3,(#5068,#5069,#5070,#5071,#5072,#5073,
#5074),.UNSPECIFIED.,.F.,.F.,(4,1,1,1,4),(-1.,-0.5,-0.25,-0.125,0.),
 .UNSPECIFIED.);
#544=B_SPLINE_CURVE_WITH_KNOTS('',3,(#5086,#5087,#5088,#5089,#5090,#5091,
#5092),.UNSPECIFIED.,.F.,.F.,(4,1,1,1,4),(0.,0.125,0.25,0.5,1.),
 .UNSPECIFIED.);
#545=B_SPLINE_CURVE_WITH_KNOTS('',3,(#5096,#5097,#5098,#5099,#5100,#5101,
#5102),.UNSPECIFIED.,.F.,.F.,(4,1,1,1,4),(-1.,-0.5,-0.25,-0.125,0.),
 .UNSPECIFIED.);
#546=B_SPLINE_CURVE_WITH_KNOTS('',3,(#5114,#5115,#5116,#5117,#5118,#5119,
#5120),.UNSPECIFIED.,.F.,.F.,(4,1,1,1,4),(0.,0.125,0.25,0.5,1.),
 .UNSPECIFIED.);
#547=B_SPLINE_CURVE_WITH_KNOTS('',3,(#5124,#5125,#5126,#5127,#5128,#5129,
#5130),.UNSPECIFIED.,.F.,.F.,(4,1,1,1,4),(-1.,-0.5,-0.25,-0.125,0.),
 .UNSPECIFIED.);
#548=B_SPLINE_CURVE_WITH_KNOTS('',3,(#5142,#5143,#5144,#5145,#5146,#5147,
#5148),.UNSPECIFIED.,.F.,.F.,(4,1,1,1,4),(0.,0.125,0.25,0.5,1.),
 .UNSPECIFIED.);
#549=B_SPLINE_CURVE_WITH_KNOTS('',3,(#5152,#5153,#5154,#5155,#5156,#5157,
#5158),.UNSPECIFIED.,.F.,.F.,(4,1,1,1,4),(-1.,-0.5,-0.25,-0.125,0.),
 .UNSPECIFIED.);
#550=B_SPLINE_CURVE_WITH_KNOTS('',3,(#5172,#5173,#5174,#5175),
 .UNSPECIFIED.,.F.,.F.,(4,4),(0.,7.5000000000003),.UNSPECIFIED.);
#551=B_SPLINE_CURVE_WITH_KNOTS('',3,(#5187,#5188,#5189,#5190),
 .UNSPECIFIED.,.F.,.F.,(4,4),(0.,7.5000000000002),.UNSPECIFIED.);
#552=B_SPLINE_CURVE_WITH_KNOTS('',3,(#5198,#5199,#5200,#5201),
 .UNSPECIFIED.,.F.,.F.,(4,4),(0.,7.5),.UNSPECIFIED.);
#553=B_SPLINE_CURVE_WITH_KNOTS('',3,(#5213,#5214,#5215,#5216),
 .UNSPECIFIED.,.F.,.F.,(4,4),(0.,7.4999999999999),.UNSPECIFIED.);
#554=B_SPLINE_CURVE_WITH_KNOTS('',3,(#5224,#5225,#5226,#5227),
 .UNSPECIFIED.,.F.,.F.,(4,4),(0.,7.4999999999997),.UNSPECIFIED.);
#555=B_SPLINE_CURVE_WITH_KNOTS('',3,(#5239,#5240,#5241,#5242),
 .UNSPECIFIED.,.F.,.F.,(4,4),(0.,7.5000000000004),.UNSPECIFIED.);
#556=B_SPLINE_CURVE_WITH_KNOTS('',3,(#5250,#5251,#5252,#5253),
 .UNSPECIFIED.,.F.,.F.,(4,4),(0.,7.5000000000001),.UNSPECIFIED.);
#557=B_SPLINE_CURVE_WITH_KNOTS('',3,(#5265,#5266,#5267,#5268),
 .UNSPECIFIED.,.F.,.F.,(4,4),(0.,7.4999999999996),.UNSPECIFIED.);
#558=B_SPLINE_CURVE_WITH_KNOTS('',3,(#5276,#5277,#5278,#5279),
 .UNSPECIFIED.,.F.,.F.,(4,4),(0.,7.50000000000041),.UNSPECIFIED.);
#559=B_SPLINE_CURVE_WITH_KNOTS('',3,(#5291,#5292,#5293,#5294),
 .UNSPECIFIED.,.F.,.F.,(4,4),(0.,7.4999999999998),.UNSPECIFIED.);
#560=B_SPLINE_CURVE_WITH_KNOTS('',3,(#5302,#5303,#5304,#5305),
 .UNSPECIFIED.,.F.,.F.,(4,4),(0.,7.5000000000005),.UNSPECIFIED.);
#561=B_SPLINE_CURVE_WITH_KNOTS('',3,(#5317,#5318,#5319,#5320),
 .UNSPECIFIED.,.F.,.F.,(4,4),(0.,7.5),.UNSPECIFIED.);
#562=B_SPLINE_CURVE_WITH_KNOTS('',3,(#5328,#5329,#5330,#5331),
 .UNSPECIFIED.,.F.,.F.,(4,4),(0.,7.4999999999997),.UNSPECIFIED.);
#563=B_SPLINE_CURVE_WITH_KNOTS('',3,(#5343,#5344,#5345,#5346),
 .UNSPECIFIED.,.F.,.F.,(4,4),(0.,7.5000000000001),.UNSPECIFIED.);
#564=B_SPLINE_CURVE_WITH_KNOTS('',3,(#5354,#5355,#5356,#5357),
 .UNSPECIFIED.,.F.,.F.,(4,4),(0.,7.4999999999998),.UNSPECIFIED.);
#565=B_SPLINE_CURVE_WITH_KNOTS('',3,(#5369,#5370,#5371,#5372),
 .UNSPECIFIED.,.F.,.F.,(4,4),(0.,7.5000000000005),.UNSPECIFIED.);
#566=B_SPLINE_CURVE_WITH_KNOTS('',3,(#5380,#5381,#5382,#5383),
 .UNSPECIFIED.,.F.,.F.,(4,4),(0.,7.5000000000003),.UNSPECIFIED.);
#567=B_SPLINE_CURVE_WITH_KNOTS('',3,(#5395,#5396,#5397,#5398),
 .UNSPECIFIED.,.F.,.F.,(4,4),(0.,7.5),.UNSPECIFIED.);
#568=B_SPLINE_CURVE_WITH_KNOTS('',3,(#5406,#5407,#5408,#5409),
 .UNSPECIFIED.,.F.,.F.,(4,4),(0.,7.4999999999998),.UNSPECIFIED.);
#569=B_SPLINE_CURVE_WITH_KNOTS('',3,(#5421,#5422,#5423,#5424),
 .UNSPECIFIED.,.F.,.F.,(4,4),(0.,7.4999999999997),.UNSPECIFIED.);
#570=B_SPLINE_CURVE_WITH_KNOTS('',3,(#5432,#5433,#5434,#5435),
 .UNSPECIFIED.,.F.,.F.,(4,4),(0.,7.4999999999997),.UNSPECIFIED.);
#571=B_SPLINE_CURVE_WITH_KNOTS('',3,(#5447,#5448,#5449,#5450),
 .UNSPECIFIED.,.F.,.F.,(4,4),(0.,7.4999999999997),.UNSPECIFIED.);
#572=B_SPLINE_CURVE_WITH_KNOTS('',3,(#5458,#5459,#5460,#5461),
 .UNSPECIFIED.,.F.,.F.,(4,4),(0.,7.4999999999998),.UNSPECIFIED.);
#573=B_SPLINE_CURVE_WITH_KNOTS('',3,(#5473,#5474,#5475,#5476),
 .UNSPECIFIED.,.F.,.F.,(4,4),(0.,7.5000000000001),.UNSPECIFIED.);
#574=B_SPLINE_CURVE_WITH_KNOTS('',3,(#5484,#5485,#5486,#5487),
 .UNSPECIFIED.,.F.,.F.,(4,4),(0.,7.5000000000002),.UNSPECIFIED.);
#575=B_SPLINE_CURVE_WITH_KNOTS('',3,(#5499,#5500,#5501,#5502),
 .UNSPECIFIED.,.F.,.F.,(4,4),(0.,7.49999999999949),.UNSPECIFIED.);
#576=B_SPLINE_CURVE_WITH_KNOTS('',3,(#5510,#5511,#5512,#5513),
 .UNSPECIFIED.,.F.,.F.,(4,4),(0.,7.4999999999998),.UNSPECIFIED.);
#577=B_SPLINE_CURVE_WITH_KNOTS('',3,(#5525,#5526,#5527,#5528),
 .UNSPECIFIED.,.F.,.F.,(4,4),(0.,7.5000000000003),.UNSPECIFIED.);
#578=B_SPLINE_CURVE_WITH_KNOTS('',3,(#5536,#5537,#5538,#5539),
 .UNSPECIFIED.,.F.,.F.,(4,4),(0.,7.4999999999996),.UNSPECIFIED.);
#579=B_SPLINE_CURVE_WITH_KNOTS('',3,(#5551,#5552,#5553,#5554),
 .UNSPECIFIED.,.F.,.F.,(4,4),(0.,7.5),.UNSPECIFIED.);
#580=B_SPLINE_CURVE_WITH_KNOTS('',3,(#5562,#5563,#5564,#5565),
 .UNSPECIFIED.,.F.,.F.,(4,4),(0.,7.5000000000005),.UNSPECIFIED.);
#581=B_SPLINE_CURVE_WITH_KNOTS('',3,(#5577,#5578,#5579,#5580),
 .UNSPECIFIED.,.F.,.F.,(4,4),(0.,7.4999999999999),.UNSPECIFIED.);
#582=B_SPLINE_CURVE_WITH_KNOTS('',3,(#5588,#5589,#5590,#5591),
 .UNSPECIFIED.,.F.,.F.,(4,4),(0.,7.50000000000031),.UNSPECIFIED.);
#583=B_SPLINE_CURVE_WITH_KNOTS('',3,(#5603,#5604,#5605,#5606),
 .UNSPECIFIED.,.F.,.F.,(4,4),(0.,7.4999999999997),.UNSPECIFIED.);
#584=B_SPLINE_CURVE_WITH_KNOTS('',3,(#5614,#5615,#5616,#5617),
 .UNSPECIFIED.,.F.,.F.,(4,4),(0.,7.5000000000001),.UNSPECIFIED.);
#585=B_SPLINE_CURVE_WITH_KNOTS('',3,(#5629,#5630,#5631,#5632),
 .UNSPECIFIED.,.F.,.F.,(4,4),(0.,7.5000000000005),.UNSPECIFIED.);
#586=B_SPLINE_CURVE_WITH_KNOTS('',3,(#5640,#5641,#5642,#5643),
 .UNSPECIFIED.,.F.,.F.,(4,4),(0.,7.4999999999997),.UNSPECIFIED.);
#587=B_SPLINE_CURVE_WITH_KNOTS('',3,(#5655,#5656,#5657,#5658),
 .UNSPECIFIED.,.F.,.F.,(4,4),(0.,7.4999999999999),.UNSPECIFIED.);
#588=B_SPLINE_CURVE_WITH_KNOTS('',3,(#5671,#5672,#5673,#5674),
 .UNSPECIFIED.,.F.,.F.,(4,4),(0.,7.49999999999969),.UNSPECIFIED.);
#589=B_SPLINE_CURVE_WITH_KNOTS('',3,(#5676,#5677,#5678,#5679,#5680,#5681,
#5682),.UNSPECIFIED.,.F.,.F.,(4,1,1,1,4),(0.,0.125,0.25,0.5,1.),
 .UNSPECIFIED.);
#590=B_SPLINE_CURVE_WITH_KNOTS('',3,(#5684,#5685,#5686,#5687),
 .UNSPECIFIED.,.F.,.F.,(4,4),(0.,7.49999999999969),.UNSPECIFIED.);
#591=B_SPLINE_CURVE_WITH_KNOTS('',3,(#5704,#5705,#5706,#5707,#5708,#5709,
#5710),.UNSPECIFIED.,.F.,.F.,(4,1,1,1,4),(-1.,-0.5,-0.25,-0.125,0.),
 .UNSPECIFIED.);
#592=B_SPLINE_CURVE_WITH_KNOTS('',3,(#5723,#5724,#5725,#5726),
 .UNSPECIFIED.,.F.,.F.,(4,4),(0.,7.5000000000005),.UNSPECIFIED.);
#593=B_SPLINE_CURVE_WITH_KNOTS('',3,(#5728,#5729,#5730,#5731,#5732,#5733,
#5734),.UNSPECIFIED.,.F.,.F.,(4,1,1,1,4),(0.,0.125,0.25,0.5,1.),
 .UNSPECIFIED.);
#594=B_SPLINE_CURVE_WITH_KNOTS('',3,(#5736,#5737,#5738,#5739),
 .UNSPECIFIED.,.F.,.F.,(4,4),(0.,7.5000000000003),.UNSPECIFIED.);
#595=B_SPLINE_CURVE_WITH_KNOTS('',3,(#5756,#5757,#5758,#5759,#5760,#5761,
#5762),.UNSPECIFIED.,.F.,.F.,(4,1,1,1,4),(-1.,-0.5,-0.25,-0.125,0.),
 .UNSPECIFIED.);
#596=B_SPLINE_CURVE_WITH_KNOTS('',3,(#5775,#5776,#5777,#5778),
 .UNSPECIFIED.,.F.,.F.,(4,4),(0.,7.5),.UNSPECIFIED.);
#597=B_SPLINE_CURVE_WITH_KNOTS('',3,(#5780,#5781,#5782,#5783,#5784,#5785,
#5786),.UNSPECIFIED.,.F.,.F.,(4,1,1,1,4),(0.,0.125,0.25,0.5,1.),
 .UNSPECIFIED.);
#598=B_SPLINE_CURVE_WITH_KNOTS('',3,(#5788,#5789,#5790,#5791),
 .UNSPECIFIED.,.F.,.F.,(4,4),(0.,7.4999999999999),.UNSPECIFIED.);
#599=B_SPLINE_CURVE_WITH_KNOTS('',3,(#5808,#5809,#5810,#5811,#5812,#5813,
#5814),.UNSPECIFIED.,.F.,.F.,(4,1,1,1,4),(-1.,-0.5,-0.25,-0.125,0.),
 .UNSPECIFIED.);
#600=B_SPLINE_CURVE_WITH_KNOTS('',3,(#5827,#5828,#5829,#5830),
 .UNSPECIFIED.,.F.,.F.,(4,4),(0.,7.5000000000002),.UNSPECIFIED.);
#601=B_SPLINE_CURVE_WITH_KNOTS('',3,(#5832,#5833,#5834,#5835,#5836,#5837,
#5838),.UNSPECIFIED.,.F.,.F.,(4,1,1,1,4),(0.,0.125,0.25,0.5,1.),
 .UNSPECIFIED.);
#602=B_SPLINE_CURVE_WITH_KNOTS('',3,(#5840,#5841,#5842,#5843),
 .UNSPECIFIED.,.F.,.F.,(4,4),(0.,7.5),.UNSPECIFIED.);
#603=B_SPLINE_CURVE_WITH_KNOTS('',3,(#5860,#5861,#5862,#5863,#5864,#5865,
#5866),.UNSPECIFIED.,.F.,.F.,(4,1,1,1,4),(-1.,-0.5,-0.25,-0.125,0.),
 .UNSPECIFIED.);
#604=B_SPLINE_CURVE_WITH_KNOTS('',3,(#5879,#5880,#5881,#5882),
 .UNSPECIFIED.,.F.,.F.,(4,4),(0.,7.50000000000031),.UNSPECIFIED.);
#605=B_SPLINE_CURVE_WITH_KNOTS('',3,(#5884,#5885,#5886,#5887,#5888,#5889,
#5890),.UNSPECIFIED.,.F.,.F.,(4,1,1,1,4),(0.,0.125,0.25,0.5,1.),
 .UNSPECIFIED.);
#606=B_SPLINE_CURVE_WITH_KNOTS('',3,(#5892,#5893,#5894,#5895),
 .UNSPECIFIED.,.F.,.F.,(4,4),(0.,7.5000000000001),.UNSPECIFIED.);
#607=B_SPLINE_CURVE_WITH_KNOTS('',3,(#5912,#5913,#5914,#5915,#5916,#5917,
#5918),.UNSPECIFIED.,.F.,.F.,(4,1,1,1,4),(-1.,-0.5,-0.25,-0.125,0.),
 .UNSPECIFIED.);
#608=B_SPLINE_CURVE_WITH_KNOTS('',3,(#5931,#5932,#5933,#5934),
 .UNSPECIFIED.,.F.,.F.,(4,4),(0.,7.5000000000003),.UNSPECIFIED.);
#609=B_SPLINE_CURVE_WITH_KNOTS('',3,(#5936,#5937,#5938,#5939,#5940,#5941,
#5942),.UNSPECIFIED.,.F.,.F.,(4,1,1,1,4),(0.,0.125,0.25,0.5,1.),
 .UNSPECIFIED.);
#610=B_SPLINE_CURVE_WITH_KNOTS('',3,(#5944,#5945,#5946,#5947),
 .UNSPECIFIED.,.F.,.F.,(4,4),(0.,7.5000000000001),.UNSPECIFIED.);
#611=B_SPLINE_CURVE_WITH_KNOTS('',3,(#5964,#5965,#5966,#5967,#5968,#5969,
#5970),.UNSPECIFIED.,.F.,.F.,(4,1,1,1,4),(-1.,-0.5,-0.25,-0.125,0.),
 .UNSPECIFIED.);
#612=B_SPLINE_CURVE_WITH_KNOTS('',3,(#5983,#5984,#5985,#5986),
 .UNSPECIFIED.,.F.,.F.,(4,4),(0.,7.5000000000003),.UNSPECIFIED.);
#613=B_SPLINE_CURVE_WITH_KNOTS('',3,(#5988,#5989,#5990,#5991,#5992,#5993,
#5994),.UNSPECIFIED.,.F.,.F.,(4,1,1,1,4),(0.,0.125,0.25,0.5,1.),
 .UNSPECIFIED.);
#614=B_SPLINE_CURVE_WITH_KNOTS('',3,(#5996,#5997,#5998,#5999),
 .UNSPECIFIED.,.F.,.F.,(4,4),(0.,7.5000000000001),.UNSPECIFIED.);
#615=B_SPLINE_CURVE_WITH_KNOTS('',3,(#6016,#6017,#6018,#6019,#6020,#6021,
#6022),.UNSPECIFIED.,.F.,.F.,(4,1,1,1,4),(-1.,-0.5,-0.25,-0.125,0.),
 .UNSPECIFIED.);
#616=B_SPLINE_CURVE_WITH_KNOTS('',3,(#6035,#6036,#6037,#6038),
 .UNSPECIFIED.,.F.,.F.,(4,4),(0.,7.5000000000004),.UNSPECIFIED.);
#617=B_SPLINE_CURVE_WITH_KNOTS('',3,(#6040,#6041,#6042,#6043,#6044,#6045,
#6046),.UNSPECIFIED.,.F.,.F.,(4,1,1,1,4),(0.,0.125,0.25,0.5,1.),
 .UNSPECIFIED.);
#618=B_SPLINE_CURVE_WITH_KNOTS('',3,(#6048,#6049,#6050,#6051),
 .UNSPECIFIED.,.F.,.F.,(4,4),(0.,7.5000000000003),.UNSPECIFIED.);
#619=B_SPLINE_CURVE_WITH_KNOTS('',3,(#6068,#6069,#6070,#6071,#6072,#6073,
#6074),.UNSPECIFIED.,.F.,.F.,(4,1,1,1,4),(-1.,-0.5,-0.25,-0.125,0.),
 .UNSPECIFIED.);
#620=B_SPLINE_CURVE_WITH_KNOTS('',3,(#6087,#6088,#6089,#6090),
 .UNSPECIFIED.,.F.,.F.,(4,4),(0.,7.4999999999998),.UNSPECIFIED.);
#621=B_SPLINE_CURVE_WITH_KNOTS('',3,(#6092,#6093,#6094,#6095,#6096,#6097,
#6098),.UNSPECIFIED.,.F.,.F.,(4,1,1,1,4),(0.,0.125,0.25,0.5,1.),
 .UNSPECIFIED.);
#622=B_SPLINE_CURVE_WITH_KNOTS('',3,(#6100,#6101,#6102,#6103),
 .UNSPECIFIED.,.F.,.F.,(4,4),(0.,7.4999999999997),.UNSPECIFIED.);
#623=B_SPLINE_CURVE_WITH_KNOTS('',3,(#6120,#6121,#6122,#6123,#6124,#6125,
#6126),.UNSPECIFIED.,.F.,.F.,(4,1,1,1,4),(-1.,-0.5,-0.25,-0.125,0.),
 .UNSPECIFIED.);
#624=B_SPLINE_CURVE_WITH_KNOTS('',3,(#6139,#6140,#6141,#6142),
 .UNSPECIFIED.,.F.,.F.,(4,4),(0.,7.5000000000004),.UNSPECIFIED.);
#625=B_SPLINE_CURVE_WITH_KNOTS('',3,(#6144,#6145,#6146,#6147,#6148,#6149,
#6150),.UNSPECIFIED.,.F.,.F.,(4,1,1,1,4),(0.,0.125,0.25,0.5,1.),
 .UNSPECIFIED.);
#626=B_SPLINE_CURVE_WITH_KNOTS('',3,(#6152,#6153,#6154,#6155),
 .UNSPECIFIED.,.F.,.F.,(4,4),(0.,7.5000000000004),.UNSPECIFIED.);
#627=B_SPLINE_CURVE_WITH_KNOTS('',3,(#6172,#6173,#6174,#6175,#6176,#6177,
#6178),.UNSPECIFIED.,.F.,.F.,(4,1,1,1,4),(-1.,-0.5,-0.25,-0.125,0.),
 .UNSPECIFIED.);
#628=B_SPLINE_CURVE_WITH_KNOTS('',3,(#6191,#6192,#6193,#6194),
 .UNSPECIFIED.,.F.,.F.,(4,4),(0.,7.5000000000002),.UNSPECIFIED.);
#629=B_SPLINE_CURVE_WITH_KNOTS('',3,(#6196,#6197,#6198,#6199,#6200,#6201,
#6202),.UNSPECIFIED.,.F.,.F.,(4,1,1,1,4),(0.,0.125,0.25,0.5,1.),
 .UNSPECIFIED.);
#630=B_SPLINE_CURVE_WITH_KNOTS('',3,(#6204,#6205,#6206,#6207),
 .UNSPECIFIED.,.F.,.F.,(4,4),(0.,7.5000000000003),.UNSPECIFIED.);
#631=B_SPLINE_CURVE_WITH_KNOTS('',3,(#6224,#6225,#6226,#6227,#6228,#6229,
#6230),.UNSPECIFIED.,.F.,.F.,(4,1,1,1,4),(-1.,-0.5,-0.25,-0.125,0.),
 .UNSPECIFIED.);
#632=B_SPLINE_CURVE_WITH_KNOTS('',3,(#6243,#6244,#6245,#6246),
 .UNSPECIFIED.,.F.,.F.,(4,4),(0.,7.5000000000004),.UNSPECIFIED.);
#633=B_SPLINE_CURVE_WITH_KNOTS('',3,(#6248,#6249,#6250,#6251,#6252,#6253,
#6254),.UNSPECIFIED.,.F.,.F.,(4,1,1,1,4),(0.,0.125,0.25,0.5,1.),
 .UNSPECIFIED.);
#634=B_SPLINE_CURVE_WITH_KNOTS('',3,(#6256,#6257,#6258,#6259),
 .UNSPECIFIED.,.F.,.F.,(4,4),(0.,7.4999999999995),.UNSPECIFIED.);
#635=B_SPLINE_CURVE_WITH_KNOTS('',3,(#6276,#6277,#6278,#6279,#6280,#6281,
#6282),.UNSPECIFIED.,.F.,.F.,(4,1,1,1,4),(-1.,-0.5,-0.25,-0.125,0.),
 .UNSPECIFIED.);
#636=B_SPLINE_CURVE_WITH_KNOTS('',3,(#6295,#6296,#6297,#6298),
 .UNSPECIFIED.,.F.,.F.,(4,4),(0.,7.5),.UNSPECIFIED.);
#637=B_SPLINE_CURVE_WITH_KNOTS('',3,(#6300,#6301,#6302,#6303,#6304,#6305,
#6306),.UNSPECIFIED.,.F.,.F.,(4,1,1,1,4),(0.,0.125,0.25,0.5,1.),
 .UNSPECIFIED.);
#638=B_SPLINE_CURVE_WITH_KNOTS('',3,(#6308,#6309,#6310,#6311),
 .UNSPECIFIED.,.F.,.F.,(4,4),(0.,7.5000000000001),.UNSPECIFIED.);
#639=B_SPLINE_CURVE_WITH_KNOTS('',3,(#6328,#6329,#6330,#6331,#6332,#6333,
#6334),.UNSPECIFIED.,.F.,.F.,(4,1,1,1,4),(-1.,-0.5,-0.25,-0.125,0.),
 .UNSPECIFIED.);
#640=B_SPLINE_CURVE_WITH_KNOTS('',3,(#6347,#6348,#6349,#6350),
 .UNSPECIFIED.,.F.,.F.,(4,4),(0.,7.4999999999997),.UNSPECIFIED.);
#641=B_SPLINE_CURVE_WITH_KNOTS('',3,(#6352,#6353,#6354,#6355,#6356,#6357,
#6358),.UNSPECIFIED.,.F.,.F.,(4,1,1,1,4),(0.,0.125,0.25,0.5,1.),
 .UNSPECIFIED.);
#642=B_SPLINE_CURVE_WITH_KNOTS('',3,(#6360,#6361,#6362,#6363),
 .UNSPECIFIED.,.F.,.F.,(4,4),(0.,7.4999999999999),.UNSPECIFIED.);
#643=B_SPLINE_CURVE_WITH_KNOTS('',3,(#6380,#6381,#6382,#6383,#6384,#6385,
#6386),.UNSPECIFIED.,.F.,.F.,(4,1,1,1,4),(-1.,-0.5,-0.25,-0.125,0.),
 .UNSPECIFIED.);
#644=B_SPLINE_CURVE_WITH_KNOTS('',3,(#6399,#6400,#6401,#6402),
 .UNSPECIFIED.,.F.,.F.,(4,4),(0.,7.4999999999996),.UNSPECIFIED.);
#645=B_SPLINE_CURVE_WITH_KNOTS('',3,(#6404,#6405,#6406,#6407,#6408,#6409,
#6410),.UNSPECIFIED.,.F.,.F.,(4,1,1,1,4),(0.,0.125,0.25,0.5,1.),
 .UNSPECIFIED.);
#646=B_SPLINE_CURVE_WITH_KNOTS('',3,(#6412,#6413,#6414,#6415),
 .UNSPECIFIED.,.F.,.F.,(4,4),(0.,7.4999999999998),.UNSPECIFIED.);
#647=B_SPLINE_CURVE_WITH_KNOTS('',3,(#6431,#6432,#6433,#6434,#6435,#6436,
#6437),.UNSPECIFIED.,.F.,.F.,(4,1,1,1,4),(-0.999999978409435,-0.499999989204717,
-0.249999994602359,-0.124999997301179,0.),.UNSPECIFIED.);
#648=B_SPLINE_CURVE_WITH_KNOTS('',3,(#6450,#6451,#6452,#6453),
 .UNSPECIFIED.,.F.,.F.,(4,4),(0.,7.4999999999997),.UNSPECIFIED.);
#649=B_SPLINE_CURVE_WITH_KNOTS('',3,(#6455,#6456,#6457,#6458,#6459,#6460,
#6461),.UNSPECIFIED.,.F.,.F.,(4,1,1,1,4),(0.,0.125,0.25,0.5,1.),
 .UNSPECIFIED.);
#650=B_SPLINE_CURVE_WITH_KNOTS('',3,(#6463,#6464,#6465,#6466),
 .UNSPECIFIED.,.F.,.F.,(4,4),(0.,7.4999999999998),.UNSPECIFIED.);
#651=B_SPLINE_CURVE_WITH_KNOTS('',3,(#6483,#6484,#6485,#6486,#6487,#6488,
#6489),.UNSPECIFIED.,.F.,.F.,(4,1,1,1,4),(-1.,-0.5,-0.25,-0.125,0.),
 .UNSPECIFIED.);
#652=B_SPLINE_CURVE_WITH_KNOTS('',3,(#6502,#6503,#6504,#6505),
 .UNSPECIFIED.,.F.,.F.,(4,4),(0.,7.4999999999996),.UNSPECIFIED.);
#653=B_SPLINE_CURVE_WITH_KNOTS('',3,(#6507,#6508,#6509,#6510,#6511,#6512,
#6513),.UNSPECIFIED.,.F.,.F.,(4,1,1,1,4),(0.,0.125,0.25,0.5,1.),
 .UNSPECIFIED.);
#654=B_SPLINE_CURVE_WITH_KNOTS('',3,(#6515,#6516,#6517,#6518),
 .UNSPECIFIED.,.F.,.F.,(4,4),(0.,7.4999999999999),.UNSPECIFIED.);
#655=B_SPLINE_CURVE_WITH_KNOTS('',3,(#6535,#6536,#6537,#6538,#6539,#6540,
#6541),.UNSPECIFIED.,.F.,.F.,(4,1,1,1,4),(-1.,-0.5,-0.25,-0.125,0.),
 .UNSPECIFIED.);
#656=B_SPLINE_CURVE_WITH_KNOTS('',3,(#6554,#6555,#6556,#6557),
 .UNSPECIFIED.,.F.,.F.,(4,4),(0.,7.5000000000005),.UNSPECIFIED.);
#657=B_SPLINE_CURVE_WITH_KNOTS('',3,(#6559,#6560,#6561,#6562,#6563,#6564,
#6565),.UNSPECIFIED.,.F.,.F.,(4,1,1,1,4),(0.,0.125,0.25,0.5,1.),
 .UNSPECIFIED.);
#658=B_SPLINE_CURVE_WITH_KNOTS('',3,(#6567,#6568,#6569,#6570),
 .UNSPECIFIED.,.F.,.F.,(4,4),(0.,7.4999999999996),.UNSPECIFIED.);
#659=B_SPLINE_CURVE_WITH_KNOTS('',3,(#6587,#6588,#6589,#6590,#6591,#6592,
#6593),.UNSPECIFIED.,.F.,.F.,(4,1,1,1,4),(-1.,-0.5,-0.25,-0.125,0.),
 .UNSPECIFIED.);
#660=B_SPLINE_CURVE_WITH_KNOTS('',3,(#6606,#6607,#6608,#6609),
 .UNSPECIFIED.,.F.,.F.,(4,4),(0.,7.5000000000002),.UNSPECIFIED.);
#661=B_SPLINE_CURVE_WITH_KNOTS('',3,(#6611,#6612,#6613,#6614,#6615,#6616,
#6617),.UNSPECIFIED.,.F.,.F.,(4,1,1,1,4),(0.,0.125,0.25,0.5,1.),
 .UNSPECIFIED.);
#662=B_SPLINE_CURVE_WITH_KNOTS('',3,(#6619,#6620,#6621,#6622),
 .UNSPECIFIED.,.F.,.F.,(4,4),(0.,7.5000000000003),.UNSPECIFIED.);
#663=B_SPLINE_CURVE_WITH_KNOTS('',3,(#6639,#6640,#6641,#6642,#6643,#6644,
#6645),.UNSPECIFIED.,.F.,.F.,(4,1,1,1,4),(-1.,-0.5,-0.25,-0.125,0.),
 .UNSPECIFIED.);
#664=B_SPLINE_CURVE_WITH_KNOTS('',3,(#6691,#6692,#6693,#6694),
 .UNSPECIFIED.,.F.,.F.,(4,4),(0.,7.5000000000001),.UNSPECIFIED.);
#665=B_SPLINE_CURVE_WITH_KNOTS('',3,(#6706,#6707,#6708,#6709),
 .UNSPECIFIED.,.F.,.F.,(4,4),(0.,7.5000000000002),.UNSPECIFIED.);
#666=B_SPLINE_CURVE_WITH_KNOTS('',3,(#6722,#6723,#6724,#6725),
 .UNSPECIFIED.,.F.,.F.,(4,4),(0.,7.49999999999959),.UNSPECIFIED.);
#667=B_SPLINE_CURVE_WITH_KNOTS('',3,(#6727,#6728,#6729,#6730,#6731,#6732,
#6733),.UNSPECIFIED.,.F.,.F.,(4,1,1,1,4),(0.,0.125,0.25,0.5,1.),
 .UNSPECIFIED.);
#668=B_SPLINE_CURVE_WITH_KNOTS('',3,(#6735,#6736,#6737,#6738),
 .UNSPECIFIED.,.F.,.F.,(4,4),(0.,7.49999999999959),.UNSPECIFIED.);
#669=B_SPLINE_CURVE_WITH_KNOTS('',3,(#6755,#6756,#6757,#6758,#6759,#6760,
#6761),.UNSPECIFIED.,.F.,.F.,(4,1,1,1,4),(-1.,-0.5,-0.25,-0.125,0.),
 .UNSPECIFIED.);
#670=ORIENTED_EDGE('',*,*,#1718,.T.);
#671=ORIENTED_EDGE('',*,*,#1719,.F.);
#672=ORIENTED_EDGE('',*,*,#1718,.F.);
#673=ORIENTED_EDGE('',*,*,#1720,.T.);
#674=ORIENTED_EDGE('',*,*,#1721,.T.);
#675=ORIENTED_EDGE('',*,*,#1722,.F.);
#676=ORIENTED_EDGE('',*,*,#1723,.F.);
#677=ORIENTED_EDGE('',*,*,#1724,.T.);
#678=ORIENTED_EDGE('',*,*,#1725,.T.);
#679=ORIENTED_EDGE('',*,*,#1726,.T.);
#680=ORIENTED_EDGE('',*,*,#1727,.T.);
#681=ORIENTED_EDGE('',*,*,#1723,.T.);
#682=ORIENTED_EDGE('',*,*,#1728,.F.);
#683=ORIENTED_EDGE('',*,*,#1729,.F.);
#684=ORIENTED_EDGE('',*,*,#1730,.T.);
#685=ORIENTED_EDGE('',*,*,#1731,.T.);
#686=ORIENTED_EDGE('',*,*,#1732,.T.);
#687=ORIENTED_EDGE('',*,*,#1733,.T.);
#688=ORIENTED_EDGE('',*,*,#1728,.T.);
#689=ORIENTED_EDGE('',*,*,#1722,.T.);
#690=ORIENTED_EDGE('',*,*,#1734,.F.);
#691=ORIENTED_EDGE('',*,*,#1735,.T.);
#692=ORIENTED_EDGE('',*,*,#1736,.F.);
#693=ORIENTED_EDGE('',*,*,#1737,.F.);
#694=ORIENTED_EDGE('',*,*,#1738,.F.);
#695=ORIENTED_EDGE('',*,*,#1737,.T.);
#696=ORIENTED_EDGE('',*,*,#1739,.F.);
#697=ORIENTED_EDGE('',*,*,#1740,.F.);
#698=ORIENTED_EDGE('',*,*,#1741,.F.);
#699=ORIENTED_EDGE('',*,*,#1742,.F.);
#700=ORIENTED_EDGE('',*,*,#1740,.T.);
#701=ORIENTED_EDGE('',*,*,#1743,.F.);
#702=ORIENTED_EDGE('',*,*,#1744,.F.);
#703=ORIENTED_EDGE('',*,*,#1745,.F.);
#704=ORIENTED_EDGE('',*,*,#1744,.T.);
#705=ORIENTED_EDGE('',*,*,#1746,.F.);
#706=ORIENTED_EDGE('',*,*,#1747,.F.);
#707=ORIENTED_EDGE('',*,*,#1748,.F.);
#708=ORIENTED_EDGE('',*,*,#1747,.T.);
#709=ORIENTED_EDGE('',*,*,#1749,.F.);
#710=ORIENTED_EDGE('',*,*,#1750,.F.);
#711=ORIENTED_EDGE('',*,*,#1751,.F.);
#712=ORIENTED_EDGE('',*,*,#1750,.T.);
#713=ORIENTED_EDGE('',*,*,#1752,.T.);
#714=ORIENTED_EDGE('',*,*,#1730,.F.);
#715=ORIENTED_EDGE('',*,*,#1721,.F.);
#716=ORIENTED_EDGE('',*,*,#1753,.F.);
#717=ORIENTED_EDGE('',*,*,#1754,.F.);
#718=ORIENTED_EDGE('',*,*,#1732,.F.);
#719=ORIENTED_EDGE('',*,*,#1755,.F.);
#720=ORIENTED_EDGE('',*,*,#1735,.F.);
#721=ORIENTED_EDGE('',*,*,#1755,.T.);
#722=ORIENTED_EDGE('',*,*,#1731,.F.);
#723=ORIENTED_EDGE('',*,*,#1752,.F.);
#724=ORIENTED_EDGE('',*,*,#1749,.T.);
#725=ORIENTED_EDGE('',*,*,#1746,.T.);
#726=ORIENTED_EDGE('',*,*,#1743,.T.);
#727=ORIENTED_EDGE('',*,*,#1739,.T.);
#728=ORIENTED_EDGE('',*,*,#1736,.T.);
#729=ORIENTED_EDGE('',*,*,#1756,.T.);
#730=ORIENTED_EDGE('',*,*,#1757,.T.);
#731=ORIENTED_EDGE('',*,*,#1758,.T.);
#732=ORIENTED_EDGE('',*,*,#1759,.T.);
#733=ORIENTED_EDGE('',*,*,#1760,.T.);
#734=ORIENTED_EDGE('',*,*,#1761,.T.);
#735=ORIENTED_EDGE('',*,*,#1762,.T.);
#736=ORIENTED_EDGE('',*,*,#1763,.T.);
#737=ORIENTED_EDGE('',*,*,#1764,.T.);
#738=ORIENTED_EDGE('',*,*,#1765,.T.);
#739=ORIENTED_EDGE('',*,*,#1766,.T.);
#740=ORIENTED_EDGE('',*,*,#1767,.T.);
#741=ORIENTED_EDGE('',*,*,#1768,.T.);
#742=ORIENTED_EDGE('',*,*,#1769,.T.);
#743=ORIENTED_EDGE('',*,*,#1770,.T.);
#744=ORIENTED_EDGE('',*,*,#1771,.T.);
#745=ORIENTED_EDGE('',*,*,#1772,.T.);
#746=ORIENTED_EDGE('',*,*,#1773,.T.);
#747=ORIENTED_EDGE('',*,*,#1774,.T.);
#748=ORIENTED_EDGE('',*,*,#1775,.T.);
#749=ORIENTED_EDGE('',*,*,#1776,.T.);
#750=ORIENTED_EDGE('',*,*,#1777,.T.);
#751=ORIENTED_EDGE('',*,*,#1778,.T.);
#752=ORIENTED_EDGE('',*,*,#1779,.T.);
#753=ORIENTED_EDGE('',*,*,#1780,.T.);
#754=ORIENTED_EDGE('',*,*,#1781,.T.);
#755=ORIENTED_EDGE('',*,*,#1782,.T.);
#756=ORIENTED_EDGE('',*,*,#1783,.T.);
#757=ORIENTED_EDGE('',*,*,#1784,.T.);
#758=ORIENTED_EDGE('',*,*,#1785,.T.);
#759=ORIENTED_EDGE('',*,*,#1786,.T.);
#760=ORIENTED_EDGE('',*,*,#1787,.T.);
#761=ORIENTED_EDGE('',*,*,#1788,.T.);
#762=ORIENTED_EDGE('',*,*,#1789,.T.);
#763=ORIENTED_EDGE('',*,*,#1790,.T.);
#764=ORIENTED_EDGE('',*,*,#1791,.T.);
#765=ORIENTED_EDGE('',*,*,#1792,.T.);
#766=ORIENTED_EDGE('',*,*,#1793,.T.);
#767=ORIENTED_EDGE('',*,*,#1794,.T.);
#768=ORIENTED_EDGE('',*,*,#1795,.T.);
#769=ORIENTED_EDGE('',*,*,#1796,.T.);
#770=ORIENTED_EDGE('',*,*,#1797,.T.);
#771=ORIENTED_EDGE('',*,*,#1798,.T.);
#772=ORIENTED_EDGE('',*,*,#1799,.T.);
#773=ORIENTED_EDGE('',*,*,#1800,.T.);
#774=ORIENTED_EDGE('',*,*,#1801,.T.);
#775=ORIENTED_EDGE('',*,*,#1802,.T.);
#776=ORIENTED_EDGE('',*,*,#1803,.T.);
#777=ORIENTED_EDGE('',*,*,#1804,.T.);
#778=ORIENTED_EDGE('',*,*,#1805,.T.);
#779=ORIENTED_EDGE('',*,*,#1806,.T.);
#780=ORIENTED_EDGE('',*,*,#1807,.T.);
#781=ORIENTED_EDGE('',*,*,#1808,.T.);
#782=ORIENTED_EDGE('',*,*,#1809,.T.);
#783=ORIENTED_EDGE('',*,*,#1810,.T.);
#784=ORIENTED_EDGE('',*,*,#1811,.T.);
#785=ORIENTED_EDGE('',*,*,#1812,.T.);
#786=ORIENTED_EDGE('',*,*,#1813,.T.);
#787=ORIENTED_EDGE('',*,*,#1814,.T.);
#788=ORIENTED_EDGE('',*,*,#1815,.T.);
#789=ORIENTED_EDGE('',*,*,#1816,.T.);
#790=ORIENTED_EDGE('',*,*,#1817,.T.);
#791=ORIENTED_EDGE('',*,*,#1818,.T.);
#792=ORIENTED_EDGE('',*,*,#1819,.T.);
#793=ORIENTED_EDGE('',*,*,#1820,.T.);
#794=ORIENTED_EDGE('',*,*,#1821,.T.);
#795=ORIENTED_EDGE('',*,*,#1822,.T.);
#796=ORIENTED_EDGE('',*,*,#1823,.T.);
#797=ORIENTED_EDGE('',*,*,#1824,.T.);
#798=ORIENTED_EDGE('',*,*,#1825,.T.);
#799=ORIENTED_EDGE('',*,*,#1826,.T.);
#800=ORIENTED_EDGE('',*,*,#1827,.T.);
#801=ORIENTED_EDGE('',*,*,#1828,.T.);
#802=ORIENTED_EDGE('',*,*,#1829,.T.);
#803=ORIENTED_EDGE('',*,*,#1830,.T.);
#804=ORIENTED_EDGE('',*,*,#1831,.T.);
#805=ORIENTED_EDGE('',*,*,#1832,.T.);
#806=ORIENTED_EDGE('',*,*,#1833,.T.);
#807=ORIENTED_EDGE('',*,*,#1834,.T.);
#808=ORIENTED_EDGE('',*,*,#1835,.T.);
#809=ORIENTED_EDGE('',*,*,#1836,.T.);
#810=ORIENTED_EDGE('',*,*,#1837,.T.);
#811=ORIENTED_EDGE('',*,*,#1838,.T.);
#812=ORIENTED_EDGE('',*,*,#1839,.T.);
#813=ORIENTED_EDGE('',*,*,#1840,.T.);
#814=ORIENTED_EDGE('',*,*,#1841,.T.);
#815=ORIENTED_EDGE('',*,*,#1842,.T.);
#816=ORIENTED_EDGE('',*,*,#1843,.T.);
#817=ORIENTED_EDGE('',*,*,#1844,.T.);
#818=ORIENTED_EDGE('',*,*,#1845,.T.);
#819=ORIENTED_EDGE('',*,*,#1846,.T.);
#820=ORIENTED_EDGE('',*,*,#1847,.T.);
#821=ORIENTED_EDGE('',*,*,#1848,.T.);
#822=ORIENTED_EDGE('',*,*,#1849,.T.);
#823=ORIENTED_EDGE('',*,*,#1850,.T.);
#824=ORIENTED_EDGE('',*,*,#1851,.T.);
#825=ORIENTED_EDGE('',*,*,#1852,.T.);
#826=ORIENTED_EDGE('',*,*,#1853,.T.);
#827=ORIENTED_EDGE('',*,*,#1854,.T.);
#828=ORIENTED_EDGE('',*,*,#1855,.T.);
#829=ORIENTED_EDGE('',*,*,#1856,.T.);
#830=ORIENTED_EDGE('',*,*,#1857,.T.);
#831=ORIENTED_EDGE('',*,*,#1858,.T.);
#832=ORIENTED_EDGE('',*,*,#1859,.T.);
#833=ORIENTED_EDGE('',*,*,#1860,.T.);
#834=ORIENTED_EDGE('',*,*,#1861,.T.);
#835=ORIENTED_EDGE('',*,*,#1862,.T.);
#836=ORIENTED_EDGE('',*,*,#1863,.T.);
#837=ORIENTED_EDGE('',*,*,#1864,.T.);
#838=ORIENTED_EDGE('',*,*,#1865,.T.);
#839=ORIENTED_EDGE('',*,*,#1866,.T.);
#840=ORIENTED_EDGE('',*,*,#1867,.T.);
#841=ORIENTED_EDGE('',*,*,#1868,.T.);
#842=ORIENTED_EDGE('',*,*,#1869,.T.);
#843=ORIENTED_EDGE('',*,*,#1870,.T.);
#844=ORIENTED_EDGE('',*,*,#1871,.T.);
#845=ORIENTED_EDGE('',*,*,#1872,.T.);
#846=ORIENTED_EDGE('',*,*,#1873,.T.);
#847=ORIENTED_EDGE('',*,*,#1874,.T.);
#848=ORIENTED_EDGE('',*,*,#1875,.T.);
#849=ORIENTED_EDGE('',*,*,#1876,.T.);
#850=ORIENTED_EDGE('',*,*,#1877,.T.);
#851=ORIENTED_EDGE('',*,*,#1878,.T.);
#852=ORIENTED_EDGE('',*,*,#1879,.T.);
#853=ORIENTED_EDGE('',*,*,#1880,.T.);
#854=ORIENTED_EDGE('',*,*,#1881,.T.);
#855=ORIENTED_EDGE('',*,*,#1882,.T.);
#856=ORIENTED_EDGE('',*,*,#1883,.T.);
#857=ORIENTED_EDGE('',*,*,#1884,.T.);
#858=ORIENTED_EDGE('',*,*,#1885,.T.);
#859=ORIENTED_EDGE('',*,*,#1886,.T.);
#860=ORIENTED_EDGE('',*,*,#1887,.T.);
#861=ORIENTED_EDGE('',*,*,#1888,.T.);
#862=ORIENTED_EDGE('',*,*,#1889,.T.);
#863=ORIENTED_EDGE('',*,*,#1890,.T.);
#864=ORIENTED_EDGE('',*,*,#1891,.T.);
#865=ORIENTED_EDGE('',*,*,#1892,.T.);
#866=ORIENTED_EDGE('',*,*,#1893,.T.);
#867=ORIENTED_EDGE('',*,*,#1894,.T.);
#868=ORIENTED_EDGE('',*,*,#1895,.T.);
#869=ORIENTED_EDGE('',*,*,#1896,.T.);
#870=ORIENTED_EDGE('',*,*,#1897,.T.);
#871=ORIENTED_EDGE('',*,*,#1898,.T.);
#872=ORIENTED_EDGE('',*,*,#1899,.T.);
#873=ORIENTED_EDGE('',*,*,#1900,.T.);
#874=ORIENTED_EDGE('',*,*,#1901,.T.);
#875=ORIENTED_EDGE('',*,*,#1902,.T.);
#876=ORIENTED_EDGE('',*,*,#1903,.T.);
#877=ORIENTED_EDGE('',*,*,#1904,.T.);
#878=ORIENTED_EDGE('',*,*,#1905,.T.);
#879=ORIENTED_EDGE('',*,*,#1906,.T.);
#880=ORIENTED_EDGE('',*,*,#1907,.T.);
#881=ORIENTED_EDGE('',*,*,#1908,.T.);
#882=ORIENTED_EDGE('',*,*,#1909,.T.);
#883=ORIENTED_EDGE('',*,*,#1910,.T.);
#884=ORIENTED_EDGE('',*,*,#1911,.T.);
#885=ORIENTED_EDGE('',*,*,#1912,.T.);
#886=ORIENTED_EDGE('',*,*,#1913,.T.);
#887=ORIENTED_EDGE('',*,*,#1914,.T.);
#888=ORIENTED_EDGE('',*,*,#1915,.T.);
#889=ORIENTED_EDGE('',*,*,#1916,.T.);
#890=ORIENTED_EDGE('',*,*,#1917,.T.);
#891=ORIENTED_EDGE('',*,*,#1918,.F.);
#892=ORIENTED_EDGE('',*,*,#1919,.F.);
#893=ORIENTED_EDGE('',*,*,#1915,.F.);
#894=ORIENTED_EDGE('',*,*,#1917,.F.);
#895=ORIENTED_EDGE('',*,*,#1914,.F.);
#896=ORIENTED_EDGE('',*,*,#1920,.T.);
#897=ORIENTED_EDGE('',*,*,#1921,.F.);
#898=ORIENTED_EDGE('',*,*,#1922,.F.);
#899=ORIENTED_EDGE('',*,*,#1909,.F.);
#900=ORIENTED_EDGE('',*,*,#1923,.T.);
#901=ORIENTED_EDGE('',*,*,#1924,.F.);
#902=ORIENTED_EDGE('',*,*,#1922,.T.);
#903=ORIENTED_EDGE('',*,*,#1925,.F.);
#904=ORIENTED_EDGE('',*,*,#1926,.F.);
#905=ORIENTED_EDGE('',*,*,#1910,.F.);
#906=ORIENTED_EDGE('',*,*,#1927,.T.);
#907=ORIENTED_EDGE('',*,*,#1928,.F.);
#908=ORIENTED_EDGE('',*,*,#1929,.T.);
#909=ORIENTED_EDGE('',*,*,#1907,.F.);
#910=ORIENTED_EDGE('',*,*,#1927,.F.);
#911=ORIENTED_EDGE('',*,*,#1906,.F.);
#912=ORIENTED_EDGE('',*,*,#1930,.T.);
#913=ORIENTED_EDGE('',*,*,#1931,.F.);
#914=ORIENTED_EDGE('',*,*,#1932,.F.);
#915=ORIENTED_EDGE('',*,*,#1901,.F.);
#916=ORIENTED_EDGE('',*,*,#1933,.T.);
#917=ORIENTED_EDGE('',*,*,#1934,.F.);
#918=ORIENTED_EDGE('',*,*,#1932,.T.);
#919=ORIENTED_EDGE('',*,*,#1935,.F.);
#920=ORIENTED_EDGE('',*,*,#1936,.F.);
#921=ORIENTED_EDGE('',*,*,#1902,.F.);
#922=ORIENTED_EDGE('',*,*,#1937,.T.);
#923=ORIENTED_EDGE('',*,*,#1938,.F.);
#924=ORIENTED_EDGE('',*,*,#1939,.F.);
#925=ORIENTED_EDGE('',*,*,#1899,.F.);
#926=ORIENTED_EDGE('',*,*,#1937,.F.);
#927=ORIENTED_EDGE('',*,*,#1898,.F.);
#928=ORIENTED_EDGE('',*,*,#1940,.T.);
#929=ORIENTED_EDGE('',*,*,#1941,.F.);
#930=ORIENTED_EDGE('',*,*,#1942,.F.);
#931=ORIENTED_EDGE('',*,*,#1893,.F.);
#932=ORIENTED_EDGE('',*,*,#1943,.T.);
#933=ORIENTED_EDGE('',*,*,#1944,.F.);
#934=ORIENTED_EDGE('',*,*,#1942,.T.);
#935=ORIENTED_EDGE('',*,*,#1945,.F.);
#936=ORIENTED_EDGE('',*,*,#1946,.F.);
#937=ORIENTED_EDGE('',*,*,#1894,.F.);
#938=ORIENTED_EDGE('',*,*,#1947,.T.);
#939=ORIENTED_EDGE('',*,*,#1948,.F.);
#940=ORIENTED_EDGE('',*,*,#1949,.F.);
#941=ORIENTED_EDGE('',*,*,#1891,.F.);
#942=ORIENTED_EDGE('',*,*,#1947,.F.);
#943=ORIENTED_EDGE('',*,*,#1890,.F.);
#944=ORIENTED_EDGE('',*,*,#1950,.T.);
#945=ORIENTED_EDGE('',*,*,#1951,.F.);
#946=ORIENTED_EDGE('',*,*,#1952,.F.);
#947=ORIENTED_EDGE('',*,*,#1885,.F.);
#948=ORIENTED_EDGE('',*,*,#1953,.T.);
#949=ORIENTED_EDGE('',*,*,#1954,.F.);
#950=ORIENTED_EDGE('',*,*,#1952,.T.);
#951=ORIENTED_EDGE('',*,*,#1955,.F.);
#952=ORIENTED_EDGE('',*,*,#1956,.F.);
#953=ORIENTED_EDGE('',*,*,#1886,.F.);
#954=ORIENTED_EDGE('',*,*,#1957,.T.);
#955=ORIENTED_EDGE('',*,*,#1958,.F.);
#956=ORIENTED_EDGE('',*,*,#1959,.F.);
#957=ORIENTED_EDGE('',*,*,#1883,.F.);
#958=ORIENTED_EDGE('',*,*,#1957,.F.);
#959=ORIENTED_EDGE('',*,*,#1882,.F.);
#960=ORIENTED_EDGE('',*,*,#1960,.T.);
#961=ORIENTED_EDGE('',*,*,#1961,.F.);
#962=ORIENTED_EDGE('',*,*,#1962,.F.);
#963=ORIENTED_EDGE('',*,*,#1877,.F.);
#964=ORIENTED_EDGE('',*,*,#1963,.T.);
#965=ORIENTED_EDGE('',*,*,#1964,.F.);
#966=ORIENTED_EDGE('',*,*,#1962,.T.);
#967=ORIENTED_EDGE('',*,*,#1965,.F.);
#968=ORIENTED_EDGE('',*,*,#1966,.F.);
#969=ORIENTED_EDGE('',*,*,#1878,.F.);
#970=ORIENTED_EDGE('',*,*,#1967,.T.);
#971=ORIENTED_EDGE('',*,*,#1968,.F.);
#972=ORIENTED_EDGE('',*,*,#1969,.F.);
#973=ORIENTED_EDGE('',*,*,#1875,.F.);
#974=ORIENTED_EDGE('',*,*,#1967,.F.);
#975=ORIENTED_EDGE('',*,*,#1874,.F.);
#976=ORIENTED_EDGE('',*,*,#1970,.T.);
#977=ORIENTED_EDGE('',*,*,#1971,.F.);
#978=ORIENTED_EDGE('',*,*,#1972,.F.);
#979=ORIENTED_EDGE('',*,*,#1869,.F.);
#980=ORIENTED_EDGE('',*,*,#1973,.T.);
#981=ORIENTED_EDGE('',*,*,#1974,.F.);
#982=ORIENTED_EDGE('',*,*,#1972,.T.);
#983=ORIENTED_EDGE('',*,*,#1975,.F.);
#984=ORIENTED_EDGE('',*,*,#1976,.F.);
#985=ORIENTED_EDGE('',*,*,#1870,.F.);
#986=ORIENTED_EDGE('',*,*,#1977,.T.);
#987=ORIENTED_EDGE('',*,*,#1978,.F.);
#988=ORIENTED_EDGE('',*,*,#1979,.F.);
#989=ORIENTED_EDGE('',*,*,#1867,.F.);
#990=ORIENTED_EDGE('',*,*,#1977,.F.);
#991=ORIENTED_EDGE('',*,*,#1866,.F.);
#992=ORIENTED_EDGE('',*,*,#1980,.T.);
#993=ORIENTED_EDGE('',*,*,#1981,.F.);
#994=ORIENTED_EDGE('',*,*,#1982,.F.);
#995=ORIENTED_EDGE('',*,*,#1861,.F.);
#996=ORIENTED_EDGE('',*,*,#1983,.T.);
#997=ORIENTED_EDGE('',*,*,#1984,.F.);
#998=ORIENTED_EDGE('',*,*,#1982,.T.);
#999=ORIENTED_EDGE('',*,*,#1985,.F.);
#1000=ORIENTED_EDGE('',*,*,#1986,.F.);
#1001=ORIENTED_EDGE('',*,*,#1862,.F.);
#1002=ORIENTED_EDGE('',*,*,#1987,.T.);
#1003=ORIENTED_EDGE('',*,*,#1988,.F.);
#1004=ORIENTED_EDGE('',*,*,#1989,.F.);
#1005=ORIENTED_EDGE('',*,*,#1859,.F.);
#1006=ORIENTED_EDGE('',*,*,#1987,.F.);
#1007=ORIENTED_EDGE('',*,*,#1858,.F.);
#1008=ORIENTED_EDGE('',*,*,#1990,.T.);
#1009=ORIENTED_EDGE('',*,*,#1991,.F.);
#1010=ORIENTED_EDGE('',*,*,#1992,.F.);
#1011=ORIENTED_EDGE('',*,*,#1853,.F.);
#1012=ORIENTED_EDGE('',*,*,#1993,.T.);
#1013=ORIENTED_EDGE('',*,*,#1994,.F.);
#1014=ORIENTED_EDGE('',*,*,#1992,.T.);
#1015=ORIENTED_EDGE('',*,*,#1995,.F.);
#1016=ORIENTED_EDGE('',*,*,#1996,.F.);
#1017=ORIENTED_EDGE('',*,*,#1854,.F.);
#1018=ORIENTED_EDGE('',*,*,#1997,.T.);
#1019=ORIENTED_EDGE('',*,*,#1998,.F.);
#1020=ORIENTED_EDGE('',*,*,#1999,.F.);
#1021=ORIENTED_EDGE('',*,*,#1851,.F.);
#1022=ORIENTED_EDGE('',*,*,#1997,.F.);
#1023=ORIENTED_EDGE('',*,*,#1850,.F.);
#1024=ORIENTED_EDGE('',*,*,#2000,.T.);
#1025=ORIENTED_EDGE('',*,*,#2001,.F.);
#1026=ORIENTED_EDGE('',*,*,#2002,.F.);
#1027=ORIENTED_EDGE('',*,*,#1845,.F.);
#1028=ORIENTED_EDGE('',*,*,#2003,.T.);
#1029=ORIENTED_EDGE('',*,*,#2004,.F.);
#1030=ORIENTED_EDGE('',*,*,#2002,.T.);
#1031=ORIENTED_EDGE('',*,*,#2005,.F.);
#1032=ORIENTED_EDGE('',*,*,#2006,.F.);
#1033=ORIENTED_EDGE('',*,*,#1846,.F.);
#1034=ORIENTED_EDGE('',*,*,#2007,.T.);
#1035=ORIENTED_EDGE('',*,*,#2008,.F.);
#1036=ORIENTED_EDGE('',*,*,#2009,.F.);
#1037=ORIENTED_EDGE('',*,*,#1843,.F.);
#1038=ORIENTED_EDGE('',*,*,#2007,.F.);
#1039=ORIENTED_EDGE('',*,*,#1842,.F.);
#1040=ORIENTED_EDGE('',*,*,#2010,.T.);
#1041=ORIENTED_EDGE('',*,*,#2011,.F.);
#1042=ORIENTED_EDGE('',*,*,#2012,.F.);
#1043=ORIENTED_EDGE('',*,*,#1837,.F.);
#1044=ORIENTED_EDGE('',*,*,#2013,.T.);
#1045=ORIENTED_EDGE('',*,*,#2014,.F.);
#1046=ORIENTED_EDGE('',*,*,#2012,.T.);
#1047=ORIENTED_EDGE('',*,*,#2015,.F.);
#1048=ORIENTED_EDGE('',*,*,#2016,.F.);
#1049=ORIENTED_EDGE('',*,*,#1838,.F.);
#1050=ORIENTED_EDGE('',*,*,#2017,.T.);
#1051=ORIENTED_EDGE('',*,*,#2018,.F.);
#1052=ORIENTED_EDGE('',*,*,#2019,.F.);
#1053=ORIENTED_EDGE('',*,*,#1835,.F.);
#1054=ORIENTED_EDGE('',*,*,#2017,.F.);
#1055=ORIENTED_EDGE('',*,*,#1834,.F.);
#1056=ORIENTED_EDGE('',*,*,#2020,.T.);
#1057=ORIENTED_EDGE('',*,*,#2021,.F.);
#1058=ORIENTED_EDGE('',*,*,#2022,.F.);
#1059=ORIENTED_EDGE('',*,*,#1829,.F.);
#1060=ORIENTED_EDGE('',*,*,#2023,.T.);
#1061=ORIENTED_EDGE('',*,*,#2024,.F.);
#1062=ORIENTED_EDGE('',*,*,#2022,.T.);
#1063=ORIENTED_EDGE('',*,*,#2025,.F.);
#1064=ORIENTED_EDGE('',*,*,#2026,.F.);
#1065=ORIENTED_EDGE('',*,*,#1830,.F.);
#1066=ORIENTED_EDGE('',*,*,#2027,.T.);
#1067=ORIENTED_EDGE('',*,*,#2028,.F.);
#1068=ORIENTED_EDGE('',*,*,#2029,.F.);
#1069=ORIENTED_EDGE('',*,*,#1827,.F.);
#1070=ORIENTED_EDGE('',*,*,#2027,.F.);
#1071=ORIENTED_EDGE('',*,*,#1826,.F.);
#1072=ORIENTED_EDGE('',*,*,#2030,.T.);
#1073=ORIENTED_EDGE('',*,*,#2031,.F.);
#1074=ORIENTED_EDGE('',*,*,#2032,.F.);
#1075=ORIENTED_EDGE('',*,*,#1821,.F.);
#1076=ORIENTED_EDGE('',*,*,#2033,.T.);
#1077=ORIENTED_EDGE('',*,*,#2034,.F.);
#1078=ORIENTED_EDGE('',*,*,#2032,.T.);
#1079=ORIENTED_EDGE('',*,*,#2035,.F.);
#1080=ORIENTED_EDGE('',*,*,#2036,.F.);
#1081=ORIENTED_EDGE('',*,*,#1822,.F.);
#1082=ORIENTED_EDGE('',*,*,#2037,.T.);
#1083=ORIENTED_EDGE('',*,*,#2038,.F.);
#1084=ORIENTED_EDGE('',*,*,#2039,.F.);
#1085=ORIENTED_EDGE('',*,*,#1819,.F.);
#1086=ORIENTED_EDGE('',*,*,#2037,.F.);
#1087=ORIENTED_EDGE('',*,*,#1818,.F.);
#1088=ORIENTED_EDGE('',*,*,#2040,.T.);
#1089=ORIENTED_EDGE('',*,*,#2041,.F.);
#1090=ORIENTED_EDGE('',*,*,#2042,.F.);
#1091=ORIENTED_EDGE('',*,*,#1813,.F.);
#1092=ORIENTED_EDGE('',*,*,#2043,.T.);
#1093=ORIENTED_EDGE('',*,*,#2044,.F.);
#1094=ORIENTED_EDGE('',*,*,#2042,.T.);
#1095=ORIENTED_EDGE('',*,*,#2045,.F.);
#1096=ORIENTED_EDGE('',*,*,#2046,.F.);
#1097=ORIENTED_EDGE('',*,*,#1814,.F.);
#1098=ORIENTED_EDGE('',*,*,#2047,.T.);
#1099=ORIENTED_EDGE('',*,*,#2048,.F.);
#1100=ORIENTED_EDGE('',*,*,#2049,.F.);
#1101=ORIENTED_EDGE('',*,*,#1811,.F.);
#1102=ORIENTED_EDGE('',*,*,#2047,.F.);
#1103=ORIENTED_EDGE('',*,*,#1810,.F.);
#1104=ORIENTED_EDGE('',*,*,#2050,.T.);
#1105=ORIENTED_EDGE('',*,*,#2051,.F.);
#1106=ORIENTED_EDGE('',*,*,#2052,.F.);
#1107=ORIENTED_EDGE('',*,*,#1805,.F.);
#1108=ORIENTED_EDGE('',*,*,#2053,.T.);
#1109=ORIENTED_EDGE('',*,*,#2054,.F.);
#1110=ORIENTED_EDGE('',*,*,#2052,.T.);
#1111=ORIENTED_EDGE('',*,*,#2055,.F.);
#1112=ORIENTED_EDGE('',*,*,#2056,.F.);
#1113=ORIENTED_EDGE('',*,*,#1806,.F.);
#1114=ORIENTED_EDGE('',*,*,#2057,.T.);
#1115=ORIENTED_EDGE('',*,*,#2058,.F.);
#1116=ORIENTED_EDGE('',*,*,#2059,.F.);
#1117=ORIENTED_EDGE('',*,*,#1803,.F.);
#1118=ORIENTED_EDGE('',*,*,#2057,.F.);
#1119=ORIENTED_EDGE('',*,*,#1802,.F.);
#1120=ORIENTED_EDGE('',*,*,#2060,.T.);
#1121=ORIENTED_EDGE('',*,*,#2061,.F.);
#1122=ORIENTED_EDGE('',*,*,#2062,.F.);
#1123=ORIENTED_EDGE('',*,*,#1797,.F.);
#1124=ORIENTED_EDGE('',*,*,#2063,.T.);
#1125=ORIENTED_EDGE('',*,*,#2064,.F.);
#1126=ORIENTED_EDGE('',*,*,#2062,.T.);
#1127=ORIENTED_EDGE('',*,*,#2065,.F.);
#1128=ORIENTED_EDGE('',*,*,#2066,.F.);
#1129=ORIENTED_EDGE('',*,*,#1798,.F.);
#1130=ORIENTED_EDGE('',*,*,#2067,.T.);
#1131=ORIENTED_EDGE('',*,*,#2068,.F.);
#1132=ORIENTED_EDGE('',*,*,#2069,.F.);
#1133=ORIENTED_EDGE('',*,*,#1795,.F.);
#1134=ORIENTED_EDGE('',*,*,#2067,.F.);
#1135=ORIENTED_EDGE('',*,*,#1794,.F.);
#1136=ORIENTED_EDGE('',*,*,#2070,.T.);
#1137=ORIENTED_EDGE('',*,*,#2071,.F.);
#1138=ORIENTED_EDGE('',*,*,#2072,.F.);
#1139=ORIENTED_EDGE('',*,*,#1789,.F.);
#1140=ORIENTED_EDGE('',*,*,#2073,.T.);
#1141=ORIENTED_EDGE('',*,*,#2074,.F.);
#1142=ORIENTED_EDGE('',*,*,#2072,.T.);
#1143=ORIENTED_EDGE('',*,*,#2075,.F.);
#1144=ORIENTED_EDGE('',*,*,#2076,.F.);
#1145=ORIENTED_EDGE('',*,*,#1790,.F.);
#1146=ORIENTED_EDGE('',*,*,#2077,.T.);
#1147=ORIENTED_EDGE('',*,*,#2078,.F.);
#1148=ORIENTED_EDGE('',*,*,#2079,.F.);
#1149=ORIENTED_EDGE('',*,*,#1787,.F.);
#1150=ORIENTED_EDGE('',*,*,#2077,.F.);
#1151=ORIENTED_EDGE('',*,*,#1786,.F.);
#1152=ORIENTED_EDGE('',*,*,#2080,.T.);
#1153=ORIENTED_EDGE('',*,*,#2081,.F.);
#1154=ORIENTED_EDGE('',*,*,#2082,.F.);
#1155=ORIENTED_EDGE('',*,*,#1781,.F.);
#1156=ORIENTED_EDGE('',*,*,#2083,.T.);
#1157=ORIENTED_EDGE('',*,*,#2084,.F.);
#1158=ORIENTED_EDGE('',*,*,#2082,.T.);
#1159=ORIENTED_EDGE('',*,*,#2085,.F.);
#1160=ORIENTED_EDGE('',*,*,#2086,.F.);
#1161=ORIENTED_EDGE('',*,*,#1782,.F.);
#1162=ORIENTED_EDGE('',*,*,#2087,.T.);
#1163=ORIENTED_EDGE('',*,*,#2088,.F.);
#1164=ORIENTED_EDGE('',*,*,#2089,.F.);
#1165=ORIENTED_EDGE('',*,*,#1779,.F.);
#1166=ORIENTED_EDGE('',*,*,#2087,.F.);
#1167=ORIENTED_EDGE('',*,*,#1778,.F.);
#1168=ORIENTED_EDGE('',*,*,#2090,.T.);
#1169=ORIENTED_EDGE('',*,*,#2091,.F.);
#1170=ORIENTED_EDGE('',*,*,#2092,.F.);
#1171=ORIENTED_EDGE('',*,*,#1773,.F.);
#1172=ORIENTED_EDGE('',*,*,#2093,.T.);
#1173=ORIENTED_EDGE('',*,*,#2094,.F.);
#1174=ORIENTED_EDGE('',*,*,#2092,.T.);
#1175=ORIENTED_EDGE('',*,*,#2095,.F.);
#1176=ORIENTED_EDGE('',*,*,#2096,.F.);
#1177=ORIENTED_EDGE('',*,*,#1774,.F.);
#1178=ORIENTED_EDGE('',*,*,#2097,.T.);
#1179=ORIENTED_EDGE('',*,*,#2098,.F.);
#1180=ORIENTED_EDGE('',*,*,#2099,.F.);
#1181=ORIENTED_EDGE('',*,*,#1771,.F.);
#1182=ORIENTED_EDGE('',*,*,#2097,.F.);
#1183=ORIENTED_EDGE('',*,*,#1770,.F.);
#1184=ORIENTED_EDGE('',*,*,#2100,.T.);
#1185=ORIENTED_EDGE('',*,*,#2101,.F.);
#1186=ORIENTED_EDGE('',*,*,#2102,.F.);
#1187=ORIENTED_EDGE('',*,*,#1765,.F.);
#1188=ORIENTED_EDGE('',*,*,#2103,.T.);
#1189=ORIENTED_EDGE('',*,*,#2104,.F.);
#1190=ORIENTED_EDGE('',*,*,#2102,.T.);
#1191=ORIENTED_EDGE('',*,*,#2105,.F.);
#1192=ORIENTED_EDGE('',*,*,#2106,.F.);
#1193=ORIENTED_EDGE('',*,*,#1766,.F.);
#1194=ORIENTED_EDGE('',*,*,#1920,.F.);
#1195=ORIENTED_EDGE('',*,*,#1913,.F.);
#1196=ORIENTED_EDGE('',*,*,#2107,.T.);
#1197=ORIENTED_EDGE('',*,*,#2108,.F.);
#1198=ORIENTED_EDGE('',*,*,#2107,.F.);
#1199=ORIENTED_EDGE('',*,*,#1912,.F.);
#1200=ORIENTED_EDGE('',*,*,#2109,.T.);
#1201=ORIENTED_EDGE('',*,*,#2110,.F.);
#1202=ORIENTED_EDGE('',*,*,#2109,.F.);
#1203=ORIENTED_EDGE('',*,*,#1911,.F.);
#1204=ORIENTED_EDGE('',*,*,#1926,.T.);
#1205=ORIENTED_EDGE('',*,*,#2111,.F.);
#1206=ORIENTED_EDGE('',*,*,#1930,.F.);
#1207=ORIENTED_EDGE('',*,*,#1905,.F.);
#1208=ORIENTED_EDGE('',*,*,#2112,.T.);
#1209=ORIENTED_EDGE('',*,*,#2113,.F.);
#1210=ORIENTED_EDGE('',*,*,#2112,.F.);
#1211=ORIENTED_EDGE('',*,*,#1904,.F.);
#1212=ORIENTED_EDGE('',*,*,#2114,.T.);
#1213=ORIENTED_EDGE('',*,*,#2115,.F.);
#1214=ORIENTED_EDGE('',*,*,#2114,.F.);
#1215=ORIENTED_EDGE('',*,*,#1903,.F.);
#1216=ORIENTED_EDGE('',*,*,#1936,.T.);
#1217=ORIENTED_EDGE('',*,*,#2116,.F.);
#1218=ORIENTED_EDGE('',*,*,#1940,.F.);
#1219=ORIENTED_EDGE('',*,*,#1897,.F.);
#1220=ORIENTED_EDGE('',*,*,#2117,.T.);
#1221=ORIENTED_EDGE('',*,*,#2118,.F.);
#1222=ORIENTED_EDGE('',*,*,#2117,.F.);
#1223=ORIENTED_EDGE('',*,*,#1896,.F.);
#1224=ORIENTED_EDGE('',*,*,#2119,.T.);
#1225=ORIENTED_EDGE('',*,*,#2120,.F.);
#1226=ORIENTED_EDGE('',*,*,#2119,.F.);
#1227=ORIENTED_EDGE('',*,*,#1895,.F.);
#1228=ORIENTED_EDGE('',*,*,#1946,.T.);
#1229=ORIENTED_EDGE('',*,*,#2121,.F.);
#1230=ORIENTED_EDGE('',*,*,#1950,.F.);
#1231=ORIENTED_EDGE('',*,*,#1889,.F.);
#1232=ORIENTED_EDGE('',*,*,#2122,.T.);
#1233=ORIENTED_EDGE('',*,*,#2123,.F.);
#1234=ORIENTED_EDGE('',*,*,#2122,.F.);
#1235=ORIENTED_EDGE('',*,*,#1888,.F.);
#1236=ORIENTED_EDGE('',*,*,#2124,.T.);
#1237=ORIENTED_EDGE('',*,*,#2125,.F.);
#1238=ORIENTED_EDGE('',*,*,#2124,.F.);
#1239=ORIENTED_EDGE('',*,*,#1887,.F.);
#1240=ORIENTED_EDGE('',*,*,#1956,.T.);
#1241=ORIENTED_EDGE('',*,*,#2126,.F.);
#1242=ORIENTED_EDGE('',*,*,#1960,.F.);
#1243=ORIENTED_EDGE('',*,*,#1881,.F.);
#1244=ORIENTED_EDGE('',*,*,#2127,.T.);
#1245=ORIENTED_EDGE('',*,*,#2128,.F.);
#1246=ORIENTED_EDGE('',*,*,#2127,.F.);
#1247=ORIENTED_EDGE('',*,*,#1880,.F.);
#1248=ORIENTED_EDGE('',*,*,#2129,.T.);
#1249=ORIENTED_EDGE('',*,*,#2130,.F.);
#1250=ORIENTED_EDGE('',*,*,#2129,.F.);
#1251=ORIENTED_EDGE('',*,*,#1879,.F.);
#1252=ORIENTED_EDGE('',*,*,#1966,.T.);
#1253=ORIENTED_EDGE('',*,*,#2131,.F.);
#1254=ORIENTED_EDGE('',*,*,#1970,.F.);
#1255=ORIENTED_EDGE('',*,*,#1873,.F.);
#1256=ORIENTED_EDGE('',*,*,#2132,.T.);
#1257=ORIENTED_EDGE('',*,*,#2133,.F.);
#1258=ORIENTED_EDGE('',*,*,#2132,.F.);
#1259=ORIENTED_EDGE('',*,*,#1872,.F.);
#1260=ORIENTED_EDGE('',*,*,#2134,.T.);
#1261=ORIENTED_EDGE('',*,*,#2135,.F.);
#1262=ORIENTED_EDGE('',*,*,#2134,.F.);
#1263=ORIENTED_EDGE('',*,*,#1871,.F.);
#1264=ORIENTED_EDGE('',*,*,#1976,.T.);
#1265=ORIENTED_EDGE('',*,*,#2136,.F.);
#1266=ORIENTED_EDGE('',*,*,#1980,.F.);
#1267=ORIENTED_EDGE('',*,*,#1865,.F.);
#1268=ORIENTED_EDGE('',*,*,#2137,.T.);
#1269=ORIENTED_EDGE('',*,*,#2138,.F.);
#1270=ORIENTED_EDGE('',*,*,#2137,.F.);
#1271=ORIENTED_EDGE('',*,*,#1864,.F.);
#1272=ORIENTED_EDGE('',*,*,#2139,.T.);
#1273=ORIENTED_EDGE('',*,*,#2140,.F.);
#1274=ORIENTED_EDGE('',*,*,#2139,.F.);
#1275=ORIENTED_EDGE('',*,*,#1863,.F.);
#1276=ORIENTED_EDGE('',*,*,#1986,.T.);
#1277=ORIENTED_EDGE('',*,*,#2141,.F.);
#1278=ORIENTED_EDGE('',*,*,#1990,.F.);
#1279=ORIENTED_EDGE('',*,*,#1857,.F.);
#1280=ORIENTED_EDGE('',*,*,#2142,.T.);
#1281=ORIENTED_EDGE('',*,*,#2143,.F.);
#1282=ORIENTED_EDGE('',*,*,#2142,.F.);
#1283=ORIENTED_EDGE('',*,*,#1856,.F.);
#1284=ORIENTED_EDGE('',*,*,#2144,.T.);
#1285=ORIENTED_EDGE('',*,*,#2145,.F.);
#1286=ORIENTED_EDGE('',*,*,#2144,.F.);
#1287=ORIENTED_EDGE('',*,*,#1855,.F.);
#1288=ORIENTED_EDGE('',*,*,#1996,.T.);
#1289=ORIENTED_EDGE('',*,*,#2146,.F.);
#1290=ORIENTED_EDGE('',*,*,#2000,.F.);
#1291=ORIENTED_EDGE('',*,*,#1849,.F.);
#1292=ORIENTED_EDGE('',*,*,#2147,.T.);
#1293=ORIENTED_EDGE('',*,*,#2148,.F.);
#1294=ORIENTED_EDGE('',*,*,#2147,.F.);
#1295=ORIENTED_EDGE('',*,*,#1848,.F.);
#1296=ORIENTED_EDGE('',*,*,#2149,.T.);
#1297=ORIENTED_EDGE('',*,*,#2150,.F.);
#1298=ORIENTED_EDGE('',*,*,#2149,.F.);
#1299=ORIENTED_EDGE('',*,*,#1847,.F.);
#1300=ORIENTED_EDGE('',*,*,#2006,.T.);
#1301=ORIENTED_EDGE('',*,*,#2151,.F.);
#1302=ORIENTED_EDGE('',*,*,#2010,.F.);
#1303=ORIENTED_EDGE('',*,*,#1841,.F.);
#1304=ORIENTED_EDGE('',*,*,#2152,.T.);
#1305=ORIENTED_EDGE('',*,*,#2153,.F.);
#1306=ORIENTED_EDGE('',*,*,#2152,.F.);
#1307=ORIENTED_EDGE('',*,*,#1840,.F.);
#1308=ORIENTED_EDGE('',*,*,#2154,.T.);
#1309=ORIENTED_EDGE('',*,*,#2155,.F.);
#1310=ORIENTED_EDGE('',*,*,#2154,.F.);
#1311=ORIENTED_EDGE('',*,*,#1839,.F.);
#1312=ORIENTED_EDGE('',*,*,#2016,.T.);
#1313=ORIENTED_EDGE('',*,*,#2156,.F.);
#1314=ORIENTED_EDGE('',*,*,#2020,.F.);
#1315=ORIENTED_EDGE('',*,*,#1833,.F.);
#1316=ORIENTED_EDGE('',*,*,#2157,.T.);
#1317=ORIENTED_EDGE('',*,*,#2158,.F.);
#1318=ORIENTED_EDGE('',*,*,#2157,.F.);
#1319=ORIENTED_EDGE('',*,*,#1832,.F.);
#1320=ORIENTED_EDGE('',*,*,#2159,.T.);
#1321=ORIENTED_EDGE('',*,*,#2160,.F.);
#1322=ORIENTED_EDGE('',*,*,#2159,.F.);
#1323=ORIENTED_EDGE('',*,*,#1831,.F.);
#1324=ORIENTED_EDGE('',*,*,#2026,.T.);
#1325=ORIENTED_EDGE('',*,*,#2161,.F.);
#1326=ORIENTED_EDGE('',*,*,#2030,.F.);
#1327=ORIENTED_EDGE('',*,*,#1825,.F.);
#1328=ORIENTED_EDGE('',*,*,#2162,.T.);
#1329=ORIENTED_EDGE('',*,*,#2163,.F.);
#1330=ORIENTED_EDGE('',*,*,#2162,.F.);
#1331=ORIENTED_EDGE('',*,*,#1824,.F.);
#1332=ORIENTED_EDGE('',*,*,#2164,.T.);
#1333=ORIENTED_EDGE('',*,*,#2165,.F.);
#1334=ORIENTED_EDGE('',*,*,#2164,.F.);
#1335=ORIENTED_EDGE('',*,*,#1823,.F.);
#1336=ORIENTED_EDGE('',*,*,#2036,.T.);
#1337=ORIENTED_EDGE('',*,*,#2166,.F.);
#1338=ORIENTED_EDGE('',*,*,#2040,.F.);
#1339=ORIENTED_EDGE('',*,*,#1817,.F.);
#1340=ORIENTED_EDGE('',*,*,#2167,.T.);
#1341=ORIENTED_EDGE('',*,*,#2168,.F.);
#1342=ORIENTED_EDGE('',*,*,#2167,.F.);
#1343=ORIENTED_EDGE('',*,*,#1816,.F.);
#1344=ORIENTED_EDGE('',*,*,#2169,.T.);
#1345=ORIENTED_EDGE('',*,*,#2170,.F.);
#1346=ORIENTED_EDGE('',*,*,#2169,.F.);
#1347=ORIENTED_EDGE('',*,*,#1815,.F.);
#1348=ORIENTED_EDGE('',*,*,#2046,.T.);
#1349=ORIENTED_EDGE('',*,*,#2171,.F.);
#1350=ORIENTED_EDGE('',*,*,#2050,.F.);
#1351=ORIENTED_EDGE('',*,*,#1809,.F.);
#1352=ORIENTED_EDGE('',*,*,#2172,.T.);
#1353=ORIENTED_EDGE('',*,*,#2173,.F.);
#1354=ORIENTED_EDGE('',*,*,#2172,.F.);
#1355=ORIENTED_EDGE('',*,*,#1808,.F.);
#1356=ORIENTED_EDGE('',*,*,#2174,.T.);
#1357=ORIENTED_EDGE('',*,*,#2175,.F.);
#1358=ORIENTED_EDGE('',*,*,#2174,.F.);
#1359=ORIENTED_EDGE('',*,*,#1807,.F.);
#1360=ORIENTED_EDGE('',*,*,#2056,.T.);
#1361=ORIENTED_EDGE('',*,*,#2176,.F.);
#1362=ORIENTED_EDGE('',*,*,#2060,.F.);
#1363=ORIENTED_EDGE('',*,*,#1801,.F.);
#1364=ORIENTED_EDGE('',*,*,#2177,.T.);
#1365=ORIENTED_EDGE('',*,*,#2178,.F.);
#1366=ORIENTED_EDGE('',*,*,#2177,.F.);
#1367=ORIENTED_EDGE('',*,*,#1800,.F.);
#1368=ORIENTED_EDGE('',*,*,#2179,.T.);
#1369=ORIENTED_EDGE('',*,*,#1738,.T.);
#1370=ORIENTED_EDGE('',*,*,#2180,.F.);
#1371=ORIENTED_EDGE('',*,*,#2179,.F.);
#1372=ORIENTED_EDGE('',*,*,#1799,.F.);
#1373=ORIENTED_EDGE('',*,*,#2066,.T.);
#1374=ORIENTED_EDGE('',*,*,#2181,.F.);
#1375=ORIENTED_EDGE('',*,*,#2070,.F.);
#1376=ORIENTED_EDGE('',*,*,#1793,.F.);
#1377=ORIENTED_EDGE('',*,*,#2182,.T.);
#1378=ORIENTED_EDGE('',*,*,#2183,.F.);
#1379=ORIENTED_EDGE('',*,*,#2182,.F.);
#1380=ORIENTED_EDGE('',*,*,#1792,.F.);
#1381=ORIENTED_EDGE('',*,*,#2184,.T.);
#1382=ORIENTED_EDGE('',*,*,#2185,.F.);
#1383=ORIENTED_EDGE('',*,*,#2184,.F.);
#1384=ORIENTED_EDGE('',*,*,#1791,.F.);
#1385=ORIENTED_EDGE('',*,*,#2076,.T.);
#1386=ORIENTED_EDGE('',*,*,#2186,.F.);
#1387=ORIENTED_EDGE('',*,*,#2080,.F.);
#1388=ORIENTED_EDGE('',*,*,#1785,.F.);
#1389=ORIENTED_EDGE('',*,*,#2187,.T.);
#1390=ORIENTED_EDGE('',*,*,#2188,.F.);
#1391=ORIENTED_EDGE('',*,*,#2187,.F.);
#1392=ORIENTED_EDGE('',*,*,#1784,.F.);
#1393=ORIENTED_EDGE('',*,*,#2189,.T.);
#1394=ORIENTED_EDGE('',*,*,#2190,.F.);
#1395=ORIENTED_EDGE('',*,*,#2189,.F.);
#1396=ORIENTED_EDGE('',*,*,#1783,.F.);
#1397=ORIENTED_EDGE('',*,*,#2086,.T.);
#1398=ORIENTED_EDGE('',*,*,#2191,.F.);
#1399=ORIENTED_EDGE('',*,*,#2090,.F.);
#1400=ORIENTED_EDGE('',*,*,#1777,.F.);
#1401=ORIENTED_EDGE('',*,*,#2192,.T.);
#1402=ORIENTED_EDGE('',*,*,#2193,.F.);
#1403=ORIENTED_EDGE('',*,*,#2192,.F.);
#1404=ORIENTED_EDGE('',*,*,#1776,.F.);
#1405=ORIENTED_EDGE('',*,*,#2194,.T.);
#1406=ORIENTED_EDGE('',*,*,#2195,.F.);
#1407=ORIENTED_EDGE('',*,*,#2194,.F.);
#1408=ORIENTED_EDGE('',*,*,#1775,.F.);
#1409=ORIENTED_EDGE('',*,*,#2096,.T.);
#1410=ORIENTED_EDGE('',*,*,#2196,.F.);
#1411=ORIENTED_EDGE('',*,*,#2100,.F.);
#1412=ORIENTED_EDGE('',*,*,#1769,.F.);
#1413=ORIENTED_EDGE('',*,*,#2197,.T.);
#1414=ORIENTED_EDGE('',*,*,#2198,.F.);
#1415=ORIENTED_EDGE('',*,*,#2197,.F.);
#1416=ORIENTED_EDGE('',*,*,#1768,.F.);
#1417=ORIENTED_EDGE('',*,*,#2199,.T.);
#1418=ORIENTED_EDGE('',*,*,#2200,.F.);
#1419=ORIENTED_EDGE('',*,*,#2199,.F.);
#1420=ORIENTED_EDGE('',*,*,#1767,.F.);
#1421=ORIENTED_EDGE('',*,*,#2106,.T.);
#1422=ORIENTED_EDGE('',*,*,#2201,.F.);
#1423=ORIENTED_EDGE('',*,*,#2103,.F.);
#1424=ORIENTED_EDGE('',*,*,#1764,.F.);
#1425=ORIENTED_EDGE('',*,*,#2202,.T.);
#1426=ORIENTED_EDGE('',*,*,#2203,.F.);
#1427=ORIENTED_EDGE('',*,*,#2093,.F.);
#1428=ORIENTED_EDGE('',*,*,#1772,.F.);
#1429=ORIENTED_EDGE('',*,*,#2099,.T.);
#1430=ORIENTED_EDGE('',*,*,#2204,.F.);
#1431=ORIENTED_EDGE('',*,*,#2083,.F.);
#1432=ORIENTED_EDGE('',*,*,#1780,.F.);
#1433=ORIENTED_EDGE('',*,*,#2089,.T.);
#1434=ORIENTED_EDGE('',*,*,#2205,.F.);
#1435=ORIENTED_EDGE('',*,*,#2073,.F.);
#1436=ORIENTED_EDGE('',*,*,#1788,.F.);
#1437=ORIENTED_EDGE('',*,*,#2079,.T.);
#1438=ORIENTED_EDGE('',*,*,#2206,.F.);
#1439=ORIENTED_EDGE('',*,*,#2063,.F.);
#1440=ORIENTED_EDGE('',*,*,#1796,.F.);
#1441=ORIENTED_EDGE('',*,*,#2069,.T.);
#1442=ORIENTED_EDGE('',*,*,#2207,.F.);
#1443=ORIENTED_EDGE('',*,*,#2053,.F.);
#1444=ORIENTED_EDGE('',*,*,#1804,.F.);
#1445=ORIENTED_EDGE('',*,*,#2059,.T.);
#1446=ORIENTED_EDGE('',*,*,#2208,.F.);
#1447=ORIENTED_EDGE('',*,*,#2043,.F.);
#1448=ORIENTED_EDGE('',*,*,#1812,.F.);
#1449=ORIENTED_EDGE('',*,*,#2049,.T.);
#1450=ORIENTED_EDGE('',*,*,#2209,.F.);
#1451=ORIENTED_EDGE('',*,*,#2033,.F.);
#1452=ORIENTED_EDGE('',*,*,#1820,.F.);
#1453=ORIENTED_EDGE('',*,*,#2039,.T.);
#1454=ORIENTED_EDGE('',*,*,#2210,.F.);
#1455=ORIENTED_EDGE('',*,*,#2023,.F.);
#1456=ORIENTED_EDGE('',*,*,#1828,.F.);
#1457=ORIENTED_EDGE('',*,*,#2029,.T.);
#1458=ORIENTED_EDGE('',*,*,#2211,.F.);
#1459=ORIENTED_EDGE('',*,*,#2013,.F.);
#1460=ORIENTED_EDGE('',*,*,#1836,.F.);
#1461=ORIENTED_EDGE('',*,*,#2019,.T.);
#1462=ORIENTED_EDGE('',*,*,#2212,.F.);
#1463=ORIENTED_EDGE('',*,*,#2003,.F.);
#1464=ORIENTED_EDGE('',*,*,#1844,.F.);
#1465=ORIENTED_EDGE('',*,*,#2009,.T.);
#1466=ORIENTED_EDGE('',*,*,#2213,.F.);
#1467=ORIENTED_EDGE('',*,*,#1993,.F.);
#1468=ORIENTED_EDGE('',*,*,#1852,.F.);
#1469=ORIENTED_EDGE('',*,*,#1999,.T.);
#1470=ORIENTED_EDGE('',*,*,#2214,.F.);
#1471=ORIENTED_EDGE('',*,*,#1983,.F.);
#1472=ORIENTED_EDGE('',*,*,#1860,.F.);
#1473=ORIENTED_EDGE('',*,*,#1989,.T.);
#1474=ORIENTED_EDGE('',*,*,#2215,.F.);
#1475=ORIENTED_EDGE('',*,*,#1973,.F.);
#1476=ORIENTED_EDGE('',*,*,#1868,.F.);
#1477=ORIENTED_EDGE('',*,*,#1979,.T.);
#1478=ORIENTED_EDGE('',*,*,#2216,.F.);
#1479=ORIENTED_EDGE('',*,*,#1963,.F.);
#1480=ORIENTED_EDGE('',*,*,#1876,.F.);
#1481=ORIENTED_EDGE('',*,*,#1969,.T.);
#1482=ORIENTED_EDGE('',*,*,#2217,.F.);
#1483=ORIENTED_EDGE('',*,*,#1953,.F.);
#1484=ORIENTED_EDGE('',*,*,#1884,.F.);
#1485=ORIENTED_EDGE('',*,*,#1959,.T.);
#1486=ORIENTED_EDGE('',*,*,#2218,.F.);
#1487=ORIENTED_EDGE('',*,*,#1943,.F.);
#1488=ORIENTED_EDGE('',*,*,#1892,.F.);
#1489=ORIENTED_EDGE('',*,*,#1949,.T.);
#1490=ORIENTED_EDGE('',*,*,#2219,.F.);
#1491=ORIENTED_EDGE('',*,*,#1933,.F.);
#1492=ORIENTED_EDGE('',*,*,#1900,.F.);
#1493=ORIENTED_EDGE('',*,*,#1939,.T.);
#1494=ORIENTED_EDGE('',*,*,#2220,.F.);
#1495=ORIENTED_EDGE('',*,*,#1923,.F.);
#1496=ORIENTED_EDGE('',*,*,#1908,.F.);
#1497=ORIENTED_EDGE('',*,*,#1929,.F.);
#1498=ORIENTED_EDGE('',*,*,#2221,.F.);
#1499=ORIENTED_EDGE('',*,*,#2222,.T.);
#1500=ORIENTED_EDGE('',*,*,#2223,.F.);
#1501=ORIENTED_EDGE('',*,*,#2202,.F.);
#1502=ORIENTED_EDGE('',*,*,#1763,.F.);
#1503=ORIENTED_EDGE('',*,*,#2222,.F.);
#1504=ORIENTED_EDGE('',*,*,#1762,.F.);
#1505=ORIENTED_EDGE('',*,*,#2224,.T.);
#1506=ORIENTED_EDGE('',*,*,#2225,.F.);
#1507=ORIENTED_EDGE('',*,*,#2226,.F.);
#1508=ORIENTED_EDGE('',*,*,#1757,.F.);
#1509=ORIENTED_EDGE('',*,*,#2227,.T.);
#1510=ORIENTED_EDGE('',*,*,#2228,.F.);
#1511=ORIENTED_EDGE('',*,*,#2226,.T.);
#1512=ORIENTED_EDGE('',*,*,#2229,.F.);
#1513=ORIENTED_EDGE('',*,*,#2230,.F.);
#1514=ORIENTED_EDGE('',*,*,#1758,.F.);
#1515=ORIENTED_EDGE('',*,*,#2224,.F.);
#1516=ORIENTED_EDGE('',*,*,#1761,.F.);
#1517=ORIENTED_EDGE('',*,*,#2231,.T.);
#1518=ORIENTED_EDGE('',*,*,#2232,.F.);
#1519=ORIENTED_EDGE('',*,*,#2231,.F.);
#1520=ORIENTED_EDGE('',*,*,#1760,.F.);
#1521=ORIENTED_EDGE('',*,*,#2233,.T.);
#1522=ORIENTED_EDGE('',*,*,#2234,.F.);
#1523=ORIENTED_EDGE('',*,*,#2233,.F.);
#1524=ORIENTED_EDGE('',*,*,#1759,.F.);
#1525=ORIENTED_EDGE('',*,*,#2230,.T.);
#1526=ORIENTED_EDGE('',*,*,#2235,.F.);
#1527=ORIENTED_EDGE('',*,*,#1919,.T.);
#1528=ORIENTED_EDGE('',*,*,#2236,.F.);
#1529=ORIENTED_EDGE('',*,*,#2227,.F.);
#1530=ORIENTED_EDGE('',*,*,#1756,.F.);
#1531=ORIENTED_EDGE('',*,*,#2237,.T.);
#1532=ORIENTED_EDGE('',*,*,#2238,.T.);
#1533=ORIENTED_EDGE('',*,*,#2239,.T.);
#1534=ORIENTED_EDGE('',*,*,#1729,.T.);
#1535=ORIENTED_EDGE('',*,*,#1733,.F.);
#1536=ORIENTED_EDGE('',*,*,#1754,.T.);
#1537=ORIENTED_EDGE('',*,*,#1734,.T.);
#1538=ORIENTED_EDGE('',*,*,#2181,.T.);
#1539=ORIENTED_EDGE('',*,*,#2065,.T.);
#1540=ORIENTED_EDGE('',*,*,#2064,.T.);
#1541=ORIENTED_EDGE('',*,*,#2207,.T.);
#1542=ORIENTED_EDGE('',*,*,#2068,.T.);
#1543=ORIENTED_EDGE('',*,*,#2071,.T.);
#1544=ORIENTED_EDGE('',*,*,#2183,.T.);
#1545=ORIENTED_EDGE('',*,*,#2185,.T.);
#1546=ORIENTED_EDGE('',*,*,#2186,.T.);
#1547=ORIENTED_EDGE('',*,*,#2075,.T.);
#1548=ORIENTED_EDGE('',*,*,#2074,.T.);
#1549=ORIENTED_EDGE('',*,*,#2206,.T.);
#1550=ORIENTED_EDGE('',*,*,#2078,.T.);
#1551=ORIENTED_EDGE('',*,*,#2081,.T.);
#1552=ORIENTED_EDGE('',*,*,#2188,.T.);
#1553=ORIENTED_EDGE('',*,*,#2190,.T.);
#1554=ORIENTED_EDGE('',*,*,#2191,.T.);
#1555=ORIENTED_EDGE('',*,*,#2085,.T.);
#1556=ORIENTED_EDGE('',*,*,#2084,.T.);
#1557=ORIENTED_EDGE('',*,*,#2205,.T.);
#1558=ORIENTED_EDGE('',*,*,#2088,.T.);
#1559=ORIENTED_EDGE('',*,*,#2091,.T.);
#1560=ORIENTED_EDGE('',*,*,#2193,.T.);
#1561=ORIENTED_EDGE('',*,*,#2195,.T.);
#1562=ORIENTED_EDGE('',*,*,#2196,.T.);
#1563=ORIENTED_EDGE('',*,*,#2095,.T.);
#1564=ORIENTED_EDGE('',*,*,#2094,.T.);
#1565=ORIENTED_EDGE('',*,*,#2204,.T.);
#1566=ORIENTED_EDGE('',*,*,#2098,.T.);
#1567=ORIENTED_EDGE('',*,*,#2101,.T.);
#1568=ORIENTED_EDGE('',*,*,#2198,.T.);
#1569=ORIENTED_EDGE('',*,*,#2200,.T.);
#1570=ORIENTED_EDGE('',*,*,#2201,.T.);
#1571=ORIENTED_EDGE('',*,*,#2105,.T.);
#1572=ORIENTED_EDGE('',*,*,#2104,.T.);
#1573=ORIENTED_EDGE('',*,*,#2203,.T.);
#1574=ORIENTED_EDGE('',*,*,#2223,.T.);
#1575=ORIENTED_EDGE('',*,*,#2225,.T.);
#1576=ORIENTED_EDGE('',*,*,#2232,.T.);
#1577=ORIENTED_EDGE('',*,*,#2234,.T.);
#1578=ORIENTED_EDGE('',*,*,#2235,.T.);
#1579=ORIENTED_EDGE('',*,*,#2229,.T.);
#1580=ORIENTED_EDGE('',*,*,#2228,.T.);
#1581=ORIENTED_EDGE('',*,*,#2236,.T.);
#1582=ORIENTED_EDGE('',*,*,#1918,.T.);
#1583=ORIENTED_EDGE('',*,*,#1921,.T.);
#1584=ORIENTED_EDGE('',*,*,#2108,.T.);
#1585=ORIENTED_EDGE('',*,*,#2110,.T.);
#1586=ORIENTED_EDGE('',*,*,#2111,.T.);
#1587=ORIENTED_EDGE('',*,*,#1925,.T.);
#1588=ORIENTED_EDGE('',*,*,#1924,.T.);
#1589=ORIENTED_EDGE('',*,*,#2221,.T.);
#1590=ORIENTED_EDGE('',*,*,#1928,.T.);
#1591=ORIENTED_EDGE('',*,*,#1931,.T.);
#1592=ORIENTED_EDGE('',*,*,#2113,.T.);
#1593=ORIENTED_EDGE('',*,*,#2115,.T.);
#1594=ORIENTED_EDGE('',*,*,#2116,.T.);
#1595=ORIENTED_EDGE('',*,*,#1935,.T.);
#1596=ORIENTED_EDGE('',*,*,#1934,.T.);
#1597=ORIENTED_EDGE('',*,*,#2220,.T.);
#1598=ORIENTED_EDGE('',*,*,#1938,.T.);
#1599=ORIENTED_EDGE('',*,*,#1941,.T.);
#1600=ORIENTED_EDGE('',*,*,#2118,.T.);
#1601=ORIENTED_EDGE('',*,*,#2120,.T.);
#1602=ORIENTED_EDGE('',*,*,#2121,.T.);
#1603=ORIENTED_EDGE('',*,*,#1945,.T.);
#1604=ORIENTED_EDGE('',*,*,#1944,.T.);
#1605=ORIENTED_EDGE('',*,*,#2219,.T.);
#1606=ORIENTED_EDGE('',*,*,#1948,.T.);
#1607=ORIENTED_EDGE('',*,*,#1951,.T.);
#1608=ORIENTED_EDGE('',*,*,#2123,.T.);
#1609=ORIENTED_EDGE('',*,*,#2125,.T.);
#1610=ORIENTED_EDGE('',*,*,#2126,.T.);
#1611=ORIENTED_EDGE('',*,*,#1955,.T.);
#1612=ORIENTED_EDGE('',*,*,#1954,.T.);
#1613=ORIENTED_EDGE('',*,*,#2218,.T.);
#1614=ORIENTED_EDGE('',*,*,#1958,.T.);
#1615=ORIENTED_EDGE('',*,*,#1961,.T.);
#1616=ORIENTED_EDGE('',*,*,#2128,.T.);
#1617=ORIENTED_EDGE('',*,*,#2130,.T.);
#1618=ORIENTED_EDGE('',*,*,#2131,.T.);
#1619=ORIENTED_EDGE('',*,*,#1965,.T.);
#1620=ORIENTED_EDGE('',*,*,#1964,.T.);
#1621=ORIENTED_EDGE('',*,*,#2217,.T.);
#1622=ORIENTED_EDGE('',*,*,#1968,.T.);
#1623=ORIENTED_EDGE('',*,*,#1971,.T.);
#1624=ORIENTED_EDGE('',*,*,#2133,.T.);
#1625=ORIENTED_EDGE('',*,*,#2135,.T.);
#1626=ORIENTED_EDGE('',*,*,#2136,.T.);
#1627=ORIENTED_EDGE('',*,*,#1975,.T.);
#1628=ORIENTED_EDGE('',*,*,#1974,.T.);
#1629=ORIENTED_EDGE('',*,*,#2216,.T.);
#1630=ORIENTED_EDGE('',*,*,#1978,.T.);
#1631=ORIENTED_EDGE('',*,*,#1981,.T.);
#1632=ORIENTED_EDGE('',*,*,#2138,.T.);
#1633=ORIENTED_EDGE('',*,*,#2140,.T.);
#1634=ORIENTED_EDGE('',*,*,#2141,.T.);
#1635=ORIENTED_EDGE('',*,*,#1985,.T.);
#1636=ORIENTED_EDGE('',*,*,#1984,.T.);
#1637=ORIENTED_EDGE('',*,*,#2215,.T.);
#1638=ORIENTED_EDGE('',*,*,#1988,.T.);
#1639=ORIENTED_EDGE('',*,*,#1991,.T.);
#1640=ORIENTED_EDGE('',*,*,#2143,.T.);
#1641=ORIENTED_EDGE('',*,*,#2145,.T.);
#1642=ORIENTED_EDGE('',*,*,#2146,.T.);
#1643=ORIENTED_EDGE('',*,*,#1995,.T.);
#1644=ORIENTED_EDGE('',*,*,#1994,.T.);
#1645=ORIENTED_EDGE('',*,*,#2214,.T.);
#1646=ORIENTED_EDGE('',*,*,#1998,.T.);
#1647=ORIENTED_EDGE('',*,*,#2001,.T.);
#1648=ORIENTED_EDGE('',*,*,#2148,.T.);
#1649=ORIENTED_EDGE('',*,*,#2150,.T.);
#1650=ORIENTED_EDGE('',*,*,#2151,.T.);
#1651=ORIENTED_EDGE('',*,*,#2005,.T.);
#1652=ORIENTED_EDGE('',*,*,#2004,.T.);
#1653=ORIENTED_EDGE('',*,*,#2213,.T.);
#1654=ORIENTED_EDGE('',*,*,#2008,.T.);
#1655=ORIENTED_EDGE('',*,*,#2011,.T.);
#1656=ORIENTED_EDGE('',*,*,#2153,.T.);
#1657=ORIENTED_EDGE('',*,*,#2155,.T.);
#1658=ORIENTED_EDGE('',*,*,#2156,.T.);
#1659=ORIENTED_EDGE('',*,*,#2015,.T.);
#1660=ORIENTED_EDGE('',*,*,#2014,.T.);
#1661=ORIENTED_EDGE('',*,*,#2212,.T.);
#1662=ORIENTED_EDGE('',*,*,#2018,.T.);
#1663=ORIENTED_EDGE('',*,*,#2021,.T.);
#1664=ORIENTED_EDGE('',*,*,#2158,.T.);
#1665=ORIENTED_EDGE('',*,*,#2160,.T.);
#1666=ORIENTED_EDGE('',*,*,#2161,.T.);
#1667=ORIENTED_EDGE('',*,*,#2025,.T.);
#1668=ORIENTED_EDGE('',*,*,#2024,.T.);
#1669=ORIENTED_EDGE('',*,*,#2211,.T.);
#1670=ORIENTED_EDGE('',*,*,#2028,.T.);
#1671=ORIENTED_EDGE('',*,*,#2031,.T.);
#1672=ORIENTED_EDGE('',*,*,#2163,.T.);
#1673=ORIENTED_EDGE('',*,*,#2165,.T.);
#1674=ORIENTED_EDGE('',*,*,#2166,.T.);
#1675=ORIENTED_EDGE('',*,*,#2035,.T.);
#1676=ORIENTED_EDGE('',*,*,#2034,.T.);
#1677=ORIENTED_EDGE('',*,*,#2210,.T.);
#1678=ORIENTED_EDGE('',*,*,#2038,.T.);
#1679=ORIENTED_EDGE('',*,*,#2041,.T.);
#1680=ORIENTED_EDGE('',*,*,#2168,.T.);
#1681=ORIENTED_EDGE('',*,*,#2170,.T.);
#1682=ORIENTED_EDGE('',*,*,#2171,.T.);
#1683=ORIENTED_EDGE('',*,*,#2045,.T.);
#1684=ORIENTED_EDGE('',*,*,#2044,.T.);
#1685=ORIENTED_EDGE('',*,*,#2209,.T.);
#1686=ORIENTED_EDGE('',*,*,#2048,.T.);
#1687=ORIENTED_EDGE('',*,*,#2051,.T.);
#1688=ORIENTED_EDGE('',*,*,#2173,.T.);
#1689=ORIENTED_EDGE('',*,*,#2175,.T.);
#1690=ORIENTED_EDGE('',*,*,#2176,.T.);
#1691=ORIENTED_EDGE('',*,*,#2055,.T.);
#1692=ORIENTED_EDGE('',*,*,#2054,.T.);
#1693=ORIENTED_EDGE('',*,*,#2208,.T.);
#1694=ORIENTED_EDGE('',*,*,#2058,.T.);
#1695=ORIENTED_EDGE('',*,*,#2061,.T.);
#1696=ORIENTED_EDGE('',*,*,#2178,.T.);
#1697=ORIENTED_EDGE('',*,*,#2180,.T.);
#1698=ORIENTED_EDGE('',*,*,#1741,.T.);
#1699=ORIENTED_EDGE('',*,*,#1742,.T.);
#1700=ORIENTED_EDGE('',*,*,#1745,.T.);
#1701=ORIENTED_EDGE('',*,*,#1748,.T.);
#1702=ORIENTED_EDGE('',*,*,#1751,.T.);
#1703=ORIENTED_EDGE('',*,*,#1727,.F.);
#1704=ORIENTED_EDGE('',*,*,#2239,.F.);
#1705=ORIENTED_EDGE('',*,*,#2240,.T.);
#1706=ORIENTED_EDGE('',*,*,#1724,.F.);
#1707=ORIENTED_EDGE('',*,*,#2240,.F.);
#1708=ORIENTED_EDGE('',*,*,#2238,.F.);
#1709=ORIENTED_EDGE('',*,*,#2241,.T.);
#1710=ORIENTED_EDGE('',*,*,#1725,.F.);
#1711=ORIENTED_EDGE('',*,*,#2241,.F.);
#1712=ORIENTED_EDGE('',*,*,#2237,.F.);
#1713=ORIENTED_EDGE('',*,*,#1753,.T.);
#1714=ORIENTED_EDGE('',*,*,#1726,.F.);
#1715=ORIENTED_EDGE('',*,*,#1916,.F.);
#1716=ORIENTED_EDGE('',*,*,#1720,.F.);
#1717=ORIENTED_EDGE('',*,*,#1719,.T.);
#1718=EDGE_CURVE('',#2242,#2242,#2592,.T.);
#1719=EDGE_CURVE('',#2243,#2243,#508,.T.);
#1720=EDGE_CURVE('',#2244,#2244,#2593,.T.);
#1721=EDGE_CURVE('',#2245,#2246,#52,.T.);
#1722=EDGE_CURVE('',#2247,#2246,#53,.T.);
#1723=EDGE_CURVE('',#2248,#2247,#54,.T.);
#1724=EDGE_CURVE('',#2248,#2249,#55,.T.);
#1725=EDGE_CURVE('',#2249,#2250,#56,.T.);
#1726=EDGE_CURVE('',#2250,#2245,#57,.T.);
#1727=EDGE_CURVE('',#2251,#2248,#58,.T.);
#1728=EDGE_CURVE('',#2252,#2247,#59,.T.);
#1729=EDGE_CURVE('',#2251,#2252,#60,.F.);
#1730=EDGE_CURVE('',#2246,#2253,#61,.F.);
#1731=EDGE_CURVE('',#2253,#2254,#62,.F.);
#1732=EDGE_CURVE('',#2254,#2255,#63,.T.);
#1733=EDGE_CURVE('',#2255,#2252,#64,.T.);
#1734=EDGE_CURVE('',#2256,#2257,#65,.T.);
#1735=EDGE_CURVE('',#2256,#2258,#66,.T.);
#1736=EDGE_CURVE('',#2259,#2258,#67,.F.);
#1737=EDGE_CURVE('',#2257,#2259,#68,.T.);
#1738=EDGE_CURVE('',#2257,#2260,#509,.F.);
#1739=EDGE_CURVE('',#2261,#2259,#69,.T.);
#1740=EDGE_CURVE('',#2262,#2261,#70,.T.);
#1741=EDGE_CURVE('',#2260,#2262,#71,.T.);
#1742=EDGE_CURVE('',#2262,#2263,#72,.T.);
#1743=EDGE_CURVE('',#2264,#2261,#73,.T.);
#1744=EDGE_CURVE('',#2263,#2264,#74,.T.);
#1745=EDGE_CURVE('',#2263,#2265,#75,.T.);
#1746=EDGE_CURVE('',#2266,#2264,#76,.T.);
#1747=EDGE_CURVE('',#2265,#2266,#77,.T.);
#1748=EDGE_CURVE('',#2265,#2267,#78,.T.);
#1749=EDGE_CURVE('',#2268,#2266,#79,.T.);
#1750=EDGE_CURVE('',#2267,#2268,#80,.T.);
#1751=EDGE_CURVE('',#2267,#2269,#81,.T.);
#1752=EDGE_CURVE('',#2268,#2253,#82,.F.);
#1753=EDGE_CURVE('',#2269,#2245,#83,.T.);
#1754=EDGE_CURVE('',#2255,#2256,#84,.T.);
#1755=EDGE_CURVE('',#2258,#2254,#85,.T.);
#1756=EDGE_CURVE('',#2270,#2271,#2594,.T.);
#1757=EDGE_CURVE('',#2271,#2272,#2595,.F.);
#1758=EDGE_CURVE('',#2272,#2273,#86,.T.);
#1759=EDGE_CURVE('',#2273,#2274,#510,.T.);
#1760=EDGE_CURVE('',#2274,#2275,#2596,.T.);
#1761=EDGE_CURVE('',#2275,#2276,#511,.T.);
#1762=EDGE_CURVE('',#2276,#2277,#87,.T.);
#1763=EDGE_CURVE('',#2277,#2278,#2597,.T.);
#1764=EDGE_CURVE('',#2278,#2279,#2598,.T.);
#1765=EDGE_CURVE('',#2279,#2280,#2599,.F.);
#1766=EDGE_CURVE('',#2280,#2281,#88,.T.);
#1767=EDGE_CURVE('',#2281,#2282,#512,.T.);
#1768=EDGE_CURVE('',#2282,#2283,#2600,.T.);
#1769=EDGE_CURVE('',#2283,#2284,#513,.T.);
#1770=EDGE_CURVE('',#2284,#2285,#89,.T.);
#1771=EDGE_CURVE('',#2285,#2286,#2601,.T.);
#1772=EDGE_CURVE('',#2286,#2287,#2602,.T.);
#1773=EDGE_CURVE('',#2287,#2288,#2603,.F.);
#1774=EDGE_CURVE('',#2288,#2289,#90,.T.);
#1775=EDGE_CURVE('',#2289,#2290,#514,.T.);
#1776=EDGE_CURVE('',#2290,#2291,#2604,.T.);
#1777=EDGE_CURVE('',#2291,#2292,#515,.T.);
#1778=EDGE_CURVE('',#2292,#2293,#91,.T.);
#1779=EDGE_CURVE('',#2293,#2294,#2605,.T.);
#1780=EDGE_CURVE('',#2294,#2295,#2606,.T.);
#1781=EDGE_CURVE('',#2295,#2296,#2607,.F.);
#1782=EDGE_CURVE('',#2296,#2297,#92,.T.);
#1783=EDGE_CURVE('',#2297,#2298,#516,.T.);
#1784=EDGE_CURVE('',#2298,#2299,#2608,.T.);
#1785=EDGE_CURVE('',#2299,#2300,#517,.T.);
#1786=EDGE_CURVE('',#2300,#2301,#93,.T.);
#1787=EDGE_CURVE('',#2301,#2302,#2609,.T.);
#1788=EDGE_CURVE('',#2302,#2303,#2610,.T.);
#1789=EDGE_CURVE('',#2303,#2304,#2611,.F.);
#1790=EDGE_CURVE('',#2304,#2305,#94,.T.);
#1791=EDGE_CURVE('',#2305,#2306,#518,.T.);
#1792=EDGE_CURVE('',#2306,#2307,#2612,.T.);
#1793=EDGE_CURVE('',#2307,#2308,#519,.T.);
#1794=EDGE_CURVE('',#2308,#2309,#95,.T.);
#1795=EDGE_CURVE('',#2309,#2310,#2613,.T.);
#1796=EDGE_CURVE('',#2310,#2311,#2614,.T.);
#1797=EDGE_CURVE('',#2311,#2312,#2615,.F.);
#1798=EDGE_CURVE('',#2312,#2313,#96,.T.);
#1799=EDGE_CURVE('',#2313,#2314,#520,.T.);
#1800=EDGE_CURVE('',#2314,#2315,#2616,.T.);
#1801=EDGE_CURVE('',#2315,#2316,#521,.T.);
#1802=EDGE_CURVE('',#2316,#2317,#97,.T.);
#1803=EDGE_CURVE('',#2317,#2318,#2617,.T.);
#1804=EDGE_CURVE('',#2318,#2319,#2618,.T.);
#1805=EDGE_CURVE('',#2319,#2320,#2619,.F.);
#1806=EDGE_CURVE('',#2320,#2321,#98,.T.);
#1807=EDGE_CURVE('',#2321,#2322,#522,.T.);
#1808=EDGE_CURVE('',#2322,#2323,#2620,.T.);
#1809=EDGE_CURVE('',#2323,#2324,#523,.T.);
#1810=EDGE_CURVE('',#2324,#2325,#99,.T.);
#1811=EDGE_CURVE('',#2325,#2326,#2621,.T.);
#1812=EDGE_CURVE('',#2326,#2327,#2622,.T.);
#1813=EDGE_CURVE('',#2327,#2328,#2623,.F.);
#1814=EDGE_CURVE('',#2328,#2329,#100,.T.);
#1815=EDGE_CURVE('',#2329,#2330,#524,.T.);
#1816=EDGE_CURVE('',#2330,#2331,#2624,.T.);
#1817=EDGE_CURVE('',#2331,#2332,#525,.T.);
#1818=EDGE_CURVE('',#2332,#2333,#101,.T.);
#1819=EDGE_CURVE('',#2333,#2334,#2625,.T.);
#1820=EDGE_CURVE('',#2334,#2335,#2626,.T.);
#1821=EDGE_CURVE('',#2335,#2336,#2627,.F.);
#1822=EDGE_CURVE('',#2336,#2337,#102,.T.);
#1823=EDGE_CURVE('',#2337,#2338,#526,.T.);
#1824=EDGE_CURVE('',#2338,#2339,#2628,.T.);
#1825=EDGE_CURVE('',#2339,#2340,#527,.T.);
#1826=EDGE_CURVE('',#2340,#2341,#103,.T.);
#1827=EDGE_CURVE('',#2341,#2342,#2629,.T.);
#1828=EDGE_CURVE('',#2342,#2343,#2630,.T.);
#1829=EDGE_CURVE('',#2343,#2344,#2631,.F.);
#1830=EDGE_CURVE('',#2344,#2345,#104,.T.);
#1831=EDGE_CURVE('',#2345,#2346,#528,.T.);
#1832=EDGE_CURVE('',#2346,#2347,#2632,.T.);
#1833=EDGE_CURVE('',#2347,#2348,#529,.T.);
#1834=EDGE_CURVE('',#2348,#2349,#105,.T.);
#1835=EDGE_CURVE('',#2349,#2350,#2633,.T.);
#1836=EDGE_CURVE('',#2350,#2351,#2634,.T.);
#1837=EDGE_CURVE('',#2351,#2352,#2635,.F.);
#1838=EDGE_CURVE('',#2352,#2353,#106,.T.);
#1839=EDGE_CURVE('',#2353,#2354,#530,.T.);
#1840=EDGE_CURVE('',#2354,#2355,#2636,.T.);
#1841=EDGE_CURVE('',#2355,#2356,#531,.T.);
#1842=EDGE_CURVE('',#2356,#2357,#107,.T.);
#1843=EDGE_CURVE('',#2357,#2358,#2637,.T.);
#1844=EDGE_CURVE('',#2358,#2359,#2638,.T.);
#1845=EDGE_CURVE('',#2359,#2360,#2639,.F.);
#1846=EDGE_CURVE('',#2360,#2361,#108,.T.);
#1847=EDGE_CURVE('',#2361,#2362,#532,.T.);
#1848=EDGE_CURVE('',#2362,#2363,#2640,.T.);
#1849=EDGE_CURVE('',#2363,#2364,#533,.T.);
#1850=EDGE_CURVE('',#2364,#2365,#109,.T.);
#1851=EDGE_CURVE('',#2365,#2366,#2641,.T.);
#1852=EDGE_CURVE('',#2366,#2367,#2642,.T.);
#1853=EDGE_CURVE('',#2367,#2368,#2643,.F.);
#1854=EDGE_CURVE('',#2368,#2369,#110,.T.);
#1855=EDGE_CURVE('',#2369,#2370,#534,.T.);
#1856=EDGE_CURVE('',#2370,#2371,#2644,.T.);
#1857=EDGE_CURVE('',#2371,#2372,#535,.T.);
#1858=EDGE_CURVE('',#2372,#2373,#111,.T.);
#1859=EDGE_CURVE('',#2373,#2374,#2645,.T.);
#1860=EDGE_CURVE('',#2374,#2375,#2646,.T.);
#1861=EDGE_CURVE('',#2375,#2376,#2647,.F.);
#1862=EDGE_CURVE('',#2376,#2377,#112,.T.);
#1863=EDGE_CURVE('',#2377,#2378,#536,.T.);
#1864=EDGE_CURVE('',#2378,#2379,#2648,.T.);
#1865=EDGE_CURVE('',#2379,#2380,#537,.T.);
#1866=EDGE_CURVE('',#2380,#2381,#113,.T.);
#1867=EDGE_CURVE('',#2381,#2382,#2649,.T.);
#1868=EDGE_CURVE('',#2382,#2383,#2650,.T.);
#1869=EDGE_CURVE('',#2383,#2384,#2651,.F.);
#1870=EDGE_CURVE('',#2384,#2385,#114,.T.);
#1871=EDGE_CURVE('',#2385,#2386,#538,.T.);
#1872=EDGE_CURVE('',#2386,#2387,#2652,.T.);
#1873=EDGE_CURVE('',#2387,#2388,#539,.T.);
#1874=EDGE_CURVE('',#2388,#2389,#115,.T.);
#1875=EDGE_CURVE('',#2389,#2390,#2653,.T.);
#1876=EDGE_CURVE('',#2390,#2391,#2654,.T.);
#1877=EDGE_CURVE('',#2391,#2392,#2655,.F.);
#1878=EDGE_CURVE('',#2392,#2393,#116,.T.);
#1879=EDGE_CURVE('',#2393,#2394,#540,.T.);
#1880=EDGE_CURVE('',#2394,#2395,#2656,.T.);
#1881=EDGE_CURVE('',#2395,#2396,#541,.T.);
#1882=EDGE_CURVE('',#2396,#2397,#117,.T.);
#1883=EDGE_CURVE('',#2397,#2398,#2657,.T.);
#1884=EDGE_CURVE('',#2398,#2399,#2658,.T.);
#1885=EDGE_CURVE('',#2399,#2400,#2659,.F.);
#1886=EDGE_CURVE('',#2400,#2401,#118,.T.);
#1887=EDGE_CURVE('',#2401,#2402,#542,.T.);
#1888=EDGE_CURVE('',#2402,#2403,#2660,.T.);
#1889=EDGE_CURVE('',#2403,#2404,#543,.T.);
#1890=EDGE_CURVE('',#2404,#2405,#119,.T.);
#1891=EDGE_CURVE('',#2405,#2406,#2661,.T.);
#1892=EDGE_CURVE('',#2406,#2407,#2662,.T.);
#1893=EDGE_CURVE('',#2407,#2408,#2663,.F.);
#1894=EDGE_CURVE('',#2408,#2409,#120,.T.);
#1895=EDGE_CURVE('',#2409,#2410,#544,.T.);
#1896=EDGE_CURVE('',#2410,#2411,#2664,.T.);
#1897=EDGE_CURVE('',#2411,#2412,#545,.T.);
#1898=EDGE_CURVE('',#2412,#2413,#121,.T.);
#1899=EDGE_CURVE('',#2413,#2414,#2665,.T.);
#1900=EDGE_CURVE('',#2414,#2415,#2666,.T.);
#1901=EDGE_CURVE('',#2415,#2416,#2667,.F.);
#1902=EDGE_CURVE('',#2416,#2417,#122,.T.);
#1903=EDGE_CURVE('',#2417,#2418,#546,.T.);
#1904=EDGE_CURVE('',#2418,#2419,#2668,.T.);
#1905=EDGE_CURVE('',#2419,#2420,#547,.T.);
#1906=EDGE_CURVE('',#2420,#2421,#123,.T.);
#1907=EDGE_CURVE('',#2421,#2422,#2669,.T.);
#1908=EDGE_CURVE('',#2422,#2423,#2670,.T.);
#1909=EDGE_CURVE('',#2423,#2424,#2671,.F.);
#1910=EDGE_CURVE('',#2424,#2425,#124,.T.);
#1911=EDGE_CURVE('',#2425,#2426,#548,.T.);
#1912=EDGE_CURVE('',#2426,#2427,#2672,.T.);
#1913=EDGE_CURVE('',#2427,#2428,#549,.T.);
#1914=EDGE_CURVE('',#2428,#2429,#125,.T.);
#1915=EDGE_CURVE('',#2429,#2270,#2673,.T.);
#1916=EDGE_CURVE('',#2430,#2430,#2674,.F.);
#1917=EDGE_CURVE('',#2429,#2431,#126,.T.);
#1918=EDGE_CURVE('',#2432,#2431,#2675,.F.);
#1919=EDGE_CURVE('',#2270,#2432,#127,.F.);
#1920=EDGE_CURVE('',#2428,#2433,#550,.T.);
#1921=EDGE_CURVE('',#2431,#2433,#128,.T.);
#1922=EDGE_CURVE('',#2424,#2434,#129,.F.);
#1923=EDGE_CURVE('',#2423,#2435,#130,.F.);
#1924=EDGE_CURVE('',#2434,#2435,#2676,.T.);
#1925=EDGE_CURVE('',#2436,#2434,#131,.T.);
#1926=EDGE_CURVE('',#2425,#2436,#551,.F.);
#1927=EDGE_CURVE('',#2421,#2437,#132,.T.);
#1928=EDGE_CURVE('',#2438,#2437,#2677,.F.);
#1929=EDGE_CURVE('',#2438,#2422,#133,.F.);
#1930=EDGE_CURVE('',#2420,#2439,#552,.T.);
#1931=EDGE_CURVE('',#2437,#2439,#134,.T.);
#1932=EDGE_CURVE('',#2416,#2440,#135,.F.);
#1933=EDGE_CURVE('',#2415,#2441,#136,.F.);
#1934=EDGE_CURVE('',#2440,#2441,#2678,.T.);
#1935=EDGE_CURVE('',#2442,#2440,#137,.T.);
#1936=EDGE_CURVE('',#2417,#2442,#553,.F.);
#1937=EDGE_CURVE('',#2413,#2443,#138,.T.);
#1938=EDGE_CURVE('',#2444,#2443,#2679,.F.);
#1939=EDGE_CURVE('',#2414,#2444,#139,.F.);
#1940=EDGE_CURVE('',#2412,#2445,#554,.T.);
#1941=EDGE_CURVE('',#2443,#2445,#140,.T.);
#1942=EDGE_CURVE('',#2408,#2446,#141,.F.);
#1943=EDGE_CURVE('',#2407,#2447,#142,.F.);
#1944=EDGE_CURVE('',#2446,#2447,#2680,.T.);
#1945=EDGE_CURVE('',#2448,#2446,#143,.T.);
#1946=EDGE_CURVE('',#2409,#2448,#555,.F.);
#1947=EDGE_CURVE('',#2405,#2449,#144,.T.);
#1948=EDGE_CURVE('',#2450,#2449,#2681,.F.);
#1949=EDGE_CURVE('',#2406,#2450,#145,.F.);
#1950=EDGE_CURVE('',#2404,#2451,#556,.T.);
#1951=EDGE_CURVE('',#2449,#2451,#146,.T.);
#1952=EDGE_CURVE('',#2400,#2452,#147,.F.);
#1953=EDGE_CURVE('',#2399,#2453,#148,.F.);
#1954=EDGE_CURVE('',#2452,#2453,#2682,.T.);
#1955=EDGE_CURVE('',#2454,#2452,#149,.T.);
#1956=EDGE_CURVE('',#2401,#2454,#557,.F.);
#1957=EDGE_CURVE('',#2397,#2455,#150,.T.);
#1958=EDGE_CURVE('',#2456,#2455,#2683,.F.);
#1959=EDGE_CURVE('',#2398,#2456,#151,.F.);
#1960=EDGE_CURVE('',#2396,#2457,#558,.T.);
#1961=EDGE_CURVE('',#2455,#2457,#152,.T.);
#1962=EDGE_CURVE('',#2392,#2458,#153,.F.);
#1963=EDGE_CURVE('',#2391,#2459,#154,.F.);
#1964=EDGE_CURVE('',#2458,#2459,#2684,.T.);
#1965=EDGE_CURVE('',#2460,#2458,#155,.T.);
#1966=EDGE_CURVE('',#2393,#2460,#559,.F.);
#1967=EDGE_CURVE('',#2389,#2461,#156,.T.);
#1968=EDGE_CURVE('',#2462,#2461,#2685,.F.);
#1969=EDGE_CURVE('',#2390,#2462,#157,.F.);
#1970=EDGE_CURVE('',#2388,#2463,#560,.T.);
#1971=EDGE_CURVE('',#2461,#2463,#158,.T.);
#1972=EDGE_CURVE('',#2384,#2464,#159,.F.);
#1973=EDGE_CURVE('',#2383,#2465,#160,.F.);
#1974=EDGE_CURVE('',#2464,#2465,#2686,.T.);
#1975=EDGE_CURVE('',#2466,#2464,#161,.T.);
#1976=EDGE_CURVE('',#2385,#2466,#561,.F.);
#1977=EDGE_CURVE('',#2381,#2467,#162,.T.);
#1978=EDGE_CURVE('',#2468,#2467,#2687,.F.);
#1979=EDGE_CURVE('',#2382,#2468,#163,.F.);
#1980=EDGE_CURVE('',#2380,#2469,#562,.T.);
#1981=EDGE_CURVE('',#2467,#2469,#164,.T.);
#1982=EDGE_CURVE('',#2376,#2470,#165,.F.);
#1983=EDGE_CURVE('',#2375,#2471,#166,.F.);
#1984=EDGE_CURVE('',#2470,#2471,#2688,.T.);
#1985=EDGE_CURVE('',#2472,#2470,#167,.T.);
#1986=EDGE_CURVE('',#2377,#2472,#563,.F.);
#1987=EDGE_CURVE('',#2373,#2473,#168,.T.);
#1988=EDGE_CURVE('',#2474,#2473,#2689,.F.);
#1989=EDGE_CURVE('',#2374,#2474,#169,.F.);
#1990=EDGE_CURVE('',#2372,#2475,#564,.T.);
#1991=EDGE_CURVE('',#2473,#2475,#170,.T.);
#1992=EDGE_CURVE('',#2368,#2476,#171,.F.);
#1993=EDGE_CURVE('',#2367,#2477,#172,.F.);
#1994=EDGE_CURVE('',#2476,#2477,#2690,.T.);
#1995=EDGE_CURVE('',#2478,#2476,#173,.T.);
#1996=EDGE_CURVE('',#2369,#2478,#565,.F.);
#1997=EDGE_CURVE('',#2365,#2479,#174,.T.);
#1998=EDGE_CURVE('',#2480,#2479,#2691,.F.);
#1999=EDGE_CURVE('',#2366,#2480,#175,.F.);
#2000=EDGE_CURVE('',#2364,#2481,#566,.T.);
#2001=EDGE_CURVE('',#2479,#2481,#176,.T.);
#2002=EDGE_CURVE('',#2360,#2482,#177,.F.);
#2003=EDGE_CURVE('',#2359,#2483,#178,.F.);
#2004=EDGE_CURVE('',#2482,#2483,#2692,.T.);
#2005=EDGE_CURVE('',#2484,#2482,#179,.T.);
#2006=EDGE_CURVE('',#2361,#2484,#567,.F.);
#2007=EDGE_CURVE('',#2357,#2485,#180,.T.);
#2008=EDGE_CURVE('',#2486,#2485,#2693,.F.);
#2009=EDGE_CURVE('',#2358,#2486,#181,.F.);
#2010=EDGE_CURVE('',#2356,#2487,#568,.T.);
#2011=EDGE_CURVE('',#2485,#2487,#182,.T.);
#2012=EDGE_CURVE('',#2352,#2488,#183,.F.);
#2013=EDGE_CURVE('',#2351,#2489,#184,.F.);
#2014=EDGE_CURVE('',#2488,#2489,#2694,.T.);
#2015=EDGE_CURVE('',#2490,#2488,#185,.T.);
#2016=EDGE_CURVE('',#2353,#2490,#569,.F.);
#2017=EDGE_CURVE('',#2349,#2491,#186,.T.);
#2018=EDGE_CURVE('',#2492,#2491,#2695,.F.);
#2019=EDGE_CURVE('',#2350,#2492,#187,.F.);
#2020=EDGE_CURVE('',#2348,#2493,#570,.T.);
#2021=EDGE_CURVE('',#2491,#2493,#188,.T.);
#2022=EDGE_CURVE('',#2344,#2494,#189,.F.);
#2023=EDGE_CURVE('',#2343,#2495,#190,.F.);
#2024=EDGE_CURVE('',#2494,#2495,#2696,.T.);
#2025=EDGE_CURVE('',#2496,#2494,#191,.T.);
#2026=EDGE_CURVE('',#2345,#2496,#571,.F.);
#2027=EDGE_CURVE('',#2341,#2497,#192,.T.);
#2028=EDGE_CURVE('',#2498,#2497,#2697,.F.);
#2029=EDGE_CURVE('',#2342,#2498,#193,.F.);
#2030=EDGE_CURVE('',#2340,#2499,#572,.T.);
#2031=EDGE_CURVE('',#2497,#2499,#194,.T.);
#2032=EDGE_CURVE('',#2336,#2500,#195,.F.);
#2033=EDGE_CURVE('',#2335,#2501,#196,.F.);
#2034=EDGE_CURVE('',#2500,#2501,#2698,.T.);
#2035=EDGE_CURVE('',#2502,#2500,#197,.T.);
#2036=EDGE_CURVE('',#2337,#2502,#573,.F.);
#2037=EDGE_CURVE('',#2333,#2503,#198,.T.);
#2038=EDGE_CURVE('',#2504,#2503,#2699,.F.);
#2039=EDGE_CURVE('',#2334,#2504,#199,.F.);
#2040=EDGE_CURVE('',#2332,#2505,#574,.T.);
#2041=EDGE_CURVE('',#2503,#2505,#200,.T.);
#2042=EDGE_CURVE('',#2328,#2506,#201,.F.);
#2043=EDGE_CURVE('',#2327,#2507,#202,.F.);
#2044=EDGE_CURVE('',#2506,#2507,#2700,.T.);
#2045=EDGE_CURVE('',#2508,#2506,#203,.T.);
#2046=EDGE_CURVE('',#2329,#2508,#575,.F.);
#2047=EDGE_CURVE('',#2325,#2509,#204,.T.);
#2048=EDGE_CURVE('',#2510,#2509,#2701,.F.);
#2049=EDGE_CURVE('',#2326,#2510,#205,.F.);
#2050=EDGE_CURVE('',#2324,#2511,#576,.T.);
#2051=EDGE_CURVE('',#2509,#2511,#206,.T.);
#2052=EDGE_CURVE('',#2320,#2512,#207,.F.);
#2053=EDGE_CURVE('',#2319,#2513,#208,.F.);
#2054=EDGE_CURVE('',#2512,#2513,#2702,.T.);
#2055=EDGE_CURVE('',#2514,#2512,#209,.T.);
#2056=EDGE_CURVE('',#2321,#2514,#577,.F.);
#2057=EDGE_CURVE('',#2317,#2515,#210,.T.);
#2058=EDGE_CURVE('',#2516,#2515,#2703,.F.);
#2059=EDGE_CURVE('',#2318,#2516,#211,.F.);
#2060=EDGE_CURVE('',#2316,#2517,#578,.T.);
#2061=EDGE_CURVE('',#2515,#2517,#212,.T.);
#2062=EDGE_CURVE('',#2312,#2518,#213,.F.);
#2063=EDGE_CURVE('',#2311,#2519,#214,.F.);
#2064=EDGE_CURVE('',#2518,#2519,#2704,.T.);
#2065=EDGE_CURVE('',#2520,#2518,#215,.T.);
#2066=EDGE_CURVE('',#2313,#2520,#579,.F.);
#2067=EDGE_CURVE('',#2309,#2521,#216,.T.);
#2068=EDGE_CURVE('',#2522,#2521,#2705,.F.);
#2069=EDGE_CURVE('',#2310,#2522,#217,.F.);
#2070=EDGE_CURVE('',#2308,#2523,#580,.T.);
#2071=EDGE_CURVE('',#2521,#2523,#218,.T.);
#2072=EDGE_CURVE('',#2304,#2524,#219,.F.);
#2073=EDGE_CURVE('',#2303,#2525,#220,.F.);
#2074=EDGE_CURVE('',#2524,#2525,#2706,.T.);
#2075=EDGE_CURVE('',#2526,#2524,#221,.T.);
#2076=EDGE_CURVE('',#2305,#2526,#581,.F.);
#2077=EDGE_CURVE('',#2301,#2527,#222,.T.);
#2078=EDGE_CURVE('',#2528,#2527,#2707,.F.);
#2079=EDGE_CURVE('',#2302,#2528,#223,.F.);
#2080=EDGE_CURVE('',#2300,#2529,#582,.T.);
#2081=EDGE_CURVE('',#2527,#2529,#224,.T.);
#2082=EDGE_CURVE('',#2296,#2530,#225,.F.);
#2083=EDGE_CURVE('',#2295,#2531,#226,.F.);
#2084=EDGE_CURVE('',#2530,#2531,#2708,.T.);
#2085=EDGE_CURVE('',#2532,#2530,#227,.T.);
#2086=EDGE_CURVE('',#2297,#2532,#583,.F.);
#2087=EDGE_CURVE('',#2293,#2533,#228,.T.);
#2088=EDGE_CURVE('',#2534,#2533,#2709,.F.);
#2089=EDGE_CURVE('',#2294,#2534,#229,.F.);
#2090=EDGE_CURVE('',#2292,#2535,#584,.T.);
#2091=EDGE_CURVE('',#2533,#2535,#230,.T.);
#2092=EDGE_CURVE('',#2288,#2536,#231,.F.);
#2093=EDGE_CURVE('',#2287,#2537,#232,.F.);
#2094=EDGE_CURVE('',#2536,#2537,#2710,.T.);
#2095=EDGE_CURVE('',#2538,#2536,#233,.T.);
#2096=EDGE_CURVE('',#2289,#2538,#585,.F.);
#2097=EDGE_CURVE('',#2285,#2539,#234,.T.);
#2098=EDGE_CURVE('',#2540,#2539,#2711,.F.);
#2099=EDGE_CURVE('',#2286,#2540,#235,.F.);
#2100=EDGE_CURVE('',#2284,#2541,#586,.T.);
#2101=EDGE_CURVE('',#2539,#2541,#236,.T.);
#2102=EDGE_CURVE('',#2280,#2542,#237,.F.);
#2103=EDGE_CURVE('',#2279,#2543,#238,.F.);
#2104=EDGE_CURVE('',#2542,#2543,#2712,.T.);
#2105=EDGE_CURVE('',#2544,#2542,#239,.T.);
#2106=EDGE_CURVE('',#2281,#2544,#587,.F.);
#2107=EDGE_CURVE('',#2427,#2545,#588,.F.);
#2108=EDGE_CURVE('',#2433,#2545,#589,.T.);
#2109=EDGE_CURVE('',#2426,#2546,#590,.T.);
#2110=EDGE_CURVE('',#2545,#2546,#2713,.F.);
#2111=EDGE_CURVE('',#2546,#2436,#591,.T.);
#2112=EDGE_CURVE('',#2419,#2547,#592,.F.);
#2113=EDGE_CURVE('',#2439,#2547,#593,.T.);
#2114=EDGE_CURVE('',#2418,#2548,#594,.T.);
#2115=EDGE_CURVE('',#2547,#2548,#2714,.F.);
#2116=EDGE_CURVE('',#2548,#2442,#595,.T.);
#2117=EDGE_CURVE('',#2411,#2549,#596,.F.);
#2118=EDGE_CURVE('',#2445,#2549,#597,.T.);
#2119=EDGE_CURVE('',#2410,#2550,#598,.T.);
#2120=EDGE_CURVE('',#2549,#2550,#2715,.F.);
#2121=EDGE_CURVE('',#2550,#2448,#599,.T.);
#2122=EDGE_CURVE('',#2403,#2551,#600,.F.);
#2123=EDGE_CURVE('',#2451,#2551,#601,.T.);
#2124=EDGE_CURVE('',#2402,#2552,#602,.T.);
#2125=EDGE_CURVE('',#2551,#2552,#2716,.F.);
#2126=EDGE_CURVE('',#2552,#2454,#603,.T.);
#2127=EDGE_CURVE('',#2395,#2553,#604,.F.);
#2128=EDGE_CURVE('',#2457,#2553,#605,.T.);
#2129=EDGE_CURVE('',#2394,#2554,#606,.T.);
#2130=EDGE_CURVE('',#2553,#2554,#2717,.F.);
#2131=EDGE_CURVE('',#2554,#2460,#607,.T.);
#2132=EDGE_CURVE('',#2387,#2555,#608,.F.);
#2133=EDGE_CURVE('',#2463,#2555,#609,.T.);
#2134=EDGE_CURVE('',#2386,#2556,#610,.T.);
#2135=EDGE_CURVE('',#2555,#2556,#2718,.F.);
#2136=EDGE_CURVE('',#2556,#2466,#611,.T.);
#2137=EDGE_CURVE('',#2379,#2557,#612,.F.);
#2138=EDGE_CURVE('',#2469,#2557,#613,.T.);
#2139=EDGE_CURVE('',#2378,#2558,#614,.T.);
#2140=EDGE_CURVE('',#2557,#2558,#2719,.F.);
#2141=EDGE_CURVE('',#2558,#2472,#615,.T.);
#2142=EDGE_CURVE('',#2371,#2559,#616,.F.);
#2143=EDGE_CURVE('',#2475,#2559,#617,.T.);
#2144=EDGE_CURVE('',#2370,#2560,#618,.T.);
#2145=EDGE_CURVE('',#2559,#2560,#2720,.F.);
#2146=EDGE_CURVE('',#2560,#2478,#619,.T.);
#2147=EDGE_CURVE('',#2363,#2561,#620,.F.);
#2148=EDGE_CURVE('',#2481,#2561,#621,.T.);
#2149=EDGE_CURVE('',#2362,#2562,#622,.T.);
#2150=EDGE_CURVE('',#2561,#2562,#2721,.F.);
#2151=EDGE_CURVE('',#2562,#2484,#623,.T.);
#2152=EDGE_CURVE('',#2355,#2563,#624,.F.);
#2153=EDGE_CURVE('',#2487,#2563,#625,.T.);
#2154=EDGE_CURVE('',#2354,#2564,#626,.T.);
#2155=EDGE_CURVE('',#2563,#2564,#2722,.F.);
#2156=EDGE_CURVE('',#2564,#2490,#627,.T.);
#2157=EDGE_CURVE('',#2347,#2565,#628,.F.);
#2158=EDGE_CURVE('',#2493,#2565,#629,.T.);
#2159=EDGE_CURVE('',#2346,#2566,#630,.T.);
#2160=EDGE_CURVE('',#2565,#2566,#2723,.F.);
#2161=EDGE_CURVE('',#2566,#2496,#631,.T.);
#2162=EDGE_CURVE('',#2339,#2567,#632,.F.);
#2163=EDGE_CURVE('',#2499,#2567,#633,.T.);
#2164=EDGE_CURVE('',#2338,#2568,#634,.T.);
#2165=EDGE_CURVE('',#2567,#2568,#2724,.F.);
#2166=EDGE_CURVE('',#2568,#2502,#635,.T.);
#2167=EDGE_CURVE('',#2331,#2569,#636,.F.);
#2168=EDGE_CURVE('',#2505,#2569,#637,.T.);
#2169=EDGE_CURVE('',#2330,#2570,#638,.T.);
#2170=EDGE_CURVE('',#2569,#2570,#2725,.F.);
#2171=EDGE_CURVE('',#2570,#2508,#639,.T.);
#2172=EDGE_CURVE('',#2323,#2571,#640,.F.);
#2173=EDGE_CURVE('',#2511,#2571,#641,.T.);
#2174=EDGE_CURVE('',#2322,#2572,#642,.T.);
#2175=EDGE_CURVE('',#2571,#2572,#2726,.F.);
#2176=EDGE_CURVE('',#2572,#2514,#643,.T.);
#2177=EDGE_CURVE('',#2315,#2573,#644,.F.);
#2178=EDGE_CURVE('',#2517,#2573,#645,.T.);
#2179=EDGE_CURVE('',#2314,#2257,#646,.T.);
#2180=EDGE_CURVE('',#2573,#2260,#2727,.F.);
#2181=EDGE_CURVE('',#2257,#2520,#647,.T.);
#2182=EDGE_CURVE('',#2307,#2574,#648,.F.);
#2183=EDGE_CURVE('',#2523,#2574,#649,.T.);
#2184=EDGE_CURVE('',#2306,#2575,#650,.T.);
#2185=EDGE_CURVE('',#2574,#2575,#2728,.F.);
#2186=EDGE_CURVE('',#2575,#2526,#651,.T.);
#2187=EDGE_CURVE('',#2299,#2576,#652,.F.);
#2188=EDGE_CURVE('',#2529,#2576,#653,.T.);
#2189=EDGE_CURVE('',#2298,#2577,#654,.T.);
#2190=EDGE_CURVE('',#2576,#2577,#2729,.F.);
#2191=EDGE_CURVE('',#2577,#2532,#655,.T.);
#2192=EDGE_CURVE('',#2291,#2578,#656,.F.);
#2193=EDGE_CURVE('',#2535,#2578,#657,.T.);
#2194=EDGE_CURVE('',#2290,#2579,#658,.T.);
#2195=EDGE_CURVE('',#2578,#2579,#2730,.F.);
#2196=EDGE_CURVE('',#2579,#2538,#659,.T.);
#2197=EDGE_CURVE('',#2283,#2580,#660,.F.);
#2198=EDGE_CURVE('',#2541,#2580,#661,.T.);
#2199=EDGE_CURVE('',#2282,#2581,#662,.T.);
#2200=EDGE_CURVE('',#2580,#2581,#2731,.F.);
#2201=EDGE_CURVE('',#2581,#2544,#663,.T.);
#2202=EDGE_CURVE('',#2278,#2582,#240,.F.);
#2203=EDGE_CURVE('',#2543,#2582,#2732,.F.);
#2204=EDGE_CURVE('',#2537,#2540,#2733,.F.);
#2205=EDGE_CURVE('',#2531,#2534,#2734,.F.);
#2206=EDGE_CURVE('',#2525,#2528,#2735,.F.);
#2207=EDGE_CURVE('',#2519,#2522,#2736,.F.);
#2208=EDGE_CURVE('',#2513,#2516,#2737,.F.);
#2209=EDGE_CURVE('',#2507,#2510,#2738,.F.);
#2210=EDGE_CURVE('',#2501,#2504,#2739,.F.);
#2211=EDGE_CURVE('',#2495,#2498,#2740,.F.);
#2212=EDGE_CURVE('',#2489,#2492,#2741,.F.);
#2213=EDGE_CURVE('',#2483,#2486,#2742,.F.);
#2214=EDGE_CURVE('',#2477,#2480,#2743,.F.);
#2215=EDGE_CURVE('',#2471,#2474,#2744,.F.);
#2216=EDGE_CURVE('',#2465,#2468,#2745,.F.);
#2217=EDGE_CURVE('',#2459,#2462,#2746,.F.);
#2218=EDGE_CURVE('',#2453,#2456,#2747,.F.);
#2219=EDGE_CURVE('',#2447,#2450,#2748,.F.);
#2220=EDGE_CURVE('',#2441,#2444,#2749,.F.);
#2221=EDGE_CURVE('',#2435,#2438,#2750,.F.);
#2222=EDGE_CURVE('',#2277,#2583,#241,.T.);
#2223=EDGE_CURVE('',#2582,#2583,#2751,.F.);
#2224=EDGE_CURVE('',#2276,#2584,#664,.T.);
#2225=EDGE_CURVE('',#2583,#2584,#242,.T.);
#2226=EDGE_CURVE('',#2272,#2585,#243,.F.);
#2227=EDGE_CURVE('',#2271,#2586,#244,.F.);
#2228=EDGE_CURVE('',#2585,#2586,#2752,.T.);
#2229=EDGE_CURVE('',#2587,#2585,#245,.T.);
#2230=EDGE_CURVE('',#2273,#2587,#665,.F.);
#2231=EDGE_CURVE('',#2275,#2588,#666,.F.);
#2232=EDGE_CURVE('',#2584,#2588,#667,.T.);
#2233=EDGE_CURVE('',#2274,#2589,#668,.T.);
#2234=EDGE_CURVE('',#2588,#2589,#2753,.F.);
#2235=EDGE_CURVE('',#2589,#2587,#669,.T.);
#2236=EDGE_CURVE('',#2586,#2432,#2754,.F.);
#2237=EDGE_CURVE('',#2269,#2590,#246,.T.);
#2238=EDGE_CURVE('',#2590,#2591,#247,.F.);
#2239=EDGE_CURVE('',#2591,#2251,#248,.F.);
#2240=EDGE_CURVE('',#2591,#2249,#249,.T.);
#2241=EDGE_CURVE('',#2590,#2250,#250,.T.);
#2242=VERTEX_POINT('',#4511);
#2243=VERTEX_POINT('',#4523);
#2244=VERTEX_POINT('',#4527);
#2245=VERTEX_POINT('',#4530);
#2246=VERTEX_POINT('',#4531);
#2247=VERTEX_POINT('',#4533);
#2248=VERTEX_POINT('',#4535);
#2249=VERTEX_POINT('',#4537);
#2250=VERTEX_POINT('',#4539);
#2251=VERTEX_POINT('',#4543);
#2252=VERTEX_POINT('',#4545);
#2253=VERTEX_POINT('',#4549);
#2254=VERTEX_POINT('',#4551);
#2255=VERTEX_POINT('',#4553);
#2256=VERTEX_POINT('',#4557);
#2257=VERTEX_POINT('',#4558);
#2258=VERTEX_POINT('',#4560);
#2259=VERTEX_POINT('',#4562);
#2260=VERTEX_POINT('',#4569);
#2261=VERTEX_POINT('',#4571);
#2262=VERTEX_POINT('',#4573);
#2263=VERTEX_POINT('',#4577);
#2264=VERTEX_POINT('',#4579);
#2265=VERTEX_POINT('',#4583);
#2266=VERTEX_POINT('',#4585);
#2267=VERTEX_POINT('',#4589);
#2268=VERTEX_POINT('',#4591);
#2269=VERTEX_POINT('',#4595);
#2270=VERTEX_POINT('',#4604);
#2271=VERTEX_POINT('',#4605);
#2272=VERTEX_POINT('',#4607);
#2273=VERTEX_POINT('',#4609);
#2274=VERTEX_POINT('',#4617);
#2275=VERTEX_POINT('',#4619);
#2276=VERTEX_POINT('',#4627);
#2277=VERTEX_POINT('',#4629);
#2278=VERTEX_POINT('',#4631);
#2279=VERTEX_POINT('',#4633);
#2280=VERTEX_POINT('',#4635);
#2281=VERTEX_POINT('',#4637);
#2282=VERTEX_POINT('',#4645);
#2283=VERTEX_POINT('',#4647);
#2284=VERTEX_POINT('',#4655);
#2285=VERTEX_POINT('',#4657);
#2286=VERTEX_POINT('',#4659);
#2287=VERTEX_POINT('',#4661);
#2288=VERTEX_POINT('',#4663);
#2289=VERTEX_POINT('',#4665);
#2290=VERTEX_POINT('',#4673);
#2291=VERTEX_POINT('',#4675);
#2292=VERTEX_POINT('',#4683);
#2293=VERTEX_POINT('',#4685);
#2294=VERTEX_POINT('',#4687);
#2295=VERTEX_POINT('',#4689);
#2296=VERTEX_POINT('',#4691);
#2297=VERTEX_POINT('',#4693);
#2298=VERTEX_POINT('',#4701);
#2299=VERTEX_POINT('',#4703);
#2300=VERTEX_POINT('',#4711);
#2301=VERTEX_POINT('',#4713);
#2302=VERTEX_POINT('',#4715);
#2303=VERTEX_POINT('',#4717);
#2304=VERTEX_POINT('',#4719);
#2305=VERTEX_POINT('',#4721);
#2306=VERTEX_POINT('',#4729);
#2307=VERTEX_POINT('',#4731);
#2308=VERTEX_POINT('',#4739);
#2309=VERTEX_POINT('',#4741);
#2310=VERTEX_POINT('',#4743);
#2311=VERTEX_POINT('',#4745);
#2312=VERTEX_POINT('',#4747);
#2313=VERTEX_POINT('',#4749);
#2314=VERTEX_POINT('',#4757);
#2315=VERTEX_POINT('',#4759);
#2316=VERTEX_POINT('',#4767);
#2317=VERTEX_POINT('',#4769);
#2318=VERTEX_POINT('',#4771);
#2319=VERTEX_POINT('',#4773);
#2320=VERTEX_POINT('',#4775);
#2321=VERTEX_POINT('',#4777);
#2322=VERTEX_POINT('',#4785);
#2323=VERTEX_POINT('',#4787);
#2324=VERTEX_POINT('',#4795);
#2325=VERTEX_POINT('',#4797);
#2326=VERTEX_POINT('',#4799);
#2327=VERTEX_POINT('',#4801);
#2328=VERTEX_POINT('',#4803);
#2329=VERTEX_POINT('',#4805);
#2330=VERTEX_POINT('',#4813);
#2331=VERTEX_POINT('',#4815);
#2332=VERTEX_POINT('',#4823);
#2333=VERTEX_POINT('',#4825);
#2334=VERTEX_POINT('',#4827);
#2335=VERTEX_POINT('',#4829);
#2336=VERTEX_POINT('',#4831);
#2337=VERTEX_POINT('',#4833);
#2338=VERTEX_POINT('',#4841);
#2339=VERTEX_POINT('',#4843);
#2340=VERTEX_POINT('',#4851);
#2341=VERTEX_POINT('',#4853);
#2342=VERTEX_POINT('',#4855);
#2343=VERTEX_POINT('',#4857);
#2344=VERTEX_POINT('',#4859);
#2345=VERTEX_POINT('',#4861);
#2346=VERTEX_POINT('',#4869);
#2347=VERTEX_POINT('',#4871);
#2348=VERTEX_POINT('',#4879);
#2349=VERTEX_POINT('',#4881);
#2350=VERTEX_POINT('',#4883);
#2351=VERTEX_POINT('',#4885);
#2352=VERTEX_POINT('',#4887);
#2353=VERTEX_POINT('',#4889);
#2354=VERTEX_POINT('',#4897);
#2355=VERTEX_POINT('',#4899);
#2356=VERTEX_POINT('',#4907);
#2357=VERTEX_POINT('',#4909);
#2358=VERTEX_POINT('',#4911);
#2359=VERTEX_POINT('',#4913);
#2360=VERTEX_POINT('',#4915);
#2361=VERTEX_POINT('',#4917);
#2362=VERTEX_POINT('',#4925);
#2363=VERTEX_POINT('',#4927);
#2364=VERTEX_POINT('',#4935);
#2365=VERTEX_POINT('',#4937);
#2366=VERTEX_POINT('',#4939);
#2367=VERTEX_POINT('',#4941);
#2368=VERTEX_POINT('',#4943);
#2369=VERTEX_POINT('',#4945);
#2370=VERTEX_POINT('',#4953);
#2371=VERTEX_POINT('',#4955);
#2372=VERTEX_POINT('',#4963);
#2373=VERTEX_POINT('',#4965);
#2374=VERTEX_POINT('',#4967);
#2375=VERTEX_POINT('',#4969);
#2376=VERTEX_POINT('',#4971);
#2377=VERTEX_POINT('',#4973);
#2378=VERTEX_POINT('',#4981);
#2379=VERTEX_POINT('',#4983);
#2380=VERTEX_POINT('',#4991);
#2381=VERTEX_POINT('',#4993);
#2382=VERTEX_POINT('',#4995);
#2383=VERTEX_POINT('',#4997);
#2384=VERTEX_POINT('',#4999);
#2385=VERTEX_POINT('',#5001);
#2386=VERTEX_POINT('',#5009);
#2387=VERTEX_POINT('',#5011);
#2388=VERTEX_POINT('',#5019);
#2389=VERTEX_POINT('',#5021);
#2390=VERTEX_POINT('',#5023);
#2391=VERTEX_POINT('',#5025);
#2392=VERTEX_POINT('',#5027);
#2393=VERTEX_POINT('',#5029);
#2394=VERTEX_POINT('',#5037);
#2395=VERTEX_POINT('',#5039);
#2396=VERTEX_POINT('',#5047);
#2397=VERTEX_POINT('',#5049);
#2398=VERTEX_POINT('',#5051);
#2399=VERTEX_POINT('',#5053);
#2400=VERTEX_POINT('',#5055);
#2401=VERTEX_POINT('',#5057);
#2402=VERTEX_POINT('',#5065);
#2403=VERTEX_POINT('',#5067);
#2404=VERTEX_POINT('',#5075);
#2405=VERTEX_POINT('',#5077);
#2406=VERTEX_POINT('',#5079);
#2407=VERTEX_POINT('',#5081);
#2408=VERTEX_POINT('',#5083);
#2409=VERTEX_POINT('',#5085);
#2410=VERTEX_POINT('',#5093);
#2411=VERTEX_POINT('',#5095);
#2412=VERTEX_POINT('',#5103);
#2413=VERTEX_POINT('',#5105);
#2414=VERTEX_POINT('',#5107);
#2415=VERTEX_POINT('',#5109);
#2416=VERTEX_POINT('',#5111);
#2417=VERTEX_POINT('',#5113);
#2418=VERTEX_POINT('',#5121);
#2419=VERTEX_POINT('',#5123);
#2420=VERTEX_POINT('',#5131);
#2421=VERTEX_POINT('',#5133);
#2422=VERTEX_POINT('',#5135);
#2423=VERTEX_POINT('',#5137);
#2424=VERTEX_POINT('',#5139);
#2425=VERTEX_POINT('',#5141);
#2426=VERTEX_POINT('',#5149);
#2427=VERTEX_POINT('',#5151);
#2428=VERTEX_POINT('',#5159);
#2429=VERTEX_POINT('',#5161);
#2430=VERTEX_POINT('',#5164);
#2431=VERTEX_POINT('',#5167);
#2432=VERTEX_POINT('',#5169);
#2433=VERTEX_POINT('',#5176);
#2434=VERTEX_POINT('',#5180);
#2435=VERTEX_POINT('',#5182);
#2436=VERTEX_POINT('',#5186);
#2437=VERTEX_POINT('',#5193);
#2438=VERTEX_POINT('',#5195);
#2439=VERTEX_POINT('',#5202);
#2440=VERTEX_POINT('',#5206);
#2441=VERTEX_POINT('',#5208);
#2442=VERTEX_POINT('',#5212);
#2443=VERTEX_POINT('',#5219);
#2444=VERTEX_POINT('',#5221);
#2445=VERTEX_POINT('',#5228);
#2446=VERTEX_POINT('',#5232);
#2447=VERTEX_POINT('',#5234);
#2448=VERTEX_POINT('',#5238);
#2449=VERTEX_POINT('',#5245);
#2450=VERTEX_POINT('',#5247);
#2451=VERTEX_POINT('',#5254);
#2452=VERTEX_POINT('',#5258);
#2453=VERTEX_POINT('',#5260);
#2454=VERTEX_POINT('',#5264);
#2455=VERTEX_POINT('',#5271);
#2456=VERTEX_POINT('',#5273);
#2457=VERTEX_POINT('',#5280);
#2458=VERTEX_POINT('',#5284);
#2459=VERTEX_POINT('',#5286);
#2460=VERTEX_POINT('',#5290);
#2461=VERTEX_POINT('',#5297);
#2462=VERTEX_POINT('',#5299);
#2463=VERTEX_POINT('',#5306);
#2464=VERTEX_POINT('',#5310);
#2465=VERTEX_POINT('',#5312);
#2466=VERTEX_POINT('',#5316);
#2467=VERTEX_POINT('',#5323);
#2468=VERTEX_POINT('',#5325);
#2469=VERTEX_POINT('',#5332);
#2470=VERTEX_POINT('',#5336);
#2471=VERTEX_POINT('',#5338);
#2472=VERTEX_POINT('',#5342);
#2473=VERTEX_POINT('',#5349);
#2474=VERTEX_POINT('',#5351);
#2475=VERTEX_POINT('',#5358);
#2476=VERTEX_POINT('',#5362);
#2477=VERTEX_POINT('',#5364);
#2478=VERTEX_POINT('',#5368);
#2479=VERTEX_POINT('',#5375);
#2480=VERTEX_POINT('',#5377);
#2481=VERTEX_POINT('',#5384);
#2482=VERTEX_POINT('',#5388);
#2483=VERTEX_POINT('',#5390);
#2484=VERTEX_POINT('',#5394);
#2485=VERTEX_POINT('',#5401);
#2486=VERTEX_POINT('',#5403);
#2487=VERTEX_POINT('',#5410);
#2488=VERTEX_POINT('',#5414);
#2489=VERTEX_POINT('',#5416);
#2490=VERTEX_POINT('',#5420);
#2491=VERTEX_POINT('',#5427);
#2492=VERTEX_POINT('',#5429);
#2493=VERTEX_POINT('',#5436);
#2494=VERTEX_POINT('',#5440);
#2495=VERTEX_POINT('',#5442);
#2496=VERTEX_POINT('',#5446);
#2497=VERTEX_POINT('',#5453);
#2498=VERTEX_POINT('',#5455);
#2499=VERTEX_POINT('',#5462);
#2500=VERTEX_POINT('',#5466);
#2501=VERTEX_POINT('',#5468);
#2502=VERTEX_POINT('',#5472);
#2503=VERTEX_POINT('',#5479);
#2504=VERTEX_POINT('',#5481);
#2505=VERTEX_POINT('',#5488);
#2506=VERTEX_POINT('',#5492);
#2507=VERTEX_POINT('',#5494);
#2508=VERTEX_POINT('',#5498);
#2509=VERTEX_POINT('',#5505);
#2510=VERTEX_POINT('',#5507);
#2511=VERTEX_POINT('',#5514);
#2512=VERTEX_POINT('',#5518);
#2513=VERTEX_POINT('',#5520);
#2514=VERTEX_POINT('',#5524);
#2515=VERTEX_POINT('',#5531);
#2516=VERTEX_POINT('',#5533);
#2517=VERTEX_POINT('',#5540);
#2518=VERTEX_POINT('',#5544);
#2519=VERTEX_POINT('',#5546);
#2520=VERTEX_POINT('',#5550);
#2521=VERTEX_POINT('',#5557);
#2522=VERTEX_POINT('',#5559);
#2523=VERTEX_POINT('',#5566);
#2524=VERTEX_POINT('',#5570);
#2525=VERTEX_POINT('',#5572);
#2526=VERTEX_POINT('',#5576);
#2527=VERTEX_POINT('',#5583);
#2528=VERTEX_POINT('',#5585);
#2529=VERTEX_POINT('',#5592);
#2530=VERTEX_POINT('',#5596);
#2531=VERTEX_POINT('',#5598);
#2532=VERTEX_POINT('',#5602);
#2533=VERTEX_POINT('',#5609);
#2534=VERTEX_POINT('',#5611);
#2535=VERTEX_POINT('',#5618);
#2536=VERTEX_POINT('',#5622);
#2537=VERTEX_POINT('',#5624);
#2538=VERTEX_POINT('',#5628);
#2539=VERTEX_POINT('',#5635);
#2540=VERTEX_POINT('',#5637);
#2541=VERTEX_POINT('',#5644);
#2542=VERTEX_POINT('',#5648);
#2543=VERTEX_POINT('',#5650);
#2544=VERTEX_POINT('',#5654);
#2545=VERTEX_POINT('',#5675);
#2546=VERTEX_POINT('',#5688);
#2547=VERTEX_POINT('',#5727);
#2548=VERTEX_POINT('',#5740);
#2549=VERTEX_POINT('',#5779);
#2550=VERTEX_POINT('',#5792);
#2551=VERTEX_POINT('',#5831);
#2552=VERTEX_POINT('',#5844);
#2553=VERTEX_POINT('',#5883);
#2554=VERTEX_POINT('',#5896);
#2555=VERTEX_POINT('',#5935);
#2556=VERTEX_POINT('',#5948);
#2557=VERTEX_POINT('',#5987);
#2558=VERTEX_POINT('',#6000);
#2559=VERTEX_POINT('',#6039);
#2560=VERTEX_POINT('',#6052);
#2561=VERTEX_POINT('',#6091);
#2562=VERTEX_POINT('',#6104);
#2563=VERTEX_POINT('',#6143);
#2564=VERTEX_POINT('',#6156);
#2565=VERTEX_POINT('',#6195);
#2566=VERTEX_POINT('',#6208);
#2567=VERTEX_POINT('',#6247);
#2568=VERTEX_POINT('',#6260);
#2569=VERTEX_POINT('',#6299);
#2570=VERTEX_POINT('',#6312);
#2571=VERTEX_POINT('',#6351);
#2572=VERTEX_POINT('',#6364);
#2573=VERTEX_POINT('',#6403);
#2574=VERTEX_POINT('',#6454);
#2575=VERTEX_POINT('',#6467);
#2576=VERTEX_POINT('',#6506);
#2577=VERTEX_POINT('',#6519);
#2578=VERTEX_POINT('',#6558);
#2579=VERTEX_POINT('',#6571);
#2580=VERTEX_POINT('',#6610);
#2581=VERTEX_POINT('',#6623);
#2582=VERTEX_POINT('',#6648);
#2583=VERTEX_POINT('',#6688);
#2584=VERTEX_POINT('',#6695);
#2585=VERTEX_POINT('',#6699);
#2586=VERTEX_POINT('',#6701);
#2587=VERTEX_POINT('',#6705);
#2588=VERTEX_POINT('',#6726);
#2589=VERTEX_POINT('',#6739);
#2590=VERTEX_POINT('',#6766);
#2591=VERTEX_POINT('',#6768);
#2592=CIRCLE('',#3399,0.00103775);
#2593=CIRCLE('',#3402,0.00745);
#2594=CIRCLE('',#3415,0.0194546);
#2595=CIRCLE('',#3416,0.00059);
#2596=CIRCLE('',#3417,0.0241999999999908);
#2597=CIRCLE('',#3418,0.00059);
#2598=CIRCLE('',#3419,0.0194546);
#2599=CIRCLE('',#3420,0.00059);
#2600=CIRCLE('',#3421,0.0241999999999908);
#2601=CIRCLE('',#3422,0.00059);
#2602=CIRCLE('',#3423,0.0194546);
#2603=CIRCLE('',#3424,0.00059);
#2604=CIRCLE('',#3425,0.0241999999999908);
#2605=CIRCLE('',#3426,0.00059);
#2606=CIRCLE('',#3427,0.0194546);
#2607=CIRCLE('',#3428,0.00059);
#2608=CIRCLE('',#3429,0.0241999999999908);
#2609=CIRCLE('',#3430,0.00059);
#2610=CIRCLE('',#3431,0.0194546);
#2611=CIRCLE('',#3432,0.00059);
#2612=CIRCLE('',#3433,0.0241999999999908);
#2613=CIRCLE('',#3434,0.00059);
#2614=CIRCLE('',#3435,0.0194546);
#2615=CIRCLE('',#3436,0.00059);
#2616=CIRCLE('',#3437,0.0241999999999908);
#2617=CIRCLE('',#3438,0.00059);
#2618=CIRCLE('',#3439,0.0194546);
#2619=CIRCLE('',#3440,0.00059);
#2620=CIRCLE('',#3441,0.0241999999999908);
#2621=CIRCLE('',#3442,0.00059);
#2622=CIRCLE('',#3443,0.0194546);
#2623=CIRCLE('',#3444,0.00059);
#2624=CIRCLE('',#3445,0.0241999999999908);
#2625=CIRCLE('',#3446,0.00059);
#2626=CIRCLE('',#3447,0.0194546);
#2627=CIRCLE('',#3448,0.00059);
#2628=CIRCLE('',#3449,0.0241999999999908);
#2629=CIRCLE('',#3450,0.00059);
#2630=CIRCLE('',#3451,0.0194546);
#2631=CIRCLE('',#3452,0.00059);
#2632=CIRCLE('',#3453,0.0241999999999908);
#2633=CIRCLE('',#3454,0.00059);
#2634=CIRCLE('',#3455,0.0194546);
#2635=CIRCLE('',#3456,0.00059);
#2636=CIRCLE('',#3457,0.0241999999999908);
#2637=CIRCLE('',#3458,0.00059);
#2638=CIRCLE('',#3459,0.0194546);
#2639=CIRCLE('',#3460,0.00059);
#2640=CIRCLE('',#3461,0.0241999999999908);
#2641=CIRCLE('',#3462,0.00059);
#2642=CIRCLE('',#3463,0.0194546);
#2643=CIRCLE('',#3464,0.00059);
#2644=CIRCLE('',#3465,0.0241999999999908);
#2645=CIRCLE('',#3466,0.00059);
#2646=CIRCLE('',#3467,0.0194546);
#2647=CIRCLE('',#3468,0.00059);
#2648=CIRCLE('',#3469,0.0241999999999908);
#2649=CIRCLE('',#3470,0.00059);
#2650=CIRCLE('',#3471,0.0194546);
#2651=CIRCLE('',#3472,0.00059);
#2652=CIRCLE('',#3473,0.0241999999999908);
#2653=CIRCLE('',#3474,0.00059);
#2654=CIRCLE('',#3475,0.0194546);
#2655=CIRCLE('',#3476,0.00059);
#2656=CIRCLE('',#3477,0.0241999999999908);
#2657=CIRCLE('',#3478,0.00059);
#2658=CIRCLE('',#3479,0.0194546);
#2659=CIRCLE('',#3480,0.00059);
#2660=CIRCLE('',#3481,0.0241999999999908);
#2661=CIRCLE('',#3482,0.00059);
#2662=CIRCLE('',#3483,0.0194546);
#2663=CIRCLE('',#3484,0.00059);
#2664=CIRCLE('',#3485,0.0241999999999908);
#2665=CIRCLE('',#3486,0.00059);
#2666=CIRCLE('',#3487,0.0194546);
#2667=CIRCLE('',#3488,0.00059);
#2668=CIRCLE('',#3489,0.0241999999999908);
#2669=CIRCLE('',#3490,0.00059);
#2670=CIRCLE('',#3491,0.0194546);
#2671=CIRCLE('',#3492,0.00059);
#2672=CIRCLE('',#3493,0.0241999999999908);
#2673=CIRCLE('',#3494,0.00059);
#2674=CIRCLE('',#3495,0.00745);
#2675=CIRCLE('',#3497,0.00059);
#2676=CIRCLE('',#3500,0.00059);
#2677=CIRCLE('',#3503,0.00059);
#2678=CIRCLE('',#3506,0.00059);
#2679=CIRCLE('',#3509,0.00059);
#2680=CIRCLE('',#3512,0.00059);
#2681=CIRCLE('',#3515,0.00059);
#2682=CIRCLE('',#3518,0.00059);
#2683=CIRCLE('',#3521,0.00059);
#2684=CIRCLE('',#3524,0.00059);
#2685=CIRCLE('',#3527,0.00059);
#2686=CIRCLE('',#3530,0.00059);
#2687=CIRCLE('',#3533,0.00059);
#2688=CIRCLE('',#3536,0.00059);
#2689=CIRCLE('',#3539,0.00059);
#2690=CIRCLE('',#3542,0.00059);
#2691=CIRCLE('',#3545,0.00059);
#2692=CIRCLE('',#3548,0.00059);
#2693=CIRCLE('',#3551,0.00059);
#2694=CIRCLE('',#3554,0.00059);
#2695=CIRCLE('',#3557,0.00059);
#2696=CIRCLE('',#3560,0.00059);
#2697=CIRCLE('',#3563,0.00059);
#2698=CIRCLE('',#3566,0.00059);
#2699=CIRCLE('',#3569,0.00059);
#2700=CIRCLE('',#3572,0.00059);
#2701=CIRCLE('',#3575,0.00059);
#2702=CIRCLE('',#3578,0.00059);
#2703=CIRCLE('',#3581,0.00059);
#2704=CIRCLE('',#3584,0.00059);
#2705=CIRCLE('',#3587,0.00059);
#2706=CIRCLE('',#3590,0.00059);
#2707=CIRCLE('',#3593,0.00059);
#2708=CIRCLE('',#3596,0.00059);
#2709=CIRCLE('',#3599,0.00059);
#2710=CIRCLE('',#3602,0.00059);
#2711=CIRCLE('',#3605,0.00059);
#2712=CIRCLE('',#3608,0.00059);
#2713=CIRCLE('',#3611,0.0241999999999908);
#2714=CIRCLE('',#3613,0.0241999999999908);
#2715=CIRCLE('',#3615,0.0241999999999908);
#2716=CIRCLE('',#3617,0.0241999999999908);
#2717=CIRCLE('',#3619,0.0241999999999908);
#2718=CIRCLE('',#3621,0.0241999999999908);
#2719=CIRCLE('',#3623,0.0241999999999908);
#2720=CIRCLE('',#3625,0.0241999999999908);
#2721=CIRCLE('',#3627,0.0241999999999908);
#2722=CIRCLE('',#3629,0.0241999999999908);
#2723=CIRCLE('',#3631,0.0241999999999908);
#2724=CIRCLE('',#3633,0.0241999999999908);
#2725=CIRCLE('',#3635,0.0241999999999908);
#2726=CIRCLE('',#3637,0.0241999999999908);
#2727=CIRCLE('',#3639,0.0241999999999908);
#2728=CIRCLE('',#3641,0.0241999999999908);
#2729=CIRCLE('',#3643,0.0241999999999908);
#2730=CIRCLE('',#3645,0.0241999999999908);
#2731=CIRCLE('',#3647,0.0241999999999908);
#2732=CIRCLE('',#3649,0.0194546);
#2733=CIRCLE('',#3651,0.0194546);
#2734=CIRCLE('',#3653,0.0194546);
#2735=CIRCLE('',#3655,0.0194546);
#2736=CIRCLE('',#3657,0.0194546);
#2737=CIRCLE('',#3659,0.0194546);
#2738=CIRCLE('',#3661,0.0194546);
#2739=CIRCLE('',#3663,0.0194546);
#2740=CIRCLE('',#3665,0.0194546);
#2741=CIRCLE('',#3667,0.0194546);
#2742=CIRCLE('',#3669,0.0194546);
#2743=CIRCLE('',#3671,0.0194546);
#2744=CIRCLE('',#3673,0.0194546);
#2745=CIRCLE('',#3675,0.0194546);
#2746=CIRCLE('',#3677,0.0194546);
#2747=CIRCLE('',#3679,0.0194546);
#2748=CIRCLE('',#3681,0.0194546);
#2749=CIRCLE('',#3683,0.0194546);
#2750=CIRCLE('',#3685,0.0194546);
#2751=CIRCLE('',#3687,0.00059);
#2752=CIRCLE('',#3690,0.00059);
#2753=CIRCLE('',#3693,0.0241999999999908);
#2754=CIRCLE('',#3695,0.0194546);
#2755=EDGE_LOOP('',(#670));
#2756=EDGE_LOOP('',(#671));
#2757=EDGE_LOOP('',(#672));
#2758=EDGE_LOOP('',(#673));
#2759=EDGE_LOOP('',(#674,#675,#676,#677,#678,#679));
#2760=EDGE_LOOP('',(#680,#681,#682,#683));
#2761=EDGE_LOOP('',(#684,#685,#686,#687,#688,#689));
#2762=EDGE_LOOP('',(#690,#691,#692,#693));
#2763=EDGE_LOOP('',(#694,#695,#696,#697,#698));
#2764=EDGE_LOOP('',(#699,#700,#701,#702));
#2765=EDGE_LOOP('',(#703,#704,#705,#706));
#2766=EDGE_LOOP('',(#707,#708,#709,#710));
#2767=EDGE_LOOP('',(#711,#712,#713,#714,#715,#716));
#2768=EDGE_LOOP('',(#717,#718,#719,#720));
#2769=EDGE_LOOP('',(#721,#722,#723,#724,#725,#726,#727,#728));
#2770=EDGE_LOOP('',(#729,#730,#731,#732,#733,#734,#735,#736,#737,#738,#739,
#740,#741,#742,#743,#744,#745,#746,#747,#748,#749,#750,#751,#752,#753,#754,
#755,#756,#757,#758,#759,#760,#761,#762,#763,#764,#765,#766,#767,#768,#769,
#770,#771,#772,#773,#774,#775,#776,#777,#778,#779,#780,#781,#782,#783,#784,
#785,#786,#787,#788,#789,#790,#791,#792,#793,#794,#795,#796,#797,#798,#799,
#800,#801,#802,#803,#804,#805,#806,#807,#808,#809,#810,#811,#812,#813,#814,
#815,#816,#817,#818,#819,#820,#821,#822,#823,#824,#825,#826,#827,#828,#829,
#830,#831,#832,#833,#834,#835,#836,#837,#838,#839,#840,#841,#842,#843,#844,
#845,#846,#847,#848,#849,#850,#851,#852,#853,#854,#855,#856,#857,#858,#859,
#860,#861,#862,#863,#864,#865,#866,#867,#868,#869,#870,#871,#872,#873,#874,
#875,#876,#877,#878,#879,#880,#881,#882,#883,#884,#885,#886,#887,#888));
#2771=EDGE_LOOP('',(#889));
#2772=EDGE_LOOP('',(#890,#891,#892,#893));
#2773=EDGE_LOOP('',(#894,#895,#896,#897));
#2774=EDGE_LOOP('',(#898,#899,#900,#901));
#2775=EDGE_LOOP('',(#902,#903,#904,#905));
#2776=EDGE_LOOP('',(#906,#907,#908,#909));
#2777=EDGE_LOOP('',(#910,#911,#912,#913));
#2778=EDGE_LOOP('',(#914,#915,#916,#917));
#2779=EDGE_LOOP('',(#918,#919,#920,#921));
#2780=EDGE_LOOP('',(#922,#923,#924,#925));
#2781=EDGE_LOOP('',(#926,#927,#928,#929));
#2782=EDGE_LOOP('',(#930,#931,#932,#933));
#2783=EDGE_LOOP('',(#934,#935,#936,#937));
#2784=EDGE_LOOP('',(#938,#939,#940,#941));
#2785=EDGE_LOOP('',(#942,#943,#944,#945));
#2786=EDGE_LOOP('',(#946,#947,#948,#949));
#2787=EDGE_LOOP('',(#950,#951,#952,#953));
#2788=EDGE_LOOP('',(#954,#955,#956,#957));
#2789=EDGE_LOOP('',(#958,#959,#960,#961));
#2790=EDGE_LOOP('',(#962,#963,#964,#965));
#2791=EDGE_LOOP('',(#966,#967,#968,#969));
#2792=EDGE_LOOP('',(#970,#971,#972,#973));
#2793=EDGE_LOOP('',(#974,#975,#976,#977));
#2794=EDGE_LOOP('',(#978,#979,#980,#981));
#2795=EDGE_LOOP('',(#982,#983,#984,#985));
#2796=EDGE_LOOP('',(#986,#987,#988,#989));
#2797=EDGE_LOOP('',(#990,#991,#992,#993));
#2798=EDGE_LOOP('',(#994,#995,#996,#997));
#2799=EDGE_LOOP('',(#998,#999,#1000,#1001));
#2800=EDGE_LOOP('',(#1002,#1003,#1004,#1005));
#2801=EDGE_LOOP('',(#1006,#1007,#1008,#1009));
#2802=EDGE_LOOP('',(#1010,#1011,#1012,#1013));
#2803=EDGE_LOOP('',(#1014,#1015,#1016,#1017));
#2804=EDGE_LOOP('',(#1018,#1019,#1020,#1021));
#2805=EDGE_LOOP('',(#1022,#1023,#1024,#1025));
#2806=EDGE_LOOP('',(#1026,#1027,#1028,#1029));
#2807=EDGE_LOOP('',(#1030,#1031,#1032,#1033));
#2808=EDGE_LOOP('',(#1034,#1035,#1036,#1037));
#2809=EDGE_LOOP('',(#1038,#1039,#1040,#1041));
#2810=EDGE_LOOP('',(#1042,#1043,#1044,#1045));
#2811=EDGE_LOOP('',(#1046,#1047,#1048,#1049));
#2812=EDGE_LOOP('',(#1050,#1051,#1052,#1053));
#2813=EDGE_LOOP('',(#1054,#1055,#1056,#1057));
#2814=EDGE_LOOP('',(#1058,#1059,#1060,#1061));
#2815=EDGE_LOOP('',(#1062,#1063,#1064,#1065));
#2816=EDGE_LOOP('',(#1066,#1067,#1068,#1069));
#2817=EDGE_LOOP('',(#1070,#1071,#1072,#1073));
#2818=EDGE_LOOP('',(#1074,#1075,#1076,#1077));
#2819=EDGE_LOOP('',(#1078,#1079,#1080,#1081));
#2820=EDGE_LOOP('',(#1082,#1083,#1084,#1085));
#2821=EDGE_LOOP('',(#1086,#1087,#1088,#1089));
#2822=EDGE_LOOP('',(#1090,#1091,#1092,#1093));
#2823=EDGE_LOOP('',(#1094,#1095,#1096,#1097));
#2824=EDGE_LOOP('',(#1098,#1099,#1100,#1101));
#2825=EDGE_LOOP('',(#1102,#1103,#1104,#1105));
#2826=EDGE_LOOP('',(#1106,#1107,#1108,#1109));
#2827=EDGE_LOOP('',(#1110,#1111,#1112,#1113));
#2828=EDGE_LOOP('',(#1114,#1115,#1116,#1117));
#2829=EDGE_LOOP('',(#1118,#1119,#1120,#1121));
#2830=EDGE_LOOP('',(#1122,#1123,#1124,#1125));
#2831=EDGE_LOOP('',(#1126,#1127,#1128,#1129));
#2832=EDGE_LOOP('',(#1130,#1131,#1132,#1133));
#2833=EDGE_LOOP('',(#1134,#1135,#1136,#1137));
#2834=EDGE_LOOP('',(#1138,#1139,#1140,#1141));
#2835=EDGE_LOOP('',(#1142,#1143,#1144,#1145));
#2836=EDGE_LOOP('',(#1146,#1147,#1148,#1149));
#2837=EDGE_LOOP('',(#1150,#1151,#1152,#1153));
#2838=EDGE_LOOP('',(#1154,#1155,#1156,#1157));
#2839=EDGE_LOOP('',(#1158,#1159,#1160,#1161));
#2840=EDGE_LOOP('',(#1162,#1163,#1164,#1165));
#2841=EDGE_LOOP('',(#1166,#1167,#1168,#1169));
#2842=EDGE_LOOP('',(#1170,#1171,#1172,#1173));
#2843=EDGE_LOOP('',(#1174,#1175,#1176,#1177));
#2844=EDGE_LOOP('',(#1178,#1179,#1180,#1181));
#2845=EDGE_LOOP('',(#1182,#1183,#1184,#1185));
#2846=EDGE_LOOP('',(#1186,#1187,#1188,#1189));
#2847=EDGE_LOOP('',(#1190,#1191,#1192,#1193));
#2848=EDGE_LOOP('',(#1194,#1195,#1196,#1197));
#2849=EDGE_LOOP('',(#1198,#1199,#1200,#1201));
#2850=EDGE_LOOP('',(#1202,#1203,#1204,#1205));
#2851=EDGE_LOOP('',(#1206,#1207,#1208,#1209));
#2852=EDGE_LOOP('',(#1210,#1211,#1212,#1213));
#2853=EDGE_LOOP('',(#1214,#1215,#1216,#1217));
#2854=EDGE_LOOP('',(#1218,#1219,#1220,#1221));
#2855=EDGE_LOOP('',(#1222,#1223,#1224,#1225));
#2856=EDGE_LOOP('',(#1226,#1227,#1228,#1229));
#2857=EDGE_LOOP('',(#1230,#1231,#1232,#1233));
#2858=EDGE_LOOP('',(#1234,#1235,#1236,#1237));
#2859=EDGE_LOOP('',(#1238,#1239,#1240,#1241));
#2860=EDGE_LOOP('',(#1242,#1243,#1244,#1245));
#2861=EDGE_LOOP('',(#1246,#1247,#1248,#1249));
#2862=EDGE_LOOP('',(#1250,#1251,#1252,#1253));
#2863=EDGE_LOOP('',(#1254,#1255,#1256,#1257));
#2864=EDGE_LOOP('',(#1258,#1259,#1260,#1261));
#2865=EDGE_LOOP('',(#1262,#1263,#1264,#1265));
#2866=EDGE_LOOP('',(#1266,#1267,#1268,#1269));
#2867=EDGE_LOOP('',(#1270,#1271,#1272,#1273));
#2868=EDGE_LOOP('',(#1274,#1275,#1276,#1277));
#2869=EDGE_LOOP('',(#1278,#1279,#1280,#1281));
#2870=EDGE_LOOP('',(#1282,#1283,#1284,#1285));
#2871=EDGE_LOOP('',(#1286,#1287,#1288,#1289));
#2872=EDGE_LOOP('',(#1290,#1291,#1292,#1293));
#2873=EDGE_LOOP('',(#1294,#1295,#1296,#1297));
#2874=EDGE_LOOP('',(#1298,#1299,#1300,#1301));
#2875=EDGE_LOOP('',(#1302,#1303,#1304,#1305));
#2876=EDGE_LOOP('',(#1306,#1307,#1308,#1309));
#2877=EDGE_LOOP('',(#1310,#1311,#1312,#1313));
#2878=EDGE_LOOP('',(#1314,#1315,#1316,#1317));
#2879=EDGE_LOOP('',(#1318,#1319,#1320,#1321));
#2880=EDGE_LOOP('',(#1322,#1323,#1324,#1325));
#2881=EDGE_LOOP('',(#1326,#1327,#1328,#1329));
#2882=EDGE_LOOP('',(#1330,#1331,#1332,#1333));
#2883=EDGE_LOOP('',(#1334,#1335,#1336,#1337));
#2884=EDGE_LOOP('',(#1338,#1339,#1340,#1341));
#2885=EDGE_LOOP('',(#1342,#1343,#1344,#1345));
#2886=EDGE_LOOP('',(#1346,#1347,#1348,#1349));
#2887=EDGE_LOOP('',(#1350,#1351,#1352,#1353));
#2888=EDGE_LOOP('',(#1354,#1355,#1356,#1357));
#2889=EDGE_LOOP('',(#1358,#1359,#1360,#1361));
#2890=EDGE_LOOP('',(#1362,#1363,#1364,#1365));
#2891=EDGE_LOOP('',(#1366,#1367,#1368,#1369,#1370));
#2892=EDGE_LOOP('',(#1371,#1372,#1373,#1374));
#2893=EDGE_LOOP('',(#1375,#1376,#1377,#1378));
#2894=EDGE_LOOP('',(#1379,#1380,#1381,#1382));
#2895=EDGE_LOOP('',(#1383,#1384,#1385,#1386));
#2896=EDGE_LOOP('',(#1387,#1388,#1389,#1390));
#2897=EDGE_LOOP('',(#1391,#1392,#1393,#1394));
#2898=EDGE_LOOP('',(#1395,#1396,#1397,#1398));
#2899=EDGE_LOOP('',(#1399,#1400,#1401,#1402));
#2900=EDGE_LOOP('',(#1403,#1404,#1405,#1406));
#2901=EDGE_LOOP('',(#1407,#1408,#1409,#1410));
#2902=EDGE_LOOP('',(#1411,#1412,#1413,#1414));
#2903=EDGE_LOOP('',(#1415,#1416,#1417,#1418));
#2904=EDGE_LOOP('',(#1419,#1420,#1421,#1422));
#2905=EDGE_LOOP('',(#1423,#1424,#1425,#1426));
#2906=EDGE_LOOP('',(#1427,#1428,#1429,#1430));
#2907=EDGE_LOOP('',(#1431,#1432,#1433,#1434));
#2908=EDGE_LOOP('',(#1435,#1436,#1437,#1438));
#2909=EDGE_LOOP('',(#1439,#1440,#1441,#1442));
#2910=EDGE_LOOP('',(#1443,#1444,#1445,#1446));
#2911=EDGE_LOOP('',(#1447,#1448,#1449,#1450));
#2912=EDGE_LOOP('',(#1451,#1452,#1453,#1454));
#2913=EDGE_LOOP('',(#1455,#1456,#1457,#1458));
#2914=EDGE_LOOP('',(#1459,#1460,#1461,#1462));
#2915=EDGE_LOOP('',(#1463,#1464,#1465,#1466));
#2916=EDGE_LOOP('',(#1467,#1468,#1469,#1470));
#2917=EDGE_LOOP('',(#1471,#1472,#1473,#1474));
#2918=EDGE_LOOP('',(#1475,#1476,#1477,#1478));
#2919=EDGE_LOOP('',(#1479,#1480,#1481,#1482));
#2920=EDGE_LOOP('',(#1483,#1484,#1485,#1486));
#2921=EDGE_LOOP('',(#1487,#1488,#1489,#1490));
#2922=EDGE_LOOP('',(#1491,#1492,#1493,#1494));
#2923=EDGE_LOOP('',(#1495,#1496,#1497,#1498));
#2924=EDGE_LOOP('',(#1499,#1500,#1501,#1502));
#2925=EDGE_LOOP('',(#1503,#1504,#1505,#1506));
#2926=EDGE_LOOP('',(#1507,#1508,#1509,#1510));
#2927=EDGE_LOOP('',(#1511,#1512,#1513,#1514));
#2928=EDGE_LOOP('',(#1515,#1516,#1517,#1518));
#2929=EDGE_LOOP('',(#1519,#1520,#1521,#1522));
#2930=EDGE_LOOP('',(#1523,#1524,#1525,#1526));
#2931=EDGE_LOOP('',(#1527,#1528,#1529,#1530));
#2932=EDGE_LOOP('',(#1531,#1532,#1533,#1534,#1535,#1536,#1537,#1538,#1539,
#1540,#1541,#1542,#1543,#1544,#1545,#1546,#1547,#1548,#1549,#1550,#1551,
#1552,#1553,#1554,#1555,#1556,#1557,#1558,#1559,#1560,#1561,#1562,#1563,
#1564,#1565,#1566,#1567,#1568,#1569,#1570,#1571,#1572,#1573,#1574,#1575,
#1576,#1577,#1578,#1579,#1580,#1581,#1582,#1583,#1584,#1585,#1586,#1587,
#1588,#1589,#1590,#1591,#1592,#1593,#1594,#1595,#1596,#1597,#1598,#1599,
#1600,#1601,#1602,#1603,#1604,#1605,#1606,#1607,#1608,#1609,#1610,#1611,
#1612,#1613,#1614,#1615,#1616,#1617,#1618,#1619,#1620,#1621,#1622,#1623,
#1624,#1625,#1626,#1627,#1628,#1629,#1630,#1631,#1632,#1633,#1634,#1635,
#1636,#1637,#1638,#1639,#1640,#1641,#1642,#1643,#1644,#1645,#1646,#1647,
#1648,#1649,#1650,#1651,#1652,#1653,#1654,#1655,#1656,#1657,#1658,#1659,
#1660,#1661,#1662,#1663,#1664,#1665,#1666,#1667,#1668,#1669,#1670,#1671,
#1672,#1673,#1674,#1675,#1676,#1677,#1678,#1679,#1680,#1681,#1682,#1683,
#1684,#1685,#1686,#1687,#1688,#1689,#1690,#1691,#1692,#1693,#1694,#1695,
#1696,#1697,#1698,#1699,#1700,#1701,#1702));
#2933=EDGE_LOOP('',(#1703,#1704,#1705,#1706));
#2934=EDGE_LOOP('',(#1707,#1708,#1709,#1710));
#2935=EDGE_LOOP('',(#1711,#1712,#1713,#1714));
#2936=EDGE_LOOP('',(#1715));
#2937=EDGE_LOOP('',(#1716));
#2938=EDGE_LOOP('',(#1717));
#2939=FACE_BOUND('',#2755,.T.);
#2940=FACE_BOUND('',#2756,.T.);
#2941=FACE_BOUND('',#2757,.T.);
#2942=FACE_BOUND('',#2758,.T.);
#2943=FACE_BOUND('',#2759,.T.);
#2944=FACE_BOUND('',#2760,.T.);
#2945=FACE_BOUND('',#2761,.T.);
#2946=FACE_BOUND('',#2762,.T.);
#2947=FACE_BOUND('',#2763,.T.);
#2948=FACE_BOUND('',#2764,.T.);
#2949=FACE_BOUND('',#2765,.T.);
#2950=FACE_BOUND('',#2766,.T.);
#2951=FACE_BOUND('',#2767,.T.);
#2952=FACE_BOUND('',#2768,.T.);
#2953=FACE_BOUND('',#2769,.T.);
#2954=FACE_BOUND('',#2770,.T.);
#2955=FACE_BOUND('',#2771,.T.);
#2956=FACE_BOUND('',#2772,.T.);
#2957=FACE_BOUND('',#2773,.T.);
#2958=FACE_BOUND('',#2774,.T.);
#2959=FACE_BOUND('',#2775,.T.);
#2960=FACE_BOUND('',#2776,.T.);
#2961=FACE_BOUND('',#2777,.T.);
#2962=FACE_BOUND('',#2778,.T.);
#2963=FACE_BOUND('',#2779,.T.);
#2964=FACE_BOUND('',#2780,.T.);
#2965=FACE_BOUND('',#2781,.T.);
#2966=FACE_BOUND('',#2782,.T.);
#2967=FACE_BOUND('',#2783,.T.);
#2968=FACE_BOUND('',#2784,.T.);
#2969=FACE_BOUND('',#2785,.T.);
#2970=FACE_BOUND('',#2786,.T.);
#2971=FACE_BOUND('',#2787,.T.);
#2972=FACE_BOUND('',#2788,.T.);
#2973=FACE_BOUND('',#2789,.T.);
#2974=FACE_BOUND('',#2790,.T.);
#2975=FACE_BOUND('',#2791,.T.);
#2976=FACE_BOUND('',#2792,.T.);
#2977=FACE_BOUND('',#2793,.T.);
#2978=FACE_BOUND('',#2794,.T.);
#2979=FACE_BOUND('',#2795,.T.);
#2980=FACE_BOUND('',#2796,.T.);
#2981=FACE_BOUND('',#2797,.T.);
#2982=FACE_BOUND('',#2798,.T.);
#2983=FACE_BOUND('',#2799,.T.);
#2984=FACE_BOUND('',#2800,.T.);
#2985=FACE_BOUND('',#2801,.T.);
#2986=FACE_BOUND('',#2802,.T.);
#2987=FACE_BOUND('',#2803,.T.);
#2988=FACE_BOUND('',#2804,.T.);
#2989=FACE_BOUND('',#2805,.T.);
#2990=FACE_BOUND('',#2806,.T.);
#2991=FACE_BOUND('',#2807,.T.);
#2992=FACE_BOUND('',#2808,.T.);
#2993=FACE_BOUND('',#2809,.T.);
#2994=FACE_BOUND('',#2810,.T.);
#2995=FACE_BOUND('',#2811,.T.);
#2996=FACE_BOUND('',#2812,.T.);
#2997=FACE_BOUND('',#2813,.T.);
#2998=FACE_BOUND('',#2814,.T.);
#2999=FACE_BOUND('',#2815,.T.);
#3000=FACE_BOUND('',#2816,.T.);
#3001=FACE_BOUND('',#2817,.T.);
#3002=FACE_BOUND('',#2818,.T.);
#3003=FACE_BOUND('',#2819,.T.);
#3004=FACE_BOUND('',#2820,.T.);
#3005=FACE_BOUND('',#2821,.T.);
#3006=FACE_BOUND('',#2822,.T.);
#3007=FACE_BOUND('',#2823,.T.);
#3008=FACE_BOUND('',#2824,.T.);
#3009=FACE_BOUND('',#2825,.T.);
#3010=FACE_BOUND('',#2826,.T.);
#3011=FACE_BOUND('',#2827,.T.);
#3012=FACE_BOUND('',#2828,.T.);
#3013=FACE_BOUND('',#2829,.T.);
#3014=FACE_BOUND('',#2830,.T.);
#3015=FACE_BOUND('',#2831,.T.);
#3016=FACE_BOUND('',#2832,.T.);
#3017=FACE_BOUND('',#2833,.T.);
#3018=FACE_BOUND('',#2834,.T.);
#3019=FACE_BOUND('',#2835,.T.);
#3020=FACE_BOUND('',#2836,.T.);
#3021=FACE_BOUND('',#2837,.T.);
#3022=FACE_BOUND('',#2838,.T.);
#3023=FACE_BOUND('',#2839,.T.);
#3024=FACE_BOUND('',#2840,.T.);
#3025=FACE_BOUND('',#2841,.T.);
#3026=FACE_BOUND('',#2842,.T.);
#3027=FACE_BOUND('',#2843,.T.);
#3028=FACE_BOUND('',#2844,.T.);
#3029=FACE_BOUND('',#2845,.T.);
#3030=FACE_BOUND('',#2846,.T.);
#3031=FACE_BOUND('',#2847,.T.);
#3032=FACE_BOUND('',#2848,.T.);
#3033=FACE_BOUND('',#2849,.T.);
#3034=FACE_BOUND('',#2850,.T.);
#3035=FACE_BOUND('',#2851,.T.);
#3036=FACE_BOUND('',#2852,.T.);
#3037=FACE_BOUND('',#2853,.T.);
#3038=FACE_BOUND('',#2854,.T.);
#3039=FACE_BOUND('',#2855,.T.);
#3040=FACE_BOUND('',#2856,.T.);
#3041=FACE_BOUND('',#2857,.T.);
#3042=FACE_BOUND('',#2858,.T.);
#3043=FACE_BOUND('',#2859,.T.);
#3044=FACE_BOUND('',#2860,.T.);
#3045=FACE_BOUND('',#2861,.T.);
#3046=FACE_BOUND('',#2862,.T.);
#3047=FACE_BOUND('',#2863,.T.);
#3048=FACE_BOUND('',#2864,.T.);
#3049=FACE_BOUND('',#2865,.T.);
#3050=FACE_BOUND('',#2866,.T.);
#3051=FACE_BOUND('',#2867,.T.);
#3052=FACE_BOUND('',#2868,.T.);
#3053=FACE_BOUND('',#2869,.T.);
#3054=FACE_BOUND('',#2870,.T.);
#3055=FACE_BOUND('',#2871,.T.);
#3056=FACE_BOUND('',#2872,.T.);
#3057=FACE_BOUND('',#2873,.T.);
#3058=FACE_BOUND('',#2874,.T.);
#3059=FACE_BOUND('',#2875,.T.);
#3060=FACE_BOUND('',#2876,.T.);
#3061=FACE_BOUND('',#2877,.T.);
#3062=FACE_BOUND('',#2878,.T.);
#3063=FACE_BOUND('',#2879,.T.);
#3064=FACE_BOUND('',#2880,.T.);
#3065=FACE_BOUND('',#2881,.T.);
#3066=FACE_BOUND('',#2882,.T.);
#3067=FACE_BOUND('',#2883,.T.);
#3068=FACE_BOUND('',#2884,.T.);
#3069=FACE_BOUND('',#2885,.T.);
#3070=FACE_BOUND('',#2886,.T.);
#3071=FACE_BOUND('',#2887,.T.);
#3072=FACE_BOUND('',#2888,.T.);
#3073=FACE_BOUND('',#2889,.T.);
#3074=FACE_BOUND('',#2890,.T.);
#3075=FACE_BOUND('',#2891,.T.);
#3076=FACE_BOUND('',#2892,.T.);
#3077=FACE_BOUND('',#2893,.T.);
#3078=FACE_BOUND('',#2894,.T.);
#3079=FACE_BOUND('',#2895,.T.);
#3080=FACE_BOUND('',#2896,.T.);
#3081=FACE_BOUND('',#2897,.T.);
#3082=FACE_BOUND('',#2898,.T.);
#3083=FACE_BOUND('',#2899,.T.);
#3084=FACE_BOUND('',#2900,.T.);
#3085=FACE_BOUND('',#2901,.T.);
#3086=FACE_BOUND('',#2902,.T.);
#3087=FACE_BOUND('',#2903,.T.);
#3088=FACE_BOUND('',#2904,.T.);
#3089=FACE_BOUND('',#2905,.T.);
#3090=FACE_BOUND('',#2906,.T.);
#3091=FACE_BOUND('',#2907,.T.);
#3092=FACE_BOUND('',#2908,.T.);
#3093=FACE_BOUND('',#2909,.T.);
#3094=FACE_BOUND('',#2910,.T.);
#3095=FACE_BOUND('',#2911,.T.);
#3096=FACE_BOUND('',#2912,.T.);
#3097=FACE_BOUND('',#2913,.T.);
#3098=FACE_BOUND('',#2914,.T.);
#3099=FACE_BOUND('',#2915,.T.);
#3100=FACE_BOUND('',#2916,.T.);
#3101=FACE_BOUND('',#2917,.T.);
#3102=FACE_BOUND('',#2918,.T.);
#3103=FACE_BOUND('',#2919,.T.);
#3104=FACE_BOUND('',#2920,.T.);
#3105=FACE_BOUND('',#2921,.T.);
#3106=FACE_BOUND('',#2922,.T.);
#3107=FACE_BOUND('',#2923,.T.);
#3108=FACE_BOUND('',#2924,.T.);
#3109=FACE_BOUND('',#2925,.T.);
#3110=FACE_BOUND('',#2926,.T.);
#3111=FACE_BOUND('',#2927,.T.);
#3112=FACE_BOUND('',#2928,.T.);
#3113=FACE_BOUND('',#2929,.T.);
#3114=FACE_BOUND('',#2930,.T.);
#3115=FACE_BOUND('',#2931,.T.);
#3116=FACE_BOUND('',#2932,.T.);
#3117=FACE_BOUND('',#2933,.T.);
#3118=FACE_BOUND('',#2934,.T.);
#3119=FACE_BOUND('',#2935,.T.);
#3120=FACE_BOUND('',#2936,.T.);
#3121=FACE_BOUND('',#2937,.T.);
#3122=FACE_BOUND('',#2938,.T.);
#3123=CYLINDRICAL_SURFACE('',#3398,0.00103775);
#3124=CYLINDRICAL_SURFACE('',#3496,0.00059);
#3125=CYLINDRICAL_SURFACE('',#3499,0.00059);
#3126=CYLINDRICAL_SURFACE('',#3502,0.00059);
#3127=CYLINDRICAL_SURFACE('',#3505,0.00059);
#3128=CYLINDRICAL_SURFACE('',#3508,0.00059);
#3129=CYLINDRICAL_SURFACE('',#3511,0.00059);
#3130=CYLINDRICAL_SURFACE('',#3514,0.00059);
#3131=CYLINDRICAL_SURFACE('',#3517,0.00059);
#3132=CYLINDRICAL_SURFACE('',#3520,0.00059);
#3133=CYLINDRICAL_SURFACE('',#3523,0.00059);
#3134=CYLINDRICAL_SURFACE('',#3526,0.00059);
#3135=CYLINDRICAL_SURFACE('',#3529,0.00059);
#3136=CYLINDRICAL_SURFACE('',#3532,0.00059);
#3137=CYLINDRICAL_SURFACE('',#3535,0.00059);
#3138=CYLINDRICAL_SURFACE('',#3538,0.00059);
#3139=CYLINDRICAL_SURFACE('',#3541,0.00059);
#3140=CYLINDRICAL_SURFACE('',#3544,0.00059);
#3141=CYLINDRICAL_SURFACE('',#3547,0.00059);
#3142=CYLINDRICAL_SURFACE('',#3550,0.00059);
#3143=CYLINDRICAL_SURFACE('',#3553,0.00059);
#3144=CYLINDRICAL_SURFACE('',#3556,0.00059);
#3145=CYLINDRICAL_SURFACE('',#3559,0.00059);
#3146=CYLINDRICAL_SURFACE('',#3562,0.00059);
#3147=CYLINDRICAL_SURFACE('',#3565,0.00059);
#3148=CYLINDRICAL_SURFACE('',#3568,0.00059);
#3149=CYLINDRICAL_SURFACE('',#3571,0.00059);
#3150=CYLINDRICAL_SURFACE('',#3574,0.00059);
#3151=CYLINDRICAL_SURFACE('',#3577,0.00059);
#3152=CYLINDRICAL_SURFACE('',#3580,0.00059);
#3153=CYLINDRICAL_SURFACE('',#3583,0.00059);
#3154=CYLINDRICAL_SURFACE('',#3586,0.00059);
#3155=CYLINDRICAL_SURFACE('',#3589,0.00059);
#3156=CYLINDRICAL_SURFACE('',#3592,0.00059);
#3157=CYLINDRICAL_SURFACE('',#3595,0.00059);
#3158=CYLINDRICAL_SURFACE('',#3598,0.00059);
#3159=CYLINDRICAL_SURFACE('',#3601,0.00059);
#3160=CYLINDRICAL_SURFACE('',#3604,0.00059);
#3161=CYLINDRICAL_SURFACE('',#3607,0.00059);
#3162=CYLINDRICAL_SURFACE('',#3610,0.0241999999999908);
#3163=CYLINDRICAL_SURFACE('',#3612,0.0241999999999908);
#3164=CYLINDRICAL_SURFACE('',#3614,0.0241999999999908);
#3165=CYLINDRICAL_SURFACE('',#3616,0.0241999999999908);
#3166=CYLINDRICAL_SURFACE('',#3618,0.0241999999999908);
#3167=CYLINDRICAL_SURFACE('',#3620,0.0241999999999908);
#3168=CYLINDRICAL_SURFACE('',#3622,0.0241999999999908);
#3169=CYLINDRICAL_SURFACE('',#3624,0.0241999999999908);
#3170=CYLINDRICAL_SURFACE('',#3626,0.0241999999999908);
#3171=CYLINDRICAL_SURFACE('',#3628,0.0241999999999908);
#3172=CYLINDRICAL_SURFACE('',#3630,0.0241999999999908);
#3173=CYLINDRICAL_SURFACE('',#3632,0.0241999999999908);
#3174=CYLINDRICAL_SURFACE('',#3634,0.0241999999999908);
#3175=CYLINDRICAL_SURFACE('',#3636,0.0241999999999908);
#3176=CYLINDRICAL_SURFACE('',#3638,0.0241999999999908);
#3177=CYLINDRICAL_SURFACE('',#3640,0.0241999999999908);
#3178=CYLINDRICAL_SURFACE('',#3642,0.0241999999999908);
#3179=CYLINDRICAL_SURFACE('',#3644,0.0241999999999908);
#3180=CYLINDRICAL_SURFACE('',#3646,0.0241999999999908);
#3181=CYLINDRICAL_SURFACE('',#3648,0.0194546);
#3182=CYLINDRICAL_SURFACE('',#3650,0.0194546);
#3183=CYLINDRICAL_SURFACE('',#3652,0.0194546);
#3184=CYLINDRICAL_SURFACE('',#3654,0.0194546);
#3185=CYLINDRICAL_SURFACE('',#3656,0.0194546);
#3186=CYLINDRICAL_SURFACE('',#3658,0.0194546);
#3187=CYLINDRICAL_SURFACE('',#3660,0.0194546);
#3188=CYLINDRICAL_SURFACE('',#3662,0.0194546);
#3189=CYLINDRICAL_SURFACE('',#3664,0.0194546);
#3190=CYLINDRICAL_SURFACE('',#3666,0.0194546);
#3191=CYLINDRICAL_SURFACE('',#3668,0.0194546);
#3192=CYLINDRICAL_SURFACE('',#3670,0.0194546);
#3193=CYLINDRICAL_SURFACE('',#3672,0.0194546);
#3194=CYLINDRICAL_SURFACE('',#3674,0.0194546);
#3195=CYLINDRICAL_SURFACE('',#3676,0.0194546);
#3196=CYLINDRICAL_SURFACE('',#3678,0.0194546);
#3197=CYLINDRICAL_SURFACE('',#3680,0.0194546);
#3198=CYLINDRICAL_SURFACE('',#3682,0.0194546);
#3199=CYLINDRICAL_SURFACE('',#3684,0.0194546);
#3200=CYLINDRICAL_SURFACE('',#3686,0.00059);
#3201=CYLINDRICAL_SURFACE('',#3689,0.00059);
#3202=CYLINDRICAL_SURFACE('',#3692,0.0241999999999908);
#3203=CYLINDRICAL_SURFACE('',#3694,0.0194546);
#3204=CYLINDRICAL_SURFACE('',#3700,0.00745);
#3205=ADVANCED_FACE('',(#2939,#2940),#3123,.F.);
#3206=ADVANCED_FACE('',(#2941),#450,.T.);
#3207=ADVANCED_FACE('',(#2942),#451,.F.);
#3208=ADVANCED_FACE('',(#2943),#452,.T.);
#3209=ADVANCED_FACE('',(#2944),#453,.T.);
#3210=ADVANCED_FACE('',(#2945),#454,.T.);
#3211=ADVANCED_FACE('',(#2946),#455,.T.);
#3212=ADVANCED_FACE('',(#2947),#456,.T.);
#3213=ADVANCED_FACE('',(#2948),#457,.T.);
#3214=ADVANCED_FACE('',(#2949),#458,.T.);
#3215=ADVANCED_FACE('',(#2950),#459,.T.);
#3216=ADVANCED_FACE('',(#2951),#460,.T.);
#3217=ADVANCED_FACE('',(#2952),#461,.T.);
#3218=ADVANCED_FACE('',(#2953),#462,.T.);
#3219=ADVANCED_FACE('',(#2954,#2955),#463,.T.);
#3220=ADVANCED_FACE('',(#2956),#3124,.F.);
#3221=ADVANCED_FACE('',(#2957),#464,.T.);
#3222=ADVANCED_FACE('',(#2958),#3125,.F.);
#3223=ADVANCED_FACE('',(#2959),#465,.T.);
#3224=ADVANCED_FACE('',(#2960),#3126,.F.);
#3225=ADVANCED_FACE('',(#2961),#466,.T.);
#3226=ADVANCED_FACE('',(#2962),#3127,.F.);
#3227=ADVANCED_FACE('',(#2963),#467,.T.);
#3228=ADVANCED_FACE('',(#2964),#3128,.F.);
#3229=ADVANCED_FACE('',(#2965),#468,.T.);
#3230=ADVANCED_FACE('',(#2966),#3129,.F.);
#3231=ADVANCED_FACE('',(#2967),#469,.T.);
#3232=ADVANCED_FACE('',(#2968),#3130,.F.);
#3233=ADVANCED_FACE('',(#2969),#470,.T.);
#3234=ADVANCED_FACE('',(#2970),#3131,.F.);
#3235=ADVANCED_FACE('',(#2971),#471,.T.);
#3236=ADVANCED_FACE('',(#2972),#3132,.F.);
#3237=ADVANCED_FACE('',(#2973),#472,.T.);
#3238=ADVANCED_FACE('',(#2974),#3133,.F.);
#3239=ADVANCED_FACE('',(#2975),#473,.T.);
#3240=ADVANCED_FACE('',(#2976),#3134,.F.);
#3241=ADVANCED_FACE('',(#2977),#474,.T.);
#3242=ADVANCED_FACE('',(#2978),#3135,.F.);
#3243=ADVANCED_FACE('',(#2979),#475,.T.);
#3244=ADVANCED_FACE('',(#2980),#3136,.F.);
#3245=ADVANCED_FACE('',(#2981),#476,.T.);
#3246=ADVANCED_FACE('',(#2982),#3137,.F.);
#3247=ADVANCED_FACE('',(#2983),#477,.T.);
#3248=ADVANCED_FACE('',(#2984),#3138,.F.);
#3249=ADVANCED_FACE('',(#2985),#478,.T.);
#3250=ADVANCED_FACE('',(#2986),#3139,.F.);
#3251=ADVANCED_FACE('',(#2987),#479,.T.);
#3252=ADVANCED_FACE('',(#2988),#3140,.F.);
#3253=ADVANCED_FACE('',(#2989),#480,.T.);
#3254=ADVANCED_FACE('',(#2990),#3141,.F.);
#3255=ADVANCED_FACE('',(#2991),#481,.T.);
#3256=ADVANCED_FACE('',(#2992),#3142,.F.);
#3257=ADVANCED_FACE('',(#2993),#482,.T.);
#3258=ADVANCED_FACE('',(#2994),#3143,.F.);
#3259=ADVANCED_FACE('',(#2995),#483,.T.);
#3260=ADVANCED_FACE('',(#2996),#3144,.F.);
#3261=ADVANCED_FACE('',(#2997),#484,.T.);
#3262=ADVANCED_FACE('',(#2998),#3145,.F.);
#3263=ADVANCED_FACE('',(#2999),#485,.T.);
#3264=ADVANCED_FACE('',(#3000),#3146,.F.);
#3265=ADVANCED_FACE('',(#3001),#486,.T.);
#3266=ADVANCED_FACE('',(#3002),#3147,.F.);
#3267=ADVANCED_FACE('',(#3003),#487,.T.);
#3268=ADVANCED_FACE('',(#3004),#3148,.F.);
#3269=ADVANCED_FACE('',(#3005),#488,.T.);
#3270=ADVANCED_FACE('',(#3006),#3149,.F.);
#3271=ADVANCED_FACE('',(#3007),#489,.T.);
#3272=ADVANCED_FACE('',(#3008),#3150,.F.);
#3273=ADVANCED_FACE('',(#3009),#490,.T.);
#3274=ADVANCED_FACE('',(#3010),#3151,.F.);
#3275=ADVANCED_FACE('',(#3011),#491,.T.);
#3276=ADVANCED_FACE('',(#3012),#3152,.F.);
#3277=ADVANCED_FACE('',(#3013),#492,.T.);
#3278=ADVANCED_FACE('',(#3014),#3153,.F.);
#3279=ADVANCED_FACE('',(#3015),#493,.T.);
#3280=ADVANCED_FACE('',(#3016),#3154,.F.);
#3281=ADVANCED_FACE('',(#3017),#494,.T.);
#3282=ADVANCED_FACE('',(#3018),#3155,.F.);
#3283=ADVANCED_FACE('',(#3019),#495,.T.);
#3284=ADVANCED_FACE('',(#3020),#3156,.F.);
#3285=ADVANCED_FACE('',(#3021),#496,.T.);
#3286=ADVANCED_FACE('',(#3022),#3157,.F.);
#3287=ADVANCED_FACE('',(#3023),#497,.T.);
#3288=ADVANCED_FACE('',(#3024),#3158,.F.);
#3289=ADVANCED_FACE('',(#3025),#498,.T.);
#3290=ADVANCED_FACE('',(#3026),#3159,.F.);
#3291=ADVANCED_FACE('',(#3027),#499,.T.);
#3292=ADVANCED_FACE('',(#3028),#3160,.F.);
#3293=ADVANCED_FACE('',(#3029),#500,.T.);
#3294=ADVANCED_FACE('',(#3030),#3161,.F.);
#3295=ADVANCED_FACE('',(#3031),#501,.T.);
#3296=ADVANCED_FACE('',(#3032),#12,.T.);
#3297=ADVANCED_FACE('',(#3033),#3162,.T.);
#3298=ADVANCED_FACE('',(#3034),#13,.T.);
#3299=ADVANCED_FACE('',(#3035),#14,.T.);
#3300=ADVANCED_FACE('',(#3036),#3163,.T.);
#3301=ADVANCED_FACE('',(#3037),#15,.T.);
#3302=ADVANCED_FACE('',(#3038),#16,.T.);
#3303=ADVANCED_FACE('',(#3039),#3164,.T.);
#3304=ADVANCED_FACE('',(#3040),#17,.T.);
#3305=ADVANCED_FACE('',(#3041),#18,.T.);
#3306=ADVANCED_FACE('',(#3042),#3165,.T.);
#3307=ADVANCED_FACE('',(#3043),#19,.T.);
#3308=ADVANCED_FACE('',(#3044),#20,.T.);
#3309=ADVANCED_FACE('',(#3045),#3166,.T.);
#3310=ADVANCED_FACE('',(#3046),#21,.T.);
#3311=ADVANCED_FACE('',(#3047),#22,.T.);
#3312=ADVANCED_FACE('',(#3048),#3167,.T.);
#3313=ADVANCED_FACE('',(#3049),#23,.T.);
#3314=ADVANCED_FACE('',(#3050),#24,.T.);
#3315=ADVANCED_FACE('',(#3051),#3168,.T.);
#3316=ADVANCED_FACE('',(#3052),#25,.T.);
#3317=ADVANCED_FACE('',(#3053),#26,.T.);
#3318=ADVANCED_FACE('',(#3054),#3169,.T.);
#3319=ADVANCED_FACE('',(#3055),#27,.T.);
#3320=ADVANCED_FACE('',(#3056),#28,.T.);
#3321=ADVANCED_FACE('',(#3057),#3170,.T.);
#3322=ADVANCED_FACE('',(#3058),#29,.T.);
#3323=ADVANCED_FACE('',(#3059),#30,.T.);
#3324=ADVANCED_FACE('',(#3060),#3171,.T.);
#3325=ADVANCED_FACE('',(#3061),#31,.T.);
#3326=ADVANCED_FACE('',(#3062),#32,.T.);
#3327=ADVANCED_FACE('',(#3063),#3172,.T.);
#3328=ADVANCED_FACE('',(#3064),#33,.T.);
#3329=ADVANCED_FACE('',(#3065),#34,.T.);
#3330=ADVANCED_FACE('',(#3066),#3173,.T.);
#3331=ADVANCED_FACE('',(#3067),#35,.T.);
#3332=ADVANCED_FACE('',(#3068),#36,.T.);
#3333=ADVANCED_FACE('',(#3069),#3174,.T.);
#3334=ADVANCED_FACE('',(#3070),#37,.T.);
#3335=ADVANCED_FACE('',(#3071),#38,.T.);
#3336=ADVANCED_FACE('',(#3072),#3175,.T.);
#3337=ADVANCED_FACE('',(#3073),#39,.T.);
#3338=ADVANCED_FACE('',(#3074),#40,.T.);
#3339=ADVANCED_FACE('',(#3075),#3176,.T.);
#3340=ADVANCED_FACE('',(#3076),#41,.T.);
#3341=ADVANCED_FACE('',(#3077),#42,.T.);
#3342=ADVANCED_FACE('',(#3078),#3177,.T.);
#3343=ADVANCED_FACE('',(#3079),#43,.T.);
#3344=ADVANCED_FACE('',(#3080),#44,.T.);
#3345=ADVANCED_FACE('',(#3081),#3178,.T.);
#3346=ADVANCED_FACE('',(#3082),#45,.T.);
#3347=ADVANCED_FACE('',(#3083),#46,.T.);
#3348=ADVANCED_FACE('',(#3084),#3179,.T.);
#3349=ADVANCED_FACE('',(#3085),#47,.T.);
#3350=ADVANCED_FACE('',(#3086),#48,.T.);
#3351=ADVANCED_FACE('',(#3087),#3180,.T.);
#3352=ADVANCED_FACE('',(#3088),#49,.T.);
#3353=ADVANCED_FACE('',(#3089),#3181,.T.);
#3354=ADVANCED_FACE('',(#3090),#3182,.T.);
#3355=ADVANCED_FACE('',(#3091),#3183,.T.);
#3356=ADVANCED_FACE('',(#3092),#3184,.T.);
#3357=ADVANCED_FACE('',(#3093),#3185,.T.);
#3358=ADVANCED_FACE('',(#3094),#3186,.T.);
#3359=ADVANCED_FACE('',(#3095),#3187,.T.);
#3360=ADVANCED_FACE('',(#3096),#3188,.T.);
#3361=ADVANCED_FACE('',(#3097),#3189,.T.);
#3362=ADVANCED_FACE('',(#3098),#3190,.T.);
#3363=ADVANCED_FACE('',(#3099),#3191,.T.);
#3364=ADVANCED_FACE('',(#3100),#3192,.T.);
#3365=ADVANCED_FACE('',(#3101),#3193,.T.);
#3366=ADVANCED_FACE('',(#3102),#3194,.T.);
#3367=ADVANCED_FACE('',(#3103),#3195,.T.);
#3368=ADVANCED_FACE('',(#3104),#3196,.T.);
#3369=ADVANCED_FACE('',(#3105),#3197,.T.);
#3370=ADVANCED_FACE('',(#3106),#3198,.T.);
#3371=ADVANCED_FACE('',(#3107),#3199,.T.);
#3372=ADVANCED_FACE('',(#3108),#3200,.F.);
#3373=ADVANCED_FACE('',(#3109),#502,.T.);
#3374=ADVANCED_FACE('',(#3110),#3201,.F.);
#3375=ADVANCED_FACE('',(#3111),#503,.T.);
#3376=ADVANCED_FACE('',(#3112),#50,.T.);
#3377=ADVANCED_FACE('',(#3113),#3202,.T.);
#3378=ADVANCED_FACE('',(#3114),#51,.T.);
#3379=ADVANCED_FACE('',(#3115),#3203,.T.);
#3380=ADVANCED_FACE('',(#3116),#504,.F.);
#3381=ADVANCED_FACE('',(#3117),#505,.T.);
#3382=ADVANCED_FACE('',(#3118),#506,.T.);
#3383=ADVANCED_FACE('',(#3119),#507,.T.);
#3384=ADVANCED_FACE('',(#3120,#3121,#3122),#3204,.T.);
#3385=CLOSED_SHELL('',(#3205,#3206,#3207,#3208,#3209,#3210,#3211,#3212,
#3213,#3214,#3215,#3216,#3217,#3218,#3219,#3220,#3221,#3222,#3223,#3224,
#3225,#3226,#3227,#3228,#3229,#3230,#3231,#3232,#3233,#3234,#3235,#3236,
#3237,#3238,#3239,#3240,#3241,#3242,#3243,#3244,#3245,#3246,#3247,#3248,
#3249,#3250,#3251,#3252,#3253,#3254,#3255,#3256,#3257,#3258,#3259,#3260,
#3261,#3262,#3263,#3264,#3265,#3266,#3267,#3268,#3269,#3270,#3271,#3272,
#3273,#3274,#3275,#3276,#3277,#3278,#3279,#3280,#3281,#3282,#3283,#3284,
#3285,#3286,#3287,#3288,#3289,#3290,#3291,#3292,#3293,#3294,#3295,#3296,
#3297,#3298,#3299,#3300,#3301,#3302,#3303,#3304,#3305,#3306,#3307,#3308,
#3309,#3310,#3311,#3312,#3313,#3314,#3315,#3316,#3317,#3318,#3319,#3320,
#3321,#3322,#3323,#3324,#3325,#3326,#3327,#3328,#3329,#3330,#3331,#3332,
#3333,#3334,#3335,#3336,#3337,#3338,#3339,#3340,#3341,#3342,#3343,#3344,
#3345,#3346,#3347,#3348,#3349,#3350,#3351,#3352,#3353,#3354,#3355,#3356,
#3357,#3358,#3359,#3360,#3361,#3362,#3363,#3364,#3365,#3366,#3367,#3368,
#3369,#3370,#3371,#3372,#3373,#3374,#3375,#3376,#3377,#3378,#3379,#3380,
#3381,#3382,#3383,#3384));
#3386=STYLED_ITEM('',(#3387),#3394);
#3387=PRESENTATION_STYLE_ASSIGNMENT((#3388));
#3388=SURFACE_STYLE_USAGE(.BOTH.,#3389);
#3389=SURFACE_SIDE_STYLE('',(#3390));
#3390=SURFACE_STYLE_FILL_AREA(#3391);
#3391=FILL_AREA_STYLE('',(#3392));
#3392=FILL_AREA_STYLE_COLOUR('',#3393);
#3393=COLOUR_RGB('',0.964705882352941,0.964705882352941,0.952941176470588);
#3394=MANIFOLD_SOLID_BREP('Left foot',#3385);
#3395=SHAPE_DEFINITION_REPRESENTATION(#6782,#3396);
#3396=SHAPE_REPRESENTATION('Left foot',(#3397),#6777);
#3397=AXIS2_PLACEMENT_3D('',#4508,#3701,#3702);
#3398=AXIS2_PLACEMENT_3D('',#4509,#3703,#3704);
#3399=AXIS2_PLACEMENT_3D('',#4510,#3705,#3706);
#3400=AXIS2_PLACEMENT_3D('',#4524,#3707,#3708);
#3401=AXIS2_PLACEMENT_3D('',#4525,#3709,#3710);
#3402=AXIS2_PLACEMENT_3D('',#4526,#3711,#3712);
#3403=AXIS2_PLACEMENT_3D('',#4528,#3713,#3714);
#3404=AXIS2_PLACEMENT_3D('',#4541,#3721,#3722);
#3405=AXIS2_PLACEMENT_3D('',#4547,#3726,#3727);
#3406=AXIS2_PLACEMENT_3D('',#4555,#3732,#3733);
#3407=AXIS2_PLACEMENT_3D('',#4564,#3738,#3739);
#3408=AXIS2_PLACEMENT_3D('',#4575,#3743,#3744);
#3409=AXIS2_PLACEMENT_3D('',#4581,#3748,#3749);
#3410=AXIS2_PLACEMENT_3D('',#4587,#3753,#3754);
#3411=AXIS2_PLACEMENT_3D('',#4593,#3758,#3759);
#3412=AXIS2_PLACEMENT_3D('',#4598,#3763,#3764);
#3413=AXIS2_PLACEMENT_3D('',#4601,#3767,#3768);
#3414=AXIS2_PLACEMENT_3D('',#4602,#3769,#3770);
#3415=AXIS2_PLACEMENT_3D('',#4603,#3771,#3772);
#3416=AXIS2_PLACEMENT_3D('',#4606,#3773,#3774);
#3417=AXIS2_PLACEMENT_3D('',#4618,#3776,#3777);
#3418=AXIS2_PLACEMENT_3D('',#4630,#3779,#3780);
#3419=AXIS2_PLACEMENT_3D('',#4632,#3781,#3782);
#3420=AXIS2_PLACEMENT_3D('',#4634,#3783,#3784);
#3421=AXIS2_PLACEMENT_3D('',#4646,#3786,#3787);
#3422=AXIS2_PLACEMENT_3D('',#4658,#3789,#3790);
#3423=AXIS2_PLACEMENT_3D('',#4660,#3791,#3792);
#3424=AXIS2_PLACEMENT_3D('',#4662,#3793,#3794);
#3425=AXIS2_PLACEMENT_3D('',#4674,#3796,#3797);
#3426=AXIS2_PLACEMENT_3D('',#4686,#3799,#3800);
#3427=AXIS2_PLACEMENT_3D('',#4688,#3801,#3802);
#3428=AXIS2_PLACEMENT_3D('',#4690,#3803,#3804);
#3429=AXIS2_PLACEMENT_3D('',#4702,#3806,#3807);
#3430=AXIS2_PLACEMENT_3D('',#4714,#3809,#3810);
#3431=AXIS2_PLACEMENT_3D('',#4716,#3811,#3812);
#3432=AXIS2_PLACEMENT_3D('',#4718,#3813,#3814);
#3433=AXIS2_PLACEMENT_3D('',#4730,#3816,#3817);
#3434=AXIS2_PLACEMENT_3D('',#4742,#3819,#3820);
#3435=AXIS2_PLACEMENT_3D('',#4744,#3821,#3822);
#3436=AXIS2_PLACEMENT_3D('',#4746,#3823,#3824);
#3437=AXIS2_PLACEMENT_3D('',#4758,#3826,#3827);
#3438=AXIS2_PLACEMENT_3D('',#4770,#3829,#3830);
#3439=AXIS2_PLACEMENT_3D('',#4772,#3831,#3832);
#3440=AXIS2_PLACEMENT_3D('',#4774,#3833,#3834);
#3441=AXIS2_PLACEMENT_3D('',#4786,#3836,#3837);
#3442=AXIS2_PLACEMENT_3D('',#4798,#3839,#3840);
#3443=AXIS2_PLACEMENT_3D('',#4800,#3841,#3842);
#3444=AXIS2_PLACEMENT_3D('',#4802,#3843,#3844);
#3445=AXIS2_PLACEMENT_3D('',#4814,#3846,#3847);
#3446=AXIS2_PLACEMENT_3D('',#4826,#3849,#3850);
#3447=AXIS2_PLACEMENT_3D('',#4828,#3851,#3852);
#3448=AXIS2_PLACEMENT_3D('',#4830,#3853,#3854);
#3449=AXIS2_PLACEMENT_3D('',#4842,#3856,#3857);
#3450=AXIS2_PLACEMENT_3D('',#4854,#3859,#3860);
#3451=AXIS2_PLACEMENT_3D('',#4856,#3861,#3862);
#3452=AXIS2_PLACEMENT_3D('',#4858,#3863,#3864);
#3453=AXIS2_PLACEMENT_3D('',#4870,#3866,#3867);
#3454=AXIS2_PLACEMENT_3D('',#4882,#3869,#3870);
#3455=AXIS2_PLACEMENT_3D('',#4884,#3871,#3872);
#3456=AXIS2_PLACEMENT_3D('',#4886,#3873,#3874);
#3457=AXIS2_PLACEMENT_3D('',#4898,#3876,#3877);
#3458=AXIS2_PLACEMENT_3D('',#4910,#3879,#3880);
#3459=AXIS2_PLACEMENT_3D('',#4912,#3881,#3882);
#3460=AXIS2_PLACEMENT_3D('',#4914,#3883,#3884);
#3461=AXIS2_PLACEMENT_3D('',#4926,#3886,#3887);
#3462=AXIS2_PLACEMENT_3D('',#4938,#3889,#3890);
#3463=AXIS2_PLACEMENT_3D('',#4940,#3891,#3892);
#3464=AXIS2_PLACEMENT_3D('',#4942,#3893,#3894);
#3465=AXIS2_PLACEMENT_3D('',#4954,#3896,#3897);
#3466=AXIS2_PLACEMENT_3D('',#4966,#3899,#3900);
#3467=AXIS2_PLACEMENT_3D('',#4968,#3901,#3902);
#3468=AXIS2_PLACEMENT_3D('',#4970,#3903,#3904);
#3469=AXIS2_PLACEMENT_3D('',#4982,#3906,#3907);
#3470=AXIS2_PLACEMENT_3D('',#4994,#3909,#3910);
#3471=AXIS2_PLACEMENT_3D('',#4996,#3911,#3912);
#3472=AXIS2_PLACEMENT_3D('',#4998,#3913,#3914);
#3473=AXIS2_PLACEMENT_3D('',#5010,#3916,#3917);
#3474=AXIS2_PLACEMENT_3D('',#5022,#3919,#3920);
#3475=AXIS2_PLACEMENT_3D('',#5024,#3921,#3922);
#3476=AXIS2_PLACEMENT_3D('',#5026,#3923,#3924);
#3477=AXIS2_PLACEMENT_3D('',#5038,#3926,#3927);
#3478=AXIS2_PLACEMENT_3D('',#5050,#3929,#3930);
#3479=AXIS2_PLACEMENT_3D('',#5052,#3931,#3932);
#3480=AXIS2_PLACEMENT_3D('',#5054,#3933,#3934);
#3481=AXIS2_PLACEMENT_3D('',#5066,#3936,#3937);
#3482=AXIS2_PLACEMENT_3D('',#5078,#3939,#3940);
#3483=AXIS2_PLACEMENT_3D('',#5080,#3941,#3942);
#3484=AXIS2_PLACEMENT_3D('',#5082,#3943,#3944);
#3485=AXIS2_PLACEMENT_3D('',#5094,#3946,#3947);
#3486=AXIS2_PLACEMENT_3D('',#5106,#3949,#3950);
#3487=AXIS2_PLACEMENT_3D('',#5108,#3951,#3952);
#3488=AXIS2_PLACEMENT_3D('',#5110,#3953,#3954);
#3489=AXIS2_PLACEMENT_3D('',#5122,#3956,#3957);
#3490=AXIS2_PLACEMENT_3D('',#5134,#3959,#3960);
#3491=AXIS2_PLACEMENT_3D('',#5136,#3961,#3962);
#3492=AXIS2_PLACEMENT_3D('',#5138,#3963,#3964);
#3493=AXIS2_PLACEMENT_3D('',#5150,#3966,#3967);
#3494=AXIS2_PLACEMENT_3D('',#5162,#3969,#3970);
#3495=AXIS2_PLACEMENT_3D('',#5163,#3971,#3972);
#3496=AXIS2_PLACEMENT_3D('',#5165,#3973,#3974);
#3497=AXIS2_PLACEMENT_3D('',#5168,#3976,#3977);
#3498=AXIS2_PLACEMENT_3D('',#5171,#3979,#3980);
#3499=AXIS2_PLACEMENT_3D('',#5178,#3982,#3983);
#3500=AXIS2_PLACEMENT_3D('',#5183,#3986,#3987);
#3501=AXIS2_PLACEMENT_3D('',#5184,#3988,#3989);
#3502=AXIS2_PLACEMENT_3D('',#5191,#3991,#3992);
#3503=AXIS2_PLACEMENT_3D('',#5194,#3994,#3995);
#3504=AXIS2_PLACEMENT_3D('',#5197,#3997,#3998);
#3505=AXIS2_PLACEMENT_3D('',#5204,#4000,#4001);
#3506=AXIS2_PLACEMENT_3D('',#5209,#4004,#4005);
#3507=AXIS2_PLACEMENT_3D('',#5210,#4006,#4007);
#3508=AXIS2_PLACEMENT_3D('',#5217,#4009,#4010);
#3509=AXIS2_PLACEMENT_3D('',#5220,#4012,#4013);
#3510=AXIS2_PLACEMENT_3D('',#5223,#4015,#4016);
#3511=AXIS2_PLACEMENT_3D('',#5230,#4018,#4019);
#3512=AXIS2_PLACEMENT_3D('',#5235,#4022,#4023);
#3513=AXIS2_PLACEMENT_3D('',#5236,#4024,#4025);
#3514=AXIS2_PLACEMENT_3D('',#5243,#4027,#4028);
#3515=AXIS2_PLACEMENT_3D('',#5246,#4030,#4031);
#3516=AXIS2_PLACEMENT_3D('',#5249,#4033,#4034);
#3517=AXIS2_PLACEMENT_3D('',#5256,#4036,#4037);
#3518=AXIS2_PLACEMENT_3D('',#5261,#4040,#4041);
#3519=AXIS2_PLACEMENT_3D('',#5262,#4042,#4043);
#3520=AXIS2_PLACEMENT_3D('',#5269,#4045,#4046);
#3521=AXIS2_PLACEMENT_3D('',#5272,#4048,#4049);
#3522=AXIS2_PLACEMENT_3D('',#5275,#4051,#4052);
#3523=AXIS2_PLACEMENT_3D('',#5282,#4054,#4055);
#3524=AXIS2_PLACEMENT_3D('',#5287,#4058,#4059);
#3525=AXIS2_PLACEMENT_3D('',#5288,#4060,#4061);
#3526=AXIS2_PLACEMENT_3D('',#5295,#4063,#4064);
#3527=AXIS2_PLACEMENT_3D('',#5298,#4066,#4067);
#3528=AXIS2_PLACEMENT_3D('',#5301,#4069,#4070);
#3529=AXIS2_PLACEMENT_3D('',#5308,#4072,#4073);
#3530=AXIS2_PLACEMENT_3D('',#5313,#4076,#4077);
#3531=AXIS2_PLACEMENT_3D('',#5314,#4078,#4079);
#3532=AXIS2_PLACEMENT_3D('',#5321,#4081,#4082);
#3533=AXIS2_PLACEMENT_3D('',#5324,#4084,#4085);
#3534=AXIS2_PLACEMENT_3D('',#5327,#4087,#4088);
#3535=AXIS2_PLACEMENT_3D('',#5334,#4090,#4091);
#3536=AXIS2_PLACEMENT_3D('',#5339,#4094,#4095);
#3537=AXIS2_PLACEMENT_3D('',#5340,#4096,#4097);
#3538=AXIS2_PLACEMENT_3D('',#5347,#4099,#4100);
#3539=AXIS2_PLACEMENT_3D('',#5350,#4102,#4103);
#3540=AXIS2_PLACEMENT_3D('',#5353,#4105,#4106);
#3541=AXIS2_PLACEMENT_3D('',#5360,#4108,#4109);
#3542=AXIS2_PLACEMENT_3D('',#5365,#4112,#4113);
#3543=AXIS2_PLACEMENT_3D('',#5366,#4114,#4115);
#3544=AXIS2_PLACEMENT_3D('',#5373,#4117,#4118);
#3545=AXIS2_PLACEMENT_3D('',#5376,#4120,#4121);
#3546=AXIS2_PLACEMENT_3D('',#5379,#4123,#4124);
#3547=AXIS2_PLACEMENT_3D('',#5386,#4126,#4127);
#3548=AXIS2_PLACEMENT_3D('',#5391,#4130,#4131);
#3549=AXIS2_PLACEMENT_3D('',#5392,#4132,#4133);
#3550=AXIS2_PLACEMENT_3D('',#5399,#4135,#4136);
#3551=AXIS2_PLACEMENT_3D('',#5402,#4138,#4139);
#3552=AXIS2_PLACEMENT_3D('',#5405,#4141,#4142);
#3553=AXIS2_PLACEMENT_3D('',#5412,#4144,#4145);
#3554=AXIS2_PLACEMENT_3D('',#5417,#4148,#4149);
#3555=AXIS2_PLACEMENT_3D('',#5418,#4150,#4151);
#3556=AXIS2_PLACEMENT_3D('',#5425,#4153,#4154);
#3557=AXIS2_PLACEMENT_3D('',#5428,#4156,#4157);
#3558=AXIS2_PLACEMENT_3D('',#5431,#4159,#4160);
#3559=AXIS2_PLACEMENT_3D('',#5438,#4162,#4163);
#3560=AXIS2_PLACEMENT_3D('',#5443,#4166,#4167);
#3561=AXIS2_PLACEMENT_3D('',#5444,#4168,#4169);
#3562=AXIS2_PLACEMENT_3D('',#5451,#4171,#4172);
#3563=AXIS2_PLACEMENT_3D('',#5454,#4174,#4175);
#3564=AXIS2_PLACEMENT_3D('',#5457,#4177,#4178);
#3565=AXIS2_PLACEMENT_3D('',#5464,#4180,#4181);
#3566=AXIS2_PLACEMENT_3D('',#5469,#4184,#4185);
#3567=AXIS2_PLACEMENT_3D('',#5470,#4186,#4187);
#3568=AXIS2_PLACEMENT_3D('',#5477,#4189,#4190);
#3569=AXIS2_PLACEMENT_3D('',#5480,#4192,#4193);
#3570=AXIS2_PLACEMENT_3D('',#5483,#4195,#4196);
#3571=AXIS2_PLACEMENT_3D('',#5490,#4198,#4199);
#3572=AXIS2_PLACEMENT_3D('',#5495,#4202,#4203);
#3573=AXIS2_PLACEMENT_3D('',#5496,#4204,#4205);
#3574=AXIS2_PLACEMENT_3D('',#5503,#4207,#4208);
#3575=AXIS2_PLACEMENT_3D('',#5506,#4210,#4211);
#3576=AXIS2_PLACEMENT_3D('',#5509,#4213,#4214);
#3577=AXIS2_PLACEMENT_3D('',#5516,#4216,#4217);
#3578=AXIS2_PLACEMENT_3D('',#5521,#4220,#4221);
#3579=AXIS2_PLACEMENT_3D('',#5522,#4222,#4223);
#3580=AXIS2_PLACEMENT_3D('',#5529,#4225,#4226);
#3581=AXIS2_PLACEMENT_3D('',#5532,#4228,#4229);
#3582=AXIS2_PLACEMENT_3D('',#5535,#4231,#4232);
#3583=AXIS2_PLACEMENT_3D('',#5542,#4234,#4235);
#3584=AXIS2_PLACEMENT_3D('',#5547,#4238,#4239);
#3585=AXIS2_PLACEMENT_3D('',#5548,#4240,#4241);
#3586=AXIS2_PLACEMENT_3D('',#5555,#4243,#4244);
#3587=AXIS2_PLACEMENT_3D('',#5558,#4246,#4247);
#3588=AXIS2_PLACEMENT_3D('',#5561,#4249,#4250);
#3589=AXIS2_PLACEMENT_3D('',#5568,#4252,#4253);
#3590=AXIS2_PLACEMENT_3D('',#5573,#4256,#4257);
#3591=AXIS2_PLACEMENT_3D('',#5574,#4258,#4259);
#3592=AXIS2_PLACEMENT_3D('',#5581,#4261,#4262);
#3593=AXIS2_PLACEMENT_3D('',#5584,#4264,#4265);
#3594=AXIS2_PLACEMENT_3D('',#5587,#4267,#4268);
#3595=AXIS2_PLACEMENT_3D('',#5594,#4270,#4271);
#3596=AXIS2_PLACEMENT_3D('',#5599,#4274,#4275);
#3597=AXIS2_PLACEMENT_3D('',#5600,#4276,#4277);
#3598=AXIS2_PLACEMENT_3D('',#5607,#4279,#4280);
#3599=AXIS2_PLACEMENT_3D('',#5610,#4282,#4283);
#3600=AXIS2_PLACEMENT_3D('',#5613,#4285,#4286);
#3601=AXIS2_PLACEMENT_3D('',#5620,#4288,#4289);
#3602=AXIS2_PLACEMENT_3D('',#5625,#4292,#4293);
#3603=AXIS2_PLACEMENT_3D('',#5626,#4294,#4295);
#3604=AXIS2_PLACEMENT_3D('',#5633,#4297,#4298);
#3605=AXIS2_PLACEMENT_3D('',#5636,#4300,#4301);
#3606=AXIS2_PLACEMENT_3D('',#5639,#4303,#4304);
#3607=AXIS2_PLACEMENT_3D('',#5646,#4306,#4307);
#3608=AXIS2_PLACEMENT_3D('',#5651,#4310,#4311);
#3609=AXIS2_PLACEMENT_3D('',#5652,#4312,#4313);
#3610=AXIS2_PLACEMENT_3D('',#5683,#4315,#4316);
#3611=AXIS2_PLACEMENT_3D('',#5689,#4317,#4318);
#3612=AXIS2_PLACEMENT_3D('',#5735,#4319,#4320);
#3613=AXIS2_PLACEMENT_3D('',#5741,#4321,#4322);
#3614=AXIS2_PLACEMENT_3D('',#5787,#4323,#4324);
#3615=AXIS2_PLACEMENT_3D('',#5793,#4325,#4326);
#3616=AXIS2_PLACEMENT_3D('',#5839,#4327,#4328);
#3617=AXIS2_PLACEMENT_3D('',#5845,#4329,#4330);
#3618=AXIS2_PLACEMENT_3D('',#5891,#4331,#4332);
#3619=AXIS2_PLACEMENT_3D('',#5897,#4333,#4334);
#3620=AXIS2_PLACEMENT_3D('',#5943,#4335,#4336);
#3621=AXIS2_PLACEMENT_3D('',#5949,#4337,#4338);
#3622=AXIS2_PLACEMENT_3D('',#5995,#4339,#4340);
#3623=AXIS2_PLACEMENT_3D('',#6001,#4341,#4342);
#3624=AXIS2_PLACEMENT_3D('',#6047,#4343,#4344);
#3625=AXIS2_PLACEMENT_3D('',#6053,#4345,#4346);
#3626=AXIS2_PLACEMENT_3D('',#6099,#4347,#4348);
#3627=AXIS2_PLACEMENT_3D('',#6105,#4349,#4350);
#3628=AXIS2_PLACEMENT_3D('',#6151,#4351,#4352);
#3629=AXIS2_PLACEMENT_3D('',#6157,#4353,#4354);
#3630=AXIS2_PLACEMENT_3D('',#6203,#4355,#4356);
#3631=AXIS2_PLACEMENT_3D('',#6209,#4357,#4358);
#3632=AXIS2_PLACEMENT_3D('',#6255,#4359,#4360);
#3633=AXIS2_PLACEMENT_3D('',#6261,#4361,#4362);
#3634=AXIS2_PLACEMENT_3D('',#6307,#4363,#4364);
#3635=AXIS2_PLACEMENT_3D('',#6313,#4365,#4366);
#3636=AXIS2_PLACEMENT_3D('',#6359,#4367,#4368);
#3637=AXIS2_PLACEMENT_3D('',#6365,#4369,#4370);
#3638=AXIS2_PLACEMENT_3D('',#6411,#4371,#4372);
#3639=AXIS2_PLACEMENT_3D('',#6416,#4373,#4374);
#3640=AXIS2_PLACEMENT_3D('',#6462,#4375,#4376);
#3641=AXIS2_PLACEMENT_3D('',#6468,#4377,#4378);
#3642=AXIS2_PLACEMENT_3D('',#6514,#4379,#4380);
#3643=AXIS2_PLACEMENT_3D('',#6520,#4381,#4382);
#3644=AXIS2_PLACEMENT_3D('',#6566,#4383,#4384);
#3645=AXIS2_PLACEMENT_3D('',#6572,#4385,#4386);
#3646=AXIS2_PLACEMENT_3D('',#6618,#4387,#4388);
#3647=AXIS2_PLACEMENT_3D('',#6624,#4389,#4390);
#3648=AXIS2_PLACEMENT_3D('',#6646,#4391,#4392);
#3649=AXIS2_PLACEMENT_3D('',#6649,#4394,#4395);
#3650=AXIS2_PLACEMENT_3D('',#6650,#4396,#4397);
#3651=AXIS2_PLACEMENT_3D('',#6651,#4398,#4399);
#3652=AXIS2_PLACEMENT_3D('',#6652,#4400,#4401);
#3653=AXIS2_PLACEMENT_3D('',#6653,#4402,#4403);
#3654=AXIS2_PLACEMENT_3D('',#6654,#4404,#4405);
#3655=AXIS2_PLACEMENT_3D('',#6655,#4406,#4407);
#3656=AXIS2_PLACEMENT_3D('',#6656,#4408,#4409);
#3657=AXIS2_PLACEMENT_3D('',#6657,#4410,#4411);
#3658=AXIS2_PLACEMENT_3D('',#6658,#4412,#4413);
#3659=AXIS2_PLACEMENT_3D('',#6659,#4414,#4415);
#3660=AXIS2_PLACEMENT_3D('',#6660,#4416,#4417);
#3661=AXIS2_PLACEMENT_3D('',#6661,#4418,#4419);
#3662=AXIS2_PLACEMENT_3D('',#6662,#4420,#4421);
#3663=AXIS2_PLACEMENT_3D('',#6663,#4422,#4423);
#3664=AXIS2_PLACEMENT_3D('',#6664,#4424,#4425);
#3665=AXIS2_PLACEMENT_3D('',#6665,#4426,#4427);
#3666=AXIS2_PLACEMENT_3D('',#6666,#4428,#4429);
#3667=AXIS2_PLACEMENT_3D('',#6667,#4430,#4431);
#3668=AXIS2_PLACEMENT_3D('',#6668,#4432,#4433);
#3669=AXIS2_PLACEMENT_3D('',#6669,#4434,#4435);
#3670=AXIS2_PLACEMENT_3D('',#6670,#4436,#4437);
#3671=AXIS2_PLACEMENT_3D('',#6671,#4438,#4439);
#3672=AXIS2_PLACEMENT_3D('',#6672,#4440,#4441);
#3673=AXIS2_PLACEMENT_3D('',#6673,#4442,#4443);
#3674=AXIS2_PLACEMENT_3D('',#6674,#4444,#4445);
#3675=AXIS2_PLACEMENT_3D('',#6675,#4446,#4447);
#3676=AXIS2_PLACEMENT_3D('',#6676,#4448,#4449);
#3677=AXIS2_PLACEMENT_3D('',#6677,#4450,#4451);
#3678=AXIS2_PLACEMENT_3D('',#6678,#4452,#4453);
#3679=AXIS2_PLACEMENT_3D('',#6679,#4454,#4455);
#3680=AXIS2_PLACEMENT_3D('',#6680,#4456,#4457);
#3681=AXIS2_PLACEMENT_3D('',#6681,#4458,#4459);
#3682=AXIS2_PLACEMENT_3D('',#6682,#4460,#4461);
#3683=AXIS2_PLACEMENT_3D('',#6683,#4462,#4463);
#3684=AXIS2_PLACEMENT_3D('',#6684,#4464,#4465);
#3685=AXIS2_PLACEMENT_3D('',#6685,#4466,#4467);
#3686=AXIS2_PLACEMENT_3D('',#6686,#4468,#4469);
#3687=AXIS2_PLACEMENT_3D('',#6689,#4471,#4472);
#3688=AXIS2_PLACEMENT_3D('',#6690,#4473,#4474);
#3689=AXIS2_PLACEMENT_3D('',#6697,#4476,#4477);
#3690=AXIS2_PLACEMENT_3D('',#6702,#4480,#4481);
#3691=AXIS2_PLACEMENT_3D('',#6703,#4482,#4483);
#3692=AXIS2_PLACEMENT_3D('',#6734,#4485,#4486);
#3693=AXIS2_PLACEMENT_3D('',#6740,#4487,#4488);
#3694=AXIS2_PLACEMENT_3D('',#6762,#4489,#4490);
#3695=AXIS2_PLACEMENT_3D('',#6763,#4491,#4492);
#3696=AXIS2_PLACEMENT_3D('',#6764,#4493,#4494);
#3697=AXIS2_PLACEMENT_3D('',#6770,#4498,#4499);
#3698=AXIS2_PLACEMENT_3D('',#6772,#4501,#4502);
#3699=AXIS2_PLACEMENT_3D('',#6774,#4504,#4505);
#3700=AXIS2_PLACEMENT_3D('',#6775,#4506,#4507);
#3701=DIRECTION('',(0.,0.,1.));
#3702=DIRECTION('',(1.,0.,0.));
#3703=DIRECTION('',(0.,-1.,0.));
#3704=DIRECTION('',(1.43590600505572E-10,0.,-1.));
#3705=DIRECTION('',(0.,-1.,0.));
#3706=DIRECTION('',(0.,0.,-1.));
#3707=DIRECTION('',(-7.1693306784445E-33,1.,1.02957597917167E-42));
#3708=DIRECTION('',(1.,7.1693306784445E-33,0.));
#3709=DIRECTION('',(-1.22464679914707E-16,1.09426356864617E-14,-1.));
#3710=DIRECTION('',(-1.,4.88498130835069E-15,1.2246467991476E-16));
#3711=DIRECTION('',(1.22464679914707E-16,-1.09426356864617E-14,1.));
#3712=DIRECTION('',(0.,-1.,-1.09426356864617E-14));
#3713=DIRECTION('',(1.22464679914707E-16,-1.09426356864617E-14,1.));
#3714=DIRECTION('',(-0.999999999787496,-2.06157020206099E-5,1.22239089772051E-16));
#3715=DIRECTION('',(2.06157020206099E-5,-0.999999999787496,-1.09426382088317E-14));
#3716=DIRECTION('',(-0.999999999787496,-2.06157020127336E-5,1.22239089772137E-16));
#3717=DIRECTION('',(2.06157020127336E-5,-0.999999999787496,-1.09426382088317E-14));
#3718=DIRECTION('',(3.10679594883049E-14,1.,8.87655985380138E-15));
#3719=DIRECTION('',(-1.,5.03592694848918E-15,2.32875234612217E-16));
#3720=DIRECTION('',(1.95130980216893E-12,-1.,-8.86959000985878E-15));
#3721=DIRECTION('',(0.999999999787496,2.06157020127336E-5,-1.22239089772137E-16));
#3722=DIRECTION('',(1.22464679914707E-16,-1.09426356864617E-14,1.));
#3723=DIRECTION('',(1.22464679914707E-16,-1.09426356864617E-14,1.));
#3724=DIRECTION('',(1.22464679914707E-16,-1.09426356864617E-14,1.));
#3725=DIRECTION('',(4.88498130835069E-15,1.,1.09426356864617E-14));
#3726=DIRECTION('',(2.06157020127336E-5,-0.999999999787496,-1.09426382088317E-14));
#3727=DIRECTION('',(1.22464679914707E-16,-1.09426356864617E-14,1.));
#3728=DIRECTION('',(1.22464679914707E-16,-1.09426356864617E-14,1.));
#3729=DIRECTION('',(-0.999999999787496,-2.06157020127336E-5,1.22239089772137E-16));
#3730=DIRECTION('',(1.22464679914707E-16,-1.09426356864617E-14,1.));
#3731=DIRECTION('',(-0.999999999787496,-2.06157020127336E-5,1.22239089772137E-16));
#3732=DIRECTION('',(4.88498130835069E-15,1.,1.09426356864617E-14));
#3733=DIRECTION('',(1.,-4.88498130835069E-15,-1.2246467991476E-16));
#3734=DIRECTION('',(-1.,4.88498130835069E-15,1.2246467991476E-16));
#3735=DIRECTION('',(-1.22464679914707E-16,1.09426356864617E-14,-1.));
#3736=DIRECTION('',(-1.,4.88498130835069E-15,1.2246467991476E-16));
#3737=DIRECTION('',(-1.22464679914707E-16,1.09426356864617E-14,-1.));
#3738=DIRECTION('',(-2.06157020197789E-5,0.999999999787496,1.09426382088317E-14));
#3739=DIRECTION('',(0.999999999787496,2.06157020197789E-5,-1.2223908977206E-16));
#3740=DIRECTION('',(0.999999999787497,2.06157020225141E-5,0.));
#3741=DIRECTION('',(-1.22464679914707E-16,1.09426356864617E-14,-1.));
#3742=DIRECTION('',(-0.999999999787496,-2.06157020210239E-5,0.));
#3743=DIRECTION('',(-0.999999999787496,-2.0615702019554E-5,1.22239089772062E-16));
#3744=DIRECTION('',(-2.0615702019554E-5,0.999999999787496,1.09426382088317E-14));
#3745=DIRECTION('',(2.06157020195995E-5,-0.999999999787496,-1.07505071409889E-14));
#3746=DIRECTION('',(-2.06157020195547E-5,0.999999999787496,1.0750507140989E-14));
#3747=DIRECTION('',(-1.22464679914704E-16,1.09426356864616E-14,-1.));
#3748=DIRECTION('',(-0.404162708692234,0.914687107650784,1.00585834428793E-14));
#3749=DIRECTION('',(0.914687107650784,0.404162708692234,4.31058841541207E-15));
#3750=DIRECTION('',(-0.914687107650784,-0.404162708692233,-4.2533280861956E-15));
#3751=DIRECTION('',(0.914687107650784,0.404162708692233,4.2533280861956E-15));
#3752=DIRECTION('',(-1.22464679914694E-16,1.09426356864617E-14,-1.));
#3753=DIRECTION('',(-0.942054981680479,0.335458509343544,3.78616871746345E-15));
#3754=DIRECTION('',(0.335458509343544,0.942054981680479,1.02674826421744E-14));
#3755=DIRECTION('',(-0.335458509343523,-0.942054981680487,-8.06670816331746E-15));
#3756=DIRECTION('',(0.335458509343523,0.942054981680487,8.06670816331746E-15));
#3757=DIRECTION('',(-1.22464679914707E-16,1.09426356864617E-14,-1.));
#3758=DIRECTION('',(-0.999999999787496,-2.06157020204443E-5,1.22239089772052E-16));
#3759=DIRECTION('',(-2.06157020204443E-5,0.999999999787496,1.09426382088317E-14));
#3760=DIRECTION('',(2.06157020169789E-5,-0.999999999787496,-1.11750956641635E-14));
#3761=DIRECTION('',(-2.06157020204443E-5,0.999999999787496,1.09426382088317E-14));
#3762=DIRECTION('',(1.22464679914707E-16,-1.09426356864617E-14,1.));
#3763=DIRECTION('',(0.999999999787496,2.06157020197937E-5,-1.2223908977206E-16));
#3764=DIRECTION('',(2.06157020197937E-5,-0.999999999787496,-1.09426382088317E-14));
#3765=DIRECTION('',(-2.06157020188047E-5,0.999999999787496,1.1077354684306E-14));
#3766=DIRECTION('',(2.06157020188047E-5,-0.999999999787496,-1.1077354684306E-14));
#3767=DIRECTION('',(-1.22464679914707E-16,1.09426356864617E-14,-1.));
#3768=DIRECTION('',(-1.,4.88498130835069E-15,1.2246467991476E-16));
#3769=DIRECTION('',(1.3025113057186E-13,-2.83336881496267E-14,1.));
#3770=DIRECTION('',(0.999863020453101,0.0165511428730051,-1.29764333910327E-13));
#3771=DIRECTION('',(1.3025113057186E-13,-2.83336881496267E-14,1.));
#3772=DIRECTION('',(1.,0.,-1.3025113057186E-13));
#3773=DIRECTION('',(1.3025113057186E-13,-2.83336881496267E-14,1.));
#3774=DIRECTION('',(1.,0.,-1.3025113057186E-13));
#3775=DIRECTION('',(0.997045243225175,-0.0768165539584487,-1.08875679013591E-13));
#3776=DIRECTION('',(1.3025113057186E-13,-2.83336881496267E-14,1.));
#3777=DIRECTION('',(1.,0.,-1.3025113057186E-13));
#3778=DIRECTION('',(-0.993956526211399,-0.10977442325865,1.08875679013593E-13));
#3779=DIRECTION('',(-1.3025113057186E-13,2.83336881496267E-14,-1.));
#3780=DIRECTION('',(-1.,0.,1.3025113057186E-13));
#3781=DIRECTION('',(1.3025113057186E-13,-2.83336881496267E-14,1.));
#3782=DIRECTION('',(1.,0.,-1.3025113057186E-13));
#3783=DIRECTION('',(1.3025113057186E-13,-2.83336881496267E-14,1.));
#3784=DIRECTION('',(1.,0.,-1.3025113057186E-13));
#3785=DIRECTION('',(0.971983996232849,0.23504704011585,-1.3065081481632E-13));
#3786=DIRECTION('',(1.3025113057186E-13,-2.83336881496267E-14,1.));
#3787=DIRECTION('',(1.,0.,-1.3025113057186E-13));
#3788=DIRECTION('',(-0.911386668832752,-0.411551138832028,8.71005432108605E-14));
#3789=DIRECTION('',(-1.3025113057186E-13,2.83336881496267E-14,-1.));
#3790=DIRECTION('',(-1.,0.,1.3025113057186E-13));
#3791=DIRECTION('',(1.3025113057186E-13,-2.83336881496267E-14,1.));
#3792=DIRECTION('',(1.,0.,-1.3025113057186E-13));
#3793=DIRECTION('',(1.3025113057186E-13,-2.83336881496267E-14,1.));
#3794=DIRECTION('',(1.,0.,-1.3025113057186E-13));
#3795=DIRECTION('',(0.85177818347856,0.523902592234438,-8.71005432108883E-14));
#3796=DIRECTION('',(1.3025113057186E-13,-2.83336881496267E-14,1.));
#3797=DIRECTION('',(1.,0.,-1.3025113057186E-13));
#3798=DIRECTION('',(-0.739603934304493,-0.673042361490951,6.53254074081584E-14));
#3799=DIRECTION('',(-1.3025113057186E-13,2.83336881496267E-14,-1.));
#3800=DIRECTION('',(-1.,0.,1.3025113057186E-13));
#3801=DIRECTION('',(1.3025113057186E-13,-2.83336881496267E-14,1.));
#3802=DIRECTION('',(1.,0.,-1.3025113057186E-13));
#3803=DIRECTION('',(1.3025113057186E-13,-2.83336881496267E-14,1.));
#3804=DIRECTION('',(1.,0.,-1.3025113057186E-13));
#3805=DIRECTION('',(0.648194387437837,0.761474908381154,-6.53254074081538E-14));
#3806=DIRECTION('',(1.3025113057186E-13,-2.83336881496267E-14,1.));
#3807=DIRECTION('',(1.,0.,-1.3025113057186E-13));
#3808=DIRECTION('',(-0.495423613562885,-0.868651508445299,6.5325407408146E-14));
#3809=DIRECTION('',(-1.3025113057186E-13,2.83336881496267E-14,-1.));
#3810=DIRECTION('',(-1.,0.,1.3025113057186E-13));
#3811=DIRECTION('',(1.3025113057186E-13,-2.83336881496267E-14,1.));
#3812=DIRECTION('',(1.,0.,-1.3025113057186E-13));
#3813=DIRECTION('',(1.3025113057186E-13,-2.83336881496267E-14,1.));
#3814=DIRECTION('',(1.,0.,-1.3025113057186E-13));
#3815=DIRECTION('',(0.381160808518693,0.924508754987953,-2.17751358027188E-14));
#3816=DIRECTION('',(1.3025113057186E-13,-2.83336881496267E-14,1.));
#3817=DIRECTION('',(1.,0.,-1.3025113057186E-13));
#3818=DIRECTION('',(-0.202747777706434,-0.979230993502096,0.));
#3819=DIRECTION('',(-1.3025113057186E-13,2.83336881496267E-14,-1.));
#3820=DIRECTION('',(-1.,0.,1.3025113057186E-13));
#3821=DIRECTION('',(1.3025113057186E-13,-2.83336881496267E-14,1.));
#3822=DIRECTION('',(1.,0.,-1.3025113057186E-13));
#3823=DIRECTION('',(1.3025113057186E-13,-2.83336881496267E-14,1.));
#3824=DIRECTION('',(1.,0.,-1.3025113057186E-13));
#3825=DIRECTION('',(0.0768165539585265,0.997045243225169,0.));
#3826=DIRECTION('',(1.3025113057186E-13,-2.83336881496267E-14,1.));
#3827=DIRECTION('',(1.,0.,-1.3025113057186E-13));
#3828=DIRECTION('',(0.109774423258722,-0.993956526211391,-4.35502716054371E-14));
#3829=DIRECTION('',(-1.3025113057186E-13,2.83336881496267E-14,-1.));
#3830=DIRECTION('',(-1.,0.,1.3025113057186E-13));
#3831=DIRECTION('',(1.3025113057186E-13,-2.83336881496267E-14,1.));
#3832=DIRECTION('',(1.,0.,-1.3025113057186E-13));
#3833=DIRECTION('',(1.3025113057186E-13,-2.83336881496267E-14,1.));
#3834=DIRECTION('',(1.,0.,-1.3025113057186E-13));
#3835=DIRECTION('',(-0.235047040115818,0.971983996232856,4.35502716054337E-14));
#3836=DIRECTION('',(1.3025113057186E-13,-2.83336881496267E-14,1.));
#3837=DIRECTION('',(1.,0.,-1.3025113057186E-13));
#3838=DIRECTION('',(0.411551138832005,-0.911386668832763,-1.08875679013594E-13));
#3839=DIRECTION('',(-1.3025113057186E-13,2.83336881496267E-14,-1.));
#3840=DIRECTION('',(-1.,0.,1.3025113057186E-13));
#3841=DIRECTION('',(1.3025113057186E-13,-2.83336881496267E-14,1.));
#3842=DIRECTION('',(1.,0.,-1.3025113057186E-13));
#3843=DIRECTION('',(1.3025113057186E-13,-2.83336881496267E-14,1.));
#3844=DIRECTION('',(1.,0.,-1.3025113057186E-13));
#3845=DIRECTION('',(-0.523902592234507,0.851778183478518,1.08875679013601E-13));
#3846=DIRECTION('',(1.3025113057186E-13,-2.83336881496267E-14,1.));
#3847=DIRECTION('',(1.,0.,-1.3025113057186E-13));
#3848=DIRECTION('',(0.673042361490911,-0.739603934304529,-1.08875679013581E-13));
#3849=DIRECTION('',(-1.3025113057186E-13,2.83336881496267E-14,-1.));
#3850=DIRECTION('',(-1.,0.,1.3025113057186E-13));
#3851=DIRECTION('',(1.3025113057186E-13,-2.83336881496267E-14,1.));
#3852=DIRECTION('',(1.,0.,-1.3025113057186E-13));
#3853=DIRECTION('',(1.3025113057186E-13,-2.83336881496267E-14,1.));
#3854=DIRECTION('',(1.,0.,-1.3025113057186E-13));
#3855=DIRECTION('',(-0.76147490838118,0.648194387437807,1.08875679013582E-13));
#3856=DIRECTION('',(1.3025113057186E-13,-2.83336881496267E-14,1.));
#3857=DIRECTION('',(1.,0.,-1.3025113057186E-13));
#3858=DIRECTION('',(0.868651508445236,-0.495423613562995,-1.30650814816304E-13));
#3859=DIRECTION('',(-1.3025113057186E-13,2.83336881496267E-14,-1.));
#3860=DIRECTION('',(-1.,0.,1.3025113057186E-13));
#3861=DIRECTION('',(1.3025113057186E-13,-2.83336881496267E-14,1.));
#3862=DIRECTION('',(1.,0.,-1.3025113057186E-13));
#3863=DIRECTION('',(1.3025113057186E-13,-2.83336881496267E-14,1.));
#3864=DIRECTION('',(1.,0.,-1.3025113057186E-13));
#3865=DIRECTION('',(-0.924508754987958,0.381160808518684,1.30650814816306E-13));
#3866=DIRECTION('',(1.3025113057186E-13,-2.83336881496267E-14,1.));
#3867=DIRECTION('',(1.,0.,-1.3025113057186E-13));
#3868=DIRECTION('',(0.979230993502093,-0.20274777770645,-1.30650814816307E-13));
#3869=DIRECTION('',(-1.3025113057186E-13,2.83336881496267E-14,-1.));
#3870=DIRECTION('',(-1.,0.,1.3025113057186E-13));
#3871=DIRECTION('',(1.3025113057186E-13,-2.83336881496267E-14,1.));
#3872=DIRECTION('',(1.,0.,-1.3025113057186E-13));
#3873=DIRECTION('',(1.3025113057186E-13,-2.83336881496267E-14,1.));
#3874=DIRECTION('',(1.,0.,-1.3025113057186E-13));
#3875=DIRECTION('',(-0.997045243225177,0.0768165539584188,1.08875679013591E-13));
#3876=DIRECTION('',(1.3025113057186E-13,-2.83336881496267E-14,1.));
#3877=DIRECTION('',(1.,0.,-1.3025113057186E-13));
#3878=DIRECTION('',(0.993956526211395,0.109774423258685,-1.08875679013593E-13));
#3879=DIRECTION('',(-1.3025113057186E-13,2.83336881496267E-14,-1.));
#3880=DIRECTION('',(-1.,0.,1.3025113057186E-13));
#3881=DIRECTION('',(1.3025113057186E-13,-2.83336881496267E-14,1.));
#3882=DIRECTION('',(1.,0.,-1.3025113057186E-13));
#3883=DIRECTION('',(1.3025113057186E-13,-2.83336881496267E-14,1.));
#3884=DIRECTION('',(1.,0.,-1.3025113057186E-13));
#3885=DIRECTION('',(-0.971983996232852,-0.235047040115837,1.30650814816303E-13));
#3886=DIRECTION('',(1.3025113057186E-13,-2.83336881496267E-14,1.));
#3887=DIRECTION('',(1.,0.,-1.3025113057186E-13));
#3888=DIRECTION('',(0.911386668832776,0.411551138831974,-8.71005432108727E-14));
#3889=DIRECTION('',(-1.3025113057186E-13,2.83336881496267E-14,-1.));
#3890=DIRECTION('',(-1.,0.,1.3025113057186E-13));
#3891=DIRECTION('',(1.3025113057186E-13,-2.83336881496267E-14,1.));
#3892=DIRECTION('',(1.,0.,-1.3025113057186E-13));
#3893=DIRECTION('',(1.3025113057186E-13,-2.83336881496267E-14,1.));
#3894=DIRECTION('',(1.,0.,-1.3025113057186E-13));
#3895=DIRECTION('',(-0.851778183478536,-0.523902592234477,8.71005432108735E-14));
#3896=DIRECTION('',(1.3025113057186E-13,-2.83336881496267E-14,1.));
#3897=DIRECTION('',(1.,0.,-1.3025113057186E-13));
#3898=DIRECTION('',(0.739603934304469,0.673042361490977,-6.53254074081488E-14));
#3899=DIRECTION('',(-1.3025113057186E-13,2.83336881496267E-14,-1.));
#3900=DIRECTION('',(-1.,0.,1.3025113057186E-13));
#3901=DIRECTION('',(1.3025113057186E-13,-2.83336881496267E-14,1.));
#3902=DIRECTION('',(1.,0.,-1.3025113057186E-13));
#3903=DIRECTION('',(1.3025113057186E-13,-2.83336881496267E-14,1.));
#3904=DIRECTION('',(1.,0.,-1.3025113057186E-13));
#3905=DIRECTION('',(-0.648194387437776,-0.761474908381206,6.53254074081573E-14));
#3906=DIRECTION('',(1.3025113057186E-13,-2.83336881496267E-14,1.));
#3907=DIRECTION('',(1.,0.,-1.3025113057186E-13));
#3908=DIRECTION('',(0.495423613562874,0.868651508445305,-6.53254074081604E-14));
#3909=DIRECTION('',(-1.3025113057186E-13,2.83336881496267E-14,-1.));
#3910=DIRECTION('',(-1.,0.,1.3025113057186E-13));
#3911=DIRECTION('',(1.3025113057186E-13,-2.83336881496267E-14,1.));
#3912=DIRECTION('',(1.,0.,-1.3025113057186E-13));
#3913=DIRECTION('',(1.3025113057186E-13,-2.83336881496267E-14,1.));
#3914=DIRECTION('',(1.,0.,-1.3025113057186E-13));
#3915=DIRECTION('',(-0.38116080851873,-0.924508754987938,2.17751358027173E-14));
#3916=DIRECTION('',(1.3025113057186E-13,-2.83336881496267E-14,1.));
#3917=DIRECTION('',(1.,0.,-1.3025113057186E-13));
#3918=DIRECTION('',(0.202747777706359,0.979230993502112,0.));
#3919=DIRECTION('',(-1.3025113057186E-13,2.83336881496267E-14,-1.));
#3920=DIRECTION('',(-1.,0.,1.3025113057186E-13));
#3921=DIRECTION('',(1.3025113057186E-13,-2.83336881496267E-14,1.));
#3922=DIRECTION('',(1.,0.,-1.3025113057186E-13));
#3923=DIRECTION('',(1.3025113057186E-13,-2.83336881496267E-14,1.));
#3924=DIRECTION('',(1.,0.,-1.3025113057186E-13));
#3925=DIRECTION('',(-0.0768165539583687,-0.997045243225181,0.));
#3926=DIRECTION('',(1.3025113057186E-13,-2.83336881496267E-14,1.));
#3927=DIRECTION('',(1.,0.,-1.3025113057186E-13));
#3928=DIRECTION('',(-0.109774423258643,0.993956526211399,4.35502716054382E-14));
#3929=DIRECTION('',(-1.3025113057186E-13,2.83336881496267E-14,-1.));
#3930=DIRECTION('',(-1.,0.,1.3025113057186E-13));
#3931=DIRECTION('',(1.3025113057186E-13,-2.83336881496267E-14,1.));
#3932=DIRECTION('',(1.,0.,-1.3025113057186E-13));
#3933=DIRECTION('',(1.3025113057186E-13,-2.83336881496267E-14,1.));
#3934=DIRECTION('',(1.,0.,-1.3025113057186E-13));
#3935=DIRECTION('',(0.235047040115847,-0.971983996232849,-4.35502716054402E-14));
#3936=DIRECTION('',(1.3025113057186E-13,-2.83336881496267E-14,1.));
#3937=DIRECTION('',(1.,0.,-1.3025113057186E-13));
#3938=DIRECTION('',(-0.411551138831861,0.911386668832828,1.088756790136E-13));
#3939=DIRECTION('',(-1.3025113057186E-13,2.83336881496267E-14,-1.));
#3940=DIRECTION('',(-1.,0.,1.3025113057186E-13));
#3941=DIRECTION('',(1.3025113057186E-13,-2.83336881496267E-14,1.));
#3942=DIRECTION('',(1.,0.,-1.3025113057186E-13));
#3943=DIRECTION('',(1.3025113057186E-13,-2.83336881496267E-14,1.));
#3944=DIRECTION('',(1.,0.,-1.3025113057186E-13));
#3945=DIRECTION('',(0.523902592234538,-0.851778183478499,-1.08875679013577E-13));
#3946=DIRECTION('',(1.3025113057186E-13,-2.83336881496267E-14,1.));
#3947=DIRECTION('',(1.,0.,-1.3025113057186E-13));
#3948=DIRECTION('',(-0.673042361490901,0.739603934304538,1.08875679013609E-13));
#3949=DIRECTION('',(-1.3025113057186E-13,2.83336881496267E-14,-1.));
#3950=DIRECTION('',(-1.,0.,1.3025113057186E-13));
#3951=DIRECTION('',(1.3025113057186E-13,-2.83336881496267E-14,1.));
#3952=DIRECTION('',(1.,0.,-1.3025113057186E-13));
#3953=DIRECTION('',(1.3025113057186E-13,-2.83336881496267E-14,1.));
#3954=DIRECTION('',(1.,0.,-1.3025113057186E-13));
#3955=DIRECTION('',(0.761474908381191,-0.648194387437794,-1.08875679013599E-13));
#3956=DIRECTION('',(1.3025113057186E-13,-2.83336881496267E-14,1.));
#3957=DIRECTION('',(1.,0.,-1.3025113057186E-13));
#3958=DIRECTION('',(-0.868651508445328,0.495423613562835,1.30650814816276E-13));
#3959=DIRECTION('',(-1.3025113057186E-13,2.83336881496267E-14,-1.));
#3960=DIRECTION('',(-1.,0.,1.3025113057186E-13));
#3961=DIRECTION('',(1.3025113057186E-13,-2.83336881496267E-14,1.));
#3962=DIRECTION('',(1.,0.,-1.3025113057186E-13));
#3963=DIRECTION('',(1.3025113057186E-13,-2.83336881496267E-14,1.));
#3964=DIRECTION('',(1.,0.,-1.3025113057186E-13));
#3965=DIRECTION('',(0.924508754987956,-0.381160808518687,-1.30650814816307E-13));
#3966=DIRECTION('',(1.3025113057186E-13,-2.83336881496267E-14,1.));
#3967=DIRECTION('',(1.,0.,-1.3025113057186E-13));
#3968=DIRECTION('',(-0.979230993502097,0.202747777706431,1.30650814816306E-13));
#3969=DIRECTION('',(-1.3025113057186E-13,2.83336881496267E-14,-1.));
#3970=DIRECTION('',(-1.,0.,1.3025113057186E-13));
#3971=DIRECTION('',(1.22464679914707E-16,-1.09426356864617E-14,1.));
#3972=DIRECTION('',(0.,-1.,-1.09426356864617E-14));
#3973=DIRECTION('',(-1.3025113057186E-13,2.83336881496267E-14,-1.));
#3974=DIRECTION('',(-0.827613226351051,-0.561298804175463,9.18938931321831E-14));
#3975=DIRECTION('',(-1.3025113057186E-13,2.83336881496267E-14,-1.));
#3976=DIRECTION('',(-1.3025113057186E-13,2.83336881496267E-14,-1.));
#3977=DIRECTION('',(-1.,0.,1.3025113057186E-13));
#3978=DIRECTION('',(1.3025113057186E-13,-2.83336881496267E-14,1.));
#3979=DIRECTION('',(0.202747777706457,0.979230993502092,1.33709832913928E-15));
#3980=DIRECTION('',(-0.979230993502092,0.202747777706457,1.33290536301217E-13));
#3981=DIRECTION('',(0.979230993502096,-0.202747777706435,-2.17751358027175E-14));
#3982=DIRECTION('',(1.3025113057186E-13,-2.83336881496267E-14,1.));
#3983=DIRECTION('',(-0.370574320910148,0.928802816900327,7.45841336259947E-14));
#3984=DIRECTION('',(1.3025113057186E-13,-2.83336881496268E-14,1.));
#3985=DIRECTION('',(1.3025113057186E-13,-2.83336881496267E-14,1.));
#3986=DIRECTION('',(1.3025113057186E-13,-2.83336881496267E-14,1.));
#3987=DIRECTION('',(1.,0.,-1.3025113057186E-13));
#3988=DIRECTION('',(-0.381160808518729,-0.924508754987939,2.34518834838207E-14));
#3989=DIRECTION('',(0.924508754987939,-0.381160808518729,-1.31218002044191E-13));
#3990=DIRECTION('',(-0.924508754987933,0.381160808518743,0.));
#3991=DIRECTION('',(-1.3025113057186E-13,2.83336881496267E-14,-1.));
#3992=DIRECTION('',(-0.960557821305776,-0.278080333587796,1.17234700752299E-13));
#3993=DIRECTION('',(-1.3025113057186E-13,2.83336881496267E-14,-1.));
#3994=DIRECTION('',(-1.3025113057186E-13,2.83336881496267E-14,-1.));
#3995=DIRECTION('',(-1.,0.,1.3025113057186E-13));
#3996=DIRECTION('',(-1.3025113057186E-13,2.83336881496267E-14,-1.));
#3997=DIRECTION('',(0.495423613562898,0.868651508445292,-3.99173848275718E-14));
#3998=DIRECTION('',(-0.868651508445292,0.495423613562898,1.27180019216603E-13));
#3999=DIRECTION('',(0.868651508445276,-0.495423613562925,0.));
#4000=DIRECTION('',(1.3025113057186E-13,-2.83336881496267E-14,1.));
#4001=DIRECTION('',(-0.0654212678277197,0.997857734206542,3.67941839567062E-14));
#4002=DIRECTION('',(1.30251130571859E-13,-2.83336881496263E-14,1.));
#4003=DIRECTION('',(1.3025113057186E-13,-2.83336881496267E-14,1.));
#4004=DIRECTION('',(1.3025113057186E-13,-2.83336881496267E-14,1.));
#4005=DIRECTION('',(1.,0.,-1.3025113057186E-13));
#4006=DIRECTION('',(-0.648194387437764,-0.761474908381216,6.28526592062639E-14));
#4007=DIRECTION('',(0.761474908381216,-0.648194387437764,-1.17548705352756E-13));
#4008=DIRECTION('',(-0.761474908381281,0.648194387437688,0.));
#4009=DIRECTION('',(-1.3025113057186E-13,2.83336881496267E-14,-1.));
#4010=DIRECTION('',(-0.999476324111218,0.03235857755105,1.3109975904059E-13));
#4011=DIRECTION('',(-1.3025113057186E-13,2.83336881496267E-14,-1.));
#4012=DIRECTION('',(-1.3025113057186E-13,2.83336881496267E-14,-1.));
#4013=DIRECTION('',(-1.,0.,1.3025113057186E-13));
#4014=DIRECTION('',(1.3025113057186E-13,-2.83336881496267E-14,1.));
#4015=DIRECTION('',(0.739603934304514,0.673042361490927,-7.72644762365861E-14));
#4016=DIRECTION('',(-0.673042361490927,0.739603934304514,1.08620235735769E-13));
#4017=DIRECTION('',(0.673042361490945,-0.739603934304498,0.));
#4018=DIRECTION('',(1.3025113057186E-13,-2.83336881496267E-14,1.));
#4019=DIRECTION('',(0.24613567476645,0.969235384004971,-4.59743679841721E-15));
#4020=DIRECTION('',(1.3025113057186E-13,-2.83336881496267E-14,1.));
#4021=DIRECTION('',(1.3025113057186E-13,-2.83336881496267E-14,1.));
#4022=DIRECTION('',(1.3025113057186E-13,-2.83336881496267E-14,1.));
#4023=DIRECTION('',(1.,0.,-1.3025113057186E-13));
#4024=DIRECTION('',(-0.851778183478533,-0.523902592234483,9.61009787253708E-14));
#4025=DIRECTION('',(0.523902592234483,-0.851778183478533,-9.23729223714056E-14));
#4026=DIRECTION('',(-0.523902592234487,0.85177818347853,0.));
#4027=DIRECTION('',(-1.3025113057186E-13,2.83336881496267E-14,-1.));
#4028=DIRECTION('',(-0.940559120551625,0.339630005663742,1.32131859488256E-13));
#4029=DIRECTION('',(-1.3025113057186E-13,2.83336881496267E-14,-1.));
#4030=DIRECTION('',(-1.3025113057186E-13,2.83336881496267E-14,-1.));
#4031=DIRECTION('',(-1.,0.,1.3025113057186E-13));
#4032=DIRECTION('',(1.3025113057186E-13,-2.83336881496267E-14,1.));
#4033=DIRECTION('',(0.911386668832784,0.411551138831958,-1.07048382378303E-13));
#4034=DIRECTION('',(-0.411551138831958,0.911386668832784,7.9427946779434E-14));
#4035=DIRECTION('',(0.411551138831937,-0.911386668832793,0.));
#4036=DIRECTION('',(1.3025113057186E-13,-2.83336881496267E-14,1.));
#4037=DIRECTION('',(0.533599142586403,0.845737521356984,-4.55390284074871E-14));
#4038=DIRECTION('',(1.3025113057186E-13,-2.83336881496266E-14,1.));
#4039=DIRECTION('',(1.3025113057186E-13,-2.83336881496267E-14,1.));
#4040=DIRECTION('',(1.3025113057186E-13,-2.83336881496267E-14,1.));
#4041=DIRECTION('',(1.,0.,-1.3025113057186E-13));
#4042=DIRECTION('',(-0.971983996232851,-0.235047040115839,1.19942264871948E-13));
#4043=DIRECTION('',(0.235047040115839,-0.971983996232851,-5.81550341483467E-14));
#4044=DIRECTION('',(-0.235047040115994,0.971983996232814,0.));
#4045=DIRECTION('',(-1.3025113057186E-13,2.83336881496267E-14,-1.));
#4046=DIRECTION('',(-0.789573437011705,0.61365608248067,1.20229972912413E-13));
#4047=DIRECTION('',(-1.3025113057186E-13,2.83336881496267E-14,-1.));
#4048=DIRECTION('',(-1.3025113057186E-13,2.83336881496267E-14,-1.));
#4049=DIRECTION('',(-1.,0.,1.3025113057186E-13));
#4050=DIRECTION('',(1.3025113057186E-13,-2.83336881496267E-14,1.));
#4051=DIRECTION('',(0.993956526211391,0.109774423258723,-1.26353647002894E-13));
#4052=DIRECTION('',(-0.109774423258723,0.993956526211391,4.24606969852823E-14));
#4053=DIRECTION('',(0.109774423258788,-0.993956526211383,0.));
#4054=DIRECTION('',(1.3025113057186E-13,-2.83336881496267E-14,1.));
#4055=DIRECTION('',(0.768830208526159,0.639452977518772,-8.20229426269639E-14));
#4056=DIRECTION('',(1.3025113057186E-13,-2.83336881496267E-14,1.));
#4057=DIRECTION('',(1.3025113057186E-13,-2.83336881496267E-14,1.));
#4058=DIRECTION('',(1.3025113057186E-13,-2.83336881496267E-14,1.));
#4059=DIRECTION('',(1.,0.,-1.3025113057186E-13));
#4060=DIRECTION('',(-0.997045243225181,0.0768165539583688,1.3204276644596E-13));
#4061=DIRECTION('',(-0.0768165539583688,-0.997045243225181,-1.82445259928992E-14));
#4062=DIRECTION('',(0.0768165539582879,0.997045243225188,2.1775135802719E-14));
#4063=DIRECTION('',(-1.3025113057186E-13,2.83336881496267E-14,-1.));
#4064=DIRECTION('',(-0.561298804175463,0.82761322635105,9.65591388964242E-14));
#4065=DIRECTION('',(-1.3025113057186E-13,2.83336881496267E-14,-1.));
#4066=DIRECTION('',(-1.3025113057186E-13,2.83336881496267E-14,-1.));
#4067=DIRECTION('',(-1.,0.,1.3025113057186E-13));
#4068=DIRECTION('',(1.3025113057186E-13,-2.83336881496267E-14,1.));
#4069=DIRECTION('',(0.979230993502092,-0.202747777706457,-1.33290536301217E-13));
#4070=DIRECTION('',(0.202747777706457,0.979230993502092,1.33709832913928E-15));
#4071=DIRECTION('',(-0.202747777706449,-0.979230993502093,0.));
#4072=DIRECTION('',(1.3025113057186E-13,-2.83336881496267E-14,1.));
#4073=DIRECTION('',(0.928802816900327,0.370574320910148,-1.10477879734668E-13));
#4074=DIRECTION('',(1.3025113057186E-13,-2.83336881496268E-14,1.));
#4075=DIRECTION('',(1.3025113057186E-13,-2.83336881496267E-14,1.));
#4076=DIRECTION('',(1.3025113057186E-13,-2.83336881496267E-14,1.));
#4077=DIRECTION('',(1.,0.,-1.3025113057186E-13));
#4078=DIRECTION('',(-0.924508754987939,0.381160808518729,1.31218002044191E-13));
#4079=DIRECTION('',(-0.381160808518729,-0.924508754987939,2.34518834838207E-14));
#4080=DIRECTION('',(0.381160808518723,0.924508754987942,0.));
#4081=DIRECTION('',(-1.3025113057186E-13,2.83336881496267E-14,-1.));
#4082=DIRECTION('',(-0.278080333587791,0.960557821305778,6.34364235981725E-14));
#4083=DIRECTION('',(-1.3025113057186E-13,2.83336881496267E-14,-1.));
#4084=DIRECTION('',(-1.3025113057186E-13,2.83336881496267E-14,-1.));
#4085=DIRECTION('',(-1.,0.,1.3025113057186E-13));
#4086=DIRECTION('',(1.3025113057186E-13,-2.83336881496267E-14,1.));
#4087=DIRECTION('',(0.868651508445292,-0.495423613562897,-1.27180019216603E-13));
#4088=DIRECTION('',(0.495423613562897,0.868651508445292,-3.99173848275716E-14));
#4089=DIRECTION('',(-0.49542361356293,-0.868651508445274,0.));
#4090=DIRECTION('',(1.3025113057186E-13,-2.83336881496267E-14,1.));
#4091=DIRECTION('',(0.997857734206542,0.0654212678277249,-1.28118472229293E-13));
#4092=DIRECTION('',(1.30251130571859E-13,-2.83336881496264E-14,1.));
#4093=DIRECTION('',(1.3025113057186E-13,-2.83336881496267E-14,1.));
#4094=DIRECTION('',(1.3025113057186E-13,-2.83336881496267E-14,1.));
#4095=DIRECTION('',(1.,0.,-1.3025113057186E-13));
#4096=DIRECTION('',(-0.761474908381216,0.648194387437764,1.17548705352756E-13));
#4097=DIRECTION('',(-0.648194387437764,-0.761474908381216,6.28526592062639E-14));
#4098=DIRECTION('',(0.648194387437785,0.761474908381199,2.17751358027188E-14));
#4099=DIRECTION('',(-1.3025113057186E-13,2.83336881496267E-14,-1.));
#4100=DIRECTION('',(0.0323585775510502,0.999476324111218,2.4104109170581E-14));
#4101=DIRECTION('',(-1.3025113057186E-13,2.83336881496267E-14,-1.));
#4102=DIRECTION('',(-1.3025113057186E-13,2.83336881496267E-14,-1.));
#4103=DIRECTION('',(-1.,0.,1.3025113057186E-13));
#4104=DIRECTION('',(1.3025113057186E-13,-2.83336881496267E-14,1.));
#4105=DIRECTION('',(0.673042361490927,-0.739603934304514,-1.08620235735769E-13));
#4106=DIRECTION('',(0.739603934304514,0.673042361490927,-7.72644762365861E-14));
#4107=DIRECTION('',(-0.73960393430447,-0.673042361490976,0.));
#4108=DIRECTION('',(1.3025113057186E-13,-2.83336881496267E-14,1.));
#4109=DIRECTION('',(0.969235384004972,-0.246135674766449,-1.33217936008229E-13));
#4110=DIRECTION('',(1.30251130571859E-13,-2.83336881496267E-14,1.));
#4111=DIRECTION('',(1.3025113057186E-13,-2.83336881496267E-14,1.));
#4112=DIRECTION('',(1.3025113057186E-13,-2.83336881496267E-14,1.));
#4113=DIRECTION('',(1.,0.,-1.3025113057186E-13));
#4114=DIRECTION('',(-0.523902592234483,0.851778183478533,9.23729223714056E-14));
#4115=DIRECTION('',(-0.851778183478533,-0.523902592234483,9.61009787253708E-14));
#4116=DIRECTION('',(0.851778183478511,0.523902592234518,0.));
#4117=DIRECTION('',(-1.3025113057186E-13,2.83336881496267E-14,-1.));
#4118=DIRECTION('',(0.339630005663743,0.940559120551625,-1.75876834058329E-14));
#4119=DIRECTION('',(-1.3025113057186E-13,2.83336881496267E-14,-1.));
#4120=DIRECTION('',(-1.3025113057186E-13,2.83336881496267E-14,-1.));
#4121=DIRECTION('',(-1.,0.,1.3025113057186E-13));
#4122=DIRECTION('',(1.3025113057186E-13,-2.83336881496267E-14,1.));
#4123=DIRECTION('',(0.411551138831958,-0.911386668832784,-7.9427946779434E-14));
#4124=DIRECTION('',(0.911386668832784,0.411551138831958,-1.07048382378303E-13));
#4125=DIRECTION('',(-0.911386668832783,-0.41155113883196,0.));
#4126=DIRECTION('',(1.3025113057186E-13,-2.83336881496267E-14,1.));
#4127=DIRECTION('',(0.845737521356986,-0.5335991425864,-1.25277100026741E-13));
#4128=DIRECTION('',(1.3025113057186E-13,-2.83336881496266E-14,1.));
#4129=DIRECTION('',(1.3025113057186E-13,-2.83336881496267E-14,1.));
#4130=DIRECTION('',(1.3025113057186E-13,-2.83336881496267E-14,1.));
#4131=DIRECTION('',(1.,0.,-1.3025113057186E-13));
#4132=DIRECTION('',(-0.235047040115839,0.971983996232851,5.81550341483467E-14));
#4133=DIRECTION('',(-0.971983996232851,-0.235047040115839,1.19942264871948E-13));
#4134=DIRECTION('',(0.971983996232853,0.235047040115831,0.));
#4135=DIRECTION('',(-1.3025113057186E-13,2.83336881496267E-14,-1.));
#4136=DIRECTION('',(0.613656082480672,0.789573437011704,-5.75578709898875E-14));
#4137=DIRECTION('',(-1.3025113057186E-13,2.83336881496267E-14,-1.));
#4138=DIRECTION('',(-1.3025113057186E-13,2.83336881496267E-14,-1.));
#4139=DIRECTION('',(-1.,0.,1.3025113057186E-13));
#4140=DIRECTION('',(1.3025113057186E-13,-2.83336881496267E-14,1.));
#4141=DIRECTION('',(0.109774423258723,-0.993956526211391,-4.24606969852823E-14));
#4142=DIRECTION('',(0.993956526211391,0.109774423258723,-1.26353647002894E-13));
#4143=DIRECTION('',(-0.993956526211392,-0.109774423258713,0.));
#4144=DIRECTION('',(1.3025113057186E-13,-2.83336881496267E-14,1.));
#4145=DIRECTION('',(0.639452977518772,-0.768830208526159,-1.05073268637755E-13));
#4146=DIRECTION('',(1.3025113057186E-13,-2.83336881496267E-14,1.));
#4147=DIRECTION('',(1.3025113057186E-13,-2.83336881496267E-14,1.));
#4148=DIRECTION('',(1.3025113057186E-13,-2.83336881496267E-14,1.));
#4149=DIRECTION('',(1.,0.,-1.3025113057186E-13));
#4150=DIRECTION('',(0.0768165539583688,0.997045243225181,1.82445259928992E-14));
#4151=DIRECTION('',(-0.997045243225181,0.0768165539583688,1.3204276644596E-13));
#4152=DIRECTION('',(0.997045243225178,-0.0768165539584116,0.));
#4153=DIRECTION('',(-1.3025113057186E-13,2.83336881496267E-14,-1.));
#4154=DIRECTION('',(0.827613226351051,0.561298804175463,-9.18938931321831E-14));
#4155=DIRECTION('',(-1.3025113057186E-13,2.83336881496267E-14,-1.));
#4156=DIRECTION('',(-1.3025113057186E-13,2.83336881496267E-14,-1.));
#4157=DIRECTION('',(-1.,0.,1.3025113057186E-13));
#4158=DIRECTION('',(1.3025113057186E-13,-2.83336881496267E-14,1.));
#4159=DIRECTION('',(-0.202747777706457,-0.979230993502092,-1.33709832913928E-15));
#4160=DIRECTION('',(0.979230993502092,-0.202747777706457,-1.33290536301217E-13));
#4161=DIRECTION('',(-0.979230993502094,0.202747777706447,0.));
#4162=DIRECTION('',(1.3025113057186E-13,-2.83336881496267E-14,1.));
#4163=DIRECTION('',(0.370574320910149,-0.928802816900327,-7.45841336259949E-14));
#4164=DIRECTION('',(1.3025113057186E-13,-2.83336881496268E-14,1.));
#4165=DIRECTION('',(1.3025113057186E-13,-2.83336881496267E-14,1.));
#4166=DIRECTION('',(1.3025113057186E-13,-2.83336881496267E-14,1.));
#4167=DIRECTION('',(1.,0.,-1.3025113057186E-13));
#4168=DIRECTION('',(0.381160808518729,0.924508754987939,-2.34518834838207E-14));
#4169=DIRECTION('',(-0.924508754987939,0.381160808518729,1.31218002044191E-13));
#4170=DIRECTION('',(0.924508754987937,-0.381160808518733,0.));
#4171=DIRECTION('',(-1.3025113057186E-13,2.83336881496267E-14,-1.));
#4172=DIRECTION('',(0.960557821305776,0.278080333587796,-1.17234700752299E-13));
#4173=DIRECTION('',(-1.3025113057186E-13,2.83336881496267E-14,-1.));
#4174=DIRECTION('',(-1.3025113057186E-13,2.83336881496267E-14,-1.));
#4175=DIRECTION('',(-1.,0.,1.3025113057186E-13));
#4176=DIRECTION('',(1.3025113057186E-13,-2.83336881496267E-14,1.));
#4177=DIRECTION('',(-0.495423613562897,-0.868651508445292,3.99173848275717E-14));
#4178=DIRECTION('',(0.868651508445292,-0.495423613562897,-1.27180019216603E-13));
#4179=DIRECTION('',(-0.868651508445245,0.49542361356298,0.));
#4180=DIRECTION('',(1.3025113057186E-13,-2.83336881496267E-14,1.));
#4181=DIRECTION('',(0.0654212678277249,-0.997857734206542,-3.67941839567069E-14));
#4182=DIRECTION('',(1.30251130571859E-13,-2.83336881496263E-14,1.));
#4183=DIRECTION('',(1.3025113057186E-13,-2.83336881496267E-14,1.));
#4184=DIRECTION('',(1.3025113057186E-13,-2.83336881496267E-14,1.));
#4185=DIRECTION('',(1.,0.,-1.3025113057186E-13));
#4186=DIRECTION('',(0.648194387437764,0.761474908381216,-6.28526592062639E-14));
#4187=DIRECTION('',(-0.761474908381216,0.648194387437764,1.17548705352756E-13));
#4188=DIRECTION('',(0.761474908381168,-0.648194387437821,0.));
#4189=DIRECTION('',(-1.3025113057186E-13,2.83336881496267E-14,-1.));
#4190=DIRECTION('',(0.999476324111218,-0.0323585775510607,-1.3109975904059E-13));
#4191=DIRECTION('',(-1.3025113057186E-13,2.83336881496267E-14,-1.));
#4192=DIRECTION('',(-1.3025113057186E-13,2.83336881496267E-14,-1.));
#4193=DIRECTION('',(-1.,0.,1.3025113057186E-13));
#4194=DIRECTION('',(1.3025113057186E-13,-2.83336881496267E-14,1.));
#4195=DIRECTION('',(-0.739603934304514,-0.673042361490927,7.72644762365861E-14));
#4196=DIRECTION('',(0.673042361490927,-0.739603934304514,-1.08620235735769E-13));
#4197=DIRECTION('',(-0.673042361490901,0.739603934304538,2.17751358027162E-14));
#4198=DIRECTION('',(1.3025113057186E-13,-2.83336881496267E-14,1.));
#4199=DIRECTION('',(-0.246135674766455,-0.96923538400497,4.59743679841789E-15));
#4200=DIRECTION('',(1.3025113057186E-13,-2.83336881496267E-14,1.));
#4201=DIRECTION('',(1.3025113057186E-13,-2.83336881496267E-14,1.));
#4202=DIRECTION('',(1.3025113057186E-13,-2.83336881496267E-14,1.));
#4203=DIRECTION('',(1.,0.,-1.3025113057186E-13));
#4204=DIRECTION('',(0.851778183478533,0.523902592234483,-9.61009787253708E-14));
#4205=DIRECTION('',(-0.523902592234483,0.851778183478533,9.23729223714056E-14));
#4206=DIRECTION('',(0.523902592234447,-0.851778183478555,-2.17751358027174E-14));
#4207=DIRECTION('',(-1.3025113057186E-13,2.83336881496267E-14,-1.));
#4208=DIRECTION('',(0.940559120551625,-0.339630005663742,-1.32131859488256E-13));
#4209=DIRECTION('',(-1.3025113057186E-13,2.83336881496267E-14,-1.));
#4210=DIRECTION('',(-1.3025113057186E-13,2.83336881496267E-14,-1.));
#4211=DIRECTION('',(-1.,0.,1.3025113057186E-13));
#4212=DIRECTION('',(1.3025113057186E-13,-2.83336881496267E-14,1.));
#4213=DIRECTION('',(-0.911386668832784,-0.411551138831958,1.07048382378303E-13));
#4214=DIRECTION('',(0.411551138831958,-0.911386668832784,-7.9427946779434E-14));
#4215=DIRECTION('',(-0.411551138832056,0.91138666883274,2.1775135802716E-14));
#4216=DIRECTION('',(1.3025113057186E-13,-2.83336881496267E-14,1.));
#4217=DIRECTION('',(-0.533599142586405,-0.845737521356983,4.55390284074874E-14));
#4218=DIRECTION('',(1.3025113057186E-13,-2.83336881496266E-14,1.));
#4219=DIRECTION('',(1.3025113057186E-13,-2.83336881496267E-14,1.));
#4220=DIRECTION('',(1.3025113057186E-13,-2.83336881496267E-14,1.));
#4221=DIRECTION('',(1.,0.,-1.3025113057186E-13));
#4222=DIRECTION('',(0.971983996232851,0.23504704011584,-1.19942264871948E-13));
#4223=DIRECTION('',(-0.23504704011584,0.971983996232851,5.81550341483469E-14));
#4224=DIRECTION('',(0.235047040115903,-0.971983996232836,-2.17751358027162E-14));
#4225=DIRECTION('',(-1.3025113057186E-13,2.83336881496267E-14,-1.));
#4226=DIRECTION('',(0.789573437011706,-0.613656082480669,-1.20229972912413E-13));
#4227=DIRECTION('',(-1.3025113057186E-13,2.83336881496267E-14,-1.));
#4228=DIRECTION('',(-1.3025113057186E-13,2.83336881496267E-14,-1.));
#4229=DIRECTION('',(-1.,0.,1.3025113057186E-13));
#4230=DIRECTION('',(1.3025113057186E-13,-2.83336881496267E-14,1.));
#4231=DIRECTION('',(-0.993956526211391,-0.109774423258723,1.26353647002894E-13));
#4232=DIRECTION('',(0.109774423258723,-0.993956526211391,-4.24606969852823E-14));
#4233=DIRECTION('',(-0.109774423258803,0.993956526211382,2.17751358027185E-14));
#4234=DIRECTION('',(1.3025113057186E-13,-2.83336881496267E-14,1.));
#4235=DIRECTION('',(-0.768830208526159,-0.639452977518772,8.20229426269639E-14));
#4236=DIRECTION('',(1.3025113057186E-13,-2.83336881496267E-14,1.));
#4237=DIRECTION('',(1.3025113057186E-13,-2.83336881496267E-14,1.));
#4238=DIRECTION('',(1.3025113057186E-13,-2.83336881496267E-14,1.));
#4239=DIRECTION('',(1.,0.,-1.3025113057186E-13));
#4240=DIRECTION('',(0.997045243225181,-0.0768165539583687,-1.3204276644596E-13));
#4241=DIRECTION('',(0.0768165539583687,0.997045243225181,1.82445259928993E-14));
#4242=DIRECTION('',(-0.0768165539582068,-0.997045243225194,-2.17751358027191E-14));
#4243=DIRECTION('',(-1.3025113057186E-13,2.83336881496267E-14,-1.));
#4244=DIRECTION('',(0.561298804175463,-0.827613226351051,-9.65591388964242E-14));
#4245=DIRECTION('',(-1.3025113057186E-13,2.83336881496267E-14,-1.));
#4246=DIRECTION('',(-1.3025113057186E-13,2.83336881496267E-14,-1.));
#4247=DIRECTION('',(-1.,0.,1.3025113057186E-13));
#4248=DIRECTION('',(1.3025113057186E-13,-2.83336881496267E-14,1.));
#4249=DIRECTION('',(-0.979230993502092,0.202747777706457,1.33290536301217E-13));
#4250=DIRECTION('',(-0.202747777706457,-0.979230993502092,-1.33709832913928E-15));
#4251=DIRECTION('',(0.202747777706434,0.979230993502096,2.17751358027172E-14));
#4252=DIRECTION('',(1.3025113057186E-13,-2.83336881496267E-14,1.));
#4253=DIRECTION('',(-0.928802816900329,-0.370574320910144,1.10477879734668E-13));
#4254=DIRECTION('',(1.3025113057186E-13,-2.83336881496268E-14,1.));
#4255=DIRECTION('',(1.3025113057186E-13,-2.83336881496267E-14,1.));
#4256=DIRECTION('',(1.3025113057186E-13,-2.83336881496267E-14,1.));
#4257=DIRECTION('',(1.,0.,-1.3025113057186E-13));
#4258=DIRECTION('',(0.924508754987939,-0.381160808518729,-1.31218002044191E-13));
#4259=DIRECTION('',(0.381160808518729,0.924508754987939,-2.34518834838207E-14));
#4260=DIRECTION('',(-0.381160808518671,-0.924508754987963,-2.17751358027159E-14));
#4261=DIRECTION('',(-1.3025113057186E-13,2.83336881496267E-14,-1.));
#4262=DIRECTION('',(0.278080333587799,-0.960557821305776,-6.34364235981735E-14));
#4263=DIRECTION('',(-1.3025113057186E-13,2.83336881496267E-14,-1.));
#4264=DIRECTION('',(-1.3025113057186E-13,2.83336881496267E-14,-1.));
#4265=DIRECTION('',(-1.,0.,1.3025113057186E-13));
#4266=DIRECTION('',(1.3025113057186E-13,-2.83336881496267E-14,1.));
#4267=DIRECTION('',(-0.868651508445292,0.495423613562897,1.27180019216603E-13));
#4268=DIRECTION('',(-0.495423613562897,-0.868651508445292,3.99173848275716E-14));
#4269=DIRECTION('',(0.495423613562888,0.868651508445297,2.17751358027157E-14));
#4270=DIRECTION('',(1.3025113057186E-13,-2.83336881496267E-14,1.));
#4271=DIRECTION('',(-0.997857734206542,-0.0654212678277246,1.28118472229293E-13));
#4272=DIRECTION('',(1.30251130571859E-13,-2.83336881496264E-14,1.));
#4273=DIRECTION('',(1.3025113057186E-13,-2.83336881496267E-14,1.));
#4274=DIRECTION('',(1.3025113057186E-13,-2.83336881496267E-14,1.));
#4275=DIRECTION('',(1.,0.,-1.3025113057186E-13));
#4276=DIRECTION('',(0.761474908381216,-0.648194387437764,-1.17548705352756E-13));
#4277=DIRECTION('',(0.648194387437764,0.761474908381216,-6.28526592062639E-14));
#4278=DIRECTION('',(-0.648194387437663,-0.761474908381302,0.));
#4279=DIRECTION('',(-1.3025113057186E-13,2.83336881496267E-14,-1.));
#4280=DIRECTION('',(-0.032358577551055,-0.999476324111218,-2.41041091705804E-14));
#4281=DIRECTION('',(-1.3025113057186E-13,2.83336881496267E-14,-1.));
#4282=DIRECTION('',(-1.3025113057186E-13,2.83336881496267E-14,-1.));
#4283=DIRECTION('',(-1.,0.,1.3025113057186E-13));
#4284=DIRECTION('',(1.3025113057186E-13,-2.83336881496267E-14,1.));
#4285=DIRECTION('',(-0.673042361490928,0.739603934304514,1.08620235735769E-13));
#4286=DIRECTION('',(-0.739603934304514,-0.673042361490928,7.7264476236586E-14));
#4287=DIRECTION('',(0.739603934304541,0.673042361490898,2.17751358027193E-14));
#4288=DIRECTION('',(1.3025113057186E-13,-2.83336881496267E-14,1.));
#4289=DIRECTION('',(-0.969235384004971,0.24613567476645,1.33217936008229E-13));
#4290=DIRECTION('',(1.30251130571859E-13,-2.83336881496267E-14,1.));
#4291=DIRECTION('',(1.3025113057186E-13,-2.83336881496267E-14,1.));
#4292=DIRECTION('',(1.3025113057186E-13,-2.83336881496267E-14,1.));
#4293=DIRECTION('',(1.,0.,-1.3025113057186E-13));
#4294=DIRECTION('',(0.523902592234483,-0.851778183478533,-9.23729223714056E-14));
#4295=DIRECTION('',(0.851778183478533,0.523902592234483,-9.61009787253708E-14));
#4296=DIRECTION('',(-0.851778183478596,-0.52390259223438,0.));
#4297=DIRECTION('',(-1.3025113057186E-13,2.83336881496267E-14,-1.));
#4298=DIRECTION('',(-0.339630005663742,-0.940559120551625,1.75876834058327E-14));
#4299=DIRECTION('',(-1.3025113057186E-13,2.83336881496267E-14,-1.));
#4300=DIRECTION('',(-1.3025113057186E-13,2.83336881496267E-14,-1.));
#4301=DIRECTION('',(-1.,0.,1.3025113057186E-13));
#4302=DIRECTION('',(1.3025113057186E-13,-2.83336881496267E-14,1.));
#4303=DIRECTION('',(-0.411551138831958,0.911386668832784,7.9427946779434E-14));
#4304=DIRECTION('',(-0.911386668832784,-0.411551138831958,1.07048382378303E-13));
#4305=DIRECTION('',(0.911386668832769,0.411551138831991,0.));
#4306=DIRECTION('',(1.3025113057186E-13,-2.83336881496267E-14,1.));
#4307=DIRECTION('',(-0.845737521356984,0.533599142586403,1.25277100026741E-13));
#4308=DIRECTION('',(1.3025113057186E-13,-2.83336881496265E-14,1.));
#4309=DIRECTION('',(1.3025113057186E-13,-2.83336881496267E-14,1.));
#4310=DIRECTION('',(1.3025113057186E-13,-2.83336881496267E-14,1.));
#4311=DIRECTION('',(1.,0.,-1.3025113057186E-13));
#4312=DIRECTION('',(0.23504704011584,-0.971983996232851,-5.81550341483468E-14));
#4313=DIRECTION('',(0.971983996232851,0.23504704011584,-1.19942264871948E-13));
#4314=DIRECTION('',(-0.971983996232857,-0.235047040115815,-2.17751358027168E-14));
#4315=DIRECTION('',(1.3025113057186E-13,-2.83336881496267E-14,1.));
#4316=DIRECTION('',(0.946303596176669,-0.323279296991168,-1.32416808052406E-13));
#4317=DIRECTION('',(1.3025113057186E-13,-2.83336881496267E-14,1.));
#4318=DIRECTION('',(1.,0.,-1.3025113057186E-13));
#4319=DIRECTION('',(1.3025113057186E-13,-2.83336881496267E-14,1.));
#4320=DIRECTION('',(0.800089404837502,-0.599880775043485,-1.2120938434569E-13));
#4321=DIRECTION('',(1.3025113057186E-13,-2.83336881496267E-14,1.));
#4322=DIRECTION('',(1.,0.,-1.3025113057186E-13));
#4323=DIRECTION('',(1.3025113057186E-13,-2.83336881496267E-14,1.));
#4324=DIRECTION('',(0.575556888002166,-0.817761743219419,-9.81371415837776E-14));
#4325=DIRECTION('',(1.3025113057186E-13,-2.83336881496267E-14,1.));
#4326=DIRECTION('',(1.,0.,-1.3025113057186E-13));
#4327=DIRECTION('',(1.3025113057186E-13,-2.83336881496267E-14,1.));
#4328=DIRECTION('',(0.294684852828537,-0.95559449428794,-6.54585516419739E-14));
#4329=DIRECTION('',(1.3025113057186E-13,-2.83336881496267E-14,1.));
#4330=DIRECTION('',(1.,0.,-1.3025113057186E-13));
#4331=DIRECTION('',(1.3025113057186E-13,-2.83336881496267E-14,1.));
#4332=DIRECTION('',(-0.015032988930048,-0.999886998237215,-2.63724225889066E-14));
#4333=DIRECTION('',(1.3025113057186E-13,-2.83336881496267E-14,1.));
#4334=DIRECTION('',(1.,0.,-1.3025113057186E-13));
#4335=DIRECTION('',(1.3025113057186E-13,-2.83336881496267E-14,1.));
#4336=DIRECTION('',(-0.323279296991168,-0.946303596176669,1.52952229346357E-14));
#4337=DIRECTION('',(1.3025113057186E-13,-2.83336881496267E-14,1.));
#4338=DIRECTION('',(1.,0.,-1.3025113057186E-13));
#4339=DIRECTION('',(1.3025113057186E-13,-2.83336881496267E-14,1.));
#4340=DIRECTION('',(-0.599880775043484,-0.800089404837502,5.54656654692512E-14));
#4341=DIRECTION('',(1.3025113057186E-13,-2.83336881496267E-14,1.));
#4342=DIRECTION('',(1.,0.,-1.3025113057186E-13));
#4343=DIRECTION('',(1.3025113057186E-13,-2.83336881496267E-14,1.));
#4344=DIRECTION('',(-0.817761743219419,-0.575556888002166,9.02067422157213E-14));
#4345=DIRECTION('',(1.3025113057186E-13,-2.83336881496267E-14,1.));
#4346=DIRECTION('',(1.,0.,-1.3025113057186E-13));
#4347=DIRECTION('',(1.3025113057186E-13,-2.83336881496267E-14,1.));
#4348=DIRECTION('',(-0.95559449428794,-0.294684852828537,1.16117754526787E-13));
#4349=DIRECTION('',(1.3025113057186E-13,-2.83336881496267E-14,1.));
#4350=DIRECTION('',(1.,0.,-1.3025113057186E-13));
#4351=DIRECTION('',(1.3025113057186E-13,-2.83336881496267E-14,1.));
#4352=DIRECTION('',(-0.999886998237215,0.015032988930048,1.30662351984801E-13));
#4353=DIRECTION('',(1.3025113057186E-13,-2.83336881496267E-14,1.));
#4354=DIRECTION('',(1.,0.,-1.3025113057186E-13));
#4355=DIRECTION('',(1.3025113057186E-13,-2.83336881496267E-14,1.));
#4356=DIRECTION('',(-0.946303596176669,0.323279296991167,1.32416808052406E-13));
#4357=DIRECTION('',(1.3025113057186E-13,-2.83336881496267E-14,1.));
#4358=DIRECTION('',(1.,0.,-1.3025113057186E-13));
#4359=DIRECTION('',(1.3025113057186E-13,-2.83336881496267E-14,1.));
#4360=DIRECTION('',(-0.800089404837502,0.599880775043484,1.2120938434569E-13));
#4361=DIRECTION('',(1.3025113057186E-13,-2.83336881496267E-14,1.));
#4362=DIRECTION('',(1.,0.,-1.3025113057186E-13));
#4363=DIRECTION('',(1.3025113057186E-13,-2.83336881496267E-14,1.));
#4364=DIRECTION('',(-0.575556888002166,0.817761743219419,9.81371415837776E-14));
#4365=DIRECTION('',(1.3025113057186E-13,-2.83336881496267E-14,1.));
#4366=DIRECTION('',(1.,0.,-1.3025113057186E-13));
#4367=DIRECTION('',(1.3025113057186E-13,-2.83336881496267E-14,1.));
#4368=DIRECTION('',(-0.294684852828537,0.95559449428794,6.54585516419739E-14));
#4369=DIRECTION('',(1.3025113057186E-13,-2.83336881496267E-14,1.));
#4370=DIRECTION('',(1.,0.,-1.3025113057186E-13));
#4371=DIRECTION('',(1.3025113057186E-13,-2.83336881496267E-14,1.));
#4372=DIRECTION('',(0.0150329889300479,0.999886998237215,2.63724225889066E-14));
#4373=DIRECTION('',(1.3025113057186E-13,-2.83336881496267E-14,1.));
#4374=DIRECTION('',(1.,0.,-1.3025113057186E-13));
#4375=DIRECTION('',(1.3025113057186E-13,-2.83336881496267E-14,1.));
#4376=DIRECTION('',(0.323279296991167,0.946303596176669,-1.52952229346356E-14));
#4377=DIRECTION('',(1.3025113057186E-13,-2.83336881496267E-14,1.));
#4378=DIRECTION('',(1.,0.,-1.3025113057186E-13));
#4379=DIRECTION('',(1.3025113057186E-13,-2.83336881496267E-14,1.));
#4380=DIRECTION('',(0.599880775043484,0.800089404837502,-5.54656654692512E-14));
#4381=DIRECTION('',(1.3025113057186E-13,-2.83336881496267E-14,1.));
#4382=DIRECTION('',(1.,0.,-1.3025113057186E-13));
#4383=DIRECTION('',(1.3025113057186E-13,-2.83336881496267E-14,1.));
#4384=DIRECTION('',(0.817761743219418,0.575556888002167,-9.02067422157213E-14));
#4385=DIRECTION('',(1.3025113057186E-13,-2.83336881496267E-14,1.));
#4386=DIRECTION('',(1.,0.,-1.3025113057186E-13));
#4387=DIRECTION('',(1.3025113057186E-13,-2.83336881496267E-14,1.));
#4388=DIRECTION('',(0.95559449428794,0.294684852828537,-1.16117754526787E-13));
#4389=DIRECTION('',(1.3025113057186E-13,-2.83336881496267E-14,1.));
#4390=DIRECTION('',(1.,0.,-1.3025113057186E-13));
#4391=DIRECTION('',(1.3025113057186E-13,-2.83336881496267E-14,1.));
#4392=DIRECTION('',(0.999863020453101,0.0165511428730051,-1.29764333910327E-13));
#4393=DIRECTION('',(1.3025113057186E-13,-2.83336881496267E-14,1.));
#4394=DIRECTION('',(1.3025113057186E-13,-2.83336881496267E-14,1.));
#4395=DIRECTION('',(1.,0.,-1.3025113057186E-13));
#4396=DIRECTION('',(1.3025113057186E-13,-2.83336881496267E-14,1.));
#4397=DIRECTION('',(0.999863020453101,0.0165511428730051,-1.29764333910327E-13));
#4398=DIRECTION('',(1.3025113057186E-13,-2.83336881496267E-14,1.));
#4399=DIRECTION('',(1.,0.,-1.3025113057186E-13));
#4400=DIRECTION('',(1.3025113057186E-13,-2.83336881496267E-14,1.));
#4401=DIRECTION('',(0.999863020453101,0.0165511428730051,-1.29764333910327E-13));
#4402=DIRECTION('',(1.3025113057186E-13,-2.83336881496267E-14,1.));
#4403=DIRECTION('',(1.,0.,-1.3025113057186E-13));
#4404=DIRECTION('',(1.3025113057186E-13,-2.83336881496267E-14,1.));
#4405=DIRECTION('',(0.999863020453101,0.0165511428730051,-1.29764333910327E-13));
#4406=DIRECTION('',(1.3025113057186E-13,-2.83336881496267E-14,1.));
#4407=DIRECTION('',(1.,0.,-1.3025113057186E-13));
#4408=DIRECTION('',(1.3025113057186E-13,-2.83336881496267E-14,1.));
#4409=DIRECTION('',(0.999863020453101,0.0165511428730051,-1.29764333910327E-13));
#4410=DIRECTION('',(1.3025113057186E-13,-2.83336881496267E-14,1.));
#4411=DIRECTION('',(1.,0.,-1.3025113057186E-13));
#4412=DIRECTION('',(1.3025113057186E-13,-2.83336881496267E-14,1.));
#4413=DIRECTION('',(0.999863020453101,0.0165511428730051,-1.29764333910327E-13));
#4414=DIRECTION('',(1.3025113057186E-13,-2.83336881496267E-14,1.));
#4415=DIRECTION('',(1.,0.,-1.3025113057186E-13));
#4416=DIRECTION('',(1.3025113057186E-13,-2.83336881496267E-14,1.));
#4417=DIRECTION('',(0.999863020453101,0.0165511428730051,-1.29764333910327E-13));
#4418=DIRECTION('',(1.3025113057186E-13,-2.83336881496267E-14,1.));
#4419=DIRECTION('',(1.,0.,-1.3025113057186E-13));
#4420=DIRECTION('',(1.3025113057186E-13,-2.83336881496267E-14,1.));
#4421=DIRECTION('',(0.999863020453101,0.0165511428730051,-1.29764333910327E-13));
#4422=DIRECTION('',(1.3025113057186E-13,-2.83336881496267E-14,1.));
#4423=DIRECTION('',(1.,0.,-1.3025113057186E-13));
#4424=DIRECTION('',(1.3025113057186E-13,-2.83336881496267E-14,1.));
#4425=DIRECTION('',(0.999863020453101,0.0165511428730051,-1.29764333910327E-13));
#4426=DIRECTION('',(1.3025113057186E-13,-2.83336881496267E-14,1.));
#4427=DIRECTION('',(1.,0.,-1.3025113057186E-13));
#4428=DIRECTION('',(1.3025113057186E-13,-2.83336881496267E-14,1.));
#4429=DIRECTION('',(0.999863020453101,0.0165511428730051,-1.29764333910327E-13));
#4430=DIRECTION('',(1.3025113057186E-13,-2.83336881496267E-14,1.));
#4431=DIRECTION('',(1.,0.,-1.3025113057186E-13));
#4432=DIRECTION('',(1.3025113057186E-13,-2.83336881496267E-14,1.));
#4433=DIRECTION('',(0.999863020453101,0.0165511428730051,-1.29764333910327E-13));
#4434=DIRECTION('',(1.3025113057186E-13,-2.83336881496267E-14,1.));
#4435=DIRECTION('',(1.,0.,-1.3025113057186E-13));
#4436=DIRECTION('',(1.3025113057186E-13,-2.83336881496267E-14,1.));
#4437=DIRECTION('',(0.999863020453101,0.0165511428730051,-1.29764333910327E-13));
#4438=DIRECTION('',(1.3025113057186E-13,-2.83336881496267E-14,1.));
#4439=DIRECTION('',(1.,0.,-1.3025113057186E-13));
#4440=DIRECTION('',(1.3025113057186E-13,-2.83336881496267E-14,1.));
#4441=DIRECTION('',(0.999863020453101,0.0165511428730051,-1.29764333910327E-13));
#4442=DIRECTION('',(1.3025113057186E-13,-2.83336881496267E-14,1.));
#4443=DIRECTION('',(1.,0.,-1.3025113057186E-13));
#4444=DIRECTION('',(1.3025113057186E-13,-2.83336881496267E-14,1.));
#4445=DIRECTION('',(0.999863020453101,0.0165511428730051,-1.29764333910327E-13));
#4446=DIRECTION('',(1.3025113057186E-13,-2.83336881496267E-14,1.));
#4447=DIRECTION('',(1.,0.,-1.3025113057186E-13));
#4448=DIRECTION('',(1.3025113057186E-13,-2.83336881496267E-14,1.));
#4449=DIRECTION('',(0.999863020453101,0.0165511428730051,-1.29764333910327E-13));
#4450=DIRECTION('',(1.3025113057186E-13,-2.83336881496267E-14,1.));
#4451=DIRECTION('',(1.,0.,-1.3025113057186E-13));
#4452=DIRECTION('',(1.3025113057186E-13,-2.83336881496267E-14,1.));
#4453=DIRECTION('',(0.999863020453101,0.0165511428730051,-1.29764333910327E-13));
#4454=DIRECTION('',(1.3025113057186E-13,-2.83336881496267E-14,1.));
#4455=DIRECTION('',(1.,0.,-1.3025113057186E-13));
#4456=DIRECTION('',(1.3025113057186E-13,-2.83336881496267E-14,1.));
#4457=DIRECTION('',(0.999863020453101,0.0165511428730051,-1.29764333910327E-13));
#4458=DIRECTION('',(1.3025113057186E-13,-2.83336881496267E-14,1.));
#4459=DIRECTION('',(1.,0.,-1.3025113057186E-13));
#4460=DIRECTION('',(1.3025113057186E-13,-2.83336881496267E-14,1.));
#4461=DIRECTION('',(0.999863020453101,0.0165511428730051,-1.29764333910327E-13));
#4462=DIRECTION('',(1.3025113057186E-13,-2.83336881496267E-14,1.));
#4463=DIRECTION('',(1.,0.,-1.3025113057186E-13));
#4464=DIRECTION('',(1.3025113057186E-13,-2.83336881496267E-14,1.));
#4465=DIRECTION('',(0.999863020453101,0.0165511428730051,-1.29764333910327E-13));
#4466=DIRECTION('',(1.3025113057186E-13,-2.83336881496267E-14,1.));
#4467=DIRECTION('',(1.,0.,-1.3025113057186E-13));
#4468=DIRECTION('',(-1.3025113057186E-13,2.83336881496267E-14,-1.));
#4469=DIRECTION('',(-0.61365608248067,-0.789573437011705,5.75578709898873E-14));
#4470=DIRECTION('',(-1.3025113057186E-13,2.83336881496267E-14,-1.));
#4471=DIRECTION('',(-1.3025113057186E-13,2.83336881496267E-14,-1.));
#4472=DIRECTION('',(-1.,0.,1.3025113057186E-13));
#4473=DIRECTION('',(-0.109774423258723,0.993956526211391,4.24606969852823E-14));
#4474=DIRECTION('',(-0.993956526211391,-0.109774423258723,1.26353647002894E-13));
#4475=DIRECTION('',(0.993956526211403,0.109774423258616,2.17751358027157E-14));
#4476=DIRECTION('',(1.3025113057186E-13,-2.83336881496267E-14,1.));
#4477=DIRECTION('',(-0.639452977518773,0.768830208526158,1.05073268637755E-13));
#4478=DIRECTION('',(1.3025113057186E-13,-2.83336881496267E-14,1.));
#4479=DIRECTION('',(1.3025113057186E-13,-2.83336881496267E-14,1.));
#4480=DIRECTION('',(1.3025113057186E-13,-2.83336881496267E-14,1.));
#4481=DIRECTION('',(1.,0.,-1.3025113057186E-13));
#4482=DIRECTION('',(-0.0768165539583687,-0.997045243225181,-1.82445259928992E-14));
#4483=DIRECTION('',(0.997045243225181,-0.0768165539583687,-1.3204276644596E-13));
#4484=DIRECTION('',(-0.997045243225176,0.0768165539584431,2.17751358027154E-14));
#4485=DIRECTION('',(1.3025113057186E-13,-2.83336881496267E-14,1.));
#4486=DIRECTION('',(0.999886998237215,-0.0150329889300479,-1.30662351984801E-13));
#4487=DIRECTION('',(1.3025113057186E-13,-2.83336881496267E-14,1.));
#4488=DIRECTION('',(1.,0.,-1.3025113057186E-13));
#4489=DIRECTION('',(1.3025113057186E-13,-2.83336881496267E-14,1.));
#4490=DIRECTION('',(0.999863020453101,0.0165511428730051,-1.29764333910327E-13));
#4491=DIRECTION('',(1.3025113057186E-13,-2.83336881496267E-14,1.));
#4492=DIRECTION('',(1.,0.,-1.3025113057186E-13));
#4493=DIRECTION('',(-1.22464679914707E-16,1.09426356864617E-14,-1.));
#4494=DIRECTION('',(-1.,4.88498130835069E-15,1.2246467991476E-16));
#4495=DIRECTION('',(4.88498130835069E-15,1.,1.09426356864617E-14));
#4496=DIRECTION('',(-1.,4.88498130835069E-15,1.2246467991476E-16));
#4497=DIRECTION('',(4.88498130835069E-15,1.,1.09426356864617E-14));
#4498=DIRECTION('',(1.,-4.88498130835069E-15,-1.2246467991476E-16));
#4499=DIRECTION('',(4.88498130835069E-15,1.,1.09426356864617E-14));
#4500=DIRECTION('',(1.22464679914707E-16,-1.09426356864617E-14,1.));
#4501=DIRECTION('',(4.88498130835069E-15,1.,1.09426356864617E-14));
#4502=DIRECTION('',(-1.,4.88498130835069E-15,1.2246467991476E-16));
#4503=DIRECTION('',(1.22464679914707E-16,-1.09426356864617E-14,1.));
#4504=DIRECTION('',(-1.,4.88498130835069E-15,1.2246467991476E-16));
#4505=DIRECTION('',(-4.88498130835069E-15,-1.,-1.09426356864617E-14));
#4506=DIRECTION('',(1.22464679914707E-16,-1.09426356864617E-14,1.));
#4507=DIRECTION('',(1.,-4.88498130835069E-15,-1.2246467991476E-16));
#4508=CARTESIAN_POINT('',(0.,0.,0.));
#4509=CARTESIAN_POINT('',(0.0214969875217959,0.00728730336188635,0.150190782678469));
#4510=CARTESIAN_POINT('',(0.0214969875217959,0.00178730336188635,0.150190782678469));
#4511=CARTESIAN_POINT('',(0.0214969875217959,0.00178730336188635,0.149153032678469));
#4512=CARTESIAN_POINT('',(0.0204825242615046,0.00726170737360877,0.149647528905672));
#4513=CARTESIAN_POINT('',(0.0211665663285206,0.00730370028575382,0.149088704443835));
#4514=CARTESIAN_POINT('',(0.0220417519266243,0.00724559798713959,0.14917910807779));
#4515=CARTESIAN_POINT('',(0.0225969070470286,0.00714222420487292,0.149855462302433));
#4516=CARTESIAN_POINT('',(0.0225103061662023,0.00716181593223555,0.150734212788016));
#4517=CARTESIAN_POINT('',(0.0218338610896969,0.00727087678037445,0.151289806525202));
#4518=CARTESIAN_POINT('',(0.0209556846275353,0.00729895976785281,0.151205976783346));
#4519=CARTESIAN_POINT('',(0.0203966544644823,0.00725088085970456,0.150525724265539));
#4520=CARTESIAN_POINT('',(0.0204825242615046,0.00726170737360877,0.149647528905672));
#4521=CARTESIAN_POINT('',(0.0211665663285206,0.00730370028575382,0.149088704443835));
#4522=CARTESIAN_POINT('',(0.0220417519266243,0.00724559798713959,0.14917910807779));
#4523=CARTESIAN_POINT('',(0.0211984235837019,0.00728701775062727,0.149196909126467));
#4524=CARTESIAN_POINT('',(0.0214969875217959,0.00178730336188635,0.150190782678469));
#4525=CARTESIAN_POINT('',(-0.00433728112086237,-0.00227424011824657,0.153190782678469));
#4526=CARTESIAN_POINT('',(0.0211331891896888,-0.000162696638115325,0.153190782678469));
#4527=CARTESIAN_POINT('',(0.0211331891896888,-0.00761269663811533,0.153190782678469));
#4528=CARTESIAN_POINT('',(0.0552557414581741,-0.0282123264858437,0.145690782678469));
#4529=CARTESIAN_POINT('',(-0.0639307218935261,-0.0282147835984576,0.145690782678469));
#4530=CARTESIAN_POINT('',(-0.0639307218935276,-0.0282147835984576,0.145690782678469));
#4531=CARTESIAN_POINT('',(-0.0639307142451036,-0.0285857835983787,0.145690782678469));
#4532=CARTESIAN_POINT('',(0.0552562876598111,-0.0285833264746631,0.145690782678469));
#4533=CARTESIAN_POINT('',(0.0552557491065995,-0.0285833264857657,0.145690782678469));
#4534=CARTESIAN_POINT('',(0.055255741458174,-0.0282123264858441,0.145690782678469));
#4535=CARTESIAN_POINT('',(0.055255741458174,-0.0282123264856758,0.145690782678469));
#4536=CARTESIAN_POINT('',(0.055255741458174,-0.028212326485844,0.145690782678469));
#4537=CARTESIAN_POINT('',(0.0552557414581741,-0.0250854872516397,0.145690782678469));
#4538=CARTESIAN_POINT('',(0.0552557414581741,-0.0250854872516397,0.145690782678469));
#4539=CARTESIAN_POINT('',(-0.0639307218935321,-0.0250854872516391,0.145690782678469));
#4540=CARTESIAN_POINT('',(-0.0639307218935322,-0.0250854872516391,0.145690782678469));
#4541=CARTESIAN_POINT('',(0.055255741458174,-0.0282123264858435,0.0976907826784688));
#4542=CARTESIAN_POINT('',(0.055255741458174,-0.0282123264858435,0.0976907826784688));
#4543=CARTESIAN_POINT('',(0.055255741458174,-0.0282123264858435,0.0976907826784688));
#4544=CARTESIAN_POINT('',(0.0552557491065995,-0.0285833264857659,0.153727399717282));
#4545=CARTESIAN_POINT('',(0.0552557491065995,-0.0285833264857649,0.0976907826784688));
#4546=CARTESIAN_POINT('',(0.0552557414581741,-0.00109010743982786,0.0976907826784691));
#4547=CARTESIAN_POINT('',(0.0552562876598111,-0.0285833264746632,0.153727399717282));
#4548=CARTESIAN_POINT('',(-0.0639307142451067,-0.0285857835983788,0.153727399717282));
#4549=CARTESIAN_POINT('',(-0.0639307142451066,-0.028585783598378,0.0876907826784688));
#4550=CARTESIAN_POINT('',(0.0552562876598111,-0.0285833264746625,0.0876907826784688));
#4551=CARTESIAN_POINT('',(0.0552562876598111,-0.0285833264746625,0.0876907826784688));
#4552=CARTESIAN_POINT('',(0.0552562876598111,-0.0285833264746632,0.153727399717282));
#4553=CARTESIAN_POINT('',(0.0552562876598111,-0.0285833264746626,0.0976907826784688));
#4554=CARTESIAN_POINT('',(0.0552562876598111,-0.0285833264746626,0.0976907826784688));
#4555=CARTESIAN_POINT('',(0.0214969875217898,0.0240345687192271,0.0976907826784694));
#4556=CARTESIAN_POINT('',(-0.00433730556077701,0.0240345687192272,0.0976907826784694));
#4557=CARTESIAN_POINT('',(0.0552552029049627,0.0240345687192269,0.0976907826784694));
#4558=CARTESIAN_POINT('',(0.0214969876080965,0.0240345686690706,0.09769078262897));
#4559=CARTESIAN_POINT('',(0.0552552029049627,0.024034568719227,0.0976907826784694));
#4560=CARTESIAN_POINT('',(0.0552552029049627,0.0240345687192271,0.0876907826784694));
#4561=CARTESIAN_POINT('',(-0.00433730556077701,0.0240345687192274,0.0876907826784694));
#4562=CARTESIAN_POINT('',(0.0214969873069801,0.024034568719225,0.0876907826784694));
#4563=CARTESIAN_POINT('',(0.0214969875217898,0.0240345687192271,0.0976907826784694));
#4564=CARTESIAN_POINT('',(-0.00664963462792217,0.0240339884568518,0.0976907826784694));
#4565=CARTESIAN_POINT('',(0.0207683931706604,0.024034553698743,0.0976907826784703));
#4566=CARTESIAN_POINT('',(0.0210112579543702,0.024034558705571,0.0976907826784703));
#4567=CARTESIAN_POINT('',(0.02125412273808,0.024034563712399,0.0976907826784702));
#4568=CARTESIAN_POINT('',(0.0214969875217898,0.024034568719227,0.0976907826784702));
#4569=CARTESIAN_POINT('',(0.0207683931706604,0.024034553698743,0.0976907826784698));
#4570=CARTESIAN_POINT('',(-0.00664963462792217,0.0240339884568519,0.0876907826784694));
#4571=CARTESIAN_POINT('',(-0.00664963462792217,0.0240339884568519,0.0876907826784694));
#4572=CARTESIAN_POINT('',(-0.00664963462792217,0.0240339884568518,0.0976907826784693));
#4573=CARTESIAN_POINT('',(-0.00664963462792217,0.0240339884568518,0.0976907826784694));
#4574=CARTESIAN_POINT('',(0.0207683931706604,0.024034553698743,0.0976907826784694));
#4575=CARTESIAN_POINT('',(-0.00664923543698022,0.0046705468681947,0.0976907826784691));
#4576=CARTESIAN_POINT('',(-0.00664963462792217,0.0240339884568518,0.0976907826784694));
#4577=CARTESIAN_POINT('',(-0.00664923543698022,0.00467054686819471,0.0976907826784692));
#4578=CARTESIAN_POINT('',(-0.00664923543698022,0.00467054686819481,0.0876907826784692));
#4579=CARTESIAN_POINT('',(-0.00664923543698022,0.00467054686819483,0.0876907826784692));
#4580=CARTESIAN_POINT('',(-0.00664923543698024,0.00467054686819473,0.0976907826784692));
#4581=CARTESIAN_POINT('',(-0.0633537344392258,-0.0203848449921368,0.0976907826784689));
#4582=CARTESIAN_POINT('',(-0.00664923543698022,0.0046705468681947,0.0976907826784692));
#4583=CARTESIAN_POINT('',(-0.0633537344392258,-0.0203848449921368,0.0976907826784689));
#4584=CARTESIAN_POINT('',(-0.0633537344392258,-0.0203848449921367,0.0876907826784689));
#4585=CARTESIAN_POINT('',(-0.0633537344392258,-0.0203848449921367,0.0876907826784689));
#4586=CARTESIAN_POINT('',(-0.0633537344392258,-0.0203848449921368,0.0976907826784689));
#4587=CARTESIAN_POINT('',(-0.0639308499015361,-0.0220055357217838,0.0976907826784689));
#4588=CARTESIAN_POINT('',(-0.0633537344392258,-0.0203848449921368,0.0976907826784689));
#4589=CARTESIAN_POINT('',(-0.0639308499015361,-0.0220055357217838,0.0976907826784689));
#4590=CARTESIAN_POINT('',(-0.0639308499015361,-0.0220055357217837,0.0876907826784689));
#4591=CARTESIAN_POINT('',(-0.0639308499015361,-0.0220055357217836,0.0876907826784689));
#4592=CARTESIAN_POINT('',(-0.0639308499015361,-0.0220055357217838,0.0976907826784689));
#4593=CARTESIAN_POINT('',(-0.0639307631249361,-0.026214783598882,0.0976907826784688));
#4594=CARTESIAN_POINT('',(-0.0639308499015361,-0.0220055357217838,0.0976907826784689));
#4595=CARTESIAN_POINT('',(-0.063930721893498,-0.0282147869036844,0.0976907826784688));
#4596=CARTESIAN_POINT('',(-0.0639307631249361,-0.0262147835988819,0.0876907826784689));
#4597=CARTESIAN_POINT('',(-0.0639307218935321,-0.028214783598457,0.0976907826784688));
#4598=CARTESIAN_POINT('',(0.0552552029049627,0.0240345687192269,0.0976907826784694));
#4599=CARTESIAN_POINT('',(0.0552562876598111,-0.028583326474662,0.0976907826784688));
#4600=CARTESIAN_POINT('',(0.0552552029049627,0.024034568719227,0.0876907826784694));
#4601=CARTESIAN_POINT('',(-0.00433730556077713,-0.00109010743982746,0.0876907826784691));
#4602=CARTESIAN_POINT('',(0.0211331891896838,-0.000162696638113788,0.10519078267847));
#4603=CARTESIAN_POINT('',(0.0211331891896839,-0.000162696638113767,0.10519078267847));
#4604=CARTESIAN_POINT('',(0.0402915823810825,-0.00354462382298516,0.105190782678467));
#4605=CARTESIAN_POINT('',(0.0404779133555431,-0.00222742618622002,0.105190782678467));
#4606=CARTESIAN_POINT('',(0.041064581149168,-0.00229004327592542,0.105190782678467));
#4607=CARTESIAN_POINT('',(0.0411099029160035,-0.00170178658242254,0.105190782678467));
#4608=CARTESIAN_POINT('',(0.0411099029160035,-0.00170178658242254,0.105190782678467));
#4609=CARTESIAN_POINT('',(0.0417453424579485,-0.00175074351410924,0.105190782636384));
#4610=CARTESIAN_POINT('',(0.0417453424579485,-0.00175074351410927,0.105190782678467));
#4611=CARTESIAN_POINT('',(0.0418962357450238,-0.00176236896682201,0.105190782678467));
#4612=CARTESIAN_POINT('',(0.0421995579077536,-0.00172592112346893,0.105190782678467));
#4613=CARTESIAN_POINT('',(0.0428062299514399,-0.0016191236385308,0.105190782678467));
#4614=CARTESIAN_POINT('',(0.0438632801070395,-0.00129581724434404,0.105190782678467));
#4615=CARTESIAN_POINT('',(0.0447516488944382,-0.000866920230061195,0.105190782678467));
#4616=CARTESIAN_POINT('',(0.0453304545470245,-0.000526494970220666,0.105190782678467));
#4617=CARTESIAN_POINT('',(0.0453304545473222,-0.00052649495041961,0.105190782636383));
#4618=CARTESIAN_POINT('',(0.021133189189693,-0.000162696638113625,0.105190782678469));
#4619=CARTESIAN_POINT('',(0.0453051564070523,0.00100177746012429,0.105190782636383));
#4620=CARTESIAN_POINT('',(0.0453051564265315,0.00100177744951925,0.105190782678467));
#4621=CARTESIAN_POINT('',(0.0447154005799837,0.00132285903092246,0.105190782678467));
#4622=CARTESIAN_POINT('',(0.0438133229856091,0.00172211805205434,0.105190782678467));
#4623=CARTESIAN_POINT('',(0.0427461512527441,0.00201026132953713,0.105190782678467));
#4624=CARTESIAN_POINT('',(0.0421362768363244,0.00209692082171844,0.105190782678467));
#4625=CARTESIAN_POINT('',(0.0418319145162839,0.00212330941446413,0.105190782678467));
#4626=CARTESIAN_POINT('',(0.0416814886770663,0.00210669610260567,0.105190782678467));
#4627=CARTESIAN_POINT('',(0.0416814886358019,0.00210669609804835,0.105190782636384));
#4628=CARTESIAN_POINT('',(0.0416814886770663,0.00210669610260567,0.105190782678467));
#4629=CARTESIAN_POINT('',(0.0410480176445122,0.00203673437347981,0.105190782678467));
#4630=CARTESIAN_POINT('',(0.0409832507347896,0.00262316872394455,0.105190782678467));
#4631=CARTESIAN_POINT('',(0.040398976849972,0.00254116855613803,0.105190782678467));
#4632=CARTESIAN_POINT('',(0.0211331891896839,-0.000162696638113767,0.10519078267847));
#4633=CARTESIAN_POINT('',(0.0401691516827095,0.00385147738951884,0.105190782678467));
#4634=CARTESIAN_POINT('',(0.0407464556555943,0.00397321531660573,0.105190782678467));
#4635=CARTESIAN_POINT('',(0.040607777901926,0.00454668587438308,0.105190782678467));
#4636=CARTESIAN_POINT('',(0.040607777901926,0.0045466858743831,0.105190782678468));
#4637=CARTESIAN_POINT('',(0.041227245342888,0.00469648668284349,0.105190782636384));
#4638=CARTESIAN_POINT('',(0.041227245342888,0.00469648668284351,0.105190782678468));
#4639=CARTESIAN_POINT('',(0.0413743458492815,0.00473205881032871,0.105190782678468));
#4640=CARTESIAN_POINT('',(0.0416515593656785,0.00486045447230979,0.105190782678467));
#4641=CARTESIAN_POINT('',(0.0421955365282776,0.00514949688779476,0.105190782678467));
#4642=CARTESIAN_POINT('',(0.0431009437966167,0.00578362600273297,0.105190782678467));
#4643=CARTESIAN_POINT('',(0.043813296254501,0.00646605235556651,0.105190782678467));
#4644=CARTESIAN_POINT('',(0.0442585759514519,0.00696867680033705,0.105190782678467));
#4645=CARTESIAN_POINT('',(0.0442585759456162,0.00696867681926097,0.105190782636384));
#4646=CARTESIAN_POINT('',(0.0211331891896926,-0.000162696638110836,0.10519078267847));
#4647=CARTESIAN_POINT('',(0.0437622538375698,0.00841433269871339,0.105190782636384));
#4648=CARTESIAN_POINT('',(0.0437622538593727,0.00841433269464677,0.105190782678467));
#4649=CARTESIAN_POINT('',(0.0431021430532617,0.00853745484579206,0.105190782678467));
#4650=CARTESIAN_POINT('',(0.0421208384562334,0.00863841543261712,0.105190782678468));
#4651=CARTESIAN_POINT('',(0.0410168566561309,0.00858268177292244,0.105190782678468));
#4652=CARTESIAN_POINT('',(0.0404100523624648,0.00847663828855305,0.105190782678468));
#4653=CARTESIAN_POINT('',(0.0401124320710604,0.00840768220229785,0.105190782678468));
#4654=CARTESIAN_POINT('',(0.0399745023921498,0.00834539786308765,0.105190782678468));
#4655=CARTESIAN_POINT('',(0.0399745023543133,0.00834539784600195,0.105190782636384));
#4656=CARTESIAN_POINT('',(0.0399745023921498,0.00834539786308764,0.105190782678468));
#4657=CARTESIAN_POINT('',(0.0393936550020108,0.00808310699020765,0.105190782678467));
#4658=CARTESIAN_POINT('',(0.0391508398300998,0.00862082512481903,0.105190782678467));
#4659=CARTESIAN_POINT('',(0.038620501790037,0.00836228777111132,0.105190782678467));
#4660=CARTESIAN_POINT('',(0.0211331891896839,-0.000162696638113767,0.10519078267847));
#4661=CARTESIAN_POINT('',(0.037997017369709,0.00953744564303808,0.105190782678468));
#4662=CARTESIAN_POINT('',(0.0385084469866745,0.0098316220304158,0.105190782678468));
#4663=CARTESIAN_POINT('',(0.0381993444572561,0.0103341711586682,0.105190782678468));
#4664=CARTESIAN_POINT('',(0.0381993444572561,0.0103341711586682,0.105190782678468));
#4665=CARTESIAN_POINT('',(0.0387422020080303,0.0106680661604199,0.105190782636385));
#4666=CARTESIAN_POINT('',(0.0387422020080303,0.0106680661604199,0.105190782678468));
#4667=CARTESIAN_POINT('',(0.0388711105112682,0.0107473538204202,0.105190782678468));
#4668=CARTESIAN_POINT('',(0.0390950797908848,0.010955129039048,0.105190782678468));
#4669=CARTESIAN_POINT('',(0.0395231137976115,0.011398122899576,0.105190782678468));
#4670=CARTESIAN_POINT('',(0.0401882506069219,0.0122810017592583,0.105190782678468));
#4671=CARTESIAN_POINT('',(0.0406548567134565,0.0131501568044791,0.105190782678468));
#4672=CARTESIAN_POINT('',(0.0409230233755936,0.0137657800515388,0.105190782678468));
#4673=CARTESIAN_POINT('',(0.0409230233641958,0.0137657800677333,0.105190782636384));
#4674=CARTESIAN_POINT('',(0.0211331891896913,-0.000162696638108262,0.10519078267847));
#4675=CARTESIAN_POINT('',(0.0400042607543881,0.0149873085461365,0.105190782636384));
#4676=CARTESIAN_POINT('',(0.0400042607763805,0.0149873085490064,0.105190782678468));
#4677=CARTESIAN_POINT('',(0.0393384112556646,0.014900419215892,0.105190782678468));
#4678=CARTESIAN_POINT('',(0.0383739365870985,0.0146931986427441,0.105190782678468));
#4679=CARTESIAN_POINT('',(0.0373412101502443,0.0142990436448015,0.105190782678468));
#4680=CARTESIAN_POINT('',(0.0367968742114501,0.0140106774589787,0.105190782678468));
#4681=CARTESIAN_POINT('',(0.0365351290964467,0.0138531265958934,0.105190782678468));
#4682=CARTESIAN_POINT('',(0.0364231970958277,0.0137512680544118,0.105190782678468));
#4683=CARTESIAN_POINT('',(0.0364231970651239,0.0137512680264712,0.105190782636385));
#4684=CARTESIAN_POINT('',(0.0364231970958277,0.0137512680544118,0.105190782678468));
#4685=CARTESIAN_POINT('',(0.0359518307376523,0.0133223228959033,0.105190782678468));
#4686=CARTESIAN_POINT('',(0.0355547357443727,0.013758689217143,0.105190782678468));
#4687=CARTESIAN_POINT('',(0.0351302467315081,0.0133489221150506,0.105190782678468));
#4688=CARTESIAN_POINT('',(0.0211331891896839,-0.000162696638113767,0.10519078267847));
#4689=CARTESIAN_POINT('',(0.0341741340572477,0.0142738963852127,0.105190782678468));
#4690=CARTESIAN_POINT('',(0.0345696270240455,0.0147117151984375,0.105190782678468));
#4691=CARTESIAN_POINT('',(0.0341203568281005,0.0150941498870258,0.105190782678468));
#4692=CARTESIAN_POINT('',(0.0341203568281005,0.0150941498870258,0.105190782678469));
#4693=CARTESIAN_POINT('',(0.0345334658093063,0.0155794551129142,0.105190782636385));
#4694=CARTESIAN_POINT('',(0.0345334658093063,0.0155794551129142,0.105190782678469));
#4695=CARTESIAN_POINT('',(0.0346315638469298,0.0156946970768389,0.105190782678469));
#4696=CARTESIAN_POINT('',(0.0347803652161966,0.0159615133660593,0.105190782678469));
#4697=CARTESIAN_POINT('',(0.0350505571161812,0.0165150953460422,0.105190782678469));
#4698=CARTESIAN_POINT('',(0.0354103152412896,0.0175603016163024,0.105190782678469));
#4699=CARTESIAN_POINT('',(0.0355855003397272,0.0185311064023348,0.105190782678469));
#4700=CARTESIAN_POINT('',(0.035650303945736,0.0191994669589539,0.105190782678469));
#4701=CARTESIAN_POINT('',(0.0356503039298924,0.0191994669708328,0.105190782636385));
#4702=CARTESIAN_POINT('',(0.0211331891896891,-0.00016269663810629,0.10519078267847));
#4703=CARTESIAN_POINT('',(0.034399035703966,0.0200772963298322,0.105190782636385));
#4704=CARTESIAN_POINT('',(0.0343990357239953,0.0200772963393578,0.105190782678469));
#4705=CARTESIAN_POINT('',(0.0337926254790037,0.0197889008553064,0.105190782678469));
#4706=CARTESIAN_POINT('',(0.0329393902393555,0.019293783315671,0.105190782678469));
#4707=CARTESIAN_POINT('',(0.0320790096248153,0.0185997896169195,0.105190782678469));
#4708=CARTESIAN_POINT('',(0.0316504254351947,0.0181573280210772,0.105190782678469));
#4709=CARTESIAN_POINT('',(0.0314501769321323,0.017926604557361,0.105190782678469));
#4710=CARTESIAN_POINT('',(0.031375199293903,0.0177951424373392,0.105190782678469));
#4711=CARTESIAN_POINT('',(0.0313751992733353,0.0177951424012768,0.105190782636386));
#4712=CARTESIAN_POINT('',(0.031375199293903,0.0177951424373392,0.105190782678469));
#4713=CARTESIAN_POINT('',(0.0310594545910319,0.0172415311339536,0.105190782678469));
#4714=CARTESIAN_POINT('',(0.0305469502010492,0.0175338310659557,0.105190782678469));
#4715=CARTESIAN_POINT('',(0.0302698621575509,0.0170129450744467,0.105190782678469));
#4716=CARTESIAN_POINT('',(0.0211331891896839,-0.000162696638113767,0.10519078267847));
#4717=CARTESIAN_POINT('',(0.0290747121995436,0.017597192816606,0.105190782678469));
#4718=CARTESIAN_POINT('',(0.0293155549090219,0.0181357972997763,0.105190782678469));
#4719=CARTESIAN_POINT('',(0.028770094743579,0.0183606821768024,0.105190782678469));
#4720=CARTESIAN_POINT('',(0.028770094743579,0.0183606821768024,0.105190782678469));
#4721=CARTESIAN_POINT('',(0.0290130171698363,0.0189498925699971,0.105190782636386));
#4722=CARTESIAN_POINT('',(0.0290130171698363,0.0189498925699971,0.10519078267847));
#4723=CARTESIAN_POINT('',(0.0290707022224379,0.0190898081514786,0.10519078267847));
#4724=CARTESIAN_POINT('',(0.0291297699665649,0.0193895476738856,0.10519078267847));
#4725=CARTESIAN_POINT('',(0.0292156714941024,0.0199995293120892,0.10519078267847));
#4726=CARTESIAN_POINT('',(0.0292348353031378,0.0211047509208158,0.10519078267847));
#4727=CARTESIAN_POINT('',(0.0291014510554628,0.0220821763112009,0.10519078267847));
#4728=CARTESIAN_POINT('',(0.0289565481768698,0.0227378503893617,0.10519078267847));
#4729=CARTESIAN_POINT('',(0.0289565481581299,0.0227378503957637,0.105190782636386));
#4730=CARTESIAN_POINT('',(0.0211331891896866,-0.000162696638105028,0.10519078267847));
#4731=CARTESIAN_POINT('',(0.0274952571681385,0.0231860525815022,0.105190782636386));
#4732=CARTESIAN_POINT('',(0.0274952571842439,0.0231860525967509,0.10519078267847));
#4733=CARTESIAN_POINT('',(0.0270076458748719,0.0227243811211075,0.10519078267847));
#4734=CARTESIAN_POINT('',(0.0263491706742292,0.0219898321694554,0.10519078267847));
#4735=CARTESIAN_POINT('',(0.0257453559311805,0.021063932708466,0.10519078267847));
#4736=CARTESIAN_POINT('',(0.0254744762973346,0.0205106869264169,0.10519078267847));
#4737=CARTESIAN_POINT('',(0.0253553261249077,0.0202293756822425,0.10519078267847));
#4738=CARTESIAN_POINT('',(0.0253246421826968,0.0200811784119391,0.10519078267847));
#4739=CARTESIAN_POINT('',(0.0253246421742797,0.020081178371286,0.105190782636387));
#4740=CARTESIAN_POINT('',(0.0253246421826968,0.0200811784119391,0.10519078267847));
#4741=CARTESIAN_POINT('',(0.0251954264265698,0.0194570922952885,0.10519078267847));
#4742=CARTESIAN_POINT('',(0.0246176801404036,0.0195767134841353,0.10519078267847));
#4743=CARTESIAN_POINT('',(0.0245151163745553,0.0189956965532848,0.10519078267847));
#4744=CARTESIAN_POINT('',(0.0211331891896839,-0.000162696638113767,0.10519078267847));
#4745=CARTESIAN_POINT('',(0.02319791873779,0.0191820275277454,0.10519078267847));
#4746=CARTESIAN_POINT('',(0.0232605358274954,0.0197686953213705,0.10519078267847));
#4747=CARTESIAN_POINT('',(0.0226722791339925,0.0198140170882059,0.10519078267847));
#4748=CARTESIAN_POINT('',(0.0226722791339925,0.0198140170882059,0.10519078267847));
#4749=CARTESIAN_POINT('',(0.0227212360656793,0.0204494566301509,0.105190782636387));
#4750=CARTESIAN_POINT('',(0.0227212360656793,0.0204494566301509,0.10519078267847));
#4751=CARTESIAN_POINT('',(0.022732861518392,0.0206003499172247,0.10519078267847));
#4752=CARTESIAN_POINT('',(0.022696413675039,0.0209036720799567,0.10519078267847));
#4753=CARTESIAN_POINT('',(0.0225896161901008,0.0215103441236418,0.10519078267847));
#4754=CARTESIAN_POINT('',(0.022266309795914,0.0225673942792422,0.105190782678471));
#4755=CARTESIAN_POINT('',(0.0218374127816314,0.0234557630666404,0.105190782678471));
#4756=CARTESIAN_POINT('',(0.0214969875217907,0.0240345687192268,0.105190782678471));
#4757=CARTESIAN_POINT('',(0.0214969875019897,0.0240345687195246,0.105190782636387));
#4758=CARTESIAN_POINT('',(0.0211331891896837,-0.000162696638104566,0.10519078267847));
#4759=CARTESIAN_POINT('',(0.0199687150914457,0.0240092705792547,0.105190782636387));
#4760=CARTESIAN_POINT('',(0.0199687151020507,0.0240092705987338,0.105190782678471));
#4761=CARTESIAN_POINT('',(0.0196476335206502,0.0234195147521831,0.105190782678471));
#4762=CARTESIAN_POINT('',(0.0192483744995148,0.0225174371578119,0.105190782678471));
#4763=CARTESIAN_POINT('',(0.0189602312220332,0.0214502654249467,0.105190782678471));
#4764=CARTESIAN_POINT('',(0.0188735717298512,0.0208403910085263,0.105190782678471));
#4765=CARTESIAN_POINT('',(0.0188471831371063,0.0205360286884876,0.105190782678471));
#4766=CARTESIAN_POINT('',(0.0188637964489643,0.0203856028492686,0.105190782678471));
#4767=CARTESIAN_POINT('',(0.0188637964535217,0.0203856028080042,0.105190782636387));
#4768=CARTESIAN_POINT('',(0.0188637964489643,0.0203856028492686,0.105190782678471));
#4769=CARTESIAN_POINT('',(0.0189337581780902,0.0197521318167145,0.10519078267847));
#4770=CARTESIAN_POINT('',(0.0183473238276256,0.0196873649069919,0.10519078267847));
#4771=CARTESIAN_POINT('',(0.018429323995432,0.0191030910221745,0.10519078267847));
#4772=CARTESIAN_POINT('',(0.0211331891896839,-0.000162696638113767,0.10519078267847));
#4773=CARTESIAN_POINT('',(0.0171190151620512,0.0188732658549118,0.105190782678471));
#4774=CARTESIAN_POINT('',(0.0169972772349643,0.0194505698277966,0.105190782678471));
#4775=CARTESIAN_POINT('',(0.0164238066771869,0.0193118920741282,0.105190782678471));
#4776=CARTESIAN_POINT('',(0.0164238066771869,0.0193118920741283,0.105190782678471));
#4777=CARTESIAN_POINT('',(0.0162740058687265,0.0199313595150904,0.105190782636388));
#4778=CARTESIAN_POINT('',(0.0162740058687265,0.0199313595150904,0.105190782678471));
#4779=CARTESIAN_POINT('',(0.0162384337412426,0.0200784600214839,0.105190782678471));
#4780=CARTESIAN_POINT('',(0.0161100380792597,0.0203556735378807,0.105190782678471));
#4781=CARTESIAN_POINT('',(0.0158209956637756,0.0208996507004802,0.105190782678471));
#4782=CARTESIAN_POINT('',(0.0151868665488367,0.0218050579688193,0.105190782678471));
#4783=CARTESIAN_POINT('',(0.0145044401960041,0.022517410426702,0.105190782678471));
#4784=CARTESIAN_POINT('',(0.014001815751233,0.0229626901236543,0.105190782678472));
#4785=CARTESIAN_POINT('',(0.0140018157323092,0.0229626901178185,0.105190782636388));
#4786=CARTESIAN_POINT('',(0.0211331891896809,-0.000162696638105135,0.10519078267847));
#4787=CARTESIAN_POINT('',(0.0125561598528566,0.0224663680097722,0.105190782636388));
#4788=CARTESIAN_POINT('',(0.0125561598569233,0.0224663680315752,0.105190782678472));
#4789=CARTESIAN_POINT('',(0.0124330377057803,0.0218062572254553,0.105190782678472));
#4790=CARTESIAN_POINT('',(0.0123320771189524,0.0208249526284377,0.105190782678472));
#4791=CARTESIAN_POINT('',(0.0123878107786476,0.0197209708283331,0.105190782678472));
#4792=CARTESIAN_POINT('',(0.0124938542630171,0.0191141665346672,0.105190782678472));
#4793=CARTESIAN_POINT('',(0.0125628103492717,0.0188165462432628,0.105190782678472));
#4794=CARTESIAN_POINT('',(0.0126250946884824,0.0186786165643522,0.105190782678472));
#4795=CARTESIAN_POINT('',(0.0126250947055681,0.0186786165265157,0.105190782636388));
#4796=CARTESIAN_POINT('',(0.0126250946884824,0.0186786165643522,0.105190782678472));
#4797=CARTESIAN_POINT('',(0.0128873855613624,0.0180977691742132,0.105190782678471));
#4798=CARTESIAN_POINT('',(0.012349667426751,0.0178549540023022,0.105190782678471));
#4799=CARTESIAN_POINT('',(0.0126082047804588,0.0173246159622394,0.105190782678471));
#4800=CARTESIAN_POINT('',(0.0211331891896839,-0.000162696638113767,0.10519078267847));
#4801=CARTESIAN_POINT('',(0.011433046908532,0.0167011315419114,0.105190782678471));
#4802=CARTESIAN_POINT('',(0.0111388705211542,0.0172125611588767,0.105190782678471));
#4803=CARTESIAN_POINT('',(0.0106363213929019,0.0169034586294584,0.105190782678471));
#4804=CARTESIAN_POINT('',(0.0106363213929019,0.0169034586294584,0.105190782678472));
#4805=CARTESIAN_POINT('',(0.0103024263911501,0.0174463161802326,0.105190782636388));
#4806=CARTESIAN_POINT('',(0.0103024263911501,0.0174463161802326,0.105190782678472));
#4807=CARTESIAN_POINT('',(0.0102231387311498,0.0175752246834705,0.105190782678472));
#4808=CARTESIAN_POINT('',(0.010015363512522,0.0177991939630872,0.105190782678472));
#4809=CARTESIAN_POINT('',(0.00957236965199398,0.0182272279698137,0.105190782678472));
#4810=CARTESIAN_POINT('',(0.0086894907923123,0.0188923647791251,0.105190782678472));
#4811=CARTESIAN_POINT('',(0.00782033574708804,0.0193589708856559,0.105190782678472));
#4812=CARTESIAN_POINT('',(0.00720471250003117,0.019627137547796,0.105190782678472));
#4813=CARTESIAN_POINT('',(0.00720471248383677,0.0196271375363981,0.105190782636389));
#4814=CARTESIAN_POINT('',(0.0211331891896783,-0.000162696638106466,0.10519078267847));
#4815=CARTESIAN_POINT('',(0.00598318400543349,0.0187083749265904,0.105190782636389));
#4816=CARTESIAN_POINT('',(0.00598318400256359,0.0187083749485829,0.105190782678473));
#4817=CARTESIAN_POINT('',(0.00607007333567813,0.0180425254278584,0.105190782678472));
#4818=CARTESIAN_POINT('',(0.00627729390882589,0.0170780507593031,0.105190782678472));
#4819=CARTESIAN_POINT('',(0.00667144890676846,0.0160453243224461,0.105190782678472));
#4820=CARTESIAN_POINT('',(0.0069598150925912,0.0155009883836532,0.105190782678472));
#4821=CARTESIAN_POINT('',(0.00711736595567687,0.0152392432686477,0.105190782678472));
#4822=CARTESIAN_POINT('',(0.00721922449715817,0.0151273112680301,0.105190782678472));
#4823=CARTESIAN_POINT('',(0.00721922452509979,0.0151273112373252,0.105190782636389));
#4824=CARTESIAN_POINT('',(0.00721922449715819,0.0151273112680301,0.105190782678472));
#4825=CARTESIAN_POINT('',(0.00764816965566675,0.0146559449098546,0.105190782678472));
#4826=CARTESIAN_POINT('',(0.00721180333442707,0.014258849916575,0.105190782678472));
#4827=CARTESIAN_POINT('',(0.00762157043651948,0.0138343609037104,0.105190782678472));
#4828=CARTESIAN_POINT('',(0.0211331891896839,-0.000162696638113767,0.10519078267847));
#4829=CARTESIAN_POINT('',(0.00669659616635731,0.01287824822945,0.105190782678472));
#4830=CARTESIAN_POINT('',(0.00625877735313255,0.0132737411962478,0.105190782678472));
#4831=CARTESIAN_POINT('',(0.00587634266454424,0.0128244710003028,0.105190782678472));
#4832=CARTESIAN_POINT('',(0.00587634266454426,0.0128244710003028,0.105190782678472));
#4833=CARTESIAN_POINT('',(0.00539103743865579,0.0132375799815086,0.105190782636389));
#4834=CARTESIAN_POINT('',(0.0053910374386558,0.0132375799815086,0.105190782678472));
#4835=CARTESIAN_POINT('',(0.00527579547473102,0.0133356780191351,0.105190782678472));
#4836=CARTESIAN_POINT('',(0.00500897918551065,0.0134844793883975,0.105190782678473));
#4837=CARTESIAN_POINT('',(0.0044553972055279,0.0137546712883844,0.105190782678473));
#4838=CARTESIAN_POINT('',(0.0034101909352673,0.0141144294134915,0.105190782678473));
#4839=CARTESIAN_POINT('',(0.00243938614923666,0.0142896145119289,0.105190782678473));
#4840=CARTESIAN_POINT('',(0.00177102559261609,0.0143544181179383,0.105190782678473));
#4841=CARTESIAN_POINT('',(0.00177102558073654,0.0143544181020939,0.105190782636389));
#4842=CARTESIAN_POINT('',(0.0211331891896764,-0.000162696638108509,0.10519078267847));
#4843=CARTESIAN_POINT('',(0.00089319622173776,0.0131031498761683,0.10519078263639));
#4844=CARTESIAN_POINT('',(0.000893196212212239,0.0131031498961976,0.105190782678473));
#4845=CARTESIAN_POINT('',(0.00118159169626936,0.0124967396512108,0.105190782678473));
#4846=CARTESIAN_POINT('',(0.00167670923589765,0.011643504411557,0.105190782678473));
#4847=CARTESIAN_POINT('',(0.00237070293465063,0.0107831237970173,0.105190782678473));
#4848=CARTESIAN_POINT('',(0.00281316453049279,0.0103545396073978,0.105190782678473));
#4849=CARTESIAN_POINT('',(0.00304388799420909,0.0101542911043333,0.105190782678473));
#4850=CARTESIAN_POINT('',(0.00317535011423085,0.0100793134661054,0.105190782678473));
#4851=CARTESIAN_POINT('',(0.00317535015029216,0.0100793134455383,0.105190782636389));
#4852=CARTESIAN_POINT('',(0.00317535011423087,0.0100793134661054,0.105190782678473));
#4853=CARTESIAN_POINT('',(0.00372896141761652,0.00976356876323423,0.105190782678472));
#4854=CARTESIAN_POINT('',(0.00343666148561439,0.00925106437325151,0.105190782678472));
#4855=CARTESIAN_POINT('',(0.00395754747712337,0.00897397632975325,0.105190782678472));
#4856=CARTESIAN_POINT('',(0.0211331891896839,-0.000162696638113767,0.10519078267847));
#4857=CARTESIAN_POINT('',(0.00337329973496402,0.00777882637174593,0.105190782678472));
#4858=CARTESIAN_POINT('',(0.00283469525179373,0.00801966908122427,0.105190782678472));
#4859=CARTESIAN_POINT('',(0.0026098103747677,0.00747420891578141,0.105190782678472));
#4860=CARTESIAN_POINT('',(0.00260981037476768,0.00747420891578141,0.105190782678473));
#4861=CARTESIAN_POINT('',(0.00202059998157289,0.00771713134203868,0.105190782636389));
#4862=CARTESIAN_POINT('',(0.00202059998157288,0.00771713134203867,0.105190782678473));
#4863=CARTESIAN_POINT('',(0.00188068440008992,0.00777481639464121,0.105190782678473));
#4864=CARTESIAN_POINT('',(0.00158094487768507,0.00783388413876684,0.105190782678473));
#4865=CARTESIAN_POINT('',(0.000970963239480521,0.00791978566630492,0.105190782678473));
#4866=CARTESIAN_POINT('',(-0.000134258369246631,0.00793894947534027,0.105190782678473));
#4867=CARTESIAN_POINT('',(-0.00111168375962648,0.00780556522766405,0.105190782678473));
#4868=CARTESIAN_POINT('',(-0.00176735783779166,0.00766066234907217,0.105190782678473));
#4869=CARTESIAN_POINT('',(-0.00176735784419374,0.00766066233033224,0.10519078263639));
#4870=CARTESIAN_POINT('',(0.0211331891896749,-0.000162696638111121,0.10519078267847));
#4871=CARTESIAN_POINT('',(-0.0022155600299323,0.00619937134034082,0.10519078263639));
#4872=CARTESIAN_POINT('',(-0.00221556004518091,0.00619937135644623,0.105190782678473));
#4873=CARTESIAN_POINT('',(-0.0017538885695347,0.00571176004707667,0.105190782678473));
#4874=CARTESIAN_POINT('',(-0.00101933961788583,0.00505328484643091,0.105190782678473));
#4875=CARTESIAN_POINT('',(-9.34401568960715E-5,0.00444947010338307,0.105190782678473));
#4876=CARTESIAN_POINT('',(0.000459805625153435,0.00417859046953666,0.105190782678473));
#4877=CARTESIAN_POINT('',(0.000741116869326699,0.00405944029711059,0.105190782678473));
#4878=CARTESIAN_POINT('',(0.000889314139630903,0.00402875635489915,0.105190782678473));
#4879=CARTESIAN_POINT('',(0.000889314180283794,0.00402875634648204,0.105190782636389));
#4880=CARTESIAN_POINT('',(0.000889314139630893,0.00402875635489914,0.105190782678473));
#4881=CARTESIAN_POINT('',(0.00151340025628148,0.00389954059877216,0.105190782678472));
#4882=CARTESIAN_POINT('',(0.00139377906743468,0.00332179431260593,0.105190782678472));
#4883=CARTESIAN_POINT('',(0.00197479599828525,0.00321923054675759,0.105190782678472));
#4884=CARTESIAN_POINT('',(0.0211331891896839,-0.000162696638113767,0.10519078267847));
#4885=CARTESIAN_POINT('',(0.00178846502382462,0.00190203290999236,0.105190782678472));
#4886=CARTESIAN_POINT('',(0.00120179723019962,0.00196464999969776,0.105190782678472));
#4887=CARTESIAN_POINT('',(0.00115647546336416,0.00137639330619488,0.105190782678472));
#4888=CARTESIAN_POINT('',(0.00115647546336416,0.00137639330619488,0.105190782678473));
#4889=CARTESIAN_POINT('',(0.000521035921419146,0.00142535023788158,0.105190782636389));
#4890=CARTESIAN_POINT('',(0.000521035921419151,0.00142535023788159,0.105190782678473));
#4891=CARTESIAN_POINT('',(0.000370142634343848,0.00143697569059448,0.105190782678473));
#4892=CARTESIAN_POINT('',(6.6820471614018E-5,0.00140052784724133,0.105190782678473));
#4893=CARTESIAN_POINT('',(-0.00053985157207221,0.00129373036230308,0.105190782678473));
#4894=CARTESIAN_POINT('',(-0.00159690172767136,0.000970423968116836,0.105190782678473));
#4895=CARTESIAN_POINT('',(-0.00248527051507183,0.000541526953832288,0.105190782678473));
#4896=CARTESIAN_POINT('',(-0.00306407616765683,0.000201101693993065,0.105190782678473));
#4897=CARTESIAN_POINT('',(-0.00306407616795446,0.000201101674192771,0.10519078263639));
#4898=CARTESIAN_POINT('',(0.0211331891896747,-0.000162696638113927,0.10519078267847));
#4899=CARTESIAN_POINT('',(-0.00303877802768456,-0.00132717073635195,0.10519078263639));
#4900=CARTESIAN_POINT('',(-0.00303877804716376,-0.00132717072574688,0.105190782678473));
#4901=CARTESIAN_POINT('',(-0.0024490222006158,-0.00164825230715189,0.105190782678473));
#4902=CARTESIAN_POINT('',(-0.00154694460624154,-0.00204751132828164,0.105190782678473));
#4903=CARTESIAN_POINT('',(-0.000479772873376134,-0.00233565460576475,0.105190782678473));
#4904=CARTESIAN_POINT('',(0.000130101543042782,-0.00242231409794612,0.105190782678473));
#4905=CARTESIAN_POINT('',(0.000434463863084592,-0.00244870269069177,0.105190782678473));
#4906=CARTESIAN_POINT('',(0.000584889702301363,-0.00243208937883332,0.105190782678473));
#4907=CARTESIAN_POINT('',(0.000584889743565796,-0.002432089374276,0.105190782636389));
#4908=CARTESIAN_POINT('',(0.000584889702301363,-0.00243208937883332,0.105190782678473));
#4909=CARTESIAN_POINT('',(0.00121836073485549,-0.00236212764970742,0.105190782678472));
#4910=CARTESIAN_POINT('',(0.00128312764457813,-0.0029485620001721,0.105190782678472));
#4911=CARTESIAN_POINT('',(0.00186740152939562,-0.00286656183236558,0.105190782678472));
#4912=CARTESIAN_POINT('',(0.0211331891896839,-0.000162696638113767,0.10519078267847));
#4913=CARTESIAN_POINT('',(0.00209722669665817,-0.00417687066574654,0.105190782678472));
#4914=CARTESIAN_POINT('',(0.00151992272377335,-0.00429860859283337,0.105190782678472));
#4915=CARTESIAN_POINT('',(0.0016586004774417,-0.00487207915061076,0.105190782678472));
#4916=CARTESIAN_POINT('',(0.0016586004774417,-0.00487207915061077,0.105190782678472));
#4917=CARTESIAN_POINT('',(0.00103913303647962,-0.00502187995907116,0.105190782636389));
#4918=CARTESIAN_POINT('',(0.00103913303647959,-0.0050218799590712,0.105190782678472));
#4919=CARTESIAN_POINT('',(0.000892032530086114,-0.00505745208655595,0.105190782678472));
#4920=CARTESIAN_POINT('',(0.000614819013689298,-0.00518584774853757,0.105190782678473));
#4921=CARTESIAN_POINT('',(7.08418510898913E-5,-0.00547489016402236,0.105190782678473));
#4922=CARTESIAN_POINT('',(-0.000834565417249345,-0.00610901927896065,0.105190782678473));
#4923=CARTESIAN_POINT('',(-0.00154691787513202,-0.00679144563179386,0.105190782678473));
#4924=CARTESIAN_POINT('',(-0.00199219757208426,-0.00729407007656472,0.105190782678473));
#4925=CARTESIAN_POINT('',(-0.00199219756624859,-0.0072940700954886,0.105190782636389));
#4926=CARTESIAN_POINT('',(0.0211331891896751,-0.000162696638116824,0.10519078267847));
#4927=CARTESIAN_POINT('',(-0.00149587545820225,-0.00873972597494106,0.105190782636389));
#4928=CARTESIAN_POINT('',(-0.00149587548000515,-0.00873972597087445,0.105190782678473));
#4929=CARTESIAN_POINT('',(-0.000835764673888287,-0.0088628481220162,0.105190782678473));
#4930=CARTESIAN_POINT('',(0.00014553992313281,-0.00896380870884544,0.105190782678472));
#4931=CARTESIAN_POINT('',(0.00124952172323707,-0.0089080750491502,0.105190782678472));
#4932=CARTESIAN_POINT('',(0.0018563260169025,-0.00880203156478035,0.105190782678472));
#4933=CARTESIAN_POINT('',(0.00215394630830797,-0.00873307547852634,0.105190782678472));
#4934=CARTESIAN_POINT('',(0.00229187598721784,-0.00867079113931527,0.105190782678472));
#4935=CARTESIAN_POINT('',(0.00229187602505435,-0.00867079112222957,0.105190782636389));
#4936=CARTESIAN_POINT('',(0.00229187598721784,-0.00867079113931526,0.105190782678472));
#4937=CARTESIAN_POINT('',(0.00287272337735689,-0.00840850026643531,0.105190782678472));
#4938=CARTESIAN_POINT('',(0.00311553854926774,-0.00894621840104664,0.105190782678472));
#4939=CARTESIAN_POINT('',(0.00364587658933073,-0.00868768104733888,0.105190782678472));
#4940=CARTESIAN_POINT('',(0.0211331891896839,-0.000162696638113767,0.105190782678469));
#4941=CARTESIAN_POINT('',(0.00426936100965868,-0.00986283891926567,0.105190782678471));
#4942=CARTESIAN_POINT('',(0.00375793139269329,-0.0101570153066434,0.105190782678471));
#4943=CARTESIAN_POINT('',(0.00406703392211164,-0.0106595644348958,0.105190782678472));
#4944=CARTESIAN_POINT('',(0.00406703392211163,-0.0106595644348958,0.105190782678472));
#4945=CARTESIAN_POINT('',(0.00352417637133736,-0.0109934594366476,0.105190782636389));
#4946=CARTESIAN_POINT('',(0.00352417637133735,-0.0109934594366476,0.105190782678472));
#4947=CARTESIAN_POINT('',(0.00339526786810018,-0.0110727470966479,0.105190782678472));
#4948=CARTESIAN_POINT('',(0.0031712985884825,-0.0112805223152757,0.105190782678472));
#4949=CARTESIAN_POINT('',(0.00274326458175646,-0.0117235161758037,0.105190782678472));
#4950=CARTESIAN_POINT('',(0.00207812777244521,-0.0126063950354851,0.105190782678472));
#4951=CARTESIAN_POINT('',(0.00161152166591271,-0.0134755500807103,0.105190782678472));
#4952=CARTESIAN_POINT('',(0.00134335500377405,-0.0140911733277665,0.105190782678472));
#4953=CARTESIAN_POINT('',(0.00134335501517204,-0.0140911733439609,0.105190782636389));
#4954=CARTESIAN_POINT('',(0.0211331891896766,-0.000162696638119398,0.10519078267847));
#4955=CARTESIAN_POINT('',(0.00226211762497964,-0.0153127018223642,0.105190782636389));
#4956=CARTESIAN_POINT('',(0.00226211760298713,-0.0153127018252341,0.105190782678472));
#4957=CARTESIAN_POINT('',(0.00292796712370882,-0.0152258124921173,0.105190782678472));
#4958=CARTESIAN_POINT('',(0.00389244179226768,-0.0150185919189723,0.105190782678472));
#4959=CARTESIAN_POINT('',(0.00492516822912365,-0.0146244369210292,0.105190782678472));
#4960=CARTESIAN_POINT('',(0.0054695041679172,-0.0143360707352064,0.105190782678472));
#4961=CARTESIAN_POINT('',(0.00573124928292162,-0.0141785198721211,0.105190782678472));
#4962=CARTESIAN_POINT('',(0.00584318128353991,-0.0140766613306395,0.105190782678472));
#4963=CARTESIAN_POINT('',(0.0058431813142448,-0.0140766613026979,0.105190782636388));
#4964=CARTESIAN_POINT('',(0.00584318128353992,-0.0140766613306395,0.105190782678472));
#4965=CARTESIAN_POINT('',(0.00631454764171535,-0.0136477161721309,0.105190782678471));
#4966=CARTESIAN_POINT('',(0.00671164263499502,-0.0140840824933706,0.105190782678471));
#4967=CARTESIAN_POINT('',(0.00713613164785967,-0.0136743153912782,0.105190782678471));
#4968=CARTESIAN_POINT('',(0.0211331891896839,-0.000162696638113767,0.10519078267847));
#4969=CARTESIAN_POINT('',(0.00809224432211995,-0.0145992896614404,0.105190782678471));
#4970=CARTESIAN_POINT('',(0.00769675135532225,-0.0150371084746651,0.105190782678471));
#4971=CARTESIAN_POINT('',(0.00814602155126716,-0.0154195431632534,0.105190782678471));
#4972=CARTESIAN_POINT('',(0.00814602155126717,-0.0154195431632534,0.105190782678471));
#4973=CARTESIAN_POINT('',(0.00773291257006145,-0.0159048483891418,0.105190782636388));
#4974=CARTESIAN_POINT('',(0.00773291257006144,-0.0159048483891418,0.105190782678471));
#4975=CARTESIAN_POINT('',(0.00763481453243584,-0.0160200903530666,0.105190782678471));
#4976=CARTESIAN_POINT('',(0.00748601316317196,-0.016286906642287,0.105190782678471));
#4977=CARTESIAN_POINT('',(0.00721582126318592,-0.0168404886222697,0.105190782678471));
#4978=CARTESIAN_POINT('',(0.00685606313807862,-0.0178856948925307,0.105190782678471));
#4979=CARTESIAN_POINT('',(0.00668087803963996,-0.0188564996785595,0.105190782678471));
#4980=CARTESIAN_POINT('',(0.00661607443363169,-0.0195248602351816,0.105190782678471));
#4981=CARTESIAN_POINT('',(0.00661607444947615,-0.0195248602470612,0.105190782636388));
#4982=CARTESIAN_POINT('',(0.0211331891896786,-0.00016269663812137,0.10519078267847));
#4983=CARTESIAN_POINT('',(0.00786734267540167,-0.0204026896060599,0.105190782636388));
#4984=CARTESIAN_POINT('',(0.0078673426553724,-0.0204026896155854,0.105190782678471));
#4985=CARTESIAN_POINT('',(0.00847375290036155,-0.0201142941315313,0.105190782678471));
#4986=CARTESIAN_POINT('',(0.00932698814001297,-0.0196191765918993,0.105190782678471));
#4987=CARTESIAN_POINT('',(0.010187368754552,-0.0189251828931472,0.105190782678471));
#4988=CARTESIAN_POINT('',(0.0106159529441735,-0.0184827212973048,0.105190782678471));
#4989=CARTESIAN_POINT('',(0.0108162014472339,-0.0182519978335886,0.105190782678471));
#4990=CARTESIAN_POINT('',(0.0108911790854647,-0.0181205357135668,0.105190782678471));
#4991=CARTESIAN_POINT('',(0.0108911791060324,-0.0181205356775044,0.105190782636387));
#4992=CARTESIAN_POINT('',(0.0108911790854647,-0.0181205357135668,0.105190782678471));
#4993=CARTESIAN_POINT('',(0.0112069237883357,-0.0175669244101812,0.10519078267847));
#4994=CARTESIAN_POINT('',(0.0117194281783184,-0.0178592243421833,0.10519078267847));
#4995=CARTESIAN_POINT('',(0.0119965162218167,-0.0173383383506742,0.10519078267847));
#4996=CARTESIAN_POINT('',(0.0211331891896839,-0.000162696638113767,0.10519078267847));
#4997=CARTESIAN_POINT('',(0.0131916661798241,-0.0179225860928337,0.10519078267847));
#4998=CARTESIAN_POINT('',(0.0129508234703457,-0.018461190576004,0.10519078267847));
#4999=CARTESIAN_POINT('',(0.0134962836357886,-0.01868607545303,0.10519078267847));
#5000=CARTESIAN_POINT('',(0.0134962836357886,-0.01868607545303,0.10519078267847));
#5001=CARTESIAN_POINT('',(0.0132533612095313,-0.0192752858462248,0.105190782636387));
#5002=CARTESIAN_POINT('',(0.0132533612095313,-0.0192752858462248,0.10519078267847));
#5003=CARTESIAN_POINT('',(0.0131956761569299,-0.0194152014277063,0.10519078267847));
#5004=CARTESIAN_POINT('',(0.0131366084128027,-0.0197149409501133,0.10519078267847));
#5005=CARTESIAN_POINT('',(0.0130507068852654,-0.0203249225883168,0.10519078267847));
#5006=CARTESIAN_POINT('',(0.0130315430762298,-0.0214301441970439,0.10519078267847));
#5007=CARTESIAN_POINT('',(0.0131649273239051,-0.0224075695874271,0.10519078267847));
#5008=CARTESIAN_POINT('',(0.0133098302024978,-0.0230632436655893,0.10519078267847));
#5009=CARTESIAN_POINT('',(0.0133098302212378,-0.0230632436719913,0.105190782636387));
#5010=CARTESIAN_POINT('',(0.0211331891896812,-0.000162696638122614,0.10519078267847));
#5011=CARTESIAN_POINT('',(0.0147711212112292,-0.0235114458577298,0.105190782636387));
#5012=CARTESIAN_POINT('',(0.0147711211951237,-0.0235114458729785,0.10519078267847));
#5013=CARTESIAN_POINT('',(0.0152587325044986,-0.023049774397332,0.10519078267847));
#5014=CARTESIAN_POINT('',(0.015917207705138,-0.0223152254456837,0.10519078267847));
#5015=CARTESIAN_POINT('',(0.0165210224481869,-0.0213893259846936,0.10519078267847));
#5016=CARTESIAN_POINT('',(0.0167919020820336,-0.0208360802026444,0.10519078267847));
#5017=CARTESIAN_POINT('',(0.0169110522544586,-0.0205547689584703,0.10519078267847));
#5018=CARTESIAN_POINT('',(0.0169417361966709,-0.0204065716881668,0.10519078267847));
#5019=CARTESIAN_POINT('',(0.016941736205088,-0.0204065716475137,0.105190782636387));
#5020=CARTESIAN_POINT('',(0.0169417361966709,-0.0204065716881668,0.10519078267847));
#5021=CARTESIAN_POINT('',(0.0170709519527978,-0.0197824855715162,0.105190782678469));
#5022=CARTESIAN_POINT('',(0.0176486982389641,-0.0199021067603629,0.105190782678469));
#5023=CARTESIAN_POINT('',(0.0177512620048125,-0.0193210898295124,0.105190782678469));
#5024=CARTESIAN_POINT('',(0.0211331891896839,-0.000162696638113767,0.10519078267847));
#5025=CARTESIAN_POINT('',(0.0190684596415776,-0.0195074208039731,0.105190782678469));
#5026=CARTESIAN_POINT('',(0.0190058425518722,-0.0200940885975981,0.105190782678469));
#5027=CARTESIAN_POINT('',(0.0195940992453751,-0.0201394103644334,0.105190782678469));
#5028=CARTESIAN_POINT('',(0.0195940992453751,-0.0201394103644335,0.10519078267847));
#5029=CARTESIAN_POINT('',(0.0195451423136884,-0.0207748499063784,0.105190782636386));
#5030=CARTESIAN_POINT('',(0.0195451423136884,-0.0207748499063785,0.10519078267847));
#5031=CARTESIAN_POINT('',(0.0195335168609757,-0.0209257431934538,0.10519078267847));
#5032=CARTESIAN_POINT('',(0.0195699647043287,-0.0212290653561836,0.10519078267847));
#5033=CARTESIAN_POINT('',(0.0196767621892669,-0.0218357373998699,0.10519078267847));
#5034=CARTESIAN_POINT('',(0.020000068583453,-0.022892787555469,0.10519078267847));
#5035=CARTESIAN_POINT('',(0.0204289655977392,-0.0237811563428696,0.105190782678469));
#5036=CARTESIAN_POINT('',(0.0207693908575769,-0.0243599619954545,0.105190782678469));
#5037=CARTESIAN_POINT('',(0.020769390877378,-0.0243599619957522,0.105190782636386));
#5038=CARTESIAN_POINT('',(0.021133189189684,-0.000162696638123076,0.10519078267847));
#5039=CARTESIAN_POINT('',(0.022297663287922,-0.0243346638554823,0.105190782636386));
#5040=CARTESIAN_POINT('',(0.0222976632773169,-0.0243346638749614,0.105190782678469));
#5041=CARTESIAN_POINT('',(0.0226187448587202,-0.0237449080284137,0.105190782678469));
#5042=CARTESIAN_POINT('',(0.0230180038798519,-0.022842830434039,0.105190782678469));
#5043=CARTESIAN_POINT('',(0.0233061471573349,-0.0217756587011741,0.105190782678469));
#5044=CARTESIAN_POINT('',(0.0233928066495157,-0.0211657842847544,0.105190782678469));
#5045=CARTESIAN_POINT('',(0.0234191952422627,-0.0208614219647138,0.105190782678469));
#5046=CARTESIAN_POINT('',(0.0234025819304033,-0.0207109961254963,0.105190782678469));
#5047=CARTESIAN_POINT('',(0.023402581925846,-0.0207109960842318,0.105190782636386));
#5048=CARTESIAN_POINT('',(0.0234025819304033,-0.0207109961254963,0.105190782678469));
#5049=CARTESIAN_POINT('',(0.0233326202012775,-0.0200775250929421,0.105190782678469));
#5050=CARTESIAN_POINT('',(0.0239190545517421,-0.0200127581832195,0.105190782678469));
#5051=CARTESIAN_POINT('',(0.0238370543839356,-0.019428484298402,0.105190782678469));
#5052=CARTESIAN_POINT('',(0.0211331891896839,-0.000162696638113767,0.105190782678469));
#5053=CARTESIAN_POINT('',(0.0251473632173165,-0.0191986591311395,0.105190782678468));
#5054=CARTESIAN_POINT('',(0.0252691011444033,-0.0197759631040243,0.105190782678468));
#5055=CARTESIAN_POINT('',(0.0258425717021808,-0.019637285350356,0.105190782678468));
#5056=CARTESIAN_POINT('',(0.0258425717021808,-0.019637285350356,0.105190782678469));
#5057=CARTESIAN_POINT('',(0.0259923725106412,-0.020256752791318,0.105190782636385));
#5058=CARTESIAN_POINT('',(0.0259923725106412,-0.020256752791318,0.105190782678469));
#5059=CARTESIAN_POINT('',(0.0260279446381267,-0.0204038532977122,0.105190782678469));
#5060=CARTESIAN_POINT('',(0.0261563403001072,-0.0206810668141081,0.105190782678469));
#5061=CARTESIAN_POINT('',(0.0264453827155926,-0.0212250439767079,0.105190782678469));
#5062=CARTESIAN_POINT('',(0.0270795118305296,-0.0221304512450473,0.105190782678469));
#5063=CARTESIAN_POINT('',(0.0277619381833679,-0.0228428037029281,0.105190782678468));
#5064=CARTESIAN_POINT('',(0.0282645626281347,-0.0232880833998819,0.105190782678468));
#5065=CARTESIAN_POINT('',(0.0282645626470587,-0.0232880833940462,0.105190782636385));
#5066=CARTESIAN_POINT('',(0.0211331891896868,-0.000162696638122525,0.10519078267847));
#5067=CARTESIAN_POINT('',(0.0297102185265112,-0.0227917612859998,0.105190782636385));
#5068=CARTESIAN_POINT('',(0.0297102185224445,-0.0227917613078028,0.105190782678468));
#5069=CARTESIAN_POINT('',(0.0298333406735846,-0.0221316505016888,0.105190782678468));
#5070=CARTESIAN_POINT('',(0.0299343012604157,-0.0211503459046642,0.105190782678468));
#5071=CARTESIAN_POINT('',(0.0298785676007204,-0.0200463641045608,0.105190782678468));
#5072=CARTESIAN_POINT('',(0.02977252411635,-0.0194395598108948,0.105190782678468));
#5073=CARTESIAN_POINT('',(0.0297035680300973,-0.0191419395194904,0.105190782678468));
#5074=CARTESIAN_POINT('',(0.0296412836908852,-0.0190040098405798,0.105190782678468));
#5075=CARTESIAN_POINT('',(0.0296412836737995,-0.0190040098027433,0.105190782636385));
#5076=CARTESIAN_POINT('',(0.0296412836908852,-0.0190040098405798,0.105190782678468));
#5077=CARTESIAN_POINT('',(0.0293789928180053,-0.0184231624504408,0.105190782678468));
#5078=CARTESIAN_POINT('',(0.0299167109526167,-0.01818034727853,0.105190782678468));
#5079=CARTESIAN_POINT('',(0.0296581735989089,-0.0176500092384669,0.105190782678468));
#5080=CARTESIAN_POINT('',(0.0211331891896839,-0.000162696638113767,0.10519078267847));
#5081=CARTESIAN_POINT('',(0.0308333314708357,-0.017026524818139,0.105190782678468));
#5082=CARTESIAN_POINT('',(0.0311275078582135,-0.0175379544351043,0.105190782678468));
#5083=CARTESIAN_POINT('',(0.0316300569864658,-0.017228851905686,0.105190782678468));
#5084=CARTESIAN_POINT('',(0.0316300569864658,-0.017228851905686,0.105190782678468));
#5085=CARTESIAN_POINT('',(0.0319639519882176,-0.0177717094564603,0.105190782636385));
#5086=CARTESIAN_POINT('',(0.0319639519882176,-0.0177717094564603,0.105190782678468));
#5087=CARTESIAN_POINT('',(0.0320432396482182,-0.0179006179596982,0.105190782678468));
#5088=CARTESIAN_POINT('',(0.0322510148668456,-0.0181245872393148,0.105190782678468));
#5089=CARTESIAN_POINT('',(0.0326940087273737,-0.0185526212460415,0.105190782678468));
#5090=CARTESIAN_POINT('',(0.0335768875870559,-0.0192177580553522,0.105190782678468));
#5091=CARTESIAN_POINT('',(0.0344460426322774,-0.0196843641618851,0.105190782678468));
#5092=CARTESIAN_POINT('',(0.0350616658793365,-0.0199525308240236,0.105190782678468));
#5093=CARTESIAN_POINT('',(0.0350616658955308,-0.0199525308126257,0.105190782636384));
#5094=CARTESIAN_POINT('',(0.0211331891896894,-0.000162696638121192,0.10519078267847));
#5095=CARTESIAN_POINT('',(0.0362831943739342,-0.019033768202818,0.105190782636384));
#5096=CARTESIAN_POINT('',(0.0362831943768041,-0.0190337682248105,0.105190782678467));
#5097=CARTESIAN_POINT('',(0.0361963050436851,-0.0183679187040947,0.105190782678468));
#5098=CARTESIAN_POINT('',(0.0359890844705426,-0.0174034440355285,0.105190782678468));
#5099=CARTESIAN_POINT('',(0.0355949294725995,-0.0163707175986743,0.105190782678468));
#5100=CARTESIAN_POINT('',(0.0353065632867758,-0.0158263816598801,0.105190782678468));
#5101=CARTESIAN_POINT('',(0.0351490124236925,-0.0155646365448767,0.105190782678468));
#5102=CARTESIAN_POINT('',(0.0350471538822094,-0.0154527045442577,0.105190782678468));
#5103=CARTESIAN_POINT('',(0.0350471538542678,-0.0154527045135528,0.105190782636384));
#5104=CARTESIAN_POINT('',(0.0350471538822094,-0.0154527045442577,0.105190782678468));
#5105=CARTESIAN_POINT('',(0.034618208723701,-0.0149813381860823,0.105190782678467));
#5106=CARTESIAN_POINT('',(0.0350545750449406,-0.0145842431928026,0.105190782678467));
#5107=CARTESIAN_POINT('',(0.0346448079428482,-0.014159754179938,0.105190782678467));
#5108=CARTESIAN_POINT('',(0.0211331891896839,-0.000162696638113767,0.10519078267847));
#5109=CARTESIAN_POINT('',(0.0355697822130103,-0.0132036415056777,0.105190782678467));
#5110=CARTESIAN_POINT('',(0.036007601026235,-0.0135991344724754,0.105190782678467));
#5111=CARTESIAN_POINT('',(0.0363900357148234,-0.0131498642765305,0.105190782678467));
#5112=CARTESIAN_POINT('',(0.0363900357148234,-0.0131498642765305,0.105190782678468));
#5113=CARTESIAN_POINT('',(0.0368753409407118,-0.0135629732577362,0.105190782636384));
#5114=CARTESIAN_POINT('',(0.0368753409407118,-0.0135629732577362,0.105190782678468));
#5115=CARTESIAN_POINT('',(0.0369905829046366,-0.0136610712953627,0.105190782678468));
#5116=CARTESIAN_POINT('',(0.037257399193857,-0.0138098726646253,0.105190782678468));
#5117=CARTESIAN_POINT('',(0.0378109811738398,-0.014080064564612,0.105190782678467));
#5118=CARTESIAN_POINT('',(0.0388561874441007,-0.0144398226897185,0.105190782678467));
#5119=CARTESIAN_POINT('',(0.0398269922301296,-0.0146150077881594,0.105190782678467));
#5120=CARTESIAN_POINT('',(0.0404953527867516,-0.0146798113941659,0.105190782678467));
#5121=CARTESIAN_POINT('',(0.0404953527986312,-0.0146798113783216,0.105190782636384));
#5122=CARTESIAN_POINT('',(0.0211331891896915,-0.00016269663811915,0.10519078267847));
#5123=CARTESIAN_POINT('',(0.04137318215763,-0.013428543152396,0.105190782636383));
#5124=CARTESIAN_POINT('',(0.0413731821671555,-0.0134285431724252,0.105190782678467));
#5125=CARTESIAN_POINT('',(0.0410847866830986,-0.0128221329274408,0.105190782678467));
#5126=CARTESIAN_POINT('',(0.0405896691434699,-0.0119688976877838,0.105190782678467));
#5127=CARTESIAN_POINT('',(0.0398956754447172,-0.0111085170732454,0.105190782678467));
#5128=CARTESIAN_POINT('',(0.0394532138488748,-0.0106799328836248,0.105190782678467));
#5129=CARTESIAN_POINT('',(0.0392224903851587,-0.0104796843805623,0.105190782678467));
#5130=CARTESIAN_POINT('',(0.0390910282651369,-0.010404706742333,0.105190782678467));
#5131=CARTESIAN_POINT('',(0.0390910282290751,-0.0104047067217657,0.105190782636384));
#5132=CARTESIAN_POINT('',(0.0390910282651369,-0.010404706742333,0.105190782678467));
#5133=CARTESIAN_POINT('',(0.0385374169617512,-0.0100889620394619,0.105190782678467));
#5134=CARTESIAN_POINT('',(0.0388297168937532,-0.0095764576494792,0.105190782678467));
#5135=CARTESIAN_POINT('',(0.0383088309022443,-0.00929936960598086,0.105190782678467));
#5136=CARTESIAN_POINT('',(0.0211331891896839,-0.000162696638113767,0.10519078267847));
#5137=CARTESIAN_POINT('',(0.0388930786444036,-0.00810421964797359,0.105190782678467));
#5138=CARTESIAN_POINT('',(0.039431683127574,-0.00834506235745192,0.105190782678467));
#5139=CARTESIAN_POINT('',(0.0396565680046,-0.00779960219200905,0.105190782678467));
#5140=CARTESIAN_POINT('',(0.0396565680046,-0.00779960219200906,0.105190782678467));
#5141=CARTESIAN_POINT('',(0.0402457783977948,-0.00804252461826632,0.105190782636384));
#5142=CARTESIAN_POINT('',(0.0402457783977948,-0.00804252461826632,0.105190782678467));
#5143=CARTESIAN_POINT('',(0.0403856939792763,-0.00810020967086787,0.105190782678467));
#5144=CARTESIAN_POINT('',(0.0406854335016833,-0.00815927741499494,0.105190782678467));
#5145=CARTESIAN_POINT('',(0.0412954151398868,-0.0082451789425324,0.105190782678467));
#5146=CARTESIAN_POINT('',(0.0424006367486145,-0.0082643427515676,0.105190782678467));
#5147=CARTESIAN_POINT('',(0.0433780621389943,-0.00813095850389377,0.105190782678467));
#5148=CARTESIAN_POINT('',(0.0440337362171593,-0.00798605562529983,0.105190782678467));
#5149=CARTESIAN_POINT('',(0.0440337362235613,-0.00798605560655992,0.105190782636383));
#5150=CARTESIAN_POINT('',(0.0211331891896927,-0.000162696638116538,0.10519078267847));
#5151=CARTESIAN_POINT('',(0.0444819384092999,-0.00652476461656851,0.105190782636383));
#5152=CARTESIAN_POINT('',(0.0444819384245485,-0.00652476463267389,0.105190782678467));
#5153=CARTESIAN_POINT('',(0.044020266948911,-0.00603715332330297,0.105190782678467));
#5154=CARTESIAN_POINT('',(0.0432857179972516,-0.0053786781226589,0.105190782678467));
#5155=CARTESIAN_POINT('',(0.0423598185362638,-0.00477486337961068,0.105190782678467));
#5156=CARTESIAN_POINT('',(0.0418065727542145,-0.00450398374576434,0.105190782678467));
#5157=CARTESIAN_POINT('',(0.0415252615100402,-0.00438483357333825,0.105190782678467));
#5158=CARTESIAN_POINT('',(0.0413770642397368,-0.0043541496311268,0.105190782678467));
#5159=CARTESIAN_POINT('',(0.0413770641990855,-0.00435414962271003,0.105190782636384));
#5160=CARTESIAN_POINT('',(0.0413770642397368,-0.0043541496311268,0.105190782678467));
#5161=CARTESIAN_POINT('',(0.0407529781230862,-0.00422493387499982,0.105190782678467));
#5162=CARTESIAN_POINT('',(0.0408725993119329,-0.00364718758883357,0.105190782678467));
#5163=CARTESIAN_POINT('',(0.0211331891896888,-0.0001626966381148,0.10519078267847));
#5164=CARTESIAN_POINT('',(0.0211331891896888,-0.0076126966381148,0.10519078267847));
#5165=CARTESIAN_POINT('',(0.0408725993119323,-0.00364718758883343,0.100190782678467));
#5166=CARTESIAN_POINT('',(0.0407529781230855,-0.00422493387499968,0.100190782678467));
#5167=CARTESIAN_POINT('',(0.0407529781230852,-0.0042249338749996,0.0976907826784679));
#5168=CARTESIAN_POINT('',(0.040872599311932,-0.00364718758883336,0.0976907826784668));
#5169=CARTESIAN_POINT('',(0.0402915823810815,-0.00354462382298494,0.0976907826784669));
#5170=CARTESIAN_POINT('',(0.0402915823810818,-0.00354462382298499,0.100190782678467));
#5171=CARTESIAN_POINT('',(0.0413770642397362,-0.00435414963112666,0.100190782678467));
#5172=CARTESIAN_POINT('',(0.0413770642397368,-0.00435414963112679,0.105190782678467));
#5173=CARTESIAN_POINT('',(0.0413770642397365,-0.00435414963112672,0.102690782678467));
#5174=CARTESIAN_POINT('',(0.0413770642397361,-0.00435414963112665,0.100190782678467));
#5175=CARTESIAN_POINT('',(0.0413770642397358,-0.00435414963112657,0.0976907826784667));
#5176=CARTESIAN_POINT('',(0.0413770641990827,-0.00435414962270944,0.0976907826784691));
#5177=CARTESIAN_POINT('',(0.0407529781230852,-0.0042249338749996,0.0976907826784691));
#5178=CARTESIAN_POINT('',(0.0394316831275733,-0.00834506235745178,0.100190782678467));
#5179=CARTESIAN_POINT('',(0.0396565680045994,-0.0077996021920089,0.100190782678467));
#5180=CARTESIAN_POINT('',(0.0396565680045991,-0.00779960219200882,0.097690782678468));
#5181=CARTESIAN_POINT('',(0.038893078644403,-0.00810421964797346,0.100190782678467));
#5182=CARTESIAN_POINT('',(0.0388930786444027,-0.00810421964797339,0.097690782678467));
#5183=CARTESIAN_POINT('',(0.039431683127573,-0.00834506235745171,0.097690782678467));
#5184=CARTESIAN_POINT('',(0.0391098921269217,-0.00757421609543698,0.100190782678467));
#5185=CARTESIAN_POINT('',(0.0402457783977938,-0.0080425246182661,0.097690782678469));
#5186=CARTESIAN_POINT('',(0.0402457783977938,-0.0080425246182661,0.0976907827205516));
#5187=CARTESIAN_POINT('',(0.0402457783977938,-0.0080425246182661,0.0976907826784668));
#5188=CARTESIAN_POINT('',(0.0402457783977941,-0.00804252461826617,0.100190782678467));
#5189=CARTESIAN_POINT('',(0.0402457783977945,-0.00804252461826625,0.102690782678467));
#5190=CARTESIAN_POINT('',(0.0402457783977948,-0.00804252461826632,0.105190782678467));
#5191=CARTESIAN_POINT('',(0.0388297168937526,-0.00957645764947906,0.100190782678467));
#5192=CARTESIAN_POINT('',(0.0385374169617505,-0.0100889620394618,0.100190782678467));
#5193=CARTESIAN_POINT('',(0.0385374169617501,-0.0100889620394617,0.097690782678468));
#5194=CARTESIAN_POINT('',(0.0388297168937523,-0.00957645764947899,0.097690782678467));
#5195=CARTESIAN_POINT('',(0.0383088309022433,-0.00929936960598068,0.097690782678467));
#5196=CARTESIAN_POINT('',(0.0383088309022436,-0.00929936960598072,0.100190782678467));
#5197=CARTESIAN_POINT('',(0.0390910282651361,-0.0104047067423329,0.100190782678467));
#5198=CARTESIAN_POINT('',(0.0390910282651368,-0.0104047067423331,0.105190782678467));
#5199=CARTESIAN_POINT('',(0.0390910282651365,-0.010404706742333,0.102690782678467));
#5200=CARTESIAN_POINT('',(0.0390910282651361,-0.0104047067423329,0.100190782678467));
#5201=CARTESIAN_POINT('',(0.0390910282651358,-0.0104047067423328,0.097690782678467));
#5202=CARTESIAN_POINT('',(0.0390910282290735,-0.0104047067217651,0.097690782678469));
#5203=CARTESIAN_POINT('',(0.0385374169617502,-0.0100889620394617,0.097690782678469));
#5204=CARTESIAN_POINT('',(0.0360076010262344,-0.0135991344724753,0.100190782678467));
#5205=CARTESIAN_POINT('',(0.0363900357148228,-0.0131498642765303,0.100190782678467));
#5206=CARTESIAN_POINT('',(0.0363900357148224,-0.0131498642765303,0.0976907826784681));
#5207=CARTESIAN_POINT('',(0.0355697822130096,-0.0132036415056776,0.100190782678467));
#5208=CARTESIAN_POINT('',(0.0355697822130093,-0.0132036415056775,0.0976907826784673));
#5209=CARTESIAN_POINT('',(0.036007601026234,-0.0135991344724752,0.0976907826784672));
#5210=CARTESIAN_POINT('',(0.0359397641931926,-0.012766577224086,0.100190782678467));
#5211=CARTESIAN_POINT('',(0.0368753409407109,-0.013562973257736,0.097690782678469));
#5212=CARTESIAN_POINT('',(0.0368753409407109,-0.013562973257736,0.0976907827205517));
#5213=CARTESIAN_POINT('',(0.0368753409407109,-0.013562973257736,0.0976907826784671));
#5214=CARTESIAN_POINT('',(0.0368753409407112,-0.0135629732577361,0.100190782678467));
#5215=CARTESIAN_POINT('',(0.0368753409407115,-0.0135629732577361,0.102690782678467));
#5216=CARTESIAN_POINT('',(0.0368753409407118,-0.0135629732577362,0.105190782678467));
#5217=CARTESIAN_POINT('',(0.03505457504494,-0.0145842431928025,0.100190782678467));
#5218=CARTESIAN_POINT('',(0.0346182087237003,-0.0149813381860821,0.100190782678467));
#5219=CARTESIAN_POINT('',(0.0346182087237,-0.0149813381860821,0.0976907826784681));
#5220=CARTESIAN_POINT('',(0.0350545750449397,-0.0145842431928024,0.0976907826784673));
#5221=CARTESIAN_POINT('',(0.0346448079428472,-0.0141597541799378,0.0976907826784674));
#5222=CARTESIAN_POINT('',(0.0346448079428475,-0.0141597541799378,0.100190782678468));
#5223=CARTESIAN_POINT('',(0.0350471538822088,-0.0154527045442576,0.100190782678467));
#5224=CARTESIAN_POINT('',(0.0350471538822094,-0.0154527045442577,0.105190782678467));
#5225=CARTESIAN_POINT('',(0.0350471538822091,-0.0154527045442576,0.102690782678467));
#5226=CARTESIAN_POINT('',(0.0350471538822088,-0.0154527045442576,0.100190782678467));
#5227=CARTESIAN_POINT('',(0.0350471538822085,-0.0154527045442575,0.0976907826784673));
#5228=CARTESIAN_POINT('',(0.035047153854267,-0.0154527045135526,0.097690782678469));
#5229=CARTESIAN_POINT('',(0.0346182087237,-0.014981338186082,0.097690782678469));
#5230=CARTESIAN_POINT('',(0.0311275078582129,-0.0175379544351042,0.100190782678468));
#5231=CARTESIAN_POINT('',(0.0316300569864651,-0.0172288519056859,0.100190782678468));
#5232=CARTESIAN_POINT('',(0.0316300569864648,-0.0172288519056858,0.0976907826784683));
#5233=CARTESIAN_POINT('',(0.0308333314708349,-0.0170265248181389,0.100190782678468));
#5234=CARTESIAN_POINT('',(0.0308333314708347,-0.0170265248181388,0.0976907826784678));
#5235=CARTESIAN_POINT('',(0.0311275078582126,-0.0175379544351041,0.0976907826784677));
#5236=CARTESIAN_POINT('',(0.0313202655346458,-0.0167251827045804,0.100190782678468));
#5237=CARTESIAN_POINT('',(0.0319639519882166,-0.0177717094564601,0.0976907826784689));
#5238=CARTESIAN_POINT('',(0.0319639519882166,-0.0177717094564601,0.0976907827205518));
#5239=CARTESIAN_POINT('',(0.0319639519882166,-0.0177717094564601,0.0976907826784676));
#5240=CARTESIAN_POINT('',(0.0319639519882169,-0.0177717094564602,0.100190782678468));
#5241=CARTESIAN_POINT('',(0.0319639519882172,-0.0177717094564602,0.102690782678468));
#5242=CARTESIAN_POINT('',(0.0319639519882176,-0.0177717094564603,0.105190782678468));
#5243=CARTESIAN_POINT('',(0.029916710952616,-0.0181803472785298,0.100190782678468));
#5244=CARTESIAN_POINT('',(0.0293789928180046,-0.0184231624504406,0.100190782678468));
#5245=CARTESIAN_POINT('',(0.0293789928180044,-0.0184231624504405,0.0976907826784685));
#5246=CARTESIAN_POINT('',(0.0299167109526157,-0.0181803472785298,0.0976907826784679));
#5247=CARTESIAN_POINT('',(0.0296581735989079,-0.0176500092384668,0.097690782678468));
#5248=CARTESIAN_POINT('',(0.0296581735989082,-0.0176500092384668,0.100190782678468));
#5249=CARTESIAN_POINT('',(0.0296412836908846,-0.0190040098405797,0.100190782678468));
#5250=CARTESIAN_POINT('',(0.0296412836908852,-0.0190040098405798,0.105190782678468));
#5251=CARTESIAN_POINT('',(0.0296412836908849,-0.0190040098405797,0.102690782678468));
#5252=CARTESIAN_POINT('',(0.0296412836908846,-0.0190040098405797,0.100190782678468));
#5253=CARTESIAN_POINT('',(0.0296412836908843,-0.0190040098405796,0.0976907826784679));
#5254=CARTESIAN_POINT('',(0.0296412836737986,-0.0190040098027431,0.0976907826784689));
#5255=CARTESIAN_POINT('',(0.0293789928180044,-0.0184231624504406,0.0976907826784689));
#5256=CARTESIAN_POINT('',(0.0252691011444027,-0.0197759631040242,0.100190782678468));
#5257=CARTESIAN_POINT('',(0.0258425717021801,-0.0196372853503558,0.100190782678468));
#5258=CARTESIAN_POINT('',(0.0258425717021798,-0.0196372853503557,0.0976907826784686));
#5259=CARTESIAN_POINT('',(0.0251473632173159,-0.0191986591311394,0.100190782678468));
#5260=CARTESIAN_POINT('',(0.0251473632173155,-0.0191986591311393,0.0976907826784685));
#5261=CARTESIAN_POINT('',(0.0252691011444024,-0.0197759631040241,0.0976907826784685));
#5262=CARTESIAN_POINT('',(0.0257035848659197,-0.019062536651263,0.100190782678468));
#5263=CARTESIAN_POINT('',(0.0259923725106402,-0.0202567527913178,0.0976907826784689));
#5264=CARTESIAN_POINT('',(0.0259923725106402,-0.0202567527913178,0.0976907827205521));
#5265=CARTESIAN_POINT('',(0.0259923725106402,-0.0202567527913178,0.0976907826784684));
#5266=CARTESIAN_POINT('',(0.0259923725106406,-0.0202567527913179,0.100190782678468));
#5267=CARTESIAN_POINT('',(0.0259923725106409,-0.0202567527913179,0.102690782678468));
#5268=CARTESIAN_POINT('',(0.0259923725106412,-0.020256752791318,0.105190782678468));
#5269=CARTESIAN_POINT('',(0.0239190545517415,-0.0200127581832194,0.100190782678469));
#5270=CARTESIAN_POINT('',(0.0233326202012768,-0.020077525092942,0.100190782678469));
#5271=CARTESIAN_POINT('',(0.0233326202012765,-0.020077525092942,0.0976907826784688));
#5272=CARTESIAN_POINT('',(0.0239190545517411,-0.0200127581832193,0.0976907826784686));
#5273=CARTESIAN_POINT('',(0.0238370543839347,-0.0194284842984018,0.0976907826784686));
#5274=CARTESIAN_POINT('',(0.0238370543839349,-0.0194284842984018,0.100190782678469));
#5275=CARTESIAN_POINT('',(0.0234025819304027,-0.0207109961254962,0.100190782678469));
#5276=CARTESIAN_POINT('',(0.0234025819304033,-0.0207109961254963,0.105190782678469));
#5277=CARTESIAN_POINT('',(0.023402581930403,-0.0207109961254962,0.102690782678469));
#5278=CARTESIAN_POINT('',(0.0234025819304027,-0.0207109961254962,0.100190782678469));
#5279=CARTESIAN_POINT('',(0.0234025819304024,-0.0207109961254961,0.0976907826784686));
#5280=CARTESIAN_POINT('',(0.0234025819258451,-0.0207109960842316,0.0976907826784689));
#5281=CARTESIAN_POINT('',(0.0233326202012765,-0.020077525092942,0.0976907826784689));
#5282=CARTESIAN_POINT('',(0.0190058425518716,-0.0200940885975979,0.100190782678469));
#5283=CARTESIAN_POINT('',(0.0195940992453745,-0.0201394103644332,0.100190782678469));
#5284=CARTESIAN_POINT('',(0.0195940992453741,-0.0201394103644332,0.0976907826784691));
#5285=CARTESIAN_POINT('',(0.019068459641577,-0.0195074208039729,0.100190782678469));
#5286=CARTESIAN_POINT('',(0.0190684596415766,-0.0195074208039729,0.0976907826784693));
#5287=CARTESIAN_POINT('',(0.0190058425518712,-0.0200940885975978,0.0976907826784693));
#5288=CARTESIAN_POINT('',(0.0196395220245843,-0.01954984257453,0.100190782678469));
#5289=CARTESIAN_POINT('',(0.0195451423136875,-0.0207748499063783,0.0976907826784689));
#5290=CARTESIAN_POINT('',(0.0195451423136875,-0.0207748499063782,0.0976907827205523));
#5291=CARTESIAN_POINT('',(0.0195451423136875,-0.0207748499063782,0.0976907826784692));
#5292=CARTESIAN_POINT('',(0.0195451423136878,-0.0207748499063783,0.100190782678469));
#5293=CARTESIAN_POINT('',(0.0195451423136881,-0.0207748499063783,0.102690782678469));
#5294=CARTESIAN_POINT('',(0.0195451423136885,-0.0207748499063784,0.105190782678469));
#5295=CARTESIAN_POINT('',(0.0176486982389634,-0.0199021067603628,0.100190782678469));
#5296=CARTESIAN_POINT('',(0.0170709519527972,-0.0197824855715161,0.100190782678469));
#5297=CARTESIAN_POINT('',(0.0170709519527968,-0.019782485571516,0.0976907826784692));
#5298=CARTESIAN_POINT('',(0.017648698238963,-0.0199021067603628,0.0976907826784694));
#5299=CARTESIAN_POINT('',(0.0177512620048115,-0.0193210898295122,0.0976907826784694));
#5300=CARTESIAN_POINT('',(0.0177512620048118,-0.0193210898295122,0.10019078267847));
#5301=CARTESIAN_POINT('',(0.0169417361966702,-0.0204065716881666,0.10019078267847));
#5302=CARTESIAN_POINT('',(0.0169417361966708,-0.0204065716881668,0.10519078267847));
#5303=CARTESIAN_POINT('',(0.0169417361966705,-0.0204065716881667,0.10269078267847));
#5304=CARTESIAN_POINT('',(0.0169417361966702,-0.0204065716881666,0.10019078267847));
#5305=CARTESIAN_POINT('',(0.0169417361966699,-0.0204065716881665,0.0976907826784695));
#5306=CARTESIAN_POINT('',(0.0169417362050871,-0.0204065716475134,0.0976907826784689));
#5307=CARTESIAN_POINT('',(0.0170709519527969,-0.019782485571516,0.0976907826784689));
#5308=CARTESIAN_POINT('',(0.0129508234703451,-0.0184611905760038,0.10019078267847));
#5309=CARTESIAN_POINT('',(0.013496283635788,-0.0186860754530298,0.10019078267847));
#5310=CARTESIAN_POINT('',(0.0134962836357877,-0.0186860754530298,0.0976907826784695));
#5311=CARTESIAN_POINT('',(0.0131916661798234,-0.0179225860928335,0.10019078267847));
#5312=CARTESIAN_POINT('',(0.0131916661798231,-0.0179225860928335,0.0976907826784701));
#5313=CARTESIAN_POINT('',(0.0129508234703448,-0.0184611905760038,0.0976907826784701));
#5314=CARTESIAN_POINT('',(0.0137216697323599,-0.0181393995753522,0.10019078267847));
#5315=CARTESIAN_POINT('',(0.0132533612095304,-0.0192752858462246,0.0976907826784689));
#5316=CARTESIAN_POINT('',(0.0132533612095304,-0.0192752858462246,0.0976907827205526));
#5317=CARTESIAN_POINT('',(0.0132533612095304,-0.0192752858462246,0.09769078267847));
#5318=CARTESIAN_POINT('',(0.0132533612095307,-0.0192752858462247,0.10019078267847));
#5319=CARTESIAN_POINT('',(0.013253361209531,-0.0192752858462247,0.10269078267847));
#5320=CARTESIAN_POINT('',(0.0132533612095313,-0.0192752858462248,0.10519078267847));
#5321=CARTESIAN_POINT('',(0.0117194281783178,-0.0178592243421831,0.10019078267847));
#5322=CARTESIAN_POINT('',(0.011206923788335,-0.017566924410181,0.10019078267847));
#5323=CARTESIAN_POINT('',(0.0112069237883348,-0.0175669244101809,0.0976907826784696));
#5324=CARTESIAN_POINT('',(0.0117194281783175,-0.017859224342183,0.0976907826784702));
#5325=CARTESIAN_POINT('',(0.0119965162218158,-0.0173383383506741,0.0976907826784702));
#5326=CARTESIAN_POINT('',(0.0119965162218161,-0.0173383383506741,0.100190782678471));
#5327=CARTESIAN_POINT('',(0.010891179085464,-0.0181205357135667,0.10019078267847));
#5328=CARTESIAN_POINT('',(0.0108911790854647,-0.0181205357135668,0.10519078267847));
#5329=CARTESIAN_POINT('',(0.0108911790854644,-0.0181205357135667,0.10269078267847));
#5330=CARTESIAN_POINT('',(0.010891179085464,-0.0181205357135667,0.10019078267847));
#5331=CARTESIAN_POINT('',(0.0108911790854637,-0.0181205357135666,0.0976907826784703));
#5332=CARTESIAN_POINT('',(0.0108911791060314,-0.0181205356775043,0.0976907826784689));
#5333=CARTESIAN_POINT('',(0.0112069237883348,-0.017566924410181,0.0976907826784689));
#5334=CARTESIAN_POINT('',(0.0076967513553216,-0.015037108474665,0.100190782678471));
#5335=CARTESIAN_POINT('',(0.00814602155126653,-0.0154195431632533,0.100190782678471));
#5336=CARTESIAN_POINT('',(0.00814602155126619,-0.0154195431632532,0.0976907826784699));
#5337=CARTESIAN_POINT('',(0.00809224432211928,-0.0145992896614402,0.100190782678471));
#5338=CARTESIAN_POINT('',(0.00809224432211897,-0.0145992896614401,0.0976907826784708));
#5339=CARTESIAN_POINT('',(0.00769675135532127,-0.015037108474665,0.0976907826784709));
#5340=CARTESIAN_POINT('',(0.00852930860371083,-0.0149692716416231,0.100190782678471));
#5341=CARTESIAN_POINT('',(0.00773291257006046,-0.0159048483891416,0.0976907826784689));
#5342=CARTESIAN_POINT('',(0.00773291257006046,-0.0159048483891416,0.0976907827205529));
#5343=CARTESIAN_POINT('',(0.00773291257006047,-0.0159048483891416,0.0976907826784709));
#5344=CARTESIAN_POINT('',(0.0077329125700608,-0.0159048483891417,0.100190782678471));
#5345=CARTESIAN_POINT('',(0.00773291257006113,-0.0159048483891417,0.102690782678471));
#5346=CARTESIAN_POINT('',(0.00773291257006146,-0.0159048483891418,0.105190782678471));
#5347=CARTESIAN_POINT('',(0.00671164263499437,-0.0140840824933705,0.100190782678471));
#5348=CARTESIAN_POINT('',(0.00631454764171475,-0.0136477161721308,0.100190782678471));
#5349=CARTESIAN_POINT('',(0.00631454764171438,-0.0136477161721307,0.09769078267847));
#5350=CARTESIAN_POINT('',(0.00671164263499405,-0.0140840824933704,0.097690782678471));
#5351=CARTESIAN_POINT('',(0.00713613164785869,-0.013674315391278,0.097690782678471));
#5352=CARTESIAN_POINT('',(0.00713613164785904,-0.013674315391278,0.100190782678471));
#5353=CARTESIAN_POINT('',(0.00584318128353928,-0.0140766613306393,0.100190782678471));
#5354=CARTESIAN_POINT('',(0.0058431812835399,-0.0140766613306395,0.105190782678471));
#5355=CARTESIAN_POINT('',(0.00584318128353957,-0.0140766613306394,0.102690782678471));
#5356=CARTESIAN_POINT('',(0.00584318128353924,-0.0140766613306393,0.100190782678471));
#5357=CARTESIAN_POINT('',(0.00584318128353891,-0.0140766613306393,0.0976907826784712));
#5358=CARTESIAN_POINT('',(0.00584318131424385,-0.0140766613026977,0.097690782678469));
#5359=CARTESIAN_POINT('',(0.0063145476417144,-0.0136477161721307,0.097690782678469));
#5360=CARTESIAN_POINT('',(0.00375793139269264,-0.0101570153066433,0.100190782678472));
#5361=CARTESIAN_POINT('',(0.00406703392211097,-0.0106595644348956,0.100190782678471));
#5362=CARTESIAN_POINT('',(0.00406703392211067,-0.0106595644348956,0.0976907826784702));
#5363=CARTESIAN_POINT('',(0.00426936100965803,-0.00986283891926553,0.100190782678472));
#5364=CARTESIAN_POINT('',(0.0042693610096577,-0.00986283891926546,0.0976907826784715));
#5365=CARTESIAN_POINT('',(0.00375793139269232,-0.0101570153066432,0.0976907826784715));
#5366=CARTESIAN_POINT('',(0.00457070312321651,-0.0103497729830763,0.100190782678471));
#5367=CARTESIAN_POINT('',(0.00352417637133638,-0.0109934594366474,0.097690782678469));
#5368=CARTESIAN_POINT('',(0.00352417637133637,-0.0109934594366474,0.0976907827205532));
#5369=CARTESIAN_POINT('',(0.00352417637133636,-0.0109934594366474,0.0976907826784715));
#5370=CARTESIAN_POINT('',(0.00352417637133669,-0.0109934594366474,0.100190782678472));
#5371=CARTESIAN_POINT('',(0.00352417637133702,-0.0109934594366475,0.102690782678472));
#5372=CARTESIAN_POINT('',(0.00352417637133735,-0.0109934594366476,0.105190782678472));
#5373=CARTESIAN_POINT('',(0.00311553854926709,-0.0089462184010465,0.100190782678472));
#5374=CARTESIAN_POINT('',(0.00287272337735624,-0.00840850026643516,0.100190782678472));
#5375=CARTESIAN_POINT('',(0.00287272337735591,-0.00840850026643509,0.0976907826784703));
#5376=CARTESIAN_POINT('',(0.00311553854926677,-0.00894621840104643,0.0976907826784716));
#5377=CARTESIAN_POINT('',(0.00364587658932973,-0.00868768104733867,0.0976907826784716));
#5378=CARTESIAN_POINT('',(0.00364587658933008,-0.00868768104733874,0.100190782678472));
#5379=CARTESIAN_POINT('',(0.00229187598721719,-0.0086707911393151,0.100190782678472));
#5380=CARTESIAN_POINT('',(0.00229187598721784,-0.00867079113931524,0.105190782678472));
#5381=CARTESIAN_POINT('',(0.00229187598721752,-0.00867079113931517,0.102690782678472));
#5382=CARTESIAN_POINT('',(0.00229187598721719,-0.0086707911393151,0.100190782678472));
#5383=CARTESIAN_POINT('',(0.00229187598721687,-0.00867079113931503,0.0976907826784717));
#5384=CARTESIAN_POINT('',(0.00229187602505339,-0.00867079112222935,0.097690782678469));
#5385=CARTESIAN_POINT('',(0.00287272337735591,-0.00840850026643509,0.097690782678469));
#5386=CARTESIAN_POINT('',(0.0015199227237727,-0.00429860859283323,0.100190782678472));
#5387=CARTESIAN_POINT('',(0.00165860047744104,-0.00487207915061058,0.100190782678472));
#5388=CARTESIAN_POINT('',(0.00165860047744072,-0.00487207915061054,0.0976907826784705));
#5389=CARTESIAN_POINT('',(0.00209722669665752,-0.00417687066574638,0.100190782678472));
#5390=CARTESIAN_POINT('',(0.0020972266966572,-0.00417687066574632,0.0976907826784719));
#5391=CARTESIAN_POINT('',(0.00151992272377238,-0.00429860859283316,0.097690782678472));
#5392=CARTESIAN_POINT('',(0.00223334917653388,-0.00473309231435012,0.100190782678472));
#5393=CARTESIAN_POINT('',(0.00103913303647867,-0.00502187995907096,0.0976907826784691));
#5394=CARTESIAN_POINT('',(0.00103913303647867,-0.00502187995907094,0.0976907827205534));
#5395=CARTESIAN_POINT('',(0.00103913303647866,-0.00502187995907092,0.097690782678472));
#5396=CARTESIAN_POINT('',(0.00103913303647898,-0.00502187995907099,0.100190782678472));
#5397=CARTESIAN_POINT('',(0.0010391330364793,-0.00502187995907106,0.102690782678472));
#5398=CARTESIAN_POINT('',(0.00103913303647962,-0.00502187995907114,0.105190782678472));
#5399=CARTESIAN_POINT('',(0.00128312764457748,-0.00294856200017196,0.100190782678472));
#5400=CARTESIAN_POINT('',(0.00121836073485482,-0.00236212764970724,0.100190782678472));
#5401=CARTESIAN_POINT('',(0.00121836073485451,-0.0023621276497072,0.0976907826784706));
#5402=CARTESIAN_POINT('',(0.00128312764457715,-0.00294856200017189,0.097690782678472));
#5403=CARTESIAN_POINT('',(0.00186740152939464,-0.00286656183236537,0.097690782678472));
#5404=CARTESIAN_POINT('',(0.00186740152939498,-0.00286656183236544,0.100190782678472));
#5405=CARTESIAN_POINT('',(0.000584889702300728,-0.00243208937883319,0.100190782678472));
#5406=CARTESIAN_POINT('',(0.000584889702301369,-0.00243208937883333,0.105190782678472));
#5407=CARTESIAN_POINT('',(0.000584889702301055,-0.00243208937883326,0.102690782678472));
#5408=CARTESIAN_POINT('',(0.000584889702300741,-0.00243208937883319,0.100190782678472));
#5409=CARTESIAN_POINT('',(0.000584889702300427,-0.00243208937883312,0.0976907826784722));
#5410=CARTESIAN_POINT('',(0.000584889743564858,-0.00243208937427579,0.0976907826784691));
#5411=CARTESIAN_POINT('',(0.00121836073485452,-0.00236212764970721,0.0976907826784691));
#5412=CARTESIAN_POINT('',(0.00120179723019897,0.0019646499996979,0.100190782678472));
#5413=CARTESIAN_POINT('',(0.00115647546336352,0.00137639330619503,0.100190782678472));
#5414=CARTESIAN_POINT('',(0.00115647546336319,0.00137639330619511,0.0976907826784706));
#5415=CARTESIAN_POINT('',(0.00178846502382397,0.0019020329099925,0.100190782678472));
#5416=CARTESIAN_POINT('',(0.00178846502382365,0.00190203290999257,0.0976907826784721));
#5417=CARTESIAN_POINT('',(0.00120179723019864,0.00196464999969797,0.0976907826784722));
#5418=CARTESIAN_POINT('',(0.0017460432532668,0.00133097052698521,0.100190782678472));
#5419=CARTESIAN_POINT('',(0.000521035921418211,0.00142535023788181,0.0976907826784691));
#5420=CARTESIAN_POINT('',(0.000521035921418209,0.00142535023788179,0.0976907827205535));
#5421=CARTESIAN_POINT('',(0.00052103592141821,0.00142535023788178,0.0976907826784723));
#5422=CARTESIAN_POINT('',(0.000521035921418524,0.00142535023788171,0.100190782678472));
#5423=CARTESIAN_POINT('',(0.000521035921418838,0.00142535023788164,0.102690782678472));
#5424=CARTESIAN_POINT('',(0.000521035921419153,0.00142535023788157,0.105190782678472));
#5425=CARTESIAN_POINT('',(0.00139377906743403,0.00332179431260607,0.100190782678472));
#5426=CARTESIAN_POINT('',(0.00151340025628084,0.00389954059877231,0.100190782678472));
#5427=CARTESIAN_POINT('',(0.00151340025628051,0.00389954059877237,0.0976907826784707));
#5428=CARTESIAN_POINT('',(0.0013937790674337,0.00332179431260614,0.0976907826784722));
#5429=CARTESIAN_POINT('',(0.00197479599828427,0.00321923054675777,0.0976907826784721));
#5430=CARTESIAN_POINT('',(0.0019747959982846,0.00321923054675773,0.100190782678473));
#5431=CARTESIAN_POINT('',(0.00088931413963024,0.00402875635489928,0.100190782678472));
#5432=CARTESIAN_POINT('',(0.000889314139630897,0.00402875635489914,0.105190782678472));
#5433=CARTESIAN_POINT('',(0.000889314139630571,0.00402875635489921,0.102690782678472));
#5434=CARTESIAN_POINT('',(0.000889314139630246,0.00402875635489928,0.100190782678472));
#5435=CARTESIAN_POINT('',(0.00088931413962992,0.00402875635489935,0.0976907826784723));
#5436=CARTESIAN_POINT('',(0.000889314180283016,0.00402875634648221,0.0976907826784692));
#5437=CARTESIAN_POINT('',(0.00151340025628051,0.00389954059877237,0.0976907826784692));
#5438=CARTESIAN_POINT('',(0.00283469525179308,0.00801966908122441,0.100190782678472));
#5439=CARTESIAN_POINT('',(0.00260981037476703,0.00747420891578157,0.100190782678472));
#5440=CARTESIAN_POINT('',(0.0026098103747667,0.00747420891578161,0.0976907826784707));
#5441=CARTESIAN_POINT('',(0.00337329973496337,0.00777882637174607,0.100190782678472));
#5442=CARTESIAN_POINT('',(0.00337329973496305,0.00777882637174614,0.0976907826784721));
#5443=CARTESIAN_POINT('',(0.00283469525179275,0.00801966908122448,0.0976907826784722));
#5444=CARTESIAN_POINT('',(0.0031564862524447,0.00724882281920964,0.100190782678472));
#5445=CARTESIAN_POINT('',(0.0020205999815719,0.00771713134203889,0.0976907826784692));
#5446=CARTESIAN_POINT('',(0.00202059998157191,0.0077171313420389,0.0976907827205536));
#5447=CARTESIAN_POINT('',(0.00202059998157191,0.00771713134203892,0.0976907826784723));
#5448=CARTESIAN_POINT('',(0.00202059998157224,0.00771713134203885,0.100190782678472));
#5449=CARTESIAN_POINT('',(0.00202059998157257,0.00771713134203878,0.102690782678472));
#5450=CARTESIAN_POINT('',(0.0020205999815729,0.0077171313420387,0.105190782678472));
#5451=CARTESIAN_POINT('',(0.00343666148561374,0.00925106437325165,0.100190782678472));
#5452=CARTESIAN_POINT('',(0.00372896141761582,0.00976356876323438,0.100190782678472));
#5453=CARTESIAN_POINT('',(0.00372896141761554,0.00976356876323444,0.0976907826784707));
#5454=CARTESIAN_POINT('',(0.00343666148561342,0.00925106437325172,0.0976907826784721));
#5455=CARTESIAN_POINT('',(0.0039575474771224,0.00897397632975347,0.097690782678472));
#5456=CARTESIAN_POINT('',(0.00395754747712272,0.00897397632975341,0.100190782678472));
#5457=CARTESIAN_POINT('',(0.00317535011423021,0.0100793134661055,0.100190782678472));
#5458=CARTESIAN_POINT('',(0.00317535011423085,0.0100793134661054,0.105190782678472));
#5459=CARTESIAN_POINT('',(0.00317535011423053,0.0100793134661054,0.102690782678472));
#5460=CARTESIAN_POINT('',(0.0031753501142302,0.0100793134661055,0.100190782678472));
#5461=CARTESIAN_POINT('',(0.00317535011422988,0.0100793134661056,0.0976907826784722));
#5462=CARTESIAN_POINT('',(0.00317535015029224,0.0100793134455379,0.0976907826784692));
#5463=CARTESIAN_POINT('',(0.00372896141761551,0.00976356876323446,0.0976907826784692));
#5464=CARTESIAN_POINT('',(0.0062587773531319,0.0132737411962479,0.100190782678472));
#5465=CARTESIAN_POINT('',(0.0058763426645436,0.0128244710003029,0.100190782678472));
#5466=CARTESIAN_POINT('',(0.00587634266454326,0.012824471000303,0.0976907826784706));
#5467=CARTESIAN_POINT('',(0.00669659616635665,0.0128782482294502,0.100190782678472));
#5468=CARTESIAN_POINT('',(0.00669659616635633,0.0128782482294502,0.0976907826784718));
#5469=CARTESIAN_POINT('',(0.00625877735313158,0.013273741196248,0.0976907826784718));
#5470=CARTESIAN_POINT('',(0.00632661418617378,0.0124411839478586,0.100190782678472));
#5471=CARTESIAN_POINT('',(0.00539103743865485,0.0132375799815088,0.0976907826784693));
#5472=CARTESIAN_POINT('',(0.00539103743865483,0.0132375799815088,0.0976907827205535));
#5473=CARTESIAN_POINT('',(0.00539103743865481,0.0132375799815088,0.0976907826784719));
#5474=CARTESIAN_POINT('',(0.00539103743865513,0.0132375799815087,0.100190782678472));
#5475=CARTESIAN_POINT('',(0.00539103743865546,0.0132375799815086,0.102690782678472));
#5476=CARTESIAN_POINT('',(0.00539103743865578,0.0132375799815086,0.105190782678472));
#5477=CARTESIAN_POINT('',(0.00721180333442642,0.0142588499165751,0.100190782678472));
#5478=CARTESIAN_POINT('',(0.00764816965566609,0.0146559449098547,0.100190782678472));
#5479=CARTESIAN_POINT('',(0.00764816965566577,0.0146559449098548,0.0976907826784705));
#5480=CARTESIAN_POINT('',(0.0072118033344261,0.0142588499165752,0.0976907826784717));
#5481=CARTESIAN_POINT('',(0.0076215704365185,0.0138343609037106,0.0976907826784717));
#5482=CARTESIAN_POINT('',(0.00762157043651883,0.0138343609037105,0.100190782678472));
#5483=CARTESIAN_POINT('',(0.00721922449715755,0.0151273112680303,0.100190782678472));
#5484=CARTESIAN_POINT('',(0.00721922449715823,0.0151273112680301,0.105190782678472));
#5485=CARTESIAN_POINT('',(0.0072192244971579,0.0151273112680302,0.102690782678472));
#5486=CARTESIAN_POINT('',(0.00721922449715758,0.0151273112680303,0.100190782678472));
#5487=CARTESIAN_POINT('',(0.00721922449715726,0.0151273112680303,0.0976907826784718));
#5488=CARTESIAN_POINT('',(0.00721922452509879,0.0151273112373254,0.0976907826784693));
#5489=CARTESIAN_POINT('',(0.00764816965566577,0.0146559449098548,0.0976907826784693));
#5490=CARTESIAN_POINT('',(0.0111388705211536,0.0172125611588769,0.100190782678471));
#5491=CARTESIAN_POINT('',(0.0106363213929012,0.0169034586294585,0.100190782678471));
#5492=CARTESIAN_POINT('',(0.0106363213929009,0.0169034586294586,0.0976907826784704));
#5493=CARTESIAN_POINT('',(0.0114330469085313,0.0167011315419115,0.100190782678471));
#5494=CARTESIAN_POINT('',(0.011433046908531,0.0167011315419116,0.0976907826784713));
#5495=CARTESIAN_POINT('',(0.0111388705211533,0.017212561158877,0.0976907826784714));
#5496=CARTESIAN_POINT('',(0.0109461128447206,0.016399789428353,0.100190782678471));
#5497=CARTESIAN_POINT('',(0.0103024263911491,0.0174463161802329,0.0976907826784693));
#5498=CARTESIAN_POINT('',(0.0103024263911491,0.0174463161802329,0.0976907827205534));
#5499=CARTESIAN_POINT('',(0.0103024263911491,0.0174463161802329,0.0976907826784715));
#5500=CARTESIAN_POINT('',(0.0103024263911495,0.0174463161802328,0.100190782678471));
#5501=CARTESIAN_POINT('',(0.0103024263911498,0.0174463161802327,0.102690782678471));
#5502=CARTESIAN_POINT('',(0.0103024263911501,0.0174463161802326,0.105190782678471));
#5503=CARTESIAN_POINT('',(0.0123496674267504,0.0178549540023024,0.100190782678471));
#5504=CARTESIAN_POINT('',(0.0128873855613617,0.0180977691742133,0.100190782678471));
#5505=CARTESIAN_POINT('',(0.0128873855613614,0.0180977691742134,0.0976907826784702));
#5506=CARTESIAN_POINT('',(0.0123496674267501,0.0178549540023024,0.0976907826784712));
#5507=CARTESIAN_POINT('',(0.0126082047804578,0.0173246159622395,0.0976907826784712));
#5508=CARTESIAN_POINT('',(0.0126082047804581,0.0173246159622395,0.100190782678472));
#5509=CARTESIAN_POINT('',(0.0126250946884818,0.0186786165643523,0.100190782678471));
#5510=CARTESIAN_POINT('',(0.0126250946884824,0.0186786165643522,0.105190782678471));
#5511=CARTESIAN_POINT('',(0.0126250946884821,0.0186786165643523,0.102690782678471));
#5512=CARTESIAN_POINT('',(0.0126250946884818,0.0186786165643524,0.100190782678471));
#5513=CARTESIAN_POINT('',(0.0126250946884815,0.0186786165643524,0.0976907826784712));
#5514=CARTESIAN_POINT('',(0.0126250947055671,0.0186786165265159,0.0976907826784693));
#5515=CARTESIAN_POINT('',(0.0128873855613614,0.0180977691742133,0.0976907826784693));
#5516=CARTESIAN_POINT('',(0.0169972772349637,0.0194505698277967,0.100190782678471));
#5517=CARTESIAN_POINT('',(0.0164238066771863,0.0193118920741285,0.100190782678471));
#5518=CARTESIAN_POINT('',(0.0164238066771859,0.0193118920741285,0.09769078267847));
#5519=CARTESIAN_POINT('',(0.0171190151620506,0.0188732658549119,0.100190782678471));
#5520=CARTESIAN_POINT('',(0.0171190151620502,0.018873265854912,0.0976907826784706));
#5521=CARTESIAN_POINT('',(0.0169972772349633,0.0194505698277967,0.0976907826784706));
#5522=CARTESIAN_POINT('',(0.0165627935134467,0.0187371433750356,0.100190782678471));
#5523=CARTESIAN_POINT('',(0.0162740058687255,0.0199313595150906,0.0976907826784693));
#5524=CARTESIAN_POINT('',(0.0162740058687255,0.0199313595150906,0.0976907827205531));
#5525=CARTESIAN_POINT('',(0.0162740058687255,0.0199313595150906,0.0976907826784707));
#5526=CARTESIAN_POINT('',(0.0162740058687258,0.0199313595150905,0.100190782678471));
#5527=CARTESIAN_POINT('',(0.0162740058687261,0.0199313595150905,0.102690782678471));
#5528=CARTESIAN_POINT('',(0.0162740058687265,0.0199313595150904,0.105190782678471));
#5529=CARTESIAN_POINT('',(0.0183473238276249,0.0196873649069921,0.10019078267847));
#5530=CARTESIAN_POINT('',(0.0189337581780896,0.0197521318167146,0.10019078267847));
#5531=CARTESIAN_POINT('',(0.0189337581780893,0.0197521318167148,0.0976907826784698));
#5532=CARTESIAN_POINT('',(0.0183473238276246,0.0196873649069922,0.0976907826784704));
#5533=CARTESIAN_POINT('',(0.0184293239954311,0.0191030910221747,0.0976907826784704));
#5534=CARTESIAN_POINT('',(0.0184293239954313,0.0191030910221746,0.100190782678471));
#5535=CARTESIAN_POINT('',(0.0188637964489637,0.0203856028492688,0.10019078267847));
#5536=CARTESIAN_POINT('',(0.0188637964489644,0.0203856028492686,0.10519078267847));
#5537=CARTESIAN_POINT('',(0.018863796448964,0.0203856028492687,0.10269078267847));
#5538=CARTESIAN_POINT('',(0.0188637964489637,0.0203856028492688,0.10019078267847));
#5539=CARTESIAN_POINT('',(0.0188637964489634,0.0203856028492689,0.0976907826784704));
#5540=CARTESIAN_POINT('',(0.0188637964535206,0.0203856028080045,0.0976907826784693));
#5541=CARTESIAN_POINT('',(0.0189337581780893,0.0197521318167148,0.0976907826784693));
#5542=CARTESIAN_POINT('',(0.0232605358274948,0.0197686953213706,0.10019078267847));
#5543=CARTESIAN_POINT('',(0.022672279133992,0.019814017088206,0.10019078267847));
#5544=CARTESIAN_POINT('',(0.0226722791339916,0.019814017088206,0.0976907826784696));
#5545=CARTESIAN_POINT('',(0.0231979187377894,0.0191820275277456,0.10019078267847));
#5546=CARTESIAN_POINT('',(0.0231979187377891,0.0191820275277457,0.0976907826784698));
#5547=CARTESIAN_POINT('',(0.0232605358274945,0.0197686953213707,0.0976907826784698));
#5548=CARTESIAN_POINT('',(0.0226268563547821,0.0192244492983027,0.10019078267847));
#5549=CARTESIAN_POINT('',(0.0227212360656782,0.0204494566301511,0.0976907826784693));
#5550=CARTESIAN_POINT('',(0.0227212360656782,0.0204494566301511,0.0976907827205529));
#5551=CARTESIAN_POINT('',(0.0227212360656783,0.0204494566301511,0.09769078267847));
#5552=CARTESIAN_POINT('',(0.0227212360656786,0.020449456630151,0.10019078267847));
#5553=CARTESIAN_POINT('',(0.0227212360656789,0.020449456630151,0.10269078267847));
#5554=CARTESIAN_POINT('',(0.0227212360656793,0.0204494566301509,0.10519078267847));
#5555=CARTESIAN_POINT('',(0.024617680140403,0.0195767134841354,0.10019078267847));
#5556=CARTESIAN_POINT('',(0.0251954264265692,0.0194570922952886,0.10019078267847));
#5557=CARTESIAN_POINT('',(0.0251954264265689,0.0194570922952887,0.0976907826784694));
#5558=CARTESIAN_POINT('',(0.0246176801404027,0.0195767134841354,0.0976907826784696));
#5559=CARTESIAN_POINT('',(0.0245151163745543,0.018995696553285,0.0976907826784696));
#5560=CARTESIAN_POINT('',(0.0245151163745546,0.0189956965532849,0.10019078267847));
#5561=CARTESIAN_POINT('',(0.0253246421826962,0.0200811784119393,0.10019078267847));
#5562=CARTESIAN_POINT('',(0.0253246421826968,0.0200811784119391,0.10519078267847));
#5563=CARTESIAN_POINT('',(0.0253246421826965,0.0200811784119392,0.10269078267847));
#5564=CARTESIAN_POINT('',(0.0253246421826962,0.0200811784119392,0.10019078267847));
#5565=CARTESIAN_POINT('',(0.0253246421826959,0.0200811784119393,0.0976907826784695));
#5566=CARTESIAN_POINT('',(0.0253246421742787,0.0200811783712862,0.0976907826784693));
#5567=CARTESIAN_POINT('',(0.0251954264265689,0.0194570922952887,0.0976907826784693));
#5568=CARTESIAN_POINT('',(0.0293155549090213,0.0181357972997765,0.100190782678469));
#5569=CARTESIAN_POINT('',(0.0287700947435784,0.0183606821768025,0.100190782678469));
#5570=CARTESIAN_POINT('',(0.0287700947435781,0.0183606821768026,0.0976907826784692));
#5571=CARTESIAN_POINT('',(0.029074712199543,0.0175971928166062,0.100190782678469));
#5572=CARTESIAN_POINT('',(0.0290747121995426,0.0175971928166062,0.097690782678469));
#5573=CARTESIAN_POINT('',(0.029315554909021,0.0181357972997765,0.097690782678469));
#5574=CARTESIAN_POINT('',(0.0285447086470065,0.0178140062991248,0.100190782678469));
#5575=CARTESIAN_POINT('',(0.0290130171698353,0.0189498925699974,0.0976907826784693));
#5576=CARTESIAN_POINT('',(0.0290130171698353,0.0189498925699973,0.0976907827205526));
#5577=CARTESIAN_POINT('',(0.0290130171698354,0.0189498925699973,0.0976907826784691));
#5578=CARTESIAN_POINT('',(0.0290130171698357,0.0189498925699972,0.100190782678469));
#5579=CARTESIAN_POINT('',(0.029013017169836,0.0189498925699972,0.102690782678469));
#5580=CARTESIAN_POINT('',(0.0290130171698363,0.0189498925699971,0.105190782678469));
#5581=CARTESIAN_POINT('',(0.0305469502010486,0.0175338310659558,0.100190782678469));
#5582=CARTESIAN_POINT('',(0.0310594545910313,0.0172415311339536,0.100190782678469));
#5583=CARTESIAN_POINT('',(0.031059454591031,0.0172415311339538,0.097690782678469));
#5584=CARTESIAN_POINT('',(0.0305469502010482,0.0175338310659559,0.0976907826784688));
#5585=CARTESIAN_POINT('',(0.03026986215755,0.0170129450744469,0.0976907826784688));
#5586=CARTESIAN_POINT('',(0.0302698621575503,0.0170129450744468,0.100190782678469));
#5587=CARTESIAN_POINT('',(0.0313751992939023,0.0177951424373393,0.100190782678469));
#5588=CARTESIAN_POINT('',(0.031375199293903,0.0177951424373392,0.105190782678469));
#5589=CARTESIAN_POINT('',(0.0313751992939027,0.0177951424373393,0.102690782678469));
#5590=CARTESIAN_POINT('',(0.0313751992939023,0.0177951424373393,0.100190782678469));
#5591=CARTESIAN_POINT('',(0.031375199293902,0.0177951424373394,0.0976907826784687));
#5592=CARTESIAN_POINT('',(0.0313751992733344,0.017795142401277,0.0976907826784693));
#5593=CARTESIAN_POINT('',(0.0310594545910309,0.0172415311339537,0.0976907826784693));
#5594=CARTESIAN_POINT('',(0.0345696270240448,0.0147117151984376,0.100190782678468));
#5595=CARTESIAN_POINT('',(0.0341203568280999,0.0150941498870259,0.100190782678468));
#5596=CARTESIAN_POINT('',(0.0341203568280996,0.0150941498870259,0.0976907826784688));
#5597=CARTESIAN_POINT('',(0.034174134057247,0.0142738963852129,0.100190782678468));
#5598=CARTESIAN_POINT('',(0.0341741340572468,0.0142738963852129,0.0976907826784683));
#5599=CARTESIAN_POINT('',(0.0345696270240445,0.0147117151984377,0.0976907826784683));
#5600=CARTESIAN_POINT('',(0.0337370697756555,0.0146438783653957,0.100190782678468));
#5601=CARTESIAN_POINT('',(0.0345334658093052,0.0155794551129144,0.0976907826784693));
#5602=CARTESIAN_POINT('',(0.0345334658093052,0.0155794551129144,0.0976907827205523));
#5603=CARTESIAN_POINT('',(0.0345334658093052,0.0155794551129144,0.0976907826784683));
#5604=CARTESIAN_POINT('',(0.0345334658093056,0.0155794551129143,0.100190782678468));
#5605=CARTESIAN_POINT('',(0.0345334658093059,0.0155794551129143,0.102690782678468));
#5606=CARTESIAN_POINT('',(0.0345334658093063,0.0155794551129142,0.105190782678468));
#5607=CARTESIAN_POINT('',(0.035554735744372,0.0137586892171431,0.100190782678468));
#5608=CARTESIAN_POINT('',(0.0359518307376517,0.0133223228959034,0.100190782678468));
#5609=CARTESIAN_POINT('',(0.0359518307376513,0.0133223228959035,0.0976907826784686));
#5610=CARTESIAN_POINT('',(0.0355547357443717,0.0137586892171432,0.097690782678468));
#5611=CARTESIAN_POINT('',(0.035130246731507,0.0133489221150508,0.0976907826784681));
#5612=CARTESIAN_POINT('',(0.0351302467315074,0.0133489221150507,0.100190782678469));
#5613=CARTESIAN_POINT('',(0.0364231970958271,0.0137512680544119,0.100190782678468));
#5614=CARTESIAN_POINT('',(0.0364231970958277,0.0137512680544118,0.105190782678468));
#5615=CARTESIAN_POINT('',(0.0364231970958274,0.0137512680544118,0.102690782678468));
#5616=CARTESIAN_POINT('',(0.0364231970958271,0.0137512680544119,0.100190782678468));
#5617=CARTESIAN_POINT('',(0.0364231970958268,0.013751268054412,0.0976907826784679));
#5618=CARTESIAN_POINT('',(0.0364231970651219,0.0137512680264704,0.0976907826784693));
#5619=CARTESIAN_POINT('',(0.0359518307376514,0.0133223228959035,0.0976907826784693));
#5620=CARTESIAN_POINT('',(0.0385084469866738,0.00983162203041594,0.100190782678468));
#5621=CARTESIAN_POINT('',(0.0381993444572555,0.0103341711586684,0.100190782678468));
#5622=CARTESIAN_POINT('',(0.0381993444572552,0.0103341711586684,0.0976907826784684));
#5623=CARTESIAN_POINT('',(0.0379970173697083,0.00953744564303827,0.100190782678468));
#5624=CARTESIAN_POINT('',(0.037997017369708,0.00953744564303829,0.0976907826784676));
#5625=CARTESIAN_POINT('',(0.0385084469866735,0.00983162203041601,0.0976907826784675));
#5626=CARTESIAN_POINT('',(0.0376956752561499,0.010024379706849,0.100190782678468));
#5627=CARTESIAN_POINT('',(0.0387422020080294,0.0106680661604201,0.0976907826784692));
#5628=CARTESIAN_POINT('',(0.0387422020080294,0.0106680661604201,0.097690782720552));
#5629=CARTESIAN_POINT('',(0.0387422020080293,0.0106680661604202,0.0976907826784675));
#5630=CARTESIAN_POINT('',(0.0387422020080296,0.0106680661604201,0.100190782678468));
#5631=CARTESIAN_POINT('',(0.03874220200803,0.01066806616042,0.102690782678468));
#5632=CARTESIAN_POINT('',(0.0387422020080303,0.0106680661604199,0.105190782678468));
#5633=CARTESIAN_POINT('',(0.0391508398300992,0.00862082512481917,0.100190782678467));
#5634=CARTESIAN_POINT('',(0.0393936550020101,0.00808310699020782,0.100190782678467));
#5635=CARTESIAN_POINT('',(0.0393936550020097,0.00808310699020786,0.0976907826784683));
#5636=CARTESIAN_POINT('',(0.0391508398300988,0.00862082512481924,0.0976907826784674));
#5637=CARTESIAN_POINT('',(0.0386205017900359,0.00836228777111151,0.0976907826784675));
#5638=CARTESIAN_POINT('',(0.0386205017900364,0.00836228777111146,0.100190782678468));
#5639=CARTESIAN_POINT('',(0.0399745023921492,0.00834539786308778,0.100190782678467));
#5640=CARTESIAN_POINT('',(0.0399745023921498,0.00834539786308762,0.105190782678467));
#5641=CARTESIAN_POINT('',(0.0399745023921495,0.0083453978630877,0.102690782678467));
#5642=CARTESIAN_POINT('',(0.0399745023921492,0.00834539786308778,0.100190782678467));
#5643=CARTESIAN_POINT('',(0.0399745023921489,0.00834539786308787,0.0976907826784673));
#5644=CARTESIAN_POINT('',(0.0399745023543124,0.00834539784600219,0.0976907826784692));
#5645=CARTESIAN_POINT('',(0.0393936550020098,0.00808310699020787,0.0976907826784692));
#5646=CARTESIAN_POINT('',(0.0407464556555936,0.00397321531660587,0.100190782678467));
#5647=CARTESIAN_POINT('',(0.0406077779019254,0.0045466858743832,0.100190782678467));
#5648=CARTESIAN_POINT('',(0.040607777901925,0.00454668587438331,0.0976907826784681));
#5649=CARTESIAN_POINT('',(0.0401691516827088,0.00385147738951899,0.100190782678467));
#5650=CARTESIAN_POINT('',(0.0401691516827085,0.00385147738951909,0.0976907826784671));
#5651=CARTESIAN_POINT('',(0.0407464556555933,0.00397321531660594,0.097690782678467));
#5652=CARTESIAN_POINT('',(0.0400330292028325,0.00440769903812274,0.100190782678467));
#5653=CARTESIAN_POINT('',(0.0412272453428871,0.00469648668284373,0.0976907826784692));
#5654=CARTESIAN_POINT('',(0.0412272453428871,0.00469648668284371,0.0976907827205518));
#5655=CARTESIAN_POINT('',(0.0412272453428871,0.00469648668284369,0.0976907826784671));
#5656=CARTESIAN_POINT('',(0.0412272453428874,0.00469648668284362,0.100190782678467));
#5657=CARTESIAN_POINT('',(0.0412272453428877,0.00469648668284354,0.102690782678467));
#5658=CARTESIAN_POINT('',(0.041227245342888,0.00469648668284346,0.105190782678467));
#5659=CARTESIAN_POINT('',(0.0413557237919748,-0.00434973113499288,0.105190782657426));
#5660=CARTESIAN_POINT('',(0.0413557237919739,-0.00434973113499267,0.0976907826784667));
#5661=CARTESIAN_POINT('',(0.0416538967024128,-0.00441146722725768,0.105190782657426));
#5662=CARTESIAN_POINT('',(0.0416538967024119,-0.00441146722725747,0.0976907826784667));
#5663=CARTESIAN_POINT('',(0.0422101016609368,-0.00469069847000504,0.105190782657426));
#5664=CARTESIAN_POINT('',(0.0422101016609359,-0.00469069847000483,0.0976907826784667));
#5665=CARTESIAN_POINT('',(0.0432800077281317,-0.00536585695194012,0.105190782657425));
#5666=CARTESIAN_POINT('',(0.0432800077281308,-0.00536585695193991,0.0976907826784666));
#5667=CARTESIAN_POINT('',(0.0440174969080841,-0.00603422764368702,0.105190782657425));
#5668=CARTESIAN_POINT('',(0.0440174969080832,-0.00603422764368681,0.0976907826784659));
#5669=CARTESIAN_POINT('',(0.0444819384169242,-0.0065247646246212,0.105190782657425));
#5670=CARTESIAN_POINT('',(0.0444819384169233,-0.00652476462462099,0.0976907826784659));
#5671=CARTESIAN_POINT('',(0.0444819384245476,-0.0065247646326737,0.0976907826784663));
#5672=CARTESIAN_POINT('',(0.0444819384245479,-0.00652476463267378,0.100190782678466));
#5673=CARTESIAN_POINT('',(0.0444819384245482,-0.00652476463267385,0.102690782678466));
#5674=CARTESIAN_POINT('',(0.0444819384245485,-0.00652476463267393,0.105190782678466));
#5675=CARTESIAN_POINT('',(0.0444819384018637,-0.00652476463332066,0.0976907826784677));
#5676=CARTESIAN_POINT('',(0.0413770642397359,-0.00435414963112658,0.0976907826784691));
#5677=CARTESIAN_POINT('',(0.0415252615100379,-0.004384833573338,0.097690782678469));
#5678=CARTESIAN_POINT('',(0.0418065727542146,-0.00450398374576603,0.0976907826784691));
#5679=CARTESIAN_POINT('',(0.0423598185362602,-0.00477486337960098,0.097690782678469));
#5680=CARTESIAN_POINT('',(0.0432857179972765,-0.00537867812276847,0.0976907826784691));
#5681=CARTESIAN_POINT('',(0.0440202669488012,-0.00603715332283329,0.097690782678469));
#5682=CARTESIAN_POINT('',(0.0444819384245476,-0.00652476463267366,0.097690782678469));
#5683=CARTESIAN_POINT('',(0.021133189189692,-0.000162696638116397,0.10019078267847));
#5684=CARTESIAN_POINT('',(0.0440337362171593,-0.00798605562529983,0.105190782678466));
#5685=CARTESIAN_POINT('',(0.044033736217159,-0.00798605562529976,0.102690782678466));
#5686=CARTESIAN_POINT('',(0.0440337362171587,-0.00798605562529968,0.100190782678466));
#5687=CARTESIAN_POINT('',(0.0440337362171584,-0.00798605562529961,0.0976907826784663));
#5688=CARTESIAN_POINT('',(0.0440337362035133,-0.00798605560663471,0.0976907826784677));
#5689=CARTESIAN_POINT('',(0.0211331891896917,-0.000162696638116326,0.0976907826784695));
#5690=CARTESIAN_POINT('',(0.0440337362221856,-0.00798605562418903,0.105190782657425));
#5691=CARTESIAN_POINT('',(0.0440337362221845,-0.0079860556241888,0.097690782678468));
#5692=CARTESIAN_POINT('',(0.0433780621435306,-0.00813095850263297,0.105190782657425));
#5693=CARTESIAN_POINT('',(0.0433780621435295,-0.00813095850263275,0.097690782678468));
#5694=CARTESIAN_POINT('',(0.0424006367513916,-0.00826434275159874,0.105190782657426));
#5695=CARTESIAN_POINT('',(0.0424006367513905,-0.00826434275159852,0.0976907826784688));
#5696=CARTESIAN_POINT('',(0.0412954151412796,-0.00824517894264352,0.105190782657426));
#5697=CARTESIAN_POINT('',(0.0412954151412785,-0.0082451789426433,0.0976907826784688));
#5698=CARTESIAN_POINT('',(0.0406854335022539,-0.0081592774151183,0.105190782657426));
#5699=CARTESIAN_POINT('',(0.0406854335022528,-0.00815927741511807,0.0976907826784687));
#5700=CARTESIAN_POINT('',(0.040385693979456,-0.00810020967094173,0.105190782657426));
#5701=CARTESIAN_POINT('',(0.0403856939794549,-0.0081002096709415,0.0976907826784688));
#5702=CARTESIAN_POINT('',(0.0402457783977948,-0.00804252461826631,0.105190782657426));
#5703=CARTESIAN_POINT('',(0.0402457783977937,-0.00804252461826609,0.0976907826784688));
#5704=CARTESIAN_POINT('',(0.0440337362171584,-0.00798605562529961,0.097690782678469));
#5705=CARTESIAN_POINT('',(0.043378062139335,-0.00813095850355786,0.097690782678469));
#5706=CARTESIAN_POINT('',(0.0424006367485332,-0.00826434275164587,0.097690782678469));
#5707=CARTESIAN_POINT('',(0.0412954151398932,-0.00824517894252545,0.097690782678469));
#5708=CARTESIAN_POINT('',(0.0406854335016802,-0.008159277414996,0.097690782678469));
#5709=CARTESIAN_POINT('',(0.0403856939792769,-0.00810020967086785,0.097690782678469));
#5710=CARTESIAN_POINT('',(0.0402457783977938,-0.0080425246182661,0.097690782678469));
#5711=CARTESIAN_POINT('',(0.0390720976836272,-0.0103939099417666,0.105190782657426));
#5712=CARTESIAN_POINT('',(0.0390720976836261,-0.0103939099417664,0.097690782678467));
#5713=CARTESIAN_POINT('',(0.0393365994714056,-0.0105447649511932,0.105190782657426));
#5714=CARTESIAN_POINT('',(0.0393365994714045,-0.010544764951193,0.097690782678467));
#5715=CARTESIAN_POINT('',(0.0397792946222367,-0.010982206428701,0.105190782657426));
#5716=CARTESIAN_POINT('',(0.0397792946222355,-0.0109822064287008,0.0976907826784669));
#5717=CARTESIAN_POINT('',(0.0405882003144506,-0.0119549394596249,0.105190782657425));
#5718=CARTESIAN_POINT('',(0.0405882003144495,-0.0119549394596247,0.0976907826784658));
#5719=CARTESIAN_POINT('',(0.0410830563024548,-0.012818494451086,0.105190782657428));
#5720=CARTESIAN_POINT('',(0.0410830563024537,-0.0128184944510858,0.0976907826784692));
#5721=CARTESIAN_POINT('',(0.0413731821623928,-0.0134285431624107,0.105190782657425));
#5722=CARTESIAN_POINT('',(0.0413731821623917,-0.0134285431624105,0.097690782678466));
#5723=CARTESIAN_POINT('',(0.0413731821671545,-0.0134285431724251,0.0976907826784665));
#5724=CARTESIAN_POINT('',(0.0413731821671548,-0.0134285431724252,0.100190782678467));
#5725=CARTESIAN_POINT('',(0.0413731821671551,-0.0134285431724253,0.102690782678467));
#5726=CARTESIAN_POINT('',(0.0413731821671555,-0.0134285431724253,0.105190782678467));
#5727=CARTESIAN_POINT('',(0.0413731821453809,-0.0134285431660307,0.0976907826784677));
#5728=CARTESIAN_POINT('',(0.0390910282651358,-0.0104047067423328,0.097690782678469));
#5729=CARTESIAN_POINT('',(0.0392224903851565,-0.0104796843805622,0.097690782678469));
#5730=CARTESIAN_POINT('',(0.0394532138488742,-0.0106799328836265,0.097690782678469));
#5731=CARTESIAN_POINT('',(0.0398956754447169,-0.0111085170732355,0.097690782678469));
#5732=CARTESIAN_POINT('',(0.0405896691434566,-0.0119688976878961,0.097690782678469));
#5733=CARTESIAN_POINT('',(0.0410847866831518,-0.0128221329269596,0.097690782678469));
#5734=CARTESIAN_POINT('',(0.0413731821671544,-0.0134285431724251,0.097690782678469));
#5735=CARTESIAN_POINT('',(0.0211331891896908,-0.000162696638119009,0.10019078267847));
#5736=CARTESIAN_POINT('',(0.0404953527867516,-0.014679811394166,0.105190782678467));
#5737=CARTESIAN_POINT('',(0.0404953527867513,-0.0146798113941659,0.102690782678467));
#5738=CARTESIAN_POINT('',(0.040495352786751,-0.0146798113941658,0.100190782678467));
#5739=CARTESIAN_POINT('',(0.0404953527867506,-0.0146798113941658,0.0976907826784666));
#5740=CARTESIAN_POINT('',(0.0404953527795412,-0.0146798113721978,0.0976907826784678));
#5741=CARTESIAN_POINT('',(0.0211331891896905,-0.000162696638118938,0.0976907826784696));
#5742=CARTESIAN_POINT('',(0.0404953527918751,-0.0146798113946627,0.105190782657426));
#5743=CARTESIAN_POINT('',(0.0404953527918742,-0.0146798113946625,0.0976907826784701));
#5744=CARTESIAN_POINT('',(0.0398269922348304,-0.014615007788364,0.105190782657426));
#5745=CARTESIAN_POINT('',(0.0398269922348295,-0.0146150077883638,0.0976907826784701));
#5746=CARTESIAN_POINT('',(0.0388561874467332,-0.014439822690606,0.105190782657426));
#5747=CARTESIAN_POINT('',(0.0388561874467322,-0.0144398226906058,0.0976907826784702));
#5748=CARTESIAN_POINT('',(0.0378109811751295,-0.0140800645651477,0.105190782657426));
#5749=CARTESIAN_POINT('',(0.0378109811751286,-0.0140800645651475,0.0976907826784701));
#5750=CARTESIAN_POINT('',(0.0372573991943619,-0.0138098726649195,0.105190782657426));
#5751=CARTESIAN_POINT('',(0.037257399194361,-0.0138098726649193,0.0976907826784701));
#5752=CARTESIAN_POINT('',(0.0369905829047838,-0.0136610712954871,0.105190782657426));
#5753=CARTESIAN_POINT('',(0.0369905829047829,-0.0136610712954869,0.0976907826784701));
#5754=CARTESIAN_POINT('',(0.0368753409407118,-0.0135629732577362,0.105190782657426));
#5755=CARTESIAN_POINT('',(0.0368753409407109,-0.013562973257736,0.0976907826784701));
#5756=CARTESIAN_POINT('',(0.0404953527867506,-0.0146798113941657,0.097690782678469));
#5757=CARTESIAN_POINT('',(0.0398269922305599,-0.0146150077879486,0.0976907826784689));
#5758=CARTESIAN_POINT('',(0.0388561874439989,-0.0144398226897674,0.097690782678469));
#5759=CARTESIAN_POINT('',(0.0378109811738474,-0.0140800645646075,0.097690782678469));
#5760=CARTESIAN_POINT('',(0.0372573991938543,-0.0138098726646259,0.097690782678469));
#5761=CARTESIAN_POINT('',(0.0369905829046357,-0.0136610712953625,0.097690782678469));
#5762=CARTESIAN_POINT('',(0.0368753409407109,-0.013562973257736,0.097690782678469));
#5763=CARTESIAN_POINT('',(0.0350324862241672,-0.0154365863053238,0.105190782657426));
#5764=CARTESIAN_POINT('',(0.0350324862241663,-0.0154365863053236,0.0976907826784673));
#5765=CARTESIAN_POINT('',(0.0352374256114067,-0.0156617934925234,0.105190782657426));
#5766=CARTESIAN_POINT('',(0.0352374256114057,-0.0156617934925231,0.0976907826784673));
#5767=CARTESIAN_POINT('',(0.0355232768687419,-0.0162146253851356,0.105190782657426));
#5768=CARTESIAN_POINT('',(0.035523276868741,-0.0162146253851354,0.097690782678467));
#5769=CARTESIAN_POINT('',(0.0359920008608451,-0.0173897150785543,0.105190782657426));
#5770=CARTESIAN_POINT('',(0.0359920008608442,-0.017389715078554,0.0976907826784671));
#5771=CARTESIAN_POINT('',(0.0361957837049239,-0.0183639235904211,0.105190782657426));
#5772=CARTESIAN_POINT('',(0.036195783704923,-0.0183639235904209,0.0976907826784671));
#5773=CARTESIAN_POINT('',(0.0362831943753691,-0.0190337682138143,0.105190782657426));
#5774=CARTESIAN_POINT('',(0.0362831943753682,-0.019033768213814,0.0976907826784671));
#5775=CARTESIAN_POINT('',(0.0362831943768031,-0.0190337682248103,0.097690782678467));
#5776=CARTESIAN_POINT('',(0.0362831943768034,-0.0190337682248104,0.100190782678467));
#5777=CARTESIAN_POINT('',(0.0362831943768038,-0.0190337682248104,0.102690782678467));
#5778=CARTESIAN_POINT('',(0.0362831943768041,-0.0190337682248105,0.105190782678467));
#5779=CARTESIAN_POINT('',(0.0362831943580712,-0.0190337682120004,0.097690782678468));
#5780=CARTESIAN_POINT('',(0.0350471538822085,-0.0154527045442575,0.097690782678469));
#5781=CARTESIAN_POINT('',(0.0351490124236902,-0.0155646365448764,0.0976907826784689));
#5782=CARTESIAN_POINT('',(0.0353065632867745,-0.0158263816598818,0.097690782678469));
#5783=CARTESIAN_POINT('',(0.0355949294726023,-0.0163707175986651,0.0976907826784689));
#5784=CARTESIAN_POINT('',(0.0359890844704957,-0.0174034440356318,0.0976907826784689));
#5785=CARTESIAN_POINT('',(0.0361963050438808,-0.0183679187036525,0.0976907826784689));
#5786=CARTESIAN_POINT('',(0.0362831943768031,-0.0190337682248103,0.0976907826784689));
#5787=CARTESIAN_POINT('',(0.0211331891896887,-0.000162696638121051,0.10019078267847));
#5788=CARTESIAN_POINT('',(0.0350616658793365,-0.0199525308240236,0.105190782678467));
#5789=CARTESIAN_POINT('',(0.0350616658793362,-0.0199525308240235,0.102690782678467));
#5790=CARTESIAN_POINT('',(0.0350616658793358,-0.0199525308240235,0.100190782678467));
#5791=CARTESIAN_POINT('',(0.0350616658793355,-0.0199525308240234,0.0976907826784671));
#5792=CARTESIAN_POINT('',(0.0350616658792674,-0.0199525308009029,0.097690782678468));
#5793=CARTESIAN_POINT('',(0.0211331891896884,-0.00016269663812098,0.0976907826784695));
#5794=CARTESIAN_POINT('',(0.0350616658840557,-0.0199525308260793,0.10519078265743));
#5795=CARTESIAN_POINT('',(0.0350616658840548,-0.0199525308260791,0.0976907826784704));
#5796=CARTESIAN_POINT('',(0.0344460426366858,-0.0196843641635291,0.10519078265743));
#5797=CARTESIAN_POINT('',(0.0344460426366849,-0.0196843641635289,0.0976907826784704));
#5798=CARTESIAN_POINT('',(0.033576887589285,-0.0192177580570104,0.10519078265743));
#5799=CARTESIAN_POINT('',(0.0335768875892841,-0.0192177580570102,0.0976907826784701));
#5800=CARTESIAN_POINT('',(0.0326940087284347,-0.0185526212469498,0.105190782657431));
#5801=CARTESIAN_POINT('',(0.0326940087284338,-0.0185526212469495,0.0976907826784713));
#5802=CARTESIAN_POINT('',(0.0322510148672351,-0.0181245872397502,0.105190782657431));
#5803=CARTESIAN_POINT('',(0.0322510148672342,-0.01812458723975,0.0976907826784712));
#5804=CARTESIAN_POINT('',(0.032043239648319,-0.0179006179598633,0.105190782657431));
#5805=CARTESIAN_POINT('',(0.0320432396483181,-0.0179006179598631,0.0976907826784712));
#5806=CARTESIAN_POINT('',(0.0319639519882175,-0.0177717094564603,0.105190782657431));
#5807=CARTESIAN_POINT('',(0.0319639519882166,-0.01777170945646,0.0976907826784712));
#5808=CARTESIAN_POINT('',(0.0350616658793355,-0.0199525308240234,0.0976907826784689));
#5809=CARTESIAN_POINT('',(0.034446042632749,-0.019684364161816,0.0976907826784689));
#5810=CARTESIAN_POINT('',(0.0335768875869443,-0.0192177580553681,0.0976907826784689));
#5811=CARTESIAN_POINT('',(0.0326940087273822,-0.0185526212460398,0.0976907826784689));
#5812=CARTESIAN_POINT('',(0.0322510148668428,-0.018124587239315,0.0976907826784689));
#5813=CARTESIAN_POINT('',(0.0320432396482167,-0.0179006179596976,0.0976907826784689));
#5814=CARTESIAN_POINT('',(0.0319639519882166,-0.0177717094564601,0.0976907826784689));
#5815=CARTESIAN_POINT('',(0.0296323147288752,-0.0189841479288078,0.105190782657427));
#5816=CARTESIAN_POINT('',(0.0296323147288743,-0.0189841479288076,0.0976907826784679));
#5817=CARTESIAN_POINT('',(0.0297576308204573,-0.0192616624451841,0.105190782657427));
#5818=CARTESIAN_POINT('',(0.0297576308204564,-0.0192616624451839,0.0976907826784679));
#5819=CARTESIAN_POINT('',(0.0298586570715839,-0.0198757697154489,0.105190782657427));
#5820=CARTESIAN_POINT('',(0.029858657071583,-0.0198757697154487,0.0976907826784679));
#5821=CARTESIAN_POINT('',(0.0299413173934387,-0.0211381901048371,0.105190782657427));
#5822=CARTESIAN_POINT('',(0.0299413173934378,-0.0211381901048369,0.0976907826784679));
#5823=CARTESIAN_POINT('',(0.0298340794089748,-0.022127689820261,0.105190782657427));
#5824=CARTESIAN_POINT('',(0.0298340794089739,-0.0221276898202608,0.0976907826784679));
#5825=CARTESIAN_POINT('',(0.0297102185244777,-0.0227917612969013,0.105190782657427));
#5826=CARTESIAN_POINT('',(0.0297102185244768,-0.0227917612969011,0.0976907826784679));
#5827=CARTESIAN_POINT('',(0.0297102185224435,-0.0227917613078026,0.0976907826784678));
#5828=CARTESIAN_POINT('',(0.0297102185224438,-0.0227917613078026,0.100190782678468));
#5829=CARTESIAN_POINT('',(0.0297102185224442,-0.0227917613078027,0.102690782678468));
#5830=CARTESIAN_POINT('',(0.0297102185224445,-0.0227917613078027,0.105190782678468));
#5831=CARTESIAN_POINT('',(0.0297102185085868,-0.0227917612898312,0.0976907826784683));
#5832=CARTESIAN_POINT('',(0.0296412836908843,-0.0190040098405796,0.0976907826784689));
#5833=CARTESIAN_POINT('',(0.0297035680300963,-0.0191419395194902,0.0976907826784689));
#5834=CARTESIAN_POINT('',(0.0297725241163476,-0.019439559810896,0.0976907826784689));
#5835=CARTESIAN_POINT('',(0.029878567600726,-0.0200463641045534,0.0976907826784689));
#5836=CARTESIAN_POINT('',(0.0299343012603389,-0.0211503459047472,0.0976907826784689));
#5837=CARTESIAN_POINT('',(0.0298333406739078,-0.0221316505013324,0.0976907826784689));
#5838=CARTESIAN_POINT('',(0.0297102185224435,-0.0227917613078025,0.0976907826784689));
#5839=CARTESIAN_POINT('',(0.0211331891896862,-0.000162696638122384,0.10019078267847));
#5840=CARTESIAN_POINT('',(0.0282645626281347,-0.0232880833998819,0.105190782678468));
#5841=CARTESIAN_POINT('',(0.0282645626281344,-0.0232880833998818,0.102690782678468));
#5842=CARTESIAN_POINT('',(0.0282645626281341,-0.0232880833998817,0.100190782678468));
#5843=CARTESIAN_POINT('',(0.0282645626281338,-0.0232880833998817,0.097690782678468));
#5844=CARTESIAN_POINT('',(0.0282645626352137,-0.0232880833778717,0.0976907826784684));
#5845=CARTESIAN_POINT('',(0.0211331891896859,-0.000162696638122313,0.0976907826784695));
#5846=CARTESIAN_POINT('',(0.0282645626319878,-0.0232880834032953,0.10519078265743));
#5847=CARTESIAN_POINT('',(0.0282645626319867,-0.0232880834032951,0.0976907826784632));
#5848=CARTESIAN_POINT('',(0.0277619381870482,-0.0228428037058539,0.10519078265743));
#5849=CARTESIAN_POINT('',(0.0277619381870471,-0.0228428037058537,0.0976907826784632));
#5850=CARTESIAN_POINT('',(0.0270795118321383,-0.0221304512473132,0.10519078265743));
#5851=CARTESIAN_POINT('',(0.0270795118321372,-0.0221304512473129,0.0976907826784635));
#5852=CARTESIAN_POINT('',(0.0264453827163212,-0.0212250439778994,0.10519078265743));
#5853=CARTESIAN_POINT('',(0.0264453827163201,-0.0212250439778992,0.0976907826784634));
#5854=CARTESIAN_POINT('',(0.0261563403003429,-0.0206810668146428,0.10519078265743));
#5855=CARTESIAN_POINT('',(0.0261563403003418,-0.0206810668146426,0.0976907826784634));
#5856=CARTESIAN_POINT('',(0.0260279446381727,-0.0204038532978997,0.10519078265743));
#5857=CARTESIAN_POINT('',(0.0260279446381716,-0.0204038532978995,0.0976907826784634));
#5858=CARTESIAN_POINT('',(0.0259923725106412,-0.020256752791318,0.10519078265743));
#5859=CARTESIAN_POINT('',(0.02599237251064,-0.0202567527913178,0.0976907826784634));
#5860=CARTESIAN_POINT('',(0.0282645626281338,-0.0232880833998817,0.0976907826784689));
#5861=CARTESIAN_POINT('',(0.0277619381838364,-0.0228428037030092,0.0976907826784689));
#5862=CARTESIAN_POINT('',(0.0270795118304191,-0.0221304512450281,0.0976907826784689));
#5863=CARTESIAN_POINT('',(0.0264453827156008,-0.0212250439767092,0.0976907826784689));
#5864=CARTESIAN_POINT('',(0.0261563403001051,-0.0206810668141077,0.0976907826784689));
#5865=CARTESIAN_POINT('',(0.0260279446381242,-0.0204038532977116,0.0976907826784689));
#5866=CARTESIAN_POINT('',(0.0259923725106402,-0.0202567527913178,0.0976907826784689));
#5867=CARTESIAN_POINT('',(0.0234001896089177,-0.0206893347631966,0.105190782657427));
#5868=CARTESIAN_POINT('',(0.0234001896089168,-0.0206893347631963,0.0976907826784686));
#5869=CARTESIAN_POINT('',(0.0234336155926659,-0.0209919915543285,0.105190782657427));
#5870=CARTESIAN_POINT('',(0.023433615592665,-0.0209919915543283,0.0976907826784686));
#5871=CARTESIAN_POINT('',(0.0233399276842376,-0.0216072611038966,0.105190782657427));
#5872=CARTESIAN_POINT('',(0.0233399276842367,-0.0216072611038964,0.0976907826784686));
#5873=CARTESIAN_POINT('',(0.0230284329676104,-0.0228334376857403,0.105190782657427));
#5874=CARTESIAN_POINT('',(0.0230284329676095,-0.0228334376857401,0.0976907826784685));
#5875=CARTESIAN_POINT('',(0.022620671355692,-0.0237413694783263,0.105190782657428));
#5876=CARTESIAN_POINT('',(0.0226206713556911,-0.0237413694783261,0.0976907826784688));
#5877=CARTESIAN_POINT('',(0.0222976632826194,-0.0243346638652219,0.105190782657428));
#5878=CARTESIAN_POINT('',(0.0222976632826185,-0.0243346638652216,0.0976907826784688));
#5879=CARTESIAN_POINT('',(0.0222976632773159,-0.0243346638749612,0.0976907826784687));
#5880=CARTESIAN_POINT('',(0.0222976632773162,-0.0243346638749613,0.100190782678469));
#5881=CARTESIAN_POINT('',(0.0222976632773166,-0.0243346638749613,0.102690782678469));
#5882=CARTESIAN_POINT('',(0.0222976632773169,-0.0243346638749614,0.105190782678469));
#5883=CARTESIAN_POINT('',(0.022297663269691,-0.0243346638535873,0.0976907826784688));
#5884=CARTESIAN_POINT('',(0.0234025819304024,-0.0207109961254961,0.0976907826784689));
#5885=CARTESIAN_POINT('',(0.0234191952422589,-0.0208614219647136,0.0976907826784689));
#5886=CARTESIAN_POINT('',(0.0233928066495145,-0.0211657842847552,0.0976907826784689));
#5887=CARTESIAN_POINT('',(0.0233061471573416,-0.0217756587011689,0.0976907826784689));
#5888=CARTESIAN_POINT('',(0.0230180038797537,-0.0228428304340947,0.0976907826784689));
#5889=CARTESIAN_POINT('',(0.0226187448591376,-0.0237449080281748,0.0976907826784689));
#5890=CARTESIAN_POINT('',(0.0222976632773159,-0.0243346638749612,0.0976907826784689));
#5891=CARTESIAN_POINT('',(0.0211331891896833,-0.000162696638122934,0.10019078267847));
#5892=CARTESIAN_POINT('',(0.0207693908575769,-0.0243599619954545,0.105190782678469));
#5893=CARTESIAN_POINT('',(0.0207693908575766,-0.0243599619954544,0.102690782678469));
#5894=CARTESIAN_POINT('',(0.0207693908575763,-0.0243599619954543,0.100190782678469));
#5895=CARTESIAN_POINT('',(0.020769390857576,-0.0243599619954543,0.0976907826784689));
#5896=CARTESIAN_POINT('',(0.0207693908711108,-0.0243599619767093,0.0976907826784689));
#5897=CARTESIAN_POINT('',(0.021133189189683,-0.000162696638122863,0.0976907826784695));
#5898=CARTESIAN_POINT('',(0.0207693908601866,-0.0243599619998915,0.105190782657428));
#5899=CARTESIAN_POINT('',(0.0207693908601857,-0.0243599619998912,0.0976907826784742));
#5900=CARTESIAN_POINT('',(0.020428965600335,-0.0237811563467943,0.105190782657428));
#5901=CARTESIAN_POINT('',(0.0204289656003341,-0.023781156346794,0.0976907826784742));
#5902=CARTESIAN_POINT('',(0.0200000685842828,-0.0228927875581199,0.105190782657428));
#5903=CARTESIAN_POINT('',(0.0200000685842819,-0.0228927875581197,0.0976907826784743));
#5904=CARTESIAN_POINT('',(0.0196767621895913,-0.0218357374012285,0.105190782657428));
#5905=CARTESIAN_POINT('',(0.0196767621895903,-0.0218357374012283,0.0976907826784742));
#5906=CARTESIAN_POINT('',(0.019569964704388,-0.0212290653567646,0.105190782657428));
#5907=CARTESIAN_POINT('',(0.0195699647043871,-0.0212290653567644,0.0976907826784742));
#5908=CARTESIAN_POINT('',(0.0195335168609602,-0.0209257431936469,0.105190782657428));
#5909=CARTESIAN_POINT('',(0.0195335168609593,-0.0209257431936466,0.0976907826784742));
#5910=CARTESIAN_POINT('',(0.0195451423136884,-0.0207748499063784,0.105190782657428));
#5911=CARTESIAN_POINT('',(0.0195451423136875,-0.0207748499063782,0.0976907826784742));
#5912=CARTESIAN_POINT('',(0.020769390857576,-0.0243599619954542,0.0976907826784689));
#5913=CARTESIAN_POINT('',(0.0204289655981594,-0.0237811563430963,0.0976907826784689));
#5914=CARTESIAN_POINT('',(0.0200000685833538,-0.0228927875554157,0.0976907826784689));
#5915=CARTESIAN_POINT('',(0.0196767621892741,-0.0218357373998743,0.0976907826784689));
#5916=CARTESIAN_POINT('',(0.0195699647043266,-0.0212290653561824,0.0976907826784689));
#5917=CARTESIAN_POINT('',(0.0195335168609733,-0.0209257431934537,0.0976907826784689));
#5918=CARTESIAN_POINT('',(0.0195451423136875,-0.0207748499063783,0.0976907826784689));
#5919=CARTESIAN_POINT('',(0.016946154692805,-0.0203852312404046,0.105190782657428));
#5920=CARTESIAN_POINT('',(0.016946154692804,-0.0203852312404044,0.0976907826784684));
#5921=CARTESIAN_POINT('',(0.0168844186005381,-0.0206834041508442,0.105190782657428));
#5922=CARTESIAN_POINT('',(0.0168844186005372,-0.020683404150844,0.0976907826784684));
#5923=CARTESIAN_POINT('',(0.0166051873577935,-0.0212396091093665,0.105190782657428));
#5924=CARTESIAN_POINT('',(0.0166051873577925,-0.0212396091093662,0.0976907826784684));
#5925=CARTESIAN_POINT('',(0.0159300288758567,-0.0223095151765609,0.105190782657428));
#5926=CARTESIAN_POINT('',(0.0159300288758557,-0.0223095151765607,0.0976907826784683));
#5927=CARTESIAN_POINT('',(0.0152616581841126,-0.0230470043565198,0.105190782657428));
#5928=CARTESIAN_POINT('',(0.0152616581841116,-0.0230470043565195,0.0976907826784686));
#5929=CARTESIAN_POINT('',(0.0147711212031765,-0.0235114458653542,0.105190782657428));
#5930=CARTESIAN_POINT('',(0.0147711212031755,-0.023511445865354,0.0976907826784686));
#5931=CARTESIAN_POINT('',(0.0147711211951228,-0.0235114458729783,0.0976907826784697));
#5932=CARTESIAN_POINT('',(0.0147711211951231,-0.0235114458729783,0.10019078267847));
#5933=CARTESIAN_POINT('',(0.0147711211951234,-0.0235114458729784,0.10269078267847));
#5934=CARTESIAN_POINT('',(0.0147711211951237,-0.0235114458729785,0.10519078267847));
#5935=CARTESIAN_POINT('',(0.0147711211944758,-0.0235114458502944,0.0976907826784693));
#5936=CARTESIAN_POINT('',(0.0169417361966699,-0.0204065716881665,0.0976907826784689));
#5937=CARTESIAN_POINT('',(0.0169110522544576,-0.0205547689584715,0.0976907826784689));
#5938=CARTESIAN_POINT('',(0.0167919020820309,-0.020836080202644,0.0976907826784689));
#5939=CARTESIAN_POINT('',(0.0165210224481952,-0.0213893259846919,0.0976907826784689));
#5940=CARTESIAN_POINT('',(0.0159172077050281,-0.0223152254457058,0.0976907826784689));
#5941=CARTESIAN_POINT('',(0.015258732504964,-0.023049774397235,0.0976907826784689));
#5942=CARTESIAN_POINT('',(0.0147711211951228,-0.0235114458729783,0.0976907826784689));
#5943=CARTESIAN_POINT('',(0.0211331891896805,-0.000162696638122473,0.10019078267847));
#5944=CARTESIAN_POINT('',(0.0133098302024979,-0.0230632436655893,0.10519078267847));
#5945=CARTESIAN_POINT('',(0.0133098302024975,-0.0230632436655892,0.10269078267847));
#5946=CARTESIAN_POINT('',(0.0133098302024972,-0.0230632436655892,0.10019078267847));
#5947=CARTESIAN_POINT('',(0.0133098302024969,-0.0230632436655891,0.0976907826784699));
#5948=CARTESIAN_POINT('',(0.0133098302211618,-0.0230632436519441,0.0976907826784694));
#5949=CARTESIAN_POINT('',(0.0211331891896802,-0.000162696638122402,0.0976907826784695));
#5950=CARTESIAN_POINT('',(0.0133098302036086,-0.0230632436706156,0.105190782657429));
#5951=CARTESIAN_POINT('',(0.0133098302036077,-0.0230632436706154,0.0976907826784715));
#5952=CARTESIAN_POINT('',(0.013164927325167,-0.0224075695919603,0.105190782657429));
#5953=CARTESIAN_POINT('',(0.013164927325166,-0.0224075695919601,0.0976907826784715));
#5954=CARTESIAN_POINT('',(0.0130315430761983,-0.0214301441998218,0.105190782657429));
#5955=CARTESIAN_POINT('',(0.0130315430761974,-0.0214301441998216,0.0976907826784715));
#5956=CARTESIAN_POINT('',(0.0130507068851543,-0.0203249225897091,0.105190782657429));
#5957=CARTESIAN_POINT('',(0.0130507068851533,-0.0203249225897089,0.0976907826784716));
#5958=CARTESIAN_POINT('',(0.0131366084126792,-0.0197149409506843,0.105190782657429));
#5959=CARTESIAN_POINT('',(0.0131366084126782,-0.019714940950684,0.0976907826784715));
#5960=CARTESIAN_POINT('',(0.0131956761568562,-0.0194152014278852,0.105190782657429));
#5961=CARTESIAN_POINT('',(0.0131956761568552,-0.019415201427885,0.0976907826784715));
#5962=CARTESIAN_POINT('',(0.0132533612095313,-0.0192752858462248,0.105190782657429));
#5963=CARTESIAN_POINT('',(0.0132533612095304,-0.0192752858462246,0.0976907826784715));
#5964=CARTESIAN_POINT('',(0.0133098302024969,-0.0230632436655891,0.0976907826784689));
#5965=CARTESIAN_POINT('',(0.0131649273242369,-0.0224075695877718,0.0976907826784689));
#5966=CARTESIAN_POINT('',(0.0130315430761511,-0.0214301441969629,0.0976907826784689));
#5967=CARTESIAN_POINT('',(0.013050706885271,-0.0203249225883236,0.0976907826784689));
#5968=CARTESIAN_POINT('',(0.0131366084128004,-0.0197149409501116,0.0976907826784689));
#5969=CARTESIAN_POINT('',(0.0131956761569289,-0.0194152014277063,0.0976907826784689));
#5970=CARTESIAN_POINT('',(0.0132533612095304,-0.0192752858462246,0.0976907826784689));
#5971=CARTESIAN_POINT('',(0.0109019758860312,-0.0181016051320571,0.105190782657426));
#5972=CARTESIAN_POINT('',(0.0109019758860302,-0.0181016051320569,0.0976907826784686));
#5973=CARTESIAN_POINT('',(0.0107511208766029,-0.0183661069198355,0.105190782657426));
#5974=CARTESIAN_POINT('',(0.0107511208766019,-0.0183661069198353,0.0976907826784686));
#5975=CARTESIAN_POINT('',(0.0103136793990975,-0.0188088020706666,0.105190782657426));
#5976=CARTESIAN_POINT('',(0.0103136793990965,-0.0188088020706664,0.0976907826784686));
#5977=CARTESIAN_POINT('',(0.00934094636817231,-0.0196177077628804,0.105190782657426));
#5978=CARTESIAN_POINT('',(0.00934094636817132,-0.0196177077628802,0.0976907826784685));
#5979=CARTESIAN_POINT('',(0.00847739137671164,-0.0201125637508848,0.105190782657427));
#5980=CARTESIAN_POINT('',(0.00847739137671066,-0.0201125637508846,0.0976907826784692));
#5981=CARTESIAN_POINT('',(0.00786734266538706,-0.0204026896108227,0.105190782657427));
#5982=CARTESIAN_POINT('',(0.00786734266538608,-0.0204026896108224,0.0976907826784692));
#5983=CARTESIAN_POINT('',(0.00786734265537143,-0.0204026896155852,0.0976907826784707));
#5984=CARTESIAN_POINT('',(0.00786734265537176,-0.0204026896155852,0.100190782678471));
#5985=CARTESIAN_POINT('',(0.0078673426553721,-0.0204026896155853,0.102690782678471));
#5986=CARTESIAN_POINT('',(0.00786734265537243,-0.0204026896155854,0.105190782678471));
#5987=CARTESIAN_POINT('',(0.00786734266176583,-0.0204026895938116,0.0976907826784698));
#5988=CARTESIAN_POINT('',(0.0108911790854637,-0.0181205357135666,0.0976907826784689));
#5989=CARTESIAN_POINT('',(0.0108162014472343,-0.0182519978335881,0.0976907826784689));
#5990=CARTESIAN_POINT('',(0.01061595294417,-0.0184827212973045,0.0976907826784689));
#5991=CARTESIAN_POINT('',(0.0101873687545611,-0.0189251828931479,0.0976907826784689));
#5992=CARTESIAN_POINT('',(0.00932698813990032,-0.019619176591887,0.0976907826784689));
#5993=CARTESIAN_POINT('',(0.0084737529008369,-0.0201142941315827,0.0976907826784689));
#5994=CARTESIAN_POINT('',(0.00786734265537146,-0.0204026896155852,0.0976907826784689));
#5995=CARTESIAN_POINT('',(0.0211331891896779,-0.000162696638121229,0.10019078267847));
#5996=CARTESIAN_POINT('',(0.00661607443363176,-0.0195248602351816,0.105190782678471));
#5997=CARTESIAN_POINT('',(0.00661607443363143,-0.0195248602351815,0.102690782678471));
#5998=CARTESIAN_POINT('',(0.00661607443363111,-0.0195248602351814,0.100190782678471));
#5999=CARTESIAN_POINT('',(0.00661607443363079,-0.0195248602351813,0.0976907826784709));
#6000=CARTESIAN_POINT('',(0.00661607445559868,-0.0195248602279719,0.0976907826784699));
#6001=CARTESIAN_POINT('',(0.0211331891896776,-0.000162696638121158,0.0976907826784695));
#6002=CARTESIAN_POINT('',(0.00661607443313495,-0.0195248602403051,0.10519078265743));
#6003=CARTESIAN_POINT('',(0.00661607443313399,-0.0195248602403049,0.0976907826784718));
#6004=CARTESIAN_POINT('',(0.00668087803943766,-0.0188564996832632,0.10519078265743));
#6005=CARTESIAN_POINT('',(0.00668087803943669,-0.018856499683263,0.0976907826784718));
#6006=CARTESIAN_POINT('',(0.00685606313719065,-0.0178856948951625,0.10519078265743));
#6007=CARTESIAN_POINT('',(0.00685606313718968,-0.0178856948951623,0.0976907826784718));
#6008=CARTESIAN_POINT('',(0.00721582126265004,-0.0168404886235596,0.10519078265743));
#6009=CARTESIAN_POINT('',(0.00721582126264908,-0.0168404886235594,0.0976907826784718));
#6010=CARTESIAN_POINT('',(0.0074860131628781,-0.016286906642792,0.10519078265743));
#6011=CARTESIAN_POINT('',(0.00748601316287714,-0.0162869066427918,0.0976907826784718));
#6012=CARTESIAN_POINT('',(0.00763481453231053,-0.0160200903532138,0.10519078265743));
#6013=CARTESIAN_POINT('',(0.00763481453230956,-0.0160200903532136,0.0976907826784718));
#6014=CARTESIAN_POINT('',(0.00773291257006143,-0.0159048483891418,0.10519078265743));
#6015=CARTESIAN_POINT('',(0.00773291257006047,-0.0159048483891416,0.0976907826784718));
#6016=CARTESIAN_POINT('',(0.00661607443363078,-0.0195248602351813,0.0976907826784689));
#6017=CARTESIAN_POINT('',(0.00668087803984897,-0.0188564996789962,0.0976907826784689));
#6018=CARTESIAN_POINT('',(0.00685606313802853,-0.0178856948924283,0.0976907826784689));
#6019=CARTESIAN_POINT('',(0.00721582126318921,-0.0168404886222782,0.0976907826784689));
#6020=CARTESIAN_POINT('',(0.00748601316317014,-0.016286906642285,0.097690782678469));
#6021=CARTESIAN_POINT('',(0.00763481453243488,-0.0160200903530664,0.0976907826784689));
#6022=CARTESIAN_POINT('',(0.00773291257006046,-0.0159048483891416,0.0976907826784689));
#6023=CARTESIAN_POINT('',(0.00585929952247364,-0.0140619936725971,0.10519078265743));
#6024=CARTESIAN_POINT('',(0.00585929952247266,-0.0140619936725969,0.0976907826784686));
#6025=CARTESIAN_POINT('',(0.00563409233527613,-0.0142669330598384,0.10519078265743));
#6026=CARTESIAN_POINT('',(0.00563409233527515,-0.0142669330598382,0.0976907826784686));
#6027=CARTESIAN_POINT('',(0.00508126044266111,-0.0145527843171711,0.10519078265743));
#6028=CARTESIAN_POINT('',(0.00508126044266013,-0.0145527843171708,0.0976907826784686));
#6029=CARTESIAN_POINT('',(0.00390617074924417,-0.0150215083092761,0.10519078265743));
#6030=CARTESIAN_POINT('',(0.00390617074924319,-0.0150215083092758,0.0976907826784684));
#6031=CARTESIAN_POINT('',(0.00293196223737522,-0.0152252911533528,0.105190782657431));
#6032=CARTESIAN_POINT('',(0.00293196223737424,-0.0152252911533526,0.0976907826784694));
#6033=CARTESIAN_POINT('',(0.00226211761398341,-0.0153127018237992,0.105190782657431));
#6034=CARTESIAN_POINT('',(0.00226211761398243,-0.0153127018237989,0.0976907826784694));
#6035=CARTESIAN_POINT('',(0.00226211760298618,-0.0153127018252338,0.0976907826784716));
#6036=CARTESIAN_POINT('',(0.00226211760298651,-0.0153127018252339,0.100190782678472));
#6037=CARTESIAN_POINT('',(0.00226211760298684,-0.0153127018252339,0.102690782678472));
#6038=CARTESIAN_POINT('',(0.00226211760298716,-0.015312701825234,0.105190782678472));
#6039=CARTESIAN_POINT('',(0.00226211761579748,-0.0153127018065022,0.0976907826784703));
#6040=CARTESIAN_POINT('',(0.00584318128353895,-0.0140766613306393,0.097690782678469));
#6041=CARTESIAN_POINT('',(0.00573124928292086,-0.0141785198721209,0.097690782678469));
#6042=CARTESIAN_POINT('',(0.00546950416791434,-0.0143360707352052,0.097690782678469));
#6043=CARTESIAN_POINT('',(0.00492516822913154,-0.0146244369210331,0.0976907826784689));
#6044=CARTESIAN_POINT('',(0.00389244179216479,-0.0150185919189259,0.097690782678469));
#6045=CARTESIAN_POINT('',(0.00292796712414346,-0.0152258124923142,0.0976907826784689));
#6046=CARTESIAN_POINT('',(0.00226211760298618,-0.0153127018252339,0.097690782678469));
#6047=CARTESIAN_POINT('',(0.0211331891896759,-0.000162696638119257,0.10019078267847));
#6048=CARTESIAN_POINT('',(0.00134335500377413,-0.0140911733277665,0.105190782678472));
#6049=CARTESIAN_POINT('',(0.0013433550037738,-0.0140911733277664,0.102690782678472));
#6050=CARTESIAN_POINT('',(0.00134335500377347,-0.0140911733277664,0.100190782678472));
#6051=CARTESIAN_POINT('',(0.00134335500377314,-0.0140911733277663,0.0976907826784717));
#6052=CARTESIAN_POINT('',(0.00134335502689367,-0.0140911733276982,0.0976907826784703));
#6053=CARTESIAN_POINT('',(0.0211331891896756,-0.000162696638119186,0.0976907826784695));
#6054=CARTESIAN_POINT('',(0.00134335500171835,-0.0140911733324857,0.105190782657431));
#6055=CARTESIAN_POINT('',(0.00134335500171738,-0.0140911733324855,0.0976907826784696));
#6056=CARTESIAN_POINT('',(0.0016115216642682,-0.0134755500851159,0.105190782657431));
#6057=CARTESIAN_POINT('',(0.00161152166426723,-0.0134755500851157,0.0976907826784696));
#6058=CARTESIAN_POINT('',(0.00207812777078715,-0.012606395037715,0.105190782657431));
#6059=CARTESIAN_POINT('',(0.00207812777078619,-0.0126063950377148,0.0976907826784696));
#6060=CARTESIAN_POINT('',(0.00274326458084815,-0.0117235161768647,0.105190782657431));
#6061=CARTESIAN_POINT('',(0.00274326458084719,-0.0117235161768645,0.0976907826784696));
#6062=CARTESIAN_POINT('',(0.00317129858804707,-0.0112805223156651,0.105190782657431));
#6063=CARTESIAN_POINT('',(0.00317129858804611,-0.0112805223156649,0.0976907826784696));
#6064=CARTESIAN_POINT('',(0.0033952678679353,-0.0110727470967491,0.105190782657431));
#6065=CARTESIAN_POINT('',(0.00339526786793433,-0.0110727470967489,0.0976907826784696));
#6066=CARTESIAN_POINT('',(0.00352417637133735,-0.0109934594366476,0.105190782657431));
#6067=CARTESIAN_POINT('',(0.00352417637133639,-0.0109934594366474,0.0976907826784696));
#6068=CARTESIAN_POINT('',(0.00134335500377308,-0.0140911733277663,0.097690782678469));
#6069=CARTESIAN_POINT('',(0.00161152166598054,-0.013475550081183,0.097690782678469));
#6070=CARTESIAN_POINT('',(0.00207812777242816,-0.0126063950353744,0.097690782678469));
#6071=CARTESIAN_POINT('',(0.00274326458175685,-0.011723516175813,0.097690782678469));
#6072=CARTESIAN_POINT('',(0.00317129858848128,-0.0112805223152736,0.097690782678469));
#6073=CARTESIAN_POINT('',(0.00339526786809919,-0.0110727470966476,0.097690782678469));
#6074=CARTESIAN_POINT('',(0.00352417637133638,-0.0109934594366474,0.097690782678469));
#6075=CARTESIAN_POINT('',(0.00231173789898977,-0.00866182217730525,0.105190782657431));
#6076=CARTESIAN_POINT('',(0.00231173789898886,-0.00866182217730505,0.097690782678469));
#6077=CARTESIAN_POINT('',(0.00203422338261418,-0.00878713826888624,0.105190782657431));
#6078=CARTESIAN_POINT('',(0.00203422338261327,-0.00878713826888603,0.097690782678469));
#6079=CARTESIAN_POINT('',(0.00142011611234844,-0.00888816452001442,0.105190782657431));
#6080=CARTESIAN_POINT('',(0.00142011611234753,-0.00888816452001421,0.097690782678469));
#6081=CARTESIAN_POINT('',(0.000157695722960367,-0.00897082484186841,0.105190782657431));
#6082=CARTESIAN_POINT('',(0.00015769572295946,-0.0089708248418682,0.097690782678469));
#6083=CARTESIAN_POINT('',(-0.000831803992462159,-0.00886358685740484,0.105190782657431));
#6084=CARTESIAN_POINT('',(-0.000831803992463067,-0.00886358685740463,0.097690782678469));
#6085=CARTESIAN_POINT('',(-0.00149587546910376,-0.00873972597290778,0.105190782657431));
#6086=CARTESIAN_POINT('',(-0.00149587546910467,-0.00873972597290757,0.097690782678469));
#6087=CARTESIAN_POINT('',(-0.00149587548000617,-0.00873972597087421,0.0976907826784722));
#6088=CARTESIAN_POINT('',(-0.00149587548000585,-0.00873972597087428,0.100190782678472));
#6089=CARTESIAN_POINT('',(-0.00149587548000552,-0.00873972597087435,0.102690782678472));
#6090=CARTESIAN_POINT('',(-0.00149587548000519,-0.00873972597087442,0.105190782678472));
#6091=CARTESIAN_POINT('',(-0.00149587546203418,-0.0087397259570179,0.0976907826784706));
#6092=CARTESIAN_POINT('',(0.00229187598721687,-0.00867079113931503,0.097690782678469));
#6093=CARTESIAN_POINT('',(0.00215394630830697,-0.00873307547852624,0.097690782678469));
#6094=CARTESIAN_POINT('',(0.00185632601690011,-0.00880203156477875,0.097690782678469));
#6095=CARTESIAN_POINT('',(0.00124952172324325,-0.00890807504915653,0.097690782678469));
#6096=CARTESIAN_POINT('',(0.000145539923049088,-0.00896380870876952,0.097690782678469));
#6097=CARTESIAN_POINT('',(-0.000835764673535662,-0.00886284812233975,0.097690782678469));
#6098=CARTESIAN_POINT('',(-0.00149587548000612,-0.00873972597087423,0.097690782678469));
#6099=CARTESIAN_POINT('',(0.0211331891896744,-0.000162696638116682,0.10019078267847));
#6100=CARTESIAN_POINT('',(-0.00199219757208431,-0.00729407007656471,0.105190782678472));
#6101=CARTESIAN_POINT('',(-0.00199219757208463,-0.00729407007656464,0.102690782678472));
#6102=CARTESIAN_POINT('',(-0.00199219757208496,-0.00729407007656457,0.100190782678472));
#6103=CARTESIAN_POINT('',(-0.00199219757208528,-0.0072940700765645,0.0976907826784723));
#6104=CARTESIAN_POINT('',(-0.00199219755007526,-0.0072940700836444,0.0976907826784707));
#6105=CARTESIAN_POINT('',(0.0211331891896741,-0.000162696638116611,0.0976907826784695));
#6106=CARTESIAN_POINT('',(-0.00199219757549766,-0.00729407008041775,0.105190782657431));
#6107=CARTESIAN_POINT('',(-0.00199219757549862,-0.00729407008041753,0.0976907826784729));
#6108=CARTESIAN_POINT('',(-0.00154691787805716,-0.00679144563547808,0.105190782657431));
#6109=CARTESIAN_POINT('',(-0.00154691787805812,-0.00679144563547786,0.0976907826784729));
#6110=CARTESIAN_POINT('',(-0.000834565419515244,-0.00610901928056832,0.105190782657431));
#6111=CARTESIAN_POINT('',(-0.000834565419516208,-0.0061090192805681,0.0976907826784727));
#6112=CARTESIAN_POINT('',(7.08418498980801E-5,-0.00547489016475098,0.105190782657431));
#6113=CARTESIAN_POINT('',(7.08418498971162E-5,-0.00547489016475076,0.0976907826784727));
#6114=CARTESIAN_POINT('',(0.000614819013154961,-0.00518584774877318,0.105190782657431));
#6115=CARTESIAN_POINT('',(0.000614819013153997,-0.00518584774877296,0.0976907826784727));
#6116=CARTESIAN_POINT('',(0.000892032529897788,-0.0050574520866019,0.105190782657431));
#6117=CARTESIAN_POINT('',(0.000892032529896824,-0.00505745208660168,0.0976907826784727));
#6118=CARTESIAN_POINT('',(0.00103913303647963,-0.00502187995907117,0.105190782657431));
#6119=CARTESIAN_POINT('',(0.00103913303647867,-0.00502187995907095,0.0976907826784727));
#6120=CARTESIAN_POINT('',(-0.00199219757208523,-0.0072940700765645,0.097690782678469));
#6121=CARTESIAN_POINT('',(-0.00154691787521191,-0.00679144563226766,0.097690782678469));
#6122=CARTESIAN_POINT('',(-0.000834565417231638,-0.00610901927884954,0.0976907826784691));
#6123=CARTESIAN_POINT('',(7.08418510871493E-5,-0.00547489016403173,0.097690782678469));
#6124=CARTESIAN_POINT('',(0.000614819013688898,-0.00518584774853535,0.0976907826784691));
#6125=CARTESIAN_POINT('',(0.000892032530084772,-0.00505745208655595,0.097690782678469));
#6126=CARTESIAN_POINT('',(0.00103913303647867,-0.00502187995907096,0.0976907826784691));
#6127=CARTESIAN_POINT('',(0.000606551064601179,-0.00242969705734748,0.105190782657425));
#6128=CARTESIAN_POINT('',(0.000606551064600275,-0.00242969705734743,0.0976907826784687));
#6129=CARTESIAN_POINT('',(0.000303894273467687,-0.00246312304109683,0.105190782657425));
#6130=CARTESIAN_POINT('',(0.000303894273466783,-0.00246312304109679,0.0976907826784687));
#6131=CARTESIAN_POINT('',(-0.000311375276098293,-0.00236943513266723,0.105190782657426));
#6132=CARTESIAN_POINT('',(-0.000311375276099197,-0.00236943513266719,0.0976907826784692));
#6133=CARTESIAN_POINT('',(-0.0015375518579434,-0.00205794041604007,0.105190782657425));
#6134=CARTESIAN_POINT('',(-0.0015375518579443,-0.00205794041604002,0.0976907826784679));
#6135=CARTESIAN_POINT('',(-0.00244548365052718,-0.00165017880412352,0.105190782657429));
#6136=CARTESIAN_POINT('',(-0.00244548365052808,-0.00165017880412348,0.0976907826784728));
#6137=CARTESIAN_POINT('',(-0.00303877803742418,-0.00132717073104937,0.105190782657426));
#6138=CARTESIAN_POINT('',(-0.00303877803742508,-0.00132717073104933,0.0976907826784695));
#6139=CARTESIAN_POINT('',(-0.00303877804716466,-0.00132717072574666,0.0976907826784726));
#6140=CARTESIAN_POINT('',(-0.00303877804716433,-0.00132717072574673,0.100190782678473));
#6141=CARTESIAN_POINT('',(-0.003038778047164,-0.00132717072574681,0.102690782678473));
#6142=CARTESIAN_POINT('',(-0.00303877804716368,-0.00132717072574688,0.105190782678473));
#6143=CARTESIAN_POINT('',(-0.00303877802579093,-0.0013271707181217,0.0976907826784709));
#6144=CARTESIAN_POINT('',(0.000584889702300423,-0.00243208937883311,0.0976907826784691));
#6145=CARTESIAN_POINT('',(0.000434463863082199,-0.00244870269069161,0.0976907826784691));
#6146=CARTESIAN_POINT('',(0.00013010154304162,-0.00242231409794421,0.0976907826784691));
#6147=CARTESIAN_POINT('',(-0.000479772873372782,-0.00233565460577296,0.0976907826784691));
#6148=CARTESIAN_POINT('',(-0.00154694460629707,-0.00204751132818358,0.0976907826784691));
#6149=CARTESIAN_POINT('',(-0.00244902220038232,-0.00164825230757003,0.0976907826784691));
#6150=CARTESIAN_POINT('',(-0.00303877804716467,-0.00132717072574671,0.0976907826784691));
#6151=CARTESIAN_POINT('',(0.021133189189674,-0.000162696638113786,0.10019078267847));
#6152=CARTESIAN_POINT('',(-0.00306407616765675,0.000201101693993096,0.105190782678473));
#6153=CARTESIAN_POINT('',(-0.00306407616765708,0.000201101693993151,0.102690782678473));
#6154=CARTESIAN_POINT('',(-0.0030640761676574,0.000201101693993207,0.100190782678473));
#6155=CARTESIAN_POINT('',(-0.00306407616765773,0.000201101693993262,0.0976907826784726));
#6156=CARTESIAN_POINT('',(-0.0030640761489128,0.000201101680458402,0.0976907826784709));
#6157=CARTESIAN_POINT('',(0.0211331891896737,-0.000162696638113715,0.0976907826784695));
#6158=CARTESIAN_POINT('',(-0.0030640761720936,0.00020110169138354,0.105190782657433));
#6159=CARTESIAN_POINT('',(-0.00306407617209451,0.000201101691383765,0.0976907826784728));
#6160=CARTESIAN_POINT('',(-0.00248527051899338,0.000541526951236772,0.105190782657433));
#6161=CARTESIAN_POINT('',(-0.00248527051899429,0.000541526951236997,0.0976907826784728));
#6162=CARTESIAN_POINT('',(-0.00159690173032282,0.000970423967287065,0.105190782657432));
#6163=CARTESIAN_POINT('',(-0.00159690173032373,0.000970423967287291,0.0976907826784723));
#6164=CARTESIAN_POINT('',(-0.0005398515734309,0.00129373036197855,0.105190782657432));
#6165=CARTESIAN_POINT('',(-0.000539851573431808,0.00129373036197877,0.097690782678472));
#6166=CARTESIAN_POINT('',(6.68204710331278E-5,0.00140052784718224,0.105190782657432));
#6167=CARTESIAN_POINT('',(6.68204710322202E-5,0.00140052784718246,0.097690782678472));
#6168=CARTESIAN_POINT('',(0.000370142634150296,0.00143697569060929,0.105190782657432));
#6169=CARTESIAN_POINT('',(0.000370142634149388,0.00143697569060951,0.097690782678472));
#6170=CARTESIAN_POINT('',(0.000521035921419133,0.00142535023788158,0.105190782657432));
#6171=CARTESIAN_POINT('',(0.000521035921418225,0.00142535023788181,0.097690782678472));
#6172=CARTESIAN_POINT('',(-0.00306407616765774,0.000201101693993224,0.0976907826784691));
#6173=CARTESIAN_POINT('',(-0.00248527051529815,0.000541526953412523,0.0976907826784691));
#6174=CARTESIAN_POINT('',(-0.0015969017276195,0.000970423968215225,0.0976907826784691));
#6175=CARTESIAN_POINT('',(-0.00053985157207795,0.00129373036229486,0.0976907826784691));
#6176=CARTESIAN_POINT('',(6.68204716143235E-5,0.00140052784724318,0.0976907826784691));
#6177=CARTESIAN_POINT('',(0.000370142634342208,0.00143697569059481,0.0976907826784691));
#6178=CARTESIAN_POINT('',(0.000521035921418212,0.00142535023788181,0.0976907826784691));
#6179=CARTESIAN_POINT('',(0.000910654587392864,0.0040243378587652,0.105190782657431));
#6180=CARTESIAN_POINT('',(0.000910654587391956,0.00402433785876542,0.0976907826784696));
#6181=CARTESIAN_POINT('',(0.000612481676954074,0.00408607395103043,0.105190782657431));
#6182=CARTESIAN_POINT('',(0.000612481676953167,0.00408607395103065,0.0976907826784696));
#6183=CARTESIAN_POINT('',(5.62767184308309E-5,0.00436530519377722,0.105190782657431));
#6184=CARTESIAN_POINT('',(5.62767184299236E-5,0.00436530519377744,0.0976907826784695));
#6185=CARTESIAN_POINT('',(-0.00101362934876361,0.00504046367571261,0.105190782657431));
#6186=CARTESIAN_POINT('',(-0.00101362934876451,0.00504046367571284,0.09769078267847));
#6187=CARTESIAN_POINT('',(-0.00175111852871978,0.00570883436745937,0.105190782657435));
#6188=CARTESIAN_POINT('',(-0.00175111852872068,0.0057088343674596,0.0976907826784735));
#6189=CARTESIAN_POINT('',(-0.00221556003755663,0.00619937134839354,0.105190782657432));
#6190=CARTESIAN_POINT('',(-0.00221556003755754,0.00619937134839377,0.0976907826784703));
#6191=CARTESIAN_POINT('',(-0.00221556004518191,0.00619937135644645,0.0976907826784728));
#6192=CARTESIAN_POINT('',(-0.00221556004518159,0.00619937135644638,0.100190782678473));
#6193=CARTESIAN_POINT('',(-0.00221556004518126,0.0061993713564463,0.102690782678473));
#6194=CARTESIAN_POINT('',(-0.00221556004518094,0.00619937135644623,0.105190782678473));
#6195=CARTESIAN_POINT('',(-0.00221556002249802,0.00619937135709344,0.097690782678471));
#6196=CARTESIAN_POINT('',(0.000889314139629925,0.00402875635489935,0.0976907826784692));
#6197=CARTESIAN_POINT('',(0.000741116869325796,0.00405944029711092,0.0976907826784692));
#6198=CARTESIAN_POINT('',(0.00045980562515216,0.00417859046953873,0.0976907826784692));
#6199=CARTESIAN_POINT('',(-9.34401568951829E-5,0.00444947010337374,0.0976907826784691));
#6200=CARTESIAN_POINT('',(-0.00101933961790956,0.00505328484654178,0.0976907826784692));
#6201=CARTESIAN_POINT('',(-0.00175388856943827,0.00571176004660375,0.0976907826784692));
#6202=CARTESIAN_POINT('',(-0.00221556004518188,0.00619937135644643,0.0976907826784692));
#6203=CARTESIAN_POINT('',(0.0211331891896743,-0.00016269663811098,0.10019078267847));
#6204=CARTESIAN_POINT('',(-0.00176735783779173,0.00766066234907214,0.105190782678473));
#6205=CARTESIAN_POINT('',(-0.00176735783779206,0.00766066234907222,0.102690782678473));
#6206=CARTESIAN_POINT('',(-0.00176735783779239,0.00766066234907229,0.100190782678473));
#6207=CARTESIAN_POINT('',(-0.00176735783779271,0.00766066234907236,0.0976907826784727));
#6208=CARTESIAN_POINT('',(-0.00176735782414768,0.00766066233040749,0.0976907826784709));
#6209=CARTESIAN_POINT('',(0.021133189189674,-0.000162696638110909,0.0976907826784695));
#6210=CARTESIAN_POINT('',(-0.00176735784281797,0.00766066234796137,0.105190782657432));
#6211=CARTESIAN_POINT('',(-0.00176735784281893,0.00766066234796159,0.0976907826784703));
#6212=CARTESIAN_POINT('',(-0.00111168376416079,0.00780556522640359,0.105190782657432));
#6213=CARTESIAN_POINT('',(-0.00111168376416175,0.00780556522640382,0.0976907826784703));
#6214=CARTESIAN_POINT('',(-0.000134258372024515,0.00793894947537137,0.105190782657432));
#6215=CARTESIAN_POINT('',(-0.000134258372025479,0.00793894947537159,0.0976907826784708));
#6216=CARTESIAN_POINT('',(0.000970963238088338,0.00791978566641597,0.105190782657431));
#6217=CARTESIAN_POINT('',(0.000970963238087374,0.0079197856664162,0.0976907826784695));
#6218=CARTESIAN_POINT('',(0.00158094487711378,0.0078338841388903,0.105190782657431));
#6219=CARTESIAN_POINT('',(0.00158094487711281,0.00783388413889052,0.0976907826784697));
#6220=CARTESIAN_POINT('',(0.00188068439991164,0.00777481639471484,0.105190782657431));
#6221=CARTESIAN_POINT('',(0.00188068439991068,0.00777481639471506,0.0976907826784695));
#6222=CARTESIAN_POINT('',(0.00202059998157287,0.00771713134203866,0.105190782657431));
#6223=CARTESIAN_POINT('',(0.00202059998157191,0.00771713134203888,0.0976907826784695));
#6224=CARTESIAN_POINT('',(-0.00176735783779268,0.00766066234907239,0.0976907826784692));
#6225=CARTESIAN_POINT('',(-0.00111168375997087,0.00780556522732887,0.0976907826784692));
#6226=CARTESIAN_POINT('',(-0.000134258369167449,0.00793894947541899,0.0976907826784692));
#6227=CARTESIAN_POINT('',(0.000970963239472862,0.00791978566629828,0.0976907826784692));
#6228=CARTESIAN_POINT('',(0.00158094487768514,0.00783388413876856,0.0976907826784692));
#6229=CARTESIAN_POINT('',(0.0018806844000898,0.00777481639464108,0.0976907826784692));
#6230=CARTESIAN_POINT('',(0.0020205999815719,0.00771713134203889,0.0976907826784692));
#6231=CARTESIAN_POINT('',(0.00319428069574067,0.0100685166655391,0.105190782657431));
#6232=CARTESIAN_POINT('',(0.00319428069573969,0.0100685166655393,0.0976907826784687));
#6233=CARTESIAN_POINT('',(0.00292977890796112,0.0102193716749639,0.105190782657431));
#6234=CARTESIAN_POINT('',(0.00292977890796014,0.0102193716749642,0.0976907826784687));
#6235=CARTESIAN_POINT('',(0.00248708375713155,0.010656813152474,0.105190782657431));
#6236=CARTESIAN_POINT('',(0.00248708375713057,0.0106568131524742,0.0976907826784689));
#6237=CARTESIAN_POINT('',(0.00167817806491673,0.0116295461833968,0.10519078265743));
#6238=CARTESIAN_POINT('',(0.00167817806491575,0.011629546183397,0.0976907826784678));
#6239=CARTESIAN_POINT('',(0.00118332207691395,0.0124931011748583,0.105190782657435));
#6240=CARTESIAN_POINT('',(0.00118332207691297,0.0124931011748585,0.0976907826784726));
#6241=CARTESIAN_POINT('',(0.000893196216974985,0.0131031498861829,0.105190782657431));
#6242=CARTESIAN_POINT('',(0.000893196216974004,0.0131031498861832,0.0976907826784693));
#6243=CARTESIAN_POINT('',(0.000893196212211369,0.0131031498961978,0.0976907826784725));
#6244=CARTESIAN_POINT('',(0.000893196212211687,0.0131031498961977,0.100190782678473));
#6245=CARTESIAN_POINT('',(0.000893196212212008,0.0131031498961977,0.102690782678473));
#6246=CARTESIAN_POINT('',(0.000893196212212326,0.0131031498961976,0.105190782678473));
#6247=CARTESIAN_POINT('',(0.00089319623398493,0.0131031498898034,0.0976907826784709));
#6248=CARTESIAN_POINT('',(0.00317535011422989,0.0100793134661056,0.0976907826784692));
#6249=CARTESIAN_POINT('',(0.00304388799420785,0.010154291104335,0.0976907826784692));
#6250=CARTESIAN_POINT('',(0.00281316453049218,0.0103545396073992,0.0976907826784692));
#6251=CARTESIAN_POINT('',(0.00237070293464846,0.0107831237970083,0.0976907826784692));
#6252=CARTESIAN_POINT('',(0.00167670923590973,0.0116435044116686,0.0976907826784693));
#6253=CARTESIAN_POINT('',(0.00118159169621294,0.0124967396507335,0.0976907826784693));
#6254=CARTESIAN_POINT('',(0.000893196212211339,0.0131031498961978,0.0976907826784693));
#6255=CARTESIAN_POINT('',(0.0211331891896757,-0.000162696638108368,0.10019078267847));
#6256=CARTESIAN_POINT('',(0.00177102559261617,0.0143544181179383,0.105190782678472));
#6257=CARTESIAN_POINT('',(0.00177102559261584,0.0143544181179384,0.102690782678472));
#6258=CARTESIAN_POINT('',(0.00177102559261552,0.0143544181179384,0.100190782678472));
#6259=CARTESIAN_POINT('',(0.0017710255926152,0.0143544181179385,0.0976907826784725));
#6260=CARTESIAN_POINT('',(0.00177102559982458,0.0143544180959706,0.0976907826784709));
#6261=CARTESIAN_POINT('',(0.0211331891896754,-0.000162696638108297,0.0976907826784695));
#6262=CARTESIAN_POINT('',(0.00177102558749266,0.0143544181184351,0.105190782657432));
#6263=CARTESIAN_POINT('',(0.00177102558749167,0.0143544181184353,0.0976907826784705));
#6264=CARTESIAN_POINT('',(0.00243938614453614,0.0142896145121306,0.105190782657432));
#6265=CARTESIAN_POINT('',(0.00243938614453516,0.0142896145121309,0.0976907826784705));
#6266=CARTESIAN_POINT('',(0.00341019093263476,0.0141144294143797,0.105190782657431));
#6267=CARTESIAN_POINT('',(0.00341019093263377,0.01411442941438,0.0976907826784698));
#6268=CARTESIAN_POINT('',(0.00445539720423822,0.0137546712889199,0.105190782657431));
#6269=CARTESIAN_POINT('',(0.00445539720423724,0.0137546712889201,0.0976907826784697));
#6270=CARTESIAN_POINT('',(0.00500897918500555,0.0134844793886919,0.105190782657431));
#6271=CARTESIAN_POINT('',(0.00500897918500457,0.0134844793886921,0.0976907826784696));
#6272=CARTESIAN_POINT('',(0.0052757954745841,0.0133356780192595,0.105190782657431));
#6273=CARTESIAN_POINT('',(0.00527579547458312,0.0133356780192597,0.0976907826784697));
#6274=CARTESIAN_POINT('',(0.00539103743865583,0.0132375799815086,0.105190782657431));
#6275=CARTESIAN_POINT('',(0.00539103743865485,0.0132375799815088,0.0976907826784697));
#6276=CARTESIAN_POINT('',(0.00177102559261517,0.0143544181179385,0.0976907826784693));
#6277=CARTESIAN_POINT('',(0.00243938614880414,0.0142896145117168,0.0976907826784693));
#6278=CARTESIAN_POINT('',(0.00341019093536721,0.0141144294135414,0.0976907826784693));
#6279=CARTESIAN_POINT('',(0.00445539720551833,0.0137546712883801,0.0976907826784693));
#6280=CARTESIAN_POINT('',(0.0050089791855113,0.0134844793883987,0.0976907826784692));
#6281=CARTESIAN_POINT('',(0.00527579547473037,0.0133356780191352,0.0976907826784693));
#6282=CARTESIAN_POINT('',(0.00539103743865485,0.0132375799815088,0.0976907826784693));
#6283=CARTESIAN_POINT('',(0.00723389215520038,0.0151111930290964,0.105190782657431));
#6284=CARTESIAN_POINT('',(0.00723389215519942,0.0151111930290966,0.0976907826784688));
#6285=CARTESIAN_POINT('',(0.00702895276796122,0.015336400216293,0.105190782657431));
#6286=CARTESIAN_POINT('',(0.00702895276796025,0.0153364002162933,0.0976907826784688));
#6287=CARTESIAN_POINT('',(0.00674310151062568,0.0158892321089091,0.105190782657431));
#6288=CARTESIAN_POINT('',(0.00674310151062471,0.0158892321089094,0.0976907826784688));
#6289=CARTESIAN_POINT('',(0.00627437751852245,0.017064321802326,0.105190782657431));
#6290=CARTESIAN_POINT('',(0.00627437751852148,0.0170643218023262,0.0976907826784688));
#6291=CARTESIAN_POINT('',(0.00607059467444358,0.018038530314193,0.105190782657431));
#6292=CARTESIAN_POINT('',(0.00607059467444262,0.0180385303141932,0.0976907826784688));
#6293=CARTESIAN_POINT('',(0.0059831840039985,0.0187083749375866,0.105190782657431));
#6294=CARTESIAN_POINT('',(0.00598318400399754,0.0187083749375869,0.0976907826784688));
#6295=CARTESIAN_POINT('',(0.00598318400256263,0.0187083749485831,0.097690782678472));
#6296=CARTESIAN_POINT('',(0.00598318400256295,0.018708374948583,0.100190782678472));
#6297=CARTESIAN_POINT('',(0.00598318400256327,0.018708374948583,0.102690782678472));
#6298=CARTESIAN_POINT('',(0.0059831840025636,0.0187083749485829,0.105190782678472));
#6299=CARTESIAN_POINT('',(0.00598318402129455,0.0187083749357733,0.0976907826784707));
#6300=CARTESIAN_POINT('',(0.00721922449715723,0.0151273112680303,0.0976907826784693));
#6301=CARTESIAN_POINT('',(0.00711736595567529,0.0152392432686478,0.0976907826784693));
#6302=CARTESIAN_POINT('',(0.00695981509259128,0.0155009883836552,0.0976907826784693));
#6303=CARTESIAN_POINT('',(0.00667144890676342,0.0160453243224375,0.0976907826784693));
#6304=CARTESIAN_POINT('',(0.00627729390887061,0.0170780507594047,0.0976907826784693));
#6305=CARTESIAN_POINT('',(0.00607007333548227,0.0180425254274253,0.0976907826784693));
#6306=CARTESIAN_POINT('',(0.00598318400256261,0.0187083749485831,0.0976907826784693));
#6307=CARTESIAN_POINT('',(0.0211331891896776,-0.000162696638106325,0.10019078267847));
#6308=CARTESIAN_POINT('',(0.00720471250003113,0.019627137547796,0.105190782678472));
#6309=CARTESIAN_POINT('',(0.00720471250003081,0.019627137547796,0.102690782678472));
#6310=CARTESIAN_POINT('',(0.00720471250003049,0.0196271375477961,0.100190782678472));
#6311=CARTESIAN_POINT('',(0.00720471250003017,0.0196271375477962,0.0976907826784719));
#6312=CARTESIAN_POINT('',(0.00720471250009828,0.0196271375246756,0.0976907826784706));
#6313=CARTESIAN_POINT('',(0.0211331891896773,-0.000162696638106254,0.0976907826784695));
#6314=CARTESIAN_POINT('',(0.00720471249531192,0.0196271375498517,0.105190782657431));
#6315=CARTESIAN_POINT('',(0.00720471249531095,0.0196271375498519,0.09769078267847));
#6316=CARTESIAN_POINT('',(0.00782033574268001,0.0193589708872986,0.105190782657431));
#6317=CARTESIAN_POINT('',(0.00782033574267903,0.0193589708872989,0.09769078267847));
#6318=CARTESIAN_POINT('',(0.00868949079008288,0.0188923647807837,0.105190782657431));
#6319=CARTESIAN_POINT('',(0.00868949079008191,0.018892364780784,0.09769078267847));
#6320=CARTESIAN_POINT('',(0.00957236965093314,0.0182272279707215,0.105190782657431));
#6321=CARTESIAN_POINT('',(0.00957236965093216,0.0182272279707218,0.0976907826784698));
#6322=CARTESIAN_POINT('',(0.0100153635121321,0.0177991939635232,0.105190782657431));
#6323=CARTESIAN_POINT('',(0.0100153635121311,0.0177991939635235,0.0976907826784701));
#6324=CARTESIAN_POINT('',(0.0102231387310494,0.017575224683634,0.10519078265743));
#6325=CARTESIAN_POINT('',(0.0102231387310485,0.0175752246836342,0.0976907826784693));
#6326=CARTESIAN_POINT('',(0.01030242639115,0.0174463161802326,0.10519078265743));
#6327=CARTESIAN_POINT('',(0.0103024263911491,0.0174463161802329,0.0976907826784693));
#6328=CARTESIAN_POINT('',(0.00720471250003017,0.0196271375477962,0.0976907826784693));
#6329=CARTESIAN_POINT('',(0.00782033574661348,0.0193589708855916,0.0976907826784693));
#6330=CARTESIAN_POINT('',(0.00868949079242207,0.0188923647791406,0.0976907826784694));
#6331=CARTESIAN_POINT('',(0.0095723696519835,0.0182272279698121,0.0976907826784693));
#6332=CARTESIAN_POINT('',(0.0100153635125229,0.0177991939630885,0.0976907826784693));
#6333=CARTESIAN_POINT('',(0.0102231387311489,0.017575224683469,0.0976907826784693));
#6334=CARTESIAN_POINT('',(0.0103024263911491,0.0174463161802329,0.0976907826784693));
#6335=CARTESIAN_POINT('',(0.0126340636504922,0.0186587546525802,0.10519078265743));
#6336=CARTESIAN_POINT('',(0.0126340636504912,0.0186587546525804,0.0976907826784688));
#6337=CARTESIAN_POINT('',(0.012508747558913,0.0189362691689565,0.10519078265743));
#6338=CARTESIAN_POINT('',(0.012508747558912,0.0189362691689567,0.0976907826784688));
#6339=CARTESIAN_POINT('',(0.0124077213077825,0.0195503764392213,0.10519078265743));
#6340=CARTESIAN_POINT('',(0.0124077213077815,0.0195503764392215,0.0976907826784688));
#6341=CARTESIAN_POINT('',(0.0123250609859297,0.0208127968286093,0.10519078265743));
#6342=CARTESIAN_POINT('',(0.0123250609859287,0.0208127968286095,0.0976907826784688));
#6343=CARTESIAN_POINT('',(0.012432298970393,0.0218022965440337,0.10519078265743));
#6344=CARTESIAN_POINT('',(0.012432298970392,0.0218022965440339,0.0976907826784688));
#6345=CARTESIAN_POINT('',(0.0125561598548899,0.0224663680206737,0.10519078265743));
#6346=CARTESIAN_POINT('',(0.0125561598548889,0.0224663680206739,0.0976907826784688));
#6347=CARTESIAN_POINT('',(0.0125561598569223,0.0224663680315754,0.0976907826784713));
#6348=CARTESIAN_POINT('',(0.0125561598569227,0.0224663680315753,0.100190782678471));
#6349=CARTESIAN_POINT('',(0.012556159856923,0.0224663680315752,0.102690782678471));
#6350=CARTESIAN_POINT('',(0.0125561598569233,0.0224663680315751,0.105190782678471));
#6351=CARTESIAN_POINT('',(0.0125561598707789,0.022466368013604,0.0976907826784703));
#6352=CARTESIAN_POINT('',(0.0126250946884814,0.0186786165643524,0.0976907826784693));
#6353=CARTESIAN_POINT('',(0.0125628103492708,0.0188165462432631,0.0976907826784693));
#6354=CARTESIAN_POINT('',(0.0124938542630175,0.0191141665346688,0.0976907826784693));
#6355=CARTESIAN_POINT('',(0.0123878107786401,0.0197209708283261,0.0976907826784693));
#6356=CARTESIAN_POINT('',(0.0123320771190269,0.0208249526285203,0.0976907826784694));
#6357=CARTESIAN_POINT('',(0.0124330377054565,0.0218062572251038,0.0976907826784694));
#6358=CARTESIAN_POINT('',(0.0125561598569223,0.0224663680315754,0.0976907826784694));
#6359=CARTESIAN_POINT('',(0.0211331891896802,-0.000162696638104993,0.10019078267847));
#6360=CARTESIAN_POINT('',(0.014001815751233,0.0229626901236542,0.105190782678471));
#6361=CARTESIAN_POINT('',(0.0140018157512327,0.0229626901236543,0.102690782678471));
#6362=CARTESIAN_POINT('',(0.0140018157512323,0.0229626901236544,0.100190782678471));
#6363=CARTESIAN_POINT('',(0.014001815751232,0.0229626901236544,0.0976907826784711));
#6364=CARTESIAN_POINT('',(0.0140018157441521,0.0229626901016444,0.0976907826784702));
#6365=CARTESIAN_POINT('',(0.0211331891896799,-0.000162696638104922,0.0976907826784695));
#6366=CARTESIAN_POINT('',(0.01400181574738,0.0229626901270677,0.10519078265743));
#6367=CARTESIAN_POINT('',(0.0140018157473791,0.0229626901270679,0.0976907826784698));
#6368=CARTESIAN_POINT('',(0.0145044401923161,0.0225174104296263,0.10519078265743));
#6369=CARTESIAN_POINT('',(0.0145044401923151,0.0225174104296265,0.0976907826784698));
#6370=CARTESIAN_POINT('',(0.01518686654723,0.0218050579710854,0.10519078265743));
#6371=CARTESIAN_POINT('',(0.0151868665472291,0.0218050579710856,0.0976907826784697));
#6372=CARTESIAN_POINT('',(0.0158209956630469,0.0208996507016719,0.10519078265743));
#6373=CARTESIAN_POINT('',(0.0158209956630459,0.0208996507016721,0.0976907826784697));
#6374=CARTESIAN_POINT('',(0.0161100380790242,0.0203556735384151,0.10519078265743));
#6375=CARTESIAN_POINT('',(0.0161100380790232,0.0203556735384153,0.0976907826784698));
#6376=CARTESIAN_POINT('',(0.0162384337411964,0.0200784600216721,0.10519078265743));
#6377=CARTESIAN_POINT('',(0.0162384337411954,0.0200784600216723,0.0976907826784696));
#6378=CARTESIAN_POINT('',(0.0162740058687265,0.0199313595150904,0.10519078265743));
#6379=CARTESIAN_POINT('',(0.0162740058687255,0.0199313595150906,0.0976907826784696));
#6380=CARTESIAN_POINT('',(0.014001815751232,0.0229626901236545,0.0976907826784694));
#6381=CARTESIAN_POINT('',(0.0145044401955294,0.0225174104267818,0.0976907826784694));
#6382=CARTESIAN_POINT('',(0.0151868665489464,0.0218050579688008,0.0976907826784694));
#6383=CARTESIAN_POINT('',(0.0158209956637652,0.020899650700482,0.0976907826784693));
#6384=CARTESIAN_POINT('',(0.0161100380792603,0.0203556735378804,0.0976907826784693));
#6385=CARTESIAN_POINT('',(0.0162384337412422,0.0200784600214843,0.0976907826784694));
#6386=CARTESIAN_POINT('',(0.0162740058687255,0.0199313595150906,0.0976907826784693));
#6387=CARTESIAN_POINT('',(0.0188661887704499,0.0203639414869691,0.105190782657427));
#6388=CARTESIAN_POINT('',(0.0188661887704489,0.0203639414869694,0.0976907826784689));
#6389=CARTESIAN_POINT('',(0.0188327627867018,0.0206665982780981,0.105190782657427));
#6390=CARTESIAN_POINT('',(0.0188327627867008,0.0206665982780983,0.0976907826784689));
#6391=CARTESIAN_POINT('',(0.0189264506951298,0.0212818678276702,0.105190782657427));
#6392=CARTESIAN_POINT('',(0.0189264506951288,0.0212818678276704,0.0976907826784689));
#6393=CARTESIAN_POINT('',(0.019237945411758,0.0225080444095118,0.105190782657427));
#6394=CARTESIAN_POINT('',(0.019237945411757,0.0225080444095121,0.0976907826784688));
#6395=CARTESIAN_POINT('',(0.0196457070236728,0.0234159762020988,0.105190782657427));
#6396=CARTESIAN_POINT('',(0.0196457070236718,0.023415976202099,0.0976907826784689));
#6397=CARTESIAN_POINT('',(0.0199687150967482,0.0240092705889942,0.105190782657427));
#6398=CARTESIAN_POINT('',(0.0199687150967473,0.0240092705889944,0.0976907826784689));
#6399=CARTESIAN_POINT('',(0.0199687151020498,0.024009270598734,0.0976907826784704));
#6400=CARTESIAN_POINT('',(0.0199687151020502,0.0240092705987339,0.10019078267847));
#6401=CARTESIAN_POINT('',(0.0199687151020505,0.0240092705987338,0.10269078267847));
#6402=CARTESIAN_POINT('',(0.0199687151020508,0.0240092705987338,0.10519078267847));
#6403=CARTESIAN_POINT('',(0.0199687151096948,0.0240092705773684,0.0976907826784699));
#6404=CARTESIAN_POINT('',(0.0188637964489633,0.0203856028492689,0.0976907826784693));
#6405=CARTESIAN_POINT('',(0.0188471831371054,0.020536028688485,0.0976907826784694));
#6406=CARTESIAN_POINT('',(0.0188735717298521,0.0208403910085287,0.0976907826784693));
#6407=CARTESIAN_POINT('',(0.0189602312220236,0.0214502654249414,0.0976907826784694));
#6408=CARTESIAN_POINT('',(0.0192483744996121,0.0225174371578679,0.0976907826784694));
#6409=CARTESIAN_POINT('',(0.0196476335202295,0.0234195147519463,0.0976907826784694));
#6410=CARTESIAN_POINT('',(0.0199687151020498,0.024009270598734,0.0976907826784694));
#6411=CARTESIAN_POINT('',(0.021133189189683,-0.000162696638104425,0.10019078267847));
#6412=CARTESIAN_POINT('',(0.0214969875217907,0.0240345687192268,0.10519078267847));
#6413=CARTESIAN_POINT('',(0.0214969875217904,0.0240345687192269,0.10269078267847));
#6414=CARTESIAN_POINT('',(0.02149698752179,0.024034568719227,0.10019078267847));
#6415=CARTESIAN_POINT('',(0.0214969875217897,0.0240345687192271,0.0976907826784702));
#6416=CARTESIAN_POINT('',(0.0211331891896827,-0.000162696638104354,0.0976907826784695));
#6417=CARTESIAN_POINT('',(0.0214969875191812,0.0240345687236639,0.105190782657429));
#6418=CARTESIAN_POINT('',(0.0214969875191801,0.0240345687236641,0.0976907826784694));
#6419=CARTESIAN_POINT('',(0.0218374127790329,0.0234557630705608,0.105190782657429));
#6420=CARTESIAN_POINT('',(0.0218374127790318,0.023455763070561,0.0976907826784694));
#6421=CARTESIAN_POINT('',(0.0222663097950846,0.022567394281894,0.105190782657429));
#6422=CARTESIAN_POINT('',(0.0222663097950835,0.0225673942818942,0.0976907826784694));
#6423=CARTESIAN_POINT('',(0.0225896161897767,0.0215103441250003,0.105190782657429));
#6424=CARTESIAN_POINT('',(0.0225896161897757,0.0215103441250005,0.0976907826784693));
#6425=CARTESIAN_POINT('',(0.0226964136749794,0.0209036720805378,0.105190782657429));
#6426=CARTESIAN_POINT('',(0.0226964136749783,0.0209036720805381,0.0976907826784694));
#6427=CARTESIAN_POINT('',(0.0227328615184083,0.0206003499174176,0.105190782657429));
#6428=CARTESIAN_POINT('',(0.0227328615184072,0.0206003499174178,0.0976907826784694));
#6429=CARTESIAN_POINT('',(0.0227212360656793,0.0204494566301509,0.105190782657429));
#6430=CARTESIAN_POINT('',(0.0227212360656782,0.0204494566301511,0.0976907826784694));
#6431=CARTESIAN_POINT('',(0.0214969875658896,0.0240345686442466,0.0976907826784694));
#6432=CARTESIAN_POINT('',(0.0218374128131783,0.0234557630032732,0.0976907826784694));
#6433=CARTESIAN_POINT('',(0.0222663098128159,0.022567394233752,0.0976907826784694));
#6434=CARTESIAN_POINT('',(0.0225896161953361,0.0215103441007438,0.0976907826784694));
#6435=CARTESIAN_POINT('',(0.0226964136760857,0.0209036720701223,0.0976907826784694));
#6436=CARTESIAN_POINT('',(0.0227328615181421,0.0206003499139672,0.0976907826784693));
#6437=CARTESIAN_POINT('',(0.0227212360656782,0.0204494566301511,0.0976907826784693));
#6438=CARTESIAN_POINT('',(0.025320223686563,0.0200598379641771,0.105190782657428));
#6439=CARTESIAN_POINT('',(0.0253202236865619,0.0200598379641773,0.0976907826784688));
#6440=CARTESIAN_POINT('',(0.0253819597788285,0.0203580108746152,0.105190782657428));
#6441=CARTESIAN_POINT('',(0.0253819597788274,0.0203580108746155,0.0976907826784688));
#6442=CARTESIAN_POINT('',(0.0256611910215751,0.0209142158331393,0.105190782657428));
#6443=CARTESIAN_POINT('',(0.025661191021574,0.0209142158331396,0.097690782678469));
#6444=CARTESIAN_POINT('',(0.0263363495035095,0.0219841219003331,0.105190782657428));
#6445=CARTESIAN_POINT('',(0.0263363495035084,0.0219841219003333,0.0976907826784681));
#6446=CARTESIAN_POINT('',(0.0270047201952612,0.0227216110802916,0.105190782657428));
#6447=CARTESIAN_POINT('',(0.0270047201952601,0.0227216110802918,0.0976907826784684));
#6448=CARTESIAN_POINT('',(0.0274952571761912,0.0231860525891266,0.105190782657428));
#6449=CARTESIAN_POINT('',(0.0274952571761901,0.0231860525891268,0.0976907826784684));
#6450=CARTESIAN_POINT('',(0.027495257184243,0.0231860525967511,0.0976907826784693));
#6451=CARTESIAN_POINT('',(0.0274952571842433,0.023186052596751,0.100190782678469));
#6452=CARTESIAN_POINT('',(0.0274952571842436,0.0231860525967509,0.102690782678469));
#6453=CARTESIAN_POINT('',(0.0274952571842439,0.0231860525967509,0.105190782678469));
#6454=CARTESIAN_POINT('',(0.0274952571848899,0.0231860525740672,0.0976907826784693));
#6455=CARTESIAN_POINT('',(0.0253246421826959,0.0200811784119393,0.0976907826784693));
#6456=CARTESIAN_POINT('',(0.0253553261249067,0.0202293756822428,0.0976907826784694));
#6457=CARTESIAN_POINT('',(0.0254744762973357,0.0205106869264174,0.0976907826784694));
#6458=CARTESIAN_POINT('',(0.0257453559311699,0.0210639327084643,0.0976907826784693));
#6459=CARTESIAN_POINT('',(0.0263491706743385,0.0219898321694778,0.0976907826784694));
#6460=CARTESIAN_POINT('',(0.0270076458744001,0.0227243811210122,0.0976907826784694));
#6461=CARTESIAN_POINT('',(0.0274952571842429,0.0231860525967511,0.0976907826784694));
#6462=CARTESIAN_POINT('',(0.0211331891896859,-0.000162696638104887,0.10019078267847));
#6463=CARTESIAN_POINT('',(0.0289565481768698,0.0227378503893617,0.105190782678469));
#6464=CARTESIAN_POINT('',(0.0289565481768695,0.0227378503893617,0.102690782678469));
#6465=CARTESIAN_POINT('',(0.0289565481768692,0.0227378503893618,0.100190782678469));
#6466=CARTESIAN_POINT('',(0.0289565481768689,0.0227378503893619,0.0976907826784692));
#6467=CARTESIAN_POINT('',(0.0289565481582039,0.0227378503757169,0.0976907826784693));
#6468=CARTESIAN_POINT('',(0.0211331891896856,-0.000162696638104816,0.0976907826784695));
#6469=CARTESIAN_POINT('',(0.0289565481757591,0.0227378503943879,0.105190782657428));
#6470=CARTESIAN_POINT('',(0.028956548175758,0.0227378503943881,0.0976907826784693));
#6471=CARTESIAN_POINT('',(0.0291014510542041,0.0220821763157357,0.105190782657428));
#6472=CARTESIAN_POINT('',(0.029101451054203,0.0220821763157359,0.0976907826784693));
#6473=CARTESIAN_POINT('',(0.0292348353031687,0.0211047509235936,0.105190782657428));
#6474=CARTESIAN_POINT('',(0.0292348353031676,0.0211047509235938,0.0976907826784693));
#6475=CARTESIAN_POINT('',(0.0292156714942135,0.0199995293134813,0.105190782657428));
#6476=CARTESIAN_POINT('',(0.0292156714942124,0.0199995293134815,0.0976907826784693));
#6477=CARTESIAN_POINT('',(0.0291297699666886,0.0193895476744569,0.105190782657428));
#6478=CARTESIAN_POINT('',(0.0291297699666875,0.0193895476744571,0.0976907826784693));
#6479=CARTESIAN_POINT('',(0.0290707022225115,0.0190898081516567,0.105190782657428));
#6480=CARTESIAN_POINT('',(0.0290707022225105,0.0190898081516569,0.0976907826784693));
#6481=CARTESIAN_POINT('',(0.0290130171698364,0.0189498925699971,0.105190782657428));
#6482=CARTESIAN_POINT('',(0.0290130171698353,0.0189498925699974,0.0976907826784693));
#6483=CARTESIAN_POINT('',(0.0289565481768688,0.0227378503893619,0.0976907826784694));
#6484=CARTESIAN_POINT('',(0.0291014510551315,0.0220821763115474,0.0976907826784694));
#6485=CARTESIAN_POINT('',(0.0292348353032139,0.0211047509207352,0.0976907826784693));
#6486=CARTESIAN_POINT('',(0.0292156714940951,0.0199995293120962,0.0976907826784693));
#6487=CARTESIAN_POINT('',(0.0291297699665648,0.0193895476738847,0.0976907826784693));
#6488=CARTESIAN_POINT('',(0.0290707022224381,0.0190898081514784,0.0976907826784693));
#6489=CARTESIAN_POINT('',(0.0290130171698353,0.0189498925699974,0.0976907826784693));
#6490=CARTESIAN_POINT('',(0.0313644024933363,0.0177762118558295,0.105190782657427));
#6491=CARTESIAN_POINT('',(0.0313644024933354,0.0177762118558297,0.0976907826784687));
#6492=CARTESIAN_POINT('',(0.0315152575027657,0.0180407136436078,0.105190782657427));
#6493=CARTESIAN_POINT('',(0.0315152575027648,0.018040713643608,0.0976907826784687));
#6494=CARTESIAN_POINT('',(0.0319526989802697,0.018483408794439,0.105190782657428));
#6495=CARTESIAN_POINT('',(0.0319526989802688,0.0184834087944392,0.0976907826784688));
#6496=CARTESIAN_POINT('',(0.0329254320111954,0.0192923144866527,0.105190782657427));
#6497=CARTESIAN_POINT('',(0.0329254320111945,0.0192923144866529,0.0976907826784681));
#6498=CARTESIAN_POINT('',(0.0337889870026569,0.019787170474657,0.10519078265743));
#6499=CARTESIAN_POINT('',(0.033788987002656,0.0197871704746572,0.0976907826784713));
#6500=CARTESIAN_POINT('',(0.0343990357139806,0.0200772963345951,0.105190782657427));
#6501=CARTESIAN_POINT('',(0.0343990357139797,0.0200772963345953,0.0976907826784681));
#6502=CARTESIAN_POINT('',(0.0343990357239943,0.0200772963393579,0.0976907826784684));
#6503=CARTESIAN_POINT('',(0.0343990357239946,0.0200772963393578,0.100190782678468));
#6504=CARTESIAN_POINT('',(0.0343990357239949,0.0200772963393578,0.102690782678468));
#6505=CARTESIAN_POINT('',(0.0343990357239952,0.0200772963393577,0.105190782678468));
#6506=CARTESIAN_POINT('',(0.0343990357175999,0.0200772963175843,0.0976907826784689));
#6507=CARTESIAN_POINT('',(0.031375199293902,0.0177951424373394,0.0976907826784693));
#6508=CARTESIAN_POINT('',(0.0314501769321328,0.0179266045573609,0.0976907826784693));
#6509=CARTESIAN_POINT('',(0.0316504254351951,0.0181573280210772,0.0976907826784693));
#6510=CARTESIAN_POINT('',(0.032079009624805,0.0185997896169206,0.0976907826784693));
#6511=CARTESIAN_POINT('',(0.0329393902394662,0.0192937833156601,0.0976907826784694));
#6512=CARTESIAN_POINT('',(0.0337926254785247,0.019788900855354,0.0976907826784694));
#6513=CARTESIAN_POINT('',(0.0343990357239943,0.0200772963393579,0.0976907826784693));
#6514=CARTESIAN_POINT('',(0.0211331891896884,-0.000162696638106148,0.10019078267847));
#6515=CARTESIAN_POINT('',(0.0356503039457359,0.0191994669589539,0.105190782678468));
#6516=CARTESIAN_POINT('',(0.0356503039457355,0.019199466958954,0.102690782678468));
#6517=CARTESIAN_POINT('',(0.0356503039457352,0.019199466958954,0.100190782678468));
#6518=CARTESIAN_POINT('',(0.0356503039457349,0.0191994669589541,0.0976907826784681));
#6519=CARTESIAN_POINT('',(0.035650303923767,0.0191994669517447,0.0976907826784687));
#6520=CARTESIAN_POINT('',(0.0211331891896881,-0.000162696638106077,0.0976907826784695));
#6521=CARTESIAN_POINT('',(0.0356503039462327,0.0191994669640771,0.105190782657427));
#6522=CARTESIAN_POINT('',(0.0356503039462316,0.0191994669640773,0.097690782678469));
#6523=CARTESIAN_POINT('',(0.0355855003399283,0.0185311064070353,0.105190782657427));
#6524=CARTESIAN_POINT('',(0.0355855003399272,0.0185311064070355,0.097690782678469));
#6525=CARTESIAN_POINT('',(0.0354103152421775,0.0175603016189347,0.105190782657427));
#6526=CARTESIAN_POINT('',(0.0354103152421764,0.0175603016189349,0.097690782678469));
#6527=CARTESIAN_POINT('',(0.0350505571167178,0.0165150953473319,0.105190782657427));
#6528=CARTESIAN_POINT('',(0.0350505571167167,0.0165150953473321,0.097690782678469));
#6529=CARTESIAN_POINT('',(0.0347803652164894,0.0159615133665643,0.105190782657427));
#6530=CARTESIAN_POINT('',(0.0347803652164883,0.0159615133665645,0.097690782678469));
#6531=CARTESIAN_POINT('',(0.034631563847058,0.0156946970769862,0.105190782657427));
#6532=CARTESIAN_POINT('',(0.0346315638470569,0.0156946970769864,0.097690782678469));
#6533=CARTESIAN_POINT('',(0.0345334658093063,0.0155794551129142,0.105190782657427));
#6534=CARTESIAN_POINT('',(0.0345334658093052,0.0155794551129144,0.097690782678469));
#6535=CARTESIAN_POINT('',(0.0356503039457349,0.0191994669589541,0.0976907826784693));
#6536=CARTESIAN_POINT('',(0.0355855003395194,0.0185311064027664,0.0976907826784693));
#6537=CARTESIAN_POINT('',(0.0354103152413365,0.0175603016162016,0.0976907826784693));
#6538=CARTESIAN_POINT('',(0.0350505571161767,0.016515095346051,0.0976907826784693));
#6539=CARTESIAN_POINT('',(0.0347803652161953,0.0159615133660578,0.0976907826784693));
#6540=CARTESIAN_POINT('',(0.0346315638469316,0.0156946970768392,0.0976907826784693));
#6541=CARTESIAN_POINT('',(0.0345334658093052,0.0155794551129144,0.0976907826784693));
#6542=CARTESIAN_POINT('',(0.036407078856894,0.0137366003963694,0.105190782657427));
#6543=CARTESIAN_POINT('',(0.0364070788568931,0.0137366003963696,0.0976907826784679));
#6544=CARTESIAN_POINT('',(0.0366322860440907,0.0139415397836106,0.105190782657427));
#6545=CARTESIAN_POINT('',(0.0366322860440898,0.0139415397836108,0.0976907826784679));
#6546=CARTESIAN_POINT('',(0.037185117936707,0.0142273910409434,0.105190782657427));
#6547=CARTESIAN_POINT('',(0.0371851179367061,0.0142273910409436,0.0976907826784679));
#6548=CARTESIAN_POINT('',(0.0383602076301227,0.0146961150330485,0.105190782657427));
#6549=CARTESIAN_POINT('',(0.0383602076301218,0.0146961150330488,0.0976907826784677));
#6550=CARTESIAN_POINT('',(0.0393344161419954,0.0148998978771249,0.105190782657426));
#6551=CARTESIAN_POINT('',(0.0393344161419945,0.0148998978771251,0.0976907826784671));
#6552=CARTESIAN_POINT('',(0.0400042607653843,0.0149873085475715,0.105190782657426));
#6553=CARTESIAN_POINT('',(0.0400042607653834,0.0149873085475717,0.0976907826784671));
#6554=CARTESIAN_POINT('',(0.0400042607763796,0.0149873085490067,0.0976907826784675));
#6555=CARTESIAN_POINT('',(0.0400042607763799,0.0149873085490066,0.100190782678468));
#6556=CARTESIAN_POINT('',(0.0400042607763802,0.0149873085490065,0.102690782678468));
#6557=CARTESIAN_POINT('',(0.0400042607763806,0.0149873085490064,0.105190782678468));
#6558=CARTESIAN_POINT('',(0.0400042607635697,0.0149873085302747,0.0976907826784684));
#6559=CARTESIAN_POINT('',(0.0364231970958268,0.013751268054412,0.0976907826784693));
#6560=CARTESIAN_POINT('',(0.0365351290964444,0.0138531265958937,0.0976907826784693));
#6561=CARTESIAN_POINT('',(0.0367968742114516,0.0140106774589781,0.0976907826784693));
#6562=CARTESIAN_POINT('',(0.037341210150234,0.0142990436448057,0.0976907826784693));
#6563=CARTESIAN_POINT('',(0.0383739365872009,0.0146931986426984,0.0976907826784693));
#6564=CARTESIAN_POINT('',(0.039338411255223,0.0149004192160888,0.0976907826784693));
#6565=CARTESIAN_POINT('',(0.0400042607763795,0.0149873085490066,0.0976907826784693));
#6566=CARTESIAN_POINT('',(0.0211331891896906,-0.00016269663810812,0.10019078267847));
#6567=CARTESIAN_POINT('',(0.0409230233755936,0.0137657800515389,0.105190782678467));
#6568=CARTESIAN_POINT('',(0.0409230233755933,0.013765780051539,0.102690782678467));
#6569=CARTESIAN_POINT('',(0.040923023375593,0.013765780051539,0.100190782678467));
#6570=CARTESIAN_POINT('',(0.0409230233755927,0.0137657800515391,0.0976907826784674));
#6571=CARTESIAN_POINT('',(0.0409230233524721,0.013765780051471,0.0976907826784683));
#6572=CARTESIAN_POINT('',(0.0211331891896903,-0.000162696638108049,0.0976907826784695));
#6573=CARTESIAN_POINT('',(0.0409230233776492,0.0137657800562581,0.105190782657426));
#6574=CARTESIAN_POINT('',(0.0409230233776483,0.0137657800562583,0.0976907826784636));
#6575=CARTESIAN_POINT('',(0.0406548567151049,0.0131501568088917,0.105190782657426));
#6576=CARTESIAN_POINT('',(0.040654856715104,0.0131501568088919,0.0976907826784636));
#6577=CARTESIAN_POINT('',(0.0401882506085791,0.0122810017614864,0.105190782657426));
#6578=CARTESIAN_POINT('',(0.0401882506085782,0.0122810017614866,0.0976907826784636));
#6579=CARTESIAN_POINT('',(0.0395231137985196,0.0113981229006375,0.105190782657426));
#6580=CARTESIAN_POINT('',(0.0395231137985187,0.0113981229006377,0.0976907826784637));
#6581=CARTESIAN_POINT('',(0.0390950797913204,0.0109551290394369,0.105190782657426));
#6582=CARTESIAN_POINT('',(0.0390950797913195,0.0109551290394371,0.0976907826784634));
#6583=CARTESIAN_POINT('',(0.0388711105114324,0.0107473538205228,0.105190782657426));
#6584=CARTESIAN_POINT('',(0.0388711105114315,0.010747353820523,0.097690782678464));
#6585=CARTESIAN_POINT('',(0.0387422020080303,0.0106680661604198,0.105190782657426));
#6586=CARTESIAN_POINT('',(0.0387422020080294,0.01066806616042,0.097690782678464));
#6587=CARTESIAN_POINT('',(0.0409230233755926,0.0137657800515391,0.0976907826784693));
#6588=CARTESIAN_POINT('',(0.0406548567133913,0.0131501568049558,0.0976907826784693));
#6589=CARTESIAN_POINT('',(0.0401882506069361,0.0122810017591469,0.0976907826784692));
#6590=CARTESIAN_POINT('',(0.039523113797609,0.0113981228995862,0.0976907826784693));
#6591=CARTESIAN_POINT('',(0.0390950797908843,0.0109551290390457,0.0976907826784692));
#6592=CARTESIAN_POINT('',(0.0388711105112668,0.0107473538204218,0.0976907826784692));
#6593=CARTESIAN_POINT('',(0.0387422020080294,0.0106680661604201,0.0976907826784692));
#6594=CARTESIAN_POINT('',(0.039954640480378,0.00833642890107784,0.105190782657424));
#6595=CARTESIAN_POINT('',(0.0399546404803771,0.00833642890107807,0.0976907826784673));
#6596=CARTESIAN_POINT('',(0.0402321549967513,0.00846174499265648,0.105190782657424));
#6597=CARTESIAN_POINT('',(0.0402321549967504,0.00846174499265671,0.0976907826784673));
#6598=CARTESIAN_POINT('',(0.0408462622670206,0.00856277124378794,0.105190782657424));
#6599=CARTESIAN_POINT('',(0.0408462622670197,0.00856277124378816,0.0976907826784673));
#6600=CARTESIAN_POINT('',(0.0421086826564045,0.00864543156563923,0.105190782657424));
#6601=CARTESIAN_POINT('',(0.0421086826564036,0.00864543156563946,0.0976907826784673));
#6602=CARTESIAN_POINT('',(0.0430981823718391,0.00853819358118121,0.105190782657424));
#6603=CARTESIAN_POINT('',(0.0430981823718382,0.00853819358118144,0.0976907826784673));
#6604=CARTESIAN_POINT('',(0.0437622538484713,0.00841433269668008,0.105190782657424));
#6605=CARTESIAN_POINT('',(0.0437622538484704,0.00841433269668031,0.0976907826784673));
#6606=CARTESIAN_POINT('',(0.0437622538593718,0.00841433269464699,0.0976907826784668));
#6607=CARTESIAN_POINT('',(0.0437622538593721,0.00841433269464691,0.100190782678467));
#6608=CARTESIAN_POINT('',(0.0437622538593725,0.00841433269464684,0.102690782678467));
#6609=CARTESIAN_POINT('',(0.0437622538593728,0.00841433269464676,0.105190782678467));
#6610=CARTESIAN_POINT('',(0.0437622538414003,0.00841433268079041,0.097690782678468));
#6611=CARTESIAN_POINT('',(0.0399745023921489,0.00834539786308787,0.0976907826784692));
#6612=CARTESIAN_POINT('',(0.0401124320710581,0.00840768220229789,0.0976907826784692));
#6613=CARTESIAN_POINT('',(0.0404100523624659,0.00847663828855204,0.0976907826784692));
#6614=CARTESIAN_POINT('',(0.0410168566561224,0.00858268177292908,0.0976907826784692));
#6615=CARTESIAN_POINT('',(0.0421208384563164,0.00863841543254219,0.0976907826784693));
#6616=CARTESIAN_POINT('',(0.0431021430529031,0.0085374548461137,0.0976907826784692));
#6617=CARTESIAN_POINT('',(0.0437622538593718,0.00841433269464699,0.0976907826784692));
#6618=CARTESIAN_POINT('',(0.0211331891896919,-0.000162696638110695,0.10019078267847));
#6619=CARTESIAN_POINT('',(0.0442585759514519,0.00696867680033705,0.105190782678467));
#6620=CARTESIAN_POINT('',(0.0442585759514516,0.00696867680033712,0.102690782678467));
#6621=CARTESIAN_POINT('',(0.0442585759514513,0.00696867680033719,0.100190782678467));
#6622=CARTESIAN_POINT('',(0.0442585759514509,0.00696867680033727,0.0976907826784667));
#6623=CARTESIAN_POINT('',(0.0442585759294409,0.00696867680741715,0.097690782678468));
#6624=CARTESIAN_POINT('',(0.0211331891896916,-0.000162696638110624,0.0976907826784695));
#6625=CARTESIAN_POINT('',(0.0442585759548653,0.00696867680419008,0.105190782657426));
#6626=CARTESIAN_POINT('',(0.0442585759548643,0.00696867680419031,0.0976907826784685));
#6627=CARTESIAN_POINT('',(0.0438132962574239,0.00646605235925106,0.105190782657426));
#6628=CARTESIAN_POINT('',(0.043813296257423,0.00646605235925129,0.0976907826784685));
#6629=CARTESIAN_POINT('',(0.043100943798883,0.0057836260043406,0.105190782657426));
#6630=CARTESIAN_POINT('',(0.0431009437988821,0.00578362600434083,0.0976907826784688));
#6631=CARTESIAN_POINT('',(0.0421955365294695,0.00514949688852325,0.105190782657426));
#6632=CARTESIAN_POINT('',(0.0421955365294686,0.00514949688852347,0.0976907826784687));
#6633=CARTESIAN_POINT('',(0.0416515593662126,0.00486045447254563,0.105190782657426));
#6634=CARTESIAN_POINT('',(0.0416515593662117,0.00486045447254585,0.0976907826784687));
#6635=CARTESIAN_POINT('',(0.0413743458494697,0.00473205881037411,0.105190782657426));
#6636=CARTESIAN_POINT('',(0.0413743458494688,0.00473205881037433,0.0976907826784687));
#6637=CARTESIAN_POINT('',(0.041227245342888,0.00469648668284352,0.105190782657426));
#6638=CARTESIAN_POINT('',(0.0412272453428871,0.00469648668284374,0.0976907826784687));
#6639=CARTESIAN_POINT('',(0.0442585759514509,0.00696867680033727,0.0976907826784692));
#6640=CARTESIAN_POINT('',(0.0438132962545785,0.00646605235603932,0.0976907826784692));
#6641=CARTESIAN_POINT('',(0.0431009437965972,0.00578362600262261,0.0976907826784692));
#6642=CARTESIAN_POINT('',(0.0421955365282786,0.00514949688780448,0.0976907826784692));
#6643=CARTESIAN_POINT('',(0.0416515593656768,0.00486045447230813,0.0976907826784692));
#6644=CARTESIAN_POINT('',(0.0413743458492808,0.00473205881032884,0.0976907826784692));
#6645=CARTESIAN_POINT('',(0.0412272453428871,0.00469648668284373,0.0976907826784692));
#6646=CARTESIAN_POINT('',(0.0211331891896832,-0.000162696638113626,0.10019078267847));
#6647=CARTESIAN_POINT('',(0.0403989768499714,0.00254116855613818,0.100190782678468));
#6648=CARTESIAN_POINT('',(0.0403989768499711,0.00254116855613825,0.0976907826784671));
#6649=CARTESIAN_POINT('',(0.0211331891896828,-0.000162696638113555,0.0976907826784695));
#6650=CARTESIAN_POINT('',(0.0211331891896832,-0.000162696638113626,0.10019078267847));
#6651=CARTESIAN_POINT('',(0.0211331891896828,-0.000162696638113555,0.0976907826784695));
#6652=CARTESIAN_POINT('',(0.0211331891896832,-0.000162696638113626,0.10019078267847));
#6653=CARTESIAN_POINT('',(0.0211331891896828,-0.000162696638113555,0.0976907826784695));
#6654=CARTESIAN_POINT('',(0.0211331891896832,-0.000162696638113626,0.10019078267847));
#6655=CARTESIAN_POINT('',(0.0211331891896828,-0.000162696638113555,0.0976907826784695));
#6656=CARTESIAN_POINT('',(0.0211331891896832,-0.000162696638113626,0.10019078267847));
#6657=CARTESIAN_POINT('',(0.0211331891896828,-0.000162696638113555,0.0976907826784695));
#6658=CARTESIAN_POINT('',(0.0211331891896832,-0.000162696638113626,0.10019078267847));
#6659=CARTESIAN_POINT('',(0.0211331891896828,-0.000162696638113555,0.0976907826784695));
#6660=CARTESIAN_POINT('',(0.0211331891896832,-0.000162696638113626,0.10019078267847));
#6661=CARTESIAN_POINT('',(0.0211331891896828,-0.000162696638113555,0.0976907826784695));
#6662=CARTESIAN_POINT('',(0.0211331891896832,-0.000162696638113626,0.10019078267847));
#6663=CARTESIAN_POINT('',(0.0211331891896828,-0.000162696638113555,0.0976907826784695));
#6664=CARTESIAN_POINT('',(0.0211331891896832,-0.000162696638113626,0.10019078267847));
#6665=CARTESIAN_POINT('',(0.0211331891896828,-0.000162696638113555,0.0976907826784695));
#6666=CARTESIAN_POINT('',(0.0211331891896832,-0.000162696638113626,0.10019078267847));
#6667=CARTESIAN_POINT('',(0.0211331891896828,-0.000162696638113555,0.0976907826784695));
#6668=CARTESIAN_POINT('',(0.0211331891896832,-0.000162696638113626,0.10019078267847));
#6669=CARTESIAN_POINT('',(0.0211331891896828,-0.000162696638113555,0.0976907826784695));
#6670=CARTESIAN_POINT('',(0.0211331891896832,-0.000162696638113626,0.10019078267847));
#6671=CARTESIAN_POINT('',(0.0211331891896828,-0.000162696638113555,0.0976907826784695));
#6672=CARTESIAN_POINT('',(0.0211331891896832,-0.000162696638113626,0.10019078267847));
#6673=CARTESIAN_POINT('',(0.0211331891896828,-0.000162696638113555,0.0976907826784695));
#6674=CARTESIAN_POINT('',(0.0211331891896832,-0.000162696638113626,0.10019078267847));
#6675=CARTESIAN_POINT('',(0.0211331891896828,-0.000162696638113555,0.0976907826784695));
#6676=CARTESIAN_POINT('',(0.0211331891896832,-0.000162696638113626,0.10019078267847));
#6677=CARTESIAN_POINT('',(0.0211331891896828,-0.000162696638113555,0.0976907826784695));
#6678=CARTESIAN_POINT('',(0.0211331891896832,-0.000162696638113626,0.10019078267847));
#6679=CARTESIAN_POINT('',(0.0211331891896828,-0.000162696638113555,0.0976907826784695));
#6680=CARTESIAN_POINT('',(0.0211331891896832,-0.000162696638113626,0.10019078267847));
#6681=CARTESIAN_POINT('',(0.0211331891896828,-0.000162696638113555,0.0976907826784695));
#6682=CARTESIAN_POINT('',(0.0211331891896832,-0.000162696638113626,0.10019078267847));
#6683=CARTESIAN_POINT('',(0.0211331891896828,-0.000162696638113555,0.0976907826784695));
#6684=CARTESIAN_POINT('',(0.0211331891896832,-0.000162696638113626,0.10019078267847));
#6685=CARTESIAN_POINT('',(0.0211331891896828,-0.000162696638113555,0.0976907826784695));
#6686=CARTESIAN_POINT('',(0.0409832507347889,0.00262316872394469,0.100190782678467));
#6687=CARTESIAN_POINT('',(0.0410480176445115,0.00203673437347997,0.100190782678467));
#6688=CARTESIAN_POINT('',(0.0410480176445112,0.00203673437348003,0.0976907826784681));
#6689=CARTESIAN_POINT('',(0.0409832507347886,0.00262316872394476,0.097690782678467));
#6690=CARTESIAN_POINT('',(0.0416814886770657,0.00210669610260582,0.100190782678467));
#6691=CARTESIAN_POINT('',(0.0416814886770663,0.00210669610260567,0.105190782678467));
#6692=CARTESIAN_POINT('',(0.041681488677066,0.00210669610260575,0.102690782678467));
#6693=CARTESIAN_POINT('',(0.0416814886770657,0.00210669610260582,0.100190782678467));
#6694=CARTESIAN_POINT('',(0.0416814886770654,0.00210669610260589,0.0976907826784669));
#6695=CARTESIAN_POINT('',(0.0416814886358009,0.00210669609804855,0.0976907826784691));
#6696=CARTESIAN_POINT('',(0.0410480176445112,0.00203673437348002,0.0976907826784691));
#6697=CARTESIAN_POINT('',(0.0410645811491674,-0.00229004327592528,0.100190782678467));
#6698=CARTESIAN_POINT('',(0.0411099029160029,-0.00170178658242239,0.100190782678467));
#6699=CARTESIAN_POINT('',(0.0411099029160026,-0.00170178658242232,0.097690782678468));
#6700=CARTESIAN_POINT('',(0.0404779133555424,-0.00222742618621989,0.100190782678467));
#6701=CARTESIAN_POINT('',(0.0404779133555421,-0.00222742618621982,0.0976907826784669));
#6702=CARTESIAN_POINT('',(0.041064581149167,-0.00229004327592521,0.0976907826784669));
#6703=CARTESIAN_POINT('',(0.0405203351260996,-0.00165636380321257,0.100190782678467));
#6704=CARTESIAN_POINT('',(0.0417453424579476,-0.00175074351410905,0.0976907826784691));
#6705=CARTESIAN_POINT('',(0.0417453424579476,-0.00175074351410903,0.0976907827205517));
#6706=CARTESIAN_POINT('',(0.0417453424579476,-0.001750743514109,0.0976907826784668));
#6707=CARTESIAN_POINT('',(0.0417453424579479,-0.00175074351410907,0.100190782678467));
#6708=CARTESIAN_POINT('',(0.0417453424579482,-0.00175074351410914,0.102690782678467));
#6709=CARTESIAN_POINT('',(0.0417453424579485,-0.00175074351410921,0.105190782678467));
#6710=CARTESIAN_POINT('',(0.0416598273147666,0.00210430378111996,0.105190782657426));
#6711=CARTESIAN_POINT('',(0.0416598273147655,0.00210430378112018,0.0976907826784669));
#6712=CARTESIAN_POINT('',(0.0419624841058986,0.0021377297648693,0.105190782657426));
#6713=CARTESIAN_POINT('',(0.0419624841058975,0.00213772976486952,0.0976907826784669));
#6714=CARTESIAN_POINT('',(0.0425777536554667,0.00204404185643976,0.105190782657426));
#6715=CARTESIAN_POINT('',(0.0425777536554656,0.00204404185643998,0.0976907826784669));
#6716=CARTESIAN_POINT('',(0.0438039302373102,0.00173254713981238,0.105190782657426));
#6717=CARTESIAN_POINT('',(0.0438039302373091,0.0017325471398126,0.097690782678467));
#6718=CARTESIAN_POINT('',(0.044711862029897,0.00132478552789682,0.105190782657425));
#6719=CARTESIAN_POINT('',(0.0447118620298959,0.00132478552789704,0.0976907826784663));
#6720=CARTESIAN_POINT('',(0.0453051564167919,0.00100177745482184,0.105190782657425));
#6721=CARTESIAN_POINT('',(0.0453051564167908,0.00100177745482206,0.0976907826784663));
#6722=CARTESIAN_POINT('',(0.0453051564265304,0.00100177744951942,0.0976907826784664));
#6723=CARTESIAN_POINT('',(0.0453051564265307,0.00100177744951935,0.100190782678466));
#6724=CARTESIAN_POINT('',(0.0453051564265311,0.00100177744951927,0.102690782678466));
#6725=CARTESIAN_POINT('',(0.0453051564265314,0.0010017774495192,0.105190782678466));
#6726=CARTESIAN_POINT('',(0.0453051564051552,0.00100177744189608,0.0976907826784678));
#6727=CARTESIAN_POINT('',(0.0416814886770654,0.00210669610260588,0.0976907826784691));
#6728=CARTESIAN_POINT('',(0.0418319145162814,0.00212330941446468,0.0976907826784691));
#6729=CARTESIAN_POINT('',(0.0421362768363251,0.00209692082171681,0.0976907826784692));
#6730=CARTESIAN_POINT('',(0.0427461512527378,0.0020102613295459,0.0976907826784691));
#6731=CARTESIAN_POINT('',(0.0438133229856638,0.0017221180519562,0.0976907826784692));
#6732=CARTESIAN_POINT('',(0.0447154005797456,0.00132285903134294,0.0976907826784691));
#6733=CARTESIAN_POINT('',(0.0453051564265305,0.00100177744951948,0.0976907826784691));
#6734=CARTESIAN_POINT('',(0.0211331891896924,-0.000162696638113484,0.10019078267847));
#6735=CARTESIAN_POINT('',(0.0453304545470245,-0.000526494970220647,0.105190782678466));
#6736=CARTESIAN_POINT('',(0.0453304545470241,-0.000526494970220591,0.102690782678466));
#6737=CARTESIAN_POINT('',(0.0453304545470238,-0.000526494970220535,0.100190782678466));
#6738=CARTESIAN_POINT('',(0.0453304545470235,-0.000526494970220479,0.0976907826784664));
#6739=CARTESIAN_POINT('',(0.0453304545282786,-0.00052649495668566,0.0976907826784677));
#6740=CARTESIAN_POINT('',(0.0211331891896921,-0.000162696638113413,0.0976907826784695));
#6741=CARTESIAN_POINT('',(0.0453304545514614,-0.000526494967611064,0.105190782657428));
#6742=CARTESIAN_POINT('',(0.0453304545514605,-0.000526494967610839,0.0976907826784681));
#6743=CARTESIAN_POINT('',(0.0447516488983667,-0.000866920227458132,0.105190782657428));
#6744=CARTESIAN_POINT('',(0.0447516488983658,-0.000866920227457907,0.0976907826784681));
#6745=CARTESIAN_POINT('',(0.0438632801096893,-0.00129581724351596,0.105190782657429));
#6746=CARTESIAN_POINT('',(0.0438632801096884,-0.00129581724351574,0.0976907826784688));
#6747=CARTESIAN_POINT('',(0.0428062299527985,-0.00161912363820612,0.105190782657428));
#6748=CARTESIAN_POINT('',(0.0428062299527976,-0.00161912363820589,0.0976907826784687));
#6749=CARTESIAN_POINT('',(0.0421995579083348,-0.00172592112340987,0.105190782657428));
#6750=CARTESIAN_POINT('',(0.0421995579083339,-0.00172592112340965,0.0976907826784687));
#6751=CARTESIAN_POINT('',(0.0418962357452166,-0.00176236896683704,0.105190782657428));
#6752=CARTESIAN_POINT('',(0.0418962357452157,-0.00176236896683682,0.0976907826784687));
#6753=CARTESIAN_POINT('',(0.0417453424579485,-0.00175074351410926,0.105190782657428));
#6754=CARTESIAN_POINT('',(0.0417453424579476,-0.00175074351410903,0.0976907826784687));
#6755=CARTESIAN_POINT('',(0.0453304545470236,-0.0005264949702205,0.0976907826784691));
#6756=CARTESIAN_POINT('',(0.044751648894663,-0.000866920229631115,0.0976907826784691));
#6757=CARTESIAN_POINT('',(0.0438632801069857,-0.00129581724444445,0.0976907826784691));
#6758=CARTESIAN_POINT('',(0.0428062299514431,-0.0016191236385218,0.0976907826784691));
#6759=CARTESIAN_POINT('',(0.0421995579077524,-0.00172592112347063,0.0976907826784691));
#6760=CARTESIAN_POINT('',(0.0418962357450216,-0.00176236896682161,0.0976907826784691));
#6761=CARTESIAN_POINT('',(0.0417453424579476,-0.00175074351410905,0.0976907826784691));
#6762=CARTESIAN_POINT('',(0.0211331891896832,-0.000162696638113626,0.10019078267847));
#6763=CARTESIAN_POINT('',(0.0211331891896828,-0.000162696638113555,0.0976907826784695));
#6764=CARTESIAN_POINT('',(-0.00433730556077713,-0.00109010743982757,0.0976907826784691));
#6765=CARTESIAN_POINT('',(-0.063930721893532,-0.00109010743982728,0.0976907826784691));
#6766=CARTESIAN_POINT('',(-0.0639307218935321,-0.0250854872516386,0.0976907826784689));
#6767=CARTESIAN_POINT('',(-0.00433730556077724,-0.0250854872516389,0.0976907826784688));
#6768=CARTESIAN_POINT('',(0.0552557414581741,-0.0250854872516392,0.0976907826784688));
#6769=CARTESIAN_POINT('',(0.0552557414581742,-0.00109010743982786,0.0976907826784691));
#6770=CARTESIAN_POINT('',(0.055255741458174,-0.0282123264858435,0.0976907826784688));
#6771=CARTESIAN_POINT('',(0.055255741458174,-0.0250854872516392,0.0976907826784688));
#6772=CARTESIAN_POINT('',(0.0552557414581741,-0.0250854872516392,0.0976907826784688));
#6773=CARTESIAN_POINT('',(-0.0639307218935321,-0.0250854872516386,0.0976907826784688));
#6774=CARTESIAN_POINT('',(-0.0639307218935321,-0.0250854872516386,0.0976907826784688));
#6775=CARTESIAN_POINT('',(0.0211331891896888,-0.0001626966381148,0.10519078267847));
#6776=MECHANICAL_DESIGN_GEOMETRIC_PRESENTATION_REPRESENTATION('',(#3386),
#6777);
#6777=(
GEOMETRIC_REPRESENTATION_CONTEXT(3)
GLOBAL_UNCERTAINTY_ASSIGNED_CONTEXT((#6778))
GLOBAL_UNIT_ASSIGNED_CONTEXT((#6781,#6780,#6779))
REPRESENTATION_CONTEXT('Left foot','TOP_LEVEL_ASSEMBLY_PART')
);
#6778=UNCERTAINTY_MEASURE_WITH_UNIT(LENGTH_MEASURE(2.E-5),#6781,
'DISTANCE_ACCURACY_VALUE','Maximum Tolerance applied to model');
#6779=(
NAMED_UNIT(*)
SI_UNIT($,.STERADIAN.)
SOLID_ANGLE_UNIT()
);
#6780=(
NAMED_UNIT(*)
PLANE_ANGLE_UNIT()
SI_UNIT($,.RADIAN.)
);
#6781=(
LENGTH_UNIT()
NAMED_UNIT(*)
SI_UNIT($,.METRE.)
);
#6782=PRODUCT_DEFINITION_SHAPE('','',#6783);
#6783=PRODUCT_DEFINITION('','',#6785,#6784);
#6784=PRODUCT_DEFINITION_CONTEXT('',#6791,'design');
#6785=PRODUCT_DEFINITION_FORMATION_WITH_SPECIFIED_SOURCE('','',#6787,
 .NOT_KNOWN.);
#6786=PRODUCT_RELATED_PRODUCT_CATEGORY('','',(#6787));
#6787=PRODUCT('Left foot','Left foot','Left foot',(#6789));
#6788=PRODUCT_CATEGORY('','');
#6789=PRODUCT_CONTEXT('',#6791,'mechanical');
#6790=APPLICATION_PROTOCOL_DEFINITION('international standard',
'ap242_managed_model_based_3d_engineering',2020,#6791);
#6791=APPLICATION_CONTEXT('managed model based 3d engineering');
ENDSEC;
END-ISO-10303-21;
