ISO-10303-21;
HEADER;
/* Generated by software containing ST-Developer
 * from STEP Tools, Inc. (www.steptools.com) 
 */
/* OPTION: using custom renumber hook */

FILE_DESCRIPTION(
/* description */ ('STEP AP242 Edition 2',
'CAx-IF Rec.Pracs.---Representation and Presentation of Product Manufa
cturing Information (PMI)---4.0---2014-10-13',
'CAx-IF Rec.Pracs.---3D Tessellated Geometry---0.4---2014-09-14','2;1',
'CAx-IF Rec.Pracs.---User Defined Attributes---1.5---2016-08-15'),
/* implementation_level */ '2;1');

FILE_NAME(
/* name */ 'robot - Hip Roll giver',
/* time_stamp */ '2026-08-16T03:04:29Z',
/* author */ (''),
/* organization */ (''),
/* preprocessor_version */ 'ST-DEVELOPER v20',
/* originating_system */ 'ONSHAPE BY PTC INC, 1.219',
/* authorisation */ '  ');

FILE_SCHEMA (('AP242_MANAGED_MODEL_BASED_3D_ENGINEERING_MIM_LF { 1 0 10303 442 3 1 4 }'));
ENDSEC;

DATA;
#10=SHAPE_REPRESENTATION_RELATIONSHIP('','',#3181,#11);
#11=ADVANCED_BREP_SHAPE_REPRESENTATION('',(#3179),#8901);
#12=B_SPLINE_SURFACE_WITH_KNOTS('',3,1,((#7765,#7766),(#7767,#7768),(#7769,
#7770),(#7771,#7772),(#7773,#7774),(#7775,#7776),(#7777,#7778),(#7779,#7780),
(#7781,#7782),(#7783,#7784),(#7785,#7786),(#7787,#7788),(#7789,#7790),(#7791,
#7792)),.SURF_OF_LINEAR_EXTRUSION.,.F.,.F.,.F.,(4,1,1,1,1,1,1,1,1,1,1,4),
(2,2),(0.0439385159317772,0.0732236232366011,0.102508730541425,0.131793837846249,
0.161078945151073,0.21964915976072,0.278219374370368,0.395359803589664,
0.512500232808959,0.629640662028255,0.74678109124755,0.981061949686141),
(0.,1.),.UNSPECIFIED.);
#13=B_SPLINE_SURFACE_WITH_KNOTS('',3,1,((#7794,#7795),(#7796,#7797),(#7798,
#7799),(#7800,#7801),(#7802,#7803),(#7804,#7805),(#7806,#7807),(#7808,#7809),
(#7810,#7811),(#7812,#7813),(#7814,#7815),(#7816,#7817),(#7818,#7819),(#7820,
#7821)),.SURF_OF_LINEAR_EXTRUSION.,.F.,.F.,.F.,(4,1,1,1,1,1,1,1,1,1,1,4),
(2,2),(0.0439385159317773,0.0732236232366011,0.102508730541425,0.131793837846249,
0.161078945151073,0.21964915976072,0.278219374370368,0.395359803589663,
0.512500232808958,0.629640662028253,0.746781091247549,0.981061949686139),
(0.,1.),.UNSPECIFIED.);
#14=B_SPLINE_SURFACE_WITH_KNOTS('',3,1,((#7828,#7829),(#7830,#7831),(#7832,
#7833),(#7834,#7835),(#7836,#7837),(#7838,#7839),(#7840,#7841),(#7842,#7843),
(#7844,#7845),(#7846,#7847),(#7848,#7849),(#7850,#7851),(#7852,#7853),(#7854,
#7855)),.SURF_OF_LINEAR_EXTRUSION.,.F.,.F.,.F.,(4,1,1,1,1,1,1,1,1,1,1,4),
(2,2),(0.0439385159317779,0.0732236232366017,0.102508730541426,0.131793837846249,
0.161078945151073,0.219649159760721,0.278219374370369,0.395359803589664,
0.512500232808959,0.629640662028255,0.74678109124755,0.981061949686141),
(0.,1.),.UNSPECIFIED.);
#15=B_SPLINE_SURFACE_WITH_KNOTS('',3,1,((#7857,#7858),(#7859,#7860),(#7861,
#7862),(#7863,#7864),(#7865,#7866),(#7867,#7868),(#7869,#7870),(#7871,#7872),
(#7873,#7874),(#7875,#7876),(#7877,#7878),(#7879,#7880),(#7881,#7882),(#7883,
#7884)),.SURF_OF_LINEAR_EXTRUSION.,.F.,.F.,.F.,(4,1,1,1,1,1,1,1,1,1,1,4),
(2,2),(0.0439385159317807,0.0732236232366044,0.102508730541428,0.131793837846252,
0.161078945151076,0.219649159760723,0.27821937437037,0.395359803589665,
0.51250023280896,0.629640662028255,0.746781091247549,0.981061949686139),
(0.,1.),.UNSPECIFIED.);
#16=B_SPLINE_SURFACE_WITH_KNOTS('',3,1,((#7891,#7892),(#7893,#7894),(#7895,
#7896),(#7897,#7898),(#7899,#7900),(#7901,#7902),(#7903,#7904),(#7905,#7906),
(#7907,#7908),(#7909,#7910),(#7911,#7912),(#7913,#7914),(#7915,#7916),(#7917,
#7918)),.SURF_OF_LINEAR_EXTRUSION.,.F.,.F.,.F.,(4,1,1,1,1,1,1,1,1,1,1,4),
(2,2),(0.043938515931776,0.0732236232365999,0.102508730541424,0.131793837846248,
0.161078945151072,0.219649159760719,0.278219374370367,0.395359803589663,
0.512500232808959,0.629640662028254,0.74678109124755,0.981061949686141),
(0.,1.),.UNSPECIFIED.);
#17=B_SPLINE_SURFACE_WITH_KNOTS('',3,1,((#7920,#7921),(#7922,#7923),(#7924,
#7925),(#7926,#7927),(#7928,#7929),(#7930,#7931),(#7932,#7933),(#7934,#7935),
(#7936,#7937),(#7938,#7939),(#7940,#7941),(#7942,#7943),(#7944,#7945),(#7946,
#7947)),.SURF_OF_LINEAR_EXTRUSION.,.F.,.F.,.F.,(4,1,1,1,1,1,1,1,1,1,1,4),
(2,2),(0.0439385159317818,0.0732236232366055,0.102508730541429,0.131793837846253,
0.161078945151076,0.219649159760724,0.278219374370371,0.395359803589666,
0.51250023280896,0.629640662028255,0.74678109124755,0.981061949686139),
(0.,1.),.UNSPECIFIED.);
#18=B_SPLINE_SURFACE_WITH_KNOTS('',3,1,((#7954,#7955),(#7956,#7957),(#7958,
#7959),(#7960,#7961),(#7962,#7963),(#7964,#7965),(#7966,#7967),(#7968,#7969),
(#7970,#7971),(#7972,#7973),(#7974,#7975),(#7976,#7977),(#7978,#7979),(#7980,
#7981)),.SURF_OF_LINEAR_EXTRUSION.,.F.,.F.,.F.,(4,1,1,1,1,1,1,1,1,1,1,4),
(2,2),(0.0439385159317774,0.0732236232366012,0.102508730541425,0.131793837846249,
0.161078945151073,0.219649159760721,0.278219374370368,0.395359803589664,
0.512500232808959,0.629640662028255,0.74678109124755,0.981061949686141),
(0.,1.),.UNSPECIFIED.);
#19=B_SPLINE_SURFACE_WITH_KNOTS('',3,1,((#7983,#7984),(#7985,#7986),(#7987,
#7988),(#7989,#7990),(#7991,#7992),(#7993,#7994),(#7995,#7996),(#7997,#7998),
(#7999,#8000),(#8001,#8002),(#8003,#8004),(#8005,#8006),(#8007,#8008),(#8009,
#8010)),.SURF_OF_LINEAR_EXTRUSION.,.F.,.F.,.F.,(4,1,1,1,1,1,1,1,1,1,1,4),
(2,2),(0.0439385159317804,0.0732236232366041,0.102508730541428,0.131793837846252,
0.161078945151075,0.219649159760723,0.27821937437037,0.395359803589665,
0.51250023280896,0.629640662028255,0.746781091247549,0.981061949686139),
(0.,1.),.UNSPECIFIED.);
#20=B_SPLINE_SURFACE_WITH_KNOTS('',3,1,((#8017,#8018),(#8019,#8020),(#8021,
#8022),(#8023,#8024),(#8025,#8026),(#8027,#8028),(#8029,#8030),(#8031,#8032),
(#8033,#8034),(#8035,#8036),(#8037,#8038),(#8039,#8040),(#8041,#8042),(#8043,
#8044)),.SURF_OF_LINEAR_EXTRUSION.,.F.,.F.,.F.,(4,1,1,1,1,1,1,1,1,1,1,4),
(2,2),(0.0439385159317762,0.0732236232366001,0.102508730541424,0.131793837846248,
0.161078945151072,0.21964915976072,0.278219374370367,0.395359803589663,
0.512500232808959,0.629640662028254,0.74678109124755,0.981061949686141),
(0.,1.),.UNSPECIFIED.);
#21=B_SPLINE_SURFACE_WITH_KNOTS('',3,1,((#8046,#8047),(#8048,#8049),(#8050,
#8051),(#8052,#8053),(#8054,#8055),(#8056,#8057),(#8058,#8059),(#8060,#8061),
(#8062,#8063),(#8064,#8065),(#8066,#8067),(#8068,#8069),(#8070,#8071),(#8072,
#8073)),.SURF_OF_LINEAR_EXTRUSION.,.F.,.F.,.F.,(4,1,1,1,1,1,1,1,1,1,1,4),
(2,2),(0.0439385159317813,0.073223623236605,0.102508730541429,0.131793837846252,
0.161078945151076,0.219649159760723,0.278219374370371,0.395359803589665,
0.51250023280896,0.629640662028255,0.74678109124755,0.981061949686139),
(0.,1.),.UNSPECIFIED.);
#22=B_SPLINE_SURFACE_WITH_KNOTS('',3,1,((#8080,#8081),(#8082,#8083),(#8084,
#8085),(#8086,#8087),(#8088,#8089),(#8090,#8091),(#8092,#8093),(#8094,#8095),
(#8096,#8097),(#8098,#8099),(#8100,#8101),(#8102,#8103),(#8104,#8105),(#8106,
#8107)),.SURF_OF_LINEAR_EXTRUSION.,.F.,.F.,.F.,(4,1,1,1,1,1,1,1,1,1,1,4),
(2,2),(0.0439385159317767,0.0732236232366006,0.102508730541424,0.131793837846248,
0.161078945151072,0.21964915976072,0.278219374370368,0.395359803589663,
0.512500232808959,0.629640662028254,0.74678109124755,0.981061949686141),
(0.,1.),.UNSPECIFIED.);
#23=B_SPLINE_SURFACE_WITH_KNOTS('',3,1,((#8109,#8110),(#8111,#8112),(#8113,
#8114),(#8115,#8116),(#8117,#8118),(#8119,#8120),(#8121,#8122),(#8123,#8124),
(#8125,#8126),(#8127,#8128),(#8129,#8130),(#8131,#8132),(#8133,#8134),(#8135,
#8136)),.SURF_OF_LINEAR_EXTRUSION.,.F.,.F.,.F.,(4,1,1,1,1,1,1,1,1,1,1,4),
(2,2),(0.0439385159317804,0.0732236232366041,0.102508730541428,0.131793837846252,
0.161078945151075,0.219649159760723,0.27821937437037,0.395359803589665,
0.51250023280896,0.629640662028255,0.746781091247549,0.981061949686139),
(0.,1.),.UNSPECIFIED.);
#24=B_SPLINE_SURFACE_WITH_KNOTS('',3,1,((#8143,#8144),(#8145,#8146),(#8147,
#8148),(#8149,#8150),(#8151,#8152),(#8153,#8154),(#8155,#8156),(#8157,#8158),
(#8159,#8160),(#8161,#8162),(#8163,#8164),(#8165,#8166),(#8167,#8168),(#8169,
#8170)),.SURF_OF_LINEAR_EXTRUSION.,.F.,.F.,.F.,(4,1,1,1,1,1,1,1,1,1,1,4),
(2,2),(0.0439385159317788,0.0732236232366026,0.102508730541426,0.13179383784625,
0.161078945151074,0.219649159760722,0.278219374370369,0.395359803589665,
0.51250023280896,0.629640662028255,0.746781091247551,0.981061949686141),
(0.,1.),.UNSPECIFIED.);
#25=B_SPLINE_SURFACE_WITH_KNOTS('',3,1,((#8172,#8173),(#8174,#8175),(#8176,
#8177),(#8178,#8179),(#8180,#8181),(#8182,#8183),(#8184,#8185),(#8186,#8187),
(#8188,#8189),(#8190,#8191),(#8192,#8193),(#8194,#8195),(#8196,#8197),(#8198,
#8199)),.SURF_OF_LINEAR_EXTRUSION.,.F.,.F.,.F.,(4,1,1,1,1,1,1,1,1,1,1,4),
(2,2),(0.0439385159317788,0.0732236232366025,0.102508730541426,0.13179383784625,
0.161078945151074,0.219649159760721,0.278219374370369,0.395359803589664,
0.512500232808959,0.629640662028254,0.746781091247549,0.981061949686139),
(0.,1.),.UNSPECIFIED.);
#26=B_SPLINE_SURFACE_WITH_KNOTS('',3,1,((#8206,#8207),(#8208,#8209),(#8210,
#8211),(#8212,#8213),(#8214,#8215),(#8216,#8217),(#8218,#8219),(#8220,#8221),
(#8222,#8223),(#8224,#8225),(#8226,#8227),(#8228,#8229),(#8230,#8231),(#8232,
#8233)),.SURF_OF_LINEAR_EXTRUSION.,.F.,.F.,.F.,(4,1,1,1,1,1,1,1,1,1,1,4),
(2,2),(0.0439385159317737,0.0732236232365977,0.102508730541422,0.131793837846246,
0.16107894515107,0.219649159760718,0.278219374370366,0.395359803589661,
0.512500232808957,0.629640662028253,0.746781091247549,0.981061949686141),
(0.,1.),.UNSPECIFIED.);
#27=B_SPLINE_SURFACE_WITH_KNOTS('',3,1,((#8235,#8236),(#8237,#8238),(#8239,
#8240),(#8241,#8242),(#8243,#8244),(#8245,#8246),(#8247,#8248),(#8249,#8250),
(#8251,#8252),(#8253,#8254),(#8255,#8256),(#8257,#8258),(#8259,#8260),(#8261,
#8262)),.SURF_OF_LINEAR_EXTRUSION.,.F.,.F.,.F.,(4,1,1,1,1,1,1,1,1,1,1,4),
(2,2),(0.0439385159317779,0.0732236232366017,0.102508730541425,0.131793837846249,
0.161078945151073,0.219649159760721,0.278219374370368,0.395359803589663,
0.512500232808959,0.629640662028254,0.746781091247549,0.981061949686139),
(0.,1.),.UNSPECIFIED.);
#28=B_SPLINE_SURFACE_WITH_KNOTS('',3,1,((#8269,#8270),(#8271,#8272),(#8273,
#8274),(#8275,#8276),(#8277,#8278),(#8279,#8280),(#8281,#8282),(#8283,#8284),
(#8285,#8286),(#8287,#8288),(#8289,#8290),(#8291,#8292),(#8293,#8294),(#8295,
#8296)),.SURF_OF_LINEAR_EXTRUSION.,.F.,.F.,.F.,(4,1,1,1,1,1,1,1,1,1,1,4),
(2,2),(0.0439385159317744,0.0732236232365983,0.102508730541422,0.131793837846246,
0.16107894515107,0.219649159760718,0.278219374370366,0.395359803589662,
0.512500232808958,0.629640662028254,0.746781091247549,0.981061949686141),
(0.,1.),.UNSPECIFIED.);
#29=B_SPLINE_SURFACE_WITH_KNOTS('',3,1,((#8298,#8299),(#8300,#8301),(#8302,
#8303),(#8304,#8305),(#8306,#8307),(#8308,#8309),(#8310,#8311),(#8312,#8313),
(#8314,#8315),(#8316,#8317),(#8318,#8319),(#8320,#8321),(#8322,#8323),(#8324,
#8325)),.SURF_OF_LINEAR_EXTRUSION.,.F.,.F.,.F.,(4,1,1,1,1,1,1,1,1,1,1,4),
(2,2),(0.0439385159317826,0.0732236232366063,0.10250873054143,0.131793837846254,
0.161078945151077,0.219649159760724,0.278219374370372,0.395359803589666,
0.512500232808961,0.629640662028255,0.74678109124755,0.981061949686139),
(0.,1.),.UNSPECIFIED.);
#30=B_SPLINE_SURFACE_WITH_KNOTS('',3,1,((#8332,#8333),(#8334,#8335),(#8336,
#8337),(#8338,#8339),(#8340,#8341),(#8342,#8343),(#8344,#8345),(#8346,#8347),
(#8348,#8349),(#8350,#8351),(#8352,#8353),(#8354,#8355),(#8356,#8357),(#8358,
#8359)),.SURF_OF_LINEAR_EXTRUSION.,.F.,.F.,.F.,(4,1,1,1,1,1,1,1,1,1,1,4),
(2,2),(0.0439385159317746,0.0732236232365985,0.102508730541422,0.131793837846246,
0.16107894515107,0.219649159760718,0.278219374370366,0.395359803589662,
0.512500232808958,0.629640662028254,0.746781091247549,0.981061949686141),
(0.,1.),.UNSPECIFIED.);
#31=B_SPLINE_SURFACE_WITH_KNOTS('',3,1,((#8361,#8362),(#8363,#8364),(#8365,
#8366),(#8367,#8368),(#8369,#8370),(#8371,#8372),(#8373,#8374),(#8375,#8376),
(#8377,#8378),(#8379,#8380),(#8381,#8382),(#8383,#8384),(#8385,#8386),(#8387,
#8388)),.SURF_OF_LINEAR_EXTRUSION.,.F.,.F.,.F.,(4,1,1,1,1,1,1,1,1,1,1,4),
(2,2),(0.0439385159317843,0.0732236232366079,0.102508730541431,0.131793837846255,
0.161078945151079,0.219649159760726,0.278219374370373,0.395359803589667,
0.512500232808962,0.629640662028256,0.74678109124755,0.981061949686139),
(0.,1.),.UNSPECIFIED.);
#32=B_SPLINE_SURFACE_WITH_KNOTS('',3,1,((#8395,#8396),(#8397,#8398),(#8399,
#8400),(#8401,#8402),(#8403,#8404),(#8405,#8406),(#8407,#8408),(#8409,#8410),
(#8411,#8412),(#8413,#8414),(#8415,#8416),(#8417,#8418),(#8419,#8420),(#8421,
#8422)),.SURF_OF_LINEAR_EXTRUSION.,.F.,.F.,.F.,(4,1,1,1,1,1,1,1,1,1,1,4),
(2,2),(0.0439385159317767,0.0732236232366005,0.102508730541424,0.131793837846248,
0.161078945151072,0.21964915976072,0.278219374370368,0.395359803589663,
0.512500232808959,0.629640662028254,0.74678109124755,0.981061949686141),
(0.,1.),.UNSPECIFIED.);
#33=B_SPLINE_SURFACE_WITH_KNOTS('',3,1,((#8424,#8425),(#8426,#8427),(#8428,
#8429),(#8430,#8431),(#8432,#8433),(#8434,#8435),(#8436,#8437),(#8438,#8439),
(#8440,#8441),(#8442,#8443),(#8444,#8445),(#8446,#8447),(#8448,#8449),(#8450,
#8451)),.SURF_OF_LINEAR_EXTRUSION.,.F.,.F.,.F.,(4,1,1,1,1,1,1,1,1,1,1,4),
(2,2),(0.0439385159317823,0.0732236232366059,0.10250873054143,0.131793837846253,
0.161078945151077,0.219649159760724,0.278219374370371,0.395359803589666,
0.512500232808961,0.629640662028255,0.74678109124755,0.981061949686139),
(0.,1.),.UNSPECIFIED.);
#34=B_SPLINE_SURFACE_WITH_KNOTS('',3,1,((#8458,#8459),(#8460,#8461),(#8462,
#8463),(#8464,#8465),(#8466,#8467),(#8468,#8469),(#8470,#8471),(#8472,#8473),
(#8474,#8475),(#8476,#8477),(#8478,#8479),(#8480,#8481),(#8482,#8483),(#8484,
#8485)),.SURF_OF_LINEAR_EXTRUSION.,.F.,.F.,.F.,(4,1,1,1,1,1,1,1,1,1,1,4),
(2,2),(0.0439385159317757,0.0732236232365996,0.102508730541424,0.131793837846247,
0.161078945151071,0.219649159760719,0.278219374370367,0.395359803589663,
0.512500232808958,0.629640662028254,0.74678109124755,0.981061949686141),
(0.,1.),.UNSPECIFIED.);
#35=B_SPLINE_SURFACE_WITH_KNOTS('',3,1,((#8487,#8488),(#8489,#8490),(#8491,
#8492),(#8493,#8494),(#8495,#8496),(#8497,#8498),(#8499,#8500),(#8501,#8502),
(#8503,#8504),(#8505,#8506),(#8507,#8508),(#8509,#8510),(#8511,#8512),(#8513,
#8514)),.SURF_OF_LINEAR_EXTRUSION.,.F.,.F.,.F.,(4,1,1,1,1,1,1,1,1,1,1,4),
(2,2),(0.0439385159317777,0.0732236232366015,0.102508730541425,0.131793837846249,
0.161078945151073,0.21964915976072,0.278219374370368,0.395359803589663,
0.512500232808958,0.629640662028254,0.746781091247549,0.981061949686139),
(0.,1.),.UNSPECIFIED.);
#36=B_SPLINE_SURFACE_WITH_KNOTS('',3,1,((#8521,#8522),(#8523,#8524),(#8525,
#8526),(#8527,#8528),(#8529,#8530),(#8531,#8532),(#8533,#8534),(#8535,#8536),
(#8537,#8538),(#8539,#8540),(#8541,#8542),(#8543,#8544),(#8545,#8546),(#8547,
#8548)),.SURF_OF_LINEAR_EXTRUSION.,.F.,.F.,.F.,(4,1,1,1,1,1,1,1,1,1,1,4),
(2,2),(0.0439385159317811,0.0732236232366048,0.102508730541429,0.131793837846252,
0.161078945151076,0.219649159760724,0.278219374370371,0.395359803589666,
0.512500232808961,0.629640662028256,0.746781091247551,0.981061949686141),
(0.,1.),.UNSPECIFIED.);
#37=B_SPLINE_SURFACE_WITH_KNOTS('',3,1,((#8550,#8551),(#8552,#8553),(#8554,
#8555),(#8556,#8557),(#8558,#8559),(#8560,#8561),(#8562,#8563),(#8564,#8565),
(#8566,#8567),(#8568,#8569),(#8570,#8571),(#8572,#8573),(#8574,#8575),(#8576,
#8577)),.SURF_OF_LINEAR_EXTRUSION.,.F.,.F.,.F.,(4,1,1,1,1,1,1,1,1,1,1,4),
(2,2),(0.0439385159317868,0.0732236232366103,0.102508730541434,0.131793837846257,
0.161078945151081,0.219649159760728,0.278219374370375,0.395359803589669,
0.512500232808963,0.629640662028257,0.746781091247551,0.981061949686139),
(0.,1.),.UNSPECIFIED.);
#38=B_SPLINE_SURFACE_WITH_KNOTS('',3,1,((#8584,#8585),(#8586,#8587),(#8588,
#8589),(#8590,#8591),(#8592,#8593),(#8594,#8595),(#8596,#8597),(#8598,#8599),
(#8600,#8601),(#8602,#8603),(#8604,#8605),(#8606,#8607),(#8608,#8609),(#8610,
#8611)),.SURF_OF_LINEAR_EXTRUSION.,.F.,.F.,.F.,(4,1,1,1,1,1,1,1,1,1,1,4),
(2,2),(0.043938515931779,0.0732236232366028,0.102508730541427,0.13179383784625,
0.161078945151074,0.219649159760722,0.278219374370369,0.395359803589665,
0.51250023280896,0.629640662028255,0.746781091247551,0.981061949686141),
(0.,1.),.UNSPECIFIED.);
#39=B_SPLINE_SURFACE_WITH_KNOTS('',3,1,((#8613,#8614),(#8615,#8616),(#8617,
#8618),(#8619,#8620),(#8621,#8622),(#8623,#8624),(#8625,#8626),(#8627,#8628),
(#8629,#8630),(#8631,#8632),(#8633,#8634),(#8635,#8636),(#8637,#8638),(#8639,
#8640)),.SURF_OF_LINEAR_EXTRUSION.,.F.,.F.,.F.,(4,1,1,1,1,1,1,1,1,1,1,4),
(2,2),(0.0439385159317814,0.0732236232366051,0.102508730541429,0.131793837846252,
0.161078945151076,0.219649159760723,0.278219374370371,0.395359803589665,
0.51250023280896,0.629640662028255,0.74678109124755,0.981061949686139),
(0.,1.),.UNSPECIFIED.);
#40=B_SPLINE_SURFACE_WITH_KNOTS('',3,1,((#8647,#8648),(#8649,#8650),(#8651,
#8652),(#8653,#8654),(#8655,#8656),(#8657,#8658),(#8659,#8660),(#8661,#8662),
(#8663,#8664),(#8665,#8666),(#8667,#8668),(#8669,#8670),(#8671,#8672),(#8673,
#8674)),.SURF_OF_LINEAR_EXTRUSION.,.F.,.F.,.F.,(4,1,1,1,1,1,1,1,1,1,1,4),
(2,2),(0.043938515931779,0.0732236232366028,0.102508730541427,0.13179383784625,
0.161078945151074,0.219649159760722,0.278219374370369,0.395359803589665,
0.51250023280896,0.629640662028255,0.746781091247551,0.981061949686141),
(0.,1.),.UNSPECIFIED.);
#41=B_SPLINE_SURFACE_WITH_KNOTS('',3,1,((#8676,#8677),(#8678,#8679),(#8680,
#8681),(#8682,#8683),(#8684,#8685),(#8686,#8687),(#8688,#8689),(#8690,#8691),
(#8692,#8693),(#8694,#8695),(#8696,#8697),(#8698,#8699),(#8700,#8701),(#8702,
#8703)),.SURF_OF_LINEAR_EXTRUSION.,.F.,.F.,.F.,(4,1,1,1,1,1,1,1,1,1,1,4),
(2,2),(0.0439385159317806,0.0732236232366043,0.102508730541428,0.131793837846252,
0.161078945151075,0.219649159760723,0.27821937437037,0.395359803589665,
0.51250023280896,0.629640662028255,0.746781091247549,0.981061949686139),
(0.,1.),.UNSPECIFIED.);
#42=B_SPLINE_SURFACE_WITH_KNOTS('',3,1,((#8710,#8711),(#8712,#8713),(#8714,
#8715),(#8716,#8717),(#8718,#8719),(#8720,#8721),(#8722,#8723),(#8724,#8725),
(#8726,#8727),(#8728,#8729),(#8730,#8731),(#8732,#8733),(#8734,#8735),(#8736,
#8737)),.SURF_OF_LINEAR_EXTRUSION.,.F.,.F.,.F.,(4,1,1,1,1,1,1,1,1,1,1,4),
(2,2),(0.0439385159317736,0.0732236232365976,0.102508730541422,0.131793837846246,
0.16107894515107,0.219649159760718,0.278219374370365,0.395359803589661,
0.512500232808957,0.629640662028253,0.746781091247549,0.981061949686141),
(0.,1.),.UNSPECIFIED.);
#43=B_SPLINE_SURFACE_WITH_KNOTS('',3,1,((#8739,#8740),(#8741,#8742),(#8743,
#8744),(#8745,#8746),(#8747,#8748),(#8749,#8750),(#8751,#8752),(#8753,#8754),
(#8755,#8756),(#8757,#8758),(#8759,#8760),(#8761,#8762),(#8763,#8764),(#8765,
#8766)),.SURF_OF_LINEAR_EXTRUSION.,.F.,.F.,.F.,(4,1,1,1,1,1,1,1,1,1,1,4),
(2,2),(0.0439385159317784,0.0732236232366022,0.102508730541426,0.13179383784625,
0.161078945151074,0.219649159760721,0.278219374370369,0.395359803589664,
0.512500232808959,0.629640662028254,0.746781091247549,0.981061949686139),
(0.,1.),.UNSPECIFIED.);
#44=B_SPLINE_SURFACE_WITH_KNOTS('',3,1,((#8773,#8774),(#8775,#8776),(#8777,
#8778),(#8779,#8780),(#8781,#8782),(#8783,#8784),(#8785,#8786),(#8787,#8788),
(#8789,#8790),(#8791,#8792),(#8793,#8794),(#8795,#8796),(#8797,#8798),(#8799,
#8800)),.SURF_OF_LINEAR_EXTRUSION.,.F.,.F.,.F.,(4,1,1,1,1,1,1,1,1,1,1,4),
(2,2),(0.0439385159317737,0.0732236232365977,0.102508730541422,0.131793837846246,
0.16107894515107,0.219649159760718,0.278219374370366,0.395359803589661,
0.512500232808957,0.629640662028253,0.746781091247549,0.981061949686141),
(0.,1.),.UNSPECIFIED.);
#45=B_SPLINE_SURFACE_WITH_KNOTS('',3,1,((#8802,#8803),(#8804,#8805),(#8806,
#8807),(#8808,#8809),(#8810,#8811),(#8812,#8813),(#8814,#8815),(#8816,#8817),
(#8818,#8819),(#8820,#8821),(#8822,#8823),(#8824,#8825),(#8826,#8827),(#8828,
#8829)),.SURF_OF_LINEAR_EXTRUSION.,.F.,.F.,.F.,(4,1,1,1,1,1,1,1,1,1,1,4),
(2,2),(0.0439385159317823,0.0732236232366059,0.10250873054143,0.131793837846253,
0.161078945151077,0.219649159760724,0.278219374370371,0.395359803589666,
0.512500232808961,0.629640662028255,0.74678109124755,0.981061949686139),
(0.,1.),.UNSPECIFIED.);
#46=B_SPLINE_SURFACE_WITH_KNOTS('',3,1,((#8836,#8837),(#8838,#8839),(#8840,
#8841),(#8842,#8843),(#8844,#8845),(#8846,#8847),(#8848,#8849),(#8850,#8851),
(#8852,#8853),(#8854,#8855),(#8856,#8857),(#8858,#8859),(#8860,#8861),(#8862,
#8863)),.SURF_OF_LINEAR_EXTRUSION.,.F.,.F.,.F.,(4,1,1,1,1,1,1,1,1,1,1,4),
(2,2),(0.043938515931778,0.0732236232366018,0.102508730541426,0.13179383784625,
0.161078945151073,0.219649159760721,0.278219374370369,0.395359803589664,
0.51250023280896,0.629640662028255,0.74678109124755,0.981061949686141),
(0.,1.),.UNSPECIFIED.);
#47=B_SPLINE_SURFACE_WITH_KNOTS('',3,1,((#8865,#8866),(#8867,#8868),(#8869,
#8870),(#8871,#8872),(#8873,#8874),(#8875,#8876),(#8877,#8878),(#8879,#8880),
(#8881,#8882),(#8883,#8884),(#8885,#8886),(#8887,#8888),(#8889,#8890),(#8891,
#8892)),.SURF_OF_LINEAR_EXTRUSION.,.F.,.F.,.F.,(4,1,1,1,1,1,1,1,1,1,1,4),
(2,2),(0.0439385159317814,0.0732236232366051,0.102508730541429,0.131793837846252,
0.161078945151076,0.219649159760724,0.278219374370371,0.395359803589666,
0.51250023280896,0.629640662028255,0.74678109124755,0.981061949686139),
(0.,1.),.UNSPECIFIED.);
#48=TOROIDAL_SURFACE('',#3317,0.0425,0.005);
#49=TOROIDAL_SURFACE('',#3336,0.0425,0.005);
#50=TOROIDAL_SURFACE('',#3355,0.0425,0.005);
#51=TOROIDAL_SURFACE('',#3374,0.0425,0.005);
#52=TOROIDAL_SURFACE('',#3393,0.0425,0.005);
#53=TOROIDAL_SURFACE('',#3540,0.038,0.005);
#54=LINE('',#5947,#232);
#55=LINE('',#5951,#233);
#56=LINE('',#5952,#234);
#57=LINE('',#5956,#235);
#58=LINE('',#5957,#236);
#59=LINE('',#5961,#237);
#60=LINE('',#5962,#238);
#61=LINE('',#5966,#239);
#62=LINE('',#5967,#240);
#63=LINE('',#5971,#241);
#64=LINE('',#5979,#242);
#65=LINE('',#5980,#243);
#66=LINE('',#5982,#244);
#67=LINE('',#5988,#245);
#68=LINE('',#5995,#246);
#69=LINE('',#5996,#247);
#70=LINE('',#6003,#248);
#71=LINE('',#6004,#249);
#72=LINE('',#6011,#250);
#73=LINE('',#6012,#251);
#74=LINE('',#6014,#252);
#75=LINE('',#6016,#253);
#76=LINE('',#6038,#254);
#77=LINE('',#6039,#255);
#78=LINE('',#6041,#256);
#79=LINE('',#6047,#257);
#80=LINE('',#6054,#258);
#81=LINE('',#6055,#259);
#82=LINE('',#6062,#260);
#83=LINE('',#6063,#261);
#84=LINE('',#6070,#262);
#85=LINE('',#6071,#263);
#86=LINE('',#6073,#264);
#87=LINE('',#6075,#265);
#88=LINE('',#6097,#266);
#89=LINE('',#6098,#267);
#90=LINE('',#6100,#268);
#91=LINE('',#6106,#269);
#92=LINE('',#6113,#270);
#93=LINE('',#6114,#271);
#94=LINE('',#6121,#272);
#95=LINE('',#6122,#273);
#96=LINE('',#6129,#274);
#97=LINE('',#6130,#275);
#98=LINE('',#6132,#276);
#99=LINE('',#6134,#277);
#100=LINE('',#6156,#278);
#101=LINE('',#6157,#279);
#102=LINE('',#6159,#280);
#103=LINE('',#6165,#281);
#104=LINE('',#6172,#282);
#105=LINE('',#6173,#283);
#106=LINE('',#6180,#284);
#107=LINE('',#6181,#285);
#108=LINE('',#6188,#286);
#109=LINE('',#6189,#287);
#110=LINE('',#6191,#288);
#111=LINE('',#6193,#289);
#112=LINE('',#6215,#290);
#113=LINE('',#6216,#291);
#114=LINE('',#6218,#292);
#115=LINE('',#6224,#293);
#116=LINE('',#6231,#294);
#117=LINE('',#6232,#295);
#118=LINE('',#6239,#296);
#119=LINE('',#6240,#297);
#120=LINE('',#6247,#298);
#121=LINE('',#6248,#299);
#122=LINE('',#6250,#300);
#123=LINE('',#6252,#301);
#124=LINE('',#6271,#302);
#125=LINE('',#6275,#303);
#126=LINE('',#6277,#304);
#127=LINE('',#6281,#305);
#128=LINE('',#6283,#306);
#129=LINE('',#6287,#307);
#130=LINE('',#6292,#308);
#131=LINE('',#6293,#309);
#132=LINE('',#6295,#310);
#133=LINE('',#6299,#311);
#134=LINE('',#6304,#312);
#135=LINE('',#6305,#313);
#136=LINE('',#6307,#314);
#137=LINE('',#6311,#315);
#138=LINE('',#6316,#316);
#139=LINE('',#6317,#317);
#140=LINE('',#6319,#318);
#141=LINE('',#6323,#319);
#142=LINE('',#6328,#320);
#143=LINE('',#6329,#321);
#144=LINE('',#6331,#322);
#145=LINE('',#6335,#323);
#146=LINE('',#6340,#324);
#147=LINE('',#6341,#325);
#148=LINE('',#6346,#326);
#149=LINE('',#6347,#327);
#150=LINE('',#6352,#328);
#151=LINE('',#6353,#329);
#152=LINE('',#6355,#330);
#153=LINE('',#6359,#331);
#154=LINE('',#6364,#332);
#155=LINE('',#6365,#333);
#156=LINE('',#6370,#334);
#157=LINE('',#6371,#335);
#158=LINE('',#7763,#336);
#159=LINE('',#7764,#337);
#160=LINE('',#7793,#338);
#161=LINE('',#7822,#339);
#162=LINE('',#7824,#340);
#163=LINE('',#7825,#341);
#164=LINE('',#7856,#342);
#165=LINE('',#7885,#343);
#166=LINE('',#7887,#344);
#167=LINE('',#7888,#345);
#168=LINE('',#7919,#346);
#169=LINE('',#7948,#347);
#170=LINE('',#7950,#348);
#171=LINE('',#7951,#349);
#172=LINE('',#7982,#350);
#173=LINE('',#8011,#351);
#174=LINE('',#8013,#352);
#175=LINE('',#8014,#353);
#176=LINE('',#8045,#354);
#177=LINE('',#8074,#355);
#178=LINE('',#8076,#356);
#179=LINE('',#8077,#357);
#180=LINE('',#8108,#358);
#181=LINE('',#8137,#359);
#182=LINE('',#8139,#360);
#183=LINE('',#8140,#361);
#184=LINE('',#8171,#362);
#185=LINE('',#8200,#363);
#186=LINE('',#8202,#364);
#187=LINE('',#8203,#365);
#188=LINE('',#8234,#366);
#189=LINE('',#8263,#367);
#190=LINE('',#8265,#368);
#191=LINE('',#8266,#369);
#192=LINE('',#8297,#370);
#193=LINE('',#8326,#371);
#194=LINE('',#8328,#372);
#195=LINE('',#8329,#373);
#196=LINE('',#8360,#374);
#197=LINE('',#8389,#375);
#198=LINE('',#8391,#376);
#199=LINE('',#8392,#377);
#200=LINE('',#8423,#378);
#201=LINE('',#8452,#379);
#202=LINE('',#8454,#380);
#203=LINE('',#8455,#381);
#204=LINE('',#8486,#382);
#205=LINE('',#8515,#383);
#206=LINE('',#8517,#384);
#207=LINE('',#8518,#385);
#208=LINE('',#8549,#386);
#209=LINE('',#8578,#387);
#210=LINE('',#8580,#388);
#211=LINE('',#8581,#389);
#212=LINE('',#8612,#390);
#213=LINE('',#8641,#391);
#214=LINE('',#8643,#392);
#215=LINE('',#8644,#393);
#216=LINE('',#8675,#394);
#217=LINE('',#8704,#395);
#218=LINE('',#8706,#396);
#219=LINE('',#8707,#397);
#220=LINE('',#8738,#398);
#221=LINE('',#8767,#399);
#222=LINE('',#8769,#400);
#223=LINE('',#8770,#401);
#224=LINE('',#8801,#402);
#225=LINE('',#8830,#403);
#226=LINE('',#8832,#404);
#227=LINE('',#8833,#405);
#228=LINE('',#8864,#406);
#229=LINE('',#8893,#407);
#230=LINE('',#8895,#408);
#231=LINE('',#8896,#409);
#232=VECTOR('',#3763,1.);
#233=VECTOR('',#3766,1.);
#234=VECTOR('',#3767,1.);
#235=VECTOR('',#3770,1.);
#236=VECTOR('',#3771,1.);
#237=VECTOR('',#3774,1.);
#238=VECTOR('',#3775,1.);
#239=VECTOR('',#3778,1.);
#240=VECTOR('',#3779,1.);
#241=VECTOR('',#3782,1.);
#242=VECTOR('',#3791,1.);
#243=VECTOR('',#3792,1.);
#244=VECTOR('',#3795,1.);
#245=VECTOR('',#3800,1.);
#246=VECTOR('',#3807,1.);
#247=VECTOR('',#3808,1.);
#248=VECTOR('',#3815,1.);
#249=VECTOR('',#3816,1.);
#250=VECTOR('',#3823,1.);
#251=VECTOR('',#3824,1.);
#252=VECTOR('',#3827,1.);
#253=VECTOR('',#3830,1.);
#254=VECTOR('',#3841,1.);
#255=VECTOR('',#3842,1.);
#256=VECTOR('',#3845,1.);
#257=VECTOR('',#3850,1.);
#258=VECTOR('',#3857,1.);
#259=VECTOR('',#3858,1.);
#260=VECTOR('',#3865,1.);
#261=VECTOR('',#3866,1.);
#262=VECTOR('',#3873,1.);
#263=VECTOR('',#3874,1.);
#264=VECTOR('',#3877,1.);
#265=VECTOR('',#3880,1.);
#266=VECTOR('',#3891,1.);
#267=VECTOR('',#3892,1.);
#268=VECTOR('',#3895,1.);
#269=VECTOR('',#3900,1.);
#270=VECTOR('',#3907,1.);
#271=VECTOR('',#3908,1.);
#272=VECTOR('',#3915,1.);
#273=VECTOR('',#3916,1.);
#274=VECTOR('',#3923,1.);
#275=VECTOR('',#3924,1.);
#276=VECTOR('',#3927,1.);
#277=VECTOR('',#3930,1.);
#278=VECTOR('',#3941,1.);
#279=VECTOR('',#3942,1.);
#280=VECTOR('',#3945,1.);
#281=VECTOR('',#3950,1.);
#282=VECTOR('',#3957,1.);
#283=VECTOR('',#3958,1.);
#284=VECTOR('',#3965,1.);
#285=VECTOR('',#3966,1.);
#286=VECTOR('',#3973,1.);
#287=VECTOR('',#3974,1.);
#288=VECTOR('',#3977,1.);
#289=VECTOR('',#3980,1.);
#290=VECTOR('',#3991,1.);
#291=VECTOR('',#3992,1.);
#292=VECTOR('',#3995,1.);
#293=VECTOR('',#4000,1.);
#294=VECTOR('',#4007,1.);
#295=VECTOR('',#4008,1.);
#296=VECTOR('',#4015,1.);
#297=VECTOR('',#4016,1.);
#298=VECTOR('',#4023,1.);
#299=VECTOR('',#4024,1.);
#300=VECTOR('',#4027,1.);
#301=VECTOR('',#4030,1.);
#302=VECTOR('',#4039,1.);
#303=VECTOR('',#4042,1.);
#304=VECTOR('',#4045,1.);
#305=VECTOR('',#4048,1.);
#306=VECTOR('',#4051,1.);
#307=VECTOR('',#4054,1.);
#308=VECTOR('',#4059,1.);
#309=VECTOR('',#4060,1.);
#310=VECTOR('',#4063,1.);
#311=VECTOR('',#4066,1.);
#312=VECTOR('',#4071,1.);
#313=VECTOR('',#4072,1.);
#314=VECTOR('',#4075,1.);
#315=VECTOR('',#4078,1.);
#316=VECTOR('',#4083,1.);
#317=VECTOR('',#4084,1.);
#318=VECTOR('',#4087,1.);
#319=VECTOR('',#4090,1.);
#320=VECTOR('',#4095,1.);
#321=VECTOR('',#4096,1.);
#322=VECTOR('',#4099,1.);
#323=VECTOR('',#4102,1.);
#324=VECTOR('',#4107,1.);
#325=VECTOR('',#4108,1.);
#326=VECTOR('',#4113,1.);
#327=VECTOR('',#4114,1.);
#328=VECTOR('',#4119,1.);
#329=VECTOR('',#4120,1.);
#330=VECTOR('',#4123,1.);
#331=VECTOR('',#4126,1.);
#332=VECTOR('',#4131,1.);
#333=VECTOR('',#4132,1.);
#334=VECTOR('',#4137,1.);
#335=VECTOR('',#4138,1.);
#336=VECTOR('',#4253,1.);
#337=VECTOR('',#4254,1.);
#338=VECTOR('',#4255,1.);
#339=VECTOR('',#4256,1.);
#340=VECTOR('',#4259,1.);
#341=VECTOR('',#4260,1.);
#342=VECTOR('',#4265,1.);
#343=VECTOR('',#4266,1.);
#344=VECTOR('',#4269,1.);
#345=VECTOR('',#4270,1.);
#346=VECTOR('',#4275,1.);
#347=VECTOR('',#4276,1.);
#348=VECTOR('',#4279,1.);
#349=VECTOR('',#4280,1.);
#350=VECTOR('',#4285,1.);
#351=VECTOR('',#4286,1.);
#352=VECTOR('',#4289,1.);
#353=VECTOR('',#4290,1.);
#354=VECTOR('',#4295,1.);
#355=VECTOR('',#4296,1.);
#356=VECTOR('',#4299,1.);
#357=VECTOR('',#4300,1.);
#358=VECTOR('',#4305,1.);
#359=VECTOR('',#4306,1.);
#360=VECTOR('',#4309,1.);
#361=VECTOR('',#4310,1.);
#362=VECTOR('',#4315,1.);
#363=VECTOR('',#4316,1.);
#364=VECTOR('',#4319,1.);
#365=VECTOR('',#4320,1.);
#366=VECTOR('',#4325,1.);
#367=VECTOR('',#4326,1.);
#368=VECTOR('',#4329,1.);
#369=VECTOR('',#4330,1.);
#370=VECTOR('',#4335,1.);
#371=VECTOR('',#4336,1.);
#372=VECTOR('',#4339,1.);
#373=VECTOR('',#4340,1.);
#374=VECTOR('',#4345,1.);
#375=VECTOR('',#4346,1.);
#376=VECTOR('',#4349,1.);
#377=VECTOR('',#4350,1.);
#378=VECTOR('',#4355,1.);
#379=VECTOR('',#4356,1.);
#380=VECTOR('',#4359,1.);
#381=VECTOR('',#4360,1.);
#382=VECTOR('',#4365,1.);
#383=VECTOR('',#4366,1.);
#384=VECTOR('',#4369,1.);
#385=VECTOR('',#4370,1.);
#386=VECTOR('',#4375,1.);
#387=VECTOR('',#4376,1.);
#388=VECTOR('',#4379,1.);
#389=VECTOR('',#4380,1.);
#390=VECTOR('',#4385,1.);
#391=VECTOR('',#4386,1.);
#392=VECTOR('',#4389,1.);
#393=VECTOR('',#4390,1.);
#394=VECTOR('',#4395,1.);
#395=VECTOR('',#4396,1.);
#396=VECTOR('',#4399,1.);
#397=VECTOR('',#4400,1.);
#398=VECTOR('',#4405,1.);
#399=VECTOR('',#4406,1.);
#400=VECTOR('',#4409,1.);
#401=VECTOR('',#4410,1.);
#402=VECTOR('',#4415,1.);
#403=VECTOR('',#4416,1.);
#404=VECTOR('',#4419,1.);
#405=VECTOR('',#4420,1.);
#406=VECTOR('',#4425,1.);
#407=VECTOR('',#4426,1.);
#408=VECTOR('',#4429,1.);
#409=VECTOR('',#4430,1.);
#410=CYLINDRICAL_SURFACE('',#3280,0.01025);
#411=CYLINDRICAL_SURFACE('',#3283,0.0016);
#412=CYLINDRICAL_SURFACE('',#3285,0.0016);
#413=CYLINDRICAL_SURFACE('',#3287,0.0016);
#414=CYLINDRICAL_SURFACE('',#3289,0.0016);
#415=CYLINDRICAL_SURFACE('',#3291,0.043);
#416=CYLINDRICAL_SURFACE('',#3300,0.044);
#417=CYLINDRICAL_SURFACE('',#3306,0.0385);
#418=CYLINDRICAL_SURFACE('',#3312,0.0475);
#419=CYLINDRICAL_SURFACE('',#3316,0.005);
#420=CYLINDRICAL_SURFACE('',#3318,0.005);
#421=CYLINDRICAL_SURFACE('',#3319,0.044);
#422=CYLINDRICAL_SURFACE('',#3325,0.0385);
#423=CYLINDRICAL_SURFACE('',#3331,0.0475);
#424=CYLINDRICAL_SURFACE('',#3335,0.005);
#425=CYLINDRICAL_SURFACE('',#3337,0.005);
#426=CYLINDRICAL_SURFACE('',#3338,0.044);
#427=CYLINDRICAL_SURFACE('',#3344,0.0385);
#428=CYLINDRICAL_SURFACE('',#3350,0.0475);
#429=CYLINDRICAL_SURFACE('',#3354,0.005);
#430=CYLINDRICAL_SURFACE('',#3356,0.005);
#431=CYLINDRICAL_SURFACE('',#3357,0.044);
#432=CYLINDRICAL_SURFACE('',#3363,0.0385);
#433=CYLINDRICAL_SURFACE('',#3369,0.0475);
#434=CYLINDRICAL_SURFACE('',#3373,0.005);
#435=CYLINDRICAL_SURFACE('',#3375,0.005);
#436=CYLINDRICAL_SURFACE('',#3376,0.044);
#437=CYLINDRICAL_SURFACE('',#3382,0.0385);
#438=CYLINDRICAL_SURFACE('',#3388,0.0475);
#439=CYLINDRICAL_SURFACE('',#3392,0.005);
#440=CYLINDRICAL_SURFACE('',#3394,0.005);
#441=CYLINDRICAL_SURFACE('',#3395,0.0166666666666666);
#442=CYLINDRICAL_SURFACE('',#3397,0.0166666666666666);
#443=CYLINDRICAL_SURFACE('',#3399,0.0166666666666666);
#444=CYLINDRICAL_SURFACE('',#3401,0.0166666666666666);
#445=CYLINDRICAL_SURFACE('',#3403,0.0166666666666666);
#446=CYLINDRICAL_SURFACE('',#3405,0.0166666666666666);
#447=CYLINDRICAL_SURFACE('',#3407,0.0166666666666666);
#448=CYLINDRICAL_SURFACE('',#3409,0.0166666666666666);
#449=CYLINDRICAL_SURFACE('',#3411,0.0166666666666666);
#450=CYLINDRICAL_SURFACE('',#3413,0.0166666666666666);
#451=CYLINDRICAL_SURFACE('',#3415,0.0166666666666666);
#452=CYLINDRICAL_SURFACE('',#3417,0.0166666666666666);
#453=CYLINDRICAL_SURFACE('',#3419,0.0166666666666666);
#454=CYLINDRICAL_SURFACE('',#3421,0.0166666666666666);
#455=CYLINDRICAL_SURFACE('',#3423,0.0166666666666666);
#456=CYLINDRICAL_SURFACE('',#3425,0.0166666666666666);
#457=CYLINDRICAL_SURFACE('',#3427,0.0166666666666666);
#458=CYLINDRICAL_SURFACE('',#3485,0.0166666666666666);
#459=CYLINDRICAL_SURFACE('',#3486,0.0129166666666608);
#460=CYLINDRICAL_SURFACE('',#3487,0.000670805845241424);
#461=CYLINDRICAL_SURFACE('',#3488,0.000670805845241424);
#462=CYLINDRICAL_SURFACE('',#3489,0.0129166666666608);
#463=CYLINDRICAL_SURFACE('',#3490,0.000670805845241424);
#464=CYLINDRICAL_SURFACE('',#3491,0.000670805845241424);
#465=CYLINDRICAL_SURFACE('',#3492,0.0129166666666608);
#466=CYLINDRICAL_SURFACE('',#3493,0.000670805845241424);
#467=CYLINDRICAL_SURFACE('',#3494,0.000670805845241424);
#468=CYLINDRICAL_SURFACE('',#3495,0.0129166666666608);
#469=CYLINDRICAL_SURFACE('',#3496,0.000670805845241424);
#470=CYLINDRICAL_SURFACE('',#3497,0.000670805845241424);
#471=CYLINDRICAL_SURFACE('',#3498,0.0129166666666608);
#472=CYLINDRICAL_SURFACE('',#3499,0.000670805845241424);
#473=CYLINDRICAL_SURFACE('',#3500,0.000670805845241424);
#474=CYLINDRICAL_SURFACE('',#3501,0.0129166666666608);
#475=CYLINDRICAL_SURFACE('',#3502,0.000670805845241424);
#476=CYLINDRICAL_SURFACE('',#3503,0.000670805845241424);
#477=CYLINDRICAL_SURFACE('',#3504,0.0129166666666608);
#478=CYLINDRICAL_SURFACE('',#3505,0.000670805845241424);
#479=CYLINDRICAL_SURFACE('',#3506,0.000670805845241424);
#480=CYLINDRICAL_SURFACE('',#3507,0.0129166666666608);
#481=CYLINDRICAL_SURFACE('',#3508,0.000670805845241424);
#482=CYLINDRICAL_SURFACE('',#3509,0.000670805845241424);
#483=CYLINDRICAL_SURFACE('',#3510,0.0129166666666608);
#484=CYLINDRICAL_SURFACE('',#3511,0.000670805845241424);
#485=CYLINDRICAL_SURFACE('',#3512,0.000670805845241424);
#486=CYLINDRICAL_SURFACE('',#3513,0.0129166666666608);
#487=CYLINDRICAL_SURFACE('',#3514,0.000670805845241424);
#488=CYLINDRICAL_SURFACE('',#3515,0.000670805845241424);
#489=CYLINDRICAL_SURFACE('',#3516,0.0129166666666608);
#490=CYLINDRICAL_SURFACE('',#3517,0.000670805845241424);
#491=CYLINDRICAL_SURFACE('',#3518,0.000670805845241424);
#492=CYLINDRICAL_SURFACE('',#3519,0.0129166666666608);
#493=CYLINDRICAL_SURFACE('',#3520,0.000670805845241424);
#494=CYLINDRICAL_SURFACE('',#3521,0.000670805845241424);
#495=CYLINDRICAL_SURFACE('',#3522,0.0129166666666608);
#496=CYLINDRICAL_SURFACE('',#3523,0.000670805845241424);
#497=CYLINDRICAL_SURFACE('',#3524,0.000670805845241424);
#498=CYLINDRICAL_SURFACE('',#3525,0.0129166666666608);
#499=CYLINDRICAL_SURFACE('',#3526,0.000670805845241424);
#500=CYLINDRICAL_SURFACE('',#3527,0.000670805845241424);
#501=CYLINDRICAL_SURFACE('',#3528,0.0129166666666608);
#502=CYLINDRICAL_SURFACE('',#3529,0.000670805845241424);
#503=CYLINDRICAL_SURFACE('',#3530,0.000670805845241424);
#504=CYLINDRICAL_SURFACE('',#3531,0.0129166666666608);
#505=CYLINDRICAL_SURFACE('',#3532,0.000670805845241424);
#506=CYLINDRICAL_SURFACE('',#3533,0.000670805845241424);
#507=CYLINDRICAL_SURFACE('',#3534,0.0129166666666608);
#508=CYLINDRICAL_SURFACE('',#3535,0.000670805845241424);
#509=CYLINDRICAL_SURFACE('',#3536,0.000670805845241424);
#510=CYLINDRICAL_SURFACE('',#3537,0.0129166666666608);
#511=CYLINDRICAL_SURFACE('',#3538,0.000670805845241424);
#512=CYLINDRICAL_SURFACE('',#3539,0.000670805845241424);
#513=B_SPLINE_CURVE_WITH_KNOTS('',3,(#4490,#4491,#4492,#4493,#4494,#4495,
#4496,#4497,#4498,#4499,#4500,#4501,#4502,#4503,#4504,#4505,#4506,#4507,
#4508,#4509,#4510,#4511,#4512,#4513,#4514,#4515,#4516,#4517,#4518,#4519,
#4520,#4521,#4522,#4523,#4524),.UNSPECIFIED.,.F.,.F.,(4,1,1,1,1,1,1,1,1,
1,1,1,1,1,1,1,1,1,1,1,1,1,1,1,1,1,1,1,1,1,1,1,4),(0.,0.107626156441442,
0.116731661278873,0.128486815154898,0.142395700036577,0.158166892716714,
0.175602602057852,0.194557216347194,0.214917738100317,0.23659316865271,
0.259508179747131,0.283599073824856,0.308811067431172,0.33509638778013,
0.362412893965382,0.390723050350557,0.419993144285972,0.450192678114564,
0.481293888508613,0.513271360774479,0.546101715281823,0.579763349550858,
0.614236223905408,0.649501681663423,0.685542297023231,0.72234174539079,
0.759884692062706,0.798156696053524,0.837144126516999,0.876834089717067,
0.917214364895772,0.958273347691246,0.981061949686141),.UNSPECIFIED.);
#514=B_SPLINE_CURVE_WITH_KNOTS('',3,(#4528,#4529,#4530,#4531,#4532,#4533,
#4534,#4535,#4536,#4537,#4538,#4539,#4540,#4541,#4542,#4543,#4544,#4545,
#4546,#4547,#4548,#4549,#4550,#4551,#4552,#4553,#4554,#4555,#4556,#4557,
#4558,#4559,#4560,#4561,#4562),.UNSPECIFIED.,.F.,.F.,(4,1,1,1,1,1,1,1,1,
1,1,1,1,1,1,1,1,1,1,1,1,1,1,1,1,1,1,1,1,1,1,1,4),(0.,0.107626156441442,
0.116731661278873,0.128486815154898,0.142395700036577,0.158166892716714,
0.175602602057852,0.194557216347194,0.214917738100317,0.23659316865271,
0.259508179747131,0.283599073824856,0.308811067431172,0.33509638778013,
0.362412893965382,0.390723050350557,0.419993144285972,0.450192678114564,
0.481293888508613,0.513271360774479,0.546101715281823,0.579763349550858,
0.614236223905408,0.649501681663423,0.685542297023231,0.72234174539079,
0.759884692062706,0.798156696053524,0.837144126516999,0.876834089717067,
0.917214364895772,0.958273347691246,0.981061949686139),.UNSPECIFIED.);
#515=B_SPLINE_CURVE_WITH_KNOTS('',3,(#4570,#4571,#4572,#4573,#4574,#4575,
#4576,#4577,#4578,#4579,#4580,#4581,#4582,#4583,#4584,#4585,#4586,#4587,
#4588,#4589,#4590,#4591,#4592,#4593,#4594,#4595,#4596,#4597,#4598,#4599,
#4600,#4601,#4602,#4603,#4604),.UNSPECIFIED.,.F.,.F.,(4,1,1,1,1,1,1,1,1,
1,1,1,1,1,1,1,1,1,1,1,1,1,1,1,1,1,1,1,1,1,1,1,4),(0.,0.107626156441442,
0.116731661278873,0.128486815154898,0.142395700036577,0.158166892716714,
0.175602602057852,0.194557216347194,0.214917738100317,0.23659316865271,
0.259508179747131,0.283599073824856,0.308811067431172,0.33509638778013,
0.362412893965382,0.390723050350557,0.419993144285972,0.450192678114564,
0.481293888508613,0.513271360774479,0.546101715281823,0.579763349550858,
0.614236223905408,0.649501681663423,0.685542297023231,0.72234174539079,
0.759884692062706,0.798156696053524,0.837144126516999,0.876834089717067,
0.917214364895772,0.958273347691246,0.981061949686141),.UNSPECIFIED.);
#516=B_SPLINE_CURVE_WITH_KNOTS('',3,(#4608,#4609,#4610,#4611,#4612,#4613,
#4614,#4615,#4616,#4617,#4618,#4619,#4620,#4621,#4622,#4623,#4624,#4625,
#4626,#4627,#4628,#4629,#4630,#4631,#4632,#4633,#4634,#4635,#4636,#4637,
#4638,#4639,#4640,#4641,#4642),.UNSPECIFIED.,.F.,.F.,(4,1,1,1,1,1,1,1,1,
1,1,1,1,1,1,1,1,1,1,1,1,1,1,1,1,1,1,1,1,1,1,1,4),(0.,0.107626156441442,
0.116731661278873,0.128486815154898,0.142395700036577,0.158166892716714,
0.175602602057852,0.194557216347194,0.214917738100317,0.23659316865271,
0.259508179747131,0.283599073824856,0.308811067431172,0.33509638778013,
0.362412893965382,0.390723050350557,0.419993144285972,0.450192678114564,
0.481293888508613,0.513271360774479,0.546101715281823,0.579763349550858,
0.614236223905408,0.649501681663423,0.685542297023231,0.72234174539079,
0.759884692062706,0.798156696053524,0.837144126516999,0.876834089717067,
0.917214364895772,0.958273347691246,0.981061949686139),.UNSPECIFIED.);
#517=B_SPLINE_CURVE_WITH_KNOTS('',3,(#4650,#4651,#4652,#4653,#4654,#4655,
#4656,#4657,#4658,#4659,#4660,#4661,#4662,#4663,#4664,#4665,#4666,#4667,
#4668,#4669,#4670,#4671,#4672,#4673,#4674,#4675,#4676,#4677,#4678,#4679,
#4680,#4681,#4682,#4683,#4684),.UNSPECIFIED.,.F.,.F.,(4,1,1,1,1,1,1,1,1,
1,1,1,1,1,1,1,1,1,1,1,1,1,1,1,1,1,1,1,1,1,1,1,4),(0.,0.107626156441442,
0.116731661278873,0.128486815154898,0.142395700036577,0.158166892716714,
0.175602602057852,0.194557216347194,0.214917738100317,0.23659316865271,
0.259508179747131,0.283599073824856,0.308811067431172,0.33509638778013,
0.362412893965382,0.390723050350557,0.419993144285972,0.450192678114564,
0.481293888508613,0.513271360774479,0.546101715281823,0.579763349550858,
0.614236223905408,0.649501681663423,0.685542297023231,0.72234174539079,
0.759884692062706,0.798156696053524,0.837144126516999,0.876834089717067,
0.917214364895772,0.958273347691246,0.981061949686141),.UNSPECIFIED.);
#518=B_SPLINE_CURVE_WITH_KNOTS('',3,(#4688,#4689,#4690,#4691,#4692,#4693,
#4694,#4695,#4696,#4697,#4698,#4699,#4700,#4701,#4702,#4703,#4704,#4705,
#4706,#4707,#4708,#4709,#4710,#4711,#4712,#4713,#4714,#4715,#4716,#4717,
#4718,#4719,#4720,#4721,#4722),.UNSPECIFIED.,.F.,.F.,(4,1,1,1,1,1,1,1,1,
1,1,1,1,1,1,1,1,1,1,1,1,1,1,1,1,1,1,1,1,1,1,1,4),(0.,0.107626156441442,
0.116731661278873,0.128486815154898,0.142395700036577,0.158166892716714,
0.175602602057852,0.194557216347194,0.214917738100317,0.23659316865271,
0.259508179747131,0.283599073824856,0.308811067431172,0.33509638778013,
0.362412893965382,0.390723050350557,0.419993144285972,0.450192678114564,
0.481293888508613,0.513271360774479,0.546101715281823,0.579763349550858,
0.614236223905408,0.649501681663423,0.685542297023231,0.72234174539079,
0.759884692062706,0.798156696053524,0.837144126516999,0.876834089717067,
0.917214364895772,0.958273347691246,0.981061949686139),.UNSPECIFIED.);
#519=B_SPLINE_CURVE_WITH_KNOTS('',3,(#4730,#4731,#4732,#4733,#4734,#4735,
#4736,#4737,#4738,#4739,#4740,#4741,#4742,#4743,#4744,#4745,#4746,#4747,
#4748,#4749,#4750,#4751,#4752,#4753,#4754,#4755,#4756,#4757,#4758,#4759,
#4760,#4761,#4762,#4763,#4764),.UNSPECIFIED.,.F.,.F.,(4,1,1,1,1,1,1,1,1,
1,1,1,1,1,1,1,1,1,1,1,1,1,1,1,1,1,1,1,1,1,1,1,4),(0.,0.107626156441442,
0.116731661278873,0.128486815154898,0.142395700036577,0.158166892716714,
0.175602602057852,0.194557216347194,0.214917738100317,0.23659316865271,
0.259508179747131,0.283599073824856,0.308811067431172,0.33509638778013,
0.362412893965382,0.390723050350557,0.419993144285972,0.450192678114564,
0.481293888508613,0.513271360774479,0.546101715281823,0.579763349550858,
0.614236223905408,0.649501681663423,0.685542297023231,0.72234174539079,
0.759884692062706,0.798156696053524,0.837144126516999,0.876834089717067,
0.917214364895772,0.958273347691246,0.981061949686141),.UNSPECIFIED.);
#520=B_SPLINE_CURVE_WITH_KNOTS('',3,(#4768,#4769,#4770,#4771,#4772,#4773,
#4774,#4775,#4776,#4777,#4778,#4779,#4780,#4781,#4782,#4783,#4784,#4785,
#4786,#4787,#4788,#4789,#4790,#4791,#4792,#4793,#4794,#4795,#4796,#4797,
#4798,#4799,#4800,#4801,#4802),.UNSPECIFIED.,.F.,.F.,(4,1,1,1,1,1,1,1,1,
1,1,1,1,1,1,1,1,1,1,1,1,1,1,1,1,1,1,1,1,1,1,1,4),(0.,0.107626156441442,
0.116731661278873,0.128486815154898,0.142395700036577,0.158166892716714,
0.175602602057852,0.194557216347194,0.214917738100317,0.23659316865271,
0.259508179747131,0.283599073824856,0.308811067431172,0.33509638778013,
0.362412893965382,0.390723050350557,0.419993144285972,0.450192678114564,
0.481293888508613,0.513271360774479,0.546101715281823,0.579763349550858,
0.614236223905408,0.649501681663423,0.685542297023231,0.72234174539079,
0.759884692062706,0.798156696053524,0.837144126516999,0.876834089717067,
0.917214364895772,0.958273347691246,0.981061949686139),.UNSPECIFIED.);
#521=B_SPLINE_CURVE_WITH_KNOTS('',3,(#4810,#4811,#4812,#4813,#4814,#4815,
#4816,#4817,#4818,#4819,#4820,#4821,#4822,#4823,#4824,#4825,#4826,#4827,
#4828,#4829,#4830,#4831,#4832,#4833,#4834,#4835,#4836,#4837,#4838,#4839,
#4840,#4841,#4842,#4843,#4844),.UNSPECIFIED.,.F.,.F.,(4,1,1,1,1,1,1,1,1,
1,1,1,1,1,1,1,1,1,1,1,1,1,1,1,1,1,1,1,1,1,1,1,4),(0.,0.107626156441442,
0.116731661278873,0.128486815154898,0.142395700036577,0.158166892716714,
0.175602602057852,0.194557216347194,0.214917738100317,0.23659316865271,
0.259508179747131,0.283599073824856,0.308811067431172,0.33509638778013,
0.362412893965382,0.390723050350557,0.419993144285972,0.450192678114564,
0.481293888508613,0.513271360774479,0.546101715281823,0.579763349550858,
0.614236223905408,0.649501681663423,0.685542297023231,0.72234174539079,
0.759884692062706,0.798156696053524,0.837144126516999,0.876834089717067,
0.917214364895772,0.958273347691246,0.981061949686141),.UNSPECIFIED.);
#522=B_SPLINE_CURVE_WITH_KNOTS('',3,(#4848,#4849,#4850,#4851,#4852,#4853,
#4854,#4855,#4856,#4857,#4858,#4859,#4860,#4861,#4862,#4863,#4864,#4865,
#4866,#4867,#4868,#4869,#4870,#4871,#4872,#4873,#4874,#4875,#4876,#4877,
#4878,#4879,#4880,#4881,#4882),.UNSPECIFIED.,.F.,.F.,(4,1,1,1,1,1,1,1,1,
1,1,1,1,1,1,1,1,1,1,1,1,1,1,1,1,1,1,1,1,1,1,1,4),(0.,0.107626156441442,
0.116731661278873,0.128486815154898,0.142395700036577,0.158166892716714,
0.175602602057852,0.194557216347194,0.214917738100317,0.23659316865271,
0.259508179747131,0.283599073824856,0.308811067431172,0.33509638778013,
0.362412893965382,0.390723050350557,0.419993144285972,0.450192678114564,
0.481293888508613,0.513271360774479,0.546101715281823,0.579763349550858,
0.614236223905408,0.649501681663423,0.685542297023231,0.72234174539079,
0.759884692062706,0.798156696053524,0.837144126516999,0.876834089717067,
0.917214364895772,0.958273347691246,0.981061949686139),.UNSPECIFIED.);
#523=B_SPLINE_CURVE_WITH_KNOTS('',3,(#4890,#4891,#4892,#4893,#4894,#4895,
#4896,#4897,#4898,#4899,#4900,#4901,#4902,#4903,#4904,#4905,#4906,#4907,
#4908,#4909,#4910,#4911,#4912,#4913,#4914,#4915,#4916,#4917,#4918,#4919,
#4920,#4921,#4922,#4923,#4924),.UNSPECIFIED.,.F.,.F.,(4,1,1,1,1,1,1,1,1,
1,1,1,1,1,1,1,1,1,1,1,1,1,1,1,1,1,1,1,1,1,1,1,4),(0.,0.107626156441442,
0.116731661278873,0.128486815154898,0.142395700036577,0.158166892716714,
0.175602602057852,0.194557216347194,0.214917738100317,0.23659316865271,
0.259508179747131,0.283599073824856,0.308811067431172,0.33509638778013,
0.362412893965382,0.390723050350557,0.419993144285972,0.450192678114564,
0.481293888508613,0.513271360774479,0.546101715281823,0.579763349550858,
0.614236223905408,0.649501681663423,0.685542297023231,0.72234174539079,
0.759884692062706,0.798156696053524,0.837144126516999,0.876834089717067,
0.917214364895772,0.958273347691246,0.981061949686141),.UNSPECIFIED.);
#524=B_SPLINE_CURVE_WITH_KNOTS('',3,(#4928,#4929,#4930,#4931,#4932,#4933,
#4934,#4935,#4936,#4937,#4938,#4939,#4940,#4941,#4942,#4943,#4944,#4945,
#4946,#4947,#4948,#4949,#4950,#4951,#4952,#4953,#4954,#4955,#4956,#4957,
#4958,#4959,#4960,#4961,#4962),.UNSPECIFIED.,.F.,.F.,(4,1,1,1,1,1,1,1,1,
1,1,1,1,1,1,1,1,1,1,1,1,1,1,1,1,1,1,1,1,1,1,1,4),(0.,0.107626156441442,
0.116731661278873,0.128486815154898,0.142395700036577,0.158166892716714,
0.175602602057852,0.194557216347194,0.214917738100317,0.23659316865271,
0.259508179747131,0.283599073824856,0.308811067431172,0.33509638778013,
0.362412893965382,0.390723050350557,0.419993144285972,0.450192678114564,
0.481293888508613,0.513271360774479,0.546101715281823,0.579763349550858,
0.614236223905408,0.649501681663423,0.685542297023231,0.72234174539079,
0.759884692062706,0.798156696053524,0.837144126516999,0.876834089717067,
0.917214364895772,0.958273347691246,0.981061949686139),.UNSPECIFIED.);
#525=B_SPLINE_CURVE_WITH_KNOTS('',3,(#4970,#4971,#4972,#4973,#4974,#4975,
#4976,#4977,#4978,#4979,#4980,#4981,#4982,#4983,#4984,#4985,#4986,#4987,
#4988,#4989,#4990,#4991,#4992,#4993,#4994,#4995,#4996,#4997,#4998,#4999,
#5000,#5001,#5002,#5003,#5004),.UNSPECIFIED.,.F.,.F.,(4,1,1,1,1,1,1,1,1,
1,1,1,1,1,1,1,1,1,1,1,1,1,1,1,1,1,1,1,1,1,1,1,4),(0.,0.107626156441442,
0.116731661278873,0.128486815154898,0.142395700036577,0.158166892716714,
0.175602602057852,0.194557216347194,0.214917738100317,0.23659316865271,
0.259508179747131,0.283599073824856,0.308811067431172,0.33509638778013,
0.362412893965382,0.390723050350557,0.419993144285972,0.450192678114564,
0.481293888508613,0.513271360774479,0.546101715281823,0.579763349550858,
0.614236223905408,0.649501681663423,0.685542297023231,0.72234174539079,
0.759884692062706,0.798156696053524,0.837144126516999,0.876834089717067,
0.917214364895772,0.958273347691246,0.981061949686141),.UNSPECIFIED.);
#526=B_SPLINE_CURVE_WITH_KNOTS('',3,(#5008,#5009,#5010,#5011,#5012,#5013,
#5014,#5015,#5016,#5017,#5018,#5019,#5020,#5021,#5022,#5023,#5024,#5025,
#5026,#5027,#5028,#5029,#5030,#5031,#5032,#5033,#5034,#5035,#5036,#5037,
#5038,#5039,#5040,#5041,#5042),.UNSPECIFIED.,.F.,.F.,(4,1,1,1,1,1,1,1,1,
1,1,1,1,1,1,1,1,1,1,1,1,1,1,1,1,1,1,1,1,1,1,1,4),(0.,0.107626156441442,
0.116731661278873,0.128486815154898,0.142395700036577,0.158166892716714,
0.175602602057852,0.194557216347194,0.214917738100317,0.23659316865271,
0.259508179747131,0.283599073824856,0.308811067431172,0.33509638778013,
0.362412893965382,0.390723050350557,0.419993144285972,0.450192678114564,
0.481293888508613,0.513271360774479,0.546101715281823,0.579763349550858,
0.614236223905408,0.649501681663423,0.685542297023231,0.72234174539079,
0.759884692062706,0.798156696053524,0.837144126516999,0.876834089717067,
0.917214364895772,0.958273347691246,0.981061949686139),.UNSPECIFIED.);
#527=B_SPLINE_CURVE_WITH_KNOTS('',3,(#5050,#5051,#5052,#5053,#5054,#5055,
#5056,#5057,#5058,#5059,#5060,#5061,#5062,#5063,#5064,#5065,#5066,#5067,
#5068,#5069,#5070,#5071,#5072,#5073,#5074,#5075,#5076,#5077,#5078,#5079,
#5080,#5081,#5082,#5083,#5084),.UNSPECIFIED.,.F.,.F.,(4,1,1,1,1,1,1,1,1,
1,1,1,1,1,1,1,1,1,1,1,1,1,1,1,1,1,1,1,1,1,1,1,4),(0.,0.107626156441442,
0.116731661278873,0.128486815154898,0.142395700036577,0.158166892716714,
0.175602602057852,0.194557216347194,0.214917738100317,0.23659316865271,
0.259508179747131,0.283599073824856,0.308811067431172,0.33509638778013,
0.362412893965382,0.390723050350557,0.419993144285972,0.450192678114564,
0.481293888508613,0.513271360774479,0.546101715281823,0.579763349550858,
0.614236223905408,0.649501681663423,0.685542297023231,0.72234174539079,
0.759884692062706,0.798156696053524,0.837144126516999,0.876834089717067,
0.917214364895772,0.958273347691246,0.981061949686141),.UNSPECIFIED.);
#528=B_SPLINE_CURVE_WITH_KNOTS('',3,(#5088,#5089,#5090,#5091,#5092,#5093,
#5094,#5095,#5096,#5097,#5098,#5099,#5100,#5101,#5102,#5103,#5104,#5105,
#5106,#5107,#5108,#5109,#5110,#5111,#5112,#5113,#5114,#5115,#5116,#5117,
#5118,#5119,#5120,#5121,#5122),.UNSPECIFIED.,.F.,.F.,(4,1,1,1,1,1,1,1,1,
1,1,1,1,1,1,1,1,1,1,1,1,1,1,1,1,1,1,1,1,1,1,1,4),(0.,0.107626156441442,
0.116731661278873,0.128486815154898,0.142395700036577,0.158166892716714,
0.175602602057852,0.194557216347194,0.214917738100317,0.23659316865271,
0.259508179747131,0.283599073824856,0.308811067431172,0.33509638778013,
0.362412893965382,0.390723050350557,0.419993144285972,0.450192678114564,
0.481293888508613,0.513271360774479,0.546101715281823,0.579763349550858,
0.614236223905408,0.649501681663423,0.685542297023231,0.72234174539079,
0.759884692062706,0.798156696053524,0.837144126516999,0.876834089717067,
0.917214364895772,0.958273347691246,0.981061949686139),.UNSPECIFIED.);
#529=B_SPLINE_CURVE_WITH_KNOTS('',3,(#5130,#5131,#5132,#5133,#5134,#5135,
#5136,#5137,#5138,#5139,#5140,#5141,#5142,#5143,#5144,#5145,#5146,#5147,
#5148,#5149,#5150,#5151,#5152,#5153,#5154,#5155,#5156,#5157,#5158,#5159,
#5160,#5161,#5162,#5163,#5164),.UNSPECIFIED.,.F.,.F.,(4,1,1,1,1,1,1,1,1,
1,1,1,1,1,1,1,1,1,1,1,1,1,1,1,1,1,1,1,1,1,1,1,4),(0.,0.107626156441442,
0.116731661278873,0.128486815154898,0.142395700036577,0.158166892716714,
0.175602602057852,0.194557216347194,0.214917738100317,0.23659316865271,
0.259508179747131,0.283599073824856,0.308811067431172,0.33509638778013,
0.362412893965382,0.390723050350557,0.419993144285972,0.450192678114564,
0.481293888508613,0.513271360774479,0.546101715281823,0.579763349550858,
0.614236223905408,0.649501681663423,0.685542297023231,0.72234174539079,
0.759884692062706,0.798156696053524,0.837144126516999,0.876834089717067,
0.917214364895772,0.958273347691246,0.981061949686141),.UNSPECIFIED.);
#530=B_SPLINE_CURVE_WITH_KNOTS('',3,(#5168,#5169,#5170,#5171,#5172,#5173,
#5174,#5175,#5176,#5177,#5178,#5179,#5180,#5181,#5182,#5183,#5184,#5185,
#5186,#5187,#5188,#5189,#5190,#5191,#5192,#5193,#5194,#5195,#5196,#5197,
#5198,#5199,#5200,#5201,#5202),.UNSPECIFIED.,.F.,.F.,(4,1,1,1,1,1,1,1,1,
1,1,1,1,1,1,1,1,1,1,1,1,1,1,1,1,1,1,1,1,1,1,1,4),(0.,0.107626156441442,
0.116731661278873,0.128486815154898,0.142395700036577,0.158166892716714,
0.175602602057852,0.194557216347194,0.214917738100317,0.23659316865271,
0.259508179747131,0.283599073824856,0.308811067431172,0.33509638778013,
0.362412893965382,0.390723050350557,0.419993144285972,0.450192678114564,
0.481293888508613,0.513271360774479,0.546101715281823,0.579763349550858,
0.614236223905408,0.649501681663423,0.685542297023231,0.72234174539079,
0.759884692062706,0.798156696053524,0.837144126516999,0.876834089717067,
0.917214364895772,0.958273347691246,0.981061949686139),.UNSPECIFIED.);
#531=B_SPLINE_CURVE_WITH_KNOTS('',3,(#5210,#5211,#5212,#5213,#5214,#5215,
#5216,#5217,#5218,#5219,#5220,#5221,#5222,#5223,#5224,#5225,#5226,#5227,
#5228,#5229,#5230,#5231,#5232,#5233,#5234,#5235,#5236,#5237,#5238,#5239,
#5240,#5241,#5242,#5243,#5244),.UNSPECIFIED.,.F.,.F.,(4,1,1,1,1,1,1,1,1,
1,1,1,1,1,1,1,1,1,1,1,1,1,1,1,1,1,1,1,1,1,1,1,4),(0.,0.107626156441442,
0.116731661278873,0.128486815154898,0.142395700036577,0.158166892716714,
0.175602602057852,0.194557216347194,0.214917738100317,0.23659316865271,
0.259508179747131,0.283599073824856,0.308811067431172,0.33509638778013,
0.362412893965382,0.390723050350557,0.419993144285972,0.450192678114564,
0.481293888508613,0.513271360774479,0.546101715281823,0.579763349550858,
0.614236223905408,0.649501681663423,0.685542297023231,0.72234174539079,
0.759884692062706,0.798156696053524,0.837144126516999,0.876834089717067,
0.917214364895772,0.958273347691246,0.981061949686141),.UNSPECIFIED.);
#532=B_SPLINE_CURVE_WITH_KNOTS('',3,(#5248,#5249,#5250,#5251,#5252,#5253,
#5254,#5255,#5256,#5257,#5258,#5259,#5260,#5261,#5262,#5263,#5264,#5265,
#5266,#5267,#5268,#5269,#5270,#5271,#5272,#5273,#5274,#5275,#5276,#5277,
#5278,#5279,#5280,#5281,#5282),.UNSPECIFIED.,.F.,.F.,(4,1,1,1,1,1,1,1,1,
1,1,1,1,1,1,1,1,1,1,1,1,1,1,1,1,1,1,1,1,1,1,1,4),(0.,0.107626156441442,
0.116731661278873,0.128486815154898,0.142395700036577,0.158166892716714,
0.175602602057852,0.194557216347194,0.214917738100317,0.23659316865271,
0.259508179747131,0.283599073824856,0.308811067431172,0.33509638778013,
0.362412893965382,0.390723050350557,0.419993144285972,0.450192678114564,
0.481293888508613,0.513271360774479,0.546101715281823,0.579763349550858,
0.614236223905408,0.649501681663423,0.685542297023231,0.72234174539079,
0.759884692062706,0.798156696053524,0.837144126516999,0.876834089717067,
0.917214364895772,0.958273347691246,0.981061949686139),.UNSPECIFIED.);
#533=B_SPLINE_CURVE_WITH_KNOTS('',3,(#5290,#5291,#5292,#5293,#5294,#5295,
#5296,#5297,#5298,#5299,#5300,#5301,#5302,#5303,#5304,#5305,#5306,#5307,
#5308,#5309,#5310,#5311,#5312,#5313,#5314,#5315,#5316,#5317,#5318,#5319,
#5320,#5321,#5322,#5323,#5324),.UNSPECIFIED.,.F.,.F.,(4,1,1,1,1,1,1,1,1,
1,1,1,1,1,1,1,1,1,1,1,1,1,1,1,1,1,1,1,1,1,1,1,4),(0.,0.107626156441442,
0.116731661278873,0.128486815154898,0.142395700036577,0.158166892716714,
0.175602602057852,0.194557216347194,0.214917738100317,0.23659316865271,
0.259508179747131,0.283599073824856,0.308811067431172,0.33509638778013,
0.362412893965382,0.390723050350557,0.419993144285972,0.450192678114564,
0.481293888508613,0.513271360774479,0.546101715281823,0.579763349550858,
0.614236223905408,0.649501681663423,0.685542297023231,0.72234174539079,
0.759884692062706,0.798156696053524,0.837144126516999,0.876834089717067,
0.917214364895772,0.958273347691246,0.981061949686141),.UNSPECIFIED.);
#534=B_SPLINE_CURVE_WITH_KNOTS('',3,(#5328,#5329,#5330,#5331,#5332,#5333,
#5334,#5335,#5336,#5337,#5338,#5339,#5340,#5341,#5342,#5343,#5344,#5345,
#5346,#5347,#5348,#5349,#5350,#5351,#5352,#5353,#5354,#5355,#5356,#5357,
#5358,#5359,#5360,#5361,#5362),.UNSPECIFIED.,.F.,.F.,(4,1,1,1,1,1,1,1,1,
1,1,1,1,1,1,1,1,1,1,1,1,1,1,1,1,1,1,1,1,1,1,1,4),(0.,0.107626156441442,
0.116731661278873,0.128486815154898,0.142395700036577,0.158166892716714,
0.175602602057852,0.194557216347194,0.214917738100317,0.23659316865271,
0.259508179747131,0.283599073824856,0.308811067431172,0.33509638778013,
0.362412893965382,0.390723050350557,0.419993144285972,0.450192678114564,
0.481293888508613,0.513271360774479,0.546101715281823,0.579763349550858,
0.614236223905408,0.649501681663423,0.685542297023231,0.72234174539079,
0.759884692062706,0.798156696053524,0.837144126516999,0.876834089717067,
0.917214364895772,0.958273347691246,0.981061949686139),.UNSPECIFIED.);
#535=B_SPLINE_CURVE_WITH_KNOTS('',3,(#5370,#5371,#5372,#5373,#5374,#5375,
#5376,#5377,#5378,#5379,#5380,#5381,#5382,#5383,#5384,#5385,#5386,#5387,
#5388,#5389,#5390,#5391,#5392,#5393,#5394,#5395,#5396,#5397,#5398,#5399,
#5400,#5401,#5402,#5403,#5404),.UNSPECIFIED.,.F.,.F.,(4,1,1,1,1,1,1,1,1,
1,1,1,1,1,1,1,1,1,1,1,1,1,1,1,1,1,1,1,1,1,1,1,4),(0.,0.107626156441442,
0.116731661278873,0.128486815154898,0.142395700036577,0.158166892716714,
0.175602602057852,0.194557216347194,0.214917738100317,0.23659316865271,
0.259508179747131,0.283599073824856,0.308811067431172,0.33509638778013,
0.362412893965382,0.390723050350557,0.419993144285972,0.450192678114564,
0.481293888508613,0.513271360774479,0.546101715281823,0.579763349550858,
0.614236223905408,0.649501681663423,0.685542297023231,0.72234174539079,
0.759884692062706,0.798156696053524,0.837144126516999,0.876834089717067,
0.917214364895772,0.958273347691246,0.981061949686141),.UNSPECIFIED.);
#536=B_SPLINE_CURVE_WITH_KNOTS('',3,(#5408,#5409,#5410,#5411,#5412,#5413,
#5414,#5415,#5416,#5417,#5418,#5419,#5420,#5421,#5422,#5423,#5424,#5425,
#5426,#5427,#5428,#5429,#5430,#5431,#5432,#5433,#5434,#5435,#5436,#5437,
#5438,#5439,#5440,#5441,#5442),.UNSPECIFIED.,.F.,.F.,(4,1,1,1,1,1,1,1,1,
1,1,1,1,1,1,1,1,1,1,1,1,1,1,1,1,1,1,1,1,1,1,1,4),(0.,0.107626156441442,
0.116731661278873,0.128486815154898,0.142395700036577,0.158166892716714,
0.175602602057852,0.194557216347194,0.214917738100317,0.23659316865271,
0.259508179747131,0.283599073824856,0.308811067431172,0.33509638778013,
0.362412893965382,0.390723050350557,0.419993144285972,0.450192678114564,
0.481293888508613,0.513271360774479,0.546101715281823,0.579763349550858,
0.614236223905408,0.649501681663423,0.685542297023231,0.72234174539079,
0.759884692062706,0.798156696053524,0.837144126516999,0.876834089717067,
0.917214364895772,0.958273347691246,0.981061949686139),.UNSPECIFIED.);
#537=B_SPLINE_CURVE_WITH_KNOTS('',3,(#5450,#5451,#5452,#5453,#5454,#5455,
#5456,#5457,#5458,#5459,#5460,#5461,#5462,#5463,#5464,#5465,#5466,#5467,
#5468,#5469,#5470,#5471,#5472,#5473,#5474,#5475,#5476,#5477,#5478,#5479,
#5480,#5481,#5482,#5483,#5484),.UNSPECIFIED.,.F.,.F.,(4,1,1,1,1,1,1,1,1,
1,1,1,1,1,1,1,1,1,1,1,1,1,1,1,1,1,1,1,1,1,1,1,4),(0.,0.107626156441442,
0.116731661278873,0.128486815154898,0.142395700036577,0.158166892716714,
0.175602602057852,0.194557216347194,0.214917738100317,0.23659316865271,
0.259508179747131,0.283599073824856,0.308811067431172,0.33509638778013,
0.362412893965382,0.390723050350557,0.419993144285972,0.450192678114564,
0.481293888508613,0.513271360774479,0.546101715281823,0.579763349550858,
0.614236223905408,0.649501681663423,0.685542297023231,0.72234174539079,
0.759884692062706,0.798156696053524,0.837144126516999,0.876834089717067,
0.917214364895772,0.958273347691246,0.981061949686141),.UNSPECIFIED.);
#538=B_SPLINE_CURVE_WITH_KNOTS('',3,(#5488,#5489,#5490,#5491,#5492,#5493,
#5494,#5495,#5496,#5497,#5498,#5499,#5500,#5501,#5502,#5503,#5504,#5505,
#5506,#5507,#5508,#5509,#5510,#5511,#5512,#5513,#5514,#5515,#5516,#5517,
#5518,#5519,#5520,#5521,#5522),.UNSPECIFIED.,.F.,.F.,(4,1,1,1,1,1,1,1,1,
1,1,1,1,1,1,1,1,1,1,1,1,1,1,1,1,1,1,1,1,1,1,1,4),(0.,0.107626156441442,
0.116731661278873,0.128486815154898,0.142395700036577,0.158166892716714,
0.175602602057852,0.194557216347194,0.214917738100317,0.23659316865271,
0.259508179747131,0.283599073824856,0.308811067431172,0.33509638778013,
0.362412893965382,0.390723050350557,0.419993144285972,0.450192678114564,
0.481293888508613,0.513271360774479,0.546101715281823,0.579763349550858,
0.614236223905408,0.649501681663423,0.685542297023231,0.72234174539079,
0.759884692062706,0.798156696053524,0.837144126516999,0.876834089717067,
0.917214364895772,0.958273347691246,0.981061949686139),.UNSPECIFIED.);
#539=B_SPLINE_CURVE_WITH_KNOTS('',3,(#5530,#5531,#5532,#5533,#5534,#5535,
#5536,#5537,#5538,#5539,#5540,#5541,#5542,#5543,#5544,#5545,#5546,#5547,
#5548,#5549,#5550,#5551,#5552,#5553,#5554,#5555,#5556,#5557,#5558,#5559,
#5560,#5561,#5562,#5563,#5564),.UNSPECIFIED.,.F.,.F.,(4,1,1,1,1,1,1,1,1,
1,1,1,1,1,1,1,1,1,1,1,1,1,1,1,1,1,1,1,1,1,1,1,4),(0.,0.107626156441442,
0.116731661278873,0.128486815154898,0.142395700036577,0.158166892716714,
0.175602602057852,0.194557216347194,0.214917738100317,0.23659316865271,
0.259508179747131,0.283599073824856,0.308811067431172,0.33509638778013,
0.362412893965382,0.390723050350557,0.419993144285972,0.450192678114564,
0.481293888508613,0.513271360774479,0.546101715281823,0.579763349550858,
0.614236223905408,0.649501681663423,0.685542297023231,0.72234174539079,
0.759884692062706,0.798156696053524,0.837144126516999,0.876834089717067,
0.917214364895772,0.958273347691246,0.981061949686141),.UNSPECIFIED.);
#540=B_SPLINE_CURVE_WITH_KNOTS('',3,(#5568,#5569,#5570,#5571,#5572,#5573,
#5574,#5575,#5576,#5577,#5578,#5579,#5580,#5581,#5582,#5583,#5584,#5585,
#5586,#5587,#5588,#5589,#5590,#5591,#5592,#5593,#5594,#5595,#5596,#5597,
#5598,#5599,#5600,#5601,#5602),.UNSPECIFIED.,.F.,.F.,(4,1,1,1,1,1,1,1,1,
1,1,1,1,1,1,1,1,1,1,1,1,1,1,1,1,1,1,1,1,1,1,1,4),(0.,0.107626156441442,
0.116731661278873,0.128486815154898,0.142395700036577,0.158166892716714,
0.175602602057852,0.194557216347194,0.214917738100317,0.23659316865271,
0.259508179747131,0.283599073824856,0.308811067431172,0.33509638778013,
0.362412893965382,0.390723050350557,0.419993144285972,0.450192678114564,
0.481293888508613,0.513271360774479,0.546101715281823,0.579763349550858,
0.614236223905408,0.649501681663423,0.685542297023231,0.72234174539079,
0.759884692062706,0.798156696053524,0.837144126516999,0.876834089717067,
0.917214364895772,0.958273347691246,0.981061949686139),.UNSPECIFIED.);
#541=B_SPLINE_CURVE_WITH_KNOTS('',3,(#5610,#5611,#5612,#5613,#5614,#5615,
#5616,#5617,#5618,#5619,#5620,#5621,#5622,#5623,#5624,#5625,#5626,#5627,
#5628,#5629,#5630,#5631,#5632,#5633,#5634,#5635,#5636,#5637,#5638,#5639,
#5640,#5641,#5642,#5643,#5644),.UNSPECIFIED.,.F.,.F.,(4,1,1,1,1,1,1,1,1,
1,1,1,1,1,1,1,1,1,1,1,1,1,1,1,1,1,1,1,1,1,1,1,4),(0.,0.107626156441442,
0.116731661278873,0.128486815154898,0.142395700036577,0.158166892716714,
0.175602602057852,0.194557216347194,0.214917738100317,0.23659316865271,
0.259508179747131,0.283599073824856,0.308811067431172,0.33509638778013,
0.362412893965382,0.390723050350557,0.419993144285972,0.450192678114564,
0.481293888508613,0.513271360774479,0.546101715281823,0.579763349550858,
0.614236223905408,0.649501681663423,0.685542297023231,0.72234174539079,
0.759884692062706,0.798156696053524,0.837144126516999,0.876834089717067,
0.917214364895772,0.958273347691246,0.981061949686141),.UNSPECIFIED.);
#542=B_SPLINE_CURVE_WITH_KNOTS('',3,(#5648,#5649,#5650,#5651,#5652,#5653,
#5654,#5655,#5656,#5657,#5658,#5659,#5660,#5661,#5662,#5663,#5664,#5665,
#5666,#5667,#5668,#5669,#5670,#5671,#5672,#5673,#5674,#5675,#5676,#5677,
#5678,#5679,#5680,#5681,#5682),.UNSPECIFIED.,.F.,.F.,(4,1,1,1,1,1,1,1,1,
1,1,1,1,1,1,1,1,1,1,1,1,1,1,1,1,1,1,1,1,1,1,1,4),(0.,0.107626156441442,
0.116731661278873,0.128486815154898,0.142395700036577,0.158166892716714,
0.175602602057852,0.194557216347194,0.214917738100317,0.23659316865271,
0.259508179747131,0.283599073824856,0.308811067431172,0.33509638778013,
0.362412893965382,0.390723050350557,0.419993144285972,0.450192678114564,
0.481293888508613,0.513271360774479,0.546101715281823,0.579763349550858,
0.614236223905408,0.649501681663423,0.685542297023231,0.72234174539079,
0.759884692062706,0.798156696053524,0.837144126516999,0.876834089717067,
0.917214364895772,0.958273347691246,0.981061949686139),.UNSPECIFIED.);
#543=B_SPLINE_CURVE_WITH_KNOTS('',3,(#5690,#5691,#5692,#5693,#5694,#5695,
#5696,#5697,#5698,#5699,#5700,#5701,#5702,#5703,#5704,#5705,#5706,#5707,
#5708,#5709,#5710,#5711,#5712,#5713,#5714,#5715,#5716,#5717,#5718,#5719,
#5720,#5721,#5722,#5723,#5724),.UNSPECIFIED.,.F.,.F.,(4,1,1,1,1,1,1,1,1,
1,1,1,1,1,1,1,1,1,1,1,1,1,1,1,1,1,1,1,1,1,1,1,4),(0.,0.107626156441442,
0.116731661278873,0.128486815154898,0.142395700036577,0.158166892716714,
0.175602602057852,0.194557216347194,0.214917738100317,0.23659316865271,
0.259508179747131,0.283599073824856,0.308811067431172,0.33509638778013,
0.362412893965382,0.390723050350557,0.419993144285972,0.450192678114564,
0.481293888508613,0.513271360774479,0.546101715281823,0.579763349550858,
0.614236223905408,0.649501681663423,0.685542297023231,0.72234174539079,
0.759884692062706,0.798156696053524,0.837144126516999,0.876834089717067,
0.917214364895772,0.958273347691246,0.981061949686141),.UNSPECIFIED.);
#544=B_SPLINE_CURVE_WITH_KNOTS('',3,(#5728,#5729,#5730,#5731,#5732,#5733,
#5734,#5735,#5736,#5737,#5738,#5739,#5740,#5741,#5742,#5743,#5744,#5745,
#5746,#5747,#5748,#5749,#5750,#5751,#5752,#5753,#5754,#5755,#5756,#5757,
#5758,#5759,#5760,#5761,#5762),.UNSPECIFIED.,.F.,.F.,(4,1,1,1,1,1,1,1,1,
1,1,1,1,1,1,1,1,1,1,1,1,1,1,1,1,1,1,1,1,1,1,1,4),(0.,0.107626156441442,
0.116731661278873,0.128486815154898,0.142395700036577,0.158166892716714,
0.175602602057852,0.194557216347194,0.214917738100317,0.23659316865271,
0.259508179747131,0.283599073824856,0.308811067431172,0.33509638778013,
0.362412893965382,0.390723050350557,0.419993144285972,0.450192678114564,
0.481293888508613,0.513271360774479,0.546101715281823,0.579763349550858,
0.614236223905408,0.649501681663423,0.685542297023231,0.72234174539079,
0.759884692062706,0.798156696053524,0.837144126516999,0.876834089717067,
0.917214364895772,0.958273347691246,0.981061949686139),.UNSPECIFIED.);
#545=B_SPLINE_CURVE_WITH_KNOTS('',3,(#5770,#5771,#5772,#5773,#5774,#5775,
#5776,#5777,#5778,#5779,#5780,#5781,#5782,#5783,#5784,#5785,#5786,#5787,
#5788,#5789,#5790,#5791,#5792,#5793,#5794,#5795,#5796,#5797,#5798,#5799,
#5800,#5801,#5802,#5803,#5804),.UNSPECIFIED.,.F.,.F.,(4,1,1,1,1,1,1,1,1,
1,1,1,1,1,1,1,1,1,1,1,1,1,1,1,1,1,1,1,1,1,1,1,4),(0.,0.107626156441442,
0.116731661278873,0.128486815154898,0.142395700036577,0.158166892716714,
0.175602602057852,0.194557216347194,0.214917738100317,0.23659316865271,
0.259508179747131,0.283599073824856,0.308811067431172,0.33509638778013,
0.362412893965382,0.390723050350557,0.419993144285972,0.450192678114564,
0.481293888508613,0.513271360774479,0.546101715281823,0.579763349550858,
0.614236223905408,0.649501681663423,0.685542297023231,0.72234174539079,
0.759884692062706,0.798156696053524,0.837144126516999,0.876834089717067,
0.917214364895772,0.958273347691246,0.981061949686141),.UNSPECIFIED.);
#546=B_SPLINE_CURVE_WITH_KNOTS('',3,(#5808,#5809,#5810,#5811,#5812,#5813,
#5814,#5815,#5816,#5817,#5818,#5819,#5820,#5821,#5822,#5823,#5824,#5825,
#5826,#5827,#5828,#5829,#5830,#5831,#5832,#5833,#5834,#5835,#5836,#5837,
#5838,#5839,#5840,#5841,#5842),.UNSPECIFIED.,.F.,.F.,(4,1,1,1,1,1,1,1,1,
1,1,1,1,1,1,1,1,1,1,1,1,1,1,1,1,1,1,1,1,1,1,1,4),(0.,0.107626156441442,
0.116731661278873,0.128486815154898,0.142395700036577,0.158166892716714,
0.175602602057852,0.194557216347194,0.214917738100317,0.23659316865271,
0.259508179747131,0.283599073824856,0.308811067431172,0.33509638778013,
0.362412893965382,0.390723050350557,0.419993144285972,0.450192678114564,
0.481293888508613,0.513271360774479,0.546101715281823,0.579763349550858,
0.614236223905408,0.649501681663423,0.685542297023231,0.72234174539079,
0.759884692062706,0.798156696053524,0.837144126516999,0.876834089717067,
0.917214364895772,0.958273347691246,0.981061949686139),.UNSPECIFIED.);
#547=B_SPLINE_CURVE_WITH_KNOTS('',3,(#5850,#5851,#5852,#5853,#5854,#5855,
#5856,#5857,#5858,#5859,#5860,#5861,#5862,#5863,#5864,#5865,#5866,#5867,
#5868,#5869,#5870,#5871,#5872,#5873,#5874,#5875,#5876,#5877,#5878,#5879,
#5880,#5881,#5882,#5883,#5884),.UNSPECIFIED.,.F.,.F.,(4,1,1,1,1,1,1,1,1,
1,1,1,1,1,1,1,1,1,1,1,1,1,1,1,1,1,1,1,1,1,1,1,4),(0.,0.107626156441442,
0.116731661278873,0.128486815154898,0.142395700036577,0.158166892716714,
0.175602602057852,0.194557216347194,0.214917738100317,0.23659316865271,
0.259508179747131,0.283599073824856,0.308811067431172,0.33509638778013,
0.362412893965382,0.390723050350557,0.419993144285972,0.450192678114564,
0.481293888508613,0.513271360774479,0.546101715281823,0.579763349550858,
0.614236223905408,0.649501681663423,0.685542297023231,0.72234174539079,
0.759884692062706,0.798156696053524,0.837144126516999,0.876834089717067,
0.917214364895772,0.958273347691246,0.981061949686141),.UNSPECIFIED.);
#548=B_SPLINE_CURVE_WITH_KNOTS('',3,(#5888,#5889,#5890,#5891,#5892,#5893,
#5894,#5895,#5896,#5897,#5898,#5899,#5900,#5901,#5902,#5903,#5904,#5905,
#5906,#5907,#5908,#5909,#5910,#5911,#5912,#5913,#5914,#5915,#5916,#5917,
#5918,#5919,#5920,#5921,#5922),.UNSPECIFIED.,.F.,.F.,(4,1,1,1,1,1,1,1,1,
1,1,1,1,1,1,1,1,1,1,1,1,1,1,1,1,1,1,1,1,1,1,1,4),(0.,0.107626156441442,
0.116731661278873,0.128486815154898,0.142395700036577,0.158166892716714,
0.175602602057852,0.194557216347194,0.214917738100317,0.23659316865271,
0.259508179747131,0.283599073824856,0.308811067431172,0.33509638778013,
0.362412893965382,0.390723050350557,0.419993144285972,0.450192678114564,
0.481293888508613,0.513271360774479,0.546101715281823,0.579763349550858,
0.614236223905408,0.649501681663423,0.685542297023231,0.72234174539079,
0.759884692062706,0.798156696053524,0.837144126516999,0.876834089717067,
0.917214364895772,0.958273347691246,0.981061949686139),.UNSPECIFIED.);
#549=B_SPLINE_CURVE_WITH_KNOTS('',3,(#6018,#6019,#6020,#6021,#6022,#6023,
#6024),.UNSPECIFIED.,.F.,.F.,(4,1,1,1,4),(0.,0.00230938555784335,0.0046187711156867,
0.00692815667353005,0.0092375422313734),.UNSPECIFIED.);
#550=B_SPLINE_CURVE_WITH_KNOTS('',3,(#6026,#6027,#6028,#6029,#6030,#6031,
#6032),.UNSPECIFIED.,.F.,.F.,(4,1,1,1,4),(0.,0.00230938555784335,0.0046187711156867,
0.00692815667353005,0.0092375422313734),.UNSPECIFIED.);
#551=B_SPLINE_CURVE_WITH_KNOTS('',3,(#6077,#6078,#6079,#6080,#6081,#6082,
#6083),.UNSPECIFIED.,.F.,.F.,(4,1,1,1,4),(0.,0.00230938555784338,0.00461877111568675,
0.00692815667353013,0.00923754223137351),.UNSPECIFIED.);
#552=B_SPLINE_CURVE_WITH_KNOTS('',3,(#6085,#6086,#6087,#6088,#6089,#6090,
#6091),.UNSPECIFIED.,.F.,.F.,(4,1,1,1,4),(0.,0.00230938555784338,0.00461877111568676,
0.00692815667353013,0.00923754223137351),.UNSPECIFIED.);
#553=B_SPLINE_CURVE_WITH_KNOTS('',3,(#6136,#6137,#6138,#6139,#6140,#6141,
#6142),.UNSPECIFIED.,.F.,.F.,(4,1,1,1,4),(0.,0.00230938555784338,0.00461877111568675,
0.00692815667353013,0.0092375422313735),.UNSPECIFIED.);
#554=B_SPLINE_CURVE_WITH_KNOTS('',3,(#6144,#6145,#6146,#6147,#6148,#6149,
#6150),.UNSPECIFIED.,.F.,.F.,(4,1,1,1,4),(0.,0.00230938555784337,0.00461877111568674,
0.00692815667353012,0.00923754223137349),.UNSPECIFIED.);
#555=B_SPLINE_CURVE_WITH_KNOTS('',3,(#6195,#6196,#6197,#6198,#6199,#6200,
#6201),.UNSPECIFIED.,.F.,.F.,(4,1,1,1,4),(0.,0.00230938555784337,0.00461877111568674,
0.00692815667353011,0.00923754223137347),.UNSPECIFIED.);
#556=B_SPLINE_CURVE_WITH_KNOTS('',3,(#6203,#6204,#6205,#6206,#6207,#6208,
#6209),.UNSPECIFIED.,.F.,.F.,(4,1,1,1,4),(0.,0.00230938555784338,0.00461877111568676,
0.00692815667353015,0.00923754223137353),.UNSPECIFIED.);
#557=B_SPLINE_CURVE_WITH_KNOTS('',3,(#6254,#6255,#6256,#6257,#6258,#6259,
#6260),.UNSPECIFIED.,.F.,.F.,(4,1,1,1,4),(0.,0.00230938555784339,0.00461877111568678,
0.00692815667353018,0.00923754223137357),.UNSPECIFIED.);
#558=B_SPLINE_CURVE_WITH_KNOTS('',3,(#6262,#6263,#6264,#6265,#6266,#6267,
#6268),.UNSPECIFIED.,.F.,.F.,(4,1,1,1,4),(0.,0.00230938555784338,0.00461877111568675,
0.00692815667353013,0.00923754223137351),.UNSPECIFIED.);
#559=B_SPLINE_CURVE_WITH_KNOTS('',3,(#6376,#6377,#6378,#6379,#6380,#6381,
#6382,#6383,#6384,#6385,#6386,#6387,#6388,#6389,#6390,#6391,#6392,#6393,
#6394,#6395,#6396,#6397,#6398,#6399,#6400,#6401,#6402,#6403,#6404,#6405,
#6406,#6407,#6408,#6409,#6410),.UNSPECIFIED.,.F.,.F.,(4,1,1,1,1,1,1,1,1,
1,1,1,1,1,1,1,1,1,1,1,1,1,1,1,1,1,1,1,1,1,1,1,4),(0.,0.107626156441442,
0.116731661278873,0.128486815154898,0.142395700036577,0.158166892716714,
0.175602602057852,0.194557216347194,0.214917738100317,0.23659316865271,
0.259508179747131,0.283599073824856,0.308811067431172,0.33509638778013,
0.362412893965382,0.390723050350557,0.419993144285972,0.450192678114564,
0.481293888508613,0.513271360774479,0.546101715281823,0.579763349550858,
0.614236223905408,0.649501681663423,0.685542297023231,0.72234174539079,
0.759884692062706,0.798156696053524,0.837144126516999,0.876834089717067,
0.917214364895772,0.958273347691246,0.981061949686139),.UNSPECIFIED.);
#560=B_SPLINE_CURVE_WITH_KNOTS('',3,(#6411,#6412,#6413,#6414,#6415,#6416,
#6417,#6418,#6419,#6420,#6421,#6422,#6423,#6424,#6425,#6426,#6427,#6428,
#6429,#6430,#6431,#6432,#6433,#6434,#6435,#6436,#6437,#6438,#6439,#6440,
#6441,#6442,#6443,#6444,#6445),.UNSPECIFIED.,.F.,.F.,(4,1,1,1,1,1,1,1,1,
1,1,1,1,1,1,1,1,1,1,1,1,1,1,1,1,1,1,1,1,1,1,1,4),(0.,0.107626156441442,
0.116731661278873,0.128486815154898,0.142395700036577,0.158166892716714,
0.175602602057852,0.194557216347194,0.214917738100317,0.23659316865271,
0.259508179747131,0.283599073824856,0.308811067431172,0.33509638778013,
0.362412893965382,0.390723050350557,0.419993144285972,0.450192678114564,
0.481293888508613,0.513271360774479,0.546101715281823,0.579763349550858,
0.614236223905408,0.649501681663423,0.685542297023231,0.72234174539079,
0.759884692062706,0.798156696053524,0.837144126516999,0.876834089717067,
0.917214364895772,0.958273347691246,0.981061949686141),.UNSPECIFIED.);
#561=B_SPLINE_CURVE_WITH_KNOTS('',3,(#6453,#6454,#6455,#6456,#6457,#6458,
#6459,#6460,#6461,#6462,#6463,#6464,#6465,#6466,#6467,#6468,#6469,#6470,
#6471,#6472,#6473,#6474,#6475,#6476,#6477,#6478,#6479,#6480,#6481,#6482,
#6483,#6484,#6485,#6486,#6487),.UNSPECIFIED.,.F.,.F.,(4,1,1,1,1,1,1,1,1,
1,1,1,1,1,1,1,1,1,1,1,1,1,1,1,1,1,1,1,1,1,1,1,4),(0.,0.107626156441442,
0.116731661278873,0.128486815154898,0.142395700036577,0.158166892716714,
0.175602602057852,0.194557216347194,0.214917738100317,0.23659316865271,
0.259508179747131,0.283599073824856,0.308811067431172,0.33509638778013,
0.362412893965382,0.390723050350557,0.419993144285972,0.450192678114564,
0.481293888508613,0.513271360774479,0.546101715281823,0.579763349550858,
0.614236223905408,0.649501681663423,0.685542297023231,0.72234174539079,
0.759884692062706,0.798156696053524,0.837144126516999,0.876834089717067,
0.917214364895772,0.958273347691246,0.981061949686139),.UNSPECIFIED.);
#562=B_SPLINE_CURVE_WITH_KNOTS('',3,(#6488,#6489,#6490,#6491,#6492,#6493,
#6494,#6495,#6496,#6497,#6498,#6499,#6500,#6501,#6502,#6503,#6504,#6505,
#6506,#6507,#6508,#6509,#6510,#6511,#6512,#6513,#6514,#6515,#6516,#6517,
#6518,#6519,#6520,#6521,#6522),.UNSPECIFIED.,.F.,.F.,(4,1,1,1,1,1,1,1,1,
1,1,1,1,1,1,1,1,1,1,1,1,1,1,1,1,1,1,1,1,1,1,1,4),(0.,0.107626156441442,
0.116731661278873,0.128486815154898,0.142395700036577,0.158166892716714,
0.175602602057852,0.194557216347194,0.214917738100317,0.23659316865271,
0.259508179747131,0.283599073824856,0.308811067431172,0.33509638778013,
0.362412893965382,0.390723050350557,0.419993144285972,0.450192678114564,
0.481293888508613,0.513271360774479,0.546101715281823,0.579763349550858,
0.614236223905408,0.649501681663423,0.685542297023231,0.72234174539079,
0.759884692062706,0.798156696053524,0.837144126516999,0.876834089717067,
0.917214364895772,0.958273347691246,0.981061949686141),.UNSPECIFIED.);
#563=B_SPLINE_CURVE_WITH_KNOTS('',3,(#6530,#6531,#6532,#6533,#6534,#6535,
#6536,#6537,#6538,#6539,#6540,#6541,#6542,#6543,#6544,#6545,#6546,#6547,
#6548,#6549,#6550,#6551,#6552,#6553,#6554,#6555,#6556,#6557,#6558,#6559,
#6560,#6561,#6562,#6563,#6564),.UNSPECIFIED.,.F.,.F.,(4,1,1,1,1,1,1,1,1,
1,1,1,1,1,1,1,1,1,1,1,1,1,1,1,1,1,1,1,1,1,1,1,4),(0.,0.107626156441442,
0.116731661278873,0.128486815154898,0.142395700036577,0.158166892716714,
0.175602602057852,0.194557216347194,0.214917738100317,0.23659316865271,
0.259508179747131,0.283599073824856,0.308811067431172,0.33509638778013,
0.362412893965382,0.390723050350557,0.419993144285972,0.450192678114564,
0.481293888508613,0.513271360774479,0.546101715281823,0.579763349550858,
0.614236223905408,0.649501681663423,0.685542297023231,0.72234174539079,
0.759884692062706,0.798156696053524,0.837144126516999,0.876834089717067,
0.917214364895772,0.958273347691246,0.981061949686139),.UNSPECIFIED.);
#564=B_SPLINE_CURVE_WITH_KNOTS('',3,(#6565,#6566,#6567,#6568,#6569,#6570,
#6571,#6572,#6573,#6574,#6575,#6576,#6577,#6578,#6579,#6580,#6581,#6582,
#6583,#6584,#6585,#6586,#6587,#6588,#6589,#6590,#6591,#6592,#6593,#6594,
#6595,#6596,#6597,#6598,#6599),.UNSPECIFIED.,.F.,.F.,(4,1,1,1,1,1,1,1,1,
1,1,1,1,1,1,1,1,1,1,1,1,1,1,1,1,1,1,1,1,1,1,1,4),(0.,0.107626156441442,
0.116731661278873,0.128486815154898,0.142395700036577,0.158166892716714,
0.175602602057852,0.194557216347194,0.214917738100317,0.23659316865271,
0.259508179747131,0.283599073824856,0.308811067431172,0.33509638778013,
0.362412893965382,0.390723050350557,0.419993144285972,0.450192678114564,
0.481293888508613,0.513271360774479,0.546101715281823,0.579763349550858,
0.614236223905408,0.649501681663423,0.685542297023231,0.72234174539079,
0.759884692062706,0.798156696053524,0.837144126516999,0.876834089717067,
0.917214364895772,0.958273347691246,0.981061949686141),.UNSPECIFIED.);
#565=B_SPLINE_CURVE_WITH_KNOTS('',3,(#6607,#6608,#6609,#6610,#6611,#6612,
#6613,#6614,#6615,#6616,#6617,#6618,#6619,#6620,#6621,#6622,#6623,#6624,
#6625,#6626,#6627,#6628,#6629,#6630,#6631,#6632,#6633,#6634,#6635,#6636,
#6637,#6638,#6639,#6640,#6641),.UNSPECIFIED.,.F.,.F.,(4,1,1,1,1,1,1,1,1,
1,1,1,1,1,1,1,1,1,1,1,1,1,1,1,1,1,1,1,1,1,1,1,4),(0.,0.107626156441442,
0.116731661278873,0.128486815154898,0.142395700036577,0.158166892716714,
0.175602602057852,0.194557216347194,0.214917738100317,0.23659316865271,
0.259508179747131,0.283599073824856,0.308811067431172,0.33509638778013,
0.362412893965382,0.390723050350557,0.419993144285972,0.450192678114564,
0.481293888508613,0.513271360774479,0.546101715281823,0.579763349550858,
0.614236223905408,0.649501681663423,0.685542297023231,0.72234174539079,
0.759884692062706,0.798156696053524,0.837144126516999,0.876834089717067,
0.917214364895772,0.958273347691246,0.981061949686139),.UNSPECIFIED.);
#566=B_SPLINE_CURVE_WITH_KNOTS('',3,(#6642,#6643,#6644,#6645,#6646,#6647,
#6648,#6649,#6650,#6651,#6652,#6653,#6654,#6655,#6656,#6657,#6658,#6659,
#6660,#6661,#6662,#6663,#6664,#6665,#6666,#6667,#6668,#6669,#6670,#6671,
#6672,#6673,#6674,#6675,#6676),.UNSPECIFIED.,.F.,.F.,(4,1,1,1,1,1,1,1,1,
1,1,1,1,1,1,1,1,1,1,1,1,1,1,1,1,1,1,1,1,1,1,1,4),(0.,0.107626156441442,
0.116731661278873,0.128486815154898,0.142395700036577,0.158166892716714,
0.175602602057852,0.194557216347194,0.214917738100317,0.23659316865271,
0.259508179747131,0.283599073824856,0.308811067431172,0.33509638778013,
0.362412893965382,0.390723050350557,0.419993144285972,0.450192678114564,
0.481293888508613,0.513271360774479,0.546101715281823,0.579763349550858,
0.614236223905408,0.649501681663423,0.685542297023231,0.72234174539079,
0.759884692062706,0.798156696053524,0.837144126516999,0.876834089717067,
0.917214364895772,0.958273347691246,0.981061949686141),.UNSPECIFIED.);
#567=B_SPLINE_CURVE_WITH_KNOTS('',3,(#6684,#6685,#6686,#6687,#6688,#6689,
#6690,#6691,#6692,#6693,#6694,#6695,#6696,#6697,#6698,#6699,#6700,#6701,
#6702,#6703,#6704,#6705,#6706,#6707,#6708,#6709,#6710,#6711,#6712,#6713,
#6714,#6715,#6716,#6717,#6718),.UNSPECIFIED.,.F.,.F.,(4,1,1,1,1,1,1,1,1,
1,1,1,1,1,1,1,1,1,1,1,1,1,1,1,1,1,1,1,1,1,1,1,4),(0.,0.107626156441442,
0.116731661278873,0.128486815154898,0.142395700036577,0.158166892716714,
0.175602602057852,0.194557216347194,0.214917738100317,0.23659316865271,
0.259508179747131,0.283599073824856,0.308811067431172,0.33509638778013,
0.362412893965382,0.390723050350557,0.419993144285972,0.450192678114564,
0.481293888508613,0.513271360774479,0.546101715281823,0.579763349550858,
0.614236223905408,0.649501681663423,0.685542297023231,0.72234174539079,
0.759884692062706,0.798156696053524,0.837144126516999,0.876834089717067,
0.917214364895772,0.958273347691246,0.981061949686139),.UNSPECIFIED.);
#568=B_SPLINE_CURVE_WITH_KNOTS('',3,(#6719,#6720,#6721,#6722,#6723,#6724,
#6725,#6726,#6727,#6728,#6729,#6730,#6731,#6732,#6733,#6734,#6735,#6736,
#6737,#6738,#6739,#6740,#6741,#6742,#6743,#6744,#6745,#6746,#6747,#6748,
#6749,#6750,#6751,#6752,#6753),.UNSPECIFIED.,.F.,.F.,(4,1,1,1,1,1,1,1,1,
1,1,1,1,1,1,1,1,1,1,1,1,1,1,1,1,1,1,1,1,1,1,1,4),(0.,0.107626156441442,
0.116731661278873,0.128486815154898,0.142395700036577,0.158166892716714,
0.175602602057852,0.194557216347194,0.214917738100317,0.23659316865271,
0.259508179747131,0.283599073824856,0.308811067431172,0.33509638778013,
0.362412893965382,0.390723050350557,0.419993144285972,0.450192678114564,
0.481293888508613,0.513271360774479,0.546101715281823,0.579763349550858,
0.614236223905408,0.649501681663423,0.685542297023231,0.72234174539079,
0.759884692062706,0.798156696053524,0.837144126516999,0.876834089717067,
0.917214364895772,0.958273347691246,0.981061949686141),.UNSPECIFIED.);
#569=B_SPLINE_CURVE_WITH_KNOTS('',3,(#6761,#6762,#6763,#6764,#6765,#6766,
#6767,#6768,#6769,#6770,#6771,#6772,#6773,#6774,#6775,#6776,#6777,#6778,
#6779,#6780,#6781,#6782,#6783,#6784,#6785,#6786,#6787,#6788,#6789,#6790,
#6791,#6792,#6793,#6794,#6795),.UNSPECIFIED.,.F.,.F.,(4,1,1,1,1,1,1,1,1,
1,1,1,1,1,1,1,1,1,1,1,1,1,1,1,1,1,1,1,1,1,1,1,4),(0.,0.107626156441442,
0.116731661278873,0.128486815154898,0.142395700036577,0.158166892716714,
0.175602602057852,0.194557216347194,0.214917738100317,0.23659316865271,
0.259508179747131,0.283599073824856,0.308811067431172,0.33509638778013,
0.362412893965382,0.390723050350557,0.419993144285972,0.450192678114564,
0.481293888508613,0.513271360774479,0.546101715281823,0.579763349550858,
0.614236223905408,0.649501681663423,0.685542297023231,0.72234174539079,
0.759884692062706,0.798156696053524,0.837144126516999,0.876834089717067,
0.917214364895772,0.958273347691246,0.981061949686139),.UNSPECIFIED.);
#570=B_SPLINE_CURVE_WITH_KNOTS('',3,(#6796,#6797,#6798,#6799,#6800,#6801,
#6802,#6803,#6804,#6805,#6806,#6807,#6808,#6809,#6810,#6811,#6812,#6813,
#6814,#6815,#6816,#6817,#6818,#6819,#6820,#6821,#6822,#6823,#6824,#6825,
#6826,#6827,#6828,#6829,#6830),.UNSPECIFIED.,.F.,.F.,(4,1,1,1,1,1,1,1,1,
1,1,1,1,1,1,1,1,1,1,1,1,1,1,1,1,1,1,1,1,1,1,1,4),(0.,0.107626156441442,
0.116731661278873,0.128486815154898,0.142395700036577,0.158166892716714,
0.175602602057852,0.194557216347194,0.214917738100317,0.23659316865271,
0.259508179747131,0.283599073824856,0.308811067431172,0.33509638778013,
0.362412893965382,0.390723050350557,0.419993144285972,0.450192678114564,
0.481293888508613,0.513271360774479,0.546101715281823,0.579763349550858,
0.614236223905408,0.649501681663423,0.685542297023231,0.72234174539079,
0.759884692062706,0.798156696053524,0.837144126516999,0.876834089717067,
0.917214364895772,0.958273347691246,0.981061949686141),.UNSPECIFIED.);
#571=B_SPLINE_CURVE_WITH_KNOTS('',3,(#6838,#6839,#6840,#6841,#6842,#6843,
#6844,#6845,#6846,#6847,#6848,#6849,#6850,#6851,#6852,#6853,#6854,#6855,
#6856,#6857,#6858,#6859,#6860,#6861,#6862,#6863,#6864,#6865,#6866,#6867,
#6868,#6869,#6870,#6871,#6872),.UNSPECIFIED.,.F.,.F.,(4,1,1,1,1,1,1,1,1,
1,1,1,1,1,1,1,1,1,1,1,1,1,1,1,1,1,1,1,1,1,1,1,4),(0.,0.107626156441442,
0.116731661278873,0.128486815154898,0.142395700036577,0.158166892716714,
0.175602602057852,0.194557216347194,0.214917738100317,0.23659316865271,
0.259508179747131,0.283599073824856,0.308811067431172,0.33509638778013,
0.362412893965382,0.390723050350557,0.419993144285972,0.450192678114564,
0.481293888508613,0.513271360774479,0.546101715281823,0.579763349550858,
0.614236223905408,0.649501681663423,0.685542297023231,0.72234174539079,
0.759884692062706,0.798156696053524,0.837144126516999,0.876834089717067,
0.917214364895772,0.958273347691246,0.981061949686139),.UNSPECIFIED.);
#572=B_SPLINE_CURVE_WITH_KNOTS('',3,(#6873,#6874,#6875,#6876,#6877,#6878,
#6879,#6880,#6881,#6882,#6883,#6884,#6885,#6886,#6887,#6888,#6889,#6890,
#6891,#6892,#6893,#6894,#6895,#6896,#6897,#6898,#6899,#6900,#6901,#6902,
#6903,#6904,#6905,#6906,#6907),.UNSPECIFIED.,.F.,.F.,(4,1,1,1,1,1,1,1,1,
1,1,1,1,1,1,1,1,1,1,1,1,1,1,1,1,1,1,1,1,1,1,1,4),(0.,0.107626156441442,
0.116731661278873,0.128486815154898,0.142395700036577,0.158166892716714,
0.175602602057852,0.194557216347194,0.214917738100317,0.23659316865271,
0.259508179747131,0.283599073824856,0.308811067431172,0.33509638778013,
0.362412893965382,0.390723050350557,0.419993144285972,0.450192678114564,
0.481293888508613,0.513271360774479,0.546101715281823,0.579763349550858,
0.614236223905408,0.649501681663423,0.685542297023231,0.72234174539079,
0.759884692062706,0.798156696053524,0.837144126516999,0.876834089717067,
0.917214364895772,0.958273347691246,0.981061949686141),.UNSPECIFIED.);
#573=B_SPLINE_CURVE_WITH_KNOTS('',3,(#6915,#6916,#6917,#6918,#6919,#6920,
#6921,#6922,#6923,#6924,#6925,#6926,#6927,#6928,#6929,#6930,#6931,#6932,
#6933,#6934,#6935,#6936,#6937,#6938,#6939,#6940,#6941,#6942,#6943,#6944,
#6945,#6946,#6947,#6948,#6949),.UNSPECIFIED.,.F.,.F.,(4,1,1,1,1,1,1,1,1,
1,1,1,1,1,1,1,1,1,1,1,1,1,1,1,1,1,1,1,1,1,1,1,4),(0.,0.107626156441442,
0.116731661278873,0.128486815154898,0.142395700036577,0.158166892716714,
0.175602602057852,0.194557216347194,0.214917738100317,0.23659316865271,
0.259508179747131,0.283599073824856,0.308811067431172,0.33509638778013,
0.362412893965382,0.390723050350557,0.419993144285972,0.450192678114564,
0.481293888508613,0.513271360774479,0.546101715281823,0.579763349550858,
0.614236223905408,0.649501681663423,0.685542297023231,0.72234174539079,
0.759884692062706,0.798156696053524,0.837144126516999,0.876834089717067,
0.917214364895772,0.958273347691246,0.981061949686139),.UNSPECIFIED.);
#574=B_SPLINE_CURVE_WITH_KNOTS('',3,(#6950,#6951,#6952,#6953,#6954,#6955,
#6956,#6957,#6958,#6959,#6960,#6961,#6962,#6963,#6964,#6965,#6966,#6967,
#6968,#6969,#6970,#6971,#6972,#6973,#6974,#6975,#6976,#6977,#6978,#6979,
#6980,#6981,#6982,#6983,#6984),.UNSPECIFIED.,.F.,.F.,(4,1,1,1,1,1,1,1,1,
1,1,1,1,1,1,1,1,1,1,1,1,1,1,1,1,1,1,1,1,1,1,1,4),(0.,0.107626156441442,
0.116731661278873,0.128486815154898,0.142395700036577,0.158166892716714,
0.175602602057852,0.194557216347194,0.214917738100317,0.23659316865271,
0.259508179747131,0.283599073824856,0.308811067431172,0.33509638778013,
0.362412893965382,0.390723050350557,0.419993144285972,0.450192678114564,
0.481293888508613,0.513271360774479,0.546101715281823,0.579763349550858,
0.614236223905408,0.649501681663423,0.685542297023231,0.72234174539079,
0.759884692062706,0.798156696053524,0.837144126516999,0.876834089717067,
0.917214364895772,0.958273347691246,0.981061949686141),.UNSPECIFIED.);
#575=B_SPLINE_CURVE_WITH_KNOTS('',3,(#6992,#6993,#6994,#6995,#6996,#6997,
#6998,#6999,#7000,#7001,#7002,#7003,#7004,#7005,#7006,#7007,#7008,#7009,
#7010,#7011,#7012,#7013,#7014,#7015,#7016,#7017,#7018,#7019,#7020,#7021,
#7022,#7023,#7024,#7025,#7026),.UNSPECIFIED.,.F.,.F.,(4,1,1,1,1,1,1,1,1,
1,1,1,1,1,1,1,1,1,1,1,1,1,1,1,1,1,1,1,1,1,1,1,4),(0.,0.107626156441442,
0.116731661278873,0.128486815154898,0.142395700036577,0.158166892716714,
0.175602602057852,0.194557216347194,0.214917738100317,0.23659316865271,
0.259508179747131,0.283599073824856,0.308811067431172,0.33509638778013,
0.362412893965382,0.390723050350557,0.419993144285972,0.450192678114564,
0.481293888508613,0.513271360774479,0.546101715281823,0.579763349550858,
0.614236223905408,0.649501681663423,0.685542297023231,0.72234174539079,
0.759884692062706,0.798156696053524,0.837144126516999,0.876834089717067,
0.917214364895772,0.958273347691246,0.981061949686139),.UNSPECIFIED.);
#576=B_SPLINE_CURVE_WITH_KNOTS('',3,(#7027,#7028,#7029,#7030,#7031,#7032,
#7033,#7034,#7035,#7036,#7037,#7038,#7039,#7040,#7041,#7042,#7043,#7044,
#7045,#7046,#7047,#7048,#7049,#7050,#7051,#7052,#7053,#7054,#7055,#7056,
#7057,#7058,#7059,#7060,#7061),.UNSPECIFIED.,.F.,.F.,(4,1,1,1,1,1,1,1,1,
1,1,1,1,1,1,1,1,1,1,1,1,1,1,1,1,1,1,1,1,1,1,1,4),(0.,0.107626156441442,
0.116731661278873,0.128486815154898,0.142395700036577,0.158166892716714,
0.175602602057852,0.194557216347194,0.214917738100317,0.23659316865271,
0.259508179747131,0.283599073824856,0.308811067431172,0.33509638778013,
0.362412893965382,0.390723050350557,0.419993144285972,0.450192678114564,
0.481293888508613,0.513271360774479,0.546101715281823,0.579763349550858,
0.614236223905408,0.649501681663423,0.685542297023231,0.72234174539079,
0.759884692062706,0.798156696053524,0.837144126516999,0.876834089717067,
0.917214364895772,0.958273347691246,0.981061949686141),.UNSPECIFIED.);
#577=B_SPLINE_CURVE_WITH_KNOTS('',3,(#7069,#7070,#7071,#7072,#7073,#7074,
#7075,#7076,#7077,#7078,#7079,#7080,#7081,#7082,#7083,#7084,#7085,#7086,
#7087,#7088,#7089,#7090,#7091,#7092,#7093,#7094,#7095,#7096,#7097,#7098,
#7099,#7100,#7101,#7102,#7103),.UNSPECIFIED.,.F.,.F.,(4,1,1,1,1,1,1,1,1,
1,1,1,1,1,1,1,1,1,1,1,1,1,1,1,1,1,1,1,1,1,1,1,4),(0.,0.107626156441442,
0.116731661278873,0.128486815154898,0.142395700036577,0.158166892716714,
0.175602602057852,0.194557216347194,0.214917738100317,0.23659316865271,
0.259508179747131,0.283599073824856,0.308811067431172,0.33509638778013,
0.362412893965382,0.390723050350557,0.419993144285972,0.450192678114564,
0.481293888508613,0.513271360774479,0.546101715281823,0.579763349550858,
0.614236223905408,0.649501681663423,0.685542297023231,0.72234174539079,
0.759884692062706,0.798156696053524,0.837144126516999,0.876834089717067,
0.917214364895772,0.958273347691246,0.981061949686139),.UNSPECIFIED.);
#578=B_SPLINE_CURVE_WITH_KNOTS('',3,(#7104,#7105,#7106,#7107,#7108,#7109,
#7110,#7111,#7112,#7113,#7114,#7115,#7116,#7117,#7118,#7119,#7120,#7121,
#7122,#7123,#7124,#7125,#7126,#7127,#7128,#7129,#7130,#7131,#7132,#7133,
#7134,#7135,#7136,#7137,#7138),.UNSPECIFIED.,.F.,.F.,(4,1,1,1,1,1,1,1,1,
1,1,1,1,1,1,1,1,1,1,1,1,1,1,1,1,1,1,1,1,1,1,1,4),(0.,0.107626156441442,
0.116731661278873,0.128486815154898,0.142395700036577,0.158166892716714,
0.175602602057852,0.194557216347194,0.214917738100317,0.23659316865271,
0.259508179747131,0.283599073824856,0.308811067431172,0.33509638778013,
0.362412893965382,0.390723050350557,0.419993144285972,0.450192678114564,
0.481293888508613,0.513271360774479,0.546101715281823,0.579763349550858,
0.614236223905408,0.649501681663423,0.685542297023231,0.72234174539079,
0.759884692062706,0.798156696053524,0.837144126516999,0.876834089717067,
0.917214364895772,0.958273347691246,0.981061949686141),.UNSPECIFIED.);
#579=B_SPLINE_CURVE_WITH_KNOTS('',3,(#7146,#7147,#7148,#7149,#7150,#7151,
#7152,#7153,#7154,#7155,#7156,#7157,#7158,#7159,#7160,#7161,#7162,#7163,
#7164,#7165,#7166,#7167,#7168,#7169,#7170,#7171,#7172,#7173,#7174,#7175,
#7176,#7177,#7178,#7179,#7180),.UNSPECIFIED.,.F.,.F.,(4,1,1,1,1,1,1,1,1,
1,1,1,1,1,1,1,1,1,1,1,1,1,1,1,1,1,1,1,1,1,1,1,4),(0.,0.107626156441442,
0.116731661278873,0.128486815154898,0.142395700036577,0.158166892716714,
0.175602602057852,0.194557216347194,0.214917738100317,0.23659316865271,
0.259508179747131,0.283599073824856,0.308811067431172,0.33509638778013,
0.362412893965382,0.390723050350557,0.419993144285972,0.450192678114564,
0.481293888508613,0.513271360774479,0.546101715281823,0.579763349550858,
0.614236223905408,0.649501681663423,0.685542297023231,0.72234174539079,
0.759884692062706,0.798156696053524,0.837144126516999,0.876834089717067,
0.917214364895772,0.958273347691246,0.981061949686139),.UNSPECIFIED.);
#580=B_SPLINE_CURVE_WITH_KNOTS('',3,(#7181,#7182,#7183,#7184,#7185,#7186,
#7187,#7188,#7189,#7190,#7191,#7192,#7193,#7194,#7195,#7196,#7197,#7198,
#7199,#7200,#7201,#7202,#7203,#7204,#7205,#7206,#7207,#7208,#7209,#7210,
#7211,#7212,#7213,#7214,#7215),.UNSPECIFIED.,.F.,.F.,(4,1,1,1,1,1,1,1,1,
1,1,1,1,1,1,1,1,1,1,1,1,1,1,1,1,1,1,1,1,1,1,1,4),(0.,0.107626156441442,
0.116731661278873,0.128486815154898,0.142395700036577,0.158166892716714,
0.175602602057852,0.194557216347194,0.214917738100317,0.23659316865271,
0.259508179747131,0.283599073824856,0.308811067431172,0.33509638778013,
0.362412893965382,0.390723050350557,0.419993144285972,0.450192678114564,
0.481293888508613,0.513271360774479,0.546101715281823,0.579763349550858,
0.614236223905408,0.649501681663423,0.685542297023231,0.72234174539079,
0.759884692062706,0.798156696053524,0.837144126516999,0.876834089717067,
0.917214364895772,0.958273347691246,0.981061949686141),.UNSPECIFIED.);
#581=B_SPLINE_CURVE_WITH_KNOTS('',3,(#7223,#7224,#7225,#7226,#7227,#7228,
#7229,#7230,#7231,#7232,#7233,#7234,#7235,#7236,#7237,#7238,#7239,#7240,
#7241,#7242,#7243,#7244,#7245,#7246,#7247,#7248,#7249,#7250,#7251,#7252,
#7253,#7254,#7255,#7256,#7257),.UNSPECIFIED.,.F.,.F.,(4,1,1,1,1,1,1,1,1,
1,1,1,1,1,1,1,1,1,1,1,1,1,1,1,1,1,1,1,1,1,1,1,4),(0.,0.107626156441442,
0.116731661278873,0.128486815154898,0.142395700036577,0.158166892716714,
0.175602602057852,0.194557216347194,0.214917738100317,0.23659316865271,
0.259508179747131,0.283599073824856,0.308811067431172,0.33509638778013,
0.362412893965382,0.390723050350557,0.419993144285972,0.450192678114564,
0.481293888508613,0.513271360774479,0.546101715281823,0.579763349550858,
0.614236223905408,0.649501681663423,0.685542297023231,0.72234174539079,
0.759884692062706,0.798156696053524,0.837144126516999,0.876834089717067,
0.917214364895772,0.958273347691246,0.981061949686139),.UNSPECIFIED.);
#582=B_SPLINE_CURVE_WITH_KNOTS('',3,(#7258,#7259,#7260,#7261,#7262,#7263,
#7264,#7265,#7266,#7267,#7268,#7269,#7270,#7271,#7272,#7273,#7274,#7275,
#7276,#7277,#7278,#7279,#7280,#7281,#7282,#7283,#7284,#7285,#7286,#7287,
#7288,#7289,#7290,#7291,#7292),.UNSPECIFIED.,.F.,.F.,(4,1,1,1,1,1,1,1,1,
1,1,1,1,1,1,1,1,1,1,1,1,1,1,1,1,1,1,1,1,1,1,1,4),(0.,0.107626156441442,
0.116731661278873,0.128486815154898,0.142395700036577,0.158166892716714,
0.175602602057852,0.194557216347194,0.214917738100317,0.23659316865271,
0.259508179747131,0.283599073824856,0.308811067431172,0.33509638778013,
0.362412893965382,0.390723050350557,0.419993144285972,0.450192678114564,
0.481293888508613,0.513271360774479,0.546101715281823,0.579763349550858,
0.614236223905408,0.649501681663423,0.685542297023231,0.72234174539079,
0.759884692062706,0.798156696053524,0.837144126516999,0.876834089717067,
0.917214364895772,0.958273347691246,0.981061949686141),.UNSPECIFIED.);
#583=B_SPLINE_CURVE_WITH_KNOTS('',3,(#7300,#7301,#7302,#7303,#7304,#7305,
#7306,#7307,#7308,#7309,#7310,#7311,#7312,#7313,#7314,#7315,#7316,#7317,
#7318,#7319,#7320,#7321,#7322,#7323,#7324,#7325,#7326,#7327,#7328,#7329,
#7330,#7331,#7332,#7333,#7334),.UNSPECIFIED.,.F.,.F.,(4,1,1,1,1,1,1,1,1,
1,1,1,1,1,1,1,1,1,1,1,1,1,1,1,1,1,1,1,1,1,1,1,4),(0.,0.107626156441442,
0.116731661278873,0.128486815154898,0.142395700036577,0.158166892716714,
0.175602602057852,0.194557216347194,0.214917738100317,0.23659316865271,
0.259508179747131,0.283599073824856,0.308811067431172,0.33509638778013,
0.362412893965382,0.390723050350557,0.419993144285972,0.450192678114564,
0.481293888508613,0.513271360774479,0.546101715281823,0.579763349550858,
0.614236223905408,0.649501681663423,0.685542297023231,0.72234174539079,
0.759884692062706,0.798156696053524,0.837144126516999,0.876834089717067,
0.917214364895772,0.958273347691246,0.981061949686139),.UNSPECIFIED.);
#584=B_SPLINE_CURVE_WITH_KNOTS('',3,(#7335,#7336,#7337,#7338,#7339,#7340,
#7341,#7342,#7343,#7344,#7345,#7346,#7347,#7348,#7349,#7350,#7351,#7352,
#7353,#7354,#7355,#7356,#7357,#7358,#7359,#7360,#7361,#7362,#7363,#7364,
#7365,#7366,#7367,#7368,#7369),.UNSPECIFIED.,.F.,.F.,(4,1,1,1,1,1,1,1,1,
1,1,1,1,1,1,1,1,1,1,1,1,1,1,1,1,1,1,1,1,1,1,1,4),(0.,0.107626156441442,
0.116731661278873,0.128486815154898,0.142395700036577,0.158166892716714,
0.175602602057852,0.194557216347194,0.214917738100317,0.23659316865271,
0.259508179747131,0.283599073824856,0.308811067431172,0.33509638778013,
0.362412893965382,0.390723050350557,0.419993144285972,0.450192678114564,
0.481293888508613,0.513271360774479,0.546101715281823,0.579763349550858,
0.614236223905408,0.649501681663423,0.685542297023231,0.72234174539079,
0.759884692062706,0.798156696053524,0.837144126516999,0.876834089717067,
0.917214364895772,0.958273347691246,0.981061949686141),.UNSPECIFIED.);
#585=B_SPLINE_CURVE_WITH_KNOTS('',3,(#7377,#7378,#7379,#7380,#7381,#7382,
#7383,#7384,#7385,#7386,#7387,#7388,#7389,#7390,#7391,#7392,#7393,#7394,
#7395,#7396,#7397,#7398,#7399,#7400,#7401,#7402,#7403,#7404,#7405,#7406,
#7407,#7408,#7409,#7410,#7411),.UNSPECIFIED.,.F.,.F.,(4,1,1,1,1,1,1,1,1,
1,1,1,1,1,1,1,1,1,1,1,1,1,1,1,1,1,1,1,1,1,1,1,4),(0.,0.107626156441442,
0.116731661278873,0.128486815154898,0.142395700036577,0.158166892716714,
0.175602602057852,0.194557216347194,0.214917738100317,0.23659316865271,
0.259508179747131,0.283599073824856,0.308811067431172,0.33509638778013,
0.362412893965382,0.390723050350557,0.419993144285972,0.450192678114564,
0.481293888508613,0.513271360774479,0.546101715281823,0.579763349550858,
0.614236223905408,0.649501681663423,0.685542297023231,0.72234174539079,
0.759884692062706,0.798156696053524,0.837144126516999,0.876834089717067,
0.917214364895772,0.958273347691246,0.981061949686139),.UNSPECIFIED.);
#586=B_SPLINE_CURVE_WITH_KNOTS('',3,(#7415,#7416,#7417,#7418,#7419,#7420,
#7421,#7422,#7423,#7424,#7425,#7426,#7427,#7428,#7429,#7430,#7431,#7432,
#7433,#7434,#7435,#7436,#7437,#7438,#7439,#7440,#7441,#7442,#7443,#7444,
#7445,#7446,#7447,#7448,#7449),.UNSPECIFIED.,.F.,.F.,(4,1,1,1,1,1,1,1,1,
1,1,1,1,1,1,1,1,1,1,1,1,1,1,1,1,1,1,1,1,1,1,1,4),(0.,0.107626156441442,
0.116731661278873,0.128486815154898,0.142395700036577,0.158166892716714,
0.175602602057852,0.194557216347194,0.214917738100317,0.23659316865271,
0.259508179747131,0.283599073824856,0.308811067431172,0.33509638778013,
0.362412893965382,0.390723050350557,0.419993144285972,0.450192678114564,
0.481293888508613,0.513271360774479,0.546101715281823,0.579763349550858,
0.614236223905408,0.649501681663423,0.685542297023231,0.72234174539079,
0.759884692062706,0.798156696053524,0.837144126516999,0.876834089717067,
0.917214364895772,0.958273347691246,0.981061949686141),.UNSPECIFIED.);
#587=B_SPLINE_CURVE_WITH_KNOTS('',3,(#7457,#7458,#7459,#7460,#7461,#7462,
#7463,#7464,#7465,#7466,#7467,#7468,#7469,#7470,#7471,#7472,#7473,#7474,
#7475,#7476,#7477,#7478,#7479,#7480,#7481,#7482,#7483,#7484,#7485,#7486,
#7487,#7488,#7489,#7490,#7491),.UNSPECIFIED.,.F.,.F.,(4,1,1,1,1,1,1,1,1,
1,1,1,1,1,1,1,1,1,1,1,1,1,1,1,1,1,1,1,1,1,1,1,4),(0.,0.107626156441442,
0.116731661278873,0.128486815154898,0.142395700036577,0.158166892716714,
0.175602602057852,0.194557216347194,0.214917738100317,0.23659316865271,
0.259508179747131,0.283599073824856,0.308811067431172,0.33509638778013,
0.362412893965382,0.390723050350557,0.419993144285972,0.450192678114564,
0.481293888508613,0.513271360774479,0.546101715281823,0.579763349550858,
0.614236223905408,0.649501681663423,0.685542297023231,0.72234174539079,
0.759884692062706,0.798156696053524,0.837144126516999,0.876834089717067,
0.917214364895772,0.958273347691246,0.981061949686139),.UNSPECIFIED.);
#588=B_SPLINE_CURVE_WITH_KNOTS('',3,(#7492,#7493,#7494,#7495,#7496,#7497,
#7498,#7499,#7500,#7501,#7502,#7503,#7504,#7505,#7506,#7507,#7508,#7509,
#7510,#7511,#7512,#7513,#7514,#7515,#7516,#7517,#7518,#7519,#7520,#7521,
#7522,#7523,#7524,#7525,#7526),.UNSPECIFIED.,.F.,.F.,(4,1,1,1,1,1,1,1,1,
1,1,1,1,1,1,1,1,1,1,1,1,1,1,1,1,1,1,1,1,1,1,1,4),(0.,0.107626156441442,
0.116731661278873,0.128486815154898,0.142395700036577,0.158166892716714,
0.175602602057852,0.194557216347194,0.214917738100317,0.23659316865271,
0.259508179747131,0.283599073824856,0.308811067431172,0.33509638778013,
0.362412893965382,0.390723050350557,0.419993144285972,0.450192678114564,
0.481293888508613,0.513271360774479,0.546101715281823,0.579763349550858,
0.614236223905408,0.649501681663423,0.685542297023231,0.72234174539079,
0.759884692062706,0.798156696053524,0.837144126516999,0.876834089717067,
0.917214364895772,0.958273347691246,0.981061949686141),.UNSPECIFIED.);
#589=B_SPLINE_CURVE_WITH_KNOTS('',3,(#7534,#7535,#7536,#7537,#7538,#7539,
#7540,#7541,#7542,#7543,#7544,#7545,#7546,#7547,#7548,#7549,#7550,#7551,
#7552,#7553,#7554,#7555,#7556,#7557,#7558,#7559,#7560,#7561,#7562,#7563,
#7564,#7565,#7566,#7567,#7568),.UNSPECIFIED.,.F.,.F.,(4,1,1,1,1,1,1,1,1,
1,1,1,1,1,1,1,1,1,1,1,1,1,1,1,1,1,1,1,1,1,1,1,4),(0.,0.107626156441442,
0.116731661278873,0.128486815154898,0.142395700036577,0.158166892716714,
0.175602602057852,0.194557216347194,0.214917738100317,0.23659316865271,
0.259508179747131,0.283599073824856,0.308811067431172,0.33509638778013,
0.362412893965382,0.390723050350557,0.419993144285972,0.450192678114564,
0.481293888508613,0.513271360774479,0.546101715281823,0.579763349550858,
0.614236223905408,0.649501681663423,0.685542297023231,0.72234174539079,
0.759884692062706,0.798156696053524,0.837144126516999,0.876834089717067,
0.917214364895772,0.958273347691246,0.981061949686139),.UNSPECIFIED.);
#590=B_SPLINE_CURVE_WITH_KNOTS('',3,(#7569,#7570,#7571,#7572,#7573,#7574,
#7575,#7576,#7577,#7578,#7579,#7580,#7581,#7582,#7583,#7584,#7585,#7586,
#7587,#7588,#7589,#7590,#7591,#7592,#7593,#7594,#7595,#7596,#7597,#7598,
#7599,#7600,#7601,#7602,#7603),.UNSPECIFIED.,.F.,.F.,(4,1,1,1,1,1,1,1,1,
1,1,1,1,1,1,1,1,1,1,1,1,1,1,1,1,1,1,1,1,1,1,1,4),(0.,0.107626156441442,
0.116731661278873,0.128486815154898,0.142395700036577,0.158166892716714,
0.175602602057852,0.194557216347194,0.214917738100317,0.23659316865271,
0.259508179747131,0.283599073824856,0.308811067431172,0.33509638778013,
0.362412893965382,0.390723050350557,0.419993144285972,0.450192678114564,
0.481293888508613,0.513271360774479,0.546101715281823,0.579763349550858,
0.614236223905408,0.649501681663423,0.685542297023231,0.72234174539079,
0.759884692062706,0.798156696053524,0.837144126516999,0.876834089717067,
0.917214364895772,0.958273347691246,0.981061949686141),.UNSPECIFIED.);
#591=B_SPLINE_CURVE_WITH_KNOTS('',3,(#7611,#7612,#7613,#7614,#7615,#7616,
#7617,#7618,#7619,#7620,#7621,#7622,#7623,#7624,#7625,#7626,#7627,#7628,
#7629,#7630,#7631,#7632,#7633,#7634,#7635,#7636,#7637,#7638,#7639,#7640,
#7641,#7642,#7643,#7644,#7645),.UNSPECIFIED.,.F.,.F.,(4,1,1,1,1,1,1,1,1,
1,1,1,1,1,1,1,1,1,1,1,1,1,1,1,1,1,1,1,1,1,1,1,4),(0.,0.107626156441442,
0.116731661278873,0.128486815154898,0.142395700036577,0.158166892716714,
0.175602602057852,0.194557216347194,0.214917738100317,0.23659316865271,
0.259508179747131,0.283599073824856,0.308811067431172,0.33509638778013,
0.362412893965382,0.390723050350557,0.419993144285972,0.450192678114564,
0.481293888508613,0.513271360774479,0.546101715281823,0.579763349550858,
0.614236223905408,0.649501681663423,0.685542297023231,0.72234174539079,
0.759884692062706,0.798156696053524,0.837144126516999,0.876834089717067,
0.917214364895772,0.958273347691246,0.981061949686139),.UNSPECIFIED.);
#592=B_SPLINE_CURVE_WITH_KNOTS('',3,(#7646,#7647,#7648,#7649,#7650,#7651,
#7652,#7653,#7654,#7655,#7656,#7657,#7658,#7659,#7660,#7661,#7662,#7663,
#7664,#7665,#7666,#7667,#7668,#7669,#7670,#7671,#7672,#7673,#7674,#7675,
#7676,#7677,#7678,#7679,#7680),.UNSPECIFIED.,.F.,.F.,(4,1,1,1,1,1,1,1,1,
1,1,1,1,1,1,1,1,1,1,1,1,1,1,1,1,1,1,1,1,1,1,1,4),(0.,0.107626156441442,
0.116731661278873,0.128486815154898,0.142395700036577,0.158166892716714,
0.175602602057852,0.194557216347194,0.214917738100317,0.23659316865271,
0.259508179747131,0.283599073824856,0.308811067431172,0.33509638778013,
0.362412893965382,0.390723050350557,0.419993144285972,0.450192678114564,
0.481293888508613,0.513271360774479,0.546101715281823,0.579763349550858,
0.614236223905408,0.649501681663423,0.685542297023231,0.72234174539079,
0.759884692062706,0.798156696053524,0.837144126516999,0.876834089717067,
0.917214364895772,0.958273347691246,0.981061949686141),.UNSPECIFIED.);
#593=B_SPLINE_CURVE_WITH_KNOTS('',3,(#7688,#7689,#7690,#7691,#7692,#7693,
#7694,#7695,#7696,#7697,#7698,#7699,#7700,#7701,#7702,#7703,#7704,#7705,
#7706,#7707,#7708,#7709,#7710,#7711,#7712,#7713,#7714,#7715,#7716,#7717,
#7718,#7719,#7720,#7721,#7722),.UNSPECIFIED.,.F.,.F.,(4,1,1,1,1,1,1,1,1,
1,1,1,1,1,1,1,1,1,1,1,1,1,1,1,1,1,1,1,1,1,1,1,4),(0.,0.107626156441442,
0.116731661278873,0.128486815154898,0.142395700036577,0.158166892716714,
0.175602602057852,0.194557216347194,0.214917738100317,0.23659316865271,
0.259508179747131,0.283599073824856,0.308811067431172,0.33509638778013,
0.362412893965382,0.390723050350557,0.419993144285972,0.450192678114564,
0.481293888508613,0.513271360774479,0.546101715281823,0.579763349550858,
0.614236223905408,0.649501681663423,0.685542297023231,0.72234174539079,
0.759884692062706,0.798156696053524,0.837144126516999,0.876834089717067,
0.917214364895772,0.958273347691246,0.981061949686139),.UNSPECIFIED.);
#594=B_SPLINE_CURVE_WITH_KNOTS('',3,(#7723,#7724,#7725,#7726,#7727,#7728,
#7729,#7730,#7731,#7732,#7733,#7734,#7735,#7736,#7737,#7738,#7739,#7740,
#7741,#7742,#7743,#7744,#7745,#7746,#7747,#7748,#7749,#7750,#7751,#7752,
#7753,#7754,#7755,#7756,#7757),.UNSPECIFIED.,.F.,.F.,(4,1,1,1,1,1,1,1,1,
1,1,1,1,1,1,1,1,1,1,1,1,1,1,1,1,1,1,1,1,1,1,1,4),(0.,0.107626156441442,
0.116731661278873,0.128486815154898,0.142395700036577,0.158166892716714,
0.175602602057852,0.194557216347194,0.214917738100317,0.23659316865271,
0.259508179747131,0.283599073824856,0.308811067431172,0.33509638778013,
0.362412893965382,0.390723050350557,0.419993144285972,0.450192678114564,
0.481293888508613,0.513271360774479,0.546101715281823,0.579763349550858,
0.614236223905408,0.649501681663423,0.685542297023231,0.72234174539079,
0.759884692062706,0.798156696053524,0.837144126516999,0.876834089717067,
0.917214364895772,0.958273347691246,0.981061949686141),.UNSPECIFIED.);
#595=ORIENTED_EDGE('',*,*,#1567,.T.);
#596=ORIENTED_EDGE('',*,*,#1568,.F.);
#597=ORIENTED_EDGE('',*,*,#1569,.T.);
#598=ORIENTED_EDGE('',*,*,#1570,.T.);
#599=ORIENTED_EDGE('',*,*,#1571,.T.);
#600=ORIENTED_EDGE('',*,*,#1572,.F.);
#601=ORIENTED_EDGE('',*,*,#1573,.T.);
#602=ORIENTED_EDGE('',*,*,#1574,.T.);
#603=ORIENTED_EDGE('',*,*,#1575,.T.);
#604=ORIENTED_EDGE('',*,*,#1576,.F.);
#605=ORIENTED_EDGE('',*,*,#1577,.T.);
#606=ORIENTED_EDGE('',*,*,#1578,.T.);
#607=ORIENTED_EDGE('',*,*,#1579,.T.);
#608=ORIENTED_EDGE('',*,*,#1580,.F.);
#609=ORIENTED_EDGE('',*,*,#1581,.T.);
#610=ORIENTED_EDGE('',*,*,#1582,.T.);
#611=ORIENTED_EDGE('',*,*,#1583,.T.);
#612=ORIENTED_EDGE('',*,*,#1584,.F.);
#613=ORIENTED_EDGE('',*,*,#1585,.T.);
#614=ORIENTED_EDGE('',*,*,#1586,.T.);
#615=ORIENTED_EDGE('',*,*,#1587,.T.);
#616=ORIENTED_EDGE('',*,*,#1588,.T.);
#617=ORIENTED_EDGE('',*,*,#1589,.T.);
#618=ORIENTED_EDGE('',*,*,#1590,.T.);
#619=ORIENTED_EDGE('',*,*,#1591,.F.);
#620=ORIENTED_EDGE('',*,*,#1592,.T.);
#621=ORIENTED_EDGE('',*,*,#1593,.F.);
#622=ORIENTED_EDGE('',*,*,#1594,.F.);
#623=ORIENTED_EDGE('',*,*,#1595,.F.);
#624=ORIENTED_EDGE('',*,*,#1596,.F.);
#625=ORIENTED_EDGE('',*,*,#1597,.F.);
#626=ORIENTED_EDGE('',*,*,#1598,.T.);
#627=ORIENTED_EDGE('',*,*,#1599,.F.);
#628=ORIENTED_EDGE('',*,*,#1600,.F.);
#629=ORIENTED_EDGE('',*,*,#1601,.F.);
#630=ORIENTED_EDGE('',*,*,#1602,.F.);
#631=ORIENTED_EDGE('',*,*,#1603,.F.);
#632=ORIENTED_EDGE('',*,*,#1604,.T.);
#633=ORIENTED_EDGE('',*,*,#1605,.F.);
#634=ORIENTED_EDGE('',*,*,#1606,.F.);
#635=ORIENTED_EDGE('',*,*,#1607,.F.);
#636=ORIENTED_EDGE('',*,*,#1608,.F.);
#637=ORIENTED_EDGE('',*,*,#1609,.F.);
#638=ORIENTED_EDGE('',*,*,#1610,.T.);
#639=ORIENTED_EDGE('',*,*,#1611,.F.);
#640=ORIENTED_EDGE('',*,*,#1612,.F.);
#641=ORIENTED_EDGE('',*,*,#1613,.F.);
#642=ORIENTED_EDGE('',*,*,#1614,.F.);
#643=ORIENTED_EDGE('',*,*,#1615,.F.);
#644=ORIENTED_EDGE('',*,*,#1616,.T.);
#645=ORIENTED_EDGE('',*,*,#1617,.F.);
#646=ORIENTED_EDGE('',*,*,#1618,.F.);
#647=ORIENTED_EDGE('',*,*,#1619,.F.);
#648=ORIENTED_EDGE('',*,*,#1620,.F.);
#649=ORIENTED_EDGE('',*,*,#1621,.F.);
#650=ORIENTED_EDGE('',*,*,#1622,.T.);
#651=ORIENTED_EDGE('',*,*,#1623,.F.);
#652=ORIENTED_EDGE('',*,*,#1624,.F.);
#653=ORIENTED_EDGE('',*,*,#1625,.F.);
#654=ORIENTED_EDGE('',*,*,#1626,.F.);
#655=ORIENTED_EDGE('',*,*,#1627,.F.);
#656=ORIENTED_EDGE('',*,*,#1628,.T.);
#657=ORIENTED_EDGE('',*,*,#1629,.F.);
#658=ORIENTED_EDGE('',*,*,#1630,.F.);
#659=ORIENTED_EDGE('',*,*,#1631,.F.);
#660=ORIENTED_EDGE('',*,*,#1632,.F.);
#661=ORIENTED_EDGE('',*,*,#1633,.F.);
#662=ORIENTED_EDGE('',*,*,#1634,.T.);
#663=ORIENTED_EDGE('',*,*,#1635,.F.);
#664=ORIENTED_EDGE('',*,*,#1636,.F.);
#665=ORIENTED_EDGE('',*,*,#1637,.F.);
#666=ORIENTED_EDGE('',*,*,#1638,.F.);
#667=ORIENTED_EDGE('',*,*,#1639,.F.);
#668=ORIENTED_EDGE('',*,*,#1640,.T.);
#669=ORIENTED_EDGE('',*,*,#1641,.F.);
#670=ORIENTED_EDGE('',*,*,#1642,.F.);
#671=ORIENTED_EDGE('',*,*,#1643,.F.);
#672=ORIENTED_EDGE('',*,*,#1644,.F.);
#673=ORIENTED_EDGE('',*,*,#1645,.F.);
#674=ORIENTED_EDGE('',*,*,#1646,.T.);
#675=ORIENTED_EDGE('',*,*,#1647,.F.);
#676=ORIENTED_EDGE('',*,*,#1648,.F.);
#677=ORIENTED_EDGE('',*,*,#1649,.F.);
#678=ORIENTED_EDGE('',*,*,#1650,.F.);
#679=ORIENTED_EDGE('',*,*,#1651,.F.);
#680=ORIENTED_EDGE('',*,*,#1652,.T.);
#681=ORIENTED_EDGE('',*,*,#1653,.F.);
#682=ORIENTED_EDGE('',*,*,#1654,.F.);
#683=ORIENTED_EDGE('',*,*,#1655,.F.);
#684=ORIENTED_EDGE('',*,*,#1656,.F.);
#685=ORIENTED_EDGE('',*,*,#1657,.F.);
#686=ORIENTED_EDGE('',*,*,#1658,.T.);
#687=ORIENTED_EDGE('',*,*,#1659,.F.);
#688=ORIENTED_EDGE('',*,*,#1660,.F.);
#689=ORIENTED_EDGE('',*,*,#1661,.F.);
#690=ORIENTED_EDGE('',*,*,#1662,.F.);
#691=ORIENTED_EDGE('',*,*,#1663,.F.);
#692=ORIENTED_EDGE('',*,*,#1664,.T.);
#693=ORIENTED_EDGE('',*,*,#1665,.F.);
#694=ORIENTED_EDGE('',*,*,#1666,.F.);
#695=ORIENTED_EDGE('',*,*,#1667,.F.);
#696=ORIENTED_EDGE('',*,*,#1668,.F.);
#697=ORIENTED_EDGE('',*,*,#1669,.F.);
#698=ORIENTED_EDGE('',*,*,#1670,.T.);
#699=ORIENTED_EDGE('',*,*,#1671,.F.);
#700=ORIENTED_EDGE('',*,*,#1672,.F.);
#701=ORIENTED_EDGE('',*,*,#1673,.F.);
#702=ORIENTED_EDGE('',*,*,#1674,.F.);
#703=ORIENTED_EDGE('',*,*,#1675,.F.);
#704=ORIENTED_EDGE('',*,*,#1676,.T.);
#705=ORIENTED_EDGE('',*,*,#1677,.F.);
#706=ORIENTED_EDGE('',*,*,#1678,.F.);
#707=ORIENTED_EDGE('',*,*,#1679,.F.);
#708=ORIENTED_EDGE('',*,*,#1680,.F.);
#709=ORIENTED_EDGE('',*,*,#1681,.F.);
#710=ORIENTED_EDGE('',*,*,#1682,.T.);
#711=ORIENTED_EDGE('',*,*,#1683,.F.);
#712=ORIENTED_EDGE('',*,*,#1684,.F.);
#713=ORIENTED_EDGE('',*,*,#1685,.F.);
#714=ORIENTED_EDGE('',*,*,#1686,.F.);
#715=ORIENTED_EDGE('',*,*,#1687,.F.);
#716=ORIENTED_EDGE('',*,*,#1688,.T.);
#717=ORIENTED_EDGE('',*,*,#1689,.F.);
#718=ORIENTED_EDGE('',*,*,#1690,.F.);
#719=ORIENTED_EDGE('',*,*,#1691,.F.);
#720=ORIENTED_EDGE('',*,*,#1692,.F.);
#721=ORIENTED_EDGE('',*,*,#1693,.F.);
#722=ORIENTED_EDGE('',*,*,#1694,.T.);
#723=ORIENTED_EDGE('',*,*,#1695,.F.);
#724=ORIENTED_EDGE('',*,*,#1696,.F.);
#725=ORIENTED_EDGE('',*,*,#1697,.F.);
#726=ORIENTED_EDGE('',*,*,#1698,.F.);
#727=ORIENTED_EDGE('',*,*,#1699,.T.);
#728=ORIENTED_EDGE('',*,*,#1700,.T.);
#729=ORIENTED_EDGE('',*,*,#1587,.F.);
#730=ORIENTED_EDGE('',*,*,#1701,.T.);
#731=ORIENTED_EDGE('',*,*,#1588,.F.);
#732=ORIENTED_EDGE('',*,*,#1702,.T.);
#733=ORIENTED_EDGE('',*,*,#1589,.F.);
#734=ORIENTED_EDGE('',*,*,#1703,.T.);
#735=ORIENTED_EDGE('',*,*,#1590,.F.);
#736=ORIENTED_EDGE('',*,*,#1704,.T.);
#737=ORIENTED_EDGE('',*,*,#1705,.T.);
#738=ORIENTED_EDGE('',*,*,#1706,.T.);
#739=ORIENTED_EDGE('',*,*,#1707,.T.);
#740=ORIENTED_EDGE('',*,*,#1708,.T.);
#741=ORIENTED_EDGE('',*,*,#1584,.T.);
#742=ORIENTED_EDGE('',*,*,#1709,.T.);
#743=ORIENTED_EDGE('',*,*,#1710,.T.);
#744=ORIENTED_EDGE('',*,*,#1711,.T.);
#745=ORIENTED_EDGE('',*,*,#1580,.T.);
#746=ORIENTED_EDGE('',*,*,#1712,.T.);
#747=ORIENTED_EDGE('',*,*,#1713,.T.);
#748=ORIENTED_EDGE('',*,*,#1714,.T.);
#749=ORIENTED_EDGE('',*,*,#1576,.T.);
#750=ORIENTED_EDGE('',*,*,#1715,.T.);
#751=ORIENTED_EDGE('',*,*,#1716,.T.);
#752=ORIENTED_EDGE('',*,*,#1717,.T.);
#753=ORIENTED_EDGE('',*,*,#1572,.T.);
#754=ORIENTED_EDGE('',*,*,#1718,.T.);
#755=ORIENTED_EDGE('',*,*,#1719,.T.);
#756=ORIENTED_EDGE('',*,*,#1720,.T.);
#757=ORIENTED_EDGE('',*,*,#1568,.T.);
#758=ORIENTED_EDGE('',*,*,#1721,.T.);
#759=ORIENTED_EDGE('',*,*,#1704,.F.);
#760=ORIENTED_EDGE('',*,*,#1703,.F.);
#761=ORIENTED_EDGE('',*,*,#1702,.F.);
#762=ORIENTED_EDGE('',*,*,#1701,.F.);
#763=ORIENTED_EDGE('',*,*,#1699,.F.);
#764=ORIENTED_EDGE('',*,*,#1722,.T.);
#765=ORIENTED_EDGE('',*,*,#1723,.T.);
#766=ORIENTED_EDGE('',*,*,#1582,.F.);
#767=ORIENTED_EDGE('',*,*,#1724,.T.);
#768=ORIENTED_EDGE('',*,*,#1725,.F.);
#769=ORIENTED_EDGE('',*,*,#1726,.T.);
#770=ORIENTED_EDGE('',*,*,#1722,.F.);
#771=ORIENTED_EDGE('',*,*,#1727,.T.);
#772=ORIENTED_EDGE('',*,*,#1728,.T.);
#773=ORIENTED_EDGE('',*,*,#1729,.T.);
#774=ORIENTED_EDGE('',*,*,#1730,.T.);
#775=ORIENTED_EDGE('',*,*,#1731,.F.);
#776=ORIENTED_EDGE('',*,*,#1729,.F.);
#777=ORIENTED_EDGE('',*,*,#1732,.T.);
#778=ORIENTED_EDGE('',*,*,#1733,.T.);
#779=ORIENTED_EDGE('',*,*,#1734,.T.);
#780=ORIENTED_EDGE('',*,*,#1735,.F.);
#781=ORIENTED_EDGE('',*,*,#1730,.F.);
#782=ORIENTED_EDGE('',*,*,#1736,.T.);
#783=ORIENTED_EDGE('',*,*,#1737,.T.);
#784=ORIENTED_EDGE('',*,*,#1738,.T.);
#785=ORIENTED_EDGE('',*,*,#1739,.T.);
#786=ORIENTED_EDGE('',*,*,#1733,.F.);
#787=ORIENTED_EDGE('',*,*,#1740,.T.);
#788=ORIENTED_EDGE('',*,*,#1728,.F.);
#789=ORIENTED_EDGE('',*,*,#1741,.T.);
#790=ORIENTED_EDGE('',*,*,#1736,.F.);
#791=ORIENTED_EDGE('',*,*,#1732,.F.);
#792=ORIENTED_EDGE('',*,*,#1735,.T.);
#793=ORIENTED_EDGE('',*,*,#1742,.T.);
#794=ORIENTED_EDGE('',*,*,#1725,.T.);
#795=ORIENTED_EDGE('',*,*,#1731,.T.);
#796=ORIENTED_EDGE('',*,*,#1581,.F.);
#797=ORIENTED_EDGE('',*,*,#1711,.F.);
#798=ORIENTED_EDGE('',*,*,#1743,.F.);
#799=ORIENTED_EDGE('',*,*,#1740,.F.);
#800=ORIENTED_EDGE('',*,*,#1737,.F.);
#801=ORIENTED_EDGE('',*,*,#1741,.F.);
#802=ORIENTED_EDGE('',*,*,#1727,.F.);
#803=ORIENTED_EDGE('',*,*,#1724,.F.);
#804=ORIENTED_EDGE('',*,*,#1743,.T.);
#805=ORIENTED_EDGE('',*,*,#1710,.F.);
#806=ORIENTED_EDGE('',*,*,#1744,.F.);
#807=ORIENTED_EDGE('',*,*,#1738,.F.);
#808=ORIENTED_EDGE('',*,*,#1734,.F.);
#809=ORIENTED_EDGE('',*,*,#1739,.F.);
#810=ORIENTED_EDGE('',*,*,#1744,.T.);
#811=ORIENTED_EDGE('',*,*,#1709,.F.);
#812=ORIENTED_EDGE('',*,*,#1583,.F.);
#813=ORIENTED_EDGE('',*,*,#1723,.F.);
#814=ORIENTED_EDGE('',*,*,#1726,.F.);
#815=ORIENTED_EDGE('',*,*,#1742,.F.);
#816=ORIENTED_EDGE('',*,*,#1745,.T.);
#817=ORIENTED_EDGE('',*,*,#1746,.T.);
#818=ORIENTED_EDGE('',*,*,#1578,.F.);
#819=ORIENTED_EDGE('',*,*,#1747,.T.);
#820=ORIENTED_EDGE('',*,*,#1748,.F.);
#821=ORIENTED_EDGE('',*,*,#1749,.T.);
#822=ORIENTED_EDGE('',*,*,#1745,.F.);
#823=ORIENTED_EDGE('',*,*,#1750,.T.);
#824=ORIENTED_EDGE('',*,*,#1751,.T.);
#825=ORIENTED_EDGE('',*,*,#1752,.T.);
#826=ORIENTED_EDGE('',*,*,#1753,.T.);
#827=ORIENTED_EDGE('',*,*,#1754,.F.);
#828=ORIENTED_EDGE('',*,*,#1752,.F.);
#829=ORIENTED_EDGE('',*,*,#1755,.T.);
#830=ORIENTED_EDGE('',*,*,#1756,.T.);
#831=ORIENTED_EDGE('',*,*,#1757,.T.);
#832=ORIENTED_EDGE('',*,*,#1758,.F.);
#833=ORIENTED_EDGE('',*,*,#1753,.F.);
#834=ORIENTED_EDGE('',*,*,#1759,.T.);
#835=ORIENTED_EDGE('',*,*,#1760,.T.);
#836=ORIENTED_EDGE('',*,*,#1761,.T.);
#837=ORIENTED_EDGE('',*,*,#1762,.T.);
#838=ORIENTED_EDGE('',*,*,#1756,.F.);
#839=ORIENTED_EDGE('',*,*,#1763,.T.);
#840=ORIENTED_EDGE('',*,*,#1751,.F.);
#841=ORIENTED_EDGE('',*,*,#1764,.T.);
#842=ORIENTED_EDGE('',*,*,#1759,.F.);
#843=ORIENTED_EDGE('',*,*,#1755,.F.);
#844=ORIENTED_EDGE('',*,*,#1758,.T.);
#845=ORIENTED_EDGE('',*,*,#1765,.T.);
#846=ORIENTED_EDGE('',*,*,#1748,.T.);
#847=ORIENTED_EDGE('',*,*,#1754,.T.);
#848=ORIENTED_EDGE('',*,*,#1577,.F.);
#849=ORIENTED_EDGE('',*,*,#1714,.F.);
#850=ORIENTED_EDGE('',*,*,#1766,.F.);
#851=ORIENTED_EDGE('',*,*,#1763,.F.);
#852=ORIENTED_EDGE('',*,*,#1760,.F.);
#853=ORIENTED_EDGE('',*,*,#1764,.F.);
#854=ORIENTED_EDGE('',*,*,#1750,.F.);
#855=ORIENTED_EDGE('',*,*,#1747,.F.);
#856=ORIENTED_EDGE('',*,*,#1766,.T.);
#857=ORIENTED_EDGE('',*,*,#1713,.F.);
#858=ORIENTED_EDGE('',*,*,#1767,.F.);
#859=ORIENTED_EDGE('',*,*,#1761,.F.);
#860=ORIENTED_EDGE('',*,*,#1757,.F.);
#861=ORIENTED_EDGE('',*,*,#1762,.F.);
#862=ORIENTED_EDGE('',*,*,#1767,.T.);
#863=ORIENTED_EDGE('',*,*,#1712,.F.);
#864=ORIENTED_EDGE('',*,*,#1579,.F.);
#865=ORIENTED_EDGE('',*,*,#1746,.F.);
#866=ORIENTED_EDGE('',*,*,#1749,.F.);
#867=ORIENTED_EDGE('',*,*,#1765,.F.);
#868=ORIENTED_EDGE('',*,*,#1768,.T.);
#869=ORIENTED_EDGE('',*,*,#1769,.T.);
#870=ORIENTED_EDGE('',*,*,#1574,.F.);
#871=ORIENTED_EDGE('',*,*,#1770,.T.);
#872=ORIENTED_EDGE('',*,*,#1771,.F.);
#873=ORIENTED_EDGE('',*,*,#1772,.T.);
#874=ORIENTED_EDGE('',*,*,#1768,.F.);
#875=ORIENTED_EDGE('',*,*,#1773,.T.);
#876=ORIENTED_EDGE('',*,*,#1774,.T.);
#877=ORIENTED_EDGE('',*,*,#1775,.T.);
#878=ORIENTED_EDGE('',*,*,#1776,.T.);
#879=ORIENTED_EDGE('',*,*,#1777,.F.);
#880=ORIENTED_EDGE('',*,*,#1775,.F.);
#881=ORIENTED_EDGE('',*,*,#1778,.T.);
#882=ORIENTED_EDGE('',*,*,#1779,.T.);
#883=ORIENTED_EDGE('',*,*,#1780,.T.);
#884=ORIENTED_EDGE('',*,*,#1781,.F.);
#885=ORIENTED_EDGE('',*,*,#1776,.F.);
#886=ORIENTED_EDGE('',*,*,#1782,.T.);
#887=ORIENTED_EDGE('',*,*,#1783,.T.);
#888=ORIENTED_EDGE('',*,*,#1784,.T.);
#889=ORIENTED_EDGE('',*,*,#1785,.T.);
#890=ORIENTED_EDGE('',*,*,#1779,.F.);
#891=ORIENTED_EDGE('',*,*,#1786,.T.);
#892=ORIENTED_EDGE('',*,*,#1774,.F.);
#893=ORIENTED_EDGE('',*,*,#1787,.T.);
#894=ORIENTED_EDGE('',*,*,#1782,.F.);
#895=ORIENTED_EDGE('',*,*,#1778,.F.);
#896=ORIENTED_EDGE('',*,*,#1781,.T.);
#897=ORIENTED_EDGE('',*,*,#1788,.T.);
#898=ORIENTED_EDGE('',*,*,#1771,.T.);
#899=ORIENTED_EDGE('',*,*,#1777,.T.);
#900=ORIENTED_EDGE('',*,*,#1573,.F.);
#901=ORIENTED_EDGE('',*,*,#1717,.F.);
#902=ORIENTED_EDGE('',*,*,#1789,.F.);
#903=ORIENTED_EDGE('',*,*,#1786,.F.);
#904=ORIENTED_EDGE('',*,*,#1783,.F.);
#905=ORIENTED_EDGE('',*,*,#1787,.F.);
#906=ORIENTED_EDGE('',*,*,#1773,.F.);
#907=ORIENTED_EDGE('',*,*,#1770,.F.);
#908=ORIENTED_EDGE('',*,*,#1789,.T.);
#909=ORIENTED_EDGE('',*,*,#1716,.F.);
#910=ORIENTED_EDGE('',*,*,#1790,.F.);
#911=ORIENTED_EDGE('',*,*,#1784,.F.);
#912=ORIENTED_EDGE('',*,*,#1780,.F.);
#913=ORIENTED_EDGE('',*,*,#1785,.F.);
#914=ORIENTED_EDGE('',*,*,#1790,.T.);
#915=ORIENTED_EDGE('',*,*,#1715,.F.);
#916=ORIENTED_EDGE('',*,*,#1575,.F.);
#917=ORIENTED_EDGE('',*,*,#1769,.F.);
#918=ORIENTED_EDGE('',*,*,#1772,.F.);
#919=ORIENTED_EDGE('',*,*,#1788,.F.);
#920=ORIENTED_EDGE('',*,*,#1791,.T.);
#921=ORIENTED_EDGE('',*,*,#1792,.T.);
#922=ORIENTED_EDGE('',*,*,#1570,.F.);
#923=ORIENTED_EDGE('',*,*,#1793,.T.);
#924=ORIENTED_EDGE('',*,*,#1794,.F.);
#925=ORIENTED_EDGE('',*,*,#1795,.T.);
#926=ORIENTED_EDGE('',*,*,#1791,.F.);
#927=ORIENTED_EDGE('',*,*,#1796,.T.);
#928=ORIENTED_EDGE('',*,*,#1797,.T.);
#929=ORIENTED_EDGE('',*,*,#1798,.T.);
#930=ORIENTED_EDGE('',*,*,#1799,.T.);
#931=ORIENTED_EDGE('',*,*,#1800,.F.);
#932=ORIENTED_EDGE('',*,*,#1798,.F.);
#933=ORIENTED_EDGE('',*,*,#1801,.T.);
#934=ORIENTED_EDGE('',*,*,#1802,.T.);
#935=ORIENTED_EDGE('',*,*,#1803,.T.);
#936=ORIENTED_EDGE('',*,*,#1804,.F.);
#937=ORIENTED_EDGE('',*,*,#1799,.F.);
#938=ORIENTED_EDGE('',*,*,#1805,.T.);
#939=ORIENTED_EDGE('',*,*,#1806,.T.);
#940=ORIENTED_EDGE('',*,*,#1807,.T.);
#941=ORIENTED_EDGE('',*,*,#1808,.T.);
#942=ORIENTED_EDGE('',*,*,#1802,.F.);
#943=ORIENTED_EDGE('',*,*,#1809,.T.);
#944=ORIENTED_EDGE('',*,*,#1797,.F.);
#945=ORIENTED_EDGE('',*,*,#1810,.T.);
#946=ORIENTED_EDGE('',*,*,#1805,.F.);
#947=ORIENTED_EDGE('',*,*,#1801,.F.);
#948=ORIENTED_EDGE('',*,*,#1804,.T.);
#949=ORIENTED_EDGE('',*,*,#1811,.T.);
#950=ORIENTED_EDGE('',*,*,#1794,.T.);
#951=ORIENTED_EDGE('',*,*,#1800,.T.);
#952=ORIENTED_EDGE('',*,*,#1569,.F.);
#953=ORIENTED_EDGE('',*,*,#1720,.F.);
#954=ORIENTED_EDGE('',*,*,#1812,.F.);
#955=ORIENTED_EDGE('',*,*,#1809,.F.);
#956=ORIENTED_EDGE('',*,*,#1806,.F.);
#957=ORIENTED_EDGE('',*,*,#1810,.F.);
#958=ORIENTED_EDGE('',*,*,#1796,.F.);
#959=ORIENTED_EDGE('',*,*,#1793,.F.);
#960=ORIENTED_EDGE('',*,*,#1812,.T.);
#961=ORIENTED_EDGE('',*,*,#1719,.F.);
#962=ORIENTED_EDGE('',*,*,#1813,.F.);
#963=ORIENTED_EDGE('',*,*,#1807,.F.);
#964=ORIENTED_EDGE('',*,*,#1803,.F.);
#965=ORIENTED_EDGE('',*,*,#1808,.F.);
#966=ORIENTED_EDGE('',*,*,#1813,.T.);
#967=ORIENTED_EDGE('',*,*,#1718,.F.);
#968=ORIENTED_EDGE('',*,*,#1571,.F.);
#969=ORIENTED_EDGE('',*,*,#1792,.F.);
#970=ORIENTED_EDGE('',*,*,#1795,.F.);
#971=ORIENTED_EDGE('',*,*,#1811,.F.);
#972=ORIENTED_EDGE('',*,*,#1814,.T.);
#973=ORIENTED_EDGE('',*,*,#1815,.T.);
#974=ORIENTED_EDGE('',*,*,#1586,.F.);
#975=ORIENTED_EDGE('',*,*,#1816,.T.);
#976=ORIENTED_EDGE('',*,*,#1817,.F.);
#977=ORIENTED_EDGE('',*,*,#1818,.T.);
#978=ORIENTED_EDGE('',*,*,#1814,.F.);
#979=ORIENTED_EDGE('',*,*,#1819,.T.);
#980=ORIENTED_EDGE('',*,*,#1820,.T.);
#981=ORIENTED_EDGE('',*,*,#1821,.T.);
#982=ORIENTED_EDGE('',*,*,#1822,.T.);
#983=ORIENTED_EDGE('',*,*,#1823,.F.);
#984=ORIENTED_EDGE('',*,*,#1821,.F.);
#985=ORIENTED_EDGE('',*,*,#1824,.T.);
#986=ORIENTED_EDGE('',*,*,#1825,.T.);
#987=ORIENTED_EDGE('',*,*,#1826,.T.);
#988=ORIENTED_EDGE('',*,*,#1827,.F.);
#989=ORIENTED_EDGE('',*,*,#1822,.F.);
#990=ORIENTED_EDGE('',*,*,#1828,.T.);
#991=ORIENTED_EDGE('',*,*,#1829,.T.);
#992=ORIENTED_EDGE('',*,*,#1830,.T.);
#993=ORIENTED_EDGE('',*,*,#1831,.T.);
#994=ORIENTED_EDGE('',*,*,#1825,.F.);
#995=ORIENTED_EDGE('',*,*,#1832,.T.);
#996=ORIENTED_EDGE('',*,*,#1820,.F.);
#997=ORIENTED_EDGE('',*,*,#1833,.T.);
#998=ORIENTED_EDGE('',*,*,#1828,.F.);
#999=ORIENTED_EDGE('',*,*,#1824,.F.);
#1000=ORIENTED_EDGE('',*,*,#1827,.T.);
#1001=ORIENTED_EDGE('',*,*,#1834,.T.);
#1002=ORIENTED_EDGE('',*,*,#1817,.T.);
#1003=ORIENTED_EDGE('',*,*,#1823,.T.);
#1004=ORIENTED_EDGE('',*,*,#1585,.F.);
#1005=ORIENTED_EDGE('',*,*,#1708,.F.);
#1006=ORIENTED_EDGE('',*,*,#1835,.F.);
#1007=ORIENTED_EDGE('',*,*,#1832,.F.);
#1008=ORIENTED_EDGE('',*,*,#1829,.F.);
#1009=ORIENTED_EDGE('',*,*,#1833,.F.);
#1010=ORIENTED_EDGE('',*,*,#1819,.F.);
#1011=ORIENTED_EDGE('',*,*,#1816,.F.);
#1012=ORIENTED_EDGE('',*,*,#1835,.T.);
#1013=ORIENTED_EDGE('',*,*,#1707,.F.);
#1014=ORIENTED_EDGE('',*,*,#1836,.F.);
#1015=ORIENTED_EDGE('',*,*,#1830,.F.);
#1016=ORIENTED_EDGE('',*,*,#1826,.F.);
#1017=ORIENTED_EDGE('',*,*,#1831,.F.);
#1018=ORIENTED_EDGE('',*,*,#1836,.T.);
#1019=ORIENTED_EDGE('',*,*,#1706,.F.);
#1020=ORIENTED_EDGE('',*,*,#1567,.F.);
#1021=ORIENTED_EDGE('',*,*,#1815,.F.);
#1022=ORIENTED_EDGE('',*,*,#1818,.F.);
#1023=ORIENTED_EDGE('',*,*,#1834,.F.);
#1024=ORIENTED_EDGE('',*,*,#1837,.F.);
#1025=ORIENTED_EDGE('',*,*,#1838,.F.);
#1026=ORIENTED_EDGE('',*,*,#1839,.T.);
#1027=ORIENTED_EDGE('',*,*,#1593,.T.);
#1028=ORIENTED_EDGE('',*,*,#1840,.F.);
#1029=ORIENTED_EDGE('',*,*,#1841,.F.);
#1030=ORIENTED_EDGE('',*,*,#1842,.T.);
#1031=ORIENTED_EDGE('',*,*,#1599,.T.);
#1032=ORIENTED_EDGE('',*,*,#1843,.F.);
#1033=ORIENTED_EDGE('',*,*,#1844,.F.);
#1034=ORIENTED_EDGE('',*,*,#1845,.T.);
#1035=ORIENTED_EDGE('',*,*,#1611,.T.);
#1036=ORIENTED_EDGE('',*,*,#1846,.F.);
#1037=ORIENTED_EDGE('',*,*,#1847,.T.);
#1038=ORIENTED_EDGE('',*,*,#1605,.T.);
#1039=ORIENTED_EDGE('',*,*,#1848,.F.);
#1040=ORIENTED_EDGE('',*,*,#1849,.F.);
#1041=ORIENTED_EDGE('',*,*,#1850,.F.);
#1042=ORIENTED_EDGE('',*,*,#1851,.T.);
#1043=ORIENTED_EDGE('',*,*,#1683,.T.);
#1044=ORIENTED_EDGE('',*,*,#1852,.F.);
#1045=ORIENTED_EDGE('',*,*,#1853,.T.);
#1046=ORIENTED_EDGE('',*,*,#1677,.T.);
#1047=ORIENTED_EDGE('',*,*,#1854,.F.);
#1048=ORIENTED_EDGE('',*,*,#1855,.F.);
#1049=ORIENTED_EDGE('',*,*,#1856,.F.);
#1050=ORIENTED_EDGE('',*,*,#1857,.T.);
#1051=ORIENTED_EDGE('',*,*,#1689,.T.);
#1052=ORIENTED_EDGE('',*,*,#1858,.F.);
#1053=ORIENTED_EDGE('',*,*,#1859,.T.);
#1054=ORIENTED_EDGE('',*,*,#1695,.T.);
#1055=ORIENTED_EDGE('',*,*,#1860,.F.);
#1056=ORIENTED_EDGE('',*,*,#1861,.F.);
#1057=ORIENTED_EDGE('',*,*,#1862,.F.);
#1058=ORIENTED_EDGE('',*,*,#1863,.T.);
#1059=ORIENTED_EDGE('',*,*,#1659,.T.);
#1060=ORIENTED_EDGE('',*,*,#1864,.F.);
#1061=ORIENTED_EDGE('',*,*,#1865,.T.);
#1062=ORIENTED_EDGE('',*,*,#1653,.T.);
#1063=ORIENTED_EDGE('',*,*,#1866,.F.);
#1064=ORIENTED_EDGE('',*,*,#1867,.F.);
#1065=ORIENTED_EDGE('',*,*,#1868,.F.);
#1066=ORIENTED_EDGE('',*,*,#1869,.T.);
#1067=ORIENTED_EDGE('',*,*,#1665,.T.);
#1068=ORIENTED_EDGE('',*,*,#1870,.F.);
#1069=ORIENTED_EDGE('',*,*,#1871,.T.);
#1070=ORIENTED_EDGE('',*,*,#1671,.T.);
#1071=ORIENTED_EDGE('',*,*,#1872,.F.);
#1072=ORIENTED_EDGE('',*,*,#1873,.F.);
#1073=ORIENTED_EDGE('',*,*,#1874,.T.);
#1074=ORIENTED_EDGE('',*,*,#1647,.T.);
#1075=ORIENTED_EDGE('',*,*,#1875,.F.);
#1076=ORIENTED_EDGE('',*,*,#1876,.F.);
#1077=ORIENTED_EDGE('',*,*,#1877,.T.);
#1078=ORIENTED_EDGE('',*,*,#1641,.T.);
#1079=ORIENTED_EDGE('',*,*,#1878,.F.);
#1080=ORIENTED_EDGE('',*,*,#1879,.F.);
#1081=ORIENTED_EDGE('',*,*,#1880,.F.);
#1082=ORIENTED_EDGE('',*,*,#1881,.T.);
#1083=ORIENTED_EDGE('',*,*,#1629,.T.);
#1084=ORIENTED_EDGE('',*,*,#1882,.F.);
#1085=ORIENTED_EDGE('',*,*,#1883,.T.);
#1086=ORIENTED_EDGE('',*,*,#1635,.T.);
#1087=ORIENTED_EDGE('',*,*,#1884,.F.);
#1088=ORIENTED_EDGE('',*,*,#1885,.F.);
#1089=ORIENTED_EDGE('',*,*,#1886,.T.);
#1090=ORIENTED_EDGE('',*,*,#1623,.T.);
#1091=ORIENTED_EDGE('',*,*,#1887,.F.);
#1092=ORIENTED_EDGE('',*,*,#1700,.F.);
#1093=ORIENTED_EDGE('',*,*,#1888,.F.);
#1094=ORIENTED_EDGE('',*,*,#1889,.T.);
#1095=ORIENTED_EDGE('',*,*,#1858,.T.);
#1096=ORIENTED_EDGE('',*,*,#1890,.F.);
#1097=ORIENTED_EDGE('',*,*,#1891,.F.);
#1098=ORIENTED_EDGE('',*,*,#1892,.T.);
#1099=ORIENTED_EDGE('',*,*,#1893,.F.);
#1100=ORIENTED_EDGE('',*,*,#1894,.T.);
#1101=ORIENTED_EDGE('',*,*,#1856,.T.);
#1102=ORIENTED_EDGE('',*,*,#1895,.F.);
#1103=ORIENTED_EDGE('',*,*,#1896,.F.);
#1104=ORIENTED_EDGE('',*,*,#1897,.T.);
#1105=ORIENTED_EDGE('',*,*,#1898,.F.);
#1106=ORIENTED_EDGE('',*,*,#1899,.T.);
#1107=ORIENTED_EDGE('',*,*,#1850,.T.);
#1108=ORIENTED_EDGE('',*,*,#1900,.F.);
#1109=ORIENTED_EDGE('',*,*,#1901,.F.);
#1110=ORIENTED_EDGE('',*,*,#1902,.T.);
#1111=ORIENTED_EDGE('',*,*,#1903,.F.);
#1112=ORIENTED_EDGE('',*,*,#1904,.T.);
#1113=ORIENTED_EDGE('',*,*,#1852,.T.);
#1114=ORIENTED_EDGE('',*,*,#1905,.F.);
#1115=ORIENTED_EDGE('',*,*,#1906,.F.);
#1116=ORIENTED_EDGE('',*,*,#1907,.T.);
#1117=ORIENTED_EDGE('',*,*,#1908,.F.);
#1118=ORIENTED_EDGE('',*,*,#1909,.T.);
#1119=ORIENTED_EDGE('',*,*,#1870,.T.);
#1120=ORIENTED_EDGE('',*,*,#1910,.F.);
#1121=ORIENTED_EDGE('',*,*,#1911,.F.);
#1122=ORIENTED_EDGE('',*,*,#1912,.T.);
#1123=ORIENTED_EDGE('',*,*,#1913,.F.);
#1124=ORIENTED_EDGE('',*,*,#1914,.T.);
#1125=ORIENTED_EDGE('',*,*,#1868,.T.);
#1126=ORIENTED_EDGE('',*,*,#1915,.F.);
#1127=ORIENTED_EDGE('',*,*,#1916,.F.);
#1128=ORIENTED_EDGE('',*,*,#1917,.T.);
#1129=ORIENTED_EDGE('',*,*,#1918,.F.);
#1130=ORIENTED_EDGE('',*,*,#1919,.T.);
#1131=ORIENTED_EDGE('',*,*,#1862,.T.);
#1132=ORIENTED_EDGE('',*,*,#1920,.F.);
#1133=ORIENTED_EDGE('',*,*,#1921,.F.);
#1134=ORIENTED_EDGE('',*,*,#1922,.T.);
#1135=ORIENTED_EDGE('',*,*,#1923,.F.);
#1136=ORIENTED_EDGE('',*,*,#1924,.T.);
#1137=ORIENTED_EDGE('',*,*,#1864,.T.);
#1138=ORIENTED_EDGE('',*,*,#1925,.F.);
#1139=ORIENTED_EDGE('',*,*,#1926,.F.);
#1140=ORIENTED_EDGE('',*,*,#1927,.T.);
#1141=ORIENTED_EDGE('',*,*,#1928,.F.);
#1142=ORIENTED_EDGE('',*,*,#1929,.T.);
#1143=ORIENTED_EDGE('',*,*,#1873,.T.);
#1144=ORIENTED_EDGE('',*,*,#1930,.F.);
#1145=ORIENTED_EDGE('',*,*,#1931,.F.);
#1146=ORIENTED_EDGE('',*,*,#1932,.T.);
#1147=ORIENTED_EDGE('',*,*,#1933,.F.);
#1148=ORIENTED_EDGE('',*,*,#1934,.T.);
#1149=ORIENTED_EDGE('',*,*,#1876,.T.);
#1150=ORIENTED_EDGE('',*,*,#1935,.F.);
#1151=ORIENTED_EDGE('',*,*,#1936,.F.);
#1152=ORIENTED_EDGE('',*,*,#1937,.T.);
#1153=ORIENTED_EDGE('',*,*,#1938,.F.);
#1154=ORIENTED_EDGE('',*,*,#1939,.T.);
#1155=ORIENTED_EDGE('',*,*,#1882,.T.);
#1156=ORIENTED_EDGE('',*,*,#1940,.F.);
#1157=ORIENTED_EDGE('',*,*,#1941,.F.);
#1158=ORIENTED_EDGE('',*,*,#1942,.T.);
#1159=ORIENTED_EDGE('',*,*,#1943,.F.);
#1160=ORIENTED_EDGE('',*,*,#1944,.T.);
#1161=ORIENTED_EDGE('',*,*,#1880,.T.);
#1162=ORIENTED_EDGE('',*,*,#1945,.F.);
#1163=ORIENTED_EDGE('',*,*,#1946,.F.);
#1164=ORIENTED_EDGE('',*,*,#1947,.T.);
#1165=ORIENTED_EDGE('',*,*,#1948,.F.);
#1166=ORIENTED_EDGE('',*,*,#1949,.T.);
#1167=ORIENTED_EDGE('',*,*,#1885,.T.);
#1168=ORIENTED_EDGE('',*,*,#1950,.F.);
#1169=ORIENTED_EDGE('',*,*,#1951,.F.);
#1170=ORIENTED_EDGE('',*,*,#1952,.T.);
#1171=ORIENTED_EDGE('',*,*,#1953,.F.);
#1172=ORIENTED_EDGE('',*,*,#1954,.T.);
#1173=ORIENTED_EDGE('',*,*,#1955,.T.);
#1174=ORIENTED_EDGE('',*,*,#1956,.F.);
#1175=ORIENTED_EDGE('',*,*,#1957,.F.);
#1176=ORIENTED_EDGE('',*,*,#1958,.T.);
#1177=ORIENTED_EDGE('',*,*,#1959,.F.);
#1178=ORIENTED_EDGE('',*,*,#1960,.T.);
#1179=ORIENTED_EDGE('',*,*,#1844,.T.);
#1180=ORIENTED_EDGE('',*,*,#1961,.F.);
#1181=ORIENTED_EDGE('',*,*,#1962,.F.);
#1182=ORIENTED_EDGE('',*,*,#1963,.T.);
#1183=ORIENTED_EDGE('',*,*,#1964,.F.);
#1184=ORIENTED_EDGE('',*,*,#1965,.T.);
#1185=ORIENTED_EDGE('',*,*,#1846,.T.);
#1186=ORIENTED_EDGE('',*,*,#1966,.F.);
#1187=ORIENTED_EDGE('',*,*,#1967,.F.);
#1188=ORIENTED_EDGE('',*,*,#1968,.T.);
#1189=ORIENTED_EDGE('',*,*,#1969,.F.);
#1190=ORIENTED_EDGE('',*,*,#1970,.T.);
#1191=ORIENTED_EDGE('',*,*,#1841,.T.);
#1192=ORIENTED_EDGE('',*,*,#1971,.F.);
#1193=ORIENTED_EDGE('',*,*,#1972,.F.);
#1194=ORIENTED_EDGE('',*,*,#1973,.T.);
#1195=ORIENTED_EDGE('',*,*,#1974,.F.);
#1196=ORIENTED_EDGE('',*,*,#1975,.T.);
#1197=ORIENTED_EDGE('',*,*,#1838,.T.);
#1198=ORIENTED_EDGE('',*,*,#1976,.F.);
#1199=ORIENTED_EDGE('',*,*,#1977,.F.);
#1200=ORIENTED_EDGE('',*,*,#1978,.T.);
#1201=ORIENTED_EDGE('',*,*,#1955,.F.);
#1202=ORIENTED_EDGE('',*,*,#1979,.T.);
#1203=ORIENTED_EDGE('',*,*,#1617,.T.);
#1204=ORIENTED_EDGE('',*,*,#1980,.F.);
#1205=ORIENTED_EDGE('',*,*,#1956,.T.);
#1206=ORIENTED_EDGE('',*,*,#1980,.T.);
#1207=ORIENTED_EDGE('',*,*,#1616,.F.);
#1208=ORIENTED_EDGE('',*,*,#1981,.F.);
#1209=ORIENTED_EDGE('',*,*,#1612,.T.);
#1210=ORIENTED_EDGE('',*,*,#1845,.F.);
#1211=ORIENTED_EDGE('',*,*,#1960,.F.);
#1212=ORIENTED_EDGE('',*,*,#1982,.F.);
#1213=ORIENTED_EDGE('',*,*,#1614,.T.);
#1214=ORIENTED_EDGE('',*,*,#1983,.F.);
#1215=ORIENTED_EDGE('',*,*,#1958,.F.);
#1216=ORIENTED_EDGE('',*,*,#1984,.F.);
#1217=ORIENTED_EDGE('',*,*,#1957,.T.);
#1218=ORIENTED_EDGE('',*,*,#1981,.T.);
#1219=ORIENTED_EDGE('',*,*,#1615,.T.);
#1220=ORIENTED_EDGE('',*,*,#1984,.T.);
#1221=ORIENTED_EDGE('',*,*,#1959,.T.);
#1222=ORIENTED_EDGE('',*,*,#1983,.T.);
#1223=ORIENTED_EDGE('',*,*,#1613,.T.);
#1224=ORIENTED_EDGE('',*,*,#1982,.T.);
#1225=ORIENTED_EDGE('',*,*,#1950,.T.);
#1226=ORIENTED_EDGE('',*,*,#1887,.T.);
#1227=ORIENTED_EDGE('',*,*,#1622,.F.);
#1228=ORIENTED_EDGE('',*,*,#1985,.F.);
#1229=ORIENTED_EDGE('',*,*,#1618,.T.);
#1230=ORIENTED_EDGE('',*,*,#1979,.F.);
#1231=ORIENTED_EDGE('',*,*,#1954,.F.);
#1232=ORIENTED_EDGE('',*,*,#1986,.F.);
#1233=ORIENTED_EDGE('',*,*,#1620,.T.);
#1234=ORIENTED_EDGE('',*,*,#1987,.F.);
#1235=ORIENTED_EDGE('',*,*,#1952,.F.);
#1236=ORIENTED_EDGE('',*,*,#1988,.F.);
#1237=ORIENTED_EDGE('',*,*,#1951,.T.);
#1238=ORIENTED_EDGE('',*,*,#1985,.T.);
#1239=ORIENTED_EDGE('',*,*,#1621,.T.);
#1240=ORIENTED_EDGE('',*,*,#1988,.T.);
#1241=ORIENTED_EDGE('',*,*,#1953,.T.);
#1242=ORIENTED_EDGE('',*,*,#1987,.T.);
#1243=ORIENTED_EDGE('',*,*,#1619,.T.);
#1244=ORIENTED_EDGE('',*,*,#1986,.T.);
#1245=ORIENTED_EDGE('',*,*,#1940,.T.);
#1246=ORIENTED_EDGE('',*,*,#1884,.T.);
#1247=ORIENTED_EDGE('',*,*,#1634,.F.);
#1248=ORIENTED_EDGE('',*,*,#1989,.F.);
#1249=ORIENTED_EDGE('',*,*,#1630,.T.);
#1250=ORIENTED_EDGE('',*,*,#1881,.F.);
#1251=ORIENTED_EDGE('',*,*,#1944,.F.);
#1252=ORIENTED_EDGE('',*,*,#1990,.F.);
#1253=ORIENTED_EDGE('',*,*,#1632,.T.);
#1254=ORIENTED_EDGE('',*,*,#1991,.F.);
#1255=ORIENTED_EDGE('',*,*,#1942,.F.);
#1256=ORIENTED_EDGE('',*,*,#1992,.F.);
#1257=ORIENTED_EDGE('',*,*,#1941,.T.);
#1258=ORIENTED_EDGE('',*,*,#1989,.T.);
#1259=ORIENTED_EDGE('',*,*,#1633,.T.);
#1260=ORIENTED_EDGE('',*,*,#1992,.T.);
#1261=ORIENTED_EDGE('',*,*,#1943,.T.);
#1262=ORIENTED_EDGE('',*,*,#1991,.T.);
#1263=ORIENTED_EDGE('',*,*,#1631,.T.);
#1264=ORIENTED_EDGE('',*,*,#1990,.T.);
#1265=ORIENTED_EDGE('',*,*,#1945,.T.);
#1266=ORIENTED_EDGE('',*,*,#1879,.T.);
#1267=ORIENTED_EDGE('',*,*,#1628,.F.);
#1268=ORIENTED_EDGE('',*,*,#1993,.F.);
#1269=ORIENTED_EDGE('',*,*,#1624,.T.);
#1270=ORIENTED_EDGE('',*,*,#1886,.F.);
#1271=ORIENTED_EDGE('',*,*,#1949,.F.);
#1272=ORIENTED_EDGE('',*,*,#1994,.F.);
#1273=ORIENTED_EDGE('',*,*,#1626,.T.);
#1274=ORIENTED_EDGE('',*,*,#1995,.F.);
#1275=ORIENTED_EDGE('',*,*,#1947,.F.);
#1276=ORIENTED_EDGE('',*,*,#1996,.F.);
#1277=ORIENTED_EDGE('',*,*,#1946,.T.);
#1278=ORIENTED_EDGE('',*,*,#1993,.T.);
#1279=ORIENTED_EDGE('',*,*,#1627,.T.);
#1280=ORIENTED_EDGE('',*,*,#1996,.T.);
#1281=ORIENTED_EDGE('',*,*,#1948,.T.);
#1282=ORIENTED_EDGE('',*,*,#1995,.T.);
#1283=ORIENTED_EDGE('',*,*,#1625,.T.);
#1284=ORIENTED_EDGE('',*,*,#1994,.T.);
#1285=ORIENTED_EDGE('',*,*,#1935,.T.);
#1286=ORIENTED_EDGE('',*,*,#1878,.T.);
#1287=ORIENTED_EDGE('',*,*,#1640,.F.);
#1288=ORIENTED_EDGE('',*,*,#1997,.F.);
#1289=ORIENTED_EDGE('',*,*,#1636,.T.);
#1290=ORIENTED_EDGE('',*,*,#1883,.F.);
#1291=ORIENTED_EDGE('',*,*,#1939,.F.);
#1292=ORIENTED_EDGE('',*,*,#1998,.F.);
#1293=ORIENTED_EDGE('',*,*,#1638,.T.);
#1294=ORIENTED_EDGE('',*,*,#1999,.F.);
#1295=ORIENTED_EDGE('',*,*,#1937,.F.);
#1296=ORIENTED_EDGE('',*,*,#2000,.F.);
#1297=ORIENTED_EDGE('',*,*,#1936,.T.);
#1298=ORIENTED_EDGE('',*,*,#1997,.T.);
#1299=ORIENTED_EDGE('',*,*,#1639,.T.);
#1300=ORIENTED_EDGE('',*,*,#2000,.T.);
#1301=ORIENTED_EDGE('',*,*,#1938,.T.);
#1302=ORIENTED_EDGE('',*,*,#1999,.T.);
#1303=ORIENTED_EDGE('',*,*,#1637,.T.);
#1304=ORIENTED_EDGE('',*,*,#1998,.T.);
#1305=ORIENTED_EDGE('',*,*,#1930,.T.);
#1306=ORIENTED_EDGE('',*,*,#1875,.T.);
#1307=ORIENTED_EDGE('',*,*,#1646,.F.);
#1308=ORIENTED_EDGE('',*,*,#2001,.F.);
#1309=ORIENTED_EDGE('',*,*,#1642,.T.);
#1310=ORIENTED_EDGE('',*,*,#1877,.F.);
#1311=ORIENTED_EDGE('',*,*,#1934,.F.);
#1312=ORIENTED_EDGE('',*,*,#2002,.F.);
#1313=ORIENTED_EDGE('',*,*,#1644,.T.);
#1314=ORIENTED_EDGE('',*,*,#2003,.F.);
#1315=ORIENTED_EDGE('',*,*,#1932,.F.);
#1316=ORIENTED_EDGE('',*,*,#2004,.F.);
#1317=ORIENTED_EDGE('',*,*,#1931,.T.);
#1318=ORIENTED_EDGE('',*,*,#2001,.T.);
#1319=ORIENTED_EDGE('',*,*,#1645,.T.);
#1320=ORIENTED_EDGE('',*,*,#2004,.T.);
#1321=ORIENTED_EDGE('',*,*,#1933,.T.);
#1322=ORIENTED_EDGE('',*,*,#2003,.T.);
#1323=ORIENTED_EDGE('',*,*,#1643,.T.);
#1324=ORIENTED_EDGE('',*,*,#2002,.T.);
#1325=ORIENTED_EDGE('',*,*,#1910,.T.);
#1326=ORIENTED_EDGE('',*,*,#1872,.T.);
#1327=ORIENTED_EDGE('',*,*,#1670,.F.);
#1328=ORIENTED_EDGE('',*,*,#2005,.F.);
#1329=ORIENTED_EDGE('',*,*,#1666,.T.);
#1330=ORIENTED_EDGE('',*,*,#1869,.F.);
#1331=ORIENTED_EDGE('',*,*,#1914,.F.);
#1332=ORIENTED_EDGE('',*,*,#2006,.F.);
#1333=ORIENTED_EDGE('',*,*,#1668,.T.);
#1334=ORIENTED_EDGE('',*,*,#2007,.F.);
#1335=ORIENTED_EDGE('',*,*,#1912,.F.);
#1336=ORIENTED_EDGE('',*,*,#2008,.F.);
#1337=ORIENTED_EDGE('',*,*,#1911,.T.);
#1338=ORIENTED_EDGE('',*,*,#2005,.T.);
#1339=ORIENTED_EDGE('',*,*,#1669,.T.);
#1340=ORIENTED_EDGE('',*,*,#2008,.T.);
#1341=ORIENTED_EDGE('',*,*,#1913,.T.);
#1342=ORIENTED_EDGE('',*,*,#2007,.T.);
#1343=ORIENTED_EDGE('',*,*,#1667,.T.);
#1344=ORIENTED_EDGE('',*,*,#2006,.T.);
#1345=ORIENTED_EDGE('',*,*,#1915,.T.);
#1346=ORIENTED_EDGE('',*,*,#1867,.T.);
#1347=ORIENTED_EDGE('',*,*,#1664,.F.);
#1348=ORIENTED_EDGE('',*,*,#2009,.F.);
#1349=ORIENTED_EDGE('',*,*,#1660,.T.);
#1350=ORIENTED_EDGE('',*,*,#1863,.F.);
#1351=ORIENTED_EDGE('',*,*,#1919,.F.);
#1352=ORIENTED_EDGE('',*,*,#2010,.F.);
#1353=ORIENTED_EDGE('',*,*,#1662,.T.);
#1354=ORIENTED_EDGE('',*,*,#2011,.F.);
#1355=ORIENTED_EDGE('',*,*,#1917,.F.);
#1356=ORIENTED_EDGE('',*,*,#2012,.F.);
#1357=ORIENTED_EDGE('',*,*,#1916,.T.);
#1358=ORIENTED_EDGE('',*,*,#2009,.T.);
#1359=ORIENTED_EDGE('',*,*,#1663,.T.);
#1360=ORIENTED_EDGE('',*,*,#2012,.T.);
#1361=ORIENTED_EDGE('',*,*,#1918,.T.);
#1362=ORIENTED_EDGE('',*,*,#2011,.T.);
#1363=ORIENTED_EDGE('',*,*,#1661,.T.);
#1364=ORIENTED_EDGE('',*,*,#2010,.T.);
#1365=ORIENTED_EDGE('',*,*,#1925,.T.);
#1366=ORIENTED_EDGE('',*,*,#1866,.T.);
#1367=ORIENTED_EDGE('',*,*,#1652,.F.);
#1368=ORIENTED_EDGE('',*,*,#2013,.F.);
#1369=ORIENTED_EDGE('',*,*,#1648,.T.);
#1370=ORIENTED_EDGE('',*,*,#1874,.F.);
#1371=ORIENTED_EDGE('',*,*,#1929,.F.);
#1372=ORIENTED_EDGE('',*,*,#2014,.F.);
#1373=ORIENTED_EDGE('',*,*,#1650,.T.);
#1374=ORIENTED_EDGE('',*,*,#2015,.F.);
#1375=ORIENTED_EDGE('',*,*,#1927,.F.);
#1376=ORIENTED_EDGE('',*,*,#2016,.F.);
#1377=ORIENTED_EDGE('',*,*,#1926,.T.);
#1378=ORIENTED_EDGE('',*,*,#2013,.T.);
#1379=ORIENTED_EDGE('',*,*,#1651,.T.);
#1380=ORIENTED_EDGE('',*,*,#2016,.T.);
#1381=ORIENTED_EDGE('',*,*,#1928,.T.);
#1382=ORIENTED_EDGE('',*,*,#2015,.T.);
#1383=ORIENTED_EDGE('',*,*,#1649,.T.);
#1384=ORIENTED_EDGE('',*,*,#2014,.T.);
#1385=ORIENTED_EDGE('',*,*,#1920,.T.);
#1386=ORIENTED_EDGE('',*,*,#1861,.T.);
#1387=ORIENTED_EDGE('',*,*,#1658,.F.);
#1388=ORIENTED_EDGE('',*,*,#2017,.F.);
#1389=ORIENTED_EDGE('',*,*,#1654,.T.);
#1390=ORIENTED_EDGE('',*,*,#1865,.F.);
#1391=ORIENTED_EDGE('',*,*,#1924,.F.);
#1392=ORIENTED_EDGE('',*,*,#2018,.F.);
#1393=ORIENTED_EDGE('',*,*,#1656,.T.);
#1394=ORIENTED_EDGE('',*,*,#2019,.F.);
#1395=ORIENTED_EDGE('',*,*,#1922,.F.);
#1396=ORIENTED_EDGE('',*,*,#2020,.F.);
#1397=ORIENTED_EDGE('',*,*,#1921,.T.);
#1398=ORIENTED_EDGE('',*,*,#2017,.T.);
#1399=ORIENTED_EDGE('',*,*,#1657,.T.);
#1400=ORIENTED_EDGE('',*,*,#2020,.T.);
#1401=ORIENTED_EDGE('',*,*,#1923,.T.);
#1402=ORIENTED_EDGE('',*,*,#2019,.T.);
#1403=ORIENTED_EDGE('',*,*,#1655,.T.);
#1404=ORIENTED_EDGE('',*,*,#2018,.T.);
#1405=ORIENTED_EDGE('',*,*,#1890,.T.);
#1406=ORIENTED_EDGE('',*,*,#1860,.T.);
#1407=ORIENTED_EDGE('',*,*,#1694,.F.);
#1408=ORIENTED_EDGE('',*,*,#2021,.F.);
#1409=ORIENTED_EDGE('',*,*,#1690,.T.);
#1410=ORIENTED_EDGE('',*,*,#1857,.F.);
#1411=ORIENTED_EDGE('',*,*,#1894,.F.);
#1412=ORIENTED_EDGE('',*,*,#2022,.F.);
#1413=ORIENTED_EDGE('',*,*,#1692,.T.);
#1414=ORIENTED_EDGE('',*,*,#2023,.F.);
#1415=ORIENTED_EDGE('',*,*,#1892,.F.);
#1416=ORIENTED_EDGE('',*,*,#2024,.F.);
#1417=ORIENTED_EDGE('',*,*,#1891,.T.);
#1418=ORIENTED_EDGE('',*,*,#2021,.T.);
#1419=ORIENTED_EDGE('',*,*,#1693,.T.);
#1420=ORIENTED_EDGE('',*,*,#2024,.T.);
#1421=ORIENTED_EDGE('',*,*,#1893,.T.);
#1422=ORIENTED_EDGE('',*,*,#2023,.T.);
#1423=ORIENTED_EDGE('',*,*,#1691,.T.);
#1424=ORIENTED_EDGE('',*,*,#2022,.T.);
#1425=ORIENTED_EDGE('',*,*,#1895,.T.);
#1426=ORIENTED_EDGE('',*,*,#1855,.T.);
#1427=ORIENTED_EDGE('',*,*,#1688,.F.);
#1428=ORIENTED_EDGE('',*,*,#2025,.F.);
#1429=ORIENTED_EDGE('',*,*,#1684,.T.);
#1430=ORIENTED_EDGE('',*,*,#1851,.F.);
#1431=ORIENTED_EDGE('',*,*,#1899,.F.);
#1432=ORIENTED_EDGE('',*,*,#2026,.F.);
#1433=ORIENTED_EDGE('',*,*,#1686,.T.);
#1434=ORIENTED_EDGE('',*,*,#2027,.F.);
#1435=ORIENTED_EDGE('',*,*,#1897,.F.);
#1436=ORIENTED_EDGE('',*,*,#2028,.F.);
#1437=ORIENTED_EDGE('',*,*,#1896,.T.);
#1438=ORIENTED_EDGE('',*,*,#2025,.T.);
#1439=ORIENTED_EDGE('',*,*,#1687,.T.);
#1440=ORIENTED_EDGE('',*,*,#2028,.T.);
#1441=ORIENTED_EDGE('',*,*,#1898,.T.);
#1442=ORIENTED_EDGE('',*,*,#2027,.T.);
#1443=ORIENTED_EDGE('',*,*,#1685,.T.);
#1444=ORIENTED_EDGE('',*,*,#2026,.T.);
#1445=ORIENTED_EDGE('',*,*,#1905,.T.);
#1446=ORIENTED_EDGE('',*,*,#1854,.T.);
#1447=ORIENTED_EDGE('',*,*,#1676,.F.);
#1448=ORIENTED_EDGE('',*,*,#2029,.F.);
#1449=ORIENTED_EDGE('',*,*,#1672,.T.);
#1450=ORIENTED_EDGE('',*,*,#1871,.F.);
#1451=ORIENTED_EDGE('',*,*,#1909,.F.);
#1452=ORIENTED_EDGE('',*,*,#2030,.F.);
#1453=ORIENTED_EDGE('',*,*,#1674,.T.);
#1454=ORIENTED_EDGE('',*,*,#2031,.F.);
#1455=ORIENTED_EDGE('',*,*,#1907,.F.);
#1456=ORIENTED_EDGE('',*,*,#2032,.F.);
#1457=ORIENTED_EDGE('',*,*,#1906,.T.);
#1458=ORIENTED_EDGE('',*,*,#2029,.T.);
#1459=ORIENTED_EDGE('',*,*,#1675,.T.);
#1460=ORIENTED_EDGE('',*,*,#2032,.T.);
#1461=ORIENTED_EDGE('',*,*,#1908,.T.);
#1462=ORIENTED_EDGE('',*,*,#2031,.T.);
#1463=ORIENTED_EDGE('',*,*,#1673,.T.);
#1464=ORIENTED_EDGE('',*,*,#2030,.T.);
#1465=ORIENTED_EDGE('',*,*,#1900,.T.);
#1466=ORIENTED_EDGE('',*,*,#1849,.T.);
#1467=ORIENTED_EDGE('',*,*,#1682,.F.);
#1468=ORIENTED_EDGE('',*,*,#2033,.F.);
#1469=ORIENTED_EDGE('',*,*,#1678,.T.);
#1470=ORIENTED_EDGE('',*,*,#1853,.F.);
#1471=ORIENTED_EDGE('',*,*,#1904,.F.);
#1472=ORIENTED_EDGE('',*,*,#2034,.F.);
#1473=ORIENTED_EDGE('',*,*,#1680,.T.);
#1474=ORIENTED_EDGE('',*,*,#2035,.F.);
#1475=ORIENTED_EDGE('',*,*,#1902,.F.);
#1476=ORIENTED_EDGE('',*,*,#2036,.F.);
#1477=ORIENTED_EDGE('',*,*,#1901,.T.);
#1478=ORIENTED_EDGE('',*,*,#2033,.T.);
#1479=ORIENTED_EDGE('',*,*,#1681,.T.);
#1480=ORIENTED_EDGE('',*,*,#2036,.T.);
#1481=ORIENTED_EDGE('',*,*,#1903,.T.);
#1482=ORIENTED_EDGE('',*,*,#2035,.T.);
#1483=ORIENTED_EDGE('',*,*,#1679,.T.);
#1484=ORIENTED_EDGE('',*,*,#2034,.T.);
#1485=ORIENTED_EDGE('',*,*,#1966,.T.);
#1486=ORIENTED_EDGE('',*,*,#1848,.T.);
#1487=ORIENTED_EDGE('',*,*,#1604,.F.);
#1488=ORIENTED_EDGE('',*,*,#2037,.F.);
#1489=ORIENTED_EDGE('',*,*,#1600,.T.);
#1490=ORIENTED_EDGE('',*,*,#1842,.F.);
#1491=ORIENTED_EDGE('',*,*,#1970,.F.);
#1492=ORIENTED_EDGE('',*,*,#2038,.F.);
#1493=ORIENTED_EDGE('',*,*,#1602,.T.);
#1494=ORIENTED_EDGE('',*,*,#2039,.F.);
#1495=ORIENTED_EDGE('',*,*,#1968,.F.);
#1496=ORIENTED_EDGE('',*,*,#2040,.F.);
#1497=ORIENTED_EDGE('',*,*,#1967,.T.);
#1498=ORIENTED_EDGE('',*,*,#2037,.T.);
#1499=ORIENTED_EDGE('',*,*,#1603,.T.);
#1500=ORIENTED_EDGE('',*,*,#2040,.T.);
#1501=ORIENTED_EDGE('',*,*,#1969,.T.);
#1502=ORIENTED_EDGE('',*,*,#2039,.T.);
#1503=ORIENTED_EDGE('',*,*,#1601,.T.);
#1504=ORIENTED_EDGE('',*,*,#2038,.T.);
#1505=ORIENTED_EDGE('',*,*,#1961,.T.);
#1506=ORIENTED_EDGE('',*,*,#1843,.T.);
#1507=ORIENTED_EDGE('',*,*,#1610,.F.);
#1508=ORIENTED_EDGE('',*,*,#2041,.F.);
#1509=ORIENTED_EDGE('',*,*,#1606,.T.);
#1510=ORIENTED_EDGE('',*,*,#1847,.F.);
#1511=ORIENTED_EDGE('',*,*,#1965,.F.);
#1512=ORIENTED_EDGE('',*,*,#2042,.F.);
#1513=ORIENTED_EDGE('',*,*,#1608,.T.);
#1514=ORIENTED_EDGE('',*,*,#2043,.F.);
#1515=ORIENTED_EDGE('',*,*,#1963,.F.);
#1516=ORIENTED_EDGE('',*,*,#2044,.F.);
#1517=ORIENTED_EDGE('',*,*,#1962,.T.);
#1518=ORIENTED_EDGE('',*,*,#2041,.T.);
#1519=ORIENTED_EDGE('',*,*,#1609,.T.);
#1520=ORIENTED_EDGE('',*,*,#2044,.T.);
#1521=ORIENTED_EDGE('',*,*,#1964,.T.);
#1522=ORIENTED_EDGE('',*,*,#2043,.T.);
#1523=ORIENTED_EDGE('',*,*,#1607,.T.);
#1524=ORIENTED_EDGE('',*,*,#2042,.T.);
#1525=ORIENTED_EDGE('',*,*,#1971,.T.);
#1526=ORIENTED_EDGE('',*,*,#1840,.T.);
#1527=ORIENTED_EDGE('',*,*,#1598,.F.);
#1528=ORIENTED_EDGE('',*,*,#2045,.F.);
#1529=ORIENTED_EDGE('',*,*,#1594,.T.);
#1530=ORIENTED_EDGE('',*,*,#1839,.F.);
#1531=ORIENTED_EDGE('',*,*,#1975,.F.);
#1532=ORIENTED_EDGE('',*,*,#2046,.F.);
#1533=ORIENTED_EDGE('',*,*,#1596,.T.);
#1534=ORIENTED_EDGE('',*,*,#2047,.F.);
#1535=ORIENTED_EDGE('',*,*,#1973,.F.);
#1536=ORIENTED_EDGE('',*,*,#2048,.F.);
#1537=ORIENTED_EDGE('',*,*,#1972,.T.);
#1538=ORIENTED_EDGE('',*,*,#2045,.T.);
#1539=ORIENTED_EDGE('',*,*,#1597,.T.);
#1540=ORIENTED_EDGE('',*,*,#2048,.T.);
#1541=ORIENTED_EDGE('',*,*,#1974,.T.);
#1542=ORIENTED_EDGE('',*,*,#2047,.T.);
#1543=ORIENTED_EDGE('',*,*,#1595,.T.);
#1544=ORIENTED_EDGE('',*,*,#2046,.T.);
#1545=ORIENTED_EDGE('',*,*,#1976,.T.);
#1546=ORIENTED_EDGE('',*,*,#1837,.T.);
#1547=ORIENTED_EDGE('',*,*,#1592,.F.);
#1548=ORIENTED_EDGE('',*,*,#2049,.F.);
#1549=ORIENTED_EDGE('',*,*,#1696,.T.);
#1550=ORIENTED_EDGE('',*,*,#1859,.F.);
#1551=ORIENTED_EDGE('',*,*,#1889,.F.);
#1552=ORIENTED_EDGE('',*,*,#2050,.F.);
#1553=ORIENTED_EDGE('',*,*,#1698,.T.);
#1554=ORIENTED_EDGE('',*,*,#2051,.F.);
#1555=ORIENTED_EDGE('',*,*,#1978,.F.);
#1556=ORIENTED_EDGE('',*,*,#2052,.F.);
#1557=ORIENTED_EDGE('',*,*,#1977,.T.);
#1558=ORIENTED_EDGE('',*,*,#2049,.T.);
#1559=ORIENTED_EDGE('',*,*,#1591,.T.);
#1560=ORIENTED_EDGE('',*,*,#2052,.T.);
#1561=ORIENTED_EDGE('',*,*,#1888,.T.);
#1562=ORIENTED_EDGE('',*,*,#2051,.T.);
#1563=ORIENTED_EDGE('',*,*,#1697,.T.);
#1564=ORIENTED_EDGE('',*,*,#2050,.T.);
#1565=ORIENTED_EDGE('',*,*,#1705,.F.);
#1566=ORIENTED_EDGE('',*,*,#1721,.F.);
#1567=EDGE_CURVE('',#2053,#2054,#2381,.F.);
#1568=EDGE_CURVE('',#2055,#2054,#2382,.T.);
#1569=EDGE_CURVE('',#2055,#2056,#2383,.F.);
#1570=EDGE_CURVE('',#2056,#2057,#2384,.T.);
#1571=EDGE_CURVE('',#2057,#2058,#2385,.F.);
#1572=EDGE_CURVE('',#2059,#2058,#2386,.T.);
#1573=EDGE_CURVE('',#2059,#2060,#2387,.F.);
#1574=EDGE_CURVE('',#2060,#2061,#2388,.T.);
#1575=EDGE_CURVE('',#2061,#2062,#2389,.F.);
#1576=EDGE_CURVE('',#2063,#2062,#2390,.T.);
#1577=EDGE_CURVE('',#2063,#2064,#2391,.F.);
#1578=EDGE_CURVE('',#2064,#2065,#2392,.T.);
#1579=EDGE_CURVE('',#2065,#2066,#2393,.F.);
#1580=EDGE_CURVE('',#2067,#2066,#2394,.T.);
#1581=EDGE_CURVE('',#2067,#2068,#2395,.F.);
#1582=EDGE_CURVE('',#2068,#2069,#2396,.T.);
#1583=EDGE_CURVE('',#2069,#2070,#2397,.F.);
#1584=EDGE_CURVE('',#2071,#2070,#2398,.T.);
#1585=EDGE_CURVE('',#2071,#2072,#2399,.F.);
#1586=EDGE_CURVE('',#2072,#2053,#2400,.T.);
#1587=EDGE_CURVE('',#2073,#2073,#2401,.T.);
#1588=EDGE_CURVE('',#2074,#2074,#2402,.T.);
#1589=EDGE_CURVE('',#2075,#2075,#2403,.T.);
#1590=EDGE_CURVE('',#2076,#2076,#2404,.T.);
#1591=EDGE_CURVE('',#2077,#2078,#2405,.F.);
#1592=EDGE_CURVE('',#2077,#2079,#513,.T.);
#1593=EDGE_CURVE('',#2080,#2079,#2406,.T.);
#1594=EDGE_CURVE('',#2081,#2080,#514,.T.);
#1595=EDGE_CURVE('',#2082,#2081,#2407,.F.);
#1596=EDGE_CURVE('',#2083,#2082,#2408,.T.);
#1597=EDGE_CURVE('',#2084,#2083,#2409,.F.);
#1598=EDGE_CURVE('',#2084,#2085,#515,.T.);
#1599=EDGE_CURVE('',#2086,#2085,#2410,.T.);
#1600=EDGE_CURVE('',#2087,#2086,#516,.T.);
#1601=EDGE_CURVE('',#2088,#2087,#2411,.F.);
#1602=EDGE_CURVE('',#2089,#2088,#2412,.T.);
#1603=EDGE_CURVE('',#2090,#2089,#2413,.F.);
#1604=EDGE_CURVE('',#2090,#2091,#517,.T.);
#1605=EDGE_CURVE('',#2092,#2091,#2414,.T.);
#1606=EDGE_CURVE('',#2093,#2092,#518,.T.);
#1607=EDGE_CURVE('',#2094,#2093,#2415,.F.);
#1608=EDGE_CURVE('',#2095,#2094,#2416,.T.);
#1609=EDGE_CURVE('',#2096,#2095,#2417,.F.);
#1610=EDGE_CURVE('',#2096,#2097,#519,.T.);
#1611=EDGE_CURVE('',#2098,#2097,#2418,.T.);
#1612=EDGE_CURVE('',#2099,#2098,#520,.T.);
#1613=EDGE_CURVE('',#2100,#2099,#2419,.F.);
#1614=EDGE_CURVE('',#2101,#2100,#2420,.T.);
#1615=EDGE_CURVE('',#2102,#2101,#2421,.F.);
#1616=EDGE_CURVE('',#2102,#2103,#521,.T.);
#1617=EDGE_CURVE('',#2104,#2103,#2422,.T.);
#1618=EDGE_CURVE('',#2105,#2104,#522,.T.);
#1619=EDGE_CURVE('',#2106,#2105,#2423,.F.);
#1620=EDGE_CURVE('',#2107,#2106,#2424,.T.);
#1621=EDGE_CURVE('',#2108,#2107,#2425,.F.);
#1622=EDGE_CURVE('',#2108,#2109,#523,.T.);
#1623=EDGE_CURVE('',#2110,#2109,#2426,.T.);
#1624=EDGE_CURVE('',#2111,#2110,#524,.T.);
#1625=EDGE_CURVE('',#2112,#2111,#2427,.F.);
#1626=EDGE_CURVE('',#2113,#2112,#2428,.T.);
#1627=EDGE_CURVE('',#2114,#2113,#2429,.F.);
#1628=EDGE_CURVE('',#2114,#2115,#525,.T.);
#1629=EDGE_CURVE('',#2116,#2115,#2430,.T.);
#1630=EDGE_CURVE('',#2117,#2116,#526,.T.);
#1631=EDGE_CURVE('',#2118,#2117,#2431,.F.);
#1632=EDGE_CURVE('',#2119,#2118,#2432,.T.);
#1633=EDGE_CURVE('',#2120,#2119,#2433,.F.);
#1634=EDGE_CURVE('',#2120,#2121,#527,.T.);
#1635=EDGE_CURVE('',#2122,#2121,#2434,.T.);
#1636=EDGE_CURVE('',#2123,#2122,#528,.T.);
#1637=EDGE_CURVE('',#2124,#2123,#2435,.F.);
#1638=EDGE_CURVE('',#2125,#2124,#2436,.T.);
#1639=EDGE_CURVE('',#2126,#2125,#2437,.F.);
#1640=EDGE_CURVE('',#2126,#2127,#529,.T.);
#1641=EDGE_CURVE('',#2128,#2127,#2438,.T.);
#1642=EDGE_CURVE('',#2129,#2128,#530,.T.);
#1643=EDGE_CURVE('',#2130,#2129,#2439,.F.);
#1644=EDGE_CURVE('',#2131,#2130,#2440,.T.);
#1645=EDGE_CURVE('',#2132,#2131,#2441,.F.);
#1646=EDGE_CURVE('',#2132,#2133,#531,.T.);
#1647=EDGE_CURVE('',#2134,#2133,#2442,.T.);
#1648=EDGE_CURVE('',#2135,#2134,#532,.T.);
#1649=EDGE_CURVE('',#2136,#2135,#2443,.F.);
#1650=EDGE_CURVE('',#2137,#2136,#2444,.T.);
#1651=EDGE_CURVE('',#2138,#2137,#2445,.F.);
#1652=EDGE_CURVE('',#2138,#2139,#533,.T.);
#1653=EDGE_CURVE('',#2140,#2139,#2446,.T.);
#1654=EDGE_CURVE('',#2141,#2140,#534,.T.);
#1655=EDGE_CURVE('',#2142,#2141,#2447,.F.);
#1656=EDGE_CURVE('',#2143,#2142,#2448,.T.);
#1657=EDGE_CURVE('',#2144,#2143,#2449,.F.);
#1658=EDGE_CURVE('',#2144,#2145,#535,.T.);
#1659=EDGE_CURVE('',#2146,#2145,#2450,.T.);
#1660=EDGE_CURVE('',#2147,#2146,#536,.T.);
#1661=EDGE_CURVE('',#2148,#2147,#2451,.F.);
#1662=EDGE_CURVE('',#2149,#2148,#2452,.T.);
#1663=EDGE_CURVE('',#2150,#2149,#2453,.F.);
#1664=EDGE_CURVE('',#2150,#2151,#537,.T.);
#1665=EDGE_CURVE('',#2152,#2151,#2454,.T.);
#1666=EDGE_CURVE('',#2153,#2152,#538,.T.);
#1667=EDGE_CURVE('',#2154,#2153,#2455,.F.);
#1668=EDGE_CURVE('',#2155,#2154,#2456,.T.);
#1669=EDGE_CURVE('',#2156,#2155,#2457,.F.);
#1670=EDGE_CURVE('',#2156,#2157,#539,.T.);
#1671=EDGE_CURVE('',#2158,#2157,#2458,.T.);
#1672=EDGE_CURVE('',#2159,#2158,#540,.T.);
#1673=EDGE_CURVE('',#2160,#2159,#2459,.F.);
#1674=EDGE_CURVE('',#2161,#2160,#2460,.T.);
#1675=EDGE_CURVE('',#2162,#2161,#2461,.F.);
#1676=EDGE_CURVE('',#2162,#2163,#541,.T.);
#1677=EDGE_CURVE('',#2164,#2163,#2462,.T.);
#1678=EDGE_CURVE('',#2165,#2164,#542,.T.);
#1679=EDGE_CURVE('',#2166,#2165,#2463,.F.);
#1680=EDGE_CURVE('',#2167,#2166,#2464,.T.);
#1681=EDGE_CURVE('',#2168,#2167,#2465,.F.);
#1682=EDGE_CURVE('',#2168,#2169,#543,.T.);
#1683=EDGE_CURVE('',#2170,#2169,#2466,.T.);
#1684=EDGE_CURVE('',#2171,#2170,#544,.T.);
#1685=EDGE_CURVE('',#2172,#2171,#2467,.F.);
#1686=EDGE_CURVE('',#2173,#2172,#2468,.T.);
#1687=EDGE_CURVE('',#2174,#2173,#2469,.F.);
#1688=EDGE_CURVE('',#2174,#2175,#545,.T.);
#1689=EDGE_CURVE('',#2176,#2175,#2470,.T.);
#1690=EDGE_CURVE('',#2177,#2176,#546,.T.);
#1691=EDGE_CURVE('',#2178,#2177,#2471,.F.);
#1692=EDGE_CURVE('',#2179,#2178,#2472,.T.);
#1693=EDGE_CURVE('',#2180,#2179,#2473,.F.);
#1694=EDGE_CURVE('',#2180,#2181,#547,.T.);
#1695=EDGE_CURVE('',#2182,#2181,#2474,.T.);
#1696=EDGE_CURVE('',#2183,#2182,#548,.T.);
#1697=EDGE_CURVE('',#2184,#2183,#2475,.F.);
#1698=EDGE_CURVE('',#2078,#2184,#2476,.T.);
#1699=EDGE_CURVE('',#2185,#2185,#2477,.T.);
#1700=EDGE_CURVE('',#2186,#2186,#2478,.T.);
#1701=EDGE_CURVE('',#2187,#2187,#2479,.T.);
#1702=EDGE_CURVE('',#2188,#2188,#2480,.T.);
#1703=EDGE_CURVE('',#2189,#2189,#2481,.T.);
#1704=EDGE_CURVE('',#2190,#2190,#2482,.T.);
#1705=EDGE_CURVE('',#2191,#2191,#2483,.F.);
#1706=EDGE_CURVE('',#2054,#2192,#54,.T.);
#1707=EDGE_CURVE('',#2192,#2193,#2484,.T.);
#1708=EDGE_CURVE('',#2193,#2071,#55,.F.);
#1709=EDGE_CURVE('',#2070,#2194,#56,.T.);
#1710=EDGE_CURVE('',#2194,#2195,#2485,.T.);
#1711=EDGE_CURVE('',#2195,#2067,#57,.F.);
#1712=EDGE_CURVE('',#2066,#2196,#58,.T.);
#1713=EDGE_CURVE('',#2196,#2197,#2486,.T.);
#1714=EDGE_CURVE('',#2197,#2063,#59,.F.);
#1715=EDGE_CURVE('',#2062,#2198,#60,.T.);
#1716=EDGE_CURVE('',#2198,#2199,#2487,.T.);
#1717=EDGE_CURVE('',#2199,#2059,#61,.F.);
#1718=EDGE_CURVE('',#2058,#2200,#62,.T.);
#1719=EDGE_CURVE('',#2200,#2201,#2488,.T.);
#1720=EDGE_CURVE('',#2201,#2055,#63,.F.);
#1721=EDGE_CURVE('',#2202,#2202,#2489,.T.);
#1722=EDGE_CURVE('',#2203,#2204,#2490,.T.);
#1723=EDGE_CURVE('',#2204,#2069,#64,.F.);
#1724=EDGE_CURVE('',#2068,#2203,#65,.T.);
#1725=EDGE_CURVE('',#2205,#2206,#66,.T.);
#1726=EDGE_CURVE('',#2205,#2204,#2491,.T.);
#1727=EDGE_CURVE('',#2203,#2207,#2492,.T.);
#1728=EDGE_CURVE('',#2207,#2208,#67,.T.);
#1729=EDGE_CURVE('',#2208,#2206,#2493,.T.);
#1730=EDGE_CURVE('',#2209,#2210,#2494,.T.);
#1731=EDGE_CURVE('',#2206,#2210,#68,.T.);
#1732=EDGE_CURVE('',#2208,#2209,#69,.T.);
#1733=EDGE_CURVE('',#2211,#2212,#2495,.T.);
#1734=EDGE_CURVE('',#2212,#2213,#2496,.T.);
#1735=EDGE_CURVE('',#2210,#2213,#70,.T.);
#1736=EDGE_CURVE('',#2209,#2214,#71,.T.);
#1737=EDGE_CURVE('',#2214,#2211,#2497,.T.);
#1738=EDGE_CURVE('',#2215,#2216,#2498,.F.);
#1739=EDGE_CURVE('',#2216,#2212,#72,.T.);
#1740=EDGE_CURVE('',#2211,#2215,#73,.F.);
#1741=EDGE_CURVE('',#2207,#2214,#74,.F.);
#1742=EDGE_CURVE('',#2213,#2205,#75,.F.);
#1743=EDGE_CURVE('',#2215,#2195,#549,.F.);
#1744=EDGE_CURVE('',#2216,#2194,#550,.F.);
#1745=EDGE_CURVE('',#2217,#2218,#2499,.T.);
#1746=EDGE_CURVE('',#2218,#2065,#76,.F.);
#1747=EDGE_CURVE('',#2064,#2217,#77,.T.);
#1748=EDGE_CURVE('',#2219,#2220,#78,.T.);
#1749=EDGE_CURVE('',#2219,#2218,#2500,.T.);
#1750=EDGE_CURVE('',#2217,#2221,#2501,.T.);
#1751=EDGE_CURVE('',#2221,#2222,#79,.T.);
#1752=EDGE_CURVE('',#2222,#2220,#2502,.T.);
#1753=EDGE_CURVE('',#2223,#2224,#2503,.T.);
#1754=EDGE_CURVE('',#2220,#2224,#80,.T.);
#1755=EDGE_CURVE('',#2222,#2223,#81,.T.);
#1756=EDGE_CURVE('',#2225,#2226,#2504,.T.);
#1757=EDGE_CURVE('',#2226,#2227,#2505,.T.);
#1758=EDGE_CURVE('',#2224,#2227,#82,.T.);
#1759=EDGE_CURVE('',#2223,#2228,#83,.T.);
#1760=EDGE_CURVE('',#2228,#2225,#2506,.T.);
#1761=EDGE_CURVE('',#2229,#2230,#2507,.F.);
#1762=EDGE_CURVE('',#2230,#2226,#84,.T.);
#1763=EDGE_CURVE('',#2225,#2229,#85,.F.);
#1764=EDGE_CURVE('',#2221,#2228,#86,.F.);
#1765=EDGE_CURVE('',#2227,#2219,#87,.F.);
#1766=EDGE_CURVE('',#2229,#2197,#551,.F.);
#1767=EDGE_CURVE('',#2230,#2196,#552,.F.);
#1768=EDGE_CURVE('',#2231,#2232,#2508,.T.);
#1769=EDGE_CURVE('',#2232,#2061,#88,.F.);
#1770=EDGE_CURVE('',#2060,#2231,#89,.T.);
#1771=EDGE_CURVE('',#2233,#2234,#90,.T.);
#1772=EDGE_CURVE('',#2233,#2232,#2509,.T.);
#1773=EDGE_CURVE('',#2231,#2235,#2510,.T.);
#1774=EDGE_CURVE('',#2235,#2236,#91,.T.);
#1775=EDGE_CURVE('',#2236,#2234,#2511,.T.);
#1776=EDGE_CURVE('',#2237,#2238,#2512,.T.);
#1777=EDGE_CURVE('',#2234,#2238,#92,.T.);
#1778=EDGE_CURVE('',#2236,#2237,#93,.T.);
#1779=EDGE_CURVE('',#2239,#2240,#2513,.T.);
#1780=EDGE_CURVE('',#2240,#2241,#2514,.T.);
#1781=EDGE_CURVE('',#2238,#2241,#94,.T.);
#1782=EDGE_CURVE('',#2237,#2242,#95,.T.);
#1783=EDGE_CURVE('',#2242,#2239,#2515,.T.);
#1784=EDGE_CURVE('',#2243,#2244,#2516,.F.);
#1785=EDGE_CURVE('',#2244,#2240,#96,.T.);
#1786=EDGE_CURVE('',#2239,#2243,#97,.F.);
#1787=EDGE_CURVE('',#2235,#2242,#98,.F.);
#1788=EDGE_CURVE('',#2241,#2233,#99,.F.);
#1789=EDGE_CURVE('',#2243,#2199,#553,.F.);
#1790=EDGE_CURVE('',#2244,#2198,#554,.F.);
#1791=EDGE_CURVE('',#2245,#2246,#2517,.T.);
#1792=EDGE_CURVE('',#2246,#2057,#100,.F.);
#1793=EDGE_CURVE('',#2056,#2245,#101,.T.);
#1794=EDGE_CURVE('',#2247,#2248,#102,.T.);
#1795=EDGE_CURVE('',#2247,#2246,#2518,.T.);
#1796=EDGE_CURVE('',#2245,#2249,#2519,.T.);
#1797=EDGE_CURVE('',#2249,#2250,#103,.T.);
#1798=EDGE_CURVE('',#2250,#2248,#2520,.T.);
#1799=EDGE_CURVE('',#2251,#2252,#2521,.T.);
#1800=EDGE_CURVE('',#2248,#2252,#104,.T.);
#1801=EDGE_CURVE('',#2250,#2251,#105,.T.);
#1802=EDGE_CURVE('',#2253,#2254,#2522,.T.);
#1803=EDGE_CURVE('',#2254,#2255,#2523,.T.);
#1804=EDGE_CURVE('',#2252,#2255,#106,.T.);
#1805=EDGE_CURVE('',#2251,#2256,#107,.T.);
#1806=EDGE_CURVE('',#2256,#2253,#2524,.T.);
#1807=EDGE_CURVE('',#2257,#2258,#2525,.F.);
#1808=EDGE_CURVE('',#2258,#2254,#108,.T.);
#1809=EDGE_CURVE('',#2253,#2257,#109,.F.);
#1810=EDGE_CURVE('',#2249,#2256,#110,.F.);
#1811=EDGE_CURVE('',#2255,#2247,#111,.F.);
#1812=EDGE_CURVE('',#2257,#2201,#555,.F.);
#1813=EDGE_CURVE('',#2258,#2200,#556,.F.);
#1814=EDGE_CURVE('',#2259,#2260,#2526,.T.);
#1815=EDGE_CURVE('',#2260,#2053,#112,.F.);
#1816=EDGE_CURVE('',#2072,#2259,#113,.T.);
#1817=EDGE_CURVE('',#2261,#2262,#114,.T.);
#1818=EDGE_CURVE('',#2261,#2260,#2527,.T.);
#1819=EDGE_CURVE('',#2259,#2263,#2528,.T.);
#1820=EDGE_CURVE('',#2263,#2264,#115,.T.);
#1821=EDGE_CURVE('',#2264,#2262,#2529,.T.);
#1822=EDGE_CURVE('',#2265,#2266,#2530,.T.);
#1823=EDGE_CURVE('',#2262,#2266,#116,.T.);
#1824=EDGE_CURVE('',#2264,#2265,#117,.T.);
#1825=EDGE_CURVE('',#2267,#2268,#2531,.T.);
#1826=EDGE_CURVE('',#2268,#2269,#2532,.T.);
#1827=EDGE_CURVE('',#2266,#2269,#118,.T.);
#1828=EDGE_CURVE('',#2265,#2270,#119,.T.);
#1829=EDGE_CURVE('',#2270,#2267,#2533,.T.);
#1830=EDGE_CURVE('',#2271,#2272,#2534,.F.);
#1831=EDGE_CURVE('',#2272,#2268,#120,.T.);
#1832=EDGE_CURVE('',#2267,#2271,#121,.F.);
#1833=EDGE_CURVE('',#2263,#2270,#122,.F.);
#1834=EDGE_CURVE('',#2269,#2261,#123,.F.);
#1835=EDGE_CURVE('',#2271,#2193,#557,.F.);
#1836=EDGE_CURVE('',#2272,#2192,#558,.F.);
#1837=EDGE_CURVE('',#2273,#2079,#124,.T.);
#1838=EDGE_CURVE('',#2274,#2273,#2535,.T.);
#1839=EDGE_CURVE('',#2274,#2080,#125,.T.);
#1840=EDGE_CURVE('',#2275,#2085,#126,.T.);
#1841=EDGE_CURVE('',#2276,#2275,#2536,.T.);
#1842=EDGE_CURVE('',#2276,#2086,#127,.T.);
#1843=EDGE_CURVE('',#2277,#2097,#128,.T.);
#1844=EDGE_CURVE('',#2278,#2277,#2537,.T.);
#1845=EDGE_CURVE('',#2278,#2098,#129,.T.);
#1846=EDGE_CURVE('',#2279,#2280,#2538,.T.);
#1847=EDGE_CURVE('',#2279,#2092,#130,.T.);
#1848=EDGE_CURVE('',#2280,#2091,#131,.T.);
#1849=EDGE_CURVE('',#2281,#2169,#132,.T.);
#1850=EDGE_CURVE('',#2282,#2281,#2539,.T.);
#1851=EDGE_CURVE('',#2282,#2170,#133,.T.);
#1852=EDGE_CURVE('',#2283,#2284,#2540,.T.);
#1853=EDGE_CURVE('',#2283,#2164,#134,.T.);
#1854=EDGE_CURVE('',#2284,#2163,#135,.T.);
#1855=EDGE_CURVE('',#2285,#2175,#136,.T.);
#1856=EDGE_CURVE('',#2286,#2285,#2541,.T.);
#1857=EDGE_CURVE('',#2286,#2176,#137,.T.);
#1858=EDGE_CURVE('',#2287,#2288,#2542,.T.);
#1859=EDGE_CURVE('',#2287,#2182,#138,.T.);
#1860=EDGE_CURVE('',#2288,#2181,#139,.T.);
#1861=EDGE_CURVE('',#2289,#2145,#140,.T.);
#1862=EDGE_CURVE('',#2290,#2289,#2543,.T.);
#1863=EDGE_CURVE('',#2290,#2146,#141,.T.);
#1864=EDGE_CURVE('',#2291,#2292,#2544,.T.);
#1865=EDGE_CURVE('',#2291,#2140,#142,.T.);
#1866=EDGE_CURVE('',#2292,#2139,#143,.T.);
#1867=EDGE_CURVE('',#2293,#2151,#144,.T.);
#1868=EDGE_CURVE('',#2294,#2293,#2545,.T.);
#1869=EDGE_CURVE('',#2294,#2152,#145,.T.);
#1870=EDGE_CURVE('',#2295,#2296,#2546,.T.);
#1871=EDGE_CURVE('',#2295,#2158,#146,.T.);
#1872=EDGE_CURVE('',#2296,#2157,#147,.T.);
#1873=EDGE_CURVE('',#2297,#2298,#2547,.T.);
#1874=EDGE_CURVE('',#2297,#2134,#148,.T.);
#1875=EDGE_CURVE('',#2298,#2133,#149,.T.);
#1876=EDGE_CURVE('',#2299,#2300,#2548,.T.);
#1877=EDGE_CURVE('',#2299,#2128,#150,.T.);
#1878=EDGE_CURVE('',#2300,#2127,#151,.T.);
#1879=EDGE_CURVE('',#2301,#2115,#152,.T.);
#1880=EDGE_CURVE('',#2302,#2301,#2549,.T.);
#1881=EDGE_CURVE('',#2302,#2116,#153,.T.);
#1882=EDGE_CURVE('',#2303,#2304,#2550,.T.);
#1883=EDGE_CURVE('',#2303,#2122,#154,.T.);
#1884=EDGE_CURVE('',#2304,#2121,#155,.T.);
#1885=EDGE_CURVE('',#2305,#2306,#2551,.T.);
#1886=EDGE_CURVE('',#2305,#2110,#156,.T.);
#1887=EDGE_CURVE('',#2306,#2109,#157,.T.);
#1888=EDGE_CURVE('',#2307,#2308,#2552,.T.);
#1889=EDGE_CURVE('',#2307,#2287,#559,.T.);
#1890=EDGE_CURVE('',#2309,#2288,#560,.T.);
#1891=EDGE_CURVE('',#2310,#2309,#2553,.T.);
#1892=EDGE_CURVE('',#2310,#2311,#2554,.T.);
#1893=EDGE_CURVE('',#2312,#2311,#2555,.T.);
#1894=EDGE_CURVE('',#2312,#2286,#561,.T.);
#1895=EDGE_CURVE('',#2313,#2285,#562,.T.);
#1896=EDGE_CURVE('',#2314,#2313,#2556,.T.);
#1897=EDGE_CURVE('',#2314,#2315,#2557,.T.);
#1898=EDGE_CURVE('',#2316,#2315,#2558,.T.);
#1899=EDGE_CURVE('',#2316,#2282,#563,.T.);
#1900=EDGE_CURVE('',#2317,#2281,#564,.T.);
#1901=EDGE_CURVE('',#2318,#2317,#2559,.T.);
#1902=EDGE_CURVE('',#2318,#2319,#2560,.T.);
#1903=EDGE_CURVE('',#2320,#2319,#2561,.T.);
#1904=EDGE_CURVE('',#2320,#2283,#565,.T.);
#1905=EDGE_CURVE('',#2321,#2284,#566,.T.);
#1906=EDGE_CURVE('',#2322,#2321,#2562,.T.);
#1907=EDGE_CURVE('',#2322,#2323,#2563,.T.);
#1908=EDGE_CURVE('',#2324,#2323,#2564,.T.);
#1909=EDGE_CURVE('',#2324,#2295,#567,.T.);
#1910=EDGE_CURVE('',#2325,#2296,#568,.T.);
#1911=EDGE_CURVE('',#2326,#2325,#2565,.T.);
#1912=EDGE_CURVE('',#2326,#2327,#2566,.T.);
#1913=EDGE_CURVE('',#2328,#2327,#2567,.T.);
#1914=EDGE_CURVE('',#2328,#2294,#569,.T.);
#1915=EDGE_CURVE('',#2329,#2293,#570,.T.);
#1916=EDGE_CURVE('',#2330,#2329,#2568,.T.);
#1917=EDGE_CURVE('',#2330,#2331,#2569,.T.);
#1918=EDGE_CURVE('',#2332,#2331,#2570,.T.);
#1919=EDGE_CURVE('',#2332,#2290,#571,.T.);
#1920=EDGE_CURVE('',#2333,#2289,#572,.T.);
#1921=EDGE_CURVE('',#2334,#2333,#2571,.T.);
#1922=EDGE_CURVE('',#2334,#2335,#2572,.T.);
#1923=EDGE_CURVE('',#2336,#2335,#2573,.T.);
#1924=EDGE_CURVE('',#2336,#2291,#573,.T.);
#1925=EDGE_CURVE('',#2337,#2292,#574,.T.);
#1926=EDGE_CURVE('',#2338,#2337,#2574,.T.);
#1927=EDGE_CURVE('',#2338,#2339,#2575,.T.);
#1928=EDGE_CURVE('',#2340,#2339,#2576,.T.);
#1929=EDGE_CURVE('',#2340,#2297,#575,.T.);
#1930=EDGE_CURVE('',#2341,#2298,#576,.T.);
#1931=EDGE_CURVE('',#2342,#2341,#2577,.T.);
#1932=EDGE_CURVE('',#2342,#2343,#2578,.T.);
#1933=EDGE_CURVE('',#2344,#2343,#2579,.T.);
#1934=EDGE_CURVE('',#2344,#2299,#577,.T.);
#1935=EDGE_CURVE('',#2345,#2300,#578,.T.);
#1936=EDGE_CURVE('',#2346,#2345,#2580,.T.);
#1937=EDGE_CURVE('',#2346,#2347,#2581,.T.);
#1938=EDGE_CURVE('',#2348,#2347,#2582,.T.);
#1939=EDGE_CURVE('',#2348,#2303,#579,.T.);
#1940=EDGE_CURVE('',#2349,#2304,#580,.T.);
#1941=EDGE_CURVE('',#2350,#2349,#2583,.T.);
#1942=EDGE_CURVE('',#2350,#2351,#2584,.T.);
#1943=EDGE_CURVE('',#2352,#2351,#2585,.T.);
#1944=EDGE_CURVE('',#2352,#2302,#581,.T.);
#1945=EDGE_CURVE('',#2353,#2301,#582,.T.);
#1946=EDGE_CURVE('',#2354,#2353,#2586,.T.);
#1947=EDGE_CURVE('',#2354,#2355,#2587,.T.);
#1948=EDGE_CURVE('',#2356,#2355,#2588,.T.);
#1949=EDGE_CURVE('',#2356,#2305,#583,.T.);
#1950=EDGE_CURVE('',#2357,#2306,#584,.T.);
#1951=EDGE_CURVE('',#2358,#2357,#2589,.T.);
#1952=EDGE_CURVE('',#2358,#2359,#2590,.T.);
#1953=EDGE_CURVE('',#2360,#2359,#2591,.T.);
#1954=EDGE_CURVE('',#2360,#2361,#585,.T.);
#1955=EDGE_CURVE('',#2361,#2362,#2592,.T.);
#1956=EDGE_CURVE('',#2363,#2362,#586,.T.);
#1957=EDGE_CURVE('',#2364,#2363,#2593,.T.);
#1958=EDGE_CURVE('',#2364,#2365,#2594,.T.);
#1959=EDGE_CURVE('',#2366,#2365,#2595,.T.);
#1960=EDGE_CURVE('',#2366,#2278,#587,.T.);
#1961=EDGE_CURVE('',#2367,#2277,#588,.T.);
#1962=EDGE_CURVE('',#2368,#2367,#2596,.T.);
#1963=EDGE_CURVE('',#2368,#2369,#2597,.T.);
#1964=EDGE_CURVE('',#2370,#2369,#2598,.T.);
#1965=EDGE_CURVE('',#2370,#2279,#589,.T.);
#1966=EDGE_CURVE('',#2371,#2280,#590,.T.);
#1967=EDGE_CURVE('',#2372,#2371,#2599,.T.);
#1968=EDGE_CURVE('',#2372,#2373,#2600,.T.);
#1969=EDGE_CURVE('',#2374,#2373,#2601,.T.);
#1970=EDGE_CURVE('',#2374,#2276,#591,.T.);
#1971=EDGE_CURVE('',#2375,#2275,#592,.T.);
#1972=EDGE_CURVE('',#2376,#2375,#2602,.T.);
#1973=EDGE_CURVE('',#2376,#2377,#2603,.T.);
#1974=EDGE_CURVE('',#2378,#2377,#2604,.T.);
#1975=EDGE_CURVE('',#2378,#2274,#593,.T.);
#1976=EDGE_CURVE('',#2379,#2273,#594,.T.);
#1977=EDGE_CURVE('',#2380,#2379,#2605,.T.);
#1978=EDGE_CURVE('',#2380,#2308,#2606,.T.);
#1979=EDGE_CURVE('',#2361,#2104,#158,.T.);
#1980=EDGE_CURVE('',#2362,#2103,#159,.T.);
#1981=EDGE_CURVE('',#2363,#2102,#160,.T.);
#1982=EDGE_CURVE('',#2099,#2366,#161,.F.);
#1983=EDGE_CURVE('',#2365,#2100,#162,.T.);
#1984=EDGE_CURVE('',#2101,#2364,#163,.F.);
#1985=EDGE_CURVE('',#2357,#2108,#164,.T.);
#1986=EDGE_CURVE('',#2105,#2360,#165,.F.);
#1987=EDGE_CURVE('',#2359,#2106,#166,.T.);
#1988=EDGE_CURVE('',#2107,#2358,#167,.F.);
#1989=EDGE_CURVE('',#2349,#2120,#168,.T.);
#1990=EDGE_CURVE('',#2117,#2352,#169,.F.);
#1991=EDGE_CURVE('',#2351,#2118,#170,.T.);
#1992=EDGE_CURVE('',#2119,#2350,#171,.F.);
#1993=EDGE_CURVE('',#2353,#2114,#172,.T.);
#1994=EDGE_CURVE('',#2111,#2356,#173,.F.);
#1995=EDGE_CURVE('',#2355,#2112,#174,.T.);
#1996=EDGE_CURVE('',#2113,#2354,#175,.F.);
#1997=EDGE_CURVE('',#2345,#2126,#176,.T.);
#1998=EDGE_CURVE('',#2123,#2348,#177,.F.);
#1999=EDGE_CURVE('',#2347,#2124,#178,.T.);
#2000=EDGE_CURVE('',#2125,#2346,#179,.F.);
#2001=EDGE_CURVE('',#2341,#2132,#180,.T.);
#2002=EDGE_CURVE('',#2129,#2344,#181,.F.);
#2003=EDGE_CURVE('',#2343,#2130,#182,.T.);
#2004=EDGE_CURVE('',#2131,#2342,#183,.F.);
#2005=EDGE_CURVE('',#2325,#2156,#184,.T.);
#2006=EDGE_CURVE('',#2153,#2328,#185,.F.);
#2007=EDGE_CURVE('',#2327,#2154,#186,.T.);
#2008=EDGE_CURVE('',#2155,#2326,#187,.F.);
#2009=EDGE_CURVE('',#2329,#2150,#188,.T.);
#2010=EDGE_CURVE('',#2147,#2332,#189,.F.);
#2011=EDGE_CURVE('',#2331,#2148,#190,.T.);
#2012=EDGE_CURVE('',#2149,#2330,#191,.F.);
#2013=EDGE_CURVE('',#2337,#2138,#192,.T.);
#2014=EDGE_CURVE('',#2135,#2340,#193,.F.);
#2015=EDGE_CURVE('',#2339,#2136,#194,.T.);
#2016=EDGE_CURVE('',#2137,#2338,#195,.F.);
#2017=EDGE_CURVE('',#2333,#2144,#196,.T.);
#2018=EDGE_CURVE('',#2141,#2336,#197,.F.);
#2019=EDGE_CURVE('',#2335,#2142,#198,.T.);
#2020=EDGE_CURVE('',#2143,#2334,#199,.F.);
#2021=EDGE_CURVE('',#2309,#2180,#200,.T.);
#2022=EDGE_CURVE('',#2177,#2312,#201,.F.);
#2023=EDGE_CURVE('',#2311,#2178,#202,.T.);
#2024=EDGE_CURVE('',#2179,#2310,#203,.F.);
#2025=EDGE_CURVE('',#2313,#2174,#204,.T.);
#2026=EDGE_CURVE('',#2171,#2316,#205,.F.);
#2027=EDGE_CURVE('',#2315,#2172,#206,.T.);
#2028=EDGE_CURVE('',#2173,#2314,#207,.F.);
#2029=EDGE_CURVE('',#2321,#2162,#208,.T.);
#2030=EDGE_CURVE('',#2159,#2324,#209,.F.);
#2031=EDGE_CURVE('',#2323,#2160,#210,.T.);
#2032=EDGE_CURVE('',#2161,#2322,#211,.F.);
#2033=EDGE_CURVE('',#2317,#2168,#212,.T.);
#2034=EDGE_CURVE('',#2165,#2320,#213,.F.);
#2035=EDGE_CURVE('',#2319,#2166,#214,.T.);
#2036=EDGE_CURVE('',#2167,#2318,#215,.F.);
#2037=EDGE_CURVE('',#2371,#2090,#216,.T.);
#2038=EDGE_CURVE('',#2087,#2374,#217,.F.);
#2039=EDGE_CURVE('',#2373,#2088,#218,.T.);
#2040=EDGE_CURVE('',#2089,#2372,#219,.F.);
#2041=EDGE_CURVE('',#2367,#2096,#220,.T.);
#2042=EDGE_CURVE('',#2093,#2370,#221,.F.);
#2043=EDGE_CURVE('',#2369,#2094,#222,.T.);
#2044=EDGE_CURVE('',#2095,#2368,#223,.F.);
#2045=EDGE_CURVE('',#2375,#2084,#224,.T.);
#2046=EDGE_CURVE('',#2081,#2378,#225,.F.);
#2047=EDGE_CURVE('',#2377,#2082,#226,.T.);
#2048=EDGE_CURVE('',#2083,#2376,#227,.F.);
#2049=EDGE_CURVE('',#2379,#2077,#228,.T.);
#2050=EDGE_CURVE('',#2183,#2307,#229,.F.);
#2051=EDGE_CURVE('',#2308,#2184,#230,.T.);
#2052=EDGE_CURVE('',#2078,#2380,#231,.F.);
#2053=VERTEX_POINT('',#4440);
#2054=VERTEX_POINT('',#4441);
#2055=VERTEX_POINT('',#4443);
#2056=VERTEX_POINT('',#4445);
#2057=VERTEX_POINT('',#4447);
#2058=VERTEX_POINT('',#4449);
#2059=VERTEX_POINT('',#4451);
#2060=VERTEX_POINT('',#4453);
#2061=VERTEX_POINT('',#4455);
#2062=VERTEX_POINT('',#4457);
#2063=VERTEX_POINT('',#4459);
#2064=VERTEX_POINT('',#4461);
#2065=VERTEX_POINT('',#4463);
#2066=VERTEX_POINT('',#4465);
#2067=VERTEX_POINT('',#4467);
#2068=VERTEX_POINT('',#4469);
#2069=VERTEX_POINT('',#4471);
#2070=VERTEX_POINT('',#4473);
#2071=VERTEX_POINT('',#4475);
#2072=VERTEX_POINT('',#4477);
#2073=VERTEX_POINT('',#4480);
#2074=VERTEX_POINT('',#4482);
#2075=VERTEX_POINT('',#4484);
#2076=VERTEX_POINT('',#4486);
#2077=VERTEX_POINT('',#4488);
#2078=VERTEX_POINT('',#4489);
#2079=VERTEX_POINT('',#4525);
#2080=VERTEX_POINT('',#4527);
#2081=VERTEX_POINT('',#4563);
#2082=VERTEX_POINT('',#4565);
#2083=VERTEX_POINT('',#4567);
#2084=VERTEX_POINT('',#4569);
#2085=VERTEX_POINT('',#4605);
#2086=VERTEX_POINT('',#4607);
#2087=VERTEX_POINT('',#4643);
#2088=VERTEX_POINT('',#4645);
#2089=VERTEX_POINT('',#4647);
#2090=VERTEX_POINT('',#4649);
#2091=VERTEX_POINT('',#4685);
#2092=VERTEX_POINT('',#4687);
#2093=VERTEX_POINT('',#4723);
#2094=VERTEX_POINT('',#4725);
#2095=VERTEX_POINT('',#4727);
#2096=VERTEX_POINT('',#4729);
#2097=VERTEX_POINT('',#4765);
#2098=VERTEX_POINT('',#4767);
#2099=VERTEX_POINT('',#4803);
#2100=VERTEX_POINT('',#4805);
#2101=VERTEX_POINT('',#4807);
#2102=VERTEX_POINT('',#4809);
#2103=VERTEX_POINT('',#4845);
#2104=VERTEX_POINT('',#4847);
#2105=VERTEX_POINT('',#4883);
#2106=VERTEX_POINT('',#4885);
#2107=VERTEX_POINT('',#4887);
#2108=VERTEX_POINT('',#4889);
#2109=VERTEX_POINT('',#4925);
#2110=VERTEX_POINT('',#4927);
#2111=VERTEX_POINT('',#4963);
#2112=VERTEX_POINT('',#4965);
#2113=VERTEX_POINT('',#4967);
#2114=VERTEX_POINT('',#4969);
#2115=VERTEX_POINT('',#5005);
#2116=VERTEX_POINT('',#5007);
#2117=VERTEX_POINT('',#5043);
#2118=VERTEX_POINT('',#5045);
#2119=VERTEX_POINT('',#5047);
#2120=VERTEX_POINT('',#5049);
#2121=VERTEX_POINT('',#5085);
#2122=VERTEX_POINT('',#5087);
#2123=VERTEX_POINT('',#5123);
#2124=VERTEX_POINT('',#5125);
#2125=VERTEX_POINT('',#5127);
#2126=VERTEX_POINT('',#5129);
#2127=VERTEX_POINT('',#5165);
#2128=VERTEX_POINT('',#5167);
#2129=VERTEX_POINT('',#5203);
#2130=VERTEX_POINT('',#5205);
#2131=VERTEX_POINT('',#5207);
#2132=VERTEX_POINT('',#5209);
#2133=VERTEX_POINT('',#5245);
#2134=VERTEX_POINT('',#5247);
#2135=VERTEX_POINT('',#5283);
#2136=VERTEX_POINT('',#5285);
#2137=VERTEX_POINT('',#5287);
#2138=VERTEX_POINT('',#5289);
#2139=VERTEX_POINT('',#5325);
#2140=VERTEX_POINT('',#5327);
#2141=VERTEX_POINT('',#5363);
#2142=VERTEX_POINT('',#5365);
#2143=VERTEX_POINT('',#5367);
#2144=VERTEX_POINT('',#5369);
#2145=VERTEX_POINT('',#5405);
#2146=VERTEX_POINT('',#5407);
#2147=VERTEX_POINT('',#5443);
#2148=VERTEX_POINT('',#5445);
#2149=VERTEX_POINT('',#5447);
#2150=VERTEX_POINT('',#5449);
#2151=VERTEX_POINT('',#5485);
#2152=VERTEX_POINT('',#5487);
#2153=VERTEX_POINT('',#5523);
#2154=VERTEX_POINT('',#5525);
#2155=VERTEX_POINT('',#5527);
#2156=VERTEX_POINT('',#5529);
#2157=VERTEX_POINT('',#5565);
#2158=VERTEX_POINT('',#5567);
#2159=VERTEX_POINT('',#5603);
#2160=VERTEX_POINT('',#5605);
#2161=VERTEX_POINT('',#5607);
#2162=VERTEX_POINT('',#5609);
#2163=VERTEX_POINT('',#5645);
#2164=VERTEX_POINT('',#5647);
#2165=VERTEX_POINT('',#5683);
#2166=VERTEX_POINT('',#5685);
#2167=VERTEX_POINT('',#5687);
#2168=VERTEX_POINT('',#5689);
#2169=VERTEX_POINT('',#5725);
#2170=VERTEX_POINT('',#5727);
#2171=VERTEX_POINT('',#5763);
#2172=VERTEX_POINT('',#5765);
#2173=VERTEX_POINT('',#5767);
#2174=VERTEX_POINT('',#5769);
#2175=VERTEX_POINT('',#5805);
#2176=VERTEX_POINT('',#5807);
#2177=VERTEX_POINT('',#5843);
#2178=VERTEX_POINT('',#5845);
#2179=VERTEX_POINT('',#5847);
#2180=VERTEX_POINT('',#5849);
#2181=VERTEX_POINT('',#5885);
#2182=VERTEX_POINT('',#5887);
#2183=VERTEX_POINT('',#5923);
#2184=VERTEX_POINT('',#5925);
#2185=VERTEX_POINT('',#5929);
#2186=VERTEX_POINT('',#5931);
#2187=VERTEX_POINT('',#5934);
#2188=VERTEX_POINT('',#5937);
#2189=VERTEX_POINT('',#5940);
#2190=VERTEX_POINT('',#5943);
#2191=VERTEX_POINT('',#5946);
#2192=VERTEX_POINT('',#5948);
#2193=VERTEX_POINT('',#5950);
#2194=VERTEX_POINT('',#5953);
#2195=VERTEX_POINT('',#5955);
#2196=VERTEX_POINT('',#5958);
#2197=VERTEX_POINT('',#5960);
#2198=VERTEX_POINT('',#5963);
#2199=VERTEX_POINT('',#5965);
#2200=VERTEX_POINT('',#5968);
#2201=VERTEX_POINT('',#5970);
#2202=VERTEX_POINT('',#5974);
#2203=VERTEX_POINT('',#5977);
#2204=VERTEX_POINT('',#5978);
#2205=VERTEX_POINT('',#5983);
#2206=VERTEX_POINT('',#5984);
#2207=VERTEX_POINT('',#5987);
#2208=VERTEX_POINT('',#5989);
#2209=VERTEX_POINT('',#5993);
#2210=VERTEX_POINT('',#5994);
#2211=VERTEX_POINT('',#5999);
#2212=VERTEX_POINT('',#6000);
#2213=VERTEX_POINT('',#6002);
#2214=VERTEX_POINT('',#6005);
#2215=VERTEX_POINT('',#6009);
#2216=VERTEX_POINT('',#6010);
#2217=VERTEX_POINT('',#6036);
#2218=VERTEX_POINT('',#6037);
#2219=VERTEX_POINT('',#6042);
#2220=VERTEX_POINT('',#6043);
#2221=VERTEX_POINT('',#6046);
#2222=VERTEX_POINT('',#6048);
#2223=VERTEX_POINT('',#6052);
#2224=VERTEX_POINT('',#6053);
#2225=VERTEX_POINT('',#6058);
#2226=VERTEX_POINT('',#6059);
#2227=VERTEX_POINT('',#6061);
#2228=VERTEX_POINT('',#6064);
#2229=VERTEX_POINT('',#6068);
#2230=VERTEX_POINT('',#6069);
#2231=VERTEX_POINT('',#6095);
#2232=VERTEX_POINT('',#6096);
#2233=VERTEX_POINT('',#6101);
#2234=VERTEX_POINT('',#6102);
#2235=VERTEX_POINT('',#6105);
#2236=VERTEX_POINT('',#6107);
#2237=VERTEX_POINT('',#6111);
#2238=VERTEX_POINT('',#6112);
#2239=VERTEX_POINT('',#6117);
#2240=VERTEX_POINT('',#6118);
#2241=VERTEX_POINT('',#6120);
#2242=VERTEX_POINT('',#6123);
#2243=VERTEX_POINT('',#6127);
#2244=VERTEX_POINT('',#6128);
#2245=VERTEX_POINT('',#6154);
#2246=VERTEX_POINT('',#6155);
#2247=VERTEX_POINT('',#6160);
#2248=VERTEX_POINT('',#6161);
#2249=VERTEX_POINT('',#6164);
#2250=VERTEX_POINT('',#6166);
#2251=VERTEX_POINT('',#6170);
#2252=VERTEX_POINT('',#6171);
#2253=VERTEX_POINT('',#6176);
#2254=VERTEX_POINT('',#6177);
#2255=VERTEX_POINT('',#6179);
#2256=VERTEX_POINT('',#6182);
#2257=VERTEX_POINT('',#6186);
#2258=VERTEX_POINT('',#6187);
#2259=VERTEX_POINT('',#6213);
#2260=VERTEX_POINT('',#6214);
#2261=VERTEX_POINT('',#6219);
#2262=VERTEX_POINT('',#6220);
#2263=VERTEX_POINT('',#6223);
#2264=VERTEX_POINT('',#6225);
#2265=VERTEX_POINT('',#6229);
#2266=VERTEX_POINT('',#6230);
#2267=VERTEX_POINT('',#6235);
#2268=VERTEX_POINT('',#6236);
#2269=VERTEX_POINT('',#6238);
#2270=VERTEX_POINT('',#6241);
#2271=VERTEX_POINT('',#6245);
#2272=VERTEX_POINT('',#6246);
#2273=VERTEX_POINT('',#6272);
#2274=VERTEX_POINT('',#6274);
#2275=VERTEX_POINT('',#6278);
#2276=VERTEX_POINT('',#6280);
#2277=VERTEX_POINT('',#6284);
#2278=VERTEX_POINT('',#6286);
#2279=VERTEX_POINT('',#6290);
#2280=VERTEX_POINT('',#6291);
#2281=VERTEX_POINT('',#6296);
#2282=VERTEX_POINT('',#6298);
#2283=VERTEX_POINT('',#6302);
#2284=VERTEX_POINT('',#6303);
#2285=VERTEX_POINT('',#6308);
#2286=VERTEX_POINT('',#6310);
#2287=VERTEX_POINT('',#6314);
#2288=VERTEX_POINT('',#6315);
#2289=VERTEX_POINT('',#6320);
#2290=VERTEX_POINT('',#6322);
#2291=VERTEX_POINT('',#6326);
#2292=VERTEX_POINT('',#6327);
#2293=VERTEX_POINT('',#6332);
#2294=VERTEX_POINT('',#6334);
#2295=VERTEX_POINT('',#6338);
#2296=VERTEX_POINT('',#6339);
#2297=VERTEX_POINT('',#6344);
#2298=VERTEX_POINT('',#6345);
#2299=VERTEX_POINT('',#6350);
#2300=VERTEX_POINT('',#6351);
#2301=VERTEX_POINT('',#6356);
#2302=VERTEX_POINT('',#6358);
#2303=VERTEX_POINT('',#6362);
#2304=VERTEX_POINT('',#6363);
#2305=VERTEX_POINT('',#6368);
#2306=VERTEX_POINT('',#6369);
#2307=VERTEX_POINT('',#6374);
#2308=VERTEX_POINT('',#6375);
#2309=VERTEX_POINT('',#6446);
#2310=VERTEX_POINT('',#6448);
#2311=VERTEX_POINT('',#6450);
#2312=VERTEX_POINT('',#6452);
#2313=VERTEX_POINT('',#6523);
#2314=VERTEX_POINT('',#6525);
#2315=VERTEX_POINT('',#6527);
#2316=VERTEX_POINT('',#6529);
#2317=VERTEX_POINT('',#6600);
#2318=VERTEX_POINT('',#6602);
#2319=VERTEX_POINT('',#6604);
#2320=VERTEX_POINT('',#6606);
#2321=VERTEX_POINT('',#6677);
#2322=VERTEX_POINT('',#6679);
#2323=VERTEX_POINT('',#6681);
#2324=VERTEX_POINT('',#6683);
#2325=VERTEX_POINT('',#6754);
#2326=VERTEX_POINT('',#6756);
#2327=VERTEX_POINT('',#6758);
#2328=VERTEX_POINT('',#6760);
#2329=VERTEX_POINT('',#6831);
#2330=VERTEX_POINT('',#6833);
#2331=VERTEX_POINT('',#6835);
#2332=VERTEX_POINT('',#6837);
#2333=VERTEX_POINT('',#6908);
#2334=VERTEX_POINT('',#6910);
#2335=VERTEX_POINT('',#6912);
#2336=VERTEX_POINT('',#6914);
#2337=VERTEX_POINT('',#6985);
#2338=VERTEX_POINT('',#6987);
#2339=VERTEX_POINT('',#6989);
#2340=VERTEX_POINT('',#6991);
#2341=VERTEX_POINT('',#7062);
#2342=VERTEX_POINT('',#7064);
#2343=VERTEX_POINT('',#7066);
#2344=VERTEX_POINT('',#7068);
#2345=VERTEX_POINT('',#7139);
#2346=VERTEX_POINT('',#7141);
#2347=VERTEX_POINT('',#7143);
#2348=VERTEX_POINT('',#7145);
#2349=VERTEX_POINT('',#7216);
#2350=VERTEX_POINT('',#7218);
#2351=VERTEX_POINT('',#7220);
#2352=VERTEX_POINT('',#7222);
#2353=VERTEX_POINT('',#7293);
#2354=VERTEX_POINT('',#7295);
#2355=VERTEX_POINT('',#7297);
#2356=VERTEX_POINT('',#7299);
#2357=VERTEX_POINT('',#7370);
#2358=VERTEX_POINT('',#7372);
#2359=VERTEX_POINT('',#7374);
#2360=VERTEX_POINT('',#7376);
#2361=VERTEX_POINT('',#7412);
#2362=VERTEX_POINT('',#7414);
#2363=VERTEX_POINT('',#7450);
#2364=VERTEX_POINT('',#7452);
#2365=VERTEX_POINT('',#7454);
#2366=VERTEX_POINT('',#7456);
#2367=VERTEX_POINT('',#7527);
#2368=VERTEX_POINT('',#7529);
#2369=VERTEX_POINT('',#7531);
#2370=VERTEX_POINT('',#7533);
#2371=VERTEX_POINT('',#7604);
#2372=VERTEX_POINT('',#7606);
#2373=VERTEX_POINT('',#7608);
#2374=VERTEX_POINT('',#7610);
#2375=VERTEX_POINT('',#7681);
#2376=VERTEX_POINT('',#7683);
#2377=VERTEX_POINT('',#7685);
#2378=VERTEX_POINT('',#7687);
#2379=VERTEX_POINT('',#7758);
#2380=VERTEX_POINT('',#7760);
#2381=CIRCLE('',#3184,0.005);
#2382=CIRCLE('',#3185,0.043);
#2383=CIRCLE('',#3186,0.005);
#2384=CIRCLE('',#3187,0.044);
#2385=CIRCLE('',#3188,0.005);
#2386=CIRCLE('',#3189,0.043);
#2387=CIRCLE('',#3190,0.005);
#2388=CIRCLE('',#3191,0.044);
#2389=CIRCLE('',#3192,0.005);
#2390=CIRCLE('',#3193,0.043);
#2391=CIRCLE('',#3194,0.005);
#2392=CIRCLE('',#3195,0.044);
#2393=CIRCLE('',#3196,0.005);
#2394=CIRCLE('',#3197,0.043);
#2395=CIRCLE('',#3198,0.005);
#2396=CIRCLE('',#3199,0.044);
#2397=CIRCLE('',#3200,0.005);
#2398=CIRCLE('',#3201,0.043);
#2399=CIRCLE('',#3202,0.005);
#2400=CIRCLE('',#3203,0.044);
#2401=CIRCLE('',#3204,0.0016);
#2402=CIRCLE('',#3205,0.0016);
#2403=CIRCLE('',#3206,0.0016);
#2404=CIRCLE('',#3207,0.0016);
#2405=CIRCLE('',#3208,0.000670805845241424);
#2406=CIRCLE('',#3209,0.0166666666666666);
#2407=CIRCLE('',#3210,0.000670805845241424);
#2408=CIRCLE('',#3211,0.0129166666666608);
#2409=CIRCLE('',#3212,0.000670805845241424);
#2410=CIRCLE('',#3213,0.0166666666666666);
#2411=CIRCLE('',#3214,0.000670805845241424);
#2412=CIRCLE('',#3215,0.0129166666666608);
#2413=CIRCLE('',#3216,0.000670805845241424);
#2414=CIRCLE('',#3217,0.0166666666666666);
#2415=CIRCLE('',#3218,0.000670805845241424);
#2416=CIRCLE('',#3219,0.0129166666666608);
#2417=CIRCLE('',#3220,0.000670805845241424);
#2418=CIRCLE('',#3221,0.0166666666666666);
#2419=CIRCLE('',#3222,0.000670805845241424);
#2420=CIRCLE('',#3223,0.0129166666666608);
#2421=CIRCLE('',#3224,0.000670805845241424);
#2422=CIRCLE('',#3225,0.0166666666666666);
#2423=CIRCLE('',#3226,0.000670805845241424);
#2424=CIRCLE('',#3227,0.0129166666666608);
#2425=CIRCLE('',#3228,0.000670805845241424);
#2426=CIRCLE('',#3229,0.0166666666666666);
#2427=CIRCLE('',#3230,0.000670805845241424);
#2428=CIRCLE('',#3231,0.0129166666666608);
#2429=CIRCLE('',#3232,0.000670805845241424);
#2430=CIRCLE('',#3233,0.0166666666666666);
#2431=CIRCLE('',#3234,0.000670805845241424);
#2432=CIRCLE('',#3235,0.0129166666666608);
#2433=CIRCLE('',#3236,0.000670805845241424);
#2434=CIRCLE('',#3237,0.0166666666666666);
#2435=CIRCLE('',#3238,0.000670805845241424);
#2436=CIRCLE('',#3239,0.0129166666666608);
#2437=CIRCLE('',#3240,0.000670805845241424);
#2438=CIRCLE('',#3241,0.0166666666666666);
#2439=CIRCLE('',#3242,0.000670805845241424);
#2440=CIRCLE('',#3243,0.0129166666666608);
#2441=CIRCLE('',#3244,0.000670805845241424);
#2442=CIRCLE('',#3245,0.0166666666666666);
#2443=CIRCLE('',#3246,0.000670805845241424);
#2444=CIRCLE('',#3247,0.0129166666666608);
#2445=CIRCLE('',#3248,0.000670805845241424);
#2446=CIRCLE('',#3249,0.0166666666666666);
#2447=CIRCLE('',#3250,0.000670805845241424);
#2448=CIRCLE('',#3251,0.0129166666666608);
#2449=CIRCLE('',#3252,0.000670805845241424);
#2450=CIRCLE('',#3253,0.0166666666666666);
#2451=CIRCLE('',#3254,0.000670805845241424);
#2452=CIRCLE('',#3255,0.0129166666666608);
#2453=CIRCLE('',#3256,0.000670805845241424);
#2454=CIRCLE('',#3257,0.0166666666666666);
#2455=CIRCLE('',#3258,0.000670805845241424);
#2456=CIRCLE('',#3259,0.0129166666666608);
#2457=CIRCLE('',#3260,0.000670805845241424);
#2458=CIRCLE('',#3261,0.0166666666666666);
#2459=CIRCLE('',#3262,0.000670805845241424);
#2460=CIRCLE('',#3263,0.0129166666666608);
#2461=CIRCLE('',#3264,0.000670805845241424);
#2462=CIRCLE('',#3265,0.0166666666666666);
#2463=CIRCLE('',#3266,0.000670805845241424);
#2464=CIRCLE('',#3267,0.0129166666666608);
#2465=CIRCLE('',#3268,0.000670805845241424);
#2466=CIRCLE('',#3269,0.0166666666666666);
#2467=CIRCLE('',#3270,0.000670805845241424);
#2468=CIRCLE('',#3271,0.0129166666666608);
#2469=CIRCLE('',#3272,0.000670805845241424);
#2470=CIRCLE('',#3273,0.0166666666666666);
#2471=CIRCLE('',#3274,0.000670805845241424);
#2472=CIRCLE('',#3275,0.0129166666666608);
#2473=CIRCLE('',#3276,0.000670805845241424);
#2474=CIRCLE('',#3277,0.0166666666666666);
#2475=CIRCLE('',#3278,0.000670805845241424);
#2476=CIRCLE('',#3279,0.0129166666666608);
#2477=CIRCLE('',#3281,0.01025);
#2478=CIRCLE('',#3282,0.01025);
#2479=CIRCLE('',#3284,0.0016);
#2480=CIRCLE('',#3286,0.0016);
#2481=CIRCLE('',#3288,0.0016);
#2482=CIRCLE('',#3290,0.0016);
#2483=CIRCLE('',#3292,0.043);
#2484=CIRCLE('',#3293,0.043);
#2485=CIRCLE('',#3294,0.043);
#2486=CIRCLE('',#3295,0.043);
#2487=CIRCLE('',#3296,0.043);
#2488=CIRCLE('',#3297,0.043);
#2489=CIRCLE('',#3299,0.038);
#2490=CIRCLE('',#3301,0.044);
#2491=CIRCLE('',#3303,0.005);
#2492=CIRCLE('',#3304,0.005);
#2493=CIRCLE('',#3305,0.0385);
#2494=CIRCLE('',#3307,0.0385);
#2495=CIRCLE('',#3309,0.0475);
#2496=CIRCLE('',#3310,0.005);
#2497=CIRCLE('',#3311,0.005);
#2498=CIRCLE('',#3313,0.0475);
#2499=CIRCLE('',#3320,0.044);
#2500=CIRCLE('',#3322,0.005);
#2501=CIRCLE('',#3323,0.005);
#2502=CIRCLE('',#3324,0.0385);
#2503=CIRCLE('',#3326,0.0385);
#2504=CIRCLE('',#3328,0.0475);
#2505=CIRCLE('',#3329,0.005);
#2506=CIRCLE('',#3330,0.005);
#2507=CIRCLE('',#3332,0.0475);
#2508=CIRCLE('',#3339,0.044);
#2509=CIRCLE('',#3341,0.005);
#2510=CIRCLE('',#3342,0.005);
#2511=CIRCLE('',#3343,0.0385);
#2512=CIRCLE('',#3345,0.0385);
#2513=CIRCLE('',#3347,0.0475);
#2514=CIRCLE('',#3348,0.005);
#2515=CIRCLE('',#3349,0.005);
#2516=CIRCLE('',#3351,0.0475);
#2517=CIRCLE('',#3358,0.044);
#2518=CIRCLE('',#3360,0.005);
#2519=CIRCLE('',#3361,0.005);
#2520=CIRCLE('',#3362,0.0385);
#2521=CIRCLE('',#3364,0.0385);
#2522=CIRCLE('',#3366,0.0475);
#2523=CIRCLE('',#3367,0.005);
#2524=CIRCLE('',#3368,0.005);
#2525=CIRCLE('',#3370,0.0475);
#2526=CIRCLE('',#3377,0.044);
#2527=CIRCLE('',#3379,0.005);
#2528=CIRCLE('',#3380,0.005);
#2529=CIRCLE('',#3381,0.0385);
#2530=CIRCLE('',#3383,0.0385);
#2531=CIRCLE('',#3385,0.0475);
#2532=CIRCLE('',#3386,0.005);
#2533=CIRCLE('',#3387,0.005);
#2534=CIRCLE('',#3389,0.0475);
#2535=CIRCLE('',#3396,0.0166666666666666);
#2536=CIRCLE('',#3398,0.0166666666666666);
#2537=CIRCLE('',#3400,0.0166666666666666);
#2538=CIRCLE('',#3402,0.0166666666666666);
#2539=CIRCLE('',#3404,0.0166666666666666);
#2540=CIRCLE('',#3406,0.0166666666666666);
#2541=CIRCLE('',#3408,0.0166666666666666);
#2542=CIRCLE('',#3410,0.0166666666666666);
#2543=CIRCLE('',#3412,0.0166666666666666);
#2544=CIRCLE('',#3414,0.0166666666666666);
#2545=CIRCLE('',#3416,0.0166666666666666);
#2546=CIRCLE('',#3418,0.0166666666666666);
#2547=CIRCLE('',#3420,0.0166666666666666);
#2548=CIRCLE('',#3422,0.0166666666666666);
#2549=CIRCLE('',#3424,0.0166666666666666);
#2550=CIRCLE('',#3426,0.0166666666666666);
#2551=CIRCLE('',#3428,0.0166666666666666);
#2552=CIRCLE('',#3430,0.000670805845241424);
#2553=CIRCLE('',#3431,0.000670805845241424);
#2554=CIRCLE('',#3432,0.0129166666666608);
#2555=CIRCLE('',#3433,0.000670805845241424);
#2556=CIRCLE('',#3434,0.000670805845241424);
#2557=CIRCLE('',#3435,0.0129166666666608);
#2558=CIRCLE('',#3436,0.000670805845241424);
#2559=CIRCLE('',#3437,0.000670805845241424);
#2560=CIRCLE('',#3438,0.0129166666666608);
#2561=CIRCLE('',#3439,0.000670805845241424);
#2562=CIRCLE('',#3440,0.000670805845241424);
#2563=CIRCLE('',#3441,0.0129166666666608);
#2564=CIRCLE('',#3442,0.000670805845241424);
#2565=CIRCLE('',#3443,0.000670805845241424);
#2566=CIRCLE('',#3444,0.0129166666666608);
#2567=CIRCLE('',#3445,0.000670805845241424);
#2568=CIRCLE('',#3446,0.000670805845241424);
#2569=CIRCLE('',#3447,0.0129166666666608);
#2570=CIRCLE('',#3448,0.000670805845241424);
#2571=CIRCLE('',#3449,0.000670805845241424);
#2572=CIRCLE('',#3450,0.0129166666666608);
#2573=CIRCLE('',#3451,0.000670805845241424);
#2574=CIRCLE('',#3452,0.000670805845241424);
#2575=CIRCLE('',#3453,0.0129166666666608);
#2576=CIRCLE('',#3454,0.000670805845241424);
#2577=CIRCLE('',#3455,0.000670805845241424);
#2578=CIRCLE('',#3456,0.0129166666666608);
#2579=CIRCLE('',#3457,0.000670805845241424);
#2580=CIRCLE('',#3458,0.000670805845241424);
#2581=CIRCLE('',#3459,0.0129166666666608);
#2582=CIRCLE('',#3460,0.000670805845241424);
#2583=CIRCLE('',#3461,0.000670805845241424);
#2584=CIRCLE('',#3462,0.0129166666666608);
#2585=CIRCLE('',#3463,0.000670805845241424);
#2586=CIRCLE('',#3464,0.000670805845241424);
#2587=CIRCLE('',#3465,0.0129166666666608);
#2588=CIRCLE('',#3466,0.000670805845241424);
#2589=CIRCLE('',#3467,0.000670805845241424);
#2590=CIRCLE('',#3468,0.0129166666666608);
#2591=CIRCLE('',#3469,0.000670805845241424);
#2592=CIRCLE('',#3470,0.0166666666666666);
#2593=CIRCLE('',#3471,0.000670805845241424);
#2594=CIRCLE('',#3472,0.0129166666666608);
#2595=CIRCLE('',#3473,0.000670805845241424);
#2596=CIRCLE('',#3474,0.000670805845241424);
#2597=CIRCLE('',#3475,0.0129166666666608);
#2598=CIRCLE('',#3476,0.000670805845241424);
#2599=CIRCLE('',#3477,0.000670805845241424);
#2600=CIRCLE('',#3478,0.0129166666666608);
#2601=CIRCLE('',#3479,0.000670805845241424);
#2602=CIRCLE('',#3480,0.000670805845241424);
#2603=CIRCLE('',#3481,0.0129166666666608);
#2604=CIRCLE('',#3482,0.000670805845241424);
#2605=CIRCLE('',#3483,0.000670805845241424);
#2606=CIRCLE('',#3484,0.0129166666666608);
#2607=EDGE_LOOP('',(#595,#596,#597,#598,#599,#600,#601,#602,#603,#604,#605,
#606,#607,#608,#609,#610,#611,#612,#613,#614));
#2608=EDGE_LOOP('',(#615));
#2609=EDGE_LOOP('',(#616));
#2610=EDGE_LOOP('',(#617));
#2611=EDGE_LOOP('',(#618));
#2612=EDGE_LOOP('',(#619,#620,#621,#622,#623,#624,#625,#626,#627,#628,#629,
#630,#631,#632,#633,#634,#635,#636,#637,#638,#639,#640,#641,#642,#643,#644,
#645,#646,#647,#648,#649,#650,#651,#652,#653,#654,#655,#656,#657,#658,#659,
#660,#661,#662,#663,#664,#665,#666,#667,#668,#669,#670,#671,#672,#673,#674,
#675,#676,#677,#678,#679,#680,#681,#682,#683,#684,#685,#686,#687,#688,#689,
#690,#691,#692,#693,#694,#695,#696,#697,#698,#699,#700,#701,#702,#703,#704,
#705,#706,#707,#708,#709,#710,#711,#712,#713,#714,#715,#716,#717,#718,#719,
#720,#721,#722,#723,#724,#725,#726));
#2613=EDGE_LOOP('',(#727));
#2614=EDGE_LOOP('',(#728));
#2615=EDGE_LOOP('',(#729));
#2616=EDGE_LOOP('',(#730));
#2617=EDGE_LOOP('',(#731));
#2618=EDGE_LOOP('',(#732));
#2619=EDGE_LOOP('',(#733));
#2620=EDGE_LOOP('',(#734));
#2621=EDGE_LOOP('',(#735));
#2622=EDGE_LOOP('',(#736));
#2623=EDGE_LOOP('',(#737));
#2624=EDGE_LOOP('',(#738,#739,#740,#741,#742,#743,#744,#745,#746,#747,#748,
#749,#750,#751,#752,#753,#754,#755,#756,#757));
#2625=EDGE_LOOP('',(#758));
#2626=EDGE_LOOP('',(#759));
#2627=EDGE_LOOP('',(#760));
#2628=EDGE_LOOP('',(#761));
#2629=EDGE_LOOP('',(#762));
#2630=EDGE_LOOP('',(#763));
#2631=EDGE_LOOP('',(#764,#765,#766,#767));
#2632=EDGE_LOOP('',(#768,#769,#770,#771,#772,#773));
#2633=EDGE_LOOP('',(#774,#775,#776,#777));
#2634=EDGE_LOOP('',(#778,#779,#780,#781,#782,#783));
#2635=EDGE_LOOP('',(#784,#785,#786,#787));
#2636=EDGE_LOOP('',(#788,#789,#790,#791));
#2637=EDGE_LOOP('',(#792,#793,#794,#795));
#2638=EDGE_LOOP('',(#796,#797,#798,#799,#800,#801,#802,#803));
#2639=EDGE_LOOP('',(#804,#805,#806,#807));
#2640=EDGE_LOOP('',(#808,#809,#810,#811,#812,#813,#814,#815));
#2641=EDGE_LOOP('',(#816,#817,#818,#819));
#2642=EDGE_LOOP('',(#820,#821,#822,#823,#824,#825));
#2643=EDGE_LOOP('',(#826,#827,#828,#829));
#2644=EDGE_LOOP('',(#830,#831,#832,#833,#834,#835));
#2645=EDGE_LOOP('',(#836,#837,#838,#839));
#2646=EDGE_LOOP('',(#840,#841,#842,#843));
#2647=EDGE_LOOP('',(#844,#845,#846,#847));
#2648=EDGE_LOOP('',(#848,#849,#850,#851,#852,#853,#854,#855));
#2649=EDGE_LOOP('',(#856,#857,#858,#859));
#2650=EDGE_LOOP('',(#860,#861,#862,#863,#864,#865,#866,#867));
#2651=EDGE_LOOP('',(#868,#869,#870,#871));
#2652=EDGE_LOOP('',(#872,#873,#874,#875,#876,#877));
#2653=EDGE_LOOP('',(#878,#879,#880,#881));
#2654=EDGE_LOOP('',(#882,#883,#884,#885,#886,#887));
#2655=EDGE_LOOP('',(#888,#889,#890,#891));
#2656=EDGE_LOOP('',(#892,#893,#894,#895));
#2657=EDGE_LOOP('',(#896,#897,#898,#899));
#2658=EDGE_LOOP('',(#900,#901,#902,#903,#904,#905,#906,#907));
#2659=EDGE_LOOP('',(#908,#909,#910,#911));
#2660=EDGE_LOOP('',(#912,#913,#914,#915,#916,#917,#918,#919));
#2661=EDGE_LOOP('',(#920,#921,#922,#923));
#2662=EDGE_LOOP('',(#924,#925,#926,#927,#928,#929));
#2663=EDGE_LOOP('',(#930,#931,#932,#933));
#2664=EDGE_LOOP('',(#934,#935,#936,#937,#938,#939));
#2665=EDGE_LOOP('',(#940,#941,#942,#943));
#2666=EDGE_LOOP('',(#944,#945,#946,#947));
#2667=EDGE_LOOP('',(#948,#949,#950,#951));
#2668=EDGE_LOOP('',(#952,#953,#954,#955,#956,#957,#958,#959));
#2669=EDGE_LOOP('',(#960,#961,#962,#963));
#2670=EDGE_LOOP('',(#964,#965,#966,#967,#968,#969,#970,#971));
#2671=EDGE_LOOP('',(#972,#973,#974,#975));
#2672=EDGE_LOOP('',(#976,#977,#978,#979,#980,#981));
#2673=EDGE_LOOP('',(#982,#983,#984,#985));
#2674=EDGE_LOOP('',(#986,#987,#988,#989,#990,#991));
#2675=EDGE_LOOP('',(#992,#993,#994,#995));
#2676=EDGE_LOOP('',(#996,#997,#998,#999));
#2677=EDGE_LOOP('',(#1000,#1001,#1002,#1003));
#2678=EDGE_LOOP('',(#1004,#1005,#1006,#1007,#1008,#1009,#1010,#1011));
#2679=EDGE_LOOP('',(#1012,#1013,#1014,#1015));
#2680=EDGE_LOOP('',(#1016,#1017,#1018,#1019,#1020,#1021,#1022,#1023));
#2681=EDGE_LOOP('',(#1024,#1025,#1026,#1027));
#2682=EDGE_LOOP('',(#1028,#1029,#1030,#1031));
#2683=EDGE_LOOP('',(#1032,#1033,#1034,#1035));
#2684=EDGE_LOOP('',(#1036,#1037,#1038,#1039));
#2685=EDGE_LOOP('',(#1040,#1041,#1042,#1043));
#2686=EDGE_LOOP('',(#1044,#1045,#1046,#1047));
#2687=EDGE_LOOP('',(#1048,#1049,#1050,#1051));
#2688=EDGE_LOOP('',(#1052,#1053,#1054,#1055));
#2689=EDGE_LOOP('',(#1056,#1057,#1058,#1059));
#2690=EDGE_LOOP('',(#1060,#1061,#1062,#1063));
#2691=EDGE_LOOP('',(#1064,#1065,#1066,#1067));
#2692=EDGE_LOOP('',(#1068,#1069,#1070,#1071));
#2693=EDGE_LOOP('',(#1072,#1073,#1074,#1075));
#2694=EDGE_LOOP('',(#1076,#1077,#1078,#1079));
#2695=EDGE_LOOP('',(#1080,#1081,#1082,#1083));
#2696=EDGE_LOOP('',(#1084,#1085,#1086,#1087));
#2697=EDGE_LOOP('',(#1088,#1089,#1090,#1091));
#2698=EDGE_LOOP('',(#1092));
#2699=EDGE_LOOP('',(#1093,#1094,#1095,#1096,#1097,#1098,#1099,#1100,#1101,
#1102,#1103,#1104,#1105,#1106,#1107,#1108,#1109,#1110,#1111,#1112,#1113,
#1114,#1115,#1116,#1117,#1118,#1119,#1120,#1121,#1122,#1123,#1124,#1125,
#1126,#1127,#1128,#1129,#1130,#1131,#1132,#1133,#1134,#1135,#1136,#1137,
#1138,#1139,#1140,#1141,#1142,#1143,#1144,#1145,#1146,#1147,#1148,#1149,
#1150,#1151,#1152,#1153,#1154,#1155,#1156,#1157,#1158,#1159,#1160,#1161,
#1162,#1163,#1164,#1165,#1166,#1167,#1168,#1169,#1170,#1171,#1172,#1173,
#1174,#1175,#1176,#1177,#1178,#1179,#1180,#1181,#1182,#1183,#1184,#1185,
#1186,#1187,#1188,#1189,#1190,#1191,#1192,#1193,#1194,#1195,#1196,#1197,
#1198,#1199,#1200));
#2700=EDGE_LOOP('',(#1201,#1202,#1203,#1204));
#2701=EDGE_LOOP('',(#1205,#1206,#1207,#1208));
#2702=EDGE_LOOP('',(#1209,#1210,#1211,#1212));
#2703=EDGE_LOOP('',(#1213,#1214,#1215,#1216));
#2704=EDGE_LOOP('',(#1217,#1218,#1219,#1220));
#2705=EDGE_LOOP('',(#1221,#1222,#1223,#1224));
#2706=EDGE_LOOP('',(#1225,#1226,#1227,#1228));
#2707=EDGE_LOOP('',(#1229,#1230,#1231,#1232));
#2708=EDGE_LOOP('',(#1233,#1234,#1235,#1236));
#2709=EDGE_LOOP('',(#1237,#1238,#1239,#1240));
#2710=EDGE_LOOP('',(#1241,#1242,#1243,#1244));
#2711=EDGE_LOOP('',(#1245,#1246,#1247,#1248));
#2712=EDGE_LOOP('',(#1249,#1250,#1251,#1252));
#2713=EDGE_LOOP('',(#1253,#1254,#1255,#1256));
#2714=EDGE_LOOP('',(#1257,#1258,#1259,#1260));
#2715=EDGE_LOOP('',(#1261,#1262,#1263,#1264));
#2716=EDGE_LOOP('',(#1265,#1266,#1267,#1268));
#2717=EDGE_LOOP('',(#1269,#1270,#1271,#1272));
#2718=EDGE_LOOP('',(#1273,#1274,#1275,#1276));
#2719=EDGE_LOOP('',(#1277,#1278,#1279,#1280));
#2720=EDGE_LOOP('',(#1281,#1282,#1283,#1284));
#2721=EDGE_LOOP('',(#1285,#1286,#1287,#1288));
#2722=EDGE_LOOP('',(#1289,#1290,#1291,#1292));
#2723=EDGE_LOOP('',(#1293,#1294,#1295,#1296));
#2724=EDGE_LOOP('',(#1297,#1298,#1299,#1300));
#2725=EDGE_LOOP('',(#1301,#1302,#1303,#1304));
#2726=EDGE_LOOP('',(#1305,#1306,#1307,#1308));
#2727=EDGE_LOOP('',(#1309,#1310,#1311,#1312));
#2728=EDGE_LOOP('',(#1313,#1314,#1315,#1316));
#2729=EDGE_LOOP('',(#1317,#1318,#1319,#1320));
#2730=EDGE_LOOP('',(#1321,#1322,#1323,#1324));
#2731=EDGE_LOOP('',(#1325,#1326,#1327,#1328));
#2732=EDGE_LOOP('',(#1329,#1330,#1331,#1332));
#2733=EDGE_LOOP('',(#1333,#1334,#1335,#1336));
#2734=EDGE_LOOP('',(#1337,#1338,#1339,#1340));
#2735=EDGE_LOOP('',(#1341,#1342,#1343,#1344));
#2736=EDGE_LOOP('',(#1345,#1346,#1347,#1348));
#2737=EDGE_LOOP('',(#1349,#1350,#1351,#1352));
#2738=EDGE_LOOP('',(#1353,#1354,#1355,#1356));
#2739=EDGE_LOOP('',(#1357,#1358,#1359,#1360));
#2740=EDGE_LOOP('',(#1361,#1362,#1363,#1364));
#2741=EDGE_LOOP('',(#1365,#1366,#1367,#1368));
#2742=EDGE_LOOP('',(#1369,#1370,#1371,#1372));
#2743=EDGE_LOOP('',(#1373,#1374,#1375,#1376));
#2744=EDGE_LOOP('',(#1377,#1378,#1379,#1380));
#2745=EDGE_LOOP('',(#1381,#1382,#1383,#1384));
#2746=EDGE_LOOP('',(#1385,#1386,#1387,#1388));
#2747=EDGE_LOOP('',(#1389,#1390,#1391,#1392));
#2748=EDGE_LOOP('',(#1393,#1394,#1395,#1396));
#2749=EDGE_LOOP('',(#1397,#1398,#1399,#1400));
#2750=EDGE_LOOP('',(#1401,#1402,#1403,#1404));
#2751=EDGE_LOOP('',(#1405,#1406,#1407,#1408));
#2752=EDGE_LOOP('',(#1409,#1410,#1411,#1412));
#2753=EDGE_LOOP('',(#1413,#1414,#1415,#1416));
#2754=EDGE_LOOP('',(#1417,#1418,#1419,#1420));
#2755=EDGE_LOOP('',(#1421,#1422,#1423,#1424));
#2756=EDGE_LOOP('',(#1425,#1426,#1427,#1428));
#2757=EDGE_LOOP('',(#1429,#1430,#1431,#1432));
#2758=EDGE_LOOP('',(#1433,#1434,#1435,#1436));
#2759=EDGE_LOOP('',(#1437,#1438,#1439,#1440));
#2760=EDGE_LOOP('',(#1441,#1442,#1443,#1444));
#2761=EDGE_LOOP('',(#1445,#1446,#1447,#1448));
#2762=EDGE_LOOP('',(#1449,#1450,#1451,#1452));
#2763=EDGE_LOOP('',(#1453,#1454,#1455,#1456));
#2764=EDGE_LOOP('',(#1457,#1458,#1459,#1460));
#2765=EDGE_LOOP('',(#1461,#1462,#1463,#1464));
#2766=EDGE_LOOP('',(#1465,#1466,#1467,#1468));
#2767=EDGE_LOOP('',(#1469,#1470,#1471,#1472));
#2768=EDGE_LOOP('',(#1473,#1474,#1475,#1476));
#2769=EDGE_LOOP('',(#1477,#1478,#1479,#1480));
#2770=EDGE_LOOP('',(#1481,#1482,#1483,#1484));
#2771=EDGE_LOOP('',(#1485,#1486,#1487,#1488));
#2772=EDGE_LOOP('',(#1489,#1490,#1491,#1492));
#2773=EDGE_LOOP('',(#1493,#1494,#1495,#1496));
#2774=EDGE_LOOP('',(#1497,#1498,#1499,#1500));
#2775=EDGE_LOOP('',(#1501,#1502,#1503,#1504));
#2776=EDGE_LOOP('',(#1505,#1506,#1507,#1508));
#2777=EDGE_LOOP('',(#1509,#1510,#1511,#1512));
#2778=EDGE_LOOP('',(#1513,#1514,#1515,#1516));
#2779=EDGE_LOOP('',(#1517,#1518,#1519,#1520));
#2780=EDGE_LOOP('',(#1521,#1522,#1523,#1524));
#2781=EDGE_LOOP('',(#1525,#1526,#1527,#1528));
#2782=EDGE_LOOP('',(#1529,#1530,#1531,#1532));
#2783=EDGE_LOOP('',(#1533,#1534,#1535,#1536));
#2784=EDGE_LOOP('',(#1537,#1538,#1539,#1540));
#2785=EDGE_LOOP('',(#1541,#1542,#1543,#1544));
#2786=EDGE_LOOP('',(#1545,#1546,#1547,#1548));
#2787=EDGE_LOOP('',(#1549,#1550,#1551,#1552));
#2788=EDGE_LOOP('',(#1553,#1554,#1555,#1556));
#2789=EDGE_LOOP('',(#1557,#1558,#1559,#1560));
#2790=EDGE_LOOP('',(#1561,#1562,#1563,#1564));
#2791=EDGE_LOOP('',(#1565));
#2792=EDGE_LOOP('',(#1566));
#2793=FACE_BOUND('',#2607,.T.);
#2794=FACE_BOUND('',#2608,.T.);
#2795=FACE_BOUND('',#2609,.T.);
#2796=FACE_BOUND('',#2610,.T.);
#2797=FACE_BOUND('',#2611,.T.);
#2798=FACE_BOUND('',#2612,.T.);
#2799=FACE_BOUND('',#2613,.T.);
#2800=FACE_BOUND('',#2614,.T.);
#2801=FACE_BOUND('',#2615,.T.);
#2802=FACE_BOUND('',#2616,.T.);
#2803=FACE_BOUND('',#2617,.T.);
#2804=FACE_BOUND('',#2618,.T.);
#2805=FACE_BOUND('',#2619,.T.);
#2806=FACE_BOUND('',#2620,.T.);
#2807=FACE_BOUND('',#2621,.T.);
#2808=FACE_BOUND('',#2622,.T.);
#2809=FACE_BOUND('',#2623,.T.);
#2810=FACE_BOUND('',#2624,.T.);
#2811=FACE_BOUND('',#2625,.T.);
#2812=FACE_BOUND('',#2626,.T.);
#2813=FACE_BOUND('',#2627,.T.);
#2814=FACE_BOUND('',#2628,.T.);
#2815=FACE_BOUND('',#2629,.T.);
#2816=FACE_BOUND('',#2630,.T.);
#2817=FACE_BOUND('',#2631,.T.);
#2818=FACE_BOUND('',#2632,.T.);
#2819=FACE_BOUND('',#2633,.T.);
#2820=FACE_BOUND('',#2634,.T.);
#2821=FACE_BOUND('',#2635,.T.);
#2822=FACE_BOUND('',#2636,.T.);
#2823=FACE_BOUND('',#2637,.T.);
#2824=FACE_BOUND('',#2638,.T.);
#2825=FACE_BOUND('',#2639,.T.);
#2826=FACE_BOUND('',#2640,.T.);
#2827=FACE_BOUND('',#2641,.T.);
#2828=FACE_BOUND('',#2642,.T.);
#2829=FACE_BOUND('',#2643,.T.);
#2830=FACE_BOUND('',#2644,.T.);
#2831=FACE_BOUND('',#2645,.T.);
#2832=FACE_BOUND('',#2646,.T.);
#2833=FACE_BOUND('',#2647,.T.);
#2834=FACE_BOUND('',#2648,.T.);
#2835=FACE_BOUND('',#2649,.T.);
#2836=FACE_BOUND('',#2650,.T.);
#2837=FACE_BOUND('',#2651,.T.);
#2838=FACE_BOUND('',#2652,.T.);
#2839=FACE_BOUND('',#2653,.T.);
#2840=FACE_BOUND('',#2654,.T.);
#2841=FACE_BOUND('',#2655,.T.);
#2842=FACE_BOUND('',#2656,.T.);
#2843=FACE_BOUND('',#2657,.T.);
#2844=FACE_BOUND('',#2658,.T.);
#2845=FACE_BOUND('',#2659,.T.);
#2846=FACE_BOUND('',#2660,.T.);
#2847=FACE_BOUND('',#2661,.T.);
#2848=FACE_BOUND('',#2662,.T.);
#2849=FACE_BOUND('',#2663,.T.);
#2850=FACE_BOUND('',#2664,.T.);
#2851=FACE_BOUND('',#2665,.T.);
#2852=FACE_BOUND('',#2666,.T.);
#2853=FACE_BOUND('',#2667,.T.);
#2854=FACE_BOUND('',#2668,.T.);
#2855=FACE_BOUND('',#2669,.T.);
#2856=FACE_BOUND('',#2670,.T.);
#2857=FACE_BOUND('',#2671,.T.);
#2858=FACE_BOUND('',#2672,.T.);
#2859=FACE_BOUND('',#2673,.T.);
#2860=FACE_BOUND('',#2674,.T.);
#2861=FACE_BOUND('',#2675,.T.);
#2862=FACE_BOUND('',#2676,.T.);
#2863=FACE_BOUND('',#2677,.T.);
#2864=FACE_BOUND('',#2678,.T.);
#2865=FACE_BOUND('',#2679,.T.);
#2866=FACE_BOUND('',#2680,.T.);
#2867=FACE_BOUND('',#2681,.T.);
#2868=FACE_BOUND('',#2682,.T.);
#2869=FACE_BOUND('',#2683,.T.);
#2870=FACE_BOUND('',#2684,.T.);
#2871=FACE_BOUND('',#2685,.T.);
#2872=FACE_BOUND('',#2686,.T.);
#2873=FACE_BOUND('',#2687,.T.);
#2874=FACE_BOUND('',#2688,.T.);
#2875=FACE_BOUND('',#2689,.T.);
#2876=FACE_BOUND('',#2690,.T.);
#2877=FACE_BOUND('',#2691,.T.);
#2878=FACE_BOUND('',#2692,.T.);
#2879=FACE_BOUND('',#2693,.T.);
#2880=FACE_BOUND('',#2694,.T.);
#2881=FACE_BOUND('',#2695,.T.);
#2882=FACE_BOUND('',#2696,.T.);
#2883=FACE_BOUND('',#2697,.T.);
#2884=FACE_BOUND('',#2698,.T.);
#2885=FACE_BOUND('',#2699,.T.);
#2886=FACE_BOUND('',#2700,.T.);
#2887=FACE_BOUND('',#2701,.T.);
#2888=FACE_BOUND('',#2702,.T.);
#2889=FACE_BOUND('',#2703,.T.);
#2890=FACE_BOUND('',#2704,.T.);
#2891=FACE_BOUND('',#2705,.T.);
#2892=FACE_BOUND('',#2706,.T.);
#2893=FACE_BOUND('',#2707,.T.);
#2894=FACE_BOUND('',#2708,.T.);
#2895=FACE_BOUND('',#2709,.T.);
#2896=FACE_BOUND('',#2710,.T.);
#2897=FACE_BOUND('',#2711,.T.);
#2898=FACE_BOUND('',#2712,.T.);
#2899=FACE_BOUND('',#2713,.T.);
#2900=FACE_BOUND('',#2714,.T.);
#2901=FACE_BOUND('',#2715,.T.);
#2902=FACE_BOUND('',#2716,.T.);
#2903=FACE_BOUND('',#2717,.T.);
#2904=FACE_BOUND('',#2718,.T.);
#2905=FACE_BOUND('',#2719,.T.);
#2906=FACE_BOUND('',#2720,.T.);
#2907=FACE_BOUND('',#2721,.T.);
#2908=FACE_BOUND('',#2722,.T.);
#2909=FACE_BOUND('',#2723,.T.);
#2910=FACE_BOUND('',#2724,.T.);
#2911=FACE_BOUND('',#2725,.T.);
#2912=FACE_BOUND('',#2726,.T.);
#2913=FACE_BOUND('',#2727,.T.);
#2914=FACE_BOUND('',#2728,.T.);
#2915=FACE_BOUND('',#2729,.T.);
#2916=FACE_BOUND('',#2730,.T.);
#2917=FACE_BOUND('',#2731,.T.);
#2918=FACE_BOUND('',#2732,.T.);
#2919=FACE_BOUND('',#2733,.T.);
#2920=FACE_BOUND('',#2734,.T.);
#2921=FACE_BOUND('',#2735,.T.);
#2922=FACE_BOUND('',#2736,.T.);
#2923=FACE_BOUND('',#2737,.T.);
#2924=FACE_BOUND('',#2738,.T.);
#2925=FACE_BOUND('',#2739,.T.);
#2926=FACE_BOUND('',#2740,.T.);
#2927=FACE_BOUND('',#2741,.T.);
#2928=FACE_BOUND('',#2742,.T.);
#2929=FACE_BOUND('',#2743,.T.);
#2930=FACE_BOUND('',#2744,.T.);
#2931=FACE_BOUND('',#2745,.T.);
#2932=FACE_BOUND('',#2746,.T.);
#2933=FACE_BOUND('',#2747,.T.);
#2934=FACE_BOUND('',#2748,.T.);
#2935=FACE_BOUND('',#2749,.T.);
#2936=FACE_BOUND('',#2750,.T.);
#2937=FACE_BOUND('',#2751,.T.);
#2938=FACE_BOUND('',#2752,.T.);
#2939=FACE_BOUND('',#2753,.T.);
#2940=FACE_BOUND('',#2754,.T.);
#2941=FACE_BOUND('',#2755,.T.);
#2942=FACE_BOUND('',#2756,.T.);
#2943=FACE_BOUND('',#2757,.T.);
#2944=FACE_BOUND('',#2758,.T.);
#2945=FACE_BOUND('',#2759,.T.);
#2946=FACE_BOUND('',#2760,.T.);
#2947=FACE_BOUND('',#2761,.T.);
#2948=FACE_BOUND('',#2762,.T.);
#2949=FACE_BOUND('',#2763,.T.);
#2950=FACE_BOUND('',#2764,.T.);
#2951=FACE_BOUND('',#2765,.T.);
#2952=FACE_BOUND('',#2766,.T.);
#2953=FACE_BOUND('',#2767,.T.);
#2954=FACE_BOUND('',#2768,.T.);
#2955=FACE_BOUND('',#2769,.T.);
#2956=FACE_BOUND('',#2770,.T.);
#2957=FACE_BOUND('',#2771,.T.);
#2958=FACE_BOUND('',#2772,.T.);
#2959=FACE_BOUND('',#2773,.T.);
#2960=FACE_BOUND('',#2774,.T.);
#2961=FACE_BOUND('',#2775,.T.);
#2962=FACE_BOUND('',#2776,.T.);
#2963=FACE_BOUND('',#2777,.T.);
#2964=FACE_BOUND('',#2778,.T.);
#2965=FACE_BOUND('',#2779,.T.);
#2966=FACE_BOUND('',#2780,.T.);
#2967=FACE_BOUND('',#2781,.T.);
#2968=FACE_BOUND('',#2782,.T.);
#2969=FACE_BOUND('',#2783,.T.);
#2970=FACE_BOUND('',#2784,.T.);
#2971=FACE_BOUND('',#2785,.T.);
#2972=FACE_BOUND('',#2786,.T.);
#2973=FACE_BOUND('',#2787,.T.);
#2974=FACE_BOUND('',#2788,.T.);
#2975=FACE_BOUND('',#2789,.T.);
#2976=FACE_BOUND('',#2790,.T.);
#2977=FACE_BOUND('',#2791,.T.);
#2978=FACE_BOUND('',#2792,.T.);
#2979=PLANE('',#3183);
#2980=PLANE('',#3298);
#2981=PLANE('',#3302);
#2982=PLANE('',#3308);
#2983=PLANE('',#3314);
#2984=PLANE('',#3315);
#2985=PLANE('',#3321);
#2986=PLANE('',#3327);
#2987=PLANE('',#3333);
#2988=PLANE('',#3334);
#2989=PLANE('',#3340);
#2990=PLANE('',#3346);
#2991=PLANE('',#3352);
#2992=PLANE('',#3353);
#2993=PLANE('',#3359);
#2994=PLANE('',#3365);
#2995=PLANE('',#3371);
#2996=PLANE('',#3372);
#2997=PLANE('',#3378);
#2998=PLANE('',#3384);
#2999=PLANE('',#3390);
#3000=PLANE('',#3391);
#3001=PLANE('',#3429);
#3002=ADVANCED_FACE('',(#2793,#2794,#2795,#2796,#2797,#2798),#2979,.F.);
#3003=ADVANCED_FACE('',(#2799,#2800),#410,.F.);
#3004=ADVANCED_FACE('',(#2801,#2802),#411,.F.);
#3005=ADVANCED_FACE('',(#2803,#2804),#412,.F.);
#3006=ADVANCED_FACE('',(#2805,#2806),#413,.F.);
#3007=ADVANCED_FACE('',(#2807,#2808),#414,.F.);
#3008=ADVANCED_FACE('',(#2809,#2810),#415,.T.);
#3009=ADVANCED_FACE('',(#2811,#2812,#2813,#2814,#2815,#2816),#2980,.T.);
#3010=ADVANCED_FACE('',(#2817),#416,.F.);
#3011=ADVANCED_FACE('',(#2818),#2981,.T.);
#3012=ADVANCED_FACE('',(#2819),#417,.F.);
#3013=ADVANCED_FACE('',(#2820),#2982,.T.);
#3014=ADVANCED_FACE('',(#2821),#418,.T.);
#3015=ADVANCED_FACE('',(#2822),#2983,.F.);
#3016=ADVANCED_FACE('',(#2823),#2984,.T.);
#3017=ADVANCED_FACE('',(#2824),#419,.T.);
#3018=ADVANCED_FACE('',(#2825),#48,.T.);
#3019=ADVANCED_FACE('',(#2826),#420,.T.);
#3020=ADVANCED_FACE('',(#2827),#421,.F.);
#3021=ADVANCED_FACE('',(#2828),#2985,.T.);
#3022=ADVANCED_FACE('',(#2829),#422,.F.);
#3023=ADVANCED_FACE('',(#2830),#2986,.T.);
#3024=ADVANCED_FACE('',(#2831),#423,.T.);
#3025=ADVANCED_FACE('',(#2832),#2987,.F.);
#3026=ADVANCED_FACE('',(#2833),#2988,.T.);
#3027=ADVANCED_FACE('',(#2834),#424,.T.);
#3028=ADVANCED_FACE('',(#2835),#49,.T.);
#3029=ADVANCED_FACE('',(#2836),#425,.T.);
#3030=ADVANCED_FACE('',(#2837),#426,.F.);
#3031=ADVANCED_FACE('',(#2838),#2989,.T.);
#3032=ADVANCED_FACE('',(#2839),#427,.F.);
#3033=ADVANCED_FACE('',(#2840),#2990,.T.);
#3034=ADVANCED_FACE('',(#2841),#428,.T.);
#3035=ADVANCED_FACE('',(#2842),#2991,.F.);
#3036=ADVANCED_FACE('',(#2843),#2992,.T.);
#3037=ADVANCED_FACE('',(#2844),#429,.T.);
#3038=ADVANCED_FACE('',(#2845),#50,.T.);
#3039=ADVANCED_FACE('',(#2846),#430,.T.);
#3040=ADVANCED_FACE('',(#2847),#431,.F.);
#3041=ADVANCED_FACE('',(#2848),#2993,.T.);
#3042=ADVANCED_FACE('',(#2849),#432,.F.);
#3043=ADVANCED_FACE('',(#2850),#2994,.T.);
#3044=ADVANCED_FACE('',(#2851),#433,.T.);
#3045=ADVANCED_FACE('',(#2852),#2995,.F.);
#3046=ADVANCED_FACE('',(#2853),#2996,.T.);
#3047=ADVANCED_FACE('',(#2854),#434,.T.);
#3048=ADVANCED_FACE('',(#2855),#51,.T.);
#3049=ADVANCED_FACE('',(#2856),#435,.T.);
#3050=ADVANCED_FACE('',(#2857),#436,.F.);
#3051=ADVANCED_FACE('',(#2858),#2997,.T.);
#3052=ADVANCED_FACE('',(#2859),#437,.F.);
#3053=ADVANCED_FACE('',(#2860),#2998,.T.);
#3054=ADVANCED_FACE('',(#2861),#438,.T.);
#3055=ADVANCED_FACE('',(#2862),#2999,.F.);
#3056=ADVANCED_FACE('',(#2863),#3000,.T.);
#3057=ADVANCED_FACE('',(#2864),#439,.T.);
#3058=ADVANCED_FACE('',(#2865),#52,.T.);
#3059=ADVANCED_FACE('',(#2866),#440,.T.);
#3060=ADVANCED_FACE('',(#2867),#441,.T.);
#3061=ADVANCED_FACE('',(#2868),#442,.T.);
#3062=ADVANCED_FACE('',(#2869),#443,.T.);
#3063=ADVANCED_FACE('',(#2870),#444,.T.);
#3064=ADVANCED_FACE('',(#2871),#445,.T.);
#3065=ADVANCED_FACE('',(#2872),#446,.T.);
#3066=ADVANCED_FACE('',(#2873),#447,.T.);
#3067=ADVANCED_FACE('',(#2874),#448,.T.);
#3068=ADVANCED_FACE('',(#2875),#449,.T.);
#3069=ADVANCED_FACE('',(#2876),#450,.T.);
#3070=ADVANCED_FACE('',(#2877),#451,.T.);
#3071=ADVANCED_FACE('',(#2878),#452,.T.);
#3072=ADVANCED_FACE('',(#2879),#453,.T.);
#3073=ADVANCED_FACE('',(#2880),#454,.T.);
#3074=ADVANCED_FACE('',(#2881),#455,.T.);
#3075=ADVANCED_FACE('',(#2882),#456,.T.);
#3076=ADVANCED_FACE('',(#2883),#457,.T.);
#3077=ADVANCED_FACE('',(#2884,#2885),#3001,.T.);
#3078=ADVANCED_FACE('',(#2886),#458,.T.);
#3079=ADVANCED_FACE('',(#2887),#12,.T.);
#3080=ADVANCED_FACE('',(#2888),#13,.F.);
#3081=ADVANCED_FACE('',(#2889),#459,.T.);
#3082=ADVANCED_FACE('',(#2890),#460,.F.);
#3083=ADVANCED_FACE('',(#2891),#461,.F.);
#3084=ADVANCED_FACE('',(#2892),#14,.T.);
#3085=ADVANCED_FACE('',(#2893),#15,.F.);
#3086=ADVANCED_FACE('',(#2894),#462,.T.);
#3087=ADVANCED_FACE('',(#2895),#463,.F.);
#3088=ADVANCED_FACE('',(#2896),#464,.F.);
#3089=ADVANCED_FACE('',(#2897),#16,.T.);
#3090=ADVANCED_FACE('',(#2898),#17,.F.);
#3091=ADVANCED_FACE('',(#2899),#465,.T.);
#3092=ADVANCED_FACE('',(#2900),#466,.F.);
#3093=ADVANCED_FACE('',(#2901),#467,.F.);
#3094=ADVANCED_FACE('',(#2902),#18,.T.);
#3095=ADVANCED_FACE('',(#2903),#19,.F.);
#3096=ADVANCED_FACE('',(#2904),#468,.T.);
#3097=ADVANCED_FACE('',(#2905),#469,.F.);
#3098=ADVANCED_FACE('',(#2906),#470,.F.);
#3099=ADVANCED_FACE('',(#2907),#20,.T.);
#3100=ADVANCED_FACE('',(#2908),#21,.F.);
#3101=ADVANCED_FACE('',(#2909),#471,.T.);
#3102=ADVANCED_FACE('',(#2910),#472,.F.);
#3103=ADVANCED_FACE('',(#2911),#473,.F.);
#3104=ADVANCED_FACE('',(#2912),#22,.T.);
#3105=ADVANCED_FACE('',(#2913),#23,.F.);
#3106=ADVANCED_FACE('',(#2914),#474,.T.);
#3107=ADVANCED_FACE('',(#2915),#475,.F.);
#3108=ADVANCED_FACE('',(#2916),#476,.F.);
#3109=ADVANCED_FACE('',(#2917),#24,.T.);
#3110=ADVANCED_FACE('',(#2918),#25,.F.);
#3111=ADVANCED_FACE('',(#2919),#477,.T.);
#3112=ADVANCED_FACE('',(#2920),#478,.F.);
#3113=ADVANCED_FACE('',(#2921),#479,.F.);
#3114=ADVANCED_FACE('',(#2922),#26,.T.);
#3115=ADVANCED_FACE('',(#2923),#27,.F.);
#3116=ADVANCED_FACE('',(#2924),#480,.T.);
#3117=ADVANCED_FACE('',(#2925),#481,.F.);
#3118=ADVANCED_FACE('',(#2926),#482,.F.);
#3119=ADVANCED_FACE('',(#2927),#28,.T.);
#3120=ADVANCED_FACE('',(#2928),#29,.F.);
#3121=ADVANCED_FACE('',(#2929),#483,.T.);
#3122=ADVANCED_FACE('',(#2930),#484,.F.);
#3123=ADVANCED_FACE('',(#2931),#485,.F.);
#3124=ADVANCED_FACE('',(#2932),#30,.T.);
#3125=ADVANCED_FACE('',(#2933),#31,.F.);
#3126=ADVANCED_FACE('',(#2934),#486,.T.);
#3127=ADVANCED_FACE('',(#2935),#487,.F.);
#3128=ADVANCED_FACE('',(#2936),#488,.F.);
#3129=ADVANCED_FACE('',(#2937),#32,.T.);
#3130=ADVANCED_FACE('',(#2938),#33,.F.);
#3131=ADVANCED_FACE('',(#2939),#489,.T.);
#3132=ADVANCED_FACE('',(#2940),#490,.F.);
#3133=ADVANCED_FACE('',(#2941),#491,.F.);
#3134=ADVANCED_FACE('',(#2942),#34,.T.);
#3135=ADVANCED_FACE('',(#2943),#35,.F.);
#3136=ADVANCED_FACE('',(#2944),#492,.T.);
#3137=ADVANCED_FACE('',(#2945),#493,.F.);
#3138=ADVANCED_FACE('',(#2946),#494,.F.);
#3139=ADVANCED_FACE('',(#2947),#36,.T.);
#3140=ADVANCED_FACE('',(#2948),#37,.F.);
#3141=ADVANCED_FACE('',(#2949),#495,.T.);
#3142=ADVANCED_FACE('',(#2950),#496,.F.);
#3143=ADVANCED_FACE('',(#2951),#497,.F.);
#3144=ADVANCED_FACE('',(#2952),#38,.T.);
#3145=ADVANCED_FACE('',(#2953),#39,.F.);
#3146=ADVANCED_FACE('',(#2954),#498,.T.);
#3147=ADVANCED_FACE('',(#2955),#499,.F.);
#3148=ADVANCED_FACE('',(#2956),#500,.F.);
#3149=ADVANCED_FACE('',(#2957),#40,.T.);
#3150=ADVANCED_FACE('',(#2958),#41,.F.);
#3151=ADVANCED_FACE('',(#2959),#501,.T.);
#3152=ADVANCED_FACE('',(#2960),#502,.F.);
#3153=ADVANCED_FACE('',(#2961),#503,.F.);
#3154=ADVANCED_FACE('',(#2962),#42,.T.);
#3155=ADVANCED_FACE('',(#2963),#43,.F.);
#3156=ADVANCED_FACE('',(#2964),#504,.T.);
#3157=ADVANCED_FACE('',(#2965),#505,.F.);
#3158=ADVANCED_FACE('',(#2966),#506,.F.);
#3159=ADVANCED_FACE('',(#2967),#44,.T.);
#3160=ADVANCED_FACE('',(#2968),#45,.F.);
#3161=ADVANCED_FACE('',(#2969),#507,.T.);
#3162=ADVANCED_FACE('',(#2970),#508,.F.);
#3163=ADVANCED_FACE('',(#2971),#509,.F.);
#3164=ADVANCED_FACE('',(#2972),#46,.T.);
#3165=ADVANCED_FACE('',(#2973),#47,.F.);
#3166=ADVANCED_FACE('',(#2974),#510,.T.);
#3167=ADVANCED_FACE('',(#2975),#511,.F.);
#3168=ADVANCED_FACE('',(#2976),#512,.F.);
#3169=ADVANCED_FACE('',(#2977,#2978),#53,.T.);
#3170=CLOSED_SHELL('',(#3002,#3003,#3004,#3005,#3006,#3007,#3008,#3009,
#3010,#3011,#3012,#3013,#3014,#3015,#3016,#3017,#3018,#3019,#3020,#3021,
#3022,#3023,#3024,#3025,#3026,#3027,#3028,#3029,#3030,#3031,#3032,#3033,
#3034,#3035,#3036,#3037,#3038,#3039,#3040,#3041,#3042,#3043,#3044,#3045,
#3046,#3047,#3048,#3049,#3050,#3051,#3052,#3053,#3054,#3055,#3056,#3057,
#3058,#3059,#3060,#3061,#3062,#3063,#3064,#3065,#3066,#3067,#3068,#3069,
#3070,#3071,#3072,#3073,#3074,#3075,#3076,#3077,#3078,#3079,#3080,#3081,
#3082,#3083,#3084,#3085,#3086,#3087,#3088,#3089,#3090,#3091,#3092,#3093,
#3094,#3095,#3096,#3097,#3098,#3099,#3100,#3101,#3102,#3103,#3104,#3105,
#3106,#3107,#3108,#3109,#3110,#3111,#3112,#3113,#3114,#3115,#3116,#3117,
#3118,#3119,#3120,#3121,#3122,#3123,#3124,#3125,#3126,#3127,#3128,#3129,
#3130,#3131,#3132,#3133,#3134,#3135,#3136,#3137,#3138,#3139,#3140,#3141,
#3142,#3143,#3144,#3145,#3146,#3147,#3148,#3149,#3150,#3151,#3152,#3153,
#3154,#3155,#3156,#3157,#3158,#3159,#3160,#3161,#3162,#3163,#3164,#3165,
#3166,#3167,#3168,#3169));
#3171=STYLED_ITEM('',(#3172),#3179);
#3172=PRESENTATION_STYLE_ASSIGNMENT((#3173));
#3173=SURFACE_STYLE_USAGE(.BOTH.,#3174);
#3174=SURFACE_SIDE_STYLE('',(#3175));
#3175=SURFACE_STYLE_FILL_AREA(#3176);
#3176=FILL_AREA_STYLE('',(#3177));
#3177=FILL_AREA_STYLE_COLOUR('',#3178);
#3178=COLOUR_RGB('',0.917647058823529,0.917647058823529,0.917647058823529);
#3179=MANIFOLD_SOLID_BREP('Hip Roll giver',#3170);
#3180=SHAPE_DEFINITION_REPRESENTATION(#8906,#3181);
#3181=SHAPE_REPRESENTATION('Hip Roll giver',(#3182),#8901);
#3182=AXIS2_PLACEMENT_3D('',#4437,#3541,#3542);
#3183=AXIS2_PLACEMENT_3D('',#4438,#3543,#3544);
#3184=AXIS2_PLACEMENT_3D('',#4439,#3545,#3546);
#3185=AXIS2_PLACEMENT_3D('',#4442,#3547,#3548);
#3186=AXIS2_PLACEMENT_3D('',#4444,#3549,#3550);
#3187=AXIS2_PLACEMENT_3D('',#4446,#3551,#3552);
#3188=AXIS2_PLACEMENT_3D('',#4448,#3553,#3554);
#3189=AXIS2_PLACEMENT_3D('',#4450,#3555,#3556);
#3190=AXIS2_PLACEMENT_3D('',#4452,#3557,#3558);
#3191=AXIS2_PLACEMENT_3D('',#4454,#3559,#3560);
#3192=AXIS2_PLACEMENT_3D('',#4456,#3561,#3562);
#3193=AXIS2_PLACEMENT_3D('',#4458,#3563,#3564);
#3194=AXIS2_PLACEMENT_3D('',#4460,#3565,#3566);
#3195=AXIS2_PLACEMENT_3D('',#4462,#3567,#3568);
#3196=AXIS2_PLACEMENT_3D('',#4464,#3569,#3570);
#3197=AXIS2_PLACEMENT_3D('',#4466,#3571,#3572);
#3198=AXIS2_PLACEMENT_3D('',#4468,#3573,#3574);
#3199=AXIS2_PLACEMENT_3D('',#4470,#3575,#3576);
#3200=AXIS2_PLACEMENT_3D('',#4472,#3577,#3578);
#3201=AXIS2_PLACEMENT_3D('',#4474,#3579,#3580);
#3202=AXIS2_PLACEMENT_3D('',#4476,#3581,#3582);
#3203=AXIS2_PLACEMENT_3D('',#4478,#3583,#3584);
#3204=AXIS2_PLACEMENT_3D('',#4479,#3585,#3586);
#3205=AXIS2_PLACEMENT_3D('',#4481,#3587,#3588);
#3206=AXIS2_PLACEMENT_3D('',#4483,#3589,#3590);
#3207=AXIS2_PLACEMENT_3D('',#4485,#3591,#3592);
#3208=AXIS2_PLACEMENT_3D('',#4487,#3593,#3594);
#3209=AXIS2_PLACEMENT_3D('',#4526,#3595,#3596);
#3210=AXIS2_PLACEMENT_3D('',#4564,#3597,#3598);
#3211=AXIS2_PLACEMENT_3D('',#4566,#3599,#3600);
#3212=AXIS2_PLACEMENT_3D('',#4568,#3601,#3602);
#3213=AXIS2_PLACEMENT_3D('',#4606,#3603,#3604);
#3214=AXIS2_PLACEMENT_3D('',#4644,#3605,#3606);
#3215=AXIS2_PLACEMENT_3D('',#4646,#3607,#3608);
#3216=AXIS2_PLACEMENT_3D('',#4648,#3609,#3610);
#3217=AXIS2_PLACEMENT_3D('',#4686,#3611,#3612);
#3218=AXIS2_PLACEMENT_3D('',#4724,#3613,#3614);
#3219=AXIS2_PLACEMENT_3D('',#4726,#3615,#3616);
#3220=AXIS2_PLACEMENT_3D('',#4728,#3617,#3618);
#3221=AXIS2_PLACEMENT_3D('',#4766,#3619,#3620);
#3222=AXIS2_PLACEMENT_3D('',#4804,#3621,#3622);
#3223=AXIS2_PLACEMENT_3D('',#4806,#3623,#3624);
#3224=AXIS2_PLACEMENT_3D('',#4808,#3625,#3626);
#3225=AXIS2_PLACEMENT_3D('',#4846,#3627,#3628);
#3226=AXIS2_PLACEMENT_3D('',#4884,#3629,#3630);
#3227=AXIS2_PLACEMENT_3D('',#4886,#3631,#3632);
#3228=AXIS2_PLACEMENT_3D('',#4888,#3633,#3634);
#3229=AXIS2_PLACEMENT_3D('',#4926,#3635,#3636);
#3230=AXIS2_PLACEMENT_3D('',#4964,#3637,#3638);
#3231=AXIS2_PLACEMENT_3D('',#4966,#3639,#3640);
#3232=AXIS2_PLACEMENT_3D('',#4968,#3641,#3642);
#3233=AXIS2_PLACEMENT_3D('',#5006,#3643,#3644);
#3234=AXIS2_PLACEMENT_3D('',#5044,#3645,#3646);
#3235=AXIS2_PLACEMENT_3D('',#5046,#3647,#3648);
#3236=AXIS2_PLACEMENT_3D('',#5048,#3649,#3650);
#3237=AXIS2_PLACEMENT_3D('',#5086,#3651,#3652);
#3238=AXIS2_PLACEMENT_3D('',#5124,#3653,#3654);
#3239=AXIS2_PLACEMENT_3D('',#5126,#3655,#3656);
#3240=AXIS2_PLACEMENT_3D('',#5128,#3657,#3658);
#3241=AXIS2_PLACEMENT_3D('',#5166,#3659,#3660);
#3242=AXIS2_PLACEMENT_3D('',#5204,#3661,#3662);
#3243=AXIS2_PLACEMENT_3D('',#5206,#3663,#3664);
#3244=AXIS2_PLACEMENT_3D('',#5208,#3665,#3666);
#3245=AXIS2_PLACEMENT_3D('',#5246,#3667,#3668);
#3246=AXIS2_PLACEMENT_3D('',#5284,#3669,#3670);
#3247=AXIS2_PLACEMENT_3D('',#5286,#3671,#3672);
#3248=AXIS2_PLACEMENT_3D('',#5288,#3673,#3674);
#3249=AXIS2_PLACEMENT_3D('',#5326,#3675,#3676);
#3250=AXIS2_PLACEMENT_3D('',#5364,#3677,#3678);
#3251=AXIS2_PLACEMENT_3D('',#5366,#3679,#3680);
#3252=AXIS2_PLACEMENT_3D('',#5368,#3681,#3682);
#3253=AXIS2_PLACEMENT_3D('',#5406,#3683,#3684);
#3254=AXIS2_PLACEMENT_3D('',#5444,#3685,#3686);
#3255=AXIS2_PLACEMENT_3D('',#5446,#3687,#3688);
#3256=AXIS2_PLACEMENT_3D('',#5448,#3689,#3690);
#3257=AXIS2_PLACEMENT_3D('',#5486,#3691,#3692);
#3258=AXIS2_PLACEMENT_3D('',#5524,#3693,#3694);
#3259=AXIS2_PLACEMENT_3D('',#5526,#3695,#3696);
#3260=AXIS2_PLACEMENT_3D('',#5528,#3697,#3698);
#3261=AXIS2_PLACEMENT_3D('',#5566,#3699,#3700);
#3262=AXIS2_PLACEMENT_3D('',#5604,#3701,#3702);
#3263=AXIS2_PLACEMENT_3D('',#5606,#3703,#3704);
#3264=AXIS2_PLACEMENT_3D('',#5608,#3705,#3706);
#3265=AXIS2_PLACEMENT_3D('',#5646,#3707,#3708);
#3266=AXIS2_PLACEMENT_3D('',#5684,#3709,#3710);
#3267=AXIS2_PLACEMENT_3D('',#5686,#3711,#3712);
#3268=AXIS2_PLACEMENT_3D('',#5688,#3713,#3714);
#3269=AXIS2_PLACEMENT_3D('',#5726,#3715,#3716);
#3270=AXIS2_PLACEMENT_3D('',#5764,#3717,#3718);
#3271=AXIS2_PLACEMENT_3D('',#5766,#3719,#3720);
#3272=AXIS2_PLACEMENT_3D('',#5768,#3721,#3722);
#3273=AXIS2_PLACEMENT_3D('',#5806,#3723,#3724);
#3274=AXIS2_PLACEMENT_3D('',#5844,#3725,#3726);
#3275=AXIS2_PLACEMENT_3D('',#5846,#3727,#3728);
#3276=AXIS2_PLACEMENT_3D('',#5848,#3729,#3730);
#3277=AXIS2_PLACEMENT_3D('',#5886,#3731,#3732);
#3278=AXIS2_PLACEMENT_3D('',#5924,#3733,#3734);
#3279=AXIS2_PLACEMENT_3D('',#5926,#3735,#3736);
#3280=AXIS2_PLACEMENT_3D('',#5927,#3737,#3738);
#3281=AXIS2_PLACEMENT_3D('',#5928,#3739,#3740);
#3282=AXIS2_PLACEMENT_3D('',#5930,#3741,#3742);
#3283=AXIS2_PLACEMENT_3D('',#5932,#3743,#3744);
#3284=AXIS2_PLACEMENT_3D('',#5933,#3745,#3746);
#3285=AXIS2_PLACEMENT_3D('',#5935,#3747,#3748);
#3286=AXIS2_PLACEMENT_3D('',#5936,#3749,#3750);
#3287=AXIS2_PLACEMENT_3D('',#5938,#3751,#3752);
#3288=AXIS2_PLACEMENT_3D('',#5939,#3753,#3754);
#3289=AXIS2_PLACEMENT_3D('',#5941,#3755,#3756);
#3290=AXIS2_PLACEMENT_3D('',#5942,#3757,#3758);
#3291=AXIS2_PLACEMENT_3D('',#5944,#3759,#3760);
#3292=AXIS2_PLACEMENT_3D('',#5945,#3761,#3762);
#3293=AXIS2_PLACEMENT_3D('',#5949,#3764,#3765);
#3294=AXIS2_PLACEMENT_3D('',#5954,#3768,#3769);
#3295=AXIS2_PLACEMENT_3D('',#5959,#3772,#3773);
#3296=AXIS2_PLACEMENT_3D('',#5964,#3776,#3777);
#3297=AXIS2_PLACEMENT_3D('',#5969,#3780,#3781);
#3298=AXIS2_PLACEMENT_3D('',#5972,#3783,#3784);
#3299=AXIS2_PLACEMENT_3D('',#5973,#3785,#3786);
#3300=AXIS2_PLACEMENT_3D('',#5975,#3787,#3788);
#3301=AXIS2_PLACEMENT_3D('',#5976,#3789,#3790);
#3302=AXIS2_PLACEMENT_3D('',#5981,#3793,#3794);
#3303=AXIS2_PLACEMENT_3D('',#5985,#3796,#3797);
#3304=AXIS2_PLACEMENT_3D('',#5986,#3798,#3799);
#3305=AXIS2_PLACEMENT_3D('',#5990,#3801,#3802);
#3306=AXIS2_PLACEMENT_3D('',#5991,#3803,#3804);
#3307=AXIS2_PLACEMENT_3D('',#5992,#3805,#3806);
#3308=AXIS2_PLACEMENT_3D('',#5997,#3809,#3810);
#3309=AXIS2_PLACEMENT_3D('',#5998,#3811,#3812);
#3310=AXIS2_PLACEMENT_3D('',#6001,#3813,#3814);
#3311=AXIS2_PLACEMENT_3D('',#6006,#3817,#3818);
#3312=AXIS2_PLACEMENT_3D('',#6007,#3819,#3820);
#3313=AXIS2_PLACEMENT_3D('',#6008,#3821,#3822);
#3314=AXIS2_PLACEMENT_3D('',#6013,#3825,#3826);
#3315=AXIS2_PLACEMENT_3D('',#6015,#3828,#3829);
#3316=AXIS2_PLACEMENT_3D('',#6017,#3831,#3832);
#3317=AXIS2_PLACEMENT_3D('',#6025,#3833,#3834);
#3318=AXIS2_PLACEMENT_3D('',#6033,#3835,#3836);
#3319=AXIS2_PLACEMENT_3D('',#6034,#3837,#3838);
#3320=AXIS2_PLACEMENT_3D('',#6035,#3839,#3840);
#3321=AXIS2_PLACEMENT_3D('',#6040,#3843,#3844);
#3322=AXIS2_PLACEMENT_3D('',#6044,#3846,#3847);
#3323=AXIS2_PLACEMENT_3D('',#6045,#3848,#3849);
#3324=AXIS2_PLACEMENT_3D('',#6049,#3851,#3852);
#3325=AXIS2_PLACEMENT_3D('',#6050,#3853,#3854);
#3326=AXIS2_PLACEMENT_3D('',#6051,#3855,#3856);
#3327=AXIS2_PLACEMENT_3D('',#6056,#3859,#3860);
#3328=AXIS2_PLACEMENT_3D('',#6057,#3861,#3862);
#3329=AXIS2_PLACEMENT_3D('',#6060,#3863,#3864);
#3330=AXIS2_PLACEMENT_3D('',#6065,#3867,#3868);
#3331=AXIS2_PLACEMENT_3D('',#6066,#3869,#3870);
#3332=AXIS2_PLACEMENT_3D('',#6067,#3871,#3872);
#3333=AXIS2_PLACEMENT_3D('',#6072,#3875,#3876);
#3334=AXIS2_PLACEMENT_3D('',#6074,#3878,#3879);
#3335=AXIS2_PLACEMENT_3D('',#6076,#3881,#3882);
#3336=AXIS2_PLACEMENT_3D('',#6084,#3883,#3884);
#3337=AXIS2_PLACEMENT_3D('',#6092,#3885,#3886);
#3338=AXIS2_PLACEMENT_3D('',#6093,#3887,#3888);
#3339=AXIS2_PLACEMENT_3D('',#6094,#3889,#3890);
#3340=AXIS2_PLACEMENT_3D('',#6099,#3893,#3894);
#3341=AXIS2_PLACEMENT_3D('',#6103,#3896,#3897);
#3342=AXIS2_PLACEMENT_3D('',#6104,#3898,#3899);
#3343=AXIS2_PLACEMENT_3D('',#6108,#3901,#3902);
#3344=AXIS2_PLACEMENT_3D('',#6109,#3903,#3904);
#3345=AXIS2_PLACEMENT_3D('',#6110,#3905,#3906);
#3346=AXIS2_PLACEMENT_3D('',#6115,#3909,#3910);
#3347=AXIS2_PLACEMENT_3D('',#6116,#3911,#3912);
#3348=AXIS2_PLACEMENT_3D('',#6119,#3913,#3914);
#3349=AXIS2_PLACEMENT_3D('',#6124,#3917,#3918);
#3350=AXIS2_PLACEMENT_3D('',#6125,#3919,#3920);
#3351=AXIS2_PLACEMENT_3D('',#6126,#3921,#3922);
#3352=AXIS2_PLACEMENT_3D('',#6131,#3925,#3926);
#3353=AXIS2_PLACEMENT_3D('',#6133,#3928,#3929);
#3354=AXIS2_PLACEMENT_3D('',#6135,#3931,#3932);
#3355=AXIS2_PLACEMENT_3D('',#6143,#3933,#3934);
#3356=AXIS2_PLACEMENT_3D('',#6151,#3935,#3936);
#3357=AXIS2_PLACEMENT_3D('',#6152,#3937,#3938);
#3358=AXIS2_PLACEMENT_3D('',#6153,#3939,#3940);
#3359=AXIS2_PLACEMENT_3D('',#6158,#3943,#3944);
#3360=AXIS2_PLACEMENT_3D('',#6162,#3946,#3947);
#3361=AXIS2_PLACEMENT_3D('',#6163,#3948,#3949);
#3362=AXIS2_PLACEMENT_3D('',#6167,#3951,#3952);
#3363=AXIS2_PLACEMENT_3D('',#6168,#3953,#3954);
#3364=AXIS2_PLACEMENT_3D('',#6169,#3955,#3956);
#3365=AXIS2_PLACEMENT_3D('',#6174,#3959,#3960);
#3366=AXIS2_PLACEMENT_3D('',#6175,#3961,#3962);
#3367=AXIS2_PLACEMENT_3D('',#6178,#3963,#3964);
#3368=AXIS2_PLACEMENT_3D('',#6183,#3967,#3968);
#3369=AXIS2_PLACEMENT_3D('',#6184,#3969,#3970);
#3370=AXIS2_PLACEMENT_3D('',#6185,#3971,#3972);
#3371=AXIS2_PLACEMENT_3D('',#6190,#3975,#3976);
#3372=AXIS2_PLACEMENT_3D('',#6192,#3978,#3979);
#3373=AXIS2_PLACEMENT_3D('',#6194,#3981,#3982);
#3374=AXIS2_PLACEMENT_3D('',#6202,#3983,#3984);
#3375=AXIS2_PLACEMENT_3D('',#6210,#3985,#3986);
#3376=AXIS2_PLACEMENT_3D('',#6211,#3987,#3988);
#3377=AXIS2_PLACEMENT_3D('',#6212,#3989,#3990);
#3378=AXIS2_PLACEMENT_3D('',#6217,#3993,#3994);
#3379=AXIS2_PLACEMENT_3D('',#6221,#3996,#3997);
#3380=AXIS2_PLACEMENT_3D('',#6222,#3998,#3999);
#3381=AXIS2_PLACEMENT_3D('',#6226,#4001,#4002);
#3382=AXIS2_PLACEMENT_3D('',#6227,#4003,#4004);
#3383=AXIS2_PLACEMENT_3D('',#6228,#4005,#4006);
#3384=AXIS2_PLACEMENT_3D('',#6233,#4009,#4010);
#3385=AXIS2_PLACEMENT_3D('',#6234,#4011,#4012);
#3386=AXIS2_PLACEMENT_3D('',#6237,#4013,#4014);
#3387=AXIS2_PLACEMENT_3D('',#6242,#4017,#4018);
#3388=AXIS2_PLACEMENT_3D('',#6243,#4019,#4020);
#3389=AXIS2_PLACEMENT_3D('',#6244,#4021,#4022);
#3390=AXIS2_PLACEMENT_3D('',#6249,#4025,#4026);
#3391=AXIS2_PLACEMENT_3D('',#6251,#4028,#4029);
#3392=AXIS2_PLACEMENT_3D('',#6253,#4031,#4032);
#3393=AXIS2_PLACEMENT_3D('',#6261,#4033,#4034);
#3394=AXIS2_PLACEMENT_3D('',#6269,#4035,#4036);
#3395=AXIS2_PLACEMENT_3D('',#6270,#4037,#4038);
#3396=AXIS2_PLACEMENT_3D('',#6273,#4040,#4041);
#3397=AXIS2_PLACEMENT_3D('',#6276,#4043,#4044);
#3398=AXIS2_PLACEMENT_3D('',#6279,#4046,#4047);
#3399=AXIS2_PLACEMENT_3D('',#6282,#4049,#4050);
#3400=AXIS2_PLACEMENT_3D('',#6285,#4052,#4053);
#3401=AXIS2_PLACEMENT_3D('',#6288,#4055,#4056);
#3402=AXIS2_PLACEMENT_3D('',#6289,#4057,#4058);
#3403=AXIS2_PLACEMENT_3D('',#6294,#4061,#4062);
#3404=AXIS2_PLACEMENT_3D('',#6297,#4064,#4065);
#3405=AXIS2_PLACEMENT_3D('',#6300,#4067,#4068);
#3406=AXIS2_PLACEMENT_3D('',#6301,#4069,#4070);
#3407=AXIS2_PLACEMENT_3D('',#6306,#4073,#4074);
#3408=AXIS2_PLACEMENT_3D('',#6309,#4076,#4077);
#3409=AXIS2_PLACEMENT_3D('',#6312,#4079,#4080);
#3410=AXIS2_PLACEMENT_3D('',#6313,#4081,#4082);
#3411=AXIS2_PLACEMENT_3D('',#6318,#4085,#4086);
#3412=AXIS2_PLACEMENT_3D('',#6321,#4088,#4089);
#3413=AXIS2_PLACEMENT_3D('',#6324,#4091,#4092);
#3414=AXIS2_PLACEMENT_3D('',#6325,#4093,#4094);
#3415=AXIS2_PLACEMENT_3D('',#6330,#4097,#4098);
#3416=AXIS2_PLACEMENT_3D('',#6333,#4100,#4101);
#3417=AXIS2_PLACEMENT_3D('',#6336,#4103,#4104);
#3418=AXIS2_PLACEMENT_3D('',#6337,#4105,#4106);
#3419=AXIS2_PLACEMENT_3D('',#6342,#4109,#4110);
#3420=AXIS2_PLACEMENT_3D('',#6343,#4111,#4112);
#3421=AXIS2_PLACEMENT_3D('',#6348,#4115,#4116);
#3422=AXIS2_PLACEMENT_3D('',#6349,#4117,#4118);
#3423=AXIS2_PLACEMENT_3D('',#6354,#4121,#4122);
#3424=AXIS2_PLACEMENT_3D('',#6357,#4124,#4125);
#3425=AXIS2_PLACEMENT_3D('',#6360,#4127,#4128);
#3426=AXIS2_PLACEMENT_3D('',#6361,#4129,#4130);
#3427=AXIS2_PLACEMENT_3D('',#6366,#4133,#4134);
#3428=AXIS2_PLACEMENT_3D('',#6367,#4135,#4136);
#3429=AXIS2_PLACEMENT_3D('',#6372,#4139,#4140);
#3430=AXIS2_PLACEMENT_3D('',#6373,#4141,#4142);
#3431=AXIS2_PLACEMENT_3D('',#6447,#4143,#4144);
#3432=AXIS2_PLACEMENT_3D('',#6449,#4145,#4146);
#3433=AXIS2_PLACEMENT_3D('',#6451,#4147,#4148);
#3434=AXIS2_PLACEMENT_3D('',#6524,#4149,#4150);
#3435=AXIS2_PLACEMENT_3D('',#6526,#4151,#4152);
#3436=AXIS2_PLACEMENT_3D('',#6528,#4153,#4154);
#3437=AXIS2_PLACEMENT_3D('',#6601,#4155,#4156);
#3438=AXIS2_PLACEMENT_3D('',#6603,#4157,#4158);
#3439=AXIS2_PLACEMENT_3D('',#6605,#4159,#4160);
#3440=AXIS2_PLACEMENT_3D('',#6678,#4161,#4162);
#3441=AXIS2_PLACEMENT_3D('',#6680,#4163,#4164);
#3442=AXIS2_PLACEMENT_3D('',#6682,#4165,#4166);
#3443=AXIS2_PLACEMENT_3D('',#6755,#4167,#4168);
#3444=AXIS2_PLACEMENT_3D('',#6757,#4169,#4170);
#3445=AXIS2_PLACEMENT_3D('',#6759,#4171,#4172);
#3446=AXIS2_PLACEMENT_3D('',#6832,#4173,#4174);
#3447=AXIS2_PLACEMENT_3D('',#6834,#4175,#4176);
#3448=AXIS2_PLACEMENT_3D('',#6836,#4177,#4178);
#3449=AXIS2_PLACEMENT_3D('',#6909,#4179,#4180);
#3450=AXIS2_PLACEMENT_3D('',#6911,#4181,#4182);
#3451=AXIS2_PLACEMENT_3D('',#6913,#4183,#4184);
#3452=AXIS2_PLACEMENT_3D('',#6986,#4185,#4186);
#3453=AXIS2_PLACEMENT_3D('',#6988,#4187,#4188);
#3454=AXIS2_PLACEMENT_3D('',#6990,#4189,#4190);
#3455=AXIS2_PLACEMENT_3D('',#7063,#4191,#4192);
#3456=AXIS2_PLACEMENT_3D('',#7065,#4193,#4194);
#3457=AXIS2_PLACEMENT_3D('',#7067,#4195,#4196);
#3458=AXIS2_PLACEMENT_3D('',#7140,#4197,#4198);
#3459=AXIS2_PLACEMENT_3D('',#7142,#4199,#4200);
#3460=AXIS2_PLACEMENT_3D('',#7144,#4201,#4202);
#3461=AXIS2_PLACEMENT_3D('',#7217,#4203,#4204);
#3462=AXIS2_PLACEMENT_3D('',#7219,#4205,#4206);
#3463=AXIS2_PLACEMENT_3D('',#7221,#4207,#4208);
#3464=AXIS2_PLACEMENT_3D('',#7294,#4209,#4210);
#3465=AXIS2_PLACEMENT_3D('',#7296,#4211,#4212);
#3466=AXIS2_PLACEMENT_3D('',#7298,#4213,#4214);
#3467=AXIS2_PLACEMENT_3D('',#7371,#4215,#4216);
#3468=AXIS2_PLACEMENT_3D('',#7373,#4217,#4218);
#3469=AXIS2_PLACEMENT_3D('',#7375,#4219,#4220);
#3470=AXIS2_PLACEMENT_3D('',#7413,#4221,#4222);
#3471=AXIS2_PLACEMENT_3D('',#7451,#4223,#4224);
#3472=AXIS2_PLACEMENT_3D('',#7453,#4225,#4226);
#3473=AXIS2_PLACEMENT_3D('',#7455,#4227,#4228);
#3474=AXIS2_PLACEMENT_3D('',#7528,#4229,#4230);
#3475=AXIS2_PLACEMENT_3D('',#7530,#4231,#4232);
#3476=AXIS2_PLACEMENT_3D('',#7532,#4233,#4234);
#3477=AXIS2_PLACEMENT_3D('',#7605,#4235,#4236);
#3478=AXIS2_PLACEMENT_3D('',#7607,#4237,#4238);
#3479=AXIS2_PLACEMENT_3D('',#7609,#4239,#4240);
#3480=AXIS2_PLACEMENT_3D('',#7682,#4241,#4242);
#3481=AXIS2_PLACEMENT_3D('',#7684,#4243,#4244);
#3482=AXIS2_PLACEMENT_3D('',#7686,#4245,#4246);
#3483=AXIS2_PLACEMENT_3D('',#7759,#4247,#4248);
#3484=AXIS2_PLACEMENT_3D('',#7761,#4249,#4250);
#3485=AXIS2_PLACEMENT_3D('',#7762,#4251,#4252);
#3486=AXIS2_PLACEMENT_3D('',#7823,#4257,#4258);
#3487=AXIS2_PLACEMENT_3D('',#7826,#4261,#4262);
#3488=AXIS2_PLACEMENT_3D('',#7827,#4263,#4264);
#3489=AXIS2_PLACEMENT_3D('',#7886,#4267,#4268);
#3490=AXIS2_PLACEMENT_3D('',#7889,#4271,#4272);
#3491=AXIS2_PLACEMENT_3D('',#7890,#4273,#4274);
#3492=AXIS2_PLACEMENT_3D('',#7949,#4277,#4278);
#3493=AXIS2_PLACEMENT_3D('',#7952,#4281,#4282);
#3494=AXIS2_PLACEMENT_3D('',#7953,#4283,#4284);
#3495=AXIS2_PLACEMENT_3D('',#8012,#4287,#4288);
#3496=AXIS2_PLACEMENT_3D('',#8015,#4291,#4292);
#3497=AXIS2_PLACEMENT_3D('',#8016,#4293,#4294);
#3498=AXIS2_PLACEMENT_3D('',#8075,#4297,#4298);
#3499=AXIS2_PLACEMENT_3D('',#8078,#4301,#4302);
#3500=AXIS2_PLACEMENT_3D('',#8079,#4303,#4304);
#3501=AXIS2_PLACEMENT_3D('',#8138,#4307,#4308);
#3502=AXIS2_PLACEMENT_3D('',#8141,#4311,#4312);
#3503=AXIS2_PLACEMENT_3D('',#8142,#4313,#4314);
#3504=AXIS2_PLACEMENT_3D('',#8201,#4317,#4318);
#3505=AXIS2_PLACEMENT_3D('',#8204,#4321,#4322);
#3506=AXIS2_PLACEMENT_3D('',#8205,#4323,#4324);
#3507=AXIS2_PLACEMENT_3D('',#8264,#4327,#4328);
#3508=AXIS2_PLACEMENT_3D('',#8267,#4331,#4332);
#3509=AXIS2_PLACEMENT_3D('',#8268,#4333,#4334);
#3510=AXIS2_PLACEMENT_3D('',#8327,#4337,#4338);
#3511=AXIS2_PLACEMENT_3D('',#8330,#4341,#4342);
#3512=AXIS2_PLACEMENT_3D('',#8331,#4343,#4344);
#3513=AXIS2_PLACEMENT_3D('',#8390,#4347,#4348);
#3514=AXIS2_PLACEMENT_3D('',#8393,#4351,#4352);
#3515=AXIS2_PLACEMENT_3D('',#8394,#4353,#4354);
#3516=AXIS2_PLACEMENT_3D('',#8453,#4357,#4358);
#3517=AXIS2_PLACEMENT_3D('',#8456,#4361,#4362);
#3518=AXIS2_PLACEMENT_3D('',#8457,#4363,#4364);
#3519=AXIS2_PLACEMENT_3D('',#8516,#4367,#4368);
#3520=AXIS2_PLACEMENT_3D('',#8519,#4371,#4372);
#3521=AXIS2_PLACEMENT_3D('',#8520,#4373,#4374);
#3522=AXIS2_PLACEMENT_3D('',#8579,#4377,#4378);
#3523=AXIS2_PLACEMENT_3D('',#8582,#4381,#4382);
#3524=AXIS2_PLACEMENT_3D('',#8583,#4383,#4384);
#3525=AXIS2_PLACEMENT_3D('',#8642,#4387,#4388);
#3526=AXIS2_PLACEMENT_3D('',#8645,#4391,#4392);
#3527=AXIS2_PLACEMENT_3D('',#8646,#4393,#4394);
#3528=AXIS2_PLACEMENT_3D('',#8705,#4397,#4398);
#3529=AXIS2_PLACEMENT_3D('',#8708,#4401,#4402);
#3530=AXIS2_PLACEMENT_3D('',#8709,#4403,#4404);
#3531=AXIS2_PLACEMENT_3D('',#8768,#4407,#4408);
#3532=AXIS2_PLACEMENT_3D('',#8771,#4411,#4412);
#3533=AXIS2_PLACEMENT_3D('',#8772,#4413,#4414);
#3534=AXIS2_PLACEMENT_3D('',#8831,#4417,#4418);
#3535=AXIS2_PLACEMENT_3D('',#8834,#4421,#4422);
#3536=AXIS2_PLACEMENT_3D('',#8835,#4423,#4424);
#3537=AXIS2_PLACEMENT_3D('',#8894,#4427,#4428);
#3538=AXIS2_PLACEMENT_3D('',#8897,#4431,#4432);
#3539=AXIS2_PLACEMENT_3D('',#8898,#4433,#4434);
#3540=AXIS2_PLACEMENT_3D('',#8899,#4435,#4436);
#3541=DIRECTION('',(0.,0.,1.));
#3542=DIRECTION('',(1.,0.,0.));
#3543=DIRECTION('',(1.,0.,0.));
#3544=DIRECTION('',(0.,1.,0.));
#3545=DIRECTION('',(1.,0.,0.));
#3546=DIRECTION('',(0.,0.,-1.));
#3547=DIRECTION('',(1.,0.,0.));
#3548=DIRECTION('',(0.,0.,-1.));
#3549=DIRECTION('',(1.,0.,0.));
#3550=DIRECTION('',(0.,0.,-1.));
#3551=DIRECTION('',(-1.,0.,1.24580888572481E-16));
#3552=DIRECTION('',(-1.00788056029469E-16,0.587785252292473,-0.809016994374948));
#3553=DIRECTION('',(1.,0.,0.));
#3554=DIRECTION('',(0.,0.,-1.));
#3555=DIRECTION('',(1.,0.,0.));
#3556=DIRECTION('',(0.,0.,-1.));
#3557=DIRECTION('',(1.,0.,0.));
#3558=DIRECTION('',(0.,0.,-1.));
#3559=DIRECTION('',(-1.,0.,1.24580888572481E-16));
#3560=DIRECTION('',(-1.00788056029469E-16,-0.587785252292473,-0.809016994374947));
#3561=DIRECTION('',(1.,0.,0.));
#3562=DIRECTION('',(0.,0.,-1.));
#3563=DIRECTION('',(1.,0.,0.));
#3564=DIRECTION('',(0.,0.,-1.));
#3565=DIRECTION('',(1.,0.,0.));
#3566=DIRECTION('',(0.,0.,-1.));
#3567=DIRECTION('',(-1.,0.,1.24580888572481E-16));
#3568=DIRECTION('',(3.84976117432283E-17,-0.951056516295154,0.309016994374948));
#3569=DIRECTION('',(1.,0.,0.));
#3570=DIRECTION('',(0.,0.,-1.));
#3571=DIRECTION('',(1.,0.,0.));
#3572=DIRECTION('',(0.,0.,-1.));
#3573=DIRECTION('',(1.,0.,0.));
#3574=DIRECTION('',(0.,0.,-1.));
#3575=DIRECTION('',(-1.,0.,1.24580888572481E-16));
#3576=DIRECTION('',(1.24580888572481E-16,0.,1.));
#3577=DIRECTION('',(1.,0.,0.));
#3578=DIRECTION('',(0.,0.,-1.));
#3579=DIRECTION('',(1.,0.,0.));
#3580=DIRECTION('',(0.,0.,-1.));
#3581=DIRECTION('',(1.,0.,0.));
#3582=DIRECTION('',(0.,0.,-1.));
#3583=DIRECTION('',(-1.,0.,1.24580888572481E-16));
#3584=DIRECTION('',(3.84976117432283E-17,0.951056516295154,0.309016994374948));
#3585=DIRECTION('',(1.,0.,0.));
#3586=DIRECTION('',(0.,0.,-1.));
#3587=DIRECTION('',(1.,0.,0.));
#3588=DIRECTION('',(0.,0.,-1.));
#3589=DIRECTION('',(1.,0.,0.));
#3590=DIRECTION('',(0.,0.,-1.));
#3591=DIRECTION('',(1.,0.,0.));
#3592=DIRECTION('',(0.,0.,-1.));
#3593=DIRECTION('',(-1.,0.,0.));
#3594=DIRECTION('',(0.,0.984807753012208,0.17364817766693));
#3595=DIRECTION('',(-1.,0.,0.));
#3596=DIRECTION('',(0.,0.,1.));
#3597=DIRECTION('',(-1.,0.,0.));
#3598=DIRECTION('',(0.,0.866025403784439,0.5));
#3599=DIRECTION('',(-1.,0.,0.));
#3600=DIRECTION('',(0.,0.866025403784439,0.5));
#3601=DIRECTION('',(-1.,0.,0.));
#3602=DIRECTION('',(0.,0.866025403784439,0.5));
#3603=DIRECTION('',(-1.,0.,0.));
#3604=DIRECTION('',(0.,0.,1.));
#3605=DIRECTION('',(-1.,0.,0.));
#3606=DIRECTION('',(0.,0.642787609686539,0.766044443118978));
#3607=DIRECTION('',(-1.,0.,0.));
#3608=DIRECTION('',(0.,0.642787609686539,0.766044443118978));
#3609=DIRECTION('',(-1.,0.,0.));
#3610=DIRECTION('',(0.,0.642787609686539,0.766044443118978));
#3611=DIRECTION('',(-1.,0.,0.));
#3612=DIRECTION('',(0.,0.,1.));
#3613=DIRECTION('',(-1.,0.,0.));
#3614=DIRECTION('',(0.,0.342020143325668,0.939692620785908));
#3615=DIRECTION('',(-1.,0.,0.));
#3616=DIRECTION('',(0.,0.342020143325668,0.939692620785908));
#3617=DIRECTION('',(-1.,0.,0.));
#3618=DIRECTION('',(0.,0.342020143325668,0.939692620785908));
#3619=DIRECTION('',(-1.,0.,0.));
#3620=DIRECTION('',(0.,0.,1.));
#3621=DIRECTION('',(-1.,0.,0.));
#3622=DIRECTION('',(0.,0.,1.));
#3623=DIRECTION('',(-1.,0.,0.));
#3624=DIRECTION('',(0.,0.,1.));
#3625=DIRECTION('',(-1.,0.,0.));
#3626=DIRECTION('',(0.,0.,1.));
#3627=DIRECTION('',(-1.,0.,0.));
#3628=DIRECTION('',(0.,0.,1.));
#3629=DIRECTION('',(-1.,0.,0.));
#3630=DIRECTION('',(0.,-0.342020143325668,0.939692620785908));
#3631=DIRECTION('',(-1.,0.,0.));
#3632=DIRECTION('',(0.,-0.342020143325668,0.939692620785908));
#3633=DIRECTION('',(-1.,0.,0.));
#3634=DIRECTION('',(0.,-0.342020143325668,0.939692620785908));
#3635=DIRECTION('',(-1.,0.,0.));
#3636=DIRECTION('',(0.,0.,1.));
#3637=DIRECTION('',(-1.,0.,0.));
#3638=DIRECTION('',(0.,-0.64278760968654,0.766044443118978));
#3639=DIRECTION('',(-1.,0.,0.));
#3640=DIRECTION('',(0.,-0.64278760968654,0.766044443118978));
#3641=DIRECTION('',(-1.,0.,0.));
#3642=DIRECTION('',(0.,-0.64278760968654,0.766044443118978));
#3643=DIRECTION('',(-1.,0.,0.));
#3644=DIRECTION('',(0.,0.,1.));
#3645=DIRECTION('',(-1.,0.,0.));
#3646=DIRECTION('',(0.,-0.866025403784439,0.5));
#3647=DIRECTION('',(-1.,0.,0.));
#3648=DIRECTION('',(0.,-0.866025403784439,0.5));
#3649=DIRECTION('',(-1.,0.,0.));
#3650=DIRECTION('',(0.,-0.866025403784439,0.5));
#3651=DIRECTION('',(-1.,0.,0.));
#3652=DIRECTION('',(0.,0.,1.));
#3653=DIRECTION('',(-1.,0.,0.));
#3654=DIRECTION('',(0.,-0.984807753012208,0.17364817766693));
#3655=DIRECTION('',(-1.,0.,0.));
#3656=DIRECTION('',(0.,-0.984807753012208,0.17364817766693));
#3657=DIRECTION('',(-1.,0.,0.));
#3658=DIRECTION('',(0.,-0.984807753012208,0.17364817766693));
#3659=DIRECTION('',(-1.,0.,0.));
#3660=DIRECTION('',(0.,0.,1.));
#3661=DIRECTION('',(-1.,0.,0.));
#3662=DIRECTION('',(0.,-0.984807753012208,-0.17364817766693));
#3663=DIRECTION('',(-1.,0.,0.));
#3664=DIRECTION('',(0.,-0.984807753012208,-0.17364817766693));
#3665=DIRECTION('',(-1.,0.,0.));
#3666=DIRECTION('',(0.,-0.984807753012208,-0.17364817766693));
#3667=DIRECTION('',(-1.,0.,0.));
#3668=DIRECTION('',(0.,0.,1.));
#3669=DIRECTION('',(-1.,0.,0.));
#3670=DIRECTION('',(0.,-0.866025403784438,-0.5));
#3671=DIRECTION('',(-1.,0.,0.));
#3672=DIRECTION('',(0.,-0.866025403784438,-0.5));
#3673=DIRECTION('',(-1.,0.,0.));
#3674=DIRECTION('',(0.,-0.866025403784438,-0.5));
#3675=DIRECTION('',(-1.,0.,0.));
#3676=DIRECTION('',(0.,0.,1.));
#3677=DIRECTION('',(-1.,0.,0.));
#3678=DIRECTION('',(0.,-0.642787609686539,-0.766044443118978));
#3679=DIRECTION('',(-1.,0.,0.));
#3680=DIRECTION('',(0.,-0.642787609686539,-0.766044443118978));
#3681=DIRECTION('',(-1.,0.,0.));
#3682=DIRECTION('',(0.,-0.642787609686539,-0.766044443118978));
#3683=DIRECTION('',(-1.,0.,0.));
#3684=DIRECTION('',(0.,0.,1.));
#3685=DIRECTION('',(-1.,0.,0.));
#3686=DIRECTION('',(0.,-0.342020143325668,-0.939692620785908));
#3687=DIRECTION('',(-1.,0.,0.));
#3688=DIRECTION('',(0.,-0.342020143325668,-0.939692620785908));
#3689=DIRECTION('',(-1.,0.,0.));
#3690=DIRECTION('',(0.,-0.342020143325668,-0.939692620785908));
#3691=DIRECTION('',(-1.,0.,0.));
#3692=DIRECTION('',(0.,0.,1.));
#3693=DIRECTION('',(-1.,0.,0.));
#3694=DIRECTION('',(0.,1.22464679914735E-16,-1.));
#3695=DIRECTION('',(-1.,0.,0.));
#3696=DIRECTION('',(0.,1.22464679914735E-16,-1.));
#3697=DIRECTION('',(-1.,0.,0.));
#3698=DIRECTION('',(0.,1.22464679914735E-16,-1.));
#3699=DIRECTION('',(-1.,0.,0.));
#3700=DIRECTION('',(0.,0.,1.));
#3701=DIRECTION('',(-1.,0.,0.));
#3702=DIRECTION('',(0.,0.342020143325669,-0.939692620785908));
#3703=DIRECTION('',(-1.,0.,0.));
#3704=DIRECTION('',(0.,0.342020143325669,-0.939692620785908));
#3705=DIRECTION('',(-1.,0.,0.));
#3706=DIRECTION('',(0.,0.342020143325669,-0.939692620785908));
#3707=DIRECTION('',(-1.,0.,0.));
#3708=DIRECTION('',(0.,0.,1.));
#3709=DIRECTION('',(-1.,0.,0.));
#3710=DIRECTION('',(0.,0.64278760968654,-0.766044443118978));
#3711=DIRECTION('',(-1.,0.,0.));
#3712=DIRECTION('',(0.,0.64278760968654,-0.766044443118978));
#3713=DIRECTION('',(-1.,0.,0.));
#3714=DIRECTION('',(0.,0.64278760968654,-0.766044443118978));
#3715=DIRECTION('',(-1.,0.,0.));
#3716=DIRECTION('',(0.,0.,1.));
#3717=DIRECTION('',(-1.,0.,0.));
#3718=DIRECTION('',(0.,0.866025403784439,-0.5));
#3719=DIRECTION('',(-1.,0.,0.));
#3720=DIRECTION('',(0.,0.866025403784439,-0.5));
#3721=DIRECTION('',(-1.,0.,0.));
#3722=DIRECTION('',(0.,0.866025403784439,-0.5));
#3723=DIRECTION('',(-1.,0.,0.));
#3724=DIRECTION('',(0.,0.,1.));
#3725=DIRECTION('',(-1.,0.,0.));
#3726=DIRECTION('',(0.,0.984807753012208,-0.17364817766693));
#3727=DIRECTION('',(-1.,0.,0.));
#3728=DIRECTION('',(0.,0.984807753012208,-0.17364817766693));
#3729=DIRECTION('',(-1.,0.,0.));
#3730=DIRECTION('',(0.,0.984807753012208,-0.17364817766693));
#3731=DIRECTION('',(-1.,0.,0.));
#3732=DIRECTION('',(0.,0.,1.));
#3733=DIRECTION('',(-1.,0.,0.));
#3734=DIRECTION('',(0.,0.984807753012208,0.17364817766693));
#3735=DIRECTION('',(-1.,0.,0.));
#3736=DIRECTION('',(0.,0.984807753012208,0.17364817766693));
#3737=DIRECTION('',(1.,0.,0.));
#3738=DIRECTION('',(0.,0.,-1.));
#3739=DIRECTION('',(1.,0.,0.));
#3740=DIRECTION('',(0.,0.,-1.));
#3741=DIRECTION('',(-1.,0.,0.));
#3742=DIRECTION('',(0.,0.,1.));
#3743=DIRECTION('',(1.,0.,0.));
#3744=DIRECTION('',(0.,0.,-1.));
#3745=DIRECTION('',(1.,0.,0.));
#3746=DIRECTION('',(0.,0.,-1.));
#3747=DIRECTION('',(1.,0.,0.));
#3748=DIRECTION('',(0.,0.,-1.));
#3749=DIRECTION('',(1.,0.,0.));
#3750=DIRECTION('',(0.,0.,-1.));
#3751=DIRECTION('',(1.,0.,0.));
#3752=DIRECTION('',(0.,0.,-1.));
#3753=DIRECTION('',(1.,0.,0.));
#3754=DIRECTION('',(0.,0.,-1.));
#3755=DIRECTION('',(1.,0.,0.));
#3756=DIRECTION('',(0.,0.,-1.));
#3757=DIRECTION('',(1.,0.,0.));
#3758=DIRECTION('',(0.,0.,-1.));
#3759=DIRECTION('',(1.,0.,0.));
#3760=DIRECTION('',(0.,0.,-1.));
#3761=DIRECTION('',(1.,0.,0.));
#3762=DIRECTION('',(0.,0.,-1.));
#3763=DIRECTION('',(1.,0.,0.));
#3764=DIRECTION('',(1.,0.,0.));
#3765=DIRECTION('',(0.,0.,-1.));
#3766=DIRECTION('',(1.,0.,0.));
#3767=DIRECTION('',(1.,0.,0.));
#3768=DIRECTION('',(1.,0.,0.));
#3769=DIRECTION('',(0.,0.,-1.));
#3770=DIRECTION('',(1.,0.,0.));
#3771=DIRECTION('',(1.,0.,0.));
#3772=DIRECTION('',(1.,0.,0.));
#3773=DIRECTION('',(0.,0.,-1.));
#3774=DIRECTION('',(1.,0.,0.));
#3775=DIRECTION('',(1.,0.,0.));
#3776=DIRECTION('',(1.,0.,0.));
#3777=DIRECTION('',(0.,0.,-1.));
#3778=DIRECTION('',(1.,0.,0.));
#3779=DIRECTION('',(1.,0.,0.));
#3780=DIRECTION('',(1.,0.,0.));
#3781=DIRECTION('',(0.,0.,-1.));
#3782=DIRECTION('',(1.,0.,0.));
#3783=DIRECTION('',(1.,0.,0.));
#3784=DIRECTION('',(0.,1.,0.));
#3785=DIRECTION('',(1.,0.,0.));
#3786=DIRECTION('',(0.,0.,-1.));
#3787=DIRECTION('',(-1.,0.,1.24580888572481E-16));
#3788=DIRECTION('',(1.24580888572481E-16,0.,1.));
#3789=DIRECTION('',(-1.,0.,1.24580888572481E-16));
#3790=DIRECTION('',(1.24580888572481E-16,0.,1.));
#3791=DIRECTION('',(-1.,0.,1.24580888572481E-16));
#3792=DIRECTION('',(-1.,0.,1.24580888572481E-16));
#3793=DIRECTION('',(1.,0.,-1.24580888572481E-16));
#3794=DIRECTION('',(-1.24580888572481E-16,0.,-1.));
#3795=DIRECTION('',(-1.22688224943329E-16,-0.17364817766693,-0.984807753012208));
#3796=DIRECTION('',(1.,0.,-1.24580888572481E-16));
#3797=DIRECTION('',(-1.24580888572481E-16,0.,-1.));
#3798=DIRECTION('',(1.,0.,-1.24580888572481E-16));
#3799=DIRECTION('',(-1.24580888572481E-16,0.,-1.));
#3800=DIRECTION('',(-1.22688224943329E-16,0.17364817766693,-0.984807753012208));
#3801=DIRECTION('',(-1.,0.,1.24580888572481E-16));
#3802=DIRECTION('',(1.24580888572481E-16,0.,1.));
#3803=DIRECTION('',(-1.,0.,1.24580888572481E-16));
#3804=DIRECTION('',(1.24580888572481E-16,0.,1.));
#3805=DIRECTION('',(-1.,0.,1.24580888572481E-16));
#3806=DIRECTION('',(1.24580888572481E-16,0.,1.));
#3807=DIRECTION('',(-1.,0.,1.24580888572481E-16));
#3808=DIRECTION('',(-1.,0.,1.24580888572481E-16));
#3809=DIRECTION('',(-1.,0.,1.24580888572481E-16));
#3810=DIRECTION('',(1.24580888572481E-16,0.,1.));
#3811=DIRECTION('',(-1.,0.,1.24580888572481E-16));
#3812=DIRECTION('',(1.24580888572481E-16,0.,1.));
#3813=DIRECTION('',(-1.,0.,1.24580888572481E-16));
#3814=DIRECTION('',(1.24580888572481E-16,0.,1.));
#3815=DIRECTION('',(1.22688224943329E-16,0.17364817766693,0.984807753012208));
#3816=DIRECTION('',(1.22688224943329E-16,-0.17364817766693,0.984807753012208));
#3817=DIRECTION('',(-1.,0.,1.24580888572481E-16));
#3818=DIRECTION('',(1.24580888572481E-16,0.,1.));
#3819=DIRECTION('',(-1.,0.,1.24580888572481E-16));
#3820=DIRECTION('',(1.24580888572481E-16,0.,1.));
#3821=DIRECTION('',(1.,0.,-1.24580888572481E-16));
#3822=DIRECTION('',(-1.24580888572481E-16,0.,-1.));
#3823=DIRECTION('',(-1.,0.,1.24580888572481E-16));
#3824=DIRECTION('',(-1.,0.,1.24580888572481E-16));
#3825=DIRECTION('',(2.16332442727381E-17,0.984807753012208,0.17364817766693));
#3826=DIRECTION('',(-1.,2.16332442727381E-17,1.89266362915172E-18));
#3827=DIRECTION('',(1.,0.,-1.24580888572481E-16));
#3828=DIRECTION('',(-2.16332442727382E-17,0.984807753012208,-0.17364817766693));
#3829=DIRECTION('',(-1.,-2.16332442727382E-17,1.89266362915172E-18));
#3830=DIRECTION('',(-1.,0.,1.24580888572481E-16));
#3831=DIRECTION('',(-1.,0.,1.24580888572481E-16));
#3832=DIRECTION('',(1.24580888572481E-16,0.,1.));
#3833=DIRECTION('',(1.,0.,-1.24580888572481E-16));
#3834=DIRECTION('',(-1.24580888572481E-16,0.,-1.));
#3835=DIRECTION('',(-1.,0.,1.24580888572481E-16));
#3836=DIRECTION('',(1.24580888572481E-16,0.,1.));
#3837=DIRECTION('',(-1.,0.,1.24580888572481E-16));
#3838=DIRECTION('',(3.84976117432283E-17,-0.951056516295154,0.309016994374948));
#3839=DIRECTION('',(-1.,0.,1.24580888572481E-16));
#3840=DIRECTION('',(3.84976117432283E-17,-0.951056516295154,0.309016994374948));
#3841=DIRECTION('',(-1.,0.,1.24580888572481E-16));
#3842=DIRECTION('',(-1.,0.,1.24580888572481E-16));
#3843=DIRECTION('',(1.,0.,-1.24580888572481E-16));
#3844=DIRECTION('',(-3.84976117432283E-17,0.951056516295154,-0.309016994374948));
#3845=DIRECTION('',(-5.84871844513775E-17,0.882947592858927,-0.469471562785891));
#3846=DIRECTION('',(1.,0.,-1.24580888572481E-16));
#3847=DIRECTION('',(-1.24580888572481E-16,0.,-1.));
#3848=DIRECTION('',(1.,0.,-1.24580888572481E-16));
#3849=DIRECTION('',(-1.24580888572481E-16,0.,-1.));
#3850=DIRECTION('',(-1.73383085829926E-17,0.99026806874157,-0.139173100960066));
#3851=DIRECTION('',(-1.,0.,1.24580888572481E-16));
#3852=DIRECTION('',(3.84976117432283E-17,-0.951056516295154,0.309016994374948));
#3853=DIRECTION('',(-1.,0.,1.24580888572481E-16));
#3854=DIRECTION('',(3.84976117432283E-17,-0.951056516295154,0.309016994374948));
#3855=DIRECTION('',(-1.,0.,1.24580888572481E-16));
#3856=DIRECTION('',(3.84976117432283E-17,-0.951056516295154,0.309016994374948));
#3857=DIRECTION('',(-1.,0.,1.24580888572481E-16));
#3858=DIRECTION('',(-1.,0.,1.24580888572481E-16));
#3859=DIRECTION('',(-1.,0.,1.24580888572481E-16));
#3860=DIRECTION('',(3.84976117432283E-17,-0.951056516295154,0.309016994374948));
#3861=DIRECTION('',(-1.,0.,1.24580888572481E-16));
#3862=DIRECTION('',(3.84976117432283E-17,-0.951056516295154,0.309016994374948));
#3863=DIRECTION('',(-1.,0.,1.24580888572481E-16));
#3864=DIRECTION('',(1.24580888572481E-16,0.,1.));
#3865=DIRECTION('',(5.84871844513775E-17,-0.882947592858927,0.469471562785891));
#3866=DIRECTION('',(1.73383085829926E-17,-0.99026806874157,0.139173100960066));
#3867=DIRECTION('',(-1.,0.,1.24580888572481E-16));
#3868=DIRECTION('',(1.24580888572481E-16,0.,1.));
#3869=DIRECTION('',(-1.,0.,1.24580888572481E-16));
#3870=DIRECTION('',(3.84976117432283E-17,-0.951056516295154,0.309016994374948));
#3871=DIRECTION('',(1.,0.,-1.24580888572481E-16));
#3872=DIRECTION('',(-1.24580888572481E-16,0.,-1.));
#3873=DIRECTION('',(-1.,0.,1.24580888572481E-16));
#3874=DIRECTION('',(-1.,0.,1.24580888572481E-16));
#3875=DIRECTION('',(1.23368475928779E-16,0.139173100960066,0.99026806874157));
#3876=DIRECTION('',(-1.,1.23368475928779E-16,1.07242579989488E-16));
#3877=DIRECTION('',(1.,2.99888285237245E-35,-1.24580888572481E-16));
#3878=DIRECTION('',(1.09998395681298E-16,0.469471562785891,0.882947592858927));
#3879=DIRECTION('',(-1.,1.09998395681298E-16,6.60937041211033E-17));
#3880=DIRECTION('',(-1.,-1.27022436849487E-32,1.24580888572481E-16));
#3881=DIRECTION('',(-1.,0.,1.24580888572481E-16));
#3882=DIRECTION('',(1.24580888572481E-16,0.,1.));
#3883=DIRECTION('',(1.,0.,-1.24580888572481E-16));
#3884=DIRECTION('',(-1.24580888572481E-16,0.,-1.));
#3885=DIRECTION('',(-1.,0.,1.24580888572481E-16));
#3886=DIRECTION('',(1.24580888572481E-16,0.,1.));
#3887=DIRECTION('',(-1.,0.,1.24580888572481E-16));
#3888=DIRECTION('',(-1.00788056029469E-16,-0.587785252292473,-0.809016994374947));
#3889=DIRECTION('',(-1.,0.,1.24580888572481E-16));
#3890=DIRECTION('',(-1.00788056029469E-16,-0.587785252292473,-0.809016994374947));
#3891=DIRECTION('',(-1.,0.,1.24580888572481E-16));
#3892=DIRECTION('',(-1.,0.,1.24580888572481E-16));
#3893=DIRECTION('',(1.,0.,-1.24580888572481E-16));
#3894=DIRECTION('',(1.00788056029469E-16,0.587785252292473,0.809016994374947));
#3895=DIRECTION('',(8.65411570460934E-17,0.719339800338651,0.694658370458997));
#3896=DIRECTION('',(1.,0.,-1.24580888572481E-16));
#3897=DIRECTION('',(-1.24580888572481E-16,0.,-1.));
#3898=DIRECTION('',(1.,0.,-1.24580888572481E-16));
#3899=DIRECTION('',(-1.24580888572481E-16,0.,-1.));
#3900=DIRECTION('',(1.11972560931606E-16,0.438371146789078,0.898794046299167));
#3901=DIRECTION('',(-1.,0.,1.24580888572481E-16));
#3902=DIRECTION('',(-1.00788056029469E-16,-0.587785252292473,-0.809016994374947));
#3903=DIRECTION('',(-1.,0.,1.24580888572481E-16));
#3904=DIRECTION('',(-1.00788056029469E-16,-0.587785252292473,-0.809016994374947));
#3905=DIRECTION('',(-1.,0.,1.24580888572481E-16));
#3906=DIRECTION('',(-1.00788056029469E-16,-0.587785252292473,-0.809016994374947));
#3907=DIRECTION('',(-1.,0.,1.24580888572481E-16));
#3908=DIRECTION('',(-1.,0.,1.24580888572481E-16));
#3909=DIRECTION('',(-1.,0.,1.24580888572481E-16));
#3910=DIRECTION('',(-1.00788056029469E-16,-0.587785252292473,-0.809016994374947));
#3911=DIRECTION('',(-1.,0.,1.24580888572481E-16));
#3912=DIRECTION('',(-1.00788056029469E-16,-0.587785252292473,-0.809016994374947));
#3913=DIRECTION('',(-1.,0.,1.24580888572481E-16));
#3914=DIRECTION('',(1.24580888572481E-16,0.,1.));
#3915=DIRECTION('',(-8.65411570460934E-17,-0.719339800338651,-0.694658370458997));
#3916=DIRECTION('',(-1.11972560931606E-16,-0.438371146789078,-0.898794046299167));
#3917=DIRECTION('',(-1.,0.,1.24580888572481E-16));
#3918=DIRECTION('',(1.24580888572481E-16,0.,1.));
#3919=DIRECTION('',(-1.,0.,1.24580888572481E-16));
#3920=DIRECTION('',(-1.00788056029469E-16,-0.587785252292473,-0.809016994374947));
#3921=DIRECTION('',(1.,0.,-1.24580888572481E-16));
#3922=DIRECTION('',(-1.24580888572481E-16,0.,-1.));
#3923=DIRECTION('',(-1.,0.,1.24580888572481E-16));
#3924=DIRECTION('',(-1.,0.,1.24580888572481E-16));
#3925=DIRECTION('',(5.46126669915207E-17,-0.898794046299167,0.438371146789078));
#3926=DIRECTION('',(-1.,5.46126669915207E-17,2.36553449504087E-16));
#3927=DIRECTION('',(1.,1.23259516440783E-32,-1.24580888572481E-16));
#3928=DIRECTION('',(8.96159915117401E-17,-0.694658370458997,0.719339800338651));
#3929=DIRECTION('',(-1.,8.96159915117401E-17,2.11122045618574E-16));
#3930=DIRECTION('',(-1.,-1.26301737552816E-32,1.24580888572481E-16));
#3931=DIRECTION('',(-1.,0.,1.24580888572481E-16));
#3932=DIRECTION('',(1.24580888572481E-16,0.,1.));
#3933=DIRECTION('',(1.,0.,-1.24580888572481E-16));
#3934=DIRECTION('',(-1.24580888572481E-16,0.,-1.));
#3935=DIRECTION('',(-1.,0.,1.24580888572481E-16));
#3936=DIRECTION('',(1.24580888572481E-16,0.,1.));
#3937=DIRECTION('',(-1.,0.,1.24580888572481E-16));
#3938=DIRECTION('',(-1.00788056029469E-16,0.587785252292473,-0.809016994374948));
#3939=DIRECTION('',(-1.,0.,1.24580888572481E-16));
#3940=DIRECTION('',(-1.00788056029469E-16,0.587785252292473,-0.809016994374948));
#3941=DIRECTION('',(-1.,0.,1.24580888572481E-16));
#3942=DIRECTION('',(-1.,0.,1.24580888572481E-16));
#3943=DIRECTION('',(1.,0.,-1.24580888572481E-16));
#3944=DIRECTION('',(1.00788056029469E-16,-0.587785252292473,0.809016994374948));
#3945=DIRECTION('',(1.11972560931606E-16,-0.438371146789078,0.898794046299167));
#3946=DIRECTION('',(1.,0.,-1.24580888572481E-16));
#3947=DIRECTION('',(-1.24580888572481E-16,0.,-1.));
#3948=DIRECTION('',(1.,0.,-1.24580888572481E-16));
#3949=DIRECTION('',(-1.24580888572481E-16,0.,-1.));
#3950=DIRECTION('',(8.65411570460935E-17,-0.719339800338651,0.694658370458998));
#3951=DIRECTION('',(-1.,0.,1.24580888572481E-16));
#3952=DIRECTION('',(-1.00788056029469E-16,0.587785252292473,-0.809016994374948));
#3953=DIRECTION('',(-1.,0.,1.24580888572481E-16));
#3954=DIRECTION('',(-1.00788056029469E-16,0.587785252292473,-0.809016994374948));
#3955=DIRECTION('',(-1.,0.,1.24580888572481E-16));
#3956=DIRECTION('',(-1.00788056029469E-16,0.587785252292473,-0.809016994374948));
#3957=DIRECTION('',(-1.,0.,1.24580888572481E-16));
#3958=DIRECTION('',(-1.,0.,1.24580888572481E-16));
#3959=DIRECTION('',(-1.,0.,1.24580888572481E-16));
#3960=DIRECTION('',(-1.00788056029469E-16,0.587785252292473,-0.809016994374948));
#3961=DIRECTION('',(-1.,0.,1.24580888572481E-16));
#3962=DIRECTION('',(-1.00788056029469E-16,0.587785252292473,-0.809016994374948));
#3963=DIRECTION('',(-1.,0.,1.24580888572481E-16));
#3964=DIRECTION('',(1.24580888572481E-16,0.,1.));
#3965=DIRECTION('',(-1.11972560931606E-16,0.438371146789078,-0.898794046299167));
#3966=DIRECTION('',(-8.65411570460935E-17,0.719339800338651,-0.694658370458998));
#3967=DIRECTION('',(-1.,0.,1.24580888572481E-16));
#3968=DIRECTION('',(1.24580888572481E-16,0.,1.));
#3969=DIRECTION('',(-1.,0.,1.24580888572481E-16));
#3970=DIRECTION('',(-1.00788056029469E-16,0.587785252292473,-0.809016994374948));
#3971=DIRECTION('',(1.,0.,-1.24580888572481E-16));
#3972=DIRECTION('',(-1.24580888572481E-16,0.,-1.));
#3973=DIRECTION('',(-1.,0.,1.24580888572481E-16));
#3974=DIRECTION('',(-1.,0.,1.24580888572481E-16));
#3975=DIRECTION('',(-8.96159915117401E-17,-0.694658370458998,-0.719339800338651));
#3976=DIRECTION('',(-1.,-8.96159915117401E-17,2.11122045618574E-16));
#3977=DIRECTION('',(1.,2.05840550163069E-32,-1.24580888572481E-16));
#3978=DIRECTION('',(-5.46126669915207E-17,-0.898794046299167,-0.438371146789077));
#3979=DIRECTION('',(-1.,-5.46126669915207E-17,2.36553449504087E-16));
#3980=DIRECTION('',(-1.,6.7867056677438E-33,1.24580888572481E-16));
#3981=DIRECTION('',(-1.,0.,1.24580888572481E-16));
#3982=DIRECTION('',(1.24580888572481E-16,0.,1.));
#3983=DIRECTION('',(1.,0.,-1.24580888572481E-16));
#3984=DIRECTION('',(-1.24580888572481E-16,0.,-1.));
#3985=DIRECTION('',(-1.,0.,1.24580888572481E-16));
#3986=DIRECTION('',(1.24580888572481E-16,0.,1.));
#3987=DIRECTION('',(-1.,0.,1.24580888572481E-16));
#3988=DIRECTION('',(3.84976117432283E-17,0.951056516295154,0.309016994374948));
#3989=DIRECTION('',(-1.,0.,1.24580888572481E-16));
#3990=DIRECTION('',(3.84976117432283E-17,0.951056516295154,0.309016994374948));
#3991=DIRECTION('',(-1.,0.,1.24580888572481E-16));
#3992=DIRECTION('',(-1.,0.,1.24580888572481E-16));
#3993=DIRECTION('',(1.,0.,-1.24580888572481E-16));
#3994=DIRECTION('',(-3.84976117432283E-17,-0.951056516295154,-0.309016994374948));
#3995=DIRECTION('',(-1.73383085829925E-17,-0.99026806874157,-0.139173100960065));
#3996=DIRECTION('',(1.,0.,-1.24580888572481E-16));
#3997=DIRECTION('',(-1.24580888572481E-16,0.,-1.));
#3998=DIRECTION('',(1.,0.,-1.24580888572481E-16));
#3999=DIRECTION('',(-1.24580888572481E-16,0.,-1.));
#4000=DIRECTION('',(-5.84871844513775E-17,-0.882947592858927,-0.469471562785891));
#4001=DIRECTION('',(-1.,0.,1.24580888572481E-16));
#4002=DIRECTION('',(3.84976117432283E-17,0.951056516295154,0.309016994374948));
#4003=DIRECTION('',(-1.,0.,1.24580888572481E-16));
#4004=DIRECTION('',(3.84976117432283E-17,0.951056516295154,0.309016994374948));
#4005=DIRECTION('',(-1.,0.,1.24580888572481E-16));
#4006=DIRECTION('',(3.84976117432283E-17,0.951056516295154,0.309016994374948));
#4007=DIRECTION('',(-1.,0.,1.24580888572481E-16));
#4008=DIRECTION('',(-1.,0.,1.24580888572481E-16));
#4009=DIRECTION('',(-1.,0.,1.24580888572481E-16));
#4010=DIRECTION('',(3.84976117432283E-17,0.951056516295154,0.309016994374948));
#4011=DIRECTION('',(-1.,0.,1.24580888572481E-16));
#4012=DIRECTION('',(3.84976117432283E-17,0.951056516295154,0.309016994374948));
#4013=DIRECTION('',(-1.,0.,1.24580888572481E-16));
#4014=DIRECTION('',(1.24580888572481E-16,0.,1.));
#4015=DIRECTION('',(1.73383085829925E-17,0.99026806874157,0.139173100960065));
#4016=DIRECTION('',(5.84871844513775E-17,0.882947592858927,0.469471562785891));
#4017=DIRECTION('',(-1.,0.,1.24580888572481E-16));
#4018=DIRECTION('',(1.24580888572481E-16,0.,1.));
#4019=DIRECTION('',(-1.,0.,1.24580888572481E-16));
#4020=DIRECTION('',(3.84976117432283E-17,0.951056516295154,0.309016994374948));
#4021=DIRECTION('',(1.,0.,-1.24580888572481E-16));
#4022=DIRECTION('',(-1.24580888572481E-16,0.,-1.));
#4023=DIRECTION('',(-1.,0.,1.24580888572481E-16));
#4024=DIRECTION('',(-1.,0.,1.24580888572481E-16));
#4025=DIRECTION('',(-1.09998395681298E-16,0.46947156278589,-0.882947592858927));
#4026=DIRECTION('',(-1.,-1.09998395681298E-16,6.60937041211034E-17));
#4027=DIRECTION('',(1.,-6.85317405054219E-33,-1.24580888572481E-16));
#4028=DIRECTION('',(-1.23368475928779E-16,0.139173100960065,-0.99026806874157));
#4029=DIRECTION('',(-1.,-1.23368475928779E-16,1.07242579989488E-16));
#4030=DIRECTION('',(-1.,0.,1.24580888572481E-16));
#4031=DIRECTION('',(-1.,0.,1.24580888572481E-16));
#4032=DIRECTION('',(1.24580888572481E-16,0.,1.));
#4033=DIRECTION('',(1.,0.,-1.24580888572481E-16));
#4034=DIRECTION('',(-1.24580888572481E-16,0.,-1.));
#4035=DIRECTION('',(-1.,0.,1.24580888572481E-16));
#4036=DIRECTION('',(1.24580888572481E-16,0.,1.));
#4037=DIRECTION('',(1.,0.,0.));
#4038=DIRECTION('',(0.,0.,-1.));
#4039=DIRECTION('',(1.,0.,0.));
#4040=DIRECTION('',(-1.,0.,0.));
#4041=DIRECTION('',(0.,0.,1.));
#4042=DIRECTION('',(1.,0.,0.));
#4043=DIRECTION('',(1.,0.,0.));
#4044=DIRECTION('',(0.,0.,-1.));
#4045=DIRECTION('',(1.,0.,0.));
#4046=DIRECTION('',(-1.,0.,0.));
#4047=DIRECTION('',(0.,0.,1.));
#4048=DIRECTION('',(1.,0.,0.));
#4049=DIRECTION('',(1.,0.,0.));
#4050=DIRECTION('',(0.,0.,-1.));
#4051=DIRECTION('',(1.,0.,0.));
#4052=DIRECTION('',(-1.,0.,0.));
#4053=DIRECTION('',(0.,0.,1.));
#4054=DIRECTION('',(1.,0.,0.));
#4055=DIRECTION('',(1.,0.,0.));
#4056=DIRECTION('',(0.,0.,-1.));
#4057=DIRECTION('',(-1.,0.,0.));
#4058=DIRECTION('',(0.,0.,1.));
#4059=DIRECTION('',(1.,0.,0.));
#4060=DIRECTION('',(1.,0.,0.));
#4061=DIRECTION('',(1.,0.,0.));
#4062=DIRECTION('',(0.,0.,-1.));
#4063=DIRECTION('',(1.,0.,0.));
#4064=DIRECTION('',(-1.,0.,0.));
#4065=DIRECTION('',(0.,0.,1.));
#4066=DIRECTION('',(1.,0.,0.));
#4067=DIRECTION('',(1.,0.,0.));
#4068=DIRECTION('',(0.,0.,-1.));
#4069=DIRECTION('',(-1.,0.,0.));
#4070=DIRECTION('',(0.,0.,1.));
#4071=DIRECTION('',(1.,0.,0.));
#4072=DIRECTION('',(1.,0.,0.));
#4073=DIRECTION('',(1.,0.,0.));
#4074=DIRECTION('',(0.,0.,-1.));
#4075=DIRECTION('',(1.,0.,0.));
#4076=DIRECTION('',(-1.,0.,0.));
#4077=DIRECTION('',(0.,0.,1.));
#4078=DIRECTION('',(1.,0.,0.));
#4079=DIRECTION('',(1.,0.,0.));
#4080=DIRECTION('',(0.,0.,-1.));
#4081=DIRECTION('',(-1.,0.,0.));
#4082=DIRECTION('',(0.,0.,1.));
#4083=DIRECTION('',(1.,0.,0.));
#4084=DIRECTION('',(1.,0.,0.));
#4085=DIRECTION('',(1.,0.,0.));
#4086=DIRECTION('',(0.,0.,-1.));
#4087=DIRECTION('',(1.,0.,0.));
#4088=DIRECTION('',(-1.,0.,0.));
#4089=DIRECTION('',(0.,0.,1.));
#4090=DIRECTION('',(1.,0.,0.));
#4091=DIRECTION('',(1.,0.,0.));
#4092=DIRECTION('',(0.,0.,-1.));
#4093=DIRECTION('',(-1.,0.,0.));
#4094=DIRECTION('',(0.,0.,1.));
#4095=DIRECTION('',(1.,0.,0.));
#4096=DIRECTION('',(1.,0.,0.));
#4097=DIRECTION('',(1.,0.,0.));
#4098=DIRECTION('',(0.,0.,-1.));
#4099=DIRECTION('',(1.,0.,0.));
#4100=DIRECTION('',(-1.,0.,0.));
#4101=DIRECTION('',(0.,0.,1.));
#4102=DIRECTION('',(1.,0.,0.));
#4103=DIRECTION('',(1.,0.,0.));
#4104=DIRECTION('',(0.,0.,-1.));
#4105=DIRECTION('',(-1.,0.,0.));
#4106=DIRECTION('',(0.,0.,1.));
#4107=DIRECTION('',(1.,0.,0.));
#4108=DIRECTION('',(1.,0.,0.));
#4109=DIRECTION('',(1.,0.,0.));
#4110=DIRECTION('',(0.,0.,-1.));
#4111=DIRECTION('',(-1.,0.,0.));
#4112=DIRECTION('',(0.,0.,1.));
#4113=DIRECTION('',(1.,0.,0.));
#4114=DIRECTION('',(1.,0.,0.));
#4115=DIRECTION('',(1.,0.,0.));
#4116=DIRECTION('',(0.,0.,-1.));
#4117=DIRECTION('',(-1.,0.,0.));
#4118=DIRECTION('',(0.,0.,1.));
#4119=DIRECTION('',(1.,0.,0.));
#4120=DIRECTION('',(1.,0.,0.));
#4121=DIRECTION('',(1.,0.,0.));
#4122=DIRECTION('',(0.,0.,-1.));
#4123=DIRECTION('',(1.,0.,0.));
#4124=DIRECTION('',(-1.,0.,0.));
#4125=DIRECTION('',(0.,0.,1.));
#4126=DIRECTION('',(1.,0.,0.));
#4127=DIRECTION('',(1.,0.,0.));
#4128=DIRECTION('',(0.,0.,-1.));
#4129=DIRECTION('',(-1.,0.,0.));
#4130=DIRECTION('',(0.,0.,1.));
#4131=DIRECTION('',(1.,0.,0.));
#4132=DIRECTION('',(1.,0.,0.));
#4133=DIRECTION('',(1.,0.,0.));
#4134=DIRECTION('',(0.,0.,-1.));
#4135=DIRECTION('',(-1.,0.,0.));
#4136=DIRECTION('',(0.,0.,1.));
#4137=DIRECTION('',(1.,0.,0.));
#4138=DIRECTION('',(1.,0.,0.));
#4139=DIRECTION('',(-1.,0.,0.));
#4140=DIRECTION('',(0.,1.,0.));
#4141=DIRECTION('',(-1.,0.,0.));
#4142=DIRECTION('',(0.,0.984807753012208,0.17364817766693));
#4143=DIRECTION('',(-1.,0.,0.));
#4144=DIRECTION('',(0.,0.984807753012208,-0.17364817766693));
#4145=DIRECTION('',(-1.,0.,0.));
#4146=DIRECTION('',(0.,0.984807753012208,-0.17364817766693));
#4147=DIRECTION('',(-1.,0.,0.));
#4148=DIRECTION('',(0.,0.984807753012208,-0.17364817766693));
#4149=DIRECTION('',(-1.,0.,0.));
#4150=DIRECTION('',(0.,0.866025403784439,-0.5));
#4151=DIRECTION('',(-1.,0.,0.));
#4152=DIRECTION('',(0.,0.866025403784439,-0.5));
#4153=DIRECTION('',(-1.,0.,0.));
#4154=DIRECTION('',(0.,0.866025403784439,-0.5));
#4155=DIRECTION('',(-1.,0.,0.));
#4156=DIRECTION('',(0.,0.64278760968654,-0.766044443118978));
#4157=DIRECTION('',(-1.,0.,0.));
#4158=DIRECTION('',(0.,0.64278760968654,-0.766044443118978));
#4159=DIRECTION('',(-1.,0.,0.));
#4160=DIRECTION('',(0.,0.64278760968654,-0.766044443118978));
#4161=DIRECTION('',(-1.,0.,0.));
#4162=DIRECTION('',(0.,0.342020143325669,-0.939692620785908));
#4163=DIRECTION('',(-1.,0.,0.));
#4164=DIRECTION('',(0.,0.342020143325669,-0.939692620785908));
#4165=DIRECTION('',(-1.,0.,0.));
#4166=DIRECTION('',(0.,0.342020143325669,-0.939692620785908));
#4167=DIRECTION('',(-1.,0.,0.));
#4168=DIRECTION('',(0.,1.22464679914735E-16,-1.));
#4169=DIRECTION('',(-1.,0.,0.));
#4170=DIRECTION('',(0.,1.22464679914735E-16,-1.));
#4171=DIRECTION('',(-1.,0.,0.));
#4172=DIRECTION('',(0.,1.22464679914735E-16,-1.));
#4173=DIRECTION('',(-1.,0.,0.));
#4174=DIRECTION('',(0.,-0.342020143325668,-0.939692620785908));
#4175=DIRECTION('',(-1.,0.,0.));
#4176=DIRECTION('',(0.,-0.342020143325668,-0.939692620785908));
#4177=DIRECTION('',(-1.,0.,0.));
#4178=DIRECTION('',(0.,-0.342020143325668,-0.939692620785908));
#4179=DIRECTION('',(-1.,0.,0.));
#4180=DIRECTION('',(0.,-0.642787609686539,-0.766044443118978));
#4181=DIRECTION('',(-1.,0.,0.));
#4182=DIRECTION('',(0.,-0.642787609686539,-0.766044443118978));
#4183=DIRECTION('',(-1.,0.,0.));
#4184=DIRECTION('',(0.,-0.642787609686539,-0.766044443118978));
#4185=DIRECTION('',(-1.,0.,0.));
#4186=DIRECTION('',(0.,-0.866025403784438,-0.5));
#4187=DIRECTION('',(-1.,0.,0.));
#4188=DIRECTION('',(0.,-0.866025403784438,-0.5));
#4189=DIRECTION('',(-1.,0.,0.));
#4190=DIRECTION('',(0.,-0.866025403784438,-0.5));
#4191=DIRECTION('',(-1.,0.,0.));
#4192=DIRECTION('',(0.,-0.984807753012208,-0.17364817766693));
#4193=DIRECTION('',(-1.,0.,0.));
#4194=DIRECTION('',(0.,-0.984807753012208,-0.17364817766693));
#4195=DIRECTION('',(-1.,0.,0.));
#4196=DIRECTION('',(0.,-0.984807753012208,-0.17364817766693));
#4197=DIRECTION('',(-1.,0.,0.));
#4198=DIRECTION('',(0.,-0.984807753012208,0.17364817766693));
#4199=DIRECTION('',(-1.,0.,0.));
#4200=DIRECTION('',(0.,-0.984807753012208,0.17364817766693));
#4201=DIRECTION('',(-1.,0.,0.));
#4202=DIRECTION('',(0.,-0.984807753012208,0.17364817766693));
#4203=DIRECTION('',(-1.,0.,0.));
#4204=DIRECTION('',(0.,-0.866025403784439,0.5));
#4205=DIRECTION('',(-1.,0.,0.));
#4206=DIRECTION('',(0.,-0.866025403784439,0.5));
#4207=DIRECTION('',(-1.,0.,0.));
#4208=DIRECTION('',(0.,-0.866025403784439,0.5));
#4209=DIRECTION('',(-1.,0.,0.));
#4210=DIRECTION('',(0.,-0.64278760968654,0.766044443118978));
#4211=DIRECTION('',(-1.,0.,0.));
#4212=DIRECTION('',(0.,-0.64278760968654,0.766044443118978));
#4213=DIRECTION('',(-1.,0.,0.));
#4214=DIRECTION('',(0.,-0.64278760968654,0.766044443118978));
#4215=DIRECTION('',(-1.,0.,0.));
#4216=DIRECTION('',(0.,-0.342020143325668,0.939692620785908));
#4217=DIRECTION('',(-1.,0.,0.));
#4218=DIRECTION('',(0.,-0.342020143325668,0.939692620785908));
#4219=DIRECTION('',(-1.,0.,0.));
#4220=DIRECTION('',(0.,-0.342020143325668,0.939692620785908));
#4221=DIRECTION('',(-1.,0.,0.));
#4222=DIRECTION('',(0.,0.,1.));
#4223=DIRECTION('',(-1.,0.,0.));
#4224=DIRECTION('',(0.,0.,1.));
#4225=DIRECTION('',(-1.,0.,0.));
#4226=DIRECTION('',(0.,0.,1.));
#4227=DIRECTION('',(-1.,0.,0.));
#4228=DIRECTION('',(0.,0.,1.));
#4229=DIRECTION('',(-1.,0.,0.));
#4230=DIRECTION('',(0.,0.342020143325668,0.939692620785908));
#4231=DIRECTION('',(-1.,0.,0.));
#4232=DIRECTION('',(0.,0.342020143325668,0.939692620785908));
#4233=DIRECTION('',(-1.,0.,0.));
#4234=DIRECTION('',(0.,0.342020143325668,0.939692620785908));
#4235=DIRECTION('',(-1.,0.,0.));
#4236=DIRECTION('',(0.,0.642787609686539,0.766044443118978));
#4237=DIRECTION('',(-1.,0.,0.));
#4238=DIRECTION('',(0.,0.642787609686539,0.766044443118978));
#4239=DIRECTION('',(-1.,0.,0.));
#4240=DIRECTION('',(0.,0.642787609686539,0.766044443118978));
#4241=DIRECTION('',(-1.,0.,0.));
#4242=DIRECTION('',(0.,0.866025403784439,0.5));
#4243=DIRECTION('',(-1.,0.,0.));
#4244=DIRECTION('',(0.,0.866025403784439,0.5));
#4245=DIRECTION('',(-1.,0.,0.));
#4246=DIRECTION('',(0.,0.866025403784439,0.5));
#4247=DIRECTION('',(-1.,0.,0.));
#4248=DIRECTION('',(0.,0.984807753012208,0.17364817766693));
#4249=DIRECTION('',(-1.,0.,0.));
#4250=DIRECTION('',(0.,0.984807753012208,0.17364817766693));
#4251=DIRECTION('',(1.,0.,0.));
#4252=DIRECTION('',(0.,0.,-1.));
#4253=DIRECTION('',(1.,0.,0.));
#4254=DIRECTION('',(1.,0.,0.));
#4255=DIRECTION('',(1.,0.,0.));
#4256=DIRECTION('',(1.,0.,0.));
#4257=DIRECTION('',(1.,0.,0.));
#4258=DIRECTION('',(0.,0.,-1.));
#4259=DIRECTION('',(1.,0.,0.));
#4260=DIRECTION('',(1.,0.,0.));
#4261=DIRECTION('',(1.,0.,0.));
#4262=DIRECTION('',(0.,0.,-1.));
#4263=DIRECTION('',(1.,0.,0.));
#4264=DIRECTION('',(0.,0.,-1.));
#4265=DIRECTION('',(1.,0.,0.));
#4266=DIRECTION('',(1.,0.,0.));
#4267=DIRECTION('',(1.,0.,0.));
#4268=DIRECTION('',(0.,0.342020143325668,-0.939692620785908));
#4269=DIRECTION('',(1.,0.,0.));
#4270=DIRECTION('',(1.,0.,0.));
#4271=DIRECTION('',(1.,0.,0.));
#4272=DIRECTION('',(0.,0.342020143325668,-0.939692620785908));
#4273=DIRECTION('',(1.,0.,0.));
#4274=DIRECTION('',(0.,0.342020143325668,-0.939692620785908));
#4275=DIRECTION('',(1.,0.,0.));
#4276=DIRECTION('',(1.,0.,0.));
#4277=DIRECTION('',(1.,0.,0.));
#4278=DIRECTION('',(0.,0.866025403784439,-0.5));
#4279=DIRECTION('',(1.,0.,0.));
#4280=DIRECTION('',(1.,0.,0.));
#4281=DIRECTION('',(1.,0.,0.));
#4282=DIRECTION('',(0.,0.866025403784439,-0.5));
#4283=DIRECTION('',(1.,0.,0.));
#4284=DIRECTION('',(0.,0.866025403784439,-0.5));
#4285=DIRECTION('',(1.,0.,0.));
#4286=DIRECTION('',(1.,0.,0.));
#4287=DIRECTION('',(1.,0.,0.));
#4288=DIRECTION('',(0.,0.64278760968654,-0.766044443118978));
#4289=DIRECTION('',(1.,0.,0.));
#4290=DIRECTION('',(1.,0.,0.));
#4291=DIRECTION('',(1.,0.,0.));
#4292=DIRECTION('',(0.,0.64278760968654,-0.766044443118978));
#4293=DIRECTION('',(1.,0.,0.));
#4294=DIRECTION('',(0.,0.64278760968654,-0.766044443118978));
#4295=DIRECTION('',(1.,0.,0.));
#4296=DIRECTION('',(1.,0.,0.));
#4297=DIRECTION('',(1.,0.,0.));
#4298=DIRECTION('',(0.,0.984807753012208,-0.17364817766693));
#4299=DIRECTION('',(1.,0.,0.));
#4300=DIRECTION('',(1.,0.,0.));
#4301=DIRECTION('',(1.,0.,0.));
#4302=DIRECTION('',(0.,0.984807753012208,-0.17364817766693));
#4303=DIRECTION('',(1.,0.,0.));
#4304=DIRECTION('',(0.,0.984807753012208,-0.17364817766693));
#4305=DIRECTION('',(1.,0.,0.));
#4306=DIRECTION('',(1.,0.,0.));
#4307=DIRECTION('',(1.,0.,0.));
#4308=DIRECTION('',(0.,0.984807753012208,0.17364817766693));
#4309=DIRECTION('',(1.,0.,0.));
#4310=DIRECTION('',(1.,0.,0.));
#4311=DIRECTION('',(1.,0.,0.));
#4312=DIRECTION('',(0.,0.984807753012208,0.17364817766693));
#4313=DIRECTION('',(1.,0.,0.));
#4314=DIRECTION('',(0.,0.984807753012208,0.17364817766693));
#4315=DIRECTION('',(1.,0.,0.));
#4316=DIRECTION('',(1.,0.,0.));
#4317=DIRECTION('',(1.,0.,0.));
#4318=DIRECTION('',(0.,-1.22464679914735E-16,1.));
#4319=DIRECTION('',(1.,0.,0.));
#4320=DIRECTION('',(1.,0.,0.));
#4321=DIRECTION('',(1.,0.,0.));
#4322=DIRECTION('',(0.,-1.22464679914735E-16,1.));
#4323=DIRECTION('',(1.,0.,0.));
#4324=DIRECTION('',(0.,-1.22464679914735E-16,1.));
#4325=DIRECTION('',(1.,0.,0.));
#4326=DIRECTION('',(1.,0.,0.));
#4327=DIRECTION('',(1.,0.,0.));
#4328=DIRECTION('',(0.,0.342020143325668,0.939692620785908));
#4329=DIRECTION('',(1.,0.,0.));
#4330=DIRECTION('',(1.,0.,0.));
#4331=DIRECTION('',(1.,0.,0.));
#4332=DIRECTION('',(0.,0.342020143325668,0.939692620785908));
#4333=DIRECTION('',(1.,0.,0.));
#4334=DIRECTION('',(0.,0.342020143325668,0.939692620785908));
#4335=DIRECTION('',(1.,0.,0.));
#4336=DIRECTION('',(1.,0.,0.));
#4337=DIRECTION('',(1.,0.,0.));
#4338=DIRECTION('',(0.,0.866025403784438,0.5));
#4339=DIRECTION('',(1.,0.,0.));
#4340=DIRECTION('',(1.,0.,0.));
#4341=DIRECTION('',(1.,0.,0.));
#4342=DIRECTION('',(0.,0.866025403784438,0.5));
#4343=DIRECTION('',(1.,0.,0.));
#4344=DIRECTION('',(0.,0.866025403784438,0.5));
#4345=DIRECTION('',(1.,0.,0.));
#4346=DIRECTION('',(1.,0.,0.));
#4347=DIRECTION('',(1.,0.,0.));
#4348=DIRECTION('',(0.,0.642787609686539,0.766044443118978));
#4349=DIRECTION('',(1.,0.,0.));
#4350=DIRECTION('',(1.,0.,0.));
#4351=DIRECTION('',(1.,0.,0.));
#4352=DIRECTION('',(0.,0.642787609686539,0.766044443118978));
#4353=DIRECTION('',(1.,0.,0.));
#4354=DIRECTION('',(0.,0.642787609686539,0.766044443118978));
#4355=DIRECTION('',(1.,0.,0.));
#4356=DIRECTION('',(1.,0.,0.));
#4357=DIRECTION('',(1.,0.,0.));
#4358=DIRECTION('',(0.,-0.984807753012208,0.17364817766693));
#4359=DIRECTION('',(1.,0.,0.));
#4360=DIRECTION('',(1.,0.,0.));
#4361=DIRECTION('',(1.,0.,0.));
#4362=DIRECTION('',(0.,-0.984807753012208,0.17364817766693));
#4363=DIRECTION('',(1.,0.,0.));
#4364=DIRECTION('',(0.,-0.984807753012208,0.17364817766693));
#4365=DIRECTION('',(1.,0.,0.));
#4366=DIRECTION('',(1.,0.,0.));
#4367=DIRECTION('',(1.,0.,0.));
#4368=DIRECTION('',(0.,-0.866025403784439,0.5));
#4369=DIRECTION('',(1.,0.,0.));
#4370=DIRECTION('',(1.,0.,0.));
#4371=DIRECTION('',(1.,0.,0.));
#4372=DIRECTION('',(0.,-0.866025403784439,0.5));
#4373=DIRECTION('',(1.,0.,0.));
#4374=DIRECTION('',(0.,-0.866025403784439,0.5));
#4375=DIRECTION('',(1.,0.,0.));
#4376=DIRECTION('',(1.,0.,0.));
#4377=DIRECTION('',(1.,0.,0.));
#4378=DIRECTION('',(0.,-0.342020143325669,0.939692620785908));
#4379=DIRECTION('',(1.,0.,0.));
#4380=DIRECTION('',(1.,0.,0.));
#4381=DIRECTION('',(1.,0.,0.));
#4382=DIRECTION('',(0.,-0.342020143325669,0.939692620785908));
#4383=DIRECTION('',(1.,0.,0.));
#4384=DIRECTION('',(0.,-0.342020143325669,0.939692620785908));
#4385=DIRECTION('',(1.,0.,0.));
#4386=DIRECTION('',(1.,0.,0.));
#4387=DIRECTION('',(1.,0.,0.));
#4388=DIRECTION('',(0.,-0.64278760968654,0.766044443118978));
#4389=DIRECTION('',(1.,0.,0.));
#4390=DIRECTION('',(1.,0.,0.));
#4391=DIRECTION('',(1.,0.,0.));
#4392=DIRECTION('',(0.,-0.64278760968654,0.766044443118978));
#4393=DIRECTION('',(1.,0.,0.));
#4394=DIRECTION('',(0.,-0.64278760968654,0.766044443118978));
#4395=DIRECTION('',(1.,0.,0.));
#4396=DIRECTION('',(1.,0.,0.));
#4397=DIRECTION('',(1.,0.,0.));
#4398=DIRECTION('',(0.,-0.642787609686539,-0.766044443118978));
#4399=DIRECTION('',(1.,0.,0.));
#4400=DIRECTION('',(1.,0.,0.));
#4401=DIRECTION('',(1.,0.,0.));
#4402=DIRECTION('',(0.,-0.642787609686539,-0.766044443118978));
#4403=DIRECTION('',(1.,0.,0.));
#4404=DIRECTION('',(0.,-0.642787609686539,-0.766044443118978));
#4405=DIRECTION('',(1.,0.,0.));
#4406=DIRECTION('',(1.,0.,0.));
#4407=DIRECTION('',(1.,0.,0.));
#4408=DIRECTION('',(0.,-0.342020143325668,-0.939692620785908));
#4409=DIRECTION('',(1.,0.,0.));
#4410=DIRECTION('',(1.,0.,0.));
#4411=DIRECTION('',(1.,0.,0.));
#4412=DIRECTION('',(0.,-0.342020143325668,-0.939692620785908));
#4413=DIRECTION('',(1.,0.,0.));
#4414=DIRECTION('',(0.,-0.342020143325668,-0.939692620785908));
#4415=DIRECTION('',(1.,0.,0.));
#4416=DIRECTION('',(1.,0.,0.));
#4417=DIRECTION('',(1.,0.,0.));
#4418=DIRECTION('',(0.,-0.866025403784439,-0.5));
#4419=DIRECTION('',(1.,0.,0.));
#4420=DIRECTION('',(1.,0.,0.));
#4421=DIRECTION('',(1.,0.,0.));
#4422=DIRECTION('',(0.,-0.866025403784439,-0.5));
#4423=DIRECTION('',(1.,0.,0.));
#4424=DIRECTION('',(0.,-0.866025403784439,-0.5));
#4425=DIRECTION('',(1.,0.,0.));
#4426=DIRECTION('',(1.,0.,0.));
#4427=DIRECTION('',(1.,0.,0.));
#4428=DIRECTION('',(0.,-0.984807753012208,-0.17364817766693));
#4429=DIRECTION('',(1.,0.,0.));
#4430=DIRECTION('',(1.,0.,0.));
#4431=DIRECTION('',(1.,0.,0.));
#4432=DIRECTION('',(0.,-0.984807753012208,-0.17364817766693));
#4433=DIRECTION('',(1.,0.,0.));
#4434=DIRECTION('',(0.,-0.984807753012208,-0.17364817766693));
#4435=DIRECTION('',(1.,0.,0.));
#4436=DIRECTION('',(0.,0.,-1.));
#4437=CARTESIAN_POINT('',(0.,0.,0.));
#4438=CARTESIAN_POINT('',(0.035,0.0638,0.012055));
#4439=CARTESIAN_POINT('',(0.035,0.113320238695523,0.0231721047203088));
#4440=CARTESIAN_POINT('',(0.035,0.115777230156821,0.0188174298806557));
#4441=CARTESIAN_POINT('',(0.035,0.114828544926343,0.0184050288541126));
#4442=CARTESIAN_POINT('',(0.035,0.0723,0.012055));
#4443=CARTESIAN_POINT('',(0.035,0.102973862279371,-0.0180799327669104));
#4444=CARTESIAN_POINT('',(0.035,0.0989516000152064,-0.0210500179977213));
#4445=CARTESIAN_POINT('',(0.035,0.103498961511708,-0.0189711953934246));
#4446=CARTESIAN_POINT('',(0.035,0.0723,0.012055));
#4447=CARTESIAN_POINT('',(0.035,0.0921666559907955,-0.0272045972947175));
#4448=CARTESIAN_POINT('',(0.035,0.0955489457568188,-0.0235221910245385));
#4449=CARTESIAN_POINT('',(0.035,0.0914812794486443,-0.0264297829500573));
#4450=CARTESIAN_POINT('',(0.035,0.0723,0.012055));
#4451=CARTESIAN_POINT('',(0.035,0.0531187205513557,-0.0264297829500573));
#4452=CARTESIAN_POINT('',(0.035,0.0490510542431812,-0.0235221910245384));
#4453=CARTESIAN_POINT('',(0.035,0.0524333440092045,-0.0272045972947175));
#4454=CARTESIAN_POINT('',(0.035,0.0723,0.012055));
#4455=CARTESIAN_POINT('',(0.035,0.041101038488292,-0.0189711953934246));
#4456=CARTESIAN_POINT('',(0.035,0.0456483999847936,-0.0210500179977213));
#4457=CARTESIAN_POINT('',(0.035,0.0416261377206295,-0.0180799327669104));
#4458=CARTESIAN_POINT('',(0.035,0.0723,0.012055));
#4459=CARTESIAN_POINT('',(0.035,0.0297714550736575,0.0184050288541126));
#4460=CARTESIAN_POINT('',(0.035,0.0312797613044769,0.0231721047203088));
#4461=CARTESIAN_POINT('',(0.035,0.0288227698431786,0.0188174298806558));
#4462=CARTESIAN_POINT('',(0.035,0.0723,0.012055));
#4463=CARTESIAN_POINT('',(0.035,0.0331513253812692,0.0321393539999857));
#4464=CARTESIAN_POINT('',(0.035,0.0325794595792165,0.0271721647037697));
#4465=CARTESIAN_POINT('',(0.035,0.0341612310964714,0.0319153702514137));
#4466=CARTESIAN_POINT('',(0.035,0.0723,0.012055));
#4467=CARTESIAN_POINT('',(0.035,0.0651971931920877,0.0544643166114414));
#4468=CARTESIAN_POINT('',(0.035,0.0701970440163519,0.0545029395981812));
#4469=CARTESIAN_POINT('',(0.035,0.065296250017178,0.0554940088075007));
#4470=CARTESIAN_POINT('',(0.035,0.0723,0.012055));
#4471=CARTESIAN_POINT('',(0.035,0.0793037499828221,0.0554940088075007));
#4472=CARTESIAN_POINT('',(0.035,0.0744029559836482,0.0545029395981812));
#4473=CARTESIAN_POINT('',(0.035,0.0794028068079123,0.0544643166114414));
#4474=CARTESIAN_POINT('',(0.035,0.0723,0.012055));
#4475=CARTESIAN_POINT('',(0.035,0.110438768903529,0.0319153702514137));
#4476=CARTESIAN_POINT('',(0.035,0.112020540420784,0.0271721647037697));
#4477=CARTESIAN_POINT('',(0.035,0.111448674618731,0.0321393539999857));
#4478=CARTESIAN_POINT('',(0.035,0.0723,0.012055));
#4479=CARTESIAN_POINT('',(0.035,0.0723,-0.017945));
#4480=CARTESIAN_POINT('',(0.035,0.0723,-0.019545));
#4481=CARTESIAN_POINT('',(0.035,0.0423,0.012055));
#4482=CARTESIAN_POINT('',(0.035,0.0423,0.010455));
#4483=CARTESIAN_POINT('',(0.035,0.0723,0.042055));
#4484=CARTESIAN_POINT('',(0.035,0.0723,0.040455));
#4485=CARTESIAN_POINT('',(0.035,0.1023,0.012055));
#4486=CARTESIAN_POINT('',(0.035,0.1023,0.010455));
#4487=CARTESIAN_POINT('',(0.035,0.0749658206449025,-0.00126839331968655));
#4488=CARTESIAN_POINT('',(0.035,0.0756163458997098,-0.00110469428221825));
#4489=CARTESIAN_POINT('',(0.035,0.0748342105850184,-0.000610624915043016));
#4490=CARTESIAN_POINT('',(0.035,0.0754567597369941,-0.000469980867876405));
#4491=CARTESIAN_POINT('',(0.035,0.0755938673480668,-0.0010154861783398));
#4492=CARTESIAN_POINT('',(0.035,0.0757425746859824,-0.0016071429208296));
#4493=CARTESIAN_POINT('',(0.035,0.0757476093797175,-0.00162286347415446));
#4494=CARTESIAN_POINT('',(0.035,0.0757522399738656,-0.00163828978518092));
#4495=CARTESIAN_POINT('',(0.035,0.075758208897756,-0.0016563492957321));
#4496=CARTESIAN_POINT('',(0.035,0.0757666530235095,-0.00168051494804866));
#4497=CARTESIAN_POINT('',(0.035,0.0757774686462776,-0.00170950081975915));
#4498=CARTESIAN_POINT('',(0.035,0.0757909621923228,-0.00174359825773784));
#4499=CARTESIAN_POINT('',(0.035,0.0758073070968662,-0.00178259223061476));
#4500=CARTESIAN_POINT('',(0.035,0.0758267140409272,-0.00182641540360845));
#4501=CARTESIAN_POINT('',(0.035,0.0758493786869942,-0.00187494826997772));
#4502=CARTESIAN_POINT('',(0.035,0.0758754970998548,-0.00192807903975386));
#4503=CARTESIAN_POINT('',(0.035,0.0759052609780408,-0.00198568603863726));
#4504=CARTESIAN_POINT('',(0.035,0.0759388588372196,-0.0020476429444082));
#4505=CARTESIAN_POINT('',(0.035,0.0759764754644294,-0.00211381738201556));
#4506=CARTESIAN_POINT('',(0.035,0.0760182918757791,-0.00218407144564246));
#4507=CARTESIAN_POINT('',(0.035,0.0760644851332609,-0.0022582616745327));
#4508=CARTESIAN_POINT('',(0.035,0.0761152282051915,-0.00233623919040753));
#4509=CARTESIAN_POINT('',(0.035,0.0761706898177229,-0.00241784979429046));
#4510=CARTESIAN_POINT('',(0.035,0.0762310343122964,-0.00250293407981613));
#4511=CARTESIAN_POINT('',(0.035,0.0762964215052418,-0.00259132754662769));
#4512=CARTESIAN_POINT('',(0.035,0.0763670065494145,-0.00268286071861538));
#4513=CARTESIAN_POINT('',(0.035,0.0764429398029063,-0.0027773592644186));
#4514=CARTESIAN_POINT('',(0.035,0.0765243666845197,-0.00287464412512468));
#4515=CARTESIAN_POINT('',(0.035,0.0766114275951742,-0.00297453163097137));
#4516=CARTESIAN_POINT('',(0.035,0.0767042576001736,-0.00307683367646829));
#4517=CARTESIAN_POINT('',(0.035,0.0768029870477776,-0.00318135768627649));
#4518=CARTESIAN_POINT('',(0.035,0.0769077386027293,-0.00328790740107381));
#4519=CARTESIAN_POINT('',(0.035,0.0770186380674543,-0.00339628052842273));
#4520=CARTESIAN_POINT('',(0.035,0.0771357723127959,-0.00350627843793043));
#4521=CARTESIAN_POINT('',(0.035,0.0772593499786848,-0.00361766969924143));
#4522=CARTESIAN_POINT('',(0.035,0.077369137389535,-0.00371300764537346));
#4523=CARTESIAN_POINT('',(0.035,0.0774386030249402,-0.00377097054402008));
#4524=CARTESIAN_POINT('',(0.035,0.0774635247502147,-0.00379163339424806));
#4525=CARTESIAN_POINT('',(0.035,0.0774635247502147,-0.00379163339424806));
#4526=CARTESIAN_POINT('',(0.035,0.0723,0.012055));
#4527=CARTESIAN_POINT('',(0.035,0.0785305301592584,-0.00340327518555512));
#4528=CARTESIAN_POINT('',(0.035,0.0779326842586458,0.000431181960294596));
#4529=CARTESIAN_POINT('',(0.035,0.0781782977896584,-7.48304250690196E-5));
#4530=CARTESIAN_POINT('',(0.035,0.0784446909830571,-0.00062365301916878));
#4531=CARTESIAN_POINT('',(0.035,0.0784509391607931,-0.000638931900437567));
#4532=CARTESIAN_POINT('',(0.035,0.0784573077614686,-0.000653725628821114));
#4533=CARTESIAN_POINT('',(0.035,0.0784643437301103,-0.000671396766844162));
#4534=CARTESIAN_POINT('',(0.035,0.0784734085363888,-0.000695336509924649));
#4535=CARTESIAN_POINT('',(0.035,0.07848375504786,-0.000724493124183781));
#4536=CARTESIAN_POINT('',(0.035,0.0784953358025489,-0.000759286761280537));
#4537=CARTESIAN_POINT('',(0.035,0.0785078797218678,-0.000799664179640044));
#4538=CARTESIAN_POINT('',(0.035,0.0785211821328295,-0.000845709220975946));
#4539=CARTESIAN_POINT('',(0.035,0.0785350163318193,-0.000897456107236627));
#4540=CARTESIAN_POINT('',(0.035,0.0785491602672896,-0.000954945230353735));
#4541=CARTESIAN_POINT('',(0.035,0.0785633888789129,-0.00101820660384733));
#4542=CARTESIAN_POINT('',(0.035,0.0785774765569525,-0.00108726463481808));
#4543=CARTESIAN_POINT('',(0.035,0.0785911966572815,-0.00116213669691237));
#4544=CARTESIAN_POINT('',(0.035,0.0786043218693654,-0.00124283350305747));
#4545=CARTESIAN_POINT('',(0.035,0.0786166243410523,-0.00132935896919291));
#4546=CARTESIAN_POINT('',(0.035,0.0786278758738116,-0.00142171022983147));
#4547=CARTESIAN_POINT('',(0.035,0.0786378480987205,-0.00151987761678398));
#4548=CARTESIAN_POINT('',(0.035,0.0786463126584946,-0.00162384465433229));
#4549=CARTESIAN_POINT('',(0.035,0.0786530413879313,-0.00173358805584881));
#4550=CARTESIAN_POINT('',(0.035,0.0786578064959045,-0.00184907772543446));
#4551=CARTESIAN_POINT('',(0.035,0.0786603807433949,-0.0019702767658375));
#4552=CARTESIAN_POINT('',(0.035,0.0786605376362863,-0.00209714148337753));
#4553=CARTESIAN_POINT('',(0.035,0.0786580515605873,-0.00222962142682513));
#4554=CARTESIAN_POINT('',(0.035,0.0786526981383938,-0.00236765931731853));
#4555=CARTESIAN_POINT('',(0.035,0.078644253732104,-0.00251119141983567));
#4556=CARTESIAN_POINT('',(0.035,0.0786324982220126,-0.00266014623839042));
#4557=CARTESIAN_POINT('',(0.035,0.078617205206798,-0.00281444967222556));
#4558=CARTESIAN_POINT('',(0.035,0.0785981804623781,-0.00297400540113416));
#4559=CARTESIAN_POINT('',(0.035,0.0785751154007283,-0.00313877025034091));
#4560=CARTESIAN_POINT('',(0.035,0.0785522954152288,-0.00328237334158771));
#4561=CARTESIAN_POINT('',(0.035,0.0785363394843105,-0.00337142714774052));
#4562=CARTESIAN_POINT('',(0.035,0.0785305301592584,-0.00340327518555512));
#4563=CARTESIAN_POINT('',(0.035,0.0782184200839397,-0.000157616731806115));
#4564=CARTESIAN_POINT('',(0.035,0.0788219750534955,0.000135132103775637));
#4565=CARTESIAN_POINT('',(0.035,0.0784999888279802,0.000723609250815706));
#4566=CARTESIAN_POINT('',(0.035,0.072300000000003,0.0120549999999949));
#4567=CARTESIAN_POINT('',(0.035,0.0790132778350115,0.00101995679719737));
#4568=CARTESIAN_POINT('',(0.035,0.0793619208811371,0.000446869972712371));
#4569=CARTESIAN_POINT('',(0.035,0.0799172262944571,0.00082318949113723));
#4570=CARTESIAN_POINT('',(0.035,0.0795501795820298,0.0013650433206633));
#4571=CARTESIAN_POINT('',(0.035,0.079865592396878,0.00089932957061141));
#4572=CARTESIAN_POINT('',(0.035,0.0802076901088399,0.000394215000682985));
#4573=CARTESIAN_POINT('',(0.035,0.0802177979192921,0.000381164479401855));
#4574=CARTESIAN_POINT('',(0.035,0.0802274253635512,0.000368252245238537));
#4575=CARTESIAN_POINT('',(0.035,0.0802392110336721,0.000353323348643062));
#4576=CARTESIAN_POINT('',(0.035,0.0802554110562006,0.00033350312458523));
#4577=CARTESIAN_POINT('',(0.035,0.0802754881691017,0.000309964475681115));
#4578=CARTESIAN_POINT('',(0.035,0.0802998299653732,0.000282538429377185));
#4579=CARTESIAN_POINT('',(0.035,0.0803285258757523,0.000251486367404213));
#4580=CARTESIAN_POINT('',(0.035,0.0803617508457866,0.000216943620911847));
#4581=CARTESIAN_POINT('',(0.035,0.0803996478643602,0.000179089410015334));
#4582=CARTESIAN_POINT('',(0.035,0.0804423629376858,0.000138095841030028));
#4583=CARTESIAN_POINT('',(0.035,0.0804900345883978,9.41428151568086E-5));
#4584=CARTESIAN_POINT('',(0.035,0.0805427967585341,4.74135126088821E-5));
#4585=CARTESIAN_POINT('',(0.035,0.0806007778161769,-1.90447386570758E-6));
#4586=CARTESIAN_POINT('',(0.035,0.0806641006942609,-5.36196440329151E-5));
#4587=CARTESIAN_POINT('',(0.035,0.080732882710165,-0.000107536630110899));
#4588=CARTESIAN_POINT('',(0.035,0.0808072354815699,-0.000163456373631188));
#4589=CARTESIAN_POINT('',(0.035,0.0808872648200395,-0.000221176267210799));
#4590=CARTESIAN_POINT('',(0.035,0.0809730706358255,-0.000280490309781181));
#4591=CARTESIAN_POINT('',(0.035,0.0810647468447181,-0.000341189261166844));
#4592=CARTESIAN_POINT('',(0.035,0.0811623812784674,-0.000403060800516192));
#4593=CARTESIAN_POINT('',(0.035,0.0812660556026255,-0.000465889684440043));
#4594=CARTESIAN_POINT('',(0.035,0.0813758452244134,-0.000529457916439755));
#4595=CARTESIAN_POINT('',(0.035,0.0814918192587804,-0.000593544883452479));
#4596=CARTESIAN_POINT('',(0.035,0.0816140402897293,-0.000657927629082414));
#4597=CARTESIAN_POINT('',(0.035,0.0817425649399126,-0.000722380609974149));
#4598=CARTESIAN_POINT('',(0.035,0.0818774413518429,-0.000786677448877865));
#4599=CARTESIAN_POINT('',(0.035,0.0820187185530426,-0.000850585026119149));
#4600=CARTESIAN_POINT('',(0.035,0.0821664102398067,-0.000913886978605352));
#4601=CARTESIAN_POINT('',(0.035,0.0823206333156953,-0.00097629447388016));
#4602=CARTESIAN_POINT('',(0.035,0.0824564072335268,-0.00102833333234698));
#4603=CARTESIAN_POINT('',(0.035,0.082541508057418,-0.00105904199390705));
#4604=CARTESIAN_POINT('',(0.035,0.0825719939297522,-0.00106993498974041));
#4605=CARTESIAN_POINT('',(0.035,0.0825719939297522,-0.00106993498974041));
#4606=CARTESIAN_POINT('',(0.035,0.0723,0.012055));
#4607=CARTESIAN_POINT('',(0.035,0.0834418247087703,-0.000340060303879619));
#4608=CARTESIAN_POINT('',(0.035,0.081568571744998,0.003058675440181));
#4609=CARTESIAN_POINT('',(0.035,0.0819724393962223,0.00266718411070819));
#4610=CARTESIAN_POINT('',(0.035,0.082410475496581,0.00224257140709927));
#4611=CARTESIAN_POINT('',(0.035,0.0824215725482543,0.00223035095776192));
#4612=CARTESIAN_POINT('',(0.035,0.0824326168284159,0.00221862759008179));
#4613=CARTESIAN_POINT('',(0.035,0.0824452723613879,0.00220442859508391));
#4614=CARTESIAN_POINT('',(0.035,0.0824619783673163,0.00218503294151029));
#4615=CARTESIAN_POINT('',(0.035,0.0824816730571844,0.00216117340158015));
#4616=CARTESIAN_POINT('',(0.035,0.0825044555316553,0.00213243892892853));
#4617=CARTESIAN_POINT('',(0.035,0.0825300528504895,0.00209878683993304));
#4618=CARTESIAN_POINT('',(0.035,0.082558301359546,0.0020600683468696));
#4619=CARTESIAN_POINT('',(0.035,0.0825889997317067,0.0020161737544231));
#4620=CARTESIAN_POINT('',(0.035,0.0826219531216252,0.00196698916049123));
#4621=CARTESIAN_POINT('',(0.035,0.082656960307001,0.00191240938642528));
#4622=CARTESIAN_POINT('',(0.035,0.0826938176317491,0.00185233433397824));
#4623=CARTESIAN_POINT('',(0.035,0.0827323180621933,0.0017866701604062));
#4624=CARTESIAN_POINT('',(0.035,0.0827722516603384,0.00171532905406876));
#4625=CARTESIAN_POINT('',(0.035,0.0828134056545291,0.00163822940516086));
#4626=CARTESIAN_POINT('',(0.035,0.0828555646282354,0.00155529585786548));
#4627=CARTESIAN_POINT('',(0.035,0.0828985106781505,0.00146645939053699));
#4628=CARTESIAN_POINT('',(0.035,0.0829420235835919,0.001371657382495));
#4629=CARTESIAN_POINT('',(0.035,0.0829858809749065,0.00127083367891632));
#4630=CARTESIAN_POINT('',(0.035,0.0830298585050504,0.00116393865154164));
#4631=CARTESIAN_POINT('',(0.035,0.0830737300195909,0.0010509292521242));
#4632=CARTESIAN_POINT('',(0.035,0.0831172677395592,0.000931769073742962));
#4633=CARTESIAN_POINT('',(0.035,0.0831602424018159,0.000806428360516226));
#4634=CARTESIAN_POINT('',(0.035,0.0832024235695756,0.000674884195204818));
#4635=CARTESIAN_POINT('',(0.035,0.0832435792935729,0.000537119980574041));
#4636=CARTESIAN_POINT('',(0.035,0.0832834782758776,0.000393127615501289));
#4637=CARTESIAN_POINT('',(0.035,0.0833218824248868,0.000242899298108889));
#4638=CARTESIAN_POINT('',(0.035,0.0833585762862129,8.64591112361701E-5));
#4639=CARTESIAN_POINT('',(0.035,0.0833932551153233,-7.62579174195879E-5));
#4640=CARTESIAN_POINT('',(0.035,0.0834209264931932,-0.000219005577297503));
#4641=CARTESIAN_POINT('',(0.035,0.0834363910181955,-0.000308146031571796));
#4642=CARTESIAN_POINT('',(0.035,0.0834418247087703,-0.000340060303879619));
#4643=CARTESIAN_POINT('',(0.035,0.082038456604583,0.00260311306200584));
#4644=CARTESIAN_POINT('',(0.035,0.0825054867570092,0.0030846349397381));
#4645=CARTESIAN_POINT('',(0.035,0.0820016476387232,0.00352749679731312));
#4646=CARTESIAN_POINT('',(0.035,0.0723000000000045,0.0120549999999962));
#4647=CARTESIAN_POINT('',(0.035,0.0823826247006734,0.00398152757958835));
#4648=CARTESIAN_POINT('',(0.035,0.0829062492362544,0.00356224506415552));
#4649=CARTESIAN_POINT('',(0.035,0.0832993567798058,0.00410579537573031));
#4650=CARTESIAN_POINT('',(0.035,0.082769120768218,0.00448943405168894));
#4651=CARTESIAN_POINT('',(0.035,0.0832247953463736,0.00415968381350779));
#4652=CARTESIAN_POINT('',(0.035,0.0837190213994948,0.00380203568797118));
#4653=CARTESIAN_POINT('',(0.035,0.0837329831755481,0.00379322928420546));
#4654=CARTESIAN_POINT('',(0.035,0.0837464462580545,0.00378438853290968));
#4655=CARTESIAN_POINT('',(0.035,0.0837626271486514,0.00377439089552637));
#4656=CARTESIAN_POINT('',(0.035,0.0837846291061511,0.00376130671126399));
#4657=CARTESIAN_POINT('',(0.035,0.0838115461130628,0.00374605439361756));
#4658=CARTESIAN_POINT('',(0.035,0.0838438001796835,0.00372860772493796));
#4659=CARTESIAN_POINT('',(0.035,0.0838813859456,0.00370924291082249));
#4660=CARTESIAN_POINT('',(0.035,0.0839244215198733,0.00368814695585508));
#4661=CARTESIAN_POINT('',(0.035,0.083972979971213,0.00366553717693411));
#4662=CARTESIAN_POINT('',(0.035,0.0840271396367532,0.00364162523815992));
#4663=CARTESIAN_POINT('',(0.035,0.0840869691553567,0.00361662756889474));
#4664=CARTESIAN_POINT('',(0.035,0.0841525317400454,0.00359076211310816));
#4665=CARTESIAN_POINT('',(0.035,0.0842238838568603,0.00356424905479115));
#4666=CARTESIAN_POINT('',(0.035,0.0843010755280354,0.00353731039084042));
#4667=CARTESIAN_POINT('',(0.035,0.0843841501761294,0.00351016983182568));
#4668=CARTESIAN_POINT('',(0.035,0.0844731446054471,0.00348305260701598));
#4669=CARTESIAN_POINT('',(0.035,0.0845680889505281,0.00345618529476028));
#4670=CARTESIAN_POINT('',(0.035,0.0846690066397839,0.00342979564406121));
#4671=CARTESIAN_POINT('',(0.035,0.0847759143608346,0.00340411239745969));
#4672=CARTESIAN_POINT('',(0.035,0.0848888220305194,0.00337936511152089));
#4673=CARTESIAN_POINT('',(0.035,0.0850077327717804,0.00335578398013318));
#4674=CARTESIAN_POINT('',(0.035,0.0851326428850329,0.00333359964378621));
#4675=CARTESIAN_POINT('',(0.035,0.0852635418629734,0.00331304304965208));
#4676=CARTESIAN_POINT('',(0.035,0.0854004122597489,0.00329434511320022));
#4677=CARTESIAN_POINT('',(0.035,0.0855432301428776,0.00327773714194519));
#4678=CARTESIAN_POINT('',(0.035,0.0856919633259438,0.00326344832662715));
#4679=CARTESIAN_POINT('',(0.035,0.0858465781481241,0.00325171449648418));
#4680=CARTESIAN_POINT('',(0.035,0.0860070134791899,0.00324274365072663));
#4681=CARTESIAN_POINT('',(0.035,0.0861732803860358,0.00323684718645473));
#4682=CARTESIAN_POINT('',(0.035,0.0863186644725486,0.00323438406999594));
#4683=CARTESIAN_POINT('',(0.035,0.0864091360696101,0.00323463356331812));
#4684=CARTESIAN_POINT('',(0.035,0.0864415090428769,0.00323482427794042));
#4685=CARTESIAN_POINT('',(0.035,0.0864415090428769,0.00323482427794042));
#4686=CARTESIAN_POINT('',(0.035,0.0723,0.012055));
#4687=CARTESIAN_POINT('',(0.035,0.0870092507625848,0.00421818178205109));
#4688=CARTESIAN_POINT('',(0.035,0.0840865326893529,0.0067712584335915));
#4689=CARTESIAN_POINT('',(0.035,0.0845999420615996,0.00654150779214057));
#4690=CARTESIAN_POINT('',(0.035,0.0851567874504907,0.00629231953769382));
#4691=CARTESIAN_POINT('',(0.035,0.0851713949078945,0.00628463148683263));
#4692=CARTESIAN_POINT('',(0.035,0.0851857827643584,0.00627739249101664));
#4693=CARTESIAN_POINT('',(0.035,0.0852025314176086,0.00626837824739552));
#4694=CARTESIAN_POINT('',(0.035,0.0852248636323174,0.00625586608539907));
#4695=CARTESIAN_POINT('',(0.035,0.0852515310303217,0.00624018143244283));
#4696=CARTESIAN_POINT('',(0.035,0.08528276732192,0.00622097192571377));
#4697=CARTESIAN_POINT('',(0.035,0.0853183306258418,0.0061981041046671));
#4698=CARTESIAN_POINT('',(0.035,0.0853581180458974,0.00617138218156368));
#4699=CARTESIAN_POINT('',(0.035,0.0854019779144867,0.00614063421859557));
#4700=CARTESIAN_POINT('',(0.035,0.085449766093689,0.00610568654176442));
#4701=CARTESIAN_POINT('',(0.035,0.0855013294696098,0.00606637149339015));
#4702=CARTESIAN_POINT('',(0.035,0.0855565109037458,0.0060225253574053));
#4703=CARTESIAN_POINT('',(0.035,0.0856151479441878,0.00597398914078829));
#4704=CARTESIAN_POINT('',(0.035,0.0856770733471007,0.00592060852456538));
#4705=CARTESIAN_POINT('',(0.035,0.0857421150847273,0.00586223404841296));
#4706=CARTESIAN_POINT('',(0.035,0.0858100965049515,0.00579872122423338));
#4707=CARTESIAN_POINT('',(0.035,0.0858808364524369,0.00572993066557534));
#4708=CARTESIAN_POINT('',(0.035,0.0859541494049672,0.00565572820833816));
#4709=CARTESIAN_POINT('',(0.035,0.0860298456095011,0.00557598502934832));
#4710=CARTESIAN_POINT('',(0.035,0.0861077312226412,0.00549057776208856));
#4711=CARTESIAN_POINT('',(0.035,0.0861876084521035,0.00539938860506756));
#4712=CARTESIAN_POINT('',(0.035,0.0862692757075722,0.00530230544197484));
#4713=CARTESIAN_POINT('',(0.035,0.0863525277292779,0.00519922189881603));
#4714=CARTESIAN_POINT('',(0.035,0.0864371558156313,0.00509003762640828));
#4715=CARTESIAN_POINT('',(0.035,0.0865229476822079,0.00497465769713161));
#4716=CARTESIAN_POINT('',(0.035,0.0866096887507964,0.0048529953898696));
#4717=CARTESIAN_POINT('',(0.035,0.0866971579568741,0.00472496194113133));
#4718=CARTESIAN_POINT('',(0.035,0.0867851446027264,0.00459050629164258));
#4719=CARTESIAN_POINT('',(0.035,0.0868733845440014,0.00444946315864127));
#4720=CARTESIAN_POINT('',(0.035,0.0869482097086835,0.00432478840464462));
#4721=CARTESIAN_POINT('',(0.035,0.0869932294396592,0.00424631295660732));
#4722=CARTESIAN_POINT('',(0.035,0.0870092507625848,0.00421818178205109));
#4723=CARTESIAN_POINT('',(0.035,0.0846838915344012,0.00650387991553446));
#4724=CARTESIAN_POINT('',(0.035,0.0849580661406842,0.00711609619045667));
#4725=CARTESIAN_POINT('',(0.035,0.0843331445631663,0.00735992708259818));
#4726=CARTESIAN_POINT('',(0.035,0.0723000000000055,0.012054999999998));
#4727=CARTESIAN_POINT('',(0.035,0.0845358582237416,0.00791687828764388));
#4728=CARTESIAN_POINT('',(0.035,0.0851713074019117,0.00770197174057534));
#4729=CARTESIAN_POINT('',(0.035,0.0853548025042927,0.00834719265577589));
#4730=CARTESIAN_POINT('',(0.035,0.0847253314819921,0.00852634369194261));
#4731=CARTESIAN_POINT('',(0.035,0.0852663067442891,0.00837232971095203));
#4732=CARTESIAN_POINT('',(0.035,0.0858530501825634,0.00820528567207116));
#4733=CARTESIAN_POINT('',(0.035,0.0858691819279718,0.00820178556808365));
#4734=CARTESIAN_POINT('',(0.035,0.0858848568022815,0.00819808262473729));
#4735=CARTESIAN_POINT('',(0.035,0.0859034812591439,0.00819422210918399));
#4736=CARTESIAN_POINT('',(0.035,0.0859286313908258,0.00818945211044108));
#4737=CARTESIAN_POINT('',(0.035,0.085959141703462,0.00818432577866072));
#4738=CARTESIAN_POINT('',(0.035,0.0859954177239781,0.00817896281333364));
#4739=CARTESIAN_POINT('',(0.035,0.0860373599473557,0.00817362092945222));
#4740=CARTESIAN_POINT('',(0.035,0.0860850154004731,0.00816851624952197));
#4741=CARTESIAN_POINT('',(0.035,0.0861383784187009,0.0081638779755992));
#4742=CARTESIAN_POINT('',(0.035,0.08619745022148,0.00815993179975492));
#4743=CARTESIAN_POINT('',(0.035,0.0862622212850418,0.00815690457493748));
#4744=CARTESIAN_POINT('',(0.035,0.0863326764689687,0.00815502272161358));
#4745=CARTESIAN_POINT('',(0.035,0.0864087935266227,0.00815451245757825));
#4746=CARTESIAN_POINT('',(0.035,0.0864905435361176,0.0081555995002888));
#4747=CARTESIAN_POINT('',(0.035,0.08657789078779,0.00815850892030645));
#4748=CARTESIAN_POINT('',(0.035,0.0866707928334269,0.00816346495172701));
#4749=CARTESIAN_POINT('',(0.035,0.0867692004958734,0.00817069081517257));
#4750=CARTESIAN_POINT('',(0.035,0.0868730578958882,0.00818040853768889));
#4751=CARTESIAN_POINT('',(0.035,0.0869823024801483,0.00819283877445599));
#4752=CARTESIAN_POINT('',(0.035,0.087096865054465,0.008208200629843));
#4753=CARTESIAN_POINT('',(0.035,0.0872166698224971,0.00822671148345723));
#4754=CARTESIAN_POINT('',(0.035,0.087341634424079,0.00824858680113237));
#4755=CARTESIAN_POINT('',(0.035,0.0874716699969901,0.00827404000851242));
#4756=CARTESIAN_POINT('',(0.035,0.0876066811697493,0.00830328212832691));
#4757=CARTESIAN_POINT('',(0.035,0.0877465663413506,0.00833652233314948));
#4758=CARTESIAN_POINT('',(0.035,0.0878912168786069,0.00837396498342492));
#4759=CARTESIAN_POINT('',(0.035,0.0880405204923411,0.00841582017346839));
#4760=CARTESIAN_POINT('',(0.035,0.0881943485990087,0.00846226245083343));
#4761=CARTESIAN_POINT('',(0.035,0.0883526050940081,0.00851358821817817));
#4762=CARTESIAN_POINT('',(0.035,0.0884900638827282,0.00856099793192408));
#4763=CARTESIAN_POINT('',(0.035,0.0885749940431357,0.00859217548755175));
#4764=CARTESIAN_POINT('',(0.035,0.088605349458985,0.00860342690963158));
#4765=CARTESIAN_POINT('',(0.035,0.088605349458985,0.00860342690963158));
#4766=CARTESIAN_POINT('',(0.035,0.0723,0.012055));
#4767=CARTESIAN_POINT('',(0.035,0.0888025240890105,0.00972165980418529));
#4768=CARTESIAN_POINT('',(0.035,0.0851828638406757,0.0111211386396313));
#4769=CARTESIAN_POINT('',(0.035,0.0857438901865364,0.0110808400043196));
#4770=CARTESIAN_POINT('',(0.035,0.086352381091897,0.0110371319801483));
#4771=CARTESIAN_POINT('',(0.035,0.0863687370800852,0.0110349036201606));
#4772=CARTESIAN_POINT('',(0.035,0.0863847331250198,0.0110330221259404));
#4773=CARTESIAN_POINT('',(0.035,0.0864035547637824,0.0110302798845128));
#4774=CARTESIAN_POINT('',(0.035,0.0864288195925894,0.0110261603654901));
#4775=CARTESIAN_POINT('',(0.035,0.0864592432169617,0.0110205424001351));
#4776=CARTESIAN_POINT('',(0.035,0.086495165767922,0.0110131748093423));
#4777=CARTESIAN_POINT('',(0.035,0.0865364055976201,0.0110038494529558));
#4778=CARTESIAN_POINT('',(0.035,0.0865829329786161,0.0109923471581122));
#4779=CARTESIAN_POINT('',(0.035,0.0866346641961795,0.0109784544827481));
#4780=CARTESIAN_POINT('',(0.035,0.0866915232049753,0.0109619589286162));
#4781=CARTESIAN_POINT('',(0.035,0.0867534234673108,0.0109426505809959));
#4782=CARTESIAN_POINT('',(0.035,0.0868202733154865,0.0109203218525731));
#4783=CARTESIAN_POINT('',(0.035,0.0868919744734584,0.0108947677769533));
#4784=CARTESIAN_POINT('',(0.035,0.0869684225636263,0.0108657861409755));
#4785=CARTESIAN_POINT('',(0.035,0.0870495070512174,0.010833177660918));
#4786=CARTESIAN_POINT('',(0.035,0.0871351113553815,0.0107967461437997));
#4787=CARTESIAN_POINT('',(0.035,0.0872251129187599,0.0107562986504268));
#4788=CARTESIAN_POINT('',(0.035,0.08731938329432,0.0107116456554489));
#4789=CARTESIAN_POINT('',(0.035,0.0874177882326494,0.010662601205318));
#4790=CARTESIAN_POINT('',(0.035,0.0875201877743718,0.0106089830750818));
#4791=CARTESIAN_POINT('',(0.035,0.0876264363460204,0.0105506129186026));
#4792=CARTESIAN_POINT('',(0.035,0.0877363828606997,0.0104873164330622));
#4793=CARTESIAN_POINT('',(0.035,0.0878498708193678,0.0104189234566274));
#4794=CARTESIAN_POINT('',(0.035,0.0879667384281231,0.0103452683117639));
#4795=CARTESIAN_POINT('',(0.035,0.0880868186720167,0.0102661891901385));
#4796=CARTESIAN_POINT('',(0.035,0.0882099395738554,0.0101815312104875));
#4797=CARTESIAN_POINT('',(0.035,0.0883359237598406,0.0100911353538936));
#4798=CARTESIAN_POINT('',(0.035,0.0884645907021848,0.00999488157747121));
#4799=CARTESIAN_POINT('',(0.035,0.0885957487164237,0.00989252422353926));
#4800=CARTESIAN_POINT('',(0.035,0.0887087026487556,0.00980095999075927));
#4801=CARTESIAN_POINT('',(0.035,0.0887778475417285,0.00974261484616654));
#4802=CARTESIAN_POINT('',(0.035,0.0888025240890105,0.00972165980418529));
#4803=CARTESIAN_POINT('',(0.035,0.0858356463783968,0.0110741937770567));
#4804=CARTESIAN_POINT('',(0.035,0.0858838959346327,0.0117432621310633));
#4805=CARTESIAN_POINT('',(0.035,0.0852132666629917,0.0117586524536184));
#4806=CARTESIAN_POINT('',(0.035,0.0723000000000059,0.012055));
#4807=CARTESIAN_POINT('',(0.035,0.0852132666629917,0.0123513475463817));
#4808=CARTESIAN_POINT('',(0.035,0.0858838959346326,0.0123667378689367));
#4809=CARTESIAN_POINT('',(0.035,0.0858356463783968,0.0130358062229433));
#4810=CARTESIAN_POINT('',(0.035,0.0851828638406757,0.0129888613603687));
#4811=CARTESIAN_POINT('',(0.035,0.0857438901865364,0.0130291599956804));
#4812=CARTESIAN_POINT('',(0.035,0.086352381091897,0.0130728680198518));
#4813=CARTESIAN_POINT('',(0.035,0.0863687370800852,0.0130750963798394));
#4814=CARTESIAN_POINT('',(0.035,0.0863847331250198,0.0130769778740597));
#4815=CARTESIAN_POINT('',(0.035,0.0864035547637824,0.0130797201154872));
#4816=CARTESIAN_POINT('',(0.035,0.0864288195925894,0.0130838396345099));
#4817=CARTESIAN_POINT('',(0.035,0.0864592432169617,0.0130894575998649));
#4818=CARTESIAN_POINT('',(0.035,0.086495165767922,0.0130968251906577));
#4819=CARTESIAN_POINT('',(0.035,0.0865364055976201,0.0131061505470443));
#4820=CARTESIAN_POINT('',(0.035,0.0865829329786161,0.0131176528418878));
#4821=CARTESIAN_POINT('',(0.035,0.0866346641961795,0.013131545517252));
#4822=CARTESIAN_POINT('',(0.035,0.0866915232049753,0.0131480410713838));
#4823=CARTESIAN_POINT('',(0.035,0.0867534234673108,0.0131673494190041));
#4824=CARTESIAN_POINT('',(0.035,0.0868202733154865,0.013189678147427));
#4825=CARTESIAN_POINT('',(0.035,0.0868919744734584,0.0132152322230467));
#4826=CARTESIAN_POINT('',(0.035,0.0869684225636263,0.0132442138590246));
#4827=CARTESIAN_POINT('',(0.035,0.0870495070512174,0.013276822339082));
#4828=CARTESIAN_POINT('',(0.035,0.0871351113553815,0.0133132538562003));
#4829=CARTESIAN_POINT('',(0.035,0.0872251129187599,0.0133537013495732));
#4830=CARTESIAN_POINT('',(0.035,0.08731938329432,0.0133983543445511));
#4831=CARTESIAN_POINT('',(0.035,0.0874177882326494,0.013447398794682));
#4832=CARTESIAN_POINT('',(0.035,0.0875201877743718,0.0135010169249183));
#4833=CARTESIAN_POINT('',(0.035,0.0876264363460204,0.0135593870813975));
#4834=CARTESIAN_POINT('',(0.035,0.0877363828606997,0.0136226835669378));
#4835=CARTESIAN_POINT('',(0.035,0.0878498708193678,0.0136910765433727));
#4836=CARTESIAN_POINT('',(0.035,0.0879667384281231,0.0137647316882361));
#4837=CARTESIAN_POINT('',(0.035,0.0880868186720167,0.0138438108098615));
#4838=CARTESIAN_POINT('',(0.035,0.0882099395738554,0.0139284687895126));
#4839=CARTESIAN_POINT('',(0.035,0.0883359237598406,0.0140188646461064));
#4840=CARTESIAN_POINT('',(0.035,0.0884645907021848,0.0141151184225288));
#4841=CARTESIAN_POINT('',(0.035,0.0885957487164237,0.0142174757764608));
#4842=CARTESIAN_POINT('',(0.035,0.0887087026487556,0.0143090400092408));
#4843=CARTESIAN_POINT('',(0.035,0.0887778475417285,0.0143673851538335));
#4844=CARTESIAN_POINT('',(0.035,0.0888025240890106,0.0143883401958147));
#4845=CARTESIAN_POINT('',(0.035,0.0888025240890106,0.0143883401958147));
#4846=CARTESIAN_POINT('',(0.035,0.0723,0.012055));
#4847=CARTESIAN_POINT('',(0.035,0.088605349458985,0.0155065730903684));
#4848=CARTESIAN_POINT('',(0.035,0.0847253314819921,0.0155836563080574));
#4849=CARTESIAN_POINT('',(0.035,0.0852663067442891,0.015737670289048));
#4850=CARTESIAN_POINT('',(0.035,0.0858530501825634,0.0159047143279289));
#4851=CARTESIAN_POINT('',(0.035,0.0858691819279718,0.0159082144319164));
#4852=CARTESIAN_POINT('',(0.035,0.0858848568022815,0.0159119173752627));
#4853=CARTESIAN_POINT('',(0.035,0.0859034812591439,0.015915777890816));
#4854=CARTESIAN_POINT('',(0.035,0.0859286313908258,0.015920547889559));
#4855=CARTESIAN_POINT('',(0.035,0.085959141703462,0.0159256742213393));
#4856=CARTESIAN_POINT('',(0.035,0.0859954177239781,0.0159310371866664));
#4857=CARTESIAN_POINT('',(0.035,0.0860373599473557,0.0159363790705478));
#4858=CARTESIAN_POINT('',(0.035,0.0860850154004731,0.0159414837504781));
#4859=CARTESIAN_POINT('',(0.035,0.0861383784187009,0.0159461220244009));
#4860=CARTESIAN_POINT('',(0.035,0.08619745022148,0.0159500682002451));
#4861=CARTESIAN_POINT('',(0.035,0.0862622212850418,0.0159530954250626));
#4862=CARTESIAN_POINT('',(0.035,0.0863326764689687,0.0159549772783865));
#4863=CARTESIAN_POINT('',(0.035,0.0864087935266227,0.0159554875424218));
#4864=CARTESIAN_POINT('',(0.035,0.0864905435361176,0.0159544004997112));
#4865=CARTESIAN_POINT('',(0.035,0.08657789078779,0.0159514910796936));
#4866=CARTESIAN_POINT('',(0.035,0.0866707928334269,0.015946535048273));
#4867=CARTESIAN_POINT('',(0.035,0.0867692004958734,0.0159393091848275));
#4868=CARTESIAN_POINT('',(0.035,0.0868730578958882,0.0159295914623112));
#4869=CARTESIAN_POINT('',(0.035,0.0869823024801483,0.0159171612255441));
#4870=CARTESIAN_POINT('',(0.035,0.087096865054465,0.0159017993701571));
#4871=CARTESIAN_POINT('',(0.035,0.0872166698224971,0.0158832885165428));
#4872=CARTESIAN_POINT('',(0.035,0.087341634424079,0.0158614131988676));
#4873=CARTESIAN_POINT('',(0.035,0.0874716699969901,0.0158359599914876));
#4874=CARTESIAN_POINT('',(0.035,0.0876066811697493,0.0158067178716732));
#4875=CARTESIAN_POINT('',(0.035,0.0877465663413506,0.0157734776668506));
#4876=CARTESIAN_POINT('',(0.035,0.0878912168786069,0.0157360350165751));
#4877=CARTESIAN_POINT('',(0.035,0.0880405204923411,0.0156941798265317));
#4878=CARTESIAN_POINT('',(0.035,0.0881943485990087,0.0156477375491666));
#4879=CARTESIAN_POINT('',(0.035,0.0883526050940081,0.0155964117818218));
#4880=CARTESIAN_POINT('',(0.035,0.0884900638827282,0.015549002068076));
#4881=CARTESIAN_POINT('',(0.035,0.0885749940431357,0.0155178245124483));
#4882=CARTESIAN_POINT('',(0.035,0.088605349458985,0.0155065730903684));
#4883=CARTESIAN_POINT('',(0.035,0.0853548025042928,0.0157628073442241));
#4884=CARTESIAN_POINT('',(0.035,0.0851713074019118,0.0164080282594247));
#4885=CARTESIAN_POINT('',(0.035,0.0845358582237416,0.0161931217123562));
#4886=CARTESIAN_POINT('',(0.035,0.0723000000000055,0.012055000000002));
#4887=CARTESIAN_POINT('',(0.035,0.0843331445631663,0.0167500729174019));
#4888=CARTESIAN_POINT('',(0.035,0.0849580661406842,0.0169939038095434));
#4889=CARTESIAN_POINT('',(0.035,0.0846838915344012,0.0176061200844655));
#4890=CARTESIAN_POINT('',(0.035,0.0840865326893529,0.0173387415664085));
#4891=CARTESIAN_POINT('',(0.035,0.0845999420615996,0.0175684922078594));
#4892=CARTESIAN_POINT('',(0.035,0.0851567874504907,0.0178176804623062));
#4893=CARTESIAN_POINT('',(0.035,0.0851713949078945,0.0178253685131674));
#4894=CARTESIAN_POINT('',(0.035,0.0851857827643584,0.0178326075089834));
#4895=CARTESIAN_POINT('',(0.035,0.0852025314176086,0.0178416217526045));
#4896=CARTESIAN_POINT('',(0.035,0.0852248636323174,0.017854133914601));
#4897=CARTESIAN_POINT('',(0.035,0.0852515310303217,0.0178698185675572));
#4898=CARTESIAN_POINT('',(0.035,0.08528276732192,0.0178890280742862));
#4899=CARTESIAN_POINT('',(0.035,0.0853183306258418,0.017911895895333));
#4900=CARTESIAN_POINT('',(0.035,0.0853581180458974,0.0179386178184364));
#4901=CARTESIAN_POINT('',(0.035,0.0854019779144867,0.0179693657814044));
#4902=CARTESIAN_POINT('',(0.035,0.085449766093689,0.0180043134582356));
#4903=CARTESIAN_POINT('',(0.035,0.0855013294696098,0.0180436285066099));
#4904=CARTESIAN_POINT('',(0.035,0.0855565109037458,0.0180874746425948));
#4905=CARTESIAN_POINT('',(0.035,0.0856151479441878,0.0181360108592117));
#4906=CARTESIAN_POINT('',(0.035,0.0856770733471007,0.0181893914754346));
#4907=CARTESIAN_POINT('',(0.035,0.0857421150847273,0.0182477659515871));
#4908=CARTESIAN_POINT('',(0.035,0.0858100965049515,0.0183112787757667));
#4909=CARTESIAN_POINT('',(0.035,0.0858808364524369,0.0183800693344247));
#4910=CARTESIAN_POINT('',(0.035,0.0859541494049672,0.0184542717916619));
#4911=CARTESIAN_POINT('',(0.035,0.0860298456095011,0.0185340149706517));
#4912=CARTESIAN_POINT('',(0.035,0.0861077312226412,0.0186194222379115));
#4913=CARTESIAN_POINT('',(0.035,0.0861876084521035,0.0187106113949324));
#4914=CARTESIAN_POINT('',(0.035,0.0862692757075722,0.0188076945580252));
#4915=CARTESIAN_POINT('',(0.035,0.0863525277292779,0.018910778101184));
#4916=CARTESIAN_POINT('',(0.035,0.0864371558156314,0.0190199623735917));
#4917=CARTESIAN_POINT('',(0.035,0.0865229476822079,0.0191353423028684));
#4918=CARTESIAN_POINT('',(0.035,0.0866096887507964,0.0192570046101305));
#4919=CARTESIAN_POINT('',(0.035,0.0866971579568741,0.0193850380588687));
#4920=CARTESIAN_POINT('',(0.035,0.0867851446027264,0.0195194937083575));
#4921=CARTESIAN_POINT('',(0.035,0.0868733845440014,0.0196605368413587));
#4922=CARTESIAN_POINT('',(0.035,0.0869482097086835,0.0197852115953554));
#4923=CARTESIAN_POINT('',(0.035,0.0869932294396592,0.0198636870433927));
#4924=CARTESIAN_POINT('',(0.035,0.0870092507625848,0.0198918182179489));
#4925=CARTESIAN_POINT('',(0.035,0.0870092507625848,0.0198918182179489));
#4926=CARTESIAN_POINT('',(0.035,0.0723,0.012055));
#4927=CARTESIAN_POINT('',(0.035,0.0864415090428769,0.0208751757220596));
#4928=CARTESIAN_POINT('',(0.035,0.082769120768218,0.0196205659483111));
#4929=CARTESIAN_POINT('',(0.035,0.0832247953463736,0.0199503161864923));
#4930=CARTESIAN_POINT('',(0.035,0.0837190213994948,0.0203079643120288));
#4931=CARTESIAN_POINT('',(0.035,0.083732983175548,0.0203167707157946));
#4932=CARTESIAN_POINT('',(0.035,0.0837464462580545,0.0203256114670903));
#4933=CARTESIAN_POINT('',(0.035,0.0837626271486514,0.0203356091044736));
#4934=CARTESIAN_POINT('',(0.035,0.083784629106151,0.020348693288736));
#4935=CARTESIAN_POINT('',(0.035,0.0838115461130628,0.0203639456063825));
#4936=CARTESIAN_POINT('',(0.035,0.0838438001796835,0.0203813922750621));
#4937=CARTESIAN_POINT('',(0.035,0.0838813859456,0.0204007570891776));
#4938=CARTESIAN_POINT('',(0.035,0.0839244215198733,0.0204218530441449));
#4939=CARTESIAN_POINT('',(0.035,0.083972979971213,0.0204444628230659));
#4940=CARTESIAN_POINT('',(0.035,0.0840271396367532,0.0204683747618401));
#4941=CARTESIAN_POINT('',(0.035,0.0840869691553567,0.0204933724311053));
#4942=CARTESIAN_POINT('',(0.035,0.0841525317400453,0.0205192378868919));
#4943=CARTESIAN_POINT('',(0.035,0.0842238838568603,0.0205457509452089));
#4944=CARTESIAN_POINT('',(0.035,0.0843010755280354,0.0205726896091596));
#4945=CARTESIAN_POINT('',(0.035,0.0843841501761294,0.0205998301681744));
#4946=CARTESIAN_POINT('',(0.035,0.0844731446054471,0.0206269473929841));
#4947=CARTESIAN_POINT('',(0.035,0.0845680889505281,0.0206538147052397));
#4948=CARTESIAN_POINT('',(0.035,0.0846690066397839,0.0206802043559388));
#4949=CARTESIAN_POINT('',(0.035,0.0847759143608346,0.0207058876025404));
#4950=CARTESIAN_POINT('',(0.035,0.0848888220305194,0.0207306348884792));
#4951=CARTESIAN_POINT('',(0.035,0.0850077327717804,0.0207542160198669));
#4952=CARTESIAN_POINT('',(0.035,0.0851326428850329,0.0207764003562139));
#4953=CARTESIAN_POINT('',(0.035,0.0852635418629733,0.020796956950348));
#4954=CARTESIAN_POINT('',(0.035,0.0854004122597489,0.0208156548867998));
#4955=CARTESIAN_POINT('',(0.035,0.0855432301428776,0.0208322628580549));
#4956=CARTESIAN_POINT('',(0.035,0.0856919633259438,0.0208465516733729));
#4957=CARTESIAN_POINT('',(0.035,0.0858465781481241,0.0208582855035159));
#4958=CARTESIAN_POINT('',(0.035,0.0860070134791899,0.0208672563492734));
#4959=CARTESIAN_POINT('',(0.035,0.0861732803860358,0.0208731528135453));
#4960=CARTESIAN_POINT('',(0.035,0.0863186644725486,0.0208756159300041));
#4961=CARTESIAN_POINT('',(0.035,0.0864091360696101,0.0208753664366819));
#4962=CARTESIAN_POINT('',(0.035,0.0864415090428769,0.0208751757220596));
#4963=CARTESIAN_POINT('',(0.035,0.0832993567798058,0.0200042046242698));
#4964=CARTESIAN_POINT('',(0.035,0.0829062492362544,0.0205477549358445));
#4965=CARTESIAN_POINT('',(0.035,0.0823826247006735,0.0201284724204117));
#4966=CARTESIAN_POINT('',(0.035,0.0723000000000045,0.0120550000000038));
#4967=CARTESIAN_POINT('',(0.035,0.0820016476387232,0.0205825032026869));
#4968=CARTESIAN_POINT('',(0.035,0.0825054867570092,0.0210253650602619));
#4969=CARTESIAN_POINT('',(0.035,0.082038456604583,0.0215068869379942));
#4970=CARTESIAN_POINT('',(0.035,0.081568571744998,0.021051324559819));
#4971=CARTESIAN_POINT('',(0.035,0.0819724393962223,0.0214428158892918));
#4972=CARTESIAN_POINT('',(0.035,0.082410475496581,0.0218674285929008));
#4973=CARTESIAN_POINT('',(0.035,0.0824215725482543,0.0218796490422382));
#4974=CARTESIAN_POINT('',(0.035,0.0824326168284159,0.0218913724099183));
#4975=CARTESIAN_POINT('',(0.035,0.0824452723613879,0.0219055714049162));
#4976=CARTESIAN_POINT('',(0.035,0.0824619783673163,0.0219249670584898));
#4977=CARTESIAN_POINT('',(0.035,0.0824816730571844,0.0219488265984199));
#4978=CARTESIAN_POINT('',(0.035,0.0825044555316553,0.0219775610710715));
#4979=CARTESIAN_POINT('',(0.035,0.0825300528504895,0.022011213160067));
#4980=CARTESIAN_POINT('',(0.035,0.082558301359546,0.0220499316531305));
#4981=CARTESIAN_POINT('',(0.035,0.0825889997317067,0.0220938262455769));
#4982=CARTESIAN_POINT('',(0.035,0.0826219531216252,0.0221430108395088));
#4983=CARTESIAN_POINT('',(0.035,0.082656960307001,0.0221975906135747));
#4984=CARTESIAN_POINT('',(0.035,0.0826938176317491,0.0222576656660218));
#4985=CARTESIAN_POINT('',(0.035,0.0827323180621933,0.0223233298395938));
#4986=CARTESIAN_POINT('',(0.035,0.0827722516603384,0.0223946709459313));
#4987=CARTESIAN_POINT('',(0.035,0.0828134056545291,0.0224717705948392));
#4988=CARTESIAN_POINT('',(0.035,0.0828555646282354,0.0225547041421345));
#4989=CARTESIAN_POINT('',(0.035,0.0828985106781505,0.022643540609463));
#4990=CARTESIAN_POINT('',(0.035,0.0829420235835919,0.022738342617505));
#4991=CARTESIAN_POINT('',(0.035,0.0829858809749065,0.0228391663210837));
#4992=CARTESIAN_POINT('',(0.035,0.0830298585050505,0.0229460613484584));
#4993=CARTESIAN_POINT('',(0.035,0.0830737300195909,0.0230590707478758));
#4994=CARTESIAN_POINT('',(0.035,0.0831172677395592,0.0231782309262571));
#4995=CARTESIAN_POINT('',(0.035,0.0831602424018159,0.0233035716394838));
#4996=CARTESIAN_POINT('',(0.035,0.0832024235695756,0.0234351158047953));
#4997=CARTESIAN_POINT('',(0.035,0.083243579293573,0.023572880019426));
#4998=CARTESIAN_POINT('',(0.035,0.0832834782758776,0.0237168723844987));
#4999=CARTESIAN_POINT('',(0.035,0.0833218824248868,0.0238671007018912));
#5000=CARTESIAN_POINT('',(0.035,0.0833585762862129,0.0240235408887639));
#5001=CARTESIAN_POINT('',(0.035,0.0833932551153233,0.0241862579174196));
#5002=CARTESIAN_POINT('',(0.035,0.0834209264931932,0.0243290055772976));
#5003=CARTESIAN_POINT('',(0.035,0.0834363910181955,0.0244181460315719));
#5004=CARTESIAN_POINT('',(0.035,0.0834418247087703,0.0244500603038796));
#5005=CARTESIAN_POINT('',(0.035,0.0834418247087703,0.0244500603038796));
#5006=CARTESIAN_POINT('',(0.035,0.0723,0.012055));
#5007=CARTESIAN_POINT('',(0.035,0.0825719939297522,0.0251799349897405));
#5008=CARTESIAN_POINT('',(0.035,0.0795501795820298,0.0227449566793368));
#5009=CARTESIAN_POINT('',(0.035,0.079865592396878,0.0232106704293886));
#5010=CARTESIAN_POINT('',(0.035,0.0802076901088399,0.023715784999317));
#5011=CARTESIAN_POINT('',(0.035,0.0802177979192921,0.0237288355205982));
#5012=CARTESIAN_POINT('',(0.035,0.0802274253635512,0.0237417477547615));
#5013=CARTESIAN_POINT('',(0.035,0.0802392110336721,0.023756676651357));
#5014=CARTESIAN_POINT('',(0.035,0.0802554110562006,0.0237764968754148));
#5015=CARTESIAN_POINT('',(0.035,0.0802754881691017,0.0238000355243189));
#5016=CARTESIAN_POINT('',(0.035,0.0802998299653732,0.0238274615706229));
#5017=CARTESIAN_POINT('',(0.035,0.0803285258757523,0.0238585136325958));
#5018=CARTESIAN_POINT('',(0.035,0.0803617508457866,0.0238930563790882));
#5019=CARTESIAN_POINT('',(0.035,0.0803996478643602,0.0239309105899847));
#5020=CARTESIAN_POINT('',(0.035,0.0804423629376858,0.02397190415897));
#5021=CARTESIAN_POINT('',(0.035,0.0804900345883978,0.0240158571848432));
#5022=CARTESIAN_POINT('',(0.035,0.0805427967585341,0.0240625864873911));
#5023=CARTESIAN_POINT('',(0.035,0.0806007778161769,0.0241119044738657));
#5024=CARTESIAN_POINT('',(0.035,0.0806641006942609,0.0241636196440329));
#5025=CARTESIAN_POINT('',(0.035,0.080732882710165,0.0242175366301109));
#5026=CARTESIAN_POINT('',(0.035,0.0808072354815699,0.0242734563736312));
#5027=CARTESIAN_POINT('',(0.035,0.0808872648200395,0.0243311762672109));
#5028=CARTESIAN_POINT('',(0.035,0.0809730706358255,0.0243904903097812));
#5029=CARTESIAN_POINT('',(0.035,0.0810647468447181,0.0244511892611669));
#5030=CARTESIAN_POINT('',(0.035,0.0811623812784674,0.0245130608005163));
#5031=CARTESIAN_POINT('',(0.035,0.0812660556026255,0.0245758896844401));
#5032=CARTESIAN_POINT('',(0.035,0.0813758452244134,0.0246394579164398));
#5033=CARTESIAN_POINT('',(0.035,0.0814918192587804,0.0247035448834525));
#5034=CARTESIAN_POINT('',(0.035,0.0816140402897293,0.0247679276290825));
#5035=CARTESIAN_POINT('',(0.035,0.0817425649399126,0.0248323806099742));
#5036=CARTESIAN_POINT('',(0.035,0.0818774413518429,0.0248966774488779));
#5037=CARTESIAN_POINT('',(0.035,0.0820187185530426,0.0249605850261192));
#5038=CARTESIAN_POINT('',(0.035,0.0821664102398067,0.0250238869786054));
#5039=CARTESIAN_POINT('',(0.035,0.0823206333156953,0.0250862944738802));
#5040=CARTESIAN_POINT('',(0.035,0.0824564072335268,0.025138333332347));
#5041=CARTESIAN_POINT('',(0.035,0.082541508057418,0.0251690419939071));
#5042=CARTESIAN_POINT('',(0.035,0.0825719939297522,0.0251799349897405));
#5043=CARTESIAN_POINT('',(0.035,0.0799172262944572,0.0232868105088629));
#5044=CARTESIAN_POINT('',(0.035,0.0793619208811371,0.0236631300272877));
#5045=CARTESIAN_POINT('',(0.035,0.0790132778350115,0.0230900432028027));
#5046=CARTESIAN_POINT('',(0.035,0.072300000000003,0.0120550000000051));
#5047=CARTESIAN_POINT('',(0.035,0.0784999888279801,0.0233863907491843));
#5048=CARTESIAN_POINT('',(0.035,0.0788219750534955,0.0239748678962244));
#5049=CARTESIAN_POINT('',(0.035,0.0782184200839396,0.0242676167318061));
#5050=CARTESIAN_POINT('',(0.035,0.0779326842586458,0.0236788180397055));
#5051=CARTESIAN_POINT('',(0.035,0.0781782977896584,0.0241848304250691));
#5052=CARTESIAN_POINT('',(0.035,0.0784446909830571,0.0247336530191688));
#5053=CARTESIAN_POINT('',(0.035,0.0784509391607931,0.0247489319004376));
#5054=CARTESIAN_POINT('',(0.035,0.0784573077614686,0.0247637256288212));
#5055=CARTESIAN_POINT('',(0.035,0.0784643437301103,0.0247813967668442));
#5056=CARTESIAN_POINT('',(0.035,0.0784734085363889,0.0248053365099247));
#5057=CARTESIAN_POINT('',(0.035,0.07848375504786,0.0248344931241838));
#5058=CARTESIAN_POINT('',(0.035,0.0784953358025489,0.0248692867612806));
#5059=CARTESIAN_POINT('',(0.035,0.0785078797218678,0.0249096641796401));
#5060=CARTESIAN_POINT('',(0.035,0.0785211821328295,0.024955709220976));
#5061=CARTESIAN_POINT('',(0.035,0.0785350163318193,0.0250074561072366));
#5062=CARTESIAN_POINT('',(0.035,0.0785491602672896,0.0250649452303538));
#5063=CARTESIAN_POINT('',(0.035,0.078563388878913,0.0251282066038474));
#5064=CARTESIAN_POINT('',(0.035,0.0785774765569525,0.0251972646348181));
#5065=CARTESIAN_POINT('',(0.035,0.0785911966572815,0.0252721366969124));
#5066=CARTESIAN_POINT('',(0.035,0.0786043218693654,0.0253528335030575));
#5067=CARTESIAN_POINT('',(0.035,0.0786166243410523,0.025439358969193));
#5068=CARTESIAN_POINT('',(0.035,0.0786278758738116,0.0255317102298315));
#5069=CARTESIAN_POINT('',(0.035,0.0786378480987205,0.025629877616784));
#5070=CARTESIAN_POINT('',(0.035,0.0786463126584946,0.0257338446543324));
#5071=CARTESIAN_POINT('',(0.035,0.0786530413879313,0.0258435880558489));
#5072=CARTESIAN_POINT('',(0.035,0.0786578064959045,0.0259590777254345));
#5073=CARTESIAN_POINT('',(0.035,0.0786603807433949,0.0260802767658375));
#5074=CARTESIAN_POINT('',(0.035,0.0786605376362864,0.0262071414833776));
#5075=CARTESIAN_POINT('',(0.035,0.0786580515605873,0.0263396214268252));
#5076=CARTESIAN_POINT('',(0.035,0.0786526981383938,0.0264776593173186));
#5077=CARTESIAN_POINT('',(0.035,0.078644253732104,0.0266211914198357));
#5078=CARTESIAN_POINT('',(0.035,0.0786324982220126,0.0267701462383905));
#5079=CARTESIAN_POINT('',(0.035,0.078617205206798,0.0269244496722256));
#5080=CARTESIAN_POINT('',(0.035,0.0785981804623781,0.0270840054011342));
#5081=CARTESIAN_POINT('',(0.035,0.0785751154007283,0.027248770250341));
#5082=CARTESIAN_POINT('',(0.035,0.0785522954152288,0.0273923733415878));
#5083=CARTESIAN_POINT('',(0.035,0.0785363394843105,0.0274814271477406));
#5084=CARTESIAN_POINT('',(0.035,0.0785305301592584,0.0275132751855552));
#5085=CARTESIAN_POINT('',(0.035,0.0785305301592584,0.0275132751855552));
#5086=CARTESIAN_POINT('',(0.035,0.0723,0.012055));
#5087=CARTESIAN_POINT('',(0.035,0.0774635247502147,0.0279016333942481));
#5088=CARTESIAN_POINT('',(0.035,0.0754567597369941,0.0245799808678765));
#5089=CARTESIAN_POINT('',(0.035,0.0755938673480668,0.0251254861783398));
#5090=CARTESIAN_POINT('',(0.035,0.0757425746859824,0.0257171429208297));
#5091=CARTESIAN_POINT('',(0.035,0.0757476093797175,0.0257328634741545));
#5092=CARTESIAN_POINT('',(0.035,0.0757522399738656,0.0257482897851809));
#5093=CARTESIAN_POINT('',(0.035,0.075758208897756,0.0257663492957322));
#5094=CARTESIAN_POINT('',(0.035,0.0757666530235095,0.0257905149480487));
#5095=CARTESIAN_POINT('',(0.035,0.0757774686462776,0.0258195008197592));
#5096=CARTESIAN_POINT('',(0.035,0.0757909621923228,0.0258535982577379));
#5097=CARTESIAN_POINT('',(0.035,0.0758073070968662,0.0258925922306148));
#5098=CARTESIAN_POINT('',(0.035,0.0758267140409272,0.0259364154036085));
#5099=CARTESIAN_POINT('',(0.035,0.0758493786869942,0.0259849482699777));
#5100=CARTESIAN_POINT('',(0.035,0.0758754970998548,0.0260380790397539));
#5101=CARTESIAN_POINT('',(0.035,0.0759052609780408,0.0260956860386373));
#5102=CARTESIAN_POINT('',(0.035,0.0759388588372196,0.0261576429444082));
#5103=CARTESIAN_POINT('',(0.035,0.0759764754644294,0.0262238173820156));
#5104=CARTESIAN_POINT('',(0.035,0.0760182918757791,0.0262940714456425));
#5105=CARTESIAN_POINT('',(0.035,0.0760644851332609,0.0263682616745328));
#5106=CARTESIAN_POINT('',(0.035,0.0761152282051915,0.0264462391904076));
#5107=CARTESIAN_POINT('',(0.035,0.0761706898177229,0.0265278497942905));
#5108=CARTESIAN_POINT('',(0.035,0.0762310343122964,0.0266129340798162));
#5109=CARTESIAN_POINT('',(0.035,0.0762964215052418,0.0267013275466278));
#5110=CARTESIAN_POINT('',(0.035,0.0763670065494145,0.0267928607186155));
#5111=CARTESIAN_POINT('',(0.035,0.0764429398029063,0.0268873592644186));
#5112=CARTESIAN_POINT('',(0.035,0.0765243666845197,0.0269846441251247));
#5113=CARTESIAN_POINT('',(0.035,0.0766114275951742,0.0270845316309714));
#5114=CARTESIAN_POINT('',(0.035,0.0767042576001736,0.0271868336764684));
#5115=CARTESIAN_POINT('',(0.035,0.0768029870477776,0.0272913576862765));
#5116=CARTESIAN_POINT('',(0.035,0.0769077386027293,0.0273979074010739));
#5117=CARTESIAN_POINT('',(0.035,0.0770186380674543,0.0275062805284228));
#5118=CARTESIAN_POINT('',(0.035,0.0771357723127959,0.0276162784379304));
#5119=CARTESIAN_POINT('',(0.035,0.0772593499786848,0.0277276696992415));
#5120=CARTESIAN_POINT('',(0.035,0.077369137389535,0.0278230076453735));
#5121=CARTESIAN_POINT('',(0.035,0.0774386030249402,0.0278809705440201));
#5122=CARTESIAN_POINT('',(0.035,0.0774635247502147,0.0279016333942481));
#5123=CARTESIAN_POINT('',(0.035,0.0756163458997098,0.0252146942822183));
#5124=CARTESIAN_POINT('',(0.035,0.0749658206449025,0.0253783933196867));
#5125=CARTESIAN_POINT('',(0.035,0.0748342105850184,0.0247206249150431));
#5126=CARTESIAN_POINT('',(0.035,0.072300000000001,0.0120550000000058));
#5127=CARTESIAN_POINT('',(0.035,0.0742505198624928,0.0248235453378135));
#5128=CARTESIAN_POINT('',(0.035,0.0743518169044298,0.0254866587453879));
#5129=CARTESIAN_POINT('',(0.035,0.0736845347545954,0.0255553247087352));
#5130=CARTESIAN_POINT('',(0.035,0.0736174119211349,0.0249043075147196));
#5131=CARTESIAN_POINT('',(0.035,0.0736751467152259,0.0254638083943517));
#5132=CARTESIAN_POINT('',(0.035,0.073737766050996,0.026070644774335));
#5133=CARTESIAN_POINT('',(0.035,0.0737384117323464,0.026087139228962));
#5134=CARTESIAN_POINT('',(0.035,0.0737393365063039,0.0261032189760738));
#5135=CARTESIAN_POINT('',(0.035,0.0737399042689572,0.0261222308570782));
#5136=CARTESIAN_POINT('',(0.035,0.0737402345261664,0.026147827203337));
#5137=CARTESIAN_POINT('',(0.035,0.0737399849172589,0.0261787641739397));
#5138=CARTESIAN_POINT('',(0.035,0.0737389671422365,0.0262154203493483));
#5139=CARTESIAN_POINT('',(0.035,0.0737369446802418,0.0262576529845105));
#5140=CARTESIAN_POINT('',(0.035,0.073733696526024,0.0263054708625813));
#5141=CARTESIAN_POINT('',(0.035,0.0737289979432737,0.0263588286044704));
#5142=CARTESIAN_POINT('',(0.035,0.0737226264569358,0.0264176882200757));
#5143=CARTESIAN_POINT('',(0.035,0.0737143603142531,0.0264820009377152));
#5144=CARTESIAN_POINT('',(0.035,0.0737039791637004,0.0265517125294866));
#5145=CARTESIAN_POINT('',(0.035,0.0736912640873275,0.0266267618044206));
#5146=CARTESIAN_POINT('',(0.035,0.0736759978190652,0.0267070810845942));
#5147=CARTESIAN_POINT('',(0.035,0.073657964908598,0.0267925961197614));
#5148=CARTESIAN_POINT('',(0.035,0.0736369518995044,0.0268832261687507));
#5149=CARTESIAN_POINT('',(0.035,0.0736127475019087,0.0269788840396645));
#5150=CARTESIAN_POINT('',(0.035,0.0735851427651833,0.0270794761476007));
#5151=CARTESIAN_POINT('',(0.035,0.0735539312486665,0.027184902573192));
#5152=CARTESIAN_POINT('',(0.035,0.0735189091921218,0.0272950571263906));
#5153=CARTESIAN_POINT('',(0.035,0.073479875680323,0.0274098274147993));
#5154=CARTESIAN_POINT('',(0.035,0.0734366328225394,0.027529094914239));
#5155=CARTESIAN_POINT('',(0.035,0.0733889858663046,0.027652735051532));
#5156=CARTESIAN_POINT('',(0.035,0.0733367435558825,0.0277806172603915));
#5157=CARTESIAN_POINT('',(0.035,0.0732797175393303,0.0279126051609233));
#5158=CARTESIAN_POINT('',(0.035,0.0732177254248526,0.0280485562835033));
#5159=CARTESIAN_POINT('',(0.035,0.07315057980875,0.0281883235623845));
#5160=CARTESIAN_POINT('',(0.035,0.0730781311235366,0.0283317500576309));
#5161=CARTESIAN_POINT('',(0.035,0.0730001041579655,0.028478689654904));
#5162=CARTESIAN_POINT('',(0.035,0.0729295452361349,0.0286058275253595));
#5163=CARTESIAN_POINT('',(0.035,0.0728840933700491,0.0286840534800746));
#5164=CARTESIAN_POINT('',(0.035,0.0728677417197079,0.0287119939400085));
#5165=CARTESIAN_POINT('',(0.035,0.0728677417197079,0.0287119939400085));
#5166=CARTESIAN_POINT('',(0.035,0.0723,0.012055));
#5167=CARTESIAN_POINT('',(0.035,0.0717322582802921,0.0287119939400085));
#5168=CARTESIAN_POINT('',(0.035,0.0709825880788651,0.0249043075147196));
#5169=CARTESIAN_POINT('',(0.035,0.0709248532847741,0.0254638083943517));
#5170=CARTESIAN_POINT('',(0.035,0.0708622339490041,0.026070644774335));
#5171=CARTESIAN_POINT('',(0.035,0.0708615882676536,0.026087139228962));
#5172=CARTESIAN_POINT('',(0.035,0.0708606634936961,0.0261032189760738));
#5173=CARTESIAN_POINT('',(0.035,0.0708600957310428,0.0261222308570782));
#5174=CARTESIAN_POINT('',(0.035,0.0708597654738336,0.026147827203337));
#5175=CARTESIAN_POINT('',(0.035,0.0708600150827411,0.0261787641739397));
#5176=CARTESIAN_POINT('',(0.035,0.0708610328577635,0.0262154203493483));
#5177=CARTESIAN_POINT('',(0.035,0.0708630553197582,0.0262576529845105));
#5178=CARTESIAN_POINT('',(0.035,0.070866303473976,0.0263054708625813));
#5179=CARTESIAN_POINT('',(0.035,0.0708710020567263,0.0263588286044703));
#5180=CARTESIAN_POINT('',(0.035,0.0708773735430642,0.0264176882200757));
#5181=CARTESIAN_POINT('',(0.035,0.0708856396857469,0.0264820009377152));
#5182=CARTESIAN_POINT('',(0.035,0.0708960208362996,0.0265517125294866));
#5183=CARTESIAN_POINT('',(0.035,0.0709087359126725,0.0266267618044206));
#5184=CARTESIAN_POINT('',(0.035,0.0709240021809348,0.0267070810845942));
#5185=CARTESIAN_POINT('',(0.035,0.0709420350914021,0.0267925961197614));
#5186=CARTESIAN_POINT('',(0.035,0.0709630481004956,0.0268832261687507));
#5187=CARTESIAN_POINT('',(0.035,0.0709872524980913,0.0269788840396645));
#5188=CARTESIAN_POINT('',(0.035,0.0710148572348168,0.0270794761476006));
#5189=CARTESIAN_POINT('',(0.035,0.0710460687513335,0.027184902573192));
#5190=CARTESIAN_POINT('',(0.035,0.0710810908078782,0.0272950571263906));
#5191=CARTESIAN_POINT('',(0.035,0.071120124319677,0.0274098274147993));
#5192=CARTESIAN_POINT('',(0.035,0.0711633671774606,0.027529094914239));
#5193=CARTESIAN_POINT('',(0.035,0.0712110141336954,0.027652735051532));
#5194=CARTESIAN_POINT('',(0.035,0.0712632564441175,0.0277806172603915));
#5195=CARTESIAN_POINT('',(0.035,0.0713202824606697,0.0279126051609233));
#5196=CARTESIAN_POINT('',(0.035,0.0713822745751474,0.0280485562835033));
#5197=CARTESIAN_POINT('',(0.035,0.07144942019125,0.0281883235623845));
#5198=CARTESIAN_POINT('',(0.035,0.0715218688764635,0.0283317500576309));
#5199=CARTESIAN_POINT('',(0.035,0.0715998958420345,0.028478689654904));
#5200=CARTESIAN_POINT('',(0.035,0.0716704547638651,0.0286058275253595));
#5201=CARTESIAN_POINT('',(0.035,0.0717159066299509,0.0286840534800746));
#5202=CARTESIAN_POINT('',(0.035,0.0717322582802921,0.0287119939400085));
#5203=CARTESIAN_POINT('',(0.035,0.0709154652454046,0.0255553247087353));
#5204=CARTESIAN_POINT('',(0.035,0.0702481830955702,0.0254866587453879));
#5205=CARTESIAN_POINT('',(0.035,0.0703494801375072,0.0248235453378136));
#5206=CARTESIAN_POINT('',(0.035,0.072299999999999,0.0120550000000058));
#5207=CARTESIAN_POINT('',(0.035,0.0697657894149816,0.0247206249150431));
#5208=CARTESIAN_POINT('',(0.035,0.0696341793550975,0.0253783933196866));
#5209=CARTESIAN_POINT('',(0.035,0.0689836541002903,0.0252146942822183));
#5210=CARTESIAN_POINT('',(0.035,0.0691432402630059,0.0245799808678765));
#5211=CARTESIAN_POINT('',(0.035,0.0690061326519332,0.0251254861783398));
#5212=CARTESIAN_POINT('',(0.035,0.0688574253140177,0.0257171429208297));
#5213=CARTESIAN_POINT('',(0.035,0.0688523906202825,0.0257328634741545));
#5214=CARTESIAN_POINT('',(0.035,0.0688477600261344,0.0257482897851809));
#5215=CARTESIAN_POINT('',(0.035,0.0688417911022441,0.0257663492957322));
#5216=CARTESIAN_POINT('',(0.035,0.0688333469764905,0.0257905149480487));
#5217=CARTESIAN_POINT('',(0.035,0.0688225313537224,0.0258195008197592));
#5218=CARTESIAN_POINT('',(0.035,0.0688090378076772,0.0258535982577379));
#5219=CARTESIAN_POINT('',(0.035,0.0687926929031338,0.0258925922306148));
#5220=CARTESIAN_POINT('',(0.035,0.0687732859590729,0.0259364154036085));
#5221=CARTESIAN_POINT('',(0.035,0.0687506213130058,0.0259849482699777));
#5222=CARTESIAN_POINT('',(0.035,0.0687245029001452,0.0260380790397539));
#5223=CARTESIAN_POINT('',(0.035,0.0686947390219592,0.0260956860386373));
#5224=CARTESIAN_POINT('',(0.035,0.0686611411627804,0.0261576429444083));
#5225=CARTESIAN_POINT('',(0.035,0.0686235245355706,0.0262238173820156));
#5226=CARTESIAN_POINT('',(0.035,0.0685817081242209,0.0262940714456425));
#5227=CARTESIAN_POINT('',(0.035,0.0685355148667391,0.0263682616745328));
#5228=CARTESIAN_POINT('',(0.035,0.0684847717948085,0.0264462391904076));
#5229=CARTESIAN_POINT('',(0.035,0.0684293101822771,0.0265278497942905));
#5230=CARTESIAN_POINT('',(0.035,0.0683689656877036,0.0266129340798162));
#5231=CARTESIAN_POINT('',(0.035,0.0683035784947582,0.0267013275466278));
#5232=CARTESIAN_POINT('',(0.035,0.0682329934505855,0.0267928607186155));
#5233=CARTESIAN_POINT('',(0.035,0.0681570601970938,0.0268873592644186));
#5234=CARTESIAN_POINT('',(0.035,0.0680756333154803,0.0269846441251247));
#5235=CARTESIAN_POINT('',(0.035,0.0679885724048258,0.0270845316309714));
#5236=CARTESIAN_POINT('',(0.035,0.0678957423998264,0.0271868336764684));
#5237=CARTESIAN_POINT('',(0.035,0.0677970129522224,0.0272913576862765));
#5238=CARTESIAN_POINT('',(0.035,0.0676922613972707,0.0273979074010739));
#5239=CARTESIAN_POINT('',(0.035,0.0675813619325457,0.0275062805284228));
#5240=CARTESIAN_POINT('',(0.035,0.0674642276872042,0.0276162784379304));
#5241=CARTESIAN_POINT('',(0.035,0.0673406500213152,0.0277276696992415));
#5242=CARTESIAN_POINT('',(0.035,0.0672308626104651,0.0278230076453735));
#5243=CARTESIAN_POINT('',(0.035,0.0671613969750598,0.0278809705440201));
#5244=CARTESIAN_POINT('',(0.035,0.0671364752497853,0.0279016333942481));
#5245=CARTESIAN_POINT('',(0.035,0.0671364752497853,0.0279016333942481));
#5246=CARTESIAN_POINT('',(0.035,0.0723,0.012055));
#5247=CARTESIAN_POINT('',(0.035,0.0660694698407416,0.0275132751855552));
#5248=CARTESIAN_POINT('',(0.035,0.0666673157413542,0.0236788180397055));
#5249=CARTESIAN_POINT('',(0.035,0.0664217022103416,0.0241848304250691));
#5250=CARTESIAN_POINT('',(0.035,0.0661553090169429,0.0247336530191688));
#5251=CARTESIAN_POINT('',(0.035,0.0661490608392069,0.0247489319004376));
#5252=CARTESIAN_POINT('',(0.035,0.0661426922385314,0.0247637256288212));
#5253=CARTESIAN_POINT('',(0.035,0.0661356562698897,0.0247813967668442));
#5254=CARTESIAN_POINT('',(0.035,0.0661265914636111,0.0248053365099247));
#5255=CARTESIAN_POINT('',(0.035,0.06611624495214,0.0248344931241838));
#5256=CARTESIAN_POINT('',(0.035,0.0661046641974511,0.0248692867612805));
#5257=CARTESIAN_POINT('',(0.035,0.0660921202781322,0.0249096641796401));
#5258=CARTESIAN_POINT('',(0.035,0.0660788178671705,0.024955709220976));
#5259=CARTESIAN_POINT('',(0.035,0.0660649836681807,0.0250074561072366));
#5260=CARTESIAN_POINT('',(0.035,0.0660508397327104,0.0250649452303538));
#5261=CARTESIAN_POINT('',(0.035,0.0660366111210871,0.0251282066038474));
#5262=CARTESIAN_POINT('',(0.035,0.0660225234430475,0.0251972646348181));
#5263=CARTESIAN_POINT('',(0.035,0.0660088033427185,0.0252721366969124));
#5264=CARTESIAN_POINT('',(0.035,0.0659956781306346,0.0253528335030575));
#5265=CARTESIAN_POINT('',(0.035,0.0659833756589477,0.025439358969193));
#5266=CARTESIAN_POINT('',(0.035,0.0659721241261884,0.0255317102298315));
#5267=CARTESIAN_POINT('',(0.035,0.0659621519012795,0.025629877616784));
#5268=CARTESIAN_POINT('',(0.035,0.0659536873415054,0.0257338446543323));
#5269=CARTESIAN_POINT('',(0.035,0.0659469586120687,0.0258435880558489));
#5270=CARTESIAN_POINT('',(0.035,0.0659421935040955,0.0259590777254345));
#5271=CARTESIAN_POINT('',(0.035,0.0659396192566051,0.0260802767658375));
#5272=CARTESIAN_POINT('',(0.035,0.0659394623637137,0.0262071414833776));
#5273=CARTESIAN_POINT('',(0.035,0.0659419484394127,0.0263396214268251));
#5274=CARTESIAN_POINT('',(0.035,0.0659473018616062,0.0264776593173186));
#5275=CARTESIAN_POINT('',(0.035,0.065955746267896,0.0266211914198357));
#5276=CARTESIAN_POINT('',(0.035,0.0659675017779874,0.0267701462383905));
#5277=CARTESIAN_POINT('',(0.035,0.065982794793202,0.0269244496722256));
#5278=CARTESIAN_POINT('',(0.035,0.0660018195376219,0.0270840054011342));
#5279=CARTESIAN_POINT('',(0.035,0.0660248845992717,0.0272487702503409));
#5280=CARTESIAN_POINT('',(0.035,0.0660477045847712,0.0273923733415878));
#5281=CARTESIAN_POINT('',(0.035,0.0660636605156895,0.0274814271477406));
#5282=CARTESIAN_POINT('',(0.035,0.0660694698407416,0.0275132751855552));
#5283=CARTESIAN_POINT('',(0.035,0.0663815799160603,0.0242676167318062));
#5284=CARTESIAN_POINT('',(0.035,0.0657780249465045,0.0239748678962244));
#5285=CARTESIAN_POINT('',(0.035,0.0661000111720199,0.0233863907491843));
#5286=CARTESIAN_POINT('',(0.035,0.0722999999999971,0.0120550000000051));
#5287=CARTESIAN_POINT('',(0.035,0.0655867221649885,0.0230900432028027));
#5288=CARTESIAN_POINT('',(0.035,0.0652380791188629,0.0236631300272877));
#5289=CARTESIAN_POINT('',(0.035,0.0646827737055429,0.0232868105088628));
#5290=CARTESIAN_POINT('',(0.035,0.0650498204179702,0.0227449566793368));
#5291=CARTESIAN_POINT('',(0.035,0.064734407603122,0.0232106704293886));
#5292=CARTESIAN_POINT('',(0.035,0.0643923098911601,0.023715784999317));
#5293=CARTESIAN_POINT('',(0.035,0.0643822020807079,0.0237288355205982));
#5294=CARTESIAN_POINT('',(0.035,0.0643725746364488,0.0237417477547615));
#5295=CARTESIAN_POINT('',(0.035,0.0643607889663279,0.0237566766513569));
#5296=CARTESIAN_POINT('',(0.035,0.0643445889437994,0.0237764968754148));
#5297=CARTESIAN_POINT('',(0.035,0.0643245118308983,0.0238000355243189));
#5298=CARTESIAN_POINT('',(0.035,0.0643001700346268,0.0238274615706229));
#5299=CARTESIAN_POINT('',(0.035,0.0642714741242477,0.0238585136325958));
#5300=CARTESIAN_POINT('',(0.035,0.0642382491542134,0.0238930563790882));
#5301=CARTESIAN_POINT('',(0.035,0.0642003521356398,0.0239309105899847));
#5302=CARTESIAN_POINT('',(0.035,0.0641576370623142,0.02397190415897));
#5303=CARTESIAN_POINT('',(0.035,0.0641099654116022,0.0240158571848432));
#5304=CARTESIAN_POINT('',(0.035,0.0640572032414659,0.0240625864873911));
#5305=CARTESIAN_POINT('',(0.035,0.0639992221838231,0.0241119044738657));
#5306=CARTESIAN_POINT('',(0.035,0.0639358993057391,0.0241636196440329));
#5307=CARTESIAN_POINT('',(0.035,0.063867117289835,0.0242175366301109));
#5308=CARTESIAN_POINT('',(0.035,0.0637927645184301,0.0242734563736312));
#5309=CARTESIAN_POINT('',(0.035,0.0637127351799605,0.0243311762672109));
#5310=CARTESIAN_POINT('',(0.035,0.0636269293641745,0.0243904903097812));
#5311=CARTESIAN_POINT('',(0.035,0.0635352531552819,0.0244511892611669));
#5312=CARTESIAN_POINT('',(0.035,0.0634376187215326,0.0245130608005162));
#5313=CARTESIAN_POINT('',(0.035,0.0633339443973745,0.0245758896844401));
#5314=CARTESIAN_POINT('',(0.035,0.0632241547755866,0.0246394579164398));
#5315=CARTESIAN_POINT('',(0.035,0.0631081807412196,0.0247035448834525));
#5316=CARTESIAN_POINT('',(0.035,0.0629859597102707,0.0247679276290825));
#5317=CARTESIAN_POINT('',(0.035,0.0628574350600874,0.0248323806099741));
#5318=CARTESIAN_POINT('',(0.035,0.0627225586481571,0.0248966774488779));
#5319=CARTESIAN_POINT('',(0.035,0.0625812814469574,0.0249605850261191));
#5320=CARTESIAN_POINT('',(0.035,0.0624335897601933,0.0250238869786054));
#5321=CARTESIAN_POINT('',(0.035,0.0622793666843047,0.0250862944738801));
#5322=CARTESIAN_POINT('',(0.035,0.0621435927664732,0.025138333332347));
#5323=CARTESIAN_POINT('',(0.035,0.062058491942582,0.0251690419939071));
#5324=CARTESIAN_POINT('',(0.035,0.0620280060702478,0.0251799349897405));
#5325=CARTESIAN_POINT('',(0.035,0.0620280060702478,0.0251799349897405));
#5326=CARTESIAN_POINT('',(0.035,0.0723,0.012055));
#5327=CARTESIAN_POINT('',(0.035,0.0611581752912297,0.0244500603038796));
#5328=CARTESIAN_POINT('',(0.035,0.0630314282550021,0.021051324559819));
#5329=CARTESIAN_POINT('',(0.035,0.0626275606037778,0.0214428158892918));
#5330=CARTESIAN_POINT('',(0.035,0.062189524503419,0.0218674285929008));
#5331=CARTESIAN_POINT('',(0.035,0.0621784274517457,0.0218796490422381));
#5332=CARTESIAN_POINT('',(0.035,0.0621673831715842,0.0218913724099183));
#5333=CARTESIAN_POINT('',(0.035,0.0621547276386121,0.0219055714049161));
#5334=CARTESIAN_POINT('',(0.035,0.0621380216326838,0.0219249670584898));
#5335=CARTESIAN_POINT('',(0.035,0.0621183269428157,0.0219488265984199));
#5336=CARTESIAN_POINT('',(0.035,0.0620955444683447,0.0219775610710715));
#5337=CARTESIAN_POINT('',(0.035,0.0620699471495106,0.022011213160067));
#5338=CARTESIAN_POINT('',(0.035,0.0620416986404541,0.0220499316531305));
#5339=CARTESIAN_POINT('',(0.035,0.0620110002682933,0.0220938262455769));
#5340=CARTESIAN_POINT('',(0.035,0.0619780468783749,0.0221430108395088));
#5341=CARTESIAN_POINT('',(0.035,0.0619430396929991,0.0221975906135747));
#5342=CARTESIAN_POINT('',(0.035,0.061906182368251,0.0222576656660218));
#5343=CARTESIAN_POINT('',(0.035,0.0618676819378067,0.0223233298395938));
#5344=CARTESIAN_POINT('',(0.035,0.0618277483396616,0.0223946709459313));
#5345=CARTESIAN_POINT('',(0.035,0.061786594345471,0.0224717705948392));
#5346=CARTESIAN_POINT('',(0.035,0.0617444353717647,0.0225547041421345));
#5347=CARTESIAN_POINT('',(0.035,0.0617014893218496,0.022643540609463));
#5348=CARTESIAN_POINT('',(0.035,0.0616579764164082,0.022738342617505));
#5349=CARTESIAN_POINT('',(0.035,0.0616141190250935,0.0228391663210837));
#5350=CARTESIAN_POINT('',(0.035,0.0615701414949496,0.0229460613484584));
#5351=CARTESIAN_POINT('',(0.035,0.0615262699804092,0.0230590707478758));
#5352=CARTESIAN_POINT('',(0.035,0.0614827322604408,0.0231782309262571));
#5353=CARTESIAN_POINT('',(0.035,0.0614397575981841,0.0233035716394838));
#5354=CARTESIAN_POINT('',(0.035,0.0613975764304244,0.0234351158047953));
#5355=CARTESIAN_POINT('',(0.035,0.0613564207064271,0.023572880019426));
#5356=CARTESIAN_POINT('',(0.035,0.0613165217241225,0.0237168723844987));
#5357=CARTESIAN_POINT('',(0.035,0.0612781175751132,0.0238671007018912));
#5358=CARTESIAN_POINT('',(0.035,0.0612414237137872,0.0240235408887639));
#5359=CARTESIAN_POINT('',(0.035,0.0612067448846767,0.0241862579174196));
#5360=CARTESIAN_POINT('',(0.035,0.0611790735068069,0.0243290055772976));
#5361=CARTESIAN_POINT('',(0.035,0.0611636089818045,0.0244181460315719));
#5362=CARTESIAN_POINT('',(0.035,0.0611581752912297,0.0244500603038796));
#5363=CARTESIAN_POINT('',(0.035,0.062561543395417,0.0215068869379942));
#5364=CARTESIAN_POINT('',(0.035,0.0620945132429908,0.0210253650602619));
#5365=CARTESIAN_POINT('',(0.035,0.0625983523612769,0.0205825032026869));
#5366=CARTESIAN_POINT('',(0.035,0.0722999999999955,0.0120550000000038));
#5367=CARTESIAN_POINT('',(0.035,0.0622173752993266,0.0201284724204117));
#5368=CARTESIAN_POINT('',(0.035,0.0616937507637457,0.0205477549358445));
#5369=CARTESIAN_POINT('',(0.035,0.0613006432201943,0.0200042046242697));
#5370=CARTESIAN_POINT('',(0.035,0.061830879231782,0.0196205659483111));
#5371=CARTESIAN_POINT('',(0.035,0.0613752046536264,0.0199503161864923));
#5372=CARTESIAN_POINT('',(0.035,0.0608809786005053,0.0203079643120288));
#5373=CARTESIAN_POINT('',(0.035,0.060867016824452,0.0203167707157946));
#5374=CARTESIAN_POINT('',(0.035,0.0608535537419455,0.0203256114670903));
#5375=CARTESIAN_POINT('',(0.035,0.0608373728513486,0.0203356091044736));
#5376=CARTESIAN_POINT('',(0.035,0.060815370893849,0.020348693288736));
#5377=CARTESIAN_POINT('',(0.035,0.0607884538869372,0.0203639456063825));
#5378=CARTESIAN_POINT('',(0.035,0.0607561998203166,0.0203813922750621));
#5379=CARTESIAN_POINT('',(0.035,0.0607186140544,0.0204007570891776));
#5380=CARTESIAN_POINT('',(0.035,0.0606755784801267,0.0204218530441449));
#5381=CARTESIAN_POINT('',(0.035,0.060627020028787,0.0204444628230659));
#5382=CARTESIAN_POINT('',(0.035,0.0605728603632469,0.0204683747618401));
#5383=CARTESIAN_POINT('',(0.035,0.0605130308446433,0.0204933724311053));
#5384=CARTESIAN_POINT('',(0.035,0.0604474682599547,0.0205192378868919));
#5385=CARTESIAN_POINT('',(0.035,0.0603761161431398,0.0205457509452089));
#5386=CARTESIAN_POINT('',(0.035,0.0602989244719646,0.0205726896091596));
#5387=CARTESIAN_POINT('',(0.035,0.0602158498238707,0.0205998301681743));
#5388=CARTESIAN_POINT('',(0.035,0.060126855394553,0.0206269473929841));
#5389=CARTESIAN_POINT('',(0.035,0.0600319110494719,0.0206538147052397));
#5390=CARTESIAN_POINT('',(0.035,0.0599309933602161,0.0206802043559388));
#5391=CARTESIAN_POINT('',(0.035,0.0598240856391654,0.0207058876025404));
#5392=CARTESIAN_POINT('',(0.035,0.0597111779694806,0.0207306348884792));
#5393=CARTESIAN_POINT('',(0.035,0.0595922672282196,0.0207542160198669));
#5394=CARTESIAN_POINT('',(0.035,0.0594673571149672,0.0207764003562139));
#5395=CARTESIAN_POINT('',(0.035,0.0593364581370267,0.020796956950348));
#5396=CARTESIAN_POINT('',(0.035,0.0591995877402512,0.0208156548867998));
#5397=CARTESIAN_POINT('',(0.035,0.0590567698571224,0.0208322628580549));
#5398=CARTESIAN_POINT('',(0.035,0.0589080366740563,0.0208465516733729));
#5399=CARTESIAN_POINT('',(0.035,0.0587534218518759,0.0208582855035159));
#5400=CARTESIAN_POINT('',(0.035,0.0585929865208102,0.0208672563492734));
#5401=CARTESIAN_POINT('',(0.035,0.0584267196139642,0.0208731528135453));
#5402=CARTESIAN_POINT('',(0.035,0.0582813355274515,0.0208756159300041));
#5403=CARTESIAN_POINT('',(0.035,0.05819086393039,0.0208753664366819));
#5404=CARTESIAN_POINT('',(0.035,0.0581584909571232,0.0208751757220596));
#5405=CARTESIAN_POINT('',(0.035,0.0581584909571232,0.0208751757220596));
#5406=CARTESIAN_POINT('',(0.035,0.0723,0.012055));
#5407=CARTESIAN_POINT('',(0.035,0.0575907492374152,0.0198918182179489));
#5408=CARTESIAN_POINT('',(0.035,0.0605134673106471,0.0173387415664085));
#5409=CARTESIAN_POINT('',(0.035,0.0600000579384004,0.0175684922078594));
#5410=CARTESIAN_POINT('',(0.035,0.0594432125495093,0.0178176804623062));
#5411=CARTESIAN_POINT('',(0.035,0.0594286050921055,0.0178253685131674));
#5412=CARTESIAN_POINT('',(0.035,0.0594142172356416,0.0178326075089834));
#5413=CARTESIAN_POINT('',(0.035,0.0593974685823914,0.0178416217526045));
#5414=CARTESIAN_POINT('',(0.035,0.0593751363676826,0.017854133914601));
#5415=CARTESIAN_POINT('',(0.035,0.0593484689696783,0.0178698185675572));
#5416=CARTESIAN_POINT('',(0.035,0.05931723267808,0.0178890280742862));
#5417=CARTESIAN_POINT('',(0.035,0.0592816693741582,0.017911895895333));
#5418=CARTESIAN_POINT('',(0.035,0.0592418819541027,0.0179386178184364));
#5419=CARTESIAN_POINT('',(0.035,0.0591980220855133,0.0179693657814044));
#5420=CARTESIAN_POINT('',(0.035,0.059150233906311,0.0180043134582356));
#5421=CARTESIAN_POINT('',(0.035,0.0590986705303902,0.0180436285066099));
#5422=CARTESIAN_POINT('',(0.035,0.0590434890962543,0.0180874746425948));
#5423=CARTESIAN_POINT('',(0.035,0.0589848520558122,0.0181360108592117));
#5424=CARTESIAN_POINT('',(0.035,0.0589229266528993,0.0181893914754346));
#5425=CARTESIAN_POINT('',(0.035,0.0588578849152727,0.0182477659515871));
#5426=CARTESIAN_POINT('',(0.035,0.0587899034950485,0.0183112787757667));
#5427=CARTESIAN_POINT('',(0.035,0.0587191635475631,0.0183800693344247));
#5428=CARTESIAN_POINT('',(0.035,0.0586458505950328,0.0184542717916619));
#5429=CARTESIAN_POINT('',(0.035,0.0585701543904989,0.0185340149706517));
#5430=CARTESIAN_POINT('',(0.035,0.0584922687773588,0.0186194222379115));
#5431=CARTESIAN_POINT('',(0.035,0.0584123915478965,0.0187106113949325));
#5432=CARTESIAN_POINT('',(0.035,0.0583307242924278,0.0188076945580252));
#5433=CARTESIAN_POINT('',(0.035,0.0582474722707221,0.018910778101184));
#5434=CARTESIAN_POINT('',(0.035,0.0581628441843687,0.0190199623735917));
#5435=CARTESIAN_POINT('',(0.035,0.0580770523177921,0.0191353423028684));
#5436=CARTESIAN_POINT('',(0.035,0.0579903112492036,0.0192570046101305));
#5437=CARTESIAN_POINT('',(0.035,0.0579028420431259,0.0193850380588687));
#5438=CARTESIAN_POINT('',(0.035,0.0578148553972736,0.0195194937083575));
#5439=CARTESIAN_POINT('',(0.035,0.0577266154559986,0.0196605368413587));
#5440=CARTESIAN_POINT('',(0.035,0.0576517902913165,0.0197852115953554));
#5441=CARTESIAN_POINT('',(0.035,0.0576067705603408,0.0198636870433927));
#5442=CARTESIAN_POINT('',(0.035,0.0575907492374152,0.0198918182179489));
#5443=CARTESIAN_POINT('',(0.035,0.0599161084655988,0.0176061200844655));
#5444=CARTESIAN_POINT('',(0.035,0.0596419338593158,0.0169939038095434));
#5445=CARTESIAN_POINT('',(0.035,0.0602668554368337,0.0167500729174019));
#5446=CARTESIAN_POINT('',(0.035,0.0722999999999945,0.012055000000002));
#5447=CARTESIAN_POINT('',(0.035,0.0600641417762584,0.0161931217123562));
#5448=CARTESIAN_POINT('',(0.035,0.0594286925980883,0.0164080282594247));
#5449=CARTESIAN_POINT('',(0.035,0.0592451974957073,0.0157628073442241));
#5450=CARTESIAN_POINT('',(0.035,0.0598746685180079,0.0155836563080575));
#5451=CARTESIAN_POINT('',(0.035,0.0593336932557109,0.015737670289048));
#5452=CARTESIAN_POINT('',(0.035,0.0587469498174366,0.0159047143279289));
#5453=CARTESIAN_POINT('',(0.035,0.0587308180720282,0.0159082144319164));
#5454=CARTESIAN_POINT('',(0.035,0.0587151431977185,0.0159119173752627));
#5455=CARTESIAN_POINT('',(0.035,0.0586965187408561,0.015915777890816));
#5456=CARTESIAN_POINT('',(0.035,0.0586713686091742,0.015920547889559));
#5457=CARTESIAN_POINT('',(0.035,0.058640858296538,0.0159256742213393));
#5458=CARTESIAN_POINT('',(0.035,0.0586045822760219,0.0159310371866664));
#5459=CARTESIAN_POINT('',(0.035,0.0585626400526443,0.0159363790705478));
#5460=CARTESIAN_POINT('',(0.035,0.0585149845995269,0.0159414837504781));
#5461=CARTESIAN_POINT('',(0.035,0.0584616215812991,0.0159461220244009));
#5462=CARTESIAN_POINT('',(0.035,0.05840254977852,0.0159500682002451));
#5463=CARTESIAN_POINT('',(0.035,0.0583377787149582,0.0159530954250626));
#5464=CARTESIAN_POINT('',(0.035,0.0582673235310313,0.0159549772783865));
#5465=CARTESIAN_POINT('',(0.035,0.0581912064733773,0.0159554875424218));
#5466=CARTESIAN_POINT('',(0.035,0.0581094564638824,0.0159544004997112));
#5467=CARTESIAN_POINT('',(0.035,0.05802210921221,0.0159514910796936));
#5468=CARTESIAN_POINT('',(0.035,0.0579292071665731,0.0159465350482731));
#5469=CARTESIAN_POINT('',(0.035,0.0578307995041266,0.0159393091848275));
#5470=CARTESIAN_POINT('',(0.035,0.0577269421041118,0.0159295914623112));
#5471=CARTESIAN_POINT('',(0.035,0.0576176975198517,0.0159171612255441));
#5472=CARTESIAN_POINT('',(0.035,0.057503134945535,0.0159017993701571));
#5473=CARTESIAN_POINT('',(0.035,0.0573833301775029,0.0158832885165428));
#5474=CARTESIAN_POINT('',(0.035,0.057258365575921,0.0158614131988676));
#5475=CARTESIAN_POINT('',(0.035,0.0571283300030099,0.0158359599914876));
#5476=CARTESIAN_POINT('',(0.035,0.0569933188302507,0.0158067178716732));
#5477=CARTESIAN_POINT('',(0.035,0.0568534336586494,0.0157734776668506));
#5478=CARTESIAN_POINT('',(0.035,0.0567087831213931,0.0157360350165751));
#5479=CARTESIAN_POINT('',(0.035,0.0565594795076589,0.0156941798265317));
#5480=CARTESIAN_POINT('',(0.035,0.0564056514009913,0.0156477375491666));
#5481=CARTESIAN_POINT('',(0.035,0.0562473949059919,0.0155964117818218));
#5482=CARTESIAN_POINT('',(0.035,0.0561099361172718,0.015549002068076));
#5483=CARTESIAN_POINT('',(0.035,0.0560250059568643,0.0155178245124483));
#5484=CARTESIAN_POINT('',(0.035,0.055994650541015,0.0155065730903684));
#5485=CARTESIAN_POINT('',(0.035,0.055994650541015,0.0155065730903684));
#5486=CARTESIAN_POINT('',(0.035,0.0723,0.012055));
#5487=CARTESIAN_POINT('',(0.035,0.0557974759109895,0.0143883401958147));
#5488=CARTESIAN_POINT('',(0.035,0.0594171361593244,0.0129888613603687));
#5489=CARTESIAN_POINT('',(0.035,0.0588561098134636,0.0130291599956804));
#5490=CARTESIAN_POINT('',(0.035,0.058247618908103,0.0130728680198518));
#5491=CARTESIAN_POINT('',(0.035,0.0582312629199148,0.0130750963798394));
#5492=CARTESIAN_POINT('',(0.035,0.0582152668749802,0.0130769778740597));
#5493=CARTESIAN_POINT('',(0.035,0.0581964452362176,0.0130797201154872));
#5494=CARTESIAN_POINT('',(0.035,0.0581711804074106,0.0130838396345099));
#5495=CARTESIAN_POINT('',(0.035,0.0581407567830383,0.0130894575998649));
#5496=CARTESIAN_POINT('',(0.035,0.058104834232078,0.0130968251906577));
#5497=CARTESIAN_POINT('',(0.035,0.05806359440238,0.0131061505470443));
#5498=CARTESIAN_POINT('',(0.035,0.0580170670213839,0.0131176528418878));
#5499=CARTESIAN_POINT('',(0.035,0.0579653358038205,0.013131545517252));
#5500=CARTESIAN_POINT('',(0.035,0.0579084767950247,0.0131480410713838));
#5501=CARTESIAN_POINT('',(0.035,0.0578465765326893,0.0131673494190041));
#5502=CARTESIAN_POINT('',(0.035,0.0577797266845135,0.013189678147427));
#5503=CARTESIAN_POINT('',(0.035,0.0577080255265416,0.0132152322230467));
#5504=CARTESIAN_POINT('',(0.035,0.0576315774363737,0.0132442138590246));
#5505=CARTESIAN_POINT('',(0.035,0.0575504929487827,0.013276822339082));
#5506=CARTESIAN_POINT('',(0.035,0.0574648886446185,0.0133132538562003));
#5507=CARTESIAN_POINT('',(0.035,0.0573748870812401,0.0133537013495732));
#5508=CARTESIAN_POINT('',(0.035,0.05728061670568,0.0133983543445511));
#5509=CARTESIAN_POINT('',(0.035,0.0571822117673506,0.013447398794682));
#5510=CARTESIAN_POINT('',(0.035,0.0570798122256282,0.0135010169249183));
#5511=CARTESIAN_POINT('',(0.035,0.0569735636539796,0.0135593870813975));
#5512=CARTESIAN_POINT('',(0.035,0.0568636171393003,0.0136226835669378));
#5513=CARTESIAN_POINT('',(0.035,0.0567501291806322,0.0136910765433727));
#5514=CARTESIAN_POINT('',(0.035,0.0566332615718769,0.0137647316882361));
#5515=CARTESIAN_POINT('',(0.035,0.0565131813279834,0.0138438108098615));
#5516=CARTESIAN_POINT('',(0.035,0.0563900604261446,0.0139284687895126));
#5517=CARTESIAN_POINT('',(0.035,0.0562640762401595,0.0140188646461064));
#5518=CARTESIAN_POINT('',(0.035,0.0561354092978152,0.0141151184225288));
#5519=CARTESIAN_POINT('',(0.035,0.0560042512835764,0.0142174757764608));
#5520=CARTESIAN_POINT('',(0.035,0.0558912973512444,0.0143090400092408));
#5521=CARTESIAN_POINT('',(0.035,0.0558221524582716,0.0143673851538335));
#5522=CARTESIAN_POINT('',(0.035,0.0557974759109895,0.0143883401958147));
#5523=CARTESIAN_POINT('',(0.035,0.0587643536216032,0.0130358062229433));
#5524=CARTESIAN_POINT('',(0.035,0.0587161040653674,0.0123667378689367));
#5525=CARTESIAN_POINT('',(0.035,0.0593867333370083,0.0123513475463817));
#5526=CARTESIAN_POINT('',(0.035,0.0722999999999941,0.012055));
#5527=CARTESIAN_POINT('',(0.035,0.0593867333370084,0.0117586524536184));
#5528=CARTESIAN_POINT('',(0.035,0.0587161040653674,0.0117432621310633));
#5529=CARTESIAN_POINT('',(0.035,0.0587643536216032,0.0110741937770567));
#5530=CARTESIAN_POINT('',(0.035,0.0594171361593244,0.0111211386396313));
#5531=CARTESIAN_POINT('',(0.035,0.0588561098134636,0.0110808400043196));
#5532=CARTESIAN_POINT('',(0.035,0.058247618908103,0.0110371319801483));
#5533=CARTESIAN_POINT('',(0.035,0.0582312629199148,0.0110349036201606));
#5534=CARTESIAN_POINT('',(0.035,0.0582152668749802,0.0110330221259404));
#5535=CARTESIAN_POINT('',(0.035,0.0581964452362176,0.0110302798845128));
#5536=CARTESIAN_POINT('',(0.035,0.0581711804074106,0.0110261603654901));
#5537=CARTESIAN_POINT('',(0.035,0.0581407567830383,0.0110205424001351));
#5538=CARTESIAN_POINT('',(0.035,0.058104834232078,0.0110131748093423));
#5539=CARTESIAN_POINT('',(0.035,0.05806359440238,0.0110038494529558));
#5540=CARTESIAN_POINT('',(0.035,0.0580170670213839,0.0109923471581122));
#5541=CARTESIAN_POINT('',(0.035,0.0579653358038205,0.0109784544827481));
#5542=CARTESIAN_POINT('',(0.035,0.0579084767950247,0.0109619589286162));
#5543=CARTESIAN_POINT('',(0.035,0.0578465765326893,0.0109426505809959));
#5544=CARTESIAN_POINT('',(0.035,0.0577797266845135,0.0109203218525731));
#5545=CARTESIAN_POINT('',(0.035,0.0577080255265416,0.0108947677769533));
#5546=CARTESIAN_POINT('',(0.035,0.0576315774363737,0.0108657861409755));
#5547=CARTESIAN_POINT('',(0.035,0.0575504929487827,0.010833177660918));
#5548=CARTESIAN_POINT('',(0.035,0.0574648886446185,0.0107967461437997));
#5549=CARTESIAN_POINT('',(0.035,0.0573748870812401,0.0107562986504268));
#5550=CARTESIAN_POINT('',(0.035,0.05728061670568,0.0107116456554489));
#5551=CARTESIAN_POINT('',(0.035,0.0571822117673506,0.010662601205318));
#5552=CARTESIAN_POINT('',(0.035,0.0570798122256282,0.0106089830750818));
#5553=CARTESIAN_POINT('',(0.035,0.0569735636539796,0.0105506129186026));
#5554=CARTESIAN_POINT('',(0.035,0.0568636171393003,0.0104873164330622));
#5555=CARTESIAN_POINT('',(0.035,0.0567501291806322,0.0104189234566274));
#5556=CARTESIAN_POINT('',(0.035,0.0566332615718769,0.0103452683117639));
#5557=CARTESIAN_POINT('',(0.035,0.0565131813279834,0.0102661891901385));
#5558=CARTESIAN_POINT('',(0.035,0.0563900604261446,0.0101815312104875));
#5559=CARTESIAN_POINT('',(0.035,0.0562640762401595,0.0100911353538936));
#5560=CARTESIAN_POINT('',(0.035,0.0561354092978152,0.00999488157747121));
#5561=CARTESIAN_POINT('',(0.035,0.0560042512835764,0.00989252422353926));
#5562=CARTESIAN_POINT('',(0.035,0.0558912973512444,0.00980095999075927));
#5563=CARTESIAN_POINT('',(0.035,0.0558221524582715,0.00974261484616653));
#5564=CARTESIAN_POINT('',(0.035,0.0557974759109895,0.00972165980418529));
#5565=CARTESIAN_POINT('',(0.035,0.0557974759109895,0.00972165980418529));
#5566=CARTESIAN_POINT('',(0.035,0.0723,0.012055));
#5567=CARTESIAN_POINT('',(0.035,0.055994650541015,0.00860342690963157));
#5568=CARTESIAN_POINT('',(0.035,0.0598746685180079,0.00852634369194261));
#5569=CARTESIAN_POINT('',(0.035,0.059333693255711,0.00837232971095202));
#5570=CARTESIAN_POINT('',(0.035,0.0587469498174367,0.00820528567207115));
#5571=CARTESIAN_POINT('',(0.035,0.0587308180720282,0.00820178556808364));
#5572=CARTESIAN_POINT('',(0.035,0.0587151431977186,0.00819808262473728));
#5573=CARTESIAN_POINT('',(0.035,0.0586965187408561,0.00819422210918398));
#5574=CARTESIAN_POINT('',(0.035,0.0586713686091742,0.00818945211044107));
#5575=CARTESIAN_POINT('',(0.035,0.0586408582965381,0.00818432577866071));
#5576=CARTESIAN_POINT('',(0.035,0.0586045822760219,0.00817896281333364));
#5577=CARTESIAN_POINT('',(0.035,0.0585626400526443,0.00817362092945221));
#5578=CARTESIAN_POINT('',(0.035,0.0585149845995269,0.00816851624952196));
#5579=CARTESIAN_POINT('',(0.035,0.0584616215812991,0.00816387797559919));
#5580=CARTESIAN_POINT('',(0.035,0.05840254977852,0.00815993179975492));
#5581=CARTESIAN_POINT('',(0.035,0.0583377787149582,0.00815690457493747));
#5582=CARTESIAN_POINT('',(0.035,0.0582673235310313,0.00815502272161357));
#5583=CARTESIAN_POINT('',(0.035,0.0581912064733773,0.00815451245757824));
#5584=CARTESIAN_POINT('',(0.035,0.0581094564638825,0.00815559950028879));
#5585=CARTESIAN_POINT('',(0.035,0.05802210921221,0.00815850892030644));
#5586=CARTESIAN_POINT('',(0.035,0.0579292071665731,0.00816346495172701));
#5587=CARTESIAN_POINT('',(0.035,0.0578307995041266,0.00817069081517256));
#5588=CARTESIAN_POINT('',(0.035,0.0577269421041118,0.00818040853768888));
#5589=CARTESIAN_POINT('',(0.035,0.0576176975198517,0.00819283877445599));
#5590=CARTESIAN_POINT('',(0.035,0.057503134945535,0.00820820062984299));
#5591=CARTESIAN_POINT('',(0.035,0.0573833301775029,0.00822671148345722));
#5592=CARTESIAN_POINT('',(0.035,0.0572583655759211,0.00824858680113236));
#5593=CARTESIAN_POINT('',(0.035,0.0571283300030099,0.00827404000851242));
#5594=CARTESIAN_POINT('',(0.035,0.0569933188302508,0.00830328212832689));
#5595=CARTESIAN_POINT('',(0.035,0.0568534336586494,0.00833652233314947));
#5596=CARTESIAN_POINT('',(0.035,0.0567087831213931,0.00837396498342491));
#5597=CARTESIAN_POINT('',(0.035,0.0565594795076589,0.00841582017346839));
#5598=CARTESIAN_POINT('',(0.035,0.0564056514009913,0.00846226245083342));
#5599=CARTESIAN_POINT('',(0.035,0.0562473949059919,0.00851358821817817));
#5600=CARTESIAN_POINT('',(0.035,0.0561099361172719,0.00856099793192407));
#5601=CARTESIAN_POINT('',(0.035,0.0560250059568643,0.00859217548755174));
#5602=CARTESIAN_POINT('',(0.035,0.055994650541015,0.00860342690963157));
#5603=CARTESIAN_POINT('',(0.035,0.0592451974957072,0.00834719265577587));
#5604=CARTESIAN_POINT('',(0.035,0.0594286925980883,0.00770197174057531));
#5605=CARTESIAN_POINT('',(0.035,0.0600641417762584,0.00791687828764387));
#5606=CARTESIAN_POINT('',(0.035,0.0722999999999945,0.012054999999998));
#5607=CARTESIAN_POINT('',(0.035,0.0602668554368337,0.00735992708259818));
#5608=CARTESIAN_POINT('',(0.035,0.0596419338593158,0.00711609619045667));
#5609=CARTESIAN_POINT('',(0.035,0.0599161084655988,0.00650387991553448));
#5610=CARTESIAN_POINT('',(0.035,0.0605134673106471,0.0067712584335915));
#5611=CARTESIAN_POINT('',(0.035,0.0600000579384005,0.00654150779214056));
#5612=CARTESIAN_POINT('',(0.035,0.0594432125495093,0.00629231953769382));
#5613=CARTESIAN_POINT('',(0.035,0.0594286050921056,0.00628463148683262));
#5614=CARTESIAN_POINT('',(0.035,0.0594142172356416,0.00627739249101664));
#5615=CARTESIAN_POINT('',(0.035,0.0593974685823914,0.00626837824739551));
#5616=CARTESIAN_POINT('',(0.035,0.0593751363676826,0.00625586608539906));
#5617=CARTESIAN_POINT('',(0.035,0.0593484689696783,0.00624018143244282));
#5618=CARTESIAN_POINT('',(0.035,0.05931723267808,0.00622097192571377));
#5619=CARTESIAN_POINT('',(0.035,0.0592816693741582,0.0061981041046671));
#5620=CARTESIAN_POINT('',(0.035,0.0592418819541027,0.00617138218156368));
#5621=CARTESIAN_POINT('',(0.035,0.0591980220855133,0.00614063421859556));
#5622=CARTESIAN_POINT('',(0.035,0.0591502339063111,0.00610568654176442));
#5623=CARTESIAN_POINT('',(0.035,0.0590986705303902,0.00606637149339014));
#5624=CARTESIAN_POINT('',(0.035,0.0590434890962543,0.00602252535740529));
#5625=CARTESIAN_POINT('',(0.035,0.0589848520558123,0.00597398914078828));
#5626=CARTESIAN_POINT('',(0.035,0.0589229266528994,0.00592060852456538));
#5627=CARTESIAN_POINT('',(0.035,0.0588578849152727,0.00586223404841295));
#5628=CARTESIAN_POINT('',(0.035,0.0587899034950485,0.00579872122423337));
#5629=CARTESIAN_POINT('',(0.035,0.0587191635475631,0.00572993066557534));
#5630=CARTESIAN_POINT('',(0.035,0.0586458505950329,0.00565572820833816));
#5631=CARTESIAN_POINT('',(0.035,0.0585701543904989,0.00557598502934831));
#5632=CARTESIAN_POINT('',(0.035,0.0584922687773588,0.00549057776208855));
#5633=CARTESIAN_POINT('',(0.035,0.0584123915478966,0.00539938860506755));
#5634=CARTESIAN_POINT('',(0.035,0.0583307242924278,0.00530230544197483));
#5635=CARTESIAN_POINT('',(0.035,0.0582474722707221,0.00519922189881602));
#5636=CARTESIAN_POINT('',(0.035,0.0581628441843687,0.00509003762640827));
#5637=CARTESIAN_POINT('',(0.035,0.0580770523177921,0.0049746576971316));
#5638=CARTESIAN_POINT('',(0.035,0.0579903112492036,0.0048529953898696));
#5639=CARTESIAN_POINT('',(0.035,0.057902842043126,0.00472496194113132));
#5640=CARTESIAN_POINT('',(0.035,0.0578148553972736,0.00459050629164257));
#5641=CARTESIAN_POINT('',(0.035,0.0577266154559987,0.00444946315864126));
#5642=CARTESIAN_POINT('',(0.035,0.0576517902913165,0.0043247884046446));
#5643=CARTESIAN_POINT('',(0.035,0.0576067705603408,0.00424631295660731));
#5644=CARTESIAN_POINT('',(0.035,0.0575907492374152,0.00421818178205107));
#5645=CARTESIAN_POINT('',(0.035,0.0575907492374152,0.00421818178205107));
#5646=CARTESIAN_POINT('',(0.035,0.0723,0.012055));
#5647=CARTESIAN_POINT('',(0.035,0.0581584909571231,0.00323482427794042));
#5648=CARTESIAN_POINT('',(0.035,0.061830879231782,0.00448943405168895));
#5649=CARTESIAN_POINT('',(0.035,0.0613752046536264,0.00415968381350779));
#5650=CARTESIAN_POINT('',(0.035,0.0608809786005052,0.00380203568797117));
#5651=CARTESIAN_POINT('',(0.035,0.060867016824452,0.00379322928420545));
#5652=CARTESIAN_POINT('',(0.035,0.0608535537419455,0.00378438853290968));
#5653=CARTESIAN_POINT('',(0.035,0.0608373728513486,0.00377439089552638));
#5654=CARTESIAN_POINT('',(0.035,0.060815370893849,0.00376130671126399));
#5655=CARTESIAN_POINT('',(0.035,0.0607884538869372,0.00374605439361756));
#5656=CARTESIAN_POINT('',(0.035,0.0607561998203165,0.00372860772493796));
#5657=CARTESIAN_POINT('',(0.035,0.0607186140544,0.00370924291082249));
#5658=CARTESIAN_POINT('',(0.035,0.0606755784801267,0.00368814695585508));
#5659=CARTESIAN_POINT('',(0.035,0.060627020028787,0.00366553717693412));
#5660=CARTESIAN_POINT('',(0.035,0.0605728603632468,0.00364162523815993));
#5661=CARTESIAN_POINT('',(0.035,0.0605130308446433,0.00361662756889475));
#5662=CARTESIAN_POINT('',(0.035,0.0604474682599547,0.00359076211310818));
#5663=CARTESIAN_POINT('',(0.035,0.0603761161431397,0.00356424905479115));
#5664=CARTESIAN_POINT('',(0.035,0.0602989244719646,0.00353731039084043));
#5665=CARTESIAN_POINT('',(0.035,0.0602158498238706,0.00351016983182569));
#5666=CARTESIAN_POINT('',(0.035,0.0601268553945529,0.00348305260701598));
#5667=CARTESIAN_POINT('',(0.035,0.0600319110494719,0.00345618529476029));
#5668=CARTESIAN_POINT('',(0.035,0.0599309933602161,0.00342979564406122));
#5669=CARTESIAN_POINT('',(0.035,0.0598240856391654,0.00340411239745969));
#5670=CARTESIAN_POINT('',(0.035,0.0597111779694806,0.00337936511152089));
#5671=CARTESIAN_POINT('',(0.035,0.0595922672282196,0.00335578398013319));
#5672=CARTESIAN_POINT('',(0.035,0.0594673571149671,0.00333359964378621));
#5673=CARTESIAN_POINT('',(0.035,0.0593364581370267,0.00331304304965208));
#5674=CARTESIAN_POINT('',(0.035,0.0591995877402511,0.00329434511320023));
#5675=CARTESIAN_POINT('',(0.035,0.0590567698571224,0.00327773714194519));
#5676=CARTESIAN_POINT('',(0.035,0.0589080366740562,0.00326344832662714));
#5677=CARTESIAN_POINT('',(0.035,0.0587534218518759,0.00325171449648418));
#5678=CARTESIAN_POINT('',(0.035,0.0585929865208101,0.00324274365072662));
#5679=CARTESIAN_POINT('',(0.035,0.0584267196139642,0.00323684718645473));
#5680=CARTESIAN_POINT('',(0.035,0.0582813355274514,0.00323438406999595));
#5681=CARTESIAN_POINT('',(0.035,0.0581908639303899,0.00323463356331813));
#5682=CARTESIAN_POINT('',(0.035,0.0581584909571231,0.00323482427794042));
#5683=CARTESIAN_POINT('',(0.035,0.0613006432201942,0.00410579537573027));
#5684=CARTESIAN_POINT('',(0.035,0.0616937507637456,0.00356224506415549));
#5685=CARTESIAN_POINT('',(0.035,0.0622173752993266,0.00398152757958834));
#5686=CARTESIAN_POINT('',(0.035,0.0722999999999955,0.0120549999999962));
#5687=CARTESIAN_POINT('',(0.035,0.0625983523612768,0.00352749679731313));
#5688=CARTESIAN_POINT('',(0.035,0.0620945132429908,0.00308463493973814));
#5689=CARTESIAN_POINT('',(0.035,0.062561543395417,0.00260311306200588));
#5690=CARTESIAN_POINT('',(0.035,0.063031428255002,0.003058675440181));
#5691=CARTESIAN_POINT('',(0.035,0.0626275606037777,0.00266718411070818));
#5692=CARTESIAN_POINT('',(0.035,0.062189524503419,0.00224257140709926));
#5693=CARTESIAN_POINT('',(0.035,0.0621784274517457,0.00223035095776192));
#5694=CARTESIAN_POINT('',(0.035,0.0621673831715841,0.0022186275900818));
#5695=CARTESIAN_POINT('',(0.035,0.0621547276386121,0.0022044285950839));
#5696=CARTESIAN_POINT('',(0.035,0.0621380216326837,0.00218503294151028));
#5697=CARTESIAN_POINT('',(0.035,0.0621183269428156,0.00216117340158016));
#5698=CARTESIAN_POINT('',(0.035,0.0620955444683447,0.00213243892892852));
#5699=CARTESIAN_POINT('',(0.035,0.0620699471495105,0.00209878683993305));
#5700=CARTESIAN_POINT('',(0.035,0.062041698640454,0.0020600683468696));
#5701=CARTESIAN_POINT('',(0.035,0.0620110002682933,0.00201617375442309));
#5702=CARTESIAN_POINT('',(0.035,0.0619780468783748,0.00196698916049122));
#5703=CARTESIAN_POINT('',(0.035,0.061943039692999,0.00191240938642527));
#5704=CARTESIAN_POINT('',(0.035,0.0619061823682509,0.00185233433397826));
#5705=CARTESIAN_POINT('',(0.035,0.0618676819378067,0.0017866701604062));
#5706=CARTESIAN_POINT('',(0.035,0.0618277483396616,0.00171532905406875));
#5707=CARTESIAN_POINT('',(0.035,0.0617865943454709,0.00163822940516087));
#5708=CARTESIAN_POINT('',(0.035,0.0617444353717646,0.00155529585786548));
#5709=CARTESIAN_POINT('',(0.035,0.0617014893218495,0.00146645939053698));
#5710=CARTESIAN_POINT('',(0.035,0.0616579764164082,0.00137165738249499));
#5711=CARTESIAN_POINT('',(0.035,0.0616141190250935,0.00127083367891632));
#5712=CARTESIAN_POINT('',(0.035,0.0615701414949495,0.00116393865154164));
#5713=CARTESIAN_POINT('',(0.035,0.0615262699804091,0.00105092925212419));
#5714=CARTESIAN_POINT('',(0.035,0.0614827322604407,0.000931769073742955));
#5715=CARTESIAN_POINT('',(0.035,0.0614397575981841,0.000806428360516226));
#5716=CARTESIAN_POINT('',(0.035,0.0613975764304244,0.000674884195204811));
#5717=CARTESIAN_POINT('',(0.035,0.0613564207064271,0.000537119980574041));
#5718=CARTESIAN_POINT('',(0.035,0.0613165217241224,0.000393127615501296));
#5719=CARTESIAN_POINT('',(0.035,0.0612781175751132,0.000242899298108889));
#5720=CARTESIAN_POINT('',(0.035,0.0612414237137871,8.64591112361701E-5));
#5721=CARTESIAN_POINT('',(0.035,0.0612067448846767,-7.62579174195949E-5));
#5722=CARTESIAN_POINT('',(0.035,0.0611790735068068,-0.00021900557729751));
#5723=CARTESIAN_POINT('',(0.035,0.0611636089818045,-0.000308146031571796));
#5724=CARTESIAN_POINT('',(0.035,0.0611581752912297,-0.000340060303879633));
#5725=CARTESIAN_POINT('',(0.035,0.0611581752912297,-0.000340060303879633));
#5726=CARTESIAN_POINT('',(0.035,0.0723,0.012055));
#5727=CARTESIAN_POINT('',(0.035,0.0620280060702478,-0.00106993498974041));
#5728=CARTESIAN_POINT('',(0.035,0.0650498204179702,0.00136504332066328));
#5729=CARTESIAN_POINT('',(0.035,0.064734407603122,0.000899329570611424));
#5730=CARTESIAN_POINT('',(0.035,0.0643923098911601,0.000394215000682985));
#5731=CARTESIAN_POINT('',(0.035,0.0643822020807079,0.000381164479401841));
#5732=CARTESIAN_POINT('',(0.035,0.0643725746364489,0.000368252245238524));
#5733=CARTESIAN_POINT('',(0.035,0.064360788966328,0.000353323348643062));
#5734=CARTESIAN_POINT('',(0.035,0.0643445889437995,0.000333503124585216));
#5735=CARTESIAN_POINT('',(0.035,0.0643245118308983,0.000309964475681129));
#5736=CARTESIAN_POINT('',(0.035,0.0643001700346269,0.000282538429377171));
#5737=CARTESIAN_POINT('',(0.035,0.0642714741242478,0.000251486367404199));
#5738=CARTESIAN_POINT('',(0.035,0.0642382491542134,0.000216943620911847));
#5739=CARTESIAN_POINT('',(0.035,0.0642003521356398,0.000179089410015334));
#5740=CARTESIAN_POINT('',(0.035,0.0641576370623142,0.000138095841030042));
#5741=CARTESIAN_POINT('',(0.035,0.0641099654116022,9.41428151568086E-5));
#5742=CARTESIAN_POINT('',(0.035,0.0640572032414659,4.74135126088821E-5));
#5743=CARTESIAN_POINT('',(0.035,0.0639992221838231,-1.90447386570758E-6));
#5744=CARTESIAN_POINT('',(0.035,0.0639358993057391,-5.3619644032929E-5));
#5745=CARTESIAN_POINT('',(0.035,0.063867117289835,-0.000107536630110899));
#5746=CARTESIAN_POINT('',(0.035,0.0637927645184301,-0.000163456373631202));
#5747=CARTESIAN_POINT('',(0.035,0.0637127351799605,-0.000221176267210812));
#5748=CARTESIAN_POINT('',(0.035,0.0636269293641745,-0.000280490309781195));
#5749=CARTESIAN_POINT('',(0.035,0.0635352531552819,-0.000341189261166844));
#5750=CARTESIAN_POINT('',(0.035,0.0634376187215326,-0.000403060800516192));
#5751=CARTESIAN_POINT('',(0.035,0.0633339443973745,-0.000465889684440057));
#5752=CARTESIAN_POINT('',(0.035,0.0632241547755866,-0.000529457916439755));
#5753=CARTESIAN_POINT('',(0.035,0.0631081807412196,-0.000593544883452493));
#5754=CARTESIAN_POINT('',(0.035,0.0629859597102707,-0.000657927629082428));
#5755=CARTESIAN_POINT('',(0.035,0.0628574350600874,-0.000722380609974163));
#5756=CARTESIAN_POINT('',(0.035,0.0627225586481571,-0.000786677448877865));
#5757=CARTESIAN_POINT('',(0.035,0.0625812814469574,-0.000850585026119149));
#5758=CARTESIAN_POINT('',(0.035,0.0624335897601933,-0.000913886978605366));
#5759=CARTESIAN_POINT('',(0.035,0.0622793666843047,-0.000976294473880146));
#5760=CARTESIAN_POINT('',(0.035,0.0621435927664732,-0.00102833333234698));
#5761=CARTESIAN_POINT('',(0.035,0.062058491942582,-0.00105904199390705));
#5762=CARTESIAN_POINT('',(0.035,0.0620280060702478,-0.00106993498974041));
#5763=CARTESIAN_POINT('',(0.035,0.0646827737055429,0.000823189491137175));
#5764=CARTESIAN_POINT('',(0.035,0.0652380791188629,0.00044686997271233));
#5765=CARTESIAN_POINT('',(0.035,0.0655867221649885,0.00101995679719736));
#5766=CARTESIAN_POINT('',(0.035,0.0722999999999971,0.0120549999999949));
#5767=CARTESIAN_POINT('',(0.035,0.0661000111720199,0.000723609250815702));
#5768=CARTESIAN_POINT('',(0.035,0.0657780249465045,0.000135132103775679));
#5769=CARTESIAN_POINT('',(0.035,0.0663815799160604,-0.00015761673180606));
#5770=CARTESIAN_POINT('',(0.035,0.0666673157413542,0.000431181960294596));
#5771=CARTESIAN_POINT('',(0.035,0.0664217022103416,-7.48304250690057E-5));
#5772=CARTESIAN_POINT('',(0.035,0.0661553090169429,-0.00062365301916878));
#5773=CARTESIAN_POINT('',(0.035,0.0661490608392069,-0.000638931900437567));
#5774=CARTESIAN_POINT('',(0.035,0.0661426922385314,-0.000653725628821128));
#5775=CARTESIAN_POINT('',(0.035,0.0661356562698897,-0.000671396766844176));
#5776=CARTESIAN_POINT('',(0.035,0.0661265914636112,-0.000695336509924663));
#5777=CARTESIAN_POINT('',(0.035,0.06611624495214,-0.000724493124183767));
#5778=CARTESIAN_POINT('',(0.035,0.0661046641974512,-0.00075928676128055));
#5779=CARTESIAN_POINT('',(0.035,0.0660921202781322,-0.000799664179640058));
#5780=CARTESIAN_POINT('',(0.035,0.0660788178671705,-0.00084570922097596));
#5781=CARTESIAN_POINT('',(0.035,0.0660649836681807,-0.000897456107236627));
#5782=CARTESIAN_POINT('',(0.035,0.0660508397327105,-0.000954945230353735));
#5783=CARTESIAN_POINT('',(0.035,0.0660366111210871,-0.00101820660384731));
#5784=CARTESIAN_POINT('',(0.035,0.0660225234430476,-0.00108726463481808));
#5785=CARTESIAN_POINT('',(0.035,0.0660088033427185,-0.00116213669691238));
#5786=CARTESIAN_POINT('',(0.035,0.0659956781306347,-0.00124283350305748));
#5787=CARTESIAN_POINT('',(0.035,0.0659833756589477,-0.00132935896919292));
#5788=CARTESIAN_POINT('',(0.035,0.0659721241261884,-0.00142171022983148));
#5789=CARTESIAN_POINT('',(0.035,0.0659621519012795,-0.00151987761678399));
#5790=CARTESIAN_POINT('',(0.035,0.0659536873415054,-0.00162384465433229));
#5791=CARTESIAN_POINT('',(0.035,0.0659469586120687,-0.00173358805584882));
#5792=CARTESIAN_POINT('',(0.035,0.0659421935040956,-0.00184907772543446));
#5793=CARTESIAN_POINT('',(0.035,0.0659396192566051,-0.0019702767658375));
#5794=CARTESIAN_POINT('',(0.035,0.0659394623637137,-0.00209714148337754));
#5795=CARTESIAN_POINT('',(0.035,0.0659419484394127,-0.00222962142682514));
#5796=CARTESIAN_POINT('',(0.035,0.0659473018616062,-0.00236765931731854));
#5797=CARTESIAN_POINT('',(0.035,0.065955746267896,-0.00251119141983567));
#5798=CARTESIAN_POINT('',(0.035,0.0659675017779874,-0.00266014623839042));
#5799=CARTESIAN_POINT('',(0.035,0.065982794793202,-0.00281444967222558));
#5800=CARTESIAN_POINT('',(0.035,0.0660018195376219,-0.00297400540113417));
#5801=CARTESIAN_POINT('',(0.035,0.0660248845992717,-0.0031387702503409));
#5802=CARTESIAN_POINT('',(0.035,0.0660477045847712,-0.00328237334158773));
#5803=CARTESIAN_POINT('',(0.035,0.0660636605156895,-0.00337142714774054));
#5804=CARTESIAN_POINT('',(0.035,0.0660694698407416,-0.00340327518555514));
#5805=CARTESIAN_POINT('',(0.035,0.0660694698407416,-0.00340327518555514));
#5806=CARTESIAN_POINT('',(0.035,0.0723,0.012055));
#5807=CARTESIAN_POINT('',(0.035,0.0671364752497853,-0.00379163339424806));
#5808=CARTESIAN_POINT('',(0.035,0.0691432402630059,-0.000469980867876405));
#5809=CARTESIAN_POINT('',(0.035,0.0690061326519332,-0.00101548617833981));
#5810=CARTESIAN_POINT('',(0.035,0.0688574253140177,-0.0016071429208296));
#5811=CARTESIAN_POINT('',(0.035,0.0688523906202825,-0.00162286347415447));
#5812=CARTESIAN_POINT('',(0.035,0.0688477600261344,-0.00163828978518093));
#5813=CARTESIAN_POINT('',(0.035,0.0688417911022441,-0.00165634929573212));
#5814=CARTESIAN_POINT('',(0.035,0.0688333469764905,-0.00168051494804868));
#5815=CARTESIAN_POINT('',(0.035,0.0688225313537224,-0.00170950081975915));
#5816=CARTESIAN_POINT('',(0.035,0.0688090378076772,-0.00174359825773786));
#5817=CARTESIAN_POINT('',(0.035,0.0687926929031338,-0.00178259223061476));
#5818=CARTESIAN_POINT('',(0.035,0.0687732859590729,-0.00182641540360847));
#5819=CARTESIAN_POINT('',(0.035,0.0687506213130058,-0.00187494826997774));
#5820=CARTESIAN_POINT('',(0.035,0.0687245029001452,-0.00192807903975388));
#5821=CARTESIAN_POINT('',(0.035,0.0686947390219592,-0.00198568603863726));
#5822=CARTESIAN_POINT('',(0.035,0.0686611411627804,-0.0020476429444082));
#5823=CARTESIAN_POINT('',(0.035,0.0686235245355706,-0.00211381738201556));
#5824=CARTESIAN_POINT('',(0.035,0.0685817081242209,-0.00218407144564246));
#5825=CARTESIAN_POINT('',(0.035,0.0685355148667391,-0.00225826167453272));
#5826=CARTESIAN_POINT('',(0.035,0.0684847717948085,-0.00233623919040753));
#5827=CARTESIAN_POINT('',(0.035,0.0684293101822771,-0.00241784979429046));
#5828=CARTESIAN_POINT('',(0.035,0.0683689656877036,-0.00250293407981614));
#5829=CARTESIAN_POINT('',(0.035,0.0683035784947582,-0.0025913275466277));
#5830=CARTESIAN_POINT('',(0.035,0.0682329934505855,-0.00268286071861538));
#5831=CARTESIAN_POINT('',(0.035,0.0681570601970937,-0.0027773592644186));
#5832=CARTESIAN_POINT('',(0.035,0.0680756333154803,-0.00287464412512468));
#5833=CARTESIAN_POINT('',(0.035,0.0679885724048258,-0.00297453163097137));
#5834=CARTESIAN_POINT('',(0.035,0.0678957423998264,-0.0030768336764683));
#5835=CARTESIAN_POINT('',(0.035,0.0677970129522224,-0.0031813576862765));
#5836=CARTESIAN_POINT('',(0.035,0.0676922613972707,-0.00328790740107382));
#5837=CARTESIAN_POINT('',(0.035,0.0675813619325457,-0.00339628052842274));
#5838=CARTESIAN_POINT('',(0.035,0.0674642276872042,-0.00350627843793043));
#5839=CARTESIAN_POINT('',(0.035,0.0673406500213152,-0.00361766969924144));
#5840=CARTESIAN_POINT('',(0.035,0.0672308626104651,-0.00371300764537344));
#5841=CARTESIAN_POINT('',(0.035,0.0671613969750598,-0.00377097054402006));
#5842=CARTESIAN_POINT('',(0.035,0.0671364752497853,-0.00379163339424806));
#5843=CARTESIAN_POINT('',(0.035,0.0689836541002902,-0.00110469428221831));
#5844=CARTESIAN_POINT('',(0.035,0.0696341793550975,-0.0012683933196866));
#5845=CARTESIAN_POINT('',(0.035,0.0697657894149816,-0.000610624915043023));
#5846=CARTESIAN_POINT('',(0.035,0.072299999999999,0.0120549999999942));
#5847=CARTESIAN_POINT('',(0.035,0.0703494801375072,-0.000713545337813482));
#5848=CARTESIAN_POINT('',(0.035,0.0702481830955702,-0.00137665874538781));
#5849=CARTESIAN_POINT('',(0.035,0.0709154652454046,-0.00144532470873522));
#5850=CARTESIAN_POINT('',(0.035,0.0709825880788651,-0.000794307514719581));
#5851=CARTESIAN_POINT('',(0.035,0.0709248532847741,-0.00135380839435167));
#5852=CARTESIAN_POINT('',(0.035,0.0708622339490041,-0.00196064477433501));
#5853=CARTESIAN_POINT('',(0.035,0.0708615882676536,-0.00197713922896196));
#5854=CARTESIAN_POINT('',(0.035,0.0708606634936961,-0.0019932189760737));
#5855=CARTESIAN_POINT('',(0.035,0.0708600957310428,-0.00201223085707813));
#5856=CARTESIAN_POINT('',(0.035,0.0708597654738336,-0.00203782720333698));
#5857=CARTESIAN_POINT('',(0.035,0.0708600150827411,-0.00206876417393964));
#5858=CARTESIAN_POINT('',(0.035,0.0708610328577635,-0.00210542034934829));
#5859=CARTESIAN_POINT('',(0.035,0.0708630553197582,-0.00214765298451043));
#5860=CARTESIAN_POINT('',(0.035,0.070866303473976,-0.00219547086258126));
#5861=CARTESIAN_POINT('',(0.035,0.0708710020567263,-0.00224882860447034));
#5862=CARTESIAN_POINT('',(0.035,0.0708773735430642,-0.00230768822007568));
#5863=CARTESIAN_POINT('',(0.035,0.0708856396857469,-0.00237200093771513));
#5864=CARTESIAN_POINT('',(0.035,0.0708960208362996,-0.00244171252948657));
#5865=CARTESIAN_POINT('',(0.035,0.0709087359126725,-0.00251676180442058));
#5866=CARTESIAN_POINT('',(0.035,0.0709240021809348,-0.00259708108459421));
#5867=CARTESIAN_POINT('',(0.035,0.070942035091402,-0.00268259611976139));
#5868=CARTESIAN_POINT('',(0.035,0.0709630481004956,-0.00277322616875066));
#5869=CARTESIAN_POINT('',(0.035,0.0709872524980913,-0.00286888403966438));
#5870=CARTESIAN_POINT('',(0.035,0.0710148572348168,-0.00296947614760064));
#5871=CARTESIAN_POINT('',(0.035,0.0710460687513335,-0.00307490257319201));
#5872=CARTESIAN_POINT('',(0.035,0.0710810908078782,-0.00318505712639057));
#5873=CARTESIAN_POINT('',(0.035,0.071120124319677,-0.00329982741479929));
#5874=CARTESIAN_POINT('',(0.035,0.0711633671774606,-0.00341909491423896));
#5875=CARTESIAN_POINT('',(0.035,0.0712110141336954,-0.00354273505153193));
#5876=CARTESIAN_POINT('',(0.035,0.0712632564441175,-0.00367061726039151));
#5877=CARTESIAN_POINT('',(0.035,0.0713202824606697,-0.00380260516092322));
#5878=CARTESIAN_POINT('',(0.035,0.0713822745751474,-0.00393855628350327));
#5879=CARTESIAN_POINT('',(0.035,0.07144942019125,-0.00407832356238453));
#5880=CARTESIAN_POINT('',(0.035,0.0715218688764635,-0.00422175005763082));
#5881=CARTESIAN_POINT('',(0.035,0.0715998958420345,-0.00436868965490403));
#5882=CARTESIAN_POINT('',(0.035,0.0716704547638651,-0.00449582752535947));
#5883=CARTESIAN_POINT('',(0.035,0.0717159066299509,-0.00457405348007457));
#5884=CARTESIAN_POINT('',(0.035,0.0717322582802921,-0.00460199394000851));
#5885=CARTESIAN_POINT('',(0.035,0.0717322582802921,-0.00460199394000851));
#5886=CARTESIAN_POINT('',(0.035,0.0723,0.012055));
#5887=CARTESIAN_POINT('',(0.035,0.072867741719708,-0.0046019939400085));
#5888=CARTESIAN_POINT('',(0.035,0.0736174119211349,-0.000794307514719567));
#5889=CARTESIAN_POINT('',(0.035,0.0736751467152259,-0.00135380839435166));
#5890=CARTESIAN_POINT('',(0.035,0.0737377660509959,-0.00196064477433501));
#5891=CARTESIAN_POINT('',(0.035,0.0737384117323464,-0.00197713922896195));
#5892=CARTESIAN_POINT('',(0.035,0.0737393365063039,-0.00199321897607369));
#5893=CARTESIAN_POINT('',(0.035,0.0737399042689572,-0.00201223085707812));
#5894=CARTESIAN_POINT('',(0.035,0.0737402345261664,-0.00203782720333696));
#5895=CARTESIAN_POINT('',(0.035,0.0737399849172589,-0.00206876417393964));
#5896=CARTESIAN_POINT('',(0.035,0.0737389671422365,-0.00210542034934829));
#5897=CARTESIAN_POINT('',(0.035,0.0737369446802418,-0.00214765298451042));
#5898=CARTESIAN_POINT('',(0.035,0.073733696526024,-0.00219547086258125));
#5899=CARTESIAN_POINT('',(0.035,0.0737289979432737,-0.00224882860447033));
#5900=CARTESIAN_POINT('',(0.035,0.0737226264569358,-0.00230768822007567));
#5901=CARTESIAN_POINT('',(0.035,0.0737143603142531,-0.00237200093771513));
#5902=CARTESIAN_POINT('',(0.035,0.0737039791637004,-0.00244171252948655));
#5903=CARTESIAN_POINT('',(0.035,0.0736912640873275,-0.00251676180442057));
#5904=CARTESIAN_POINT('',(0.035,0.0736759978190652,-0.00259708108459421));
#5905=CARTESIAN_POINT('',(0.035,0.073657964908598,-0.00268259611976138));
#5906=CARTESIAN_POINT('',(0.035,0.0736369518995044,-0.00277322616875066));
#5907=CARTESIAN_POINT('',(0.035,0.0736127475019087,-0.00286888403966438));
#5908=CARTESIAN_POINT('',(0.035,0.0735851427651833,-0.00296947614760062));
#5909=CARTESIAN_POINT('',(0.035,0.0735539312486665,-0.003074902573192));
#5910=CARTESIAN_POINT('',(0.035,0.0735189091921218,-0.00318505712639057));
#5911=CARTESIAN_POINT('',(0.035,0.073479875680323,-0.00329982741479929));
#5912=CARTESIAN_POINT('',(0.035,0.0734366328225394,-0.00341909491423896));
#5913=CARTESIAN_POINT('',(0.035,0.0733889858663046,-0.00354273505153191));
#5914=CARTESIAN_POINT('',(0.035,0.0733367435558825,-0.0036706172603915));
#5915=CARTESIAN_POINT('',(0.035,0.0732797175393303,-0.00380260516092321));
#5916=CARTESIAN_POINT('',(0.035,0.0732177254248526,-0.00393855628350326));
#5917=CARTESIAN_POINT('',(0.035,0.07315057980875,-0.00407832356238451));
#5918=CARTESIAN_POINT('',(0.035,0.0730781311235366,-0.00422175005763082));
#5919=CARTESIAN_POINT('',(0.035,0.0730001041579655,-0.00436868965490401));
#5920=CARTESIAN_POINT('',(0.035,0.072929545236135,-0.00449582752535946));
#5921=CARTESIAN_POINT('',(0.035,0.0728840933700491,-0.00457405348007456));
#5922=CARTESIAN_POINT('',(0.035,0.072867741719708,-0.0046019939400085));
#5923=CARTESIAN_POINT('',(0.035,0.0736845347545954,-0.00144532470873528));
#5924=CARTESIAN_POINT('',(0.035,0.0743518169044298,-0.00137665874538785));
#5925=CARTESIAN_POINT('',(0.035,0.0742505198624928,-0.000713545337813494));
#5926=CARTESIAN_POINT('',(0.035,0.072300000000001,0.0120549999999942));
#5927=CARTESIAN_POINT('',(0.035,0.0723,0.012055));
#5928=CARTESIAN_POINT('',(0.043,0.0723,0.012055));
#5929=CARTESIAN_POINT('',(0.043,0.0723,0.001805));
#5930=CARTESIAN_POINT('',(0.032,0.0723,0.012055));
#5931=CARTESIAN_POINT('',(0.032,0.0723,0.022305));
#5932=CARTESIAN_POINT('',(0.035,0.0723,-0.017945));
#5933=CARTESIAN_POINT('',(0.043,0.0723,-0.017945));
#5934=CARTESIAN_POINT('',(0.043,0.0723,-0.019545));
#5935=CARTESIAN_POINT('',(0.035,0.0423,0.012055));
#5936=CARTESIAN_POINT('',(0.043,0.0423,0.012055));
#5937=CARTESIAN_POINT('',(0.043,0.0423,0.010455));
#5938=CARTESIAN_POINT('',(0.035,0.0723,0.042055));
#5939=CARTESIAN_POINT('',(0.043,0.0723,0.042055));
#5940=CARTESIAN_POINT('',(0.043,0.0723,0.040455));
#5941=CARTESIAN_POINT('',(0.035,0.1023,0.012055));
#5942=CARTESIAN_POINT('',(0.043,0.1023,0.012055));
#5943=CARTESIAN_POINT('',(0.043,0.1023,0.010455));
#5944=CARTESIAN_POINT('',(0.035,0.0723,0.012055));
#5945=CARTESIAN_POINT('',(0.038,0.0723,0.012055));
#5946=CARTESIAN_POINT('',(0.038,0.0723,-0.030945));
#5947=CARTESIAN_POINT('',(0.035,0.114828544926343,0.0184050288541126));
#5948=CARTESIAN_POINT('',(0.0379749371855331,0.114828544926343,0.0184050288541126));
#5949=CARTESIAN_POINT('',(0.0379749371855331,0.0723,0.012055));
#5950=CARTESIAN_POINT('',(0.0379749371855331,0.110438768903529,0.0319153702514137));
#5951=CARTESIAN_POINT('',(0.0379749371855331,0.110438768903529,0.0319153702514137));
#5952=CARTESIAN_POINT('',(0.035,0.0794028068079123,0.0544643166114414));
#5953=CARTESIAN_POINT('',(0.0379749371855331,0.0794028068079123,0.0544643166114414));
#5954=CARTESIAN_POINT('',(0.0379749371855331,0.0723,0.012055));
#5955=CARTESIAN_POINT('',(0.0379749371855331,0.0651971931920877,0.0544643166114414));
#5956=CARTESIAN_POINT('',(0.0379749371855331,0.0651971931920877,0.0544643166114414));
#5957=CARTESIAN_POINT('',(0.035,0.0341612310964714,0.0319153702514137));
#5958=CARTESIAN_POINT('',(0.0379749371855331,0.0341612310964714,0.0319153702514137));
#5959=CARTESIAN_POINT('',(0.0379749371855331,0.0723,0.012055));
#5960=CARTESIAN_POINT('',(0.0379749371855331,0.0297714550736575,0.0184050288541126));
#5961=CARTESIAN_POINT('',(0.0379749371855331,0.0297714550736575,0.0184050288541126));
#5962=CARTESIAN_POINT('',(0.035,0.0416261377206295,-0.0180799327669104));
#5963=CARTESIAN_POINT('',(0.0379749371855331,0.0416261377206295,-0.0180799327669104));
#5964=CARTESIAN_POINT('',(0.0379749371855331,0.0723,0.012055));
#5965=CARTESIAN_POINT('',(0.0379749371855331,0.0531187205513557,-0.0264297829500573));
#5966=CARTESIAN_POINT('',(0.0379749371855331,0.0531187205513557,-0.0264297829500573));
#5967=CARTESIAN_POINT('',(0.035,0.0914812794486443,-0.0264297829500573));
#5968=CARTESIAN_POINT('',(0.0379749371855331,0.0914812794486443,-0.0264297829500573));
#5969=CARTESIAN_POINT('',(0.0379749371855331,0.0723,0.012055));
#5970=CARTESIAN_POINT('',(0.0379749371855331,0.102973862279371,-0.0180799327669104));
#5971=CARTESIAN_POINT('',(0.0379749371855331,0.102973862279371,-0.0180799327669104));
#5972=CARTESIAN_POINT('',(0.043,0.0638,0.012055));
#5973=CARTESIAN_POINT('',(0.043,0.0723,0.012055));
#5974=CARTESIAN_POINT('',(0.043,0.0723,-0.025945));
#5975=CARTESIAN_POINT('',(0.0387768386863172,0.0723,0.012055));
#5976=CARTESIAN_POINT('',(0.025,0.0723,0.012055));
#5977=CARTESIAN_POINT('',(0.025,0.065296250017178,0.0554940088075007));
#5978=CARTESIAN_POINT('',(0.025,0.0793037499828221,0.0554940088075007));
#5979=CARTESIAN_POINT('',(0.025,0.0793037499828221,0.0554940088075007));
#5980=CARTESIAN_POINT('',(0.035,0.065296250017178,0.0554940088075007));
#5981=CARTESIAN_POINT('',(0.025,0.0651370126712391,0.0526783198117536));
#5982=CARTESIAN_POINT('',(0.025,0.0723952660738469,0.0143229118975776));
#5983=CARTESIAN_POINT('',(0.025,0.0793269954823263,0.0536347028703958));
#5984=CARTESIAN_POINT('',(0.025,0.0786898095457897,0.0500210418527997));
#5985=CARTESIAN_POINT('',(0.025,0.0744029559836482,0.0545029395981812));
#5986=CARTESIAN_POINT('',(0.025,0.0701970440163519,0.0545029395981812));
#5987=CARTESIAN_POINT('',(0.025,0.0652730045178647,0.0536347028693128));
#5988=CARTESIAN_POINT('',(0.025,0.0722047339261531,0.0143229118975776));
#5989=CARTESIAN_POINT('',(0.025,0.0659101904542104,0.0500210418527997));
#5990=CARTESIAN_POINT('',(0.025,0.0723,0.012055));
#5991=CARTESIAN_POINT('',(0.0387768386863172,0.0723,0.012055));
#5992=CARTESIAN_POINT('',(0.015,0.0723,0.012055));
#5993=CARTESIAN_POINT('',(0.015,0.0659101904542104,0.0500210418527997));
#5994=CARTESIAN_POINT('',(0.015,0.0786898095457897,0.0500210418527997));
#5995=CARTESIAN_POINT('',(0.0387768386863172,0.0786898095457897,0.0500210418527997));
#5996=CARTESIAN_POINT('',(0.0387768386863172,0.0659101904542104,0.0500210418527997));
#5997=CARTESIAN_POINT('',(0.015,0.064833128360322,0.054401733379525));
#5998=CARTESIAN_POINT('',(0.015,0.0723,0.012055));
#5999=CARTESIAN_POINT('',(0.015,0.0699496374300403,0.0594968148450261));
#6000=CARTESIAN_POINT('',(0.015,0.0746503625699597,0.0594968148450261));
#6001=CARTESIAN_POINT('',(0.015,0.0744029559836482,0.0545029395981812));
#6002=CARTESIAN_POINT('',(0.015,0.0793269954823535,0.0536347028705501));
#6003=CARTESIAN_POINT('',(0.015,0.0723952660738469,0.0143229118975776));
#6004=CARTESIAN_POINT('',(0.015,0.0722047339261531,0.0143229118975776));
#6005=CARTESIAN_POINT('',(0.015,0.0652730045179298,0.053634702868944));
#6006=CARTESIAN_POINT('',(0.015,0.0701970440163519,0.0545029395981812));
#6007=CARTESIAN_POINT('',(0.0387768386863172,0.0723,0.012055));
#6008=CARTESIAN_POINT('',(0.033,0.0723,0.012055));
#6009=CARTESIAN_POINT('',(0.033,0.0699496374300403,0.0594968148450261));
#6010=CARTESIAN_POINT('',(0.033,0.0746503625699597,0.0594968148450261));
#6011=CARTESIAN_POINT('',(0.033,0.0746503625699597,0.0594968148450261));
#6012=CARTESIAN_POINT('',(0.015,0.0699496374300403,0.0594968148450261));
#6013=CARTESIAN_POINT('',(0.029,0.0722047339261531,0.0143229118975776));
#6014=CARTESIAN_POINT('',(0.0387768386863172,0.0652730052512908,0.0536346987098466));
#6015=CARTESIAN_POINT('',(0.029,0.0723952660738469,0.0143229118975776));
#6016=CARTESIAN_POINT('',(0.029,0.0793269947487092,0.0536346987098465));
#6017=CARTESIAN_POINT('',(0.0387768386863172,0.0701970440163519,0.0545029395981812));
#6018=CARTESIAN_POINT('',(0.0379749371855331,0.0651971931920877,0.0544643166114414));
#6019=CARTESIAN_POINT('',(0.0378975128570923,0.0651911671866503,0.0552443994273102));
#6020=CARTESIAN_POINT('',(0.0373933256304339,0.065550683079792,0.0567140217677428));
#6021=CARTESIAN_POINT('',(0.0360992444416911,0.0667577304014487,0.0582850363021292));
#6022=CARTESIAN_POINT('',(0.0346009925821134,0.0682686598645137,0.0592227043796584));
#6023=CARTESIAN_POINT('',(0.0335289913418475,0.0693910790960604,0.0594691427459377));
#6024=CARTESIAN_POINT('',(0.033,0.0699496374300403,0.0594968148450261));
#6025=CARTESIAN_POINT('',(0.033,0.0723,0.012055));
#6026=CARTESIAN_POINT('',(0.0379749371855331,0.0794028068079123,0.0544643166114414));
#6027=CARTESIAN_POINT('',(0.0378975128570923,0.0794088328133497,0.0552443994273102));
#6028=CARTESIAN_POINT('',(0.0373933256304324,0.0790493169202096,0.0567140217677427));
#6029=CARTESIAN_POINT('',(0.0360992444416965,0.0778422695985462,0.0582850363021295));
#6030=CARTESIAN_POINT('',(0.034600992582093,0.0763313401355056,0.0592227043796574));
#6031=CARTESIAN_POINT('',(0.0335289913418912,0.0752089209038983,0.0594691427459397));
#6032=CARTESIAN_POINT('',(0.033,0.0746503625699597,0.0594968148450261));
#6033=CARTESIAN_POINT('',(0.0387768386863172,0.0744029559836482,0.0545029395981812));
#6034=CARTESIAN_POINT('',(0.0387768386863172,0.0723,0.012055));
#6035=CARTESIAN_POINT('',(0.025,0.0723,0.012055));
#6036=CARTESIAN_POINT('',(0.025,0.0288227698431786,0.0188174298806558));
#6037=CARTESIAN_POINT('',(0.025,0.0331513253812692,0.0321393539999857));
#6038=CARTESIAN_POINT('',(0.025,0.0331513253812692,0.0321393539999857));
#6039=CARTESIAN_POINT('',(0.035,0.0288227698431786,0.0188174298806558));
#6040=CARTESIAN_POINT('',(0.025,0.0314514421644102,0.0177958904146027));
#6041=CARTESIAN_POINT('',(0.025,0.0701725264472316,0.0128464267384106));
#6042=CARTESIAN_POINT('',(0.025,0.0349268136702372,0.03158690464757));
#6043=CARTESIAN_POINT('',(0.025,0.0381667082384287,0.0298642221480739));
#6044=CARTESIAN_POINT('',(0.025,0.0325794595792165,0.0271721647037697));
#6045=CARTESIAN_POINT('',(0.025,0.0312797613044769,0.0231721047203088));
#6046=CARTESIAN_POINT('',(0.025,0.0305838916190318,0.0182207649641523));
#6047=CARTESIAN_POINT('',(0.025,0.0701136487756195,0.0126652198977826));
#6048=CARTESIAN_POINT('',(0.025,0.0342175887574921,0.0177100821352574));
#6049=CARTESIAN_POINT('',(0.025,0.0723,0.012055));
#6050=CARTESIAN_POINT('',(0.0387768386863172,0.0723,0.012055));
#6051=CARTESIAN_POINT('',(0.015,0.0723,0.012055));
#6052=CARTESIAN_POINT('',(0.015,0.0342175887574921,0.0177100821352574));
#6053=CARTESIAN_POINT('',(0.015,0.0381667082384287,0.0298642221480739));
#6054=CARTESIAN_POINT('',(0.0387768386863172,0.0381667082384287,0.0298642221480739));
#6055=CARTESIAN_POINT('',(0.0387768386863172,0.0342175887574921,0.0177100821352574));
#6056=CARTESIAN_POINT('',(0.015,0.0297184730441125,0.0180394433412828));
#6057=CARTESIAN_POINT('',(0.015,0.0723,0.012055));
#6058=CARTESIAN_POINT('',(0.015,0.0264538508697096,0.0244799993932864));
#6059=CARTESIAN_POINT('',(0.015,0.0279064548238302,0.0289506546689191));
#6060=CARTESIAN_POINT('',(0.015,0.0325794595792165,0.0271721647037697));
#6061=CARTESIAN_POINT('',(0.015,0.0349268136705581,0.0315869046473994));
#6062=CARTESIAN_POINT('',(0.015,0.0701725264472316,0.0128464267384106));
#6063=CARTESIAN_POINT('',(0.015,0.0701136487756195,0.0126652198977826));
#6064=CARTESIAN_POINT('',(0.015,0.0305838916191897,0.0182207649641302));
#6065=CARTESIAN_POINT('',(0.015,0.0312797613044769,0.0231721047203088));
#6066=CARTESIAN_POINT('',(0.0387768386863172,0.0723,0.012055));
#6067=CARTESIAN_POINT('',(0.033,0.0723,0.012055));
#6068=CARTESIAN_POINT('',(0.033,0.0264538508697096,0.0244799993932864));
#6069=CARTESIAN_POINT('',(0.033,0.0279064548238302,0.0289506546689191));
#6070=CARTESIAN_POINT('',(0.033,0.0279064548238302,0.0289506546689191));
#6071=CARTESIAN_POINT('',(0.015,0.0264538508697096,0.0244799993932864));
#6072=CARTESIAN_POINT('',(0.029,0.0701136487756195,0.0126652198977826));
#6073=CARTESIAN_POINT('',(0.0387768386863172,0.0305838957996766,0.018220764376601));
#6074=CARTESIAN_POINT('',(0.029,0.0701725264472316,0.0128464267384106));
#6075=CARTESIAN_POINT('',(0.029,0.0349268173931459,0.0315869026680644));
#6076=CARTESIAN_POINT('',(0.0387768386863172,0.0312797613044769,0.0231721047203088));
#6077=CARTESIAN_POINT('',(0.0379749371855331,0.0297714550736575,0.0184050288541126));
#6078=CARTESIAN_POINT('',(0.0378975128570923,0.0290276900902871,0.0186403566294974));
#6079=CARTESIAN_POINT('',(0.0373933256304337,0.0277410927076544,0.019436414840888));
#6080=CARTESIAN_POINT('',(0.036099244441692,0.0266199672329388,0.0210698552511627));
#6081=CARTESIAN_POINT('',(0.0346009925821101,0.0261950947790706,0.0227965899337086));
#6082=CARTESIAN_POINT('',(0.0335289913418545,0.0263075645823193,0.0239402277011419));
#6083=CARTESIAN_POINT('',(0.033,0.0264538508697096,0.0244799993932864));
#6084=CARTESIAN_POINT('',(0.033,0.0723,0.012055));
#6085=CARTESIAN_POINT('',(0.0379749371855331,0.0341612310964714,0.0319153702514137));
#6086=CARTESIAN_POINT('',(0.0378975128570923,0.0334211903892778,0.0321621601702756));
#6087=CARTESIAN_POINT('',(0.0373933256304326,0.0319123999651882,0.0322743785158994));
#6088=CARTESIAN_POINT('',(0.0360992444416957,0.030045278219657,0.0316118784846914));
#6089=CARTESIAN_POINT('',(0.0346009925820962,0.0286866000030193,0.0304646545442397));
#6090=CARTESIAN_POINT('',(0.0335289913418844,0.0281053765715249,0.0294733240632606));
#6091=CARTESIAN_POINT('',(0.033,0.0279064548238302,0.0289506546689191));
#6092=CARTESIAN_POINT('',(0.0387768386863172,0.0325794595792165,0.0271721647037697));
#6093=CARTESIAN_POINT('',(0.0387768386863172,0.0723,0.012055));
#6094=CARTESIAN_POINT('',(0.025,0.0723,0.012055));
#6095=CARTESIAN_POINT('',(0.025,0.0524333440092045,-0.0272045972947175));
#6096=CARTESIAN_POINT('',(0.025,0.041101038488292,-0.0189711953934246));
#6097=CARTESIAN_POINT('',(0.025,0.041101038488292,-0.0189711953934246));
#6098=CARTESIAN_POINT('',(0.035,0.0524333440092045,-0.0272045972947175));
#6099=CARTESIAN_POINT('',(0.025,0.0542171901949506,-0.0250202544098406));
#6100=CARTESIAN_POINT('',(0.025,0.0708898829603757,0.0102762167263657));
#6101=CARTESIAN_POINT('',(0.025,0.0421751050990933,-0.0174533219253534));
#6102=CARTESIAN_POINT('',(0.025,0.0448146559976424,-0.0149043372520926));
#6103=CARTESIAN_POINT('',(0.025,0.0456483999847936,-0.0210500179977213));
#6104=CARTESIAN_POINT('',(0.025,0.0490510542431812,-0.0235221910245384));
#6105=CARTESIAN_POINT('',(0.025,0.0535450226277475,-0.0257140505452505));
#6106=CARTESIAN_POINT('',(0.025,0.0710440267058348,0.0101642247398636));
#6107=CARTESIAN_POINT('',(0.025,0.0551535850243686,-0.0224160088840383));
#6108=CARTESIAN_POINT('',(0.025,0.0723,0.012055));
#6109=CARTESIAN_POINT('',(0.0387768386863172,0.0723,0.012055));
#6110=CARTESIAN_POINT('',(0.015,0.0723,0.012055));
#6111=CARTESIAN_POINT('',(0.015,0.0551535850243686,-0.0224160088840383));
#6112=CARTESIAN_POINT('',(0.015,0.0448146559976424,-0.0149043372520926));
#6113=CARTESIAN_POINT('',(0.0387768386863172,0.0448146559976424,-0.0149043372520926));
#6114=CARTESIAN_POINT('',(0.0387768386863172,0.0551535850243686,-0.0224160088840383));
#6115=CARTESIAN_POINT('',(0.015,0.0534500406880697,-0.0265931439908642));
#6116=CARTESIAN_POINT('',(0.015,0.0723,0.012055));
#6117=CARTESIAN_POINT('',(0.015,0.0463158841541437,-0.0277077429097782));
#6118=CARTESIAN_POINT('',(0.015,0.0425129176300634,-0.0249447259974531));
#6119=CARTESIAN_POINT('',(0.015,0.0456483999847936,-0.0210500179977213));
#6120=CARTESIAN_POINT('',(0.015,0.0421751050992977,-0.017453321925156));
#6121=CARTESIAN_POINT('',(0.015,0.0708898829603757,0.0102762167263657));
#6122=CARTESIAN_POINT('',(0.015,0.0710440267058348,0.0101642247398636));
#6123=CARTESIAN_POINT('',(0.015,0.0535450226278488,-0.0257140505450427));
#6124=CARTESIAN_POINT('',(0.015,0.0490510542431812,-0.0235221910245384));
#6125=CARTESIAN_POINT('',(0.0387768386863172,0.0723,0.012055));
#6126=CARTESIAN_POINT('',(0.033,0.0723,0.012055));
#6127=CARTESIAN_POINT('',(0.033,0.0463158841541437,-0.0277077429097782));
#6128=CARTESIAN_POINT('',(0.033,0.0425129176300634,-0.0249447259974532));
#6129=CARTESIAN_POINT('',(0.033,0.0425129176300634,-0.0249447259974532));
#6130=CARTESIAN_POINT('',(0.015,0.0463158841541437,-0.0277077429097782));
#6131=CARTESIAN_POINT('',(0.029,0.0710440267058348,0.0101642247398636));
#6132=CARTESIAN_POINT('',(0.0387768386863172,0.053545024474677,-0.0257140467584838));
#6133=CARTESIAN_POINT('',(0.029,0.0708898829603757,0.0102762167263657));
#6134=CARTESIAN_POINT('',(0.029,0.0421751081324986,-0.017453318996028));
#6135=CARTESIAN_POINT('',(0.0387768386863172,0.0490510542431812,-0.0235221910245384));
#6136=CARTESIAN_POINT('',(0.0379749371855331,0.0531187205513557,-0.0264297829500573));
#6137=CARTESIAN_POINT('',(0.0378975128570923,0.0526650745174283,-0.0270644252022414));
#6138=CARTESIAN_POINT('',(0.037393325630431,0.0515103977119852,-0.0280420565110124));
#6139=CARTESIAN_POINT('',(0.0360992444417014,0.0496104567412902,-0.0286035493532453));
#6140=CARTESIAN_POINT('',(0.0346009925820751,0.0478369416608902,-0.0284740367074306));
#6141=CARTESIAN_POINT('',(0.03352899134193,0.046784032590362,-0.0280136680625614));
#6142=CARTESIAN_POINT('',(0.033,0.0463158841541437,-0.0277077429097782));
#6143=CARTESIAN_POINT('',(0.033,0.0723,0.012055));
#6144=CARTESIAN_POINT('',(0.0379749371855331,0.0416261377206295,-0.0180799327669104));
#6145=CARTESIAN_POINT('',(0.0378975128570923,0.0411627414050879,-0.0187074910248418));
#6146=CARTESIAN_POINT('',(0.0373933256304324,0.0405897735342404,-0.0201077586135173));
#6147=CARTESIAN_POINT('',(0.0360992444416966,0.0406428761560313,-0.0220882206847392));
#6148=CARTESIAN_POINT('',(0.0346009925820927,0.0413140963014163,-0.0237349121501714));
#6149=CARTESIAN_POINT('',(0.0335289913418921,0.042077299697301,-0.0245940264477887));
#6150=CARTESIAN_POINT('',(0.033,0.0425129176300634,-0.0249447259974532));
#6151=CARTESIAN_POINT('',(0.0387768386863172,0.0456483999847936,-0.0210500179977213));
#6152=CARTESIAN_POINT('',(0.0387768386863172,0.0723,0.012055));
#6153=CARTESIAN_POINT('',(0.025,0.0723,0.012055));
#6154=CARTESIAN_POINT('',(0.025,0.103498961511708,-0.0189711953934246));
#6155=CARTESIAN_POINT('',(0.025,0.0921666559907955,-0.0272045972947175));
#6156=CARTESIAN_POINT('',(0.025,0.0921666559907955,-0.0272045972947175));
#6157=CARTESIAN_POINT('',(0.035,0.103498961511708,-0.0189711953934246));
#6158=CARTESIAN_POINT('',(0.025,0.101972766763969,-0.0165996577814336));
#6159=CARTESIAN_POINT('',(0.025,0.0735559732941652,0.0101642247398636));
#6160=CARTESIAN_POINT('',(0.025,0.0910549773744208,-0.0257140505496963));
#6161=CARTESIAN_POINT('',(0.025,0.0894464149756314,-0.0224160088840383));
#6162=CARTESIAN_POINT('',(0.025,0.0955489457568188,-0.0235221910245385));
#6163=CARTESIAN_POINT('',(0.025,0.0989516000152064,-0.0210500179977213));
#6164=CARTESIAN_POINT('',(0.025,0.102424894904529,-0.0174533219288513));
#6165=CARTESIAN_POINT('',(0.025,0.0737101170396243,0.0102762167263657));
#6166=CARTESIAN_POINT('',(0.025,0.0997853440023575,-0.0149043372520926));
#6167=CARTESIAN_POINT('',(0.025,0.0723,0.012055));
#6168=CARTESIAN_POINT('',(0.0387768386863172,0.0723,0.012055));
#6169=CARTESIAN_POINT('',(0.015,0.0723,0.012055));
#6170=CARTESIAN_POINT('',(0.015,0.0997853440023575,-0.0149043372520926));
#6171=CARTESIAN_POINT('',(0.015,0.0894464149756314,-0.0224160088840383));
#6172=CARTESIAN_POINT('',(0.0387768386863172,0.0894464149756314,-0.0224160088840383));
#6173=CARTESIAN_POINT('',(0.0387768386863172,0.0997853440023575,-0.0149043372520926));
#6174=CARTESIAN_POINT('',(0.015,0.103231611414562,-0.0178153099297369));
#6175=CARTESIAN_POINT('',(0.015,0.0723,0.012055));
#6176=CARTESIAN_POINT('',(0.015,0.102087082369937,-0.0249447259974532));
#6177=CARTESIAN_POINT('',(0.015,0.0982841158458563,-0.0277077429097782));
#6178=CARTESIAN_POINT('',(0.015,0.0955489457568188,-0.0235221910245385));
#6179=CARTESIAN_POINT('',(0.015,0.091054977374109,-0.0257140505490569));
#6180=CARTESIAN_POINT('',(0.015,0.0735559732941652,0.0101642247398636));
#6181=CARTESIAN_POINT('',(0.015,0.0737101170396243,0.0102762167263657));
#6182=CARTESIAN_POINT('',(0.015,0.102424894904449,-0.0174533219287745));
#6183=CARTESIAN_POINT('',(0.015,0.0989516000152064,-0.0210500179977213));
#6184=CARTESIAN_POINT('',(0.0387768386863172,0.0723,0.012055));
#6185=CARTESIAN_POINT('',(0.033,0.0723,0.012055));
#6186=CARTESIAN_POINT('',(0.033,0.102087082369937,-0.0249447259974532));
#6187=CARTESIAN_POINT('',(0.033,0.0982841158458563,-0.0277077429097782));
#6188=CARTESIAN_POINT('',(0.033,0.0982841158458563,-0.0277077429097782));
#6189=CARTESIAN_POINT('',(0.015,0.102087082369937,-0.0249447259974532));
#6190=CARTESIAN_POINT('',(0.029,0.0737101170396243,0.0102762167263657));
#6191=CARTESIAN_POINT('',(0.0387768386863172,0.102424891867501,-0.0174533189960281));
#6192=CARTESIAN_POINT('',(0.029,0.0735559732941652,0.0101642247398636));
#6193=CARTESIAN_POINT('',(0.029,0.0910549755253229,-0.0257140467584838));
#6194=CARTESIAN_POINT('',(0.0387768386863172,0.0989516000152064,-0.0210500179977213));
#6195=CARTESIAN_POINT('',(0.0379749371855331,0.102973862279371,-0.0180799327669104));
#6196=CARTESIAN_POINT('',(0.0378975128570923,0.103437258594912,-0.0187074910248418));
#6197=CARTESIAN_POINT('',(0.0373933256304355,0.104010226465757,-0.0201077586135192));
#6198=CARTESIAN_POINT('',(0.0360992444416858,0.103957123843977,-0.0220882206847327));
#6199=CARTESIAN_POINT('',(0.0346009925821331,0.103285903698554,-0.0237349121501953));
#6200=CARTESIAN_POINT('',(0.033528991341805,0.102522700302763,-0.024594026447737));
#6201=CARTESIAN_POINT('',(0.033,0.102087082369937,-0.0249447259974532));
#6202=CARTESIAN_POINT('',(0.033,0.0723,0.012055));
#6203=CARTESIAN_POINT('',(0.0379749371855331,0.0914812794486443,-0.0264297829500573));
#6204=CARTESIAN_POINT('',(0.0378975128570923,0.0919349254825717,-0.0270644252022414));
#6205=CARTESIAN_POINT('',(0.0373933256304345,0.0930896022880175,-0.0280420565110106));
#6206=CARTESIAN_POINT('',(0.036099244441689,0.0949895432587,-0.0286035493532517));
#6207=CARTESIAN_POINT('',(0.0346009925821208,0.096763058339146,-0.028474036707407));
#6208=CARTESIAN_POINT('',(0.0335289913418312,0.0978159674095598,-0.0280136680626125));
#6209=CARTESIAN_POINT('',(0.033,0.0982841158458563,-0.0277077429097782));
#6210=CARTESIAN_POINT('',(0.0387768386863172,0.0955489457568188,-0.0235221910245385));
#6211=CARTESIAN_POINT('',(0.0387768386863172,0.0723,0.012055));
#6212=CARTESIAN_POINT('',(0.025,0.0723,0.012055));
#6213=CARTESIAN_POINT('',(0.025,0.111448674618731,0.0321393539999857));
#6214=CARTESIAN_POINT('',(0.025,0.115777230156821,0.0188174298806557));
#6215=CARTESIAN_POINT('',(0.025,0.115777230156821,0.0188174298806557));
#6216=CARTESIAN_POINT('',(0.035,0.111448674618731,0.0321393539999857));
#6217=CARTESIAN_POINT('',(0.025,0.108721588205431,0.031420701964918));
#6218=CARTESIAN_POINT('',(0.025,0.0744863512243805,0.0126652198977826));
#6219=CARTESIAN_POINT('',(0.025,0.114016108378686,0.0182207649638316));
#6220=CARTESIAN_POINT('',(0.025,0.110382411242508,0.0177100821352574));
#6221=CARTESIAN_POINT('',(0.025,0.113320238695523,0.0231721047203088));
#6222=CARTESIAN_POINT('',(0.025,0.112020540420784,0.0271721647037697));
#6223=CARTESIAN_POINT('',(0.025,0.109673186335049,0.0315869046503807));
#6224=CARTESIAN_POINT('',(0.025,0.0744274735527684,0.0128464267384106));
#6225=CARTESIAN_POINT('',(0.025,0.106433291761571,0.0298642221480739));
#6226=CARTESIAN_POINT('',(0.025,0.0723,0.012055));
#6227=CARTESIAN_POINT('',(0.0387768386863172,0.0723,0.012055));
#6228=CARTESIAN_POINT('',(0.015,0.0723,0.012055));
#6229=CARTESIAN_POINT('',(0.015,0.106433291761571,0.0298642221480739));
#6230=CARTESIAN_POINT('',(0.015,0.110382411242508,0.0177100821352574));
#6231=CARTESIAN_POINT('',(0.0387768386863172,0.110382411242508,0.0177100821352574));
#6232=CARTESIAN_POINT('',(0.0387768386863172,0.106433291761571,0.0298642221480739));
#6233=CARTESIAN_POINT('',(0.015,0.110266746492934,0.0322422771997933));
#6234=CARTESIAN_POINT('',(0.015,0.0723,0.012055));
#6235=CARTESIAN_POINT('',(0.015,0.11669354517617,0.0289506546689191));
#6236=CARTESIAN_POINT('',(0.015,0.11814614913029,0.0244799993932864));
#6237=CARTESIAN_POINT('',(0.015,0.113320238695523,0.0231721047203088));
#6238=CARTESIAN_POINT('',(0.015,0.114016108378695,0.0182207649638328));
#6239=CARTESIAN_POINT('',(0.015,0.0744863512243805,0.0126652198977826));
#6240=CARTESIAN_POINT('',(0.015,0.0744274735527684,0.0128464267384106));
#6241=CARTESIAN_POINT('',(0.015,0.109673186334901,0.0315869046503022));
#6242=CARTESIAN_POINT('',(0.015,0.112020540420784,0.0271721647037697));
#6243=CARTESIAN_POINT('',(0.0387768386863172,0.0723,0.012055));
#6244=CARTESIAN_POINT('',(0.033,0.0723,0.012055));
#6245=CARTESIAN_POINT('',(0.033,0.11669354517617,0.0289506546689191));
#6246=CARTESIAN_POINT('',(0.033,0.11814614913029,0.0244799993932864));
#6247=CARTESIAN_POINT('',(0.033,0.11814614913029,0.0244799993932864));
#6248=CARTESIAN_POINT('',(0.015,0.11669354517617,0.0289506546689191));
#6249=CARTESIAN_POINT('',(0.029,0.0744274735527684,0.0128464267384106));
#6250=CARTESIAN_POINT('',(0.0387768386863172,0.109673182606854,0.0315869026680644));
#6251=CARTESIAN_POINT('',(0.029,0.0744863512243805,0.0126652198977826));
#6252=CARTESIAN_POINT('',(0.029,0.114016104200323,0.0182207643766009));
#6253=CARTESIAN_POINT('',(0.0387768386863172,0.112020540420784,0.0271721647037697));
#6254=CARTESIAN_POINT('',(0.0379749371855331,0.110438768903529,0.0319153702514137));
#6255=CARTESIAN_POINT('',(0.0378975128570923,0.111178809610722,0.0321621601702756));
#6256=CARTESIAN_POINT('',(0.0373933256304281,0.11268760003481,0.0322743785159033));
#6257=CARTESIAN_POINT('',(0.0360992444417115,0.114554721780348,0.0316118784846774));
#6258=CARTESIAN_POINT('',(0.0346009925820373,0.115913399996961,0.0304646545442917));
#6259=CARTESIAN_POINT('',(0.033528991342011,0.116494623428518,0.0294733240631487));
#6260=CARTESIAN_POINT('',(0.033,0.11669354517617,0.0289506546689191));
#6261=CARTESIAN_POINT('',(0.033,0.0723,0.012055));
#6262=CARTESIAN_POINT('',(0.0379749371855331,0.114828544926343,0.0184050288541126));
#6263=CARTESIAN_POINT('',(0.0378975128570923,0.115572309909713,0.0186403566294974));
#6264=CARTESIAN_POINT('',(0.0373933256304324,0.116858907292346,0.0194364148408869));
#6265=CARTESIAN_POINT('',(0.0360992444416963,0.11798003276706,0.0210698552511667));
#6266=CARTESIAN_POINT('',(0.034600992582094,0.118404905220933,0.022796589933694));
#6267=CARTESIAN_POINT('',(0.0335289913418894,0.118292435417672,0.0239402277011737));
#6268=CARTESIAN_POINT('',(0.033,0.11814614913029,0.0244799993932864));
#6269=CARTESIAN_POINT('',(0.0387768386863172,0.113320238695523,0.0231721047203088));
#6270=CARTESIAN_POINT('',(0.032,0.0723,0.012055));
#6271=CARTESIAN_POINT('',(0.032,0.0774635247502147,-0.00379163339424806));
#6272=CARTESIAN_POINT('',(0.032,0.0774635247502147,-0.00379163339424806));
#6273=CARTESIAN_POINT('',(0.032,0.0723,0.012055));
#6274=CARTESIAN_POINT('',(0.032,0.0785305301592584,-0.00340327518555512));
#6275=CARTESIAN_POINT('',(0.032,0.0785305301592584,-0.00340327518555512));
#6276=CARTESIAN_POINT('',(0.032,0.0723,0.012055));
#6277=CARTESIAN_POINT('',(0.032,0.0825719939297522,-0.00106993498974041));
#6278=CARTESIAN_POINT('',(0.032,0.0825719939297522,-0.00106993498974041));
#6279=CARTESIAN_POINT('',(0.032,0.0723,0.012055));
#6280=CARTESIAN_POINT('',(0.032,0.0834418247087703,-0.000340060303879619));
#6281=CARTESIAN_POINT('',(0.032,0.0834418247087703,-0.000340060303879619));
#6282=CARTESIAN_POINT('',(0.032,0.0723,0.012055));
#6283=CARTESIAN_POINT('',(0.032,0.088605349458985,0.00860342690963158));
#6284=CARTESIAN_POINT('',(0.032,0.088605349458985,0.00860342690963158));
#6285=CARTESIAN_POINT('',(0.032,0.0723,0.012055));
#6286=CARTESIAN_POINT('',(0.032,0.0888025240890105,0.00972165980418529));
#6287=CARTESIAN_POINT('',(0.032,0.0888025240890105,0.00972165980418529));
#6288=CARTESIAN_POINT('',(0.032,0.0723,0.012055));
#6289=CARTESIAN_POINT('',(0.032,0.0723,0.012055));
#6290=CARTESIAN_POINT('',(0.032,0.0870092507625848,0.00421818178205109));
#6291=CARTESIAN_POINT('',(0.032,0.0864415090428769,0.00323482427794042));
#6292=CARTESIAN_POINT('',(0.032,0.0870092507625848,0.00421818178205109));
#6293=CARTESIAN_POINT('',(0.032,0.0864415090428769,0.00323482427794042));
#6294=CARTESIAN_POINT('',(0.032,0.0723,0.012055));
#6295=CARTESIAN_POINT('',(0.032,0.0611581752912297,-0.000340060303879633));
#6296=CARTESIAN_POINT('',(0.032,0.0611581752912297,-0.000340060303879633));
#6297=CARTESIAN_POINT('',(0.032,0.0723,0.012055));
#6298=CARTESIAN_POINT('',(0.032,0.0620280060702478,-0.00106993498974041));
#6299=CARTESIAN_POINT('',(0.032,0.0620280060702478,-0.00106993498974041));
#6300=CARTESIAN_POINT('',(0.032,0.0723,0.012055));
#6301=CARTESIAN_POINT('',(0.032,0.0723,0.012055));
#6302=CARTESIAN_POINT('',(0.032,0.0581584909571231,0.00323482427794042));
#6303=CARTESIAN_POINT('',(0.032,0.0575907492374152,0.00421818178205107));
#6304=CARTESIAN_POINT('',(0.032,0.0581584909571231,0.00323482427794042));
#6305=CARTESIAN_POINT('',(0.032,0.0575907492374152,0.00421818178205107));
#6306=CARTESIAN_POINT('',(0.032,0.0723,0.012055));
#6307=CARTESIAN_POINT('',(0.032,0.0660694698407416,-0.00340327518555514));
#6308=CARTESIAN_POINT('',(0.032,0.0660694698407416,-0.00340327518555514));
#6309=CARTESIAN_POINT('',(0.032,0.0723,0.012055));
#6310=CARTESIAN_POINT('',(0.032,0.0671364752497853,-0.00379163339424806));
#6311=CARTESIAN_POINT('',(0.032,0.0671364752497853,-0.00379163339424806));
#6312=CARTESIAN_POINT('',(0.032,0.0723,0.012055));
#6313=CARTESIAN_POINT('',(0.032,0.0723,0.012055));
#6314=CARTESIAN_POINT('',(0.032,0.072867741719708,-0.0046019939400085));
#6315=CARTESIAN_POINT('',(0.032,0.0717322582802921,-0.00460199394000851));
#6316=CARTESIAN_POINT('',(0.032,0.072867741719708,-0.0046019939400085));
#6317=CARTESIAN_POINT('',(0.032,0.0717322582802921,-0.00460199394000851));
#6318=CARTESIAN_POINT('',(0.032,0.0723,0.012055));
#6319=CARTESIAN_POINT('',(0.032,0.0581584909571232,0.0208751757220596));
#6320=CARTESIAN_POINT('',(0.032,0.0581584909571232,0.0208751757220596));
#6321=CARTESIAN_POINT('',(0.032,0.0723,0.012055));
#6322=CARTESIAN_POINT('',(0.032,0.0575907492374152,0.0198918182179489));
#6323=CARTESIAN_POINT('',(0.032,0.0575907492374152,0.0198918182179489));
#6324=CARTESIAN_POINT('',(0.032,0.0723,0.012055));
#6325=CARTESIAN_POINT('',(0.032,0.0723,0.012055));
#6326=CARTESIAN_POINT('',(0.032,0.0611581752912297,0.0244500603038796));
#6327=CARTESIAN_POINT('',(0.032,0.0620280060702478,0.0251799349897405));
#6328=CARTESIAN_POINT('',(0.032,0.0611581752912297,0.0244500603038796));
#6329=CARTESIAN_POINT('',(0.032,0.0620280060702478,0.0251799349897405));
#6330=CARTESIAN_POINT('',(0.032,0.0723,0.012055));
#6331=CARTESIAN_POINT('',(0.032,0.055994650541015,0.0155065730903684));
#6332=CARTESIAN_POINT('',(0.032,0.055994650541015,0.0155065730903684));
#6333=CARTESIAN_POINT('',(0.032,0.0723,0.012055));
#6334=CARTESIAN_POINT('',(0.032,0.0557974759109895,0.0143883401958147));
#6335=CARTESIAN_POINT('',(0.032,0.0557974759109895,0.0143883401958147));
#6336=CARTESIAN_POINT('',(0.032,0.0723,0.012055));
#6337=CARTESIAN_POINT('',(0.032,0.0723,0.012055));
#6338=CARTESIAN_POINT('',(0.032,0.055994650541015,0.00860342690963157));
#6339=CARTESIAN_POINT('',(0.032,0.0557974759109895,0.00972165980418529));
#6340=CARTESIAN_POINT('',(0.032,0.055994650541015,0.00860342690963157));
#6341=CARTESIAN_POINT('',(0.032,0.0557974759109895,0.00972165980418529));
#6342=CARTESIAN_POINT('',(0.032,0.0723,0.012055));
#6343=CARTESIAN_POINT('',(0.032,0.0723,0.012055));
#6344=CARTESIAN_POINT('',(0.032,0.0660694698407416,0.0275132751855552));
#6345=CARTESIAN_POINT('',(0.032,0.0671364752497853,0.0279016333942481));
#6346=CARTESIAN_POINT('',(0.032,0.0660694698407416,0.0275132751855552));
#6347=CARTESIAN_POINT('',(0.032,0.0671364752497853,0.0279016333942481));
#6348=CARTESIAN_POINT('',(0.032,0.0723,0.012055));
#6349=CARTESIAN_POINT('',(0.032,0.0723,0.012055));
#6350=CARTESIAN_POINT('',(0.032,0.0717322582802921,0.0287119939400085));
#6351=CARTESIAN_POINT('',(0.032,0.0728677417197079,0.0287119939400085));
#6352=CARTESIAN_POINT('',(0.032,0.0717322582802921,0.0287119939400085));
#6353=CARTESIAN_POINT('',(0.032,0.0728677417197079,0.0287119939400085));
#6354=CARTESIAN_POINT('',(0.032,0.0723,0.012055));
#6355=CARTESIAN_POINT('',(0.032,0.0834418247087703,0.0244500603038796));
#6356=CARTESIAN_POINT('',(0.032,0.0834418247087703,0.0244500603038796));
#6357=CARTESIAN_POINT('',(0.032,0.0723,0.012055));
#6358=CARTESIAN_POINT('',(0.032,0.0825719939297522,0.0251799349897405));
#6359=CARTESIAN_POINT('',(0.032,0.0825719939297522,0.0251799349897405));
#6360=CARTESIAN_POINT('',(0.032,0.0723,0.012055));
#6361=CARTESIAN_POINT('',(0.032,0.0723,0.012055));
#6362=CARTESIAN_POINT('',(0.032,0.0774635247502147,0.0279016333942481));
#6363=CARTESIAN_POINT('',(0.032,0.0785305301592584,0.0275132751855552));
#6364=CARTESIAN_POINT('',(0.032,0.0774635247502147,0.0279016333942481));
#6365=CARTESIAN_POINT('',(0.032,0.0785305301592584,0.0275132751855552));
#6366=CARTESIAN_POINT('',(0.032,0.0723,0.012055));
#6367=CARTESIAN_POINT('',(0.032,0.0723,0.012055));
#6368=CARTESIAN_POINT('',(0.032,0.0864415090428769,0.0208751757220596));
#6369=CARTESIAN_POINT('',(0.032,0.0870092507625848,0.0198918182179489));
#6370=CARTESIAN_POINT('',(0.032,0.0864415090428769,0.0208751757220596));
#6371=CARTESIAN_POINT('',(0.032,0.0870092507625848,0.0198918182179489));
#6372=CARTESIAN_POINT('',(0.032,0.0723,0.012055));
#6373=CARTESIAN_POINT('',(0.032,0.0743518169044298,-0.00137665874538785));
#6374=CARTESIAN_POINT('',(0.032,0.0736845347545954,-0.00144532470873526));
#6375=CARTESIAN_POINT('',(0.032,0.0742505198624928,-0.000713545337813468));
#6376=CARTESIAN_POINT('',(0.032,0.0736174119211349,-0.000794307514719567));
#6377=CARTESIAN_POINT('',(0.032,0.0736751467152259,-0.00135380839435166));
#6378=CARTESIAN_POINT('',(0.032,0.0737377660509959,-0.00196064477433501));
#6379=CARTESIAN_POINT('',(0.032,0.0737384117323464,-0.00197713922896195));
#6380=CARTESIAN_POINT('',(0.032,0.0737393365063039,-0.00199321897607369));
#6381=CARTESIAN_POINT('',(0.032,0.0737399042689572,-0.00201223085707812));
#6382=CARTESIAN_POINT('',(0.032,0.0737402345261664,-0.00203782720333696));
#6383=CARTESIAN_POINT('',(0.032,0.0737399849172589,-0.00206876417393964));
#6384=CARTESIAN_POINT('',(0.032,0.0737389671422365,-0.00210542034934829));
#6385=CARTESIAN_POINT('',(0.032,0.0737369446802418,-0.00214765298451042));
#6386=CARTESIAN_POINT('',(0.032,0.073733696526024,-0.00219547086258125));
#6387=CARTESIAN_POINT('',(0.032,0.0737289979432737,-0.00224882860447033));
#6388=CARTESIAN_POINT('',(0.032,0.0737226264569358,-0.00230768822007567));
#6389=CARTESIAN_POINT('',(0.032,0.0737143603142531,-0.00237200093771513));
#6390=CARTESIAN_POINT('',(0.032,0.0737039791637004,-0.00244171252948655));
#6391=CARTESIAN_POINT('',(0.032,0.0736912640873275,-0.00251676180442057));
#6392=CARTESIAN_POINT('',(0.032,0.0736759978190652,-0.00259708108459421));
#6393=CARTESIAN_POINT('',(0.032,0.073657964908598,-0.00268259611976138));
#6394=CARTESIAN_POINT('',(0.032,0.0736369518995044,-0.00277322616875066));
#6395=CARTESIAN_POINT('',(0.032,0.0736127475019087,-0.00286888403966438));
#6396=CARTESIAN_POINT('',(0.032,0.0735851427651833,-0.00296947614760062));
#6397=CARTESIAN_POINT('',(0.032,0.0735539312486665,-0.003074902573192));
#6398=CARTESIAN_POINT('',(0.032,0.0735189091921218,-0.00318505712639057));
#6399=CARTESIAN_POINT('',(0.032,0.073479875680323,-0.00329982741479929));
#6400=CARTESIAN_POINT('',(0.032,0.0734366328225394,-0.00341909491423896));
#6401=CARTESIAN_POINT('',(0.032,0.0733889858663046,-0.00354273505153191));
#6402=CARTESIAN_POINT('',(0.032,0.0733367435558825,-0.0036706172603915));
#6403=CARTESIAN_POINT('',(0.032,0.0732797175393303,-0.00380260516092321));
#6404=CARTESIAN_POINT('',(0.032,0.0732177254248526,-0.00393855628350326));
#6405=CARTESIAN_POINT('',(0.032,0.07315057980875,-0.00407832356238451));
#6406=CARTESIAN_POINT('',(0.032,0.0730781311235366,-0.00422175005763082));
#6407=CARTESIAN_POINT('',(0.032,0.0730001041579655,-0.00436868965490401));
#6408=CARTESIAN_POINT('',(0.032,0.072929545236135,-0.00449582752535946));
#6409=CARTESIAN_POINT('',(0.032,0.0728840933700491,-0.00457405348007456));
#6410=CARTESIAN_POINT('',(0.032,0.072867741719708,-0.0046019939400085));
#6411=CARTESIAN_POINT('',(0.032,0.0709825880788651,-0.000794307514719581));
#6412=CARTESIAN_POINT('',(0.032,0.0709248532847741,-0.00135380839435167));
#6413=CARTESIAN_POINT('',(0.032,0.0708622339490041,-0.00196064477433501));
#6414=CARTESIAN_POINT('',(0.032,0.0708615882676536,-0.00197713922896196));
#6415=CARTESIAN_POINT('',(0.032,0.0708606634936961,-0.0019932189760737));
#6416=CARTESIAN_POINT('',(0.032,0.0708600957310428,-0.00201223085707813));
#6417=CARTESIAN_POINT('',(0.032,0.0708597654738336,-0.00203782720333698));
#6418=CARTESIAN_POINT('',(0.032,0.0708600150827411,-0.00206876417393964));
#6419=CARTESIAN_POINT('',(0.032,0.0708610328577635,-0.00210542034934829));
#6420=CARTESIAN_POINT('',(0.032,0.0708630553197582,-0.00214765298451043));
#6421=CARTESIAN_POINT('',(0.032,0.070866303473976,-0.00219547086258126));
#6422=CARTESIAN_POINT('',(0.032,0.0708710020567263,-0.00224882860447034));
#6423=CARTESIAN_POINT('',(0.032,0.0708773735430642,-0.00230768822007568));
#6424=CARTESIAN_POINT('',(0.032,0.0708856396857469,-0.00237200093771513));
#6425=CARTESIAN_POINT('',(0.032,0.0708960208362996,-0.00244171252948657));
#6426=CARTESIAN_POINT('',(0.032,0.0709087359126725,-0.00251676180442058));
#6427=CARTESIAN_POINT('',(0.032,0.0709240021809348,-0.00259708108459421));
#6428=CARTESIAN_POINT('',(0.032,0.070942035091402,-0.00268259611976139));
#6429=CARTESIAN_POINT('',(0.032,0.0709630481004956,-0.00277322616875066));
#6430=CARTESIAN_POINT('',(0.032,0.0709872524980913,-0.00286888403966438));
#6431=CARTESIAN_POINT('',(0.032,0.0710148572348168,-0.00296947614760064));
#6432=CARTESIAN_POINT('',(0.032,0.0710460687513335,-0.00307490257319201));
#6433=CARTESIAN_POINT('',(0.032,0.0710810908078782,-0.00318505712639057));
#6434=CARTESIAN_POINT('',(0.032,0.071120124319677,-0.00329982741479929));
#6435=CARTESIAN_POINT('',(0.032,0.0711633671774606,-0.00341909491423896));
#6436=CARTESIAN_POINT('',(0.032,0.0712110141336954,-0.00354273505153193));
#6437=CARTESIAN_POINT('',(0.032,0.0712632564441175,-0.00367061726039151));
#6438=CARTESIAN_POINT('',(0.032,0.0713202824606697,-0.00380260516092322));
#6439=CARTESIAN_POINT('',(0.032,0.0713822745751474,-0.00393855628350327));
#6440=CARTESIAN_POINT('',(0.032,0.07144942019125,-0.00407832356238453));
#6441=CARTESIAN_POINT('',(0.032,0.0715218688764635,-0.00422175005763082));
#6442=CARTESIAN_POINT('',(0.032,0.0715998958420345,-0.00436868965490403));
#6443=CARTESIAN_POINT('',(0.032,0.0716704547638651,-0.00449582752535947));
#6444=CARTESIAN_POINT('',(0.032,0.0717159066299509,-0.00457405348007457));
#6445=CARTESIAN_POINT('',(0.032,0.0717322582802921,-0.00460199394000851));
#6446=CARTESIAN_POINT('',(0.032,0.0709154652454046,-0.00144532470873522));
#6447=CARTESIAN_POINT('',(0.032,0.0702481830955702,-0.00137665874538781));
#6448=CARTESIAN_POINT('',(0.032,0.0703494801375072,-0.000713545337813482));
#6449=CARTESIAN_POINT('',(0.032,0.072299999999999,0.0120549999999942));
#6450=CARTESIAN_POINT('',(0.032,0.0697657894149816,-0.000610624915043004));
#6451=CARTESIAN_POINT('',(0.032,0.0696341793550975,-0.0012683933196866));
#6452=CARTESIAN_POINT('',(0.032,0.0689836541002902,-0.00110469428221829));
#6453=CARTESIAN_POINT('',(0.032,0.0691432402630059,-0.000469980867876405));
#6454=CARTESIAN_POINT('',(0.032,0.0690061326519332,-0.00101548617833981));
#6455=CARTESIAN_POINT('',(0.032,0.0688574253140177,-0.0016071429208296));
#6456=CARTESIAN_POINT('',(0.032,0.0688523906202825,-0.00162286347415447));
#6457=CARTESIAN_POINT('',(0.032,0.0688477600261344,-0.00163828978518093));
#6458=CARTESIAN_POINT('',(0.032,0.0688417911022441,-0.00165634929573212));
#6459=CARTESIAN_POINT('',(0.032,0.0688333469764905,-0.00168051494804868));
#6460=CARTESIAN_POINT('',(0.032,0.0688225313537224,-0.00170950081975915));
#6461=CARTESIAN_POINT('',(0.032,0.0688090378076772,-0.00174359825773786));
#6462=CARTESIAN_POINT('',(0.032,0.0687926929031338,-0.00178259223061476));
#6463=CARTESIAN_POINT('',(0.032,0.0687732859590729,-0.00182641540360847));
#6464=CARTESIAN_POINT('',(0.032,0.0687506213130058,-0.00187494826997774));
#6465=CARTESIAN_POINT('',(0.032,0.0687245029001452,-0.00192807903975388));
#6466=CARTESIAN_POINT('',(0.032,0.0686947390219592,-0.00198568603863726));
#6467=CARTESIAN_POINT('',(0.032,0.0686611411627804,-0.0020476429444082));
#6468=CARTESIAN_POINT('',(0.032,0.0686235245355706,-0.00211381738201556));
#6469=CARTESIAN_POINT('',(0.032,0.0685817081242209,-0.00218407144564246));
#6470=CARTESIAN_POINT('',(0.032,0.0685355148667391,-0.00225826167453272));
#6471=CARTESIAN_POINT('',(0.032,0.0684847717948085,-0.00233623919040753));
#6472=CARTESIAN_POINT('',(0.032,0.0684293101822771,-0.00241784979429046));
#6473=CARTESIAN_POINT('',(0.032,0.0683689656877036,-0.00250293407981614));
#6474=CARTESIAN_POINT('',(0.032,0.0683035784947582,-0.0025913275466277));
#6475=CARTESIAN_POINT('',(0.032,0.0682329934505855,-0.00268286071861538));
#6476=CARTESIAN_POINT('',(0.032,0.0681570601970937,-0.0027773592644186));
#6477=CARTESIAN_POINT('',(0.032,0.0680756333154803,-0.00287464412512468));
#6478=CARTESIAN_POINT('',(0.032,0.0679885724048258,-0.00297453163097137));
#6479=CARTESIAN_POINT('',(0.032,0.0678957423998264,-0.0030768336764683));
#6480=CARTESIAN_POINT('',(0.032,0.0677970129522224,-0.0031813576862765));
#6481=CARTESIAN_POINT('',(0.032,0.0676922613972707,-0.00328790740107382));
#6482=CARTESIAN_POINT('',(0.032,0.0675813619325457,-0.00339628052842274));
#6483=CARTESIAN_POINT('',(0.032,0.0674642276872042,-0.00350627843793043));
#6484=CARTESIAN_POINT('',(0.032,0.0673406500213152,-0.00361766969924144));
#6485=CARTESIAN_POINT('',(0.032,0.0672308626104651,-0.00371300764537344));
#6486=CARTESIAN_POINT('',(0.032,0.0671613969750598,-0.00377097054402006));
#6487=CARTESIAN_POINT('',(0.032,0.0671364752497853,-0.00379163339424806));
#6488=CARTESIAN_POINT('',(0.032,0.0666673157413542,0.000431181960294596));
#6489=CARTESIAN_POINT('',(0.032,0.0664217022103416,-7.48304250690057E-5));
#6490=CARTESIAN_POINT('',(0.032,0.0661553090169429,-0.00062365301916878));
#6491=CARTESIAN_POINT('',(0.032,0.0661490608392069,-0.000638931900437567));
#6492=CARTESIAN_POINT('',(0.032,0.0661426922385314,-0.000653725628821128));
#6493=CARTESIAN_POINT('',(0.032,0.0661356562698897,-0.000671396766844176));
#6494=CARTESIAN_POINT('',(0.032,0.0661265914636112,-0.000695336509924663));
#6495=CARTESIAN_POINT('',(0.032,0.06611624495214,-0.000724493124183767));
#6496=CARTESIAN_POINT('',(0.032,0.0661046641974512,-0.00075928676128055));
#6497=CARTESIAN_POINT('',(0.032,0.0660921202781322,-0.000799664179640058));
#6498=CARTESIAN_POINT('',(0.032,0.0660788178671705,-0.00084570922097596));
#6499=CARTESIAN_POINT('',(0.032,0.0660649836681807,-0.000897456107236627));
#6500=CARTESIAN_POINT('',(0.032,0.0660508397327105,-0.000954945230353735));
#6501=CARTESIAN_POINT('',(0.032,0.0660366111210871,-0.00101820660384731));
#6502=CARTESIAN_POINT('',(0.032,0.0660225234430476,-0.00108726463481808));
#6503=CARTESIAN_POINT('',(0.032,0.0660088033427185,-0.00116213669691238));
#6504=CARTESIAN_POINT('',(0.032,0.0659956781306347,-0.00124283350305748));
#6505=CARTESIAN_POINT('',(0.032,0.0659833756589477,-0.00132935896919292));
#6506=CARTESIAN_POINT('',(0.032,0.0659721241261884,-0.00142171022983148));
#6507=CARTESIAN_POINT('',(0.032,0.0659621519012795,-0.00151987761678399));
#6508=CARTESIAN_POINT('',(0.032,0.0659536873415054,-0.00162384465433229));
#6509=CARTESIAN_POINT('',(0.032,0.0659469586120687,-0.00173358805584882));
#6510=CARTESIAN_POINT('',(0.032,0.0659421935040956,-0.00184907772543446));
#6511=CARTESIAN_POINT('',(0.032,0.0659396192566051,-0.0019702767658375));
#6512=CARTESIAN_POINT('',(0.032,0.0659394623637137,-0.00209714148337754));
#6513=CARTESIAN_POINT('',(0.032,0.0659419484394127,-0.00222962142682514));
#6514=CARTESIAN_POINT('',(0.032,0.0659473018616062,-0.00236765931731854));
#6515=CARTESIAN_POINT('',(0.032,0.065955746267896,-0.00251119141983567));
#6516=CARTESIAN_POINT('',(0.032,0.0659675017779874,-0.00266014623839042));
#6517=CARTESIAN_POINT('',(0.032,0.065982794793202,-0.00281444967222558));
#6518=CARTESIAN_POINT('',(0.032,0.0660018195376219,-0.00297400540113417));
#6519=CARTESIAN_POINT('',(0.032,0.0660248845992717,-0.0031387702503409));
#6520=CARTESIAN_POINT('',(0.032,0.0660477045847712,-0.00328237334158773));
#6521=CARTESIAN_POINT('',(0.032,0.0660636605156895,-0.00337142714774054));
#6522=CARTESIAN_POINT('',(0.032,0.0660694698407416,-0.00340327518555514));
#6523=CARTESIAN_POINT('',(0.032,0.0663815799160604,-0.00015761673180606));
#6524=CARTESIAN_POINT('',(0.032,0.0657780249465045,0.000135132103775679));
#6525=CARTESIAN_POINT('',(0.032,0.0661000111720199,0.000723609250815702));
#6526=CARTESIAN_POINT('',(0.032,0.0722999999999971,0.0120549999999949));
#6527=CARTESIAN_POINT('',(0.032,0.0655867221649885,0.00101995679719735));
#6528=CARTESIAN_POINT('',(0.032,0.0652380791188629,0.00044686997271233));
#6529=CARTESIAN_POINT('',(0.032,0.0646827737055429,0.000823189491137188));
#6530=CARTESIAN_POINT('',(0.032,0.0650498204179702,0.00136504332066328));
#6531=CARTESIAN_POINT('',(0.032,0.064734407603122,0.000899329570611424));
#6532=CARTESIAN_POINT('',(0.032,0.0643923098911601,0.000394215000682985));
#6533=CARTESIAN_POINT('',(0.032,0.0643822020807079,0.000381164479401841));
#6534=CARTESIAN_POINT('',(0.032,0.0643725746364489,0.000368252245238524));
#6535=CARTESIAN_POINT('',(0.032,0.064360788966328,0.000353323348643062));
#6536=CARTESIAN_POINT('',(0.032,0.0643445889437995,0.000333503124585216));
#6537=CARTESIAN_POINT('',(0.032,0.0643245118308983,0.000309964475681129));
#6538=CARTESIAN_POINT('',(0.032,0.0643001700346269,0.000282538429377171));
#6539=CARTESIAN_POINT('',(0.032,0.0642714741242478,0.000251486367404199));
#6540=CARTESIAN_POINT('',(0.032,0.0642382491542134,0.000216943620911847));
#6541=CARTESIAN_POINT('',(0.032,0.0642003521356398,0.000179089410015334));
#6542=CARTESIAN_POINT('',(0.032,0.0641576370623142,0.000138095841030042));
#6543=CARTESIAN_POINT('',(0.032,0.0641099654116022,9.41428151568086E-5));
#6544=CARTESIAN_POINT('',(0.032,0.0640572032414659,4.74135126088821E-5));
#6545=CARTESIAN_POINT('',(0.032,0.0639992221838231,-1.90447386570758E-6));
#6546=CARTESIAN_POINT('',(0.032,0.0639358993057391,-5.3619644032929E-5));
#6547=CARTESIAN_POINT('',(0.032,0.063867117289835,-0.000107536630110899));
#6548=CARTESIAN_POINT('',(0.032,0.0637927645184301,-0.000163456373631202));
#6549=CARTESIAN_POINT('',(0.032,0.0637127351799605,-0.000221176267210812));
#6550=CARTESIAN_POINT('',(0.032,0.0636269293641745,-0.000280490309781195));
#6551=CARTESIAN_POINT('',(0.032,0.0635352531552819,-0.000341189261166844));
#6552=CARTESIAN_POINT('',(0.032,0.0634376187215326,-0.000403060800516192));
#6553=CARTESIAN_POINT('',(0.032,0.0633339443973745,-0.000465889684440057));
#6554=CARTESIAN_POINT('',(0.032,0.0632241547755866,-0.000529457916439755));
#6555=CARTESIAN_POINT('',(0.032,0.0631081807412196,-0.000593544883452493));
#6556=CARTESIAN_POINT('',(0.032,0.0629859597102707,-0.000657927629082428));
#6557=CARTESIAN_POINT('',(0.032,0.0628574350600874,-0.000722380609974163));
#6558=CARTESIAN_POINT('',(0.032,0.0627225586481571,-0.000786677448877865));
#6559=CARTESIAN_POINT('',(0.032,0.0625812814469574,-0.000850585026119149));
#6560=CARTESIAN_POINT('',(0.032,0.0624335897601933,-0.000913886978605366));
#6561=CARTESIAN_POINT('',(0.032,0.0622793666843047,-0.000976294473880146));
#6562=CARTESIAN_POINT('',(0.032,0.0621435927664732,-0.00102833333234698));
#6563=CARTESIAN_POINT('',(0.032,0.062058491942582,-0.00105904199390705));
#6564=CARTESIAN_POINT('',(0.032,0.0620280060702478,-0.00106993498974041));
#6565=CARTESIAN_POINT('',(0.032,0.063031428255002,0.003058675440181));
#6566=CARTESIAN_POINT('',(0.032,0.0626275606037777,0.00266718411070818));
#6567=CARTESIAN_POINT('',(0.032,0.062189524503419,0.00224257140709926));
#6568=CARTESIAN_POINT('',(0.032,0.0621784274517457,0.00223035095776192));
#6569=CARTESIAN_POINT('',(0.032,0.0621673831715841,0.0022186275900818));
#6570=CARTESIAN_POINT('',(0.032,0.0621547276386121,0.0022044285950839));
#6571=CARTESIAN_POINT('',(0.032,0.0621380216326837,0.00218503294151028));
#6572=CARTESIAN_POINT('',(0.032,0.0621183269428156,0.00216117340158016));
#6573=CARTESIAN_POINT('',(0.032,0.0620955444683447,0.00213243892892852));
#6574=CARTESIAN_POINT('',(0.032,0.0620699471495105,0.00209878683993305));
#6575=CARTESIAN_POINT('',(0.032,0.062041698640454,0.0020600683468696));
#6576=CARTESIAN_POINT('',(0.032,0.0620110002682933,0.00201617375442309));
#6577=CARTESIAN_POINT('',(0.032,0.0619780468783748,0.00196698916049122));
#6578=CARTESIAN_POINT('',(0.032,0.061943039692999,0.00191240938642527));
#6579=CARTESIAN_POINT('',(0.032,0.0619061823682509,0.00185233433397826));
#6580=CARTESIAN_POINT('',(0.032,0.0618676819378067,0.0017866701604062));
#6581=CARTESIAN_POINT('',(0.032,0.0618277483396616,0.00171532905406875));
#6582=CARTESIAN_POINT('',(0.032,0.0617865943454709,0.00163822940516087));
#6583=CARTESIAN_POINT('',(0.032,0.0617444353717646,0.00155529585786548));
#6584=CARTESIAN_POINT('',(0.032,0.0617014893218495,0.00146645939053698));
#6585=CARTESIAN_POINT('',(0.032,0.0616579764164082,0.00137165738249499));
#6586=CARTESIAN_POINT('',(0.032,0.0616141190250935,0.00127083367891632));
#6587=CARTESIAN_POINT('',(0.032,0.0615701414949495,0.00116393865154164));
#6588=CARTESIAN_POINT('',(0.032,0.0615262699804091,0.00105092925212419));
#6589=CARTESIAN_POINT('',(0.032,0.0614827322604407,0.000931769073742955));
#6590=CARTESIAN_POINT('',(0.032,0.0614397575981841,0.000806428360516226));
#6591=CARTESIAN_POINT('',(0.032,0.0613975764304244,0.000674884195204811));
#6592=CARTESIAN_POINT('',(0.032,0.0613564207064271,0.000537119980574041));
#6593=CARTESIAN_POINT('',(0.032,0.0613165217241224,0.000393127615501296));
#6594=CARTESIAN_POINT('',(0.032,0.0612781175751132,0.000242899298108889));
#6595=CARTESIAN_POINT('',(0.032,0.0612414237137871,8.64591112361701E-5));
#6596=CARTESIAN_POINT('',(0.032,0.0612067448846767,-7.62579174195949E-5));
#6597=CARTESIAN_POINT('',(0.032,0.0611790735068068,-0.00021900557729751));
#6598=CARTESIAN_POINT('',(0.032,0.0611636089818045,-0.000308146031571796));
#6599=CARTESIAN_POINT('',(0.032,0.0611581752912297,-0.000340060303879633));
#6600=CARTESIAN_POINT('',(0.032,0.062561543395417,0.00260311306200588));
#6601=CARTESIAN_POINT('',(0.032,0.0620945132429908,0.00308463493973814));
#6602=CARTESIAN_POINT('',(0.032,0.0625983523612768,0.00352749679731313));
#6603=CARTESIAN_POINT('',(0.032,0.0722999999999955,0.0120549999999962));
#6604=CARTESIAN_POINT('',(0.032,0.0622173752993266,0.00398152757958835));
#6605=CARTESIAN_POINT('',(0.032,0.0616937507637456,0.00356224506415549));
#6606=CARTESIAN_POINT('',(0.032,0.0613006432201942,0.00410579537573029));
#6607=CARTESIAN_POINT('',(0.032,0.061830879231782,0.00448943405168895));
#6608=CARTESIAN_POINT('',(0.032,0.0613752046536264,0.00415968381350779));
#6609=CARTESIAN_POINT('',(0.032,0.0608809786005052,0.00380203568797117));
#6610=CARTESIAN_POINT('',(0.032,0.060867016824452,0.00379322928420545));
#6611=CARTESIAN_POINT('',(0.032,0.0608535537419455,0.00378438853290968));
#6612=CARTESIAN_POINT('',(0.032,0.0608373728513486,0.00377439089552638));
#6613=CARTESIAN_POINT('',(0.032,0.060815370893849,0.00376130671126399));
#6614=CARTESIAN_POINT('',(0.032,0.0607884538869372,0.00374605439361756));
#6615=CARTESIAN_POINT('',(0.032,0.0607561998203165,0.00372860772493796));
#6616=CARTESIAN_POINT('',(0.032,0.0607186140544,0.00370924291082249));
#6617=CARTESIAN_POINT('',(0.032,0.0606755784801267,0.00368814695585508));
#6618=CARTESIAN_POINT('',(0.032,0.060627020028787,0.00366553717693412));
#6619=CARTESIAN_POINT('',(0.032,0.0605728603632468,0.00364162523815993));
#6620=CARTESIAN_POINT('',(0.032,0.0605130308446433,0.00361662756889475));
#6621=CARTESIAN_POINT('',(0.032,0.0604474682599547,0.00359076211310818));
#6622=CARTESIAN_POINT('',(0.032,0.0603761161431397,0.00356424905479115));
#6623=CARTESIAN_POINT('',(0.032,0.0602989244719646,0.00353731039084043));
#6624=CARTESIAN_POINT('',(0.032,0.0602158498238706,0.00351016983182569));
#6625=CARTESIAN_POINT('',(0.032,0.0601268553945529,0.00348305260701598));
#6626=CARTESIAN_POINT('',(0.032,0.0600319110494719,0.00345618529476029));
#6627=CARTESIAN_POINT('',(0.032,0.0599309933602161,0.00342979564406122));
#6628=CARTESIAN_POINT('',(0.032,0.0598240856391654,0.00340411239745969));
#6629=CARTESIAN_POINT('',(0.032,0.0597111779694806,0.00337936511152089));
#6630=CARTESIAN_POINT('',(0.032,0.0595922672282196,0.00335578398013319));
#6631=CARTESIAN_POINT('',(0.032,0.0594673571149671,0.00333359964378621));
#6632=CARTESIAN_POINT('',(0.032,0.0593364581370267,0.00331304304965208));
#6633=CARTESIAN_POINT('',(0.032,0.0591995877402511,0.00329434511320023));
#6634=CARTESIAN_POINT('',(0.032,0.0590567698571224,0.00327773714194519));
#6635=CARTESIAN_POINT('',(0.032,0.0589080366740562,0.00326344832662714));
#6636=CARTESIAN_POINT('',(0.032,0.0587534218518759,0.00325171449648418));
#6637=CARTESIAN_POINT('',(0.032,0.0585929865208101,0.00324274365072662));
#6638=CARTESIAN_POINT('',(0.032,0.0584267196139642,0.00323684718645473));
#6639=CARTESIAN_POINT('',(0.032,0.0582813355274514,0.00323438406999595));
#6640=CARTESIAN_POINT('',(0.032,0.0581908639303899,0.00323463356331813));
#6641=CARTESIAN_POINT('',(0.032,0.0581584909571231,0.00323482427794042));
#6642=CARTESIAN_POINT('',(0.032,0.0605134673106471,0.0067712584335915));
#6643=CARTESIAN_POINT('',(0.032,0.0600000579384005,0.00654150779214056));
#6644=CARTESIAN_POINT('',(0.032,0.0594432125495093,0.00629231953769382));
#6645=CARTESIAN_POINT('',(0.032,0.0594286050921056,0.00628463148683262));
#6646=CARTESIAN_POINT('',(0.032,0.0594142172356416,0.00627739249101664));
#6647=CARTESIAN_POINT('',(0.032,0.0593974685823914,0.00626837824739551));
#6648=CARTESIAN_POINT('',(0.032,0.0593751363676826,0.00625586608539906));
#6649=CARTESIAN_POINT('',(0.032,0.0593484689696783,0.00624018143244282));
#6650=CARTESIAN_POINT('',(0.032,0.05931723267808,0.00622097192571377));
#6651=CARTESIAN_POINT('',(0.032,0.0592816693741582,0.0061981041046671));
#6652=CARTESIAN_POINT('',(0.032,0.0592418819541027,0.00617138218156368));
#6653=CARTESIAN_POINT('',(0.032,0.0591980220855133,0.00614063421859556));
#6654=CARTESIAN_POINT('',(0.032,0.0591502339063111,0.00610568654176442));
#6655=CARTESIAN_POINT('',(0.032,0.0590986705303902,0.00606637149339014));
#6656=CARTESIAN_POINT('',(0.032,0.0590434890962543,0.00602252535740529));
#6657=CARTESIAN_POINT('',(0.032,0.0589848520558123,0.00597398914078828));
#6658=CARTESIAN_POINT('',(0.032,0.0589229266528994,0.00592060852456538));
#6659=CARTESIAN_POINT('',(0.032,0.0588578849152727,0.00586223404841295));
#6660=CARTESIAN_POINT('',(0.032,0.0587899034950485,0.00579872122423337));
#6661=CARTESIAN_POINT('',(0.032,0.0587191635475631,0.00572993066557534));
#6662=CARTESIAN_POINT('',(0.032,0.0586458505950329,0.00565572820833816));
#6663=CARTESIAN_POINT('',(0.032,0.0585701543904989,0.00557598502934831));
#6664=CARTESIAN_POINT('',(0.032,0.0584922687773588,0.00549057776208855));
#6665=CARTESIAN_POINT('',(0.032,0.0584123915478966,0.00539938860506755));
#6666=CARTESIAN_POINT('',(0.032,0.0583307242924278,0.00530230544197483));
#6667=CARTESIAN_POINT('',(0.032,0.0582474722707221,0.00519922189881602));
#6668=CARTESIAN_POINT('',(0.032,0.0581628441843687,0.00509003762640827));
#6669=CARTESIAN_POINT('',(0.032,0.0580770523177921,0.0049746576971316));
#6670=CARTESIAN_POINT('',(0.032,0.0579903112492036,0.0048529953898696));
#6671=CARTESIAN_POINT('',(0.032,0.057902842043126,0.00472496194113132));
#6672=CARTESIAN_POINT('',(0.032,0.0578148553972736,0.00459050629164257));
#6673=CARTESIAN_POINT('',(0.032,0.0577266154559987,0.00444946315864126));
#6674=CARTESIAN_POINT('',(0.032,0.0576517902913165,0.0043247884046446));
#6675=CARTESIAN_POINT('',(0.032,0.0576067705603408,0.00424631295660731));
#6676=CARTESIAN_POINT('',(0.032,0.0575907492374152,0.00421818178205107));
#6677=CARTESIAN_POINT('',(0.032,0.0599161084655988,0.00650387991553448));
#6678=CARTESIAN_POINT('',(0.032,0.0596419338593158,0.00711609619045667));
#6679=CARTESIAN_POINT('',(0.032,0.0602668554368337,0.00735992708259818));
#6680=CARTESIAN_POINT('',(0.032,0.0722999999999945,0.012054999999998));
#6681=CARTESIAN_POINT('',(0.032,0.0600641417762584,0.00791687828764388));
#6682=CARTESIAN_POINT('',(0.032,0.0594286925980883,0.00770197174057531));
#6683=CARTESIAN_POINT('',(0.032,0.0592451974957073,0.00834719265577587));
#6684=CARTESIAN_POINT('',(0.032,0.0598746685180079,0.00852634369194261));
#6685=CARTESIAN_POINT('',(0.032,0.059333693255711,0.00837232971095202));
#6686=CARTESIAN_POINT('',(0.032,0.0587469498174367,0.00820528567207115));
#6687=CARTESIAN_POINT('',(0.032,0.0587308180720282,0.00820178556808364));
#6688=CARTESIAN_POINT('',(0.032,0.0587151431977186,0.00819808262473728));
#6689=CARTESIAN_POINT('',(0.032,0.0586965187408561,0.00819422210918398));
#6690=CARTESIAN_POINT('',(0.032,0.0586713686091742,0.00818945211044107));
#6691=CARTESIAN_POINT('',(0.032,0.0586408582965381,0.00818432577866071));
#6692=CARTESIAN_POINT('',(0.032,0.0586045822760219,0.00817896281333364));
#6693=CARTESIAN_POINT('',(0.032,0.0585626400526443,0.00817362092945221));
#6694=CARTESIAN_POINT('',(0.032,0.0585149845995269,0.00816851624952196));
#6695=CARTESIAN_POINT('',(0.032,0.0584616215812991,0.00816387797559919));
#6696=CARTESIAN_POINT('',(0.032,0.05840254977852,0.00815993179975492));
#6697=CARTESIAN_POINT('',(0.032,0.0583377787149582,0.00815690457493747));
#6698=CARTESIAN_POINT('',(0.032,0.0582673235310313,0.00815502272161357));
#6699=CARTESIAN_POINT('',(0.032,0.0581912064733773,0.00815451245757824));
#6700=CARTESIAN_POINT('',(0.032,0.0581094564638825,0.00815559950028879));
#6701=CARTESIAN_POINT('',(0.032,0.05802210921221,0.00815850892030644));
#6702=CARTESIAN_POINT('',(0.032,0.0579292071665731,0.00816346495172701));
#6703=CARTESIAN_POINT('',(0.032,0.0578307995041266,0.00817069081517256));
#6704=CARTESIAN_POINT('',(0.032,0.0577269421041118,0.00818040853768888));
#6705=CARTESIAN_POINT('',(0.032,0.0576176975198517,0.00819283877445599));
#6706=CARTESIAN_POINT('',(0.032,0.057503134945535,0.00820820062984299));
#6707=CARTESIAN_POINT('',(0.032,0.0573833301775029,0.00822671148345722));
#6708=CARTESIAN_POINT('',(0.032,0.0572583655759211,0.00824858680113236));
#6709=CARTESIAN_POINT('',(0.032,0.0571283300030099,0.00827404000851242));
#6710=CARTESIAN_POINT('',(0.032,0.0569933188302508,0.00830328212832689));
#6711=CARTESIAN_POINT('',(0.032,0.0568534336586494,0.00833652233314947));
#6712=CARTESIAN_POINT('',(0.032,0.0567087831213931,0.00837396498342491));
#6713=CARTESIAN_POINT('',(0.032,0.0565594795076589,0.00841582017346839));
#6714=CARTESIAN_POINT('',(0.032,0.0564056514009913,0.00846226245083342));
#6715=CARTESIAN_POINT('',(0.032,0.0562473949059919,0.00851358821817817));
#6716=CARTESIAN_POINT('',(0.032,0.0561099361172719,0.00856099793192407));
#6717=CARTESIAN_POINT('',(0.032,0.0560250059568643,0.00859217548755174));
#6718=CARTESIAN_POINT('',(0.032,0.055994650541015,0.00860342690963157));
#6719=CARTESIAN_POINT('',(0.032,0.0594171361593244,0.0111211386396313));
#6720=CARTESIAN_POINT('',(0.032,0.0588561098134636,0.0110808400043196));
#6721=CARTESIAN_POINT('',(0.032,0.058247618908103,0.0110371319801483));
#6722=CARTESIAN_POINT('',(0.032,0.0582312629199148,0.0110349036201606));
#6723=CARTESIAN_POINT('',(0.032,0.0582152668749802,0.0110330221259404));
#6724=CARTESIAN_POINT('',(0.032,0.0581964452362176,0.0110302798845128));
#6725=CARTESIAN_POINT('',(0.032,0.0581711804074106,0.0110261603654901));
#6726=CARTESIAN_POINT('',(0.032,0.0581407567830383,0.0110205424001351));
#6727=CARTESIAN_POINT('',(0.032,0.058104834232078,0.0110131748093423));
#6728=CARTESIAN_POINT('',(0.032,0.05806359440238,0.0110038494529558));
#6729=CARTESIAN_POINT('',(0.032,0.0580170670213839,0.0109923471581122));
#6730=CARTESIAN_POINT('',(0.032,0.0579653358038205,0.0109784544827481));
#6731=CARTESIAN_POINT('',(0.032,0.0579084767950247,0.0109619589286162));
#6732=CARTESIAN_POINT('',(0.032,0.0578465765326893,0.0109426505809959));
#6733=CARTESIAN_POINT('',(0.032,0.0577797266845135,0.0109203218525731));
#6734=CARTESIAN_POINT('',(0.032,0.0577080255265416,0.0108947677769533));
#6735=CARTESIAN_POINT('',(0.032,0.0576315774363737,0.0108657861409755));
#6736=CARTESIAN_POINT('',(0.032,0.0575504929487827,0.010833177660918));
#6737=CARTESIAN_POINT('',(0.032,0.0574648886446185,0.0107967461437997));
#6738=CARTESIAN_POINT('',(0.032,0.0573748870812401,0.0107562986504268));
#6739=CARTESIAN_POINT('',(0.032,0.05728061670568,0.0107116456554489));
#6740=CARTESIAN_POINT('',(0.032,0.0571822117673506,0.010662601205318));
#6741=CARTESIAN_POINT('',(0.032,0.0570798122256282,0.0106089830750818));
#6742=CARTESIAN_POINT('',(0.032,0.0569735636539796,0.0105506129186026));
#6743=CARTESIAN_POINT('',(0.032,0.0568636171393003,0.0104873164330622));
#6744=CARTESIAN_POINT('',(0.032,0.0567501291806322,0.0104189234566274));
#6745=CARTESIAN_POINT('',(0.032,0.0566332615718769,0.0103452683117639));
#6746=CARTESIAN_POINT('',(0.032,0.0565131813279834,0.0102661891901385));
#6747=CARTESIAN_POINT('',(0.032,0.0563900604261446,0.0101815312104875));
#6748=CARTESIAN_POINT('',(0.032,0.0562640762401595,0.0100911353538936));
#6749=CARTESIAN_POINT('',(0.032,0.0561354092978152,0.00999488157747121));
#6750=CARTESIAN_POINT('',(0.032,0.0560042512835764,0.00989252422353926));
#6751=CARTESIAN_POINT('',(0.032,0.0558912973512444,0.00980095999075927));
#6752=CARTESIAN_POINT('',(0.032,0.0558221524582715,0.00974261484616653));
#6753=CARTESIAN_POINT('',(0.032,0.0557974759109895,0.00972165980418529));
#6754=CARTESIAN_POINT('',(0.032,0.0587643536216032,0.0110741937770567));
#6755=CARTESIAN_POINT('',(0.032,0.0587161040653674,0.0117432621310633));
#6756=CARTESIAN_POINT('',(0.032,0.0593867333370084,0.0117586524536184));
#6757=CARTESIAN_POINT('',(0.032,0.0722999999999941,0.012055));
#6758=CARTESIAN_POINT('',(0.032,0.0593867333370084,0.0123513475463817));
#6759=CARTESIAN_POINT('',(0.032,0.0587161040653674,0.0123667378689367));
#6760=CARTESIAN_POINT('',(0.032,0.0587643536216032,0.0130358062229433));
#6761=CARTESIAN_POINT('',(0.032,0.0594171361593244,0.0129888613603687));
#6762=CARTESIAN_POINT('',(0.032,0.0588561098134636,0.0130291599956804));
#6763=CARTESIAN_POINT('',(0.032,0.058247618908103,0.0130728680198518));
#6764=CARTESIAN_POINT('',(0.032,0.0582312629199148,0.0130750963798394));
#6765=CARTESIAN_POINT('',(0.032,0.0582152668749802,0.0130769778740597));
#6766=CARTESIAN_POINT('',(0.032,0.0581964452362176,0.0130797201154872));
#6767=CARTESIAN_POINT('',(0.032,0.0581711804074106,0.0130838396345099));
#6768=CARTESIAN_POINT('',(0.032,0.0581407567830383,0.0130894575998649));
#6769=CARTESIAN_POINT('',(0.032,0.058104834232078,0.0130968251906577));
#6770=CARTESIAN_POINT('',(0.032,0.05806359440238,0.0131061505470443));
#6771=CARTESIAN_POINT('',(0.032,0.0580170670213839,0.0131176528418878));
#6772=CARTESIAN_POINT('',(0.032,0.0579653358038205,0.013131545517252));
#6773=CARTESIAN_POINT('',(0.032,0.0579084767950247,0.0131480410713838));
#6774=CARTESIAN_POINT('',(0.032,0.0578465765326893,0.0131673494190041));
#6775=CARTESIAN_POINT('',(0.032,0.0577797266845135,0.013189678147427));
#6776=CARTESIAN_POINT('',(0.032,0.0577080255265416,0.0132152322230467));
#6777=CARTESIAN_POINT('',(0.032,0.0576315774363737,0.0132442138590246));
#6778=CARTESIAN_POINT('',(0.032,0.0575504929487827,0.013276822339082));
#6779=CARTESIAN_POINT('',(0.032,0.0574648886446185,0.0133132538562003));
#6780=CARTESIAN_POINT('',(0.032,0.0573748870812401,0.0133537013495732));
#6781=CARTESIAN_POINT('',(0.032,0.05728061670568,0.0133983543445511));
#6782=CARTESIAN_POINT('',(0.032,0.0571822117673506,0.013447398794682));
#6783=CARTESIAN_POINT('',(0.032,0.0570798122256282,0.0135010169249183));
#6784=CARTESIAN_POINT('',(0.032,0.0569735636539796,0.0135593870813975));
#6785=CARTESIAN_POINT('',(0.032,0.0568636171393003,0.0136226835669378));
#6786=CARTESIAN_POINT('',(0.032,0.0567501291806322,0.0136910765433727));
#6787=CARTESIAN_POINT('',(0.032,0.0566332615718769,0.0137647316882361));
#6788=CARTESIAN_POINT('',(0.032,0.0565131813279834,0.0138438108098615));
#6789=CARTESIAN_POINT('',(0.032,0.0563900604261446,0.0139284687895126));
#6790=CARTESIAN_POINT('',(0.032,0.0562640762401595,0.0140188646461064));
#6791=CARTESIAN_POINT('',(0.032,0.0561354092978152,0.0141151184225288));
#6792=CARTESIAN_POINT('',(0.032,0.0560042512835764,0.0142174757764608));
#6793=CARTESIAN_POINT('',(0.032,0.0558912973512444,0.0143090400092408));
#6794=CARTESIAN_POINT('',(0.032,0.0558221524582716,0.0143673851538335));
#6795=CARTESIAN_POINT('',(0.032,0.0557974759109895,0.0143883401958147));
#6796=CARTESIAN_POINT('',(0.032,0.0598746685180079,0.0155836563080575));
#6797=CARTESIAN_POINT('',(0.032,0.0593336932557109,0.015737670289048));
#6798=CARTESIAN_POINT('',(0.032,0.0587469498174366,0.0159047143279289));
#6799=CARTESIAN_POINT('',(0.032,0.0587308180720282,0.0159082144319164));
#6800=CARTESIAN_POINT('',(0.032,0.0587151431977185,0.0159119173752627));
#6801=CARTESIAN_POINT('',(0.032,0.0586965187408561,0.015915777890816));
#6802=CARTESIAN_POINT('',(0.032,0.0586713686091742,0.015920547889559));
#6803=CARTESIAN_POINT('',(0.032,0.058640858296538,0.0159256742213393));
#6804=CARTESIAN_POINT('',(0.032,0.0586045822760219,0.0159310371866664));
#6805=CARTESIAN_POINT('',(0.032,0.0585626400526443,0.0159363790705478));
#6806=CARTESIAN_POINT('',(0.032,0.0585149845995269,0.0159414837504781));
#6807=CARTESIAN_POINT('',(0.032,0.0584616215812991,0.0159461220244009));
#6808=CARTESIAN_POINT('',(0.032,0.05840254977852,0.0159500682002451));
#6809=CARTESIAN_POINT('',(0.032,0.0583377787149582,0.0159530954250626));
#6810=CARTESIAN_POINT('',(0.032,0.0582673235310313,0.0159549772783865));
#6811=CARTESIAN_POINT('',(0.032,0.0581912064733773,0.0159554875424218));
#6812=CARTESIAN_POINT('',(0.032,0.0581094564638824,0.0159544004997112));
#6813=CARTESIAN_POINT('',(0.032,0.05802210921221,0.0159514910796936));
#6814=CARTESIAN_POINT('',(0.032,0.0579292071665731,0.0159465350482731));
#6815=CARTESIAN_POINT('',(0.032,0.0578307995041266,0.0159393091848275));
#6816=CARTESIAN_POINT('',(0.032,0.0577269421041118,0.0159295914623112));
#6817=CARTESIAN_POINT('',(0.032,0.0576176975198517,0.0159171612255441));
#6818=CARTESIAN_POINT('',(0.032,0.057503134945535,0.0159017993701571));
#6819=CARTESIAN_POINT('',(0.032,0.0573833301775029,0.0158832885165428));
#6820=CARTESIAN_POINT('',(0.032,0.057258365575921,0.0158614131988676));
#6821=CARTESIAN_POINT('',(0.032,0.0571283300030099,0.0158359599914876));
#6822=CARTESIAN_POINT('',(0.032,0.0569933188302507,0.0158067178716732));
#6823=CARTESIAN_POINT('',(0.032,0.0568534336586494,0.0157734776668506));
#6824=CARTESIAN_POINT('',(0.032,0.0567087831213931,0.0157360350165751));
#6825=CARTESIAN_POINT('',(0.032,0.0565594795076589,0.0156941798265317));
#6826=CARTESIAN_POINT('',(0.032,0.0564056514009913,0.0156477375491666));
#6827=CARTESIAN_POINT('',(0.032,0.0562473949059919,0.0155964117818218));
#6828=CARTESIAN_POINT('',(0.032,0.0561099361172718,0.015549002068076));
#6829=CARTESIAN_POINT('',(0.032,0.0560250059568643,0.0155178245124483));
#6830=CARTESIAN_POINT('',(0.032,0.055994650541015,0.0155065730903684));
#6831=CARTESIAN_POINT('',(0.032,0.0592451974957073,0.0157628073442241));
#6832=CARTESIAN_POINT('',(0.032,0.0594286925980883,0.0164080282594247));
#6833=CARTESIAN_POINT('',(0.032,0.0600641417762584,0.0161931217123562));
#6834=CARTESIAN_POINT('',(0.032,0.0722999999999945,0.012055000000002));
#6835=CARTESIAN_POINT('',(0.032,0.0602668554368337,0.0167500729174019));
#6836=CARTESIAN_POINT('',(0.032,0.0596419338593158,0.0169939038095434));
#6837=CARTESIAN_POINT('',(0.032,0.0599161084655988,0.0176061200844655));
#6838=CARTESIAN_POINT('',(0.032,0.0605134673106471,0.0173387415664085));
#6839=CARTESIAN_POINT('',(0.032,0.0600000579384004,0.0175684922078594));
#6840=CARTESIAN_POINT('',(0.032,0.0594432125495093,0.0178176804623062));
#6841=CARTESIAN_POINT('',(0.032,0.0594286050921055,0.0178253685131674));
#6842=CARTESIAN_POINT('',(0.032,0.0594142172356416,0.0178326075089834));
#6843=CARTESIAN_POINT('',(0.032,0.0593974685823914,0.0178416217526045));
#6844=CARTESIAN_POINT('',(0.032,0.0593751363676826,0.017854133914601));
#6845=CARTESIAN_POINT('',(0.032,0.0593484689696783,0.0178698185675572));
#6846=CARTESIAN_POINT('',(0.032,0.05931723267808,0.0178890280742862));
#6847=CARTESIAN_POINT('',(0.032,0.0592816693741582,0.017911895895333));
#6848=CARTESIAN_POINT('',(0.032,0.0592418819541027,0.0179386178184364));
#6849=CARTESIAN_POINT('',(0.032,0.0591980220855133,0.0179693657814044));
#6850=CARTESIAN_POINT('',(0.032,0.059150233906311,0.0180043134582356));
#6851=CARTESIAN_POINT('',(0.032,0.0590986705303902,0.0180436285066099));
#6852=CARTESIAN_POINT('',(0.032,0.0590434890962543,0.0180874746425948));
#6853=CARTESIAN_POINT('',(0.032,0.0589848520558122,0.0181360108592117));
#6854=CARTESIAN_POINT('',(0.032,0.0589229266528993,0.0181893914754346));
#6855=CARTESIAN_POINT('',(0.032,0.0588578849152727,0.0182477659515871));
#6856=CARTESIAN_POINT('',(0.032,0.0587899034950485,0.0183112787757667));
#6857=CARTESIAN_POINT('',(0.032,0.0587191635475631,0.0183800693344247));
#6858=CARTESIAN_POINT('',(0.032,0.0586458505950328,0.0184542717916619));
#6859=CARTESIAN_POINT('',(0.032,0.0585701543904989,0.0185340149706517));
#6860=CARTESIAN_POINT('',(0.032,0.0584922687773588,0.0186194222379115));
#6861=CARTESIAN_POINT('',(0.032,0.0584123915478965,0.0187106113949325));
#6862=CARTESIAN_POINT('',(0.032,0.0583307242924278,0.0188076945580252));
#6863=CARTESIAN_POINT('',(0.032,0.0582474722707221,0.018910778101184));
#6864=CARTESIAN_POINT('',(0.032,0.0581628441843687,0.0190199623735917));
#6865=CARTESIAN_POINT('',(0.032,0.0580770523177921,0.0191353423028684));
#6866=CARTESIAN_POINT('',(0.032,0.0579903112492036,0.0192570046101305));
#6867=CARTESIAN_POINT('',(0.032,0.0579028420431259,0.0193850380588687));
#6868=CARTESIAN_POINT('',(0.032,0.0578148553972736,0.0195194937083575));
#6869=CARTESIAN_POINT('',(0.032,0.0577266154559986,0.0196605368413587));
#6870=CARTESIAN_POINT('',(0.032,0.0576517902913165,0.0197852115953554));
#6871=CARTESIAN_POINT('',(0.032,0.0576067705603408,0.0198636870433927));
#6872=CARTESIAN_POINT('',(0.032,0.0575907492374152,0.0198918182179489));
#6873=CARTESIAN_POINT('',(0.032,0.061830879231782,0.0196205659483111));
#6874=CARTESIAN_POINT('',(0.032,0.0613752046536264,0.0199503161864923));
#6875=CARTESIAN_POINT('',(0.032,0.0608809786005053,0.0203079643120288));
#6876=CARTESIAN_POINT('',(0.032,0.060867016824452,0.0203167707157946));
#6877=CARTESIAN_POINT('',(0.032,0.0608535537419455,0.0203256114670903));
#6878=CARTESIAN_POINT('',(0.032,0.0608373728513486,0.0203356091044736));
#6879=CARTESIAN_POINT('',(0.032,0.060815370893849,0.020348693288736));
#6880=CARTESIAN_POINT('',(0.032,0.0607884538869372,0.0203639456063825));
#6881=CARTESIAN_POINT('',(0.032,0.0607561998203166,0.0203813922750621));
#6882=CARTESIAN_POINT('',(0.032,0.0607186140544,0.0204007570891776));
#6883=CARTESIAN_POINT('',(0.032,0.0606755784801267,0.0204218530441449));
#6884=CARTESIAN_POINT('',(0.032,0.060627020028787,0.0204444628230659));
#6885=CARTESIAN_POINT('',(0.032,0.0605728603632469,0.0204683747618401));
#6886=CARTESIAN_POINT('',(0.032,0.0605130308446433,0.0204933724311053));
#6887=CARTESIAN_POINT('',(0.032,0.0604474682599547,0.0205192378868919));
#6888=CARTESIAN_POINT('',(0.032,0.0603761161431398,0.0205457509452089));
#6889=CARTESIAN_POINT('',(0.032,0.0602989244719646,0.0205726896091596));
#6890=CARTESIAN_POINT('',(0.032,0.0602158498238707,0.0205998301681743));
#6891=CARTESIAN_POINT('',(0.032,0.060126855394553,0.0206269473929841));
#6892=CARTESIAN_POINT('',(0.032,0.0600319110494719,0.0206538147052397));
#6893=CARTESIAN_POINT('',(0.032,0.0599309933602161,0.0206802043559388));
#6894=CARTESIAN_POINT('',(0.032,0.0598240856391654,0.0207058876025404));
#6895=CARTESIAN_POINT('',(0.032,0.0597111779694806,0.0207306348884792));
#6896=CARTESIAN_POINT('',(0.032,0.0595922672282196,0.0207542160198669));
#6897=CARTESIAN_POINT('',(0.032,0.0594673571149672,0.0207764003562139));
#6898=CARTESIAN_POINT('',(0.032,0.0593364581370267,0.020796956950348));
#6899=CARTESIAN_POINT('',(0.032,0.0591995877402512,0.0208156548867998));
#6900=CARTESIAN_POINT('',(0.032,0.0590567698571224,0.0208322628580549));
#6901=CARTESIAN_POINT('',(0.032,0.0589080366740563,0.0208465516733729));
#6902=CARTESIAN_POINT('',(0.032,0.0587534218518759,0.0208582855035159));
#6903=CARTESIAN_POINT('',(0.032,0.0585929865208102,0.0208672563492734));
#6904=CARTESIAN_POINT('',(0.032,0.0584267196139642,0.0208731528135453));
#6905=CARTESIAN_POINT('',(0.032,0.0582813355274515,0.0208756159300041));
#6906=CARTESIAN_POINT('',(0.032,0.05819086393039,0.0208753664366819));
#6907=CARTESIAN_POINT('',(0.032,0.0581584909571232,0.0208751757220596));
#6908=CARTESIAN_POINT('',(0.032,0.0613006432201943,0.0200042046242697));
#6909=CARTESIAN_POINT('',(0.032,0.0616937507637457,0.0205477549358445));
#6910=CARTESIAN_POINT('',(0.032,0.0622173752993266,0.0201284724204117));
#6911=CARTESIAN_POINT('',(0.032,0.0722999999999955,0.0120550000000038));
#6912=CARTESIAN_POINT('',(0.032,0.0625983523612769,0.0205825032026869));
#6913=CARTESIAN_POINT('',(0.032,0.0620945132429908,0.0210253650602619));
#6914=CARTESIAN_POINT('',(0.032,0.062561543395417,0.0215068869379942));
#6915=CARTESIAN_POINT('',(0.032,0.0630314282550021,0.021051324559819));
#6916=CARTESIAN_POINT('',(0.032,0.0626275606037778,0.0214428158892918));
#6917=CARTESIAN_POINT('',(0.032,0.062189524503419,0.0218674285929008));
#6918=CARTESIAN_POINT('',(0.032,0.0621784274517457,0.0218796490422381));
#6919=CARTESIAN_POINT('',(0.032,0.0621673831715842,0.0218913724099183));
#6920=CARTESIAN_POINT('',(0.032,0.0621547276386121,0.0219055714049161));
#6921=CARTESIAN_POINT('',(0.032,0.0621380216326838,0.0219249670584898));
#6922=CARTESIAN_POINT('',(0.032,0.0621183269428157,0.0219488265984199));
#6923=CARTESIAN_POINT('',(0.032,0.0620955444683447,0.0219775610710715));
#6924=CARTESIAN_POINT('',(0.032,0.0620699471495106,0.022011213160067));
#6925=CARTESIAN_POINT('',(0.032,0.0620416986404541,0.0220499316531305));
#6926=CARTESIAN_POINT('',(0.032,0.0620110002682933,0.0220938262455769));
#6927=CARTESIAN_POINT('',(0.032,0.0619780468783749,0.0221430108395088));
#6928=CARTESIAN_POINT('',(0.032,0.0619430396929991,0.0221975906135747));
#6929=CARTESIAN_POINT('',(0.032,0.061906182368251,0.0222576656660218));
#6930=CARTESIAN_POINT('',(0.032,0.0618676819378067,0.0223233298395938));
#6931=CARTESIAN_POINT('',(0.032,0.0618277483396616,0.0223946709459313));
#6932=CARTESIAN_POINT('',(0.032,0.061786594345471,0.0224717705948392));
#6933=CARTESIAN_POINT('',(0.032,0.0617444353717647,0.0225547041421345));
#6934=CARTESIAN_POINT('',(0.032,0.0617014893218496,0.022643540609463));
#6935=CARTESIAN_POINT('',(0.032,0.0616579764164082,0.022738342617505));
#6936=CARTESIAN_POINT('',(0.032,0.0616141190250935,0.0228391663210837));
#6937=CARTESIAN_POINT('',(0.032,0.0615701414949496,0.0229460613484584));
#6938=CARTESIAN_POINT('',(0.032,0.0615262699804092,0.0230590707478758));
#6939=CARTESIAN_POINT('',(0.032,0.0614827322604408,0.0231782309262571));
#6940=CARTESIAN_POINT('',(0.032,0.0614397575981841,0.0233035716394838));
#6941=CARTESIAN_POINT('',(0.032,0.0613975764304244,0.0234351158047953));
#6942=CARTESIAN_POINT('',(0.032,0.0613564207064271,0.023572880019426));
#6943=CARTESIAN_POINT('',(0.032,0.0613165217241225,0.0237168723844987));
#6944=CARTESIAN_POINT('',(0.032,0.0612781175751132,0.0238671007018912));
#6945=CARTESIAN_POINT('',(0.032,0.0612414237137872,0.0240235408887639));
#6946=CARTESIAN_POINT('',(0.032,0.0612067448846767,0.0241862579174196));
#6947=CARTESIAN_POINT('',(0.032,0.0611790735068069,0.0243290055772976));
#6948=CARTESIAN_POINT('',(0.032,0.0611636089818045,0.0244181460315719));
#6949=CARTESIAN_POINT('',(0.032,0.0611581752912297,0.0244500603038796));
#6950=CARTESIAN_POINT('',(0.032,0.0650498204179702,0.0227449566793368));
#6951=CARTESIAN_POINT('',(0.032,0.064734407603122,0.0232106704293886));
#6952=CARTESIAN_POINT('',(0.032,0.0643923098911601,0.023715784999317));
#6953=CARTESIAN_POINT('',(0.032,0.0643822020807079,0.0237288355205982));
#6954=CARTESIAN_POINT('',(0.032,0.0643725746364488,0.0237417477547615));
#6955=CARTESIAN_POINT('',(0.032,0.0643607889663279,0.0237566766513569));
#6956=CARTESIAN_POINT('',(0.032,0.0643445889437994,0.0237764968754148));
#6957=CARTESIAN_POINT('',(0.032,0.0643245118308983,0.0238000355243189));
#6958=CARTESIAN_POINT('',(0.032,0.0643001700346268,0.0238274615706229));
#6959=CARTESIAN_POINT('',(0.032,0.0642714741242477,0.0238585136325958));
#6960=CARTESIAN_POINT('',(0.032,0.0642382491542134,0.0238930563790882));
#6961=CARTESIAN_POINT('',(0.032,0.0642003521356398,0.0239309105899847));
#6962=CARTESIAN_POINT('',(0.032,0.0641576370623142,0.02397190415897));
#6963=CARTESIAN_POINT('',(0.032,0.0641099654116022,0.0240158571848432));
#6964=CARTESIAN_POINT('',(0.032,0.0640572032414659,0.0240625864873911));
#6965=CARTESIAN_POINT('',(0.032,0.0639992221838231,0.0241119044738657));
#6966=CARTESIAN_POINT('',(0.032,0.0639358993057391,0.0241636196440329));
#6967=CARTESIAN_POINT('',(0.032,0.063867117289835,0.0242175366301109));
#6968=CARTESIAN_POINT('',(0.032,0.0637927645184301,0.0242734563736312));
#6969=CARTESIAN_POINT('',(0.032,0.0637127351799605,0.0243311762672109));
#6970=CARTESIAN_POINT('',(0.032,0.0636269293641745,0.0243904903097812));
#6971=CARTESIAN_POINT('',(0.032,0.0635352531552819,0.0244511892611669));
#6972=CARTESIAN_POINT('',(0.032,0.0634376187215326,0.0245130608005162));
#6973=CARTESIAN_POINT('',(0.032,0.0633339443973745,0.0245758896844401));
#6974=CARTESIAN_POINT('',(0.032,0.0632241547755866,0.0246394579164398));
#6975=CARTESIAN_POINT('',(0.032,0.0631081807412196,0.0247035448834525));
#6976=CARTESIAN_POINT('',(0.032,0.0629859597102707,0.0247679276290825));
#6977=CARTESIAN_POINT('',(0.032,0.0628574350600874,0.0248323806099741));
#6978=CARTESIAN_POINT('',(0.032,0.0627225586481571,0.0248966774488779));
#6979=CARTESIAN_POINT('',(0.032,0.0625812814469574,0.0249605850261191));
#6980=CARTESIAN_POINT('',(0.032,0.0624335897601933,0.0250238869786054));
#6981=CARTESIAN_POINT('',(0.032,0.0622793666843047,0.0250862944738801));
#6982=CARTESIAN_POINT('',(0.032,0.0621435927664732,0.025138333332347));
#6983=CARTESIAN_POINT('',(0.032,0.062058491942582,0.0251690419939071));
#6984=CARTESIAN_POINT('',(0.032,0.0620280060702478,0.0251799349897405));
#6985=CARTESIAN_POINT('',(0.032,0.0646827737055429,0.0232868105088628));
#6986=CARTESIAN_POINT('',(0.032,0.0652380791188629,0.0236631300272877));
#6987=CARTESIAN_POINT('',(0.032,0.0655867221649885,0.0230900432028027));
#6988=CARTESIAN_POINT('',(0.032,0.0722999999999971,0.0120550000000051));
#6989=CARTESIAN_POINT('',(0.032,0.0661000111720199,0.0233863907491843));
#6990=CARTESIAN_POINT('',(0.032,0.0657780249465045,0.0239748678962244));
#6991=CARTESIAN_POINT('',(0.032,0.0663815799160603,0.0242676167318061));
#6992=CARTESIAN_POINT('',(0.032,0.0666673157413542,0.0236788180397055));
#6993=CARTESIAN_POINT('',(0.032,0.0664217022103416,0.0241848304250691));
#6994=CARTESIAN_POINT('',(0.032,0.0661553090169429,0.0247336530191688));
#6995=CARTESIAN_POINT('',(0.032,0.0661490608392069,0.0247489319004376));
#6996=CARTESIAN_POINT('',(0.032,0.0661426922385314,0.0247637256288212));
#6997=CARTESIAN_POINT('',(0.032,0.0661356562698897,0.0247813967668442));
#6998=CARTESIAN_POINT('',(0.032,0.0661265914636111,0.0248053365099247));
#6999=CARTESIAN_POINT('',(0.032,0.06611624495214,0.0248344931241838));
#7000=CARTESIAN_POINT('',(0.032,0.0661046641974511,0.0248692867612805));
#7001=CARTESIAN_POINT('',(0.032,0.0660921202781322,0.0249096641796401));
#7002=CARTESIAN_POINT('',(0.032,0.0660788178671705,0.024955709220976));
#7003=CARTESIAN_POINT('',(0.032,0.0660649836681807,0.0250074561072366));
#7004=CARTESIAN_POINT('',(0.032,0.0660508397327104,0.0250649452303538));
#7005=CARTESIAN_POINT('',(0.032,0.0660366111210871,0.0251282066038474));
#7006=CARTESIAN_POINT('',(0.032,0.0660225234430475,0.0251972646348181));
#7007=CARTESIAN_POINT('',(0.032,0.0660088033427185,0.0252721366969124));
#7008=CARTESIAN_POINT('',(0.032,0.0659956781306346,0.0253528335030575));
#7009=CARTESIAN_POINT('',(0.032,0.0659833756589477,0.025439358969193));
#7010=CARTESIAN_POINT('',(0.032,0.0659721241261884,0.0255317102298315));
#7011=CARTESIAN_POINT('',(0.032,0.0659621519012795,0.025629877616784));
#7012=CARTESIAN_POINT('',(0.032,0.0659536873415054,0.0257338446543323));
#7013=CARTESIAN_POINT('',(0.032,0.0659469586120687,0.0258435880558489));
#7014=CARTESIAN_POINT('',(0.032,0.0659421935040955,0.0259590777254345));
#7015=CARTESIAN_POINT('',(0.032,0.0659396192566051,0.0260802767658375));
#7016=CARTESIAN_POINT('',(0.032,0.0659394623637137,0.0262071414833776));
#7017=CARTESIAN_POINT('',(0.032,0.0659419484394127,0.0263396214268251));
#7018=CARTESIAN_POINT('',(0.032,0.0659473018616062,0.0264776593173186));
#7019=CARTESIAN_POINT('',(0.032,0.065955746267896,0.0266211914198357));
#7020=CARTESIAN_POINT('',(0.032,0.0659675017779874,0.0267701462383905));
#7021=CARTESIAN_POINT('',(0.032,0.065982794793202,0.0269244496722256));
#7022=CARTESIAN_POINT('',(0.032,0.0660018195376219,0.0270840054011342));
#7023=CARTESIAN_POINT('',(0.032,0.0660248845992717,0.0272487702503409));
#7024=CARTESIAN_POINT('',(0.032,0.0660477045847712,0.0273923733415878));
#7025=CARTESIAN_POINT('',(0.032,0.0660636605156895,0.0274814271477406));
#7026=CARTESIAN_POINT('',(0.032,0.0660694698407416,0.0275132751855552));
#7027=CARTESIAN_POINT('',(0.032,0.0691432402630059,0.0245799808678765));
#7028=CARTESIAN_POINT('',(0.032,0.0690061326519332,0.0251254861783398));
#7029=CARTESIAN_POINT('',(0.032,0.0688574253140177,0.0257171429208297));
#7030=CARTESIAN_POINT('',(0.032,0.0688523906202825,0.0257328634741545));
#7031=CARTESIAN_POINT('',(0.032,0.0688477600261344,0.0257482897851809));
#7032=CARTESIAN_POINT('',(0.032,0.0688417911022441,0.0257663492957322));
#7033=CARTESIAN_POINT('',(0.032,0.0688333469764905,0.0257905149480487));
#7034=CARTESIAN_POINT('',(0.032,0.0688225313537224,0.0258195008197592));
#7035=CARTESIAN_POINT('',(0.032,0.0688090378076772,0.0258535982577379));
#7036=CARTESIAN_POINT('',(0.032,0.0687926929031338,0.0258925922306148));
#7037=CARTESIAN_POINT('',(0.032,0.0687732859590729,0.0259364154036085));
#7038=CARTESIAN_POINT('',(0.032,0.0687506213130058,0.0259849482699777));
#7039=CARTESIAN_POINT('',(0.032,0.0687245029001452,0.0260380790397539));
#7040=CARTESIAN_POINT('',(0.032,0.0686947390219592,0.0260956860386373));
#7041=CARTESIAN_POINT('',(0.032,0.0686611411627804,0.0261576429444083));
#7042=CARTESIAN_POINT('',(0.032,0.0686235245355706,0.0262238173820156));
#7043=CARTESIAN_POINT('',(0.032,0.0685817081242209,0.0262940714456425));
#7044=CARTESIAN_POINT('',(0.032,0.0685355148667391,0.0263682616745328));
#7045=CARTESIAN_POINT('',(0.032,0.0684847717948085,0.0264462391904076));
#7046=CARTESIAN_POINT('',(0.032,0.0684293101822771,0.0265278497942905));
#7047=CARTESIAN_POINT('',(0.032,0.0683689656877036,0.0266129340798162));
#7048=CARTESIAN_POINT('',(0.032,0.0683035784947582,0.0267013275466278));
#7049=CARTESIAN_POINT('',(0.032,0.0682329934505855,0.0267928607186155));
#7050=CARTESIAN_POINT('',(0.032,0.0681570601970938,0.0268873592644186));
#7051=CARTESIAN_POINT('',(0.032,0.0680756333154803,0.0269846441251247));
#7052=CARTESIAN_POINT('',(0.032,0.0679885724048258,0.0270845316309714));
#7053=CARTESIAN_POINT('',(0.032,0.0678957423998264,0.0271868336764684));
#7054=CARTESIAN_POINT('',(0.032,0.0677970129522224,0.0272913576862765));
#7055=CARTESIAN_POINT('',(0.032,0.0676922613972707,0.0273979074010739));
#7056=CARTESIAN_POINT('',(0.032,0.0675813619325457,0.0275062805284228));
#7057=CARTESIAN_POINT('',(0.032,0.0674642276872042,0.0276162784379304));
#7058=CARTESIAN_POINT('',(0.032,0.0673406500213152,0.0277276696992415));
#7059=CARTESIAN_POINT('',(0.032,0.0672308626104651,0.0278230076453735));
#7060=CARTESIAN_POINT('',(0.032,0.0671613969750598,0.0278809705440201));
#7061=CARTESIAN_POINT('',(0.032,0.0671364752497853,0.0279016333942481));
#7062=CARTESIAN_POINT('',(0.032,0.0689836541002903,0.0252146942822183));
#7063=CARTESIAN_POINT('',(0.032,0.0696341793550975,0.0253783933196866));
#7064=CARTESIAN_POINT('',(0.032,0.0697657894149816,0.0247206249150431));
#7065=CARTESIAN_POINT('',(0.032,0.072299999999999,0.0120550000000058));
#7066=CARTESIAN_POINT('',(0.032,0.0703494801375072,0.0248235453378135));
#7067=CARTESIAN_POINT('',(0.032,0.0702481830955702,0.0254866587453879));
#7068=CARTESIAN_POINT('',(0.032,0.0709154652454046,0.0255553247087353));
#7069=CARTESIAN_POINT('',(0.032,0.0709825880788651,0.0249043075147196));
#7070=CARTESIAN_POINT('',(0.032,0.0709248532847741,0.0254638083943517));
#7071=CARTESIAN_POINT('',(0.032,0.0708622339490041,0.026070644774335));
#7072=CARTESIAN_POINT('',(0.032,0.0708615882676536,0.026087139228962));
#7073=CARTESIAN_POINT('',(0.032,0.0708606634936961,0.0261032189760738));
#7074=CARTESIAN_POINT('',(0.032,0.0708600957310428,0.0261222308570782));
#7075=CARTESIAN_POINT('',(0.032,0.0708597654738336,0.026147827203337));
#7076=CARTESIAN_POINT('',(0.032,0.0708600150827411,0.0261787641739397));
#7077=CARTESIAN_POINT('',(0.032,0.0708610328577635,0.0262154203493483));
#7078=CARTESIAN_POINT('',(0.032,0.0708630553197582,0.0262576529845105));
#7079=CARTESIAN_POINT('',(0.032,0.070866303473976,0.0263054708625813));
#7080=CARTESIAN_POINT('',(0.032,0.0708710020567263,0.0263588286044703));
#7081=CARTESIAN_POINT('',(0.032,0.0708773735430642,0.0264176882200757));
#7082=CARTESIAN_POINT('',(0.032,0.0708856396857469,0.0264820009377152));
#7083=CARTESIAN_POINT('',(0.032,0.0708960208362996,0.0265517125294866));
#7084=CARTESIAN_POINT('',(0.032,0.0709087359126725,0.0266267618044206));
#7085=CARTESIAN_POINT('',(0.032,0.0709240021809348,0.0267070810845942));
#7086=CARTESIAN_POINT('',(0.032,0.0709420350914021,0.0267925961197614));
#7087=CARTESIAN_POINT('',(0.032,0.0709630481004956,0.0268832261687507));
#7088=CARTESIAN_POINT('',(0.032,0.0709872524980913,0.0269788840396645));
#7089=CARTESIAN_POINT('',(0.032,0.0710148572348168,0.0270794761476006));
#7090=CARTESIAN_POINT('',(0.032,0.0710460687513335,0.027184902573192));
#7091=CARTESIAN_POINT('',(0.032,0.0710810908078782,0.0272950571263906));
#7092=CARTESIAN_POINT('',(0.032,0.071120124319677,0.0274098274147993));
#7093=CARTESIAN_POINT('',(0.032,0.0711633671774606,0.027529094914239));
#7094=CARTESIAN_POINT('',(0.032,0.0712110141336954,0.027652735051532));
#7095=CARTESIAN_POINT('',(0.032,0.0712632564441175,0.0277806172603915));
#7096=CARTESIAN_POINT('',(0.032,0.0713202824606697,0.0279126051609233));
#7097=CARTESIAN_POINT('',(0.032,0.0713822745751474,0.0280485562835033));
#7098=CARTESIAN_POINT('',(0.032,0.07144942019125,0.0281883235623845));
#7099=CARTESIAN_POINT('',(0.032,0.0715218688764635,0.0283317500576309));
#7100=CARTESIAN_POINT('',(0.032,0.0715998958420345,0.028478689654904));
#7101=CARTESIAN_POINT('',(0.032,0.0716704547638651,0.0286058275253595));
#7102=CARTESIAN_POINT('',(0.032,0.0717159066299509,0.0286840534800746));
#7103=CARTESIAN_POINT('',(0.032,0.0717322582802921,0.0287119939400085));
#7104=CARTESIAN_POINT('',(0.032,0.0736174119211349,0.0249043075147196));
#7105=CARTESIAN_POINT('',(0.032,0.0736751467152259,0.0254638083943517));
#7106=CARTESIAN_POINT('',(0.032,0.073737766050996,0.026070644774335));
#7107=CARTESIAN_POINT('',(0.032,0.0737384117323464,0.026087139228962));
#7108=CARTESIAN_POINT('',(0.032,0.0737393365063039,0.0261032189760738));
#7109=CARTESIAN_POINT('',(0.032,0.0737399042689572,0.0261222308570782));
#7110=CARTESIAN_POINT('',(0.032,0.0737402345261664,0.026147827203337));
#7111=CARTESIAN_POINT('',(0.032,0.0737399849172589,0.0261787641739397));
#7112=CARTESIAN_POINT('',(0.032,0.0737389671422365,0.0262154203493483));
#7113=CARTESIAN_POINT('',(0.032,0.0737369446802418,0.0262576529845105));
#7114=CARTESIAN_POINT('',(0.032,0.073733696526024,0.0263054708625813));
#7115=CARTESIAN_POINT('',(0.032,0.0737289979432737,0.0263588286044704));
#7116=CARTESIAN_POINT('',(0.032,0.0737226264569358,0.0264176882200757));
#7117=CARTESIAN_POINT('',(0.032,0.0737143603142531,0.0264820009377152));
#7118=CARTESIAN_POINT('',(0.032,0.0737039791637004,0.0265517125294866));
#7119=CARTESIAN_POINT('',(0.032,0.0736912640873275,0.0266267618044206));
#7120=CARTESIAN_POINT('',(0.032,0.0736759978190652,0.0267070810845942));
#7121=CARTESIAN_POINT('',(0.032,0.073657964908598,0.0267925961197614));
#7122=CARTESIAN_POINT('',(0.032,0.0736369518995044,0.0268832261687507));
#7123=CARTESIAN_POINT('',(0.032,0.0736127475019087,0.0269788840396645));
#7124=CARTESIAN_POINT('',(0.032,0.0735851427651833,0.0270794761476007));
#7125=CARTESIAN_POINT('',(0.032,0.0735539312486665,0.027184902573192));
#7126=CARTESIAN_POINT('',(0.032,0.0735189091921218,0.0272950571263906));
#7127=CARTESIAN_POINT('',(0.032,0.073479875680323,0.0274098274147993));
#7128=CARTESIAN_POINT('',(0.032,0.0734366328225394,0.027529094914239));
#7129=CARTESIAN_POINT('',(0.032,0.0733889858663046,0.027652735051532));
#7130=CARTESIAN_POINT('',(0.032,0.0733367435558825,0.0277806172603915));
#7131=CARTESIAN_POINT('',(0.032,0.0732797175393303,0.0279126051609233));
#7132=CARTESIAN_POINT('',(0.032,0.0732177254248526,0.0280485562835033));
#7133=CARTESIAN_POINT('',(0.032,0.07315057980875,0.0281883235623845));
#7134=CARTESIAN_POINT('',(0.032,0.0730781311235366,0.0283317500576309));
#7135=CARTESIAN_POINT('',(0.032,0.0730001041579655,0.028478689654904));
#7136=CARTESIAN_POINT('',(0.032,0.0729295452361349,0.0286058275253595));
#7137=CARTESIAN_POINT('',(0.032,0.0728840933700491,0.0286840534800746));
#7138=CARTESIAN_POINT('',(0.032,0.0728677417197079,0.0287119939400085));
#7139=CARTESIAN_POINT('',(0.032,0.0736845347545954,0.0255553247087352));
#7140=CARTESIAN_POINT('',(0.032,0.0743518169044298,0.0254866587453879));
#7141=CARTESIAN_POINT('',(0.032,0.0742505198624928,0.0248235453378135));
#7142=CARTESIAN_POINT('',(0.032,0.072300000000001,0.0120550000000058));
#7143=CARTESIAN_POINT('',(0.032,0.0748342105850184,0.0247206249150431));
#7144=CARTESIAN_POINT('',(0.032,0.0749658206449025,0.0253783933196867));
#7145=CARTESIAN_POINT('',(0.032,0.0756163458997098,0.0252146942822183));
#7146=CARTESIAN_POINT('',(0.032,0.0754567597369941,0.0245799808678765));
#7147=CARTESIAN_POINT('',(0.032,0.0755938673480668,0.0251254861783398));
#7148=CARTESIAN_POINT('',(0.032,0.0757425746859824,0.0257171429208297));
#7149=CARTESIAN_POINT('',(0.032,0.0757476093797175,0.0257328634741545));
#7150=CARTESIAN_POINT('',(0.032,0.0757522399738656,0.0257482897851809));
#7151=CARTESIAN_POINT('',(0.032,0.075758208897756,0.0257663492957322));
#7152=CARTESIAN_POINT('',(0.032,0.0757666530235095,0.0257905149480487));
#7153=CARTESIAN_POINT('',(0.032,0.0757774686462776,0.0258195008197592));
#7154=CARTESIAN_POINT('',(0.032,0.0757909621923228,0.0258535982577379));
#7155=CARTESIAN_POINT('',(0.032,0.0758073070968662,0.0258925922306148));
#7156=CARTESIAN_POINT('',(0.032,0.0758267140409272,0.0259364154036085));
#7157=CARTESIAN_POINT('',(0.032,0.0758493786869942,0.0259849482699777));
#7158=CARTESIAN_POINT('',(0.032,0.0758754970998548,0.0260380790397539));
#7159=CARTESIAN_POINT('',(0.032,0.0759052609780408,0.0260956860386373));
#7160=CARTESIAN_POINT('',(0.032,0.0759388588372196,0.0261576429444082));
#7161=CARTESIAN_POINT('',(0.032,0.0759764754644294,0.0262238173820156));
#7162=CARTESIAN_POINT('',(0.032,0.0760182918757791,0.0262940714456425));
#7163=CARTESIAN_POINT('',(0.032,0.0760644851332609,0.0263682616745328));
#7164=CARTESIAN_POINT('',(0.032,0.0761152282051915,0.0264462391904076));
#7165=CARTESIAN_POINT('',(0.032,0.0761706898177229,0.0265278497942905));
#7166=CARTESIAN_POINT('',(0.032,0.0762310343122964,0.0266129340798162));
#7167=CARTESIAN_POINT('',(0.032,0.0762964215052418,0.0267013275466278));
#7168=CARTESIAN_POINT('',(0.032,0.0763670065494145,0.0267928607186155));
#7169=CARTESIAN_POINT('',(0.032,0.0764429398029063,0.0268873592644186));
#7170=CARTESIAN_POINT('',(0.032,0.0765243666845197,0.0269846441251247));
#7171=CARTESIAN_POINT('',(0.032,0.0766114275951742,0.0270845316309714));
#7172=CARTESIAN_POINT('',(0.032,0.0767042576001736,0.0271868336764684));
#7173=CARTESIAN_POINT('',(0.032,0.0768029870477776,0.0272913576862765));
#7174=CARTESIAN_POINT('',(0.032,0.0769077386027293,0.0273979074010739));
#7175=CARTESIAN_POINT('',(0.032,0.0770186380674543,0.0275062805284228));
#7176=CARTESIAN_POINT('',(0.032,0.0771357723127959,0.0276162784379304));
#7177=CARTESIAN_POINT('',(0.032,0.0772593499786848,0.0277276696992415));
#7178=CARTESIAN_POINT('',(0.032,0.077369137389535,0.0278230076453735));
#7179=CARTESIAN_POINT('',(0.032,0.0774386030249402,0.0278809705440201));
#7180=CARTESIAN_POINT('',(0.032,0.0774635247502147,0.0279016333942481));
#7181=CARTESIAN_POINT('',(0.032,0.0779326842586458,0.0236788180397055));
#7182=CARTESIAN_POINT('',(0.032,0.0781782977896584,0.0241848304250691));
#7183=CARTESIAN_POINT('',(0.032,0.0784446909830571,0.0247336530191688));
#7184=CARTESIAN_POINT('',(0.032,0.0784509391607931,0.0247489319004376));
#7185=CARTESIAN_POINT('',(0.032,0.0784573077614686,0.0247637256288212));
#7186=CARTESIAN_POINT('',(0.032,0.0784643437301103,0.0247813967668442));
#7187=CARTESIAN_POINT('',(0.032,0.0784734085363889,0.0248053365099247));
#7188=CARTESIAN_POINT('',(0.032,0.07848375504786,0.0248344931241838));
#7189=CARTESIAN_POINT('',(0.032,0.0784953358025489,0.0248692867612806));
#7190=CARTESIAN_POINT('',(0.032,0.0785078797218678,0.0249096641796401));
#7191=CARTESIAN_POINT('',(0.032,0.0785211821328295,0.024955709220976));
#7192=CARTESIAN_POINT('',(0.032,0.0785350163318193,0.0250074561072366));
#7193=CARTESIAN_POINT('',(0.032,0.0785491602672896,0.0250649452303538));
#7194=CARTESIAN_POINT('',(0.032,0.078563388878913,0.0251282066038474));
#7195=CARTESIAN_POINT('',(0.032,0.0785774765569525,0.0251972646348181));
#7196=CARTESIAN_POINT('',(0.032,0.0785911966572815,0.0252721366969124));
#7197=CARTESIAN_POINT('',(0.032,0.0786043218693654,0.0253528335030575));
#7198=CARTESIAN_POINT('',(0.032,0.0786166243410523,0.025439358969193));
#7199=CARTESIAN_POINT('',(0.032,0.0786278758738116,0.0255317102298315));
#7200=CARTESIAN_POINT('',(0.032,0.0786378480987205,0.025629877616784));
#7201=CARTESIAN_POINT('',(0.032,0.0786463126584946,0.0257338446543324));
#7202=CARTESIAN_POINT('',(0.032,0.0786530413879313,0.0258435880558489));
#7203=CARTESIAN_POINT('',(0.032,0.0786578064959045,0.0259590777254345));
#7204=CARTESIAN_POINT('',(0.032,0.0786603807433949,0.0260802767658375));
#7205=CARTESIAN_POINT('',(0.032,0.0786605376362864,0.0262071414833776));
#7206=CARTESIAN_POINT('',(0.032,0.0786580515605873,0.0263396214268252));
#7207=CARTESIAN_POINT('',(0.032,0.0786526981383938,0.0264776593173186));
#7208=CARTESIAN_POINT('',(0.032,0.078644253732104,0.0266211914198357));
#7209=CARTESIAN_POINT('',(0.032,0.0786324982220126,0.0267701462383905));
#7210=CARTESIAN_POINT('',(0.032,0.078617205206798,0.0269244496722256));
#7211=CARTESIAN_POINT('',(0.032,0.0785981804623781,0.0270840054011342));
#7212=CARTESIAN_POINT('',(0.032,0.0785751154007283,0.027248770250341));
#7213=CARTESIAN_POINT('',(0.032,0.0785522954152288,0.0273923733415878));
#7214=CARTESIAN_POINT('',(0.032,0.0785363394843105,0.0274814271477406));
#7215=CARTESIAN_POINT('',(0.032,0.0785305301592584,0.0275132751855552));
#7216=CARTESIAN_POINT('',(0.032,0.0782184200839396,0.0242676167318061));
#7217=CARTESIAN_POINT('',(0.032,0.0788219750534955,0.0239748678962244));
#7218=CARTESIAN_POINT('',(0.032,0.0784999888279801,0.0233863907491843));
#7219=CARTESIAN_POINT('',(0.032,0.072300000000003,0.0120550000000051));
#7220=CARTESIAN_POINT('',(0.032,0.0790132778350115,0.0230900432028027));
#7221=CARTESIAN_POINT('',(0.032,0.0793619208811371,0.0236631300272877));
#7222=CARTESIAN_POINT('',(0.032,0.0799172262944572,0.0232868105088629));
#7223=CARTESIAN_POINT('',(0.032,0.0795501795820298,0.0227449566793368));
#7224=CARTESIAN_POINT('',(0.032,0.079865592396878,0.0232106704293886));
#7225=CARTESIAN_POINT('',(0.032,0.0802076901088399,0.023715784999317));
#7226=CARTESIAN_POINT('',(0.032,0.0802177979192921,0.0237288355205982));
#7227=CARTESIAN_POINT('',(0.032,0.0802274253635512,0.0237417477547615));
#7228=CARTESIAN_POINT('',(0.032,0.0802392110336721,0.023756676651357));
#7229=CARTESIAN_POINT('',(0.032,0.0802554110562006,0.0237764968754148));
#7230=CARTESIAN_POINT('',(0.032,0.0802754881691017,0.0238000355243189));
#7231=CARTESIAN_POINT('',(0.032,0.0802998299653732,0.0238274615706229));
#7232=CARTESIAN_POINT('',(0.032,0.0803285258757523,0.0238585136325958));
#7233=CARTESIAN_POINT('',(0.032,0.0803617508457866,0.0238930563790882));
#7234=CARTESIAN_POINT('',(0.032,0.0803996478643602,0.0239309105899847));
#7235=CARTESIAN_POINT('',(0.032,0.0804423629376858,0.02397190415897));
#7236=CARTESIAN_POINT('',(0.032,0.0804900345883978,0.0240158571848432));
#7237=CARTESIAN_POINT('',(0.032,0.0805427967585341,0.0240625864873911));
#7238=CARTESIAN_POINT('',(0.032,0.0806007778161769,0.0241119044738657));
#7239=CARTESIAN_POINT('',(0.032,0.0806641006942609,0.0241636196440329));
#7240=CARTESIAN_POINT('',(0.032,0.080732882710165,0.0242175366301109));
#7241=CARTESIAN_POINT('',(0.032,0.0808072354815699,0.0242734563736312));
#7242=CARTESIAN_POINT('',(0.032,0.0808872648200395,0.0243311762672109));
#7243=CARTESIAN_POINT('',(0.032,0.0809730706358255,0.0243904903097812));
#7244=CARTESIAN_POINT('',(0.032,0.0810647468447181,0.0244511892611669));
#7245=CARTESIAN_POINT('',(0.032,0.0811623812784674,0.0245130608005163));
#7246=CARTESIAN_POINT('',(0.032,0.0812660556026255,0.0245758896844401));
#7247=CARTESIAN_POINT('',(0.032,0.0813758452244134,0.0246394579164398));
#7248=CARTESIAN_POINT('',(0.032,0.0814918192587804,0.0247035448834525));
#7249=CARTESIAN_POINT('',(0.032,0.0816140402897293,0.0247679276290825));
#7250=CARTESIAN_POINT('',(0.032,0.0817425649399126,0.0248323806099742));
#7251=CARTESIAN_POINT('',(0.032,0.0818774413518429,0.0248966774488779));
#7252=CARTESIAN_POINT('',(0.032,0.0820187185530426,0.0249605850261192));
#7253=CARTESIAN_POINT('',(0.032,0.0821664102398067,0.0250238869786054));
#7254=CARTESIAN_POINT('',(0.032,0.0823206333156953,0.0250862944738802));
#7255=CARTESIAN_POINT('',(0.032,0.0824564072335268,0.025138333332347));
#7256=CARTESIAN_POINT('',(0.032,0.082541508057418,0.0251690419939071));
#7257=CARTESIAN_POINT('',(0.032,0.0825719939297522,0.0251799349897405));
#7258=CARTESIAN_POINT('',(0.032,0.081568571744998,0.021051324559819));
#7259=CARTESIAN_POINT('',(0.032,0.0819724393962223,0.0214428158892918));
#7260=CARTESIAN_POINT('',(0.032,0.082410475496581,0.0218674285929008));
#7261=CARTESIAN_POINT('',(0.032,0.0824215725482543,0.0218796490422382));
#7262=CARTESIAN_POINT('',(0.032,0.0824326168284159,0.0218913724099183));
#7263=CARTESIAN_POINT('',(0.032,0.0824452723613879,0.0219055714049162));
#7264=CARTESIAN_POINT('',(0.032,0.0824619783673163,0.0219249670584898));
#7265=CARTESIAN_POINT('',(0.032,0.0824816730571844,0.0219488265984199));
#7266=CARTESIAN_POINT('',(0.032,0.0825044555316553,0.0219775610710715));
#7267=CARTESIAN_POINT('',(0.032,0.0825300528504895,0.022011213160067));
#7268=CARTESIAN_POINT('',(0.032,0.082558301359546,0.0220499316531305));
#7269=CARTESIAN_POINT('',(0.032,0.0825889997317067,0.0220938262455769));
#7270=CARTESIAN_POINT('',(0.032,0.0826219531216252,0.0221430108395088));
#7271=CARTESIAN_POINT('',(0.032,0.082656960307001,0.0221975906135747));
#7272=CARTESIAN_POINT('',(0.032,0.0826938176317491,0.0222576656660218));
#7273=CARTESIAN_POINT('',(0.032,0.0827323180621933,0.0223233298395938));
#7274=CARTESIAN_POINT('',(0.032,0.0827722516603384,0.0223946709459313));
#7275=CARTESIAN_POINT('',(0.032,0.0828134056545291,0.0224717705948392));
#7276=CARTESIAN_POINT('',(0.032,0.0828555646282354,0.0225547041421345));
#7277=CARTESIAN_POINT('',(0.032,0.0828985106781505,0.022643540609463));
#7278=CARTESIAN_POINT('',(0.032,0.0829420235835919,0.022738342617505));
#7279=CARTESIAN_POINT('',(0.032,0.0829858809749065,0.0228391663210837));
#7280=CARTESIAN_POINT('',(0.032,0.0830298585050505,0.0229460613484584));
#7281=CARTESIAN_POINT('',(0.032,0.0830737300195909,0.0230590707478758));
#7282=CARTESIAN_POINT('',(0.032,0.0831172677395592,0.0231782309262571));
#7283=CARTESIAN_POINT('',(0.032,0.0831602424018159,0.0233035716394838));
#7284=CARTESIAN_POINT('',(0.032,0.0832024235695756,0.0234351158047953));
#7285=CARTESIAN_POINT('',(0.032,0.083243579293573,0.023572880019426));
#7286=CARTESIAN_POINT('',(0.032,0.0832834782758776,0.0237168723844987));
#7287=CARTESIAN_POINT('',(0.032,0.0833218824248868,0.0238671007018912));
#7288=CARTESIAN_POINT('',(0.032,0.0833585762862129,0.0240235408887639));
#7289=CARTESIAN_POINT('',(0.032,0.0833932551153233,0.0241862579174196));
#7290=CARTESIAN_POINT('',(0.032,0.0834209264931932,0.0243290055772976));
#7291=CARTESIAN_POINT('',(0.032,0.0834363910181955,0.0244181460315719));
#7292=CARTESIAN_POINT('',(0.032,0.0834418247087703,0.0244500603038796));
#7293=CARTESIAN_POINT('',(0.032,0.082038456604583,0.0215068869379942));
#7294=CARTESIAN_POINT('',(0.032,0.0825054867570092,0.0210253650602619));
#7295=CARTESIAN_POINT('',(0.032,0.0820016476387232,0.0205825032026869));
#7296=CARTESIAN_POINT('',(0.032,0.0723000000000045,0.0120550000000038));
#7297=CARTESIAN_POINT('',(0.032,0.0823826247006735,0.0201284724204117));
#7298=CARTESIAN_POINT('',(0.032,0.0829062492362544,0.0205477549358445));
#7299=CARTESIAN_POINT('',(0.032,0.0832993567798058,0.0200042046242698));
#7300=CARTESIAN_POINT('',(0.032,0.082769120768218,0.0196205659483111));
#7301=CARTESIAN_POINT('',(0.032,0.0832247953463736,0.0199503161864923));
#7302=CARTESIAN_POINT('',(0.032,0.0837190213994948,0.0203079643120288));
#7303=CARTESIAN_POINT('',(0.032,0.083732983175548,0.0203167707157946));
#7304=CARTESIAN_POINT('',(0.032,0.0837464462580545,0.0203256114670903));
#7305=CARTESIAN_POINT('',(0.032,0.0837626271486514,0.0203356091044736));
#7306=CARTESIAN_POINT('',(0.032,0.083784629106151,0.020348693288736));
#7307=CARTESIAN_POINT('',(0.032,0.0838115461130628,0.0203639456063825));
#7308=CARTESIAN_POINT('',(0.032,0.0838438001796835,0.0203813922750621));
#7309=CARTESIAN_POINT('',(0.032,0.0838813859456,0.0204007570891776));
#7310=CARTESIAN_POINT('',(0.032,0.0839244215198733,0.0204218530441449));
#7311=CARTESIAN_POINT('',(0.032,0.083972979971213,0.0204444628230659));
#7312=CARTESIAN_POINT('',(0.032,0.0840271396367532,0.0204683747618401));
#7313=CARTESIAN_POINT('',(0.032,0.0840869691553567,0.0204933724311053));
#7314=CARTESIAN_POINT('',(0.032,0.0841525317400453,0.0205192378868919));
#7315=CARTESIAN_POINT('',(0.032,0.0842238838568603,0.0205457509452089));
#7316=CARTESIAN_POINT('',(0.032,0.0843010755280354,0.0205726896091596));
#7317=CARTESIAN_POINT('',(0.032,0.0843841501761294,0.0205998301681744));
#7318=CARTESIAN_POINT('',(0.032,0.0844731446054471,0.0206269473929841));
#7319=CARTESIAN_POINT('',(0.032,0.0845680889505281,0.0206538147052397));
#7320=CARTESIAN_POINT('',(0.032,0.0846690066397839,0.0206802043559388));
#7321=CARTESIAN_POINT('',(0.032,0.0847759143608346,0.0207058876025404));
#7322=CARTESIAN_POINT('',(0.032,0.0848888220305194,0.0207306348884792));
#7323=CARTESIAN_POINT('',(0.032,0.0850077327717804,0.0207542160198669));
#7324=CARTESIAN_POINT('',(0.032,0.0851326428850329,0.0207764003562139));
#7325=CARTESIAN_POINT('',(0.032,0.0852635418629733,0.020796956950348));
#7326=CARTESIAN_POINT('',(0.032,0.0854004122597489,0.0208156548867998));
#7327=CARTESIAN_POINT('',(0.032,0.0855432301428776,0.0208322628580549));
#7328=CARTESIAN_POINT('',(0.032,0.0856919633259438,0.0208465516733729));
#7329=CARTESIAN_POINT('',(0.032,0.0858465781481241,0.0208582855035159));
#7330=CARTESIAN_POINT('',(0.032,0.0860070134791899,0.0208672563492734));
#7331=CARTESIAN_POINT('',(0.032,0.0861732803860358,0.0208731528135453));
#7332=CARTESIAN_POINT('',(0.032,0.0863186644725486,0.0208756159300041));
#7333=CARTESIAN_POINT('',(0.032,0.0864091360696101,0.0208753664366819));
#7334=CARTESIAN_POINT('',(0.032,0.0864415090428769,0.0208751757220596));
#7335=CARTESIAN_POINT('',(0.032,0.0840865326893529,0.0173387415664085));
#7336=CARTESIAN_POINT('',(0.032,0.0845999420615996,0.0175684922078594));
#7337=CARTESIAN_POINT('',(0.032,0.0851567874504907,0.0178176804623062));
#7338=CARTESIAN_POINT('',(0.032,0.0851713949078945,0.0178253685131674));
#7339=CARTESIAN_POINT('',(0.032,0.0851857827643584,0.0178326075089834));
#7340=CARTESIAN_POINT('',(0.032,0.0852025314176086,0.0178416217526045));
#7341=CARTESIAN_POINT('',(0.032,0.0852248636323174,0.017854133914601));
#7342=CARTESIAN_POINT('',(0.032,0.0852515310303217,0.0178698185675572));
#7343=CARTESIAN_POINT('',(0.032,0.08528276732192,0.0178890280742862));
#7344=CARTESIAN_POINT('',(0.032,0.0853183306258418,0.017911895895333));
#7345=CARTESIAN_POINT('',(0.032,0.0853581180458974,0.0179386178184364));
#7346=CARTESIAN_POINT('',(0.032,0.0854019779144867,0.0179693657814044));
#7347=CARTESIAN_POINT('',(0.032,0.085449766093689,0.0180043134582356));
#7348=CARTESIAN_POINT('',(0.032,0.0855013294696098,0.0180436285066099));
#7349=CARTESIAN_POINT('',(0.032,0.0855565109037458,0.0180874746425948));
#7350=CARTESIAN_POINT('',(0.032,0.0856151479441878,0.0181360108592117));
#7351=CARTESIAN_POINT('',(0.032,0.0856770733471007,0.0181893914754346));
#7352=CARTESIAN_POINT('',(0.032,0.0857421150847273,0.0182477659515871));
#7353=CARTESIAN_POINT('',(0.032,0.0858100965049515,0.0183112787757667));
#7354=CARTESIAN_POINT('',(0.032,0.0858808364524369,0.0183800693344247));
#7355=CARTESIAN_POINT('',(0.032,0.0859541494049672,0.0184542717916619));
#7356=CARTESIAN_POINT('',(0.032,0.0860298456095011,0.0185340149706517));
#7357=CARTESIAN_POINT('',(0.032,0.0861077312226412,0.0186194222379115));
#7358=CARTESIAN_POINT('',(0.032,0.0861876084521035,0.0187106113949324));
#7359=CARTESIAN_POINT('',(0.032,0.0862692757075722,0.0188076945580252));
#7360=CARTESIAN_POINT('',(0.032,0.0863525277292779,0.018910778101184));
#7361=CARTESIAN_POINT('',(0.032,0.0864371558156314,0.0190199623735917));
#7362=CARTESIAN_POINT('',(0.032,0.0865229476822079,0.0191353423028684));
#7363=CARTESIAN_POINT('',(0.032,0.0866096887507964,0.0192570046101305));
#7364=CARTESIAN_POINT('',(0.032,0.0866971579568741,0.0193850380588687));
#7365=CARTESIAN_POINT('',(0.032,0.0867851446027264,0.0195194937083575));
#7366=CARTESIAN_POINT('',(0.032,0.0868733845440014,0.0196605368413587));
#7367=CARTESIAN_POINT('',(0.032,0.0869482097086835,0.0197852115953554));
#7368=CARTESIAN_POINT('',(0.032,0.0869932294396592,0.0198636870433927));
#7369=CARTESIAN_POINT('',(0.032,0.0870092507625848,0.0198918182179489));
#7370=CARTESIAN_POINT('',(0.032,0.0846838915344012,0.0176061200844655));
#7371=CARTESIAN_POINT('',(0.032,0.0849580661406842,0.0169939038095434));
#7372=CARTESIAN_POINT('',(0.032,0.0843331445631663,0.0167500729174019));
#7373=CARTESIAN_POINT('',(0.032,0.0723000000000055,0.012055000000002));
#7374=CARTESIAN_POINT('',(0.032,0.0845358582237416,0.0161931217123562));
#7375=CARTESIAN_POINT('',(0.032,0.0851713074019118,0.0164080282594247));
#7376=CARTESIAN_POINT('',(0.032,0.0853548025042928,0.0157628073442241));
#7377=CARTESIAN_POINT('',(0.032,0.0847253314819921,0.0155836563080574));
#7378=CARTESIAN_POINT('',(0.032,0.0852663067442891,0.015737670289048));
#7379=CARTESIAN_POINT('',(0.032,0.0858530501825634,0.0159047143279289));
#7380=CARTESIAN_POINT('',(0.032,0.0858691819279718,0.0159082144319164));
#7381=CARTESIAN_POINT('',(0.032,0.0858848568022815,0.0159119173752627));
#7382=CARTESIAN_POINT('',(0.032,0.0859034812591439,0.015915777890816));
#7383=CARTESIAN_POINT('',(0.032,0.0859286313908258,0.015920547889559));
#7384=CARTESIAN_POINT('',(0.032,0.085959141703462,0.0159256742213393));
#7385=CARTESIAN_POINT('',(0.032,0.0859954177239781,0.0159310371866664));
#7386=CARTESIAN_POINT('',(0.032,0.0860373599473557,0.0159363790705478));
#7387=CARTESIAN_POINT('',(0.032,0.0860850154004731,0.0159414837504781));
#7388=CARTESIAN_POINT('',(0.032,0.0861383784187009,0.0159461220244009));
#7389=CARTESIAN_POINT('',(0.032,0.08619745022148,0.0159500682002451));
#7390=CARTESIAN_POINT('',(0.032,0.0862622212850418,0.0159530954250626));
#7391=CARTESIAN_POINT('',(0.032,0.0863326764689687,0.0159549772783865));
#7392=CARTESIAN_POINT('',(0.032,0.0864087935266227,0.0159554875424218));
#7393=CARTESIAN_POINT('',(0.032,0.0864905435361176,0.0159544004997112));
#7394=CARTESIAN_POINT('',(0.032,0.08657789078779,0.0159514910796936));
#7395=CARTESIAN_POINT('',(0.032,0.0866707928334269,0.015946535048273));
#7396=CARTESIAN_POINT('',(0.032,0.0867692004958734,0.0159393091848275));
#7397=CARTESIAN_POINT('',(0.032,0.0868730578958882,0.0159295914623112));
#7398=CARTESIAN_POINT('',(0.032,0.0869823024801483,0.0159171612255441));
#7399=CARTESIAN_POINT('',(0.032,0.087096865054465,0.0159017993701571));
#7400=CARTESIAN_POINT('',(0.032,0.0872166698224971,0.0158832885165428));
#7401=CARTESIAN_POINT('',(0.032,0.087341634424079,0.0158614131988676));
#7402=CARTESIAN_POINT('',(0.032,0.0874716699969901,0.0158359599914876));
#7403=CARTESIAN_POINT('',(0.032,0.0876066811697493,0.0158067178716732));
#7404=CARTESIAN_POINT('',(0.032,0.0877465663413506,0.0157734776668506));
#7405=CARTESIAN_POINT('',(0.032,0.0878912168786069,0.0157360350165751));
#7406=CARTESIAN_POINT('',(0.032,0.0880405204923411,0.0156941798265317));
#7407=CARTESIAN_POINT('',(0.032,0.0881943485990087,0.0156477375491666));
#7408=CARTESIAN_POINT('',(0.032,0.0883526050940081,0.0155964117818218));
#7409=CARTESIAN_POINT('',(0.032,0.0884900638827282,0.015549002068076));
#7410=CARTESIAN_POINT('',(0.032,0.0885749940431357,0.0155178245124483));
#7411=CARTESIAN_POINT('',(0.032,0.088605349458985,0.0155065730903684));
#7412=CARTESIAN_POINT('',(0.032,0.088605349458985,0.0155065730903684));
#7413=CARTESIAN_POINT('',(0.032,0.0723,0.012055));
#7414=CARTESIAN_POINT('',(0.032,0.0888025240890106,0.0143883401958147));
#7415=CARTESIAN_POINT('',(0.032,0.0851828638406757,0.0129888613603687));
#7416=CARTESIAN_POINT('',(0.032,0.0857438901865364,0.0130291599956804));
#7417=CARTESIAN_POINT('',(0.032,0.086352381091897,0.0130728680198518));
#7418=CARTESIAN_POINT('',(0.032,0.0863687370800852,0.0130750963798394));
#7419=CARTESIAN_POINT('',(0.032,0.0863847331250198,0.0130769778740597));
#7420=CARTESIAN_POINT('',(0.032,0.0864035547637824,0.0130797201154872));
#7421=CARTESIAN_POINT('',(0.032,0.0864288195925894,0.0130838396345099));
#7422=CARTESIAN_POINT('',(0.032,0.0864592432169617,0.0130894575998649));
#7423=CARTESIAN_POINT('',(0.032,0.086495165767922,0.0130968251906577));
#7424=CARTESIAN_POINT('',(0.032,0.0865364055976201,0.0131061505470443));
#7425=CARTESIAN_POINT('',(0.032,0.0865829329786161,0.0131176528418878));
#7426=CARTESIAN_POINT('',(0.032,0.0866346641961795,0.013131545517252));
#7427=CARTESIAN_POINT('',(0.032,0.0866915232049753,0.0131480410713838));
#7428=CARTESIAN_POINT('',(0.032,0.0867534234673108,0.0131673494190041));
#7429=CARTESIAN_POINT('',(0.032,0.0868202733154865,0.013189678147427));
#7430=CARTESIAN_POINT('',(0.032,0.0868919744734584,0.0132152322230467));
#7431=CARTESIAN_POINT('',(0.032,0.0869684225636263,0.0132442138590246));
#7432=CARTESIAN_POINT('',(0.032,0.0870495070512174,0.013276822339082));
#7433=CARTESIAN_POINT('',(0.032,0.0871351113553815,0.0133132538562003));
#7434=CARTESIAN_POINT('',(0.032,0.0872251129187599,0.0133537013495732));
#7435=CARTESIAN_POINT('',(0.032,0.08731938329432,0.0133983543445511));
#7436=CARTESIAN_POINT('',(0.032,0.0874177882326494,0.013447398794682));
#7437=CARTESIAN_POINT('',(0.032,0.0875201877743718,0.0135010169249183));
#7438=CARTESIAN_POINT('',(0.032,0.0876264363460204,0.0135593870813975));
#7439=CARTESIAN_POINT('',(0.032,0.0877363828606997,0.0136226835669378));
#7440=CARTESIAN_POINT('',(0.032,0.0878498708193678,0.0136910765433727));
#7441=CARTESIAN_POINT('',(0.032,0.0879667384281231,0.0137647316882361));
#7442=CARTESIAN_POINT('',(0.032,0.0880868186720167,0.0138438108098615));
#7443=CARTESIAN_POINT('',(0.032,0.0882099395738554,0.0139284687895126));
#7444=CARTESIAN_POINT('',(0.032,0.0883359237598406,0.0140188646461064));
#7445=CARTESIAN_POINT('',(0.032,0.0884645907021848,0.0141151184225288));
#7446=CARTESIAN_POINT('',(0.032,0.0885957487164237,0.0142174757764608));
#7447=CARTESIAN_POINT('',(0.032,0.0887087026487556,0.0143090400092408));
#7448=CARTESIAN_POINT('',(0.032,0.0887778475417285,0.0143673851538335));
#7449=CARTESIAN_POINT('',(0.032,0.0888025240890106,0.0143883401958147));
#7450=CARTESIAN_POINT('',(0.032,0.0858356463783968,0.0130358062229433));
#7451=CARTESIAN_POINT('',(0.032,0.0858838959346326,0.0123667378689367));
#7452=CARTESIAN_POINT('',(0.032,0.0852132666629917,0.0123513475463817));
#7453=CARTESIAN_POINT('',(0.032,0.0723000000000059,0.012055));
#7454=CARTESIAN_POINT('',(0.032,0.0852132666629917,0.0117586524536184));
#7455=CARTESIAN_POINT('',(0.032,0.0858838959346327,0.0117432621310633));
#7456=CARTESIAN_POINT('',(0.032,0.0858356463783968,0.0110741937770567));
#7457=CARTESIAN_POINT('',(0.032,0.0851828638406757,0.0111211386396313));
#7458=CARTESIAN_POINT('',(0.032,0.0857438901865364,0.0110808400043196));
#7459=CARTESIAN_POINT('',(0.032,0.086352381091897,0.0110371319801483));
#7460=CARTESIAN_POINT('',(0.032,0.0863687370800852,0.0110349036201606));
#7461=CARTESIAN_POINT('',(0.032,0.0863847331250198,0.0110330221259404));
#7462=CARTESIAN_POINT('',(0.032,0.0864035547637824,0.0110302798845128));
#7463=CARTESIAN_POINT('',(0.032,0.0864288195925894,0.0110261603654901));
#7464=CARTESIAN_POINT('',(0.032,0.0864592432169617,0.0110205424001351));
#7465=CARTESIAN_POINT('',(0.032,0.086495165767922,0.0110131748093423));
#7466=CARTESIAN_POINT('',(0.032,0.0865364055976201,0.0110038494529558));
#7467=CARTESIAN_POINT('',(0.032,0.0865829329786161,0.0109923471581122));
#7468=CARTESIAN_POINT('',(0.032,0.0866346641961795,0.0109784544827481));
#7469=CARTESIAN_POINT('',(0.032,0.0866915232049753,0.0109619589286162));
#7470=CARTESIAN_POINT('',(0.032,0.0867534234673108,0.0109426505809959));
#7471=CARTESIAN_POINT('',(0.032,0.0868202733154865,0.0109203218525731));
#7472=CARTESIAN_POINT('',(0.032,0.0868919744734584,0.0108947677769533));
#7473=CARTESIAN_POINT('',(0.032,0.0869684225636263,0.0108657861409755));
#7474=CARTESIAN_POINT('',(0.032,0.0870495070512174,0.010833177660918));
#7475=CARTESIAN_POINT('',(0.032,0.0871351113553815,0.0107967461437997));
#7476=CARTESIAN_POINT('',(0.032,0.0872251129187599,0.0107562986504268));
#7477=CARTESIAN_POINT('',(0.032,0.08731938329432,0.0107116456554489));
#7478=CARTESIAN_POINT('',(0.032,0.0874177882326494,0.010662601205318));
#7479=CARTESIAN_POINT('',(0.032,0.0875201877743718,0.0106089830750818));
#7480=CARTESIAN_POINT('',(0.032,0.0876264363460204,0.0105506129186026));
#7481=CARTESIAN_POINT('',(0.032,0.0877363828606997,0.0104873164330622));
#7482=CARTESIAN_POINT('',(0.032,0.0878498708193678,0.0104189234566274));
#7483=CARTESIAN_POINT('',(0.032,0.0879667384281231,0.0103452683117639));
#7484=CARTESIAN_POINT('',(0.032,0.0880868186720167,0.0102661891901385));
#7485=CARTESIAN_POINT('',(0.032,0.0882099395738554,0.0101815312104875));
#7486=CARTESIAN_POINT('',(0.032,0.0883359237598406,0.0100911353538936));
#7487=CARTESIAN_POINT('',(0.032,0.0884645907021848,0.00999488157747121));
#7488=CARTESIAN_POINT('',(0.032,0.0885957487164237,0.00989252422353926));
#7489=CARTESIAN_POINT('',(0.032,0.0887087026487556,0.00980095999075927));
#7490=CARTESIAN_POINT('',(0.032,0.0887778475417285,0.00974261484616654));
#7491=CARTESIAN_POINT('',(0.032,0.0888025240890105,0.00972165980418529));
#7492=CARTESIAN_POINT('',(0.032,0.0847253314819921,0.00852634369194261));
#7493=CARTESIAN_POINT('',(0.032,0.0852663067442891,0.00837232971095203));
#7494=CARTESIAN_POINT('',(0.032,0.0858530501825634,0.00820528567207116));
#7495=CARTESIAN_POINT('',(0.032,0.0858691819279718,0.00820178556808365));
#7496=CARTESIAN_POINT('',(0.032,0.0858848568022815,0.00819808262473729));
#7497=CARTESIAN_POINT('',(0.032,0.0859034812591439,0.00819422210918399));
#7498=CARTESIAN_POINT('',(0.032,0.0859286313908258,0.00818945211044108));
#7499=CARTESIAN_POINT('',(0.032,0.085959141703462,0.00818432577866072));
#7500=CARTESIAN_POINT('',(0.032,0.0859954177239781,0.00817896281333364));
#7501=CARTESIAN_POINT('',(0.032,0.0860373599473557,0.00817362092945222));
#7502=CARTESIAN_POINT('',(0.032,0.0860850154004731,0.00816851624952197));
#7503=CARTESIAN_POINT('',(0.032,0.0861383784187009,0.0081638779755992));
#7504=CARTESIAN_POINT('',(0.032,0.08619745022148,0.00815993179975492));
#7505=CARTESIAN_POINT('',(0.032,0.0862622212850418,0.00815690457493748));
#7506=CARTESIAN_POINT('',(0.032,0.0863326764689687,0.00815502272161358));
#7507=CARTESIAN_POINT('',(0.032,0.0864087935266227,0.00815451245757825));
#7508=CARTESIAN_POINT('',(0.032,0.0864905435361176,0.0081555995002888));
#7509=CARTESIAN_POINT('',(0.032,0.08657789078779,0.00815850892030645));
#7510=CARTESIAN_POINT('',(0.032,0.0866707928334269,0.00816346495172701));
#7511=CARTESIAN_POINT('',(0.032,0.0867692004958734,0.00817069081517257));
#7512=CARTESIAN_POINT('',(0.032,0.0868730578958882,0.00818040853768889));
#7513=CARTESIAN_POINT('',(0.032,0.0869823024801483,0.00819283877445599));
#7514=CARTESIAN_POINT('',(0.032,0.087096865054465,0.008208200629843));
#7515=CARTESIAN_POINT('',(0.032,0.0872166698224971,0.00822671148345723));
#7516=CARTESIAN_POINT('',(0.032,0.087341634424079,0.00824858680113237));
#7517=CARTESIAN_POINT('',(0.032,0.0874716699969901,0.00827404000851242));
#7518=CARTESIAN_POINT('',(0.032,0.0876066811697493,0.00830328212832691));
#7519=CARTESIAN_POINT('',(0.032,0.0877465663413506,0.00833652233314948));
#7520=CARTESIAN_POINT('',(0.032,0.0878912168786069,0.00837396498342492));
#7521=CARTESIAN_POINT('',(0.032,0.0880405204923411,0.00841582017346839));
#7522=CARTESIAN_POINT('',(0.032,0.0881943485990087,0.00846226245083343));
#7523=CARTESIAN_POINT('',(0.032,0.0883526050940081,0.00851358821817817));
#7524=CARTESIAN_POINT('',(0.032,0.0884900638827282,0.00856099793192408));
#7525=CARTESIAN_POINT('',(0.032,0.0885749940431357,0.00859217548755175));
#7526=CARTESIAN_POINT('',(0.032,0.088605349458985,0.00860342690963158));
#7527=CARTESIAN_POINT('',(0.032,0.0853548025042927,0.00834719265577589));
#7528=CARTESIAN_POINT('',(0.032,0.0851713074019117,0.00770197174057534));
#7529=CARTESIAN_POINT('',(0.032,0.0845358582237416,0.00791687828764388));
#7530=CARTESIAN_POINT('',(0.032,0.0723000000000055,0.012054999999998));
#7531=CARTESIAN_POINT('',(0.032,0.0843331445631663,0.00735992708259819));
#7532=CARTESIAN_POINT('',(0.032,0.0849580661406842,0.00711609619045667));
#7533=CARTESIAN_POINT('',(0.032,0.0846838915344012,0.00650387991553447));
#7534=CARTESIAN_POINT('',(0.032,0.0840865326893529,0.0067712584335915));
#7535=CARTESIAN_POINT('',(0.032,0.0845999420615996,0.00654150779214057));
#7536=CARTESIAN_POINT('',(0.032,0.0851567874504907,0.00629231953769382));
#7537=CARTESIAN_POINT('',(0.032,0.0851713949078945,0.00628463148683263));
#7538=CARTESIAN_POINT('',(0.032,0.0851857827643584,0.00627739249101664));
#7539=CARTESIAN_POINT('',(0.032,0.0852025314176086,0.00626837824739552));
#7540=CARTESIAN_POINT('',(0.032,0.0852248636323174,0.00625586608539907));
#7541=CARTESIAN_POINT('',(0.032,0.0852515310303217,0.00624018143244283));
#7542=CARTESIAN_POINT('',(0.032,0.08528276732192,0.00622097192571377));
#7543=CARTESIAN_POINT('',(0.032,0.0853183306258418,0.0061981041046671));
#7544=CARTESIAN_POINT('',(0.032,0.0853581180458974,0.00617138218156368));
#7545=CARTESIAN_POINT('',(0.032,0.0854019779144867,0.00614063421859557));
#7546=CARTESIAN_POINT('',(0.032,0.085449766093689,0.00610568654176442));
#7547=CARTESIAN_POINT('',(0.032,0.0855013294696098,0.00606637149339015));
#7548=CARTESIAN_POINT('',(0.032,0.0855565109037458,0.0060225253574053));
#7549=CARTESIAN_POINT('',(0.032,0.0856151479441878,0.00597398914078829));
#7550=CARTESIAN_POINT('',(0.032,0.0856770733471007,0.00592060852456538));
#7551=CARTESIAN_POINT('',(0.032,0.0857421150847273,0.00586223404841296));
#7552=CARTESIAN_POINT('',(0.032,0.0858100965049515,0.00579872122423338));
#7553=CARTESIAN_POINT('',(0.032,0.0858808364524369,0.00572993066557534));
#7554=CARTESIAN_POINT('',(0.032,0.0859541494049672,0.00565572820833816));
#7555=CARTESIAN_POINT('',(0.032,0.0860298456095011,0.00557598502934832));
#7556=CARTESIAN_POINT('',(0.032,0.0861077312226412,0.00549057776208856));
#7557=CARTESIAN_POINT('',(0.032,0.0861876084521035,0.00539938860506756));
#7558=CARTESIAN_POINT('',(0.032,0.0862692757075722,0.00530230544197484));
#7559=CARTESIAN_POINT('',(0.032,0.0863525277292779,0.00519922189881603));
#7560=CARTESIAN_POINT('',(0.032,0.0864371558156313,0.00509003762640828));
#7561=CARTESIAN_POINT('',(0.032,0.0865229476822079,0.00497465769713161));
#7562=CARTESIAN_POINT('',(0.032,0.0866096887507964,0.0048529953898696));
#7563=CARTESIAN_POINT('',(0.032,0.0866971579568741,0.00472496194113133));
#7564=CARTESIAN_POINT('',(0.032,0.0867851446027264,0.00459050629164258));
#7565=CARTESIAN_POINT('',(0.032,0.0868733845440014,0.00444946315864127));
#7566=CARTESIAN_POINT('',(0.032,0.0869482097086835,0.00432478840464462));
#7567=CARTESIAN_POINT('',(0.032,0.0869932294396592,0.00424631295660732));
#7568=CARTESIAN_POINT('',(0.032,0.0870092507625848,0.00421818178205109));
#7569=CARTESIAN_POINT('',(0.032,0.082769120768218,0.00448943405168894));
#7570=CARTESIAN_POINT('',(0.032,0.0832247953463736,0.00415968381350779));
#7571=CARTESIAN_POINT('',(0.032,0.0837190213994948,0.00380203568797118));
#7572=CARTESIAN_POINT('',(0.032,0.0837329831755481,0.00379322928420546));
#7573=CARTESIAN_POINT('',(0.032,0.0837464462580545,0.00378438853290968));
#7574=CARTESIAN_POINT('',(0.032,0.0837626271486514,0.00377439089552637));
#7575=CARTESIAN_POINT('',(0.032,0.0837846291061511,0.00376130671126399));
#7576=CARTESIAN_POINT('',(0.032,0.0838115461130628,0.00374605439361756));
#7577=CARTESIAN_POINT('',(0.032,0.0838438001796835,0.00372860772493796));
#7578=CARTESIAN_POINT('',(0.032,0.0838813859456,0.00370924291082249));
#7579=CARTESIAN_POINT('',(0.032,0.0839244215198733,0.00368814695585508));
#7580=CARTESIAN_POINT('',(0.032,0.083972979971213,0.00366553717693411));
#7581=CARTESIAN_POINT('',(0.032,0.0840271396367532,0.00364162523815992));
#7582=CARTESIAN_POINT('',(0.032,0.0840869691553567,0.00361662756889474));
#7583=CARTESIAN_POINT('',(0.032,0.0841525317400454,0.00359076211310816));
#7584=CARTESIAN_POINT('',(0.032,0.0842238838568603,0.00356424905479115));
#7585=CARTESIAN_POINT('',(0.032,0.0843010755280354,0.00353731039084042));
#7586=CARTESIAN_POINT('',(0.032,0.0843841501761294,0.00351016983182568));
#7587=CARTESIAN_POINT('',(0.032,0.0844731446054471,0.00348305260701598));
#7588=CARTESIAN_POINT('',(0.032,0.0845680889505281,0.00345618529476028));
#7589=CARTESIAN_POINT('',(0.032,0.0846690066397839,0.00342979564406121));
#7590=CARTESIAN_POINT('',(0.032,0.0847759143608346,0.00340411239745969));
#7591=CARTESIAN_POINT('',(0.032,0.0848888220305194,0.00337936511152089));
#7592=CARTESIAN_POINT('',(0.032,0.0850077327717804,0.00335578398013318));
#7593=CARTESIAN_POINT('',(0.032,0.0851326428850329,0.00333359964378621));
#7594=CARTESIAN_POINT('',(0.032,0.0852635418629734,0.00331304304965208));
#7595=CARTESIAN_POINT('',(0.032,0.0854004122597489,0.00329434511320022));
#7596=CARTESIAN_POINT('',(0.032,0.0855432301428776,0.00327773714194519));
#7597=CARTESIAN_POINT('',(0.032,0.0856919633259438,0.00326344832662715));
#7598=CARTESIAN_POINT('',(0.032,0.0858465781481241,0.00325171449648418));
#7599=CARTESIAN_POINT('',(0.032,0.0860070134791899,0.00324274365072663));
#7600=CARTESIAN_POINT('',(0.032,0.0861732803860358,0.00323684718645473));
#7601=CARTESIAN_POINT('',(0.032,0.0863186644725486,0.00323438406999594));
#7602=CARTESIAN_POINT('',(0.032,0.0864091360696101,0.00323463356331812));
#7603=CARTESIAN_POINT('',(0.032,0.0864415090428769,0.00323482427794042));
#7604=CARTESIAN_POINT('',(0.032,0.0832993567798058,0.00410579537573031));
#7605=CARTESIAN_POINT('',(0.032,0.0829062492362544,0.00356224506415552));
#7606=CARTESIAN_POINT('',(0.032,0.0823826247006734,0.00398152757958835));
#7607=CARTESIAN_POINT('',(0.032,0.0723000000000045,0.0120549999999962));
#7608=CARTESIAN_POINT('',(0.032,0.0820016476387232,0.00352749679731313));
#7609=CARTESIAN_POINT('',(0.032,0.0825054867570092,0.0030846349397381));
#7610=CARTESIAN_POINT('',(0.032,0.082038456604583,0.00260311306200585));
#7611=CARTESIAN_POINT('',(0.032,0.081568571744998,0.003058675440181));
#7612=CARTESIAN_POINT('',(0.032,0.0819724393962223,0.00266718411070819));
#7613=CARTESIAN_POINT('',(0.032,0.082410475496581,0.00224257140709927));
#7614=CARTESIAN_POINT('',(0.032,0.0824215725482543,0.00223035095776192));
#7615=CARTESIAN_POINT('',(0.032,0.0824326168284159,0.00221862759008179));
#7616=CARTESIAN_POINT('',(0.032,0.0824452723613879,0.00220442859508391));
#7617=CARTESIAN_POINT('',(0.032,0.0824619783673163,0.00218503294151029));
#7618=CARTESIAN_POINT('',(0.032,0.0824816730571844,0.00216117340158015));
#7619=CARTESIAN_POINT('',(0.032,0.0825044555316553,0.00213243892892853));
#7620=CARTESIAN_POINT('',(0.032,0.0825300528504895,0.00209878683993304));
#7621=CARTESIAN_POINT('',(0.032,0.082558301359546,0.0020600683468696));
#7622=CARTESIAN_POINT('',(0.032,0.0825889997317067,0.0020161737544231));
#7623=CARTESIAN_POINT('',(0.032,0.0826219531216252,0.00196698916049123));
#7624=CARTESIAN_POINT('',(0.032,0.082656960307001,0.00191240938642528));
#7625=CARTESIAN_POINT('',(0.032,0.0826938176317491,0.00185233433397824));
#7626=CARTESIAN_POINT('',(0.032,0.0827323180621933,0.0017866701604062));
#7627=CARTESIAN_POINT('',(0.032,0.0827722516603384,0.00171532905406876));
#7628=CARTESIAN_POINT('',(0.032,0.0828134056545291,0.00163822940516086));
#7629=CARTESIAN_POINT('',(0.032,0.0828555646282354,0.00155529585786548));
#7630=CARTESIAN_POINT('',(0.032,0.0828985106781505,0.00146645939053699));
#7631=CARTESIAN_POINT('',(0.032,0.0829420235835919,0.001371657382495));
#7632=CARTESIAN_POINT('',(0.032,0.0829858809749065,0.00127083367891632));
#7633=CARTESIAN_POINT('',(0.032,0.0830298585050504,0.00116393865154164));
#7634=CARTESIAN_POINT('',(0.032,0.0830737300195909,0.0010509292521242));
#7635=CARTESIAN_POINT('',(0.032,0.0831172677395592,0.000931769073742962));
#7636=CARTESIAN_POINT('',(0.032,0.0831602424018159,0.000806428360516226));
#7637=CARTESIAN_POINT('',(0.032,0.0832024235695756,0.000674884195204818));
#7638=CARTESIAN_POINT('',(0.032,0.0832435792935729,0.000537119980574041));
#7639=CARTESIAN_POINT('',(0.032,0.0832834782758776,0.000393127615501289));
#7640=CARTESIAN_POINT('',(0.032,0.0833218824248868,0.000242899298108889));
#7641=CARTESIAN_POINT('',(0.032,0.0833585762862129,8.64591112361701E-5));
#7642=CARTESIAN_POINT('',(0.032,0.0833932551153233,-7.62579174195879E-5));
#7643=CARTESIAN_POINT('',(0.032,0.0834209264931932,-0.000219005577297503));
#7644=CARTESIAN_POINT('',(0.032,0.0834363910181955,-0.000308146031571796));
#7645=CARTESIAN_POINT('',(0.032,0.0834418247087703,-0.000340060303879619));
#7646=CARTESIAN_POINT('',(0.032,0.0795501795820298,0.0013650433206633));
#7647=CARTESIAN_POINT('',(0.032,0.079865592396878,0.00089932957061141));
#7648=CARTESIAN_POINT('',(0.032,0.0802076901088399,0.000394215000682985));
#7649=CARTESIAN_POINT('',(0.032,0.0802177979192921,0.000381164479401855));
#7650=CARTESIAN_POINT('',(0.032,0.0802274253635512,0.000368252245238537));
#7651=CARTESIAN_POINT('',(0.032,0.0802392110336721,0.000353323348643062));
#7652=CARTESIAN_POINT('',(0.032,0.0802554110562006,0.00033350312458523));
#7653=CARTESIAN_POINT('',(0.032,0.0802754881691017,0.000309964475681115));
#7654=CARTESIAN_POINT('',(0.032,0.0802998299653732,0.000282538429377185));
#7655=CARTESIAN_POINT('',(0.032,0.0803285258757523,0.000251486367404213));
#7656=CARTESIAN_POINT('',(0.032,0.0803617508457866,0.000216943620911847));
#7657=CARTESIAN_POINT('',(0.032,0.0803996478643602,0.000179089410015334));
#7658=CARTESIAN_POINT('',(0.032,0.0804423629376858,0.000138095841030028));
#7659=CARTESIAN_POINT('',(0.032,0.0804900345883978,9.41428151568086E-5));
#7660=CARTESIAN_POINT('',(0.032,0.0805427967585341,4.74135126088821E-5));
#7661=CARTESIAN_POINT('',(0.032,0.0806007778161769,-1.90447386570758E-6));
#7662=CARTESIAN_POINT('',(0.032,0.0806641006942609,-5.36196440329151E-5));
#7663=CARTESIAN_POINT('',(0.032,0.080732882710165,-0.000107536630110899));
#7664=CARTESIAN_POINT('',(0.032,0.0808072354815699,-0.000163456373631188));
#7665=CARTESIAN_POINT('',(0.032,0.0808872648200395,-0.000221176267210799));
#7666=CARTESIAN_POINT('',(0.032,0.0809730706358255,-0.000280490309781181));
#7667=CARTESIAN_POINT('',(0.032,0.0810647468447181,-0.000341189261166844));
#7668=CARTESIAN_POINT('',(0.032,0.0811623812784674,-0.000403060800516192));
#7669=CARTESIAN_POINT('',(0.032,0.0812660556026255,-0.000465889684440043));
#7670=CARTESIAN_POINT('',(0.032,0.0813758452244134,-0.000529457916439755));
#7671=CARTESIAN_POINT('',(0.032,0.0814918192587804,-0.000593544883452479));
#7672=CARTESIAN_POINT('',(0.032,0.0816140402897293,-0.000657927629082414));
#7673=CARTESIAN_POINT('',(0.032,0.0817425649399126,-0.000722380609974149));
#7674=CARTESIAN_POINT('',(0.032,0.0818774413518429,-0.000786677448877865));
#7675=CARTESIAN_POINT('',(0.032,0.0820187185530426,-0.000850585026119149));
#7676=CARTESIAN_POINT('',(0.032,0.0821664102398067,-0.000913886978605352));
#7677=CARTESIAN_POINT('',(0.032,0.0823206333156953,-0.00097629447388016));
#7678=CARTESIAN_POINT('',(0.032,0.0824564072335268,-0.00102833333234698));
#7679=CARTESIAN_POINT('',(0.032,0.082541508057418,-0.00105904199390705));
#7680=CARTESIAN_POINT('',(0.032,0.0825719939297522,-0.00106993498974041));
#7681=CARTESIAN_POINT('',(0.032,0.0799172262944571,0.00082318949113723));
#7682=CARTESIAN_POINT('',(0.032,0.0793619208811371,0.000446869972712371));
#7683=CARTESIAN_POINT('',(0.032,0.0790132778350115,0.00101995679719737));
#7684=CARTESIAN_POINT('',(0.032,0.072300000000003,0.0120549999999949));
#7685=CARTESIAN_POINT('',(0.032,0.0784999888279801,0.000723609250815716));
#7686=CARTESIAN_POINT('',(0.032,0.0788219750534955,0.000135132103775637));
#7687=CARTESIAN_POINT('',(0.032,0.0782184200839397,-0.000157616731806101));
#7688=CARTESIAN_POINT('',(0.032,0.0779326842586458,0.000431181960294596));
#7689=CARTESIAN_POINT('',(0.032,0.0781782977896584,-7.48304250690196E-5));
#7690=CARTESIAN_POINT('',(0.032,0.0784446909830571,-0.00062365301916878));
#7691=CARTESIAN_POINT('',(0.032,0.0784509391607931,-0.000638931900437567));
#7692=CARTESIAN_POINT('',(0.032,0.0784573077614686,-0.000653725628821114));
#7693=CARTESIAN_POINT('',(0.032,0.0784643437301103,-0.000671396766844162));
#7694=CARTESIAN_POINT('',(0.032,0.0784734085363888,-0.000695336509924649));
#7695=CARTESIAN_POINT('',(0.032,0.07848375504786,-0.000724493124183781));
#7696=CARTESIAN_POINT('',(0.032,0.0784953358025489,-0.000759286761280537));
#7697=CARTESIAN_POINT('',(0.032,0.0785078797218678,-0.000799664179640044));
#7698=CARTESIAN_POINT('',(0.032,0.0785211821328295,-0.000845709220975946));
#7699=CARTESIAN_POINT('',(0.032,0.0785350163318193,-0.000897456107236627));
#7700=CARTESIAN_POINT('',(0.032,0.0785491602672896,-0.000954945230353735));
#7701=CARTESIAN_POINT('',(0.032,0.0785633888789129,-0.00101820660384733));
#7702=CARTESIAN_POINT('',(0.032,0.0785774765569525,-0.00108726463481808));
#7703=CARTESIAN_POINT('',(0.032,0.0785911966572815,-0.00116213669691237));
#7704=CARTESIAN_POINT('',(0.032,0.0786043218693654,-0.00124283350305747));
#7705=CARTESIAN_POINT('',(0.032,0.0786166243410523,-0.00132935896919291));
#7706=CARTESIAN_POINT('',(0.032,0.0786278758738116,-0.00142171022983147));
#7707=CARTESIAN_POINT('',(0.032,0.0786378480987205,-0.00151987761678398));
#7708=CARTESIAN_POINT('',(0.032,0.0786463126584946,-0.00162384465433229));
#7709=CARTESIAN_POINT('',(0.032,0.0786530413879313,-0.00173358805584881));
#7710=CARTESIAN_POINT('',(0.032,0.0786578064959045,-0.00184907772543446));
#7711=CARTESIAN_POINT('',(0.032,0.0786603807433949,-0.0019702767658375));
#7712=CARTESIAN_POINT('',(0.032,0.0786605376362863,-0.00209714148337753));
#7713=CARTESIAN_POINT('',(0.032,0.0786580515605873,-0.00222962142682513));
#7714=CARTESIAN_POINT('',(0.032,0.0786526981383938,-0.00236765931731853));
#7715=CARTESIAN_POINT('',(0.032,0.078644253732104,-0.00251119141983567));
#7716=CARTESIAN_POINT('',(0.032,0.0786324982220126,-0.00266014623839042));
#7717=CARTESIAN_POINT('',(0.032,0.078617205206798,-0.00281444967222556));
#7718=CARTESIAN_POINT('',(0.032,0.0785981804623781,-0.00297400540113416));
#7719=CARTESIAN_POINT('',(0.032,0.0785751154007283,-0.00313877025034091));
#7720=CARTESIAN_POINT('',(0.032,0.0785522954152288,-0.00328237334158771));
#7721=CARTESIAN_POINT('',(0.032,0.0785363394843105,-0.00337142714774052));
#7722=CARTESIAN_POINT('',(0.032,0.0785305301592584,-0.00340327518555512));
#7723=CARTESIAN_POINT('',(0.032,0.0754567597369941,-0.000469980867876405));
#7724=CARTESIAN_POINT('',(0.032,0.0755938673480668,-0.0010154861783398));
#7725=CARTESIAN_POINT('',(0.032,0.0757425746859824,-0.0016071429208296));
#7726=CARTESIAN_POINT('',(0.032,0.0757476093797175,-0.00162286347415446));
#7727=CARTESIAN_POINT('',(0.032,0.0757522399738656,-0.00163828978518092));
#7728=CARTESIAN_POINT('',(0.032,0.075758208897756,-0.0016563492957321));
#7729=CARTESIAN_POINT('',(0.032,0.0757666530235095,-0.00168051494804866));
#7730=CARTESIAN_POINT('',(0.032,0.0757774686462776,-0.00170950081975915));
#7731=CARTESIAN_POINT('',(0.032,0.0757909621923228,-0.00174359825773784));
#7732=CARTESIAN_POINT('',(0.032,0.0758073070968662,-0.00178259223061476));
#7733=CARTESIAN_POINT('',(0.032,0.0758267140409272,-0.00182641540360845));
#7734=CARTESIAN_POINT('',(0.032,0.0758493786869942,-0.00187494826997772));
#7735=CARTESIAN_POINT('',(0.032,0.0758754970998548,-0.00192807903975386));
#7736=CARTESIAN_POINT('',(0.032,0.0759052609780408,-0.00198568603863726));
#7737=CARTESIAN_POINT('',(0.032,0.0759388588372196,-0.0020476429444082));
#7738=CARTESIAN_POINT('',(0.032,0.0759764754644294,-0.00211381738201556));
#7739=CARTESIAN_POINT('',(0.032,0.0760182918757791,-0.00218407144564246));
#7740=CARTESIAN_POINT('',(0.032,0.0760644851332609,-0.0022582616745327));
#7741=CARTESIAN_POINT('',(0.032,0.0761152282051915,-0.00233623919040753));
#7742=CARTESIAN_POINT('',(0.032,0.0761706898177229,-0.00241784979429046));
#7743=CARTESIAN_POINT('',(0.032,0.0762310343122964,-0.00250293407981613));
#7744=CARTESIAN_POINT('',(0.032,0.0762964215052418,-0.00259132754662769));
#7745=CARTESIAN_POINT('',(0.032,0.0763670065494145,-0.00268286071861538));
#7746=CARTESIAN_POINT('',(0.032,0.0764429398029063,-0.0027773592644186));
#7747=CARTESIAN_POINT('',(0.032,0.0765243666845197,-0.00287464412512468));
#7748=CARTESIAN_POINT('',(0.032,0.0766114275951742,-0.00297453163097137));
#7749=CARTESIAN_POINT('',(0.032,0.0767042576001736,-0.00307683367646829));
#7750=CARTESIAN_POINT('',(0.032,0.0768029870477776,-0.00318135768627649));
#7751=CARTESIAN_POINT('',(0.032,0.0769077386027293,-0.00328790740107381));
#7752=CARTESIAN_POINT('',(0.032,0.0770186380674543,-0.00339628052842273));
#7753=CARTESIAN_POINT('',(0.032,0.0771357723127959,-0.00350627843793043));
#7754=CARTESIAN_POINT('',(0.032,0.0772593499786848,-0.00361766969924143));
#7755=CARTESIAN_POINT('',(0.032,0.077369137389535,-0.00371300764537346));
#7756=CARTESIAN_POINT('',(0.032,0.0774386030249402,-0.00377097054402008));
#7757=CARTESIAN_POINT('',(0.032,0.0774635247502147,-0.00379163339424806));
#7758=CARTESIAN_POINT('',(0.032,0.0756163458997098,-0.00110469428221825));
#7759=CARTESIAN_POINT('',(0.032,0.0749658206449025,-0.00126839331968655));
#7760=CARTESIAN_POINT('',(0.032,0.0748342105850184,-0.00061062491504299));
#7761=CARTESIAN_POINT('',(0.032,0.072300000000001,0.0120549999999942));
#7762=CARTESIAN_POINT('',(0.032,0.0723,0.012055));
#7763=CARTESIAN_POINT('',(0.032,0.088605349458985,0.0155065730903684));
#7764=CARTESIAN_POINT('',(0.032,0.0888025240890106,0.0143883401958147));
#7765=CARTESIAN_POINT('',(0.032,0.0858356463694365,0.0130358062222971));
#7766=CARTESIAN_POINT('',(0.035,0.0858356463694365,0.0130358062222971));
#7767=CARTESIAN_POINT('',(0.032,0.0859654163574053,0.0130451645252176));
#7768=CARTESIAN_POINT('',(0.035,0.0859654163574053,0.0130451645252176));
#7769=CARTESIAN_POINT('',(0.032,0.0861956612311644,0.0130618384098116));
#7770=CARTESIAN_POINT('',(0.035,0.0861956612311644,0.0130618384098116));
#7771=CARTESIAN_POINT('',(0.032,0.0863812440625769,0.01307554359545));
#7772=CARTESIAN_POINT('',(0.0349999999999999,0.0863812440625769,0.01307554359545));
#7773=CARTESIAN_POINT('',(0.032,0.0863787491960269,0.0130763430589796));
#7774=CARTESIAN_POINT('',(0.035,0.0863787491960269,0.0130763430589796));
#7775=CARTESIAN_POINT('',(0.032,0.0864514222874699,0.0130869371507201));
#7776=CARTESIAN_POINT('',(0.035,0.0864514222874699,0.0130869371507201));
#7777=CARTESIAN_POINT('',(0.032,0.0865413779127231,0.0131064911178667));
#7778=CARTESIAN_POINT('',(0.0349999999999999,0.0865413779127231,0.0131064911178667));
#7779=CARTESIAN_POINT('',(0.032,0.0867210854613214,0.0131543549833898));
#7780=CARTESIAN_POINT('',(0.035,0.0867210854613214,0.0131543549833898));
#7781=CARTESIAN_POINT('',(0.032,0.086975032126587,0.013242118593007));
#7782=CARTESIAN_POINT('',(0.035,0.086975032126587,0.013242118593007));
#7783=CARTESIAN_POINT('',(0.032,0.0873131302808065,0.0133904838688093));
#7784=CARTESIAN_POINT('',(0.035,0.0873131302808065,0.0133904838688093));
#7785=CARTESIAN_POINT('',(0.032,0.0876715191500223,0.0135800859360499));
#7786=CARTESIAN_POINT('',(0.035,0.0876715191500223,0.0135800859360499));
#7787=CARTESIAN_POINT('',(0.032,0.0881668133843609,0.0138859921492529));
#7788=CARTESIAN_POINT('',(0.0349999999999999,0.0881668133843609,0.0138859921492529));
#7789=CARTESIAN_POINT('',(0.032,0.0885488339906954,0.0141729094631581));
#7790=CARTESIAN_POINT('',(0.035,0.0885488339906954,0.0141729094631581));
#7791=CARTESIAN_POINT('',(0.032,0.0888025240890106,0.0143883401958147));
#7792=CARTESIAN_POINT('',(0.035,0.0888025240890106,0.0143883401958147));
#7793=CARTESIAN_POINT('',(0.032,0.085835646378397,0.0130358062229433));
#7794=CARTESIAN_POINT('',(0.032,0.0858356463694365,0.0110741937777029));
#7795=CARTESIAN_POINT('',(0.0350000000000001,0.0858356463694365,0.0110741937777029));
#7796=CARTESIAN_POINT('',(0.032,0.0859654163574053,0.0110648354747824));
#7797=CARTESIAN_POINT('',(0.0350000000000001,0.0859654163574053,0.0110648354747824));
#7798=CARTESIAN_POINT('',(0.032,0.0861956612311644,0.0110481615901884));
#7799=CARTESIAN_POINT('',(0.0350000000000001,0.0861956612311644,0.0110481615901884));
#7800=CARTESIAN_POINT('',(0.032,0.0863812440625769,0.01103445640455));
#7801=CARTESIAN_POINT('',(0.0350000000000001,0.0863812440625769,0.01103445640455));
#7802=CARTESIAN_POINT('',(0.032,0.0863787491960269,0.0110336569410205));
#7803=CARTESIAN_POINT('',(0.0350000000000001,0.0863787491960269,0.0110336569410205));
#7804=CARTESIAN_POINT('',(0.032,0.0864514222874699,0.01102306284928));
#7805=CARTESIAN_POINT('',(0.0350000000000001,0.0864514222874699,0.01102306284928));
#7806=CARTESIAN_POINT('',(0.032,0.0865413779127232,0.0110035088821334));
#7807=CARTESIAN_POINT('',(0.0350000000000001,0.0865413779127232,0.0110035088821334));
#7808=CARTESIAN_POINT('',(0.032,0.0867210854613214,0.0109556450166102));
#7809=CARTESIAN_POINT('',(0.0350000000000001,0.0867210854613214,0.0109556450166102));
#7810=CARTESIAN_POINT('',(0.032,0.086975032126587,0.0108678814069931));
#7811=CARTESIAN_POINT('',(0.0350000000000001,0.086975032126587,0.0108678814069931));
#7812=CARTESIAN_POINT('',(0.032,0.0873131302808065,0.0107195161311907));
#7813=CARTESIAN_POINT('',(0.0350000000000001,0.0873131302808065,0.0107195161311907));
#7814=CARTESIAN_POINT('',(0.032,0.0876715191500224,0.0105299140639501));
#7815=CARTESIAN_POINT('',(0.0350000000000001,0.0876715191500224,0.0105299140639501));
#7816=CARTESIAN_POINT('',(0.032,0.0881668133843606,0.0102240078507471));
#7817=CARTESIAN_POINT('',(0.0350000000000001,0.0881668133843606,0.0102240078507471));
#7818=CARTESIAN_POINT('',(0.032,0.0885488339906965,0.00993709053684208));
#7819=CARTESIAN_POINT('',(0.0350000000000001,0.0885488339906965,0.00993709053684208));
#7820=CARTESIAN_POINT('',(0.032,0.0888025240890105,0.00972165980418529));
#7821=CARTESIAN_POINT('',(0.0350000000000001,0.0888025240890105,0.00972165980418529));
#7822=CARTESIAN_POINT('',(0.035,0.0858356463783971,0.0110741937770567));
#7823=CARTESIAN_POINT('',(0.032,0.0723000000000059,0.012055));
#7824=CARTESIAN_POINT('',(0.032,0.0852132666629917,0.0117586524536184));
#7825=CARTESIAN_POINT('',(0.032,0.0852132666629917,0.0123513475463817));
#7826=CARTESIAN_POINT('',(0.0335,0.0858838959346326,0.0123667378689367));
#7827=CARTESIAN_POINT('',(0.0335,0.0858838959346327,0.0117432621310633));
#7828=CARTESIAN_POINT('',(0.032,0.0846838915262023,0.0176061200807938));
#7829=CARTESIAN_POINT('',(0.035,0.0846838915262023,0.0176061200807938));
#7830=CARTESIAN_POINT('',(0.032,0.0848026346981899,0.0176592979588757));
#7831=CARTESIAN_POINT('',(0.035,0.0848026346981899,0.0176592979588757));
#7832=CARTESIAN_POINT('',(0.032,0.0850132913026365,0.0177537146699116));
#7833=CARTESIAN_POINT('',(0.035,0.0850132913026365,0.0177537146699116));
#7834=CARTESIAN_POINT('',(0.032,0.0851829946703031,0.017830066398321));
#7835=CARTESIAN_POINT('',(0.035,0.0851829946703031,0.017830066398321));
#7836=CARTESIAN_POINT('',(0.032,0.0851803768299851,0.0178299643536853));
#7837=CARTESIAN_POINT('',(0.035,0.0851803768299851,0.0178299643536853));
#7838=CARTESIAN_POINT('',(0.032,0.0852450438049683,0.017864775204669));
#7839=CARTESIAN_POINT('',(0.035,0.0852450438049683,0.017864775204669));
#7840=CARTESIAN_POINT('',(0.032,0.0853228865915709,0.0179139165591458));
#7841=CARTESIAN_POINT('',(0.035,0.0853228865915709,0.0179139165591458));
#7842=CARTESIAN_POINT('',(0.032,0.085475386042742,0.0180203574819085));
#7843=CARTESIAN_POINT('',(0.035,0.085475386042742,0.0180203574819085));
#7844=CARTESIAN_POINT('',(0.032,0.085684000927825,0.0181896831730905));
#7845=CARTESIAN_POINT('',(0.035,0.085684000927825,0.0181896831730905));
#7846=CARTESIAN_POINT('',(0.032,0.0859509653555522,0.0184447373071071));
#7847=CARTESIAN_POINT('',(0.035,0.0859509653555522,0.0184447373071071));
#7848=CARTESIAN_POINT('',(0.032,0.0862228930051135,0.0187454811829943));
#7849=CARTESIAN_POINT('',(0.035,0.0862228930051135,0.0187454811829943));
#7850=CARTESIAN_POINT('',(0.032,0.0865836912553552,0.0192023395992107));
#7851=CARTESIAN_POINT('',(0.035,0.0865836912553552,0.0192023395992107));
#7852=CARTESIAN_POINT('',(0.032,0.0868445416992921,0.0196026124243948));
#7853=CARTESIAN_POINT('',(0.035,0.0868445416992921,0.0196026124243948));
#7854=CARTESIAN_POINT('',(0.032,0.0870092507625848,0.019891818217949));
#7855=CARTESIAN_POINT('',(0.035,0.0870092507625848,0.019891818217949));
#7856=CARTESIAN_POINT('',(0.032,0.0846838915344014,0.0176061200844656));
#7857=CARTESIAN_POINT('',(0.032,0.0853548024956519,0.0157628073417668));
#7858=CARTESIAN_POINT('',(0.035,0.0853548024956519,0.0157628073417668));
#7859=CARTESIAN_POINT('',(0.032,0.0854799471238518,0.0157983973634538));
#7860=CARTESIAN_POINT('',(0.035,0.0854799471238518,0.0157983973634538));
#7861=CARTESIAN_POINT('',(0.032,0.0857020093370956,0.0158614774218641));
#7862=CARTESIAN_POINT('',(0.035,0.0857020093370956,0.0158614774218641));
#7863=CARTESIAN_POINT('',(0.032,0.0858810876038749,0.0159120718266517));
#7864=CARTESIAN_POINT('',(0.035,0.0858810876038749,0.0159120718266517));
#7865=CARTESIAN_POINT('',(0.032,0.0858790166288189,0.0159104672820573));
#7866=CARTESIAN_POINT('',(0.035,0.0858790166288189,0.0159104672820573));
#7867=CARTESIAN_POINT('',(0.032,0.0859509303893531,0.0159253677533761));
#7868=CARTESIAN_POINT('',(0.035,0.0859509303893531,0.0159253677533761));
#7869=CARTESIAN_POINT('',(0.032,0.0860421488772477,0.0159377596705833));
#7870=CARTESIAN_POINT('',(0.035,0.0860421488772477,0.0159377596705833));
#7871=CARTESIAN_POINT('',(0.032,0.0862273891407115,0.0159542459508773));
#7872=CARTESIAN_POINT('',(0.035,0.0862273891407115,0.0159542459508773));
#7873=CARTESIAN_POINT('',(0.032,0.0864960378704746,0.0159586300093977));
#7874=CARTESIAN_POINT('',(0.035,0.0864960378704746,0.0159586300093977));
#7875=CARTESIAN_POINT('',(0.032,0.0868644901239907,0.0159348486337097));
#7876=CARTESIAN_POINT('',(0.035,0.0868644901239907,0.0159348486337097));
#7877=CARTESIAN_POINT('',(0.032,0.087266113225977,0.0158792571826535));
#7878=CARTESIAN_POINT('',(0.035,0.087266113225977,0.0158792571826535));
#7879=CARTESIAN_POINT('',(0.032,0.0878361636499867,0.0157611999764708));
#7880=CARTESIAN_POINT('',(0.035,0.0878361636499867,0.0157611999764708));
#7881=CARTESIAN_POINT('',(0.032,0.0882932770955716,0.0156222446363506));
#7882=CARTESIAN_POINT('',(0.035,0.0882932770955716,0.0156222446363506));
#7883=CARTESIAN_POINT('',(0.032,0.088605349458985,0.0155065730903685));
#7884=CARTESIAN_POINT('',(0.035,0.088605349458985,0.0155065730903685));
#7885=CARTESIAN_POINT('',(0.035,0.085354802504293,0.0157628073442242));
#7886=CARTESIAN_POINT('',(0.032,0.0723000000000055,0.012055000000002));
#7887=CARTESIAN_POINT('',(0.032,0.0845358582237416,0.0161931217123562));
#7888=CARTESIAN_POINT('',(0.032,0.0843331445631663,0.0167500729174019));
#7889=CARTESIAN_POINT('',(0.0335,0.0849580661406842,0.0169939038095434));
#7890=CARTESIAN_POINT('',(0.0335,0.0851713074019118,0.0164080282594247));
#7891=CARTESIAN_POINT('',(0.032,0.0782184200800191,0.0242676167237232));
#7892=CARTESIAN_POINT('',(0.035,0.0782184200800191,0.0242676167237232));
#7893=CARTESIAN_POINT('',(0.032,0.078275200545938,0.0243846799814132));
#7894=CARTESIAN_POINT('',(0.035,0.078275200545938,0.0243846799814132));
#7895=CARTESIAN_POINT('',(0.032,0.0783758829751794,0.0245924148334767));
#7896=CARTESIAN_POINT('',(0.035,0.0783758829751794,0.0245924148334767));
#7897=CARTESIAN_POINT('',(0.032,0.0784568053519593,0.0247599868728054));
#7898=CARTESIAN_POINT('',(0.035,0.0784568053519593,0.0247599868728054));
#7899=CARTESIAN_POINT('',(0.032,0.0784548655629582,0.0247582259867588));
#7900=CARTESIAN_POINT('',(0.035,0.0784548655629582,0.0247582259867588));
#7901=CARTESIAN_POINT('',(0.032,0.0784820273561026,0.0248264597759903));
#7902=CARTESIAN_POINT('',(0.035,0.0784820273561026,0.0248264597759903));
#7903=CARTESIAN_POINT('',(0.032,0.0785100709364353,0.0249141406162461));
#7904=CARTESIAN_POINT('',(0.035,0.0785100709364353,0.0249141406162461));
#7905=CARTESIAN_POINT('',(0.032,0.0785584733872682,0.0250937038513457));
#7906=CARTESIAN_POINT('',(0.035,0.0785584733872682,0.0250937038513457));
#7907=CARTESIAN_POINT('',(0.032,0.0786094412044446,0.0253575099194805));
#7908=CARTESIAN_POINT('',(0.035,0.0786094412044446,0.0253575099194805));
#7909=CARTESIAN_POINT('',(0.032,0.0786500021836701,0.0257244941479086));
#7910=CARTESIAN_POINT('',(0.035,0.0786500021836701,0.0257244941479086));
#7911=CARTESIAN_POINT('',(0.032,0.0786649964114377,0.0261296690467033));
#7912=CARTESIAN_POINT('',(0.035,0.0786649964114377,0.0261296690467033));
#7913=CARTESIAN_POINT('',(0.032,0.0786477209767974,0.0267115595425899));
#7914=CARTESIAN_POINT('',(0.035,0.0786477209767974,0.0267115595425899));
#7915=CARTESIAN_POINT('',(0.032,0.0785902535973377,0.0271858577493974));
#7916=CARTESIAN_POINT('',(0.035,0.0785902535973377,0.0271858577493974));
#7917=CARTESIAN_POINT('',(0.032,0.0785305301592584,0.0275132751855552));
#7918=CARTESIAN_POINT('',(0.035,0.0785305301592584,0.0275132751855552));
#7919=CARTESIAN_POINT('',(0.032,0.0782184200839397,0.0242676167318063));
#7920=CARTESIAN_POINT('',(0.032,0.0799172262894174,0.0232868105014261));
#7921=CARTESIAN_POINT('',(0.0350000000000001,0.0799172262894174,0.0232868105014261));
#7922=CARTESIAN_POINT('',(0.032,0.0799902158114673,0.0233945154561956));
#7923=CARTESIAN_POINT('',(0.0350000000000001,0.0799902158114673,0.0233945154561956));
#7924=CARTESIAN_POINT('',(0.032,0.080119778255985,0.0235855764236652));
#7925=CARTESIAN_POINT('',(0.035,0.080119778255985,0.0235855764236652));
#7926=CARTESIAN_POINT('',(0.032,0.0802244387106177,0.0237394432773555));
#7927=CARTESIAN_POINT('',(0.0350000000000001,0.0802244387106177,0.0237394432773555));
#7928=CARTESIAN_POINT('',(0.032,0.0802238836330687,0.0237368829277793));
#7929=CARTESIAN_POINT('',(0.0350000000000001,0.0802238836330687,0.0237368829277793));
#7930=CARTESIAN_POINT('',(0.032,0.0802693949313674,0.0237945226252702));
#7931=CARTESIAN_POINT('',(0.035,0.0802693949313674,0.0237945226252702));
#7932=CARTESIAN_POINT('',(0.032,0.0803313069762878,0.0238626494983795));
#7933=CARTESIAN_POINT('',(0.035,0.0803313069762878,0.0238626494983795));
#7934=CARTESIAN_POINT('',(0.032,0.0804626120740533,0.0239943488679559));
#7935=CARTESIAN_POINT('',(0.0350000000000001,0.0804626120740533,0.0239943488679559));
#7936=CARTESIAN_POINT('',(0.032,0.0806655909221423,0.0241703913264736));
#7937=CARTESIAN_POINT('',(0.0350000000000001,0.0806655909221423,0.0241703913264736));
#7938=CARTESIAN_POINT('',(0.032,0.0809631280971365,0.0243890102790992));
#7939=CARTESIAN_POINT('',(0.0350000000000001,0.0809631280971365,0.0243890102790992));
#7940=CARTESIAN_POINT('',(0.032,0.0813065227385847,0.0246045831106534));
#7941=CARTESIAN_POINT('',(0.0350000000000001,0.0813065227385847,0.0246045831106534));
#7942=CARTESIAN_POINT('',(0.032,0.0818190924075634,0.0248805673933369));
#7943=CARTESIAN_POINT('',(0.035,0.0818190924075634,0.0248805673933369));
#7944=CARTESIAN_POINT('',(0.032,0.0822585803933577,0.0250679482862394));
#7945=CARTESIAN_POINT('',(0.0350000000000001,0.0822585803933577,0.0250679482862394));
#7946=CARTESIAN_POINT('',(0.032,0.0825719939297522,0.0251799349897405));
#7947=CARTESIAN_POINT('',(0.0350000000000001,0.0825719939297522,0.0251799349897405));
#7948=CARTESIAN_POINT('',(0.035,0.0799172262944573,0.0232868105088631));
#7949=CARTESIAN_POINT('',(0.032,0.072300000000003,0.0120550000000051));
#7950=CARTESIAN_POINT('',(0.032,0.0790132778350115,0.0230900432028027));
#7951=CARTESIAN_POINT('',(0.032,0.0784999888279802,0.0233863907491843));
#7952=CARTESIAN_POINT('',(0.0335,0.0788219750534955,0.0239748678962244));
#7953=CARTESIAN_POINT('',(0.0335,0.0793619208811371,0.0236631300272877));
#7954=CARTESIAN_POINT('',(0.032,0.0820384565981344,0.0215068869317396));
#7955=CARTESIAN_POINT('',(0.035,0.0820384565981344,0.0215068869317396));
#7956=CARTESIAN_POINT('',(0.032,0.0821318507751365,0.0215974703480644));
#7957=CARTESIAN_POINT('',(0.035,0.0821318507751365,0.0215974703480644));
#7958=CARTESIAN_POINT('',(0.032,0.0822975108148139,0.021758241836749));
#7959=CARTESIAN_POINT('',(0.035,0.0822975108148139,0.021758241836749));
#7960=CARTESIAN_POINT('',(0.032,0.0824308659880389,0.0218880309626518));
#7961=CARTESIAN_POINT('',(0.035,0.0824308659880389,0.0218880309626518));
#7962=CARTESIAN_POINT('',(0.032,0.0824284409241307,0.0218870397179399));
#7963=CARTESIAN_POINT('',(0.035,0.0824284409241307,0.0218870397179399));
#7964=CARTESIAN_POINT('',(0.032,0.0824773019910884,0.0219418686257847));
#7965=CARTESIAN_POINT('',(0.035,0.0824773019910884,0.0219418686257847));
#7966=CARTESIAN_POINT('',(0.032,0.0825336429501387,0.0220146701949927));
#7967=CARTESIAN_POINT('',(0.035,0.0825336429501387,0.0220146701949927));
#7968=CARTESIAN_POINT('',(0.032,0.0826405406194191,0.022166849828809));
#7969=CARTESIAN_POINT('',(0.035,0.0826405406194191,0.022166849828809));
#7970=CARTESIAN_POINT('',(0.032,0.0827786616903509,0.0223973144242182));
#7971=CARTESIAN_POINT('',(0.035,0.0827786616903509,0.0223973144242182));
#7972=CARTESIAN_POINT('',(0.032,0.0829422925416264,0.0227282941236887));
#7973=CARTESIAN_POINT('',(0.035,0.0829422925416264,0.0227282941236887));
#7974=CARTESIAN_POINT('',(0.032,0.0830949604837714,0.0231039056582837));
#7975=CARTESIAN_POINT('',(0.035,0.0830949604837714,0.0231039056582837));
#7976=CARTESIAN_POINT('',(0.032,0.0832777451561224,0.0236566124100053));
#7977=CARTESIAN_POINT('',(0.035,0.0832777451561224,0.0236566124100053));
#7978=CARTESIAN_POINT('',(0.032,0.0833859630243791,0.0241219619363541));
#7979=CARTESIAN_POINT('',(0.035,0.0833859630243791,0.0241219619363541));
#7980=CARTESIAN_POINT('',(0.032,0.0834418247087703,0.0244500603038796));
#7981=CARTESIAN_POINT('',(0.035,0.0834418247087703,0.0244500603038796));
#7982=CARTESIAN_POINT('',(0.032,0.0820384566045831,0.0215068869379943));
#7983=CARTESIAN_POINT('',(0.032,0.0832993567725265,0.0200042046190052));
#7984=CARTESIAN_POINT('',(0.035,0.0832993567725265,0.0200042046190052));
#7985=CARTESIAN_POINT('',(0.032,0.0834047817518585,0.0200804502834314));
#7986=CARTESIAN_POINT('',(0.035,0.0834047817518585,0.0200804502834314));
#7987=CARTESIAN_POINT('',(0.032,0.0835918773243807,0.0202156758988392));
#7988=CARTESIAN_POINT('',(0.035,0.0835918773243807,0.0202156758988392));
#7989=CARTESIAN_POINT('',(0.032,0.0837428515446393,0.0203244674621415));
#7990=CARTESIAN_POINT('',(0.035,0.0837428515446393,0.0203244674621415));
#7991=CARTESIAN_POINT('',(0.032,0.0837414542512335,0.020322251368241));
#7992=CARTESIAN_POINT('',(0.035,0.0837414542512335,0.020322251368241));
#7993=CARTESIAN_POINT('',(0.032,0.0838039348200044,0.0203608491858705));
#7994=CARTESIAN_POINT('',(0.035,0.0838039348200044,0.0203608491858705));
#7995=CARTESIAN_POINT('',(0.032,0.083885413874659,0.0204036923393312));
#7996=CARTESIAN_POINT('',(0.035,0.083885413874659,0.0204036923393312));
#7997=CARTESIAN_POINT('',(0.032,0.0840538441433594,0.0204825402767272));
#7998=CARTESIAN_POINT('',(0.035,0.0840538441433594,0.0204825402767272));
#7999=CARTESIAN_POINT('',(0.032,0.0843047919359777,0.0205785432212258));
#8000=CARTESIAN_POINT('',(0.035,0.0843047919359777,0.0205785432212258));
#8001=CARTESIAN_POINT('',(0.032,0.08465915750924,0.0206822141305359));
#8002=CARTESIAN_POINT('',(0.035,0.08465915750924,0.0206822141305359));
#8003=CARTESIAN_POINT('',(0.032,0.0850555731705716,0.0207673384451038));
#8004=CARTESIAN_POINT('',(0.035,0.0850555731705716,0.0207673384451038));
#8005=CARTESIAN_POINT('',(0.032,0.0856316232900685,0.020851369687346));
#8006=CARTESIAN_POINT('',(0.035,0.0856316232900685,0.020851369687346));
#8007=CARTESIAN_POINT('',(0.032,0.086108694947091,0.0208771363857914));
#8008=CARTESIAN_POINT('',(0.035,0.086108694947091,0.0208771363857914));
#8009=CARTESIAN_POINT('',(0.032,0.0864415090428769,0.0208751757220596));
#8010=CARTESIAN_POINT('',(0.035,0.0864415090428769,0.0208751757220596));
#8011=CARTESIAN_POINT('',(0.035,0.083299356779806,0.0200042046242699));
#8012=CARTESIAN_POINT('',(0.032,0.0723000000000045,0.0120550000000038));
#8013=CARTESIAN_POINT('',(0.032,0.0823826247006735,0.0201284724204117));
#8014=CARTESIAN_POINT('',(0.032,0.0820016476387232,0.0205825032026869));
#8015=CARTESIAN_POINT('',(0.0335,0.0825054867570092,0.0210253650602619));
#8016=CARTESIAN_POINT('',(0.0335,0.0829062492362544,0.0205477549358445));
#8017=CARTESIAN_POINT('',(0.032,0.0736845347536758,0.0255553246997989));
#8018=CARTESIAN_POINT('',(0.0350000000000001,0.0736845347536758,0.0255553246997989));
#8019=CARTESIAN_POINT('',(0.032,0.0736978529463313,0.025684748242307));
#8020=CARTESIAN_POINT('',(0.0350000000000001,0.0736978529463313,0.025684748242307));
#8021=CARTESIAN_POINT('',(0.032,0.0737214139782558,0.0259143905687507));
#8022=CARTESIAN_POINT('',(0.0350000000000001,0.0737214139782558,0.0259143905687507));
#8023=CARTESIAN_POINT('',(0.032,0.0737401431256637,0.0260995338604625));
#8024=CARTESIAN_POINT('',(0.035,0.0737401431256637,0.0260995338604625));
#8025=CARTESIAN_POINT('',(0.032,0.0737389225787516,0.0260972157219262));
#8026=CARTESIAN_POINT('',(0.0350000000000001,0.0737389225787516,0.0260972157219262));
#8027=CARTESIAN_POINT('',(0.032,0.0737411089849639,0.0261706243905395));
#8028=CARTESIAN_POINT('',(0.0350000000000001,0.0737411089849639,0.0261706243905395));
#8029=CARTESIAN_POINT('',(0.032,0.0737374727169118,0.026262608898477));
#8030=CARTESIAN_POINT('',(0.035,0.0737374727169118,0.026262608898477));
#8031=CARTESIAN_POINT('',(0.032,0.0737215418993827,0.0264478977586357));
#8032=CARTESIAN_POINT('',(0.0350000000000001,0.0737215418993827,0.0264478977586357));
#8033=CARTESIAN_POINT('',(0.032,0.0736792089918472,0.0267132263943162));
#8034=CARTESIAN_POINT('',(0.0350000000000001,0.0736792089918472,0.0267132263943162));
#8035=CARTESIAN_POINT('',(0.032,0.0735918078463122,0.027071951437643));
#8036=CARTESIAN_POINT('',(0.0350000000000001,0.0735918078463122,0.027071951437643));
#8037=CARTESIAN_POINT('',(0.032,0.0734673198345418,0.0274578196280981));
#8038=CARTESIAN_POINT('',(0.0350000000000001,0.0734673198345418,0.0274578196280981));
#8039=CARTESIAN_POINT('',(0.032,0.0732520679652868,0.0279987092865566));
#8040=CARTESIAN_POINT('',(0.035,0.0732520679652868,0.0279987092865566));
#8041=CARTESIAN_POINT('',(0.032,0.073035846752201,0.0284247488101861));
#8042=CARTESIAN_POINT('',(0.0350000000000001,0.073035846752201,0.0284247488101861));
#8043=CARTESIAN_POINT('',(0.032,0.0728677417197079,0.0287119939400086));
#8044=CARTESIAN_POINT('',(0.0350000000000001,0.0728677417197079,0.0287119939400086));
#8045=CARTESIAN_POINT('',(0.032,0.0736845347545955,0.0255553247087354));
#8046=CARTESIAN_POINT('',(0.032,0.0756163458975175,0.0252146942735064));
#8047=CARTESIAN_POINT('',(0.035,0.0756163458975175,0.0252146942735064));
#8048=CARTESIAN_POINT('',(0.032,0.0756480963487153,0.0253408677115181));
#8049=CARTESIAN_POINT('',(0.035,0.0756480963487153,0.0253408677115181));
#8050=CARTESIAN_POINT('',(0.032,0.0757044985222817,0.0255647192586131));
#8051=CARTESIAN_POINT('',(0.035,0.0757044985222817,0.0255647192586131));
#8052=CARTESIAN_POINT('',(0.032,0.0757502216158359,0.0257451027893034));
#8053=CARTESIAN_POINT('',(0.035,0.0757502216158359,0.0257451027893034));
#8054=CARTESIAN_POINT('',(0.032,0.0757505757046881,0.0257425069999971));
#8055=CARTESIAN_POINT('',(0.035,0.0757505757046881,0.0257425069999971));
#8056=CARTESIAN_POINT('',(0.032,0.0757736283982647,0.0258122363791608));
#8057=CARTESIAN_POINT('',(0.035,0.0757736283982647,0.0258122363791608));
#8058=CARTESIAN_POINT('',(0.032,0.0758085059271091,0.025897429865576));
#8059=CARTESIAN_POINT('',(0.035,0.0758085059271091,0.025897429865576));
#8060=CARTESIAN_POINT('',(0.032,0.0758868485212923,0.0260660957796863));
#8061=CARTESIAN_POINT('',(0.035,0.0758868485212923,0.0260660957796863));
#8062=CARTESIAN_POINT('',(0.032,0.0760173761801236,0.0263009444336158));
#8063=CARTESIAN_POINT('',(0.035,0.0760173761801236,0.0263009444336158));
#8064=CARTESIAN_POINT('',(0.032,0.0762221975823644,0.0266081427573984));
#8065=CARTESIAN_POINT('',(0.035,0.0762221975823644,0.0266081427573984));
#8066=CARTESIAN_POINT('',(0.032,0.0764711527422055,0.0269281628409371));
#8067=CARTESIAN_POINT('',(0.035,0.0764711527422055,0.0269281628409371));
#8068=CARTESIAN_POINT('',(0.032,0.0768584184938643,0.0273628123864762));
#8069=CARTESIAN_POINT('',(0.035,0.0768584184938643,0.0273628123864762));
#8070=CARTESIAN_POINT('',(0.032,0.0772073140711925,0.0276892065727042));
#8071=CARTESIAN_POINT('',(0.035,0.0772073140711925,0.0276892065727042));
#8072=CARTESIAN_POINT('',(0.032,0.0774635247502147,0.0279016333942481));
#8073=CARTESIAN_POINT('',(0.035,0.0774635247502147,0.0279016333942481));
#8074=CARTESIAN_POINT('',(0.035,0.0756163458997098,0.0252146942822185));
#8075=CARTESIAN_POINT('',(0.032,0.072300000000001,0.0120550000000058));
#8076=CARTESIAN_POINT('',(0.032,0.0748342105850184,0.0247206249150431));
#8077=CARTESIAN_POINT('',(0.032,0.0742505198624928,0.0248235453378136));
#8078=CARTESIAN_POINT('',(0.0335,0.0743518169044298,0.0254866587453879));
#8079=CARTESIAN_POINT('',(0.0335,0.0749658206449025,0.0253783933196867));
#8080=CARTESIAN_POINT('',(0.032,0.0689836541024826,0.0252146942735063));
#8081=CARTESIAN_POINT('',(0.035,0.0689836541024826,0.0252146942735063));
#8082=CARTESIAN_POINT('',(0.032,0.0689519036512848,0.0253408677115181));
#8083=CARTESIAN_POINT('',(0.035,0.0689519036512848,0.0253408677115181));
#8084=CARTESIAN_POINT('',(0.032,0.0688955014777184,0.025564719258613));
#8085=CARTESIAN_POINT('',(0.035,0.0688955014777184,0.025564719258613));
#8086=CARTESIAN_POINT('',(0.032,0.0688497783841641,0.0257451027893034));
#8087=CARTESIAN_POINT('',(0.035,0.0688497783841641,0.0257451027893034));
#8088=CARTESIAN_POINT('',(0.032,0.0688494242953119,0.025742506999997));
#8089=CARTESIAN_POINT('',(0.035,0.0688494242953119,0.025742506999997));
#8090=CARTESIAN_POINT('',(0.032,0.0688263716017353,0.0258122363791608));
#8091=CARTESIAN_POINT('',(0.035,0.0688263716017353,0.0258122363791608));
#8092=CARTESIAN_POINT('',(0.032,0.068791494072891,0.025897429865576));
#8093=CARTESIAN_POINT('',(0.035,0.068791494072891,0.025897429865576));
#8094=CARTESIAN_POINT('',(0.032,0.0687131514787077,0.0260660957796863));
#8095=CARTESIAN_POINT('',(0.035,0.0687131514787077,0.0260660957796863));
#8096=CARTESIAN_POINT('',(0.032,0.0685826238198764,0.0263009444336158));
#8097=CARTESIAN_POINT('',(0.035,0.0685826238198764,0.0263009444336158));
#8098=CARTESIAN_POINT('',(0.032,0.0683778024176356,0.0266081427573984));
#8099=CARTESIAN_POINT('',(0.035,0.0683778024176356,0.0266081427573984));
#8100=CARTESIAN_POINT('',(0.032,0.0681288472577946,0.0269281628409371));
#8101=CARTESIAN_POINT('',(0.035,0.0681288472577946,0.0269281628409371));
#8102=CARTESIAN_POINT('',(0.032,0.0677415815061356,0.0273628123864762));
#8103=CARTESIAN_POINT('',(0.035,0.0677415815061356,0.0273628123864762));
#8104=CARTESIAN_POINT('',(0.032,0.0673926859288076,0.0276892065727043));
#8105=CARTESIAN_POINT('',(0.035,0.0673926859288076,0.0276892065727043));
#8106=CARTESIAN_POINT('',(0.032,0.0671364752497853,0.0279016333942481));
#8107=CARTESIAN_POINT('',(0.035,0.0671364752497853,0.0279016333942481));
#8108=CARTESIAN_POINT('',(0.032,0.0689836541002902,0.0252146942822185));
#8109=CARTESIAN_POINT('',(0.032,0.0709154652463242,0.0255553246997989));
#8110=CARTESIAN_POINT('',(0.035,0.0709154652463242,0.0255553246997989));
#8111=CARTESIAN_POINT('',(0.032,0.0709021470536687,0.0256847482423071));
#8112=CARTESIAN_POINT('',(0.035,0.0709021470536687,0.0256847482423071));
#8113=CARTESIAN_POINT('',(0.032,0.0708785860217442,0.0259143905687507));
#8114=CARTESIAN_POINT('',(0.035,0.0708785860217442,0.0259143905687507));
#8115=CARTESIAN_POINT('',(0.032,0.0708598568743364,0.0260995338604625));
#8116=CARTESIAN_POINT('',(0.035,0.0708598568743364,0.0260995338604625));
#8117=CARTESIAN_POINT('',(0.032,0.0708610774212484,0.0260972157219262));
#8118=CARTESIAN_POINT('',(0.035,0.0708610774212484,0.0260972157219262));
#8119=CARTESIAN_POINT('',(0.032,0.0708588910150361,0.0261706243905395));
#8120=CARTESIAN_POINT('',(0.035,0.0708588910150361,0.0261706243905395));
#8121=CARTESIAN_POINT('',(0.032,0.0708625272830881,0.0262626088984771));
#8122=CARTESIAN_POINT('',(0.035,0.0708625272830881,0.0262626088984771));
#8123=CARTESIAN_POINT('',(0.032,0.0708784581006174,0.0264478977586357));
#8124=CARTESIAN_POINT('',(0.035,0.0708784581006174,0.0264478977586357));
#8125=CARTESIAN_POINT('',(0.032,0.0709207910081528,0.0267132263943162));
#8126=CARTESIAN_POINT('',(0.035,0.0709207910081528,0.0267132263943162));
#8127=CARTESIAN_POINT('',(0.032,0.0710081921536879,0.027071951437643));
#8128=CARTESIAN_POINT('',(0.035,0.0710081921536879,0.027071951437643));
#8129=CARTESIAN_POINT('',(0.032,0.0711326801654581,0.0274578196280982));
#8130=CARTESIAN_POINT('',(0.035,0.0711326801654581,0.0274578196280982));
#8131=CARTESIAN_POINT('',(0.032,0.0713479320347132,0.0279987092865566));
#8132=CARTESIAN_POINT('',(0.035,0.0713479320347132,0.0279987092865566));
#8133=CARTESIAN_POINT('',(0.032,0.0715641532477991,0.0284247488101861));
#8134=CARTESIAN_POINT('',(0.035,0.0715641532477991,0.0284247488101861));
#8135=CARTESIAN_POINT('',(0.032,0.0717322582802921,0.0287119939400086));
#8136=CARTESIAN_POINT('',(0.035,0.0717322582802921,0.0287119939400086));
#8137=CARTESIAN_POINT('',(0.035,0.0709154652454046,0.0255553247087356));
#8138=CARTESIAN_POINT('',(0.032,0.072299999999999,0.0120550000000058));
#8139=CARTESIAN_POINT('',(0.032,0.0703494801375072,0.0248235453378136));
#8140=CARTESIAN_POINT('',(0.032,0.0697657894149816,0.0247206249150431));
#8141=CARTESIAN_POINT('',(0.0335,0.0696341793550975,0.0253783933196866));
#8142=CARTESIAN_POINT('',(0.0335,0.0702481830955702,0.0254866587453879));
#8143=CARTESIAN_POINT('',(0.032,0.0587643536305635,0.0110741937777029));
#8144=CARTESIAN_POINT('',(0.035,0.0587643536305635,0.0110741937777029));
#8145=CARTESIAN_POINT('',(0.032,0.0586345836425947,0.0110648354747824));
#8146=CARTESIAN_POINT('',(0.035,0.0586345836425947,0.0110648354747824));
#8147=CARTESIAN_POINT('',(0.032,0.0584043387688356,0.0110481615901884));
#8148=CARTESIAN_POINT('',(0.035,0.0584043387688356,0.0110481615901884));
#8149=CARTESIAN_POINT('',(0.032,0.0582187559374231,0.01103445640455));
#8150=CARTESIAN_POINT('',(0.035,0.0582187559374231,0.01103445640455));
#8151=CARTESIAN_POINT('',(0.032,0.0582212508039731,0.0110336569410205));
#8152=CARTESIAN_POINT('',(0.035,0.0582212508039731,0.0110336569410205));
#8153=CARTESIAN_POINT('',(0.032,0.0581485777125301,0.01102306284928));
#8154=CARTESIAN_POINT('',(0.035,0.0581485777125301,0.01102306284928));
#8155=CARTESIAN_POINT('',(0.032,0.0580586220872769,0.0110035088821333));
#8156=CARTESIAN_POINT('',(0.035,0.0580586220872769,0.0110035088821333));
#8157=CARTESIAN_POINT('',(0.032,0.0578789145386786,0.0109556450166102));
#8158=CARTESIAN_POINT('',(0.035,0.0578789145386786,0.0109556450166102));
#8159=CARTESIAN_POINT('',(0.032,0.0576249678734131,0.010867881406993));
#8160=CARTESIAN_POINT('',(0.035,0.0576249678734131,0.010867881406993));
#8161=CARTESIAN_POINT('',(0.032,0.0572868697191935,0.0107195161311907));
#8162=CARTESIAN_POINT('',(0.035,0.0572868697191935,0.0107195161311907));
#8163=CARTESIAN_POINT('',(0.032,0.0569284808499776,0.0105299140639501));
#8164=CARTESIAN_POINT('',(0.035,0.0569284808499776,0.0105299140639501));
#8165=CARTESIAN_POINT('',(0.032,0.0564331866156395,0.0102240078507471));
#8166=CARTESIAN_POINT('',(0.035,0.0564331866156395,0.0102240078507471));
#8167=CARTESIAN_POINT('',(0.032,0.0560511660093037,0.00993709053684198));
#8168=CARTESIAN_POINT('',(0.035,0.0560511660093037,0.00993709053684198));
#8169=CARTESIAN_POINT('',(0.032,0.0557974759109895,0.00972165980418529));
#8170=CARTESIAN_POINT('',(0.035,0.0557974759109895,0.00972165980418529));
#8171=CARTESIAN_POINT('',(0.032,0.058764353621603,0.0110741937770567));
#8172=CARTESIAN_POINT('',(0.032,0.0587643536305635,0.0130358062222971));
#8173=CARTESIAN_POINT('',(0.035,0.0587643536305635,0.0130358062222971));
#8174=CARTESIAN_POINT('',(0.032,0.0586345836425947,0.0130451645252176));
#8175=CARTESIAN_POINT('',(0.035,0.0586345836425947,0.0130451645252176));
#8176=CARTESIAN_POINT('',(0.032,0.0584043387688356,0.0130618384098116));
#8177=CARTESIAN_POINT('',(0.035,0.0584043387688356,0.0130618384098116));
#8178=CARTESIAN_POINT('',(0.032,0.0582187559374231,0.01307554359545));
#8179=CARTESIAN_POINT('',(0.035,0.0582187559374231,0.01307554359545));
#8180=CARTESIAN_POINT('',(0.032,0.0582212508039731,0.0130763430589796));
#8181=CARTESIAN_POINT('',(0.035,0.0582212508039731,0.0130763430589796));
#8182=CARTESIAN_POINT('',(0.032,0.0581485777125301,0.0130869371507201));
#8183=CARTESIAN_POINT('',(0.035,0.0581485777125301,0.0130869371507201));
#8184=CARTESIAN_POINT('',(0.032,0.0580586220872769,0.0131064911178667));
#8185=CARTESIAN_POINT('',(0.035,0.0580586220872769,0.0131064911178667));
#8186=CARTESIAN_POINT('',(0.032,0.0578789145386786,0.0131543549833898));
#8187=CARTESIAN_POINT('',(0.035,0.0578789145386786,0.0131543549833898));
#8188=CARTESIAN_POINT('',(0.032,0.0576249678734131,0.013242118593007));
#8189=CARTESIAN_POINT('',(0.035,0.0576249678734131,0.013242118593007));
#8190=CARTESIAN_POINT('',(0.032,0.0572868697191935,0.0133904838688093));
#8191=CARTESIAN_POINT('',(0.035,0.0572868697191935,0.0133904838688093));
#8192=CARTESIAN_POINT('',(0.032,0.0569284808499777,0.0135800859360499));
#8193=CARTESIAN_POINT('',(0.035,0.0569284808499777,0.0135800859360499));
#8194=CARTESIAN_POINT('',(0.032,0.0564331866156392,0.0138859921492529));
#8195=CARTESIAN_POINT('',(0.035,0.0564331866156392,0.0138859921492529));
#8196=CARTESIAN_POINT('',(0.032,0.0560511660093047,0.0141729094631581));
#8197=CARTESIAN_POINT('',(0.035,0.0560511660093047,0.0141729094631581));
#8198=CARTESIAN_POINT('',(0.032,0.0557974759109895,0.0143883401958147));
#8199=CARTESIAN_POINT('',(0.035,0.0557974759109895,0.0143883401958147));
#8200=CARTESIAN_POINT('',(0.035,0.058764353621603,0.0130358062229433));
#8201=CARTESIAN_POINT('',(0.032,0.0722999999999941,0.012055));
#8202=CARTESIAN_POINT('',(0.032,0.0593867333370083,0.0123513475463817));
#8203=CARTESIAN_POINT('',(0.032,0.0593867333370083,0.0117586524536184));
#8204=CARTESIAN_POINT('',(0.0335,0.0587161040653674,0.0117432621310633));
#8205=CARTESIAN_POINT('',(0.0335,0.0587161040653674,0.0123667378689367));
#8206=CARTESIAN_POINT('',(0.032,0.0592451975043482,0.0157628073417667));
#8207=CARTESIAN_POINT('',(0.0350000000000001,0.0592451975043482,0.0157628073417667));
#8208=CARTESIAN_POINT('',(0.032,0.0591200528761483,0.0157983973634537));
#8209=CARTESIAN_POINT('',(0.0350000000000001,0.0591200528761483,0.0157983973634537));
#8210=CARTESIAN_POINT('',(0.032,0.0588979906629044,0.015861477421864));
#8211=CARTESIAN_POINT('',(0.035,0.0588979906629044,0.015861477421864));
#8212=CARTESIAN_POINT('',(0.032,0.0587189123961252,0.0159120718266517));
#8213=CARTESIAN_POINT('',(0.035,0.0587189123961252,0.0159120718266517));
#8214=CARTESIAN_POINT('',(0.032,0.0587209833711811,0.0159104672820573));
#8215=CARTESIAN_POINT('',(0.0350000000000001,0.0587209833711811,0.0159104672820573));
#8216=CARTESIAN_POINT('',(0.032,0.058649069610647,0.0159253677533761));
#8217=CARTESIAN_POINT('',(0.035,0.058649069610647,0.0159253677533761));
#8218=CARTESIAN_POINT('',(0.032,0.0585578511227522,0.0159377596705833));
#8219=CARTESIAN_POINT('',(0.0350000000000001,0.0585578511227522,0.0159377596705833));
#8220=CARTESIAN_POINT('',(0.032,0.0583726108592886,0.0159542459508773));
#8221=CARTESIAN_POINT('',(0.035,0.0583726108592886,0.0159542459508773));
#8222=CARTESIAN_POINT('',(0.032,0.0581039621295253,0.0159586300093977));
#8223=CARTESIAN_POINT('',(0.0350000000000001,0.0581039621295253,0.0159586300093977));
#8224=CARTESIAN_POINT('',(0.032,0.0577355098760093,0.0159348486337097));
#8225=CARTESIAN_POINT('',(0.035,0.0577355098760093,0.0159348486337097));
#8226=CARTESIAN_POINT('',(0.032,0.057333886774023,0.0158792571826535));
#8227=CARTESIAN_POINT('',(0.0350000000000001,0.057333886774023,0.0158792571826535));
#8228=CARTESIAN_POINT('',(0.032,0.0567638363500133,0.0157611999764708));
#8229=CARTESIAN_POINT('',(0.035,0.0567638363500133,0.0157611999764708));
#8230=CARTESIAN_POINT('',(0.032,0.0563067229044284,0.0156222446363506));
#8231=CARTESIAN_POINT('',(0.0350000000000001,0.0563067229044284,0.0156222446363506));
#8232=CARTESIAN_POINT('',(0.032,0.055994650541015,0.0155065730903684));
#8233=CARTESIAN_POINT('',(0.0350000000000001,0.055994650541015,0.0155065730903684));
#8234=CARTESIAN_POINT('',(0.032,0.0592451974957071,0.0157628073442242));
#8235=CARTESIAN_POINT('',(0.032,0.0599161084737977,0.0176061200807938));
#8236=CARTESIAN_POINT('',(0.035,0.0599161084737977,0.0176061200807938));
#8237=CARTESIAN_POINT('',(0.032,0.0597973653018101,0.0176592979588757));
#8238=CARTESIAN_POINT('',(0.035,0.0597973653018101,0.0176592979588757));
#8239=CARTESIAN_POINT('',(0.032,0.0595867086973635,0.0177537146699115));
#8240=CARTESIAN_POINT('',(0.035,0.0595867086973635,0.0177537146699115));
#8241=CARTESIAN_POINT('',(0.032,0.059417005329697,0.017830066398321));
#8242=CARTESIAN_POINT('',(0.035,0.059417005329697,0.017830066398321));
#8243=CARTESIAN_POINT('',(0.032,0.0594196231700149,0.0178299643536853));
#8244=CARTESIAN_POINT('',(0.035,0.0594196231700149,0.0178299643536853));
#8245=CARTESIAN_POINT('',(0.032,0.0593549561950317,0.017864775204669));
#8246=CARTESIAN_POINT('',(0.035,0.0593549561950317,0.017864775204669));
#8247=CARTESIAN_POINT('',(0.032,0.0592771134084292,0.0179139165591458));
#8248=CARTESIAN_POINT('',(0.035,0.0592771134084292,0.0179139165591458));
#8249=CARTESIAN_POINT('',(0.032,0.059124613957258,0.0180203574819085));
#8250=CARTESIAN_POINT('',(0.035,0.059124613957258,0.0180203574819085));
#8251=CARTESIAN_POINT('',(0.032,0.058915999072175,0.0181896831730905));
#8252=CARTESIAN_POINT('',(0.035,0.058915999072175,0.0181896831730905));
#8253=CARTESIAN_POINT('',(0.032,0.0586490346444478,0.0184447373071071));
#8254=CARTESIAN_POINT('',(0.035,0.0586490346444478,0.0184447373071071));
#8255=CARTESIAN_POINT('',(0.032,0.0583771069948865,0.0187454811829944));
#8256=CARTESIAN_POINT('',(0.035,0.0583771069948865,0.0187454811829944));
#8257=CARTESIAN_POINT('',(0.032,0.0580163087446448,0.0192023395992107));
#8258=CARTESIAN_POINT('',(0.035,0.0580163087446448,0.0192023395992107));
#8259=CARTESIAN_POINT('',(0.032,0.057755458300708,0.0196026124243948));
#8260=CARTESIAN_POINT('',(0.035,0.057755458300708,0.0196026124243948));
#8261=CARTESIAN_POINT('',(0.032,0.0575907492374152,0.0198918182179489));
#8262=CARTESIAN_POINT('',(0.035,0.0575907492374152,0.0198918182179489));
#8263=CARTESIAN_POINT('',(0.035,0.0599161084655986,0.0176061200844656));
#8264=CARTESIAN_POINT('',(0.032,0.0722999999999945,0.012055000000002));
#8265=CARTESIAN_POINT('',(0.032,0.0602668554368337,0.0167500729174019));
#8266=CARTESIAN_POINT('',(0.032,0.0600641417762584,0.0161931217123562));
#8267=CARTESIAN_POINT('',(0.0335,0.0594286925980883,0.0164080282594247));
#8268=CARTESIAN_POINT('',(0.0335,0.0596419338593158,0.0169939038095434));
#8269=CARTESIAN_POINT('',(0.032,0.0646827737105826,0.023286810501426));
#8270=CARTESIAN_POINT('',(0.0350000000000001,0.0646827737105826,0.023286810501426));
#8271=CARTESIAN_POINT('',(0.032,0.0646097841885328,0.0233945154561955));
#8272=CARTESIAN_POINT('',(0.0350000000000001,0.0646097841885328,0.0233945154561955));
#8273=CARTESIAN_POINT('',(0.032,0.064480221744015,0.0235855764236651));
#8274=CARTESIAN_POINT('',(0.035,0.064480221744015,0.0235855764236651));
#8275=CARTESIAN_POINT('',(0.032,0.0643755612893823,0.0237394432773555));
#8276=CARTESIAN_POINT('',(0.0350000000000001,0.0643755612893823,0.0237394432773555));
#8277=CARTESIAN_POINT('',(0.032,0.0643761163669313,0.0237368829277792));
#8278=CARTESIAN_POINT('',(0.035,0.0643761163669313,0.0237368829277792));
#8279=CARTESIAN_POINT('',(0.032,0.0643306050686326,0.0237945226252702));
#8280=CARTESIAN_POINT('',(0.0350000000000001,0.0643306050686326,0.0237945226252702));
#8281=CARTESIAN_POINT('',(0.032,0.0642686930237122,0.0238626494983794));
#8282=CARTESIAN_POINT('',(0.035,0.0642686930237122,0.0238626494983794));
#8283=CARTESIAN_POINT('',(0.032,0.0641373879259467,0.0239943488679559));
#8284=CARTESIAN_POINT('',(0.0350000000000001,0.0641373879259467,0.0239943488679559));
#8285=CARTESIAN_POINT('',(0.032,0.0639344090778577,0.0241703913264736));
#8286=CARTESIAN_POINT('',(0.035,0.0639344090778577,0.0241703913264736));
#8287=CARTESIAN_POINT('',(0.032,0.0636368719028635,0.0243890102790992));
#8288=CARTESIAN_POINT('',(0.0350000000000001,0.0636368719028635,0.0243890102790992));
#8289=CARTESIAN_POINT('',(0.032,0.0632934772614153,0.0246045831106534));
#8290=CARTESIAN_POINT('',(0.0350000000000001,0.0632934772614153,0.0246045831106534));
#8291=CARTESIAN_POINT('',(0.032,0.0627809075924366,0.0248805673933369));
#8292=CARTESIAN_POINT('',(0.035,0.0627809075924366,0.0248805673933369));
#8293=CARTESIAN_POINT('',(0.032,0.0623414196066423,0.0250679482862394));
#8294=CARTESIAN_POINT('',(0.0350000000000001,0.0623414196066423,0.0250679482862394));
#8295=CARTESIAN_POINT('',(0.032,0.0620280060702478,0.0251799349897405));
#8296=CARTESIAN_POINT('',(0.0350000000000001,0.0620280060702478,0.0251799349897405));
#8297=CARTESIAN_POINT('',(0.032,0.0646827737055427,0.023286810508863));
#8298=CARTESIAN_POINT('',(0.032,0.0663815799199809,0.0242676167237233));
#8299=CARTESIAN_POINT('',(0.035,0.0663815799199809,0.0242676167237233));
#8300=CARTESIAN_POINT('',(0.032,0.0663247994540619,0.0243846799814132));
#8301=CARTESIAN_POINT('',(0.035,0.0663247994540619,0.0243846799814132));
#8302=CARTESIAN_POINT('',(0.032,0.0662241170248206,0.0245924148334767));
#8303=CARTESIAN_POINT('',(0.035,0.0662241170248206,0.0245924148334767));
#8304=CARTESIAN_POINT('',(0.032,0.0661431946480407,0.0247599868728054));
#8305=CARTESIAN_POINT('',(0.035,0.0661431946480407,0.0247599868728054));
#8306=CARTESIAN_POINT('',(0.032,0.0661451344370418,0.0247582259867588));
#8307=CARTESIAN_POINT('',(0.035,0.0661451344370418,0.0247582259867588));
#8308=CARTESIAN_POINT('',(0.032,0.0661179726438975,0.0248264597759903));
#8309=CARTESIAN_POINT('',(0.035,0.0661179726438975,0.0248264597759903));
#8310=CARTESIAN_POINT('',(0.032,0.0660899290635647,0.0249141406162462));
#8311=CARTESIAN_POINT('',(0.035,0.0660899290635647,0.0249141406162462));
#8312=CARTESIAN_POINT('',(0.032,0.0660415266127318,0.0250937038513457));
#8313=CARTESIAN_POINT('',(0.035,0.0660415266127318,0.0250937038513457));
#8314=CARTESIAN_POINT('',(0.032,0.0659905587955554,0.0253575099194805));
#8315=CARTESIAN_POINT('',(0.035,0.0659905587955554,0.0253575099194805));
#8316=CARTESIAN_POINT('',(0.032,0.0659499978163299,0.0257244941479085));
#8317=CARTESIAN_POINT('',(0.035,0.0659499978163299,0.0257244941479085));
#8318=CARTESIAN_POINT('',(0.032,0.0659350035885624,0.0261296690467033));
#8319=CARTESIAN_POINT('',(0.035,0.0659350035885624,0.0261296690467033));
#8320=CARTESIAN_POINT('',(0.032,0.0659522790232026,0.0267115595425899));
#8321=CARTESIAN_POINT('',(0.035,0.0659522790232026,0.0267115595425899));
#8322=CARTESIAN_POINT('',(0.032,0.0660097464026623,0.0271858577493973));
#8323=CARTESIAN_POINT('',(0.035,0.0660097464026623,0.0271858577493973));
#8324=CARTESIAN_POINT('',(0.032,0.0660694698407416,0.0275132751855552));
#8325=CARTESIAN_POINT('',(0.035,0.0660694698407416,0.0275132751855552));
#8326=CARTESIAN_POINT('',(0.035,0.0663815799160602,0.0242676167318064));
#8327=CARTESIAN_POINT('',(0.032,0.0722999999999971,0.0120550000000051));
#8328=CARTESIAN_POINT('',(0.032,0.0661000111720199,0.0233863907491843));
#8329=CARTESIAN_POINT('',(0.032,0.0655867221649885,0.0230900432028027));
#8330=CARTESIAN_POINT('',(0.0335,0.0652380791188629,0.0236631300272877));
#8331=CARTESIAN_POINT('',(0.0335,0.0657780249465045,0.0239748678962244));
#8332=CARTESIAN_POINT('',(0.032,0.0613006432274736,0.0200042046190051));
#8333=CARTESIAN_POINT('',(0.035,0.0613006432274736,0.0200042046190051));
#8334=CARTESIAN_POINT('',(0.032,0.0611952182481416,0.0200804502834314));
#8335=CARTESIAN_POINT('',(0.035,0.0611952182481416,0.0200804502834314));
#8336=CARTESIAN_POINT('',(0.032,0.0610081226756194,0.0202156758988391));
#8337=CARTESIAN_POINT('',(0.035,0.0610081226756194,0.0202156758988391));
#8338=CARTESIAN_POINT('',(0.032,0.0608571484553607,0.0203244674621415));
#8339=CARTESIAN_POINT('',(0.035,0.0608571484553607,0.0203244674621415));
#8340=CARTESIAN_POINT('',(0.032,0.0608585457487665,0.020322251368241));
#8341=CARTESIAN_POINT('',(0.035,0.0608585457487665,0.020322251368241));
#8342=CARTESIAN_POINT('',(0.032,0.0607960651799956,0.0203608491858705));
#8343=CARTESIAN_POINT('',(0.035,0.0607960651799956,0.0203608491858705));
#8344=CARTESIAN_POINT('',(0.032,0.060714586125341,0.0204036923393312));
#8345=CARTESIAN_POINT('',(0.035,0.060714586125341,0.0204036923393312));
#8346=CARTESIAN_POINT('',(0.032,0.0605461558566408,0.0204825402767272));
#8347=CARTESIAN_POINT('',(0.035,0.0605461558566408,0.0204825402767272));
#8348=CARTESIAN_POINT('',(0.032,0.0602952080640223,0.0205785432212257));
#8349=CARTESIAN_POINT('',(0.035,0.0602952080640223,0.0205785432212257));
#8350=CARTESIAN_POINT('',(0.032,0.05994084249076,0.0206822141305359));
#8351=CARTESIAN_POINT('',(0.035,0.05994084249076,0.0206822141305359));
#8352=CARTESIAN_POINT('',(0.032,0.0595444268294285,0.0207673384451038));
#8353=CARTESIAN_POINT('',(0.035,0.0595444268294285,0.0207673384451038));
#8354=CARTESIAN_POINT('',(0.032,0.0589683767099315,0.020851369687346));
#8355=CARTESIAN_POINT('',(0.035,0.0589683767099315,0.020851369687346));
#8356=CARTESIAN_POINT('',(0.032,0.0584913050529091,0.0208771363857914));
#8357=CARTESIAN_POINT('',(0.035,0.0584913050529091,0.0208771363857914));
#8358=CARTESIAN_POINT('',(0.032,0.0581584909571232,0.0208751757220596));
#8359=CARTESIAN_POINT('',(0.035,0.0581584909571232,0.0208751757220596));
#8360=CARTESIAN_POINT('',(0.032,0.0613006432201941,0.0200042046242698));
#8361=CARTESIAN_POINT('',(0.032,0.0625615434018656,0.0215068869317397));
#8362=CARTESIAN_POINT('',(0.035,0.0625615434018656,0.0215068869317397));
#8363=CARTESIAN_POINT('',(0.032,0.0624681492248635,0.0215974703480644));
#8364=CARTESIAN_POINT('',(0.035,0.0624681492248635,0.0215974703480644));
#8365=CARTESIAN_POINT('',(0.032,0.0623024891851861,0.021758241836749));
#8366=CARTESIAN_POINT('',(0.035,0.0623024891851861,0.021758241836749));
#8367=CARTESIAN_POINT('',(0.032,0.062169134011961,0.0218880309626517));
#8368=CARTESIAN_POINT('',(0.035,0.062169134011961,0.0218880309626517));
#8369=CARTESIAN_POINT('',(0.032,0.0621715590758693,0.0218870397179398));
#8370=CARTESIAN_POINT('',(0.035,0.0621715590758693,0.0218870397179398));
#8371=CARTESIAN_POINT('',(0.032,0.0621226980089118,0.0219418686257847));
#8372=CARTESIAN_POINT('',(0.035,0.0621226980089118,0.0219418686257847));
#8373=CARTESIAN_POINT('',(0.032,0.0620663570498613,0.0220146701949927));
#8374=CARTESIAN_POINT('',(0.035,0.0620663570498613,0.0220146701949927));
#8375=CARTESIAN_POINT('',(0.032,0.061959459380581,0.022166849828809));
#8376=CARTESIAN_POINT('',(0.035,0.061959459380581,0.022166849828809));
#8377=CARTESIAN_POINT('',(0.032,0.0618213383096491,0.0223973144242182));
#8378=CARTESIAN_POINT('',(0.035,0.0618213383096491,0.0223973144242182));
#8379=CARTESIAN_POINT('',(0.032,0.0616577074583737,0.0227282941236887));
#8380=CARTESIAN_POINT('',(0.035,0.0616577074583737,0.0227282941236887));
#8381=CARTESIAN_POINT('',(0.032,0.0615050395162286,0.0231039056582837));
#8382=CARTESIAN_POINT('',(0.035,0.0615050395162286,0.0231039056582837));
#8383=CARTESIAN_POINT('',(0.032,0.0613222548438777,0.0236566124100053));
#8384=CARTESIAN_POINT('',(0.035,0.0613222548438777,0.0236566124100053));
#8385=CARTESIAN_POINT('',(0.032,0.0612140369756209,0.0241219619363541));
#8386=CARTESIAN_POINT('',(0.035,0.0612140369756209,0.0241219619363541));
#8387=CARTESIAN_POINT('',(0.032,0.0611581752912297,0.0244500603038796));
#8388=CARTESIAN_POINT('',(0.035,0.0611581752912297,0.0244500603038796));
#8389=CARTESIAN_POINT('',(0.035,0.0625615433954169,0.0215068869379944));
#8390=CARTESIAN_POINT('',(0.032,0.0722999999999955,0.0120550000000038));
#8391=CARTESIAN_POINT('',(0.032,0.0625983523612769,0.0205825032026869));
#8392=CARTESIAN_POINT('',(0.032,0.0622173752993266,0.0201284724204117));
#8393=CARTESIAN_POINT('',(0.0335,0.0616937507637457,0.0205477549358445));
#8394=CARTESIAN_POINT('',(0.0335,0.0620945132429908,0.0210253650602619));
#8395=CARTESIAN_POINT('',(0.032,0.0709154652463242,-0.00144532469979886));
#8396=CARTESIAN_POINT('',(0.0350000000000001,0.0709154652463242,-0.00144532469979886));
#8397=CARTESIAN_POINT('',(0.032,0.0709021470536687,-0.001574748242307));
#8398=CARTESIAN_POINT('',(0.0350000000000001,0.0709021470536687,-0.001574748242307));
#8399=CARTESIAN_POINT('',(0.032,0.0708785860217443,-0.00180439056875067));
#8400=CARTESIAN_POINT('',(0.0350000000000001,0.0708785860217443,-0.00180439056875067));
#8401=CARTESIAN_POINT('',(0.032,0.0708598568743364,-0.00198953386046242));
#8402=CARTESIAN_POINT('',(0.0350000000000001,0.0708598568743364,-0.00198953386046242));
#8403=CARTESIAN_POINT('',(0.032,0.0708610774212484,-0.00198721572192618));
#8404=CARTESIAN_POINT('',(0.035,0.0708610774212484,-0.00198721572192618));
#8405=CARTESIAN_POINT('',(0.032,0.0708588910150362,-0.00206062439053946));
#8406=CARTESIAN_POINT('',(0.0350000000000001,0.0708588910150362,-0.00206062439053946));
#8407=CARTESIAN_POINT('',(0.032,0.0708625272830881,-0.002152608898477));
#8408=CARTESIAN_POINT('',(0.035,0.0708625272830881,-0.002152608898477));
#8409=CARTESIAN_POINT('',(0.032,0.0708784581006174,-0.00233789775863567));
#8410=CARTESIAN_POINT('',(0.0350000000000001,0.0708784581006174,-0.00233789775863567));
#8411=CARTESIAN_POINT('',(0.032,0.0709207910081527,-0.00260322639431616));
#8412=CARTESIAN_POINT('',(0.035,0.0709207910081527,-0.00260322639431616));
#8413=CARTESIAN_POINT('',(0.032,0.071008192153688,-0.00296195143764296));
#8414=CARTESIAN_POINT('',(0.0350000000000001,0.071008192153688,-0.00296195143764296));
#8415=CARTESIAN_POINT('',(0.032,0.0711326801654581,-0.00334781962809811));
#8416=CARTESIAN_POINT('',(0.0350000000000001,0.0711326801654581,-0.00334781962809811));
#8417=CARTESIAN_POINT('',(0.032,0.0713479320347133,-0.00388870928655659));
#8418=CARTESIAN_POINT('',(0.0350000000000001,0.0713479320347133,-0.00388870928655659));
#8419=CARTESIAN_POINT('',(0.032,0.0715641532477991,-0.0043147488101862));
#8420=CARTESIAN_POINT('',(0.0350000000000001,0.0715641532477991,-0.0043147488101862));
#8421=CARTESIAN_POINT('',(0.032,0.0717322582802921,-0.00460199394000851));
#8422=CARTESIAN_POINT('',(0.0350000000000001,0.0717322582802921,-0.00460199394000851));
#8423=CARTESIAN_POINT('',(0.032,0.0709154652454046,-0.00144532470873544));
#8424=CARTESIAN_POINT('',(0.032,0.0689836541024825,-0.00110469427350637));
#8425=CARTESIAN_POINT('',(0.035,0.0689836541024825,-0.00110469427350637));
#8426=CARTESIAN_POINT('',(0.032,0.0689519036512848,-0.00123086771151811));
#8427=CARTESIAN_POINT('',(0.035,0.0689519036512848,-0.00123086771151811));
#8428=CARTESIAN_POINT('',(0.032,0.0688955014777184,-0.00145471925861302));
#8429=CARTESIAN_POINT('',(0.035,0.0688955014777184,-0.00145471925861302));
#8430=CARTESIAN_POINT('',(0.032,0.0688497783841641,-0.00163510278930333));
#8431=CARTESIAN_POINT('',(0.035,0.0688497783841641,-0.00163510278930333));
#8432=CARTESIAN_POINT('',(0.032,0.0688494242953119,-0.00163250699999704));
#8433=CARTESIAN_POINT('',(0.035,0.0688494242953119,-0.00163250699999704));
#8434=CARTESIAN_POINT('',(0.032,0.0688263716017353,-0.00170223637916078));
#8435=CARTESIAN_POINT('',(0.035,0.0688263716017353,-0.00170223637916078));
#8436=CARTESIAN_POINT('',(0.032,0.068791494072891,-0.00178742986557599));
#8437=CARTESIAN_POINT('',(0.035,0.068791494072891,-0.00178742986557599));
#8438=CARTESIAN_POINT('',(0.032,0.0687131514787076,-0.00195609577968628));
#8439=CARTESIAN_POINT('',(0.035,0.0687131514787076,-0.00195609577968628));
#8440=CARTESIAN_POINT('',(0.032,0.0685826238198764,-0.00219094443361579));
#8441=CARTESIAN_POINT('',(0.035,0.0685826238198764,-0.00219094443361579));
#8442=CARTESIAN_POINT('',(0.032,0.0683778024176356,-0.00249814275739835));
#8443=CARTESIAN_POINT('',(0.035,0.0683778024176356,-0.00249814275739835));
#8444=CARTESIAN_POINT('',(0.032,0.0681288472577945,-0.00281816284093706));
#8445=CARTESIAN_POINT('',(0.035,0.0681288472577945,-0.00281816284093706));
#8446=CARTESIAN_POINT('',(0.032,0.0677415815061357,-0.00325281238647615));
#8447=CARTESIAN_POINT('',(0.035,0.0677415815061357,-0.00325281238647615));
#8448=CARTESIAN_POINT('',(0.032,0.0673926859288077,-0.00357920657270427));
#8449=CARTESIAN_POINT('',(0.035,0.0673926859288077,-0.00357920657270427));
#8450=CARTESIAN_POINT('',(0.032,0.0671364752497853,-0.00379163339424806));
#8451=CARTESIAN_POINT('',(0.035,0.0671364752497853,-0.00379163339424806));
#8452=CARTESIAN_POINT('',(0.035,0.0689836541002902,-0.00110469428221852));
#8453=CARTESIAN_POINT('',(0.032,0.072299999999999,0.0120549999999942));
#8454=CARTESIAN_POINT('',(0.032,0.0697657894149816,-0.000610624915043018));
#8455=CARTESIAN_POINT('',(0.032,0.0703494801375072,-0.000713545337813495));
#8456=CARTESIAN_POINT('',(0.0335,0.0702481830955702,-0.00137665874538781));
#8457=CARTESIAN_POINT('',(0.0335,0.0696341793550975,-0.0012683933196866));
#8458=CARTESIAN_POINT('',(0.032,0.0663815799199809,-0.000157616723723134));
#8459=CARTESIAN_POINT('',(0.035,0.0663815799199809,-0.000157616723723134));
#8460=CARTESIAN_POINT('',(0.032,0.066324799454062,-0.000274679981413129));
#8461=CARTESIAN_POINT('',(0.035,0.066324799454062,-0.000274679981413129));
#8462=CARTESIAN_POINT('',(0.032,0.0662241170248206,-0.000482414833476665));
#8463=CARTESIAN_POINT('',(0.035,0.0662241170248206,-0.000482414833476665));
#8464=CARTESIAN_POINT('',(0.032,0.0661431946480407,-0.000649986872805387));
#8465=CARTESIAN_POINT('',(0.035,0.0661431946480407,-0.000649986872805387));
#8466=CARTESIAN_POINT('',(0.032,0.0661451344370418,-0.000648225986758765));
#8467=CARTESIAN_POINT('',(0.035,0.0661451344370418,-0.000648225986758765));
#8468=CARTESIAN_POINT('',(0.032,0.0661179726438976,-0.000716459775990234));
#8469=CARTESIAN_POINT('',(0.035,0.0661179726438976,-0.000716459775990234));
#8470=CARTESIAN_POINT('',(0.032,0.0660899290635646,-0.000804140616246119));
#8471=CARTESIAN_POINT('',(0.035,0.0660899290635646,-0.000804140616246119));
#8472=CARTESIAN_POINT('',(0.032,0.066041526612732,-0.000983703851345664));
#8473=CARTESIAN_POINT('',(0.035,0.066041526612732,-0.000983703851345664));
#8474=CARTESIAN_POINT('',(0.032,0.0659905587955554,-0.0012475099194805));
#8475=CARTESIAN_POINT('',(0.035,0.0659905587955554,-0.0012475099194805));
#8476=CARTESIAN_POINT('',(0.032,0.0659499978163298,-0.00161449414790853));
#8477=CARTESIAN_POINT('',(0.035,0.0659499978163298,-0.00161449414790853));
#8478=CARTESIAN_POINT('',(0.032,0.0659350035885624,-0.00201966904670323));
#8479=CARTESIAN_POINT('',(0.035,0.0659350035885624,-0.00201966904670323));
#8480=CARTESIAN_POINT('',(0.032,0.0659522790232026,-0.00260155954258985));
#8481=CARTESIAN_POINT('',(0.035,0.0659522790232026,-0.00260155954258985));
#8482=CARTESIAN_POINT('',(0.032,0.0660097464026623,-0.00307585774939733));
#8483=CARTESIAN_POINT('',(0.035,0.0660097464026623,-0.00307585774939733));
#8484=CARTESIAN_POINT('',(0.032,0.0660694698407416,-0.00340327518555514));
#8485=CARTESIAN_POINT('',(0.035,0.0660694698407416,-0.00340327518555514));
#8486=CARTESIAN_POINT('',(0.032,0.0663815799160603,-0.000157616731806268));
#8487=CARTESIAN_POINT('',(0.032,0.0646827737105826,0.000823189498573959));
#8488=CARTESIAN_POINT('',(0.035,0.0646827737105826,0.000823189498573959));
#8489=CARTESIAN_POINT('',(0.032,0.0646097841885328,0.000715484543804453));
#8490=CARTESIAN_POINT('',(0.035,0.0646097841885328,0.000715484543804453));
#8491=CARTESIAN_POINT('',(0.032,0.064480221744015,0.000524423576334903));
#8492=CARTESIAN_POINT('',(0.035,0.064480221744015,0.000524423576334903));
#8493=CARTESIAN_POINT('',(0.032,0.0643755612893823,0.000370556722644591));
#8494=CARTESIAN_POINT('',(0.035,0.0643755612893823,0.000370556722644591));
#8495=CARTESIAN_POINT('',(0.032,0.0643761163669315,0.000373117072220797));
#8496=CARTESIAN_POINT('',(0.035,0.0643761163669315,0.000373117072220797));
#8497=CARTESIAN_POINT('',(0.032,0.0643306050686326,0.000315477374729808));
#8498=CARTESIAN_POINT('',(0.035,0.0643306050686326,0.000315477374729808));
#8499=CARTESIAN_POINT('',(0.032,0.0642686930237123,0.000247350501620551));
#8500=CARTESIAN_POINT('',(0.035,0.0642686930237123,0.000247350501620551));
#8501=CARTESIAN_POINT('',(0.032,0.0641373879259466,0.000115651132044144));
#8502=CARTESIAN_POINT('',(0.035,0.0641373879259466,0.000115651132044144));
#8503=CARTESIAN_POINT('',(0.032,0.0639344090778578,-6.03913264735368E-5));
#8504=CARTESIAN_POINT('',(0.035,0.0639344090778578,-6.03913264735368E-5));
#8505=CARTESIAN_POINT('',(0.032,0.0636368719028635,-0.000279010279099241));
#8506=CARTESIAN_POINT('',(0.035,0.0636368719028635,-0.000279010279099241));
#8507=CARTESIAN_POINT('',(0.032,0.0632934772614153,-0.00049458311065335));
#8508=CARTESIAN_POINT('',(0.035,0.0632934772614153,-0.00049458311065335));
#8509=CARTESIAN_POINT('',(0.032,0.0627809075924366,-0.000770567393336957));
#8510=CARTESIAN_POINT('',(0.035,0.0627809075924366,-0.000770567393336957));
#8511=CARTESIAN_POINT('',(0.032,0.0623414196066423,-0.000957948286239272));
#8512=CARTESIAN_POINT('',(0.035,0.0623414196066423,-0.000957948286239272));
#8513=CARTESIAN_POINT('',(0.032,0.0620280060702478,-0.00106993498974041));
#8514=CARTESIAN_POINT('',(0.035,0.0620280060702478,-0.00106993498974041));
#8515=CARTESIAN_POINT('',(0.035,0.0646827737055427,0.000823189491136994));
#8516=CARTESIAN_POINT('',(0.032,0.0722999999999971,0.0120549999999949));
#8517=CARTESIAN_POINT('',(0.032,0.0655867221649885,0.00101995679719735));
#8518=CARTESIAN_POINT('',(0.032,0.0661000111720199,0.000723609250815702));
#8519=CARTESIAN_POINT('',(0.0335,0.0657780249465045,0.000135132103775679));
#8520=CARTESIAN_POINT('',(0.0335,0.0652380791188629,0.00044686997271233));
#8521=CARTESIAN_POINT('',(0.032,0.0599161084737977,0.00650387991920625));
#8522=CARTESIAN_POINT('',(0.035,0.0599161084737977,0.00650387991920625));
#8523=CARTESIAN_POINT('',(0.032,0.0597973653018102,0.00645070204112435));
#8524=CARTESIAN_POINT('',(0.035,0.0597973653018102,0.00645070204112435));
#8525=CARTESIAN_POINT('',(0.032,0.0595867086973636,0.00635628533008846));
#8526=CARTESIAN_POINT('',(0.035,0.0595867086973636,0.00635628533008846));
#8527=CARTESIAN_POINT('',(0.032,0.059417005329697,0.00627993360167906));
#8528=CARTESIAN_POINT('',(0.0349999999999999,0.059417005329697,0.00627993360167906));
#8529=CARTESIAN_POINT('',(0.032,0.0594196231700149,0.00628003564631477));
#8530=CARTESIAN_POINT('',(0.035,0.0594196231700149,0.00628003564631477));
#8531=CARTESIAN_POINT('',(0.032,0.0593549561950317,0.00624522479533102));
#8532=CARTESIAN_POINT('',(0.0349999999999999,0.0593549561950317,0.00624522479533102));
#8533=CARTESIAN_POINT('',(0.032,0.0592771134084291,0.00619608344085422));
#8534=CARTESIAN_POINT('',(0.035,0.0592771134084291,0.00619608344085422));
#8535=CARTESIAN_POINT('',(0.032,0.0591246139572581,0.00608964251809152));
#8536=CARTESIAN_POINT('',(0.035,0.0591246139572581,0.00608964251809152));
#8537=CARTESIAN_POINT('',(0.032,0.058915999072175,0.00592031682690958));
#8538=CARTESIAN_POINT('',(0.035,0.058915999072175,0.00592031682690958));
#8539=CARTESIAN_POINT('',(0.032,0.0586490346444479,0.0056652626928929));
#8540=CARTESIAN_POINT('',(0.0349999999999999,0.0586490346444479,0.0056652626928929));
#8541=CARTESIAN_POINT('',(0.032,0.0583771069948865,0.00536451881700567));
#8542=CARTESIAN_POINT('',(0.0349999999999999,0.0583771069948865,0.00536451881700567));
#8543=CARTESIAN_POINT('',(0.032,0.0580163087446448,0.00490766040078939));
#8544=CARTESIAN_POINT('',(0.035,0.0580163087446448,0.00490766040078939));
#8545=CARTESIAN_POINT('',(0.032,0.057755458300708,0.00450738757560515));
#8546=CARTESIAN_POINT('',(0.035,0.057755458300708,0.00450738757560515));
#8547=CARTESIAN_POINT('',(0.032,0.0575907492374152,0.00421818178205107));
#8548=CARTESIAN_POINT('',(0.035,0.0575907492374152,0.00421818178205107));
#8549=CARTESIAN_POINT('',(0.032,0.0599161084655986,0.00650387991553439));
#8550=CARTESIAN_POINT('',(0.032,0.0592451975043481,0.00834719265823324));
#8551=CARTESIAN_POINT('',(0.035,0.0592451975043481,0.00834719265823324));
#8552=CARTESIAN_POINT('',(0.032,0.0591200528761483,0.00831160263654626));
#8553=CARTESIAN_POINT('',(0.035,0.0591200528761483,0.00831160263654626));
#8554=CARTESIAN_POINT('',(0.032,0.0588979906629044,0.00824852257813597));
#8555=CARTESIAN_POINT('',(0.035,0.0588979906629044,0.00824852257813597));
#8556=CARTESIAN_POINT('',(0.032,0.0587189123961252,0.0081979281733484));
#8557=CARTESIAN_POINT('',(0.035,0.0587189123961252,0.0081979281733484));
#8558=CARTESIAN_POINT('',(0.032,0.0587209833711812,0.00819953271794276));
#8559=CARTESIAN_POINT('',(0.035,0.0587209833711812,0.00819953271794276));
#8560=CARTESIAN_POINT('',(0.032,0.058649069610647,0.00818463224662396));
#8561=CARTESIAN_POINT('',(0.035,0.058649069610647,0.00818463224662396));
#8562=CARTESIAN_POINT('',(0.032,0.0585578511227522,0.00817224032941668));
#8563=CARTESIAN_POINT('',(0.035,0.0585578511227522,0.00817224032941668));
#8564=CARTESIAN_POINT('',(0.032,0.0583726108592885,0.00815575404912276));
#8565=CARTESIAN_POINT('',(0.035,0.0583726108592885,0.00815575404912276));
#8566=CARTESIAN_POINT('',(0.032,0.0581039621295254,0.00815136999060236));
#8567=CARTESIAN_POINT('',(0.035,0.0581039621295254,0.00815136999060236));
#8568=CARTESIAN_POINT('',(0.032,0.0577355098760093,0.00817515136629031));
#8569=CARTESIAN_POINT('',(0.035,0.0577355098760093,0.00817515136629031));
#8570=CARTESIAN_POINT('',(0.032,0.0573338867740231,0.00823074281734656));
#8571=CARTESIAN_POINT('',(0.035,0.0573338867740231,0.00823074281734656));
#8572=CARTESIAN_POINT('',(0.032,0.0567638363500133,0.00834880002352917));
#8573=CARTESIAN_POINT('',(0.035,0.0567638363500133,0.00834880002352917));
#8574=CARTESIAN_POINT('',(0.032,0.0563067229044284,0.00848775536364959));
#8575=CARTESIAN_POINT('',(0.035,0.0563067229044284,0.00848775536364959));
#8576=CARTESIAN_POINT('',(0.032,0.055994650541015,0.00860342690963157));
#8577=CARTESIAN_POINT('',(0.035,0.055994650541015,0.00860342690963157));
#8578=CARTESIAN_POINT('',(0.035,0.059245197495707,0.00834719265577581));
#8579=CARTESIAN_POINT('',(0.032,0.0722999999999945,0.012054999999998));
#8580=CARTESIAN_POINT('',(0.032,0.0600641417762584,0.00791687828764387));
#8581=CARTESIAN_POINT('',(0.032,0.0602668554368337,0.00735992708259818));
#8582=CARTESIAN_POINT('',(0.0335,0.0596419338593158,0.00711609619045667));
#8583=CARTESIAN_POINT('',(0.0335,0.0594286925980883,0.00770197174057531));
#8584=CARTESIAN_POINT('',(0.032,0.0625615434018656,0.00260311306826041));
#8585=CARTESIAN_POINT('',(0.0350000000000001,0.0625615434018656,0.00260311306826041));
#8586=CARTESIAN_POINT('',(0.032,0.0624681492248635,0.00251252965193565));
#8587=CARTESIAN_POINT('',(0.0350000000000001,0.0624681492248635,0.00251252965193565));
#8588=CARTESIAN_POINT('',(0.032,0.0623024891851861,0.00235175816325103));
#8589=CARTESIAN_POINT('',(0.0350000000000001,0.0623024891851861,0.00235175816325103));
#8590=CARTESIAN_POINT('',(0.032,0.0621691340119611,0.0022219690373483));
#8591=CARTESIAN_POINT('',(0.0350000000000001,0.0621691340119611,0.0022219690373483));
#8592=CARTESIAN_POINT('',(0.032,0.0621715590758692,0.00222296028206021));
#8593=CARTESIAN_POINT('',(0.035,0.0621715590758692,0.00222296028206021));
#8594=CARTESIAN_POINT('',(0.032,0.0621226980089117,0.00216813137421529));
#8595=CARTESIAN_POINT('',(0.0350000000000001,0.0621226980089117,0.00216813137421529));
#8596=CARTESIAN_POINT('',(0.032,0.0620663570498612,0.00209532980500735));
#8597=CARTESIAN_POINT('',(0.035,0.0620663570498612,0.00209532980500735));
#8598=CARTESIAN_POINT('',(0.032,0.061959459380581,0.00194315017119099));
#8599=CARTESIAN_POINT('',(0.0350000000000001,0.061959459380581,0.00194315017119099));
#8600=CARTESIAN_POINT('',(0.032,0.061821338309649,0.00171268557578186));
#8601=CARTESIAN_POINT('',(0.0350000000000001,0.061821338309649,0.00171268557578186));
#8602=CARTESIAN_POINT('',(0.032,0.0616577074583738,0.00138170587631136));
#8603=CARTESIAN_POINT('',(0.0350000000000001,0.0616577074583738,0.00138170587631136));
#8604=CARTESIAN_POINT('',(0.032,0.0615050395162284,0.0010060943417164));
#8605=CARTESIAN_POINT('',(0.0350000000000001,0.0615050395162284,0.0010060943417164));
#8606=CARTESIAN_POINT('',(0.032,0.0613222548438778,0.00045338758999466));
#8607=CARTESIAN_POINT('',(0.0350000000000001,0.0613222548438778,0.00045338758999466));
#8608=CARTESIAN_POINT('',(0.032,0.0612140369756209,-1.19619363537117E-5));
#8609=CARTESIAN_POINT('',(0.0350000000000001,0.0612140369756209,-1.19619363537117E-5));
#8610=CARTESIAN_POINT('',(0.032,0.0611581752912297,-0.000340060303879633));
#8611=CARTESIAN_POINT('',(0.0350000000000001,0.0611581752912297,-0.000340060303879633));
#8612=CARTESIAN_POINT('',(0.032,0.0625615433954169,0.00260311306200574));
#8613=CARTESIAN_POINT('',(0.032,0.0613006432274735,0.00410579538099484));
#8614=CARTESIAN_POINT('',(0.035,0.0613006432274735,0.00410579538099484));
#8615=CARTESIAN_POINT('',(0.032,0.0611952182481415,0.00402954971656861));
#8616=CARTESIAN_POINT('',(0.035,0.0611952182481415,0.00402954971656861));
#8617=CARTESIAN_POINT('',(0.032,0.0610081226756193,0.00389432410116084));
#8618=CARTESIAN_POINT('',(0.035,0.0610081226756193,0.00389432410116084));
#8619=CARTESIAN_POINT('',(0.032,0.0608571484553606,0.00378553253785853));
#8620=CARTESIAN_POINT('',(0.035,0.0608571484553606,0.00378553253785853));
#8621=CARTESIAN_POINT('',(0.032,0.0608585457487665,0.00378774863175906));
#8622=CARTESIAN_POINT('',(0.035,0.0608585457487665,0.00378774863175906));
#8623=CARTESIAN_POINT('',(0.032,0.0607960651799956,0.00374915081412955));
#8624=CARTESIAN_POINT('',(0.035,0.0607960651799956,0.00374915081412955));
#8625=CARTESIAN_POINT('',(0.032,0.060714586125341,0.00370630766066879));
#8626=CARTESIAN_POINT('',(0.035,0.060714586125341,0.00370630766066879));
#8627=CARTESIAN_POINT('',(0.032,0.0605461558566406,0.00362745972327284));
#8628=CARTESIAN_POINT('',(0.035,0.0605461558566406,0.00362745972327284));
#8629=CARTESIAN_POINT('',(0.032,0.0602952080640223,0.00353145677877426));
#8630=CARTESIAN_POINT('',(0.035,0.0602952080640223,0.00353145677877426));
#8631=CARTESIAN_POINT('',(0.032,0.05994084249076,0.00342778586946415));
#8632=CARTESIAN_POINT('',(0.035,0.05994084249076,0.00342778586946415));
#8633=CARTESIAN_POINT('',(0.032,0.0595444268294284,0.00334266155489622));
#8634=CARTESIAN_POINT('',(0.035,0.0595444268294284,0.00334266155489622));
#8635=CARTESIAN_POINT('',(0.032,0.0589683767099315,0.00325863031265403));
#8636=CARTESIAN_POINT('',(0.035,0.0589683767099315,0.00325863031265403));
#8637=CARTESIAN_POINT('',(0.032,0.058491305052909,0.00323286361420875));
#8638=CARTESIAN_POINT('',(0.035,0.058491305052909,0.00323286361420875));
#8639=CARTESIAN_POINT('',(0.032,0.0581584909571231,0.00323482427794042));
#8640=CARTESIAN_POINT('',(0.035,0.0581584909571231,0.00323482427794042));
#8641=CARTESIAN_POINT('',(0.035,0.061300643220194,0.00410579537573015));
#8642=CARTESIAN_POINT('',(0.032,0.0722999999999955,0.0120549999999962));
#8643=CARTESIAN_POINT('',(0.032,0.0622173752993266,0.00398152757958835));
#8644=CARTESIAN_POINT('',(0.032,0.0625983523612768,0.00352749679731313));
#8645=CARTESIAN_POINT('',(0.0335,0.0620945132429908,0.00308463493973814));
#8646=CARTESIAN_POINT('',(0.0335,0.0616937507637456,0.00356224506415549));
#8647=CARTESIAN_POINT('',(0.032,0.0832993567725265,0.00410579538099486));
#8648=CARTESIAN_POINT('',(0.035,0.0832993567725265,0.00410579538099486));
#8649=CARTESIAN_POINT('',(0.032,0.0834047817518585,0.00402954971656863));
#8650=CARTESIAN_POINT('',(0.035,0.0834047817518585,0.00402954971656863));
#8651=CARTESIAN_POINT('',(0.032,0.0835918773243807,0.00389432410116085));
#8652=CARTESIAN_POINT('',(0.035,0.0835918773243807,0.00389432410116085));
#8653=CARTESIAN_POINT('',(0.032,0.0837428515446394,0.00378553253785855));
#8654=CARTESIAN_POINT('',(0.0349999999999999,0.0837428515446394,0.00378553253785855));
#8655=CARTESIAN_POINT('',(0.032,0.0837414542512335,0.00378774863175906));
#8656=CARTESIAN_POINT('',(0.035,0.0837414542512335,0.00378774863175906));
#8657=CARTESIAN_POINT('',(0.032,0.0838039348200046,0.00374915081412955));
#8658=CARTESIAN_POINT('',(0.035,0.0838039348200046,0.00374915081412955));
#8659=CARTESIAN_POINT('',(0.032,0.0838854138746589,0.0037063076606688));
#8660=CARTESIAN_POINT('',(0.0349999999999999,0.0838854138746589,0.0037063076606688));
#8661=CARTESIAN_POINT('',(0.032,0.0840538441433594,0.00362745972327283));
#8662=CARTESIAN_POINT('',(0.035,0.0840538441433594,0.00362745972327283));
#8663=CARTESIAN_POINT('',(0.032,0.0843047919359777,0.00353145677877426));
#8664=CARTESIAN_POINT('',(0.0349999999999999,0.0843047919359777,0.00353145677877426));
#8665=CARTESIAN_POINT('',(0.032,0.08465915750924,0.00342778586946415));
#8666=CARTESIAN_POINT('',(0.035,0.08465915750924,0.00342778586946415));
#8667=CARTESIAN_POINT('',(0.032,0.0850555731705717,0.00334266155489621));
#8668=CARTESIAN_POINT('',(0.035,0.0850555731705717,0.00334266155489621));
#8669=CARTESIAN_POINT('',(0.032,0.0856316232900685,0.00325863031265406));
#8670=CARTESIAN_POINT('',(0.035,0.0856316232900685,0.00325863031265406));
#8671=CARTESIAN_POINT('',(0.032,0.086108694947091,0.00323286361420865));
#8672=CARTESIAN_POINT('',(0.035,0.086108694947091,0.00323286361420865));
#8673=CARTESIAN_POINT('',(0.032,0.0864415090428769,0.00323482427794042));
#8674=CARTESIAN_POINT('',(0.035,0.0864415090428769,0.00323482427794042));
#8675=CARTESIAN_POINT('',(0.032,0.0832993567798059,0.00410579537573019));
#8676=CARTESIAN_POINT('',(0.032,0.0820384565981344,0.0026031130682604));
#8677=CARTESIAN_POINT('',(0.035,0.0820384565981344,0.0026031130682604));
#8678=CARTESIAN_POINT('',(0.032,0.0821318507751365,0.00251252965193565));
#8679=CARTESIAN_POINT('',(0.035,0.0821318507751365,0.00251252965193565));
#8680=CARTESIAN_POINT('',(0.032,0.0822975108148139,0.00235175816325102));
#8681=CARTESIAN_POINT('',(0.035,0.0822975108148139,0.00235175816325102));
#8682=CARTESIAN_POINT('',(0.032,0.082430865988039,0.0022219690373483));
#8683=CARTESIAN_POINT('',(0.035,0.082430865988039,0.0022219690373483));
#8684=CARTESIAN_POINT('',(0.032,0.0824284409241308,0.0022229602820602));
#8685=CARTESIAN_POINT('',(0.035,0.0824284409241308,0.0022229602820602));
#8686=CARTESIAN_POINT('',(0.032,0.0824773019910883,0.00216813137421531));
#8687=CARTESIAN_POINT('',(0.035,0.0824773019910883,0.00216813137421531));
#8688=CARTESIAN_POINT('',(0.032,0.0825336429501388,0.00209532980500734));
#8689=CARTESIAN_POINT('',(0.035,0.0825336429501388,0.00209532980500734));
#8690=CARTESIAN_POINT('',(0.032,0.082640540619419,0.001943150171191));
#8691=CARTESIAN_POINT('',(0.035,0.082640540619419,0.001943150171191));
#8692=CARTESIAN_POINT('',(0.032,0.0827786616903509,0.00171268557578186));
#8693=CARTESIAN_POINT('',(0.035,0.0827786616903509,0.00171268557578186));
#8694=CARTESIAN_POINT('',(0.032,0.0829422925416264,0.00138170587631137));
#8695=CARTESIAN_POINT('',(0.035,0.0829422925416264,0.00138170587631137));
#8696=CARTESIAN_POINT('',(0.032,0.0830949604837715,0.0010060943417164));
#8697=CARTESIAN_POINT('',(0.035,0.0830949604837715,0.0010060943417164));
#8698=CARTESIAN_POINT('',(0.032,0.0832777451561222,0.000453387589994689));
#8699=CARTESIAN_POINT('',(0.035,0.0832777451561222,0.000453387589994689));
#8700=CARTESIAN_POINT('',(0.032,0.0833859630243791,-1.19619363538157E-5));
#8701=CARTESIAN_POINT('',(0.035,0.0833859630243791,-1.19619363538157E-5));
#8702=CARTESIAN_POINT('',(0.032,0.0834418247087703,-0.000340060303879619));
#8703=CARTESIAN_POINT('',(0.035,0.0834418247087703,-0.000340060303879619));
#8704=CARTESIAN_POINT('',(0.035,0.0820384566045832,0.00260311306200569));
#8705=CARTESIAN_POINT('',(0.032,0.0723000000000045,0.0120549999999962));
#8706=CARTESIAN_POINT('',(0.032,0.0820016476387232,0.00352749679731313));
#8707=CARTESIAN_POINT('',(0.032,0.0823826247006735,0.00398152757958834));
#8708=CARTESIAN_POINT('',(0.0335,0.0829062492362544,0.00356224506415552));
#8709=CARTESIAN_POINT('',(0.0335,0.0825054867570092,0.0030846349397381));
#8710=CARTESIAN_POINT('',(0.032,0.0853548024956518,0.0083471926582333));
#8711=CARTESIAN_POINT('',(0.035,0.0853548024956518,0.0083471926582333));
#8712=CARTESIAN_POINT('',(0.032,0.0854799471238517,0.00831160263654631));
#8713=CARTESIAN_POINT('',(0.035,0.0854799471238517,0.00831160263654631));
#8714=CARTESIAN_POINT('',(0.032,0.0857020093370955,0.00824852257813601));
#8715=CARTESIAN_POINT('',(0.035,0.0857020093370955,0.00824852257813601));
#8716=CARTESIAN_POINT('',(0.032,0.0858810876038748,0.0081979281733484));
#8717=CARTESIAN_POINT('',(0.035,0.0858810876038748,0.0081979281733484));
#8718=CARTESIAN_POINT('',(0.032,0.0858790166288189,0.00819953271794278));
#8719=CARTESIAN_POINT('',(0.035,0.0858790166288189,0.00819953271794278));
#8720=CARTESIAN_POINT('',(0.032,0.085950930389353,0.00818463224662396));
#8721=CARTESIAN_POINT('',(0.035,0.085950930389353,0.00818463224662396));
#8722=CARTESIAN_POINT('',(0.032,0.0860421488772477,0.0081722403294167));
#8723=CARTESIAN_POINT('',(0.035,0.0860421488772477,0.0081722403294167));
#8724=CARTESIAN_POINT('',(0.032,0.0862273891407114,0.00815575404912275));
#8725=CARTESIAN_POINT('',(0.035,0.0862273891407114,0.00815575404912275));
#8726=CARTESIAN_POINT('',(0.032,0.0864960378704747,0.00815136999060237));
#8727=CARTESIAN_POINT('',(0.035,0.0864960378704747,0.00815136999060237));
#8728=CARTESIAN_POINT('',(0.032,0.0868644901239906,0.00817515136629032));
#8729=CARTESIAN_POINT('',(0.035,0.0868644901239906,0.00817515136629032));
#8730=CARTESIAN_POINT('',(0.032,0.087266113225977,0.00823074281734656));
#8731=CARTESIAN_POINT('',(0.035,0.087266113225977,0.00823074281734656));
#8732=CARTESIAN_POINT('',(0.032,0.0878361636499867,0.0083488000235292));
#8733=CARTESIAN_POINT('',(0.035,0.0878361636499867,0.0083488000235292));
#8734=CARTESIAN_POINT('',(0.032,0.0882932770955717,0.00848775536364959));
#8735=CARTESIAN_POINT('',(0.035,0.0882932770955717,0.00848775536364959));
#8736=CARTESIAN_POINT('',(0.032,0.088605349458985,0.00860342690963158));
#8737=CARTESIAN_POINT('',(0.035,0.088605349458985,0.00860342690963158));
#8738=CARTESIAN_POINT('',(0.032,0.0853548025042929,0.00834719265577583));
#8739=CARTESIAN_POINT('',(0.032,0.0846838915262023,0.00650387991920627));
#8740=CARTESIAN_POINT('',(0.035,0.0846838915262023,0.00650387991920627));
#8741=CARTESIAN_POINT('',(0.032,0.0848026346981899,0.00645070204112437));
#8742=CARTESIAN_POINT('',(0.035,0.0848026346981899,0.00645070204112437));
#8743=CARTESIAN_POINT('',(0.032,0.0850132913026364,0.00635628533008847));
#8744=CARTESIAN_POINT('',(0.035,0.0850132913026364,0.00635628533008847));
#8745=CARTESIAN_POINT('',(0.032,0.085182994670303,0.00627993360167908));
#8746=CARTESIAN_POINT('',(0.035,0.085182994670303,0.00627993360167908));
#8747=CARTESIAN_POINT('',(0.032,0.0851803768299851,0.00628003564631478));
#8748=CARTESIAN_POINT('',(0.035,0.0851803768299851,0.00628003564631478));
#8749=CARTESIAN_POINT('',(0.032,0.0852450438049683,0.00624522479533104));
#8750=CARTESIAN_POINT('',(0.035,0.0852450438049683,0.00624522479533104));
#8751=CARTESIAN_POINT('',(0.032,0.0853228865915708,0.00619608344085421));
#8752=CARTESIAN_POINT('',(0.035,0.0853228865915708,0.00619608344085421));
#8753=CARTESIAN_POINT('',(0.032,0.085475386042742,0.00608964251809154));
#8754=CARTESIAN_POINT('',(0.035,0.085475386042742,0.00608964251809154));
#8755=CARTESIAN_POINT('',(0.032,0.085684000927825,0.00592031682690959));
#8756=CARTESIAN_POINT('',(0.035,0.085684000927825,0.00592031682690959));
#8757=CARTESIAN_POINT('',(0.032,0.0859509653555522,0.0056652626928929));
#8758=CARTESIAN_POINT('',(0.035,0.0859509653555522,0.0056652626928929));
#8759=CARTESIAN_POINT('',(0.032,0.0862228930051136,0.0053645188170057));
#8760=CARTESIAN_POINT('',(0.035,0.0862228930051136,0.0053645188170057));
#8761=CARTESIAN_POINT('',(0.032,0.0865836912553551,0.0049076604007894));
#8762=CARTESIAN_POINT('',(0.035,0.0865836912553551,0.0049076604007894));
#8763=CARTESIAN_POINT('',(0.032,0.0868445416992921,0.00450738757560514));
#8764=CARTESIAN_POINT('',(0.035,0.0868445416992921,0.00450738757560514));
#8765=CARTESIAN_POINT('',(0.032,0.0870092507625848,0.00421818178205109));
#8766=CARTESIAN_POINT('',(0.035,0.0870092507625848,0.00421818178205109));
#8767=CARTESIAN_POINT('',(0.035,0.0846838915344014,0.00650387991553437));
#8768=CARTESIAN_POINT('',(0.032,0.0723000000000055,0.012054999999998));
#8769=CARTESIAN_POINT('',(0.032,0.0843331445631663,0.00735992708259818));
#8770=CARTESIAN_POINT('',(0.032,0.0845358582237416,0.00791687828764388));
#8771=CARTESIAN_POINT('',(0.0335,0.0851713074019117,0.00770197174057534));
#8772=CARTESIAN_POINT('',(0.0335,0.0849580661406842,0.00711609619045667));
#8773=CARTESIAN_POINT('',(0.032,0.0799172262894174,0.000823189498574));
#8774=CARTESIAN_POINT('',(0.035,0.0799172262894174,0.000823189498574));
#8775=CARTESIAN_POINT('',(0.032,0.0799902158114672,0.000715484543804489));
#8776=CARTESIAN_POINT('',(0.035,0.0799902158114672,0.000715484543804489));
#8777=CARTESIAN_POINT('',(0.032,0.080119778255985,0.000524423576334933));
#8778=CARTESIAN_POINT('',(0.035,0.080119778255985,0.000524423576334933));
#8779=CARTESIAN_POINT('',(0.032,0.0802244387106177,0.000370556722644606));
#8780=CARTESIAN_POINT('',(0.035,0.0802244387106177,0.000370556722644606));
#8781=CARTESIAN_POINT('',(0.032,0.0802238836330687,0.000373117072220812));
#8782=CARTESIAN_POINT('',(0.035,0.0802238836330687,0.000373117072220812));
#8783=CARTESIAN_POINT('',(0.032,0.0802693949313674,0.000315477374729814));
#8784=CARTESIAN_POINT('',(0.035,0.0802693949313674,0.000315477374729814));
#8785=CARTESIAN_POINT('',(0.032,0.0803313069762878,0.000247350501620574));
#8786=CARTESIAN_POINT('',(0.035,0.0803313069762878,0.000247350501620574));
#8787=CARTESIAN_POINT('',(0.032,0.0804626120740533,0.000115651132044121));
#8788=CARTESIAN_POINT('',(0.035,0.0804626120740533,0.000115651132044121));
#8789=CARTESIAN_POINT('',(0.032,0.0806655909221423,-6.03913264735131E-5));
#8790=CARTESIAN_POINT('',(0.035,0.0806655909221423,-6.03913264735131E-5));
#8791=CARTESIAN_POINT('',(0.032,0.0809631280971365,-0.000279010279099227));
#8792=CARTESIAN_POINT('',(0.035,0.0809631280971365,-0.000279010279099227));
#8793=CARTESIAN_POINT('',(0.032,0.0813065227385847,-0.000494583110653347));
#8794=CARTESIAN_POINT('',(0.035,0.0813065227385847,-0.000494583110653347));
#8795=CARTESIAN_POINT('',(0.032,0.0818190924075634,-0.000770567393336932));
#8796=CARTESIAN_POINT('',(0.035,0.0818190924075634,-0.000770567393336932));
#8797=CARTESIAN_POINT('',(0.032,0.0822585803933577,-0.000957948286239282));
#8798=CARTESIAN_POINT('',(0.035,0.0822585803933577,-0.000957948286239282));
#8799=CARTESIAN_POINT('',(0.032,0.0825719939297522,-0.00106993498974041));
#8800=CARTESIAN_POINT('',(0.035,0.0825719939297522,-0.00106993498974041));
#8801=CARTESIAN_POINT('',(0.032,0.0799172262944573,0.000823189491137036));
#8802=CARTESIAN_POINT('',(0.032,0.0782184200800191,-0.00015761672372322));
#8803=CARTESIAN_POINT('',(0.035,0.0782184200800191,-0.00015761672372322));
#8804=CARTESIAN_POINT('',(0.032,0.078275200545938,-0.000274679981413206));
#8805=CARTESIAN_POINT('',(0.035,0.078275200545938,-0.000274679981413206));
#8806=CARTESIAN_POINT('',(0.032,0.0783758829751795,-0.000482414833476723));
#8807=CARTESIAN_POINT('',(0.035,0.0783758829751795,-0.000482414833476723));
#8808=CARTESIAN_POINT('',(0.032,0.0784568053519592,-0.0006499868728054));
#8809=CARTESIAN_POINT('',(0.035,0.0784568053519592,-0.0006499868728054));
#8810=CARTESIAN_POINT('',(0.032,0.0784548655629582,-0.000648225986758753));
#8811=CARTESIAN_POINT('',(0.035,0.0784548655629582,-0.000648225986758753));
#8812=CARTESIAN_POINT('',(0.032,0.0784820273561024,-0.000716459775990245));
#8813=CARTESIAN_POINT('',(0.035,0.0784820273561024,-0.000716459775990245));
#8814=CARTESIAN_POINT('',(0.032,0.0785100709364353,-0.000804140616246106));
#8815=CARTESIAN_POINT('',(0.035,0.0785100709364353,-0.000804140616246106));
#8816=CARTESIAN_POINT('',(0.032,0.0785584733872681,-0.000983703851345692));
#8817=CARTESIAN_POINT('',(0.035,0.0785584733872681,-0.000983703851345692));
#8818=CARTESIAN_POINT('',(0.032,0.0786094412044446,-0.00124750991948048));
#8819=CARTESIAN_POINT('',(0.035,0.0786094412044446,-0.00124750991948048));
#8820=CARTESIAN_POINT('',(0.032,0.0786500021836702,-0.00161449414790853));
#8821=CARTESIAN_POINT('',(0.035,0.0786500021836702,-0.00161449414790853));
#8822=CARTESIAN_POINT('',(0.032,0.0786649964114376,-0.00201966904670323));
#8823=CARTESIAN_POINT('',(0.035,0.0786649964114376,-0.00201966904670323));
#8824=CARTESIAN_POINT('',(0.032,0.0786477209767975,-0.00260155954258985));
#8825=CARTESIAN_POINT('',(0.035,0.0786477209767975,-0.00260155954258985));
#8826=CARTESIAN_POINT('',(0.032,0.0785902535973377,-0.00307585774939729));
#8827=CARTESIAN_POINT('',(0.035,0.0785902535973377,-0.00307585774939729));
#8828=CARTESIAN_POINT('',(0.032,0.0785305301592584,-0.00340327518555513));
#8829=CARTESIAN_POINT('',(0.035,0.0785305301592584,-0.00340327518555513));
#8830=CARTESIAN_POINT('',(0.035,0.0782184200839398,-0.000157616731806323));
#8831=CARTESIAN_POINT('',(0.032,0.072300000000003,0.0120549999999949));
#8832=CARTESIAN_POINT('',(0.032,0.0784999888279801,0.000723609250815702));
#8833=CARTESIAN_POINT('',(0.032,0.0790132778350115,0.00101995679719735));
#8834=CARTESIAN_POINT('',(0.0335,0.0793619208811371,0.000446869972712371));
#8835=CARTESIAN_POINT('',(0.0335,0.0788219750534955,0.000135132103775637));
#8836=CARTESIAN_POINT('',(0.032,0.0756163458975175,-0.00110469427350631));
#8837=CARTESIAN_POINT('',(0.035,0.0756163458975175,-0.00110469427350631));
#8838=CARTESIAN_POINT('',(0.032,0.0756480963487153,-0.00123086771151805));
#8839=CARTESIAN_POINT('',(0.035,0.0756480963487153,-0.00123086771151805));
#8840=CARTESIAN_POINT('',(0.032,0.0757044985222817,-0.00145471925861298));
#8841=CARTESIAN_POINT('',(0.035,0.0757044985222817,-0.00145471925861298));
#8842=CARTESIAN_POINT('',(0.032,0.0757502216158359,-0.00163510278930332));
#8843=CARTESIAN_POINT('',(0.035,0.0757502216158359,-0.00163510278930332));
#8844=CARTESIAN_POINT('',(0.032,0.0757505757046881,-0.00163250699999702));
#8845=CARTESIAN_POINT('',(0.035,0.0757505757046881,-0.00163250699999702));
#8846=CARTESIAN_POINT('',(0.032,0.0757736283982647,-0.00170223637916076));
#8847=CARTESIAN_POINT('',(0.035,0.0757736283982647,-0.00170223637916076));
#8848=CARTESIAN_POINT('',(0.032,0.0758085059271091,-0.00178742986557598));
#8849=CARTESIAN_POINT('',(0.035,0.0758085059271091,-0.00178742986557598));
#8850=CARTESIAN_POINT('',(0.032,0.0758868485212924,-0.00195609577968625));
#8851=CARTESIAN_POINT('',(0.035,0.0758868485212924,-0.00195609577968625));
#8852=CARTESIAN_POINT('',(0.032,0.0760173761801236,-0.00219094443361579));
#8853=CARTESIAN_POINT('',(0.035,0.0760173761801236,-0.00219094443361579));
#8854=CARTESIAN_POINT('',(0.032,0.0762221975823645,-0.00249814275739832));
#8855=CARTESIAN_POINT('',(0.035,0.0762221975823645,-0.00249814275739832));
#8856=CARTESIAN_POINT('',(0.032,0.0764711527422055,-0.00281816284093707));
#8857=CARTESIAN_POINT('',(0.035,0.0764711527422055,-0.00281816284093707));
#8858=CARTESIAN_POINT('',(0.032,0.0768584184938643,-0.00325281238647608));
#8859=CARTESIAN_POINT('',(0.035,0.0768584184938643,-0.00325281238647608));
#8860=CARTESIAN_POINT('',(0.032,0.0772073140711925,-0.00357920657270443));
#8861=CARTESIAN_POINT('',(0.035,0.0772073140711925,-0.00357920657270443));
#8862=CARTESIAN_POINT('',(0.032,0.0774635247502147,-0.00379163339424806));
#8863=CARTESIAN_POINT('',(0.035,0.0774635247502147,-0.00379163339424806));
#8864=CARTESIAN_POINT('',(0.032,0.0756163458997098,-0.00110469428221845));
#8865=CARTESIAN_POINT('',(0.032,0.0736845347536758,-0.00144532469979892));
#8866=CARTESIAN_POINT('',(0.035,0.0736845347536758,-0.00144532469979892));
#8867=CARTESIAN_POINT('',(0.032,0.0736978529463313,-0.00157474824230705));
#8868=CARTESIAN_POINT('',(0.035,0.0736978529463313,-0.00157474824230705));
#8869=CARTESIAN_POINT('',(0.032,0.0737214139782558,-0.00180439056875071));
#8870=CARTESIAN_POINT('',(0.035,0.0737214139782558,-0.00180439056875071));
#8871=CARTESIAN_POINT('',(0.032,0.0737401431256636,-0.00198953386046242));
#8872=CARTESIAN_POINT('',(0.035,0.0737401431256636,-0.00198953386046242));
#8873=CARTESIAN_POINT('',(0.032,0.0737389225787516,-0.00198721572192616));
#8874=CARTESIAN_POINT('',(0.035,0.0737389225787516,-0.00198721572192616));
#8875=CARTESIAN_POINT('',(0.032,0.0737411089849639,-0.00206062439053945));
#8876=CARTESIAN_POINT('',(0.035,0.0737411089849639,-0.00206062439053945));
#8877=CARTESIAN_POINT('',(0.032,0.0737374727169119,-0.002152608898477));
#8878=CARTESIAN_POINT('',(0.035,0.0737374727169119,-0.002152608898477));
#8879=CARTESIAN_POINT('',(0.032,0.0737215418993826,-0.00233789775863566));
#8880=CARTESIAN_POINT('',(0.035,0.0737215418993826,-0.00233789775863566));
#8881=CARTESIAN_POINT('',(0.032,0.0736792089918472,-0.00260322639431617));
#8882=CARTESIAN_POINT('',(0.035,0.0736792089918472,-0.00260322639431617));
#8883=CARTESIAN_POINT('',(0.032,0.0735918078463122,-0.00296195143764295));
#8884=CARTESIAN_POINT('',(0.035,0.0735918078463122,-0.00296195143764295));
#8885=CARTESIAN_POINT('',(0.032,0.0734673198345418,-0.00334781962809812));
#8886=CARTESIAN_POINT('',(0.035,0.0734673198345418,-0.00334781962809812));
#8887=CARTESIAN_POINT('',(0.032,0.073252067965287,-0.00388870928655656));
#8888=CARTESIAN_POINT('',(0.035,0.073252067965287,-0.00388870928655656));
#8889=CARTESIAN_POINT('',(0.032,0.0730358467522001,-0.00431474881018616));
#8890=CARTESIAN_POINT('',(0.035,0.0730358467522001,-0.00431474881018616));
#8891=CARTESIAN_POINT('',(0.032,0.072867741719708,-0.0046019939400085));
#8892=CARTESIAN_POINT('',(0.035,0.072867741719708,-0.0046019939400085));
#8893=CARTESIAN_POINT('',(0.035,0.0736845347545955,-0.00144532470873548));
#8894=CARTESIAN_POINT('',(0.032,0.072300000000001,0.0120549999999942));
#8895=CARTESIAN_POINT('',(0.032,0.0742505198624928,-0.000713545337813482));
#8896=CARTESIAN_POINT('',(0.032,0.0748342105850184,-0.000610624915043004));
#8897=CARTESIAN_POINT('',(0.0335,0.0749658206449025,-0.00126839331968655));
#8898=CARTESIAN_POINT('',(0.0335,0.0743518169044298,-0.00137665874538785));
#8899=CARTESIAN_POINT('',(0.038,0.0723,0.012055));
#8900=MECHANICAL_DESIGN_GEOMETRIC_PRESENTATION_REPRESENTATION('',(#3171),
#8901);
#8901=(
GEOMETRIC_REPRESENTATION_CONTEXT(3)
GLOBAL_UNCERTAINTY_ASSIGNED_CONTEXT((#8902))
GLOBAL_UNIT_ASSIGNED_CONTEXT((#8905,#8904,#8903))
REPRESENTATION_CONTEXT('Hip Roll giver','TOP_LEVEL_ASSEMBLY_PART')
);
#8902=UNCERTAINTY_MEASURE_WITH_UNIT(LENGTH_MEASURE(2.E-5),#8905,
'DISTANCE_ACCURACY_VALUE','Maximum Tolerance applied to model');
#8903=(
NAMED_UNIT(*)
SI_UNIT($,.STERADIAN.)
SOLID_ANGLE_UNIT()
);
#8904=(
NAMED_UNIT(*)
PLANE_ANGLE_UNIT()
SI_UNIT($,.RADIAN.)
);
#8905=(
LENGTH_UNIT()
NAMED_UNIT(*)
SI_UNIT($,.METRE.)
);
#8906=PRODUCT_DEFINITION_SHAPE('','',#8907);
#8907=PRODUCT_DEFINITION('','',#8909,#8908);
#8908=PRODUCT_DEFINITION_CONTEXT('',#8915,'design');
#8909=PRODUCT_DEFINITION_FORMATION_WITH_SPECIFIED_SOURCE('','',#8911,
 .NOT_KNOWN.);
#8910=PRODUCT_RELATED_PRODUCT_CATEGORY('','',(#8911));
#8911=PRODUCT('Hip Roll giver','Hip Roll giver','Hip Roll giver',(#8913));
#8912=PRODUCT_CATEGORY('','');
#8913=PRODUCT_CONTEXT('',#8915,'mechanical');
#8914=APPLICATION_PROTOCOL_DEFINITION('international standard',
'ap242_managed_model_based_3d_engineering',2020,#8915);
#8915=APPLICATION_CONTEXT('managed model based 3d engineering');
ENDSEC;
END-ISO-10303-21;
