ISO-10303-21;
HEADER;
/* Generated by software containing ST-Developer
 * from STEP Tools, Inc. (www.steptools.com) 
 */
/* OPTION: using custom renumber hook */

FILE_DESCRIPTION(
/* description */ ('STEP AP242 Edition 2',
'CAx-IF Rec.Pracs.---Representation and Presentation of Product Manufa
cturing Information (PMI)---4.0---2014-10-13',
'CAx-IF Rec.Pracs.---3D Tessellated Geometry---0.4---2014-09-14','2;1',
'CAx-IF Rec.Pracs.---User Defined Attributes---1.5---2016-08-15'),
/* implementation_level */ '2;1');

FILE_NAME(
/* name */ 'robot - Hip Pitch motor holder',
/* time_stamp */ '2026-08-16T03:04:29Z',
/* author */ (''),
/* organization */ (''),
/* preprocessor_version */ 'ST-DEVELOPER v20',
/* originating_system */ 'ONSHAPE BY PTC INC, 1.219',
/* authorisation */ '  ');

FILE_SCHEMA (('AP242_MANAGED_MODEL_BASED_3D_ENGINEERING_MIM_LF { 1 0 10303 442 3 1 4 }'));
ENDSEC;

DATA;
#10=SHAPE_REPRESENTATION_RELATIONSHIP('','',#2209,#11);
#11=ADVANCED_BREP_SHAPE_REPRESENTATION('',(#2207),#3768);
#12=B_SPLINE_CURVE_WITH_KNOTS('',3,(#3293,#3294,#3295,#3296,#3297,#3298,
#3299,#3300,#3301,#3302,#3303),.UNSPECIFIED.,.T.,.F.,(1,1,1,1,1,1,1,1,1,
1,1,1,1,1,1),(-0.00375180979184942,-0.00250120652789961,-0.0012506032639498,
3.5762240613455E-18,0.00125060326394981,0.00250120652789962,0.00375180979184943,
0.00500241305579923,0.00625301631974904,0.00750361958369885,0.00875422284764866,
0.0100048261115985,0.0112554293755483,0.0125060326394981,0.0137566359034479),
 .UNSPECIFIED.);
#13=B_SPLINE_CURVE_WITH_KNOTS('',3,(#3305,#3306,#3307,#3308,#3309,#3310,
#3311,#3312,#3313,#3314,#3315),.UNSPECIFIED.,.T.,.F.,(1,1,1,1,1,1,1,1,1,
1,1,1,1,1,1),(-0.00375180979184934,-0.00250120652789956,-0.00125060326394978,
0.,0.00125060326394978,0.00250120652789956,0.00375180979184934,0.00500241305579912,
0.0062530163197489,0.00750361958369867,0.00875422284764845,0.0100048261115982,
0.011255429375548,0.0125060326394978,0.0137566359034476),.UNSPECIFIED.);
#14=B_SPLINE_CURVE_WITH_KNOTS('',3,(#3317,#3318,#3319,#3320,#3321,#3322,
#3323,#3324,#3325,#3326,#3327),.UNSPECIFIED.,.T.,.F.,(1,1,1,1,1,1,1,1,1,
1,1,1,1,1,1),(-0.00375180979184938,-0.00250120652789959,-0.00125060326394979,
2.16840434497101E-19,0.00125060326394979,0.00250120652789959,0.00375180979184938,
0.00500241305579917,0.00625301631974897,0.00750361958369876,0.00875422284764855,
0.0100048261115983,0.0112554293755481,0.0125060326394979,0.0137566359034477),
 .UNSPECIFIED.);
#15=B_SPLINE_CURVE_WITH_KNOTS('',3,(#3562,#3563,#3564,#3565,#3566,#3567,
#3568,#3569,#3570,#3571,#3572),.UNSPECIFIED.,.T.,.F.,(1,1,1,1,1,1,1,1,1,
1,1,1,1,1,1),(-0.00375166172658817,-0.00250110781772545,-0.00125055390886272,
0.,0.00125055390886272,0.00250110781772545,0.00375166172658817,0.00500221563545089,
0.00625276954431362,0.00750332345317634,0.00875387736203906,0.0100044312709018,
0.0112549851797645,0.0125055390886272,0.01375609299749),.UNSPECIFIED.);
#16=B_SPLINE_CURVE_WITH_KNOTS('',3,(#3575,#3576,#3577,#3578,#3579,#3580,
#3581,#3582,#3583,#3584,#3585),.UNSPECIFIED.,.T.,.F.,(1,1,1,1,1,1,1,1,1,
1,1,1,1,1,1),(-0.00375166172658819,-0.00250110781772546,-0.00125055390886273,
0.,0.00125055390886273,0.00250110781772546,0.00375166172658819,0.00500221563545091,
0.00625276954431364,0.00750332345317637,0.0087538773620391,0.0100044312709018,
0.0112549851797646,0.0125055390886273,0.01375609299749),.UNSPECIFIED.);
#17=B_SPLINE_CURVE_WITH_KNOTS('',3,(#3599,#3600,#3601,#3602,#3603,#3604,
#3605,#3606,#3607,#3608,#3609),.UNSPECIFIED.,.T.,.F.,(1,1,1,1,1,1,1,1,1,
1,1,1,1,1,1),(-0.00375166172658818,-0.00250110781772545,-0.00125055390886273,
6.56524456649345E-19,0.00125055390886273,0.00250110781772545,0.00375166172658818,
0.0050022156354509,0.00625276954431363,0.00750332345317636,0.00875387736203908,
0.0100044312709018,0.0112549851797645,0.0125055390886273,0.01375609299749),
 .UNSPECIFIED.);
#18=CIRCLE('',#2214,0.042);
#19=CIRCLE('',#2215,0.042);
#20=CIRCLE('',#2216,0.042);
#21=CIRCLE('',#2217,0.042);
#22=CIRCLE('',#2218,0.042);
#23=CIRCLE('',#2219,0.042);
#24=CIRCLE('',#2221,0.042);
#25=CIRCLE('',#2222,0.042);
#26=CIRCLE('',#2223,0.042);
#27=CIRCLE('',#2224,0.042);
#28=CIRCLE('',#2225,0.042);
#29=CIRCLE('',#2226,0.042);
#30=CIRCLE('',#2228,0.0016);
#31=CIRCLE('',#2229,0.0016);
#32=CIRCLE('',#2231,0.0016);
#33=CIRCLE('',#2232,0.0016);
#34=CIRCLE('',#2234,0.0016);
#35=CIRCLE('',#2235,0.0016);
#36=CIRCLE('',#2236,0.035);
#37=CIRCLE('',#2238,0.035);
#38=CIRCLE('',#2239,0.0016);
#39=CIRCLE('',#2240,0.0016);
#40=CIRCLE('',#2242,0.0016);
#41=CIRCLE('',#2243,0.036);
#42=CIRCLE('',#2245,0.036);
#43=CIRCLE('',#2246,0.0016);
#44=CIRCLE('',#2248,0.035);
#45=CIRCLE('',#2249,0.035);
#46=CIRCLE('',#2250,0.035);
#47=CIRCLE('',#2251,0.035);
#48=CIRCLE('',#2252,0.035);
#49=CIRCLE('',#2253,0.035);
#50=CIRCLE('',#2254,0.035);
#51=CIRCLE('',#2255,0.035);
#52=CIRCLE('',#2256,0.035);
#53=CIRCLE('',#2257,0.035);
#54=CIRCLE('',#2258,0.035);
#55=CIRCLE('',#2259,0.035);
#56=CIRCLE('',#2260,0.035);
#57=CIRCLE('',#2261,0.035);
#58=CIRCLE('',#2262,0.035);
#59=CIRCLE('',#2263,0.035);
#60=CIRCLE('',#2264,0.035);
#61=CIRCLE('',#2265,0.035);
#62=CIRCLE('',#2266,0.035);
#63=CIRCLE('',#2267,0.035);
#64=CIRCLE('',#2268,0.035);
#65=CIRCLE('',#2269,0.035);
#66=CIRCLE('',#2270,0.035);
#67=CIRCLE('',#2271,0.035);
#68=CIRCLE('',#2272,0.035);
#69=CIRCLE('',#2273,0.035);
#70=CIRCLE('',#2274,0.035);
#71=CIRCLE('',#2278,0.042);
#72=CIRCLE('',#2279,0.042);
#73=CIRCLE('',#2280,0.042);
#74=CIRCLE('',#2281,0.042);
#75=CIRCLE('',#2282,0.042);
#76=CIRCLE('',#2283,0.042);
#77=CIRCLE('',#2285,0.0016);
#78=CIRCLE('',#2287,0.0016);
#79=CIRCLE('',#2288,0.0016);
#80=CIRCLE('',#2290,0.0016);
#81=CIRCLE('',#2291,0.0016);
#82=CIRCLE('',#2293,0.036);
#83=CIRCLE('',#2294,0.0016);
#84=CIRCLE('',#2298,0.042);
#85=CIRCLE('',#2299,0.042);
#86=CIRCLE('',#2300,0.042);
#87=CIRCLE('',#2301,0.042);
#88=CIRCLE('',#2302,0.042);
#89=CIRCLE('',#2303,0.042);
#90=CIRCLE('',#2305,0.0016);
#91=CIRCLE('',#2307,0.0016);
#92=CIRCLE('',#2308,0.0016);
#93=CIRCLE('',#2310,0.035);
#94=CIRCLE('',#2311,0.0016);
#95=CIRCLE('',#2312,0.0095);
#96=CIRCLE('',#2313,0.0016);
#97=CIRCLE('',#2315,0.036);
#98=CIRCLE('',#2316,0.036);
#99=CIRCLE('',#2317,0.0016);
#100=CIRCLE('',#2322,0.042);
#101=CIRCLE('',#2323,0.042);
#102=CIRCLE('',#2324,0.042);
#103=CIRCLE('',#2325,0.042);
#104=CIRCLE('',#2326,0.042);
#105=CIRCLE('',#2327,0.042);
#106=CIRCLE('',#2329,0.0016);
#107=CIRCLE('',#2330,0.0016);
#108=CIRCLE('',#2332,0.0016);
#109=CIRCLE('',#2334,0.0016);
#110=CIRCLE('',#2335,0.0016);
#111=CIRCLE('',#2337,0.0016);
#112=CIRCLE('',#2338,0.036);
#113=CIRCLE('',#2343,0.0016);
#114=CIRCLE('',#2345,0.0016);
#115=CIRCLE('',#2350,0.042);
#116=CIRCLE('',#2351,0.042);
#117=CIRCLE('',#2360,0.0095);
#118=CIRCLE('',#2363,0.036);
#119=CIRCLE('',#2364,0.036);
#120=CIRCLE('',#2365,0.036);
#121=CIRCLE('',#2366,0.036);
#122=CIRCLE('',#2367,0.036);
#123=CIRCLE('',#2368,0.036);
#124=CIRCLE('',#2370,0.036);
#125=CIRCLE('',#2372,0.036);
#126=CIRCLE('',#2375,0.0016);
#127=CIRCLE('',#2377,0.0016);
#128=CIRCLE('',#2390,0.035);
#129=CIRCLE('',#2394,0.0016);
#130=CIRCLE('',#2396,0.0016);
#131=CIRCLE('',#2407,0.0016);
#132=CIRCLE('',#2409,0.0016);
#133=CIRCLE('',#2420,0.0016);
#134=CIRCLE('',#2422,0.0016);
#135=CIRCLE('',#2433,0.0016);
#136=CIRCLE('',#2435,0.0016);
#137=CYLINDRICAL_SURFACE('',#2213,0.042);
#138=CYLINDRICAL_SURFACE('',#2220,0.042);
#139=CYLINDRICAL_SURFACE('',#2227,0.0016);
#140=CYLINDRICAL_SURFACE('',#2230,0.0016);
#141=CYLINDRICAL_SURFACE('',#2247,0.035);
#142=CYLINDRICAL_SURFACE('',#2277,0.042);
#143=CYLINDRICAL_SURFACE('',#2284,0.0016);
#144=CYLINDRICAL_SURFACE('',#2286,0.0016);
#145=CYLINDRICAL_SURFACE('',#2297,0.042);
#146=CYLINDRICAL_SURFACE('',#2304,0.0016);
#147=CYLINDRICAL_SURFACE('',#2306,0.0016);
#148=CYLINDRICAL_SURFACE('',#2321,0.042);
#149=CYLINDRICAL_SURFACE('',#2328,0.0016);
#150=CYLINDRICAL_SURFACE('',#2331,0.0016);
#151=CYLINDRICAL_SURFACE('',#2342,0.0016);
#152=CYLINDRICAL_SURFACE('',#2344,0.0016);
#153=CYLINDRICAL_SURFACE('',#2346,0.0016);
#154=CYLINDRICAL_SURFACE('',#2347,0.0016);
#155=CYLINDRICAL_SURFACE('',#2349,0.042);
#156=CYLINDRICAL_SURFACE('',#2361,0.0095);
#157=CYLINDRICAL_SURFACE('',#2362,0.036);
#158=CYLINDRICAL_SURFACE('',#2371,0.036);
#159=CYLINDRICAL_SURFACE('',#2373,0.0016);
#160=CYLINDRICAL_SURFACE('',#2374,0.0016);
#161=CYLINDRICAL_SURFACE('',#2376,0.0016);
#162=CYLINDRICAL_SURFACE('',#2389,0.035);
#163=CYLINDRICAL_SURFACE('',#2393,0.0016);
#164=CYLINDRICAL_SURFACE('',#2395,0.0016);
#165=CYLINDRICAL_SURFACE('',#2406,0.0016);
#166=CYLINDRICAL_SURFACE('',#2408,0.0016);
#167=CYLINDRICAL_SURFACE('',#2419,0.0016);
#168=CYLINDRICAL_SURFACE('',#2421,0.0016);
#169=CYLINDRICAL_SURFACE('',#2432,0.0016);
#170=CYLINDRICAL_SURFACE('',#2434,0.0016);
#171=ORIENTED_EDGE('',*,*,#771,.F.);
#172=ORIENTED_EDGE('',*,*,#772,.T.);
#173=ORIENTED_EDGE('',*,*,#773,.T.);
#174=ORIENTED_EDGE('',*,*,#774,.F.);
#175=ORIENTED_EDGE('',*,*,#775,.F.);
#176=ORIENTED_EDGE('',*,*,#776,.T.);
#177=ORIENTED_EDGE('',*,*,#777,.T.);
#178=ORIENTED_EDGE('',*,*,#778,.F.);
#179=ORIENTED_EDGE('',*,*,#779,.F.);
#180=ORIENTED_EDGE('',*,*,#780,.F.);
#181=ORIENTED_EDGE('',*,*,#781,.T.);
#182=ORIENTED_EDGE('',*,*,#782,.F.);
#183=ORIENTED_EDGE('',*,*,#783,.F.);
#184=ORIENTED_EDGE('',*,*,#784,.T.);
#185=ORIENTED_EDGE('',*,*,#785,.T.);
#186=ORIENTED_EDGE('',*,*,#786,.T.);
#187=ORIENTED_EDGE('',*,*,#787,.F.);
#188=ORIENTED_EDGE('',*,*,#788,.T.);
#189=ORIENTED_EDGE('',*,*,#789,.T.);
#190=ORIENTED_EDGE('',*,*,#777,.F.);
#191=ORIENTED_EDGE('',*,*,#790,.F.);
#192=ORIENTED_EDGE('',*,*,#774,.T.);
#193=ORIENTED_EDGE('',*,*,#791,.T.);
#194=ORIENTED_EDGE('',*,*,#792,.F.);
#195=ORIENTED_EDGE('',*,*,#793,.F.);
#196=ORIENTED_EDGE('',*,*,#794,.F.);
#197=ORIENTED_EDGE('',*,*,#795,.T.);
#198=ORIENTED_EDGE('',*,*,#796,.F.);
#199=ORIENTED_EDGE('',*,*,#797,.F.);
#200=ORIENTED_EDGE('',*,*,#798,.T.);
#201=ORIENTED_EDGE('',*,*,#799,.T.);
#202=ORIENTED_EDGE('',*,*,#800,.T.);
#203=ORIENTED_EDGE('',*,*,#801,.F.);
#204=ORIENTED_EDGE('',*,*,#802,.F.);
#205=ORIENTED_EDGE('',*,*,#803,.T.);
#206=ORIENTED_EDGE('',*,*,#804,.T.);
#207=ORIENTED_EDGE('',*,*,#805,.T.);
#208=ORIENTED_EDGE('',*,*,#806,.F.);
#209=ORIENTED_EDGE('',*,*,#807,.F.);
#210=ORIENTED_EDGE('',*,*,#778,.T.);
#211=ORIENTED_EDGE('',*,*,#789,.F.);
#212=ORIENTED_EDGE('',*,*,#808,.F.);
#213=ORIENTED_EDGE('',*,*,#773,.F.);
#214=ORIENTED_EDGE('',*,*,#809,.F.);
#215=ORIENTED_EDGE('',*,*,#810,.T.);
#216=ORIENTED_EDGE('',*,*,#791,.F.);
#217=ORIENTED_EDGE('',*,*,#811,.T.);
#218=ORIENTED_EDGE('',*,*,#812,.F.);
#219=ORIENTED_EDGE('',*,*,#801,.T.);
#220=ORIENTED_EDGE('',*,*,#813,.F.);
#221=ORIENTED_EDGE('',*,*,#783,.T.);
#222=ORIENTED_EDGE('',*,*,#814,.T.);
#223=ORIENTED_EDGE('',*,*,#815,.F.);
#224=ORIENTED_EDGE('',*,*,#816,.F.);
#225=ORIENTED_EDGE('',*,*,#817,.F.);
#226=ORIENTED_EDGE('',*,*,#797,.T.);
#227=ORIENTED_EDGE('',*,*,#818,.T.);
#228=ORIENTED_EDGE('',*,*,#819,.F.);
#229=ORIENTED_EDGE('',*,*,#820,.T.);
#230=ORIENTED_EDGE('',*,*,#803,.F.);
#231=ORIENTED_EDGE('',*,*,#821,.F.);
#232=ORIENTED_EDGE('',*,*,#775,.T.);
#233=ORIENTED_EDGE('',*,*,#807,.T.);
#234=ORIENTED_EDGE('',*,*,#822,.F.);
#235=ORIENTED_EDGE('',*,*,#823,.F.);
#236=ORIENTED_EDGE('',*,*,#824,.F.);
#237=ORIENTED_EDGE('',*,*,#825,.T.);
#238=ORIENTED_EDGE('',*,*,#826,.F.);
#239=ORIENTED_EDGE('',*,*,#827,.F.);
#240=ORIENTED_EDGE('',*,*,#828,.T.);
#241=ORIENTED_EDGE('',*,*,#829,.T.);
#242=ORIENTED_EDGE('',*,*,#830,.T.);
#243=ORIENTED_EDGE('',*,*,#831,.F.);
#244=ORIENTED_EDGE('',*,*,#832,.T.);
#245=ORIENTED_EDGE('',*,*,#833,.T.);
#246=ORIENTED_EDGE('',*,*,#834,.F.);
#247=ORIENTED_EDGE('',*,*,#835,.F.);
#248=ORIENTED_EDGE('',*,*,#836,.F.);
#249=ORIENTED_EDGE('',*,*,#837,.T.);
#250=ORIENTED_EDGE('',*,*,#838,.F.);
#251=ORIENTED_EDGE('',*,*,#839,.F.);
#252=ORIENTED_EDGE('',*,*,#840,.F.);
#253=ORIENTED_EDGE('',*,*,#841,.T.);
#254=ORIENTED_EDGE('',*,*,#842,.T.);
#255=ORIENTED_EDGE('',*,*,#843,.T.);
#256=ORIENTED_EDGE('',*,*,#844,.F.);
#257=ORIENTED_EDGE('',*,*,#845,.F.);
#258=ORIENTED_EDGE('',*,*,#846,.F.);
#259=ORIENTED_EDGE('',*,*,#847,.T.);
#260=ORIENTED_EDGE('',*,*,#848,.F.);
#261=ORIENTED_EDGE('',*,*,#849,.F.);
#262=ORIENTED_EDGE('',*,*,#850,.T.);
#263=ORIENTED_EDGE('',*,*,#851,.T.);
#264=ORIENTED_EDGE('',*,*,#852,.T.);
#265=ORIENTED_EDGE('',*,*,#853,.F.);
#266=ORIENTED_EDGE('',*,*,#854,.T.);
#267=ORIENTED_EDGE('',*,*,#855,.T.);
#268=ORIENTED_EDGE('',*,*,#856,.F.);
#269=ORIENTED_EDGE('',*,*,#857,.F.);
#270=ORIENTED_EDGE('',*,*,#858,.F.);
#271=ORIENTED_EDGE('',*,*,#859,.T.);
#272=ORIENTED_EDGE('',*,*,#860,.F.);
#273=ORIENTED_EDGE('',*,*,#861,.F.);
#274=ORIENTED_EDGE('',*,*,#862,.T.);
#275=ORIENTED_EDGE('',*,*,#863,.T.);
#276=ORIENTED_EDGE('',*,*,#864,.T.);
#277=ORIENTED_EDGE('',*,*,#865,.F.);
#278=ORIENTED_EDGE('',*,*,#866,.T.);
#279=ORIENTED_EDGE('',*,*,#809,.T.);
#280=ORIENTED_EDGE('',*,*,#772,.F.);
#281=ORIENTED_EDGE('',*,*,#867,.F.);
#282=ORIENTED_EDGE('',*,*,#868,.F.);
#283=ORIENTED_EDGE('',*,*,#869,.T.);
#284=ORIENTED_EDGE('',*,*,#870,.F.);
#285=ORIENTED_EDGE('',*,*,#871,.F.);
#286=ORIENTED_EDGE('',*,*,#872,.T.);
#287=ORIENTED_EDGE('',*,*,#873,.T.);
#288=ORIENTED_EDGE('',*,*,#874,.T.);
#289=ORIENTED_EDGE('',*,*,#875,.T.);
#290=ORIENTED_EDGE('',*,*,#876,.T.);
#291=ORIENTED_EDGE('',*,*,#877,.T.);
#292=ORIENTED_EDGE('',*,*,#878,.F.);
#293=ORIENTED_EDGE('',*,*,#856,.T.);
#294=ORIENTED_EDGE('',*,*,#879,.T.);
#295=ORIENTED_EDGE('',*,*,#880,.F.);
#296=ORIENTED_EDGE('',*,*,#866,.F.);
#297=ORIENTED_EDGE('',*,*,#881,.T.);
#298=ORIENTED_EDGE('',*,*,#792,.T.);
#299=ORIENTED_EDGE('',*,*,#810,.F.);
#300=ORIENTED_EDGE('',*,*,#882,.F.);
#301=ORIENTED_EDGE('',*,*,#880,.T.);
#302=ORIENTED_EDGE('',*,*,#883,.T.);
#303=ORIENTED_EDGE('',*,*,#884,.F.);
#304=ORIENTED_EDGE('',*,*,#885,.F.);
#305=ORIENTED_EDGE('',*,*,#886,.F.);
#306=ORIENTED_EDGE('',*,*,#887,.T.);
#307=ORIENTED_EDGE('',*,*,#888,.F.);
#308=ORIENTED_EDGE('',*,*,#889,.F.);
#309=ORIENTED_EDGE('',*,*,#890,.T.);
#310=ORIENTED_EDGE('',*,*,#891,.T.);
#311=ORIENTED_EDGE('',*,*,#892,.T.);
#312=ORIENTED_EDGE('',*,*,#820,.F.);
#313=ORIENTED_EDGE('',*,*,#893,.F.);
#314=ORIENTED_EDGE('',*,*,#894,.T.);
#315=ORIENTED_EDGE('',*,*,#895,.T.);
#316=ORIENTED_EDGE('',*,*,#879,.F.);
#317=ORIENTED_EDGE('',*,*,#855,.F.);
#318=ORIENTED_EDGE('',*,*,#896,.T.);
#319=ORIENTED_EDGE('',*,*,#883,.F.);
#320=ORIENTED_EDGE('',*,*,#897,.T.);
#321=ORIENTED_EDGE('',*,*,#898,.F.);
#322=ORIENTED_EDGE('',*,*,#899,.F.);
#323=ORIENTED_EDGE('',*,*,#889,.T.);
#324=ORIENTED_EDGE('',*,*,#900,.T.);
#325=ORIENTED_EDGE('',*,*,#901,.F.);
#326=ORIENTED_EDGE('',*,*,#902,.T.);
#327=ORIENTED_EDGE('',*,*,#894,.F.);
#328=ORIENTED_EDGE('',*,*,#903,.F.);
#329=ORIENTED_EDGE('',*,*,#844,.T.);
#330=ORIENTED_EDGE('',*,*,#904,.T.);
#331=ORIENTED_EDGE('',*,*,#905,.F.);
#332=ORIENTED_EDGE('',*,*,#854,.F.);
#333=ORIENTED_EDGE('',*,*,#906,.T.);
#334=ORIENTED_EDGE('',*,*,#884,.T.);
#335=ORIENTED_EDGE('',*,*,#896,.F.);
#336=ORIENTED_EDGE('',*,*,#907,.F.);
#337=ORIENTED_EDGE('',*,*,#905,.T.);
#338=ORIENTED_EDGE('',*,*,#908,.T.);
#339=ORIENTED_EDGE('',*,*,#909,.F.);
#340=ORIENTED_EDGE('',*,*,#910,.F.);
#341=ORIENTED_EDGE('',*,*,#911,.F.);
#342=ORIENTED_EDGE('',*,*,#912,.T.);
#343=ORIENTED_EDGE('',*,*,#913,.F.);
#344=ORIENTED_EDGE('',*,*,#914,.F.);
#345=ORIENTED_EDGE('',*,*,#915,.T.);
#346=ORIENTED_EDGE('',*,*,#916,.T.);
#347=ORIENTED_EDGE('',*,*,#917,.T.);
#348=ORIENTED_EDGE('',*,*,#902,.F.);
#349=ORIENTED_EDGE('',*,*,#918,.F.);
#350=ORIENTED_EDGE('',*,*,#919,.T.);
#351=ORIENTED_EDGE('',*,*,#920,.T.);
#352=ORIENTED_EDGE('',*,*,#904,.F.);
#353=ORIENTED_EDGE('',*,*,#843,.F.);
#354=ORIENTED_EDGE('',*,*,#921,.F.);
#355=ORIENTED_EDGE('',*,*,#922,.T.);
#356=ORIENTED_EDGE('',*,*,#923,.T.);
#357=ORIENTED_EDGE('',*,*,#924,.T.);
#358=ORIENTED_EDGE('',*,*,#925,.F.);
#359=ORIENTED_EDGE('',*,*,#926,.T.);
#360=ORIENTED_EDGE('',*,*,#927,.T.);
#361=ORIENTED_EDGE('',*,*,#928,.T.);
#362=ORIENTED_EDGE('',*,*,#929,.T.);
#363=ORIENTED_EDGE('',*,*,#908,.F.);
#364=ORIENTED_EDGE('',*,*,#930,.T.);
#365=ORIENTED_EDGE('',*,*,#931,.T.);
#366=ORIENTED_EDGE('',*,*,#932,.F.);
#367=ORIENTED_EDGE('',*,*,#933,.F.);
#368=ORIENTED_EDGE('',*,*,#914,.T.);
#369=ORIENTED_EDGE('',*,*,#934,.T.);
#370=ORIENTED_EDGE('',*,*,#935,.F.);
#371=ORIENTED_EDGE('',*,*,#936,.T.);
#372=ORIENTED_EDGE('',*,*,#937,.T.);
#373=ORIENTED_EDGE('',*,*,#938,.F.);
#374=ORIENTED_EDGE('',*,*,#939,.T.);
#375=ORIENTED_EDGE('',*,*,#919,.F.);
#376=ORIENTED_EDGE('',*,*,#940,.F.);
#377=ORIENTED_EDGE('',*,*,#941,.T.);
#378=ORIENTED_EDGE('',*,*,#909,.T.);
#379=ORIENTED_EDGE('',*,*,#929,.F.);
#380=ORIENTED_EDGE('',*,*,#942,.F.);
#381=ORIENTED_EDGE('',*,*,#834,.T.);
#382=ORIENTED_EDGE('',*,*,#943,.T.);
#383=ORIENTED_EDGE('',*,*,#944,.F.);
#384=ORIENTED_EDGE('',*,*,#945,.T.);
#385=ORIENTED_EDGE('',*,*,#946,.T.);
#386=ORIENTED_EDGE('',*,*,#947,.T.);
#387=ORIENTED_EDGE('',*,*,#948,.F.);
#388=ORIENTED_EDGE('',*,*,#940,.T.);
#389=ORIENTED_EDGE('',*,*,#928,.F.);
#390=ORIENTED_EDGE('',*,*,#949,.F.);
#391=ORIENTED_EDGE('',*,*,#936,.F.);
#392=ORIENTED_EDGE('',*,*,#950,.F.);
#393=ORIENTED_EDGE('',*,*,#951,.T.);
#394=ORIENTED_EDGE('',*,*,#952,.F.);
#395=ORIENTED_EDGE('',*,*,#953,.T.);
#396=ORIENTED_EDGE('',*,*,#954,.T.);
#397=ORIENTED_EDGE('',*,*,#955,.T.);
#398=ORIENTED_EDGE('',*,*,#956,.F.);
#399=ORIENTED_EDGE('',*,*,#957,.T.);
#400=ORIENTED_EDGE('',*,*,#958,.F.);
#401=ORIENTED_EDGE('',*,*,#944,.T.);
#402=ORIENTED_EDGE('',*,*,#959,.T.);
#403=ORIENTED_EDGE('',*,*,#960,.F.);
#404=ORIENTED_EDGE('',*,*,#961,.F.);
#405=ORIENTED_EDGE('',*,*,#962,.F.);
#406=ORIENTED_EDGE('',*,*,#963,.T.);
#407=ORIENTED_EDGE('',*,*,#964,.F.);
#408=ORIENTED_EDGE('',*,*,#965,.F.);
#409=ORIENTED_EDGE('',*,*,#966,.T.);
#410=ORIENTED_EDGE('',*,*,#967,.T.);
#411=ORIENTED_EDGE('',*,*,#968,.T.);
#412=ORIENTED_EDGE('',*,*,#969,.T.);
#413=ORIENTED_EDGE('',*,*,#970,.T.);
#414=ORIENTED_EDGE('',*,*,#939,.F.);
#415=ORIENTED_EDGE('',*,*,#971,.F.);
#416=ORIENTED_EDGE('',*,*,#972,.T.);
#417=ORIENTED_EDGE('',*,*,#973,.F.);
#418=ORIENTED_EDGE('',*,*,#943,.F.);
#419=ORIENTED_EDGE('',*,*,#833,.F.);
#420=ORIENTED_EDGE('',*,*,#974,.T.);
#421=ORIENTED_EDGE('',*,*,#959,.F.);
#422=ORIENTED_EDGE('',*,*,#975,.T.);
#423=ORIENTED_EDGE('',*,*,#969,.F.);
#424=ORIENTED_EDGE('',*,*,#976,.F.);
#425=ORIENTED_EDGE('',*,*,#965,.T.);
#426=ORIENTED_EDGE('',*,*,#977,.T.);
#427=ORIENTED_EDGE('',*,*,#978,.F.);
#428=ORIENTED_EDGE('',*,*,#979,.F.);
#429=ORIENTED_EDGE('',*,*,#980,.T.);
#430=ORIENTED_EDGE('',*,*,#981,.F.);
#431=ORIENTED_EDGE('',*,*,#954,.F.);
#432=ORIENTED_EDGE('',*,*,#982,.F.);
#433=ORIENTED_EDGE('',*,*,#983,.T.);
#434=ORIENTED_EDGE('',*,*,#984,.T.);
#435=ORIENTED_EDGE('',*,*,#985,.F.);
#436=ORIENTED_EDGE('',*,*,#925,.T.);
#437=ORIENTED_EDGE('',*,*,#986,.F.);
#438=ORIENTED_EDGE('',*,*,#987,.F.);
#439=ORIENTED_EDGE('',*,*,#822,.T.);
#440=ORIENTED_EDGE('',*,*,#808,.T.);
#441=ORIENTED_EDGE('',*,*,#788,.F.);
#442=ORIENTED_EDGE('',*,*,#832,.F.);
#443=ORIENTED_EDGE('',*,*,#988,.T.);
#444=ORIENTED_EDGE('',*,*,#960,.T.);
#445=ORIENTED_EDGE('',*,*,#974,.F.);
#446=ORIENTED_EDGE('',*,*,#813,.T.);
#447=ORIENTED_EDGE('',*,*,#989,.T.);
#448=ORIENTED_EDGE('',*,*,#975,.F.);
#449=ORIENTED_EDGE('',*,*,#990,.F.);
#450=ORIENTED_EDGE('',*,*,#875,.F.);
#451=ORIENTED_EDGE('',*,*,#991,.F.);
#452=ORIENTED_EDGE('',*,*,#876,.F.);
#453=ORIENTED_EDGE('',*,*,#992,.F.);
#454=ORIENTED_EDGE('',*,*,#952,.T.);
#455=ORIENTED_EDGE('',*,*,#993,.T.);
#456=ORIENTED_EDGE('',*,*,#994,.F.);
#457=ORIENTED_EDGE('',*,*,#937,.F.);
#458=ORIENTED_EDGE('',*,*,#949,.T.);
#459=ORIENTED_EDGE('',*,*,#927,.F.);
#460=ORIENTED_EDGE('',*,*,#995,.T.);
#461=ORIENTED_EDGE('',*,*,#996,.F.);
#462=ORIENTED_EDGE('',*,*,#997,.F.);
#463=ORIENTED_EDGE('',*,*,#998,.T.);
#464=ORIENTED_EDGE('',*,*,#991,.T.);
#465=ORIENTED_EDGE('',*,*,#992,.T.);
#466=ORIENTED_EDGE('',*,*,#999,.T.);
#467=ORIENTED_EDGE('',*,*,#1000,.F.);
#468=ORIENTED_EDGE('',*,*,#1001,.T.);
#469=ORIENTED_EDGE('',*,*,#840,.T.);
#470=ORIENTED_EDGE('',*,*,#1002,.T.);
#471=ORIENTED_EDGE('',*,*,#923,.F.);
#472=ORIENTED_EDGE('',*,*,#1003,.F.);
#473=ORIENTED_EDGE('',*,*,#1004,.T.);
#474=ORIENTED_EDGE('',*,*,#1003,.T.);
#475=ORIENTED_EDGE('',*,*,#922,.F.);
#476=ORIENTED_EDGE('',*,*,#1005,.F.);
#477=ORIENTED_EDGE('',*,*,#1006,.T.);
#478=ORIENTED_EDGE('',*,*,#1005,.T.);
#479=ORIENTED_EDGE('',*,*,#921,.T.);
#480=ORIENTED_EDGE('',*,*,#842,.F.);
#481=ORIENTED_EDGE('',*,*,#1007,.F.);
#482=ORIENTED_EDGE('',*,*,#997,.T.);
#483=ORIENTED_EDGE('',*,*,#1008,.T.);
#484=ORIENTED_EDGE('',*,*,#983,.F.);
#485=ORIENTED_EDGE('',*,*,#1009,.F.);
#486=ORIENTED_EDGE('',*,*,#998,.F.);
#487=ORIENTED_EDGE('',*,*,#1009,.T.);
#488=ORIENTED_EDGE('',*,*,#982,.T.);
#489=ORIENTED_EDGE('',*,*,#953,.F.);
#490=ORIENTED_EDGE('',*,*,#1004,.F.);
#491=ORIENTED_EDGE('',*,*,#1006,.F.);
#492=ORIENTED_EDGE('',*,*,#1007,.T.);
#493=ORIENTED_EDGE('',*,*,#841,.F.);
#494=ORIENTED_EDGE('',*,*,#1000,.T.);
#495=ORIENTED_EDGE('',*,*,#995,.F.);
#496=ORIENTED_EDGE('',*,*,#926,.F.);
#497=ORIENTED_EDGE('',*,*,#985,.T.);
#498=ORIENTED_EDGE('',*,*,#1010,.T.);
#499=ORIENTED_EDGE('',*,*,#1008,.F.);
#500=ORIENTED_EDGE('',*,*,#996,.T.);
#501=ORIENTED_EDGE('',*,*,#1010,.F.);
#502=ORIENTED_EDGE('',*,*,#984,.F.);
#503=ORIENTED_EDGE('',*,*,#1011,.T.);
#504=ORIENTED_EDGE('',*,*,#1011,.F.);
#505=ORIENTED_EDGE('',*,*,#931,.F.);
#506=ORIENTED_EDGE('',*,*,#994,.T.);
#507=ORIENTED_EDGE('',*,*,#1012,.F.);
#508=ORIENTED_EDGE('',*,*,#980,.F.);
#509=ORIENTED_EDGE('',*,*,#1013,.T.);
#510=ORIENTED_EDGE('',*,*,#978,.T.);
#511=ORIENTED_EDGE('',*,*,#1014,.T.);
#512=ORIENTED_EDGE('',*,*,#815,.T.);
#513=ORIENTED_EDGE('',*,*,#1015,.T.);
#514=ORIENTED_EDGE('',*,*,#819,.T.);
#515=ORIENTED_EDGE('',*,*,#1016,.T.);
#516=ORIENTED_EDGE('',*,*,#901,.T.);
#517=ORIENTED_EDGE('',*,*,#1017,.T.);
#518=ORIENTED_EDGE('',*,*,#938,.T.);
#519=ORIENTED_EDGE('',*,*,#1001,.F.);
#520=ORIENTED_EDGE('',*,*,#981,.T.);
#521=ORIENTED_EDGE('',*,*,#1012,.T.);
#522=ORIENTED_EDGE('',*,*,#993,.F.);
#523=ORIENTED_EDGE('',*,*,#951,.F.);
#524=ORIENTED_EDGE('',*,*,#1018,.T.);
#525=ORIENTED_EDGE('',*,*,#955,.F.);
#526=ORIENTED_EDGE('',*,*,#950,.T.);
#527=ORIENTED_EDGE('',*,*,#935,.T.);
#528=ORIENTED_EDGE('',*,*,#1019,.T.);
#529=ORIENTED_EDGE('',*,*,#956,.T.);
#530=ORIENTED_EDGE('',*,*,#1018,.F.);
#531=ORIENTED_EDGE('',*,*,#877,.F.);
#532=ORIENTED_EDGE('',*,*,#999,.F.);
#533=ORIENTED_EDGE('',*,*,#1020,.F.);
#534=ORIENTED_EDGE('',*,*,#806,.T.);
#535=ORIENTED_EDGE('',*,*,#1021,.T.);
#536=ORIENTED_EDGE('',*,*,#972,.F.);
#537=ORIENTED_EDGE('',*,*,#1022,.T.);
#538=ORIENTED_EDGE('',*,*,#827,.T.);
#539=ORIENTED_EDGE('',*,*,#1023,.F.);
#540=ORIENTED_EDGE('',*,*,#1014,.F.);
#541=ORIENTED_EDGE('',*,*,#1024,.F.);
#542=ORIENTED_EDGE('',*,*,#828,.F.);
#543=ORIENTED_EDGE('',*,*,#1022,.F.);
#544=ORIENTED_EDGE('',*,*,#977,.F.);
#545=ORIENTED_EDGE('',*,*,#964,.T.);
#546=ORIENTED_EDGE('',*,*,#826,.T.);
#547=ORIENTED_EDGE('',*,*,#1025,.T.);
#548=ORIENTED_EDGE('',*,*,#784,.F.);
#549=ORIENTED_EDGE('',*,*,#816,.T.);
#550=ORIENTED_EDGE('',*,*,#1023,.T.);
#551=ORIENTED_EDGE('',*,*,#1026,.F.);
#552=ORIENTED_EDGE('',*,*,#830,.F.);
#553=ORIENTED_EDGE('',*,*,#1027,.T.);
#554=ORIENTED_EDGE('',*,*,#962,.T.);
#555=ORIENTED_EDGE('',*,*,#1027,.F.);
#556=ORIENTED_EDGE('',*,*,#829,.F.);
#557=ORIENTED_EDGE('',*,*,#1024,.T.);
#558=ORIENTED_EDGE('',*,*,#963,.F.);
#559=ORIENTED_EDGE('',*,*,#990,.T.);
#560=ORIENTED_EDGE('',*,*,#1026,.T.);
#561=ORIENTED_EDGE('',*,*,#961,.T.);
#562=ORIENTED_EDGE('',*,*,#988,.F.);
#563=ORIENTED_EDGE('',*,*,#831,.T.);
#564=ORIENTED_EDGE('',*,*,#1021,.F.);
#565=ORIENTED_EDGE('',*,*,#1028,.T.);
#566=ORIENTED_EDGE('',*,*,#786,.F.);
#567=ORIENTED_EDGE('',*,*,#1029,.F.);
#568=ORIENTED_EDGE('',*,*,#824,.T.);
#569=ORIENTED_EDGE('',*,*,#989,.F.);
#570=ORIENTED_EDGE('',*,*,#825,.F.);
#571=ORIENTED_EDGE('',*,*,#1029,.T.);
#572=ORIENTED_EDGE('',*,*,#785,.F.);
#573=ORIENTED_EDGE('',*,*,#1025,.F.);
#574=ORIENTED_EDGE('',*,*,#1020,.T.);
#575=ORIENTED_EDGE('',*,*,#823,.T.);
#576=ORIENTED_EDGE('',*,*,#987,.T.);
#577=ORIENTED_EDGE('',*,*,#787,.T.);
#578=ORIENTED_EDGE('',*,*,#1028,.F.);
#579=ORIENTED_EDGE('',*,*,#1030,.F.);
#580=ORIENTED_EDGE('',*,*,#945,.F.);
#581=ORIENTED_EDGE('',*,*,#1031,.F.);
#582=ORIENTED_EDGE('',*,*,#934,.F.);
#583=ORIENTED_EDGE('',*,*,#913,.T.);
#584=ORIENTED_EDGE('',*,*,#1031,.T.);
#585=ORIENTED_EDGE('',*,*,#957,.F.);
#586=ORIENTED_EDGE('',*,*,#1019,.F.);
#587=ORIENTED_EDGE('',*,*,#1032,.F.);
#588=ORIENTED_EDGE('',*,*,#986,.T.);
#589=ORIENTED_EDGE('',*,*,#924,.F.);
#590=ORIENTED_EDGE('',*,*,#1002,.F.);
#591=ORIENTED_EDGE('',*,*,#979,.T.);
#592=ORIENTED_EDGE('',*,*,#1032,.T.);
#593=ORIENTED_EDGE('',*,*,#839,.T.);
#594=ORIENTED_EDGE('',*,*,#1033,.F.);
#595=ORIENTED_EDGE('',*,*,#1013,.F.);
#596=ORIENTED_EDGE('',*,*,#838,.T.);
#597=ORIENTED_EDGE('',*,*,#1034,.T.);
#598=ORIENTED_EDGE('',*,*,#966,.F.);
#599=ORIENTED_EDGE('',*,*,#976,.T.);
#600=ORIENTED_EDGE('',*,*,#1033,.T.);
#601=ORIENTED_EDGE('',*,*,#1035,.F.);
#602=ORIENTED_EDGE('',*,*,#973,.T.);
#603=ORIENTED_EDGE('',*,*,#1036,.T.);
#604=ORIENTED_EDGE('',*,*,#930,.F.);
#605=ORIENTED_EDGE('',*,*,#1037,.T.);
#606=ORIENTED_EDGE('',*,*,#911,.T.);
#607=ORIENTED_EDGE('',*,*,#1038,.F.);
#608=ORIENTED_EDGE('',*,*,#947,.F.);
#609=ORIENTED_EDGE('',*,*,#1030,.T.);
#610=ORIENTED_EDGE('',*,*,#912,.F.);
#611=ORIENTED_EDGE('',*,*,#1037,.F.);
#612=ORIENTED_EDGE('',*,*,#946,.F.);
#613=ORIENTED_EDGE('',*,*,#971,.T.);
#614=ORIENTED_EDGE('',*,*,#948,.T.);
#615=ORIENTED_EDGE('',*,*,#1038,.T.);
#616=ORIENTED_EDGE('',*,*,#910,.T.);
#617=ORIENTED_EDGE('',*,*,#941,.F.);
#618=ORIENTED_EDGE('',*,*,#1036,.F.);
#619=ORIENTED_EDGE('',*,*,#1039,.T.);
#620=ORIENTED_EDGE('',*,*,#968,.F.);
#621=ORIENTED_EDGE('',*,*,#1040,.F.);
#622=ORIENTED_EDGE('',*,*,#836,.T.);
#623=ORIENTED_EDGE('',*,*,#970,.F.);
#624=ORIENTED_EDGE('',*,*,#837,.F.);
#625=ORIENTED_EDGE('',*,*,#1040,.T.);
#626=ORIENTED_EDGE('',*,*,#967,.F.);
#627=ORIENTED_EDGE('',*,*,#1034,.F.);
#628=ORIENTED_EDGE('',*,*,#1035,.T.);
#629=ORIENTED_EDGE('',*,*,#835,.T.);
#630=ORIENTED_EDGE('',*,*,#942,.T.);
#631=ORIENTED_EDGE('',*,*,#958,.T.);
#632=ORIENTED_EDGE('',*,*,#1039,.F.);
#633=ORIENTED_EDGE('',*,*,#1041,.T.);
#634=ORIENTED_EDGE('',*,*,#849,.T.);
#635=ORIENTED_EDGE('',*,*,#1042,.F.);
#636=ORIENTED_EDGE('',*,*,#1017,.F.);
#637=ORIENTED_EDGE('',*,*,#1043,.F.);
#638=ORIENTED_EDGE('',*,*,#850,.F.);
#639=ORIENTED_EDGE('',*,*,#1041,.F.);
#640=ORIENTED_EDGE('',*,*,#900,.F.);
#641=ORIENTED_EDGE('',*,*,#888,.T.);
#642=ORIENTED_EDGE('',*,*,#848,.T.);
#643=ORIENTED_EDGE('',*,*,#1044,.T.);
#644=ORIENTED_EDGE('',*,*,#915,.F.);
#645=ORIENTED_EDGE('',*,*,#933,.T.);
#646=ORIENTED_EDGE('',*,*,#1042,.T.);
#647=ORIENTED_EDGE('',*,*,#1045,.T.);
#648=ORIENTED_EDGE('',*,*,#897,.F.);
#649=ORIENTED_EDGE('',*,*,#1046,.F.);
#650=ORIENTED_EDGE('',*,*,#932,.T.);
#651=ORIENTED_EDGE('',*,*,#1047,.T.);
#652=ORIENTED_EDGE('',*,*,#917,.F.);
#653=ORIENTED_EDGE('',*,*,#1048,.F.);
#654=ORIENTED_EDGE('',*,*,#846,.T.);
#655=ORIENTED_EDGE('',*,*,#920,.F.);
#656=ORIENTED_EDGE('',*,*,#847,.F.);
#657=ORIENTED_EDGE('',*,*,#1048,.T.);
#658=ORIENTED_EDGE('',*,*,#916,.F.);
#659=ORIENTED_EDGE('',*,*,#1044,.F.);
#660=ORIENTED_EDGE('',*,*,#1046,.T.);
#661=ORIENTED_EDGE('',*,*,#845,.T.);
#662=ORIENTED_EDGE('',*,*,#903,.T.);
#663=ORIENTED_EDGE('',*,*,#907,.T.);
#664=ORIENTED_EDGE('',*,*,#1047,.F.);
#665=ORIENTED_EDGE('',*,*,#1049,.F.);
#666=ORIENTED_EDGE('',*,*,#852,.F.);
#667=ORIENTED_EDGE('',*,*,#1050,.T.);
#668=ORIENTED_EDGE('',*,*,#886,.T.);
#669=ORIENTED_EDGE('',*,*,#1050,.F.);
#670=ORIENTED_EDGE('',*,*,#851,.F.);
#671=ORIENTED_EDGE('',*,*,#1043,.T.);
#672=ORIENTED_EDGE('',*,*,#887,.F.);
#673=ORIENTED_EDGE('',*,*,#918,.T.);
#674=ORIENTED_EDGE('',*,*,#1049,.T.);
#675=ORIENTED_EDGE('',*,*,#885,.T.);
#676=ORIENTED_EDGE('',*,*,#906,.F.);
#677=ORIENTED_EDGE('',*,*,#853,.T.);
#678=ORIENTED_EDGE('',*,*,#1045,.F.);
#679=ORIENTED_EDGE('',*,*,#1051,.T.);
#680=ORIENTED_EDGE('',*,*,#861,.T.);
#681=ORIENTED_EDGE('',*,*,#1052,.F.);
#682=ORIENTED_EDGE('',*,*,#1016,.F.);
#683=ORIENTED_EDGE('',*,*,#1053,.F.);
#684=ORIENTED_EDGE('',*,*,#862,.F.);
#685=ORIENTED_EDGE('',*,*,#1051,.F.);
#686=ORIENTED_EDGE('',*,*,#818,.F.);
#687=ORIENTED_EDGE('',*,*,#796,.T.);
#688=ORIENTED_EDGE('',*,*,#860,.T.);
#689=ORIENTED_EDGE('',*,*,#1054,.T.);
#690=ORIENTED_EDGE('',*,*,#890,.F.);
#691=ORIENTED_EDGE('',*,*,#899,.T.);
#692=ORIENTED_EDGE('',*,*,#1052,.T.);
#693=ORIENTED_EDGE('',*,*,#1055,.T.);
#694=ORIENTED_EDGE('',*,*,#811,.F.);
#695=ORIENTED_EDGE('',*,*,#1056,.F.);
#696=ORIENTED_EDGE('',*,*,#898,.T.);
#697=ORIENTED_EDGE('',*,*,#1057,.T.);
#698=ORIENTED_EDGE('',*,*,#892,.F.);
#699=ORIENTED_EDGE('',*,*,#1058,.F.);
#700=ORIENTED_EDGE('',*,*,#858,.T.);
#701=ORIENTED_EDGE('',*,*,#895,.F.);
#702=ORIENTED_EDGE('',*,*,#859,.F.);
#703=ORIENTED_EDGE('',*,*,#1058,.T.);
#704=ORIENTED_EDGE('',*,*,#891,.F.);
#705=ORIENTED_EDGE('',*,*,#1054,.F.);
#706=ORIENTED_EDGE('',*,*,#1056,.T.);
#707=ORIENTED_EDGE('',*,*,#857,.T.);
#708=ORIENTED_EDGE('',*,*,#878,.T.);
#709=ORIENTED_EDGE('',*,*,#882,.T.);
#710=ORIENTED_EDGE('',*,*,#1057,.F.);
#711=ORIENTED_EDGE('',*,*,#1059,.F.);
#712=ORIENTED_EDGE('',*,*,#864,.F.);
#713=ORIENTED_EDGE('',*,*,#1060,.T.);
#714=ORIENTED_EDGE('',*,*,#794,.T.);
#715=ORIENTED_EDGE('',*,*,#1060,.F.);
#716=ORIENTED_EDGE('',*,*,#863,.F.);
#717=ORIENTED_EDGE('',*,*,#1053,.T.);
#718=ORIENTED_EDGE('',*,*,#795,.F.);
#719=ORIENTED_EDGE('',*,*,#893,.T.);
#720=ORIENTED_EDGE('',*,*,#1059,.T.);
#721=ORIENTED_EDGE('',*,*,#793,.T.);
#722=ORIENTED_EDGE('',*,*,#881,.F.);
#723=ORIENTED_EDGE('',*,*,#865,.T.);
#724=ORIENTED_EDGE('',*,*,#1055,.F.);
#725=ORIENTED_EDGE('',*,*,#1061,.T.);
#726=ORIENTED_EDGE('',*,*,#871,.T.);
#727=ORIENTED_EDGE('',*,*,#1062,.F.);
#728=ORIENTED_EDGE('',*,*,#1015,.F.);
#729=ORIENTED_EDGE('',*,*,#1063,.F.);
#730=ORIENTED_EDGE('',*,*,#872,.F.);
#731=ORIENTED_EDGE('',*,*,#1061,.F.);
#732=ORIENTED_EDGE('',*,*,#814,.F.);
#733=ORIENTED_EDGE('',*,*,#782,.T.);
#734=ORIENTED_EDGE('',*,*,#870,.T.);
#735=ORIENTED_EDGE('',*,*,#1064,.T.);
#736=ORIENTED_EDGE('',*,*,#798,.F.);
#737=ORIENTED_EDGE('',*,*,#817,.T.);
#738=ORIENTED_EDGE('',*,*,#1062,.T.);
#739=ORIENTED_EDGE('',*,*,#1065,.T.);
#740=ORIENTED_EDGE('',*,*,#805,.F.);
#741=ORIENTED_EDGE('',*,*,#1066,.F.);
#742=ORIENTED_EDGE('',*,*,#812,.T.);
#743=ORIENTED_EDGE('',*,*,#1067,.T.);
#744=ORIENTED_EDGE('',*,*,#800,.F.);
#745=ORIENTED_EDGE('',*,*,#1068,.F.);
#746=ORIENTED_EDGE('',*,*,#868,.T.);
#747=ORIENTED_EDGE('',*,*,#804,.F.);
#748=ORIENTED_EDGE('',*,*,#869,.F.);
#749=ORIENTED_EDGE('',*,*,#1068,.T.);
#750=ORIENTED_EDGE('',*,*,#799,.F.);
#751=ORIENTED_EDGE('',*,*,#1064,.F.);
#752=ORIENTED_EDGE('',*,*,#1066,.T.);
#753=ORIENTED_EDGE('',*,*,#867,.T.);
#754=ORIENTED_EDGE('',*,*,#771,.T.);
#755=ORIENTED_EDGE('',*,*,#790,.T.);
#756=ORIENTED_EDGE('',*,*,#1067,.F.);
#757=ORIENTED_EDGE('',*,*,#1069,.F.);
#758=ORIENTED_EDGE('',*,*,#874,.F.);
#759=ORIENTED_EDGE('',*,*,#1070,.T.);
#760=ORIENTED_EDGE('',*,*,#780,.T.);
#761=ORIENTED_EDGE('',*,*,#1070,.F.);
#762=ORIENTED_EDGE('',*,*,#873,.F.);
#763=ORIENTED_EDGE('',*,*,#1063,.T.);
#764=ORIENTED_EDGE('',*,*,#781,.F.);
#765=ORIENTED_EDGE('',*,*,#802,.T.);
#766=ORIENTED_EDGE('',*,*,#1069,.T.);
#767=ORIENTED_EDGE('',*,*,#779,.T.);
#768=ORIENTED_EDGE('',*,*,#776,.F.);
#769=ORIENTED_EDGE('',*,*,#821,.T.);
#770=ORIENTED_EDGE('',*,*,#1065,.F.);
#771=EDGE_CURVE('',#1071,#1072,#1284,.T.);
#772=EDGE_CURVE('',#1071,#1073,#1285,.T.);
#773=EDGE_CURVE('',#1073,#1074,#1286,.T.);
#774=EDGE_CURVE('',#1072,#1074,#1287,.T.);
#775=EDGE_CURVE('',#1075,#1076,#1288,.T.);
#776=EDGE_CURVE('',#1075,#1077,#1289,.T.);
#777=EDGE_CURVE('',#1077,#1078,#1290,.T.);
#778=EDGE_CURVE('',#1076,#1078,#1291,.T.);
#779=EDGE_CURVE('',#1079,#1077,#18,.T.);
#780=EDGE_CURVE('',#1080,#1079,#1292,.T.);
#781=EDGE_CURVE('',#1080,#1081,#19,.T.);
#782=EDGE_CURVE('',#1082,#1081,#1293,.T.);
#783=EDGE_CURVE('',#1083,#1082,#20,.T.);
#784=EDGE_CURVE('',#1083,#1084,#1294,.T.);
#785=EDGE_CURVE('',#1084,#1085,#21,.T.);
#786=EDGE_CURVE('',#1085,#1086,#1295,.T.);
#787=EDGE_CURVE('',#1087,#1086,#22,.T.);
#788=EDGE_CURVE('',#1087,#1088,#1296,.T.);
#789=EDGE_CURVE('',#1088,#1078,#23,.T.);
#790=EDGE_CURVE('',#1072,#1089,#24,.T.);
#791=EDGE_CURVE('',#1074,#1090,#25,.T.);
#792=EDGE_CURVE('',#1091,#1090,#1297,.T.);
#793=EDGE_CURVE('',#1092,#1091,#26,.T.);
#794=EDGE_CURVE('',#1093,#1092,#1298,.T.);
#795=EDGE_CURVE('',#1093,#1094,#27,.T.);
#796=EDGE_CURVE('',#1095,#1094,#1299,.T.);
#797=EDGE_CURVE('',#1096,#1095,#28,.T.);
#798=EDGE_CURVE('',#1096,#1097,#1300,.T.);
#799=EDGE_CURVE('',#1097,#1098,#29,.T.);
#800=EDGE_CURVE('',#1098,#1089,#1301,.T.);
#801=EDGE_CURVE('',#1099,#1099,#30,.T.);
#802=EDGE_CURVE('',#1100,#1100,#31,.T.);
#803=EDGE_CURVE('',#1101,#1101,#32,.F.);
#804=EDGE_CURVE('',#1102,#1102,#33,.T.);
#805=EDGE_CURVE('',#1103,#1103,#34,.T.);
#806=EDGE_CURVE('',#1104,#1104,#35,.T.);
#807=EDGE_CURVE('',#1076,#1105,#36,.F.);
#808=EDGE_CURVE('',#1105,#1088,#1302,.T.);
#809=EDGE_CURVE('',#1106,#1073,#37,.F.);
#810=EDGE_CURVE('',#1106,#1090,#1303,.T.);
#811=EDGE_CURVE('',#1107,#1107,#38,.T.);
#812=EDGE_CURVE('',#1108,#1108,#39,.T.);
#813=EDGE_CURVE('',#1109,#1109,#40,.F.);
#814=EDGE_CURVE('',#1082,#1110,#1304,.T.);
#815=EDGE_CURVE('',#1111,#1110,#41,.T.);
#816=EDGE_CURVE('',#1083,#1111,#1305,.T.);
#817=EDGE_CURVE('',#1096,#1112,#1306,.T.);
#818=EDGE_CURVE('',#1095,#1113,#1307,.T.);
#819=EDGE_CURVE('',#1112,#1113,#42,.T.);
#820=EDGE_CURVE('',#1114,#1114,#43,.T.);
#821=EDGE_CURVE('',#1075,#1115,#44,.F.);
#822=EDGE_CURVE('',#1116,#1105,#1308,.T.);
#823=EDGE_CURVE('',#1117,#1116,#45,.F.);
#824=EDGE_CURVE('',#1118,#1117,#1309,.T.);
#825=EDGE_CURVE('',#1118,#1119,#46,.F.);
#826=EDGE_CURVE('',#1120,#1119,#1310,.T.);
#827=EDGE_CURVE('',#1121,#1120,#47,.F.);
#828=EDGE_CURVE('',#1121,#1122,#1311,.T.);
#829=EDGE_CURVE('',#1122,#1123,#48,.F.);
#830=EDGE_CURVE('',#1123,#1124,#1312,.T.);
#831=EDGE_CURVE('',#1125,#1124,#49,.F.);
#832=EDGE_CURVE('',#1125,#1126,#1313,.T.);
#833=EDGE_CURVE('',#1126,#1127,#50,.F.);
#834=EDGE_CURVE('',#1128,#1127,#1314,.T.);
#835=EDGE_CURVE('',#1129,#1128,#51,.F.);
#836=EDGE_CURVE('',#1130,#1129,#1315,.T.);
#837=EDGE_CURVE('',#1130,#1131,#52,.F.);
#838=EDGE_CURVE('',#1132,#1131,#1316,.T.);
#839=EDGE_CURVE('',#1133,#1132,#53,.F.);
#840=EDGE_CURVE('',#1134,#1133,#1317,.T.);
#841=EDGE_CURVE('',#1134,#1135,#54,.T.);
#842=EDGE_CURVE('',#1135,#1136,#1318,.T.);
#843=EDGE_CURVE('',#1136,#1137,#55,.F.);
#844=EDGE_CURVE('',#1138,#1137,#1319,.T.);
#845=EDGE_CURVE('',#1139,#1138,#56,.F.);
#846=EDGE_CURVE('',#1140,#1139,#1320,.T.);
#847=EDGE_CURVE('',#1140,#1141,#57,.F.);
#848=EDGE_CURVE('',#1142,#1141,#1321,.T.);
#849=EDGE_CURVE('',#1143,#1142,#58,.F.);
#850=EDGE_CURVE('',#1143,#1144,#1322,.T.);
#851=EDGE_CURVE('',#1144,#1145,#59,.F.);
#852=EDGE_CURVE('',#1145,#1146,#1323,.T.);
#853=EDGE_CURVE('',#1147,#1146,#60,.F.);
#854=EDGE_CURVE('',#1147,#1148,#1324,.T.);
#855=EDGE_CURVE('',#1148,#1149,#61,.F.);
#856=EDGE_CURVE('',#1150,#1149,#1325,.T.);
#857=EDGE_CURVE('',#1151,#1150,#62,.F.);
#858=EDGE_CURVE('',#1152,#1151,#1326,.T.);
#859=EDGE_CURVE('',#1152,#1153,#63,.F.);
#860=EDGE_CURVE('',#1154,#1153,#1327,.T.);
#861=EDGE_CURVE('',#1155,#1154,#64,.F.);
#862=EDGE_CURVE('',#1155,#1156,#1328,.T.);
#863=EDGE_CURVE('',#1156,#1157,#65,.F.);
#864=EDGE_CURVE('',#1157,#1158,#1329,.T.);
#865=EDGE_CURVE('',#1159,#1158,#66,.F.);
#866=EDGE_CURVE('',#1159,#1106,#1330,.T.);
#867=EDGE_CURVE('',#1160,#1071,#67,.F.);
#868=EDGE_CURVE('',#1161,#1160,#1331,.T.);
#869=EDGE_CURVE('',#1161,#1162,#68,.F.);
#870=EDGE_CURVE('',#1163,#1162,#1332,.T.);
#871=EDGE_CURVE('',#1164,#1163,#69,.F.);
#872=EDGE_CURVE('',#1164,#1165,#1333,.T.);
#873=EDGE_CURVE('',#1165,#1166,#70,.F.);
#874=EDGE_CURVE('',#1166,#1115,#1334,.T.);
#875=EDGE_CURVE('',#1167,#1167,#12,.T.);
#876=EDGE_CURVE('',#1168,#1168,#13,.T.);
#877=EDGE_CURVE('',#1169,#1169,#14,.T.);
#878=EDGE_CURVE('',#1150,#1170,#1335,.T.);
#879=EDGE_CURVE('',#1149,#1171,#1336,.T.);
#880=EDGE_CURVE('',#1170,#1171,#1337,.T.);
#881=EDGE_CURVE('',#1159,#1091,#1338,.T.);
#882=EDGE_CURVE('',#1170,#1172,#71,.T.);
#883=EDGE_CURVE('',#1171,#1173,#72,.T.);
#884=EDGE_CURVE('',#1174,#1173,#1339,.T.);
#885=EDGE_CURVE('',#1175,#1174,#73,.T.);
#886=EDGE_CURVE('',#1176,#1175,#1340,.T.);
#887=EDGE_CURVE('',#1176,#1177,#74,.T.);
#888=EDGE_CURVE('',#1178,#1177,#1341,.T.);
#889=EDGE_CURVE('',#1179,#1178,#75,.T.);
#890=EDGE_CURVE('',#1179,#1180,#1342,.T.);
#891=EDGE_CURVE('',#1180,#1181,#76,.T.);
#892=EDGE_CURVE('',#1181,#1172,#1343,.T.);
#893=EDGE_CURVE('',#1182,#1182,#77,.T.);
#894=EDGE_CURVE('',#1183,#1183,#78,.F.);
#895=EDGE_CURVE('',#1184,#1184,#79,.T.);
#896=EDGE_CURVE('',#1148,#1173,#1344,.T.);
#897=EDGE_CURVE('',#1185,#1185,#80,.T.);
#898=EDGE_CURVE('',#1186,#1186,#81,.T.);
#899=EDGE_CURVE('',#1179,#1187,#1345,.T.);
#900=EDGE_CURVE('',#1178,#1188,#1346,.T.);
#901=EDGE_CURVE('',#1187,#1188,#82,.T.);
#902=EDGE_CURVE('',#1189,#1189,#83,.T.);
#903=EDGE_CURVE('',#1138,#1190,#1347,.T.);
#904=EDGE_CURVE('',#1137,#1191,#1348,.T.);
#905=EDGE_CURVE('',#1190,#1191,#1349,.T.);
#906=EDGE_CURVE('',#1147,#1174,#1350,.T.);
#907=EDGE_CURVE('',#1190,#1192,#84,.T.);
#908=EDGE_CURVE('',#1191,#1193,#85,.T.);
#909=EDGE_CURVE('',#1194,#1193,#1351,.T.);
#910=EDGE_CURVE('',#1195,#1194,#86,.T.);
#911=EDGE_CURVE('',#1196,#1195,#1352,.T.);
#912=EDGE_CURVE('',#1196,#1197,#87,.T.);
#913=EDGE_CURVE('',#1198,#1197,#1353,.T.);
#914=EDGE_CURVE('',#1199,#1198,#88,.T.);
#915=EDGE_CURVE('',#1199,#1200,#1354,.T.);
#916=EDGE_CURVE('',#1200,#1201,#89,.T.);
#917=EDGE_CURVE('',#1201,#1192,#1355,.T.);
#918=EDGE_CURVE('',#1202,#1202,#90,.T.);
#919=EDGE_CURVE('',#1203,#1203,#91,.F.);
#920=EDGE_CURVE('',#1204,#1204,#92,.T.);
#921=EDGE_CURVE('',#1205,#1136,#1356,.T.);
#922=EDGE_CURVE('',#1205,#1206,#1357,.T.);
#923=EDGE_CURVE('',#1206,#1207,#1358,.T.);
#924=EDGE_CURVE('',#1207,#1208,#93,.F.);
#925=EDGE_CURVE('',#1209,#1208,#1359,.T.);
#926=EDGE_CURVE('',#1209,#1210,#1360,.T.);
#927=EDGE_CURVE('',#1210,#1211,#1361,.T.);
#928=EDGE_CURVE('',#1211,#1212,#1362,.T.);
#929=EDGE_CURVE('',#1212,#1193,#1363,.T.);
#930=EDGE_CURVE('',#1213,#1213,#94,.T.);
#931=EDGE_CURVE('',#1214,#1214,#95,.T.);
#932=EDGE_CURVE('',#1215,#1215,#96,.T.);
#933=EDGE_CURVE('',#1199,#1216,#1364,.T.);
#934=EDGE_CURVE('',#1198,#1217,#1365,.T.);
#935=EDGE_CURVE('',#1218,#1217,#97,.T.);
#936=EDGE_CURVE('',#1218,#1219,#1366,.T.);
#937=EDGE_CURVE('',#1219,#1220,#1367,.T.);
#938=EDGE_CURVE('',#1216,#1220,#98,.T.);
#939=EDGE_CURVE('',#1221,#1221,#99,.T.);
#940=EDGE_CURVE('',#1222,#1212,#1368,.T.);
#941=EDGE_CURVE('',#1222,#1194,#1369,.T.);
#942=EDGE_CURVE('',#1128,#1223,#1370,.T.);
#943=EDGE_CURVE('',#1127,#1224,#1371,.T.);
#944=EDGE_CURVE('',#1223,#1224,#1372,.T.);
#945=EDGE_CURVE('',#1225,#1226,#1373,.T.);
#946=EDGE_CURVE('',#1226,#1227,#1374,.T.);
#947=EDGE_CURVE('',#1227,#1228,#1375,.T.);
#948=EDGE_CURVE('',#1222,#1228,#1376,.T.);
#949=EDGE_CURVE('',#1219,#1211,#1377,.T.);
#950=EDGE_CURVE('',#1229,#1218,#1378,.F.);
#951=EDGE_CURVE('',#1229,#1230,#1379,.T.);
#952=EDGE_CURVE('',#1231,#1230,#1380,.T.);
#953=EDGE_CURVE('',#1231,#1232,#1381,.T.);
#954=EDGE_CURVE('',#1232,#1233,#1382,.T.);
#955=EDGE_CURVE('',#1233,#1234,#1383,.T.);
#956=EDGE_CURVE('',#1235,#1234,#1384,.T.);
#957=EDGE_CURVE('',#1235,#1225,#1385,.T.);
#958=EDGE_CURVE('',#1223,#1236,#100,.T.);
#959=EDGE_CURVE('',#1224,#1237,#101,.T.);
#960=EDGE_CURVE('',#1238,#1237,#1386,.T.);
#961=EDGE_CURVE('',#1239,#1238,#102,.T.);
#962=EDGE_CURVE('',#1240,#1239,#1387,.T.);
#963=EDGE_CURVE('',#1240,#1241,#103,.T.);
#964=EDGE_CURVE('',#1242,#1241,#1388,.T.);
#965=EDGE_CURVE('',#1243,#1242,#104,.T.);
#966=EDGE_CURVE('',#1243,#1244,#1389,.T.);
#967=EDGE_CURVE('',#1244,#1245,#105,.T.);
#968=EDGE_CURVE('',#1245,#1236,#1390,.T.);
#969=EDGE_CURVE('',#1246,#1246,#106,.F.);
#970=EDGE_CURVE('',#1247,#1247,#107,.T.);
#971=EDGE_CURVE('',#1248,#1248,#108,.T.);
#972=EDGE_CURVE('',#1249,#1249,#109,.T.);
#973=EDGE_CURVE('',#1250,#1250,#110,.T.);
#974=EDGE_CURVE('',#1126,#1237,#1391,.T.);
#975=EDGE_CURVE('',#1251,#1251,#111,.T.);
#976=EDGE_CURVE('',#1243,#1252,#1392,.T.);
#977=EDGE_CURVE('',#1242,#1253,#1393,.T.);
#978=EDGE_CURVE('',#1252,#1253,#112,.T.);
#979=EDGE_CURVE('',#1254,#1255,#1394,.T.);
#980=EDGE_CURVE('',#1254,#1256,#1395,.T.);
#981=EDGE_CURVE('',#1233,#1256,#1396,.T.);
#982=EDGE_CURVE('',#1257,#1232,#1397,.T.);
#983=EDGE_CURVE('',#1257,#1258,#1398,.T.);
#984=EDGE_CURVE('',#1258,#1259,#1399,.T.);
#985=EDGE_CURVE('',#1209,#1259,#1400,.T.);
#986=EDGE_CURVE('',#1255,#1208,#1401,.T.);
#987=EDGE_CURVE('',#1116,#1087,#1402,.T.);
#988=EDGE_CURVE('',#1125,#1238,#1403,.T.);
#989=EDGE_CURVE('',#1260,#1260,#113,.T.);
#990=EDGE_CURVE('',#1261,#1261,#114,.T.);
#991=EDGE_CURVE('',#1262,#1262,#15,.T.);
#992=EDGE_CURVE('',#1263,#1263,#16,.T.);
#993=EDGE_CURVE('',#1230,#1264,#1404,.T.);
#994=EDGE_CURVE('',#1220,#1264,#1405,.T.);
#995=EDGE_CURVE('',#1210,#1265,#1406,.T.);
#996=EDGE_CURVE('',#1266,#1265,#1407,.T.);
#997=EDGE_CURVE('',#1267,#1266,#1408,.T.);
#998=EDGE_CURVE('',#1267,#1231,#1409,.T.);
#999=EDGE_CURVE('',#1268,#1268,#17,.T.);
#1000=EDGE_CURVE('',#1269,#1269,#115,.T.);
#1001=EDGE_CURVE('',#1270,#1270,#116,.T.);
#1002=EDGE_CURVE('',#1133,#1207,#1410,.T.);
#1003=EDGE_CURVE('',#1271,#1206,#1411,.T.);
#1004=EDGE_CURVE('',#1271,#1134,#1412,.T.);
#1005=EDGE_CURVE('',#1272,#1205,#1413,.T.);
#1006=EDGE_CURVE('',#1272,#1271,#1414,.T.);
#1007=EDGE_CURVE('',#1272,#1135,#1415,.T.);
#1008=EDGE_CURVE('',#1266,#1258,#1416,.T.);
#1009=EDGE_CURVE('',#1267,#1257,#1417,.T.);
#1010=EDGE_CURVE('',#1259,#1265,#1418,.T.);
#1011=EDGE_CURVE('',#1273,#1273,#117,.T.);
#1012=EDGE_CURVE('',#1256,#1264,#118,.T.);
#1013=EDGE_CURVE('',#1254,#1252,#119,.T.);
#1014=EDGE_CURVE('',#1253,#1111,#120,.T.);
#1015=EDGE_CURVE('',#1110,#1112,#121,.T.);
#1016=EDGE_CURVE('',#1113,#1187,#122,.T.);
#1017=EDGE_CURVE('',#1188,#1216,#123,.T.);
#1018=EDGE_CURVE('',#1229,#1234,#124,.T.);
#1019=EDGE_CURVE('',#1217,#1235,#125,.T.);
#1020=EDGE_CURVE('',#1274,#1274,#126,.T.);
#1021=EDGE_CURVE('',#1275,#1275,#127,.T.);
#1022=EDGE_CURVE('',#1253,#1121,#1419,.T.);
#1023=EDGE_CURVE('',#1111,#1120,#1420,.T.);
#1024=EDGE_CURVE('',#1122,#1241,#1421,.T.);
#1025=EDGE_CURVE('',#1119,#1084,#1422,.T.);
#1026=EDGE_CURVE('',#1124,#1239,#1423,.T.);
#1027=EDGE_CURVE('',#1123,#1240,#1424,.T.);
#1028=EDGE_CURVE('',#1117,#1086,#1425,.T.);
#1029=EDGE_CURVE('',#1118,#1085,#1426,.T.);
#1030=EDGE_CURVE('',#1226,#1197,#1427,.T.);
#1031=EDGE_CURVE('',#1217,#1225,#1428,.T.);
#1032=EDGE_CURVE('',#1255,#1133,#128,.F.);
#1033=EDGE_CURVE('',#1252,#1132,#1429,.T.);
#1034=EDGE_CURVE('',#1131,#1244,#1430,.T.);
#1035=EDGE_CURVE('',#1276,#1276,#129,.T.);
#1036=EDGE_CURVE('',#1277,#1277,#130,.T.);
#1037=EDGE_CURVE('',#1227,#1196,#1431,.T.);
#1038=EDGE_CURVE('',#1228,#1195,#1432,.T.);
#1039=EDGE_CURVE('',#1129,#1236,#1433,.T.);
#1040=EDGE_CURVE('',#1130,#1245,#1434,.T.);
#1041=EDGE_CURVE('',#1188,#1143,#1435,.T.);
#1042=EDGE_CURVE('',#1216,#1142,#1436,.T.);
#1043=EDGE_CURVE('',#1144,#1177,#1437,.T.);
#1044=EDGE_CURVE('',#1141,#1200,#1438,.T.);
#1045=EDGE_CURVE('',#1278,#1278,#131,.T.);
#1046=EDGE_CURVE('',#1279,#1279,#132,.T.);
#1047=EDGE_CURVE('',#1139,#1192,#1439,.T.);
#1048=EDGE_CURVE('',#1140,#1201,#1440,.T.);
#1049=EDGE_CURVE('',#1146,#1175,#1441,.T.);
#1050=EDGE_CURVE('',#1145,#1176,#1442,.T.);
#1051=EDGE_CURVE('',#1113,#1155,#1443,.T.);
#1052=EDGE_CURVE('',#1187,#1154,#1444,.T.);
#1053=EDGE_CURVE('',#1156,#1094,#1445,.T.);
#1054=EDGE_CURVE('',#1153,#1180,#1446,.T.);
#1055=EDGE_CURVE('',#1280,#1280,#133,.T.);
#1056=EDGE_CURVE('',#1281,#1281,#134,.T.);
#1057=EDGE_CURVE('',#1151,#1172,#1447,.T.);
#1058=EDGE_CURVE('',#1152,#1181,#1448,.T.);
#1059=EDGE_CURVE('',#1158,#1092,#1449,.T.);
#1060=EDGE_CURVE('',#1157,#1093,#1450,.T.);
#1061=EDGE_CURVE('',#1110,#1164,#1451,.T.);
#1062=EDGE_CURVE('',#1112,#1163,#1452,.T.);
#1063=EDGE_CURVE('',#1165,#1081,#1453,.T.);
#1064=EDGE_CURVE('',#1162,#1097,#1454,.T.);
#1065=EDGE_CURVE('',#1282,#1282,#135,.T.);
#1066=EDGE_CURVE('',#1283,#1283,#136,.T.);
#1067=EDGE_CURVE('',#1160,#1089,#1455,.T.);
#1068=EDGE_CURVE('',#1161,#1098,#1456,.T.);
#1069=EDGE_CURVE('',#1115,#1079,#1457,.T.);
#1070=EDGE_CURVE('',#1166,#1080,#1458,.T.);
#1071=VERTEX_POINT('',#3084);
#1072=VERTEX_POINT('',#3085);
#1073=VERTEX_POINT('',#3087);
#1074=VERTEX_POINT('',#3089);
#1075=VERTEX_POINT('',#3093);
#1076=VERTEX_POINT('',#3094);
#1077=VERTEX_POINT('',#3096);
#1078=VERTEX_POINT('',#3098);
#1079=VERTEX_POINT('',#3102);
#1080=VERTEX_POINT('',#3104);
#1081=VERTEX_POINT('',#3106);
#1082=VERTEX_POINT('',#3108);
#1083=VERTEX_POINT('',#3110);
#1084=VERTEX_POINT('',#3112);
#1085=VERTEX_POINT('',#3114);
#1086=VERTEX_POINT('',#3116);
#1087=VERTEX_POINT('',#3118);
#1088=VERTEX_POINT('',#3120);
#1089=VERTEX_POINT('',#3124);
#1090=VERTEX_POINT('',#3126);
#1091=VERTEX_POINT('',#3128);
#1092=VERTEX_POINT('',#3130);
#1093=VERTEX_POINT('',#3132);
#1094=VERTEX_POINT('',#3134);
#1095=VERTEX_POINT('',#3136);
#1096=VERTEX_POINT('',#3138);
#1097=VERTEX_POINT('',#3140);
#1098=VERTEX_POINT('',#3142);
#1099=VERTEX_POINT('',#3146);
#1100=VERTEX_POINT('',#3148);
#1101=VERTEX_POINT('',#3151);
#1102=VERTEX_POINT('',#3153);
#1103=VERTEX_POINT('',#3156);
#1104=VERTEX_POINT('',#3158);
#1105=VERTEX_POINT('',#3160);
#1106=VERTEX_POINT('',#3164);
#1107=VERTEX_POINT('',#3167);
#1108=VERTEX_POINT('',#3169);
#1109=VERTEX_POINT('',#3172);
#1110=VERTEX_POINT('',#3174);
#1111=VERTEX_POINT('',#3176);
#1112=VERTEX_POINT('',#3180);
#1113=VERTEX_POINT('',#3182);
#1114=VERTEX_POINT('',#3185);
#1115=VERTEX_POINT('',#3188);
#1116=VERTEX_POINT('',#3190);
#1117=VERTEX_POINT('',#3192);
#1118=VERTEX_POINT('',#3194);
#1119=VERTEX_POINT('',#3196);
#1120=VERTEX_POINT('',#3198);
#1121=VERTEX_POINT('',#3200);
#1122=VERTEX_POINT('',#3202);
#1123=VERTEX_POINT('',#3204);
#1124=VERTEX_POINT('',#3206);
#1125=VERTEX_POINT('',#3208);
#1126=VERTEX_POINT('',#3210);
#1127=VERTEX_POINT('',#3212);
#1128=VERTEX_POINT('',#3214);
#1129=VERTEX_POINT('',#3216);
#1130=VERTEX_POINT('',#3218);
#1131=VERTEX_POINT('',#3220);
#1132=VERTEX_POINT('',#3222);
#1133=VERTEX_POINT('',#3224);
#1134=VERTEX_POINT('',#3226);
#1135=VERTEX_POINT('',#3228);
#1136=VERTEX_POINT('',#3230);
#1137=VERTEX_POINT('',#3232);
#1138=VERTEX_POINT('',#3234);
#1139=VERTEX_POINT('',#3236);
#1140=VERTEX_POINT('',#3238);
#1141=VERTEX_POINT('',#3240);
#1142=VERTEX_POINT('',#3242);
#1143=VERTEX_POINT('',#3244);
#1144=VERTEX_POINT('',#3246);
#1145=VERTEX_POINT('',#3248);
#1146=VERTEX_POINT('',#3250);
#1147=VERTEX_POINT('',#3252);
#1148=VERTEX_POINT('',#3254);
#1149=VERTEX_POINT('',#3256);
#1150=VERTEX_POINT('',#3258);
#1151=VERTEX_POINT('',#3260);
#1152=VERTEX_POINT('',#3262);
#1153=VERTEX_POINT('',#3264);
#1154=VERTEX_POINT('',#3266);
#1155=VERTEX_POINT('',#3268);
#1156=VERTEX_POINT('',#3270);
#1157=VERTEX_POINT('',#3272);
#1158=VERTEX_POINT('',#3274);
#1159=VERTEX_POINT('',#3276);
#1160=VERTEX_POINT('',#3279);
#1161=VERTEX_POINT('',#3281);
#1162=VERTEX_POINT('',#3283);
#1163=VERTEX_POINT('',#3285);
#1164=VERTEX_POINT('',#3287);
#1165=VERTEX_POINT('',#3289);
#1166=VERTEX_POINT('',#3291);
#1167=VERTEX_POINT('',#3304);
#1168=VERTEX_POINT('',#3316);
#1169=VERTEX_POINT('',#3328);
#1170=VERTEX_POINT('',#3331);
#1171=VERTEX_POINT('',#3333);
#1172=VERTEX_POINT('',#3339);
#1173=VERTEX_POINT('',#3341);
#1174=VERTEX_POINT('',#3343);
#1175=VERTEX_POINT('',#3345);
#1176=VERTEX_POINT('',#3347);
#1177=VERTEX_POINT('',#3349);
#1178=VERTEX_POINT('',#3351);
#1179=VERTEX_POINT('',#3353);
#1180=VERTEX_POINT('',#3355);
#1181=VERTEX_POINT('',#3357);
#1182=VERTEX_POINT('',#3361);
#1183=VERTEX_POINT('',#3364);
#1184=VERTEX_POINT('',#3366);
#1185=VERTEX_POINT('',#3370);
#1186=VERTEX_POINT('',#3372);
#1187=VERTEX_POINT('',#3375);
#1188=VERTEX_POINT('',#3377);
#1189=VERTEX_POINT('',#3380);
#1190=VERTEX_POINT('',#3383);
#1191=VERTEX_POINT('',#3385);
#1192=VERTEX_POINT('',#3391);
#1193=VERTEX_POINT('',#3393);
#1194=VERTEX_POINT('',#3395);
#1195=VERTEX_POINT('',#3397);
#1196=VERTEX_POINT('',#3399);
#1197=VERTEX_POINT('',#3401);
#1198=VERTEX_POINT('',#3403);
#1199=VERTEX_POINT('',#3405);
#1200=VERTEX_POINT('',#3407);
#1201=VERTEX_POINT('',#3409);
#1202=VERTEX_POINT('',#3413);
#1203=VERTEX_POINT('',#3416);
#1204=VERTEX_POINT('',#3418);
#1205=VERTEX_POINT('',#3421);
#1206=VERTEX_POINT('',#3423);
#1207=VERTEX_POINT('',#3425);
#1208=VERTEX_POINT('',#3427);
#1209=VERTEX_POINT('',#3429);
#1210=VERTEX_POINT('',#3431);
#1211=VERTEX_POINT('',#3433);
#1212=VERTEX_POINT('',#3435);
#1213=VERTEX_POINT('',#3438);
#1214=VERTEX_POINT('',#3440);
#1215=VERTEX_POINT('',#3442);
#1216=VERTEX_POINT('',#3445);
#1217=VERTEX_POINT('',#3447);
#1218=VERTEX_POINT('',#3449);
#1219=VERTEX_POINT('',#3451);
#1220=VERTEX_POINT('',#3453);
#1221=VERTEX_POINT('',#3456);
#1222=VERTEX_POINT('',#3459);
#1223=VERTEX_POINT('',#3463);
#1224=VERTEX_POINT('',#3465);
#1225=VERTEX_POINT('',#3469);
#1226=VERTEX_POINT('',#3470);
#1227=VERTEX_POINT('',#3472);
#1228=VERTEX_POINT('',#3474);
#1229=VERTEX_POINT('',#3478);
#1230=VERTEX_POINT('',#3480);
#1231=VERTEX_POINT('',#3482);
#1232=VERTEX_POINT('',#3484);
#1233=VERTEX_POINT('',#3486);
#1234=VERTEX_POINT('',#3488);
#1235=VERTEX_POINT('',#3490);
#1236=VERTEX_POINT('',#3494);
#1237=VERTEX_POINT('',#3496);
#1238=VERTEX_POINT('',#3498);
#1239=VERTEX_POINT('',#3500);
#1240=VERTEX_POINT('',#3502);
#1241=VERTEX_POINT('',#3504);
#1242=VERTEX_POINT('',#3506);
#1243=VERTEX_POINT('',#3508);
#1244=VERTEX_POINT('',#3510);
#1245=VERTEX_POINT('',#3512);
#1246=VERTEX_POINT('',#3516);
#1247=VERTEX_POINT('',#3518);
#1248=VERTEX_POINT('',#3521);
#1249=VERTEX_POINT('',#3524);
#1250=VERTEX_POINT('',#3526);
#1251=VERTEX_POINT('',#3530);
#1252=VERTEX_POINT('',#3532);
#1253=VERTEX_POINT('',#3534);
#1254=VERTEX_POINT('',#3538);
#1255=VERTEX_POINT('',#3539);
#1256=VERTEX_POINT('',#3541);
#1257=VERTEX_POINT('',#3544);
#1258=VERTEX_POINT('',#3546);
#1259=VERTEX_POINT('',#3548);
#1260=VERTEX_POINT('',#3557);
#1261=VERTEX_POINT('',#3560);
#1262=VERTEX_POINT('',#3573);
#1263=VERTEX_POINT('',#3586);
#1264=VERTEX_POINT('',#3589);
#1265=VERTEX_POINT('',#3592);
#1266=VERTEX_POINT('',#3594);
#1267=VERTEX_POINT('',#3596);
#1268=VERTEX_POINT('',#3610);
#1269=VERTEX_POINT('',#3612);
#1270=VERTEX_POINT('',#3614);
#1271=VERTEX_POINT('',#3618);
#1272=VERTEX_POINT('',#3622);
#1273=VERTEX_POINT('',#3635);
#1274=VERTEX_POINT('',#3651);
#1275=VERTEX_POINT('',#3654);
#1276=VERTEX_POINT('',#3684);
#1277=VERTEX_POINT('',#3687);
#1278=VERTEX_POINT('',#3707);
#1279=VERTEX_POINT('',#3710);
#1280=VERTEX_POINT('',#3730);
#1281=VERTEX_POINT('',#3733);
#1282=VERTEX_POINT('',#3753);
#1283=VERTEX_POINT('',#3756);
#1284=LINE('',#3083,#1459);
#1285=LINE('',#3086,#1460);
#1286=LINE('',#3088,#1461);
#1287=LINE('',#3090,#1462);
#1288=LINE('',#3092,#1463);
#1289=LINE('',#3095,#1464);
#1290=LINE('',#3097,#1465);
#1291=LINE('',#3099,#1466);
#1292=LINE('',#3103,#1467);
#1293=LINE('',#3107,#1468);
#1294=LINE('',#3111,#1469);
#1295=LINE('',#3115,#1470);
#1296=LINE('',#3119,#1471);
#1297=LINE('',#3127,#1472);
#1298=LINE('',#3131,#1473);
#1299=LINE('',#3135,#1474);
#1300=LINE('',#3139,#1475);
#1301=LINE('',#3143,#1476);
#1302=LINE('',#3161,#1477);
#1303=LINE('',#3165,#1478);
#1304=LINE('',#3173,#1479);
#1305=LINE('',#3177,#1480);
#1306=LINE('',#3179,#1481);
#1307=LINE('',#3181,#1482);
#1308=LINE('',#3189,#1483);
#1309=LINE('',#3193,#1484);
#1310=LINE('',#3197,#1485);
#1311=LINE('',#3201,#1486);
#1312=LINE('',#3205,#1487);
#1313=LINE('',#3209,#1488);
#1314=LINE('',#3213,#1489);
#1315=LINE('',#3217,#1490);
#1316=LINE('',#3221,#1491);
#1317=LINE('',#3225,#1492);
#1318=LINE('',#3229,#1493);
#1319=LINE('',#3233,#1494);
#1320=LINE('',#3237,#1495);
#1321=LINE('',#3241,#1496);
#1322=LINE('',#3245,#1497);
#1323=LINE('',#3249,#1498);
#1324=LINE('',#3253,#1499);
#1325=LINE('',#3257,#1500);
#1326=LINE('',#3261,#1501);
#1327=LINE('',#3265,#1502);
#1328=LINE('',#3269,#1503);
#1329=LINE('',#3273,#1504);
#1330=LINE('',#3277,#1505);
#1331=LINE('',#3280,#1506);
#1332=LINE('',#3284,#1507);
#1333=LINE('',#3288,#1508);
#1334=LINE('',#3292,#1509);
#1335=LINE('',#3330,#1510);
#1336=LINE('',#3332,#1511);
#1337=LINE('',#3334,#1512);
#1338=LINE('',#3336,#1513);
#1339=LINE('',#3342,#1514);
#1340=LINE('',#3346,#1515);
#1341=LINE('',#3350,#1516);
#1342=LINE('',#3354,#1517);
#1343=LINE('',#3358,#1518);
#1344=LINE('',#3368,#1519);
#1345=LINE('',#3374,#1520);
#1346=LINE('',#3376,#1521);
#1347=LINE('',#3382,#1522);
#1348=LINE('',#3384,#1523);
#1349=LINE('',#3386,#1524);
#1350=LINE('',#3388,#1525);
#1351=LINE('',#3394,#1526);
#1352=LINE('',#3398,#1527);
#1353=LINE('',#3402,#1528);
#1354=LINE('',#3406,#1529);
#1355=LINE('',#3410,#1530);
#1356=LINE('',#3420,#1531);
#1357=LINE('',#3422,#1532);
#1358=LINE('',#3424,#1533);
#1359=LINE('',#3428,#1534);
#1360=LINE('',#3430,#1535);
#1361=LINE('',#3432,#1536);
#1362=LINE('',#3434,#1537);
#1363=LINE('',#3436,#1538);
#1364=LINE('',#3444,#1539);
#1365=LINE('',#3446,#1540);
#1366=LINE('',#3450,#1541);
#1367=LINE('',#3452,#1542);
#1368=LINE('',#3458,#1543);
#1369=LINE('',#3460,#1544);
#1370=LINE('',#3462,#1545);
#1371=LINE('',#3464,#1546);
#1372=LINE('',#3466,#1547);
#1373=LINE('',#3468,#1548);
#1374=LINE('',#3471,#1549);
#1375=LINE('',#3473,#1550);
#1376=LINE('',#3475,#1551);
#1377=LINE('',#3476,#1552);
#1378=LINE('',#3477,#1553);
#1379=LINE('',#3479,#1554);
#1380=LINE('',#3481,#1555);
#1381=LINE('',#3483,#1556);
#1382=LINE('',#3485,#1557);
#1383=LINE('',#3487,#1558);
#1384=LINE('',#3489,#1559);
#1385=LINE('',#3491,#1560);
#1386=LINE('',#3497,#1561);
#1387=LINE('',#3501,#1562);
#1388=LINE('',#3505,#1563);
#1389=LINE('',#3509,#1564);
#1390=LINE('',#3513,#1565);
#1391=LINE('',#3527,#1566);
#1392=LINE('',#3531,#1567);
#1393=LINE('',#3533,#1568);
#1394=LINE('',#3537,#1569);
#1395=LINE('',#3540,#1570);
#1396=LINE('',#3542,#1571);
#1397=LINE('',#3543,#1572);
#1398=LINE('',#3545,#1573);
#1399=LINE('',#3547,#1574);
#1400=LINE('',#3549,#1575);
#1401=LINE('',#3550,#1576);
#1402=LINE('',#3552,#1577);
#1403=LINE('',#3554,#1578);
#1404=LINE('',#3588,#1579);
#1405=LINE('',#3590,#1580);
#1406=LINE('',#3591,#1581);
#1407=LINE('',#3593,#1582);
#1408=LINE('',#3595,#1583);
#1409=LINE('',#3597,#1584);
#1410=LINE('',#3616,#1585);
#1411=LINE('',#3617,#1586);
#1412=LINE('',#3619,#1587);
#1413=LINE('',#3621,#1588);
#1414=LINE('',#3623,#1589);
#1415=LINE('',#3625,#1590);
#1416=LINE('',#3627,#1591);
#1417=LINE('',#3628,#1592);
#1418=LINE('',#3631,#1593);
#1419=LINE('',#3656,#1594);
#1420=LINE('',#3657,#1595);
#1421=LINE('',#3659,#1596);
#1422=LINE('',#3661,#1597);
#1423=LINE('',#3663,#1598);
#1424=LINE('',#3664,#1599);
#1425=LINE('',#3668,#1600);
#1426=LINE('',#3669,#1601);
#1427=LINE('',#3673,#1602);
#1428=LINE('',#3674,#1603);
#1429=LINE('',#3679,#1604);
#1430=LINE('',#3681,#1605);
#1431=LINE('',#3689,#1606);
#1432=LINE('',#3690,#1607);
#1433=LINE('',#3694,#1608);
#1434=LINE('',#3695,#1609);
#1435=LINE('',#3699,#1610);
#1436=LINE('',#3700,#1611);
#1437=LINE('',#3702,#1612);
#1438=LINE('',#3704,#1613);
#1439=LINE('',#3712,#1614);
#1440=LINE('',#3713,#1615);
#1441=LINE('',#3717,#1616);
#1442=LINE('',#3718,#1617);
#1443=LINE('',#3722,#1618);
#1444=LINE('',#3723,#1619);
#1445=LINE('',#3725,#1620);
#1446=LINE('',#3727,#1621);
#1447=LINE('',#3735,#1622);
#1448=LINE('',#3736,#1623);
#1449=LINE('',#3740,#1624);
#1450=LINE('',#3741,#1625);
#1451=LINE('',#3745,#1626);
#1452=LINE('',#3746,#1627);
#1453=LINE('',#3748,#1628);
#1454=LINE('',#3750,#1629);
#1455=LINE('',#3758,#1630);
#1456=LINE('',#3759,#1631);
#1457=LINE('',#3763,#1632);
#1458=LINE('',#3764,#1633);
#1459=VECTOR('',#2446,1.);
#1460=VECTOR('',#2447,1.);
#1461=VECTOR('',#2448,1.);
#1462=VECTOR('',#2449,1.);
#1463=VECTOR('',#2452,1.);
#1464=VECTOR('',#2453,1.);
#1465=VECTOR('',#2454,1.);
#1466=VECTOR('',#2455,1.);
#1467=VECTOR('',#2460,1.);
#1468=VECTOR('',#2463,1.);
#1469=VECTOR('',#2466,1.);
#1470=VECTOR('',#2469,1.);
#1471=VECTOR('',#2472,1.);
#1472=VECTOR('',#2481,1.);
#1473=VECTOR('',#2484,1.);
#1474=VECTOR('',#2487,1.);
#1475=VECTOR('',#2490,1.);
#1476=VECTOR('',#2493,1.);
#1477=VECTOR('',#2514,1.);
#1478=VECTOR('',#2519,1.);
#1479=VECTOR('',#2528,1.);
#1480=VECTOR('',#2531,1.);
#1481=VECTOR('',#2534,1.);
#1482=VECTOR('',#2535,1.);
#1483=VECTOR('',#2544,1.);
#1484=VECTOR('',#2547,1.);
#1485=VECTOR('',#2550,1.);
#1486=VECTOR('',#2553,1.);
#1487=VECTOR('',#2556,1.);
#1488=VECTOR('',#2559,1.);
#1489=VECTOR('',#2562,1.);
#1490=VECTOR('',#2565,1.);
#1491=VECTOR('',#2568,1.);
#1492=VECTOR('',#2571,1.);
#1493=VECTOR('',#2574,1.);
#1494=VECTOR('',#2577,1.);
#1495=VECTOR('',#2580,1.);
#1496=VECTOR('',#2583,1.);
#1497=VECTOR('',#2586,1.);
#1498=VECTOR('',#2589,1.);
#1499=VECTOR('',#2592,1.);
#1500=VECTOR('',#2595,1.);
#1501=VECTOR('',#2598,1.);
#1502=VECTOR('',#2601,1.);
#1503=VECTOR('',#2604,1.);
#1504=VECTOR('',#2607,1.);
#1505=VECTOR('',#2610,1.);
#1506=VECTOR('',#2613,1.);
#1507=VECTOR('',#2616,1.);
#1508=VECTOR('',#2619,1.);
#1509=VECTOR('',#2622,1.);
#1510=VECTOR('',#2625,1.);
#1511=VECTOR('',#2626,1.);
#1512=VECTOR('',#2627,1.);
#1513=VECTOR('',#2630,1.);
#1514=VECTOR('',#2637,1.);
#1515=VECTOR('',#2640,1.);
#1516=VECTOR('',#2643,1.);
#1517=VECTOR('',#2646,1.);
#1518=VECTOR('',#2649,1.);
#1519=VECTOR('',#2662,1.);
#1520=VECTOR('',#2669,1.);
#1521=VECTOR('',#2670,1.);
#1522=VECTOR('',#2677,1.);
#1523=VECTOR('',#2678,1.);
#1524=VECTOR('',#2679,1.);
#1525=VECTOR('',#2682,1.);
#1526=VECTOR('',#2689,1.);
#1527=VECTOR('',#2692,1.);
#1528=VECTOR('',#2695,1.);
#1529=VECTOR('',#2698,1.);
#1530=VECTOR('',#2701,1.);
#1531=VECTOR('',#2714,1.);
#1532=VECTOR('',#2715,1.);
#1533=VECTOR('',#2716,1.);
#1534=VECTOR('',#2719,1.);
#1535=VECTOR('',#2720,1.);
#1536=VECTOR('',#2721,1.);
#1537=VECTOR('',#2722,1.);
#1538=VECTOR('',#2723,1.);
#1539=VECTOR('',#2732,1.);
#1540=VECTOR('',#2733,1.);
#1541=VECTOR('',#2736,1.);
#1542=VECTOR('',#2737,1.);
#1543=VECTOR('',#2744,1.);
#1544=VECTOR('',#2745,1.);
#1545=VECTOR('',#2748,1.);
#1546=VECTOR('',#2749,1.);
#1547=VECTOR('',#2750,1.);
#1548=VECTOR('',#2753,1.);
#1549=VECTOR('',#2754,1.);
#1550=VECTOR('',#2755,1.);
#1551=VECTOR('',#2756,1.);
#1552=VECTOR('',#2757,1.);
#1553=VECTOR('',#2758,1.);
#1554=VECTOR('',#2759,1.);
#1555=VECTOR('',#2760,1.);
#1556=VECTOR('',#2761,1.);
#1557=VECTOR('',#2762,1.);
#1558=VECTOR('',#2763,1.);
#1559=VECTOR('',#2764,1.);
#1560=VECTOR('',#2765,1.);
#1561=VECTOR('',#2772,1.);
#1562=VECTOR('',#2775,1.);
#1563=VECTOR('',#2778,1.);
#1564=VECTOR('',#2781,1.);
#1565=VECTOR('',#2784,1.);
#1566=VECTOR('',#2801,1.);
#1567=VECTOR('',#2806,1.);
#1568=VECTOR('',#2807,1.);
#1569=VECTOR('',#2812,1.);
#1570=VECTOR('',#2813,1.);
#1571=VECTOR('',#2814,1.);
#1572=VECTOR('',#2815,1.);
#1573=VECTOR('',#2816,1.);
#1574=VECTOR('',#2817,1.);
#1575=VECTOR('',#2818,1.);
#1576=VECTOR('',#2819,1.);
#1577=VECTOR('',#2822,1.);
#1578=VECTOR('',#2825,1.);
#1579=VECTOR('',#2840,1.);
#1580=VECTOR('',#2841,1.);
#1581=VECTOR('',#2842,1.);
#1582=VECTOR('',#2843,1.);
#1583=VECTOR('',#2844,1.);
#1584=VECTOR('',#2845,1.);
#1585=VECTOR('',#2854,1.);
#1586=VECTOR('',#2855,1.);
#1587=VECTOR('',#2856,1.);
#1588=VECTOR('',#2859,1.);
#1589=VECTOR('',#2860,1.);
#1590=VECTOR('',#2863,1.);
#1591=VECTOR('',#2866,1.);
#1592=VECTOR('',#2867,1.);
#1593=VECTOR('',#2872,1.);
#1594=VECTOR('',#2915,1.);
#1595=VECTOR('',#2916,1.);
#1596=VECTOR('',#2919,1.);
#1597=VECTOR('',#2922,1.);
#1598=VECTOR('',#2925,1.);
#1599=VECTOR('',#2926,1.);
#1600=VECTOR('',#2933,1.);
#1601=VECTOR('',#2934,1.);
#1602=VECTOR('',#2941,1.);
#1603=VECTOR('',#2942,1.);
#1604=VECTOR('',#2951,1.);
#1605=VECTOR('',#2954,1.);
#1606=VECTOR('',#2965,1.);
#1607=VECTOR('',#2966,1.);
#1608=VECTOR('',#2973,1.);
#1609=VECTOR('',#2974,1.);
#1610=VECTOR('',#2981,1.);
#1611=VECTOR('',#2982,1.);
#1612=VECTOR('',#2985,1.);
#1613=VECTOR('',#2988,1.);
#1614=VECTOR('',#2999,1.);
#1615=VECTOR('',#3000,1.);
#1616=VECTOR('',#3007,1.);
#1617=VECTOR('',#3008,1.);
#1618=VECTOR('',#3015,1.);
#1619=VECTOR('',#3016,1.);
#1620=VECTOR('',#3019,1.);
#1621=VECTOR('',#3022,1.);
#1622=VECTOR('',#3033,1.);
#1623=VECTOR('',#3034,1.);
#1624=VECTOR('',#3041,1.);
#1625=VECTOR('',#3042,1.);
#1626=VECTOR('',#3049,1.);
#1627=VECTOR('',#3050,1.);
#1628=VECTOR('',#3053,1.);
#1629=VECTOR('',#3056,1.);
#1630=VECTOR('',#3067,1.);
#1631=VECTOR('',#3068,1.);
#1632=VECTOR('',#3075,1.);
#1633=VECTOR('',#3076,1.);
#1634=EDGE_LOOP('',(#171,#172,#173,#174));
#1635=EDGE_LOOP('',(#175,#176,#177,#178));
#1636=EDGE_LOOP('',(#179,#180,#181,#182,#183,#184,#185,#186,#187,#188,#189,
#190));
#1637=EDGE_LOOP('',(#191,#192,#193,#194,#195,#196,#197,#198,#199,#200,#201,
#202));
#1638=EDGE_LOOP('',(#203));
#1639=EDGE_LOOP('',(#204));
#1640=EDGE_LOOP('',(#205));
#1641=EDGE_LOOP('',(#206));
#1642=EDGE_LOOP('',(#207));
#1643=EDGE_LOOP('',(#208));
#1644=EDGE_LOOP('',(#209,#210,#211,#212));
#1645=EDGE_LOOP('',(#213,#214,#215,#216));
#1646=EDGE_LOOP('',(#217));
#1647=EDGE_LOOP('',(#218));
#1648=EDGE_LOOP('',(#219));
#1649=EDGE_LOOP('',(#220));
#1650=EDGE_LOOP('',(#221,#222,#223,#224));
#1651=EDGE_LOOP('',(#225,#226,#227,#228));
#1652=EDGE_LOOP('',(#229));
#1653=EDGE_LOOP('',(#230));
#1654=EDGE_LOOP('',(#231,#232,#233,#234,#235,#236,#237,#238,#239,#240,#241,
#242,#243,#244,#245,#246,#247,#248,#249,#250,#251,#252,#253,#254,#255,#256,
#257,#258,#259,#260,#261,#262,#263,#264,#265,#266,#267,#268,#269,#270,#271,
#272,#273,#274,#275,#276,#277,#278,#279,#280,#281,#282,#283,#284,#285,#286,
#287,#288));
#1655=EDGE_LOOP('',(#289));
#1656=EDGE_LOOP('',(#290));
#1657=EDGE_LOOP('',(#291));
#1658=EDGE_LOOP('',(#292,#293,#294,#295));
#1659=EDGE_LOOP('',(#296,#297,#298,#299));
#1660=EDGE_LOOP('',(#300,#301,#302,#303,#304,#305,#306,#307,#308,#309,#310,
#311));
#1661=EDGE_LOOP('',(#312));
#1662=EDGE_LOOP('',(#313));
#1663=EDGE_LOOP('',(#314));
#1664=EDGE_LOOP('',(#315));
#1665=EDGE_LOOP('',(#316,#317,#318,#319));
#1666=EDGE_LOOP('',(#320));
#1667=EDGE_LOOP('',(#321));
#1668=EDGE_LOOP('',(#322,#323,#324,#325));
#1669=EDGE_LOOP('',(#326));
#1670=EDGE_LOOP('',(#327));
#1671=EDGE_LOOP('',(#328,#329,#330,#331));
#1672=EDGE_LOOP('',(#332,#333,#334,#335));
#1673=EDGE_LOOP('',(#336,#337,#338,#339,#340,#341,#342,#343,#344,#345,#346,
#347));
#1674=EDGE_LOOP('',(#348));
#1675=EDGE_LOOP('',(#349));
#1676=EDGE_LOOP('',(#350));
#1677=EDGE_LOOP('',(#351));
#1678=EDGE_LOOP('',(#352,#353,#354,#355,#356,#357,#358,#359,#360,#361,#362,
#363));
#1679=EDGE_LOOP('',(#364));
#1680=EDGE_LOOP('',(#365));
#1681=EDGE_LOOP('',(#366));
#1682=EDGE_LOOP('',(#367,#368,#369,#370,#371,#372,#373));
#1683=EDGE_LOOP('',(#374));
#1684=EDGE_LOOP('',(#375));
#1685=EDGE_LOOP('',(#376,#377,#378,#379));
#1686=EDGE_LOOP('',(#380,#381,#382,#383));
#1687=EDGE_LOOP('',(#384,#385,#386,#387,#388,#389,#390,#391,#392,#393,#394,
#395,#396,#397,#398,#399));
#1688=EDGE_LOOP('',(#400,#401,#402,#403,#404,#405,#406,#407,#408,#409,#410,
#411));
#1689=EDGE_LOOP('',(#412));
#1690=EDGE_LOOP('',(#413));
#1691=EDGE_LOOP('',(#414));
#1692=EDGE_LOOP('',(#415));
#1693=EDGE_LOOP('',(#416));
#1694=EDGE_LOOP('',(#417));
#1695=EDGE_LOOP('',(#418,#419,#420,#421));
#1696=EDGE_LOOP('',(#422));
#1697=EDGE_LOOP('',(#423));
#1698=EDGE_LOOP('',(#424,#425,#426,#427));
#1699=EDGE_LOOP('',(#428,#429,#430,#431,#432,#433,#434,#435,#436,#437));
#1700=EDGE_LOOP('',(#438,#439,#440,#441));
#1701=EDGE_LOOP('',(#442,#443,#444,#445));
#1702=EDGE_LOOP('',(#446));
#1703=EDGE_LOOP('',(#447));
#1704=EDGE_LOOP('',(#448));
#1705=EDGE_LOOP('',(#449));
#1706=EDGE_LOOP('',(#450));
#1707=EDGE_LOOP('',(#451));
#1708=EDGE_LOOP('',(#452));
#1709=EDGE_LOOP('',(#453));
#1710=EDGE_LOOP('',(#454,#455,#456,#457,#458,#459,#460,#461,#462,#463));
#1711=EDGE_LOOP('',(#464));
#1712=EDGE_LOOP('',(#465));
#1713=EDGE_LOOP('',(#466));
#1714=EDGE_LOOP('',(#467));
#1715=EDGE_LOOP('',(#468));
#1716=EDGE_LOOP('',(#469,#470,#471,#472,#473));
#1717=EDGE_LOOP('',(#474,#475,#476,#477));
#1718=EDGE_LOOP('',(#478,#479,#480,#481));
#1719=EDGE_LOOP('',(#482,#483,#484,#485));
#1720=EDGE_LOOP('',(#486,#487,#488,#489));
#1721=EDGE_LOOP('',(#490,#491,#492,#493));
#1722=EDGE_LOOP('',(#494));
#1723=EDGE_LOOP('',(#495,#496,#497,#498));
#1724=EDGE_LOOP('',(#499,#500,#501,#502));
#1725=EDGE_LOOP('',(#503));
#1726=EDGE_LOOP('',(#504));
#1727=EDGE_LOOP('',(#505));
#1728=EDGE_LOOP('',(#506,#507,#508,#509,#510,#511,#512,#513,#514,#515,#516,
#517,#518));
#1729=EDGE_LOOP('',(#519));
#1730=EDGE_LOOP('',(#520,#521,#522,#523,#524,#525));
#1731=EDGE_LOOP('',(#526,#527,#528,#529,#530));
#1732=EDGE_LOOP('',(#531));
#1733=EDGE_LOOP('',(#532));
#1734=EDGE_LOOP('',(#533));
#1735=EDGE_LOOP('',(#534));
#1736=EDGE_LOOP('',(#535));
#1737=EDGE_LOOP('',(#536));
#1738=EDGE_LOOP('',(#537,#538,#539,#540));
#1739=EDGE_LOOP('',(#541,#542,#543,#544,#545));
#1740=EDGE_LOOP('',(#546,#547,#548,#549,#550));
#1741=EDGE_LOOP('',(#551,#552,#553,#554));
#1742=EDGE_LOOP('',(#555,#556,#557,#558));
#1743=EDGE_LOOP('',(#559));
#1744=EDGE_LOOP('',(#560,#561,#562,#563));
#1745=EDGE_LOOP('',(#564));
#1746=EDGE_LOOP('',(#565,#566,#567,#568));
#1747=EDGE_LOOP('',(#569));
#1748=EDGE_LOOP('',(#570,#571,#572,#573));
#1749=EDGE_LOOP('',(#574));
#1750=EDGE_LOOP('',(#575,#576,#577,#578));
#1751=EDGE_LOOP('',(#579,#580,#581,#582,#583));
#1752=EDGE_LOOP('',(#584,#585,#586));
#1753=EDGE_LOOP('',(#587,#588,#589,#590));
#1754=EDGE_LOOP('',(#591,#592,#593,#594,#595));
#1755=EDGE_LOOP('',(#596,#597,#598,#599,#600));
#1756=EDGE_LOOP('',(#601));
#1757=EDGE_LOOP('',(#602));
#1758=EDGE_LOOP('',(#603));
#1759=EDGE_LOOP('',(#604));
#1760=EDGE_LOOP('',(#605,#606,#607,#608));
#1761=EDGE_LOOP('',(#609,#610,#611,#612));
#1762=EDGE_LOOP('',(#613));
#1763=EDGE_LOOP('',(#614,#615,#616,#617));
#1764=EDGE_LOOP('',(#618));
#1765=EDGE_LOOP('',(#619,#620,#621,#622));
#1766=EDGE_LOOP('',(#623));
#1767=EDGE_LOOP('',(#624,#625,#626,#627));
#1768=EDGE_LOOP('',(#628));
#1769=EDGE_LOOP('',(#629,#630,#631,#632));
#1770=EDGE_LOOP('',(#633,#634,#635,#636));
#1771=EDGE_LOOP('',(#637,#638,#639,#640,#641));
#1772=EDGE_LOOP('',(#642,#643,#644,#645,#646));
#1773=EDGE_LOOP('',(#647));
#1774=EDGE_LOOP('',(#648));
#1775=EDGE_LOOP('',(#649));
#1776=EDGE_LOOP('',(#650));
#1777=EDGE_LOOP('',(#651,#652,#653,#654));
#1778=EDGE_LOOP('',(#655));
#1779=EDGE_LOOP('',(#656,#657,#658,#659));
#1780=EDGE_LOOP('',(#660));
#1781=EDGE_LOOP('',(#661,#662,#663,#664));
#1782=EDGE_LOOP('',(#665,#666,#667,#668));
#1783=EDGE_LOOP('',(#669,#670,#671,#672));
#1784=EDGE_LOOP('',(#673));
#1785=EDGE_LOOP('',(#674,#675,#676,#677));
#1786=EDGE_LOOP('',(#678));
#1787=EDGE_LOOP('',(#679,#680,#681,#682));
#1788=EDGE_LOOP('',(#683,#684,#685,#686,#687));
#1789=EDGE_LOOP('',(#688,#689,#690,#691,#692));
#1790=EDGE_LOOP('',(#693));
#1791=EDGE_LOOP('',(#694));
#1792=EDGE_LOOP('',(#695));
#1793=EDGE_LOOP('',(#696));
#1794=EDGE_LOOP('',(#697,#698,#699,#700));
#1795=EDGE_LOOP('',(#701));
#1796=EDGE_LOOP('',(#702,#703,#704,#705));
#1797=EDGE_LOOP('',(#706));
#1798=EDGE_LOOP('',(#707,#708,#709,#710));
#1799=EDGE_LOOP('',(#711,#712,#713,#714));
#1800=EDGE_LOOP('',(#715,#716,#717,#718));
#1801=EDGE_LOOP('',(#719));
#1802=EDGE_LOOP('',(#720,#721,#722,#723));
#1803=EDGE_LOOP('',(#724));
#1804=EDGE_LOOP('',(#725,#726,#727,#728));
#1805=EDGE_LOOP('',(#729,#730,#731,#732,#733));
#1806=EDGE_LOOP('',(#734,#735,#736,#737,#738));
#1807=EDGE_LOOP('',(#739));
#1808=EDGE_LOOP('',(#740));
#1809=EDGE_LOOP('',(#741));
#1810=EDGE_LOOP('',(#742));
#1811=EDGE_LOOP('',(#743,#744,#745,#746));
#1812=EDGE_LOOP('',(#747));
#1813=EDGE_LOOP('',(#748,#749,#750,#751));
#1814=EDGE_LOOP('',(#752));
#1815=EDGE_LOOP('',(#753,#754,#755,#756));
#1816=EDGE_LOOP('',(#757,#758,#759,#760));
#1817=EDGE_LOOP('',(#761,#762,#763,#764));
#1818=EDGE_LOOP('',(#765));
#1819=EDGE_LOOP('',(#766,#767,#768,#769));
#1820=EDGE_LOOP('',(#770));
#1821=FACE_BOUND('',#1634,.T.);
#1822=FACE_BOUND('',#1635,.T.);
#1823=FACE_BOUND('',#1636,.T.);
#1824=FACE_BOUND('',#1637,.T.);
#1825=FACE_BOUND('',#1638,.T.);
#1826=FACE_BOUND('',#1639,.T.);
#1827=FACE_BOUND('',#1640,.T.);
#1828=FACE_BOUND('',#1641,.T.);
#1829=FACE_BOUND('',#1642,.T.);
#1830=FACE_BOUND('',#1643,.T.);
#1831=FACE_BOUND('',#1644,.T.);
#1832=FACE_BOUND('',#1645,.T.);
#1833=FACE_BOUND('',#1646,.T.);
#1834=FACE_BOUND('',#1647,.T.);
#1835=FACE_BOUND('',#1648,.T.);
#1836=FACE_BOUND('',#1649,.T.);
#1837=FACE_BOUND('',#1650,.T.);
#1838=FACE_BOUND('',#1651,.T.);
#1839=FACE_BOUND('',#1652,.T.);
#1840=FACE_BOUND('',#1653,.T.);
#1841=FACE_BOUND('',#1654,.T.);
#1842=FACE_BOUND('',#1655,.T.);
#1843=FACE_BOUND('',#1656,.T.);
#1844=FACE_BOUND('',#1657,.T.);
#1845=FACE_BOUND('',#1658,.T.);
#1846=FACE_BOUND('',#1659,.T.);
#1847=FACE_BOUND('',#1660,.T.);
#1848=FACE_BOUND('',#1661,.T.);
#1849=FACE_BOUND('',#1662,.T.);
#1850=FACE_BOUND('',#1663,.T.);
#1851=FACE_BOUND('',#1664,.T.);
#1852=FACE_BOUND('',#1665,.T.);
#1853=FACE_BOUND('',#1666,.T.);
#1854=FACE_BOUND('',#1667,.T.);
#1855=FACE_BOUND('',#1668,.T.);
#1856=FACE_BOUND('',#1669,.T.);
#1857=FACE_BOUND('',#1670,.T.);
#1858=FACE_BOUND('',#1671,.T.);
#1859=FACE_BOUND('',#1672,.T.);
#1860=FACE_BOUND('',#1673,.T.);
#1861=FACE_BOUND('',#1674,.T.);
#1862=FACE_BOUND('',#1675,.T.);
#1863=FACE_BOUND('',#1676,.T.);
#1864=FACE_BOUND('',#1677,.T.);
#1865=FACE_BOUND('',#1678,.T.);
#1866=FACE_BOUND('',#1679,.T.);
#1867=FACE_BOUND('',#1680,.T.);
#1868=FACE_BOUND('',#1681,.T.);
#1869=FACE_BOUND('',#1682,.T.);
#1870=FACE_BOUND('',#1683,.T.);
#1871=FACE_BOUND('',#1684,.T.);
#1872=FACE_BOUND('',#1685,.T.);
#1873=FACE_BOUND('',#1686,.T.);
#1874=FACE_BOUND('',#1687,.T.);
#1875=FACE_BOUND('',#1688,.T.);
#1876=FACE_BOUND('',#1689,.T.);
#1877=FACE_BOUND('',#1690,.T.);
#1878=FACE_BOUND('',#1691,.T.);
#1879=FACE_BOUND('',#1692,.T.);
#1880=FACE_BOUND('',#1693,.T.);
#1881=FACE_BOUND('',#1694,.T.);
#1882=FACE_BOUND('',#1695,.T.);
#1883=FACE_BOUND('',#1696,.T.);
#1884=FACE_BOUND('',#1697,.T.);
#1885=FACE_BOUND('',#1698,.T.);
#1886=FACE_BOUND('',#1699,.T.);
#1887=FACE_BOUND('',#1700,.T.);
#1888=FACE_BOUND('',#1701,.T.);
#1889=FACE_BOUND('',#1702,.T.);
#1890=FACE_BOUND('',#1703,.T.);
#1891=FACE_BOUND('',#1704,.T.);
#1892=FACE_BOUND('',#1705,.T.);
#1893=FACE_BOUND('',#1706,.T.);
#1894=FACE_BOUND('',#1707,.T.);
#1895=FACE_BOUND('',#1708,.T.);
#1896=FACE_BOUND('',#1709,.T.);
#1897=FACE_BOUND('',#1710,.T.);
#1898=FACE_BOUND('',#1711,.T.);
#1899=FACE_BOUND('',#1712,.T.);
#1900=FACE_BOUND('',#1713,.T.);
#1901=FACE_BOUND('',#1714,.T.);
#1902=FACE_BOUND('',#1715,.T.);
#1903=FACE_BOUND('',#1716,.T.);
#1904=FACE_BOUND('',#1717,.T.);
#1905=FACE_BOUND('',#1718,.T.);
#1906=FACE_BOUND('',#1719,.T.);
#1907=FACE_BOUND('',#1720,.T.);
#1908=FACE_BOUND('',#1721,.T.);
#1909=FACE_BOUND('',#1722,.T.);
#1910=FACE_BOUND('',#1723,.T.);
#1911=FACE_BOUND('',#1724,.T.);
#1912=FACE_BOUND('',#1725,.T.);
#1913=FACE_BOUND('',#1726,.T.);
#1914=FACE_BOUND('',#1727,.T.);
#1915=FACE_BOUND('',#1728,.T.);
#1916=FACE_BOUND('',#1729,.T.);
#1917=FACE_BOUND('',#1730,.T.);
#1918=FACE_BOUND('',#1731,.T.);
#1919=FACE_BOUND('',#1732,.T.);
#1920=FACE_BOUND('',#1733,.T.);
#1921=FACE_BOUND('',#1734,.T.);
#1922=FACE_BOUND('',#1735,.T.);
#1923=FACE_BOUND('',#1736,.T.);
#1924=FACE_BOUND('',#1737,.T.);
#1925=FACE_BOUND('',#1738,.T.);
#1926=FACE_BOUND('',#1739,.T.);
#1927=FACE_BOUND('',#1740,.T.);
#1928=FACE_BOUND('',#1741,.T.);
#1929=FACE_BOUND('',#1742,.T.);
#1930=FACE_BOUND('',#1743,.T.);
#1931=FACE_BOUND('',#1744,.T.);
#1932=FACE_BOUND('',#1745,.T.);
#1933=FACE_BOUND('',#1746,.T.);
#1934=FACE_BOUND('',#1747,.T.);
#1935=FACE_BOUND('',#1748,.T.);
#1936=FACE_BOUND('',#1749,.T.);
#1937=FACE_BOUND('',#1750,.T.);
#1938=FACE_BOUND('',#1751,.T.);
#1939=FACE_BOUND('',#1752,.T.);
#1940=FACE_BOUND('',#1753,.T.);
#1941=FACE_BOUND('',#1754,.T.);
#1942=FACE_BOUND('',#1755,.T.);
#1943=FACE_BOUND('',#1756,.T.);
#1944=FACE_BOUND('',#1757,.T.);
#1945=FACE_BOUND('',#1758,.T.);
#1946=FACE_BOUND('',#1759,.T.);
#1947=FACE_BOUND('',#1760,.T.);
#1948=FACE_BOUND('',#1761,.T.);
#1949=FACE_BOUND('',#1762,.T.);
#1950=FACE_BOUND('',#1763,.T.);
#1951=FACE_BOUND('',#1764,.T.);
#1952=FACE_BOUND('',#1765,.T.);
#1953=FACE_BOUND('',#1766,.T.);
#1954=FACE_BOUND('',#1767,.T.);
#1955=FACE_BOUND('',#1768,.T.);
#1956=FACE_BOUND('',#1769,.T.);
#1957=FACE_BOUND('',#1770,.T.);
#1958=FACE_BOUND('',#1771,.T.);
#1959=FACE_BOUND('',#1772,.T.);
#1960=FACE_BOUND('',#1773,.T.);
#1961=FACE_BOUND('',#1774,.T.);
#1962=FACE_BOUND('',#1775,.T.);
#1963=FACE_BOUND('',#1776,.T.);
#1964=FACE_BOUND('',#1777,.T.);
#1965=FACE_BOUND('',#1778,.T.);
#1966=FACE_BOUND('',#1779,.T.);
#1967=FACE_BOUND('',#1780,.T.);
#1968=FACE_BOUND('',#1781,.T.);
#1969=FACE_BOUND('',#1782,.T.);
#1970=FACE_BOUND('',#1783,.T.);
#1971=FACE_BOUND('',#1784,.T.);
#1972=FACE_BOUND('',#1785,.T.);
#1973=FACE_BOUND('',#1786,.T.);
#1974=FACE_BOUND('',#1787,.T.);
#1975=FACE_BOUND('',#1788,.T.);
#1976=FACE_BOUND('',#1789,.T.);
#1977=FACE_BOUND('',#1790,.T.);
#1978=FACE_BOUND('',#1791,.T.);
#1979=FACE_BOUND('',#1792,.T.);
#1980=FACE_BOUND('',#1793,.T.);
#1981=FACE_BOUND('',#1794,.T.);
#1982=FACE_BOUND('',#1795,.T.);
#1983=FACE_BOUND('',#1796,.T.);
#1984=FACE_BOUND('',#1797,.T.);
#1985=FACE_BOUND('',#1798,.T.);
#1986=FACE_BOUND('',#1799,.T.);
#1987=FACE_BOUND('',#1800,.T.);
#1988=FACE_BOUND('',#1801,.T.);
#1989=FACE_BOUND('',#1802,.T.);
#1990=FACE_BOUND('',#1803,.T.);
#1991=FACE_BOUND('',#1804,.T.);
#1992=FACE_BOUND('',#1805,.T.);
#1993=FACE_BOUND('',#1806,.T.);
#1994=FACE_BOUND('',#1807,.T.);
#1995=FACE_BOUND('',#1808,.T.);
#1996=FACE_BOUND('',#1809,.T.);
#1997=FACE_BOUND('',#1810,.T.);
#1998=FACE_BOUND('',#1811,.T.);
#1999=FACE_BOUND('',#1812,.T.);
#2000=FACE_BOUND('',#1813,.T.);
#2001=FACE_BOUND('',#1814,.T.);
#2002=FACE_BOUND('',#1815,.T.);
#2003=FACE_BOUND('',#1816,.T.);
#2004=FACE_BOUND('',#1817,.T.);
#2005=FACE_BOUND('',#1818,.T.);
#2006=FACE_BOUND('',#1819,.T.);
#2007=FACE_BOUND('',#1820,.T.);
#2008=PLANE('',#2211);
#2009=PLANE('',#2212);
#2010=PLANE('',#2233);
#2011=PLANE('',#2237);
#2012=PLANE('',#2241);
#2013=PLANE('',#2244);
#2014=PLANE('',#2275);
#2015=PLANE('',#2276);
#2016=PLANE('',#2289);
#2017=PLANE('',#2292);
#2018=PLANE('',#2295);
#2019=PLANE('',#2296);
#2020=PLANE('',#2309);
#2021=PLANE('',#2314);
#2022=PLANE('',#2318);
#2023=PLANE('',#2319);
#2024=PLANE('',#2320);
#2025=PLANE('',#2333);
#2026=PLANE('',#2336);
#2027=PLANE('',#2339);
#2028=PLANE('',#2340);
#2029=PLANE('',#2341);
#2030=PLANE('',#2348);
#2031=PLANE('',#2352);
#2032=PLANE('',#2353);
#2033=PLANE('',#2354);
#2034=PLANE('',#2355);
#2035=PLANE('',#2356);
#2036=PLANE('',#2357);
#2037=PLANE('',#2358);
#2038=PLANE('',#2359);
#2039=PLANE('',#2369);
#2040=PLANE('',#2378);
#2041=PLANE('',#2379);
#2042=PLANE('',#2380);
#2043=PLANE('',#2381);
#2044=PLANE('',#2382);
#2045=PLANE('',#2383);
#2046=PLANE('',#2384);
#2047=PLANE('',#2385);
#2048=PLANE('',#2386);
#2049=PLANE('',#2387);
#2050=PLANE('',#2388);
#2051=PLANE('',#2391);
#2052=PLANE('',#2392);
#2053=PLANE('',#2397);
#2054=PLANE('',#2398);
#2055=PLANE('',#2399);
#2056=PLANE('',#2400);
#2057=PLANE('',#2401);
#2058=PLANE('',#2402);
#2059=PLANE('',#2403);
#2060=PLANE('',#2404);
#2061=PLANE('',#2405);
#2062=PLANE('',#2410);
#2063=PLANE('',#2411);
#2064=PLANE('',#2412);
#2065=PLANE('',#2413);
#2066=PLANE('',#2414);
#2067=PLANE('',#2415);
#2068=PLANE('',#2416);
#2069=PLANE('',#2417);
#2070=PLANE('',#2418);
#2071=PLANE('',#2423);
#2072=PLANE('',#2424);
#2073=PLANE('',#2425);
#2074=PLANE('',#2426);
#2075=PLANE('',#2427);
#2076=PLANE('',#2428);
#2077=PLANE('',#2429);
#2078=PLANE('',#2430);
#2079=PLANE('',#2431);
#2080=PLANE('',#2436);
#2081=PLANE('',#2437);
#2082=PLANE('',#2438);
#2083=PLANE('',#2439);
#2084=PLANE('',#2440);
#2085=PLANE('',#2441);
#2086=ADVANCED_FACE('',(#1821),#2008,.F.);
#2087=ADVANCED_FACE('',(#1822),#2009,.T.);
#2088=ADVANCED_FACE('',(#1823),#137,.T.);
#2089=ADVANCED_FACE('',(#1824),#138,.T.);
#2090=ADVANCED_FACE('',(#1825,#1826),#139,.F.);
#2091=ADVANCED_FACE('',(#1827,#1828),#140,.F.);
#2092=ADVANCED_FACE('',(#1829,#1830,#1831),#2010,.F.);
#2093=ADVANCED_FACE('',(#1832,#1833,#1834),#2011,.F.);
#2094=ADVANCED_FACE('',(#1835,#1836,#1837),#2012,.F.);
#2095=ADVANCED_FACE('',(#1838,#1839,#1840),#2013,.F.);
#2096=ADVANCED_FACE('',(#1841,#1842,#1843,#1844),#141,.F.);
#2097=ADVANCED_FACE('',(#1845),#2014,.F.);
#2098=ADVANCED_FACE('',(#1846),#2015,.T.);
#2099=ADVANCED_FACE('',(#1847),#142,.T.);
#2100=ADVANCED_FACE('',(#1848,#1849),#143,.F.);
#2101=ADVANCED_FACE('',(#1850,#1851),#144,.F.);
#2102=ADVANCED_FACE('',(#1852,#1853,#1854),#2016,.F.);
#2103=ADVANCED_FACE('',(#1855,#1856,#1857),#2017,.F.);
#2104=ADVANCED_FACE('',(#1858),#2018,.F.);
#2105=ADVANCED_FACE('',(#1859),#2019,.T.);
#2106=ADVANCED_FACE('',(#1860),#145,.T.);
#2107=ADVANCED_FACE('',(#1861,#1862),#146,.F.);
#2108=ADVANCED_FACE('',(#1863,#1864),#147,.F.);
#2109=ADVANCED_FACE('',(#1865,#1866,#1867,#1868),#2020,.F.);
#2110=ADVANCED_FACE('',(#1869,#1870,#1871),#2021,.F.);
#2111=ADVANCED_FACE('',(#1872),#2022,.T.);
#2112=ADVANCED_FACE('',(#1873),#2023,.F.);
#2113=ADVANCED_FACE('',(#1874),#2024,.T.);
#2114=ADVANCED_FACE('',(#1875),#148,.T.);
#2115=ADVANCED_FACE('',(#1876,#1877),#149,.F.);
#2116=ADVANCED_FACE('',(#1878,#1879),#150,.F.);
#2117=ADVANCED_FACE('',(#1880,#1881,#1882),#2025,.F.);
#2118=ADVANCED_FACE('',(#1883,#1884,#1885),#2026,.F.);
#2119=ADVANCED_FACE('',(#1886),#2027,.F.);
#2120=ADVANCED_FACE('',(#1887),#2028,.F.);
#2121=ADVANCED_FACE('',(#1888),#2029,.T.);
#2122=ADVANCED_FACE('',(#1889,#1890),#151,.F.);
#2123=ADVANCED_FACE('',(#1891,#1892),#152,.F.);
#2124=ADVANCED_FACE('',(#1893,#1894),#153,.F.);
#2125=ADVANCED_FACE('',(#1895,#1896),#154,.F.);
#2126=ADVANCED_FACE('',(#1897),#2030,.T.);
#2127=ADVANCED_FACE('',(#1898,#1899,#1900,#1901,#1902),#155,.T.);
#2128=ADVANCED_FACE('',(#1903),#2031,.T.);
#2129=ADVANCED_FACE('',(#1904),#2032,.T.);
#2130=ADVANCED_FACE('',(#1905),#2033,.F.);
#2131=ADVANCED_FACE('',(#1906),#2034,.F.);
#2132=ADVANCED_FACE('',(#1907,#1908,#1909),#2035,.T.);
#2133=ADVANCED_FACE('',(#1910),#2036,.F.);
#2134=ADVANCED_FACE('',(#1911),#2037,.T.);
#2135=ADVANCED_FACE('',(#1912),#2038,.T.);
#2136=ADVANCED_FACE('',(#1913,#1914),#156,.T.);
#2137=ADVANCED_FACE('',(#1915),#157,.T.);
#2138=ADVANCED_FACE('',(#1916,#1917),#2039,.T.);
#2139=ADVANCED_FACE('',(#1918),#158,.T.);
#2140=ADVANCED_FACE('',(#1919,#1920),#159,.F.);
#2141=ADVANCED_FACE('',(#1921,#1922),#160,.F.);
#2142=ADVANCED_FACE('',(#1923,#1924),#161,.F.);
#2143=ADVANCED_FACE('',(#1925),#2040,.T.);
#2144=ADVANCED_FACE('',(#1926),#2041,.T.);
#2145=ADVANCED_FACE('',(#1927),#2042,.F.);
#2146=ADVANCED_FACE('',(#1928),#2043,.T.);
#2147=ADVANCED_FACE('',(#1929,#1930),#2044,.T.);
#2148=ADVANCED_FACE('',(#1931,#1932),#2045,.F.);
#2149=ADVANCED_FACE('',(#1933),#2046,.F.);
#2150=ADVANCED_FACE('',(#1934,#1935),#2047,.T.);
#2151=ADVANCED_FACE('',(#1936,#1937),#2048,.F.);
#2152=ADVANCED_FACE('',(#1938),#2049,.T.);
#2153=ADVANCED_FACE('',(#1939),#2050,.T.);
#2154=ADVANCED_FACE('',(#1940),#162,.T.);
#2155=ADVANCED_FACE('',(#1941),#2051,.T.);
#2156=ADVANCED_FACE('',(#1942),#2052,.F.);
#2157=ADVANCED_FACE('',(#1943,#1944),#163,.F.);
#2158=ADVANCED_FACE('',(#1945,#1946),#164,.F.);
#2159=ADVANCED_FACE('',(#1947),#2053,.T.);
#2160=ADVANCED_FACE('',(#1948,#1949),#2054,.T.);
#2161=ADVANCED_FACE('',(#1950,#1951),#2055,.F.);
#2162=ADVANCED_FACE('',(#1952),#2056,.F.);
#2163=ADVANCED_FACE('',(#1953,#1954),#2057,.T.);
#2164=ADVANCED_FACE('',(#1955,#1956),#2058,.F.);
#2165=ADVANCED_FACE('',(#1957),#2059,.T.);
#2166=ADVANCED_FACE('',(#1958),#2060,.T.);
#2167=ADVANCED_FACE('',(#1959),#2061,.F.);
#2168=ADVANCED_FACE('',(#1960,#1961),#165,.F.);
#2169=ADVANCED_FACE('',(#1962,#1963),#166,.F.);
#2170=ADVANCED_FACE('',(#1964),#2062,.F.);
#2171=ADVANCED_FACE('',(#1965,#1966),#2063,.T.);
#2172=ADVANCED_FACE('',(#1967,#1968),#2064,.F.);
#2173=ADVANCED_FACE('',(#1969),#2065,.T.);
#2174=ADVANCED_FACE('',(#1970,#1971),#2066,.T.);
#2175=ADVANCED_FACE('',(#1972,#1973),#2067,.F.);
#2176=ADVANCED_FACE('',(#1974),#2068,.T.);
#2177=ADVANCED_FACE('',(#1975),#2069,.T.);
#2178=ADVANCED_FACE('',(#1976),#2070,.F.);
#2179=ADVANCED_FACE('',(#1977,#1978),#167,.F.);
#2180=ADVANCED_FACE('',(#1979,#1980),#168,.F.);
#2181=ADVANCED_FACE('',(#1981),#2071,.F.);
#2182=ADVANCED_FACE('',(#1982,#1983),#2072,.T.);
#2183=ADVANCED_FACE('',(#1984,#1985),#2073,.F.);
#2184=ADVANCED_FACE('',(#1986),#2074,.T.);
#2185=ADVANCED_FACE('',(#1987,#1988),#2075,.T.);
#2186=ADVANCED_FACE('',(#1989,#1990),#2076,.F.);
#2187=ADVANCED_FACE('',(#1991),#2077,.T.);
#2188=ADVANCED_FACE('',(#1992),#2078,.T.);
#2189=ADVANCED_FACE('',(#1993),#2079,.F.);
#2190=ADVANCED_FACE('',(#1994,#1995),#169,.F.);
#2191=ADVANCED_FACE('',(#1996,#1997),#170,.F.);
#2192=ADVANCED_FACE('',(#1998),#2080,.F.);
#2193=ADVANCED_FACE('',(#1999,#2000),#2081,.T.);
#2194=ADVANCED_FACE('',(#2001,#2002),#2082,.F.);
#2195=ADVANCED_FACE('',(#2003),#2083,.T.);
#2196=ADVANCED_FACE('',(#2004,#2005),#2084,.T.);
#2197=ADVANCED_FACE('',(#2006,#2007),#2085,.F.);
#2198=CLOSED_SHELL('',(#2086,#2087,#2088,#2089,#2090,#2091,#2092,#2093,
#2094,#2095,#2096,#2097,#2098,#2099,#2100,#2101,#2102,#2103,#2104,#2105,
#2106,#2107,#2108,#2109,#2110,#2111,#2112,#2113,#2114,#2115,#2116,#2117,
#2118,#2119,#2120,#2121,#2122,#2123,#2124,#2125,#2126,#2127,#2128,#2129,
#2130,#2131,#2132,#2133,#2134,#2135,#2136,#2137,#2138,#2139,#2140,#2141,
#2142,#2143,#2144,#2145,#2146,#2147,#2148,#2149,#2150,#2151,#2152,#2153,
#2154,#2155,#2156,#2157,#2158,#2159,#2160,#2161,#2162,#2163,#2164,#2165,
#2166,#2167,#2168,#2169,#2170,#2171,#2172,#2173,#2174,#2175,#2176,#2177,
#2178,#2179,#2180,#2181,#2182,#2183,#2184,#2185,#2186,#2187,#2188,#2189,
#2190,#2191,#2192,#2193,#2194,#2195,#2196,#2197));
#2199=STYLED_ITEM('',(#2200),#2207);
#2200=PRESENTATION_STYLE_ASSIGNMENT((#2201));
#2201=SURFACE_STYLE_USAGE(.BOTH.,#2202);
#2202=SURFACE_SIDE_STYLE('',(#2203));
#2203=SURFACE_STYLE_FILL_AREA(#2204);
#2204=FILL_AREA_STYLE('',(#2205));
#2205=FILL_AREA_STYLE_COLOUR('',#2206);
#2206=COLOUR_RGB('',0.615686274509804,0.811764705882353,0.929411764705882);
#2207=MANIFOLD_SOLID_BREP('Hip Pitch motor holder',#2198);
#2208=SHAPE_DEFINITION_REPRESENTATION(#3773,#2209);
#2209=SHAPE_REPRESENTATION('Hip Pitch motor holder',(#2210),#3768);
#2210=AXIS2_PLACEMENT_3D('',#3081,#2442,#2443);
#2211=AXIS2_PLACEMENT_3D('',#3082,#2444,#2445);
#2212=AXIS2_PLACEMENT_3D('',#3091,#2450,#2451);
#2213=AXIS2_PLACEMENT_3D('',#3100,#2456,#2457);
#2214=AXIS2_PLACEMENT_3D('',#3101,#2458,#2459);
#2215=AXIS2_PLACEMENT_3D('',#3105,#2461,#2462);
#2216=AXIS2_PLACEMENT_3D('',#3109,#2464,#2465);
#2217=AXIS2_PLACEMENT_3D('',#3113,#2467,#2468);
#2218=AXIS2_PLACEMENT_3D('',#3117,#2470,#2471);
#2219=AXIS2_PLACEMENT_3D('',#3121,#2473,#2474);
#2220=AXIS2_PLACEMENT_3D('',#3122,#2475,#2476);
#2221=AXIS2_PLACEMENT_3D('',#3123,#2477,#2478);
#2222=AXIS2_PLACEMENT_3D('',#3125,#2479,#2480);
#2223=AXIS2_PLACEMENT_3D('',#3129,#2482,#2483);
#2224=AXIS2_PLACEMENT_3D('',#3133,#2485,#2486);
#2225=AXIS2_PLACEMENT_3D('',#3137,#2488,#2489);
#2226=AXIS2_PLACEMENT_3D('',#3141,#2491,#2492);
#2227=AXIS2_PLACEMENT_3D('',#3144,#2494,#2495);
#2228=AXIS2_PLACEMENT_3D('',#3145,#2496,#2497);
#2229=AXIS2_PLACEMENT_3D('',#3147,#2498,#2499);
#2230=AXIS2_PLACEMENT_3D('',#3149,#2500,#2501);
#2231=AXIS2_PLACEMENT_3D('',#3150,#2502,#2503);
#2232=AXIS2_PLACEMENT_3D('',#3152,#2504,#2505);
#2233=AXIS2_PLACEMENT_3D('',#3154,#2506,#2507);
#2234=AXIS2_PLACEMENT_3D('',#3155,#2508,#2509);
#2235=AXIS2_PLACEMENT_3D('',#3157,#2510,#2511);
#2236=AXIS2_PLACEMENT_3D('',#3159,#2512,#2513);
#2237=AXIS2_PLACEMENT_3D('',#3162,#2515,#2516);
#2238=AXIS2_PLACEMENT_3D('',#3163,#2517,#2518);
#2239=AXIS2_PLACEMENT_3D('',#3166,#2520,#2521);
#2240=AXIS2_PLACEMENT_3D('',#3168,#2522,#2523);
#2241=AXIS2_PLACEMENT_3D('',#3170,#2524,#2525);
#2242=AXIS2_PLACEMENT_3D('',#3171,#2526,#2527);
#2243=AXIS2_PLACEMENT_3D('',#3175,#2529,#2530);
#2244=AXIS2_PLACEMENT_3D('',#3178,#2532,#2533);
#2245=AXIS2_PLACEMENT_3D('',#3183,#2536,#2537);
#2246=AXIS2_PLACEMENT_3D('',#3184,#2538,#2539);
#2247=AXIS2_PLACEMENT_3D('',#3186,#2540,#2541);
#2248=AXIS2_PLACEMENT_3D('',#3187,#2542,#2543);
#2249=AXIS2_PLACEMENT_3D('',#3191,#2545,#2546);
#2250=AXIS2_PLACEMENT_3D('',#3195,#2548,#2549);
#2251=AXIS2_PLACEMENT_3D('',#3199,#2551,#2552);
#2252=AXIS2_PLACEMENT_3D('',#3203,#2554,#2555);
#2253=AXIS2_PLACEMENT_3D('',#3207,#2557,#2558);
#2254=AXIS2_PLACEMENT_3D('',#3211,#2560,#2561);
#2255=AXIS2_PLACEMENT_3D('',#3215,#2563,#2564);
#2256=AXIS2_PLACEMENT_3D('',#3219,#2566,#2567);
#2257=AXIS2_PLACEMENT_3D('',#3223,#2569,#2570);
#2258=AXIS2_PLACEMENT_3D('',#3227,#2572,#2573);
#2259=AXIS2_PLACEMENT_3D('',#3231,#2575,#2576);
#2260=AXIS2_PLACEMENT_3D('',#3235,#2578,#2579);
#2261=AXIS2_PLACEMENT_3D('',#3239,#2581,#2582);
#2262=AXIS2_PLACEMENT_3D('',#3243,#2584,#2585);
#2263=AXIS2_PLACEMENT_3D('',#3247,#2587,#2588);
#2264=AXIS2_PLACEMENT_3D('',#3251,#2590,#2591);
#2265=AXIS2_PLACEMENT_3D('',#3255,#2593,#2594);
#2266=AXIS2_PLACEMENT_3D('',#3259,#2596,#2597);
#2267=AXIS2_PLACEMENT_3D('',#3263,#2599,#2600);
#2268=AXIS2_PLACEMENT_3D('',#3267,#2602,#2603);
#2269=AXIS2_PLACEMENT_3D('',#3271,#2605,#2606);
#2270=AXIS2_PLACEMENT_3D('',#3275,#2608,#2609);
#2271=AXIS2_PLACEMENT_3D('',#3278,#2611,#2612);
#2272=AXIS2_PLACEMENT_3D('',#3282,#2614,#2615);
#2273=AXIS2_PLACEMENT_3D('',#3286,#2617,#2618);
#2274=AXIS2_PLACEMENT_3D('',#3290,#2620,#2621);
#2275=AXIS2_PLACEMENT_3D('',#3329,#2623,#2624);
#2276=AXIS2_PLACEMENT_3D('',#3335,#2628,#2629);
#2277=AXIS2_PLACEMENT_3D('',#3337,#2631,#2632);
#2278=AXIS2_PLACEMENT_3D('',#3338,#2633,#2634);
#2279=AXIS2_PLACEMENT_3D('',#3340,#2635,#2636);
#2280=AXIS2_PLACEMENT_3D('',#3344,#2638,#2639);
#2281=AXIS2_PLACEMENT_3D('',#3348,#2641,#2642);
#2282=AXIS2_PLACEMENT_3D('',#3352,#2644,#2645);
#2283=AXIS2_PLACEMENT_3D('',#3356,#2647,#2648);
#2284=AXIS2_PLACEMENT_3D('',#3359,#2650,#2651);
#2285=AXIS2_PLACEMENT_3D('',#3360,#2652,#2653);
#2286=AXIS2_PLACEMENT_3D('',#3362,#2654,#2655);
#2287=AXIS2_PLACEMENT_3D('',#3363,#2656,#2657);
#2288=AXIS2_PLACEMENT_3D('',#3365,#2658,#2659);
#2289=AXIS2_PLACEMENT_3D('',#3367,#2660,#2661);
#2290=AXIS2_PLACEMENT_3D('',#3369,#2663,#2664);
#2291=AXIS2_PLACEMENT_3D('',#3371,#2665,#2666);
#2292=AXIS2_PLACEMENT_3D('',#3373,#2667,#2668);
#2293=AXIS2_PLACEMENT_3D('',#3378,#2671,#2672);
#2294=AXIS2_PLACEMENT_3D('',#3379,#2673,#2674);
#2295=AXIS2_PLACEMENT_3D('',#3381,#2675,#2676);
#2296=AXIS2_PLACEMENT_3D('',#3387,#2680,#2681);
#2297=AXIS2_PLACEMENT_3D('',#3389,#2683,#2684);
#2298=AXIS2_PLACEMENT_3D('',#3390,#2685,#2686);
#2299=AXIS2_PLACEMENT_3D('',#3392,#2687,#2688);
#2300=AXIS2_PLACEMENT_3D('',#3396,#2690,#2691);
#2301=AXIS2_PLACEMENT_3D('',#3400,#2693,#2694);
#2302=AXIS2_PLACEMENT_3D('',#3404,#2696,#2697);
#2303=AXIS2_PLACEMENT_3D('',#3408,#2699,#2700);
#2304=AXIS2_PLACEMENT_3D('',#3411,#2702,#2703);
#2305=AXIS2_PLACEMENT_3D('',#3412,#2704,#2705);
#2306=AXIS2_PLACEMENT_3D('',#3414,#2706,#2707);
#2307=AXIS2_PLACEMENT_3D('',#3415,#2708,#2709);
#2308=AXIS2_PLACEMENT_3D('',#3417,#2710,#2711);
#2309=AXIS2_PLACEMENT_3D('',#3419,#2712,#2713);
#2310=AXIS2_PLACEMENT_3D('',#3426,#2717,#2718);
#2311=AXIS2_PLACEMENT_3D('',#3437,#2724,#2725);
#2312=AXIS2_PLACEMENT_3D('',#3439,#2726,#2727);
#2313=AXIS2_PLACEMENT_3D('',#3441,#2728,#2729);
#2314=AXIS2_PLACEMENT_3D('',#3443,#2730,#2731);
#2315=AXIS2_PLACEMENT_3D('',#3448,#2734,#2735);
#2316=AXIS2_PLACEMENT_3D('',#3454,#2738,#2739);
#2317=AXIS2_PLACEMENT_3D('',#3455,#2740,#2741);
#2318=AXIS2_PLACEMENT_3D('',#3457,#2742,#2743);
#2319=AXIS2_PLACEMENT_3D('',#3461,#2746,#2747);
#2320=AXIS2_PLACEMENT_3D('',#3467,#2751,#2752);
#2321=AXIS2_PLACEMENT_3D('',#3492,#2766,#2767);
#2322=AXIS2_PLACEMENT_3D('',#3493,#2768,#2769);
#2323=AXIS2_PLACEMENT_3D('',#3495,#2770,#2771);
#2324=AXIS2_PLACEMENT_3D('',#3499,#2773,#2774);
#2325=AXIS2_PLACEMENT_3D('',#3503,#2776,#2777);
#2326=AXIS2_PLACEMENT_3D('',#3507,#2779,#2780);
#2327=AXIS2_PLACEMENT_3D('',#3511,#2782,#2783);
#2328=AXIS2_PLACEMENT_3D('',#3514,#2785,#2786);
#2329=AXIS2_PLACEMENT_3D('',#3515,#2787,#2788);
#2330=AXIS2_PLACEMENT_3D('',#3517,#2789,#2790);
#2331=AXIS2_PLACEMENT_3D('',#3519,#2791,#2792);
#2332=AXIS2_PLACEMENT_3D('',#3520,#2793,#2794);
#2333=AXIS2_PLACEMENT_3D('',#3522,#2795,#2796);
#2334=AXIS2_PLACEMENT_3D('',#3523,#2797,#2798);
#2335=AXIS2_PLACEMENT_3D('',#3525,#2799,#2800);
#2336=AXIS2_PLACEMENT_3D('',#3528,#2802,#2803);
#2337=AXIS2_PLACEMENT_3D('',#3529,#2804,#2805);
#2338=AXIS2_PLACEMENT_3D('',#3535,#2808,#2809);
#2339=AXIS2_PLACEMENT_3D('',#3536,#2810,#2811);
#2340=AXIS2_PLACEMENT_3D('',#3551,#2820,#2821);
#2341=AXIS2_PLACEMENT_3D('',#3553,#2823,#2824);
#2342=AXIS2_PLACEMENT_3D('',#3555,#2826,#2827);
#2343=AXIS2_PLACEMENT_3D('',#3556,#2828,#2829);
#2344=AXIS2_PLACEMENT_3D('',#3558,#2830,#2831);
#2345=AXIS2_PLACEMENT_3D('',#3559,#2832,#2833);
#2346=AXIS2_PLACEMENT_3D('',#3561,#2834,#2835);
#2347=AXIS2_PLACEMENT_3D('',#3574,#2836,#2837);
#2348=AXIS2_PLACEMENT_3D('',#3587,#2838,#2839);
#2349=AXIS2_PLACEMENT_3D('',#3598,#2846,#2847);
#2350=AXIS2_PLACEMENT_3D('',#3611,#2848,#2849);
#2351=AXIS2_PLACEMENT_3D('',#3613,#2850,#2851);
#2352=AXIS2_PLACEMENT_3D('',#3615,#2852,#2853);
#2353=AXIS2_PLACEMENT_3D('',#3620,#2857,#2858);
#2354=AXIS2_PLACEMENT_3D('',#3624,#2861,#2862);
#2355=AXIS2_PLACEMENT_3D('',#3626,#2864,#2865);
#2356=AXIS2_PLACEMENT_3D('',#3629,#2868,#2869);
#2357=AXIS2_PLACEMENT_3D('',#3630,#2870,#2871);
#2358=AXIS2_PLACEMENT_3D('',#3632,#2873,#2874);
#2359=AXIS2_PLACEMENT_3D('',#3633,#2875,#2876);
#2360=AXIS2_PLACEMENT_3D('',#3634,#2877,#2878);
#2361=AXIS2_PLACEMENT_3D('',#3636,#2879,#2880);
#2362=AXIS2_PLACEMENT_3D('',#3637,#2881,#2882);
#2363=AXIS2_PLACEMENT_3D('',#3638,#2883,#2884);
#2364=AXIS2_PLACEMENT_3D('',#3639,#2885,#2886);
#2365=AXIS2_PLACEMENT_3D('',#3640,#2887,#2888);
#2366=AXIS2_PLACEMENT_3D('',#3641,#2889,#2890);
#2367=AXIS2_PLACEMENT_3D('',#3642,#2891,#2892);
#2368=AXIS2_PLACEMENT_3D('',#3643,#2893,#2894);
#2369=AXIS2_PLACEMENT_3D('',#3644,#2895,#2896);
#2370=AXIS2_PLACEMENT_3D('',#3645,#2897,#2898);
#2371=AXIS2_PLACEMENT_3D('',#3646,#2899,#2900);
#2372=AXIS2_PLACEMENT_3D('',#3647,#2901,#2902);
#2373=AXIS2_PLACEMENT_3D('',#3648,#2903,#2904);
#2374=AXIS2_PLACEMENT_3D('',#3649,#2905,#2906);
#2375=AXIS2_PLACEMENT_3D('',#3650,#2907,#2908);
#2376=AXIS2_PLACEMENT_3D('',#3652,#2909,#2910);
#2377=AXIS2_PLACEMENT_3D('',#3653,#2911,#2912);
#2378=AXIS2_PLACEMENT_3D('',#3655,#2913,#2914);
#2379=AXIS2_PLACEMENT_3D('',#3658,#2917,#2918);
#2380=AXIS2_PLACEMENT_3D('',#3660,#2920,#2921);
#2381=AXIS2_PLACEMENT_3D('',#3662,#2923,#2924);
#2382=AXIS2_PLACEMENT_3D('',#3665,#2927,#2928);
#2383=AXIS2_PLACEMENT_3D('',#3666,#2929,#2930);
#2384=AXIS2_PLACEMENT_3D('',#3667,#2931,#2932);
#2385=AXIS2_PLACEMENT_3D('',#3670,#2935,#2936);
#2386=AXIS2_PLACEMENT_3D('',#3671,#2937,#2938);
#2387=AXIS2_PLACEMENT_3D('',#3672,#2939,#2940);
#2388=AXIS2_PLACEMENT_3D('',#3675,#2943,#2944);
#2389=AXIS2_PLACEMENT_3D('',#3676,#2945,#2946);
#2390=AXIS2_PLACEMENT_3D('',#3677,#2947,#2948);
#2391=AXIS2_PLACEMENT_3D('',#3678,#2949,#2950);
#2392=AXIS2_PLACEMENT_3D('',#3680,#2952,#2953);
#2393=AXIS2_PLACEMENT_3D('',#3682,#2955,#2956);
#2394=AXIS2_PLACEMENT_3D('',#3683,#2957,#2958);
#2395=AXIS2_PLACEMENT_3D('',#3685,#2959,#2960);
#2396=AXIS2_PLACEMENT_3D('',#3686,#2961,#2962);
#2397=AXIS2_PLACEMENT_3D('',#3688,#2963,#2964);
#2398=AXIS2_PLACEMENT_3D('',#3691,#2967,#2968);
#2399=AXIS2_PLACEMENT_3D('',#3692,#2969,#2970);
#2400=AXIS2_PLACEMENT_3D('',#3693,#2971,#2972);
#2401=AXIS2_PLACEMENT_3D('',#3696,#2975,#2976);
#2402=AXIS2_PLACEMENT_3D('',#3697,#2977,#2978);
#2403=AXIS2_PLACEMENT_3D('',#3698,#2979,#2980);
#2404=AXIS2_PLACEMENT_3D('',#3701,#2983,#2984);
#2405=AXIS2_PLACEMENT_3D('',#3703,#2986,#2987);
#2406=AXIS2_PLACEMENT_3D('',#3705,#2989,#2990);
#2407=AXIS2_PLACEMENT_3D('',#3706,#2991,#2992);
#2408=AXIS2_PLACEMENT_3D('',#3708,#2993,#2994);
#2409=AXIS2_PLACEMENT_3D('',#3709,#2995,#2996);
#2410=AXIS2_PLACEMENT_3D('',#3711,#2997,#2998);
#2411=AXIS2_PLACEMENT_3D('',#3714,#3001,#3002);
#2412=AXIS2_PLACEMENT_3D('',#3715,#3003,#3004);
#2413=AXIS2_PLACEMENT_3D('',#3716,#3005,#3006);
#2414=AXIS2_PLACEMENT_3D('',#3719,#3009,#3010);
#2415=AXIS2_PLACEMENT_3D('',#3720,#3011,#3012);
#2416=AXIS2_PLACEMENT_3D('',#3721,#3013,#3014);
#2417=AXIS2_PLACEMENT_3D('',#3724,#3017,#3018);
#2418=AXIS2_PLACEMENT_3D('',#3726,#3020,#3021);
#2419=AXIS2_PLACEMENT_3D('',#3728,#3023,#3024);
#2420=AXIS2_PLACEMENT_3D('',#3729,#3025,#3026);
#2421=AXIS2_PLACEMENT_3D('',#3731,#3027,#3028);
#2422=AXIS2_PLACEMENT_3D('',#3732,#3029,#3030);
#2423=AXIS2_PLACEMENT_3D('',#3734,#3031,#3032);
#2424=AXIS2_PLACEMENT_3D('',#3737,#3035,#3036);
#2425=AXIS2_PLACEMENT_3D('',#3738,#3037,#3038);
#2426=AXIS2_PLACEMENT_3D('',#3739,#3039,#3040);
#2427=AXIS2_PLACEMENT_3D('',#3742,#3043,#3044);
#2428=AXIS2_PLACEMENT_3D('',#3743,#3045,#3046);
#2429=AXIS2_PLACEMENT_3D('',#3744,#3047,#3048);
#2430=AXIS2_PLACEMENT_3D('',#3747,#3051,#3052);
#2431=AXIS2_PLACEMENT_3D('',#3749,#3054,#3055);
#2432=AXIS2_PLACEMENT_3D('',#3751,#3057,#3058);
#2433=AXIS2_PLACEMENT_3D('',#3752,#3059,#3060);
#2434=AXIS2_PLACEMENT_3D('',#3754,#3061,#3062);
#2435=AXIS2_PLACEMENT_3D('',#3755,#3063,#3064);
#2436=AXIS2_PLACEMENT_3D('',#3757,#3065,#3066);
#2437=AXIS2_PLACEMENT_3D('',#3760,#3069,#3070);
#2438=AXIS2_PLACEMENT_3D('',#3761,#3071,#3072);
#2439=AXIS2_PLACEMENT_3D('',#3762,#3073,#3074);
#2440=AXIS2_PLACEMENT_3D('',#3765,#3077,#3078);
#2441=AXIS2_PLACEMENT_3D('',#3766,#3079,#3080);
#2442=DIRECTION('',(0.,0.,1.));
#2443=DIRECTION('',(1.,0.,0.));
#2444=DIRECTION('',(-0.99026806874157,0.,0.139173100960065));
#2445=DIRECTION('',(0.139173100960065,0.,0.99026806874157));
#2446=DIRECTION('',(0.139173100960065,0.,0.99026806874157));
#2447=DIRECTION('',(0.,1.,0.));
#2448=DIRECTION('',(0.139173100960065,0.,0.99026806874157));
#2449=DIRECTION('',(0.,1.,0.));
#2450=DIRECTION('',(-0.882947592858927,0.,0.469471562785891));
#2451=DIRECTION('',(0.469471562785891,0.,0.882947592858927));
#2452=DIRECTION('',(0.,1.,0.));
#2453=DIRECTION('',(0.469471562785891,0.,0.882947592858927));
#2454=DIRECTION('',(0.,1.,0.));
#2455=DIRECTION('',(0.469471562785891,0.,0.882947592858927));
#2456=DIRECTION('',(0.,1.,0.));
#2457=DIRECTION('',(0.,0.,1.));
#2458=DIRECTION('',(0.,-1.,0.));
#2459=DIRECTION('',(0.951056516295154,0.,-0.309016994374948));
#2460=DIRECTION('',(0.,1.,0.));
#2461=DIRECTION('',(0.,-1.,0.));
#2462=DIRECTION('',(0.951056516295154,0.,-0.309016994374948));
#2463=DIRECTION('',(0.,1.,0.));
#2464=DIRECTION('',(0.,-1.,0.));
#2465=DIRECTION('',(0.,0.,-1.));
#2466=DIRECTION('',(0.,1.,0.));
#2467=DIRECTION('',(0.,-1.,0.));
#2468=DIRECTION('',(0.,0.,-1.));
#2469=DIRECTION('',(0.,1.,0.));
#2470=DIRECTION('',(0.,-1.,0.));
#2471=DIRECTION('',(0.,0.,-1.));
#2472=DIRECTION('',(0.,1.,0.));
#2473=DIRECTION('',(0.,-1.,0.));
#2474=DIRECTION('',(0.,0.,-1.));
#2475=DIRECTION('',(0.,1.,0.));
#2476=DIRECTION('',(0.,0.,1.));
#2477=DIRECTION('',(0.,-1.,0.));
#2478=DIRECTION('',(0.951056516295154,0.,-0.309016994374948));
#2479=DIRECTION('',(0.,-1.,0.));
#2480=DIRECTION('',(0.,0.,-1.));
#2481=DIRECTION('',(0.,1.,0.));
#2482=DIRECTION('',(0.,-1.,0.));
#2483=DIRECTION('',(0.587785252292473,0.,0.809016994374948));
#2484=DIRECTION('',(0.,1.,0.));
#2485=DIRECTION('',(0.,-1.,0.));
#2486=DIRECTION('',(0.587785252292473,0.,0.809016994374948));
#2487=DIRECTION('',(0.,1.,0.));
#2488=DIRECTION('',(0.,-1.,0.));
#2489=DIRECTION('',(0.,0.,-1.));
#2490=DIRECTION('',(0.,1.,0.));
#2491=DIRECTION('',(0.,-1.,0.));
#2492=DIRECTION('',(0.951056516295154,0.,-0.309016994374948));
#2493=DIRECTION('',(0.,1.,0.));
#2494=DIRECTION('',(0.,1.,0.));
#2495=DIRECTION('',(0.,0.,1.));
#2496=DIRECTION('',(0.,1.,0.));
#2497=DIRECTION('',(0.,0.,1.));
#2498=DIRECTION('',(0.,-1.,0.));
#2499=DIRECTION('',(-0.951056516295154,0.,0.309016994374948));
#2500=DIRECTION('',(0.,1.,0.));
#2501=DIRECTION('',(0.,0.,1.));
#2502=DIRECTION('',(0.,1.,0.));
#2503=DIRECTION('',(0.,0.,1.));
#2504=DIRECTION('',(0.,1.,0.));
#2505=DIRECTION('',(-0.951056516295154,0.,0.309016994374948));
#2506=DIRECTION('',(0.,-1.,0.));
#2507=DIRECTION('',(1.,0.,0.));
#2508=DIRECTION('',(0.,-1.,0.));
#2509=DIRECTION('',(-0.951056516295154,0.,0.309016994374948));
#2510=DIRECTION('',(0.,1.,0.));
#2511=DIRECTION('',(0.,0.,1.));
#2512=DIRECTION('',(0.,-1.,0.));
#2513=DIRECTION('',(0.,0.,-1.));
#2514=DIRECTION('',(0.984807753012208,0.,0.17364817766693));
#2515=DIRECTION('',(0.,-1.,0.));
#2516=DIRECTION('',(1.,0.,0.));
#2517=DIRECTION('',(0.,-1.,0.));
#2518=DIRECTION('',(0.,0.,-1.));
#2519=DIRECTION('',(-0.694658370458998,0.,0.719339800338651));
#2520=DIRECTION('',(0.,-1.,0.));
#2521=DIRECTION('',(-0.587785252292473,0.,-0.809016994374948));
#2522=DIRECTION('',(0.,1.,0.));
#2523=DIRECTION('',(-0.951056516295154,0.,0.309016994374948));
#2524=DIRECTION('',(0.,1.,0.));
#2525=DIRECTION('',(0.,0.,1.));
#2526=DIRECTION('',(0.,1.,0.));
#2527=DIRECTION('',(0.,0.,1.));
#2528=DIRECTION('',(-0.469471562785891,0.,-0.882947592858927));
#2529=DIRECTION('',(0.,-1.,0.));
#2530=DIRECTION('',(0.,0.,-1.));
#2531=DIRECTION('',(-0.984807753012208,0.,-0.17364817766693));
#2532=DIRECTION('',(0.,1.,0.));
#2533=DIRECTION('',(0.,0.,1.));
#2534=DIRECTION('',(-0.139173100960065,0.,-0.99026806874157));
#2535=DIRECTION('',(0.694658370458998,0.,-0.719339800338651));
#2536=DIRECTION('',(0.,-1.,0.));
#2537=DIRECTION('',(0.,0.,-1.));
#2538=DIRECTION('',(0.,1.,0.));
#2539=DIRECTION('',(0.,0.,1.));
#2540=DIRECTION('',(0.,1.,0.));
#2541=DIRECTION('',(0.,0.,1.));
#2542=DIRECTION('',(0.,-1.,0.));
#2543=DIRECTION('',(0.951056516295154,0.,-0.309016994374948));
#2544=DIRECTION('',(0.,1.,0.));
#2545=DIRECTION('',(0.,-1.,0.));
#2546=DIRECTION('',(0.,0.,-1.));
#2547=DIRECTION('',(0.,1.,0.));
#2548=DIRECTION('',(0.,-1.,0.));
#2549=DIRECTION('',(0.,0.,-1.));
#2550=DIRECTION('',(0.,1.,0.));
#2551=DIRECTION('',(0.,1.,0.));
#2552=DIRECTION('',(0.,0.,1.));
#2553=DIRECTION('',(0.,1.,0.));
#2554=DIRECTION('',(0.,-1.,0.));
#2555=DIRECTION('',(0.,0.,-1.));
#2556=DIRECTION('',(0.,1.,0.));
#2557=DIRECTION('',(0.,-1.,0.));
#2558=DIRECTION('',(0.,0.,-1.));
#2559=DIRECTION('',(0.,1.,0.));
#2560=DIRECTION('',(0.,-1.,0.));
#2561=DIRECTION('',(0.,0.,-1.));
#2562=DIRECTION('',(0.,1.,0.));
#2563=DIRECTION('',(0.,-1.,0.));
#2564=DIRECTION('',(-0.951056516295154,0.,-0.309016994374948));
#2565=DIRECTION('',(0.,1.,0.));
#2566=DIRECTION('',(0.,-1.,0.));
#2567=DIRECTION('',(-0.951056516295154,0.,-0.309016994374948));
#2568=DIRECTION('',(0.,1.,0.));
#2569=DIRECTION('',(0.,1.,0.));
#2570=DIRECTION('',(0.,0.,1.));
#2571=DIRECTION('',(0.,1.,0.));
#2572=DIRECTION('',(0.,-1.,0.));
#2573=DIRECTION('',(0.,0.,-1.));
#2574=DIRECTION('',(0.,1.,0.));
#2575=DIRECTION('',(0.,-1.,0.));
#2576=DIRECTION('',(0.,0.,-1.));
#2577=DIRECTION('',(0.,1.,0.));
#2578=DIRECTION('',(0.,-1.,0.));
#2579=DIRECTION('',(-0.587785252292473,0.,0.809016994374947));
#2580=DIRECTION('',(0.,1.,0.));
#2581=DIRECTION('',(0.,-1.,0.));
#2582=DIRECTION('',(-0.587785252292473,0.,0.809016994374947));
#2583=DIRECTION('',(0.,1.,0.));
#2584=DIRECTION('',(0.,1.,0.));
#2585=DIRECTION('',(0.,0.,1.));
#2586=DIRECTION('',(0.,1.,0.));
#2587=DIRECTION('',(0.,-1.,0.));
#2588=DIRECTION('',(-0.587785252292473,0.,0.809016994374947));
#2589=DIRECTION('',(0.,1.,0.));
#2590=DIRECTION('',(0.,-1.,0.));
#2591=DIRECTION('',(-0.587785252292473,0.,0.809016994374947));
#2592=DIRECTION('',(0.,1.,0.));
#2593=DIRECTION('',(0.,-1.,0.));
#2594=DIRECTION('',(0.,0.,-1.));
#2595=DIRECTION('',(0.,1.,0.));
#2596=DIRECTION('',(0.,-1.,0.));
#2597=DIRECTION('',(0.587785252292473,0.,0.809016994374948));
#2598=DIRECTION('',(0.,1.,0.));
#2599=DIRECTION('',(0.,-1.,0.));
#2600=DIRECTION('',(0.587785252292473,0.,0.809016994374948));
#2601=DIRECTION('',(0.,1.,0.));
#2602=DIRECTION('',(0.,1.,0.));
#2603=DIRECTION('',(0.,0.,1.));
#2604=DIRECTION('',(0.,1.,0.));
#2605=DIRECTION('',(0.,-1.,0.));
#2606=DIRECTION('',(0.587785252292473,0.,0.809016994374948));
#2607=DIRECTION('',(0.,1.,0.));
#2608=DIRECTION('',(0.,-1.,0.));
#2609=DIRECTION('',(0.587785252292473,0.,0.809016994374948));
#2610=DIRECTION('',(0.,1.,0.));
#2611=DIRECTION('',(0.,-1.,0.));
#2612=DIRECTION('',(0.951056516295154,0.,-0.309016994374948));
#2613=DIRECTION('',(0.,1.,0.));
#2614=DIRECTION('',(0.,-1.,0.));
#2615=DIRECTION('',(0.951056516295154,0.,-0.309016994374948));
#2616=DIRECTION('',(0.,1.,0.));
#2617=DIRECTION('',(0.,1.,0.));
#2618=DIRECTION('',(0.,0.,1.));
#2619=DIRECTION('',(0.,1.,0.));
#2620=DIRECTION('',(0.,-1.,0.));
#2621=DIRECTION('',(0.951056516295154,0.,-0.309016994374948));
#2622=DIRECTION('',(0.,1.,0.));
#2623=DIRECTION('',(-0.438371146789077,0.,-0.898794046299167));
#2624=DIRECTION('',(-0.898794046299167,0.,0.438371146789077));
#2625=DIRECTION('',(-0.898794046299167,0.,0.438371146789077));
#2626=DIRECTION('',(-0.898794046299167,0.,0.438371146789077));
#2627=DIRECTION('',(0.,1.,0.));
#2628=DIRECTION('',(-0.719339800338651,0.,-0.694658370458998));
#2629=DIRECTION('',(-0.694658370458998,0.,0.719339800338651));
#2630=DIRECTION('',(-0.694658370458998,0.,0.719339800338651));
#2631=DIRECTION('',(0.,1.,0.));
#2632=DIRECTION('',(0.,0.,1.));
#2633=DIRECTION('',(0.,-1.,0.));
#2634=DIRECTION('',(0.587785252292473,0.,0.809016994374948));
#2635=DIRECTION('',(0.,-1.,0.));
#2636=DIRECTION('',(0.,0.,-1.));
#2637=DIRECTION('',(0.,1.,0.));
#2638=DIRECTION('',(0.,-1.,0.));
#2639=DIRECTION('',(-0.587785252292473,0.,0.809016994374947));
#2640=DIRECTION('',(0.,1.,0.));
#2641=DIRECTION('',(0.,-1.,0.));
#2642=DIRECTION('',(-0.587785252292473,0.,0.809016994374947));
#2643=DIRECTION('',(0.,1.,0.));
#2644=DIRECTION('',(0.,-1.,0.));
#2645=DIRECTION('',(0.,0.,-1.));
#2646=DIRECTION('',(0.,1.,0.));
#2647=DIRECTION('',(0.,-1.,0.));
#2648=DIRECTION('',(0.587785252292473,0.,0.809016994374948));
#2649=DIRECTION('',(0.,1.,0.));
#2650=DIRECTION('',(0.,1.,0.));
#2651=DIRECTION('',(0.,0.,1.));
#2652=DIRECTION('',(0.,-1.,0.));
#2653=DIRECTION('',(-0.587785252292473,0.,-0.809016994374948));
#2654=DIRECTION('',(0.,1.,0.));
#2655=DIRECTION('',(0.,0.,1.));
#2656=DIRECTION('',(0.,1.,0.));
#2657=DIRECTION('',(0.,0.,1.));
#2658=DIRECTION('',(0.,1.,0.));
#2659=DIRECTION('',(-0.587785252292473,0.,-0.809016994374948));
#2660=DIRECTION('',(0.,-1.,0.));
#2661=DIRECTION('',(1.,0.,0.));
#2662=DIRECTION('',(-0.898794046299167,0.,-0.438371146789078));
#2663=DIRECTION('',(0.,-1.,0.));
#2664=DIRECTION('',(0.587785252292473,0.,-0.809016994374947));
#2665=DIRECTION('',(0.,1.,0.));
#2666=DIRECTION('',(-0.587785252292473,0.,-0.809016994374948));
#2667=DIRECTION('',(0.,1.,0.));
#2668=DIRECTION('',(0.,0.,1.));
#2669=DIRECTION('',(0.898794046299167,0.,-0.438371146789077));
#2670=DIRECTION('',(0.898794046299167,0.,0.438371146789078));
#2671=DIRECTION('',(0.,-1.,0.));
#2672=DIRECTION('',(0.,0.,-1.));
#2673=DIRECTION('',(0.,1.,0.));
#2674=DIRECTION('',(0.,0.,1.));
#2675=DIRECTION('',(0.719339800338651,0.,-0.694658370458997));
#2676=DIRECTION('',(-0.694658370458997,0.,-0.719339800338651));
#2677=DIRECTION('',(-0.694658370458997,0.,-0.719339800338651));
#2678=DIRECTION('',(-0.694658370458997,0.,-0.719339800338651));
#2679=DIRECTION('',(0.,1.,0.));
#2680=DIRECTION('',(0.438371146789078,0.,-0.898794046299167));
#2681=DIRECTION('',(-0.898794046299167,0.,-0.438371146789078));
#2682=DIRECTION('',(-0.898794046299167,0.,-0.438371146789078));
#2683=DIRECTION('',(0.,1.,0.));
#2684=DIRECTION('',(0.,0.,1.));
#2685=DIRECTION('',(0.,-1.,0.));
#2686=DIRECTION('',(-0.587785252292473,0.,0.809016994374947));
#2687=DIRECTION('',(0.,-1.,0.));
#2688=DIRECTION('',(0.,0.,-1.));
#2689=DIRECTION('',(0.,1.,0.));
#2690=DIRECTION('',(0.,-1.,0.));
#2691=DIRECTION('',(-0.951056516295154,0.,-0.309016994374948));
#2692=DIRECTION('',(0.,1.,0.));
#2693=DIRECTION('',(0.,-1.,0.));
#2694=DIRECTION('',(-0.951056516295154,0.,-0.309016994374948));
#2695=DIRECTION('',(0.,1.,0.));
#2696=DIRECTION('',(0.,-1.,0.));
#2697=DIRECTION('',(0.,0.,-1.));
#2698=DIRECTION('',(0.,1.,0.));
#2699=DIRECTION('',(0.,-1.,0.));
#2700=DIRECTION('',(-0.587785252292473,0.,0.809016994374947));
#2701=DIRECTION('',(0.,1.,0.));
#2702=DIRECTION('',(0.,1.,0.));
#2703=DIRECTION('',(0.,0.,1.));
#2704=DIRECTION('',(0.,-1.,0.));
#2705=DIRECTION('',(0.587785252292473,0.,-0.809016994374947));
#2706=DIRECTION('',(0.,1.,0.));
#2707=DIRECTION('',(0.,0.,1.));
#2708=DIRECTION('',(0.,1.,0.));
#2709=DIRECTION('',(0.,0.,1.));
#2710=DIRECTION('',(0.,1.,0.));
#2711=DIRECTION('',(0.587785252292473,0.,-0.809016994374947));
#2712=DIRECTION('',(0.,-1.,0.));
#2713=DIRECTION('',(1.,0.,0.));
#2714=DIRECTION('',(0.,0.,-1.));
#2715=DIRECTION('',(1.,0.,0.));
#2716=DIRECTION('',(0.,0.,-1.));
#2717=DIRECTION('',(0.,-1.,0.));
#2718=DIRECTION('',(-0.951056516295154,0.,-0.309016994374948));
#2719=DIRECTION('',(7.59178764103636E-17,0.,-1.));
#2720=DIRECTION('',(-1.,0.,0.));
#2721=DIRECTION('',(7.59178764103636E-17,0.,-1.));
#2722=DIRECTION('',(1.,0.,0.));
#2723=DIRECTION('',(0.139173100960066,0.,-0.99026806874157));
#2724=DIRECTION('',(0.,-1.,0.));
#2725=DIRECTION('',(0.951056516295154,0.,0.309016994374948));
#2726=DIRECTION('',(0.,-1.,0.));
#2727=DIRECTION('',(0.,0.,-1.));
#2728=DIRECTION('',(0.,1.,0.));
#2729=DIRECTION('',(0.587785252292473,0.,-0.809016994374947));
#2730=DIRECTION('',(0.,1.,0.));
#2731=DIRECTION('',(0.,0.,1.));
#2732=DIRECTION('',(0.694658370458997,0.,0.719339800338651));
#2733=DIRECTION('',(-0.139173100960066,0.,0.99026806874157));
#2734=DIRECTION('',(0.,-1.,0.));
#2735=DIRECTION('',(0.,0.,-1.));
#2736=DIRECTION('',(-1.,0.,0.));
#2737=DIRECTION('',(-7.59178764103636E-17,0.,1.));
#2738=DIRECTION('',(0.,-1.,0.));
#2739=DIRECTION('',(0.,0.,-1.));
#2740=DIRECTION('',(0.,1.,0.));
#2741=DIRECTION('',(0.,0.,1.));
#2742=DIRECTION('',(0.99026806874157,0.,0.139173100960066));
#2743=DIRECTION('',(0.139173100960066,0.,-0.99026806874157));
#2744=DIRECTION('',(0.,1.,0.));
#2745=DIRECTION('',(0.139173100960066,0.,-0.99026806874157));
#2746=DIRECTION('',(0.882947592858927,0.,0.469471562785891));
#2747=DIRECTION('',(0.469471562785891,0.,-0.882947592858927));
#2748=DIRECTION('',(0.469471562785891,0.,-0.882947592858927));
#2749=DIRECTION('',(0.469471562785891,0.,-0.882947592858927));
#2750=DIRECTION('',(0.,1.,0.));
#2751=DIRECTION('',(0.,0.,1.));
#2752=DIRECTION('',(1.,0.,0.));
#2753=DIRECTION('',(0.,1.,0.));
#2754=DIRECTION('',(-1.,0.,0.));
#2755=DIRECTION('',(0.,1.,0.));
#2756=DIRECTION('',(-1.,0.,0.));
#2757=DIRECTION('',(0.,1.,0.));
#2758=DIRECTION('',(0.,-1.,0.));
#2759=DIRECTION('',(-1.,0.,0.));
#2760=DIRECTION('',(0.,1.,0.));
#2761=DIRECTION('',(1.,0.,0.));
#2762=DIRECTION('',(0.,1.,0.));
#2763=DIRECTION('',(-1.,0.,0.));
#2764=DIRECTION('',(0.,-1.,0.));
#2765=DIRECTION('',(-1.,0.,0.));
#2766=DIRECTION('',(0.,1.,0.));
#2767=DIRECTION('',(0.,0.,1.));
#2768=DIRECTION('',(0.,-1.,0.));
#2769=DIRECTION('',(-0.951056516295154,0.,-0.309016994374948));
#2770=DIRECTION('',(0.,-1.,0.));
#2771=DIRECTION('',(0.,0.,-1.));
#2772=DIRECTION('',(0.,1.,0.));
#2773=DIRECTION('',(0.,-1.,0.));
#2774=DIRECTION('',(0.,0.,-1.));
#2775=DIRECTION('',(0.,1.,0.));
#2776=DIRECTION('',(0.,-1.,0.));
#2777=DIRECTION('',(0.,0.,-1.));
#2778=DIRECTION('',(0.,1.,0.));
#2779=DIRECTION('',(0.,-1.,0.));
#2780=DIRECTION('',(0.,0.,-1.));
#2781=DIRECTION('',(0.,1.,0.));
#2782=DIRECTION('',(0.,-1.,0.));
#2783=DIRECTION('',(-0.951056516295154,0.,-0.309016994374948));
#2784=DIRECTION('',(0.,1.,0.));
#2785=DIRECTION('',(0.,1.,0.));
#2786=DIRECTION('',(0.,0.,1.));
#2787=DIRECTION('',(0.,1.,0.));
#2788=DIRECTION('',(0.,0.,1.));
#2789=DIRECTION('',(0.,1.,0.));
#2790=DIRECTION('',(0.951056516295154,0.,0.309016994374948));
#2791=DIRECTION('',(0.,1.,0.));
#2792=DIRECTION('',(0.,0.,1.));
#2793=DIRECTION('',(0.,-1.,0.));
#2794=DIRECTION('',(0.951056516295154,0.,0.309016994374948));
#2795=DIRECTION('',(0.,-1.,0.));
#2796=DIRECTION('',(1.,0.,0.));
#2797=DIRECTION('',(0.,-1.,0.));
#2798=DIRECTION('',(0.,0.,1.));
#2799=DIRECTION('',(0.,1.,0.));
#2800=DIRECTION('',(0.951056516295154,0.,0.309016994374948));
#2801=DIRECTION('',(0.984807753012208,0.,-0.17364817766693));
#2802=DIRECTION('',(0.,1.,0.));
#2803=DIRECTION('',(0.,0.,1.));
#2804=DIRECTION('',(0.,1.,0.));
#2805=DIRECTION('',(0.,0.,1.));
#2806=DIRECTION('',(-0.469471562785891,0.,0.882947592858927));
#2807=DIRECTION('',(-0.984807753012208,0.,0.17364817766693));
#2808=DIRECTION('',(0.,-1.,0.));
#2809=DIRECTION('',(0.,0.,-1.));
#2810=DIRECTION('',(1.,0.,7.59178764103636E-17));
#2811=DIRECTION('',(7.59178764103636E-17,0.,-1.));
#2812=DIRECTION('',(-7.59178764103636E-17,0.,1.));
#2813=DIRECTION('',(0.,-1.,0.));
#2814=DIRECTION('',(-7.59178764103636E-17,0.,1.));
#2815=DIRECTION('',(7.59178764103636E-17,0.,-1.));
#2816=DIRECTION('',(0.,1.,0.));
#2817=DIRECTION('',(7.59178764103636E-17,9.75529795965656E-33,-1.));
#2818=DIRECTION('',(0.,-1.,0.));
#2819=DIRECTION('',(0.,1.,0.));
#2820=DIRECTION('',(-0.17364817766693,0.,0.984807753012208));
#2821=DIRECTION('',(0.984807753012208,0.,0.17364817766693));
#2822=DIRECTION('',(0.984807753012208,0.,0.17364817766693));
#2823=DIRECTION('',(0.17364817766693,0.,0.984807753012208));
#2824=DIRECTION('',(0.984807753012208,0.,-0.17364817766693));
#2825=DIRECTION('',(0.984807753012208,0.,-0.17364817766693));
#2826=DIRECTION('',(0.,1.,0.));
#2827=DIRECTION('',(0.,0.,1.));
#2828=DIRECTION('',(0.,1.,0.));
#2829=DIRECTION('',(0.,0.,1.));
#2830=DIRECTION('',(0.,1.,0.));
#2831=DIRECTION('',(0.,0.,1.));
#2832=DIRECTION('',(0.,-1.,0.));
#2833=DIRECTION('',(0.,0.,1.));
#2834=DIRECTION('',(-0.866025403784438,0.,-0.5));
#2835=DIRECTION('',(-0.5,0.,0.866025403784438));
#2836=DIRECTION('',(0.866025403784439,0.,-0.5));
#2837=DIRECTION('',(-0.5,0.,-0.866025403784439));
#2838=DIRECTION('',(1.,0.,7.59178764103636E-17));
#2839=DIRECTION('',(7.59178764103636E-17,0.,-1.));
#2840=DIRECTION('',(-7.59178764103636E-17,0.,1.));
#2841=DIRECTION('',(0.,-1.,0.));
#2842=DIRECTION('',(0.,-1.,0.));
#2843=DIRECTION('',(7.59178764103636E-17,9.75529795965656E-33,-1.));
#2844=DIRECTION('',(0.,1.,0.));
#2845=DIRECTION('',(7.59178764103636E-17,0.,-1.));
#2846=DIRECTION('',(0.,1.,0.));
#2847=DIRECTION('',(0.,0.,1.));
#2848=DIRECTION('',(0.,-1.,0.));
#2849=DIRECTION('',(0.,0.,-1.));
#2850=DIRECTION('',(0.,-1.,0.));
#2851=DIRECTION('',(0.,0.,-1.));
#2852=DIRECTION('',(1.,0.,0.));
#2853=DIRECTION('',(0.,0.,-1.));
#2854=DIRECTION('',(0.,1.,0.));
#2855=DIRECTION('',(0.,1.,0.));
#2856=DIRECTION('',(0.,0.,-1.));
#2857=DIRECTION('',(0.,0.,1.));
#2858=DIRECTION('',(1.,0.,0.));
#2859=DIRECTION('',(0.,1.,0.));
#2860=DIRECTION('',(1.,0.,0.));
#2861=DIRECTION('',(1.,0.,7.86533638535341E-17));
#2862=DIRECTION('',(7.86533638535341E-17,0.,-1.));
#2863=DIRECTION('',(7.86533638535341E-17,0.,-1.));
#2864=DIRECTION('',(0.,0.,1.));
#2865=DIRECTION('',(1.,0.,0.));
#2866=DIRECTION('',(1.,1.28498035257541E-16,0.));
#2867=DIRECTION('',(1.,0.,0.));
#2868=DIRECTION('',(0.,-1.,0.));
#2869=DIRECTION('',(1.,0.,0.));
#2870=DIRECTION('',(0.,0.,1.));
#2871=DIRECTION('',(1.,0.,0.));
#2872=DIRECTION('',(-1.,-1.28498035257541E-16,0.));
#2873=DIRECTION('',(1.28498035257541E-16,-1.,0.));
#2874=DIRECTION('',(1.,1.28498035257541E-16,0.));
#2875=DIRECTION('',(0.,1.,0.));
#2876=DIRECTION('',(-1.,0.,0.));
#2877=DIRECTION('',(0.,1.,0.));
#2878=DIRECTION('',(0.,0.,1.));
#2879=DIRECTION('',(0.,-1.,0.));
#2880=DIRECTION('',(0.,0.,-1.));
#2881=DIRECTION('',(0.,-1.,0.));
#2882=DIRECTION('',(0.,0.,-1.));
#2883=DIRECTION('',(0.,-1.,0.));
#2884=DIRECTION('',(0.,0.,-1.));
#2885=DIRECTION('',(0.,-1.,0.));
#2886=DIRECTION('',(0.,0.,-1.));
#2887=DIRECTION('',(0.,-1.,0.));
#2888=DIRECTION('',(0.,0.,-1.));
#2889=DIRECTION('',(0.,-1.,0.));
#2890=DIRECTION('',(0.,0.,-1.));
#2891=DIRECTION('',(0.,-1.,0.));
#2892=DIRECTION('',(0.,0.,-1.));
#2893=DIRECTION('',(0.,-1.,0.));
#2894=DIRECTION('',(0.,0.,-1.));
#2895=DIRECTION('',(0.,1.,0.));
#2896=DIRECTION('',(0.,0.,1.));
#2897=DIRECTION('',(0.,-1.,0.));
#2898=DIRECTION('',(0.,0.,-1.));
#2899=DIRECTION('',(0.,-1.,0.));
#2900=DIRECTION('',(0.,0.,-1.));
#2901=DIRECTION('',(0.,-1.,0.));
#2902=DIRECTION('',(0.,0.,-1.));
#2903=DIRECTION('',(0.,0.,1.));
#2904=DIRECTION('',(1.,0.,0.));
#2905=DIRECTION('',(0.,1.,0.));
#2906=DIRECTION('',(0.,0.,1.));
#2907=DIRECTION('',(0.,1.,0.));
#2908=DIRECTION('',(0.,0.,1.));
#2909=DIRECTION('',(0.,1.,0.));
#2910=DIRECTION('',(0.,0.,1.));
#2911=DIRECTION('',(0.,-1.,0.));
#2912=DIRECTION('',(0.,0.,1.));
#2913=DIRECTION('',(0.,1.,0.));
#2914=DIRECTION('',(0.,0.,1.));
#2915=DIRECTION('',(-0.984807753012208,0.,0.17364817766693));
#2916=DIRECTION('',(-0.984807753012208,0.,-0.17364817766693));
#2917=DIRECTION('',(0.17364817766693,0.,0.984807753012208));
#2918=DIRECTION('',(0.984807753012208,0.,-0.17364817766693));
#2919=DIRECTION('',(0.984807753012208,0.,-0.17364817766693));
#2920=DIRECTION('',(-0.17364817766693,0.,0.984807753012208));
#2921=DIRECTION('',(0.984807753012208,0.,0.17364817766693));
#2922=DIRECTION('',(0.984807753012208,0.,0.17364817766693));
#2923=DIRECTION('',(0.342020143325669,0.,0.939692620785908));
#2924=DIRECTION('',(0.939692620785908,0.,-0.342020143325669));
#2925=DIRECTION('',(0.939692620785908,0.,-0.342020143325669));
#2926=DIRECTION('',(0.939692620785908,0.,-0.342020143325669));
#2927=DIRECTION('',(0.,1.,0.));
#2928=DIRECTION('',(-1.,0.,0.));
#2929=DIRECTION('',(0.,1.,0.));
#2930=DIRECTION('',(-1.,0.,0.));
#2931=DIRECTION('',(-0.342020143325668,0.,0.939692620785909));
#2932=DIRECTION('',(0.939692620785909,0.,0.342020143325668));
#2933=DIRECTION('',(0.939692620785909,0.,0.342020143325668));
#2934=DIRECTION('',(0.939692620785909,0.,0.342020143325668));
#2935=DIRECTION('',(0.,1.,0.));
#2936=DIRECTION('',(-1.,0.,0.));
#2937=DIRECTION('',(0.,1.,0.));
#2938=DIRECTION('',(-1.,0.,0.));
#2939=DIRECTION('',(0.99026806874157,0.,0.139173100960066));
#2940=DIRECTION('',(0.139173100960066,0.,-0.99026806874157));
#2941=DIRECTION('',(0.139173100960066,0.,-0.99026806874157));
#2942=DIRECTION('',(-0.139173100960066,0.,0.99026806874157));
#2943=DIRECTION('',(0.,1.,0.));
#2944=DIRECTION('',(0.,0.,1.));
#2945=DIRECTION('',(0.,1.,0.));
#2946=DIRECTION('',(0.,0.,1.));
#2947=DIRECTION('',(0.,1.,0.));
#2948=DIRECTION('',(0.,0.,1.));
#2949=DIRECTION('',(0.,1.,0.));
#2950=DIRECTION('',(0.,0.,1.));
#2951=DIRECTION('',(-0.469471562785891,0.,0.882947592858927));
#2952=DIRECTION('',(0.882947592858927,0.,0.469471562785891));
#2953=DIRECTION('',(0.469471562785891,0.,-0.882947592858927));
#2954=DIRECTION('',(0.469471562785891,0.,-0.882947592858927));
#2955=DIRECTION('',(0.,1.,0.));
#2956=DIRECTION('',(0.,0.,1.));
#2957=DIRECTION('',(0.,1.,0.));
#2958=DIRECTION('',(0.951056516295154,0.,0.309016994374948));
#2959=DIRECTION('',(0.,1.,0.));
#2960=DIRECTION('',(0.,0.,1.));
#2961=DIRECTION('',(0.,-1.,0.));
#2962=DIRECTION('',(0.951056516295154,0.,0.309016994374948));
#2963=DIRECTION('',(0.999390827019096,0.,-0.0348994967025011));
#2964=DIRECTION('',(-0.0348994967025011,0.,-0.999390827019096));
#2965=DIRECTION('',(-0.0348994967025011,0.,-0.999390827019096));
#2966=DIRECTION('',(-0.0348994967025011,0.,-0.999390827019096));
#2967=DIRECTION('',(0.,1.,0.));
#2968=DIRECTION('',(-0.309016994374948,0.,0.951056516295154));
#2969=DIRECTION('',(0.,1.,0.));
#2970=DIRECTION('',(-0.309016994374948,0.,0.951056516295154));
#2971=DIRECTION('',(0.788010753606722,0.,0.615661475325658));
#2972=DIRECTION('',(0.615661475325658,0.,-0.788010753606722));
#2973=DIRECTION('',(0.615661475325658,0.,-0.788010753606722));
#2974=DIRECTION('',(0.615661475325658,0.,-0.788010753606722));
#2975=DIRECTION('',(0.,1.,0.));
#2976=DIRECTION('',(-0.309016994374948,0.,0.951056516295154));
#2977=DIRECTION('',(0.,1.,0.));
#2978=DIRECTION('',(-0.309016994374948,0.,0.951056516295154));
#2979=DIRECTION('',(0.,1.,0.));
#2980=DIRECTION('',(0.,0.,1.));
#2981=DIRECTION('',(0.898794046299167,0.,0.438371146789078));
#2982=DIRECTION('',(0.694658370458997,0.,0.719339800338651));
#2983=DIRECTION('',(0.438371146789078,0.,-0.898794046299167));
#2984=DIRECTION('',(-0.898794046299167,0.,-0.438371146789078));
#2985=DIRECTION('',(-0.898794046299167,0.,-0.438371146789078));
#2986=DIRECTION('',(0.719339800338651,0.,-0.694658370458997));
#2987=DIRECTION('',(-0.694658370458997,0.,-0.719339800338651));
#2988=DIRECTION('',(-0.694658370458997,0.,-0.719339800338651));
#2989=DIRECTION('',(0.,1.,0.));
#2990=DIRECTION('',(0.,0.,1.));
#2991=DIRECTION('',(0.,-1.,0.));
#2992=DIRECTION('',(0.587785252292473,0.,-0.809016994374947));
#2993=DIRECTION('',(0.,1.,0.));
#2994=DIRECTION('',(0.,0.,1.));
#2995=DIRECTION('',(0.,1.,0.));
#2996=DIRECTION('',(0.587785252292473,0.,-0.809016994374947));
#2997=DIRECTION('',(0.829037572555042,0.,-0.559192903470747));
#2998=DIRECTION('',(-0.559192903470747,0.,-0.829037572555042));
#2999=DIRECTION('',(-0.559192903470747,0.,-0.829037572555041));
#3000=DIRECTION('',(-0.559192903470747,0.,-0.829037572555041));
#3001=DIRECTION('',(0.,1.,0.));
#3002=DIRECTION('',(0.809016994374947,0.,0.587785252292473));
#3003=DIRECTION('',(0.,1.,0.));
#3004=DIRECTION('',(0.809016994374947,0.,0.587785252292473));
#3005=DIRECTION('',(0.275637355816999,0.,-0.961261695938319));
#3006=DIRECTION('',(-0.961261695938319,0.,-0.275637355816999));
#3007=DIRECTION('',(-0.961261695938319,0.,-0.275637355816999));
#3008=DIRECTION('',(-0.961261695938319,0.,-0.275637355816999));
#3009=DIRECTION('',(0.,1.,0.));
#3010=DIRECTION('',(0.809016994374947,0.,0.587785252292473));
#3011=DIRECTION('',(0.,1.,0.));
#3012=DIRECTION('',(0.809016994374947,0.,0.587785252292473));
#3013=DIRECTION('',(0.,1.,0.));
#3014=DIRECTION('',(0.,0.,1.));
#3015=DIRECTION('',(0.694658370458998,0.,-0.719339800338651));
#3016=DIRECTION('',(0.898794046299167,0.,-0.438371146789077));
#3017=DIRECTION('',(-0.719339800338651,0.,-0.694658370458998));
#3018=DIRECTION('',(-0.694658370458998,0.,0.719339800338651));
#3019=DIRECTION('',(-0.694658370458998,0.,0.719339800338651));
#3020=DIRECTION('',(-0.438371146789077,0.,-0.898794046299167));
#3021=DIRECTION('',(-0.898794046299167,0.,0.438371146789077));
#3022=DIRECTION('',(-0.898794046299167,0.,0.438371146789077));
#3023=DIRECTION('',(0.,1.,0.));
#3024=DIRECTION('',(0.,0.,1.));
#3025=DIRECTION('',(0.,-1.,0.));
#3026=DIRECTION('',(-0.587785252292473,0.,-0.809016994374948));
#3027=DIRECTION('',(0.,1.,0.));
#3028=DIRECTION('',(0.,0.,1.));
#3029=DIRECTION('',(0.,1.,0.));
#3030=DIRECTION('',(-0.587785252292473,0.,-0.809016994374948));
#3031=DIRECTION('',(-0.275637355816999,0.,-0.961261695938319));
#3032=DIRECTION('',(-0.961261695938319,0.,0.275637355816999));
#3033=DIRECTION('',(-0.961261695938319,0.,0.275637355816999));
#3034=DIRECTION('',(-0.961261695938319,0.,0.275637355816999));
#3035=DIRECTION('',(0.,1.,0.));
#3036=DIRECTION('',(0.809016994374948,0.,-0.587785252292473));
#3037=DIRECTION('',(0.,1.,0.));
#3038=DIRECTION('',(0.809016994374948,0.,-0.587785252292473));
#3039=DIRECTION('',(-0.829037572555042,0.,-0.559192903470747));
#3040=DIRECTION('',(-0.559192903470747,0.,0.829037572555042));
#3041=DIRECTION('',(-0.559192903470747,0.,0.829037572555042));
#3042=DIRECTION('',(-0.559192903470747,0.,0.829037572555042));
#3043=DIRECTION('',(0.,1.,0.));
#3044=DIRECTION('',(0.809016994374948,0.,-0.587785252292473));
#3045=DIRECTION('',(0.,1.,0.));
#3046=DIRECTION('',(0.809016994374948,0.,-0.587785252292473));
#3047=DIRECTION('',(0.,1.,0.));
#3048=DIRECTION('',(0.,0.,1.));
#3049=DIRECTION('',(-0.469471562785891,0.,-0.882947592858927));
#3050=DIRECTION('',(-0.139173100960065,0.,-0.99026806874157));
#3051=DIRECTION('',(-0.882947592858927,0.,0.469471562785891));
#3052=DIRECTION('',(0.469471562785891,0.,0.882947592858927));
#3053=DIRECTION('',(0.469471562785891,0.,0.882947592858927));
#3054=DIRECTION('',(-0.99026806874157,0.,0.139173100960065));
#3055=DIRECTION('',(0.139173100960065,0.,0.99026806874157));
#3056=DIRECTION('',(0.139173100960065,0.,0.99026806874157));
#3057=DIRECTION('',(0.,1.,0.));
#3058=DIRECTION('',(0.,0.,1.));
#3059=DIRECTION('',(0.,-1.,0.));
#3060=DIRECTION('',(-0.951056516295154,0.,0.309016994374948));
#3061=DIRECTION('',(0.,1.,0.));
#3062=DIRECTION('',(0.,0.,1.));
#3063=DIRECTION('',(0.,1.,0.));
#3064=DIRECTION('',(-0.951056516295154,0.,0.309016994374948));
#3065=DIRECTION('',(-0.999390827019096,0.,-0.0348994967025007));
#3066=DIRECTION('',(-0.0348994967025007,0.,0.999390827019096));
#3067=DIRECTION('',(-0.0348994967025007,0.,0.999390827019096));
#3068=DIRECTION('',(-0.0348994967025007,0.,0.999390827019096));
#3069=DIRECTION('',(0.,1.,0.));
#3070=DIRECTION('',(-0.309016994374948,0.,-0.951056516295154));
#3071=DIRECTION('',(0.,1.,0.));
#3072=DIRECTION('',(-0.309016994374948,0.,-0.951056516295154));
#3073=DIRECTION('',(-0.788010753606722,0.,0.615661475325658));
#3074=DIRECTION('',(0.615661475325658,0.,0.788010753606722));
#3075=DIRECTION('',(0.615661475325658,0.,0.788010753606722));
#3076=DIRECTION('',(0.615661475325658,0.,0.788010753606722));
#3077=DIRECTION('',(0.,1.,0.));
#3078=DIRECTION('',(-0.309016994374948,0.,-0.951056516295154));
#3079=DIRECTION('',(0.,1.,0.));
#3080=DIRECTION('',(-0.309016994374948,0.,-0.951056516295154));
#3081=CARTESIAN_POINT('',(0.,0.,0.));
#3082=CARTESIAN_POINT('',(0.00535816438696253,-0.005002,0.0501803206465505));
#3083=CARTESIAN_POINT('',(0.00535816438696253,-0.00125,0.0501803206465505));
#3084=CARTESIAN_POINT('',(0.0048710585336023,-0.00125,0.046714382405955));
#3085=CARTESIAN_POINT('',(0.00584527024032276,-0.00125,0.053646258887146));
#3086=CARTESIAN_POINT('',(0.0048710585336023,-0.005002,0.046714382405955));
#3087=CARTESIAN_POINT('',(0.0048710585336023,0.,0.046714382405955));
#3088=CARTESIAN_POINT('',(0.00535816438696253,0.,0.0501803206465505));
#3089=CARTESIAN_POINT('',(0.00584527024032276,0.,0.053646258887146));
#3090=CARTESIAN_POINT('',(0.00584527024032276,-0.005002,0.053646258887146));
#3091=CARTESIAN_POINT('',(0.0180746551672568,-0.005002,0.0460484823250687));
#3092=CARTESIAN_POINT('',(0.0164315046975061,-0.005002,0.0429581657500624));
#3093=CARTESIAN_POINT('',(0.0164315046975061,-0.00125,0.0429581657500624));
#3094=CARTESIAN_POINT('',(0.0164315046975061,0.,0.0429581657500624));
#3095=CARTESIAN_POINT('',(0.0180746551672568,-0.00125,0.0460484823250687));
#3096=CARTESIAN_POINT('',(0.0197178056370074,-0.00125,0.049138798900075));
#3097=CARTESIAN_POINT('',(0.0197178056370074,-0.005002,0.049138798900075));
#3098=CARTESIAN_POINT('',(0.0197178056370074,0.,0.049138798900075));
#3099=CARTESIAN_POINT('',(0.0180746551672568,0.,0.0460484823250687));
#3100=CARTESIAN_POINT('',(0.,-0.003,0.012055));
#3101=CARTESIAN_POINT('',(-1.7347234759768E-18,-0.00125,0.012055));
#3102=CARTESIAN_POINT('',(0.0258577819636777,-0.00125,0.0451514516514823));
#3103=CARTESIAN_POINT('',(0.0258577819636777,-0.00375,0.0451514516514823));
#3104=CARTESIAN_POINT('',(0.0258577819636777,-0.00375,0.0451514516514823));
#3105=CARTESIAN_POINT('',(-1.7347234759768E-18,-0.00375,0.012055));
#3106=CARTESIAN_POINT('',(0.0197178056370074,-0.00375,0.049138798900075));
#3107=CARTESIAN_POINT('',(0.0197178056370074,-0.005002,0.049138798900075));
#3108=CARTESIAN_POINT('',(0.0197178056370074,-0.005,0.049138798900075));
#3109=CARTESIAN_POINT('',(0.,-0.005,0.012055));
#3110=CARTESIAN_POINT('',(0.0413619256265128,-0.005,0.0193482234620111));
#3111=CARTESIAN_POINT('',(0.0413619256265128,-0.005002,0.0193482234620111));
#3112=CARTESIAN_POINT('',(0.0413619256265128,-0.00375,0.0193482234620111));
#3113=CARTESIAN_POINT('',(0.,-0.00375,0.012055));
#3114=CARTESIAN_POINT('',(0.0394670900730082,-0.00375,0.0264198460196781));
#3115=CARTESIAN_POINT('',(0.0394670900730082,-0.00375,0.0264198460196781));
#3116=CARTESIAN_POINT('',(0.0394670900730082,-0.00125,0.0264198460196781));
#3117=CARTESIAN_POINT('',(0.,-0.00125,0.012055));
#3118=CARTESIAN_POINT('',(0.0413619256265128,-0.00125,0.0193482234620111));
#3119=CARTESIAN_POINT('',(0.0413619256265128,-0.005002,0.0193482234620111));
#3120=CARTESIAN_POINT('',(0.0413619256265128,0.,0.0193482234620111));
#3121=CARTESIAN_POINT('',(0.,0.,0.012055));
#3122=CARTESIAN_POINT('',(0.,-0.003,0.012055));
#3123=CARTESIAN_POINT('',(-1.7347234759768E-18,-0.00125,0.012055));
#3124=CARTESIAN_POINT('',(-0.00146577886150504,-0.00125,0.054029414734802));
#3125=CARTESIAN_POINT('',(0.,0.,0.012055));
#3126=CARTESIAN_POINT('',(-0.0291756515592779,1.7347234759768E-18,0.0422672716142233));
#3127=CARTESIAN_POINT('',(-0.0291756515592779,-0.005002,0.0422672716142233));
#3128=CARTESIAN_POINT('',(-0.0291756515592779,-0.00125,0.0422672716142233));
#3129=CARTESIAN_POINT('',(-8.67361737988404E-19,-0.00125,0.012055));
#3130=CARTESIAN_POINT('',(-0.0234861019457713,-0.00125,0.0468745780473118));
#3131=CARTESIAN_POINT('',(-0.0234861019457713,-0.00375,0.0468745780473118));
#3132=CARTESIAN_POINT('',(-0.0234861019457713,-0.00375,0.0468745780473118));
#3133=CARTESIAN_POINT('',(-8.67361737988404E-19,-0.00375,0.012055));
#3134=CARTESIAN_POINT('',(-0.0291756515592779,-0.00375,0.0422672716142233));
#3135=CARTESIAN_POINT('',(-0.0291756515592779,-0.005002,0.0422672716142233));
#3136=CARTESIAN_POINT('',(-0.0291756515592779,-0.005,0.0422672716142233));
#3137=CARTESIAN_POINT('',(0.,-0.005,0.012055));
#3138=CARTESIAN_POINT('',(0.00584527024032276,-0.005,0.053646258887146));
#3139=CARTESIAN_POINT('',(0.00584527024032276,-0.005002,0.053646258887146));
#3140=CARTESIAN_POINT('',(0.00584527024032276,-0.00375,0.053646258887146));
#3141=CARTESIAN_POINT('',(-1.7347234759768E-18,-0.00375,0.012055));
#3142=CARTESIAN_POINT('',(-0.00146577886150504,-0.00375,0.054029414734802));
#3143=CARTESIAN_POINT('',(-0.00146577886150504,-0.00375,0.054029414734802));
#3144=CARTESIAN_POINT('',(0.0209686028480786,-0.005002,0.0443438168658988));
#3145=CARTESIAN_POINT('',(0.0209686028480786,-0.005,0.0443438168658988));
#3146=CARTESIAN_POINT('',(0.0209686028480786,-0.005,0.0459438168658988));
#3147=CARTESIAN_POINT('',(0.0209686028480786,-0.00375,0.0443438168658988));
#3148=CARTESIAN_POINT('',(0.0194469124220063,-0.00375,0.0448382440568988));
#3149=CARTESIAN_POINT('',(0.00201493431535335,-0.005002,0.0505022370880511));
#3150=CARTESIAN_POINT('',(0.00201493431535335,-0.005,0.0505022370880511));
#3151=CARTESIAN_POINT('',(0.00201493431535335,-0.005,0.0521022370880511));
#3152=CARTESIAN_POINT('',(0.00201493431535335,-0.00375,0.0505022370880511));
#3153=CARTESIAN_POINT('',(0.000493243889281104,-0.00375,0.050996664279051));
#3154=CARTESIAN_POINT('',(0.,0.,0.012055));
#3155=CARTESIAN_POINT('',(0.0209686028480786,0.,0.0443438168658988));
#3156=CARTESIAN_POINT('',(0.0194469124220063,0.,0.0448382440568988));
#3157=CARTESIAN_POINT('',(0.0371881443121292,0.,0.0220195332364471));
#3158=CARTESIAN_POINT('',(0.0371881443121292,0.,0.0236195332364471));
#3159=CARTESIAN_POINT('',(3.8218126580114E-18,0.,0.012055));
#3160=CARTESIAN_POINT('',(0.0344682713554273,0.,0.0181326862183425));
#3161=CARTESIAN_POINT('',(0.0379150984909701,0.,0.0187404548401768));
#3162=CARTESIAN_POINT('',(0.,0.,0.012055));
#3163=CARTESIAN_POINT('',(3.8218126580114E-18,0.,0.012055));
#3164=CARTESIAN_POINT('',(-0.024313042966065,1.7347234759768E-18,0.0372318930118528));
#3165=CARTESIAN_POINT('',(-0.0267443472626714,1.7347234759768E-18,0.0397495823130381));
#3166=CARTESIAN_POINT('',(-0.0242288350554188,1.7347234759768E-18,0.0419751195160934));
#3167=CARTESIAN_POINT('',(-0.0251692914590867,1.7347234759768E-18,0.0406806923250935));
#3168=CARTESIAN_POINT('',(0.00201493431535335,0.,0.0505022370880511));
#3169=CARTESIAN_POINT('',(0.000493243889281104,0.,0.050996664279051));
#3170=CARTESIAN_POINT('',(0.,-0.005,0.051055));
#3171=CARTESIAN_POINT('',(0.0371881443121292,-0.005,0.0220195332364471));
#3172=CARTESIAN_POINT('',(0.0371881443121292,-0.005,0.0236195332364471));
#3173=CARTESIAN_POINT('',(0.0180746551672568,-0.005,0.0460484823250687));
#3174=CARTESIAN_POINT('',(0.016900976260292,-0.005,0.0438411133429214));
#3175=CARTESIAN_POINT('',(0.,-0.005,0.012055));
#3176=CARTESIAN_POINT('',(0.0354530791084395,-0.005,0.0183063343960095));
#3177=CARTESIAN_POINT('',(0.0379150984909701,-0.005,0.0187404548401768));
#3178=CARTESIAN_POINT('',(0.,-0.005,0.051055));
#3179=CARTESIAN_POINT('',(0.00535816438696253,-0.005,0.0501803206465505));
#3180=CARTESIAN_POINT('',(0.00501023163456237,-0.005,0.0477046504746965));
#3181=CARTESIAN_POINT('',(-0.0267443472626714,-0.005,0.0397495823130381));
#3182=CARTESIAN_POINT('',(-0.025007701336524,-0.005,0.0379512328121914));
#3183=CARTESIAN_POINT('',(0.,-0.005,0.012055));
#3184=CARTESIAN_POINT('',(-0.0242288350554188,-0.005,0.0419751195160934));
#3185=CARTESIAN_POINT('',(-0.0242288350554188,-0.005,0.0435751195160934));
#3186=CARTESIAN_POINT('',(3.8218126580114E-18,-0.04,0.012055));
#3187=CARTESIAN_POINT('',(1.90819582357449E-17,-0.00125,0.012055));
#3188=CARTESIAN_POINT('',(0.0215481516363981,-0.00125,0.0396353763762352));
#3189=CARTESIAN_POINT('',(0.0344682713554273,-0.005002,0.0181326862183425));
#3190=CARTESIAN_POINT('',(0.0344682713554273,-0.00125,0.0181326862183425));
#3191=CARTESIAN_POINT('',(3.8218126580114E-18,-0.00125,0.012055));
#3192=CARTESIAN_POINT('',(0.0328892417275068,-0.00125,0.0240257050163984));
#3193=CARTESIAN_POINT('',(0.0328892417275068,-0.00375,0.0240257050163984));
#3194=CARTESIAN_POINT('',(0.0328892417275068,-0.00375,0.0240257050163984));
#3195=CARTESIAN_POINT('',(3.8218126580114E-18,-0.00375,0.012055));
#3196=CARTESIAN_POINT('',(0.0344682713554273,-0.00375,0.0181326862183425));
#3197=CARTESIAN_POINT('',(0.0344682713554273,-0.005002,0.0181326862183425));
#3198=CARTESIAN_POINT('',(0.0344682713554273,-0.005,0.0181326862183425));
#3199=CARTESIAN_POINT('',(3.8218126580114E-18,-0.005,0.012055));
#3200=CARTESIAN_POINT('',(0.0344682713554273,-0.005,0.00597731378165745));
#3201=CARTESIAN_POINT('',(0.0344682713554273,-0.005002,0.00597731378165745));
#3202=CARTESIAN_POINT('',(0.0344682713554273,-0.00375,0.00597731378165745));
#3203=CARTESIAN_POINT('',(3.8218126580114E-18,-0.00375,0.012055));
#3204=CARTESIAN_POINT('',(0.0328892417275068,-0.00375,8.42949836015738E-5));
#3205=CARTESIAN_POINT('',(0.0328892417275068,-0.00375,8.42949836015738E-5));
#3206=CARTESIAN_POINT('',(0.0328892417275068,-0.00125,8.42949836015738E-5));
#3207=CARTESIAN_POINT('',(3.8218126580114E-18,-0.00125,0.012055));
#3208=CARTESIAN_POINT('',(0.0344682713554273,-0.00125,0.00597731378165745));
#3209=CARTESIAN_POINT('',(0.0344682713554273,-0.005002,0.00597731378165745));
#3210=CARTESIAN_POINT('',(0.0344682713554273,0.,0.00597731378165745));
#3211=CARTESIAN_POINT('',(3.8218126580114E-18,0.,0.012055));
#3212=CARTESIAN_POINT('',(0.0164315046975061,0.,-0.0188481657500624));
#3213=CARTESIAN_POINT('',(0.0164315046975061,-0.005002,-0.0188481657500624));
#3214=CARTESIAN_POINT('',(0.0164315046975061,-0.00125,-0.0188481657500624));
#3215=CARTESIAN_POINT('',(-1.7347234759768E-17,-0.00125,0.012055));
#3216=CARTESIAN_POINT('',(0.021548151636398,-0.00125,-0.0155253763762353));
#3217=CARTESIAN_POINT('',(0.021548151636398,-0.00375,-0.0155253763762353));
#3218=CARTESIAN_POINT('',(0.0215481516363981,-0.00375,-0.0155253763762353));
#3219=CARTESIAN_POINT('',(-1.7347234759768E-17,-0.00375,0.012055));
#3220=CARTESIAN_POINT('',(0.0164315046975061,-0.00375,-0.0188481657500624));
#3221=CARTESIAN_POINT('',(0.0164315046975061,-0.005002,-0.0188481657500624));
#3222=CARTESIAN_POINT('',(0.0164315046975061,-0.005,-0.0188481657500624));
#3223=CARTESIAN_POINT('',(-1.7347234759768E-17,-0.005,0.012055));
#3224=CARTESIAN_POINT('',(0.0148918193558802,-0.005,-0.0196188648774006));
#3225=CARTESIAN_POINT('',(0.0148918193558802,-0.04,-0.0196188648774006));
#3226=CARTESIAN_POINT('',(0.0148918193558802,-0.04,-0.0196188648774006));
#3227=CARTESIAN_POINT('',(3.8218126580114E-18,-0.04,0.012055));
#3228=CARTESIAN_POINT('',(-0.0141081806441198,-0.04,-0.0199755984788434));
#3229=CARTESIAN_POINT('',(-0.0141081806441198,-0.04,-0.0199755984788434));
#3230=CARTESIAN_POINT('',(-0.0141081806441198,0.,-0.0199755984788434));
#3231=CARTESIAN_POINT('',(3.8218126580114E-18,0.,0.012055));
#3232=CARTESIAN_POINT('',(-0.0243130429660649,0.,-0.0131218930118528));
#3233=CARTESIAN_POINT('',(-0.0243130429660649,-0.005002,-0.0131218930118528));
#3234=CARTESIAN_POINT('',(-0.0243130429660649,-0.00125,-0.0131218930118528));
#3235=CARTESIAN_POINT('',(-1.47451495458029E-17,-0.00125,0.012055));
#3236=CARTESIAN_POINT('',(-0.0195717516214762,-0.00125,-0.0169613150394264));
#3237=CARTESIAN_POINT('',(-0.0195717516214762,-0.00375,-0.0169613150394264));
#3238=CARTESIAN_POINT('',(-0.0195717516214762,-0.00375,-0.0169613150394264));
#3239=CARTESIAN_POINT('',(-1.47451495458029E-17,-0.00375,0.012055));
#3240=CARTESIAN_POINT('',(-0.0243130429660649,-0.00375,-0.0131218930118528));
#3241=CARTESIAN_POINT('',(-0.0243130429660649,-0.005002,-0.0131218930118528));
#3242=CARTESIAN_POINT('',(-0.0243130429660649,-0.005,-0.0131218930118528));
#3243=CARTESIAN_POINT('',(-1.47451495458029E-17,-0.005,0.012055));
#3244=CARTESIAN_POINT('',(-0.0314577916204708,-0.005,-0.00328799013761773));
#3245=CARTESIAN_POINT('',(-0.0314577916204708,-0.005002,-0.00328799013761774));
#3246=CARTESIAN_POINT('',(-0.0314577916204708,-0.00375,-0.00328799013761774));
#3247=CARTESIAN_POINT('',(-1.47451495458029E-17,-0.00375,0.012055));
#3248=CARTESIAN_POINT('',(-0.0336441593578412,-0.00375,0.00240769254640503));
#3249=CARTESIAN_POINT('',(-0.0336441593578412,-0.00375,0.00240769254640503));
#3250=CARTESIAN_POINT('',(-0.0336441593578411,-0.00125,0.00240769254640504));
#3251=CARTESIAN_POINT('',(-1.47451495458029E-17,-0.00125,0.012055));
#3252=CARTESIAN_POINT('',(-0.0314577916204708,-0.00125,-0.00328799013761774));
#3253=CARTESIAN_POINT('',(-0.0314577916204708,-0.005002,-0.00328799013761774));
#3254=CARTESIAN_POINT('',(-0.0314577916204708,0.,-0.00328799013761774));
#3255=CARTESIAN_POINT('',(3.8218126580114E-18,0.,0.012055));
#3256=CARTESIAN_POINT('',(-0.0314577916204708,1.7347234759768E-18,0.0273979901376177));
#3257=CARTESIAN_POINT('',(-0.0314577916204708,-0.005002,0.0273979901376177));
#3258=CARTESIAN_POINT('',(-0.0314577916204708,-0.00125,0.0273979901376177));
#3259=CARTESIAN_POINT('',(7.80625564189563E-18,-0.00125,0.012055));
#3260=CARTESIAN_POINT('',(-0.0336441593578411,-0.00125,0.021702307453595));
#3261=CARTESIAN_POINT('',(-0.0336441593578411,-0.00375,0.021702307453595));
#3262=CARTESIAN_POINT('',(-0.0336441593578411,-0.00375,0.021702307453595));
#3263=CARTESIAN_POINT('',(7.80625564189563E-18,-0.00375,0.012055));
#3264=CARTESIAN_POINT('',(-0.0314577916204708,-0.00375,0.0273979901376177));
#3265=CARTESIAN_POINT('',(-0.0314577916204708,-0.005002,0.0273979901376177));
#3266=CARTESIAN_POINT('',(-0.0314577916204708,-0.005,0.0273979901376177));
#3267=CARTESIAN_POINT('',(7.80625564189563E-18,-0.005,0.012055));
#3268=CARTESIAN_POINT('',(-0.0243130429660649,-0.005,0.0372318930118527));
#3269=CARTESIAN_POINT('',(-0.024313042966065,-0.005002,0.0372318930118528));
#3270=CARTESIAN_POINT('',(-0.024313042966065,-0.00375,0.0372318930118528));
#3271=CARTESIAN_POINT('',(7.80625564189563E-18,-0.00375,0.012055));
#3272=CARTESIAN_POINT('',(-0.0195717516214762,-0.00375,0.0410713150394265));
#3273=CARTESIAN_POINT('',(-0.0195717516214762,-0.00375,0.0410713150394265));
#3274=CARTESIAN_POINT('',(-0.0195717516214761,-0.00125,0.0410713150394264));
#3275=CARTESIAN_POINT('',(7.80625564189563E-18,-0.00125,0.012055));
#3276=CARTESIAN_POINT('',(-0.024313042966065,-0.00125,0.0372318930118528));
#3277=CARTESIAN_POINT('',(-0.024313042966065,-0.005002,0.0372318930118528));
#3278=CARTESIAN_POINT('',(1.90819582357449E-17,-0.00125,0.012055));
#3279=CARTESIAN_POINT('',(-0.00122148238458752,-0.00125,0.0470336789456684));
#3280=CARTESIAN_POINT('',(-0.00122148238458752,-0.00375,0.0470336789456684));
#3281=CARTESIAN_POINT('',(-0.00122148238458752,-0.00375,0.0470336789456684));
#3282=CARTESIAN_POINT('',(1.90819582357449E-17,-0.00375,0.012055));
#3283=CARTESIAN_POINT('',(0.0048710585336023,-0.00375,0.046714382405955));
#3284=CARTESIAN_POINT('',(0.0048710585336023,-0.005002,0.046714382405955));
#3285=CARTESIAN_POINT('',(0.0048710585336023,-0.005,0.046714382405955));
#3286=CARTESIAN_POINT('',(1.90819582357449E-17,-0.005,0.012055));
#3287=CARTESIAN_POINT('',(0.0164315046975061,-0.005,0.0429581657500624));
#3288=CARTESIAN_POINT('',(0.0164315046975061,-0.005002,0.0429581657500624));
#3289=CARTESIAN_POINT('',(0.0164315046975061,-0.00375,0.0429581657500624));
#3290=CARTESIAN_POINT('',(1.90819582357449E-17,-0.00375,0.012055));
#3291=CARTESIAN_POINT('',(0.0215481516363981,-0.00375,0.0396353763762353));
#3292=CARTESIAN_POINT('',(0.0215481516363981,-0.00375,0.0396353763762353));
#3293=CARTESIAN_POINT('',(-0.0309214914124895,-0.0312551992672667,-0.00435092802629524));
#3294=CARTESIAN_POINT('',(-0.0311580130149204,-0.0299996792429248,-0.00388622346867874));
#3295=CARTESIAN_POINT('',(-0.0309216612201585,-0.0287460837610343,-0.00435056255685629));
#3296=CARTESIAN_POINT('',(-0.030319453833276,-0.0282271347636299,-0.00544843161375835));
#3297=CARTESIAN_POINT('',(-0.0296684224217421,-0.0287453785543,-0.00652126957235458));
#3298=CARTESIAN_POINT('',(-0.0293848197805613,-0.0299997540321296,-0.00695752694748833));
#3299=CARTESIAN_POINT('',(-0.0296675034773905,-0.0312521836979823,-0.00652269433410052));
#3300=CARTESIAN_POINT('',(-0.0303178756352476,-0.03177315304003,-0.00545118893847683));
#3301=CARTESIAN_POINT('',(-0.0309214914124895,-0.0312551992672667,-0.00435092802629524));
#3302=CARTESIAN_POINT('',(-0.0311580130149204,-0.0299996792429248,-0.00388622346867874));
#3303=CARTESIAN_POINT('',(-0.0309216612201585,-0.0287460837610343,-0.00435056255685629));
#3304=CARTESIAN_POINT('',(-0.031079200782055,-0.03,-0.00404106407631109));
#3305=CARTESIAN_POINT('',(0.0296686961496755,-0.0312551992672667,-0.00652083307297069));
#3306=CARTESIAN_POINT('',(0.0293845109987408,-0.0299996792429247,-0.00695801906802791));
#3307=CARTESIAN_POINT('',(0.0296684645476915,-0.0287460837610343,-0.00652116286544525));
#3308=CARTESIAN_POINT('',(0.0303181433475564,-0.0282271347636299,-0.00545070144160739));
#3309=CARTESIAN_POINT('',(0.0309217325680779,-0.0287453785543,-0.0043504727212592));
#3310=CARTESIAN_POINT('',(0.0311577412169417,-0.0299997540321295,-0.00388673694184944));
#3311=CARTESIAN_POINT('',(0.0309225069757685,-0.0312521836979823,-0.00434896451123311));
#3312=CARTESIAN_POINT('',(0.0303197421617948,-0.03177315304003,-0.00544795601966326));
#3313=CARTESIAN_POINT('',(0.0296686961496755,-0.0312551992672667,-0.00652083307297069));
#3314=CARTESIAN_POINT('',(0.0293845109987408,-0.0299996792429247,-0.00695801906802791));
#3315=CARTESIAN_POINT('',(0.0296684645476915,-0.0287460837610343,-0.00652116286544525));
#3316=CARTESIAN_POINT('',(0.029479200782055,-0.03,-0.00681234536842126));
#3317=CARTESIAN_POINT('',(0.00125279526281401,-0.0312551992672667,0.0470367610992659));
#3318=CARTESIAN_POINT('',(0.00177350201617976,-0.0299996792429247,0.0470092425367066));
#3319=CARTESIAN_POINT('',(0.00125319667246695,-0.0287460837610343,0.0470367254223015));
#3320=CARTESIAN_POINT('',(1.31048571968674E-6,-0.0282271347636299,0.0470641330553657));
#3321=CARTESIAN_POINT('',(-0.00125331014633588,-0.0287453785543,0.0470367422936137));
#3322=CARTESIAN_POINT('',(-0.0017729214363804,-0.0299997540321295,0.0470092638893378));
#3323=CARTESIAN_POINT('',(-0.00125500349837801,-0.0312521836979823,0.0470366588453336));
#3324=CARTESIAN_POINT('',(-1.86652654727246E-6,-0.03177315304003,0.0470641449581401));
#3325=CARTESIAN_POINT('',(0.00125279526281401,-0.0312551992672667,0.0470367610992659));
#3326=CARTESIAN_POINT('',(0.00177350201617976,-0.0299996792429247,0.0470092425367066));
#3327=CARTESIAN_POINT('',(0.00125319667246695,-0.0287460837610343,0.0470367254223015));
#3328=CARTESIAN_POINT('',(0.0016,-0.03,0.0470184094447324));
#3329=CARTESIAN_POINT('',(-0.034603570782518,-0.005002,0.0289322891513795));
#3330=CARTESIAN_POINT('',(-0.034603570782518,-0.00125,0.0289322891513795));
#3331=CARTESIAN_POINT('',(-0.037749349944565,-0.00125,0.0304665881651413));
#3332=CARTESIAN_POINT('',(-0.034603570782518,1.7347234759768E-18,0.0289322891513795));
#3333=CARTESIAN_POINT('',(-0.037749349944565,1.7347234759768E-18,0.0304665881651413));
#3334=CARTESIAN_POINT('',(-0.037749349944565,-0.005002,0.0304665881651413));
#3335=CARTESIAN_POINT('',(-0.0267443472626714,-0.005002,0.0397495823130381));
#3336=CARTESIAN_POINT('',(-0.0267443472626714,-0.00125,0.0397495823130381));
#3337=CARTESIAN_POINT('',(0.,-0.003,0.012055));
#3338=CARTESIAN_POINT('',(-8.67361737988404E-19,-0.00125,0.012055));
#3339=CARTESIAN_POINT('',(-0.0403729912294094,-0.00125,0.0236317689443139));
#3340=CARTESIAN_POINT('',(0.,0.,0.012055));
#3341=CARTESIAN_POINT('',(-0.037749349944565,0.,-0.00635658816514129));
#3342=CARTESIAN_POINT('',(-0.037749349944565,-0.005002,-0.00635658816514129));
#3343=CARTESIAN_POINT('',(-0.037749349944565,-0.00125,-0.00635658816514129));
#3344=CARTESIAN_POINT('',(1.7347234759768E-18,-0.00125,0.012055));
#3345=CARTESIAN_POINT('',(-0.0403729912294094,-0.00125,0.000478231055686042));
#3346=CARTESIAN_POINT('',(-0.0403729912294094,-0.00375,0.000478231055686042));
#3347=CARTESIAN_POINT('',(-0.0403729912294094,-0.00375,0.000478231055686042));
#3348=CARTESIAN_POINT('',(1.7347234759768E-18,-0.00375,0.012055));
#3349=CARTESIAN_POINT('',(-0.037749349944565,-0.00375,-0.00635658816514129));
#3350=CARTESIAN_POINT('',(-0.037749349944565,-0.005002,-0.00635658816514129));
#3351=CARTESIAN_POINT('',(-0.037749349944565,-0.005,-0.00635658816514129));
#3352=CARTESIAN_POINT('',(0.,-0.005,0.012055));
#3353=CARTESIAN_POINT('',(-0.037749349944565,-0.005,0.0304665881651413));
#3354=CARTESIAN_POINT('',(-0.037749349944565,-0.005002,0.0304665881651413));
#3355=CARTESIAN_POINT('',(-0.037749349944565,-0.00375,0.0304665881651413));
#3356=CARTESIAN_POINT('',(-8.67361737988404E-19,-0.00375,0.012055));
#3357=CARTESIAN_POINT('',(-0.0403729912294094,-0.00375,0.0236317689443139));
#3358=CARTESIAN_POINT('',(-0.0403729912294094,-0.00375,0.0236317689443139));
#3359=CARTESIAN_POINT('',(-0.0242288350554188,-0.005002,0.0419751195160934));
#3360=CARTESIAN_POINT('',(-0.0242288350554188,-0.00375,0.0419751195160934));
#3361=CARTESIAN_POINT('',(-0.0251692914590867,-0.00375,0.0406806923250935));
#3362=CARTESIAN_POINT('',(-0.0359428464201422,-0.005002,0.0258521660574941));
#3363=CARTESIAN_POINT('',(-0.0359428464201422,-0.005,0.0258521660574941));
#3364=CARTESIAN_POINT('',(-0.0359428464201422,-0.005,0.0274521660574941));
#3365=CARTESIAN_POINT('',(-0.0359428464201422,-0.00375,0.0258521660574941));
#3366=CARTESIAN_POINT('',(-0.0368833028238102,-0.00375,0.0245577388664942));
#3367=CARTESIAN_POINT('',(0.,0.,0.012055));
#3368=CARTESIAN_POINT('',(-0.034603570782518,0.,-0.0048222891513795));
#3369=CARTESIAN_POINT('',(-0.0359428464201423,0.,-0.00174216605749405));
#3370=CARTESIAN_POINT('',(-0.0350023900164743,0.,-0.00303659324849397));
#3371=CARTESIAN_POINT('',(-0.0359428464201422,1.7347234759768E-18,0.0258521660574941));
#3372=CARTESIAN_POINT('',(-0.0368833028238102,1.7347234759768E-18,0.0245577388664942));
#3373=CARTESIAN_POINT('',(0.,-0.005,0.051055));
#3374=CARTESIAN_POINT('',(-0.034603570782518,-0.005,0.0289322891513795));
#3375=CARTESIAN_POINT('',(-0.03235658566677,-0.005,0.0278363612844068));
#3376=CARTESIAN_POINT('',(-0.034603570782518,-0.005,-0.0048222891513795));
#3377=CARTESIAN_POINT('',(-0.03235658566677,-0.005,-0.00372636128440681));
#3378=CARTESIAN_POINT('',(0.,-0.005,0.012055));
#3379=CARTESIAN_POINT('',(-0.0359428464201423,-0.005,-0.00174216605749405));
#3380=CARTESIAN_POINT('',(-0.0359428464201423,-0.005,-0.00014216605749405));
#3381=CARTESIAN_POINT('',(-0.0267443472626714,-0.005002,-0.015639582313038));
#3382=CARTESIAN_POINT('',(-0.0267443472626714,-0.00125,-0.015639582313038));
#3383=CARTESIAN_POINT('',(-0.0291756515592779,-0.00125,-0.0181572716142234));
#3384=CARTESIAN_POINT('',(-0.0267443472626714,0.,-0.015639582313038));
#3385=CARTESIAN_POINT('',(-0.0291756515592779,0.,-0.0181572716142234));
#3386=CARTESIAN_POINT('',(-0.0291756515592779,-0.005002,-0.0181572716142234));
#3387=CARTESIAN_POINT('',(-0.034603570782518,-0.005002,-0.0048222891513795));
#3388=CARTESIAN_POINT('',(-0.034603570782518,-0.00125,-0.0048222891513795));
#3389=CARTESIAN_POINT('',(0.,-0.003,0.012055));
#3390=CARTESIAN_POINT('',(1.7347234759768E-18,-0.00125,0.012055));
#3391=CARTESIAN_POINT('',(-0.0234861019457713,-0.00125,-0.0227645780473117));
#3392=CARTESIAN_POINT('',(0.,0.,0.012055));
#3393=CARTESIAN_POINT('',(0.00584527024032278,0.,-0.0295362588871459));
#3394=CARTESIAN_POINT('',(0.00584527024032278,-0.005002,-0.0295362588871459));
#3395=CARTESIAN_POINT('',(0.00584527024032278,-0.00125,-0.0295362588871459));
#3396=CARTESIAN_POINT('',(1.7347234759768E-18,-0.00125,0.012055));
#3397=CARTESIAN_POINT('',(-0.00146577886150505,-0.00125,-0.029919414734802));
#3398=CARTESIAN_POINT('',(-0.00146577886150505,-0.00375,-0.029919414734802));
#3399=CARTESIAN_POINT('',(-0.00146577886150505,-0.00375,-0.029919414734802));
#3400=CARTESIAN_POINT('',(1.7347234759768E-18,-0.00375,0.012055));
#3401=CARTESIAN_POINT('',(0.00584527024032278,-0.00375,-0.0295362588871459));
#3402=CARTESIAN_POINT('',(0.00584527024032278,-0.005002,-0.0295362588871459));
#3403=CARTESIAN_POINT('',(0.00584527024032278,-0.005,-0.0295362588871459));
#3404=CARTESIAN_POINT('',(0.,-0.005,0.012055));
#3405=CARTESIAN_POINT('',(-0.0291756515592779,-0.005,-0.0181572716142234));
#3406=CARTESIAN_POINT('',(-0.0291756515592779,-0.005002,-0.0181572716142234));
#3407=CARTESIAN_POINT('',(-0.0291756515592779,-0.00375,-0.0181572716142234));
#3408=CARTESIAN_POINT('',(1.7347234759768E-18,-0.00375,0.012055));
#3409=CARTESIAN_POINT('',(-0.0234861019457713,-0.00375,-0.0227645780473117));
#3410=CARTESIAN_POINT('',(-0.0234861019457713,-0.00375,-0.0227645780473117));
#3411=CARTESIAN_POINT('',(-0.0359428464201423,-0.005002,-0.00174216605749405));
#3412=CARTESIAN_POINT('',(-0.0359428464201423,-0.00375,-0.00174216605749405));
#3413=CARTESIAN_POINT('',(-0.0350023900164743,-0.00375,-0.00303659324849397));
#3414=CARTESIAN_POINT('',(-0.0242288350554188,-0.005002,-0.0178651195160934));
#3415=CARTESIAN_POINT('',(-0.0242288350554188,-0.005,-0.0178651195160934));
#3416=CARTESIAN_POINT('',(-0.0242288350554188,-0.005,-0.0162651195160934));
#3417=CARTESIAN_POINT('',(-0.0242288350554188,-0.00375,-0.0178651195160934));
#3418=CARTESIAN_POINT('',(-0.0232883786517508,-0.00375,-0.0191595467070933));
#3419=CARTESIAN_POINT('',(0.,0.,0.012055));
#3420=CARTESIAN_POINT('',(-0.0141081806441198,0.,0.012055));
#3421=CARTESIAN_POINT('',(-0.0141081806441198,0.,0.024135));
#3422=CARTESIAN_POINT('',(0.,0.,0.024135));
#3423=CARTESIAN_POINT('',(0.0148918193558802,0.,0.024135));
#3424=CARTESIAN_POINT('',(0.0148918193558802,0.,0.012055));
#3425=CARTESIAN_POINT('',(0.0148918193558802,0.,-0.0196188648774006));
#3426=CARTESIAN_POINT('',(-1.7347234759768E-17,0.,0.012055));
#3427=CARTESIAN_POINT('',(0.0128918193558802,0.,-0.0204842223892236));
#3428=CARTESIAN_POINT('',(0.0128918193558802,0.,-0.000715));
#3429=CARTESIAN_POINT('',(0.0128918193558802,0.,0.));
#3430=CARTESIAN_POINT('',(0.,0.,0.));
#3431=CARTESIAN_POINT('',(-0.0121081806441198,0.,0.));
#3432=CARTESIAN_POINT('',(-0.0121081806441198,0.,-0.000715));
#3433=CARTESIAN_POINT('',(-0.0121081806441198,0.,-0.023565));
#3434=CARTESIAN_POINT('',(0.000391819355880226,0.,-0.023565));
#3435=CARTESIAN_POINT('',(0.0050060645320992,0.,-0.023565));
#3436=CARTESIAN_POINT('',(0.00535816438696254,0.,-0.0260703206465504));
#3437=CARTESIAN_POINT('',(0.00201493431535332,0.,-0.0263922370880511));
#3438=CARTESIAN_POINT('',(0.00353662474142557,0.,-0.0258978098970512));
#3439=CARTESIAN_POINT('',(0.,0.,0.012055));
#3440=CARTESIAN_POINT('',(0.,0.,0.002555));
#3441=CARTESIAN_POINT('',(-0.0242288350554188,0.,-0.0178651195160934));
#3442=CARTESIAN_POINT('',(-0.0232883786517508,0.,-0.0191595467070933));
#3443=CARTESIAN_POINT('',(0.,-0.005,0.051055));
#3444=CARTESIAN_POINT('',(-0.0267443472626714,-0.005,-0.015639582313038));
#3445=CARTESIAN_POINT('',(-0.0250077013365239,-0.005,-0.0138412328121914));
#3446=CARTESIAN_POINT('',(0.00535816438696254,-0.005,-0.0260703206465504));
#3447=CARTESIAN_POINT('',(0.00501023163456237,-0.005,-0.0235946504746966));
#3448=CARTESIAN_POINT('',(0.,-0.005,0.012055));
#3449=CARTESIAN_POINT('',(-0.00521685729151181,-0.005,-0.023565));
#3450=CARTESIAN_POINT('',(0.000391819355880226,-0.005,-0.023565));
#3451=CARTESIAN_POINT('',(-0.0121081806441198,-0.005,-0.023565));
#3452=CARTESIAN_POINT('',(-0.0121081806441198,-0.005,-0.000715));
#3453=CARTESIAN_POINT('',(-0.0121081806441198,-0.005,-0.0218476836915511));
#3454=CARTESIAN_POINT('',(0.,-0.005,0.012055));
#3455=CARTESIAN_POINT('',(0.00201493431535332,-0.005,-0.0263922370880511));
#3456=CARTESIAN_POINT('',(0.00201493431535332,-0.005,-0.0247922370880511));
#3457=CARTESIAN_POINT('',(0.00535816438696254,-0.005002,-0.0260703206465504));
#3458=CARTESIAN_POINT('',(0.0050060645320992,-0.04,-0.023565));
#3459=CARTESIAN_POINT('',(0.0050060645320992,-0.00125,-0.023565));
#3460=CARTESIAN_POINT('',(0.00535816438696254,-0.00125,-0.0260703206465504));
#3461=CARTESIAN_POINT('',(0.0180746551672568,-0.005002,-0.0219384823250687));
#3462=CARTESIAN_POINT('',(0.0180746551672568,-0.00125,-0.0219384823250687));
#3463=CARTESIAN_POINT('',(0.0197178056370074,-0.00125,-0.025028798900075));
#3464=CARTESIAN_POINT('',(0.0180746551672568,0.,-0.0219384823250687));
#3465=CARTESIAN_POINT('',(0.0197178056370074,0.,-0.025028798900075));
#3466=CARTESIAN_POINT('',(0.0197178056370074,-0.005002,-0.025028798900075));
#3467=CARTESIAN_POINT('',(0.000391819355880226,-0.04,-0.023565));
#3468=CARTESIAN_POINT('',(0.0050060645320992,-0.04,-0.023565));
#3469=CARTESIAN_POINT('',(0.0050060645320992,-0.005,-0.023565));
#3470=CARTESIAN_POINT('',(0.0050060645320992,-0.00375,-0.023565));
#3471=CARTESIAN_POINT('',(0.000391819355880226,-0.00375,-0.023565));
#3472=CARTESIAN_POINT('',(-0.00124387780929607,-0.00375,-0.023565));
#3473=CARTESIAN_POINT('',(-0.00124387780929607,-0.04,-0.023565));
#3474=CARTESIAN_POINT('',(-0.00124387780929607,-0.00125,-0.023565));
#3475=CARTESIAN_POINT('',(0.000391819355880226,-0.00125,-0.023565));
#3476=CARTESIAN_POINT('',(-0.0121081806441198,-0.04,-0.023565));
#3477=CARTESIAN_POINT('',(-0.00521685729151181,0.00909489346668124,-0.023565));
#3478=CARTESIAN_POINT('',(-0.00521685729151181,-0.02,-0.023565));
#3479=CARTESIAN_POINT('',(0.000391819355880226,-0.02,-0.023565));
#3480=CARTESIAN_POINT('',(-0.0121081806441198,-0.02,-0.023565));
#3481=CARTESIAN_POINT('',(-0.0121081806441198,-0.04,-0.023565));
#3482=CARTESIAN_POINT('',(-0.0121081806441198,-0.04,-0.023565));
#3483=CARTESIAN_POINT('',(0.000391819355880226,-0.04,-0.023565));
#3484=CARTESIAN_POINT('',(0.0128918193558802,-0.04,-0.023565));
#3485=CARTESIAN_POINT('',(0.0128918193558802,-0.04,-0.023565));
#3486=CARTESIAN_POINT('',(0.0128918193558802,-0.02,-0.023565));
#3487=CARTESIAN_POINT('',(0.000391819355880226,-0.02,-0.023565));
#3488=CARTESIAN_POINT('',(0.00521685729151181,-0.02,-0.023565));
#3489=CARTESIAN_POINT('',(0.00521685729151181,0.00909489346668124,-0.023565));
#3490=CARTESIAN_POINT('',(0.00521685729151181,-0.005,-0.023565));
#3491=CARTESIAN_POINT('',(0.000391819355880226,-0.005,-0.023565));
#3492=CARTESIAN_POINT('',(0.,-0.003,0.012055));
#3493=CARTESIAN_POINT('',(1.7347234759768E-18,-0.00125,0.012055));
#3494=CARTESIAN_POINT('',(0.0258577819636777,-0.00125,-0.0210414516514823));
#3495=CARTESIAN_POINT('',(0.,0.,0.012055));
#3496=CARTESIAN_POINT('',(0.0413619256265128,0.,0.00476177653798896));
#3497=CARTESIAN_POINT('',(0.0413619256265128,-0.005002,0.00476177653798896));
#3498=CARTESIAN_POINT('',(0.0413619256265128,-0.00125,0.00476177653798896));
#3499=CARTESIAN_POINT('',(0.,-0.00125,0.012055));
#3500=CARTESIAN_POINT('',(0.0394670900730082,-0.00125,-0.0023098460196781));
#3501=CARTESIAN_POINT('',(0.0394670900730082,-0.00375,-0.0023098460196781));
#3502=CARTESIAN_POINT('',(0.0394670900730082,-0.00375,-0.0023098460196781));
#3503=CARTESIAN_POINT('',(0.,-0.00375,0.012055));
#3504=CARTESIAN_POINT('',(0.0413619256265128,-0.00375,0.00476177653798896));
#3505=CARTESIAN_POINT('',(0.0413619256265128,-0.005002,0.00476177653798896));
#3506=CARTESIAN_POINT('',(0.0413619256265128,-0.005,0.00476177653798896));
#3507=CARTESIAN_POINT('',(0.,-0.005,0.012055));
#3508=CARTESIAN_POINT('',(0.0197178056370074,-0.005,-0.025028798900075));
#3509=CARTESIAN_POINT('',(0.0197178056370074,-0.005002,-0.025028798900075));
#3510=CARTESIAN_POINT('',(0.0197178056370074,-0.00375,-0.025028798900075));
#3511=CARTESIAN_POINT('',(1.7347234759768E-18,-0.00375,0.012055));
#3512=CARTESIAN_POINT('',(0.0258577819636777,-0.00375,-0.0210414516514823));
#3513=CARTESIAN_POINT('',(0.0258577819636777,-0.00375,-0.0210414516514823));
#3514=CARTESIAN_POINT('',(0.0209686028480786,-0.005002,-0.0202338168658989));
#3515=CARTESIAN_POINT('',(0.0209686028480786,-0.005,-0.0202338168658989));
#3516=CARTESIAN_POINT('',(0.0209686028480786,-0.005,-0.0186338168658989));
#3517=CARTESIAN_POINT('',(0.0209686028480786,-0.00375,-0.0202338168658989));
#3518=CARTESIAN_POINT('',(0.0224902932741508,-0.00375,-0.0197393896748989));
#3519=CARTESIAN_POINT('',(0.00201493431535332,-0.005002,-0.0263922370880511));
#3520=CARTESIAN_POINT('',(0.00201493431535332,-0.00375,-0.0263922370880511));
#3521=CARTESIAN_POINT('',(0.00353662474142557,-0.00375,-0.0258978098970512));
#3522=CARTESIAN_POINT('',(0.,0.,0.012055));
#3523=CARTESIAN_POINT('',(0.0371881443121292,0.,0.00209046676355292));
#3524=CARTESIAN_POINT('',(0.0371881443121292,0.,0.00369046676355292));
#3525=CARTESIAN_POINT('',(0.0209686028480786,0.,-0.0202338168658989));
#3526=CARTESIAN_POINT('',(0.0224902932741508,0.,-0.0197393896748989));
#3527=CARTESIAN_POINT('',(0.0379150984909701,0.,0.0053695451598232));
#3528=CARTESIAN_POINT('',(0.,-0.005,0.051055));
#3529=CARTESIAN_POINT('',(0.0371881443121292,-0.005,0.00209046676355292));
#3530=CARTESIAN_POINT('',(0.0371881443121292,-0.005,0.00369046676355292));
#3531=CARTESIAN_POINT('',(0.0180746551672568,-0.005,-0.0219384823250687));
#3532=CARTESIAN_POINT('',(0.016900976260292,-0.005,-0.0197311133429214));
#3533=CARTESIAN_POINT('',(0.0379150984909701,-0.005,0.0053695451598232));
#3534=CARTESIAN_POINT('',(0.0354530791084395,-0.005,0.00580366560399052));
#3535=CARTESIAN_POINT('',(0.,-0.005,0.012055));
#3536=CARTESIAN_POINT('',(0.0128918193558802,-0.04,-0.000715));
#3537=CARTESIAN_POINT('',(0.0128918193558802,-0.005,-0.000715));
#3538=CARTESIAN_POINT('',(0.0128918193558802,-0.005,-0.0215575124573477));
#3539=CARTESIAN_POINT('',(0.0128918193558802,-0.005,-0.0204842223892236));
#3540=CARTESIAN_POINT('',(0.0128918193558802,0.00909489346668124,-0.0215575124573477));
#3541=CARTESIAN_POINT('',(0.0128918193558802,-0.02,-0.0215575124573477));
#3542=CARTESIAN_POINT('',(0.0128918193558802,-0.02,-0.000715));
#3543=CARTESIAN_POINT('',(0.0128918193558802,-0.04,-0.000715));
#3544=CARTESIAN_POINT('',(0.0128918193558802,-0.04,0.022135));
#3545=CARTESIAN_POINT('',(0.0128918193558802,-0.04,0.022135));
#3546=CARTESIAN_POINT('',(0.0128918193558802,-0.001,0.022135));
#3547=CARTESIAN_POINT('',(0.0128918193558802,-0.001,-0.000715));
#3548=CARTESIAN_POINT('',(0.0128918193558802,-0.001,0.));
#3549=CARTESIAN_POINT('',(0.0128918193558802,-0.04,0.));
#3550=CARTESIAN_POINT('',(0.0128918193558802,-0.005002,-0.0204842223892236));
#3551=CARTESIAN_POINT('',(0.0379150984909701,-0.005002,0.0187404548401768));
#3552=CARTESIAN_POINT('',(0.0379150984909701,-0.00125,0.0187404548401768));
#3553=CARTESIAN_POINT('',(0.0379150984909701,-0.005002,0.0053695451598232));
#3554=CARTESIAN_POINT('',(0.0379150984909701,-0.00125,0.0053695451598232));
#3555=CARTESIAN_POINT('',(0.0371881443121292,-0.005002,0.0220195332364471));
#3556=CARTESIAN_POINT('',(0.0371881443121292,-0.00375,0.0220195332364471));
#3557=CARTESIAN_POINT('',(0.0371881443121292,-0.00375,0.0236195332364471));
#3558=CARTESIAN_POINT('',(0.0371881443121292,-0.005002,0.00209046676355292));
#3559=CARTESIAN_POINT('',(0.0371881443121292,-0.00375,0.00209046676355292));
#3560=CARTESIAN_POINT('',(0.0371881443121292,-0.00375,0.00369046676355292));
#3561=CARTESIAN_POINT('',(0.0303126211832629,-0.03,0.029556));
#3562=CARTESIAN_POINT('',(-0.0369874369341869,-0.0312527969585958,-0.00785032571801349));
#3563=CARTESIAN_POINT('',(-0.0363795150557294,-0.0317735008577821,-0.00894909381302095));
#3564=CARTESIAN_POINT('',(-0.0357329045965739,-0.0312531996102758,-0.0100232990299027));
#3565=CARTESIAN_POINT('',(-0.0354536368801927,-0.0300013046394624,-0.0104612923916194));
#3566=CARTESIAN_POINT('',(-0.0357325339366029,-0.028746700842185,-0.0100239123571252));
#3567=CARTESIAN_POINT('',(-0.0363795400060902,-0.0282270750447946,-0.00894901513787934));
#3568=CARTESIAN_POINT('',(-0.0369860012866932,-0.0287449995853228,-0.00785298280026636));
#3569=CARTESIAN_POINT('',(-0.0372266362026725,-0.0299981224508788,-0.00739034754702787));
#3570=CARTESIAN_POINT('',(-0.0369874369341869,-0.0312527969585958,-0.00785032571801349));
#3571=CARTESIAN_POINT('',(-0.0363795150557294,-0.0317735008577821,-0.00894909381302095));
#3572=CARTESIAN_POINT('',(-0.0357329045965739,-0.0312531996102758,-0.0100232990299027));
#3573=CARTESIAN_POINT('',(-0.0363730669589464,-0.0316,-0.008945));
#3574=CARTESIAN_POINT('',(-0.0303126211832629,-0.03,0.029556));
#3575=CARTESIAN_POINT('',(0.0357322362094968,-0.0312527969585959,-0.010024397146874));
#3576=CARTESIAN_POINT('',(0.0363798363534125,-0.0317735008577821,-0.00894853730910967));
#3577=CARTESIAN_POINT('',(0.036986820130532,-0.0312531996102758,-0.00785145361668738));
#3578=CARTESIAN_POINT('',(0.037226499650277,-0.0300013046394623,-0.00739060399898608));
#3579=CARTESIAN_POINT('',(0.036987165957502,-0.028746700842185,-0.00785082595212513));
#3580=CARTESIAN_POINT('',(0.0363797806939215,-0.0282270750447946,-0.00894859825432686));
#3581=CARTESIAN_POINT('',(0.0357338194864809,-0.0287449995853229,-0.0100218252985471));
#3582=CARTESIAN_POINT('',(0.0354534830624798,-0.0299981224508789,-0.010461538875442));
#3583=CARTESIAN_POINT('',(0.0357322362094968,-0.0312527969585959,-0.010024397146874));
#3584=CARTESIAN_POINT('',(0.0363798363534125,-0.0317735008577821,-0.00894853730910967));
#3585=CARTESIAN_POINT('',(0.036986820130532,-0.0312531996102758,-0.00785145361668738));
#3586=CARTESIAN_POINT('',(0.0363730669589465,-0.0316,-0.008945));
#3587=CARTESIAN_POINT('',(-0.0121081806441198,-0.04,-0.000715));
#3588=CARTESIAN_POINT('',(-0.0121081806441198,-0.02,-0.000715));
#3589=CARTESIAN_POINT('',(-0.0121081806441198,-0.02,-0.0218476836915511));
#3590=CARTESIAN_POINT('',(-0.0121081806441198,0.00909489346668124,-0.0218476836915511));
#3591=CARTESIAN_POINT('',(-0.0121081806441198,-0.04,0.));
#3592=CARTESIAN_POINT('',(-0.0121081806441198,-0.001,0.));
#3593=CARTESIAN_POINT('',(-0.0121081806441198,-0.001,-0.000715));
#3594=CARTESIAN_POINT('',(-0.0121081806441198,-0.001,0.022135));
#3595=CARTESIAN_POINT('',(-0.0121081806441198,-0.04,0.022135));
#3596=CARTESIAN_POINT('',(-0.0121081806441198,-0.04,0.022135));
#3597=CARTESIAN_POINT('',(-0.0121081806441198,-0.04,-0.000715));
#3598=CARTESIAN_POINT('',(0.,-0.003,0.012055));
#3599=CARTESIAN_POINT('',(0.00125520072469008,-0.0312527969585959,0.0540397228648874));
#3600=CARTESIAN_POINT('',(-3.21297682995454E-7,-0.0317735008577821,0.0540626311221306));
#3601=CARTESIAN_POINT('',(-0.0012539155339581,-0.0312531996102758,0.0540397526465901));
#3602=CARTESIAN_POINT('',(-0.00177286277008429,-0.0300013046394623,0.0540168963906054));
#3603=CARTESIAN_POINT('',(-0.00125463202089911,-0.028746700842185,0.0540397383092503));
#3604=CARTESIAN_POINT('',(-2.40687831212638E-7,-0.0282270750447946,0.0540626133922061));
#3605=CARTESIAN_POINT('',(0.00125218180021233,-0.0287449995853229,0.0540398080988134));
#3606=CARTESIAN_POINT('',(0.00177315314019275,-0.0299981224508788,0.0540168864224698));
#3607=CARTESIAN_POINT('',(0.00125520072469008,-0.0312527969585959,0.0540397228648874));
#3608=CARTESIAN_POINT('',(-3.21297682995454E-7,-0.0317735008577821,0.0540626311221306));
#3609=CARTESIAN_POINT('',(-0.0012539155339581,-0.0312531996102758,0.0540397526465901));
#3610=CARTESIAN_POINT('',(-6.75575188679802E-19,-0.0316,0.054055));
#3611=CARTESIAN_POINT('',(0.,-0.04,0.012055));
#3612=CARTESIAN_POINT('',(0.,-0.04,-0.029945));
#3613=CARTESIAN_POINT('',(0.,-0.02,0.012055));
#3614=CARTESIAN_POINT('',(0.,-0.02,-0.029945));
#3615=CARTESIAN_POINT('',(0.0148918193558802,-0.04,-0.0225919324387003));
#3616=CARTESIAN_POINT('',(0.0148918193558802,-0.04,-0.0196188648774006));
#3617=CARTESIAN_POINT('',(0.0148918193558802,-0.04,0.024135));
#3618=CARTESIAN_POINT('',(0.0148918193558802,-0.04,0.024135));
#3619=CARTESIAN_POINT('',(0.0148918193558802,-0.04,-0.0225919324387003));
#3620=CARTESIAN_POINT('',(0.000391819355880224,-0.04,0.024135));
#3621=CARTESIAN_POINT('',(-0.0141081806441198,-0.04,0.024135));
#3622=CARTESIAN_POINT('',(-0.0141081806441198,-0.04,0.024135));
#3623=CARTESIAN_POINT('',(0.000391819355880224,-0.04,0.024135));
#3624=CARTESIAN_POINT('',(-0.0141081806441198,-0.04,0.00207970076057832));
#3625=CARTESIAN_POINT('',(-0.0141081806441198,-0.04,0.00207970076057832));
#3626=CARTESIAN_POINT('',(0.000391819355880224,-0.04,0.022135));
#3627=CARTESIAN_POINT('',(0.00039181935588022,-0.001,0.022135));
#3628=CARTESIAN_POINT('',(0.000391819355880224,-0.04,0.022135));
#3629=CARTESIAN_POINT('',(0.,-0.04,0.012055));
#3630=CARTESIAN_POINT('',(0.,-0.0005,0.));
#3631=CARTESIAN_POINT('',(0.,-0.001,0.));
#3632=CARTESIAN_POINT('',(0.,-0.001,0.025));
#3633=CARTESIAN_POINT('',(0.,0.0103,0.012055));
#3634=CARTESIAN_POINT('',(0.,0.0103,0.012055));
#3635=CARTESIAN_POINT('',(0.,0.0103,0.021555));
#3636=CARTESIAN_POINT('',(0.,0.0103,0.012055));
#3637=CARTESIAN_POINT('',(0.,0.00909489346668124,0.012055));
#3638=CARTESIAN_POINT('',(0.,-0.02,0.012055));
#3639=CARTESIAN_POINT('',(0.,-0.005,0.012055));
#3640=CARTESIAN_POINT('',(0.,-0.005,0.012055));
#3641=CARTESIAN_POINT('',(0.,-0.005,0.012055));
#3642=CARTESIAN_POINT('',(0.,-0.005,0.012055));
#3643=CARTESIAN_POINT('',(0.,-0.005,0.012055));
#3644=CARTESIAN_POINT('',(0.,-0.02,0.051055));
#3645=CARTESIAN_POINT('',(0.,-0.02,0.012055));
#3646=CARTESIAN_POINT('',(0.,0.00909489346668124,0.012055));
#3647=CARTESIAN_POINT('',(0.,-0.005,0.012055));
#3648=CARTESIAN_POINT('',(0.,-0.03,-0.022947));
#3649=CARTESIAN_POINT('',(0.0371881443121292,-0.005002,0.0220195332364471));
#3650=CARTESIAN_POINT('',(0.0371881443121292,-0.00125,0.0220195332364471));
#3651=CARTESIAN_POINT('',(0.0371881443121292,-0.00125,0.0236195332364471));
#3652=CARTESIAN_POINT('',(0.0371881443121292,-0.005002,0.00209046676355292));
#3653=CARTESIAN_POINT('',(0.0371881443121292,-0.00125,0.00209046676355292));
#3654=CARTESIAN_POINT('',(0.0371881443121292,-0.00125,0.00369046676355292));
#3655=CARTESIAN_POINT('',(0.,-0.005,0.051055));
#3656=CARTESIAN_POINT('',(0.0379150984909701,-0.005,0.0053695451598232));
#3657=CARTESIAN_POINT('',(0.0379150984909701,-0.005,0.0187404548401768));
#3658=CARTESIAN_POINT('',(0.0379150984909701,-0.005002,0.0053695451598232));
#3659=CARTESIAN_POINT('',(0.0379150984909701,-0.00375,0.0053695451598232));
#3660=CARTESIAN_POINT('',(0.0379150984909701,-0.005002,0.0187404548401768));
#3661=CARTESIAN_POINT('',(0.0379150984909701,-0.00375,0.0187404548401768));
#3662=CARTESIAN_POINT('',(0.0361781659002575,-0.00375,-0.00111277551803827));
#3663=CARTESIAN_POINT('',(0.0361781659002575,-0.00125,-0.00111277551803827));
#3664=CARTESIAN_POINT('',(0.0361781659002575,-0.00375,-0.00111277551803827));
#3665=CARTESIAN_POINT('',(0.,-0.00375,0.012055));
#3666=CARTESIAN_POINT('',(0.,-0.00125,0.012055));
#3667=CARTESIAN_POINT('',(0.0361781659002575,-0.00375,0.0252227755180383));
#3668=CARTESIAN_POINT('',(0.0361781659002575,-0.00125,0.0252227755180383));
#3669=CARTESIAN_POINT('',(0.0361781659002575,-0.00375,0.0252227755180383));
#3670=CARTESIAN_POINT('',(0.,-0.00375,0.012055));
#3671=CARTESIAN_POINT('',(0.,-0.00125,0.012055));
#3672=CARTESIAN_POINT('',(0.00535816438696254,-0.005002,-0.0260703206465504));
#3673=CARTESIAN_POINT('',(0.00535816438696254,-0.00375,-0.0260703206465504));
#3674=CARTESIAN_POINT('',(0.00535816438696254,-0.005,-0.0260703206465504));
#3675=CARTESIAN_POINT('',(0.,-0.005,0.051055));
#3676=CARTESIAN_POINT('',(-1.7347234759768E-17,-0.005002,0.012055));
#3677=CARTESIAN_POINT('',(-1.7347234759768E-17,-0.005,0.012055));
#3678=CARTESIAN_POINT('',(0.,-0.005,0.051055));
#3679=CARTESIAN_POINT('',(0.0180746551672568,-0.005,-0.0219384823250687));
#3680=CARTESIAN_POINT('',(0.0180746551672568,-0.005002,-0.0219384823250687));
#3681=CARTESIAN_POINT('',(0.0180746551672568,-0.00375,-0.0219384823250687));
#3682=CARTESIAN_POINT('',(0.0209686028480786,-0.005002,-0.0202338168658989));
#3683=CARTESIAN_POINT('',(0.0209686028480786,-0.00125,-0.0202338168658989));
#3684=CARTESIAN_POINT('',(0.0224902932741508,-0.00125,-0.0197393896748989));
#3685=CARTESIAN_POINT('',(0.00201493431535332,-0.005002,-0.0263922370880511));
#3686=CARTESIAN_POINT('',(0.00201493431535332,-0.00125,-0.0263922370880511));
#3687=CARTESIAN_POINT('',(0.00353662474142557,-0.00125,-0.0258978098970512));
#3688=CARTESIAN_POINT('',(-0.0013436306230463,-0.00375,-0.0264215468402352));
#3689=CARTESIAN_POINT('',(-0.0013436306230463,-0.00375,-0.0264215468402352));
#3690=CARTESIAN_POINT('',(-0.0013436306230463,-0.00125,-0.0264215468402352));
#3691=CARTESIAN_POINT('',(-1.7347234759768E-18,-0.00375,0.012055));
#3692=CARTESIAN_POINT('',(-1.7347234759768E-18,-0.00125,0.012055));
#3693=CARTESIAN_POINT('',(0.0237029668000379,-0.00375,-0.0182834140138588));
#3694=CARTESIAN_POINT('',(0.0237029668000379,-0.00125,-0.0182834140138588));
#3695=CARTESIAN_POINT('',(0.0237029668000379,-0.00375,-0.0182834140138588));
#3696=CARTESIAN_POINT('',(-1.7347234759768E-18,-0.00375,0.012055));
#3697=CARTESIAN_POINT('',(-1.7347234759768E-18,-0.00125,0.012055));
#3698=CARTESIAN_POINT('',(0.,-0.005,0.051055));
#3699=CARTESIAN_POINT('',(-0.034603570782518,-0.005,-0.0048222891513795));
#3700=CARTESIAN_POINT('',(-0.0267443472626714,-0.005,-0.015639582313038));
#3701=CARTESIAN_POINT('',(-0.034603570782518,-0.005002,-0.0048222891513795));
#3702=CARTESIAN_POINT('',(-0.034603570782518,-0.00375,-0.0048222891513795));
#3703=CARTESIAN_POINT('',(-0.0267443472626714,-0.005002,-0.015639582313038));
#3704=CARTESIAN_POINT('',(-0.0267443472626714,-0.00375,-0.015639582313038));
#3705=CARTESIAN_POINT('',(-0.0359428464201423,-0.005002,-0.00174216605749405));
#3706=CARTESIAN_POINT('',(-0.0359428464201423,-0.00125,-0.00174216605749405));
#3707=CARTESIAN_POINT('',(-0.0350023900164743,-0.00125,-0.00303659324849397));
#3708=CARTESIAN_POINT('',(-0.0242288350554188,-0.005002,-0.0178651195160934));
#3709=CARTESIAN_POINT('',(-0.0242288350554188,-0.00125,-0.0178651195160934));
#3710=CARTESIAN_POINT('',(-0.0232883786517508,-0.00125,-0.0191595467070933));
#3711=CARTESIAN_POINT('',(-0.0215289267836238,-0.00375,-0.0198629465433691));
#3712=CARTESIAN_POINT('',(-0.0215289267836238,-0.00125,-0.0198629465433691));
#3713=CARTESIAN_POINT('',(-0.0215289267836238,-0.00375,-0.0198629465433691));
#3714=CARTESIAN_POINT('',(-8.67361737988404E-19,-0.00375,0.012055));
#3715=CARTESIAN_POINT('',(-8.67361737988404E-19,-0.00125,0.012055));
#3716=CARTESIAN_POINT('',(-0.0370085752936253,-0.00375,0.00144296180104553));
#3717=CARTESIAN_POINT('',(-0.0370085752936253,-0.00125,0.00144296180104553));
#3718=CARTESIAN_POINT('',(-0.0370085752936253,-0.00375,0.00144296180104553));
#3719=CARTESIAN_POINT('',(-8.67361737988404E-19,-0.00375,0.012055));
#3720=CARTESIAN_POINT('',(-8.67361737988404E-19,-0.00125,0.012055));
#3721=CARTESIAN_POINT('',(0.,-0.005,0.051055));
#3722=CARTESIAN_POINT('',(-0.0267443472626714,-0.005,0.0397495823130381));
#3723=CARTESIAN_POINT('',(-0.034603570782518,-0.005,0.0289322891513795));
#3724=CARTESIAN_POINT('',(-0.0267443472626714,-0.005002,0.0397495823130381));
#3725=CARTESIAN_POINT('',(-0.0267443472626714,-0.00375,0.0397495823130381));
#3726=CARTESIAN_POINT('',(-0.034603570782518,-0.005002,0.0289322891513795));
#3727=CARTESIAN_POINT('',(-0.034603570782518,-0.00375,0.0289322891513795));
#3728=CARTESIAN_POINT('',(-0.0242288350554188,-0.005002,0.0419751195160934));
#3729=CARTESIAN_POINT('',(-0.0242288350554188,-0.00125,0.0419751195160934));
#3730=CARTESIAN_POINT('',(-0.0251692914590867,-0.00125,0.0406806923250935));
#3731=CARTESIAN_POINT('',(-0.0359428464201422,-0.005002,0.0258521660574941));
#3732=CARTESIAN_POINT('',(-0.0359428464201422,-0.00125,0.0258521660574941));
#3733=CARTESIAN_POINT('',(-0.0368833028238102,-0.00125,0.0245577388664942));
#3734=CARTESIAN_POINT('',(-0.0370085752936253,-0.00375,0.0226670381989545));
#3735=CARTESIAN_POINT('',(-0.0370085752936253,-0.00125,0.0226670381989545));
#3736=CARTESIAN_POINT('',(-0.0370085752936253,-0.00375,0.0226670381989545));
#3737=CARTESIAN_POINT('',(8.67361737988404E-19,-0.00375,0.012055));
#3738=CARTESIAN_POINT('',(8.67361737988404E-19,-0.00125,0.012055));
#3739=CARTESIAN_POINT('',(-0.0215289267836237,-0.00375,0.0439729465433691));
#3740=CARTESIAN_POINT('',(-0.0215289267836237,-0.00125,0.0439729465433691));
#3741=CARTESIAN_POINT('',(-0.0215289267836237,-0.00375,0.0439729465433691));
#3742=CARTESIAN_POINT('',(8.67361737988404E-19,-0.00375,0.012055));
#3743=CARTESIAN_POINT('',(8.67361737988404E-19,-0.00125,0.012055));
#3744=CARTESIAN_POINT('',(0.,-0.005,0.051055));
#3745=CARTESIAN_POINT('',(0.0180746551672568,-0.005,0.0460484823250687));
#3746=CARTESIAN_POINT('',(0.00535816438696253,-0.005,0.0501803206465505));
#3747=CARTESIAN_POINT('',(0.0180746551672568,-0.005002,0.0460484823250687));
#3748=CARTESIAN_POINT('',(0.0180746551672568,-0.00375,0.0460484823250687));
#3749=CARTESIAN_POINT('',(0.00535816438696253,-0.005002,0.0501803206465505));
#3750=CARTESIAN_POINT('',(0.00535816438696253,-0.00375,0.0501803206465505));
#3751=CARTESIAN_POINT('',(0.0209686028480786,-0.005002,0.0443438168658988));
#3752=CARTESIAN_POINT('',(0.0209686028480786,-0.00125,0.0443438168658988));
#3753=CARTESIAN_POINT('',(0.0194469124220063,-0.00125,0.0448382440568988));
#3754=CARTESIAN_POINT('',(0.00201493431535335,-0.005002,0.0505022370880511));
#3755=CARTESIAN_POINT('',(0.00201493431535335,-0.00125,0.0505022370880511));
#3756=CARTESIAN_POINT('',(0.000493243889281104,-0.00125,0.050996664279051));
#3757=CARTESIAN_POINT('',(-0.00134363062304627,-0.00375,0.0505315468402352));
#3758=CARTESIAN_POINT('',(-0.00134363062304627,-0.00125,0.0505315468402352));
#3759=CARTESIAN_POINT('',(-0.00134363062304627,-0.00375,0.0505315468402352));
#3760=CARTESIAN_POINT('',(0.,-0.00375,0.012055));
#3761=CARTESIAN_POINT('',(0.,-0.00125,0.012055));
#3762=CARTESIAN_POINT('',(0.0237029668000379,-0.00375,0.0423934140138588));
#3763=CARTESIAN_POINT('',(0.0237029668000379,-0.00125,0.0423934140138588));
#3764=CARTESIAN_POINT('',(0.0237029668000379,-0.00375,0.0423934140138588));
#3765=CARTESIAN_POINT('',(0.,-0.00375,0.012055));
#3766=CARTESIAN_POINT('',(0.,-0.00125,0.012055));
#3767=MECHANICAL_DESIGN_GEOMETRIC_PRESENTATION_REPRESENTATION('',(#2199),
#3768);
#3768=(
GEOMETRIC_REPRESENTATION_CONTEXT(3)
GLOBAL_UNCERTAINTY_ASSIGNED_CONTEXT((#3769))
GLOBAL_UNIT_ASSIGNED_CONTEXT((#3772,#3771,#3770))
REPRESENTATION_CONTEXT('Hip Pitch motor holder',
'TOP_LEVEL_ASSEMBLY_PART')
);
#3769=UNCERTAINTY_MEASURE_WITH_UNIT(LENGTH_MEASURE(2.E-5),#3772,
'DISTANCE_ACCURACY_VALUE','Maximum Tolerance applied to model');
#3770=(
NAMED_UNIT(*)
SI_UNIT($,.STERADIAN.)
SOLID_ANGLE_UNIT()
);
#3771=(
NAMED_UNIT(*)
PLANE_ANGLE_UNIT()
SI_UNIT($,.RADIAN.)
);
#3772=(
LENGTH_UNIT()
NAMED_UNIT(*)
SI_UNIT($,.METRE.)
);
#3773=PRODUCT_DEFINITION_SHAPE('','',#3774);
#3774=PRODUCT_DEFINITION('','',#3776,#3775);
#3775=PRODUCT_DEFINITION_CONTEXT('',#3782,'design');
#3776=PRODUCT_DEFINITION_FORMATION_WITH_SPECIFIED_SOURCE('','',#3778,
 .NOT_KNOWN.);
#3777=PRODUCT_RELATED_PRODUCT_CATEGORY('','',(#3778));
#3778=PRODUCT('Hip Pitch motor holder','Hip Pitch motor holder',
'Hip Pitch motor holder',(#3780));
#3779=PRODUCT_CATEGORY('','');
#3780=PRODUCT_CONTEXT('',#3782,'mechanical');
#3781=APPLICATION_PROTOCOL_DEFINITION('international standard',
'ap242_managed_model_based_3d_engineering',2020,#3782);
#3782=APPLICATION_CONTEXT('managed model based 3d engineering');
ENDSEC;
END-ISO-10303-21;
