ISO-10303-21;
HEADER;
/* Generated by software containing ST-Developer
 * from STEP Tools, Inc. (www.steptools.com) 
 */
/* OPTION: using custom renumber hook */

FILE_DESCRIPTION(
/* description */ ('STEP AP242 Edition 2',
'CAx-IF Rec.Pracs.---Representation and Presentation of Product Manufa
cturing Information (PMI)---4.0---2014-10-13',
'CAx-IF Rec.Pracs.---3D Tessellated Geometry---0.4---2014-09-14','2;1',
'CAx-IF Rec.Pracs.---User Defined Attributes---1.5---2016-08-15'),
/* implementation_level */ '2;1');

FILE_NAME(
/* name */ 'robot - Calf link',
/* time_stamp */ '2026-08-16T03:04:28Z',
/* author */ (''),
/* organization */ (''),
/* preprocessor_version */ 'ST-DEVELOPER v20',
/* originating_system */ 'ONSHAPE BY PTC INC, 1.219',
/* authorisation */ '  ');

FILE_SCHEMA (('AP242_MANAGED_MODEL_BASED_3D_ENGINEERING_MIM_LF { 1 0 10303 442 3 1 4 }'));
ENDSEC;

DATA;
#10=SHAPE_REPRESENTATION_RELATIONSHIP('','',#1719,#11);
#11=ADVANCED_BREP_SHAPE_REPRESENTATION('',(#1717),#3772);
#12=ORIENTED_CLOSED_SHELL('',*,#1707,.F.);
#13=ORIENTED_CLOSED_SHELL('',*,#1708,.F.);
#14=CIRCLE('',#1737,0.007625);
#15=CIRCLE('',#1739,0.007625);
#16=CIRCLE('',#1771,0.043);
#17=CIRCLE('',#1772,0.043);
#18=CIRCLE('',#1774,0.0016);
#19=CIRCLE('',#1775,0.0016);
#20=CIRCLE('',#1777,0.0016);
#21=CIRCLE('',#1778,0.0016);
#22=CIRCLE('',#1780,0.0016);
#23=CIRCLE('',#1781,0.0016);
#24=CIRCLE('',#1783,0.0016);
#25=CIRCLE('',#1784,0.0016);
#26=CIRCLE('',#1790,0.043);
#27=CIRCLE('',#1791,0.0016);
#28=CIRCLE('',#1792,0.0016);
#29=CIRCLE('',#1793,0.0016);
#30=CIRCLE('',#1794,0.0016);
#31=CIRCLE('',#1796,0.0016);
#32=CIRCLE('',#1798,0.0016);
#33=CIRCLE('',#1800,0.0016);
#34=CIRCLE('',#1802,0.0016);
#35=CIRCLE('',#1804,0.043);
#36=CIRCLE('',#1807,0.04);
#37=CIRCLE('',#1808,0.04);
#38=CIRCLE('',#1810,0.0046);
#39=CIRCLE('',#1811,0.0046);
#40=CIRCLE('',#1813,0.0046);
#41=CIRCLE('',#1814,0.0046);
#42=CIRCLE('',#1816,0.0046);
#43=CIRCLE('',#1817,0.0046);
#44=CIRCLE('',#1819,0.0046);
#45=CIRCLE('',#1820,0.0046);
#46=CIRCLE('',#1826,0.04);
#47=CIRCLE('',#1827,0.0046);
#48=CIRCLE('',#1828,0.0046);
#49=CIRCLE('',#1829,0.0046);
#50=CIRCLE('',#1830,0.0046);
#51=CIRCLE('',#1832,0.04);
#52=CIRCLE('',#1834,0.0046);
#53=CIRCLE('',#1836,0.0046);
#54=CIRCLE('',#1838,0.0046);
#55=CIRCLE('',#1840,0.0046);
#56=CYLINDRICAL_SURFACE('',#1735,0.00755);
#57=CYLINDRICAL_SURFACE('',#1738,0.007625);
#58=CYLINDRICAL_SURFACE('',#1741,0.00755);
#59=CYLINDRICAL_SURFACE('',#1770,0.043);
#60=CYLINDRICAL_SURFACE('',#1773,0.0016);
#61=CYLINDRICAL_SURFACE('',#1776,0.0016);
#62=CYLINDRICAL_SURFACE('',#1779,0.0016);
#63=CYLINDRICAL_SURFACE('',#1782,0.0016);
#64=CYLINDRICAL_SURFACE('',#1795,0.0016);
#65=CYLINDRICAL_SURFACE('',#1797,0.0016);
#66=CYLINDRICAL_SURFACE('',#1799,0.0016);
#67=CYLINDRICAL_SURFACE('',#1801,0.0016);
#68=CYLINDRICAL_SURFACE('',#1803,0.043);
#69=CYLINDRICAL_SURFACE('',#1806,0.04);
#70=CYLINDRICAL_SURFACE('',#1809,0.0046);
#71=CYLINDRICAL_SURFACE('',#1812,0.0046);
#72=CYLINDRICAL_SURFACE('',#1815,0.0046);
#73=CYLINDRICAL_SURFACE('',#1818,0.0046);
#74=CYLINDRICAL_SURFACE('',#1831,0.04);
#75=CYLINDRICAL_SURFACE('',#1833,0.0046);
#76=CYLINDRICAL_SURFACE('',#1835,0.0046);
#77=CYLINDRICAL_SURFACE('',#1837,0.0046);
#78=CYLINDRICAL_SURFACE('',#1839,0.0046);
#79=B_SPLINE_CURVE_WITH_KNOTS('',3,(#2347,#2348,#2349,#2350),
 .UNSPECIFIED.,.F.,.F.,(4,4),(0.,0.00596874865133979),.UNSPECIFIED.);
#80=B_SPLINE_CURVE_WITH_KNOTS('',3,(#2357,#2358,#2359,#2360,#2361,#2362,
#2363),.UNSPECIFIED.,.F.,.F.,(4,1,1,1,4),(0.,0.00323247112368237,0.00646494224736475,
0.00969741337104712,0.0129298844947295),.UNSPECIFIED.);
#81=B_SPLINE_CURVE_WITH_KNOTS('',3,(#2396,#2397,#2398,#2399),
 .UNSPECIFIED.,.F.,.F.,(4,4),(0.,0.00707134279326323),.UNSPECIFIED.);
#82=B_SPLINE_CURVE_WITH_KNOTS('',3,(#2403,#2404,#2405,#2406,#2407,#2408,
#2409),.UNSPECIFIED.,.F.,.F.,(4,1,1,1,4),(1.7192369944732E-16,0.00323246755158066,
0.00646493510316114,0.00969740265474163,0.0129298702063221),
 .UNSPECIFIED.);
#83=B_SPLINE_CURVE_WITH_KNOTS('',3,(#2436,#2437,#2438,#2439),
 .UNSPECIFIED.,.F.,.F.,(4,4),(7.7914176395888E-5,0.00630348830866474),
 .UNSPECIFIED.);
#84=B_SPLINE_CURVE_WITH_KNOTS('',3,(#2442,#2443,#2444,#2445),
 .UNSPECIFIED.,.F.,.F.,(4,4),(3.06903912230991E-17,4.4922031456961E-7),
 .UNSPECIFIED.);
#85=B_SPLINE_CURVE_WITH_KNOTS('',3,(#2447,#2448,#2449,#2450),
 .UNSPECIFIED.,.F.,.F.,(4,4),(0.,1.),.UNSPECIFIED.);
#86=B_SPLINE_CURVE_WITH_KNOTS('',3,(#2452,#2453,#2454,#2455,#2456,#2457,
#2458),.UNSPECIFIED.,.F.,.F.,(4,1,1,1,4),(0.,0.00322655181524145,0.00645310363048291,
0.00967965544572436,0.0129062072609658),.UNSPECIFIED.);
#87=B_SPLINE_CURVE_WITH_KNOTS('',3,(#2487,#2488,#2489,#2490),
 .UNSPECIFIED.,.F.,.F.,(4,4),(0.,30.0848929351117),.UNSPECIFIED.);
#88=B_SPLINE_CURVE_WITH_KNOTS('',3,(#2491,#2492,#2493,#2494,#2495,#2496),
 .UNSPECIFIED.,.F.,.F.,(4,1,1,4),(1.56125112837912E-17,0.00266935162033891,
0.00533870324067781,0.0106774064813556),.UNSPECIFIED.);
#89=B_SPLINE_CURVE_WITH_KNOTS('',3,(#2498,#2499,#2500,#2501,#2502,#2503,
#2504),.UNSPECIFIED.,.F.,.F.,(4,1,1,1,4),(4.06036419083775E-14,0.0025980270767349,
0.0051960541534292,0.0077940812301235,0.0103921083068178),.UNSPECIFIED.);
#90=B_SPLINE_CURVE_WITH_KNOTS('',3,(#2507,#2508,#2509,#2510,#2511,#2512,
#2513,#2514),.UNSPECIFIED.,.F.,.F.,(4,1,1,1,1,4),(0.,0.00327020919354133,
0.004905313790312,0.00654041838708266,0.00981062758062399,0.0130808367741653),
 .UNSPECIFIED.);
#91=B_SPLINE_CURVE_WITH_KNOTS('',3,(#2516,#2517,#2518,#2519,#2520,#2521,
#2522,#2523),.UNSPECIFIED.,.F.,.F.,(4,1,1,1,1,4),(5.42270015049735E-15,
0.00277299344968853,0.00415949017453008,0.00554598689937163,0.00831898034905473,
0.0110919737987378),.UNSPECIFIED.);
#92=B_SPLINE_CURVE_WITH_KNOTS('',3,(#2525,#2526,#2527,#2528,#2529,#2530,
#2531,#2532,#2533,#2534,#2535),.UNSPECIFIED.,.F.,.F.,(4,1,1,1,1,1,1,1,4),
(0.,0.00165230295335628,0.00330460590671256,0.00495690886006884,0.00660921181342512,
0.0082615147667814,0.00991381772013768,0.011566120673494,0.0132184236268502),
 .UNSPECIFIED.);
#93=B_SPLINE_CURVE_WITH_KNOTS('',3,(#2536,#2537,#2538,#2539,#2540,#2541),
 .UNSPECIFIED.,.F.,.F.,(4,1,1,4),(5.07610442859724E-17,0.00266935432460956,
0.00533870864921907,0.0106774172984381),.UNSPECIFIED.);
#94=B_SPLINE_CURVE_WITH_KNOTS('',3,(#2696,#2697,#2698,#2699,#2700),
 .UNSPECIFIED.,.F.,.F.,(4,1,4),(4.20204313059555E-16,0.00650992454905624,
0.0130198490981121),.UNSPECIFIED.);
#95=B_SPLINE_CURVE_WITH_KNOTS('',3,(#2702,#2703,#2704,#2705,#2706),
 .UNSPECIFIED.,.F.,.F.,(4,1,4),(8.32847949227958E-17,0.0152392251676062,
0.0304784503352124),.UNSPECIFIED.);
#96=B_SPLINE_CURVE_WITH_KNOTS('',3,(#2708,#2709,#2710,#2711,#2712),
 .UNSPECIFIED.,.F.,.F.,(4,1,4),(0.,0.00827481757546447,0.0165496351509289),
 .UNSPECIFIED.);
#97=B_SPLINE_CURVE_WITH_KNOTS('',3,(#2761,#2762,#2763,#2764,#2765),
 .UNSPECIFIED.,.F.,.F.,(4,1,4),(0.,0.00668854539652753,0.0133770907930551),
 .UNSPECIFIED.);
#98=B_SPLINE_CURVE_WITH_KNOTS('',3,(#2767,#2768,#2769,#2770),
 .UNSPECIFIED.,.F.,.F.,(4,4),(3.12291063041215E-13,0.0248250177147388),
 .UNSPECIFIED.);
#99=B_SPLINE_CURVE_WITH_KNOTS('',3,(#2892,#2893,#2894,#2895,#2896),
 .UNSPECIFIED.,.F.,.F.,(4,1,4),(1.17737979120211E-13,0.00841257892958677,
0.0168251578590558),.UNSPECIFIED.);
#100=B_SPLINE_CURVE_WITH_KNOTS('',3,(#2898,#2899,#2900,#2901,#2902),
 .UNSPECIFIED.,.F.,.F.,(4,1,4),(3.12842777441416E-14,0.0152418456144969,
0.0304836912289625),.UNSPECIFIED.);
#101=B_SPLINE_CURVE_WITH_KNOTS('',3,(#2967,#2968,#2969,#2970),
 .UNSPECIFIED.,.F.,.F.,(4,4),(0.,0.0248314461903002),.UNSPECIFIED.);
#102=B_SPLINE_CURVE_WITH_KNOTS('',3,(#3003,#3004,#3005,#3006),
 .UNSPECIFIED.,.F.,.F.,(4,4),(0.,0.022540635756113),.UNSPECIFIED.);
#103=B_SPLINE_CURVE_WITH_KNOTS('',3,(#3009,#3010,#3011,#3012),
 .UNSPECIFIED.,.F.,.F.,(4,4),(2.6466087724915E-13,0.0277047293393594),
 .UNSPECIFIED.);
#104=B_SPLINE_CURVE_WITH_KNOTS('',3,(#3014,#3015,#3016,#3017),
 .UNSPECIFIED.,.F.,.F.,(4,4),(0.,0.0225576108525301),.UNSPECIFIED.);
#105=B_SPLINE_CURVE_WITH_KNOTS('',3,(#3019,#3020,#3021,#3022),
 .UNSPECIFIED.,.F.,.F.,(4,4),(0.,0.0276961447993557),.UNSPECIFIED.);
#106=B_SPLINE_CURVE_WITH_KNOTS('',3,(#3089,#3090,#3091,#3092),
 .UNSPECIFIED.,.F.,.F.,(4,4),(0.,0.0126791854265043),.UNSPECIFIED.);
#107=B_SPLINE_CURVE_WITH_KNOTS('',3,(#3094,#3095,#3096,#3097,#3098,#3099,
#3100,#3101,#3102),.UNSPECIFIED.,.F.,.F.,(4,1,1,1,1,1,4),(1.36819834780835E-14,
0.00282216292486133,0.00423324438728516,0.00564432584970898,0.00705540731213281,
0.00846648877455663,0.0112886516994043),.UNSPECIFIED.);
#108=B_SPLINE_CURVE_WITH_KNOTS('',3,(#3104,#3105,#3106,#3107),
 .UNSPECIFIED.,.F.,.F.,(4,4),(4.15334543472122E-13,0.0123676130695699),
 .UNSPECIFIED.);
#109=B_SPLINE_CURVE_WITH_KNOTS('',3,(#3212,#3213,#3214,#3215,#3216,#3217,
#3218,#3219,#3220,#3221,#3222),.UNSPECIFIED.,.F.,.F.,(4,1,1,1,1,1,1,1,4),
(0.,0.00168053498134439,0.00336106996268879,0.00504160494403318,0.00672213992537758,
0.00840267490672197,0.0100832098880664,0.0117637448694108,0.0134442798507552),
 .UNSPECIFIED.);
#110=B_SPLINE_CURVE_WITH_KNOTS('',3,(#3224,#3225,#3226,#3227,#3228),
 .UNSPECIFIED.,.F.,.F.,(4,1,4),(0.,0.00765989565154625,0.0153197913030925),
 .UNSPECIFIED.);
#111=B_SPLINE_CURVE_WITH_KNOTS('',3,(#3293,#3294,#3295,#3296,#3297,#3298,
#3299),.UNSPECIFIED.,.F.,.F.,(4,1,1,1,4),(9.15350479928679E-15,0.0025869863085959,
0.00517397261718265,0.00776095892576939,0.0103479452343561),
 .UNSPECIFIED.);
#112=B_SPLINE_CURVE_WITH_KNOTS('',3,(#3301,#3302,#3303,#3304,#3305),
 .UNSPECIFIED.,.F.,.F.,(4,1,4),(0.,0.00778874729040588,0.0155774945808118),
 .UNSPECIFIED.);
#113=B_SPLINE_CURVE_WITH_KNOTS('',3,(#3386,#3387,#3388,#3389,#3390,#3391,
#3392,#3393,#3394,#3395,#3396),.UNSPECIFIED.,.F.,.F.,(4,1,1,1,1,1,1,1,4),
(-0.00654870613014012,-0.00489445807792984,-0.00324021002571956,-0.00158596197350928,
6.82860787009978E-5,0.00172253413091128,0.00337678218312156,0.00503103023533184,
0.00668527828754212),.UNSPECIFIED.);
#114=B_SPLINE_CURVE_WITH_KNOTS('',3,(#3398,#3399,#3400,#3401,#3402,#3403,
#3404),.UNSPECIFIED.,.F.,.F.,(4,1,1,1,4),(1.07835774934029E-16,0.00322656375344418,
0.00645312750688826,0.00967969126033234,0.0129062550137764),
 .UNSPECIFIED.);
#115=B_SPLINE_CURVE_WITH_KNOTS('',3,(#3407,#3408,#3409,#3410,#3411,#3412,
#3413),.UNSPECIFIED.,.F.,.F.,(4,1,1,1,4),(1.5740166192013E-16,0.00266935690456398,
0.00533871380912781,0.00800807071369163,0.0106774276182555),
 .UNSPECIFIED.);
#116=B_SPLINE_CURVE_WITH_KNOTS('',3,(#3414,#3415,#3416,#3417,#3418,#3419),
 .UNSPECIFIED.,.F.,.F.,(4,1,1,4),(0.,0.00266935267743957,0.00533870535487913,
0.0106774107097583),.UNSPECIFIED.);
#117=B_SPLINE_CURVE_WITH_KNOTS('',3,(#3471,#3472,#3473,#3474),
 .UNSPECIFIED.,.F.,.F.,(4,4),(4.84508266840322E-15,0.030084937380777),
 .UNSPECIFIED.);
#118=B_SPLINE_CURVE_WITH_KNOTS('',3,(#3501,#3502,#3503,#3504),
 .UNSPECIFIED.,.F.,.F.,(4,4),(0.,0.00709892184276552),.UNSPECIFIED.);
#119=B_SPLINE_SURFACE_WITH_KNOTS('',3,3,((#2323,#2324,#2325,#2326),(#2327,
#2328,#2329,#2330),(#2331,#2332,#2333,#2334),(#2335,#2336,#2337,#2338),
(#2339,#2340,#2341,#2342),(#2343,#2344,#2345,#2346)),.UNSPECIFIED.,.F.,
 .F.,.F.,(4,1,1,4),(4,4),(0.,0.285714285714286,0.571428571428571,1.),(0.,
1.),.UNSPECIFIED.);
#120=B_SPLINE_SURFACE_WITH_KNOTS('',3,3,((#2372,#2373,#2374,#2375),(#2376,
#2377,#2378,#2379),(#2380,#2381,#2382,#2383),(#2384,#2385,#2386,#2387),
(#2388,#2389,#2390,#2391),(#2392,#2393,#2394,#2395)),.UNSPECIFIED.,.F.,
 .F.,.F.,(4,1,1,4),(4,4),(0.,0.285714285714286,0.571428571428571,1.),(0.,
1.),.UNSPECIFIED.);
#121=B_SPLINE_SURFACE_WITH_KNOTS('',3,3,((#2412,#2413,#2414,#2415),(#2416,
#2417,#2418,#2419),(#2420,#2421,#2422,#2423),(#2424,#2425,#2426,#2427),
(#2428,#2429,#2430,#2431),(#2432,#2433,#2434,#2435)),.UNSPECIFIED.,.F.,
 .F.,.F.,(4,1,1,4),(4,4),(0.,0.285714285714286,0.571428571428571,1.),(0.,
1.),.UNSPECIFIED.);
#122=B_SPLINE_SURFACE_WITH_KNOTS('',3,3,((#2463,#2464,#2465,#2466),(#2467,
#2468,#2469,#2470),(#2471,#2472,#2473,#2474),(#2475,#2476,#2477,#2478),
(#2479,#2480,#2481,#2482),(#2483,#2484,#2485,#2486)),.UNSPECIFIED.,.F.,
 .F.,.F.,(4,1,1,4),(4,4),(0.,0.285714285714286,0.571428571428571,1.),(0.,
0.995929474441957),.UNSPECIFIED.);
#123=B_SPLINE_SURFACE_WITH_KNOTS('',3,3,((#2542,#2543,#2544,#2545,#2546,
#2547,#2548,#2549,#2550,#2551,#2552),(#2553,#2554,#2555,#2556,#2557,#2558,
#2559,#2560,#2561,#2562,#2563),(#2564,#2565,#2566,#2567,#2568,#2569,#2570,
#2571,#2572,#2573,#2574),(#2575,#2576,#2577,#2578,#2579,#2580,#2581,#2582,
#2583,#2584,#2585),(#2586,#2587,#2588,#2589,#2590,#2591,#2592,#2593,#2594,
#2595,#2596),(#2597,#2598,#2599,#2600,#2601,#2602,#2603,#2604,#2605,#2606,
#2607),(#2608,#2609,#2610,#2611,#2612,#2613,#2614,#2615,#2616,#2617,#2618),
(#2619,#2620,#2621,#2622,#2623,#2624,#2625,#2626,#2627,#2628,#2629),(#2630,
#2631,#2632,#2633,#2634,#2635,#2636,#2637,#2638,#2639,#2640),(#2641,#2642,
#2643,#2644,#2645,#2646,#2647,#2648,#2649,#2650,#2651),(#2652,#2653,#2654,
#2655,#2656,#2657,#2658,#2659,#2660,#2661,#2662),(#2663,#2664,#2665,#2666,
#2667,#2668,#2669,#2670,#2671,#2672,#2673),(#2674,#2675,#2676,#2677,#2678,
#2679,#2680,#2681,#2682,#2683,#2684),(#2685,#2686,#2687,#2688,#2689,#2690,
#2691,#2692,#2693,#2694,#2695)),.UNSPECIFIED.,.F.,.F.,.F.,(4,3,1,1,1,1,
3,4),(4,3,1,3,4),(0.0179220050191234,0.0180401689674212,0.295690482522346,
0.434515639299809,0.712165952854734,0.850991109632196,0.989815373324416,
0.995655068578861),(0.0544078916286075,0.0594626190633715,0.420068689004508,
0.900677285403036,0.90664159226446),.UNSPECIFIED.);
#124=B_SPLINE_SURFACE_WITH_KNOTS('',3,3,((#2713,#2714,#2715,#2716,#2717,
#2718,#2719,#2720),(#2721,#2722,#2723,#2724,#2725,#2726,#2727,#2728),(#2729,
#2730,#2731,#2732,#2733,#2734,#2735,#2736),(#2737,#2738,#2739,#2740,#2741,
#2742,#2743,#2744),(#2745,#2746,#2747,#2748,#2749,#2750,#2751,#2752),(#2753,
#2754,#2755,#2756,#2757,#2758,#2759,#2760)),.UNSPECIFIED.,.F.,.F.,.F.,(4,
1,1,4),(4,1,3,4),(0.0206122841470688,0.430845916389211,0.704381727702691,
0.977770009917997),(0.0922457789747442,0.436857009608555,0.896326628000317,
0.901286425315174),.UNSPECIFIED.);
#125=B_SPLINE_SURFACE_WITH_KNOTS('',3,3,((#2771,#2772,#2773,#2774,#2775,
#2776,#2777,#2778,#2779,#2780,#2781),(#2782,#2783,#2784,#2785,#2786,#2787,
#2788,#2789,#2790,#2791,#2792),(#2793,#2794,#2795,#2796,#2797,#2798,#2799,
#2800,#2801,#2802,#2803),(#2804,#2805,#2806,#2807,#2808,#2809,#2810,#2811,
#2812,#2813,#2814),(#2815,#2816,#2817,#2818,#2819,#2820,#2821,#2822,#2823,
#2824,#2825),(#2826,#2827,#2828,#2829,#2830,#2831,#2832,#2833,#2834,#2835,
#2836),(#2837,#2838,#2839,#2840,#2841,#2842,#2843,#2844,#2845,#2846,#2847),
(#2848,#2849,#2850,#2851,#2852,#2853,#2854,#2855,#2856,#2857,#2858),(#2859,
#2860,#2861,#2862,#2863,#2864,#2865,#2866,#2867,#2868,#2869),(#2870,#2871,
#2872,#2873,#2874,#2875,#2876,#2877,#2878,#2879,#2880),(#2881,#2882,#2883,
#2884,#2885,#2886,#2887,#2888,#2889,#2890,#2891)),.UNSPECIFIED.,.F.,.F.,
 .F.,(4,1,1,1,1,3,4),(4,1,3,3,4),(0.00913702544409864,0.148310184698302,
0.426656503206709,0.705002821715116,0.774589401342217,0.983349140223523,
0.983451341153918),(0.0558882492619888,0.41524305282367,0.894201293550118,
0.894277489568655,0.899911419004419),.UNSPECIFIED.);
#126=B_SPLINE_SURFACE_WITH_KNOTS('',3,3,((#2903,#2904,#2905,#2906,#2907,
#2908,#2909,#2910),(#2911,#2912,#2913,#2914,#2915,#2916,#2917,#2918),(#2919,
#2920,#2921,#2922,#2923,#2924,#2925,#2926),(#2927,#2928,#2929,#2930,#2931,
#2932,#2933,#2934),(#2935,#2936,#2937,#2938,#2939,#2940,#2941,#2942),(#2943,
#2944,#2945,#2946,#2947,#2948,#2949,#2950),(#2951,#2952,#2953,#2954,#2955,
#2956,#2957,#2958),(#2959,#2960,#2961,#2962,#2963,#2964,#2965,#2966)),
 .UNSPECIFIED.,.F.,.F.,.F.,(4,3,1,4),(4,1,3,4),(0.00545011257088874,0.0113216763334804,
0.500454835192569,0.989587994051658),(0.0547540192435808,0.456391561701205,
0.85802910415883,0.863135543739658),.UNSPECIFIED.);
#127=B_SPLINE_SURFACE_WITH_KNOTS('',3,3,((#2971,#2972,#2973,#2974),(#2975,
#2976,#2977,#2978),(#2979,#2980,#2981,#2982),(#2983,#2984,#2985,#2986),
(#2987,#2988,#2989,#2990),(#2991,#2992,#2993,#2994)),.UNSPECIFIED.,.F.,
 .F.,.F.,(4,1,1,4),(4,4),(0.,0.285714285714286,0.571428571428571,1.),(0.,
1.),.UNSPECIFIED.);
#128=B_SPLINE_SURFACE_WITH_KNOTS('',3,3,((#3023,#3024,#3025,#3026,#3027,
#3028,#3029,#3030,#3031,#3032,#3033),(#3034,#3035,#3036,#3037,#3038,#3039,
#3040,#3041,#3042,#3043,#3044),(#3045,#3046,#3047,#3048,#3049,#3050,#3051,
#3052,#3053,#3054,#3055),(#3056,#3057,#3058,#3059,#3060,#3061,#3062,#3063,
#3064,#3065,#3066),(#3067,#3068,#3069,#3070,#3071,#3072,#3073,#3074,#3075,
#3076,#3077),(#3078,#3079,#3080,#3081,#3082,#3083,#3084,#3085,#3086,#3087,
#3088)),.UNSPECIFIED.,.F.,.F.,.F.,(4,1,1,4),(4,3,3,1,4),(0.0271016604234321,
0.431992751976542,0.702037397905145,0.971957865279451),(0.206741608004934,
0.211270824155276,0.211285117419202,0.600645023626069,0.892682987571882),
 .UNSPECIFIED.);
#129=B_SPLINE_SURFACE_WITH_KNOTS('',3,3,((#3108,#3109,#3110,#3111,#3112,
#3113,#3114,#3115),(#3116,#3117,#3118,#3119,#3120,#3121,#3122,#3123),(#3124,
#3125,#3126,#3127,#3128,#3129,#3130,#3131),(#3132,#3133,#3134,#3135,#3136,
#3137,#3138,#3139),(#3140,#3141,#3142,#3143,#3144,#3145,#3146,#3147),(#3148,
#3149,#3150,#3151,#3152,#3153,#3154,#3155),(#3156,#3157,#3158,#3159,#3160,
#3161,#3162,#3163),(#3164,#3165,#3166,#3167,#3168,#3169,#3170,#3171),(#3172,
#3173,#3174,#3175,#3176,#3177,#3178,#3179),(#3180,#3181,#3182,#3183,#3184,
#3185,#3186,#3187),(#3188,#3189,#3190,#3191,#3192,#3193,#3194,#3195),(#3196,
#3197,#3198,#3199,#3200,#3201,#3202,#3203),(#3204,#3205,#3206,#3207,#3208,
#3209,#3210,#3211)),.UNSPECIFIED.,.F.,.F.,.F.,(4,3,1,1,1,3,4),(4,1,3,4),
(0.02304196932566,0.0231453696617465,0.29831339888079,0.573481428099834,
0.848649457318878,0.986232963923182,0.992017332331847),(0.207806875339857,
0.620593791417117,0.93048599547335,0.934822658641247),.UNSPECIFIED.);
#130=B_SPLINE_SURFACE_WITH_KNOTS('',3,3,((#3229,#3230,#3231,#3232,#3233,
#3234,#3235,#3236),(#3237,#3238,#3239,#3240,#3241,#3242,#3243,#3244),(#3245,
#3246,#3247,#3248,#3249,#3250,#3251,#3252),(#3253,#3254,#3255,#3256,#3257,
#3258,#3259,#3260),(#3261,#3262,#3263,#3264,#3265,#3266,#3267,#3268),(#3269,
#3270,#3271,#3272,#3273,#3274,#3275,#3276),(#3277,#3278,#3279,#3280,#3281,
#3282,#3283,#3284),(#3285,#3286,#3287,#3288,#3289,#3290,#3291,#3292)),
 .UNSPECIFIED.,.F.,.F.,.F.,(4,3,1,4),(4,3,1,4),(0.00954826080559501,0.0153685073565201,
0.500273411741666,0.985178316126812),(0.238610231759791,0.242982287612438,
0.588898727248136,0.934815166883833),.UNSPECIFIED.);
#131=B_SPLINE_SURFACE_WITH_KNOTS('',3,3,((#3306,#3307,#3308,#3309,#3310,
#3311,#3312,#3313),(#3314,#3315,#3316,#3317,#3318,#3319,#3320,#3321),(#3322,
#3323,#3324,#3325,#3326,#3327,#3328,#3329),(#3330,#3331,#3332,#3333,#3334,
#3335,#3336,#3337),(#3338,#3339,#3340,#3341,#3342,#3343,#3344,#3345),(#3346,
#3347,#3348,#3349,#3350,#3351,#3352,#3353),(#3354,#3355,#3356,#3357,#3358,
#3359,#3360,#3361),(#3362,#3363,#3364,#3365,#3366,#3367,#3368,#3369),(#3370,
#3371,#3372,#3373,#3374,#3375,#3376,#3377),(#3378,#3379,#3380,#3381,#3382,
#3383,#3384,#3385)),.UNSPECIFIED.,.F.,.F.,.F.,(4,1,1,1,3,4),(4,3,1,4),(0.0131898525992418,
0.288896104352905,0.426749230229737,0.7024554819834,0.978161733737063,0.978295048459085),
(0.208224899699014,0.212929391772548,0.521299439418467,0.932762444627113),
 .UNSPECIFIED.);
#132=B_SPLINE_SURFACE_WITH_KNOTS('',3,3,((#3420,#3421,#3422,#3423),(#3424,
#3425,#3426,#3427),(#3428,#3429,#3430,#3431),(#3432,#3433,#3434,#3435),
(#3436,#3437,#3438,#3439),(#3440,#3441,#3442,#3443)),.UNSPECIFIED.,.F.,
 .F.,.F.,(4,1,1,4),(4,4),(0.,0.285714285714286,0.571428571428571,1.),(0.,
1.),.UNSPECIFIED.);
#133=B_SPLINE_SURFACE_WITH_KNOTS('',3,3,((#3447,#3448,#3449,#3450),(#3451,
#3452,#3453,#3454),(#3455,#3456,#3457,#3458),(#3459,#3460,#3461,#3462),
(#3463,#3464,#3465,#3466),(#3467,#3468,#3469,#3470)),.UNSPECIFIED.,.F.,
 .F.,.F.,(4,1,1,4),(4,4),(0.,0.285714285714286,0.571428571428571,1.),(0.00407052555760007,
1.),.UNSPECIFIED.);
#134=B_SPLINE_SURFACE_WITH_KNOTS('',3,3,((#3477,#3478,#3479,#3480),(#3481,
#3482,#3483,#3484),(#3485,#3486,#3487,#3488),(#3489,#3490,#3491,#3492),
(#3493,#3494,#3495,#3496),(#3497,#3498,#3499,#3500)),.UNSPECIFIED.,.F.,
 .F.,.F.,(4,1,1,4),(4,4),(0.,0.285714285714286,0.571428571428571,1.),(0.,
1.),.UNSPECIFIED.);
#135=ORIENTED_EDGE('',*,*,#585,.F.);
#136=ORIENTED_EDGE('',*,*,#586,.F.);
#137=ORIENTED_EDGE('',*,*,#587,.F.);
#138=ORIENTED_EDGE('',*,*,#588,.T.);
#139=ORIENTED_EDGE('',*,*,#589,.F.);
#140=ORIENTED_EDGE('',*,*,#588,.F.);
#141=ORIENTED_EDGE('',*,*,#590,.F.);
#142=ORIENTED_EDGE('',*,*,#591,.T.);
#143=ORIENTED_EDGE('',*,*,#592,.F.);
#144=ORIENTED_EDGE('',*,*,#591,.F.);
#145=ORIENTED_EDGE('',*,*,#593,.F.);
#146=ORIENTED_EDGE('',*,*,#594,.T.);
#147=ORIENTED_EDGE('',*,*,#595,.F.);
#148=ORIENTED_EDGE('',*,*,#594,.F.);
#149=ORIENTED_EDGE('',*,*,#596,.F.);
#150=ORIENTED_EDGE('',*,*,#586,.T.);
#151=ORIENTED_EDGE('',*,*,#597,.T.);
#152=ORIENTED_EDGE('',*,*,#598,.F.);
#153=ORIENTED_EDGE('',*,*,#599,.T.);
#154=ORIENTED_EDGE('',*,*,#600,.F.);
#155=ORIENTED_EDGE('',*,*,#592,.T.);
#156=ORIENTED_EDGE('',*,*,#595,.T.);
#157=ORIENTED_EDGE('',*,*,#585,.T.);
#158=ORIENTED_EDGE('',*,*,#589,.T.);
#159=ORIENTED_EDGE('',*,*,#600,.T.);
#160=ORIENTED_EDGE('',*,*,#601,.T.);
#161=ORIENTED_EDGE('',*,*,#602,.F.);
#162=ORIENTED_EDGE('',*,*,#603,.F.);
#163=ORIENTED_EDGE('',*,*,#604,.F.);
#164=ORIENTED_EDGE('',*,*,#605,.T.);
#165=ORIENTED_EDGE('',*,*,#606,.F.);
#166=ORIENTED_EDGE('',*,*,#607,.F.);
#167=ORIENTED_EDGE('',*,*,#608,.T.);
#168=ORIENTED_EDGE('',*,*,#609,.T.);
#169=ORIENTED_EDGE('',*,*,#610,.F.);
#170=ORIENTED_EDGE('',*,*,#611,.F.);
#171=ORIENTED_EDGE('',*,*,#612,.F.);
#172=ORIENTED_EDGE('',*,*,#613,.T.);
#173=ORIENTED_EDGE('',*,*,#614,.T.);
#174=ORIENTED_EDGE('',*,*,#608,.F.);
#175=ORIENTED_EDGE('',*,*,#615,.F.);
#176=ORIENTED_EDGE('',*,*,#616,.T.);
#177=ORIENTED_EDGE('',*,*,#617,.T.);
#178=ORIENTED_EDGE('',*,*,#613,.F.);
#179=ORIENTED_EDGE('',*,*,#618,.F.);
#180=ORIENTED_EDGE('',*,*,#606,.T.);
#181=ORIENTED_EDGE('',*,*,#619,.T.);
#182=ORIENTED_EDGE('',*,*,#616,.F.);
#183=ORIENTED_EDGE('',*,*,#620,.F.);
#184=ORIENTED_EDGE('',*,*,#621,.F.);
#185=ORIENTED_EDGE('',*,*,#622,.F.);
#186=ORIENTED_EDGE('',*,*,#609,.F.);
#187=ORIENTED_EDGE('',*,*,#614,.F.);
#188=ORIENTED_EDGE('',*,*,#617,.F.);
#189=ORIENTED_EDGE('',*,*,#619,.F.);
#190=ORIENTED_EDGE('',*,*,#605,.F.);
#191=ORIENTED_EDGE('',*,*,#611,.T.);
#192=ORIENTED_EDGE('',*,*,#623,.F.);
#193=ORIENTED_EDGE('',*,*,#624,.F.);
#194=ORIENTED_EDGE('',*,*,#625,.T.);
#195=ORIENTED_EDGE('',*,*,#610,.T.);
#196=ORIENTED_EDGE('',*,*,#622,.T.);
#197=ORIENTED_EDGE('',*,*,#626,.T.);
#198=ORIENTED_EDGE('',*,*,#627,.T.);
#199=ORIENTED_EDGE('',*,*,#628,.T.);
#200=ORIENTED_EDGE('',*,*,#629,.F.);
#201=ORIENTED_EDGE('',*,*,#630,.F.);
#202=ORIENTED_EDGE('',*,*,#623,.T.);
#203=ORIENTED_EDGE('',*,*,#631,.F.);
#204=ORIENTED_EDGE('',*,*,#632,.T.);
#205=ORIENTED_EDGE('',*,*,#633,.F.);
#206=ORIENTED_EDGE('',*,*,#634,.T.);
#207=ORIENTED_EDGE('',*,*,#635,.T.);
#208=ORIENTED_EDGE('',*,*,#636,.F.);
#209=ORIENTED_EDGE('',*,*,#637,.T.);
#210=ORIENTED_EDGE('',*,*,#638,.F.);
#211=ORIENTED_EDGE('',*,*,#632,.F.);
#212=ORIENTED_EDGE('',*,*,#639,.F.);
#213=ORIENTED_EDGE('',*,*,#640,.T.);
#214=ORIENTED_EDGE('',*,*,#641,.F.);
#215=ORIENTED_EDGE('',*,*,#642,.F.);
#216=ORIENTED_EDGE('',*,*,#637,.F.);
#217=ORIENTED_EDGE('',*,*,#643,.F.);
#218=ORIENTED_EDGE('',*,*,#644,.F.);
#219=ORIENTED_EDGE('',*,*,#645,.F.);
#220=ORIENTED_EDGE('',*,*,#646,.T.);
#221=ORIENTED_EDGE('',*,*,#647,.T.);
#222=ORIENTED_EDGE('',*,*,#648,.F.);
#223=ORIENTED_EDGE('',*,*,#649,.F.);
#224=ORIENTED_EDGE('',*,*,#635,.F.);
#225=ORIENTED_EDGE('',*,*,#650,.T.);
#226=ORIENTED_EDGE('',*,*,#645,.T.);
#227=ORIENTED_EDGE('',*,*,#651,.F.);
#228=ORIENTED_EDGE('',*,*,#652,.F.);
#229=ORIENTED_EDGE('',*,*,#653,.F.);
#230=ORIENTED_EDGE('',*,*,#654,.F.);
#231=ORIENTED_EDGE('',*,*,#655,.F.);
#232=ORIENTED_EDGE('',*,*,#646,.F.);
#233=ORIENTED_EDGE('',*,*,#650,.F.);
#234=ORIENTED_EDGE('',*,*,#634,.F.);
#235=ORIENTED_EDGE('',*,*,#654,.T.);
#236=ORIENTED_EDGE('',*,*,#656,.T.);
#237=ORIENTED_EDGE('',*,*,#657,.F.);
#238=ORIENTED_EDGE('',*,*,#658,.F.);
#239=ORIENTED_EDGE('',*,*,#653,.T.);
#240=ORIENTED_EDGE('',*,*,#659,.T.);
#241=ORIENTED_EDGE('',*,*,#660,.F.);
#242=ORIENTED_EDGE('',*,*,#656,.F.);
#243=ORIENTED_EDGE('',*,*,#652,.T.);
#244=ORIENTED_EDGE('',*,*,#661,.T.);
#245=ORIENTED_EDGE('',*,*,#662,.F.);
#246=ORIENTED_EDGE('',*,*,#659,.F.);
#247=ORIENTED_EDGE('',*,*,#651,.T.);
#248=ORIENTED_EDGE('',*,*,#658,.T.);
#249=ORIENTED_EDGE('',*,*,#663,.F.);
#250=ORIENTED_EDGE('',*,*,#661,.F.);
#251=ORIENTED_EDGE('',*,*,#655,.T.);
#252=ORIENTED_EDGE('',*,*,#633,.T.);
#253=ORIENTED_EDGE('',*,*,#664,.F.);
#254=ORIENTED_EDGE('',*,*,#647,.F.);
#255=ORIENTED_EDGE('',*,*,#657,.T.);
#256=ORIENTED_EDGE('',*,*,#660,.T.);
#257=ORIENTED_EDGE('',*,*,#662,.T.);
#258=ORIENTED_EDGE('',*,*,#663,.T.);
#259=ORIENTED_EDGE('',*,*,#665,.T.);
#260=ORIENTED_EDGE('',*,*,#666,.F.);
#261=ORIENTED_EDGE('',*,*,#665,.F.);
#262=ORIENTED_EDGE('',*,*,#667,.T.);
#263=ORIENTED_EDGE('',*,*,#668,.T.);
#264=ORIENTED_EDGE('',*,*,#669,.T.);
#265=ORIENTED_EDGE('',*,*,#670,.T.);
#266=ORIENTED_EDGE('',*,*,#666,.T.);
#267=ORIENTED_EDGE('',*,*,#667,.F.);
#268=ORIENTED_EDGE('',*,*,#671,.T.);
#269=ORIENTED_EDGE('',*,*,#672,.F.);
#270=ORIENTED_EDGE('',*,*,#673,.F.);
#271=ORIENTED_EDGE('',*,*,#668,.F.);
#272=ORIENTED_EDGE('',*,*,#673,.T.);
#273=ORIENTED_EDGE('',*,*,#674,.F.);
#274=ORIENTED_EDGE('',*,*,#675,.F.);
#275=ORIENTED_EDGE('',*,*,#669,.F.);
#276=ORIENTED_EDGE('',*,*,#675,.T.);
#277=ORIENTED_EDGE('',*,*,#676,.F.);
#278=ORIENTED_EDGE('',*,*,#677,.F.);
#279=ORIENTED_EDGE('',*,*,#670,.F.);
#280=ORIENTED_EDGE('',*,*,#677,.T.);
#281=ORIENTED_EDGE('',*,*,#678,.F.);
#282=ORIENTED_EDGE('',*,*,#671,.F.);
#283=ORIENTED_EDGE('',*,*,#672,.T.);
#284=ORIENTED_EDGE('',*,*,#678,.T.);
#285=ORIENTED_EDGE('',*,*,#676,.T.);
#286=ORIENTED_EDGE('',*,*,#674,.T.);
#287=ORIENTED_EDGE('',*,*,#679,.T.);
#288=ORIENTED_EDGE('',*,*,#680,.T.);
#289=ORIENTED_EDGE('',*,*,#641,.T.);
#290=ORIENTED_EDGE('',*,*,#681,.T.);
#291=ORIENTED_EDGE('',*,*,#682,.F.);
#292=ORIENTED_EDGE('',*,*,#642,.T.);
#293=ORIENTED_EDGE('',*,*,#680,.F.);
#294=ORIENTED_EDGE('',*,*,#683,.F.);
#295=ORIENTED_EDGE('',*,*,#684,.F.);
#296=ORIENTED_EDGE('',*,*,#685,.T.);
#297=ORIENTED_EDGE('',*,*,#681,.F.);
#298=ORIENTED_EDGE('',*,*,#640,.F.);
#299=ORIENTED_EDGE('',*,*,#686,.F.);
#300=ORIENTED_EDGE('',*,*,#687,.T.);
#301=ORIENTED_EDGE('',*,*,#683,.T.);
#302=ORIENTED_EDGE('',*,*,#679,.F.);
#303=ORIENTED_EDGE('',*,*,#685,.F.);
#304=ORIENTED_EDGE('',*,*,#688,.F.);
#305=ORIENTED_EDGE('',*,*,#648,.T.);
#306=ORIENTED_EDGE('',*,*,#689,.F.);
#307=ORIENTED_EDGE('',*,*,#687,.F.);
#308=ORIENTED_EDGE('',*,*,#682,.T.);
#309=ORIENTED_EDGE('',*,*,#689,.T.);
#310=ORIENTED_EDGE('',*,*,#664,.T.);
#311=ORIENTED_EDGE('',*,*,#638,.T.);
#312=ORIENTED_EDGE('',*,*,#621,.T.);
#313=ORIENTED_EDGE('',*,*,#690,.F.);
#314=ORIENTED_EDGE('',*,*,#691,.F.);
#315=ORIENTED_EDGE('',*,*,#626,.F.);
#316=ORIENTED_EDGE('',*,*,#604,.T.);
#317=ORIENTED_EDGE('',*,*,#625,.F.);
#318=ORIENTED_EDGE('',*,*,#692,.F.);
#319=ORIENTED_EDGE('',*,*,#693,.T.);
#320=ORIENTED_EDGE('',*,*,#694,.T.);
#321=ORIENTED_EDGE('',*,*,#695,.T.);
#322=ORIENTED_EDGE('',*,*,#690,.T.);
#323=ORIENTED_EDGE('',*,*,#620,.T.);
#324=ORIENTED_EDGE('',*,*,#696,.F.);
#325=ORIENTED_EDGE('',*,*,#697,.F.);
#326=ORIENTED_EDGE('',*,*,#698,.T.);
#327=ORIENTED_EDGE('',*,*,#627,.F.);
#328=ORIENTED_EDGE('',*,*,#691,.T.);
#329=ORIENTED_EDGE('',*,*,#695,.F.);
#330=ORIENTED_EDGE('',*,*,#699,.T.);
#331=ORIENTED_EDGE('',*,*,#700,.F.);
#332=ORIENTED_EDGE('',*,*,#699,.F.);
#333=ORIENTED_EDGE('',*,*,#694,.F.);
#334=ORIENTED_EDGE('',*,*,#701,.F.);
#335=ORIENTED_EDGE('',*,*,#628,.F.);
#336=ORIENTED_EDGE('',*,*,#698,.F.);
#337=ORIENTED_EDGE('',*,*,#702,.F.);
#338=ORIENTED_EDGE('',*,*,#703,.F.);
#339=ORIENTED_EDGE('',*,*,#704,.F.);
#340=ORIENTED_EDGE('',*,*,#696,.T.);
#341=ORIENTED_EDGE('',*,*,#705,.F.);
#342=ORIENTED_EDGE('',*,*,#706,.T.);
#343=ORIENTED_EDGE('',*,*,#707,.T.);
#344=ORIENTED_EDGE('',*,*,#700,.T.);
#345=ORIENTED_EDGE('',*,*,#704,.T.);
#346=ORIENTED_EDGE('',*,*,#708,.F.);
#347=ORIENTED_EDGE('',*,*,#709,.F.);
#348=ORIENTED_EDGE('',*,*,#710,.T.);
#349=ORIENTED_EDGE('',*,*,#705,.T.);
#350=ORIENTED_EDGE('',*,*,#703,.T.);
#351=ORIENTED_EDGE('',*,*,#711,.T.);
#352=ORIENTED_EDGE('',*,*,#712,.T.);
#353=ORIENTED_EDGE('',*,*,#708,.T.);
#354=ORIENTED_EDGE('',*,*,#639,.T.);
#355=ORIENTED_EDGE('',*,*,#636,.T.);
#356=ORIENTED_EDGE('',*,*,#631,.T.);
#357=ORIENTED_EDGE('',*,*,#649,.T.);
#358=ORIENTED_EDGE('',*,*,#644,.T.);
#359=ORIENTED_EDGE('',*,*,#643,.T.);
#360=ORIENTED_EDGE('',*,*,#688,.T.);
#361=ORIENTED_EDGE('',*,*,#686,.T.);
#362=ORIENTED_EDGE('',*,*,#684,.T.);
#363=ORIENTED_EDGE('',*,*,#701,.T.);
#364=ORIENTED_EDGE('',*,*,#693,.F.);
#365=ORIENTED_EDGE('',*,*,#713,.F.);
#366=ORIENTED_EDGE('',*,*,#629,.T.);
#367=ORIENTED_EDGE('',*,*,#697,.T.);
#368=ORIENTED_EDGE('',*,*,#707,.F.);
#369=ORIENTED_EDGE('',*,*,#714,.T.);
#370=ORIENTED_EDGE('',*,*,#715,.T.);
#371=ORIENTED_EDGE('',*,*,#711,.F.);
#372=ORIENTED_EDGE('',*,*,#702,.T.);
#373=ORIENTED_EDGE('',*,*,#716,.T.);
#374=ORIENTED_EDGE('',*,*,#709,.T.);
#375=ORIENTED_EDGE('',*,*,#712,.F.);
#376=ORIENTED_EDGE('',*,*,#715,.F.);
#377=ORIENTED_EDGE('',*,*,#630,.T.);
#378=ORIENTED_EDGE('',*,*,#713,.T.);
#379=ORIENTED_EDGE('',*,*,#692,.T.);
#380=ORIENTED_EDGE('',*,*,#624,.T.);
#381=ORIENTED_EDGE('',*,*,#607,.T.);
#382=ORIENTED_EDGE('',*,*,#717,.T.);
#383=ORIENTED_EDGE('',*,*,#718,.T.);
#384=ORIENTED_EDGE('',*,*,#719,.T.);
#385=ORIENTED_EDGE('',*,*,#720,.F.);
#386=ORIENTED_EDGE('',*,*,#721,.F.);
#387=ORIENTED_EDGE('',*,*,#618,.T.);
#388=ORIENTED_EDGE('',*,*,#722,.T.);
#389=ORIENTED_EDGE('',*,*,#723,.T.);
#390=ORIENTED_EDGE('',*,*,#717,.F.);
#391=ORIENTED_EDGE('',*,*,#615,.T.);
#392=ORIENTED_EDGE('',*,*,#724,.T.);
#393=ORIENTED_EDGE('',*,*,#725,.T.);
#394=ORIENTED_EDGE('',*,*,#602,.T.);
#395=ORIENTED_EDGE('',*,*,#726,.F.);
#396=ORIENTED_EDGE('',*,*,#722,.F.);
#397=ORIENTED_EDGE('',*,*,#612,.T.);
#398=ORIENTED_EDGE('',*,*,#721,.T.);
#399=ORIENTED_EDGE('',*,*,#727,.T.);
#400=ORIENTED_EDGE('',*,*,#724,.F.);
#401=ORIENTED_EDGE('',*,*,#598,.T.);
#402=ORIENTED_EDGE('',*,*,#728,.T.);
#403=ORIENTED_EDGE('',*,*,#719,.F.);
#404=ORIENTED_EDGE('',*,*,#729,.F.);
#405=ORIENTED_EDGE('',*,*,#597,.F.);
#406=ORIENTED_EDGE('',*,*,#603,.T.);
#407=ORIENTED_EDGE('',*,*,#725,.F.);
#408=ORIENTED_EDGE('',*,*,#727,.F.);
#409=ORIENTED_EDGE('',*,*,#720,.T.);
#410=ORIENTED_EDGE('',*,*,#728,.F.);
#411=ORIENTED_EDGE('',*,*,#599,.F.);
#412=ORIENTED_EDGE('',*,*,#729,.T.);
#413=ORIENTED_EDGE('',*,*,#718,.F.);
#414=ORIENTED_EDGE('',*,*,#723,.F.);
#415=ORIENTED_EDGE('',*,*,#726,.T.);
#416=ORIENTED_EDGE('',*,*,#601,.F.);
#417=ORIENTED_EDGE('',*,*,#730,.F.);
#418=ORIENTED_EDGE('',*,*,#731,.T.);
#419=ORIENTED_EDGE('',*,*,#732,.F.);
#420=ORIENTED_EDGE('',*,*,#733,.F.);
#421=ORIENTED_EDGE('',*,*,#593,.T.);
#422=ORIENTED_EDGE('',*,*,#590,.T.);
#423=ORIENTED_EDGE('',*,*,#587,.T.);
#424=ORIENTED_EDGE('',*,*,#596,.T.);
#425=ORIENTED_EDGE('',*,*,#716,.F.);
#426=ORIENTED_EDGE('',*,*,#734,.T.);
#427=ORIENTED_EDGE('',*,*,#735,.F.);
#428=ORIENTED_EDGE('',*,*,#736,.F.);
#429=ORIENTED_EDGE('',*,*,#710,.F.);
#430=ORIENTED_EDGE('',*,*,#736,.T.);
#431=ORIENTED_EDGE('',*,*,#737,.F.);
#432=ORIENTED_EDGE('',*,*,#738,.F.);
#433=ORIENTED_EDGE('',*,*,#706,.F.);
#434=ORIENTED_EDGE('',*,*,#738,.T.);
#435=ORIENTED_EDGE('',*,*,#739,.F.);
#436=ORIENTED_EDGE('',*,*,#740,.F.);
#437=ORIENTED_EDGE('',*,*,#714,.F.);
#438=ORIENTED_EDGE('',*,*,#740,.T.);
#439=ORIENTED_EDGE('',*,*,#741,.F.);
#440=ORIENTED_EDGE('',*,*,#734,.F.);
#441=ORIENTED_EDGE('',*,*,#742,.T.);
#442=ORIENTED_EDGE('',*,*,#743,.T.);
#443=ORIENTED_EDGE('',*,*,#735,.T.);
#444=ORIENTED_EDGE('',*,*,#744,.F.);
#445=ORIENTED_EDGE('',*,*,#745,.T.);
#446=ORIENTED_EDGE('',*,*,#744,.T.);
#447=ORIENTED_EDGE('',*,*,#741,.T.);
#448=ORIENTED_EDGE('',*,*,#746,.F.);
#449=ORIENTED_EDGE('',*,*,#747,.T.);
#450=ORIENTED_EDGE('',*,*,#746,.T.);
#451=ORIENTED_EDGE('',*,*,#739,.T.);
#452=ORIENTED_EDGE('',*,*,#748,.F.);
#453=ORIENTED_EDGE('',*,*,#749,.T.);
#454=ORIENTED_EDGE('',*,*,#748,.T.);
#455=ORIENTED_EDGE('',*,*,#737,.T.);
#456=ORIENTED_EDGE('',*,*,#743,.F.);
#457=ORIENTED_EDGE('',*,*,#750,.T.);
#458=ORIENTED_EDGE('',*,*,#751,.T.);
#459=ORIENTED_EDGE('',*,*,#752,.T.);
#460=ORIENTED_EDGE('',*,*,#753,.F.);
#461=ORIENTED_EDGE('',*,*,#754,.T.);
#462=ORIENTED_EDGE('',*,*,#755,.F.);
#463=ORIENTED_EDGE('',*,*,#756,.T.);
#464=ORIENTED_EDGE('',*,*,#757,.F.);
#465=ORIENTED_EDGE('',*,*,#758,.T.);
#466=ORIENTED_EDGE('',*,*,#759,.F.);
#467=ORIENTED_EDGE('',*,*,#760,.T.);
#468=ORIENTED_EDGE('',*,*,#761,.F.);
#469=ORIENTED_EDGE('',*,*,#753,.T.);
#470=ORIENTED_EDGE('',*,*,#762,.F.);
#471=ORIENTED_EDGE('',*,*,#742,.F.);
#472=ORIENTED_EDGE('',*,*,#763,.T.);
#473=ORIENTED_EDGE('',*,*,#761,.T.);
#474=ORIENTED_EDGE('',*,*,#759,.T.);
#475=ORIENTED_EDGE('',*,*,#757,.T.);
#476=ORIENTED_EDGE('',*,*,#755,.T.);
#477=ORIENTED_EDGE('',*,*,#730,.T.);
#478=ORIENTED_EDGE('',*,*,#764,.F.);
#479=ORIENTED_EDGE('',*,*,#751,.F.);
#480=ORIENTED_EDGE('',*,*,#765,.F.);
#481=ORIENTED_EDGE('',*,*,#760,.F.);
#482=ORIENTED_EDGE('',*,*,#758,.F.);
#483=ORIENTED_EDGE('',*,*,#756,.F.);
#484=ORIENTED_EDGE('',*,*,#754,.F.);
#485=ORIENTED_EDGE('',*,*,#766,.F.);
#486=ORIENTED_EDGE('',*,*,#767,.F.);
#487=ORIENTED_EDGE('',*,*,#731,.F.);
#488=ORIENTED_EDGE('',*,*,#765,.T.);
#489=ORIENTED_EDGE('',*,*,#750,.F.);
#490=ORIENTED_EDGE('',*,*,#763,.F.);
#491=ORIENTED_EDGE('',*,*,#745,.F.);
#492=ORIENTED_EDGE('',*,*,#768,.T.);
#493=ORIENTED_EDGE('',*,*,#769,.F.);
#494=ORIENTED_EDGE('',*,*,#770,.F.);
#495=ORIENTED_EDGE('',*,*,#749,.F.);
#496=ORIENTED_EDGE('',*,*,#762,.T.);
#497=ORIENTED_EDGE('',*,*,#752,.F.);
#498=ORIENTED_EDGE('',*,*,#764,.T.);
#499=ORIENTED_EDGE('',*,*,#733,.T.);
#500=ORIENTED_EDGE('',*,*,#771,.F.);
#501=ORIENTED_EDGE('',*,*,#772,.F.);
#502=ORIENTED_EDGE('',*,*,#768,.F.);
#503=ORIENTED_EDGE('',*,*,#747,.F.);
#504=ORIENTED_EDGE('',*,*,#770,.T.);
#505=ORIENTED_EDGE('',*,*,#773,.F.);
#506=ORIENTED_EDGE('',*,*,#774,.F.);
#507=ORIENTED_EDGE('',*,*,#775,.F.);
#508=ORIENTED_EDGE('',*,*,#776,.F.);
#509=ORIENTED_EDGE('',*,*,#773,.T.);
#510=ORIENTED_EDGE('',*,*,#777,.F.);
#511=ORIENTED_EDGE('',*,*,#774,.T.);
#512=ORIENTED_EDGE('',*,*,#778,.F.);
#513=ORIENTED_EDGE('',*,*,#775,.T.);
#514=ORIENTED_EDGE('',*,*,#779,.F.);
#515=ORIENTED_EDGE('',*,*,#776,.T.);
#516=ORIENTED_EDGE('',*,*,#780,.F.);
#517=ORIENTED_EDGE('',*,*,#766,.T.);
#518=ORIENTED_EDGE('',*,*,#772,.T.);
#519=ORIENTED_EDGE('',*,*,#769,.T.);
#520=ORIENTED_EDGE('',*,*,#781,.F.);
#521=ORIENTED_EDGE('',*,*,#732,.T.);
#522=ORIENTED_EDGE('',*,*,#767,.T.);
#523=ORIENTED_EDGE('',*,*,#781,.T.);
#524=ORIENTED_EDGE('',*,*,#771,.T.);
#525=ORIENTED_EDGE('',*,*,#780,.T.);
#526=ORIENTED_EDGE('',*,*,#779,.T.);
#527=ORIENTED_EDGE('',*,*,#778,.T.);
#528=ORIENTED_EDGE('',*,*,#777,.T.);
#529=ORIENTED_EDGE('',*,*,#782,.F.);
#530=ORIENTED_EDGE('',*,*,#783,.T.);
#531=ORIENTED_EDGE('',*,*,#784,.F.);
#532=ORIENTED_EDGE('',*,*,#785,.F.);
#533=ORIENTED_EDGE('',*,*,#786,.T.);
#534=ORIENTED_EDGE('',*,*,#787,.F.);
#535=ORIENTED_EDGE('',*,*,#788,.T.);
#536=ORIENTED_EDGE('',*,*,#789,.F.);
#537=ORIENTED_EDGE('',*,*,#790,.T.);
#538=ORIENTED_EDGE('',*,*,#791,.F.);
#539=ORIENTED_EDGE('',*,*,#792,.T.);
#540=ORIENTED_EDGE('',*,*,#793,.F.);
#541=ORIENTED_EDGE('',*,*,#794,.T.);
#542=ORIENTED_EDGE('',*,*,#785,.T.);
#543=ORIENTED_EDGE('',*,*,#793,.T.);
#544=ORIENTED_EDGE('',*,*,#791,.T.);
#545=ORIENTED_EDGE('',*,*,#789,.T.);
#546=ORIENTED_EDGE('',*,*,#787,.T.);
#547=ORIENTED_EDGE('',*,*,#795,.T.);
#548=ORIENTED_EDGE('',*,*,#783,.F.);
#549=ORIENTED_EDGE('',*,*,#792,.F.);
#550=ORIENTED_EDGE('',*,*,#790,.F.);
#551=ORIENTED_EDGE('',*,*,#788,.F.);
#552=ORIENTED_EDGE('',*,*,#786,.F.);
#553=ORIENTED_EDGE('',*,*,#782,.T.);
#554=ORIENTED_EDGE('',*,*,#794,.F.);
#555=ORIENTED_EDGE('',*,*,#784,.T.);
#556=ORIENTED_EDGE('',*,*,#795,.F.);
#557=ORIENTED_EDGE('',*,*,#796,.T.);
#558=ORIENTED_EDGE('',*,*,#797,.F.);
#559=ORIENTED_EDGE('',*,*,#798,.T.);
#560=ORIENTED_EDGE('',*,*,#799,.F.);
#561=ORIENTED_EDGE('',*,*,#799,.T.);
#562=ORIENTED_EDGE('',*,*,#800,.F.);
#563=ORIENTED_EDGE('',*,*,#801,.F.);
#564=ORIENTED_EDGE('',*,*,#802,.F.);
#565=ORIENTED_EDGE('',*,*,#803,.F.);
#566=ORIENTED_EDGE('',*,*,#804,.F.);
#567=ORIENTED_EDGE('',*,*,#796,.F.);
#568=ORIENTED_EDGE('',*,*,#800,.T.);
#569=ORIENTED_EDGE('',*,*,#798,.F.);
#570=ORIENTED_EDGE('',*,*,#805,.F.);
#571=ORIENTED_EDGE('',*,*,#801,.T.);
#572=ORIENTED_EDGE('',*,*,#806,.F.);
#573=ORIENTED_EDGE('',*,*,#802,.T.);
#574=ORIENTED_EDGE('',*,*,#807,.F.);
#575=ORIENTED_EDGE('',*,*,#803,.T.);
#576=ORIENTED_EDGE('',*,*,#808,.F.);
#577=ORIENTED_EDGE('',*,*,#804,.T.);
#578=ORIENTED_EDGE('',*,*,#809,.F.);
#579=ORIENTED_EDGE('',*,*,#797,.T.);
#580=ORIENTED_EDGE('',*,*,#805,.T.);
#581=ORIENTED_EDGE('',*,*,#809,.T.);
#582=ORIENTED_EDGE('',*,*,#808,.T.);
#583=ORIENTED_EDGE('',*,*,#807,.T.);
#584=ORIENTED_EDGE('',*,*,#806,.T.);
#585=EDGE_CURVE('',#810,#811,#965,.F.);
#586=EDGE_CURVE('',#812,#810,#966,.T.);
#587=EDGE_CURVE('',#813,#812,#967,.T.);
#588=EDGE_CURVE('',#813,#811,#968,.T.);
#589=EDGE_CURVE('',#811,#814,#969,.F.);
#590=EDGE_CURVE('',#815,#813,#970,.T.);
#591=EDGE_CURVE('',#815,#814,#971,.T.);
#592=EDGE_CURVE('',#814,#816,#972,.T.);
#593=EDGE_CURVE('',#817,#815,#973,.F.);
#594=EDGE_CURVE('',#817,#816,#974,.T.);
#595=EDGE_CURVE('',#816,#810,#975,.T.);
#596=EDGE_CURVE('',#812,#817,#976,.F.);
#597=EDGE_CURVE('',#818,#819,#977,.F.);
#598=EDGE_CURVE('',#820,#819,#978,.F.);
#599=EDGE_CURVE('',#820,#821,#979,.T.);
#600=EDGE_CURVE('',#818,#821,#980,.F.);
#601=EDGE_CURVE('',#821,#822,#981,.T.);
#602=EDGE_CURVE('',#823,#822,#982,.F.);
#603=EDGE_CURVE('',#818,#823,#983,.T.);
#604=EDGE_CURVE('',#824,#825,#984,.T.);
#605=EDGE_CURVE('',#824,#826,#985,.T.);
#606=EDGE_CURVE('',#827,#826,#986,.T.);
#607=EDGE_CURVE('',#828,#827,#987,.T.);
#608=EDGE_CURVE('',#828,#829,#988,.T.);
#609=EDGE_CURVE('',#829,#830,#989,.T.);
#610=EDGE_CURVE('',#831,#830,#990,.T.);
#611=EDGE_CURVE('',#825,#831,#991,.T.);
#612=EDGE_CURVE('',#832,#828,#992,.T.);
#613=EDGE_CURVE('',#832,#833,#993,.T.);
#614=EDGE_CURVE('',#833,#829,#994,.T.);
#615=EDGE_CURVE('',#834,#832,#995,.T.);
#616=EDGE_CURVE('',#834,#835,#996,.T.);
#617=EDGE_CURVE('',#835,#833,#997,.T.);
#618=EDGE_CURVE('',#827,#834,#998,.T.);
#619=EDGE_CURVE('',#826,#835,#999,.T.);
#620=EDGE_CURVE('',#836,#824,#1000,.F.);
#621=EDGE_CURVE('',#837,#836,#1001,.T.);
#622=EDGE_CURVE('',#830,#837,#1002,.T.);
#623=EDGE_CURVE('',#838,#831,#1003,.T.);
#624=EDGE_CURVE('',#839,#838,#1004,.F.);
#625=EDGE_CURVE('',#839,#825,#1005,.T.);
#626=EDGE_CURVE('',#837,#840,#1006,.T.);
#627=EDGE_CURVE('',#840,#841,#1007,.F.);
#628=EDGE_CURVE('',#841,#842,#1008,.T.);
#629=EDGE_CURVE('',#843,#842,#1009,.T.);
#630=EDGE_CURVE('',#838,#843,#1010,.T.);
#631=EDGE_CURVE('',#844,#845,#79,.T.);
#632=EDGE_CURVE('',#844,#846,#1011,.F.);
#633=EDGE_CURVE('',#847,#846,#1012,.T.);
#634=EDGE_CURVE('',#847,#848,#80,.T.);
#635=EDGE_CURVE('',#848,#845,#1013,.T.);
#636=EDGE_CURVE('',#849,#844,#1014,.F.);
#637=EDGE_CURVE('',#849,#850,#1015,.T.);
#638=EDGE_CURVE('',#846,#850,#1016,.T.);
#639=EDGE_CURVE('',#851,#849,#81,.T.);
#640=EDGE_CURVE('',#851,#852,#1017,.T.);
#641=EDGE_CURVE('',#853,#852,#82,.T.);
#642=EDGE_CURVE('',#850,#853,#1018,.T.);
#643=EDGE_CURVE('',#854,#855,#83,.T.);
#644=EDGE_CURVE('',#856,#854,#84,.T.);
#645=EDGE_CURVE('',#857,#856,#85,.F.);
#646=EDGE_CURVE('',#857,#858,#86,.T.);
#647=EDGE_CURVE('',#858,#859,#1019,.T.);
#648=EDGE_CURVE('',#855,#859,#1020,.T.);
#649=EDGE_CURVE('',#845,#856,#87,.T.);
#650=EDGE_CURVE('',#848,#857,#88,.T.);
#651=EDGE_CURVE('',#860,#861,#89,.T.);
#652=EDGE_CURVE('',#862,#860,#90,.T.);
#653=EDGE_CURVE('',#863,#862,#91,.T.);
#654=EDGE_CURVE('',#861,#863,#92,.T.);
#655=EDGE_CURVE('',#858,#847,#93,.T.);
#656=EDGE_CURVE('',#863,#864,#94,.T.);
#657=EDGE_CURVE('',#865,#864,#95,.T.);
#658=EDGE_CURVE('',#861,#865,#96,.T.);
#659=EDGE_CURVE('',#862,#866,#97,.T.);
#660=EDGE_CURVE('',#864,#866,#98,.T.);
#661=EDGE_CURVE('',#860,#867,#99,.T.);
#662=EDGE_CURVE('',#866,#867,#100,.T.);
#663=EDGE_CURVE('',#867,#865,#101,.T.);
#664=EDGE_CURVE('',#859,#846,#1021,.F.);
#665=EDGE_CURVE('',#868,#868,#14,.T.);
#666=EDGE_CURVE('',#869,#869,#15,.F.);
#667=EDGE_CURVE('',#870,#871,#102,.T.);
#668=EDGE_CURVE('',#871,#872,#103,.T.);
#669=EDGE_CURVE('',#872,#873,#104,.T.);
#670=EDGE_CURVE('',#873,#870,#105,.T.);
#671=EDGE_CURVE('',#870,#874,#106,.T.);
#672=EDGE_CURVE('',#875,#874,#107,.T.);
#673=EDGE_CURVE('',#871,#875,#108,.T.);
#674=EDGE_CURVE('',#876,#875,#109,.T.);
#675=EDGE_CURVE('',#872,#876,#110,.T.);
#676=EDGE_CURVE('',#877,#876,#111,.T.);
#677=EDGE_CURVE('',#873,#877,#112,.T.);
#678=EDGE_CURVE('',#874,#877,#113,.T.);
#679=EDGE_CURVE('',#878,#879,#114,.T.);
#680=EDGE_CURVE('',#879,#853,#115,.T.);
#681=EDGE_CURVE('',#852,#878,#116,.T.);
#682=EDGE_CURVE('',#850,#880,#1022,.T.);
#683=EDGE_CURVE('',#880,#879,#1023,.T.);
#684=EDGE_CURVE('',#881,#851,#117,.T.);
#685=EDGE_CURVE('',#881,#878,#1024,.T.);
#686=EDGE_CURVE('',#882,#881,#118,.T.);
#687=EDGE_CURVE('',#882,#880,#1025,.F.);
#688=EDGE_CURVE('',#855,#882,#1026,.T.);
#689=EDGE_CURVE('',#880,#859,#1027,.F.);
#690=EDGE_CURVE('',#883,#836,#1028,.T.);
#691=EDGE_CURVE('',#840,#883,#1029,.T.);
#692=EDGE_CURVE('',#884,#839,#1030,.F.);
#693=EDGE_CURVE('',#884,#885,#1031,.T.);
#694=EDGE_CURVE('',#885,#886,#1032,.T.);
#695=EDGE_CURVE('',#886,#883,#1033,.T.);
#696=EDGE_CURVE('',#887,#888,#1034,.F.);
#697=EDGE_CURVE('',#889,#887,#1035,.F.);
#698=EDGE_CURVE('',#889,#841,#1036,.T.);
#699=EDGE_CURVE('',#886,#890,#1037,.T.);
#700=EDGE_CURVE('',#888,#890,#1038,.F.);
#701=EDGE_CURVE('',#842,#885,#1039,.T.);
#702=EDGE_CURVE('',#891,#889,#1040,.F.);
#703=EDGE_CURVE('',#892,#891,#1041,.T.);
#704=EDGE_CURVE('',#890,#892,#1042,.T.);
#705=EDGE_CURVE('',#893,#888,#1043,.T.);
#706=EDGE_CURVE('',#893,#894,#1044,.T.);
#707=EDGE_CURVE('',#894,#887,#1045,.T.);
#708=EDGE_CURVE('',#895,#892,#1046,.F.);
#709=EDGE_CURVE('',#896,#895,#1047,.T.);
#710=EDGE_CURVE('',#896,#893,#1048,.T.);
#711=EDGE_CURVE('',#891,#897,#1049,.T.);
#712=EDGE_CURVE('',#897,#895,#1050,.F.);
#713=EDGE_CURVE('',#843,#884,#1051,.T.);
#714=EDGE_CURVE('',#894,#898,#1052,.T.);
#715=EDGE_CURVE('',#898,#897,#1053,.T.);
#716=EDGE_CURVE('',#898,#896,#1054,.T.);
#717=EDGE_CURVE('',#827,#899,#1055,.T.);
#718=EDGE_CURVE('',#899,#900,#1056,.T.);
#719=EDGE_CURVE('',#900,#901,#1057,.F.);
#720=EDGE_CURVE('',#902,#901,#1058,.T.);
#721=EDGE_CURVE('',#828,#902,#1059,.T.);
#722=EDGE_CURVE('',#834,#903,#1060,.T.);
#723=EDGE_CURVE('',#903,#899,#1061,.F.);
#724=EDGE_CURVE('',#832,#904,#1062,.T.);
#725=EDGE_CURVE('',#904,#823,#1063,.T.);
#726=EDGE_CURVE('',#903,#822,#1064,.T.);
#727=EDGE_CURVE('',#902,#904,#1065,.F.);
#728=EDGE_CURVE('',#819,#901,#1066,.T.);
#729=EDGE_CURVE('',#820,#900,#1067,.T.);
#730=EDGE_CURVE('',#905,#906,#1068,.F.);
#731=EDGE_CURVE('',#905,#907,#1069,.T.);
#732=EDGE_CURVE('',#908,#907,#1070,.T.);
#733=EDGE_CURVE('',#906,#908,#1071,.F.);
#734=EDGE_CURVE('',#898,#909,#1072,.T.);
#735=EDGE_CURVE('',#910,#909,#1073,.F.);
#736=EDGE_CURVE('',#896,#910,#1074,.T.);
#737=EDGE_CURVE('',#911,#910,#1075,.F.);
#738=EDGE_CURVE('',#893,#911,#1076,.T.);
#739=EDGE_CURVE('',#912,#911,#1077,.F.);
#740=EDGE_CURVE('',#894,#912,#1078,.T.);
#741=EDGE_CURVE('',#909,#912,#1079,.F.);
#742=EDGE_CURVE('',#913,#914,#1080,.T.);
#743=EDGE_CURVE('',#914,#910,#1081,.T.);
#744=EDGE_CURVE('',#913,#909,#1082,.T.);
#745=EDGE_CURVE('',#915,#913,#1083,.T.);
#746=EDGE_CURVE('',#915,#912,#1084,.T.);
#747=EDGE_CURVE('',#916,#915,#1085,.T.);
#748=EDGE_CURVE('',#916,#911,#1086,.T.);
#749=EDGE_CURVE('',#914,#916,#1087,.T.);
#750=EDGE_CURVE('',#917,#918,#1088,.F.);
#751=EDGE_CURVE('',#918,#919,#16,.T.);
#752=EDGE_CURVE('',#919,#920,#1089,.T.);
#753=EDGE_CURVE('',#917,#920,#17,.T.);
#754=EDGE_CURVE('',#921,#921,#18,.F.);
#755=EDGE_CURVE('',#922,#922,#19,.F.);
#756=EDGE_CURVE('',#923,#923,#20,.F.);
#757=EDGE_CURVE('',#924,#924,#21,.F.);
#758=EDGE_CURVE('',#925,#925,#22,.F.);
#759=EDGE_CURVE('',#926,#926,#23,.F.);
#760=EDGE_CURVE('',#927,#927,#24,.F.);
#761=EDGE_CURVE('',#928,#928,#25,.F.);
#762=EDGE_CURVE('',#914,#920,#1090,.T.);
#763=EDGE_CURVE('',#913,#917,#1091,.T.);
#764=EDGE_CURVE('',#919,#906,#1092,.F.);
#765=EDGE_CURVE('',#905,#918,#1093,.T.);
#766=EDGE_CURVE('',#929,#930,#1094,.F.);
#767=EDGE_CURVE('',#907,#929,#1095,.T.);
#768=EDGE_CURVE('',#915,#930,#1096,.T.);
#769=EDGE_CURVE('',#931,#932,#1097,.T.);
#770=EDGE_CURVE('',#916,#931,#1098,.T.);
#771=EDGE_CURVE('',#932,#908,#1099,.F.);
#772=EDGE_CURVE('',#930,#931,#26,.T.);
#773=EDGE_CURVE('',#933,#933,#27,.F.);
#774=EDGE_CURVE('',#934,#934,#28,.F.);
#775=EDGE_CURVE('',#935,#935,#29,.F.);
#776=EDGE_CURVE('',#936,#936,#30,.F.);
#777=EDGE_CURVE('',#937,#937,#31,.F.);
#778=EDGE_CURVE('',#938,#938,#32,.F.);
#779=EDGE_CURVE('',#939,#939,#33,.F.);
#780=EDGE_CURVE('',#940,#940,#34,.F.);
#781=EDGE_CURVE('',#929,#932,#35,.T.);
#782=EDGE_CURVE('',#941,#942,#1100,.F.);
#783=EDGE_CURVE('',#941,#943,#36,.T.);
#784=EDGE_CURVE('',#944,#943,#1101,.T.);
#785=EDGE_CURVE('',#942,#944,#37,.T.);
#786=EDGE_CURVE('',#945,#945,#38,.F.);
#787=EDGE_CURVE('',#946,#946,#39,.F.);
#788=EDGE_CURVE('',#947,#947,#40,.F.);
#789=EDGE_CURVE('',#948,#948,#41,.F.);
#790=EDGE_CURVE('',#949,#949,#42,.F.);
#791=EDGE_CURVE('',#950,#950,#43,.F.);
#792=EDGE_CURVE('',#951,#951,#44,.F.);
#793=EDGE_CURVE('',#952,#952,#45,.F.);
#794=EDGE_CURVE('',#944,#942,#1102,.T.);
#795=EDGE_CURVE('',#941,#943,#1103,.F.);
#796=EDGE_CURVE('',#953,#954,#1104,.F.);
#797=EDGE_CURVE('',#955,#954,#1105,.T.);
#798=EDGE_CURVE('',#955,#956,#1106,.T.);
#799=EDGE_CURVE('',#953,#956,#1107,.F.);
#800=EDGE_CURVE('',#953,#956,#46,.T.);
#801=EDGE_CURVE('',#957,#957,#47,.F.);
#802=EDGE_CURVE('',#958,#958,#48,.F.);
#803=EDGE_CURVE('',#959,#959,#49,.F.);
#804=EDGE_CURVE('',#960,#960,#50,.F.);
#805=EDGE_CURVE('',#954,#955,#51,.T.);
#806=EDGE_CURVE('',#961,#961,#52,.F.);
#807=EDGE_CURVE('',#962,#962,#53,.F.);
#808=EDGE_CURVE('',#963,#963,#54,.F.);
#809=EDGE_CURVE('',#964,#964,#55,.F.);
#810=VERTEX_POINT('',#2232);
#811=VERTEX_POINT('',#2233);
#812=VERTEX_POINT('',#2235);
#813=VERTEX_POINT('',#2237);
#814=VERTEX_POINT('',#2241);
#815=VERTEX_POINT('',#2243);
#816=VERTEX_POINT('',#2247);
#817=VERTEX_POINT('',#2249);
#818=VERTEX_POINT('',#2256);
#819=VERTEX_POINT('',#2257);
#820=VERTEX_POINT('',#2259);
#821=VERTEX_POINT('',#2261);
#822=VERTEX_POINT('',#2265);
#823=VERTEX_POINT('',#2267);
#824=VERTEX_POINT('',#2271);
#825=VERTEX_POINT('',#2272);
#826=VERTEX_POINT('',#2274);
#827=VERTEX_POINT('',#2276);
#828=VERTEX_POINT('',#2278);
#829=VERTEX_POINT('',#2280);
#830=VERTEX_POINT('',#2282);
#831=VERTEX_POINT('',#2284);
#832=VERTEX_POINT('',#2288);
#833=VERTEX_POINT('',#2290);
#834=VERTEX_POINT('',#2294);
#835=VERTEX_POINT('',#2296);
#836=VERTEX_POINT('',#2303);
#837=VERTEX_POINT('',#2305);
#838=VERTEX_POINT('',#2309);
#839=VERTEX_POINT('',#2311);
#840=VERTEX_POINT('',#2315);
#841=VERTEX_POINT('',#2317);
#842=VERTEX_POINT('',#2319);
#843=VERTEX_POINT('',#2321);
#844=VERTEX_POINT('',#2351);
#845=VERTEX_POINT('',#2352);
#846=VERTEX_POINT('',#2354);
#847=VERTEX_POINT('',#2356);
#848=VERTEX_POINT('',#2364);
#849=VERTEX_POINT('',#2368);
#850=VERTEX_POINT('',#2370);
#851=VERTEX_POINT('',#2400);
#852=VERTEX_POINT('',#2402);
#853=VERTEX_POINT('',#2410);
#854=VERTEX_POINT('',#2440);
#855=VERTEX_POINT('',#2441);
#856=VERTEX_POINT('',#2446);
#857=VERTEX_POINT('',#2451);
#858=VERTEX_POINT('',#2459);
#859=VERTEX_POINT('',#2461);
#860=VERTEX_POINT('',#2505);
#861=VERTEX_POINT('',#2506);
#862=VERTEX_POINT('',#2515);
#863=VERTEX_POINT('',#2524);
#864=VERTEX_POINT('',#2701);
#865=VERTEX_POINT('',#2707);
#866=VERTEX_POINT('',#2766);
#867=VERTEX_POINT('',#2897);
#868=VERTEX_POINT('',#2998);
#869=VERTEX_POINT('',#3001);
#870=VERTEX_POINT('',#3007);
#871=VERTEX_POINT('',#3008);
#872=VERTEX_POINT('',#3013);
#873=VERTEX_POINT('',#3018);
#874=VERTEX_POINT('',#3093);
#875=VERTEX_POINT('',#3103);
#876=VERTEX_POINT('',#3223);
#877=VERTEX_POINT('',#3300);
#878=VERTEX_POINT('',#3405);
#879=VERTEX_POINT('',#3406);
#880=VERTEX_POINT('',#3445);
#881=VERTEX_POINT('',#3475);
#882=VERTEX_POINT('',#3505);
#883=VERTEX_POINT('',#3513);
#884=VERTEX_POINT('',#3517);
#885=VERTEX_POINT('',#3519);
#886=VERTEX_POINT('',#3521);
#887=VERTEX_POINT('',#3525);
#888=VERTEX_POINT('',#3526);
#889=VERTEX_POINT('',#3528);
#890=VERTEX_POINT('',#3531);
#891=VERTEX_POINT('',#3536);
#892=VERTEX_POINT('',#3538);
#893=VERTEX_POINT('',#3542);
#894=VERTEX_POINT('',#3544);
#895=VERTEX_POINT('',#3548);
#896=VERTEX_POINT('',#3550);
#897=VERTEX_POINT('',#3554);
#898=VERTEX_POINT('',#3560);
#899=VERTEX_POINT('',#3566);
#900=VERTEX_POINT('',#3568);
#901=VERTEX_POINT('',#3570);
#902=VERTEX_POINT('',#3572);
#903=VERTEX_POINT('',#3576);
#904=VERTEX_POINT('',#3580);
#905=VERTEX_POINT('',#3592);
#906=VERTEX_POINT('',#3593);
#907=VERTEX_POINT('',#3595);
#908=VERTEX_POINT('',#3597);
#909=VERTEX_POINT('',#3601);
#910=VERTEX_POINT('',#3603);
#911=VERTEX_POINT('',#3607);
#912=VERTEX_POINT('',#3611);
#913=VERTEX_POINT('',#3617);
#914=VERTEX_POINT('',#3618);
#915=VERTEX_POINT('',#3623);
#916=VERTEX_POINT('',#3627);
#917=VERTEX_POINT('',#3633);
#918=VERTEX_POINT('',#3634);
#919=VERTEX_POINT('',#3636);
#920=VERTEX_POINT('',#3638);
#921=VERTEX_POINT('',#3642);
#922=VERTEX_POINT('',#3644);
#923=VERTEX_POINT('',#3647);
#924=VERTEX_POINT('',#3649);
#925=VERTEX_POINT('',#3652);
#926=VERTEX_POINT('',#3654);
#927=VERTEX_POINT('',#3657);
#928=VERTEX_POINT('',#3659);
#929=VERTEX_POINT('',#3668);
#930=VERTEX_POINT('',#3669);
#931=VERTEX_POINT('',#3674);
#932=VERTEX_POINT('',#3675);
#933=VERTEX_POINT('',#3681);
#934=VERTEX_POINT('',#3683);
#935=VERTEX_POINT('',#3685);
#936=VERTEX_POINT('',#3687);
#937=VERTEX_POINT('',#3690);
#938=VERTEX_POINT('',#3693);
#939=VERTEX_POINT('',#3696);
#940=VERTEX_POINT('',#3699);
#941=VERTEX_POINT('',#3705);
#942=VERTEX_POINT('',#3706);
#943=VERTEX_POINT('',#3708);
#944=VERTEX_POINT('',#3710);
#945=VERTEX_POINT('',#3714);
#946=VERTEX_POINT('',#3716);
#947=VERTEX_POINT('',#3719);
#948=VERTEX_POINT('',#3721);
#949=VERTEX_POINT('',#3724);
#950=VERTEX_POINT('',#3726);
#951=VERTEX_POINT('',#3729);
#952=VERTEX_POINT('',#3731);
#953=VERTEX_POINT('',#3739);
#954=VERTEX_POINT('',#3740);
#955=VERTEX_POINT('',#3742);
#956=VERTEX_POINT('',#3744);
#957=VERTEX_POINT('',#3749);
#958=VERTEX_POINT('',#3751);
#959=VERTEX_POINT('',#3753);
#960=VERTEX_POINT('',#3755);
#961=VERTEX_POINT('',#3760);
#962=VERTEX_POINT('',#3763);
#963=VERTEX_POINT('',#3766);
#964=VERTEX_POINT('',#3769);
#965=LINE('',#2231,#1108);
#966=LINE('',#2234,#1109);
#967=LINE('',#2236,#1110);
#968=LINE('',#2238,#1111);
#969=LINE('',#2240,#1112);
#970=LINE('',#2242,#1113);
#971=LINE('',#2244,#1114);
#972=LINE('',#2246,#1115);
#973=LINE('',#2248,#1116);
#974=LINE('',#2250,#1117);
#975=LINE('',#2252,#1118);
#976=LINE('',#2253,#1119);
#977=LINE('',#2255,#1120);
#978=LINE('',#2258,#1121);
#979=LINE('',#2260,#1122);
#980=LINE('',#2262,#1123);
#981=LINE('',#2264,#1124);
#982=LINE('',#2266,#1125);
#983=LINE('',#2268,#1126);
#984=LINE('',#2270,#1127);
#985=LINE('',#2273,#1128);
#986=LINE('',#2275,#1129);
#987=LINE('',#2277,#1130);
#988=LINE('',#2279,#1131);
#989=LINE('',#2281,#1132);
#990=LINE('',#2283,#1133);
#991=LINE('',#2285,#1134);
#992=LINE('',#2287,#1135);
#993=LINE('',#2289,#1136);
#994=LINE('',#2291,#1137);
#995=LINE('',#2293,#1138);
#996=LINE('',#2295,#1139);
#997=LINE('',#2297,#1140);
#998=LINE('',#2299,#1141);
#999=LINE('',#2300,#1142);
#1000=LINE('',#2302,#1143);
#1001=LINE('',#2304,#1144);
#1002=LINE('',#2306,#1145);
#1003=LINE('',#2308,#1146);
#1004=LINE('',#2310,#1147);
#1005=LINE('',#2312,#1148);
#1006=LINE('',#2314,#1149);
#1007=LINE('',#2316,#1150);
#1008=LINE('',#2318,#1151);
#1009=LINE('',#2320,#1152);
#1010=LINE('',#2322,#1153);
#1011=LINE('',#2353,#1154);
#1012=LINE('',#2355,#1155);
#1013=LINE('',#2365,#1156);
#1014=LINE('',#2367,#1157);
#1015=LINE('',#2369,#1158);
#1016=LINE('',#2371,#1159);
#1017=LINE('',#2401,#1160);
#1018=LINE('',#2411,#1161);
#1019=LINE('',#2460,#1162);
#1020=LINE('',#2462,#1163);
#1021=LINE('',#2995,#1164);
#1022=LINE('',#3444,#1165);
#1023=LINE('',#3446,#1166);
#1024=LINE('',#3476,#1167);
#1025=LINE('',#3506,#1168);
#1026=LINE('',#3508,#1169);
#1027=LINE('',#3509,#1170);
#1028=LINE('',#3512,#1171);
#1029=LINE('',#3514,#1172);
#1030=LINE('',#3516,#1173);
#1031=LINE('',#3518,#1174);
#1032=LINE('',#3520,#1175);
#1033=LINE('',#3522,#1176);
#1034=LINE('',#3524,#1177);
#1035=LINE('',#3527,#1178);
#1036=LINE('',#3529,#1179);
#1037=LINE('',#3530,#1180);
#1038=LINE('',#3532,#1181);
#1039=LINE('',#3534,#1182);
#1040=LINE('',#3535,#1183);
#1041=LINE('',#3537,#1184);
#1042=LINE('',#3539,#1185);
#1043=LINE('',#3541,#1186);
#1044=LINE('',#3543,#1187);
#1045=LINE('',#3545,#1188);
#1046=LINE('',#3547,#1189);
#1047=LINE('',#3549,#1190);
#1048=LINE('',#3551,#1191);
#1049=LINE('',#3553,#1192);
#1050=LINE('',#3555,#1193);
#1051=LINE('',#3557,#1194);
#1052=LINE('',#3559,#1195);
#1053=LINE('',#3561,#1196);
#1054=LINE('',#3563,#1197);
#1055=LINE('',#3565,#1198);
#1056=LINE('',#3567,#1199);
#1057=LINE('',#3569,#1200);
#1058=LINE('',#3571,#1201);
#1059=LINE('',#3573,#1202);
#1060=LINE('',#3575,#1203);
#1061=LINE('',#3577,#1204);
#1062=LINE('',#3579,#1205);
#1063=LINE('',#3581,#1206);
#1064=LINE('',#3582,#1207);
#1065=LINE('',#3584,#1208);
#1066=LINE('',#3586,#1209);
#1067=LINE('',#3587,#1210);
#1068=LINE('',#3591,#1211);
#1069=LINE('',#3594,#1212);
#1070=LINE('',#3596,#1213);
#1071=LINE('',#3598,#1214);
#1072=LINE('',#3600,#1215);
#1073=LINE('',#3602,#1216);
#1074=LINE('',#3604,#1217);
#1075=LINE('',#3606,#1218);
#1076=LINE('',#3608,#1219);
#1077=LINE('',#3610,#1220);
#1078=LINE('',#3612,#1221);
#1079=LINE('',#3614,#1222);
#1080=LINE('',#3616,#1223);
#1081=LINE('',#3619,#1224);
#1082=LINE('',#3620,#1225);
#1083=LINE('',#3622,#1226);
#1084=LINE('',#3624,#1227);
#1085=LINE('',#3626,#1228);
#1086=LINE('',#3628,#1229);
#1087=LINE('',#3630,#1230);
#1088=LINE('',#3632,#1231);
#1089=LINE('',#3637,#1232);
#1090=LINE('',#3661,#1233);
#1091=LINE('',#3662,#1234);
#1092=LINE('',#3664,#1235);
#1093=LINE('',#3665,#1236);
#1094=LINE('',#3667,#1237);
#1095=LINE('',#3670,#1238);
#1096=LINE('',#3671,#1239);
#1097=LINE('',#3673,#1240);
#1098=LINE('',#3676,#1241);
#1099=LINE('',#3677,#1242);
#1100=LINE('',#3704,#1243);
#1101=LINE('',#3709,#1244);
#1102=LINE('',#3733,#1245);
#1103=LINE('',#3735,#1246);
#1104=LINE('',#3738,#1247);
#1105=LINE('',#3741,#1248);
#1106=LINE('',#3743,#1249);
#1107=LINE('',#3745,#1250);
#1108=VECTOR('',#1846,1.);
#1109=VECTOR('',#1847,1.);
#1110=VECTOR('',#1848,1.);
#1111=VECTOR('',#1849,1.);
#1112=VECTOR('',#1852,1.);
#1113=VECTOR('',#1853,1.);
#1114=VECTOR('',#1854,1.);
#1115=VECTOR('',#1857,1.);
#1116=VECTOR('',#1858,1.);
#1117=VECTOR('',#1859,1.);
#1118=VECTOR('',#1862,1.);
#1119=VECTOR('',#1863,1.);
#1120=VECTOR('',#1866,1.);
#1121=VECTOR('',#1867,1.);
#1122=VECTOR('',#1868,1.);
#1123=VECTOR('',#1869,1.);
#1124=VECTOR('',#1872,1.);
#1125=VECTOR('',#1873,1.);
#1126=VECTOR('',#1874,1.);
#1127=VECTOR('',#1877,1.);
#1128=VECTOR('',#1878,1.);
#1129=VECTOR('',#1879,1.);
#1130=VECTOR('',#1880,1.);
#1131=VECTOR('',#1881,1.);
#1132=VECTOR('',#1882,1.);
#1133=VECTOR('',#1883,1.);
#1134=VECTOR('',#1884,1.);
#1135=VECTOR('',#1887,1.);
#1136=VECTOR('',#1888,1.);
#1137=VECTOR('',#1889,1.);
#1138=VECTOR('',#1892,1.);
#1139=VECTOR('',#1893,1.);
#1140=VECTOR('',#1894,1.);
#1141=VECTOR('',#1897,1.);
#1142=VECTOR('',#1898,1.);
#1143=VECTOR('',#1901,1.);
#1144=VECTOR('',#1902,1.);
#1145=VECTOR('',#1903,1.);
#1146=VECTOR('',#1906,1.);
#1147=VECTOR('',#1907,1.);
#1148=VECTOR('',#1908,1.);
#1149=VECTOR('',#1911,1.);
#1150=VECTOR('',#1912,1.);
#1151=VECTOR('',#1913,1.);
#1152=VECTOR('',#1914,1.);
#1153=VECTOR('',#1915,1.);
#1154=VECTOR('',#1916,1.);
#1155=VECTOR('',#1917,1.);
#1156=VECTOR('',#1918,1.);
#1157=VECTOR('',#1921,1.);
#1158=VECTOR('',#1922,1.);
#1159=VECTOR('',#1923,1.);
#1160=VECTOR('',#1924,1.);
#1161=VECTOR('',#1925,1.);
#1162=VECTOR('',#1926,1.);
#1163=VECTOR('',#1927,1.);
#1164=VECTOR('',#1930,1.);
#1165=VECTOR('',#1943,1.);
#1166=VECTOR('',#1944,1.);
#1167=VECTOR('',#1945,1.);
#1168=VECTOR('',#1946,1.);
#1169=VECTOR('',#1949,1.);
#1170=VECTOR('',#1950,1.);
#1171=VECTOR('',#1955,1.);
#1172=VECTOR('',#1956,1.);
#1173=VECTOR('',#1959,1.);
#1174=VECTOR('',#1960,1.);
#1175=VECTOR('',#1961,1.);
#1176=VECTOR('',#1962,1.);
#1177=VECTOR('',#1965,1.);
#1178=VECTOR('',#1966,1.);
#1179=VECTOR('',#1967,1.);
#1180=VECTOR('',#1968,1.);
#1181=VECTOR('',#1969,1.);
#1182=VECTOR('',#1972,1.);
#1183=VECTOR('',#1973,1.);
#1184=VECTOR('',#1974,1.);
#1185=VECTOR('',#1975,1.);
#1186=VECTOR('',#1978,1.);
#1187=VECTOR('',#1979,1.);
#1188=VECTOR('',#1980,1.);
#1189=VECTOR('',#1983,1.);
#1190=VECTOR('',#1984,1.);
#1191=VECTOR('',#1985,1.);
#1192=VECTOR('',#1988,1.);
#1193=VECTOR('',#1989,1.);
#1194=VECTOR('',#1992,1.);
#1195=VECTOR('',#1995,1.);
#1196=VECTOR('',#1996,1.);
#1197=VECTOR('',#1999,1.);
#1198=VECTOR('',#2002,1.);
#1199=VECTOR('',#2003,1.);
#1200=VECTOR('',#2004,1.);
#1201=VECTOR('',#2005,1.);
#1202=VECTOR('',#2006,1.);
#1203=VECTOR('',#2009,1.);
#1204=VECTOR('',#2010,1.);
#1205=VECTOR('',#2013,1.);
#1206=VECTOR('',#2014,1.);
#1207=VECTOR('',#2015,1.);
#1208=VECTOR('',#2018,1.);
#1209=VECTOR('',#2021,1.);
#1210=VECTOR('',#2022,1.);
#1211=VECTOR('',#2029,1.);
#1212=VECTOR('',#2030,1.);
#1213=VECTOR('',#2031,1.);
#1214=VECTOR('',#2032,1.);
#1215=VECTOR('',#2035,1.);
#1216=VECTOR('',#2036,1.);
#1217=VECTOR('',#2037,1.);
#1218=VECTOR('',#2040,1.);
#1219=VECTOR('',#2041,1.);
#1220=VECTOR('',#2044,1.);
#1221=VECTOR('',#2045,1.);
#1222=VECTOR('',#2048,1.);
#1223=VECTOR('',#2051,1.);
#1224=VECTOR('',#2052,1.);
#1225=VECTOR('',#2053,1.);
#1226=VECTOR('',#2056,1.);
#1227=VECTOR('',#2057,1.);
#1228=VECTOR('',#2060,1.);
#1229=VECTOR('',#2061,1.);
#1230=VECTOR('',#2064,1.);
#1231=VECTOR('',#2067,1.);
#1232=VECTOR('',#2070,1.);
#1233=VECTOR('',#2099,1.);
#1234=VECTOR('',#2100,1.);
#1235=VECTOR('',#2103,1.);
#1236=VECTOR('',#2104,1.);
#1237=VECTOR('',#2107,1.);
#1238=VECTOR('',#2108,1.);
#1239=VECTOR('',#2109,1.);
#1240=VECTOR('',#2112,1.);
#1241=VECTOR('',#2113,1.);
#1242=VECTOR('',#2114,1.);
#1243=VECTOR('',#2151,1.);
#1244=VECTOR('',#2154,1.);
#1245=VECTOR('',#2183,1.);
#1246=VECTOR('',#2186,1.);
#1247=VECTOR('',#2191,1.);
#1248=VECTOR('',#2192,1.);
#1249=VECTOR('',#2193,1.);
#1250=VECTOR('',#2194,1.);
#1251=EDGE_LOOP('',(#135,#136,#137,#138));
#1252=EDGE_LOOP('',(#139,#140,#141,#142));
#1253=EDGE_LOOP('',(#143,#144,#145,#146));
#1254=EDGE_LOOP('',(#147,#148,#149,#150));
#1255=EDGE_LOOP('',(#151,#152,#153,#154));
#1256=EDGE_LOOP('',(#155,#156,#157,#158));
#1257=EDGE_LOOP('',(#159,#160,#161,#162));
#1258=EDGE_LOOP('',(#163,#164,#165,#166,#167,#168,#169,#170));
#1259=EDGE_LOOP('',(#171,#172,#173,#174));
#1260=EDGE_LOOP('',(#175,#176,#177,#178));
#1261=EDGE_LOOP('',(#179,#180,#181,#182));
#1262=EDGE_LOOP('',(#183,#184,#185,#186,#187,#188,#189,#190));
#1263=EDGE_LOOP('',(#191,#192,#193,#194));
#1264=EDGE_LOOP('',(#195,#196,#197,#198,#199,#200,#201,#202));
#1265=EDGE_LOOP('',(#203,#204,#205,#206,#207));
#1266=EDGE_LOOP('',(#208,#209,#210,#211));
#1267=EDGE_LOOP('',(#212,#213,#214,#215,#216));
#1268=EDGE_LOOP('',(#217,#218,#219,#220,#221,#222));
#1269=EDGE_LOOP('',(#223,#224,#225,#226));
#1270=EDGE_LOOP('',(#227,#228,#229,#230));
#1271=EDGE_LOOP('',(#231,#232,#233,#234));
#1272=EDGE_LOOP('',(#235,#236,#237,#238));
#1273=EDGE_LOOP('',(#239,#240,#241,#242));
#1274=EDGE_LOOP('',(#243,#244,#245,#246));
#1275=EDGE_LOOP('',(#247,#248,#249,#250));
#1276=EDGE_LOOP('',(#251,#252,#253,#254));
#1277=EDGE_LOOP('',(#255,#256,#257,#258));
#1278=EDGE_LOOP('',(#259));
#1279=EDGE_LOOP('',(#260));
#1280=EDGE_LOOP('',(#261));
#1281=EDGE_LOOP('',(#262,#263,#264,#265));
#1282=EDGE_LOOP('',(#266));
#1283=EDGE_LOOP('',(#267,#268,#269,#270));
#1284=EDGE_LOOP('',(#271,#272,#273,#274));
#1285=EDGE_LOOP('',(#275,#276,#277,#278));
#1286=EDGE_LOOP('',(#279,#280,#281,#282));
#1287=EDGE_LOOP('',(#283,#284,#285,#286));
#1288=EDGE_LOOP('',(#287,#288,#289,#290));
#1289=EDGE_LOOP('',(#291,#292,#293,#294));
#1290=EDGE_LOOP('',(#295,#296,#297,#298));
#1291=EDGE_LOOP('',(#299,#300,#301,#302,#303));
#1292=EDGE_LOOP('',(#304,#305,#306,#307));
#1293=EDGE_LOOP('',(#308,#309,#310,#311));
#1294=EDGE_LOOP('',(#312,#313,#314,#315));
#1295=EDGE_LOOP('',(#316,#317,#318,#319,#320,#321,#322,#323));
#1296=EDGE_LOOP('',(#324,#325,#326,#327,#328,#329,#330,#331));
#1297=EDGE_LOOP('',(#332,#333,#334,#335,#336,#337,#338,#339));
#1298=EDGE_LOOP('',(#340,#341,#342,#343));
#1299=EDGE_LOOP('',(#344,#345,#346,#347,#348,#349));
#1300=EDGE_LOOP('',(#350,#351,#352,#353));
#1301=EDGE_LOOP('',(#354,#355,#356,#357,#358,#359,#360,#361,#362));
#1302=EDGE_LOOP('',(#363,#364,#365,#366));
#1303=EDGE_LOOP('',(#367,#368,#369,#370,#371,#372));
#1304=EDGE_LOOP('',(#373,#374,#375,#376));
#1305=EDGE_LOOP('',(#377,#378,#379,#380));
#1306=EDGE_LOOP('',(#381,#382,#383,#384,#385,#386));
#1307=EDGE_LOOP('',(#387,#388,#389,#390));
#1308=EDGE_LOOP('',(#391,#392,#393,#394,#395,#396));
#1309=EDGE_LOOP('',(#397,#398,#399,#400));
#1310=EDGE_LOOP('',(#401,#402,#403,#404));
#1311=EDGE_LOOP('',(#405,#406,#407,#408,#409,#410));
#1312=EDGE_LOOP('',(#411,#412,#413,#414,#415,#416));
#1313=EDGE_LOOP('',(#417,#418,#419,#420));
#1314=EDGE_LOOP('',(#421,#422,#423,#424));
#1315=EDGE_LOOP('',(#425,#426,#427,#428));
#1316=EDGE_LOOP('',(#429,#430,#431,#432));
#1317=EDGE_LOOP('',(#433,#434,#435,#436));
#1318=EDGE_LOOP('',(#437,#438,#439,#440));
#1319=EDGE_LOOP('',(#441,#442,#443,#444));
#1320=EDGE_LOOP('',(#445,#446,#447,#448));
#1321=EDGE_LOOP('',(#449,#450,#451,#452));
#1322=EDGE_LOOP('',(#453,#454,#455,#456));
#1323=EDGE_LOOP('',(#457,#458,#459,#460));
#1324=EDGE_LOOP('',(#461));
#1325=EDGE_LOOP('',(#462));
#1326=EDGE_LOOP('',(#463));
#1327=EDGE_LOOP('',(#464));
#1328=EDGE_LOOP('',(#465));
#1329=EDGE_LOOP('',(#466));
#1330=EDGE_LOOP('',(#467));
#1331=EDGE_LOOP('',(#468));
#1332=EDGE_LOOP('',(#469,#470,#471,#472));
#1333=EDGE_LOOP('',(#473));
#1334=EDGE_LOOP('',(#474));
#1335=EDGE_LOOP('',(#475));
#1336=EDGE_LOOP('',(#476));
#1337=EDGE_LOOP('',(#477,#478,#479,#480));
#1338=EDGE_LOOP('',(#481));
#1339=EDGE_LOOP('',(#482));
#1340=EDGE_LOOP('',(#483));
#1341=EDGE_LOOP('',(#484));
#1342=EDGE_LOOP('',(#485,#486,#487,#488,#489,#490,#491,#492));
#1343=EDGE_LOOP('',(#493,#494,#495,#496,#497,#498,#499,#500));
#1344=EDGE_LOOP('',(#501,#502,#503,#504));
#1345=EDGE_LOOP('',(#505));
#1346=EDGE_LOOP('',(#506));
#1347=EDGE_LOOP('',(#507));
#1348=EDGE_LOOP('',(#508));
#1349=EDGE_LOOP('',(#509));
#1350=EDGE_LOOP('',(#510));
#1351=EDGE_LOOP('',(#511));
#1352=EDGE_LOOP('',(#512));
#1353=EDGE_LOOP('',(#513));
#1354=EDGE_LOOP('',(#514));
#1355=EDGE_LOOP('',(#515));
#1356=EDGE_LOOP('',(#516));
#1357=EDGE_LOOP('',(#517,#518,#519,#520));
#1358=EDGE_LOOP('',(#521,#522,#523,#524));
#1359=EDGE_LOOP('',(#525));
#1360=EDGE_LOOP('',(#526));
#1361=EDGE_LOOP('',(#527));
#1362=EDGE_LOOP('',(#528));
#1363=EDGE_LOOP('',(#529,#530,#531,#532));
#1364=EDGE_LOOP('',(#533));
#1365=EDGE_LOOP('',(#534));
#1366=EDGE_LOOP('',(#535));
#1367=EDGE_LOOP('',(#536));
#1368=EDGE_LOOP('',(#537));
#1369=EDGE_LOOP('',(#538));
#1370=EDGE_LOOP('',(#539));
#1371=EDGE_LOOP('',(#540));
#1372=EDGE_LOOP('',(#541,#542));
#1373=EDGE_LOOP('',(#543));
#1374=EDGE_LOOP('',(#544));
#1375=EDGE_LOOP('',(#545));
#1376=EDGE_LOOP('',(#546));
#1377=EDGE_LOOP('',(#547,#548));
#1378=EDGE_LOOP('',(#549));
#1379=EDGE_LOOP('',(#550));
#1380=EDGE_LOOP('',(#551));
#1381=EDGE_LOOP('',(#552));
#1382=EDGE_LOOP('',(#553,#554,#555,#556));
#1383=EDGE_LOOP('',(#557,#558,#559,#560));
#1384=EDGE_LOOP('',(#561,#562));
#1385=EDGE_LOOP('',(#563));
#1386=EDGE_LOOP('',(#564));
#1387=EDGE_LOOP('',(#565));
#1388=EDGE_LOOP('',(#566));
#1389=EDGE_LOOP('',(#567,#568,#569,#570));
#1390=EDGE_LOOP('',(#571));
#1391=EDGE_LOOP('',(#572));
#1392=EDGE_LOOP('',(#573));
#1393=EDGE_LOOP('',(#574));
#1394=EDGE_LOOP('',(#575));
#1395=EDGE_LOOP('',(#576));
#1396=EDGE_LOOP('',(#577));
#1397=EDGE_LOOP('',(#578));
#1398=EDGE_LOOP('',(#579,#580));
#1399=EDGE_LOOP('',(#581));
#1400=EDGE_LOOP('',(#582));
#1401=EDGE_LOOP('',(#583));
#1402=EDGE_LOOP('',(#584));
#1403=FACE_BOUND('',#1251,.T.);
#1404=FACE_BOUND('',#1252,.T.);
#1405=FACE_BOUND('',#1253,.T.);
#1406=FACE_BOUND('',#1254,.T.);
#1407=FACE_BOUND('',#1255,.T.);
#1408=FACE_BOUND('',#1256,.T.);
#1409=FACE_BOUND('',#1257,.T.);
#1410=FACE_BOUND('',#1258,.T.);
#1411=FACE_BOUND('',#1259,.T.);
#1412=FACE_BOUND('',#1260,.T.);
#1413=FACE_BOUND('',#1261,.T.);
#1414=FACE_BOUND('',#1262,.T.);
#1415=FACE_BOUND('',#1263,.T.);
#1416=FACE_BOUND('',#1264,.T.);
#1417=FACE_BOUND('',#1265,.T.);
#1418=FACE_BOUND('',#1266,.T.);
#1419=FACE_BOUND('',#1267,.T.);
#1420=FACE_BOUND('',#1268,.T.);
#1421=FACE_BOUND('',#1269,.T.);
#1422=FACE_BOUND('',#1270,.T.);
#1423=FACE_BOUND('',#1271,.T.);
#1424=FACE_BOUND('',#1272,.T.);
#1425=FACE_BOUND('',#1273,.T.);
#1426=FACE_BOUND('',#1274,.T.);
#1427=FACE_BOUND('',#1275,.T.);
#1428=FACE_BOUND('',#1276,.T.);
#1429=FACE_BOUND('',#1277,.T.);
#1430=FACE_BOUND('',#1278,.T.);
#1431=FACE_BOUND('',#1279,.T.);
#1432=FACE_BOUND('',#1280,.T.);
#1433=FACE_BOUND('',#1281,.T.);
#1434=FACE_BOUND('',#1282,.T.);
#1435=FACE_BOUND('',#1283,.T.);
#1436=FACE_BOUND('',#1284,.T.);
#1437=FACE_BOUND('',#1285,.T.);
#1438=FACE_BOUND('',#1286,.T.);
#1439=FACE_BOUND('',#1287,.T.);
#1440=FACE_BOUND('',#1288,.T.);
#1441=FACE_BOUND('',#1289,.T.);
#1442=FACE_BOUND('',#1290,.T.);
#1443=FACE_BOUND('',#1291,.T.);
#1444=FACE_BOUND('',#1292,.T.);
#1445=FACE_BOUND('',#1293,.T.);
#1446=FACE_BOUND('',#1294,.T.);
#1447=FACE_BOUND('',#1295,.T.);
#1448=FACE_BOUND('',#1296,.T.);
#1449=FACE_BOUND('',#1297,.T.);
#1450=FACE_BOUND('',#1298,.T.);
#1451=FACE_BOUND('',#1299,.T.);
#1452=FACE_BOUND('',#1300,.T.);
#1453=FACE_BOUND('',#1301,.T.);
#1454=FACE_BOUND('',#1302,.T.);
#1455=FACE_BOUND('',#1303,.T.);
#1456=FACE_BOUND('',#1304,.T.);
#1457=FACE_BOUND('',#1305,.T.);
#1458=FACE_BOUND('',#1306,.T.);
#1459=FACE_BOUND('',#1307,.T.);
#1460=FACE_BOUND('',#1308,.T.);
#1461=FACE_BOUND('',#1309,.T.);
#1462=FACE_BOUND('',#1310,.T.);
#1463=FACE_BOUND('',#1311,.T.);
#1464=FACE_BOUND('',#1312,.T.);
#1465=FACE_BOUND('',#1313,.T.);
#1466=FACE_BOUND('',#1314,.T.);
#1467=FACE_BOUND('',#1315,.T.);
#1468=FACE_BOUND('',#1316,.T.);
#1469=FACE_BOUND('',#1317,.T.);
#1470=FACE_BOUND('',#1318,.T.);
#1471=FACE_BOUND('',#1319,.T.);
#1472=FACE_BOUND('',#1320,.T.);
#1473=FACE_BOUND('',#1321,.T.);
#1474=FACE_BOUND('',#1322,.T.);
#1475=FACE_BOUND('',#1323,.T.);
#1476=FACE_BOUND('',#1324,.T.);
#1477=FACE_BOUND('',#1325,.T.);
#1478=FACE_BOUND('',#1326,.T.);
#1479=FACE_BOUND('',#1327,.T.);
#1480=FACE_BOUND('',#1328,.T.);
#1481=FACE_BOUND('',#1329,.T.);
#1482=FACE_BOUND('',#1330,.T.);
#1483=FACE_BOUND('',#1331,.T.);
#1484=FACE_BOUND('',#1332,.T.);
#1485=FACE_BOUND('',#1333,.T.);
#1486=FACE_BOUND('',#1334,.T.);
#1487=FACE_BOUND('',#1335,.T.);
#1488=FACE_BOUND('',#1336,.T.);
#1489=FACE_BOUND('',#1337,.T.);
#1490=FACE_BOUND('',#1338,.T.);
#1491=FACE_BOUND('',#1339,.T.);
#1492=FACE_BOUND('',#1340,.T.);
#1493=FACE_BOUND('',#1341,.T.);
#1494=FACE_BOUND('',#1342,.T.);
#1495=FACE_BOUND('',#1343,.T.);
#1496=FACE_BOUND('',#1344,.T.);
#1497=FACE_BOUND('',#1345,.T.);
#1498=FACE_BOUND('',#1346,.T.);
#1499=FACE_BOUND('',#1347,.T.);
#1500=FACE_BOUND('',#1348,.T.);
#1501=FACE_BOUND('',#1349,.T.);
#1502=FACE_BOUND('',#1350,.T.);
#1503=FACE_BOUND('',#1351,.T.);
#1504=FACE_BOUND('',#1352,.T.);
#1505=FACE_BOUND('',#1353,.T.);
#1506=FACE_BOUND('',#1354,.T.);
#1507=FACE_BOUND('',#1355,.T.);
#1508=FACE_BOUND('',#1356,.T.);
#1509=FACE_BOUND('',#1357,.T.);
#1510=FACE_BOUND('',#1358,.T.);
#1511=FACE_BOUND('',#1359,.T.);
#1512=FACE_BOUND('',#1360,.T.);
#1513=FACE_BOUND('',#1361,.T.);
#1514=FACE_BOUND('',#1362,.T.);
#1515=FACE_BOUND('',#1363,.T.);
#1516=FACE_BOUND('',#1364,.T.);
#1517=FACE_BOUND('',#1365,.T.);
#1518=FACE_BOUND('',#1366,.T.);
#1519=FACE_BOUND('',#1367,.T.);
#1520=FACE_BOUND('',#1368,.T.);
#1521=FACE_BOUND('',#1369,.T.);
#1522=FACE_BOUND('',#1370,.T.);
#1523=FACE_BOUND('',#1371,.T.);
#1524=FACE_BOUND('',#1372,.T.);
#1525=FACE_BOUND('',#1373,.T.);
#1526=FACE_BOUND('',#1374,.T.);
#1527=FACE_BOUND('',#1375,.T.);
#1528=FACE_BOUND('',#1376,.T.);
#1529=FACE_BOUND('',#1377,.T.);
#1530=FACE_BOUND('',#1378,.T.);
#1531=FACE_BOUND('',#1379,.T.);
#1532=FACE_BOUND('',#1380,.T.);
#1533=FACE_BOUND('',#1381,.T.);
#1534=FACE_BOUND('',#1382,.T.);
#1535=FACE_BOUND('',#1383,.T.);
#1536=FACE_BOUND('',#1384,.T.);
#1537=FACE_BOUND('',#1385,.T.);
#1538=FACE_BOUND('',#1386,.T.);
#1539=FACE_BOUND('',#1387,.T.);
#1540=FACE_BOUND('',#1388,.T.);
#1541=FACE_BOUND('',#1389,.T.);
#1542=FACE_BOUND('',#1390,.T.);
#1543=FACE_BOUND('',#1391,.T.);
#1544=FACE_BOUND('',#1392,.T.);
#1545=FACE_BOUND('',#1393,.T.);
#1546=FACE_BOUND('',#1394,.T.);
#1547=FACE_BOUND('',#1395,.T.);
#1548=FACE_BOUND('',#1396,.T.);
#1549=FACE_BOUND('',#1397,.T.);
#1550=FACE_BOUND('',#1398,.T.);
#1551=FACE_BOUND('',#1399,.T.);
#1552=FACE_BOUND('',#1400,.T.);
#1553=FACE_BOUND('',#1401,.T.);
#1554=FACE_BOUND('',#1402,.T.);
#1555=PLANE('',#1721);
#1556=PLANE('',#1722);
#1557=PLANE('',#1723);
#1558=PLANE('',#1724);
#1559=PLANE('',#1725);
#1560=PLANE('',#1726);
#1561=PLANE('',#1727);
#1562=PLANE('',#1728);
#1563=PLANE('',#1729);
#1564=PLANE('',#1730);
#1565=PLANE('',#1731);
#1566=PLANE('',#1732);
#1567=PLANE('',#1733);
#1568=PLANE('',#1734);
#1569=PLANE('',#1736);
#1570=PLANE('',#1740);
#1571=PLANE('',#1742);
#1572=PLANE('',#1743);
#1573=PLANE('',#1744);
#1574=PLANE('',#1745);
#1575=PLANE('',#1746);
#1576=PLANE('',#1747);
#1577=PLANE('',#1748);
#1578=PLANE('',#1749);
#1579=PLANE('',#1750);
#1580=PLANE('',#1751);
#1581=PLANE('',#1752);
#1582=PLANE('',#1753);
#1583=PLANE('',#1754);
#1584=PLANE('',#1755);
#1585=PLANE('',#1756);
#1586=PLANE('',#1757);
#1587=PLANE('',#1758);
#1588=PLANE('',#1759);
#1589=PLANE('',#1760);
#1590=PLANE('',#1761);
#1591=PLANE('',#1762);
#1592=PLANE('',#1763);
#1593=PLANE('',#1764);
#1594=PLANE('',#1765);
#1595=PLANE('',#1766);
#1596=PLANE('',#1767);
#1597=PLANE('',#1768);
#1598=PLANE('',#1769);
#1599=PLANE('',#1785);
#1600=PLANE('',#1786);
#1601=PLANE('',#1787);
#1602=PLANE('',#1788);
#1603=PLANE('',#1789);
#1604=PLANE('',#1805);
#1605=PLANE('',#1821);
#1606=PLANE('',#1822);
#1607=PLANE('',#1823);
#1608=PLANE('',#1824);
#1609=PLANE('',#1825);
#1610=PLANE('',#1841);
#1611=ADVANCED_FACE('',(#1403),#1555,.F.);
#1612=ADVANCED_FACE('',(#1404),#1556,.F.);
#1613=ADVANCED_FACE('',(#1405),#1557,.F.);
#1614=ADVANCED_FACE('',(#1406),#1558,.F.);
#1615=ADVANCED_FACE('',(#1407,#1408),#1559,.T.);
#1616=ADVANCED_FACE('',(#1409),#1560,.T.);
#1617=ADVANCED_FACE('',(#1410),#1561,.F.);
#1618=ADVANCED_FACE('',(#1411),#1562,.F.);
#1619=ADVANCED_FACE('',(#1412),#1563,.F.);
#1620=ADVANCED_FACE('',(#1413),#1564,.F.);
#1621=ADVANCED_FACE('',(#1414),#1565,.F.);
#1622=ADVANCED_FACE('',(#1415),#1566,.F.);
#1623=ADVANCED_FACE('',(#1416),#1567,.F.);
#1624=ADVANCED_FACE('',(#1417),#119,.T.);
#1625=ADVANCED_FACE('',(#1418),#1568,.T.);
#1626=ADVANCED_FACE('',(#1419),#120,.T.);
#1627=ADVANCED_FACE('',(#1420),#121,.T.);
#1628=ADVANCED_FACE('',(#1421),#122,.T.);
#1629=ADVANCED_FACE('',(#1422,#1423),#56,.F.);
#1630=ADVANCED_FACE('',(#1424),#123,.F.);
#1631=ADVANCED_FACE('',(#1425),#124,.F.);
#1632=ADVANCED_FACE('',(#1426),#125,.F.);
#1633=ADVANCED_FACE('',(#1427),#126,.F.);
#1634=ADVANCED_FACE('',(#1428),#127,.T.);
#1635=ADVANCED_FACE('',(#1429,#1430),#1569,.T.);
#1636=ADVANCED_FACE('',(#1431,#1432),#57,.F.);
#1637=ADVANCED_FACE('',(#1433,#1434),#1570,.F.);
#1638=ADVANCED_FACE('',(#1435),#128,.F.);
#1639=ADVANCED_FACE('',(#1436),#129,.F.);
#1640=ADVANCED_FACE('',(#1437),#130,.F.);
#1641=ADVANCED_FACE('',(#1438),#131,.F.);
#1642=ADVANCED_FACE('',(#1439,#1440),#58,.F.);
#1643=ADVANCED_FACE('',(#1441),#132,.T.);
#1644=ADVANCED_FACE('',(#1442),#133,.T.);
#1645=ADVANCED_FACE('',(#1443),#134,.T.);
#1646=ADVANCED_FACE('',(#1444),#1571,.T.);
#1647=ADVANCED_FACE('',(#1445),#1572,.T.);
#1648=ADVANCED_FACE('',(#1446),#1573,.T.);
#1649=ADVANCED_FACE('',(#1447),#1574,.F.);
#1650=ADVANCED_FACE('',(#1448),#1575,.F.);
#1651=ADVANCED_FACE('',(#1449),#1576,.F.);
#1652=ADVANCED_FACE('',(#1450),#1577,.T.);
#1653=ADVANCED_FACE('',(#1451),#1578,.T.);
#1654=ADVANCED_FACE('',(#1452,#1453),#1579,.T.);
#1655=ADVANCED_FACE('',(#1454),#1580,.F.);
#1656=ADVANCED_FACE('',(#1455),#1581,.T.);
#1657=ADVANCED_FACE('',(#1456,#1457),#1582,.T.);
#1658=ADVANCED_FACE('',(#1458),#1583,.T.);
#1659=ADVANCED_FACE('',(#1459),#1584,.T.);
#1660=ADVANCED_FACE('',(#1460),#1585,.T.);
#1661=ADVANCED_FACE('',(#1461),#1586,.T.);
#1662=ADVANCED_FACE('',(#1462),#1587,.T.);
#1663=ADVANCED_FACE('',(#1463),#1588,.T.);
#1664=ADVANCED_FACE('',(#1464),#1589,.T.);
#1665=ADVANCED_FACE('',(#1465,#1466),#1590,.T.);
#1666=ADVANCED_FACE('',(#1467),#1591,.F.);
#1667=ADVANCED_FACE('',(#1468),#1592,.F.);
#1668=ADVANCED_FACE('',(#1469),#1593,.F.);
#1669=ADVANCED_FACE('',(#1470),#1594,.F.);
#1670=ADVANCED_FACE('',(#1471),#1595,.F.);
#1671=ADVANCED_FACE('',(#1472),#1596,.F.);
#1672=ADVANCED_FACE('',(#1473),#1597,.F.);
#1673=ADVANCED_FACE('',(#1474),#1598,.F.);
#1674=ADVANCED_FACE('',(#1475),#59,.T.);
#1675=ADVANCED_FACE('',(#1476,#1477),#60,.F.);
#1676=ADVANCED_FACE('',(#1478,#1479),#61,.F.);
#1677=ADVANCED_FACE('',(#1480,#1481),#62,.F.);
#1678=ADVANCED_FACE('',(#1482,#1483),#63,.F.);
#1679=ADVANCED_FACE('',(#1484,#1485,#1486,#1487,#1488),#1599,.T.);
#1680=ADVANCED_FACE('',(#1489,#1490,#1491,#1492,#1493),#1600,.F.);
#1681=ADVANCED_FACE('',(#1494),#1601,.T.);
#1682=ADVANCED_FACE('',(#1495),#1602,.T.);
#1683=ADVANCED_FACE('',(#1496,#1497,#1498,#1499,#1500),#1603,.F.);
#1684=ADVANCED_FACE('',(#1501,#1502),#64,.F.);
#1685=ADVANCED_FACE('',(#1503,#1504),#65,.F.);
#1686=ADVANCED_FACE('',(#1505,#1506),#66,.F.);
#1687=ADVANCED_FACE('',(#1507,#1508),#67,.F.);
#1688=ADVANCED_FACE('',(#1509),#68,.T.);
#1689=ADVANCED_FACE('',(#1510,#1511,#1512,#1513,#1514),#1604,.T.);
#1690=ADVANCED_FACE('',(#1515),#69,.F.);
#1691=ADVANCED_FACE('',(#1516,#1517),#70,.T.);
#1692=ADVANCED_FACE('',(#1518,#1519),#71,.T.);
#1693=ADVANCED_FACE('',(#1520,#1521),#72,.T.);
#1694=ADVANCED_FACE('',(#1522,#1523),#73,.T.);
#1695=ADVANCED_FACE('',(#1524,#1525,#1526,#1527,#1528),#1605,.T.);
#1696=ADVANCED_FACE('',(#1529,#1530,#1531,#1532,#1533),#1606,.F.);
#1697=ADVANCED_FACE('',(#1534),#1607,.T.);
#1698=ADVANCED_FACE('',(#1535),#1608,.T.);
#1699=ADVANCED_FACE('',(#1536,#1537,#1538,#1539,#1540),#1609,.F.);
#1700=ADVANCED_FACE('',(#1541),#74,.F.);
#1701=ADVANCED_FACE('',(#1542,#1543),#75,.T.);
#1702=ADVANCED_FACE('',(#1544,#1545),#76,.T.);
#1703=ADVANCED_FACE('',(#1546,#1547),#77,.T.);
#1704=ADVANCED_FACE('',(#1548,#1549),#78,.T.);
#1705=ADVANCED_FACE('',(#1550,#1551,#1552,#1553,#1554),#1610,.T.);
#1706=CLOSED_SHELL('',(#1611,#1612,#1613,#1614,#1615,#1616,#1617,#1618,
#1619,#1620,#1621,#1622,#1623,#1624,#1625,#1626,#1627,#1628,#1629,#1630,
#1631,#1632,#1633,#1634,#1635,#1636,#1637,#1638,#1639,#1640,#1641,#1642,
#1643,#1644,#1645,#1646,#1647,#1648,#1649,#1650,#1651,#1652,#1653,#1654,
#1655,#1656,#1657,#1658,#1659,#1660,#1661,#1662,#1663,#1664,#1665,#1666,
#1667,#1668,#1669,#1670,#1671,#1672,#1673,#1674,#1675,#1676,#1677,#1678,
#1679,#1680,#1681,#1682,#1683,#1684,#1685,#1686,#1687,#1688,#1689));
#1707=CLOSED_SHELL('',(#1690,#1691,#1692,#1693,#1694,#1695,#1696,#1697));
#1708=CLOSED_SHELL('',(#1698,#1699,#1700,#1701,#1702,#1703,#1704,#1705));
#1709=STYLED_ITEM('',(#1710),#1717);
#1710=PRESENTATION_STYLE_ASSIGNMENT((#1711));
#1711=SURFACE_STYLE_USAGE(.BOTH.,#1712);
#1712=SURFACE_SIDE_STYLE('',(#1713));
#1713=SURFACE_STYLE_FILL_AREA(#1714);
#1714=FILL_AREA_STYLE('',(#1715));
#1715=FILL_AREA_STYLE_COLOUR('',#1716);
#1716=COLOUR_RGB('',0.627450980392157,0.627450980392157,0.627450980392157);
#1717=BREP_WITH_VOIDS('Calf link',#1706,(#12,#13));
#1718=SHAPE_DEFINITION_REPRESENTATION(#3777,#1719);
#1719=SHAPE_REPRESENTATION('Calf link',(#1720),#3772);
#1720=AXIS2_PLACEMENT_3D('',#2229,#1842,#1843);
#1721=AXIS2_PLACEMENT_3D('',#2230,#1844,#1845);
#1722=AXIS2_PLACEMENT_3D('',#2239,#1850,#1851);
#1723=AXIS2_PLACEMENT_3D('',#2245,#1855,#1856);
#1724=AXIS2_PLACEMENT_3D('',#2251,#1860,#1861);
#1725=AXIS2_PLACEMENT_3D('',#2254,#1864,#1865);
#1726=AXIS2_PLACEMENT_3D('',#2263,#1870,#1871);
#1727=AXIS2_PLACEMENT_3D('',#2269,#1875,#1876);
#1728=AXIS2_PLACEMENT_3D('',#2286,#1885,#1886);
#1729=AXIS2_PLACEMENT_3D('',#2292,#1890,#1891);
#1730=AXIS2_PLACEMENT_3D('',#2298,#1895,#1896);
#1731=AXIS2_PLACEMENT_3D('',#2301,#1899,#1900);
#1732=AXIS2_PLACEMENT_3D('',#2307,#1904,#1905);
#1733=AXIS2_PLACEMENT_3D('',#2313,#1909,#1910);
#1734=AXIS2_PLACEMENT_3D('',#2366,#1919,#1920);
#1735=AXIS2_PLACEMENT_3D('',#2497,#1928,#1929);
#1736=AXIS2_PLACEMENT_3D('',#2996,#1931,#1932);
#1737=AXIS2_PLACEMENT_3D('',#2997,#1933,#1934);
#1738=AXIS2_PLACEMENT_3D('',#2999,#1935,#1936);
#1739=AXIS2_PLACEMENT_3D('',#3000,#1937,#1938);
#1740=AXIS2_PLACEMENT_3D('',#3002,#1939,#1940);
#1741=AXIS2_PLACEMENT_3D('',#3397,#1941,#1942);
#1742=AXIS2_PLACEMENT_3D('',#3507,#1947,#1948);
#1743=AXIS2_PLACEMENT_3D('',#3510,#1951,#1952);
#1744=AXIS2_PLACEMENT_3D('',#3511,#1953,#1954);
#1745=AXIS2_PLACEMENT_3D('',#3515,#1957,#1958);
#1746=AXIS2_PLACEMENT_3D('',#3523,#1963,#1964);
#1747=AXIS2_PLACEMENT_3D('',#3533,#1970,#1971);
#1748=AXIS2_PLACEMENT_3D('',#3540,#1976,#1977);
#1749=AXIS2_PLACEMENT_3D('',#3546,#1981,#1982);
#1750=AXIS2_PLACEMENT_3D('',#3552,#1986,#1987);
#1751=AXIS2_PLACEMENT_3D('',#3556,#1990,#1991);
#1752=AXIS2_PLACEMENT_3D('',#3558,#1993,#1994);
#1753=AXIS2_PLACEMENT_3D('',#3562,#1997,#1998);
#1754=AXIS2_PLACEMENT_3D('',#3564,#2000,#2001);
#1755=AXIS2_PLACEMENT_3D('',#3574,#2007,#2008);
#1756=AXIS2_PLACEMENT_3D('',#3578,#2011,#2012);
#1757=AXIS2_PLACEMENT_3D('',#3583,#2016,#2017);
#1758=AXIS2_PLACEMENT_3D('',#3585,#2019,#2020);
#1759=AXIS2_PLACEMENT_3D('',#3588,#2023,#2024);
#1760=AXIS2_PLACEMENT_3D('',#3589,#2025,#2026);
#1761=AXIS2_PLACEMENT_3D('',#3590,#2027,#2028);
#1762=AXIS2_PLACEMENT_3D('',#3599,#2033,#2034);
#1763=AXIS2_PLACEMENT_3D('',#3605,#2038,#2039);
#1764=AXIS2_PLACEMENT_3D('',#3609,#2042,#2043);
#1765=AXIS2_PLACEMENT_3D('',#3613,#2046,#2047);
#1766=AXIS2_PLACEMENT_3D('',#3615,#2049,#2050);
#1767=AXIS2_PLACEMENT_3D('',#3621,#2054,#2055);
#1768=AXIS2_PLACEMENT_3D('',#3625,#2058,#2059);
#1769=AXIS2_PLACEMENT_3D('',#3629,#2062,#2063);
#1770=AXIS2_PLACEMENT_3D('',#3631,#2065,#2066);
#1771=AXIS2_PLACEMENT_3D('',#3635,#2068,#2069);
#1772=AXIS2_PLACEMENT_3D('',#3639,#2071,#2072);
#1773=AXIS2_PLACEMENT_3D('',#3640,#2073,#2074);
#1774=AXIS2_PLACEMENT_3D('',#3641,#2075,#2076);
#1775=AXIS2_PLACEMENT_3D('',#3643,#2077,#2078);
#1776=AXIS2_PLACEMENT_3D('',#3645,#2079,#2080);
#1777=AXIS2_PLACEMENT_3D('',#3646,#2081,#2082);
#1778=AXIS2_PLACEMENT_3D('',#3648,#2083,#2084);
#1779=AXIS2_PLACEMENT_3D('',#3650,#2085,#2086);
#1780=AXIS2_PLACEMENT_3D('',#3651,#2087,#2088);
#1781=AXIS2_PLACEMENT_3D('',#3653,#2089,#2090);
#1782=AXIS2_PLACEMENT_3D('',#3655,#2091,#2092);
#1783=AXIS2_PLACEMENT_3D('',#3656,#2093,#2094);
#1784=AXIS2_PLACEMENT_3D('',#3658,#2095,#2096);
#1785=AXIS2_PLACEMENT_3D('',#3660,#2097,#2098);
#1786=AXIS2_PLACEMENT_3D('',#3663,#2101,#2102);
#1787=AXIS2_PLACEMENT_3D('',#3666,#2105,#2106);
#1788=AXIS2_PLACEMENT_3D('',#3672,#2110,#2111);
#1789=AXIS2_PLACEMENT_3D('',#3678,#2115,#2116);
#1790=AXIS2_PLACEMENT_3D('',#3679,#2117,#2118);
#1791=AXIS2_PLACEMENT_3D('',#3680,#2119,#2120);
#1792=AXIS2_PLACEMENT_3D('',#3682,#2121,#2122);
#1793=AXIS2_PLACEMENT_3D('',#3684,#2123,#2124);
#1794=AXIS2_PLACEMENT_3D('',#3686,#2125,#2126);
#1795=AXIS2_PLACEMENT_3D('',#3688,#2127,#2128);
#1796=AXIS2_PLACEMENT_3D('',#3689,#2129,#2130);
#1797=AXIS2_PLACEMENT_3D('',#3691,#2131,#2132);
#1798=AXIS2_PLACEMENT_3D('',#3692,#2133,#2134);
#1799=AXIS2_PLACEMENT_3D('',#3694,#2135,#2136);
#1800=AXIS2_PLACEMENT_3D('',#3695,#2137,#2138);
#1801=AXIS2_PLACEMENT_3D('',#3697,#2139,#2140);
#1802=AXIS2_PLACEMENT_3D('',#3698,#2141,#2142);
#1803=AXIS2_PLACEMENT_3D('',#3700,#2143,#2144);
#1804=AXIS2_PLACEMENT_3D('',#3701,#2145,#2146);
#1805=AXIS2_PLACEMENT_3D('',#3702,#2147,#2148);
#1806=AXIS2_PLACEMENT_3D('',#3703,#2149,#2150);
#1807=AXIS2_PLACEMENT_3D('',#3707,#2152,#2153);
#1808=AXIS2_PLACEMENT_3D('',#3711,#2155,#2156);
#1809=AXIS2_PLACEMENT_3D('',#3712,#2157,#2158);
#1810=AXIS2_PLACEMENT_3D('',#3713,#2159,#2160);
#1811=AXIS2_PLACEMENT_3D('',#3715,#2161,#2162);
#1812=AXIS2_PLACEMENT_3D('',#3717,#2163,#2164);
#1813=AXIS2_PLACEMENT_3D('',#3718,#2165,#2166);
#1814=AXIS2_PLACEMENT_3D('',#3720,#2167,#2168);
#1815=AXIS2_PLACEMENT_3D('',#3722,#2169,#2170);
#1816=AXIS2_PLACEMENT_3D('',#3723,#2171,#2172);
#1817=AXIS2_PLACEMENT_3D('',#3725,#2173,#2174);
#1818=AXIS2_PLACEMENT_3D('',#3727,#2175,#2176);
#1819=AXIS2_PLACEMENT_3D('',#3728,#2177,#2178);
#1820=AXIS2_PLACEMENT_3D('',#3730,#2179,#2180);
#1821=AXIS2_PLACEMENT_3D('',#3732,#2181,#2182);
#1822=AXIS2_PLACEMENT_3D('',#3734,#2184,#2185);
#1823=AXIS2_PLACEMENT_3D('',#3736,#2187,#2188);
#1824=AXIS2_PLACEMENT_3D('',#3737,#2189,#2190);
#1825=AXIS2_PLACEMENT_3D('',#3746,#2195,#2196);
#1826=AXIS2_PLACEMENT_3D('',#3747,#2197,#2198);
#1827=AXIS2_PLACEMENT_3D('',#3748,#2199,#2200);
#1828=AXIS2_PLACEMENT_3D('',#3750,#2201,#2202);
#1829=AXIS2_PLACEMENT_3D('',#3752,#2203,#2204);
#1830=AXIS2_PLACEMENT_3D('',#3754,#2205,#2206);
#1831=AXIS2_PLACEMENT_3D('',#3756,#2207,#2208);
#1832=AXIS2_PLACEMENT_3D('',#3757,#2209,#2210);
#1833=AXIS2_PLACEMENT_3D('',#3758,#2211,#2212);
#1834=AXIS2_PLACEMENT_3D('',#3759,#2213,#2214);
#1835=AXIS2_PLACEMENT_3D('',#3761,#2215,#2216);
#1836=AXIS2_PLACEMENT_3D('',#3762,#2217,#2218);
#1837=AXIS2_PLACEMENT_3D('',#3764,#2219,#2220);
#1838=AXIS2_PLACEMENT_3D('',#3765,#2221,#2222);
#1839=AXIS2_PLACEMENT_3D('',#3767,#2223,#2224);
#1840=AXIS2_PLACEMENT_3D('',#3768,#2225,#2226);
#1841=AXIS2_PLACEMENT_3D('',#3770,#2227,#2228);
#1842=DIRECTION('',(0.,0.,1.));
#1843=DIRECTION('',(1.,0.,0.));
#1844=DIRECTION('',(-1.,0.,0.));
#1845=DIRECTION('',(0.,0.,-1.));
#1846=DIRECTION('',(0.,0.,-1.));
#1847=DIRECTION('',(0.,-1.,0.));
#1848=DIRECTION('',(0.,0.,-1.));
#1849=DIRECTION('',(0.,-1.,0.));
#1850=DIRECTION('',(-6.31756446041488E-17,0.,1.));
#1851=DIRECTION('',(-1.,0.,-6.31756446041488E-17));
#1852=DIRECTION('',(-1.,0.,0.));
#1853=DIRECTION('',(-1.,0.,0.));
#1854=DIRECTION('',(0.,-1.,0.));
#1855=DIRECTION('',(1.,0.,0.));
#1856=DIRECTION('',(0.,0.,1.));
#1857=DIRECTION('',(0.,0.,-1.));
#1858=DIRECTION('',(0.,0.,-1.));
#1859=DIRECTION('',(0.,-1.,0.));
#1860=DIRECTION('',(0.,0.,-1.));
#1861=DIRECTION('',(1.,0.,0.));
#1862=DIRECTION('',(-1.,0.,0.));
#1863=DIRECTION('',(-1.,0.,0.));
#1864=DIRECTION('',(0.,-1.,0.));
#1865=DIRECTION('',(-1.,0.,0.));
#1866=DIRECTION('',(-1.,0.,0.));
#1867=DIRECTION('',(0.,0.,1.));
#1868=DIRECTION('',(-1.,0.,0.));
#1869=DIRECTION('',(0.,0.,-1.));
#1870=DIRECTION('',(0.707106781186548,0.707106781186548,0.));
#1871=DIRECTION('',(0.,0.,-1.));
#1872=DIRECTION('',(0.688247201611685,-0.688247201611685,-0.229415733870563));
#1873=DIRECTION('',(0.,0.,-1.));
#1874=DIRECTION('',(0.688247201611688,-0.688247201611683,0.229415733870561));
#1875=DIRECTION('',(1.,0.,0.));
#1876=DIRECTION('',(0.,0.,1.));
#1877=DIRECTION('',(0.,1.,0.));
#1878=DIRECTION('',(0.,0.,1.));
#1879=DIRECTION('',(0.,-1.,0.));
#1880=DIRECTION('',(0.,0.,1.));
#1881=DIRECTION('',(0.,-1.,0.));
#1882=DIRECTION('',(0.,0.,1.));
#1883=DIRECTION('',(0.,-1.,0.));
#1884=DIRECTION('',(0.,0.,-1.));
#1885=DIRECTION('',(3.83511484485326E-18,0.,-1.));
#1886=DIRECTION('',(1.,0.,3.83511484485326E-18));
#1887=DIRECTION('',(1.,-4.81482486096809E-35,3.83511484485326E-18));
#1888=DIRECTION('',(0.,-1.,0.));
#1889=DIRECTION('',(1.,0.,3.83511484485326E-18));
#1890=DIRECTION('',(-1.,0.,0.));
#1891=DIRECTION('',(0.,0.,-1.));
#1892=DIRECTION('',(0.,0.,-1.));
#1893=DIRECTION('',(0.,-1.,0.));
#1894=DIRECTION('',(0.,0.,-1.));
#1895=DIRECTION('',(3.86850593369022E-18,0.,1.));
#1896=DIRECTION('',(-1.,0.,3.86850593369022E-18));
#1897=DIRECTION('',(-1.,1.44444745829043E-34,3.86850593369023E-18));
#1898=DIRECTION('',(-1.,0.,3.86850593369022E-18));
#1899=DIRECTION('',(0.,-1.,0.));
#1900=DIRECTION('',(0.,0.,-1.));
#1901=DIRECTION('',(-1.,0.,0.));
#1902=DIRECTION('',(0.,0.,1.));
#1903=DIRECTION('',(-1.,0.,0.));
#1904=DIRECTION('',(0.,1.,0.));
#1905=DIRECTION('',(0.,0.,-1.));
#1906=DIRECTION('',(-1.,0.,0.));
#1907=DIRECTION('',(-3.12930901028561E-82,-9.6013140537723E-50,1.));
#1908=DIRECTION('',(-1.,0.,0.));
#1909=DIRECTION('',(0.,0.,-1.));
#1910=DIRECTION('',(0.,-1.,0.));
#1911=DIRECTION('',(0.,-1.,0.));
#1912=DIRECTION('',(-1.,0.,0.));
#1913=DIRECTION('',(0.,-1.,0.));
#1914=DIRECTION('',(-1.,0.,0.));
#1915=DIRECTION('',(3.00454785790515E-131,-1.,-9.6013140537723E-50));
#1916=DIRECTION('',(-5.52274902653203E-14,1.,3.99923205369561E-15));
#1917=DIRECTION('',(0.627453859477327,-0.535083522400599,-0.565674180321476));
#1918=DIRECTION('',(0.512542547718573,0.730313222535298,-0.451600192391747));
#1919=DIRECTION('',(-1.06654538042728E-14,3.98206155666284E-15,-1.));
#1920=DIRECTION('',(-0.999961923064171,0.00872653549834758,1.06997972980035E-14));
#1921=DIRECTION('',(1.,0.,0.));
#1922=DIRECTION('',(8.22699165331668E-14,-1.,-3.99923205369561E-15));
#1923=DIRECTION('',(1.,2.76518403052408E-14,1.18044788540231E-13));
#1924=DIRECTION('',(0.605781536074714,-0.669947671114456,0.429183933202627));
#1925=DIRECTION('',(0.716612895899507,0.490160464942796,0.496194191862001));
#1926=DIRECTION('',(0.614175463448774,-0.534568372137485,0.580538677098919));
#1927=DIRECTION('',(1.90439621604547E-16,-1.,-2.85659432406822E-15));
#1928=DIRECTION('',(1.,3.28369287749354E-14,1.17712918065329E-13));
#1929=DIRECTION('',(1.17712918065329E-13,5.30131494258449E-15,-1.));
#1930=DIRECTION('',(-1.18044788540231E-13,-2.85882428840922E-15,1.));
#1931=DIRECTION('',(-1.,-2.74055095716526E-14,9.18457225197775E-15));
#1932=DIRECTION('',(-9.18457225197783E-15,2.85882428840621E-15,-1.));
#1933=DIRECTION('',(1.,3.28369287749354E-14,1.17712918065329E-13));
#1934=DIRECTION('',(1.17712918065329E-13,0.,-1.));
#1935=DIRECTION('',(1.,3.28369287749354E-14,1.17712918065329E-13));
#1936=DIRECTION('',(-1.17712918065329E-13,-5.30131494258449E-15,1.));
#1937=DIRECTION('',(1.,3.28369287749354E-14,1.17712918065329E-13));
#1938=DIRECTION('',(1.17712918065329E-13,0.,-1.));
#1939=DIRECTION('',(-1.,-3.28369287749354E-14,-1.17712918065329E-13));
#1940=DIRECTION('',(-1.17712918065329E-13,-5.30131494258449E-15,1.));
#1941=DIRECTION('',(-1.,-3.28369287749354E-14,-1.17712918065329E-13));
#1942=DIRECTION('',(1.17712918065329E-13,5.30131494258449E-15,-1.));
#1943=DIRECTION('',(-1.18044788540231E-13,-2.85882428840922E-15,1.));
#1944=DIRECTION('',(0.702724496841854,0.470942340344771,-0.533283783373312));
#1945=DIRECTION('',(0.5970152005571,-0.668509358512893,-0.443472758897823));
#1946=DIRECTION('',(0.,1.,2.85659432406829E-15));
#1947=DIRECTION('',(-1.18044788540231E-13,-2.85882428840922E-15,1.));
#1948=DIRECTION('',(0.999961923064171,-0.00872653549834758,1.18015346124757E-13));
#1949=DIRECTION('',(1.,0.,0.));
#1950=DIRECTION('',(1.,2.76518403052408E-14,1.18044788540231E-13));
#1951=DIRECTION('',(2.76518403052411E-14,-1.,-2.85882428840595E-15));
#1952=DIRECTION('',(1.,2.76518403052408E-14,1.18044788540231E-13));
#1953=DIRECTION('',(1.,0.,0.));
#1954=DIRECTION('',(0.,1.,0.));
#1955=DIRECTION('',(0.,1.,0.));
#1956=DIRECTION('',(0.,0.,1.));
#1957=DIRECTION('',(0.,0.,1.));
#1958=DIRECTION('',(0.,1.,0.));
#1959=DIRECTION('',(3.00454785790515E-131,-1.,-9.6013140537723E-50));
#1960=DIRECTION('',(-1.,0.,0.));
#1961=DIRECTION('',(0.,1.,0.));
#1962=DIRECTION('',(-1.,0.,0.));
#1963=DIRECTION('',(0.,1.,0.));
#1964=DIRECTION('',(0.,0.,1.));
#1965=DIRECTION('',(3.12930901028561E-82,9.6013140537723E-50,-1.));
#1966=DIRECTION('',(1.,-3.25925075751077E-33,0.));
#1967=DIRECTION('',(0.,0.,1.));
#1968=DIRECTION('',(0.,0.,1.));
#1969=DIRECTION('',(-1.,3.25925075751077E-33,0.));
#1970=DIRECTION('',(1.,0.,0.));
#1971=DIRECTION('',(0.,0.,-1.));
#1972=DIRECTION('',(0.,0.,1.));
#1973=DIRECTION('',(-3.25925075751077E-33,-1.,0.));
#1974=DIRECTION('',(0.,0.,-1.));
#1975=DIRECTION('',(-3.25925075751077E-33,-1.,0.));
#1976=DIRECTION('',(-1.,0.,-3.12930901028561E-82));
#1977=DIRECTION('',(3.12930901028561E-82,9.6013140537723E-50,-1.));
#1978=DIRECTION('',(-3.25925075751077E-33,-1.,0.));
#1979=DIRECTION('',(3.12930901028561E-82,9.6013140537723E-50,-1.));
#1980=DIRECTION('',(3.00454785790515E-131,-1.,-9.6013140537723E-50));
#1981=DIRECTION('',(0.,0.,1.));
#1982=DIRECTION('',(-1.,3.25925075751077E-33,0.));
#1983=DIRECTION('',(1.,0.,0.));
#1984=DIRECTION('',(3.00454785790515E-131,-1.,-9.6013140537723E-50));
#1985=DIRECTION('',(-1.,3.25925075751077E-33,0.));
#1986=DIRECTION('',(0.,-1.,0.));
#1987=DIRECTION('',(0.,0.,-1.));
#1988=DIRECTION('',(1.,0.,0.));
#1989=DIRECTION('',(0.,0.,-1.));
#1990=DIRECTION('',(0.,-1.,0.));
#1991=DIRECTION('',(0.,0.,1.));
#1992=DIRECTION('',(-3.12930901028561E-82,-9.6013140537723E-50,1.));
#1993=DIRECTION('',(0.,0.,-1.));
#1994=DIRECTION('',(1.,-3.25925075751077E-33,0.));
#1995=DIRECTION('',(1.,-3.25925075751077E-33,0.));
#1996=DIRECTION('',(-3.25925075751077E-33,-1.,0.));
#1997=DIRECTION('',(1.,0.,3.12930901028561E-82));
#1998=DIRECTION('',(-3.12930901028561E-82,-9.6013140537723E-50,1.));
#1999=DIRECTION('',(-3.12930901028561E-82,-9.6013140537723E-50,1.));
#2000=DIRECTION('',(-0.977596408014575,0.210488154148874,0.));
#2001=DIRECTION('',(0.,0.,1.));
#2002=DIRECTION('',(0.210416961335601,0.977265758345411,-0.0260065366372031));
#2003=DIRECTION('',(0.200130429995615,0.929490736850438,0.309830245616854));
#2004=DIRECTION('',(0.,0.,1.));
#2005=DIRECTION('',(0.200130429995619,0.92949073685045,-0.309830245616815));
#2006=DIRECTION('',(0.210407370020299,0.97722121220254,0.0277027266264471));
#2007=DIRECTION('',(-3.86713687408982E-18,-0.0266021117931729,-0.999646101201892));
#2008=DIRECTION('',(-1.,1.44444745829043E-34,3.86850593369023E-18));
#2009=DIRECTION('',(-0.228403605296262,0.973221988414509,-0.0258989257340663));
#2010=DIRECTION('',(-1.,1.44444745829043E-34,3.86850593369023E-18));
#2011=DIRECTION('',(0.973548549148376,0.228480245209716,0.));
#2012=DIRECTION('',(0.,0.,-1.));
#2013=DIRECTION('',(-0.228393280081718,0.973177992936347,0.0275881075446839));
#2014=DIRECTION('',(-0.217323383856858,0.926009444955126,-0.308669814985048));
#2015=DIRECTION('',(-0.217323383856857,0.926009444955129,0.308669814985041));
#2016=DIRECTION('',(-3.833574755299E-18,-0.0283370863570141,0.999598424136811));
#2017=DIRECTION('',(1.,-4.81482486096809E-35,3.83511484485326E-18));
#2018=DIRECTION('',(1.,-4.81482486096809E-35,3.83511484485326E-18));
#2019=DIRECTION('',(-0.707106781186548,0.707106781186547,0.));
#2020=DIRECTION('',(0.,0.,1.));
#2021=DIRECTION('',(-0.688247201611686,-0.688247201611686,0.229415733870558));
#2022=DIRECTION('',(-0.68824720161169,-0.688247201611681,-0.229415733870561));
#2023=DIRECTION('',(0.,0.316227766016838,0.948683298050514));
#2024=DIRECTION('',(1.,0.,0.));
#2025=DIRECTION('',(0.,0.316227766016838,-0.948683298050514));
#2026=DIRECTION('',(-1.,0.,0.));
#2027=DIRECTION('',(0.,1.,0.));
#2028=DIRECTION('',(0.,0.,-1.));
#2029=DIRECTION('',(0.,0.,-1.));
#2030=DIRECTION('',(-1.,0.,0.));
#2031=DIRECTION('',(0.,0.,-1.));
#2032=DIRECTION('',(1.,0.,0.));
#2033=DIRECTION('',(-0.977596408014575,0.210488154148874,0.));
#2034=DIRECTION('',(0.,0.,1.));
#2035=DIRECTION('',(0.210407370020299,0.97722121220254,0.0277027266264466));
#2036=DIRECTION('',(0.,0.,1.));
#2037=DIRECTION('',(0.210416961335601,0.97726575834541,-0.0260065366372034));
#2038=DIRECTION('',(-3.86713687408982E-18,-0.0266021117931729,-0.999646101201892));
#2039=DIRECTION('',(-1.,1.44444745829043E-34,3.86850593369023E-18));
#2040=DIRECTION('',(-1.,0.,0.));
#2041=DIRECTION('',(-0.228403605296262,0.973221988414509,-0.0258989257340667));
#2042=DIRECTION('',(0.973548549148376,0.228480245209716,0.));
#2043=DIRECTION('',(0.,0.,-1.));
#2044=DIRECTION('',(0.,0.,-1.));
#2045=DIRECTION('',(-0.228393280081718,0.973177992936347,0.027588107544684));
#2046=DIRECTION('',(-3.833574755299E-18,-0.0283370863570141,0.999598424136811));
#2047=DIRECTION('',(1.,-4.81482486096809E-35,3.83511484485326E-18));
#2048=DIRECTION('',(1.,0.,0.));
#2049=DIRECTION('',(-0.707106781186548,0.707106781186547,0.));
#2050=DIRECTION('',(0.,0.,1.));
#2051=DIRECTION('',(0.,0.,1.));
#2052=DIRECTION('',(-0.688247201611685,-0.688247201611686,-0.229415733870562));
#2053=DIRECTION('',(-0.688247201611685,-0.688247201611685,0.229415733870562));
#2054=DIRECTION('',(0.,0.316227766016838,0.948683298050514));
#2055=DIRECTION('',(1.,0.,0.));
#2056=DIRECTION('',(1.,0.,0.));
#2057=DIRECTION('',(0.688247201611685,-0.688247201611685,0.229415733870562));
#2058=DIRECTION('',(0.707106781186548,0.707106781186548,0.));
#2059=DIRECTION('',(0.,0.,-1.));
#2060=DIRECTION('',(0.,0.,-1.));
#2061=DIRECTION('',(0.688247201611685,-0.688247201611685,-0.229415733870562));
#2062=DIRECTION('',(0.,0.316227766016838,-0.948683298050514));
#2063=DIRECTION('',(-1.,0.,0.));
#2064=DIRECTION('',(-1.,0.,0.));
#2065=DIRECTION('',(1.,0.,0.));
#2066=DIRECTION('',(0.,1.,-5.0532154980743E-16));
#2067=DIRECTION('',(1.,0.,0.));
#2068=DIRECTION('',(1.,0.,0.));
#2069=DIRECTION('',(0.,0.,-1.));
#2070=DIRECTION('',(1.,0.,0.));
#2071=DIRECTION('',(1.,0.,0.));
#2072=DIRECTION('',(0.,0.,-1.));
#2073=DIRECTION('',(1.,0.,0.));
#2074=DIRECTION('',(0.,0.,-1.));
#2075=DIRECTION('',(1.,0.,0.));
#2076=DIRECTION('',(0.,0.,-1.));
#2077=DIRECTION('',(1.,0.,0.));
#2078=DIRECTION('',(0.,0.,-1.));
#2079=DIRECTION('',(1.,0.,0.));
#2080=DIRECTION('',(0.,0.,-1.));
#2081=DIRECTION('',(1.,0.,0.));
#2082=DIRECTION('',(0.,0.,-1.));
#2083=DIRECTION('',(1.,0.,0.));
#2084=DIRECTION('',(0.,0.,-1.));
#2085=DIRECTION('',(1.,0.,0.));
#2086=DIRECTION('',(0.,0.,-1.));
#2087=DIRECTION('',(1.,0.,0.));
#2088=DIRECTION('',(0.,0.,-1.));
#2089=DIRECTION('',(1.,0.,0.));
#2090=DIRECTION('',(0.,0.,-1.));
#2091=DIRECTION('',(1.,0.,0.));
#2092=DIRECTION('',(0.,0.,-1.));
#2093=DIRECTION('',(1.,0.,0.));
#2094=DIRECTION('',(0.,0.,-1.));
#2095=DIRECTION('',(1.,0.,0.));
#2096=DIRECTION('',(0.,0.,-1.));
#2097=DIRECTION('',(1.,0.,0.));
#2098=DIRECTION('',(0.,0.,-1.));
#2099=DIRECTION('',(0.,1.,0.));
#2100=DIRECTION('',(0.,1.,0.));
#2101=DIRECTION('',(1.,0.,0.));
#2102=DIRECTION('',(0.,0.,-1.));
#2103=DIRECTION('',(0.,1.,0.));
#2104=DIRECTION('',(0.,1.,0.));
#2105=DIRECTION('',(0.,0.,-1.));
#2106=DIRECTION('',(-1.,0.,0.));
#2107=DIRECTION('',(1.,0.,0.));
#2108=DIRECTION('',(0.,1.,0.));
#2109=DIRECTION('',(0.,1.,0.));
#2110=DIRECTION('',(0.,0.,1.));
#2111=DIRECTION('',(1.,0.,0.));
#2112=DIRECTION('',(1.,0.,0.));
#2113=DIRECTION('',(0.,1.,0.));
#2114=DIRECTION('',(0.,1.,0.));
#2115=DIRECTION('',(1.,0.,0.));
#2116=DIRECTION('',(0.,0.,-1.));
#2117=DIRECTION('',(1.,0.,0.));
#2118=DIRECTION('',(0.,0.,-1.));
#2119=DIRECTION('',(1.,0.,0.));
#2120=DIRECTION('',(0.,0.,-1.));
#2121=DIRECTION('',(1.,0.,0.));
#2122=DIRECTION('',(0.,0.,-1.));
#2123=DIRECTION('',(1.,0.,0.));
#2124=DIRECTION('',(0.,0.,-1.));
#2125=DIRECTION('',(1.,0.,0.));
#2126=DIRECTION('',(0.,0.,-1.));
#2127=DIRECTION('',(1.,0.,0.));
#2128=DIRECTION('',(0.,0.,-1.));
#2129=DIRECTION('',(1.,0.,0.));
#2130=DIRECTION('',(0.,0.,-1.));
#2131=DIRECTION('',(1.,0.,0.));
#2132=DIRECTION('',(0.,0.,-1.));
#2133=DIRECTION('',(1.,0.,0.));
#2134=DIRECTION('',(0.,0.,-1.));
#2135=DIRECTION('',(1.,0.,0.));
#2136=DIRECTION('',(0.,0.,-1.));
#2137=DIRECTION('',(1.,0.,0.));
#2138=DIRECTION('',(0.,0.,-1.));
#2139=DIRECTION('',(1.,0.,0.));
#2140=DIRECTION('',(0.,0.,-1.));
#2141=DIRECTION('',(1.,0.,0.));
#2142=DIRECTION('',(0.,0.,-1.));
#2143=DIRECTION('',(1.,0.,0.));
#2144=DIRECTION('',(0.,1.,-5.0532154980743E-16));
#2145=DIRECTION('',(1.,0.,0.));
#2146=DIRECTION('',(0.,0.,-1.));
#2147=DIRECTION('',(1.,0.,0.));
#2148=DIRECTION('',(0.,0.,-1.));
#2149=DIRECTION('',(1.,0.,0.));
#2150=DIRECTION('',(0.,1.,-6.12323399573677E-17));
#2151=DIRECTION('',(1.,0.,0.));
#2152=DIRECTION('',(1.,0.,0.));
#2153=DIRECTION('',(0.,0.,-1.));
#2154=DIRECTION('',(1.,0.,0.));
#2155=DIRECTION('',(1.,0.,0.));
#2156=DIRECTION('',(0.,0.,-1.));
#2157=DIRECTION('',(1.,0.,0.));
#2158=DIRECTION('',(0.,0.,-1.));
#2159=DIRECTION('',(1.,0.,0.));
#2160=DIRECTION('',(0.,0.,-1.));
#2161=DIRECTION('',(1.,0.,0.));
#2162=DIRECTION('',(0.,0.,-1.));
#2163=DIRECTION('',(1.,0.,0.));
#2164=DIRECTION('',(0.,0.,-1.));
#2165=DIRECTION('',(1.,0.,0.));
#2166=DIRECTION('',(0.,0.,-1.));
#2167=DIRECTION('',(1.,0.,0.));
#2168=DIRECTION('',(0.,0.,-1.));
#2169=DIRECTION('',(1.,0.,0.));
#2170=DIRECTION('',(0.,0.,-1.));
#2171=DIRECTION('',(1.,0.,0.));
#2172=DIRECTION('',(0.,0.,-1.));
#2173=DIRECTION('',(1.,0.,0.));
#2174=DIRECTION('',(0.,0.,-1.));
#2175=DIRECTION('',(1.,0.,0.));
#2176=DIRECTION('',(0.,0.,-1.));
#2177=DIRECTION('',(1.,0.,0.));
#2178=DIRECTION('',(0.,0.,-1.));
#2179=DIRECTION('',(1.,0.,0.));
#2180=DIRECTION('',(0.,0.,-1.));
#2181=DIRECTION('',(1.,0.,0.));
#2182=DIRECTION('',(0.,0.,-1.));
#2183=DIRECTION('',(0.,0.,-1.));
#2184=DIRECTION('',(1.,0.,0.));
#2185=DIRECTION('',(0.,0.,-1.));
#2186=DIRECTION('',(0.,0.,-1.));
#2187=DIRECTION('',(0.,1.,0.));
#2188=DIRECTION('',(1.,0.,0.));
#2189=DIRECTION('',(0.,1.,0.));
#2190=DIRECTION('',(1.,0.,0.));
#2191=DIRECTION('',(1.,0.,0.));
#2192=DIRECTION('',(0.,0.,-1.));
#2193=DIRECTION('',(1.,0.,0.));
#2194=DIRECTION('',(0.,0.,-1.));
#2195=DIRECTION('',(1.,0.,0.));
#2196=DIRECTION('',(0.,0.,-1.));
#2197=DIRECTION('',(1.,0.,0.));
#2198=DIRECTION('',(0.,0.,-1.));
#2199=DIRECTION('',(1.,0.,0.));
#2200=DIRECTION('',(0.,0.,-1.));
#2201=DIRECTION('',(1.,0.,0.));
#2202=DIRECTION('',(0.,0.,-1.));
#2203=DIRECTION('',(1.,0.,0.));
#2204=DIRECTION('',(0.,0.,-1.));
#2205=DIRECTION('',(1.,0.,0.));
#2206=DIRECTION('',(0.,0.,-1.));
#2207=DIRECTION('',(1.,0.,0.));
#2208=DIRECTION('',(0.,1.,-6.12323399573677E-17));
#2209=DIRECTION('',(1.,0.,0.));
#2210=DIRECTION('',(0.,0.,-1.));
#2211=DIRECTION('',(1.,0.,0.));
#2212=DIRECTION('',(0.,0.,-1.));
#2213=DIRECTION('',(1.,0.,0.));
#2214=DIRECTION('',(0.,0.,-1.));
#2215=DIRECTION('',(1.,0.,0.));
#2216=DIRECTION('',(0.,0.,-1.));
#2217=DIRECTION('',(1.,0.,0.));
#2218=DIRECTION('',(0.,0.,-1.));
#2219=DIRECTION('',(1.,0.,0.));
#2220=DIRECTION('',(0.,0.,-1.));
#2221=DIRECTION('',(1.,0.,0.));
#2222=DIRECTION('',(0.,0.,-1.));
#2223=DIRECTION('',(1.,0.,0.));
#2224=DIRECTION('',(0.,0.,-1.));
#2225=DIRECTION('',(1.,0.,0.));
#2226=DIRECTION('',(0.,0.,-1.));
#2227=DIRECTION('',(1.,0.,0.));
#2228=DIRECTION('',(0.,0.,-1.));
#2229=CARTESIAN_POINT('',(0.,0.,0.));
#2230=CARTESIAN_POINT('',(0.040898808557065,-0.005066,0.0126611529581508));
#2231=CARTESIAN_POINT('',(0.040898808557065,-0.0125791670194949,0.017));
#2232=CARTESIAN_POINT('',(0.040898808557065,-0.0125791670194949,-0.0128348470418492));
#2233=CARTESIAN_POINT('',(0.040898808557065,-0.0125791670194949,0.0126611529581508));
#2234=CARTESIAN_POINT('',(0.040898808557065,-0.005066,-0.0128348470418492));
#2235=CARTESIAN_POINT('',(0.040898808557065,-0.005066,-0.0128348470418492));
#2236=CARTESIAN_POINT('',(0.040898808557065,-0.005066,0.02));
#2237=CARTESIAN_POINT('',(0.040898808557065,-0.005066,0.0126611529581508));
#2238=CARTESIAN_POINT('',(0.040898808557065,-0.005066,0.0126611529581508));
#2239=CARTESIAN_POINT('',(0.0760459932540058,-0.005066,0.0126611529581508));
#2240=CARTESIAN_POINT('',(0.111244192293386,-0.0125791670194949,0.0126611529581508));
#2241=CARTESIAN_POINT('',(0.0760459932540058,-0.0125791670194949,0.0126611529581508));
#2242=CARTESIAN_POINT('',(0.105,-0.005066,0.0126611529581508));
#2243=CARTESIAN_POINT('',(0.0760459932540058,-0.005066,0.0126611529581508));
#2244=CARTESIAN_POINT('',(0.0760459932540058,-0.005066,0.0126611529581508));
#2245=CARTESIAN_POINT('',(0.0760459932540058,-0.005066,-0.0128348470418492));
#2246=CARTESIAN_POINT('',(0.0760459932540058,-0.0125791670194949,0.017));
#2247=CARTESIAN_POINT('',(0.0760459932540058,-0.0125791670194949,-0.0128348470418492));
#2248=CARTESIAN_POINT('',(0.0760459932540058,-0.005066,0.02));
#2249=CARTESIAN_POINT('',(0.0760459932540058,-0.005066,-0.0128348470418492));
#2250=CARTESIAN_POINT('',(0.0760459932540058,-0.005066,-0.0128348470418492));
#2251=CARTESIAN_POINT('',(0.040898808557065,-0.005066,-0.0128348470418492));
#2252=CARTESIAN_POINT('',(0.111244192293386,-0.0125791670194949,-0.0128348470418492));
#2253=CARTESIAN_POINT('',(0.105,-0.005066,-0.0128348470418492));
#2254=CARTESIAN_POINT('',(0.111244192293386,-0.0125791670194949,0.017));
#2255=CARTESIAN_POINT('',(0.111244192293386,-0.0125791670194949,-0.017));
#2256=CARTESIAN_POINT('',(0.00375580770661414,-0.0125791670194949,-0.017));
#2257=CARTESIAN_POINT('',(0.111244192293386,-0.0125791670194948,-0.017));
#2258=CARTESIAN_POINT('',(0.111244192293386,-0.0125791670194946,0.02));
#2259=CARTESIAN_POINT('',(0.111244192293386,-0.0125791670194948,0.017));
#2260=CARTESIAN_POINT('',(0.111244192293386,-0.0125791670194949,0.017));
#2261=CARTESIAN_POINT('',(0.00375580770661414,-0.0125791670194949,0.017));
#2262=CARTESIAN_POINT('',(0.00375580770661414,-0.0125791670194949,-0.02));
#2263=CARTESIAN_POINT('',(0.00212132034355964,-0.0109446796564404,-0.02));
#2264=CARTESIAN_POINT('',(0.00375580770661415,-0.0125791670194949,0.017));
#2265=CARTESIAN_POINT('',(0.0177254419557719,-0.0265488012686527,0.0123434552502807));
#2266=CARTESIAN_POINT('',(0.0177254419557718,-0.0265488012686527,0.0176611529581508));
#2267=CARTESIAN_POINT('',(0.0177254419557718,-0.0265488012686526,-0.0123434552502808));
#2268=CARTESIAN_POINT('',(0.00375580770661412,-0.0125791670194949,-0.017));
#2269=CARTESIAN_POINT('',(0.0760459932540058,-0.125066,-0.0147485964190203));
#2270=CARTESIAN_POINT('',(0.0760459932540058,-0.178583,0.0126611529581508));
#2271=CARTESIAN_POINT('',(0.0760459932540058,-0.135066,0.0126611529581508));
#2272=CARTESIAN_POINT('',(0.0760459932540058,-0.131066,0.0126611529581508));
#2273=CARTESIAN_POINT('',(0.0760459932540058,-0.135066,-0.0147485964190203));
#2274=CARTESIAN_POINT('',(0.0760459932540058,-0.135066,0.0145802562971458));
#2275=CARTESIAN_POINT('',(0.0760459932540058,-0.125066,0.0145802562971458));
#2276=CARTESIAN_POINT('',(0.0760459932540058,-0.125066,0.0145802562971458));
#2277=CARTESIAN_POINT('',(0.0760459932540058,-0.125066,-0.0178348470418492));
#2278=CARTESIAN_POINT('',(0.0760459932540058,-0.125066,-0.0147485964190203));
#2279=CARTESIAN_POINT('',(0.0760459932540058,-0.125066,-0.0147485964190203));
#2280=CARTESIAN_POINT('',(0.0760459932540058,-0.135066,-0.0147485964190203));
#2281=CARTESIAN_POINT('',(0.0760459932540058,-0.135066,-0.0147485964190203));
#2282=CARTESIAN_POINT('',(0.0760459932540058,-0.135066,-0.0128348470418492));
#2283=CARTESIAN_POINT('',(0.0760459932540058,-0.131066,-0.0128348470418492));
#2284=CARTESIAN_POINT('',(0.0760459932540058,-0.131066,-0.0128348470418492));
#2285=CARTESIAN_POINT('',(0.0760459932540058,-0.131066,0.0126611529581508));
#2286=CARTESIAN_POINT('',(0.0408462547218151,-0.125066,-0.0147485964190203));
#2287=CARTESIAN_POINT('',(0.038468808557065,-0.125066,-0.0147485964190203));
#2288=CARTESIAN_POINT('',(0.0408462547218151,-0.125066,-0.0147485964190203));
#2289=CARTESIAN_POINT('',(0.0408462547218151,-0.125066,-0.0147485964190203));
#2290=CARTESIAN_POINT('',(0.0408462547218151,-0.135066,-0.0147485964190203));
#2291=CARTESIAN_POINT('',(0.0408462547218151,-0.135066,-0.0147485964190203));
#2292=CARTESIAN_POINT('',(0.0408462547218151,-0.125066,0.0145802562971458));
#2293=CARTESIAN_POINT('',(0.040846254721815,-0.125066,0.0176611529581508));
#2294=CARTESIAN_POINT('',(0.0408462547218151,-0.125066,0.0145802562971458));
#2295=CARTESIAN_POINT('',(0.0408462547218151,-0.125066,0.0145802562971458));
#2296=CARTESIAN_POINT('',(0.0408462547218151,-0.135066,0.0145802562971458));
#2297=CARTESIAN_POINT('',(0.0408462547218151,-0.135066,0.0145802562971458));
#2298=CARTESIAN_POINT('',(0.0760459932540058,-0.125066,0.0145802562971458));
#2299=CARTESIAN_POINT('',(0.078468808557065,-0.125066,0.0145802562971458));
#2300=CARTESIAN_POINT('',(0.0760459932540058,-0.135066,0.0145802562971458));
#2301=CARTESIAN_POINT('',(0.058468808557065,-0.135066,-8.68470418492429E-5));
#2302=CARTESIAN_POINT('',(0.078468808557065,-0.135066,0.0126611529581508));
#2303=CARTESIAN_POINT('',(0.040898808557065,-0.135066,0.0126611529581508));
#2304=CARTESIAN_POINT('',(0.040898808557065,-0.135066,-0.0128348470418492));
#2305=CARTESIAN_POINT('',(0.040898808557065,-0.135066,-0.0128348470418492));
#2306=CARTESIAN_POINT('',(0.078468808557065,-0.135066,-0.0128348470418492));
#2307=CARTESIAN_POINT('',(0.078468808557065,-0.131066,0.0126611529581508));
#2308=CARTESIAN_POINT('',(0.078468808557065,-0.131066,-0.0128348470418492));
#2309=CARTESIAN_POINT('',(0.078468808557065,-0.131066,-0.0128348470418492));
#2310=CARTESIAN_POINT('',(0.078468808557065,-0.131066,-0.0178348470418492));
#2311=CARTESIAN_POINT('',(0.078468808557065,-0.131066,0.0126611529581508));
#2312=CARTESIAN_POINT('',(0.078468808557065,-0.131066,0.0126611529581508));
#2313=CARTESIAN_POINT('',(0.078468808557065,-0.131066,-0.0128348470418492));
#2314=CARTESIAN_POINT('',(0.040898808557065,-0.131066,-0.0128348470418492));
#2315=CARTESIAN_POINT('',(0.040898808557065,-0.144066,-0.0128348470418492));
#2316=CARTESIAN_POINT('',(0.078468808557065,-0.144066,-0.0128348470418492));
#2317=CARTESIAN_POINT('',(0.043944808557065,-0.144066,-0.0128348470418492));
#2318=CARTESIAN_POINT('',(0.043944808557065,-0.131066,-0.0128348470418492));
#2319=CARTESIAN_POINT('',(0.043944808557065,-0.178583,-0.0128348470418492));
#2320=CARTESIAN_POINT('',(0.078468808557065,-0.178583,-0.0128348470418492));
#2321=CARTESIAN_POINT('',(0.078468808557065,-0.178583,-0.0128348470418492));
#2322=CARTESIAN_POINT('',(0.078468808557065,-0.128066,-0.0128348470418492));
#2323=CARTESIAN_POINT('',(0.0429876112205,-0.215636858772598,-0.00545558991410271));
#2324=CARTESIAN_POINT('',(0.046654938281219,-0.218764301933246,-0.0087618286083249));
#2325=CARTESIAN_POINT('',(0.050322265341938,-0.221891745093894,-0.0120680673025471));
#2326=CARTESIAN_POINT('',(0.053989592402657,-0.225019188254542,-0.0153743059967693));
#2327=CARTESIAN_POINT('',(0.042987611220501,-0.21484852444519,-0.0064085224186384));
#2328=CARTESIAN_POINT('',(0.046654938281219,-0.217079876030856,-0.00939643357874242));
#2329=CARTESIAN_POINT('',(0.050322265341938,-0.219311646192686,-0.0123863948366653));
#2330=CARTESIAN_POINT('',(0.053989592402657,-0.221542997778352,-0.0153743059967693));
#2331=CARTESIAN_POINT('',(0.042987611220501,-0.212798371202842,-0.00791158868143331));
#2332=CARTESIAN_POINT('',(0.046654938281219,-0.213396504642993,-0.0103975465858323));
#2333=CARTESIAN_POINT('',(0.050322265341938,-0.21399248338582,-0.0128883480923702));
#2334=CARTESIAN_POINT('',(0.053989592402657,-0.214590616825971,-0.0153743059967692));
#2335=CARTESIAN_POINT('',(0.042987611220501,-0.208375994668469,-0.0085562740311989));
#2336=CARTESIAN_POINT('',(0.046654938281219,-0.206391776977449,-0.0108290852353582));
#2337=CARTESIAN_POINT('',(0.050322265341938,-0.204408167850325,-0.0131014947926099));
#2338=CARTESIAN_POINT('',(0.053989592402656,-0.202423950159304,-0.0153743059967692));
#2339=CARTESIAN_POINT('',(0.0429876112205,-0.205433485862947,-0.00706230765714761));
#2340=CARTESIAN_POINT('',(0.046654938281219,-0.201535494345783,-0.00982968056446975));
#2341=CARTESIAN_POINT('',(0.050322265341937,-0.197631465485993,-0.012606933089447));
#2342=CARTESIAN_POINT('',(0.053989592402656,-0.193733473968828,-0.0153743059967692));
#2343=CARTESIAN_POINT('',(0.0429876112205,-0.204195725484825,-0.0056804828387342));
#2344=CARTESIAN_POINT('',(0.046654938281219,-0.198970213074731,-0.00891175722474582));
#2345=CARTESIAN_POINT('',(0.050322265341937,-0.193744700664637,-0.0121430316107575));
#2346=CARTESIAN_POINT('',(0.053989592402656,-0.188519188254542,-0.0153743059967692));
#2347=CARTESIAN_POINT('',(0.0539895924026555,-0.188583,-0.0153743059967691));
#2348=CARTESIAN_POINT('',(0.0539746530176813,-0.188583,-0.0153611660279062));
#2349=CARTESIAN_POINT('',(0.0539597249993271,-0.188583,-0.0153480130499186));
#2350=CARTESIAN_POINT('',(0.053944808557065,-0.188583,-0.0153348470418492));
#2351=CARTESIAN_POINT('',(0.0539895924026553,-0.188583,-0.0153743059967692));
#2352=CARTESIAN_POINT('',(0.0539448085570803,-0.188582999999978,-0.0153348470418629));
#2353=CARTESIAN_POINT('',(0.053989592402657,-0.225019188254542,-0.0153743059967693));
#2354=CARTESIAN_POINT('',(0.0539895924026573,-0.225019188254542,-0.0153743059967695));
#2355=CARTESIAN_POINT('',(0.0484886018115785,-0.22032802351357,-0.010414947955436));
#2356=CARTESIAN_POINT('',(0.0429876112205,-0.215636858772598,-0.00545558991410268));
#2357=CARTESIAN_POINT('',(0.0429876112205,-0.215636858772598,-0.00545558991410268));
#2358=CARTESIAN_POINT('',(0.042987611220501,-0.214940151524796,-0.00629776430572083));
#2359=CARTESIAN_POINT('',(0.0429928975856957,-0.213201691841044,-0.00765383197384286));
#2360=CARTESIAN_POINT('',(0.0429874744575964,-0.209971227881428,-0.00842957654578737));
#2361=CARTESIAN_POINT('',(0.043000501834484,-0.206707608111796,-0.00777759853450747));
#2362=CARTESIAN_POINT('',(0.0429876112204999,-0.20492500066544,-0.00649463924722707));
#2363=CARTESIAN_POINT('',(0.0429876112205,-0.204195725484825,-0.00568048283873429));
#2364=CARTESIAN_POINT('',(0.0429876112204996,-0.204195725484825,-0.00568048283873417));
#2365=CARTESIAN_POINT('',(0.048488601811578,-0.196357456869684,-0.0105273944177517));
#2366=CARTESIAN_POINT('',(0.059989592402655,-0.188519188254542,-0.0153743059967692));
#2367=CARTESIAN_POINT('',(0.058468808557065,-0.188583,-0.0153743059967693));
#2368=CARTESIAN_POINT('',(0.0685242282602145,-0.188583,-0.0153743059967693));
#2369=CARTESIAN_POINT('',(0.068524228260214,-0.188583,-0.0153743059967693));
#2370=CARTESIAN_POINT('',(0.068524228260217,-0.225019188254542,-0.0153743059967686));
#2371=CARTESIAN_POINT('',(0.0642569103314378,-0.225019188254542,-0.0153743059967684));
#2372=CARTESIAN_POINT('',(0.068524228260217,-0.225019188254542,-0.0153743059967694));
#2373=CARTESIAN_POINT('',(0.073190894926583,-0.22182720620118,-0.0121430316107562));
#2374=CARTESIAN_POINT('',(0.077857561592948,-0.218635224147817,-0.008911757224743));
#2375=CARTESIAN_POINT('',(0.082524228259313,-0.215443242094455,-0.00568048283872979));
#2376=CARTESIAN_POINT('',(0.068524228260217,-0.221542997778352,-0.0153743059967694));
#2377=CARTESIAN_POINT('',(0.073190894926582,-0.219234800584702,-0.012450792113743));
#2378=CARTESIAN_POINT('',(0.077857561592948,-0.21692626570269,-0.00952521326736502));
#2379=CARTESIAN_POINT('',(0.082524228259313,-0.21461806850904,-0.0066016993843386));
#2380=CARTESIAN_POINT('',(0.068524228260217,-0.214590616825971,-0.0153743059967694));
#2381=CARTESIAN_POINT('',(0.073190894926582,-0.21389644063517,-0.0129254683733568));
#2382=CARTESIAN_POINT('',(0.077857561592948,-0.213204635513036,-0.0104717983814341));
#2383=CARTESIAN_POINT('',(0.082524228259313,-0.212510459322235,-0.0080229607580215));
#2384=CARTESIAN_POINT('',(0.068524228260216,-0.202423950159304,-0.0153743059967693));
#2385=CARTESIAN_POINT('',(0.073190894926582,-0.20430488687986,-0.0130805566356012));
#2386=CARTESIAN_POINT('',(0.077857561592948,-0.206185279971477,-0.0107870420236398));
#2387=CARTESIAN_POINT('',(0.082524228259313,-0.208066216692033,-0.0084932926624716));
#2388=CARTESIAN_POINT('',(0.068524228260216,-0.193733473968828,-0.0153743059967693));
#2389=CARTESIAN_POINT('',(0.073190894926582,-0.197548379102843,-0.0125477451319354));
#2390=CARTESIAN_POINT('',(0.077857561592947,-0.201369705163778,-0.00971154953573542));
#2391=CARTESIAN_POINT('',(0.082524228259313,-0.205184610297794,-0.0068849886709015));
#2392=CARTESIAN_POINT('',(0.068524228260216,-0.188519188254542,-0.0153743059967693));
#2393=CARTESIAN_POINT('',(0.073190894926582,-0.193680161771922,-0.0120680673025455));
#2394=CARTESIAN_POINT('',(0.077857561592947,-0.198841135289302,-0.0087618286083217));
#2395=CARTESIAN_POINT('',(0.082524228259313,-0.204002108806682,-0.00545558991409798));
#2396=CARTESIAN_POINT('',(0.0685819282550809,-0.188583,-0.0153334267205497));
#2397=CARTESIAN_POINT('',(0.0685627064016788,-0.188583,-0.0153470692686014));
#2398=CARTESIAN_POINT('',(0.0685434729580617,-0.188583,-0.0153606956937134));
#2399=CARTESIAN_POINT('',(0.068524228260215,-0.188583,-0.0153743059967693));
#2400=CARTESIAN_POINT('',(0.0685819282550808,-0.188583,-0.0153334267205497));
#2401=CARTESIAN_POINT('',(0.0755242282597645,-0.196260648530612,-0.0104149479554336));
#2402=CARTESIAN_POINT('',(0.082524228259313,-0.204002108806682,-0.00545558991409792));
#2403=CARTESIAN_POINT('',(0.082524228259313,-0.215443242094455,-0.00568048283872988));
#2404=CARTESIAN_POINT('',(0.0825242282593128,-0.214713977893348,-0.00649462698979676));
#2405=CARTESIAN_POINT('',(0.0825174755116607,-0.21292357333434,-0.00778132698428086));
#2406=CARTESIAN_POINT('',(0.082524135128438,-0.20966512898162,-0.00842952545451754));
#2407=CARTESIAN_POINT('',(0.0825080477638054,-0.206429643481084,-0.00764979956339335));
#2408=CARTESIAN_POINT('',(0.0825242282593128,-0.204698830998681,-0.00629778237014742));
#2409=CARTESIAN_POINT('',(0.082524228259313,-0.204002108806682,-0.00545558991409798));
#2410=CARTESIAN_POINT('',(0.082524228259314,-0.215443242094455,-0.00568048283872962));
#2411=CARTESIAN_POINT('',(0.0755242282597654,-0.220231215174499,-0.0105273944177496));
#2412=CARTESIAN_POINT('',(0.042987611220499,-0.204002108806684,0.00416951233110257));
#2413=CARTESIAN_POINT('',(0.046654938281217,-0.198841135289303,0.0077109537733282));
#2414=CARTESIAN_POINT('',(0.050322265341935,-0.193680161771923,0.0112523952155538));
#2415=CARTESIAN_POINT('',(0.053989592402652,-0.188519188254543,0.0147938366577794));
#2416=CARTESIAN_POINT('',(0.042987611220499,-0.204790443134091,0.0051224448356383));
#2417=CARTESIAN_POINT('',(0.046654938281217,-0.200525561191693,0.00834555874374569));
#2418=CARTESIAN_POINT('',(0.050322265341935,-0.196260260673131,0.011570722749672));
#2419=CARTESIAN_POINT('',(0.053989592402652,-0.191995378730733,0.0147938366577794));
#2420=CARTESIAN_POINT('',(0.042987611220499,-0.206840564814229,0.00662541112669189));
#2421=CARTESIAN_POINT('',(0.046654938281217,-0.204208901017346,0.0093465717790944));
#2422=CARTESIAN_POINT('',(0.050322265341935,-0.201579423479997,0.0120726760053769));
#2423=CARTESIAN_POINT('',(0.053989592402653,-0.198947759683114,0.0147938366577794));
#2424=CARTESIAN_POINT('',(0.042987611220499,-0.211262877678739,0.00727001028845038));
#2425=CARTESIAN_POINT('',(0.046654938281217,-0.211213565013027,0.0097780242406132));
#2426=CARTESIAN_POINT('',(0.050322265341935,-0.211163739015492,0.0122858227056166));
#2427=CARTESIAN_POINT('',(0.053989592402653,-0.211114426349781,0.0147938366577793));
#2428=CARTESIAN_POINT('',(0.042987611220499,-0.214205481716334,0.00577623007414747));
#2429=CARTESIAN_POINT('',(0.046654938281217,-0.216069942876767,0.00877880572947308));
#2430=CARTESIAN_POINT('',(0.050322265341935,-0.217940441379825,0.0117912610024537));
#2431=CARTESIAN_POINT('',(0.053989592402653,-0.219804902540257,0.0147938366577793));
#2432=CARTESIAN_POINT('',(0.042987611220499,-0.215443242094457,0.0043944052557341));
#2433=CARTESIAN_POINT('',(0.046654938281217,-0.218635224147819,0.00786088238974919));
#2434=CARTESIAN_POINT('',(0.050322265341935,-0.221827206201181,0.0113273595237642));
#2435=CARTESIAN_POINT('',(0.053989592402653,-0.225019188254543,0.0147938366577793));
#2436=CARTESIAN_POINT('',(0.0539448085570559,-0.188583,0.0147505909581356));
#2437=CARTESIAN_POINT('',(0.0539597247243752,-0.188583,0.0147650183603103));
#2438=CARTESIAN_POINT('',(0.0539746527386321,-0.188583,0.0147794335903775));
#2439=CARTESIAN_POINT('',(0.053989592402653,-0.188583,0.014793836657779));
#2440=CARTESIAN_POINT('',(0.0539448085570559,-0.188583,0.0147505909581357));
#2441=CARTESIAN_POINT('',(0.0539895924026535,-0.188583,0.0147938366577789));
#2442=CARTESIAN_POINT('',(0.0539444856660331,-0.188583,0.0147502786437453));
#2443=CARTESIAN_POINT('',(0.0539445932957591,-0.188583,0.0147503827491778));
#2444=CARTESIAN_POINT('',(0.0539447009261001,-0.188583,0.0147504868539746));
#2445=CARTESIAN_POINT('',(0.0539448085570559,-0.188583,0.0147505909581357));
#2446=CARTESIAN_POINT('',(0.0539445746034047,-0.188582936364909,0.0147501866955662));
#2447=CARTESIAN_POINT('',(0.0539445361744866,-0.188582999682185,0.0147503274978701));
#2448=CARTESIAN_POINT('',(0.0502922278564914,-0.193722598553749,0.0112234261122918));
#2449=CARTESIAN_POINT('',(0.0466399195384952,-0.198862301610778,0.00769648764585396));
#2450=CARTESIAN_POINT('',(0.042987611220499,-0.204002108806684,0.00416951233110257));
#2451=CARTESIAN_POINT('',(0.042987611220499,-0.204002108806684,0.00416951233110264));
#2452=CARTESIAN_POINT('',(0.042987611220499,-0.204002108806684,0.00416951233110251));
#2453=CARTESIAN_POINT('',(0.0429876112204987,-0.204697540120211,0.00501014438312883));
#2454=CARTESIAN_POINT('',(0.042991667104268,-0.206429000977092,0.00636399172576927));
#2455=CARTESIAN_POINT('',(0.0429868933926923,-0.209666540542913,0.00714350483853787));
#2456=CARTESIAN_POINT('',(0.0430033835051462,-0.212924893453109,0.00649487745338306));
#2457=CARTESIAN_POINT('',(0.0429876112204993,-0.214715323958917,0.00520704667102085));
#2458=CARTESIAN_POINT('',(0.042987611220499,-0.215443242094457,0.00439440525573416));
#2459=CARTESIAN_POINT('',(0.0429876112204989,-0.215443242094457,0.00439440525573407));
#2460=CARTESIAN_POINT('',(0.048488601811576,-0.2202312151745,0.0095941209567567));
#2461=CARTESIAN_POINT('',(0.0539895924026533,-0.225019188254543,0.0147938366577787));
#2462=CARTESIAN_POINT('',(0.053989592402654,-0.188583,0.0147938366577786));
#2463=CARTESIAN_POINT('',(0.0429876112205,-0.204195725484825,-0.0056804828387342));
#2464=CARTESIAN_POINT('',(0.046640010332688,-0.19899148365655,-0.0088986042397725));
#2465=CARTESIAN_POINT('',(0.050292409444877,-0.193787241828275,-0.0121167256408109));
#2466=CARTESIAN_POINT('',(0.053944808557065,-0.188583,-0.0153348470418493));
#2467=CARTESIAN_POINT('',(0.0429876112205,-0.203513699335796,-0.00491907483425042));
#2468=CARTESIAN_POINT('',(0.046640010332688,-0.198536175932883,-0.0074360453431872));
#2469=CARTESIAN_POINT('',(0.050292409444876,-0.193557747198042,-0.00995331601561443));
#2470=CARTESIAN_POINT('',(0.053944808557064,-0.188580223795129,-0.0124702865245512));
#2471=CARTESIAN_POINT('',(0.0429876112205,-0.20246615210464,-0.00311680007445339));
#2472=CARTESIAN_POINT('',(0.046640010332688,-0.197836759789458,-0.0043247715573586));
#2473=CARTESIAN_POINT('',(0.050292409444876,-0.193205352042533,-0.00553205646306232));
#2474=CARTESIAN_POINT('',(0.053944808557064,-0.188575959727351,-0.00674002794596753));
#2475=CARTESIAN_POINT('',(0.042987611220499,-0.202020708697053,0.000510383776676981));
#2476=CARTESIAN_POINT('',(0.046640010332687,-0.197538654048655,0.00143690322317248));
#2477=CARTESIAN_POINT('',(0.050292409444875,-0.193056201186973,0.00236333130505159));
#2478=CARTESIAN_POINT('',(0.053944808557063,-0.188574146538576,0.00328985075154709));
#2479=CARTESIAN_POINT('',(0.042987611220499,-0.203024742404682,0.00298807930081537));
#2480=CARTESIAN_POINT('',(0.046640010332687,-0.198211078172422,0.00547567785689868));
#2481=CARTESIAN_POINT('',(0.050292409444874,-0.193391897715704,0.00796599068480887));
#2482=CARTESIAN_POINT('',(0.053944808557062,-0.188578233483444,0.0104535892408923));
#2483=CARTESIAN_POINT('',(0.042987611220499,-0.204002108806684,0.00416951233110257));
#2484=CARTESIAN_POINT('',(0.046640010332686,-0.19886214316391,0.0076965382454253));
#2485=CARTESIAN_POINT('',(0.050292409444874,-0.193722177521137,0.011223564159748));
#2486=CARTESIAN_POINT('',(0.053944808557061,-0.188582211878363,0.0147505900740707));
#2487=CARTESIAN_POINT('',(0.053944808557065,-0.188583,-0.0153348470418492));
#2488=CARTESIAN_POINT('',(0.053944808557062,-0.188583,-0.00530654939681203));
#2489=CARTESIAN_POINT('',(0.0539448085570589,-0.188583,0.00472174824822519));
#2490=CARTESIAN_POINT('',(0.0539448085570559,-0.188583,0.0147500458932624));
#2491=CARTESIAN_POINT('',(0.0429876112205,-0.204195725484825,-0.00568048283873425));
#2492=CARTESIAN_POINT('',(0.0429876112205,-0.20359350410416,-0.00500816817695431));
#2493=CARTESIAN_POINT('',(0.0429887619244928,-0.202647824111547,-0.00347127202573085));
#2494=CARTESIAN_POINT('',(0.0429886453115102,-0.201928736284853,0.000101321115492409));
#2495=CARTESIAN_POINT('',(0.0429876112204989,-0.202851439340689,0.00277859188275753));
#2496=CARTESIAN_POINT('',(0.042987611220499,-0.204002108806684,0.00416951233110245));
#2497=CARTESIAN_POINT('',(0.0429876112205,-0.209819483789641,-0.000643038791499997));
#2498=CARTESIAN_POINT('',(0.0453111958502471,-0.203936186659066,0.00408869607778172));
#2499=CARTESIAN_POINT('',(0.0453598292293448,-0.203386503314919,0.00340523630442536));
#2500=CARTESIAN_POINT('',(0.0454781320338251,-0.202541702747372,0.00187160828025356));
#2501=CARTESIAN_POINT('',(0.0455841498766901,-0.202116938458167,-0.000746014159872335));
#2502=CARTESIAN_POINT('',(0.0454890710640729,-0.202611503281851,-0.00335205081490649));
#2503=CARTESIAN_POINT('',(0.0453734426675009,-0.203498615791336,-0.00486427715601379));
#2504=CARTESIAN_POINT('',(0.0453293259206825,-0.20406682080621,-0.00553275949917437));
#2505=CARTESIAN_POINT('',(0.0453111958501911,-0.203936186659118,0.00408869607770193));
#2506=CARTESIAN_POINT('',(0.0453293394140324,-0.204066821245616,-0.00553276001618178));
#2507=CARTESIAN_POINT('',(0.0455409861702225,-0.215369429221739,0.0044756139317011));
#2508=CARTESIAN_POINT('',(0.0457019545370771,-0.21462724082744,0.00528033839953364));
#2509=CARTESIAN_POINT('',(0.0460857661830839,-0.213286341498502,0.00621056057731836));
#2510=CARTESIAN_POINT('',(0.046444796828622,-0.211222622873101,0.00683726428406453));
#2511=CARTESIAN_POINT('',(0.0464792200889746,-0.208978723633926,0.00700310176871656));
#2512=CARTESIAN_POINT('',(0.0457761094285255,-0.206357815828788,0.00631906496879196));
#2513=CARTESIAN_POINT('',(0.0454068999248062,-0.204627025549414,0.00494766442103936));
#2514=CARTESIAN_POINT('',(0.0453111958502501,-0.203936186659027,0.00408869607774905));
#2515=CARTESIAN_POINT('',(0.0455409405177036,-0.215369434425826,0.00447562786320723));
#2516=CARTESIAN_POINT('',(0.045580698970745,-0.215549896609596,-0.00555881634067478));
#2517=CARTESIAN_POINT('',(0.0457399915153869,-0.216151812746646,-0.00485715156561342));
#2518=CARTESIAN_POINT('',(0.0460838261235678,-0.216837100934934,-0.00367241788025705));
#2519=CARTESIAN_POINT('',(0.0464358643213348,-0.217304667636711,-0.00191424578773142));
#2520=CARTESIAN_POINT('',(0.04655766934007,-0.217447750078642,-4.25281587107526E-5));
#2521=CARTESIAN_POINT('',(0.0461371000495043,-0.21697261053053,0.00224488754742655));
#2522=CARTESIAN_POINT('',(0.045689242643308,-0.215997892954724,0.00379419376815022));
#2523=CARTESIAN_POINT('',(0.0455408059545776,-0.215369439279359,0.00447560302661476));
#2524=CARTESIAN_POINT('',(0.0455806989707453,-0.215549896609598,-0.00555881634066993));
#2525=CARTESIAN_POINT('',(0.0453293394140491,-0.204066821245584,-0.00553276001622834));
#2526=CARTESIAN_POINT('',(0.0453854610742599,-0.204427290772924,-0.00595684545032512));
#2527=CARTESIAN_POINT('',(0.0455354773866777,-0.205222409068191,-0.00670579309168741));
#2528=CARTESIAN_POINT('',(0.0459515166640486,-0.206621616929931,-0.00754491947602375));
#2529=CARTESIAN_POINT('',(0.0464364355914534,-0.208133298410979,-0.00806101760953942));
#2530=CARTESIAN_POINT('',(0.0467277698949447,-0.209775684265628,-0.00825477957804674));
#2531=CARTESIAN_POINT('',(0.0466771309178244,-0.211450334851143,-0.0080775102319329));
#2532=CARTESIAN_POINT('',(0.046337261683936,-0.213009207544428,-0.00754941846619518));
#2533=CARTESIAN_POINT('',(0.04590006182347,-0.214390076401266,-0.00672421485688086));
#2534=CARTESIAN_POINT('',(0.0456717223397088,-0.215190779844463,-0.00597744539664023));
#2535=CARTESIAN_POINT('',(0.0455806989707423,-0.215549896609605,-0.00555881634065527));
#2536=CARTESIAN_POINT('',(0.042987611220499,-0.215443242094457,0.00439440525573413));
#2537=CARTESIAN_POINT('',(0.042987611220499,-0.216045464118107,0.00372208987613123));
#2538=CARTESIAN_POINT('',(0.0429893280942116,-0.216991144741312,0.00218519256436564));
#2539=CARTESIAN_POINT('',(0.0429896470984536,-0.217710231052282,-0.00138740669618575));
#2540=CARTESIAN_POINT('',(0.0429876112204999,-0.216787526569166,-0.00406467148374924));
#2541=CARTESIAN_POINT('',(0.0429876112205,-0.215636858772598,-0.00545558991410266));
#2542=CARTESIAN_POINT('',(0.0451216619825964,-0.215105122305173,-0.00521580890758784));
#2543=CARTESIAN_POINT('',(0.0451401811963577,-0.215123098288685,-0.0052294950130236));
#2544=CARTESIAN_POINT('',(0.045158700410119,-0.215141074272197,-0.00524318111845937));
#2545=CARTESIAN_POINT('',(0.0451772196238803,-0.215159050255709,-0.00525686722389514));
#2546=CARTESIAN_POINT('',(0.046498386982367,-0.216441463373183,-0.00623323889925986));
#2547=CARTESIAN_POINT('',(0.0494947179779444,-0.219291541363824,-0.0087366161450868));
#2548=CARTESIAN_POINT('',(0.0525106831783638,-0.221944914328413,-0.0113971145995627));
#2549=CARTESIAN_POINT('',(0.0542415010174921,-0.22344064818162,-0.0129268351815196));
#2550=CARTESIAN_POINT('',(0.0542629803018644,-0.223459210096139,-0.0129458188681024));
#2551=CARTESIAN_POINT('',(0.0542844595862367,-0.223477772010658,-0.0129648025546852));
#2552=CARTESIAN_POINT('',(0.0543059388706089,-0.223496333925177,-0.012983786241268));
#2553=CARTESIAN_POINT('',(0.0451216130136605,-0.215104742056131,-0.00521607624456471));
#2554=CARTESIAN_POINT('',(0.0451401321781634,-0.215122716252579,-0.0052297619215899));
#2555=CARTESIAN_POINT('',(0.0451586513426663,-0.215140690449027,-0.00524344759861509));
#2556=CARTESIAN_POINT('',(0.0451771705071692,-0.215158664645475,-0.00525713327564028));
#2557=CARTESIAN_POINT('',(0.0464983343515452,-0.216440950273154,-0.00623347438804039));
#2558=CARTESIAN_POINT('',(0.0494946722958761,-0.219290710499681,-0.00873677768383004));
#2559=CARTESIAN_POINT('',(0.0525106472853889,-0.221943766918691,-0.0113971802245265));
#2560=CARTESIAN_POINT('',(0.0542414692767585,-0.223439321519456,-0.0129268444144481));
#2561=CARTESIAN_POINT('',(0.0542629486126597,-0.223457881209469,-0.0129458274012111));
#2562=CARTESIAN_POINT('',(0.0542844279485609,-0.223476440899483,-0.0129648103879741));
#2563=CARTESIAN_POINT('',(0.054305907284462,-0.223495000589496,-0.0129837933747371));
#2564=CARTESIAN_POINT('',(0.0451215640447245,-0.215104361807089,-0.00521634358154159));
#2565=CARTESIAN_POINT('',(0.045140083159969,-0.215122334216473,-0.00523002883015619));
#2566=CARTESIAN_POINT('',(0.0451586022752136,-0.215140306625857,-0.0052437140787708));
#2567=CARTESIAN_POINT('',(0.0451771213904581,-0.215158279035241,-0.00525739932738541));
#2568=CARTESIAN_POINT('',(0.0464982817207234,-0.216440437173127,-0.00623370987682092));
#2569=CARTESIAN_POINT('',(0.0494946266138078,-0.219289879635539,-0.00873693922257328));
#2570=CARTESIAN_POINT('',(0.0525106113924141,-0.22194261950897,-0.0113972458494902));
#2571=CARTESIAN_POINT('',(0.0542414375360249,-0.223437994857292,-0.0129268536473765));
#2572=CARTESIAN_POINT('',(0.054262916923455,-0.2234565523228,-0.0129458359343197));
#2573=CARTESIAN_POINT('',(0.0542843963108851,-0.223475109788307,-0.0129648182212629));
#2574=CARTESIAN_POINT('',(0.0543058756983151,-0.223493667253815,-0.0129838005082062));
#2575=CARTESIAN_POINT('',(0.0451215150757886,-0.215103981558047,-0.00521661091851846));
#2576=CARTESIAN_POINT('',(0.0451400341417747,-0.215121952180367,-0.00523029573872249));
#2577=CARTESIAN_POINT('',(0.0451585532077609,-0.215139922802687,-0.00524398055892652));
#2578=CARTESIAN_POINT('',(0.045177072273747,-0.215157893425006,-0.00525766537913055));
#2579=CARTESIAN_POINT('',(0.0464982290899017,-0.216439924073099,-0.00623394536560145));
#2580=CARTESIAN_POINT('',(0.0494945809317395,-0.219289048771396,-0.00873710076131652));
#2581=CARTESIAN_POINT('',(0.0525105754994392,-0.221941472099247,-0.011397311474454));
#2582=CARTESIAN_POINT('',(0.0542414057952913,-0.223436668195128,-0.0129268628803049));
#2583=CARTESIAN_POINT('',(0.0542628852342503,-0.22345522343613,-0.0129458444674283));
#2584=CARTESIAN_POINT('',(0.0542843646732093,-0.223473778677132,-0.0129648260545518));
#2585=CARTESIAN_POINT('',(0.0543058441121683,-0.223492333918134,-0.0129838076416752));
#2586=CARTESIAN_POINT('',(0.0450064525663563,-0.214210508826206,-0.0058447737086391));
#2587=CARTESIAN_POINT('',(0.045024855889719,-0.214224280376708,-0.00585745189074706));
#2588=CARTESIAN_POINT('',(0.0450432592130816,-0.21423805192721,-0.00587013007285502));
#2589=CARTESIAN_POINT('',(0.0450616625364442,-0.214251823477712,-0.00588280825496299));
#2590=CARTESIAN_POINT('',(0.0463745622322818,-0.215234290834781,-0.00678727431825799));
#2591=CARTESIAN_POINT('',(0.049387241588614,-0.217336763890509,-0.00911666900830043));
#2592=CARTESIAN_POINT('',(0.0524262376293392,-0.219245398774031,-0.0115515107207384));
#2593=CARTESIAN_POINT('',(0.0541668244634434,-0.220319404671866,-0.0129485575300356));
#2594=CARTESIAN_POINT('',(0.0541884249801119,-0.220332732982665,-0.0129658947477484));
#2595=CARTESIAN_POINT('',(0.0542100254967805,-0.220346061293465,-0.0129832319654613));
#2596=CARTESIAN_POINT('',(0.0542316260134491,-0.220359389604264,-0.0130005691831741));
#2597=CARTESIAN_POINT('',(0.0447639111441051,-0.212677377199658,-0.00649352024509586));
#2598=CARTESIAN_POINT('',(0.0447825345447205,-0.212684870744432,-0.00650579205931782));
#2599=CARTESIAN_POINT('',(0.044801157945336,-0.212692364289207,-0.00651806387353979));
#2600=CARTESIAN_POINT('',(0.0448197813459515,-0.212699857833982,-0.00653033568776175));
#2601=CARTESIAN_POINT('',(0.0461483814320203,-0.21323445000853,-0.00740581132017583));
#2602=CARTESIAN_POINT('',(0.0492217055205645,-0.214250837074913,-0.0095540518546714));
#2603=CARTESIAN_POINT('',(0.0522981044850421,-0.215127447476109,-0.0117271627043336));
#2604=CARTESIAN_POINT('',(0.0540561677349997,-0.215615119332017,-0.0129702297021423));
#2605=CARTESIAN_POINT('',(0.0540779851323228,-0.215621171293256,-0.0129856560450746));
#2606=CARTESIAN_POINT('',(0.054099802529646,-0.215627223254495,-0.0130010823880068));
#2607=CARTESIAN_POINT('',(0.0541216199269691,-0.215633275215733,-0.0130165087309391));
#2608=CARTESIAN_POINT('',(0.0445946810131873,-0.21000651486938,-0.00697974225778246));
#2609=CARTESIAN_POINT('',(0.0446134808545959,-0.210002226691095,-0.00699200475391905));
#2610=CARTESIAN_POINT('',(0.0446322806960045,-0.20999793851281,-0.00700426725005564));
#2611=CARTESIAN_POINT('',(0.0446510805374131,-0.209993650334524,-0.00701652974619223));
#2612=CARTESIAN_POINT('',(0.0459922679730101,-0.209687730156113,-0.00789134062305018));
#2613=CARTESIAN_POINT('',(0.0491042563344992,-0.208941415953778,-0.0098827943196029));
#2614=CARTESIAN_POINT('',(0.0522014882509794,-0.208178747195694,-0.0118603089481166));
#2615=CARTESIAN_POINT('',(0.0539696798348499,-0.207741585074513,-0.0129889923869482));
#2616=CARTESIAN_POINT('',(0.0539916229238313,-0.207736159934267,-0.0130029992408185));
#2617=CARTESIAN_POINT('',(0.0540135660128127,-0.207730734794021,-0.0130170060946889));
#2618=CARTESIAN_POINT('',(0.0540355091017941,-0.207725309653775,-0.0130310129485593));
#2619=CARTESIAN_POINT('',(0.0448289277860238,-0.20779576818392,-0.00692033513324863));
#2620=CARTESIAN_POINT('',(0.0448468687619864,-0.20778203963738,-0.00693201051618905));
#2621=CARTESIAN_POINT('',(0.0448648097379489,-0.20776831109084,-0.00694368589912947));
#2622=CARTESIAN_POINT('',(0.0448827507139114,-0.2077545825443,-0.00695536128206988));
#2623=CARTESIAN_POINT('',(0.0461626663802361,-0.206775183105317,-0.00778828729272777));
#2624=CARTESIAN_POINT('',(0.0491944361517323,-0.204643222994057,-0.00979711916090541));
#2625=CARTESIAN_POINT('',(0.0522561168902599,-0.20259524316764,-0.0118254933969525));
#2626=CARTESIAN_POINT('',(0.0540086612594505,-0.20143334417221,-0.012986536839081));
#2627=CARTESIAN_POINT('',(0.0540304101679895,-0.201418925116449,-0.0130009452775072));
#2628=CARTESIAN_POINT('',(0.0540521590765284,-0.201404506060688,-0.0130153537159334));
#2629=CARTESIAN_POINT('',(0.0540739079850674,-0.201390087004927,-0.0130297621543596));
#2630=CARTESIAN_POINT('',(0.0451269550374615,-0.205625640797316,-0.00632919630846425));
#2631=CARTESIAN_POINT('',(0.0451447435647463,-0.205603790773862,-0.00634110506611698));
#2632=CARTESIAN_POINT('',(0.045162532092031,-0.205581940750407,-0.00635301382376971));
#2633=CARTESIAN_POINT('',(0.0451803206193158,-0.205560090726952,-0.00636492258142244));
#2634=CARTESIAN_POINT('',(0.0464493605422385,-0.204001302209125,-0.00721449762784288));
#2635=CARTESIAN_POINT('',(0.0494019894425644,-0.200470625310681,-0.00937504789956077));
#2636=CARTESIAN_POINT('',(0.0524071845538059,-0.197074661598768,-0.0116560608967604));
#2637=CARTESIAN_POINT('',(0.0541323978968556,-0.19514947077215,-0.0129681060632682));
#2638=CARTESIAN_POINT('',(0.0541538076299658,-0.195125579337533,-0.0129843884186978));
#2639=CARTESIAN_POINT('',(0.054175217363076,-0.195101687902917,-0.0130006707741275));
#2640=CARTESIAN_POINT('',(0.0541966270961862,-0.195077796468301,-0.0130169531295571));
#2641=CARTESIAN_POINT('',(0.0452318445171944,-0.204616650632096,-0.00580755099954733));
#2642=CARTESIAN_POINT('',(0.0452498230684278,-0.204590760679362,-0.00582042098399812));
#2643=CARTESIAN_POINT('',(0.0452678016196612,-0.204564870726629,-0.00583329096844892));
#2644=CARTESIAN_POINT('',(0.0452857801708946,-0.204538980773896,-0.00584616095289972));
#2645=CARTESIAN_POINT('',(0.0465683764705326,-0.20269198225091,-0.00676431026419337));
#2646=CARTESIAN_POINT('',(0.0495146850795124,-0.198455516228918,-0.00906575948120337));
#2647=CARTESIAN_POINT('',(0.0524930228861101,-0.194349083827876,-0.0115304927274407));
#2648=CARTESIAN_POINT('',(0.0542064475854746,-0.192020960592146,-0.0129530085931916));
#2649=CARTESIAN_POINT('',(0.0542277110226406,-0.191992068804747,-0.0129706618794668));
#2650=CARTESIAN_POINT('',(0.0542489744598066,-0.191963177017348,-0.0129883151657421));
#2651=CARTESIAN_POINT('',(0.0542702378969726,-0.19193428522995,-0.0130059684520174));
#2652=CARTESIAN_POINT('',(0.045275148683307,-0.204150727441099,-0.00549240116437281));
#2653=CARTESIAN_POINT('',(0.045293212260221,-0.204122758709268,-0.00550585411498484));
#2654=CARTESIAN_POINT('',(0.0453112758371351,-0.204094789977437,-0.00551930706559688));
#2655=CARTESIAN_POINT('',(0.0453293394140491,-0.204066821245606,-0.00553276001620892));
#2656=CARTESIAN_POINT('',(0.0466180014762698,-0.202071521875484,-0.00649249834274161));
#2657=CARTESIAN_POINT('',(0.0495661754613206,-0.197471981456604,-0.00888616123227283));
#2658=CARTESIAN_POINT('',(0.0525354367093711,-0.192998209306657,-0.0114574029985872));
#2659=CARTESIAN_POINT('',(0.0542437789201799,-0.190461290645341,-0.0129433409448379));
#2660=CARTESIAN_POINT('',(0.0542649792841474,-0.190429807726616,-0.0129617812930857));
#2661=CARTESIAN_POINT('',(0.054286179648115,-0.190398324807892,-0.0129802216413335));
#2662=CARTESIAN_POINT('',(0.0543073800120826,-0.190366841889168,-0.0129986619895813));
#2663=CARTESIAN_POINT('',(0.045276970289463,-0.204131128205526,-0.00547914426714202));
#2664=CARTESIAN_POINT('',(0.0452950374430145,-0.204103072029064,-0.00549262174044652));
#2665=CARTESIAN_POINT('',(0.045313104596566,-0.204075015852603,-0.00550609921375103));
#2666=CARTESIAN_POINT('',(0.0453311717501175,-0.204046959676142,-0.00551957668705553));
#2667=CARTESIAN_POINT('',(0.0466200889709397,-0.202045421974692,-0.00648106447127284));
#2668=CARTESIAN_POINT('',(0.0495683414237417,-0.197430608693733,-0.00887860636387957));
#2669=CARTESIAN_POINT('',(0.0525372208629177,-0.192941384258058,-0.0114543284514484));
#2670=CARTESIAN_POINT('',(0.0542453492769196,-0.19039568253805,-0.0129429342715467));
#2671=CARTESIAN_POINT('',(0.0542665469876892,-0.190364090622405,-0.0129614077278546));
#2672=CARTESIAN_POINT('',(0.0542877446984587,-0.19033249870676,-0.0129798811841625));
#2673=CARTESIAN_POINT('',(0.0543089424092283,-0.190300906791114,-0.0129983546404704));
#2674=CARTESIAN_POINT('',(0.045278791895619,-0.204111528969952,-0.00546588736991123));
#2675=CARTESIAN_POINT('',(0.045296862625808,-0.204083385348861,-0.0054793893659082));
#2676=CARTESIAN_POINT('',(0.0453149333559969,-0.204055241727769,-0.00549289136190517));
#2677=CARTESIAN_POINT('',(0.0453330040861859,-0.204027098106677,-0.00550639335790214));
#2678=CARTESIAN_POINT('',(0.0466221764656095,-0.202019322073899,-0.00646963059980407));
#2679=CARTESIAN_POINT('',(0.0495705073861628,-0.197389235930862,-0.00887105149548631));
#2680=CARTESIAN_POINT('',(0.0525390050164643,-0.19288455920946,-0.0114512539043095));
#2681=CARTESIAN_POINT('',(0.0542469196336593,-0.190330074430759,-0.0129425275982555));
#2682=CARTESIAN_POINT('',(0.0542681146912309,-0.190298373518193,-0.0129610341626235));
#2683=CARTESIAN_POINT('',(0.0542893097488024,-0.190266672605627,-0.0129795407269915));
#2684=CARTESIAN_POINT('',(0.054310504806374,-0.190234971693061,-0.0129980472913595));
#2685=CARTESIAN_POINT('',(0.045280613501775,-0.204091929734379,-0.00545263047268044));
#2686=CARTESIAN_POINT('',(0.0452986878086014,-0.204063698668657,-0.00546615699136987));
#2687=CARTESIAN_POINT('',(0.0453167621154279,-0.204035467602935,-0.00547968351005931));
#2688=CARTESIAN_POINT('',(0.0453348364222543,-0.204007236537213,-0.00549321002874874));
#2689=CARTESIAN_POINT('',(0.0466242639602794,-0.201993222173107,-0.00645819672833531));
#2690=CARTESIAN_POINT('',(0.0495726733485839,-0.197347863167992,-0.00886349662709305));
#2691=CARTESIAN_POINT('',(0.0525407891700109,-0.192827734160862,-0.0114481793571707));
#2692=CARTESIAN_POINT('',(0.054248489990399,-0.190264466323469,-0.0129421209249643));
#2693=CARTESIAN_POINT('',(0.0542696823947726,-0.190232656413982,-0.0129606605973924));
#2694=CARTESIAN_POINT('',(0.0542908747991461,-0.190200846504494,-0.0129792002698205));
#2695=CARTESIAN_POINT('',(0.0543120672035197,-0.190169036595007,-0.0129977399422486));
#2696=CARTESIAN_POINT('',(0.0455806989707453,-0.215549896609601,-0.00555881634066577));
#2697=CARTESIAN_POINT('',(0.0469702197202345,-0.216715709084765,-0.00675010590655929));
#2698=CARTESIAN_POINT('',(0.0497928720584609,-0.218995851830836,-0.00913128513875082));
#2699=CARTESIAN_POINT('',(0.0525933975239639,-0.221285864585485,-0.0115287947231775));
#2700=CARTESIAN_POINT('',(0.0539895924031631,-0.222431130884301,-0.0127320647966835));
#2701=CARTESIAN_POINT('',(0.0539895924026558,-0.222431130884156,-0.0127320647965361));
#2702=CARTESIAN_POINT('',(0.0539895924026549,-0.191956742291373,-0.0127602693612063));
#2703=CARTESIAN_POINT('',(0.053989592402655,-0.197034246579908,-0.0129252233795049));
#2704=CARTESIAN_POINT('',(0.0539895924026553,-0.207194099335006,-0.0130558041664812));
#2705=CARTESIAN_POINT('',(0.0539895924026557,-0.217353914695979,-0.0129055997622101));
#2706=CARTESIAN_POINT('',(0.0539895924026558,-0.222431130884442,-0.0127320647962273));
#2707=CARTESIAN_POINT('',(0.0539895924026565,-0.191956742291373,-0.0127602693612078));
#2708=CARTESIAN_POINT('',(0.0453293262169141,-0.204066769217061,-0.0055326882656751));
#2709=CARTESIAN_POINT('',(0.0467529351055246,-0.202037403014168,-0.00674240034423239));
#2710=CARTESIAN_POINT('',(0.0496575430145244,-0.198003871981488,-0.00913555840183895));
#2711=CARTESIAN_POINT('',(0.0525473674695744,-0.193971630324792,-0.011548513133579));
#2712=CARTESIAN_POINT('',(0.053989470056961,-0.191956586540572,-0.012760155953497));
#2713=CARTESIAN_POINT('',(0.0455408031020064,-0.215369427202079,0.00447561612152244));
#2714=CARTESIAN_POINT('',(0.0467766792414015,-0.216312683969443,0.00578166783945017));
#2715=CARTESIAN_POINT('',(0.0496328425579195,-0.218662655164441,0.00871813527107112));
#2716=CARTESIAN_POINT('',(0.0525159951989465,-0.221124828002174,0.0115183364016185));
#2717=CARTESIAN_POINT('',(0.05417037149656,-0.222540657859131,0.0131023929892172));
#2718=CARTESIAN_POINT('',(0.0541882298506061,-0.222555941196357,0.0131194922691157));
#2719=CARTESIAN_POINT('',(0.0542060882046522,-0.222571224533582,0.0131365915490142));
#2720=CARTESIAN_POINT('',(0.0542239465586983,-0.222586507870808,0.0131536908289128));
#2721=CARTESIAN_POINT('',(0.0454017415678997,-0.215981917090429,0.00315931533143831));
#2722=CARTESIAN_POINT('',(0.0466302814361321,-0.216860631204666,0.0041233344663341));
#2723=CARTESIAN_POINT('',(0.0495090346573336,-0.219040495068774,0.00621700676237344));
#2724=CARTESIAN_POINT('',(0.0524205171870259,-0.221280482216426,0.00818308837956911));
#2725=CARTESIAN_POINT('',(0.0540871392621327,-0.222565350068585,0.00929568116330183));
#2726=CARTESIAN_POINT('',(0.0541051298046237,-0.222579219721481,0.00930769117327943));
#2727=CARTESIAN_POINT('',(0.0541231203471146,-0.222593089374376,0.00931970118325702));
#2728=CARTESIAN_POINT('',(0.0541411108896056,-0.222606959027272,0.00933171119323462));
#2729=CARTESIAN_POINT('',(0.0450800832899101,-0.21652640784067,0.00073194968184339));
#2730=CARTESIAN_POINT('',(0.0463524334450109,-0.217407215125632,0.00109198452235619));
#2731=CARTESIAN_POINT('',(0.0493201257839303,-0.219431140800666,0.0018323676386518));
#2732=CARTESIAN_POINT('',(0.0522797923066706,-0.221440631664839,0.00252100985211799));
#2733=CARTESIAN_POINT('',(0.0539691443999595,-0.222588028127852,0.00290895609049215));
#2734=CARTESIAN_POINT('',(0.0539873803042299,-0.222600413830123,0.00291314382050602));
#2735=CARTESIAN_POINT('',(0.0540056162085002,-0.222612799532395,0.00291733155051988));
#2736=CARTESIAN_POINT('',(0.0540238521127706,-0.222625185234667,0.00292151928053375));
#2737=CARTESIAN_POINT('',(0.0451821379454328,-0.216388942750473,-0.00269393149906696));
#2738=CARTESIAN_POINT('',(0.0464390837489333,-0.217264626406892,-0.00323923336889008));
#2739=CARTESIAN_POINT('',(0.0493768320549033,-0.219327894225908,-0.00438088123176525));
#2740=CARTESIAN_POINT('',(0.0523202372951144,-0.221398403675919,-0.00544744480193234));
#2741=CARTESIAN_POINT('',(0.0540027423107228,-0.222582204469541,-0.00604881672459104));
#2742=CARTESIAN_POINT('',(0.0540209043034305,-0.222594983142521,-0.00605530830254928));
#2743=CARTESIAN_POINT('',(0.0540390662961382,-0.222607761815501,-0.00606179988050752));
#2744=CARTESIAN_POINT('',(0.054057228288846,-0.22262054048848,-0.00606829145846576));
#2745=CARTESIAN_POINT('',(0.0454179774540467,-0.215880311730581,-0.00459930239160556));
#2746=CARTESIAN_POINT('',(0.0466483256608713,-0.216771628337321,-0.00561360343500722));
#2747=CARTESIAN_POINT('',(0.0495255825004487,-0.218979756606386,-0.00784739707335859));
#2748=CARTESIAN_POINT('',(0.0524339204507881,-0.221255485263849,-0.00995677668328699));
#2749=CARTESIAN_POINT('',(0.0540986515102882,-0.222561246840579,-0.0111493971477071));
#2750=CARTESIAN_POINT('',(0.0541166216399951,-0.222575342033173,-0.0111622710256313));
#2751=CARTESIAN_POINT('',(0.0541345917697019,-0.222589437225767,-0.0111751449035556));
#2752=CARTESIAN_POINT('',(0.0541525618994088,-0.22260353241836,-0.0111880187814798));
#2753=CARTESIAN_POINT('',(0.0455137526763467,-0.215499408825542,-0.00549133149694031));
#2754=CARTESIAN_POINT('',(0.0467485196601883,-0.216429387195303,-0.00673675876022258));
#2755=CARTESIAN_POINT('',(0.0496084787471923,-0.218742324211047,-0.00952739667166427));
#2756=CARTESIAN_POINT('',(0.0524963780709025,-0.221157723978843,-0.0121851719991396));
#2757=CARTESIAN_POINT('',(0.0541529828515423,-0.222545970821337,-0.0136885609729487));
#2758=CARTESIAN_POINT('',(0.0541708652612031,-0.22256095641056,-0.0137047894770695));
#2759=CARTESIAN_POINT('',(0.054188747670864,-0.222575941999783,-0.0137210179811904));
#2760=CARTESIAN_POINT('',(0.0542066300805248,-0.222590927589006,-0.0137372464853113));
#2761=CARTESIAN_POINT('',(0.0455409425542158,-0.215369869572345,0.00447521679125326));
#2762=CARTESIAN_POINT('',(0.0469356949707511,-0.216560949459978,0.00574296248143131));
#2763=CARTESIAN_POINT('',(0.0497718643641436,-0.218890923370527,0.00827498143041281));
#2764=CARTESIAN_POINT('',(0.0525860664745141,-0.221236690722636,0.0108167501705936));
#2765=CARTESIAN_POINT('',(0.0539895924026333,-0.222410473258772,0.0120907675475378));
#2766=CARTESIAN_POINT('',(0.053989592402656,-0.222410473258826,0.0120907675475017));
#2767=CARTESIAN_POINT('',(0.0539895924026558,-0.222431130883869,-0.0127320647968449));
#2768=CARTESIAN_POINT('',(0.0539895924026559,-0.22264883569175,-0.00445910465461252));
#2769=CARTESIAN_POINT('',(0.0539895924026559,-0.222643522602102,0.00381823863508877));
#2770=CARTESIAN_POINT('',(0.053989592402656,-0.222410473258795,0.0120907675474472));
#2771=CARTESIAN_POINT('',(0.045311195849947,-0.203936186659489,0.0040886960774985));
#2772=CARTESIAN_POINT('',(0.046605757382882,-0.201962916709509,0.0051587695008066));
#2773=CARTESIAN_POINT('',(0.049562099924541,-0.197421006821028,0.0078102818885187));
#2774=CARTESIAN_POINT('',(0.052532280360514,-0.193009178677681,0.0106353690731659));
#2775=CARTESIAN_POINT('',(0.054239846901796,-0.190507595908862,0.0122659147218709));
#2776=CARTESIAN_POINT('',(0.0542401185533947,-0.190507197939622,0.0122661741204487));
#2777=CARTESIAN_POINT('',(0.0542403902049935,-0.190506799970382,0.0122664335190265));
#2778=CARTESIAN_POINT('',(0.0542406618565923,-0.190506402001142,0.0122666929176043));
#2779=CARTESIAN_POINT('',(0.0542607477609203,-0.190476976177349,0.0122858728342348));
#2780=CARTESIAN_POINT('',(0.0542808336652484,-0.190447550353557,0.0123050527508653));
#2781=CARTESIAN_POINT('',(0.0543009195695765,-0.190418124529764,0.0123242326674958));
#2782=CARTESIAN_POINT('',(0.045272818913094,-0.204389171736029,0.00442465507625009));
#2783=CARTESIAN_POINT('',(0.046564720063528,-0.202570194894545,0.0054514034749986));
#2784=CARTESIAN_POINT('',(0.049517952190521,-0.198394199310429,0.0080023604885346));
#2785=CARTESIAN_POINT('',(0.05249395207593,-0.194351608464803,0.0107159232739085));
#2786=CARTESIAN_POINT('',(0.054205711980488,-0.192061072245188,0.0122801628103691));
#2787=CARTESIAN_POINT('',(0.0542059842991962,-0.192060707850706,0.012280411660508));
#2788=CARTESIAN_POINT('',(0.0542062566179045,-0.192060343456223,0.0122806605106468));
#2789=CARTESIAN_POINT('',(0.0542065289366127,-0.19205997906174,0.0122809093607857));
#2790=CARTESIAN_POINT('',(0.0542266641669791,-0.19203303575367,0.012299309326419));
#2791=CARTESIAN_POINT('',(0.0542467993973455,-0.192006092445599,0.0123177092920524));
#2792=CARTESIAN_POINT('',(0.0542669346277119,-0.191979149137528,0.0123361092576857));
#2793=CARTESIAN_POINT('',(0.045140008421233,-0.205880127061885,0.005274621856599));
#2794=CARTESIAN_POINT('',(0.046404051029905,-0.204486992040642,0.00618846800675488));
#2795=CARTESIAN_POINT('',(0.049362896827921,-0.201381761706945,0.00850884170306948));
#2796=CARTESIAN_POINT('',(0.052374704150088,-0.198417021329744,0.0109261611285843));
#2797=CARTESIAN_POINT('',(0.054101960231839,-0.196736849601346,0.0123142475679399));
#2798=CARTESIAN_POINT('',(0.0541022350157872,-0.196736582307905,0.0123144683944151));
#2799=CARTESIAN_POINT('',(0.0541025097997354,-0.196736315014465,0.0123146892208903));
#2800=CARTESIAN_POINT('',(0.0541027845836837,-0.196736047721023,0.0123149100473655));
#2801=CARTESIAN_POINT('',(0.0541231020937589,-0.196716284058656,0.0123312379448418));
#2802=CARTESIAN_POINT('',(0.0541434196038342,-0.196696520396289,0.0123475658423181));
#2803=CARTESIAN_POINT('',(0.0541637371139094,-0.196676756733922,0.0123638937397945));
#2804=CARTESIAN_POINT('',(0.044747069291722,-0.208668522323622,0.00586151033015387));
#2805=CARTESIAN_POINT('',(0.046055276986659,-0.208028465303863,0.00679919250106607));
#2806=CARTESIAN_POINT('',(0.049131643998114,-0.206657655413715,0.00896283028082298));
#2807=CARTESIAN_POINT('',(0.052209761955554,-0.205336949811026,0.0111126107665951));
#2808=CARTESIAN_POINT('',(0.053968286374182,-0.204587796285961,0.012340102008568));
#2809=CARTESIAN_POINT('',(0.0539685661325154,-0.204587677105391,0.0123402972864387));
#2810=CARTESIAN_POINT('',(0.0539688458908488,-0.204587557924822,0.0123404925643095));
#2811=CARTESIAN_POINT('',(0.0539691256491822,-0.204587438744253,0.0123406878421802));
#2812=CARTESIAN_POINT('',(0.0539898109650258,-0.204578626539476,0.0123551266772441));
#2813=CARTESIAN_POINT('',(0.0540104962808693,-0.2045698143347,0.0123695655123079));
#2814=CARTESIAN_POINT('',(0.0540311815967128,-0.204561002129923,0.0123840043473718));
#2815=CARTESIAN_POINT('',(0.044738521461293,-0.211153403741781,0.00566349725976387));
#2816=CARTESIAN_POINT('',(0.046072096728928,-0.211294245971565,0.00661791067397751));
#2817=CARTESIAN_POINT('',(0.049158873217987,-0.211483788630207,0.0088413383429134));
#2818=CARTESIAN_POINT('',(0.052236390413882,-0.211606295362193,0.0110625668173576));
#2819=CARTESIAN_POINT('',(0.05399532080133,-0.211670423142024,0.0123312001298495));
#2820=CARTESIAN_POINT('',(0.0539956006242478,-0.211670433343918,0.0123314019528879));
#2821=CARTESIAN_POINT('',(0.0539958804471655,-0.211670443545813,0.0123316037759262));
#2822=CARTESIAN_POINT('',(0.0539961602700833,-0.211670453747708,0.0123318055989646));
#2823=CARTESIAN_POINT('',(0.0540168503612907,-0.211671208075238,0.0123467283833636));
#2824=CARTESIAN_POINT('',(0.0540375404524982,-0.211671962402769,0.0123616511677626));
#2825=CARTESIAN_POINT('',(0.0540582305437057,-0.211672716730299,0.0123765739521617));
#2826=CARTESIAN_POINT('',(0.04495377982743,-0.213286784396615,0.00508978636277128));
#2827=CARTESIAN_POINT('',(0.046262124915429,-0.214059667513809,0.00605198399115878));
#2828=CARTESIAN_POINT('',(0.049295137227179,-0.215668653196307,0.00844861626592028));
#2829=CARTESIAN_POINT('',(0.05234547799611,-0.21712623149497,0.0109006810866936));
#2830=CARTESIAN_POINT('',(0.054089418966669,-0.217944879520193,0.0123051396527119));
#2831=CARTESIAN_POINT('',(0.0540896964049658,-0.217945009756432,0.0123053630837792));
#2832=CARTESIAN_POINT('',(0.0540899738432625,-0.217945139992672,0.0123055865148465));
#2833=CARTESIAN_POINT('',(0.0540902512815592,-0.217945270228911,0.0123058099459139));
#2834=CARTESIAN_POINT('',(0.054110765054019,-0.217954899889315,0.0123223304267903));
#2835=CARTESIAN_POINT('',(0.0541312788264788,-0.217964529549719,0.0123388509076667));
#2836=CARTESIAN_POINT('',(0.0541517925989386,-0.217974159210122,0.0123553713885431));
#2837=CARTESIAN_POINT('',(0.045082983951673,-0.21430425018319,0.00462894361664898));
#2838=CARTESIAN_POINT('',(0.046398828747617,-0.215380215710147,0.00562921865932978));
#2839=CARTESIAN_POINT('',(0.049400579659289,-0.217708304550522,0.00814777575663808));
#2840=CARTESIAN_POINT('',(0.052421473970182,-0.219858174973242,0.0107766012660784));
#2841=CARTESIAN_POINT('',(0.054155781115584,-0.221070777387646,0.0122850847481914));
#2842=CARTESIAN_POINT('',(0.0541560570212646,-0.221070970296898,0.0122853247282681));
#2843=CARTESIAN_POINT('',(0.0541563329269453,-0.221071163206151,0.0122855647083449));
#2844=CARTESIAN_POINT('',(0.0541566088326259,-0.221071356115402,0.0122858046884216));
#2845=CARTESIAN_POINT('',(0.0541770092835344,-0.221085619814933,0.012303548802147));
#2846=CARTESIAN_POINT('',(0.054197409734443,-0.221099883514464,0.0123212929158724));
#2847=CARTESIAN_POINT('',(0.0542178101853516,-0.221114147213994,0.0123390370295978));
#2848=CARTESIAN_POINT('',(0.045162143886708,-0.21499589008877,0.00417120569215598));
#2849=CARTESIAN_POINT('',(0.046476884839947,-0.21629329961478,0.00521822270446307));
#2850=CARTESIAN_POINT('',(0.049469182727171,-0.219177703936028,0.00786765483541728));
#2851=CARTESIAN_POINT('',(0.052479808333107,-0.221879530426449,0.0106599037158234));
#2852=CARTESIAN_POINT('',(0.054206854456013,-0.223404196026922,0.0122646268919655));
#2853=CARTESIAN_POINT('',(0.0542071292065595,-0.223404438581363,0.0122648821825242));
#2854=CARTESIAN_POINT('',(0.054207403957106,-0.223404681135804,0.0122651374730829));
#2855=CARTESIAN_POINT('',(0.0542076787076525,-0.223404923690245,0.0122653927636416));
#2856=CARTESIAN_POINT('',(0.0542279937480065,-0.223422858152325,0.0122842689335652));
#2857=CARTESIAN_POINT('',(0.0542483087883605,-0.223440792614405,0.0123031451034888));
#2858=CARTESIAN_POINT('',(0.0542686238287145,-0.223458727076486,0.0123220212734123));
#2859=CARTESIAN_POINT('',(0.0451621826404402,-0.214996228689701,0.00417098160085365));
#2860=CARTESIAN_POINT('',(0.0464769230532793,-0.216293746626379,0.00521802149627417));
#2861=CARTESIAN_POINT('',(0.0494692163126574,-0.2191784232988,0.00786751769873123));
#2862=CARTESIAN_POINT('',(0.052479836891421,-0.221880520006188,0.0106598465850841));
#2863=CARTESIAN_POINT('',(0.054206879459603,-0.223405338381081,0.0122646168765672));
#2864=CARTESIAN_POINT('',(0.054207154209584,-0.223405580959826,0.0122648721746213));
#2865=CARTESIAN_POINT('',(0.054207428959565,-0.223405823538572,0.0122651274726755));
#2866=CARTESIAN_POINT('',(0.054207703709546,-0.223406066117317,0.0122653827707296));
#2867=CARTESIAN_POINT('',(0.0542280187080865,-0.223424002376459,0.0122842594948655));
#2868=CARTESIAN_POINT('',(0.054248333706627,-0.2234419386356,0.0123031362190013));
#2869=CARTESIAN_POINT('',(0.0542686487051675,-0.223459874894742,0.0123220129431372));
#2870=CARTESIAN_POINT('',(0.0451622213941724,-0.214996567290631,0.00417075750955132));
#2871=CARTESIAN_POINT('',(0.0464769612666115,-0.216294193637977,0.00521782028808527));
#2872=CARTESIAN_POINT('',(0.0494692498981438,-0.219179142661571,0.00786738056204517));
#2873=CARTESIAN_POINT('',(0.0524798654497349,-0.221881509585928,0.0106597894543449));
#2874=CARTESIAN_POINT('',(0.0542069044631929,-0.22340648073524,0.0122646068611688));
#2875=CARTESIAN_POINT('',(0.0542071792126084,-0.22340672333829,0.0122648621667184));
#2876=CARTESIAN_POINT('',(0.0542074539620239,-0.22340696594134,0.012265117472268));
#2877=CARTESIAN_POINT('',(0.0542077287114394,-0.22340720854439,0.0122653727778176));
#2878=CARTESIAN_POINT('',(0.0542280436681669,-0.223425146600598,0.0122842500561651));
#2879=CARTESIAN_POINT('',(0.0542483586248944,-0.223443084656807,0.0123031273345126));
#2880=CARTESIAN_POINT('',(0.0542686735816219,-0.223461022713016,0.0123220046128601));
#2881=CARTESIAN_POINT('',(0.0451622601479045,-0.214996905891561,0.00417053341824898));
#2882=CARTESIAN_POINT('',(0.0464769994799437,-0.216294640649576,0.00521761907989637));
#2883=CARTESIAN_POINT('',(0.0494692834836302,-0.219179862024342,0.00786724342535912));
#2884=CARTESIAN_POINT('',(0.0524798940080489,-0.221882499165667,0.0106597323236056));
#2885=CARTESIAN_POINT('',(0.0542069294667829,-0.223407623089399,0.0122645968457705));
#2886=CARTESIAN_POINT('',(0.0542072042156328,-0.223407865716753,0.0122648521588155));
#2887=CARTESIAN_POINT('',(0.0542074789644828,-0.223408108344107,0.0122651074718606));
#2888=CARTESIAN_POINT('',(0.0542077537133328,-0.223408350971462,0.0122653627849056));
#2889=CARTESIAN_POINT('',(0.0542280686282469,-0.223426290824744,0.0122842406174655));
#2890=CARTESIAN_POINT('',(0.0542483835431609,-0.223444230678027,0.0123031184500254));
#2891=CARTESIAN_POINT('',(0.0542686984580749,-0.223462170531309,0.0123219962825854));
#2892=CARTESIAN_POINT('',(0.0453111958501321,-0.203936186659209,0.00408869607765467));
#2893=CARTESIAN_POINT('',(0.0467392051195299,-0.201925944869447,0.00542420549069686));
#2894=CARTESIAN_POINT('',(0.0496492312623369,-0.197921063877467,0.0080600304889587));
#2895=CARTESIAN_POINT('',(0.0525445327684718,-0.1939274920039,0.0107288891066686));
#2896=CARTESIAN_POINT('',(0.0539896659163118,-0.191931097989381,0.0120666242384366));
#2897=CARTESIAN_POINT('',(0.05398959369124,-0.191930996034926,0.0120665501083514));
#2898=CARTESIAN_POINT('',(0.053989592402656,-0.222410473258858,0.0120907675475561));
#2899=CARTESIAN_POINT('',(0.0539895924026559,-0.21733191024739,0.0122628221683047));
#2900=CARTESIAN_POINT('',(0.0539895924026555,-0.207170560432335,0.0124092973640257));
#2901=CARTESIAN_POINT('',(0.0539895924026553,-0.197009158576823,0.0122496228442173));
#2902=CARTESIAN_POINT('',(0.0539895924026552,-0.191930996080184,0.0120665488529785));
#2903=CARTESIAN_POINT('',(0.0453038344618244,-0.204135534088717,-0.00555591862327901));
#2904=CARTESIAN_POINT('',(0.0467839733622665,-0.202163347446202,-0.00702711183387918));
#2905=CARTESIAN_POINT('',(0.0496939514440222,-0.198085492294225,-0.00980997024907394));
#2906=CARTESIAN_POINT('',(0.0526141842820039,-0.193947885526249,-0.0124835176978671));
#2907=CARTESIAN_POINT('',(0.0540751344035587,-0.191872457628529,-0.0138085455255686));
#2908=CARTESIAN_POINT('',(0.0540937089956664,-0.191846070535581,-0.0138253919949093));
#2909=CARTESIAN_POINT('',(0.0541122835877742,-0.191819683442633,-0.0138422384642499));
#2910=CARTESIAN_POINT('',(0.054130858179882,-0.191793296349686,-0.0138590849335906));
#2911=CARTESIAN_POINT('',(0.0453029249752686,-0.204125142762027,-0.00553895673492905));
#2912=CARTESIAN_POINT('',(0.046782970844103,-0.202154168082155,-0.00700425105760568));
#2913=CARTESIAN_POINT('',(0.0496931342067298,-0.198079242232741,-0.00977493998139822));
#2914=CARTESIAN_POINT('',(0.0526135432791588,-0.193945001992595,-0.0124366111272317));
#2915=CARTESIAN_POINT('',(0.0540745659542019,-0.19187130353256,-0.01375573984818));
#2916=CARTESIAN_POINT('',(0.0540931414687584,-0.191844938427769,-0.0137725113159856));
#2917=CARTESIAN_POINT('',(0.0541117169833148,-0.191818573322977,-0.0137892827837913));
#2918=CARTESIAN_POINT('',(0.0541302924978712,-0.191792208218186,-0.0138060542515969));
#2919=CARTESIAN_POINT('',(0.0453020154887128,-0.204114751435337,-0.00552199484657909));
#2920=CARTESIAN_POINT('',(0.0467819683259395,-0.202144988718109,-0.00698139028133218));
#2921=CARTESIAN_POINT('',(0.0496923169694374,-0.198072992171258,-0.00973990971372249));
#2922=CARTESIAN_POINT('',(0.0526129022763137,-0.193942118458941,-0.0123897045565963));
#2923=CARTESIAN_POINT('',(0.0540739975048452,-0.191870149436591,-0.0137029341707914));
#2924=CARTESIAN_POINT('',(0.0540925739418503,-0.191843806319956,-0.013719630637062));
#2925=CARTESIAN_POINT('',(0.0541111503788553,-0.191817463203321,-0.0137363271033326));
#2926=CARTESIAN_POINT('',(0.0541297268158604,-0.191791120086686,-0.0137530235696032));
#2927=CARTESIAN_POINT('',(0.0453011060021571,-0.204104360108647,-0.00550503295822913));
#2928=CARTESIAN_POINT('',(0.046780965807776,-0.202135809354062,-0.00695852950505868));
#2929=CARTESIAN_POINT('',(0.0496914997321451,-0.198066742109775,-0.00970487944604676));
#2930=CARTESIAN_POINT('',(0.0526122612734686,-0.193939234925288,-0.0123427979859608));
#2931=CARTESIAN_POINT('',(0.0540734290554885,-0.191868995340622,-0.0136501284934028));
#2932=CARTESIAN_POINT('',(0.0540920064149422,-0.191842674212143,-0.0136667499581384));
#2933=CARTESIAN_POINT('',(0.0541105837743959,-0.191816353083665,-0.0136833714228739));
#2934=CARTESIAN_POINT('',(0.0541291611338496,-0.191790031955186,-0.0136999928876094));
#2935=CARTESIAN_POINT('',(0.0452253408312501,-0.20323870614422,-0.00409201551274215));
#2936=CARTESIAN_POINT('',(0.0466974505985477,-0.201371118461821,-0.00505410264966663));
#2937=CARTESIAN_POINT('',(0.0496234194260271,-0.197546078034582,-0.00678666784574476));
#2938=CARTESIAN_POINT('',(0.0525588622542059,-0.19369902090705,-0.00843522583076658));
#2939=CARTESIAN_POINT('',(0.0540260741359558,-0.191772852876768,-0.0092511286986059));
#2940=CARTESIAN_POINT('',(0.0540447283403925,-0.191748363481157,-0.00926150212802426));
#2941=CARTESIAN_POINT('',(0.0540633825448291,-0.191723874085547,-0.00927187555744262));
#2942=CARTESIAN_POINT('',(0.0540820367492658,-0.191699384689937,-0.00928224898686097));
#2943=CARTESIAN_POINT('',(0.0450692583716079,-0.202359950593841,-0.000746583332586879));
#2944=CARTESIAN_POINT('',(0.0465472947905073,-0.200537087756004,-0.000685384841297647));
#2945=CARTESIAN_POINT('',(0.0495166652284544,-0.196977140485083,-0.000552855931541778));
#2946=CARTESIAN_POINT('',(0.0524754122131714,-0.193440589543957,-0.000417507988145258));
#2947=CARTESIAN_POINT('',(0.0539544220177343,-0.191675357254102,-0.000349135369205701));
#2948=CARTESIAN_POINT('',(0.0539732262215452,-0.191652914003456,-0.000348266076346618));
#2949=CARTESIAN_POINT('',(0.053992030425356,-0.19163047075281,-0.000347396783487535));
#2950=CARTESIAN_POINT('',(0.0540108346291668,-0.191608027502163,-0.000346527490628453));
#2951=CARTESIAN_POINT('',(0.045244516209739,-0.203113015643762,0.00263722758784804));
#2952=CARTESIAN_POINT('',(0.0467083456748837,-0.201262623661178,0.0037187560799277));
#2953=CARTESIAN_POINT('',(0.0496269887285176,-0.19747772671671,0.00570347916830883));
#2954=CARTESIAN_POINT('',(0.0525570307138386,-0.19366799852164,0.00761191667452335));
#2955=CARTESIAN_POINT('',(0.0540236250239635,-0.191760336607319,0.00855888759378436));
#2956=CARTESIAN_POINT('',(0.0540422713765639,-0.191736082499383,0.00857092742889145));
#2957=CARTESIAN_POINT('',(0.0540609177291644,-0.191711828391446,0.00858296726399854));
#2958=CARTESIAN_POINT('',(0.0540795640817648,-0.19168757428351,0.00859500709910564));
#2959=CARTESIAN_POINT('',(0.045311195850115,-0.203936186659237,0.0040886960776438));
#2960=CARTESIAN_POINT('',(0.0467830023164975,-0.20198898631872,0.00565405210812205));
#2961=CARTESIAN_POINT('',(0.0496894082688243,-0.197971641434748,0.0086418837450506));
#2962=CARTESIAN_POINT('',(0.0526075705323631,-0.193895519555265,0.0115301435483649));
#2963=CARTESIAN_POINT('',(0.0540678621911197,-0.191850976582936,0.0129633834739374));
#2964=CARTESIAN_POINT('',(0.0540864284114989,-0.191824982162458,0.0129816057572429));
#2965=CARTESIAN_POINT('',(0.0541049946318781,-0.191798987741979,0.0129998280405483));
#2966=CARTESIAN_POINT('',(0.0541235608522573,-0.191772993321501,0.0130180503238538));
#2967=CARTESIAN_POINT('',(0.0539895924026552,-0.191931199091971,0.0120665430810604));
#2968=CARTESIAN_POINT('',(0.0539895924026551,-0.191644897300321,0.00379371140452724));
#2969=CARTESIAN_POINT('',(0.0539895924026551,-0.191648435985531,-0.00448821323589235));
#2970=CARTESIAN_POINT('',(0.053989592402655,-0.191956416434306,-0.0127602814933135));
#2971=CARTESIAN_POINT('',(0.042987611220499,-0.215443242094457,0.0043944052557341));
#2972=CARTESIAN_POINT('',(0.046654938281217,-0.218635224147819,0.00786088238974919));
#2973=CARTESIAN_POINT('',(0.050322265341935,-0.221827206201181,0.0113273595237642));
#2974=CARTESIAN_POINT('',(0.053989592402653,-0.225019188254543,0.0147938366577793));
#2975=CARTESIAN_POINT('',(0.042987611220499,-0.216125268243486,0.00363299725125028));
#2976=CARTESIAN_POINT('',(0.046654938281218,-0.219089605236449,0.00639545777556069));
#2977=CARTESIAN_POINT('',(0.050322265341936,-0.222054851261579,0.00915821969017848));
#2978=CARTESIAN_POINT('',(0.053989592402654,-0.225019188254543,0.0119206802144889));
#2979=CARTESIAN_POINT('',(0.0429876112205,-0.21717282328928,0.00183072077371339));
#2980=CARTESIAN_POINT('',(0.046654938281218,-0.2197876063262,0.00327883218031637));
#2981=CARTESIAN_POINT('',(0.050322265341936,-0.222404405217622,0.0047262559213053));
#2982=CARTESIAN_POINT('',(0.053989592402654,-0.225019188254542,0.00617436732790829));
#2983=CARTESIAN_POINT('',(0.0429876112205,-0.217618274751589,-0.0017964676074266));
#2984=CARTESIAN_POINT('',(0.046654938281219,-0.220085117928745,-0.00249157114141642));
#2985=CARTESIAN_POINT('',(0.050322265341937,-0.222552345077387,-0.00318657668961819));
#2986=CARTESIAN_POINT('',(0.053989592402656,-0.225019188254542,-0.00388168022360791));
#2987=CARTESIAN_POINT('',(0.0429876112205,-0.2166142251746,-0.00427415688381551));
#2988=CARTESIAN_POINT('',(0.046654938281219,-0.21941403327786,-0.0065367199113226));
#2989=CARTESIAN_POINT('',(0.050322265341938,-0.222219380151283,-0.0088020083043266));
#2990=CARTESIAN_POINT('',(0.053989592402657,-0.225019188254542,-0.0110645713318338));
#2991=CARTESIAN_POINT('',(0.0429876112205,-0.215636858772598,-0.00545558991410271));
#2992=CARTESIAN_POINT('',(0.046654938281219,-0.218764301933246,-0.0087618286083249));
#2993=CARTESIAN_POINT('',(0.050322265341938,-0.221891745093894,-0.0120680673025471));
#2994=CARTESIAN_POINT('',(0.053989592402657,-0.225019188254542,-0.0153743059967693));
#2995=CARTESIAN_POINT('',(0.0539895924026558,-0.225019188254543,-0.000213734669496337));
#2996=CARTESIAN_POINT('',(0.053989592402655,-0.188519188254542,0.00383783665777941));
#2997=CARTESIAN_POINT('',(0.0539895924026551,-0.209819483789025,-0.000643038791498824));
#2998=CARTESIAN_POINT('',(0.053989592402656,-0.209819483789025,-0.00826803879149882));
#2999=CARTESIAN_POINT('',(0.053989592402655,-0.209819483789025,-0.000643038791498824));
#3000=CARTESIAN_POINT('',(0.0705242282602151,-0.209819483789025,-0.000643038791496878));
#3001=CARTESIAN_POINT('',(0.070524228260216,-0.209819483789025,-0.00826803879149688));
#3002=CARTESIAN_POINT('',(0.070524228260215,-0.206769188254542,-0.000290234669494325));
#3003=CARTESIAN_POINT('',(0.0705242282602142,-0.221357272330344,0.0108722452165858));
#3004=CARTESIAN_POINT('',(0.0705242282602151,-0.221761252962821,0.00336765002283398));
#3005=CARTESIAN_POINT('',(0.0705242282602159,-0.221748744264896,-0.00415671042450223));
#3006=CARTESIAN_POINT('',(0.0705242282602168,-0.221318513641652,-0.0116597638122572));
#3007=CARTESIAN_POINT('',(0.0705242282603519,-0.221357272330246,0.0108722452166613));
#3008=CARTESIAN_POINT('',(0.0705242282599122,-0.221318513641871,-0.0116597638121018));
#3009=CARTESIAN_POINT('',(0.0705242282602168,-0.221318513642129,-0.0116597638118716));
#3010=CARTESIAN_POINT('',(0.0705242282602166,-0.212098871616424,-0.0122683124970048));
#3011=CARTESIAN_POINT('',(0.0705242282602164,-0.202848606089984,-0.0122634371966253));
#3012=CARTESIAN_POINT('',(0.070524228260216,-0.193631337335528,-0.0116179855564201));
#3013=CARTESIAN_POINT('',(0.0705242282603473,-0.193631337335546,-0.0116179855561511));
#3014=CARTESIAN_POINT('',(0.0705242282602159,-0.193631618530616,-0.0116179680115042));
#3015=CARTESIAN_POINT('',(0.070524228260215,-0.193163310558925,-0.0041122089368089));
#3016=CARTESIAN_POINT('',(0.0705242282602142,-0.193170744569989,0.00341964788937909));
#3017=CARTESIAN_POINT('',(0.0705242282602133,-0.19367531701149,0.0109231553935845));
#3018=CARTESIAN_POINT('',(0.0705242282602119,-0.193675828337732,0.0109231210095141));
#3019=CARTESIAN_POINT('',(0.0705242282602132,-0.193675828337732,0.0109231210095134));
#3020=CARTESIAN_POINT('',(0.0705242282602134,-0.202892842788157,0.0115506761885101));
#3021=CARTESIAN_POINT('',(0.0705242282602138,-0.212142151622893,0.0115256988835724));
#3022=CARTESIAN_POINT('',(0.0705242282602142,-0.221357272330141,0.0108722452169488));
#3023=CARTESIAN_POINT('',(0.0702784587139566,-0.221475970799978,0.0118156577565535));
#3024=CARTESIAN_POINT('',(0.0702992545226201,-0.221462355402698,0.0117997801751271));
#3025=CARTESIAN_POINT('',(0.0703200503312836,-0.221448740005419,0.0117839025937006));
#3026=CARTESIAN_POINT('',(0.0703408461399471,-0.22143512460814,0.0117680250122741));
#3027=CARTESIAN_POINT('',(0.070340911767193,-0.221435081640779,0.0117679749059303));
#3028=CARTESIAN_POINT('',(0.0703409773944388,-0.221435038673417,0.0117679247995864));
#3029=CARTESIAN_POINT('',(0.0703410430216847,-0.221434995706056,0.0117678746932425));
#3030=CARTESIAN_POINT('',(0.072128781526997,-0.220264530524134,0.0104029379336706));
#3031=CARTESIAN_POINT('',(0.075246431051995,-0.218229728231248,0.00798648676027481));
#3032=CARTESIAN_POINT('',(0.0783388989674347,-0.216288465214638,0.00544912323848765));
#3033=CARTESIAN_POINT('',(0.079669323611766,-0.215506917151472,0.0043224019497294));
#3034=CARTESIAN_POINT('',(0.0703704824291604,-0.221592881530681,0.00836694048852245));
#3035=CARTESIAN_POINT('',(0.0703914311030221,-0.221580445814905,0.00835563455639751));
#3036=CARTESIAN_POINT('',(0.0704123797768839,-0.221568010099129,0.00834432862427257));
#3037=CARTESIAN_POINT('',(0.0704333284507457,-0.221555574383352,0.00833302269214763));
#3038=CARTESIAN_POINT('',(0.0704333945604023,-0.221555535138821,0.00833298701297789));
#3039=CARTESIAN_POINT('',(0.0704334606700589,-0.221555495894288,0.00833295133380816));
#3040=CARTESIAN_POINT('',(0.0704335267797155,-0.221555456649757,0.00833291565463843));
#3041=CARTESIAN_POINT('',(0.0722344065390085,-0.220486404307502,0.00736098662201997));
#3042=CARTESIAN_POINT('',(0.0753796058914409,-0.218623219309175,0.00564050512122718));
#3043=CARTESIAN_POINT('',(0.0784996263991214,-0.216803697074505,0.00381361660405704));
#3044=CARTESIAN_POINT('',(0.0798302792618519,-0.216059360241521,0.00297964449207681));
#3045=CARTESIAN_POINT('',(0.07048769877733,-0.221713590726303,0.00254244310071416));
#3046=CARTESIAN_POINT('',(0.0705088839255647,-0.221702345913479,0.00253821837230487));
#3047=CARTESIAN_POINT('',(0.0705300690737994,-0.221691101100656,0.00253399364389557));
#3048=CARTESIAN_POINT('',(0.0705512542220341,-0.221679856287833,0.00252976891548628));
#3049=CARTESIAN_POINT('',(0.0705513210779547,-0.221679820801542,0.00252975558312232));
#3050=CARTESIAN_POINT('',(0.0705513879338752,-0.221679785315252,0.00252974225075836));
#3051=CARTESIAN_POINT('',(0.0705514547897957,-0.221679749828963,0.0025297289183944));
#3052=CARTESIAN_POINT('',(0.0723726633728464,-0.220713074994342,0.00216654469344527));
#3053=CARTESIAN_POINT('',(0.0755619325397193,-0.219020118664229,0.00152369650928699));
#3054=CARTESIAN_POINT('',(0.0787573856838802,-0.217313850764356,0.000845239457428897));
#3055=CARTESIAN_POINT('',(0.0801277604711383,-0.216570376309397,0.000531176926456775));
#3056=CARTESIAN_POINT('',(0.070438070858274,-0.221657453518524,-0.00563402976430671));
#3057=CARTESIAN_POINT('',(0.0704591783029155,-0.221645659926599,-0.00562849721528304));
#3058=CARTESIAN_POINT('',(0.070480285747557,-0.221633866334675,-0.00562296466625937));
#3059=CARTESIAN_POINT('',(0.0705013931921985,-0.22162207274275,-0.0056174321172357));
#3060=CARTESIAN_POINT('',(0.0705014598029027,-0.221622035524628,-0.00561741465766196));
#3061=CARTESIAN_POINT('',(0.0705015264136069,-0.221621998306505,-0.00561739719808821));
#3062=CARTESIAN_POINT('',(0.070501593024311,-0.221621961088383,-0.00561737973851446));
#3063=CARTESIAN_POINT('',(0.0723161217186019,-0.220608109752555,-0.00514176702815684));
#3064=CARTESIAN_POINT('',(0.0754904938594605,-0.218835278207987,-0.00429434169825531));
#3065=CARTESIAN_POINT('',(0.0786615592338013,-0.217071256113482,-0.00337135016171712));
#3066=CARTESIAN_POINT('',(0.080020256434704,-0.216324445714756,-0.00293113104338733));
#3067=CARTESIAN_POINT('',(0.0703289216347099,-0.221530139020833,-0.0102669959830601));
#3068=CARTESIAN_POINT('',(0.0703498372285783,-0.221517074352252,-0.0102556063618837));
#3069=CARTESIAN_POINT('',(0.0703707528224467,-0.221504009683671,-0.0102442167407074));
#3070=CARTESIAN_POINT('',(0.0703916684163152,-0.221490945015091,-0.010232827119531));
#3071=CARTESIAN_POINT('',(0.0703917344215782,-0.221490903785714,-0.010232791176256));
#3072=CARTESIAN_POINT('',(0.0703918004268412,-0.221490862556338,-0.010232755232981));
#3073=CARTESIAN_POINT('',(0.0703918664321042,-0.221490821326962,-0.0102327192897061));
#3074=CARTESIAN_POINT('',(0.0721899024268494,-0.220367700248017,-0.0092535958198603));
#3075=CARTESIAN_POINT('',(0.0753307183340309,-0.21841145342353,-0.00751566209905482));
#3076=CARTESIAN_POINT('',(0.0784501218397136,-0.216518725103444,-0.00565595534684479));
#3077=CARTESIAN_POINT('',(0.0797874297603649,-0.215752206611655,-0.00481020279497808));
#3078=CARTESIAN_POINT('',(0.0702666010055238,-0.221447607677999,-0.0125619664761164));
#3079=CARTESIAN_POINT('',(0.0702874209732091,-0.221433713596089,-0.0125475004393746));
#3080=CARTESIAN_POINT('',(0.0703082409408945,-0.221419819514179,-0.0125330344026327));
#3081=CARTESIAN_POINT('',(0.0703290609085799,-0.221405925432269,-0.0125185683658908));
#3082=CARTESIAN_POINT('',(0.0703291266120665,-0.221405881585437,-0.0125185227140883));
#3083=CARTESIAN_POINT('',(0.0703291923155533,-0.221405837738605,-0.0125184770622859));
#3084=CARTESIAN_POINT('',(0.07032925801904,-0.221405793891773,-0.0125184314104834));
#3085=CARTESIAN_POINT('',(0.0721190733863292,-0.22021137122492,-0.0112748399098447));
#3086=CARTESIAN_POINT('',(0.0752411285608431,-0.218134381108435,-0.00906900569121436));
#3087=CARTESIAN_POINT('',(0.0783427920299732,-0.216154260909698,-0.00673160397258798));
#3088=CARTESIAN_POINT('',(0.0796806900291557,-0.215359605379552,-0.00568723888487794));
#3089=CARTESIAN_POINT('',(0.0705242282604896,-0.221357272330148,0.0108722452167369));
#3090=CARTESIAN_POINT('',(0.0735648116063382,-0.219409552577125,0.00867594930131492));
#3091=CARTESIAN_POINT('',(0.0766401286938189,-0.217495430504114,0.0064980060057608));
#3092=CARTESIAN_POINT('',(0.0796693236117564,-0.215506917151493,0.00432240194972161));
#3093=CARTESIAN_POINT('',(0.0796693236117562,-0.215506917151488,0.00432240194973006));
#3094=CARTESIAN_POINT('',(0.0796210627966598,-0.21539506045029,-0.00573376024347451));
#3095=CARTESIAN_POINT('',(0.0793925115795967,-0.216020081775233,-0.00504921005846966));
#3096=CARTESIAN_POINT('',(0.0789251065877258,-0.216734186296968,-0.00390104136191978));
#3097=CARTESIAN_POINT('',(0.0784384033319697,-0.217263593434481,-0.00214258966999201));
#3098=CARTESIAN_POINT('',(0.0783025953687903,-0.217414248994644,-0.00072073309376864));
#3099=CARTESIAN_POINT('',(0.0784612103884007,-0.217293834464789,0.000693392081084955));
#3100=CARTESIAN_POINT('',(0.0789644367940544,-0.21680659800605,0.00245638603488979));
#3101=CARTESIAN_POINT('',(0.0794436980186924,-0.21611617281842,0.00362455835704363));
#3102=CARTESIAN_POINT('',(0.079669323611766,-0.215506917151468,0.00432240194972576));
#3103=CARTESIAN_POINT('',(0.0796210627966498,-0.215395060450299,-0.00573376024346654));
#3104=CARTESIAN_POINT('',(0.0705242282596075,-0.221318513642071,-0.0116597638123019));
#3105=CARTESIAN_POINT('',(0.0735487370846499,-0.219343542523818,-0.00967301121466174));
#3106=CARTESIAN_POINT('',(0.0766091445107511,-0.217397958759059,-0.00771190993086818));
#3107=CARTESIAN_POINT('',(0.0796210627966178,-0.215395060450309,-0.00573376024350075));
#3108=CARTESIAN_POINT('',(0.0702697039104414,-0.22221846999984,-0.0117820475529965));
#3109=CARTESIAN_POINT('',(0.072164578516896,-0.220910104477165,-0.0105058167418257));
#3110=CARTESIAN_POINT('',(0.0754690575283717,-0.218582004146329,-0.008287746134997));
#3111=CARTESIAN_POINT('',(0.0787566262605375,-0.21607373209878,-0.00621467066167083));
#3112=CARTESIAN_POINT('',(0.0801913928840677,-0.214949840811859,-0.0054082647648098));
#3113=CARTESIAN_POINT('',(0.0802114711547997,-0.214934112962352,-0.00539697983829175));
#3114=CARTESIAN_POINT('',(0.0802315494255318,-0.214918385112845,-0.00538569491177369));
#3115=CARTESIAN_POINT('',(0.0802516276962638,-0.214902657263338,-0.00537440998525564));
#3116=CARTESIAN_POINT('',(0.0702697355677946,-0.222217413432309,-0.0117820913123903));
#3117=CARTESIAN_POINT('',(0.0721646141991324,-0.220909181840769,-0.010505900259607));
#3118=CARTESIAN_POINT('',(0.0754691034238227,-0.218581318786888,-0.00828789736115877));
#3119=CARTESIAN_POINT('',(0.0787566799829788,-0.216073287382745,-0.00621486890348214));
#3120=CARTESIAN_POINT('',(0.0801914434157143,-0.214949492754063,-0.00540848066025783));
#3121=CARTESIAN_POINT('',(0.080211521641794,-0.214933766257202,-0.00539719598078657));
#3122=CARTESIAN_POINT('',(0.0802315998678738,-0.21491803976034,-0.00538591130131531));
#3123=CARTESIAN_POINT('',(0.0802516780939535,-0.214902313263479,-0.00537462662184406));
#3124=CARTESIAN_POINT('',(0.0702697672251477,-0.222216356864779,-0.0117821350717841));
#3125=CARTESIAN_POINT('',(0.0721646498813688,-0.220908259204371,-0.0105059837773884));
#3126=CARTESIAN_POINT('',(0.0754691493192737,-0.218580633427447,-0.00828804858732054));
#3127=CARTESIAN_POINT('',(0.0787567337054202,-0.21607284266671,-0.00621506714529346));
#3128=CARTESIAN_POINT('',(0.0801914939473609,-0.214949144696267,-0.00540869655570587));
#3129=CARTESIAN_POINT('',(0.0802115721287883,-0.214933419552052,-0.00539741212328141));
#3130=CARTESIAN_POINT('',(0.0802316503102157,-0.214917694407835,-0.00538612769085694));
#3131=CARTESIAN_POINT('',(0.0802517284916431,-0.214901969263619,-0.00537484325843248));
#3132=CARTESIAN_POINT('',(0.0702697988825009,-0.222215300297249,-0.0117821788311778));
#3133=CARTESIAN_POINT('',(0.0721646855636052,-0.220907336567975,-0.0105060672951697));
#3134=CARTESIAN_POINT('',(0.0754691952147247,-0.218579948068006,-0.00828819981348231));
#3135=CARTESIAN_POINT('',(0.0787567874278615,-0.216072397950675,-0.00621526538710478));
#3136=CARTESIAN_POINT('',(0.0801915444790074,-0.214948796638472,-0.0054089124511539));
#3137=CARTESIAN_POINT('',(0.0802116226157825,-0.214933072846901,-0.00539762826577623));
#3138=CARTESIAN_POINT('',(0.0802317007525577,-0.21491734905533,-0.00538634408039857));
#3139=CARTESIAN_POINT('',(0.0802517788893328,-0.214901625263759,-0.0053750598950209));
#3140=CARTESIAN_POINT('',(0.0703540451413983,-0.219403572443031,-0.0118986309299254));
#3141=CARTESIAN_POINT('',(0.0722596428049943,-0.21845202502241,-0.0107283240514252));
#3142=CARTESIAN_POINT('',(0.0755913317693255,-0.216756075789196,-0.00869064149284412));
#3143=CARTESIAN_POINT('',(0.0788997530976694,-0.214888923703678,-0.00674282468326756));
#3144=CARTESIAN_POINT('',(0.0803260188349561,-0.214022548414789,-0.00598345144397347));
#3145=CARTESIAN_POINT('',(0.0803459781434174,-0.214010424270471,-0.00597282469727114));
#3146=CARTESIAN_POINT('',(0.0803659374518788,-0.213998300126153,-0.0059621979505688));
#3147=CARTESIAN_POINT('',(0.0803858967603401,-0.213986175981836,-0.00595157120386647));
#3148=CARTESIAN_POINT('',(0.0705093816447076,-0.213706953272935,-0.012080073085878));
#3149=CARTESIAN_POINT('',(0.0724382512743497,-0.213421068035082,-0.0110730638420702));
#3150=CARTESIAN_POINT('',(0.0758157161307679,-0.212902621431356,-0.00930977335503392));
#3151=CARTESIAN_POINT('',(0.0792018088812986,-0.212285789071457,-0.00754814856268314));
#3152=CARTESIAN_POINT('',(0.0806611346435718,-0.211949426722504,-0.00680068896901368));
#3153=CARTESIAN_POINT('',(0.0806815565974009,-0.211944719633424,-0.00679022894308554));
#3154=CARTESIAN_POINT('',(0.0807019785512299,-0.211940012544343,-0.00677976891715739));
#3155=CARTESIAN_POINT('',(0.080722400505059,-0.211935305455263,-0.00676930889122925));
#3156=CARTESIAN_POINT('',(0.0705448215579358,-0.205064788436279,-0.0121327619270603));
#3157=CARTESIAN_POINT('',(0.0724731854782116,-0.205714616916242,-0.0111710757855858));
#3158=CARTESIAN_POINT('',(0.0758511643166011,-0.206861374340664,-0.00948664750230025));
#3159=CARTESIAN_POINT('',(0.0792291751059555,-0.208054493053635,-0.00778912152192632));
#3160=CARTESIAN_POINT('',(0.0806722623102105,-0.20860506894027,-0.00704852641809218));
#3161=CARTESIAN_POINT('',(0.0806924570199994,-0.208612773755485,-0.00703816245453619));
#3162=CARTESIAN_POINT('',(0.0807126517297883,-0.208620478570699,-0.00702779849098021));
#3163=CARTESIAN_POINT('',(0.0807328464395771,-0.208628183385914,-0.00701743452742422));
#3164=CARTESIAN_POINT('',(0.0703867182818884,-0.197899121364068,-0.0119791023082764));
#3165=CARTESIAN_POINT('',(0.0722833491591737,-0.199351544603182,-0.0108804021553575));
#3166=CARTESIAN_POINT('',(0.0755932735005016,-0.201920702281338,-0.00896810645118304));
#3167=CARTESIAN_POINT('',(0.0788521857115855,-0.204627624616697,-0.00713885610013529));
#3168=CARTESIAN_POINT('',(0.0802388961666576,-0.205845768588591,-0.00642287579029251));
#3169=CARTESIAN_POINT('',(0.0802583019344579,-0.205862815419802,-0.00641285628867874));
#3170=CARTESIAN_POINT('',(0.0802777077022583,-0.205879862251013,-0.00640283678706498));
#3171=CARTESIAN_POINT('',(0.0802971134700586,-0.205896909082224,-0.00639281728545121));
#3172=CARTESIAN_POINT('',(0.0702576793354206,-0.193665504414271,-0.0118192373354543));
#3173=CARTESIAN_POINT('',(0.0721358429659578,-0.195641698305629,-0.0105745801311919));
#3174=CARTESIAN_POINT('',(0.0754030810085161,-0.199137851673936,-0.00841726701382406));
#3175=CARTESIAN_POINT('',(0.0786409462371533,-0.202771453736209,-0.00642293613471704));
#3176=CARTESIAN_POINT('',(0.0800505169417202,-0.204354625030015,-0.00563580016985788));
#3177=CARTESIAN_POINT('',(0.0800702426181878,-0.204376780090867,-0.00562478490873724));
#3178=CARTESIAN_POINT('',(0.0800899682946554,-0.204398935151718,-0.00561376964761659));
#3179=CARTESIAN_POINT('',(0.080109693971123,-0.20442109021257,-0.00560275438649595));
#3180=CARTESIAN_POINT('',(0.070214670016301,-0.19226382410306,-0.0117592729449286));
#3181=CARTESIAN_POINT('',(0.0720875539491884,-0.194420649478589,-0.0104597288273721));
#3182=CARTESIAN_POINT('',(0.0753457248975056,-0.198234269605716,-0.00821290516373805));
#3183=CARTESIAN_POINT('',(0.0785840665094775,-0.202181666021726,-0.00614414509475961));
#3184=CARTESIAN_POINT('',(0.079996475129215,-0.203895614490087,-0.0053238797973012));
#3185=CARTESIAN_POINT('',(0.0800162405197575,-0.203919599660081,-0.00531240092091505));
#3186=CARTESIAN_POINT('',(0.0800360059102999,-0.203943584830076,-0.00530092204452891));
#3187=CARTESIAN_POINT('',(0.0800557713008424,-0.203967570000071,-0.00528944316814276));
#3188=CARTESIAN_POINT('',(0.0702128617926779,-0.192204893817655,-0.0117567518860112));
#3189=CARTESIAN_POINT('',(0.072085523753346,-0.194369313410517,-0.0104549001798844));
#3190=CARTESIAN_POINT('',(0.075343313497442,-0.198196280665769,-0.00820431326010985));
#3191=CARTESIAN_POINT('',(0.0785816751378082,-0.202156869812444,-0.00613242399443335));
#3192=CARTESIAN_POINT('',(0.0799942030708795,-0.203876316493314,-0.0053107658536784));
#3193=CARTESIAN_POINT('',(0.080013970131105,-0.203900378605856,-0.00529926748570084));
#3194=CARTESIAN_POINT('',(0.0800337371913305,-0.203924440718399,-0.00528776911772329));
#3195=CARTESIAN_POINT('',(0.0800535042515559,-0.203948502830942,-0.00527627074974573));
#3196=CARTESIAN_POINT('',(0.0702110535690548,-0.19214596353225,-0.0117542308270939));
#3197=CARTESIAN_POINT('',(0.0720834935575037,-0.194317977342445,-0.0104500715323967));
#3198=CARTESIAN_POINT('',(0.0753409020973785,-0.198158291725823,-0.00819572135648165));
#3199=CARTESIAN_POINT('',(0.0785792837661389,-0.202132073603162,-0.00612070289410708));
#3200=CARTESIAN_POINT('',(0.0799919310125441,-0.203857018496541,-0.0052976519100556));
#3201=CARTESIAN_POINT('',(0.0800116997424525,-0.203881157551632,-0.00528613405048663));
#3202=CARTESIAN_POINT('',(0.080031468472361,-0.203905296606722,-0.00527461619091767));
#3203=CARTESIAN_POINT('',(0.0800512372022694,-0.203929435661812,-0.0052630983313487));
#3204=CARTESIAN_POINT('',(0.0702092453454316,-0.192087033246845,-0.0117517097681766));
#3205=CARTESIAN_POINT('',(0.0720814633616613,-0.194266641274374,-0.010445242884909));
#3206=CARTESIAN_POINT('',(0.0753384906973149,-0.198120302785876,-0.00818712945285345));
#3207=CARTESIAN_POINT('',(0.0785768923944696,-0.202107277393881,-0.00610898179378081));
#3208=CARTESIAN_POINT('',(0.0799896589542086,-0.203837720499769,-0.0052845379664328));
#3209=CARTESIAN_POINT('',(0.0800094293538,-0.203861936497407,-0.00527300061527242));
#3210=CARTESIAN_POINT('',(0.0800291997533915,-0.203886152495045,-0.00526146326411205));
#3211=CARTESIAN_POINT('',(0.0800489701529829,-0.203910368492683,-0.00524992591295167));
#3212=CARTESIAN_POINT('',(0.0799964751290933,-0.203895614490264,-0.00532387979769624));
#3213=CARTESIAN_POINT('',(0.0799125253443813,-0.204245895936862,-0.00576718079956604));
#3214=CARTESIAN_POINT('',(0.0796855594784233,-0.205019358535703,-0.00654616594289561));
#3215=CARTESIAN_POINT('',(0.0791297922021234,-0.206382316997983,-0.00742770594913952));
#3216=CARTESIAN_POINT('',(0.0784964864365282,-0.207860214587028,-0.00799319033148261));
#3217=CARTESIAN_POINT('',(0.0780667790486483,-0.20950759501673,-0.00825104733983427));
#3218=CARTESIAN_POINT('',(0.0781105233951648,-0.211226348749644,-0.0081250789589164));
#3219=CARTESIAN_POINT('',(0.0785634216958194,-0.21280576841793,-0.00763965740460863));
#3220=CARTESIAN_POINT('',(0.0791535299905988,-0.214206253018023,-0.00685696583526367));
#3221=CARTESIAN_POINT('',(0.0794844824375155,-0.215021684998665,-0.00614269706572667));
#3222=CARTESIAN_POINT('',(0.0796210627966818,-0.21539506045029,-0.00573376024343248));
#3223=CARTESIAN_POINT('',(0.0799964751292673,-0.2038956144904,-0.0053238797976313));
#3224=CARTESIAN_POINT('',(0.0705241162514531,-0.193631499760231,-0.011618080470628));
#3225=CARTESIAN_POINT('',(0.0721021365502963,-0.195337654923814,-0.0105606084225212));
#3226=CARTESIAN_POINT('',(0.0752634753074761,-0.198749675167292,-0.00845314152844102));
#3227=CARTESIAN_POINT('',(0.0784355070414936,-0.20217313835417,-0.00638030712388758));
#3228=CARTESIAN_POINT('',(0.0799964834893015,-0.203895580100375,-0.00532383608133837));
#3229=CARTESIAN_POINT('',(0.0703592802971566,-0.193511899089947,-0.0126848662484055));
#3230=CARTESIAN_POINT('',(0.0703795120241894,-0.193534140114505,-0.0126701055931148));
#3231=CARTESIAN_POINT('',(0.0703997437512222,-0.193556381139063,-0.0126553449378241));
#3232=CARTESIAN_POINT('',(0.0704199754782549,-0.193578622163622,-0.0126405842825334));
#3233=CARTESIAN_POINT('',(0.0720207068546917,-0.195338328875599,-0.0114727233271996));
#3234=CARTESIAN_POINT('',(0.0752196436083292,-0.198845211035635,-0.00911325736693342));
#3235=CARTESIAN_POINT('',(0.0784110542145653,-0.202291728561398,-0.00664713451152431));
#3236=CARTESIAN_POINT('',(0.0800258532155596,-0.203957135516944,-0.00535024671778942));
#3237=CARTESIAN_POINT('',(0.0703599881234156,-0.193509659883719,-0.0126366597176251));
#3238=CARTESIAN_POINT('',(0.0703802209619032,-0.193531883624731,-0.0126219624570739));
#3239=CARTESIAN_POINT('',(0.0704004538003907,-0.193554107365743,-0.0126072651965227));
#3240=CARTESIAN_POINT('',(0.0704206866388782,-0.193576331106755,-0.0125925679359715));
#3241=CARTESIAN_POINT('',(0.0720215059534581,-0.195334670347005,-0.0114297227634434));
#3242=CARTESIAN_POINT('',(0.0752206026533894,-0.198838899438675,-0.00908037777792147));
#3243=CARTESIAN_POINT('',(0.0784121742414651,-0.202283204190224,-0.00662468058978847));
#3244=CARTESIAN_POINT('',(0.0800268975988179,-0.203947786487129,-0.00533285634115717));
#3245=CARTESIAN_POINT('',(0.0703606959496746,-0.193507420677491,-0.0125884531868448));
#3246=CARTESIAN_POINT('',(0.0703809298996169,-0.193529627134957,-0.012573819321033));
#3247=CARTESIAN_POINT('',(0.0704011638495592,-0.193551833592423,-0.0125591854552213));
#3248=CARTESIAN_POINT('',(0.0704213977995015,-0.193574040049888,-0.0125445515894095));
#3249=CARTESIAN_POINT('',(0.0720223050522246,-0.195331011818411,-0.0113867221996872));
#3250=CARTESIAN_POINT('',(0.0752215616984495,-0.198832587841715,-0.00904749818890952));
#3251=CARTESIAN_POINT('',(0.0784132942683649,-0.202274679819051,-0.00660222666805264));
#3252=CARTESIAN_POINT('',(0.0800279419820763,-0.203938437457313,-0.00531546596452492));
#3253=CARTESIAN_POINT('',(0.0703614037759336,-0.193505181471263,-0.0125402466560644));
#3254=CARTESIAN_POINT('',(0.0703816388373307,-0.193527370645183,-0.0125256761849922));
#3255=CARTESIAN_POINT('',(0.0704018738987277,-0.193549559819102,-0.0125111057139199));
#3256=CARTESIAN_POINT('',(0.0704221089601248,-0.193571748993022,-0.0124965352428476));
#3257=CARTESIAN_POINT('',(0.072023104150991,-0.195327353289817,-0.011343721635931));
#3258=CARTESIAN_POINT('',(0.0752225207435097,-0.198826276244756,-0.00901461859989758));
#3259=CARTESIAN_POINT('',(0.0784144142952647,-0.202266155447879,-0.00657977274631681));
#3260=CARTESIAN_POINT('',(0.0800289863653347,-0.203929088427498,-0.00529807558789267));
#3261=CARTESIAN_POINT('',(0.070420375233833,-0.193318625442689,-0.00852399356536477));
#3262=CARTESIAN_POINT('',(0.0704407028943768,-0.193339374664495,-0.00851470472966921));
#3263=CARTESIAN_POINT('',(0.0704610305549206,-0.193360123886301,-0.00850541589397365));
#3264=CARTESIAN_POINT('',(0.0704813582154644,-0.193380873108107,-0.00849612705827808));
#3265=CARTESIAN_POINT('',(0.0720896798377,-0.195022548597689,-0.00776119569407235));
#3266=CARTESIAN_POINT('',(0.0753024221100805,-0.198300435235546,-0.00627530612806988));
#3267=CARTESIAN_POINT('',(0.0785077276166174,-0.201555960552792,-0.00470905873495685));
#3268=CARTESIAN_POINT('',(0.0801159975528507,-0.203150188363872,-0.00384922306174968));
#3269=CARTESIAN_POINT('',(0.0705081822129453,-0.193125204909571,-0.000332301646890877));
#3270=CARTESIAN_POINT('',(0.0705286675109582,-0.19314444492416,-0.000332612383876381));
#3271=CARTESIAN_POINT('',(0.0705491528089711,-0.193163684938749,-0.000332923120861885));
#3272=CARTESIAN_POINT('',(0.0705696381069841,-0.193182924953338,-0.000333233857847389));
#3273=CARTESIAN_POINT('',(0.072190431983443,-0.194705192181717,-0.000357819324115748));
#3274=CARTESIAN_POINT('',(0.0754330329404584,-0.197755537916839,-0.000408576332949116));
#3275=CARTESIAN_POINT('',(0.0786839348969241,-0.200829926786021,-0.000463315364133331));
#3276=CARTESIAN_POINT('',(0.0803039604889916,-0.202403951583237,-0.000497545115853759));
#3277=CARTESIAN_POINT('',(0.0704144852322967,-0.193341001558736,0.00784918033935655));
#3278=CARTESIAN_POINT('',(0.0704347983238698,-0.193361935298824,0.00783920860970572));
#3279=CARTESIAN_POINT('',(0.070455111415443,-0.193382869038911,0.00782923688005488));
#3280=CARTESIAN_POINT('',(0.0704754245070162,-0.193403802778999,0.00781926515040405));
#3281=CARTESIAN_POINT('',(0.0720825934343593,-0.195060077328874,0.00703030331320866));
#3282=CARTESIAN_POINT('',(0.0752974014170235,-0.198366972345787,0.00543488000466664));
#3283=CARTESIAN_POINT('',(0.0785032501193521,-0.201647778547458,0.00375240778381327));
#3284=CARTESIAN_POINT('',(0.0801115766617146,-0.203247202226777,0.0028335933013881));
#3285=CARTESIAN_POINT('',(0.0703511658881371,-0.193539086575695,0.011856094459644));
#3286=CARTESIAN_POINT('',(0.0703713878867199,-0.193561534697421,0.0118407854967371));
#3287=CARTESIAN_POINT('',(0.0703916098853026,-0.193583982819147,0.0118254765338302));
#3288=CARTESIAN_POINT('',(0.0704118318838854,-0.193606430940872,0.0118101675709232));
#3289=CARTESIAN_POINT('',(0.0720117935467306,-0.195382523151399,0.0105989245946769));
#3290=CARTESIAN_POINT('',(0.0752090193098056,-0.198921399262721,0.00815211370120549));
#3291=CARTESIAN_POINT('',(0.0783992009500008,-0.20239525175528,0.00559498167037363));
#3292=CARTESIAN_POINT('',(0.08001559153182,-0.20407142017819,0.004252087838012));
#3293=CARTESIAN_POINT('',(0.08001559153182,-0.204071420178186,0.00425208783801587));
#3294=CARTESIAN_POINT('',(0.0799489552789201,-0.203505965530829,0.00358810720413353));
#3295=CARTESIAN_POINT('',(0.0797777655886096,-0.202623060856566,0.00209044226763348));
#3296=CARTESIAN_POINT('',(0.0796221353855801,-0.202118888462379,-0.000498923783671592));
#3297=CARTESIAN_POINT('',(0.0797469465686655,-0.202526164279814,-0.00310827517662744));
#3298=CARTESIAN_POINT('',(0.0799223893816041,-0.203355297791233,-0.00464007822060521));
#3299=CARTESIAN_POINT('',(0.079996488033002,-0.203895613810165,-0.00532387893684247));
#3300=CARTESIAN_POINT('',(0.0800155915319038,-0.204071420178277,0.00425208783794235));
#3301=CARTESIAN_POINT('',(0.0705244284282069,-0.193675531295637,0.0109229444416703));
#3302=CARTESIAN_POINT('',(0.0721056836404538,-0.195405227190721,0.00980566394962709));
#3303=CARTESIAN_POINT('',(0.075273373321281,-0.198864592919285,0.00757843495000506));
#3304=CARTESIAN_POINT('',(0.0784524313376618,-0.202324706192682,0.00536852250997806));
#3305=CARTESIAN_POINT('',(0.0800155915319877,-0.204071420178364,0.0042520878378727));
#3306=CARTESIAN_POINT('',(0.0701877963203667,-0.192288577940916,0.0110979229139897));
#3307=CARTESIAN_POINT('',(0.0702091820629524,-0.19231345338758,0.0110823281158731));
#3308=CARTESIAN_POINT('',(0.0702305678055381,-0.192338328834244,0.0110667333177564));
#3309=CARTESIAN_POINT('',(0.0702519535481238,-0.192363204280908,0.0110511385196397));
#3310=CARTESIAN_POINT('',(0.0716537462086316,-0.193993740065243,0.0100289306886766));
#3311=CARTESIAN_POINT('',(0.074915789888686,-0.197824820548569,0.00766600080737593));
#3312=CARTESIAN_POINT('',(0.078139893280225,-0.201771865388026,0.00542419690053038));
#3313=CARTESIAN_POINT('',(0.080015591532255,-0.204071420178684,0.00425208783768191));
#3314=CARTESIAN_POINT('',(0.0702677392609109,-0.195102849380386,0.0112141917847601));
#3315=CARTESIAN_POINT('',(0.0702892417942438,-0.195123645438948,0.0111998067853945));
#3316=CARTESIAN_POINT('',(0.0703107443275767,-0.195144441497509,0.011185421786029));
#3317=CARTESIAN_POINT('',(0.0703322468609095,-0.195165237556072,0.0111710367866634));
#3318=CARTESIAN_POINT('',(0.0717416949213435,-0.196528377608037,0.01022812884455));
#3319=CARTESIAN_POINT('',(0.0750238378497332,-0.199732473198042,0.00804459474510155));
#3320=CARTESIAN_POINT('',(0.078258231323673,-0.203048312084764,0.0059415333270297));
#3321=CARTESIAN_POINT('',(0.080118598456826,-0.205009903494472,0.00485608066864689));
#3322=CARTESIAN_POINT('',(0.0703837176744243,-0.19938068178435,0.0113458998938856));
#3323=CARTESIAN_POINT('',(0.0704054490738938,-0.199395772807822,0.0113328779168483));
#3324=CARTESIAN_POINT('',(0.0704271804733634,-0.199410863831293,0.011319855939811));
#3325=CARTESIAN_POINT('',(0.0704489118728329,-0.199425954854765,0.0113068339627737));
#3326=CARTESIAN_POINT('',(0.0718733616508496,-0.200415141265175,0.010453269408582));
#3327=CARTESIAN_POINT('',(0.0751923078913724,-0.202744481013097,0.00847070360246808));
#3328=CARTESIAN_POINT('',(0.078483095671137,-0.205146960171166,0.00650774892965128));
#3329=CARTESIAN_POINT('',(0.080341379914428,-0.20661776624507,0.0054567717298788));
#3330=CARTESIAN_POINT('',(0.0704774472439506,-0.206573658294003,0.0114322269872511));
#3331=CARTESIAN_POINT('',(0.0704994345423791,-0.206579696347641,0.0114200927196234));
#3332=CARTESIAN_POINT('',(0.0705214218408076,-0.206585734401279,0.0114079584519956));
#3333=CARTESIAN_POINT('',(0.0705434091392361,-0.206591772454917,0.0113958241843679));
#3334=CARTESIAN_POINT('',(0.0719846325822811,-0.206987554796323,0.0106004472067847));
#3335=CARTESIAN_POINT('',(0.0753501768927647,-0.207914084070529,0.00874107395320977));
#3336=CARTESIAN_POINT('',(0.078721103262544,-0.208844222267184,0.00687910742718508));
#3337=CARTESIAN_POINT('',(0.080646441021473,-0.20939393408935,0.00579517336411747));
#3338=CARTESIAN_POINT('',(0.0704369319731555,-0.213785824854038,0.0113702798537466));
#3339=CARTESIAN_POINT('',(0.070458915372718,-0.213782945679567,0.0113575289396795));
#3340=CARTESIAN_POINT('',(0.0704808987722806,-0.213780066505096,0.0113447780256124));
#3341=CARTESIAN_POINT('',(0.0705028821718432,-0.213777187330626,0.0113320271115453));
#3342=CARTESIAN_POINT('',(0.0719438500520227,-0.213588463201672,0.010496230192994));
#3343=CARTESIAN_POINT('',(0.0753095708494786,-0.213125438487944,0.00854754879105256));
#3344=CARTESIAN_POINT('',(0.078679237855008,-0.212602413546446,0.0065928070225009));
#3345=CARTESIAN_POINT('',(0.080620459275099,-0.212175779202251,0.00549951868096571));
#3346=CARTESIAN_POINT('',(0.0702856209227145,-0.219482778959881,0.0111775070834802));
#3347=CARTESIAN_POINT('',(0.0703073544726107,-0.219472232490798,0.01116276844302));
#3348=CARTESIAN_POINT('',(0.0703290880225069,-0.219461686021715,0.0111480298025598));
#3349=CARTESIAN_POINT('',(0.0703508215724031,-0.219451139552632,0.0111332911620995));
#3350=CARTESIAN_POINT('',(0.0717754123065887,-0.218759839594492,0.0101672027534229));
#3351=CARTESIAN_POINT('',(0.0751001378561332,-0.217119231874693,0.00792832324406114));
#3352=CARTESIAN_POINT('',(0.078400248257543,-0.215344070745925,0.00573257924214509));
#3353=CARTESIAN_POINT('',(0.080311227938144,-0.214211789152767,0.0046089589956744));
#3354=CARTESIAN_POINT('',(0.0702063883363547,-0.222292707636007,0.0110550352251391));
#3355=CARTESIAN_POINT('',(0.0702280116104117,-0.222278044639846,0.0110390333706564));
#3356=CARTESIAN_POINT('',(0.0702496348844686,-0.222263381643685,0.0110230315161737));
#3357=CARTESIAN_POINT('',(0.0702712581585255,-0.222248718647525,0.011007029661691));
#3358=CARTESIAN_POINT('',(0.0716886205319697,-0.221287588571413,0.00995814009994426));
#3359=CARTESIAN_POINT('',(0.074993573438969,-0.219015054009679,0.00752922818507526));
#3360=CARTESIAN_POINT('',(0.078266884945486,-0.216585566359642,0.005189996833384));
#3361=CARTESIAN_POINT('',(0.080188769953334,-0.215107319893915,0.00399666754143841));
#3362=CARTESIAN_POINT('',(0.0702063500243101,-0.222294066346076,0.0110549760052207));
#3363=CARTESIAN_POINT('',(0.0702279732450443,-0.222279401359414,0.0110389735399247));
#3364=CARTESIAN_POINT('',(0.0702495964657786,-0.222264736372752,0.0110229710746288));
#3365=CARTESIAN_POINT('',(0.0702712196865129,-0.222250071386089,0.0110069686093329));
#3366=CARTESIAN_POINT('',(0.0716885785647628,-0.221288810836596,0.00995803901000032));
#3367=CARTESIAN_POINT('',(0.0749935219109186,-0.219015970713596,0.00752903520705423));
#3368=CARTESIAN_POINT('',(0.078266820459125,-0.216586166671175,0.00518973447363504));
#3369=CARTESIAN_POINT('',(0.0801887107401239,-0.215107752917944,0.00399637147464813));
#3370=CARTESIAN_POINT('',(0.0702063117122654,-0.222295425056145,0.0110549167853022));
#3371=CARTESIAN_POINT('',(0.070227934879677,-0.222280758078981,0.011038913709193));
#3372=CARTESIAN_POINT('',(0.0702495580470886,-0.222266091101818,0.0110229106330839));
#3373=CARTESIAN_POINT('',(0.0702711812145002,-0.222251424124655,0.0110069075569747));
#3374=CARTESIAN_POINT('',(0.0716885365975559,-0.221290033101778,0.00995793792005639));
#3375=CARTESIAN_POINT('',(0.0749934703828681,-0.219016887417513,0.0075288422290332));
#3376=CARTESIAN_POINT('',(0.078266755972764,-0.216586766982708,0.00518947211388607));
#3377=CARTESIAN_POINT('',(0.0801886515269138,-0.215108185941972,0.00399607540785784));
#3378=CARTESIAN_POINT('',(0.0702062734002207,-0.222296783766214,0.0110548575653837));
#3379=CARTESIAN_POINT('',(0.0702278965143096,-0.222282114798549,0.0110388538784613));
#3380=CARTESIAN_POINT('',(0.0702495196283986,-0.222267445830884,0.0110228501915389));
#3381=CARTESIAN_POINT('',(0.0702711427424875,-0.22225277686322,0.0110068465046166));
#3382=CARTESIAN_POINT('',(0.071688494630349,-0.221291255366961,0.00995783683011245));
#3383=CARTESIAN_POINT('',(0.0749934188548176,-0.219017804121431,0.00752864925101217));
#3384=CARTESIAN_POINT('',(0.0782666914864031,-0.216587367294241,0.0051892097541371));
#3385=CARTESIAN_POINT('',(0.0801885923137038,-0.215108618966001,0.00399577934106756));
#3386=CARTESIAN_POINT('',(0.0796693236117465,-0.215506917151506,0.00432240194973256));
#3387=CARTESIAN_POINT('',(0.079552277857903,-0.21514642427237,0.00473531176667686));
#3388=CARTESIAN_POINT('',(0.079275851696527,-0.214360962417376,0.00545891333090514));
#3389=CARTESIAN_POINT('',(0.0787814094313465,-0.212971534982506,0.00627893947473212));
#3390=CARTESIAN_POINT('',(0.0784063473366847,-0.211446169733835,0.00679254876922428));
#3391=CARTESIAN_POINT('',(0.078357062532425,-0.209734487953278,0.00696940279563719));
#3392=CARTESIAN_POINT('',(0.0787028959651943,-0.208116480575015,0.00676969438686738));
#3393=CARTESIAN_POINT('',(0.0792361056019903,-0.206607743908658,0.00625129520704153));
#3394=CARTESIAN_POINT('',(0.079735742839436,-0.205232766539082,0.00542633040276047));
#3395=CARTESIAN_POINT('',(0.0799381805925604,-0.204431385146394,0.00467477384629685));
#3396=CARTESIAN_POINT('',(0.0800155915318231,-0.204071420178155,0.00425208783795167));
#3397=CARTESIAN_POINT('',(0.082524228259312,-0.209819483789639,-0.000643038791495414));
#3398=CARTESIAN_POINT('',(0.082524228259312,-0.204195725484824,0.00439440525573885));
#3399=CARTESIAN_POINT('',(0.0825242282593119,-0.20492365743438,0.00520706209287115));
#3400=CARTESIAN_POINT('',(0.0825191483812841,-0.206705795192392,0.00649189491939503));
#3401=CARTESIAN_POINT('',(0.0825258341245952,-0.20997686422588,0.00714325359856864));
#3402=CARTESIAN_POINT('',(0.0825037980552557,-0.213200594484055,0.00636797728479795));
#3403=CARTESIAN_POINT('',(0.0825242282593117,-0.214941436269366,0.00501013373331572));
#3404=CARTESIAN_POINT('',(0.082524228259312,-0.215636858772597,0.00416951233110719));
#3405=CARTESIAN_POINT('',(0.0825242282593114,-0.204195725484824,0.00439440525573902));
#3406=CARTESIAN_POINT('',(0.0825242282593125,-0.215636858772596,0.00416951233110727));
#3407=CARTESIAN_POINT('',(0.082524228259312,-0.215636858772597,0.00416951233110738));
#3408=CARTESIAN_POINT('',(0.0825242282593116,-0.216212195638503,0.00347404952869107));
#3409=CARTESIAN_POINT('',(0.0825213168983828,-0.217096925507167,0.00190026863439424));
#3410=CARTESIAN_POINT('',(0.0825241025642886,-0.217529733734492,-0.000794230163162264));
#3411=CARTESIAN_POINT('',(0.0825143526877744,-0.216992368835373,-0.0034680004985202));
#3412=CARTESIAN_POINT('',(0.0825242282593132,-0.216045460805975,-0.00500817115675944));
#3413=CARTESIAN_POINT('',(0.082524228259313,-0.215443242094455,-0.00568048283872979));
#3414=CARTESIAN_POINT('',(0.082524228259313,-0.204002108806682,-0.00545558991409792));
#3415=CARTESIAN_POINT('',(0.0825242282593127,-0.203426772904418,-0.00476012827652529));
#3416=CARTESIAN_POINT('',(0.0825227601305376,-0.202542219934092,-0.00318725569042747));
#3417=CARTESIAN_POINT('',(0.0825228763949938,-0.201964083541047,0.000410838904430814));
#3418=CARTESIAN_POINT('',(0.0825242282593121,-0.202991285332421,0.00304977884476245));
#3419=CARTESIAN_POINT('',(0.082524228259312,-0.204195725484824,0.004394405255739));
#3420=CARTESIAN_POINT('',(0.068524228260214,-0.225019188254542,0.0147938366577802));
#3421=CARTESIAN_POINT('',(0.07319089492658,-0.221891745093894,0.0112523952155559));
#3422=CARTESIAN_POINT('',(0.077857561592946,-0.218764301933245,0.0077109537733315));
#3423=CARTESIAN_POINT('',(0.082524228259312,-0.215636858772597,0.00416951233110719));
#3424=CARTESIAN_POINT('',(0.068524228260214,-0.225019188254542,0.0119206802144898));
#3425=CARTESIAN_POINT('',(0.07319089492658,-0.222109244352329,0.00907450539145529));
#3426=CARTESIAN_POINT('',(0.077857561592946,-0.219198380276144,0.00622806513395009));
#3427=CARTESIAN_POINT('',(0.082524228259312,-0.216288436373931,0.0033818903109157));
#3428=CARTESIAN_POINT('',(0.068524228260215,-0.225019188254542,0.00617436732790889));
#3429=CARTESIAN_POINT('',(0.073190894926581,-0.222434906796029,0.00462926921441419));
#3430=CARTESIAN_POINT('',(0.077857561592946,-0.219848621933346,0.003084941679694));
#3431=CARTESIAN_POINT('',(0.082524228259312,-0.217264340474833,0.00153984356619929));
#3432=CARTESIAN_POINT('',(0.068524228260216,-0.225019188254542,-0.0038816802236077));
#3433=CARTESIAN_POINT('',(0.073190894926582,-0.222535229081457,-0.00328844336761932));
#3434=CARTESIAN_POINT('',(0.077857561592947,-0.220050849900049,-0.0026952750507176));
#3435=CARTESIAN_POINT('',(0.082524228259313,-0.217566890726964,-0.0021020381947293));
#3436=CARTESIAN_POINT('',(0.068524228260217,-0.225019188254542,-0.0110645713318338));
#3437=CARTESIAN_POINT('',(0.073190894926582,-0.222170028405907,-0.00889015147259471));
#3438=CARTESIAN_POINT('',(0.077857561592948,-0.219315441166634,-0.00671279069124299));
#3439=CARTESIAN_POINT('',(0.082524228259313,-0.216466281317999,-0.004538370832004));
#3440=CARTESIAN_POINT('',(0.068524228260217,-0.225019188254542,-0.0153743059967694));
#3441=CARTESIAN_POINT('',(0.073190894926583,-0.22182720620118,-0.0121430316107562));
#3442=CARTESIAN_POINT('',(0.077857561592948,-0.218635224147817,-0.008911757224743));
#3443=CARTESIAN_POINT('',(0.082524228259313,-0.215443242094455,-0.00568048283872979));
#3444=CARTESIAN_POINT('',(0.0685242282602152,-0.225019188254542,-0.000213734669494621));
#3445=CARTESIAN_POINT('',(0.0685242282602123,-0.22501918825454,0.0147938366577809));
#3446=CARTESIAN_POINT('',(0.075524228259763,-0.220328023513568,0.00948167449444407));
#3447=CARTESIAN_POINT('',(0.0685812156180187,-0.188582211878356,-0.0153339316094562));
#3448=CARTESIAN_POINT('',(0.0732288864984505,-0.193722177521131,-0.0120411510443368));
#3449=CARTESIAN_POINT('',(0.0778765573788812,-0.198862143163906,-0.00874837047921734));
#3450=CARTESIAN_POINT('',(0.082524228259313,-0.204002108806682,-0.00545558991409798));
#3451=CARTESIAN_POINT('',(0.0685812156180187,-0.188579555915101,-0.0124692654546358));
#3452=CARTESIAN_POINT('',(0.0732288864984495,-0.193502915066051,-0.00986891926480423));
#3453=CARTESIAN_POINT('',(0.0778765573788812,-0.198427179484717,-0.00726831194037872));
#3454=CARTESIAN_POINT('',(0.082524228259313,-0.203350531205348,-0.00466796789390649));
#3455=CARTESIAN_POINT('',(0.0685812156180177,-0.188575579117228,-0.00673884081749538));
#3456=CARTESIAN_POINT('',(0.0732288864984495,-0.193174610242448,-0.00543428365106159));
#3457=CARTESIAN_POINT('',(0.0778765573788812,-0.197775618858305,-0.00413048630368099));
#3458=CARTESIAN_POINT('',(0.082524228259312,-0.202374633752536,-0.00282592290074991));
#3459=CARTESIAN_POINT('',(0.0685812156180167,-0.188574353945786,0.00329109433398301));
#3460=CARTESIAN_POINT('',(0.0732288864984485,-0.193073458418218,0.00246602742072972));
#3461=CARTESIAN_POINT('',(0.0778765573788803,-0.197572989213343,0.0016410221744515));
#3462=CARTESIAN_POINT('',(0.082524228259312,-0.202072090186573,0.000815954755043684));
#3463=CARTESIAN_POINT('',(0.0685812156180157,-0.188578813869405,0.0104546765558345));
#3464=CARTESIAN_POINT('',(0.0732288864984475,-0.193441672785188,0.00805483863132265));
#3465=CARTESIAN_POINT('',(0.0778765573788793,-0.198309871171185,0.00565210742584586));
#3466=CARTESIAN_POINT('',(0.082524228259312,-0.20317268626128,0.00325229324901319));
#3467=CARTESIAN_POINT('',(0.0685812156180157,-0.188582999999992,0.0147515055064738));
#3468=CARTESIAN_POINT('',(0.0732288864984475,-0.19378724182827,0.0112991387562288));
#3469=CARTESIAN_POINT('',(0.0778765573788793,-0.198991483656547,0.00784677200598394));
#3470=CARTESIAN_POINT('',(0.082524228259312,-0.204195725484824,0.004394405255739));
#3471=CARTESIAN_POINT('',(0.0685812156180157,-0.188582999999989,0.0147515055064738));
#3472=CARTESIAN_POINT('',(0.0685899350805382,-0.188582999999989,0.00472319670689092));
#3473=CARTESIAN_POINT('',(0.0685904357763687,-0.188583,-0.0053051179165993));
#3474=CARTESIAN_POINT('',(0.068581928255081,-0.188583,-0.0153334267205497));
#3475=CARTESIAN_POINT('',(0.0685812156180223,-0.188583,0.0147515055064689));
#3476=CARTESIAN_POINT('',(0.0755527219386635,-0.196389362742408,0.00957295538110638));
#3477=CARTESIAN_POINT('',(0.068524228260213,-0.188519188254542,0.0147938366577803));
#3478=CARTESIAN_POINT('',(0.073190894926579,-0.193744700664636,0.0113273595237665));
#3479=CARTESIAN_POINT('',(0.077857561592945,-0.19897021307473,0.00786088238975278));
#3480=CARTESIAN_POINT('',(0.082524228259312,-0.204195725484824,0.004394405255739));
#3481=CARTESIAN_POINT('',(0.068524228260213,-0.191995378730733,0.0147938366577803));
#3482=CARTESIAN_POINT('',(0.073190894926579,-0.196337066577724,0.0116350391479438));
#3483=CARTESIAN_POINT('',(0.077857561592945,-0.200679211223247,0.00847441931118428));
#3484=CARTESIAN_POINT('',(0.082524228259312,-0.205020899070239,0.00531562180134788));
#3485=CARTESIAN_POINT('',(0.068524228260213,-0.198947759683114,0.0147938366577803));
#3486=CARTESIAN_POINT('',(0.073190894926579,-0.201675549017282,0.01210990117197));
#3487=CARTESIAN_POINT('',(0.077857561592945,-0.204401247916686,0.00942129800580268));
#3488=CARTESIAN_POINT('',(0.082524228259311,-0.207129037250855,0.00673736251999241));
#3489=CARTESIAN_POINT('',(0.068524228260213,-0.21111442634978,0.0147938366577802));
#3490=CARTESIAN_POINT('',(0.073190894926579,-0.211266968190144,0.0122648504074336));
#3491=CARTESIAN_POINT('',(0.077857561592945,-0.21141953023974,0.0097362802519336));
#3492=CARTESIAN_POINT('',(0.082524228259311,-0.211572072080104,0.00720729400158699));
#3493=CARTESIAN_POINT('',(0.068524228260214,-0.219804902540256,0.0147938366577802));
#3494=CARTESIAN_POINT('',(0.07319089492658,-0.218023554709902,0.0117320811778445));
#3495=CARTESIAN_POINT('',(0.077857561592946,-0.21623570511184,0.00866066656784639));
#3496=CARTESIAN_POINT('',(0.082524228259312,-0.214454357281485,0.00559891108791071));
#3497=CARTESIAN_POINT('',(0.068524228260214,-0.225019188254542,0.0147938366577802));
#3498=CARTESIAN_POINT('',(0.07319089492658,-0.221891745093894,0.0112523952155559));
#3499=CARTESIAN_POINT('',(0.077857561592946,-0.218764301933245,0.0077109537733315));
#3500=CARTESIAN_POINT('',(0.082524228259312,-0.215636858772597,0.00416951233110719));
#3501=CARTESIAN_POINT('',(0.068524228260213,-0.188583,0.0147938366577803));
#3502=CARTESIAN_POINT('',(0.0685432350060442,-0.188583,0.0147797411043084));
#3503=CARTESIAN_POINT('',(0.0685622309008108,-0.188583,0.014765630716205));
#3504=CARTESIAN_POINT('',(0.0685812156180222,-0.188583,0.014751505506469));
#3505=CARTESIAN_POINT('',(0.068524228260213,-0.188583,0.01479383665778));
#3506=CARTESIAN_POINT('',(0.068524228260213,-0.225019188254542,0.0147938366577802));
#3507=CARTESIAN_POINT('',(0.068524228260213,-0.188519188254542,0.0147938366577803));
#3508=CARTESIAN_POINT('',(0.058468808557065,-0.188583,0.014793836657779));
#3509=CARTESIAN_POINT('',(0.0642569103314342,-0.225019188254542,0.0147938366577803));
#3510=CARTESIAN_POINT('',(0.064256910331436,-0.225019188254542,-0.000213734669495125));
#3511=CARTESIAN_POINT('',(0.040898808557065,-0.144066,-0.0128348470418492));
#3512=CARTESIAN_POINT('',(0.040898808557065,-0.178583,0.0126611529581508));
#3513=CARTESIAN_POINT('',(0.040898808557065,-0.144066,0.0126611529581508));
#3514=CARTESIAN_POINT('',(0.040898808557065,-0.144066,0.0126611529581508));
#3515=CARTESIAN_POINT('',(0.078468808557065,-0.178583,0.0126611529581508));
#3516=CARTESIAN_POINT('',(0.078468808557065,-0.128066,0.0126611529581508));
#3517=CARTESIAN_POINT('',(0.078468808557065,-0.178583,0.0126611529581508));
#3518=CARTESIAN_POINT('',(0.078468808557065,-0.178583,0.0126611529581508));
#3519=CARTESIAN_POINT('',(0.043944808557065,-0.178583,0.0126611529581508));
#3520=CARTESIAN_POINT('',(0.043944808557065,-0.178583,0.0126611529581508));
#3521=CARTESIAN_POINT('',(0.043944808557065,-0.144066,0.0126611529581508));
#3522=CARTESIAN_POINT('',(0.078468808557065,-0.144066,0.0126611529581508));
#3523=CARTESIAN_POINT('',(0.038468808557065,-0.144066,0.0126611529581508));
#3524=CARTESIAN_POINT('',(0.038468808557065,-0.144066,0.0176611529581508));
#3525=CARTESIAN_POINT('',(0.038468808557065,-0.144066,-0.0178348470418492));
#3526=CARTESIAN_POINT('',(0.038468808557065,-0.144066,0.0176611529581508));
#3527=CARTESIAN_POINT('',(0.038468808557065,-0.144066,-0.0178348470418492));
#3528=CARTESIAN_POINT('',(0.043944808557065,-0.144066,-0.0178348470418492));
#3529=CARTESIAN_POINT('',(0.043944808557065,-0.144066,0.0126611529581508));
#3530=CARTESIAN_POINT('',(0.043944808557065,-0.144066,0.0126611529581508));
#3531=CARTESIAN_POINT('',(0.043944808557065,-0.144066,0.0176611529581508));
#3532=CARTESIAN_POINT('',(0.078468808557065,-0.144066,0.0176611529581508));
#3533=CARTESIAN_POINT('',(0.043944808557065,-0.1663245,-8.68470418492451E-5));
#3534=CARTESIAN_POINT('',(0.043944808557065,-0.178583,-0.0128348470418492));
#3535=CARTESIAN_POINT('',(0.043944808557065,-0.128066,-0.0178348470418492));
#3536=CARTESIAN_POINT('',(0.043944808557065,-0.188583,-0.0178348470418492));
#3537=CARTESIAN_POINT('',(0.043944808557065,-0.188583,-8.68470418492429E-5));
#3538=CARTESIAN_POINT('',(0.043944808557065,-0.188583,0.0176611529581508));
#3539=CARTESIAN_POINT('',(0.043944808557065,-0.128066,0.0176611529581508));
#3540=CARTESIAN_POINT('',(0.038468808557065,-0.128066,0.0176611529581508));
#3541=CARTESIAN_POINT('',(0.038468808557065,-0.128066,0.0176611529581508));
#3542=CARTESIAN_POINT('',(0.038468808557065,-0.128066,0.0176611529581508));
#3543=CARTESIAN_POINT('',(0.038468808557065,-0.128066,0.0176611529581508));
#3544=CARTESIAN_POINT('',(0.038468808557065,-0.128066,-0.0178348470418492));
#3545=CARTESIAN_POINT('',(0.038468808557065,-0.128066,-0.0178348470418492));
#3546=CARTESIAN_POINT('',(0.078468808557065,-0.128066,0.0176611529581508));
#3547=CARTESIAN_POINT('',(0.058468808557065,-0.188583,0.0176611529581508));
#3548=CARTESIAN_POINT('',(0.078468808557065,-0.188583,0.0176611529581508));
#3549=CARTESIAN_POINT('',(0.078468808557065,-0.128066,0.0176611529581508));
#3550=CARTESIAN_POINT('',(0.078468808557065,-0.128066,0.0176611529581508));
#3551=CARTESIAN_POINT('',(0.078468808557065,-0.128066,0.0176611529581508));
#3552=CARTESIAN_POINT('',(0.058468808557065,-0.188583,-8.68470418492429E-5));
#3553=CARTESIAN_POINT('',(0.058468808557065,-0.188583,-0.0178348470418492));
#3554=CARTESIAN_POINT('',(0.078468808557065,-0.188583,-0.0178348470418492));
#3555=CARTESIAN_POINT('',(0.078468808557065,-0.188583,-8.68470418492429E-5));
#3556=CARTESIAN_POINT('',(0.078468808557065,-0.178583,-0.0128348470418492));
#3557=CARTESIAN_POINT('',(0.078468808557065,-0.178583,-0.0178348470418492));
#3558=CARTESIAN_POINT('',(0.038468808557065,-0.128066,-0.0178348470418492));
#3559=CARTESIAN_POINT('',(0.038468808557065,-0.128066,-0.0178348470418492));
#3560=CARTESIAN_POINT('',(0.078468808557065,-0.128066,-0.0178348470418492));
#3561=CARTESIAN_POINT('',(0.078468808557065,-0.128066,-0.0178348470418492));
#3562=CARTESIAN_POINT('',(0.078468808557065,-0.128066,-0.0178348470418492));
#3563=CARTESIAN_POINT('',(0.078468808557065,-0.128066,-0.0178348470418492));
#3564=CARTESIAN_POINT('',(0.0755360193330213,-0.127434535537553,-0.0178348470418492));
#3565=CARTESIAN_POINT('',(0.0760459932540058,-0.125066,0.0145802562971458));
#3566=CARTESIAN_POINT('',(0.0970276849371731,-0.0276181103243357,0.0119870188983864));
#3567=CARTESIAN_POINT('',(0.0970276849371732,-0.0276181103243356,0.0119870188983864));
#3568=CARTESIAN_POINT('',(0.0972533545527197,-0.026570004760161,0.012336387419778));
#3569=CARTESIAN_POINT('',(0.0972533545527197,-0.026570004760161,-0.0178348470418492));
#3570=CARTESIAN_POINT('',(0.0972533545527197,-0.0265700047601608,-0.012336387419778));
#3571=CARTESIAN_POINT('',(0.0970271366010518,-0.0276206570302291,-0.0119861699964219));
#3572=CARTESIAN_POINT('',(0.0970271366010518,-0.0276206570302292,-0.0119861699964219));
#3573=CARTESIAN_POINT('',(0.0760459932540058,-0.125066,-0.0147485964190203));
#3574=CARTESIAN_POINT('',(0.078468808557065,-0.12814580633538,0.0146622146545451));
#3575=CARTESIAN_POINT('',(0.0408462547218151,-0.125066,0.0145802562971458));
#3576=CARTESIAN_POINT('',(0.0179763960509336,-0.0276181103243357,0.0119870188983864));
#3577=CARTESIAN_POINT('',(0.078468808557065,-0.0276181103243357,0.0119870188983864));
#3578=CARTESIAN_POINT('',(0.04138945420451,-0.127380559264371,0.0176611529581508));
#3579=CARTESIAN_POINT('',(0.040846254721815,-0.125066,-0.0147485964190203));
#3580=CARTESIAN_POINT('',(0.017976993732464,-0.027620657030229,-0.0119861699964219));
#3581=CARTESIAN_POINT('',(0.0179769937324641,-0.0276206570302291,-0.0119861699964219));
#3582=CARTESIAN_POINT('',(0.0179763960509336,-0.0276181103243357,0.0119870188983864));
#3583=CARTESIAN_POINT('',(0.038468808557065,-0.128151011259071,-0.0148360517694388));
#3584=CARTESIAN_POINT('',(0.038468808557065,-0.027620657030229,-0.0119861699964219));
#3585=CARTESIAN_POINT('',(0.11287867965644,-0.0109446796564404,0.02));
#3586=CARTESIAN_POINT('',(0.111244192293386,-0.0125791670194946,-0.017));
#3587=CARTESIAN_POINT('',(0.111244192293386,-0.0125791670194949,0.017));
#3588=CARTESIAN_POINT('',(0.115,-0.0121173167019495,-0.0171539501058485));
#3589=CARTESIAN_POINT('',(0.,-0.0121173167019495,0.0171539501058485));
#3590=CARTESIAN_POINT('',(0.105,-0.005066,0.02));
#3591=CARTESIAN_POINT('',(0.105,-0.005066,0.));
#3592=CARTESIAN_POINT('',(0.105,-0.005066,-0.02));
#3593=CARTESIAN_POINT('',(0.105,-0.005066,0.02));
#3594=CARTESIAN_POINT('',(0.105,-0.005066,-0.02));
#3595=CARTESIAN_POINT('',(0.01,-0.005066,-0.02));
#3596=CARTESIAN_POINT('',(0.01,-0.005066,0.));
#3597=CARTESIAN_POINT('',(0.01,-0.005066,0.02));
#3598=CARTESIAN_POINT('',(0.,-0.005066,0.02));
#3599=CARTESIAN_POINT('',(0.078468808557065,-0.128066,-0.0178348470418492));
#3600=CARTESIAN_POINT('',(0.078468808557065,-0.128066,-0.0178348470418492));
#3601=CARTESIAN_POINT('',(0.1,-0.028066,-0.015));
#3602=CARTESIAN_POINT('',(0.1,-0.028066,0.02));
#3603=CARTESIAN_POINT('',(0.1,-0.028066,0.015));
#3604=CARTESIAN_POINT('',(0.078468808557065,-0.128066,0.0176611529581508));
#3605=CARTESIAN_POINT('',(0.078468808557065,-0.128066,0.0176611529581508));
#3606=CARTESIAN_POINT('',(0.,-0.028066,0.015));
#3607=CARTESIAN_POINT('',(0.015,-0.028066,0.015));
#3608=CARTESIAN_POINT('',(0.038468808557065,-0.128066,0.0176611529581508));
#3609=CARTESIAN_POINT('',(0.038468808557065,-0.128066,0.0176611529581508));
#3610=CARTESIAN_POINT('',(0.015,-0.028066,-0.02));
#3611=CARTESIAN_POINT('',(0.015,-0.028066,-0.015));
#3612=CARTESIAN_POINT('',(0.038468808557065,-0.128066,-0.0178348470418492));
#3613=CARTESIAN_POINT('',(0.038468808557065,-0.128066,-0.0178348470418492));
#3614=CARTESIAN_POINT('',(0.115,-0.028066,-0.015));
#3615=CARTESIAN_POINT('',(0.115,-0.013066,0.02));
#3616=CARTESIAN_POINT('',(0.115,-0.013066,0.02));
#3617=CARTESIAN_POINT('',(0.115,-0.013066,-0.02));
#3618=CARTESIAN_POINT('',(0.115,-0.013066,0.02));
#3619=CARTESIAN_POINT('',(0.115,-0.013066,0.02));
#3620=CARTESIAN_POINT('',(0.115,-0.013066,-0.02));
#3621=CARTESIAN_POINT('',(0.115,-0.013066,-0.02));
#3622=CARTESIAN_POINT('',(0.115,-0.013066,-0.02));
#3623=CARTESIAN_POINT('',(0.,-0.013066,-0.02));
#3624=CARTESIAN_POINT('',(0.,-0.013066,-0.02));
#3625=CARTESIAN_POINT('',(0.,-0.013066,-0.02));
#3626=CARTESIAN_POINT('',(0.,-0.013066,-0.02));
#3627=CARTESIAN_POINT('',(1.57494631371578E-18,-0.013066,0.02));
#3628=CARTESIAN_POINT('',(0.,-0.013066,0.02));
#3629=CARTESIAN_POINT('',(0.,-0.013066,0.02));
#3630=CARTESIAN_POINT('',(0.,-0.013066,0.02));
#3631=CARTESIAN_POINT('',(0.105,0.045,0.));
#3632=CARTESIAN_POINT('',(0.105,0.00693426737865143,-0.02));
#3633=CARTESIAN_POINT('',(0.115,0.00693426737865143,-0.02));
#3634=CARTESIAN_POINT('',(0.105,0.00693426737865143,-0.02));
#3635=CARTESIAN_POINT('',(0.105,0.045,0.));
#3636=CARTESIAN_POINT('',(0.105,0.00693426737865143,0.02));
#3637=CARTESIAN_POINT('',(0.105,0.00693426737865142,0.02));
#3638=CARTESIAN_POINT('',(0.115,0.00693426737865143,0.02));
#3639=CARTESIAN_POINT('',(0.115,0.045,0.));
#3640=CARTESIAN_POINT('',(0.105,0.045,-0.03));
#3641=CARTESIAN_POINT('',(0.105,0.045,-0.03));
#3642=CARTESIAN_POINT('',(0.105,0.045,-0.0316));
#3643=CARTESIAN_POINT('',(0.115,0.045,-0.03));
#3644=CARTESIAN_POINT('',(0.115,0.045,-0.0316));
#3645=CARTESIAN_POINT('',(0.105,0.015,3.67394039744206E-18));
#3646=CARTESIAN_POINT('',(0.105,0.015,3.67394039744206E-18));
#3647=CARTESIAN_POINT('',(0.105,0.015,-0.0016));
#3648=CARTESIAN_POINT('',(0.115,0.015,3.67394039744206E-18));
#3649=CARTESIAN_POINT('',(0.115,0.015,-0.0016));
#3650=CARTESIAN_POINT('',(0.105,0.075,0.));
#3651=CARTESIAN_POINT('',(0.105,0.075,0.));
#3652=CARTESIAN_POINT('',(0.105,0.075,-0.0016));
#3653=CARTESIAN_POINT('',(0.115,0.075,0.));
#3654=CARTESIAN_POINT('',(0.115,0.075,-0.0016));
#3655=CARTESIAN_POINT('',(0.105,0.045,0.03));
#3656=CARTESIAN_POINT('',(0.105,0.045,0.03));
#3657=CARTESIAN_POINT('',(0.105,0.045,0.0284));
#3658=CARTESIAN_POINT('',(0.115,0.045,0.03));
#3659=CARTESIAN_POINT('',(0.115,0.045,0.0284));
#3660=CARTESIAN_POINT('',(0.115,0.045,0.));
#3661=CARTESIAN_POINT('',(0.115,0.,0.02));
#3662=CARTESIAN_POINT('',(0.115,0.045,-0.02));
#3663=CARTESIAN_POINT('',(0.105,0.045,0.));
#3664=CARTESIAN_POINT('',(0.105,0.,0.02));
#3665=CARTESIAN_POINT('',(0.105,0.,-0.02));
#3666=CARTESIAN_POINT('',(0.01,0.,-0.02));
#3667=CARTESIAN_POINT('',(0.,0.00693426737865143,-0.02));
#3668=CARTESIAN_POINT('',(0.01,0.00693426737865143,-0.02));
#3669=CARTESIAN_POINT('',(0.,0.00693426737865143,-0.02));
#3670=CARTESIAN_POINT('',(0.01,0.045,-0.02));
#3671=CARTESIAN_POINT('',(0.,0.,-0.02));
#3672=CARTESIAN_POINT('',(0.,0.,0.02));
#3673=CARTESIAN_POINT('',(0.,0.00693426737865142,0.02));
#3674=CARTESIAN_POINT('',(0.,0.00693426737865143,0.02));
#3675=CARTESIAN_POINT('',(0.01,0.00693426737865144,0.02));
#3676=CARTESIAN_POINT('',(0.,0.045,0.02));
#3677=CARTESIAN_POINT('',(0.01,0.045,0.02));
#3678=CARTESIAN_POINT('',(0.,0.045,0.));
#3679=CARTESIAN_POINT('',(0.,0.045,0.));
#3680=CARTESIAN_POINT('',(0.,0.045,-0.03));
#3681=CARTESIAN_POINT('',(0.,0.045,-0.0316));
#3682=CARTESIAN_POINT('',(0.,0.015,3.67394039744206E-18));
#3683=CARTESIAN_POINT('',(0.,0.015,-0.0016));
#3684=CARTESIAN_POINT('',(0.,0.075,0.));
#3685=CARTESIAN_POINT('',(0.,0.075,-0.0016));
#3686=CARTESIAN_POINT('',(0.,0.045,0.03));
#3687=CARTESIAN_POINT('',(0.,0.045,0.0284));
#3688=CARTESIAN_POINT('',(0.,0.045,-0.03));
#3689=CARTESIAN_POINT('',(0.01,0.045,-0.03));
#3690=CARTESIAN_POINT('',(0.01,0.045,-0.0316));
#3691=CARTESIAN_POINT('',(0.,0.015,3.67394039744206E-18));
#3692=CARTESIAN_POINT('',(0.01,0.015,3.67394039744206E-18));
#3693=CARTESIAN_POINT('',(0.01,0.015,-0.0016));
#3694=CARTESIAN_POINT('',(0.,0.075,0.));
#3695=CARTESIAN_POINT('',(0.01,0.075,0.));
#3696=CARTESIAN_POINT('',(0.01,0.075,-0.0016));
#3697=CARTESIAN_POINT('',(0.,0.045,0.03));
#3698=CARTESIAN_POINT('',(0.01,0.045,0.03));
#3699=CARTESIAN_POINT('',(0.01,0.045,0.0284));
#3700=CARTESIAN_POINT('',(0.,0.045,0.));
#3701=CARTESIAN_POINT('',(0.01,0.045,0.));
#3702=CARTESIAN_POINT('',(0.01,0.045,0.));
#3703=CARTESIAN_POINT('',(0.,0.045,0.));
#3704=CARTESIAN_POINT('',(0.003,0.00879226601953666,-0.017));
#3705=CARTESIAN_POINT('',(0.007,0.00879226601953664,-0.017));
#3706=CARTESIAN_POINT('',(0.003,0.00879226601953664,-0.017));
#3707=CARTESIAN_POINT('',(0.007,0.045,0.));
#3708=CARTESIAN_POINT('',(0.007,0.00879226601953664,0.017));
#3709=CARTESIAN_POINT('',(0.003,0.00879226601953666,0.017));
#3710=CARTESIAN_POINT('',(0.003,0.00879226601953664,0.017));
#3711=CARTESIAN_POINT('',(0.003,0.045,0.));
#3712=CARTESIAN_POINT('',(0.,0.045,0.03));
#3713=CARTESIAN_POINT('',(0.007,0.045,0.03));
#3714=CARTESIAN_POINT('',(0.007,0.045,0.0254));
#3715=CARTESIAN_POINT('',(0.003,0.045,0.03));
#3716=CARTESIAN_POINT('',(0.003,0.045,0.0254));
#3717=CARTESIAN_POINT('',(0.,0.075,0.));
#3718=CARTESIAN_POINT('',(0.007,0.075,0.));
#3719=CARTESIAN_POINT('',(0.007,0.075,-0.0046));
#3720=CARTESIAN_POINT('',(0.003,0.075,0.));
#3721=CARTESIAN_POINT('',(0.003,0.075,-0.0046));
#3722=CARTESIAN_POINT('',(0.,0.015,3.67394039744206E-18));
#3723=CARTESIAN_POINT('',(0.007,0.015,3.67394039744206E-18));
#3724=CARTESIAN_POINT('',(0.007,0.015,-0.0046));
#3725=CARTESIAN_POINT('',(0.003,0.015,3.67394039744206E-18));
#3726=CARTESIAN_POINT('',(0.003,0.015,-0.0046));
#3727=CARTESIAN_POINT('',(0.,0.045,-0.03));
#3728=CARTESIAN_POINT('',(0.007,0.045,-0.03));
#3729=CARTESIAN_POINT('',(0.007,0.045,-0.0346));
#3730=CARTESIAN_POINT('',(0.003,0.045,-0.03));
#3731=CARTESIAN_POINT('',(0.003,0.045,-0.0346));
#3732=CARTESIAN_POINT('',(0.003,0.045,0.));
#3733=CARTESIAN_POINT('',(0.003,0.00879226601953662,0.));
#3734=CARTESIAN_POINT('',(0.007,0.045,0.));
#3735=CARTESIAN_POINT('',(0.007,0.00879226601953662,0.));
#3736=CARTESIAN_POINT('',(0.003,0.00879226601953666,0.017));
#3737=CARTESIAN_POINT('',(0.108,0.00879226601953666,0.017));
#3738=CARTESIAN_POINT('',(0.108,0.00879226601953666,-0.017));
#3739=CARTESIAN_POINT('',(0.112,0.00879226601953664,-0.017));
#3740=CARTESIAN_POINT('',(0.108,0.00879226601953664,-0.017));
#3741=CARTESIAN_POINT('',(0.108,0.00879226601953662,0.));
#3742=CARTESIAN_POINT('',(0.108,0.00879226601953664,0.017));
#3743=CARTESIAN_POINT('',(0.108,0.00879226601953666,0.017));
#3744=CARTESIAN_POINT('',(0.112,0.00879226601953664,0.017));
#3745=CARTESIAN_POINT('',(0.112,0.00879226601953662,0.));
#3746=CARTESIAN_POINT('',(0.112,0.045,0.));
#3747=CARTESIAN_POINT('',(0.112,0.045,0.));
#3748=CARTESIAN_POINT('',(0.112,0.045,-0.03));
#3749=CARTESIAN_POINT('',(0.112,0.045,-0.0346));
#3750=CARTESIAN_POINT('',(0.112,0.015,3.67394039744206E-18));
#3751=CARTESIAN_POINT('',(0.112,0.015,-0.0046));
#3752=CARTESIAN_POINT('',(0.112,0.075,0.));
#3753=CARTESIAN_POINT('',(0.112,0.075,-0.0046));
#3754=CARTESIAN_POINT('',(0.112,0.045,0.03));
#3755=CARTESIAN_POINT('',(0.112,0.045,0.0254));
#3756=CARTESIAN_POINT('',(0.105,0.045,0.));
#3757=CARTESIAN_POINT('',(0.108,0.045,0.));
#3758=CARTESIAN_POINT('',(0.105,0.045,-0.03));
#3759=CARTESIAN_POINT('',(0.108,0.045,-0.03));
#3760=CARTESIAN_POINT('',(0.108,0.045,-0.0346));
#3761=CARTESIAN_POINT('',(0.105,0.015,3.67394039744206E-18));
#3762=CARTESIAN_POINT('',(0.108,0.015,3.67394039744206E-18));
#3763=CARTESIAN_POINT('',(0.108,0.015,-0.0046));
#3764=CARTESIAN_POINT('',(0.105,0.075,0.));
#3765=CARTESIAN_POINT('',(0.108,0.075,0.));
#3766=CARTESIAN_POINT('',(0.108,0.075,-0.0046));
#3767=CARTESIAN_POINT('',(0.105,0.045,0.03));
#3768=CARTESIAN_POINT('',(0.108,0.045,0.03));
#3769=CARTESIAN_POINT('',(0.108,0.045,0.0254));
#3770=CARTESIAN_POINT('',(0.108,0.045,0.));
#3771=MECHANICAL_DESIGN_GEOMETRIC_PRESENTATION_REPRESENTATION('',(#1709),
#3772);
#3772=(
GEOMETRIC_REPRESENTATION_CONTEXT(3)
GLOBAL_UNCERTAINTY_ASSIGNED_CONTEXT((#3773))
GLOBAL_UNIT_ASSIGNED_CONTEXT((#3776,#3775,#3774))
REPRESENTATION_CONTEXT('Calf link','TOP_LEVEL_ASSEMBLY_PART')
);
#3773=UNCERTAINTY_MEASURE_WITH_UNIT(LENGTH_MEASURE(2.E-5),#3776,
'DISTANCE_ACCURACY_VALUE','Maximum Tolerance applied to model');
#3774=(
NAMED_UNIT(*)
SI_UNIT($,.STERADIAN.)
SOLID_ANGLE_UNIT()
);
#3775=(
NAMED_UNIT(*)
PLANE_ANGLE_UNIT()
SI_UNIT($,.RADIAN.)
);
#3776=(
LENGTH_UNIT()
NAMED_UNIT(*)
SI_UNIT($,.METRE.)
);
#3777=PRODUCT_DEFINITION_SHAPE('','',#3778);
#3778=PRODUCT_DEFINITION('','',#3780,#3779);
#3779=PRODUCT_DEFINITION_CONTEXT('',#3786,'design');
#3780=PRODUCT_DEFINITION_FORMATION_WITH_SPECIFIED_SOURCE('','',#3782,
 .NOT_KNOWN.);
#3781=PRODUCT_RELATED_PRODUCT_CATEGORY('','',(#3782));
#3782=PRODUCT('Calf link','Calf link','Calf link',(#3784));
#3783=PRODUCT_CATEGORY('','');
#3784=PRODUCT_CONTEXT('',#3786,'mechanical');
#3785=APPLICATION_PROTOCOL_DEFINITION('international standard',
'ap242_managed_model_based_3d_engineering',2020,#3786);
#3786=APPLICATION_CONTEXT('managed model based 3d engineering');
ENDSEC;
END-ISO-10303-21;
