ISO-10303-21;
HEADER;
/* Generated by software containing ST-Developer
 * from STEP Tools, Inc. (www.steptools.com) 
 */
/* OPTION: using custom renumber hook */

FILE_DESCRIPTION(
/* description */ ('STEP AP242 Edition 2',
'CAx-IF Rec.Pracs.---Representation and Presentation of Product Manufa
cturing Information (PMI)---4.0---2014-10-13',
'CAx-IF Rec.Pracs.---3D Tessellated Geometry---0.4---2014-09-14','2;1',
'CAx-IF Rec.Pracs.---User Defined Attributes---1.5---2016-08-15'),
/* implementation_level */ '2;1');

FILE_NAME(
/* name */ 'robot - Hip Pitch giver',
/* time_stamp */ '2026-08-16T03:04:29Z',
/* author */ (''),
/* organization */ (''),
/* preprocessor_version */ 'ST-DEVELOPER v20',
/* originating_system */ 'ONSHAPE BY PTC INC, 1.219',
/* authorisation */ '  ');

FILE_SCHEMA (('AP242_MANAGED_MODEL_BASED_3D_ENGINEERING_MIM_LF { 1 0 10303 442 3 1 4 }'));
ENDSEC;

DATA;
#10=SHAPE_REPRESENTATION_RELATIONSHIP('','',#3808,#11);
#11=ADVANCED_BREP_SHAPE_REPRESENTATION('',(#3806),#10125);
#12=B_SPLINE_SURFACE_WITH_KNOTS('',3,1,((#7455,#7456),(#7457,#7458),(#7459,
#7460),(#7461,#7462),(#7463,#7464),(#7465,#7466),(#7467,#7468),(#7469,#7470),
(#7471,#7472),(#7473,#7474),(#7475,#7476),(#7477,#7478),(#7479,#7480),(#7481,
#7482)),.SURF_OF_LINEAR_EXTRUSION.,.F.,.F.,.F.,(4,1,1,1,1,1,1,1,1,1,1,4),
(2,2),(0.0439385159317782,0.0732236232366018,0.102508730541426,0.131793837846249,
0.161078945151073,0.21964915976072,0.278219374370368,0.395359803589662,
0.512500232808957,0.629640662028252,0.746781091247547,0.981061949686136),
(0.,1.),.UNSPECIFIED.);
#13=B_SPLINE_SURFACE_WITH_KNOTS('',3,1,((#7520,#7521),(#7522,#7523),(#7524,
#7525),(#7526,#7527),(#7528,#7529),(#7530,#7531),(#7532,#7533),(#7534,#7535),
(#7536,#7537),(#7538,#7539),(#7540,#7541),(#7542,#7543),(#7544,#7545),(#7546,
#7547)),.SURF_OF_LINEAR_EXTRUSION.,.F.,.F.,.F.,(4,1,1,1,1,1,1,1,1,1,1,4),
(2,2),(0.0439385159317765,0.0732236232366003,0.102508730541424,0.131793837846248,
0.161078945151071,0.219649159760719,0.278219374370366,0.395359803589661,
0.512500232808956,0.629640662028251,0.746781091247546,0.981061949686136),
(0.,1.),.UNSPECIFIED.);
#14=B_SPLINE_SURFACE_WITH_KNOTS('',3,1,((#7595,#7596),(#7597,#7598),(#7599,
#7600),(#7601,#7602),(#7603,#7604),(#7605,#7606),(#7607,#7608),(#7609,#7610),
(#7611,#7612),(#7613,#7614),(#7615,#7616),(#7617,#7618),(#7619,#7620),(#7621,
#7622)),.SURF_OF_LINEAR_EXTRUSION.,.F.,.F.,.F.,(4,1,1,1,1,1,1,1,1,1,1,4),
(2,2),(0.043938515931779,0.0732236232366027,0.102508730541426,0.13179383784625,
0.161078945151074,0.219649159760721,0.278219374370368,0.395359803589663,
0.512500232808958,0.629640662028252,0.746781091247547,0.981061949686136),
(0.,1.),.UNSPECIFIED.);
#15=B_SPLINE_SURFACE_WITH_KNOTS('',3,1,((#7660,#7661),(#7662,#7663),(#7664,
#7665),(#7666,#7667),(#7668,#7669),(#7670,#7671),(#7672,#7673),(#7674,#7675),
(#7676,#7677),(#7678,#7679),(#7680,#7681),(#7682,#7683),(#7684,#7685),(#7686,
#7687)),.SURF_OF_LINEAR_EXTRUSION.,.F.,.F.,.F.,(4,1,1,1,1,1,1,1,1,1,1,4),
(2,2),(0.043938515931778,0.0732236232366017,0.102508730541425,0.131793837846249,
0.161078945151073,0.21964915976072,0.278219374370367,0.395359803589662,
0.512500232808957,0.629640662028252,0.746781091247547,0.981061949686136),
(0.,1.),.UNSPECIFIED.);
#16=B_SPLINE_SURFACE_WITH_KNOTS('',3,1,((#7735,#7736),(#7737,#7738),(#7739,
#7740),(#7741,#7742),(#7743,#7744),(#7745,#7746),(#7747,#7748),(#7749,#7750),
(#7751,#7752),(#7753,#7754),(#7755,#7756),(#7757,#7758),(#7759,#7760),(#7761,
#7762)),.SURF_OF_LINEAR_EXTRUSION.,.F.,.F.,.F.,(4,1,1,1,1,1,1,1,1,1,1,4),
(2,2),(0.0439385159317777,0.0732236232366014,0.102508730541425,0.131793837846249,
0.161078945151072,0.21964915976072,0.278219374370367,0.395359803589662,
0.512500232808957,0.629640662028252,0.746781091247546,0.981061949686136),
(0.,1.),.UNSPECIFIED.);
#17=B_SPLINE_SURFACE_WITH_KNOTS('',3,1,((#7800,#7801),(#7802,#7803),(#7804,
#7805),(#7806,#7807),(#7808,#7809),(#7810,#7811),(#7812,#7813),(#7814,#7815),
(#7816,#7817),(#7818,#7819),(#7820,#7821),(#7822,#7823),(#7824,#7825),(#7826,
#7827)),.SURF_OF_LINEAR_EXTRUSION.,.F.,.F.,.F.,(4,1,1,1,1,1,1,1,1,1,1,4),
(2,2),(0.0439385159317773,0.0732236232366011,0.102508730541425,0.131793837846248,
0.161078945151072,0.21964915976072,0.278219374370367,0.395359803589662,
0.512500232808957,0.629640662028252,0.746781091247546,0.981061949686136),
(0.,1.),.UNSPECIFIED.);
#18=B_SPLINE_SURFACE_WITH_KNOTS('',3,1,((#7875,#7876),(#7877,#7878),(#7879,
#7880),(#7881,#7882),(#7883,#7884),(#7885,#7886),(#7887,#7888),(#7889,#7890),
(#7891,#7892),(#7893,#7894),(#7895,#7896),(#7897,#7898),(#7899,#7900),(#7901,
#7902)),.SURF_OF_LINEAR_EXTRUSION.,.F.,.F.,.F.,(4,1,1,1,1,1,1,1,1,1,1,4),
(2,2),(0.0439385159317776,0.0732236232366013,0.102508730541425,0.131793837846249,
0.161078945151072,0.21964915976072,0.278219374370367,0.395359803589662,
0.512500232808957,0.629640662028252,0.746781091247546,0.981061949686136),
(0.,1.),.UNSPECIFIED.);
#19=B_SPLINE_SURFACE_WITH_KNOTS('',3,1,((#7940,#7941),(#7942,#7943),(#7944,
#7945),(#7946,#7947),(#7948,#7949),(#7950,#7951),(#7952,#7953),(#7954,#7955),
(#7956,#7957),(#7958,#7959),(#7960,#7961),(#7962,#7963),(#7964,#7965),(#7966,
#7967)),.SURF_OF_LINEAR_EXTRUSION.,.F.,.F.,.F.,(4,1,1,1,1,1,1,1,1,1,1,4),
(2,2),(0.0439385159317758,0.0732236232365996,0.102508730541423,0.131793837846247,
0.161078945151071,0.219649159760718,0.278219374370366,0.395359803589661,
0.512500232808956,0.629640662028251,0.746781091247546,0.981061949686136),
(0.,1.),.UNSPECIFIED.);
#20=B_SPLINE_SURFACE_WITH_KNOTS('',3,1,((#8015,#8016),(#8017,#8018),(#8019,
#8020),(#8021,#8022),(#8023,#8024),(#8025,#8026),(#8027,#8028),(#8029,#8030),
(#8031,#8032),(#8033,#8034),(#8035,#8036),(#8037,#8038),(#8039,#8040),(#8041,
#8042)),.SURF_OF_LINEAR_EXTRUSION.,.F.,.F.,.F.,(4,1,1,1,1,1,1,1,1,1,1,4),
(2,2),(0.0439385159317766,0.0732236232366003,0.102508730541424,0.131793837846248,
0.161078945151071,0.219649159760719,0.278219374370366,0.395359803589661,
0.512500232808956,0.629640662028251,0.746781091247546,0.981061949686136),
(0.,1.),.UNSPECIFIED.);
#21=B_SPLINE_SURFACE_WITH_KNOTS('',3,1,((#8080,#8081),(#8082,#8083),(#8084,
#8085),(#8086,#8087),(#8088,#8089),(#8090,#8091),(#8092,#8093),(#8094,#8095),
(#8096,#8097),(#8098,#8099),(#8100,#8101),(#8102,#8103),(#8104,#8105),(#8106,
#8107)),.SURF_OF_LINEAR_EXTRUSION.,.F.,.F.,.F.,(4,1,1,1,1,1,1,1,1,1,1,4),
(2,2),(0.0439385159317745,0.0732236232365983,0.102508730541422,0.131793837846246,
0.16107894515107,0.219649159760717,0.278219374370365,0.39535980358966,0.512500232808955,
0.62964066202825,0.746781091247546,0.981061949686136),(0.,1.),
 .UNSPECIFIED.);
#22=B_SPLINE_SURFACE_WITH_KNOTS('',3,1,((#8155,#8156),(#8157,#8158),(#8159,
#8160),(#8161,#8162),(#8163,#8164),(#8165,#8166),(#8167,#8168),(#8169,#8170),
(#8171,#8172),(#8173,#8174),(#8175,#8176),(#8177,#8178),(#8179,#8180),(#8181,
#8182)),.SURF_OF_LINEAR_EXTRUSION.,.F.,.F.,.F.,(4,1,1,1,1,1,1,1,1,1,1,4),
(2,2),(0.0439385159317747,0.0732236232365985,0.102508730541422,0.131793837846246,
0.16107894515107,0.219649159760717,0.278219374370365,0.39535980358966,0.512500232808955,
0.62964066202825,0.746781091247546,0.981061949686136),(0.,1.),
 .UNSPECIFIED.);
#23=B_SPLINE_SURFACE_WITH_KNOTS('',3,1,((#8220,#8221),(#8222,#8223),(#8224,
#8225),(#8226,#8227),(#8228,#8229),(#8230,#8231),(#8232,#8233),(#8234,#8235),
(#8236,#8237),(#8238,#8239),(#8240,#8241),(#8242,#8243),(#8244,#8245),(#8246,
#8247)),.SURF_OF_LINEAR_EXTRUSION.,.F.,.F.,.F.,(4,1,1,1,1,1,1,1,1,1,1,4),
(2,2),(0.0439385159317766,0.0732236232366003,0.102508730541424,0.131793837846248,
0.161078945151071,0.219649159760719,0.278219374370366,0.395359803589661,
0.512500232808956,0.629640662028251,0.746781091247546,0.981061949686136),
(0.,1.),.UNSPECIFIED.);
#24=B_SPLINE_SURFACE_WITH_KNOTS('',3,1,((#8295,#8296),(#8297,#8298),(#8299,
#8300),(#8301,#8302),(#8303,#8304),(#8305,#8306),(#8307,#8308),(#8309,#8310),
(#8311,#8312),(#8313,#8314),(#8315,#8316),(#8317,#8318),(#8319,#8320),(#8321,
#8322)),.SURF_OF_LINEAR_EXTRUSION.,.F.,.F.,.F.,(4,1,1,1,1,1,1,1,1,1,1,4),
(2,2),(0.0439385159317781,0.0732236232366018,0.102508730541425,0.131793837846249,
0.161078945151073,0.21964915976072,0.278219374370368,0.395359803589662,
0.512500232808957,0.629640662028252,0.746781091247547,0.981061949686136),
(0.,1.),.UNSPECIFIED.);
#25=B_SPLINE_SURFACE_WITH_KNOTS('',3,1,((#8360,#8361),(#8362,#8363),(#8364,
#8365),(#8366,#8367),(#8368,#8369),(#8370,#8371),(#8372,#8373),(#8374,#8375),
(#8376,#8377),(#8378,#8379),(#8380,#8381),(#8382,#8383),(#8384,#8385),(#8386,
#8387)),.SURF_OF_LINEAR_EXTRUSION.,.F.,.F.,.F.,(4,1,1,1,1,1,1,1,1,1,1,4),
(2,2),(0.0439385159317766,0.0732236232366003,0.102508730541424,0.131793837846248,
0.161078945151072,0.219649159760719,0.278219374370366,0.395359803589661,
0.512500232808956,0.629640662028251,0.746781091247546,0.981061949686136),
(0.,1.),.UNSPECIFIED.);
#26=B_SPLINE_SURFACE_WITH_KNOTS('',3,1,((#8435,#8436),(#8437,#8438),(#8439,
#8440),(#8441,#8442),(#8443,#8444),(#8445,#8446),(#8447,#8448),(#8449,#8450),
(#8451,#8452),(#8453,#8454),(#8455,#8456),(#8457,#8458),(#8459,#8460),(#8461,
#8462)),.SURF_OF_LINEAR_EXTRUSION.,.F.,.F.,.F.,(4,1,1,1,1,1,1,1,1,1,1,4),
(2,2),(0.0439385159317776,0.0732236232366013,0.102508730541425,0.131793837846249,
0.161078945151072,0.21964915976072,0.278219374370367,0.395359803589662,
0.512500232808957,0.629640662028252,0.746781091247546,0.981061949686136),
(0.,1.),.UNSPECIFIED.);
#27=B_SPLINE_SURFACE_WITH_KNOTS('',3,1,((#8500,#8501),(#8502,#8503),(#8504,
#8505),(#8506,#8507),(#8508,#8509),(#8510,#8511),(#8512,#8513),(#8514,#8515),
(#8516,#8517),(#8518,#8519),(#8520,#8521),(#8522,#8523),(#8524,#8525),(#8526,
#8527)),.SURF_OF_LINEAR_EXTRUSION.,.F.,.F.,.F.,(4,1,1,1,1,1,1,1,1,1,1,4),
(2,2),(0.043938515931779,0.0732236232366027,0.102508730541426,0.13179383784625,
0.161078945151074,0.219649159760721,0.278219374370368,0.395359803589663,
0.512500232808958,0.629640662028252,0.746781091247547,0.981061949686136),
(0.,1.),.UNSPECIFIED.);
#28=B_SPLINE_SURFACE_WITH_KNOTS('',3,1,((#8575,#8576),(#8577,#8578),(#8579,
#8580),(#8581,#8582),(#8583,#8584),(#8585,#8586),(#8587,#8588),(#8589,#8590),
(#8591,#8592),(#8593,#8594),(#8595,#8596),(#8597,#8598),(#8599,#8600),(#8601,
#8602)),.SURF_OF_LINEAR_EXTRUSION.,.F.,.F.,.F.,(4,1,1,1,1,1,1,1,1,1,1,4),
(2,2),(0.0439385159317772,0.0732236232366009,0.102508730541425,0.131793837846248,
0.161078945151072,0.219649159760719,0.278219374370367,0.395359803589662,
0.512500232808957,0.629640662028252,0.746781091247546,0.981061949686136),
(0.,1.),.UNSPECIFIED.);
#29=B_SPLINE_SURFACE_WITH_KNOTS('',3,1,((#8640,#8641),(#8642,#8643),(#8644,
#8645),(#8646,#8647),(#8648,#8649),(#8650,#8651),(#8652,#8653),(#8654,#8655),
(#8656,#8657),(#8658,#8659),(#8660,#8661),(#8662,#8663),(#8664,#8665),(#8666,
#8667)),.SURF_OF_LINEAR_EXTRUSION.,.F.,.F.,.F.,(4,1,1,1,1,1,1,1,1,1,1,4),
(2,2),(0.0439385159317775,0.0732236232366012,0.102508730541425,0.131793837846249,
0.161078945151072,0.21964915976072,0.278219374370367,0.395359803589662,
0.512500232808957,0.629640662028252,0.746781091247546,0.981061949686136),
(0.,1.),.UNSPECIFIED.);
#30=B_SPLINE_SURFACE_WITH_KNOTS('',3,1,((#8715,#8716),(#8717,#8718),(#8719,
#8720),(#8721,#8722),(#8723,#8724),(#8725,#8726),(#8727,#8728),(#8729,#8730),
(#8731,#8732),(#8733,#8734),(#8735,#8736),(#8737,#8738),(#8739,#8740),(#8741,
#8742)),.SURF_OF_LINEAR_EXTRUSION.,.F.,.F.,.F.,(4,1,1,1,1,1,1,1,1,1,1,4),
(2,2),(0.0439385159317758,0.0732236232365996,0.102508730541423,0.131793837846247,
0.161078945151071,0.219649159760718,0.278219374370366,0.395359803589661,
0.512500232808956,0.629640662028251,0.746781091247546,0.981061949686136),
(0.,1.),.UNSPECIFIED.);
#31=B_SPLINE_SURFACE_WITH_KNOTS('',3,1,((#8780,#8781),(#8782,#8783),(#8784,
#8785),(#8786,#8787),(#8788,#8789),(#8790,#8791),(#8792,#8793),(#8794,#8795),
(#8796,#8797),(#8798,#8799),(#8800,#8801),(#8802,#8803),(#8804,#8805),(#8806,
#8807)),.SURF_OF_LINEAR_EXTRUSION.,.F.,.F.,.F.,(4,1,1,1,1,1,1,1,1,1,1,4),
(2,2),(0.0439385159317776,0.0732236232366013,0.102508730541425,0.131793837846249,
0.161078945151072,0.21964915976072,0.278219374370367,0.395359803589662,
0.512500232808957,0.629640662028252,0.746781091247546,0.981061949686136),
(0.,1.),.UNSPECIFIED.);
#32=B_SPLINE_SURFACE_WITH_KNOTS('',3,1,((#8855,#8856),(#8857,#8858),(#8859,
#8860),(#8861,#8862),(#8863,#8864),(#8865,#8866),(#8867,#8868),(#8869,#8870),
(#8871,#8872),(#8873,#8874),(#8875,#8876),(#8877,#8878),(#8879,#8880),(#8881,
#8882)),.SURF_OF_LINEAR_EXTRUSION.,.F.,.F.,.F.,(4,1,1,1,1,1,1,1,1,1,1,4),
(2,2),(0.0439385159317772,0.0732236232366009,0.102508730541425,0.131793837846248,
0.161078945151072,0.219649159760719,0.278219374370367,0.395359803589662,
0.512500232808957,0.629640662028252,0.746781091247546,0.981061949686136),
(0.,1.),.UNSPECIFIED.);
#33=B_SPLINE_SURFACE_WITH_KNOTS('',3,1,((#8920,#8921),(#8922,#8923),(#8924,
#8925),(#8926,#8927),(#8928,#8929),(#8930,#8931),(#8932,#8933),(#8934,#8935),
(#8936,#8937),(#8938,#8939),(#8940,#8941),(#8942,#8943),(#8944,#8945),(#8946,
#8947)),.SURF_OF_LINEAR_EXTRUSION.,.F.,.F.,.F.,(4,1,1,1,1,1,1,1,1,1,1,4),
(2,2),(0.0439385159317768,0.0732236232366005,0.102508730541424,0.131793837846248,
0.161078945151072,0.219649159760719,0.278219374370367,0.395359803589661,
0.512500232808956,0.629640662028251,0.746781091247546,0.981061949686136),
(0.,1.),.UNSPECIFIED.);
#34=B_SPLINE_SURFACE_WITH_KNOTS('',3,1,((#8995,#8996),(#8997,#8998),(#8999,
#9000),(#9001,#9002),(#9003,#9004),(#9005,#9006),(#9007,#9008),(#9009,#9010),
(#9011,#9012),(#9013,#9014),(#9015,#9016),(#9017,#9018),(#9019,#9020),(#9021,
#9022)),.SURF_OF_LINEAR_EXTRUSION.,.F.,.F.,.F.,(4,1,1,1,1,1,1,1,1,1,1,4),
(2,2),(0.0439385159317773,0.0732236232366009,0.102508730541425,0.131793837846248,
0.161078945151072,0.219649159760719,0.278219374370367,0.395359803589662,
0.512500232808957,0.629640662028252,0.746781091247546,0.981061949686136),
(0.,1.),.UNSPECIFIED.);
#35=B_SPLINE_SURFACE_WITH_KNOTS('',3,1,((#9060,#9061),(#9062,#9063),(#9064,
#9065),(#9066,#9067),(#9068,#9069),(#9070,#9071),(#9072,#9073),(#9074,#9075),
(#9076,#9077),(#9078,#9079),(#9080,#9081),(#9082,#9083),(#9084,#9085),(#9086,
#9087)),.SURF_OF_LINEAR_EXTRUSION.,.F.,.F.,.F.,(4,1,1,1,1,1,1,1,1,1,1,4),
(2,2),(0.0439385159317769,0.0732236232366006,0.102508730541424,0.131793837846248,
0.161078945151072,0.219649159760719,0.278219374370367,0.395359803589661,
0.512500232808956,0.629640662028251,0.746781091247546,0.981061949686136),
(0.,1.),.UNSPECIFIED.);
#36=B_SPLINE_SURFACE_WITH_KNOTS('',3,1,((#9135,#9136),(#9137,#9138),(#9139,
#9140),(#9141,#9142),(#9143,#9144),(#9145,#9146),(#9147,#9148),(#9149,#9150),
(#9151,#9152),(#9153,#9154),(#9155,#9156),(#9157,#9158),(#9159,#9160),(#9161,
#9162)),.SURF_OF_LINEAR_EXTRUSION.,.F.,.F.,.F.,(4,1,1,1,1,1,1,1,1,1,1,4),
(2,2),(0.0439385159317786,0.0732236232366023,0.102508730541426,0.13179383784625,
0.161078945151073,0.219649159760721,0.278219374370368,0.395359803589663,
0.512500232808957,0.629640662028252,0.746781091247547,0.981061949686136),
(0.,1.),.UNSPECIFIED.);
#37=B_SPLINE_SURFACE_WITH_KNOTS('',3,1,((#9200,#9201),(#9202,#9203),(#9204,
#9205),(#9206,#9207),(#9208,#9209),(#9210,#9211),(#9212,#9213),(#9214,#9215),
(#9216,#9217),(#9218,#9219),(#9220,#9221),(#9222,#9223),(#9224,#9225),(#9226,
#9227)),.SURF_OF_LINEAR_EXTRUSION.,.F.,.F.,.F.,(4,1,1,1,1,1,1,1,1,1,1,4),
(2,2),(0.0439385159317776,0.0732236232366013,0.102508730541425,0.131793837846249,
0.161078945151072,0.21964915976072,0.278219374370367,0.395359803589662,
0.512500232808957,0.629640662028252,0.746781091247546,0.981061949686136),
(0.,1.),.UNSPECIFIED.);
#38=B_SPLINE_SURFACE_WITH_KNOTS('',3,1,((#9275,#9276),(#9277,#9278),(#9279,
#9280),(#9281,#9282),(#9283,#9284),(#9285,#9286),(#9287,#9288),(#9289,#9290),
(#9291,#9292),(#9293,#9294),(#9295,#9296),(#9297,#9298),(#9299,#9300),(#9301,
#9302)),.SURF_OF_LINEAR_EXTRUSION.,.F.,.F.,.F.,(4,1,1,1,1,1,1,1,1,1,1,4),
(2,2),(0.0439385159317771,0.0732236232366009,0.102508730541425,0.131793837846248,
0.161078945151072,0.219649159760719,0.278219374370367,0.395359803589662,
0.512500232808957,0.629640662028252,0.746781091247546,0.981061949686136),
(0.,1.),.UNSPECIFIED.);
#39=B_SPLINE_SURFACE_WITH_KNOTS('',3,1,((#9340,#9341),(#9342,#9343),(#9344,
#9345),(#9346,#9347),(#9348,#9349),(#9350,#9351),(#9352,#9353),(#9354,#9355),
(#9356,#9357),(#9358,#9359),(#9360,#9361),(#9362,#9363),(#9364,#9365),(#9366,
#9367)),.SURF_OF_LINEAR_EXTRUSION.,.F.,.F.,.F.,(4,1,1,1,1,1,1,1,1,1,1,4),
(2,2),(0.0439385159317768,0.0732236232366006,0.102508730541424,0.131793837846248,
0.161078945151072,0.219649159760719,0.278219374370367,0.395359803589661,
0.512500232808956,0.629640662028251,0.746781091247546,0.981061949686136),
(0.,1.),.UNSPECIFIED.);
#40=B_SPLINE_SURFACE_WITH_KNOTS('',3,1,((#9415,#9416),(#9417,#9418),(#9419,
#9420),(#9421,#9422),(#9423,#9424),(#9425,#9426),(#9427,#9428),(#9429,#9430),
(#9431,#9432),(#9433,#9434),(#9435,#9436),(#9437,#9438),(#9439,#9440),(#9441,
#9442)),.SURF_OF_LINEAR_EXTRUSION.,.F.,.F.,.F.,(4,1,1,1,1,1,1,1,1,1,1,4),
(2,2),(0.0439385159317767,0.0732236232366004,0.102508730541424,0.131793837846248,
0.161078945151072,0.219649159760719,0.278219374370367,0.395359803589661,
0.512500232808956,0.629640662028251,0.746781091247546,0.981061949686136),
(0.,1.),.UNSPECIFIED.);
#41=B_SPLINE_SURFACE_WITH_KNOTS('',3,1,((#9480,#9481),(#9482,#9483),(#9484,
#9485),(#9486,#9487),(#9488,#9489),(#9490,#9491),(#9492,#9493),(#9494,#9495),
(#9496,#9497),(#9498,#9499),(#9500,#9501),(#9502,#9503),(#9504,#9505),(#9506,
#9507)),.SURF_OF_LINEAR_EXTRUSION.,.F.,.F.,.F.,(4,1,1,1,1,1,1,1,1,1,1,4),
(2,2),(0.043938515931777,0.0732236232366007,0.102508730541424,0.131793837846248,
0.161078945151072,0.219649159760719,0.278219374370367,0.395359803589662,
0.512500232808957,0.629640662028251,0.746781091247546,0.981061949686136),
(0.,1.),.UNSPECIFIED.);
#42=B_SPLINE_SURFACE_WITH_KNOTS('',3,1,((#9555,#9556),(#9557,#9558),(#9559,
#9560),(#9561,#9562),(#9563,#9564),(#9565,#9566),(#9567,#9568),(#9569,#9570),
(#9571,#9572),(#9573,#9574),(#9575,#9576),(#9577,#9578),(#9579,#9580),(#9581,
#9582)),.SURF_OF_LINEAR_EXTRUSION.,.F.,.F.,.F.,(4,1,1,1,1,1,1,1,1,1,1,4),
(2,2),(0.0439385159317772,0.0732236232366009,0.102508730541425,0.131793837846248,
0.161078945151072,0.219649159760719,0.278219374370367,0.395359803589662,
0.512500232808957,0.629640662028252,0.746781091247546,0.981061949686136),
(0.,1.),.UNSPECIFIED.);
#43=B_SPLINE_SURFACE_WITH_KNOTS('',3,1,((#9620,#9621),(#9622,#9623),(#9624,
#9625),(#9626,#9627),(#9628,#9629),(#9630,#9631),(#9632,#9633),(#9634,#9635),
(#9636,#9637),(#9638,#9639),(#9640,#9641),(#9642,#9643),(#9644,#9645),(#9646,
#9647)),.SURF_OF_LINEAR_EXTRUSION.,.F.,.F.,.F.,(4,1,1,1,1,1,1,1,1,1,1,4),
(2,2),(0.0439385159317787,0.0732236232366024,0.102508730541426,0.13179383784625,
0.161078945151073,0.219649159760721,0.278219374370368,0.395359803589663,
0.512500232808957,0.629640662028252,0.746781091247547,0.981061949686136),
(0.,1.),.UNSPECIFIED.);
#44=B_SPLINE_SURFACE_WITH_KNOTS('',3,1,((#9695,#9696),(#9697,#9698),(#9699,
#9700),(#9701,#9702),(#9703,#9704),(#9705,#9706),(#9707,#9708),(#9709,#9710),
(#9711,#9712),(#9713,#9714),(#9715,#9716),(#9717,#9718),(#9719,#9720),(#9721,
#9722)),.SURF_OF_LINEAR_EXTRUSION.,.F.,.F.,.F.,(4,1,1,1,1,1,1,1,1,1,1,4),
(2,2),(0.0439385159317773,0.0732236232366011,0.102508730541425,0.131793837846248,
0.161078945151072,0.21964915976072,0.278219374370367,0.395359803589662,
0.512500232808957,0.629640662028252,0.746781091247546,0.981061949686136),
(0.,1.),.UNSPECIFIED.);
#45=B_SPLINE_SURFACE_WITH_KNOTS('',3,1,((#9760,#9761),(#9762,#9763),(#9764,
#9765),(#9766,#9767),(#9768,#9769),(#9770,#9771),(#9772,#9773),(#9774,#9775),
(#9776,#9777),(#9778,#9779),(#9780,#9781),(#9782,#9783),(#9784,#9785),(#9786,
#9787)),.SURF_OF_LINEAR_EXTRUSION.,.F.,.F.,.F.,(4,1,1,1,1,1,1,1,1,1,1,4),
(2,2),(0.043938515931777,0.0732236232366007,0.102508730541424,0.131793837846248,
0.161078945151072,0.219649159760719,0.278219374370367,0.395359803589662,
0.512500232808957,0.629640662028251,0.746781091247546,0.981061949686136),
(0.,1.),.UNSPECIFIED.);
#46=B_SPLINE_SURFACE_WITH_KNOTS('',3,1,((#9835,#9836),(#9837,#9838),(#9839,
#9840),(#9841,#9842),(#9843,#9844),(#9845,#9846),(#9847,#9848),(#9849,#9850),
(#9851,#9852),(#9853,#9854),(#9855,#9856),(#9857,#9858),(#9859,#9860),(#9861,
#9862)),.SURF_OF_LINEAR_EXTRUSION.,.F.,.F.,.F.,(4,1,1,1,1,1,1,1,1,1,1,4),
(2,2),(0.043938515931777,0.0732236232366008,0.102508730541424,0.131793837846248,
0.161078945151072,0.219649159760719,0.278219374370367,0.395359803589662,
0.512500232808957,0.629640662028251,0.746781091247546,0.981061949686136),
(0.,1.),.UNSPECIFIED.);
#47=B_SPLINE_SURFACE_WITH_KNOTS('',3,1,((#9900,#9901),(#9902,#9903),(#9904,
#9905),(#9906,#9907),(#9908,#9909),(#9910,#9911),(#9912,#9913),(#9914,#9915),
(#9916,#9917),(#9918,#9919),(#9920,#9921),(#9922,#9923),(#9924,#9925),(#9926,
#9927)),.SURF_OF_LINEAR_EXTRUSION.,.F.,.F.,.F.,(4,1,1,1,1,1,1,1,1,1,1,4),
(2,2),(0.043938515931777,0.0732236232366007,0.102508730541424,0.131793837846248,
0.161078945151072,0.219649159760719,0.278219374370367,0.395359803589662,
0.512500232808957,0.629640662028251,0.746781091247546,0.981061949686136),
(0.,1.),.UNSPECIFIED.);
#48=SPHERICAL_SURFACE('',#3861,0.003);
#49=SPHERICAL_SURFACE('',#3862,0.003);
#50=SPHERICAL_SURFACE('',#3902,0.003);
#51=SPHERICAL_SURFACE('',#3903,0.003);
#52=SPHERICAL_SURFACE('',#3943,0.003);
#53=SPHERICAL_SURFACE('',#3944,0.003);
#54=SPHERICAL_SURFACE('',#3984,0.003);
#55=SPHERICAL_SURFACE('',#3985,0.003);
#56=SPHERICAL_SURFACE('',#4244,0.003);
#57=SPHERICAL_SURFACE('',#4252,0.003);
#58=TOROIDAL_SURFACE('',#3855,0.041,0.003);
#59=TOROIDAL_SURFACE('',#3856,0.041,0.003);
#60=TOROIDAL_SURFACE('',#3859,0.043,0.003);
#61=TOROIDAL_SURFACE('',#3896,0.041,0.003);
#62=TOROIDAL_SURFACE('',#3897,0.041,0.003);
#63=TOROIDAL_SURFACE('',#3900,0.043,0.003);
#64=TOROIDAL_SURFACE('',#3937,0.041,0.003);
#65=TOROIDAL_SURFACE('',#3938,0.041,0.003);
#66=TOROIDAL_SURFACE('',#3941,0.043,0.003);
#67=TOROIDAL_SURFACE('',#3978,0.041,0.003);
#68=TOROIDAL_SURFACE('',#3979,0.041,0.003);
#69=TOROIDAL_SURFACE('',#3982,0.043,0.003);
#70=TOROIDAL_SURFACE('',#4238,0.043,0.003);
#71=TOROIDAL_SURFACE('',#4247,0.041,0.003);
#72=TOROIDAL_SURFACE('',#4254,0.041,0.003);
#73=TOROIDAL_SURFACE('',#4269,0.038,0.005);
#74=ELLIPSE('',#3848,0.00424264068711928,0.003);
#75=ELLIPSE('',#3851,0.00424264068711928,0.003);
#76=ELLIPSE('',#3889,0.00424264068711928,0.003);
#77=ELLIPSE('',#3892,0.00424264068711928,0.003);
#78=ELLIPSE('',#3930,0.00424264068711928,0.003);
#79=ELLIPSE('',#3933,0.00424264068711928,0.003);
#80=ELLIPSE('',#3971,0.00424264068711928,0.003);
#81=ELLIPSE('',#3974,0.00424264068711928,0.003);
#82=ELLIPSE('',#4237,0.00424264068711928,0.003);
#83=ELLIPSE('',#4243,0.00424264068711928,0.003);
#84=B_SPLINE_CURVE_WITH_KNOTS('',3,(#5490,#5491,#5492,#5493,#5494,#5495),
 .UNSPECIFIED.,.F.,.F.,(4,1,1,4),(0.,0.0013778216573835,0.00275564331476701,
0.00551128662953401),.UNSPECIFIED.);
#85=B_SPLINE_CURVE_WITH_KNOTS('',3,(#5498,#5499,#5500,#5501,#5502,#5503),
 .UNSPECIFIED.,.F.,.F.,(4,1,1,4),(0.,0.00137782165738351,0.00275564331476701,
0.00551128662953403),.UNSPECIFIED.);
#86=B_SPLINE_CURVE_WITH_KNOTS('',3,(#5511,#5512,#5513,#5514),
 .UNSPECIFIED.,.F.,.F.,(4,4),(7.80625564189563E-18,0.00201643562526364),
 .UNSPECIFIED.);
#87=B_SPLINE_CURVE_WITH_KNOTS('',3,(#5516,#5517,#5518,#5519,#5520,#5521,
#5522),.UNSPECIFIED.,.F.,.F.,(4,1,1,1,4),(-0.000401433470649579,0.00114677669877691,
0.0026949868682034,0.00424319703762989,0.00579140720705638),
 .UNSPECIFIED.);
#88=B_SPLINE_CURVE_WITH_KNOTS('',3,(#5524,#5525,#5526,#5527,#5528,#5529,
#5530),.UNSPECIFIED.,.F.,.F.,(4,1,1,1,4),(-0.000401433470649567,0.00114677669877692,
0.00269498686820341,0.00424319703762991,0.0057914072070564),
 .UNSPECIFIED.);
#89=B_SPLINE_CURVE_WITH_KNOTS('',3,(#5532,#5533,#5534,#5535),
 .UNSPECIFIED.,.F.,.F.,(4,4),(0.,0.00201630488015191),.UNSPECIFIED.);
#90=B_SPLINE_CURVE_WITH_KNOTS('',3,(#5607,#5608,#5609,#5610,#5611,#5612),
 .UNSPECIFIED.,.F.,.F.,(4,1,1,4),(0.,0.00137782165738349,0.00275564331476698,
0.00551128662953397),.UNSPECIFIED.);
#91=B_SPLINE_CURVE_WITH_KNOTS('',3,(#5615,#5616,#5617,#5618,#5619,#5620),
 .UNSPECIFIED.,.F.,.F.,(4,1,1,4),(0.,0.0013778216573835,0.002755643314767,
0.005511286629534),.UNSPECIFIED.);
#92=B_SPLINE_CURVE_WITH_KNOTS('',3,(#5628,#5629,#5630,#5631),
 .UNSPECIFIED.,.F.,.F.,(4,4),(5.20417042793042E-18,0.00201643562526364),
 .UNSPECIFIED.);
#93=B_SPLINE_CURVE_WITH_KNOTS('',3,(#5633,#5634,#5635,#5636,#5637,#5638,
#5639),.UNSPECIFIED.,.F.,.F.,(4,1,1,1,4),(-0.000401433470649583,0.00114677669877691,
0.00269498686820341,0.0042431970376299,0.0057914072070564),
 .UNSPECIFIED.);
#94=B_SPLINE_CURVE_WITH_KNOTS('',3,(#5641,#5642,#5643,#5644,#5645,#5646,
#5647),.UNSPECIFIED.,.F.,.F.,(4,1,1,1,4),(-0.000401433470649588,0.00114677669877692,
0.00269498686820343,0.00424319703762994,0.00579140720705645),
 .UNSPECIFIED.);
#95=B_SPLINE_CURVE_WITH_KNOTS('',3,(#5649,#5650,#5651,#5652),
 .UNSPECIFIED.,.F.,.F.,(4,4),(0.,0.0020163048801519),.UNSPECIFIED.);
#96=B_SPLINE_CURVE_WITH_KNOTS('',3,(#5724,#5725,#5726,#5727,#5728,#5729),
 .UNSPECIFIED.,.F.,.F.,(4,1,1,4),(0.,0.0013778216573835,0.002755643314767,
0.00551128662953401),.UNSPECIFIED.);
#97=B_SPLINE_CURVE_WITH_KNOTS('',3,(#5732,#5733,#5734,#5735,#5736,#5737),
 .UNSPECIFIED.,.F.,.F.,(4,1,1,4),(0.,0.0013778216573835,0.002755643314767,
0.00551128662953399),.UNSPECIFIED.);
#98=B_SPLINE_CURVE_WITH_KNOTS('',3,(#5745,#5746,#5747,#5748),
 .UNSPECIFIED.,.F.,.F.,(4,4),(6.07153216591882E-18,0.00201643562526365),
 .UNSPECIFIED.);
#99=B_SPLINE_CURVE_WITH_KNOTS('',3,(#5750,#5751,#5752,#5753,#5754,#5755,
#5756),.UNSPECIFIED.,.F.,.F.,(4,1,1,1,4),(-0.00040143347064956,0.00114677669877693,
0.00269498686820342,0.00424319703762991,0.0057914072070564),
 .UNSPECIFIED.);
#100=B_SPLINE_CURVE_WITH_KNOTS('',3,(#5758,#5759,#5760,#5761,#5762,#5763,
#5764),.UNSPECIFIED.,.F.,.F.,(4,1,1,1,4),(-0.000401433470649543,0.00114677669877695,
0.00269498686820344,0.00424319703762992,0.00579140720705641),
 .UNSPECIFIED.);
#101=B_SPLINE_CURVE_WITH_KNOTS('',3,(#5766,#5767,#5768,#5769),
 .UNSPECIFIED.,.F.,.F.,(4,4),(0.,0.00201630488015191),.UNSPECIFIED.);
#102=B_SPLINE_CURVE_WITH_KNOTS('',3,(#5842,#5843,#5844,#5845,#5846,#5847),
 .UNSPECIFIED.,.F.,.F.,(4,1,1,4),(0.,0.0013778216573835,0.00275564331476701,
0.00551128662953401),.UNSPECIFIED.);
#103=B_SPLINE_CURVE_WITH_KNOTS('',3,(#5850,#5851,#5852,#5853,#5854,#5855),
 .UNSPECIFIED.,.F.,.F.,(4,1,1,4),(0.,0.0013778216573835,0.00275564331476699,
0.00551128662953398),.UNSPECIFIED.);
#104=B_SPLINE_CURVE_WITH_KNOTS('',3,(#5863,#5864,#5865,#5866),
 .UNSPECIFIED.,.F.,.F.,(4,4),(1.73472347597681E-18,0.00201643562526363),
 .UNSPECIFIED.);
#105=B_SPLINE_CURVE_WITH_KNOTS('',3,(#5868,#5869,#5870,#5871,#5872,#5873,
#5874),.UNSPECIFIED.,.F.,.F.,(4,1,1,1,4),(-0.00040143347064958,0.00114677669877695,
0.00269498686820347,0.00424319703763,0.00579140720705652),.UNSPECIFIED.);
#106=B_SPLINE_CURVE_WITH_KNOTS('',3,(#5876,#5877,#5878,#5879,#5880,#5881,
#5882),.UNSPECIFIED.,.F.,.F.,(4,1,1,1,4),(-0.000401433470649529,0.00114677669877697,
0.00269498686820346,0.00424319703762996,0.00579140720705645),
 .UNSPECIFIED.);
#107=B_SPLINE_CURVE_WITH_KNOTS('',3,(#5884,#5885,#5886,#5887),
 .UNSPECIFIED.,.F.,.F.,(4,4),(0.,0.0020163048801519),.UNSPECIFIED.);
#108=B_SPLINE_CURVE_WITH_KNOTS('',3,(#6072,#6073,#6074,#6075,#6076,#6077,
#6078,#6079,#6080,#6081,#6082,#6083,#6084,#6085,#6086,#6087,#6088,#6089,
#6090,#6091,#6092,#6093,#6094,#6095,#6096,#6097,#6098,#6099,#6100,#6101,
#6102,#6103,#6104,#6105,#6106),.UNSPECIFIED.,.F.,.F.,(4,1,1,1,1,1,1,1,1,
1,1,1,1,1,1,1,1,1,1,1,1,1,1,1,1,1,1,1,1,1,1,1,4),(0.,0.107626156441442,
0.116731661278873,0.128486815154898,0.142395700036577,0.158166892716714,
0.175602602057852,0.194557216347194,0.214917738100317,0.23659316865271,
0.259508179747131,0.283599073824856,0.308811067431172,0.33509638778013,
0.362412893965382,0.390723050350557,0.419993144285972,0.450192678114564,
0.481293888508613,0.513271360774479,0.546101715281823,0.579763349550858,
0.614236223905408,0.649501681663423,0.685542297023231,0.72234174539079,
0.759884692062706,0.798156696053524,0.837144126516999,0.876834089717067,
0.917214364895772,0.958273347691246,0.981061949686136),.UNSPECIFIED.);
#109=B_SPLINE_CURVE_WITH_KNOTS('',3,(#6107,#6108,#6109,#6110,#6111,#6112,
#6113,#6114,#6115,#6116,#6117,#6118,#6119,#6120,#6121,#6122,#6123,#6124,
#6125,#6126,#6127,#6128,#6129,#6130,#6131,#6132,#6133,#6134,#6135,#6136,
#6137,#6138,#6139,#6140,#6141),.UNSPECIFIED.,.F.,.F.,(4,1,1,1,1,1,1,1,1,
1,1,1,1,1,1,1,1,1,1,1,1,1,1,1,1,1,1,1,1,1,1,1,4),(0.,0.107626156441442,
0.116731661278873,0.128486815154898,0.142395700036577,0.158166892716714,
0.175602602057852,0.194557216347194,0.214917738100317,0.23659316865271,
0.259508179747131,0.283599073824856,0.308811067431172,0.33509638778013,
0.362412893965382,0.390723050350557,0.419993144285972,0.450192678114564,
0.481293888508613,0.513271360774479,0.546101715281823,0.579763349550858,
0.614236223905408,0.649501681663423,0.685542297023231,0.72234174539079,
0.759884692062706,0.798156696053524,0.837144126516999,0.876834089717067,
0.917214364895772,0.958273347691246,0.981061949686136),.UNSPECIFIED.);
#110=B_SPLINE_CURVE_WITH_KNOTS('',3,(#6149,#6150,#6151,#6152,#6153,#6154,
#6155,#6156,#6157,#6158,#6159,#6160,#6161,#6162,#6163,#6164,#6165,#6166,
#6167,#6168,#6169,#6170,#6171,#6172,#6173,#6174,#6175,#6176,#6177,#6178,
#6179,#6180,#6181,#6182,#6183),.UNSPECIFIED.,.F.,.F.,(4,1,1,1,1,1,1,1,1,
1,1,1,1,1,1,1,1,1,1,1,1,1,1,1,1,1,1,1,1,1,1,1,4),(0.,0.107626156441442,
0.116731661278873,0.128486815154898,0.142395700036577,0.158166892716714,
0.175602602057852,0.194557216347194,0.214917738100317,0.23659316865271,
0.259508179747131,0.283599073824856,0.308811067431172,0.33509638778013,
0.362412893965382,0.390723050350557,0.419993144285972,0.450192678114564,
0.481293888508613,0.513271360774479,0.546101715281823,0.579763349550858,
0.614236223905408,0.649501681663423,0.685542297023231,0.72234174539079,
0.759884692062706,0.798156696053524,0.837144126516999,0.876834089717067,
0.917214364895772,0.958273347691246,0.981061949686136),.UNSPECIFIED.);
#111=B_SPLINE_CURVE_WITH_KNOTS('',3,(#6184,#6185,#6186,#6187,#6188,#6189,
#6190,#6191,#6192,#6193,#6194,#6195,#6196,#6197,#6198,#6199,#6200,#6201,
#6202,#6203,#6204,#6205,#6206,#6207,#6208,#6209,#6210,#6211,#6212,#6213,
#6214,#6215,#6216,#6217,#6218),.UNSPECIFIED.,.F.,.F.,(4,1,1,1,1,1,1,1,1,
1,1,1,1,1,1,1,1,1,1,1,1,1,1,1,1,1,1,1,1,1,1,1,4),(0.,0.107626156441442,
0.116731661278873,0.128486815154898,0.142395700036577,0.158166892716714,
0.175602602057852,0.194557216347194,0.214917738100317,0.23659316865271,
0.259508179747131,0.283599073824856,0.308811067431172,0.33509638778013,
0.362412893965382,0.390723050350557,0.419993144285972,0.450192678114564,
0.481293888508613,0.513271360774479,0.546101715281823,0.579763349550858,
0.614236223905408,0.649501681663423,0.685542297023231,0.72234174539079,
0.759884692062706,0.798156696053524,0.837144126516999,0.876834089717067,
0.917214364895772,0.958273347691246,0.981061949686136),.UNSPECIFIED.);
#112=B_SPLINE_CURVE_WITH_KNOTS('',3,(#6226,#6227,#6228,#6229,#6230,#6231,
#6232,#6233,#6234,#6235,#6236,#6237,#6238,#6239,#6240,#6241,#6242,#6243,
#6244,#6245,#6246,#6247,#6248,#6249,#6250,#6251,#6252,#6253,#6254,#6255,
#6256,#6257,#6258,#6259,#6260),.UNSPECIFIED.,.F.,.F.,(4,1,1,1,1,1,1,1,1,
1,1,1,1,1,1,1,1,1,1,1,1,1,1,1,1,1,1,1,1,1,1,1,4),(0.,0.107626156441442,
0.116731661278873,0.128486815154898,0.142395700036577,0.158166892716714,
0.175602602057852,0.194557216347194,0.214917738100317,0.23659316865271,
0.259508179747131,0.283599073824856,0.308811067431172,0.33509638778013,
0.362412893965382,0.390723050350557,0.419993144285972,0.450192678114564,
0.481293888508613,0.513271360774479,0.546101715281823,0.579763349550858,
0.614236223905408,0.649501681663423,0.685542297023231,0.72234174539079,
0.759884692062706,0.798156696053524,0.837144126516999,0.876834089717067,
0.917214364895772,0.958273347691246,0.981061949686136),.UNSPECIFIED.);
#113=B_SPLINE_CURVE_WITH_KNOTS('',3,(#6261,#6262,#6263,#6264,#6265,#6266,
#6267,#6268,#6269,#6270,#6271,#6272,#6273,#6274,#6275,#6276,#6277,#6278,
#6279,#6280,#6281,#6282,#6283,#6284,#6285,#6286,#6287,#6288,#6289,#6290,
#6291,#6292,#6293,#6294,#6295),.UNSPECIFIED.,.F.,.F.,(4,1,1,1,1,1,1,1,1,
1,1,1,1,1,1,1,1,1,1,1,1,1,1,1,1,1,1,1,1,1,1,1,4),(0.,0.107626156441442,
0.116731661278873,0.128486815154898,0.142395700036577,0.158166892716714,
0.175602602057852,0.194557216347194,0.214917738100317,0.23659316865271,
0.259508179747131,0.283599073824856,0.308811067431172,0.33509638778013,
0.362412893965382,0.390723050350557,0.419993144285972,0.450192678114564,
0.481293888508613,0.513271360774479,0.546101715281823,0.579763349550858,
0.614236223905408,0.649501681663423,0.685542297023231,0.72234174539079,
0.759884692062706,0.798156696053524,0.837144126516999,0.876834089717067,
0.917214364895772,0.958273347691246,0.981061949686136),.UNSPECIFIED.);
#114=B_SPLINE_CURVE_WITH_KNOTS('',3,(#6303,#6304,#6305,#6306,#6307,#6308,
#6309,#6310,#6311,#6312,#6313,#6314,#6315,#6316,#6317,#6318,#6319,#6320,
#6321,#6322,#6323,#6324,#6325,#6326,#6327,#6328,#6329,#6330,#6331,#6332,
#6333,#6334,#6335,#6336,#6337),.UNSPECIFIED.,.F.,.F.,(4,1,1,1,1,1,1,1,1,
1,1,1,1,1,1,1,1,1,1,1,1,1,1,1,1,1,1,1,1,1,1,1,4),(0.,0.107626156441442,
0.116731661278873,0.128486815154898,0.142395700036577,0.158166892716714,
0.175602602057852,0.194557216347194,0.214917738100317,0.23659316865271,
0.259508179747131,0.283599073824856,0.308811067431172,0.33509638778013,
0.362412893965382,0.390723050350557,0.419993144285972,0.450192678114564,
0.481293888508613,0.513271360774479,0.546101715281823,0.579763349550858,
0.614236223905408,0.649501681663423,0.685542297023231,0.72234174539079,
0.759884692062706,0.798156696053524,0.837144126516999,0.876834089717067,
0.917214364895772,0.958273347691246,0.981061949686136),.UNSPECIFIED.);
#115=B_SPLINE_CURVE_WITH_KNOTS('',3,(#6338,#6339,#6340,#6341,#6342,#6343,
#6344,#6345,#6346,#6347,#6348,#6349,#6350,#6351,#6352,#6353,#6354,#6355,
#6356,#6357,#6358,#6359,#6360,#6361,#6362,#6363,#6364,#6365,#6366,#6367,
#6368,#6369,#6370,#6371,#6372),.UNSPECIFIED.,.F.,.F.,(4,1,1,1,1,1,1,1,1,
1,1,1,1,1,1,1,1,1,1,1,1,1,1,1,1,1,1,1,1,1,1,1,4),(0.,0.107626156441442,
0.116731661278873,0.128486815154898,0.142395700036577,0.158166892716714,
0.175602602057852,0.194557216347194,0.214917738100317,0.23659316865271,
0.259508179747131,0.283599073824856,0.308811067431172,0.33509638778013,
0.362412893965382,0.390723050350557,0.419993144285972,0.450192678114564,
0.481293888508613,0.513271360774479,0.546101715281823,0.579763349550858,
0.614236223905408,0.649501681663423,0.685542297023231,0.72234174539079,
0.759884692062706,0.798156696053524,0.837144126516999,0.876834089717067,
0.917214364895772,0.958273347691246,0.981061949686136),.UNSPECIFIED.);
#116=B_SPLINE_CURVE_WITH_KNOTS('',3,(#6380,#6381,#6382,#6383,#6384,#6385,
#6386,#6387,#6388,#6389,#6390,#6391,#6392,#6393,#6394,#6395,#6396,#6397,
#6398,#6399,#6400,#6401,#6402,#6403,#6404,#6405,#6406,#6407,#6408,#6409,
#6410,#6411,#6412,#6413,#6414),.UNSPECIFIED.,.F.,.F.,(4,1,1,1,1,1,1,1,1,
1,1,1,1,1,1,1,1,1,1,1,1,1,1,1,1,1,1,1,1,1,1,1,4),(0.,0.107626156441442,
0.116731661278873,0.128486815154898,0.142395700036577,0.158166892716714,
0.175602602057852,0.194557216347194,0.214917738100317,0.23659316865271,
0.259508179747131,0.283599073824856,0.308811067431172,0.33509638778013,
0.362412893965382,0.390723050350557,0.419993144285972,0.450192678114564,
0.481293888508613,0.513271360774479,0.546101715281823,0.579763349550858,
0.614236223905408,0.649501681663423,0.685542297023231,0.72234174539079,
0.759884692062706,0.798156696053524,0.837144126516999,0.876834089717067,
0.917214364895772,0.958273347691246,0.981061949686136),.UNSPECIFIED.);
#117=B_SPLINE_CURVE_WITH_KNOTS('',3,(#6415,#6416,#6417,#6418,#6419,#6420,
#6421,#6422,#6423,#6424,#6425,#6426,#6427,#6428,#6429,#6430,#6431,#6432,
#6433,#6434,#6435,#6436,#6437,#6438,#6439,#6440,#6441,#6442,#6443,#6444,
#6445,#6446,#6447,#6448,#6449),.UNSPECIFIED.,.F.,.F.,(4,1,1,1,1,1,1,1,1,
1,1,1,1,1,1,1,1,1,1,1,1,1,1,1,1,1,1,1,1,1,1,1,4),(0.,0.107626156441442,
0.116731661278873,0.128486815154898,0.142395700036577,0.158166892716714,
0.175602602057852,0.194557216347194,0.214917738100317,0.23659316865271,
0.259508179747131,0.283599073824856,0.308811067431172,0.33509638778013,
0.362412893965382,0.390723050350557,0.419993144285972,0.450192678114564,
0.481293888508613,0.513271360774479,0.546101715281823,0.579763349550858,
0.614236223905408,0.649501681663423,0.685542297023231,0.72234174539079,
0.759884692062706,0.798156696053524,0.837144126516999,0.876834089717067,
0.917214364895772,0.958273347691246,0.981061949686136),.UNSPECIFIED.);
#118=B_SPLINE_CURVE_WITH_KNOTS('',3,(#6457,#6458,#6459,#6460,#6461,#6462,
#6463,#6464,#6465,#6466,#6467,#6468,#6469,#6470,#6471,#6472,#6473,#6474,
#6475,#6476,#6477,#6478,#6479,#6480,#6481,#6482,#6483,#6484,#6485,#6486,
#6487,#6488,#6489,#6490,#6491),.UNSPECIFIED.,.F.,.F.,(4,1,1,1,1,1,1,1,1,
1,1,1,1,1,1,1,1,1,1,1,1,1,1,1,1,1,1,1,1,1,1,1,4),(0.,0.107626156441442,
0.116731661278873,0.128486815154898,0.142395700036577,0.158166892716714,
0.175602602057852,0.194557216347194,0.214917738100317,0.23659316865271,
0.259508179747131,0.283599073824856,0.308811067431172,0.33509638778013,
0.362412893965382,0.390723050350557,0.419993144285972,0.450192678114564,
0.481293888508613,0.513271360774479,0.546101715281823,0.579763349550858,
0.614236223905408,0.649501681663423,0.685542297023231,0.72234174539079,
0.759884692062706,0.798156696053524,0.837144126516999,0.876834089717067,
0.917214364895772,0.958273347691246,0.981061949686136),.UNSPECIFIED.);
#119=B_SPLINE_CURVE_WITH_KNOTS('',3,(#6492,#6493,#6494,#6495,#6496,#6497,
#6498,#6499,#6500,#6501,#6502,#6503,#6504,#6505,#6506,#6507,#6508,#6509,
#6510,#6511,#6512,#6513,#6514,#6515,#6516,#6517,#6518,#6519,#6520,#6521,
#6522,#6523,#6524,#6525,#6526),.UNSPECIFIED.,.F.,.F.,(4,1,1,1,1,1,1,1,1,
1,1,1,1,1,1,1,1,1,1,1,1,1,1,1,1,1,1,1,1,1,1,1,4),(0.,0.107626156441442,
0.116731661278873,0.128486815154898,0.142395700036577,0.158166892716714,
0.175602602057852,0.194557216347194,0.214917738100317,0.23659316865271,
0.259508179747131,0.283599073824856,0.308811067431172,0.33509638778013,
0.362412893965382,0.390723050350557,0.419993144285972,0.450192678114564,
0.481293888508613,0.513271360774479,0.546101715281823,0.579763349550858,
0.614236223905408,0.649501681663423,0.685542297023231,0.72234174539079,
0.759884692062706,0.798156696053524,0.837144126516999,0.876834089717067,
0.917214364895772,0.958273347691246,0.981061949686136),.UNSPECIFIED.);
#120=B_SPLINE_CURVE_WITH_KNOTS('',3,(#6534,#6535,#6536,#6537,#6538,#6539,
#6540,#6541,#6542,#6543,#6544,#6545,#6546,#6547,#6548,#6549,#6550,#6551,
#6552,#6553,#6554,#6555,#6556,#6557,#6558,#6559,#6560,#6561,#6562,#6563,
#6564,#6565,#6566,#6567,#6568),.UNSPECIFIED.,.F.,.F.,(4,1,1,1,1,1,1,1,1,
1,1,1,1,1,1,1,1,1,1,1,1,1,1,1,1,1,1,1,1,1,1,1,4),(0.,0.107626156441442,
0.116731661278873,0.128486815154898,0.142395700036577,0.158166892716714,
0.175602602057852,0.194557216347194,0.214917738100317,0.23659316865271,
0.259508179747131,0.283599073824856,0.308811067431172,0.33509638778013,
0.362412893965382,0.390723050350557,0.419993144285972,0.450192678114564,
0.481293888508613,0.513271360774479,0.546101715281823,0.579763349550858,
0.614236223905408,0.649501681663423,0.685542297023231,0.72234174539079,
0.759884692062706,0.798156696053524,0.837144126516999,0.876834089717067,
0.917214364895772,0.958273347691246,0.981061949686136),.UNSPECIFIED.);
#121=B_SPLINE_CURVE_WITH_KNOTS('',3,(#6569,#6570,#6571,#6572,#6573,#6574,
#6575,#6576,#6577,#6578,#6579,#6580,#6581,#6582,#6583,#6584,#6585,#6586,
#6587,#6588,#6589,#6590,#6591,#6592,#6593,#6594,#6595,#6596,#6597,#6598,
#6599,#6600,#6601,#6602,#6603),.UNSPECIFIED.,.F.,.F.,(4,1,1,1,1,1,1,1,1,
1,1,1,1,1,1,1,1,1,1,1,1,1,1,1,1,1,1,1,1,1,1,1,4),(0.,0.107626156441442,
0.116731661278873,0.128486815154898,0.142395700036577,0.158166892716714,
0.175602602057852,0.194557216347194,0.214917738100317,0.23659316865271,
0.259508179747131,0.283599073824856,0.308811067431172,0.33509638778013,
0.362412893965382,0.390723050350557,0.419993144285972,0.450192678114564,
0.481293888508613,0.513271360774479,0.546101715281823,0.579763349550858,
0.614236223905408,0.649501681663423,0.685542297023231,0.72234174539079,
0.759884692062706,0.798156696053524,0.837144126516999,0.876834089717067,
0.917214364895772,0.958273347691246,0.981061949686136),.UNSPECIFIED.);
#122=B_SPLINE_CURVE_WITH_KNOTS('',3,(#6611,#6612,#6613,#6614,#6615,#6616,
#6617,#6618,#6619,#6620,#6621,#6622,#6623,#6624,#6625,#6626,#6627,#6628,
#6629,#6630,#6631,#6632,#6633,#6634,#6635,#6636,#6637,#6638,#6639,#6640,
#6641,#6642,#6643,#6644,#6645),.UNSPECIFIED.,.F.,.F.,(4,1,1,1,1,1,1,1,1,
1,1,1,1,1,1,1,1,1,1,1,1,1,1,1,1,1,1,1,1,1,1,1,4),(0.,0.107626156441442,
0.116731661278873,0.128486815154898,0.142395700036577,0.158166892716714,
0.175602602057852,0.194557216347194,0.214917738100317,0.23659316865271,
0.259508179747131,0.283599073824856,0.308811067431172,0.33509638778013,
0.362412893965382,0.390723050350557,0.419993144285972,0.450192678114564,
0.481293888508613,0.513271360774479,0.546101715281823,0.579763349550858,
0.614236223905408,0.649501681663423,0.685542297023231,0.72234174539079,
0.759884692062706,0.798156696053524,0.837144126516999,0.876834089717067,
0.917214364895772,0.958273347691246,0.981061949686136),.UNSPECIFIED.);
#123=B_SPLINE_CURVE_WITH_KNOTS('',3,(#6646,#6647,#6648,#6649,#6650,#6651,
#6652,#6653,#6654,#6655,#6656,#6657,#6658,#6659,#6660,#6661,#6662,#6663,
#6664,#6665,#6666,#6667,#6668,#6669,#6670,#6671,#6672,#6673,#6674,#6675,
#6676,#6677,#6678,#6679,#6680),.UNSPECIFIED.,.F.,.F.,(4,1,1,1,1,1,1,1,1,
1,1,1,1,1,1,1,1,1,1,1,1,1,1,1,1,1,1,1,1,1,1,1,4),(0.,0.107626156441442,
0.116731661278873,0.128486815154898,0.142395700036577,0.158166892716714,
0.175602602057852,0.194557216347194,0.214917738100317,0.23659316865271,
0.259508179747131,0.283599073824856,0.308811067431172,0.33509638778013,
0.362412893965382,0.390723050350557,0.419993144285972,0.450192678114564,
0.481293888508613,0.513271360774479,0.546101715281823,0.579763349550858,
0.614236223905408,0.649501681663423,0.685542297023231,0.72234174539079,
0.759884692062706,0.798156696053524,0.837144126516999,0.876834089717067,
0.917214364895772,0.958273347691246,0.981061949686136),.UNSPECIFIED.);
#124=B_SPLINE_CURVE_WITH_KNOTS('',3,(#6688,#6689,#6690,#6691,#6692,#6693,
#6694,#6695,#6696,#6697,#6698,#6699,#6700,#6701,#6702,#6703,#6704,#6705,
#6706,#6707,#6708,#6709,#6710,#6711,#6712,#6713,#6714,#6715,#6716,#6717,
#6718,#6719,#6720,#6721,#6722),.UNSPECIFIED.,.F.,.F.,(4,1,1,1,1,1,1,1,1,
1,1,1,1,1,1,1,1,1,1,1,1,1,1,1,1,1,1,1,1,1,1,1,4),(0.,0.107626156441442,
0.116731661278873,0.128486815154898,0.142395700036577,0.158166892716714,
0.175602602057852,0.194557216347194,0.214917738100317,0.23659316865271,
0.259508179747131,0.283599073824856,0.308811067431172,0.33509638778013,
0.362412893965382,0.390723050350557,0.419993144285972,0.450192678114564,
0.481293888508613,0.513271360774479,0.546101715281823,0.579763349550858,
0.614236223905408,0.649501681663423,0.685542297023231,0.72234174539079,
0.759884692062706,0.798156696053524,0.837144126516999,0.876834089717067,
0.917214364895772,0.958273347691246,0.981061949686136),.UNSPECIFIED.);
#125=B_SPLINE_CURVE_WITH_KNOTS('',3,(#6723,#6724,#6725,#6726,#6727,#6728,
#6729,#6730,#6731,#6732,#6733,#6734,#6735,#6736,#6737,#6738,#6739,#6740,
#6741,#6742,#6743,#6744,#6745,#6746,#6747,#6748,#6749,#6750,#6751,#6752,
#6753,#6754,#6755,#6756,#6757),.UNSPECIFIED.,.F.,.F.,(4,1,1,1,1,1,1,1,1,
1,1,1,1,1,1,1,1,1,1,1,1,1,1,1,1,1,1,1,1,1,1,1,4),(0.,0.107626156441442,
0.116731661278873,0.128486815154898,0.142395700036577,0.158166892716714,
0.175602602057852,0.194557216347194,0.214917738100317,0.23659316865271,
0.259508179747131,0.283599073824856,0.308811067431172,0.33509638778013,
0.362412893965382,0.390723050350557,0.419993144285972,0.450192678114564,
0.481293888508613,0.513271360774479,0.546101715281823,0.579763349550858,
0.614236223905408,0.649501681663423,0.685542297023231,0.72234174539079,
0.759884692062706,0.798156696053524,0.837144126516999,0.876834089717067,
0.917214364895772,0.958273347691246,0.981061949686136),.UNSPECIFIED.);
#126=B_SPLINE_CURVE_WITH_KNOTS('',3,(#6765,#6766,#6767,#6768,#6769,#6770,
#6771,#6772,#6773,#6774,#6775,#6776,#6777,#6778,#6779,#6780,#6781,#6782,
#6783,#6784,#6785,#6786,#6787,#6788,#6789,#6790,#6791,#6792,#6793,#6794,
#6795,#6796,#6797,#6798,#6799),.UNSPECIFIED.,.F.,.F.,(4,1,1,1,1,1,1,1,1,
1,1,1,1,1,1,1,1,1,1,1,1,1,1,1,1,1,1,1,1,1,1,1,4),(0.,0.107626156441442,
0.116731661278873,0.128486815154898,0.142395700036577,0.158166892716714,
0.175602602057852,0.194557216347194,0.214917738100317,0.23659316865271,
0.259508179747131,0.283599073824856,0.308811067431172,0.33509638778013,
0.362412893965382,0.390723050350557,0.419993144285972,0.450192678114564,
0.481293888508613,0.513271360774479,0.546101715281823,0.579763349550858,
0.614236223905408,0.649501681663423,0.685542297023231,0.72234174539079,
0.759884692062706,0.798156696053524,0.837144126516999,0.876834089717067,
0.917214364895772,0.958273347691246,0.981061949686136),.UNSPECIFIED.);
#127=B_SPLINE_CURVE_WITH_KNOTS('',3,(#6800,#6801,#6802,#6803,#6804,#6805,
#6806,#6807,#6808,#6809,#6810,#6811,#6812,#6813,#6814,#6815,#6816,#6817,
#6818,#6819,#6820,#6821,#6822,#6823,#6824,#6825,#6826,#6827,#6828,#6829,
#6830,#6831,#6832,#6833,#6834),.UNSPECIFIED.,.F.,.F.,(4,1,1,1,1,1,1,1,1,
1,1,1,1,1,1,1,1,1,1,1,1,1,1,1,1,1,1,1,1,1,1,1,4),(0.,0.107626156441442,
0.116731661278873,0.128486815154898,0.142395700036577,0.158166892716714,
0.175602602057852,0.194557216347194,0.214917738100317,0.23659316865271,
0.259508179747131,0.283599073824856,0.308811067431172,0.33509638778013,
0.362412893965382,0.390723050350557,0.419993144285972,0.450192678114564,
0.481293888508613,0.513271360774479,0.546101715281823,0.579763349550858,
0.614236223905408,0.649501681663423,0.685542297023231,0.72234174539079,
0.759884692062706,0.798156696053524,0.837144126516999,0.876834089717067,
0.917214364895772,0.958273347691246,0.981061949686136),.UNSPECIFIED.);
#128=B_SPLINE_CURVE_WITH_KNOTS('',3,(#6842,#6843,#6844,#6845,#6846,#6847,
#6848,#6849,#6850,#6851,#6852,#6853,#6854,#6855,#6856,#6857,#6858,#6859,
#6860,#6861,#6862,#6863,#6864,#6865,#6866,#6867,#6868,#6869,#6870,#6871,
#6872,#6873,#6874,#6875,#6876),.UNSPECIFIED.,.F.,.F.,(4,1,1,1,1,1,1,1,1,
1,1,1,1,1,1,1,1,1,1,1,1,1,1,1,1,1,1,1,1,1,1,1,4),(0.,0.107626156441442,
0.116731661278873,0.128486815154898,0.142395700036577,0.158166892716714,
0.175602602057852,0.194557216347194,0.214917738100317,0.23659316865271,
0.259508179747131,0.283599073824856,0.308811067431172,0.33509638778013,
0.362412893965382,0.390723050350557,0.419993144285972,0.450192678114564,
0.481293888508613,0.513271360774479,0.546101715281823,0.579763349550858,
0.614236223905408,0.649501681663423,0.685542297023231,0.72234174539079,
0.759884692062706,0.798156696053524,0.837144126516999,0.876834089717067,
0.917214364895772,0.958273347691246,0.981061949686136),.UNSPECIFIED.);
#129=B_SPLINE_CURVE_WITH_KNOTS('',3,(#6877,#6878,#6879,#6880,#6881,#6882,
#6883,#6884,#6885,#6886,#6887,#6888,#6889,#6890,#6891,#6892,#6893,#6894,
#6895,#6896,#6897,#6898,#6899,#6900,#6901,#6902,#6903,#6904,#6905,#6906,
#6907,#6908,#6909,#6910,#6911),.UNSPECIFIED.,.F.,.F.,(4,1,1,1,1,1,1,1,1,
1,1,1,1,1,1,1,1,1,1,1,1,1,1,1,1,1,1,1,1,1,1,1,4),(0.,0.107626156441442,
0.116731661278873,0.128486815154898,0.142395700036577,0.158166892716714,
0.175602602057852,0.194557216347194,0.214917738100317,0.23659316865271,
0.259508179747131,0.283599073824856,0.308811067431172,0.33509638778013,
0.362412893965382,0.390723050350557,0.419993144285972,0.450192678114564,
0.481293888508613,0.513271360774479,0.546101715281823,0.579763349550858,
0.614236223905408,0.649501681663423,0.685542297023231,0.72234174539079,
0.759884692062706,0.798156696053524,0.837144126516999,0.876834089717067,
0.917214364895772,0.958273347691246,0.981061949686136),.UNSPECIFIED.);
#130=B_SPLINE_CURVE_WITH_KNOTS('',3,(#6919,#6920,#6921,#6922,#6923,#6924,
#6925,#6926,#6927,#6928,#6929,#6930,#6931,#6932,#6933,#6934,#6935,#6936,
#6937,#6938,#6939,#6940,#6941,#6942,#6943,#6944,#6945,#6946,#6947,#6948,
#6949,#6950,#6951,#6952,#6953),.UNSPECIFIED.,.F.,.F.,(4,1,1,1,1,1,1,1,1,
1,1,1,1,1,1,1,1,1,1,1,1,1,1,1,1,1,1,1,1,1,1,1,4),(0.,0.107626156441442,
0.116731661278873,0.128486815154898,0.142395700036577,0.158166892716714,
0.175602602057852,0.194557216347194,0.214917738100317,0.23659316865271,
0.259508179747131,0.283599073824856,0.308811067431172,0.33509638778013,
0.362412893965382,0.390723050350557,0.419993144285972,0.450192678114564,
0.481293888508613,0.513271360774479,0.546101715281823,0.579763349550858,
0.614236223905408,0.649501681663423,0.685542297023231,0.72234174539079,
0.759884692062706,0.798156696053524,0.837144126516999,0.876834089717067,
0.917214364895772,0.958273347691246,0.981061949686136),.UNSPECIFIED.);
#131=B_SPLINE_CURVE_WITH_KNOTS('',3,(#6954,#6955,#6956,#6957,#6958,#6959,
#6960,#6961,#6962,#6963,#6964,#6965,#6966,#6967,#6968,#6969,#6970,#6971,
#6972,#6973,#6974,#6975,#6976,#6977,#6978,#6979,#6980,#6981,#6982,#6983,
#6984,#6985,#6986,#6987,#6988),.UNSPECIFIED.,.F.,.F.,(4,1,1,1,1,1,1,1,1,
1,1,1,1,1,1,1,1,1,1,1,1,1,1,1,1,1,1,1,1,1,1,1,4),(0.,0.107626156441442,
0.116731661278873,0.128486815154898,0.142395700036577,0.158166892716714,
0.175602602057852,0.194557216347194,0.214917738100317,0.23659316865271,
0.259508179747131,0.283599073824856,0.308811067431172,0.33509638778013,
0.362412893965382,0.390723050350557,0.419993144285972,0.450192678114564,
0.481293888508613,0.513271360774479,0.546101715281823,0.579763349550858,
0.614236223905408,0.649501681663423,0.685542297023231,0.72234174539079,
0.759884692062706,0.798156696053524,0.837144126516999,0.876834089717067,
0.917214364895772,0.958273347691246,0.981061949686136),.UNSPECIFIED.);
#132=B_SPLINE_CURVE_WITH_KNOTS('',3,(#6996,#6997,#6998,#6999,#7000,#7001,
#7002,#7003,#7004,#7005,#7006,#7007,#7008,#7009,#7010,#7011,#7012,#7013,
#7014,#7015,#7016,#7017,#7018,#7019,#7020,#7021,#7022,#7023,#7024,#7025,
#7026,#7027,#7028,#7029,#7030),.UNSPECIFIED.,.F.,.F.,(4,1,1,1,1,1,1,1,1,
1,1,1,1,1,1,1,1,1,1,1,1,1,1,1,1,1,1,1,1,1,1,1,4),(0.,0.107626156441442,
0.116731661278873,0.128486815154898,0.142395700036577,0.158166892716714,
0.175602602057852,0.194557216347194,0.214917738100317,0.23659316865271,
0.259508179747131,0.283599073824856,0.308811067431172,0.33509638778013,
0.362412893965382,0.390723050350557,0.419993144285972,0.450192678114564,
0.481293888508613,0.513271360774479,0.546101715281823,0.579763349550858,
0.614236223905408,0.649501681663423,0.685542297023231,0.72234174539079,
0.759884692062706,0.798156696053524,0.837144126516999,0.876834089717067,
0.917214364895772,0.958273347691246,0.981061949686136),.UNSPECIFIED.);
#133=B_SPLINE_CURVE_WITH_KNOTS('',3,(#7031,#7032,#7033,#7034,#7035,#7036,
#7037,#7038,#7039,#7040,#7041,#7042,#7043,#7044,#7045,#7046,#7047,#7048,
#7049,#7050,#7051,#7052,#7053,#7054,#7055,#7056,#7057,#7058,#7059,#7060,
#7061,#7062,#7063,#7064,#7065),.UNSPECIFIED.,.F.,.F.,(4,1,1,1,1,1,1,1,1,
1,1,1,1,1,1,1,1,1,1,1,1,1,1,1,1,1,1,1,1,1,1,1,4),(0.,0.107626156441442,
0.116731661278873,0.128486815154898,0.142395700036577,0.158166892716714,
0.175602602057852,0.194557216347194,0.214917738100317,0.23659316865271,
0.259508179747131,0.283599073824856,0.308811067431172,0.33509638778013,
0.362412893965382,0.390723050350557,0.419993144285972,0.450192678114564,
0.481293888508613,0.513271360774479,0.546101715281823,0.579763349550858,
0.614236223905408,0.649501681663423,0.685542297023231,0.72234174539079,
0.759884692062706,0.798156696053524,0.837144126516999,0.876834089717067,
0.917214364895772,0.958273347691246,0.981061949686136),.UNSPECIFIED.);
#134=B_SPLINE_CURVE_WITH_KNOTS('',3,(#7073,#7074,#7075,#7076,#7077,#7078,
#7079,#7080,#7081,#7082,#7083,#7084,#7085,#7086,#7087,#7088,#7089,#7090,
#7091,#7092,#7093,#7094,#7095,#7096,#7097,#7098,#7099,#7100,#7101,#7102,
#7103,#7104,#7105,#7106,#7107),.UNSPECIFIED.,.F.,.F.,(4,1,1,1,1,1,1,1,1,
1,1,1,1,1,1,1,1,1,1,1,1,1,1,1,1,1,1,1,1,1,1,1,4),(0.,0.107626156441442,
0.116731661278873,0.128486815154898,0.142395700036577,0.158166892716714,
0.175602602057852,0.194557216347194,0.214917738100317,0.23659316865271,
0.259508179747131,0.283599073824856,0.308811067431172,0.33509638778013,
0.362412893965382,0.390723050350557,0.419993144285972,0.450192678114564,
0.481293888508613,0.513271360774479,0.546101715281823,0.579763349550858,
0.614236223905408,0.649501681663423,0.685542297023231,0.72234174539079,
0.759884692062706,0.798156696053524,0.837144126516999,0.876834089717067,
0.917214364895772,0.958273347691246,0.981061949686136),.UNSPECIFIED.);
#135=B_SPLINE_CURVE_WITH_KNOTS('',3,(#7108,#7109,#7110,#7111,#7112,#7113,
#7114,#7115,#7116,#7117,#7118,#7119,#7120,#7121,#7122,#7123,#7124,#7125,
#7126,#7127,#7128,#7129,#7130,#7131,#7132,#7133,#7134,#7135,#7136,#7137,
#7138,#7139,#7140,#7141,#7142),.UNSPECIFIED.,.F.,.F.,(4,1,1,1,1,1,1,1,1,
1,1,1,1,1,1,1,1,1,1,1,1,1,1,1,1,1,1,1,1,1,1,1,4),(0.,0.107626156441442,
0.116731661278873,0.128486815154898,0.142395700036577,0.158166892716714,
0.175602602057852,0.194557216347194,0.214917738100317,0.23659316865271,
0.259508179747131,0.283599073824856,0.308811067431172,0.33509638778013,
0.362412893965382,0.390723050350557,0.419993144285972,0.450192678114564,
0.481293888508613,0.513271360774479,0.546101715281823,0.579763349550858,
0.614236223905408,0.649501681663423,0.685542297023231,0.72234174539079,
0.759884692062706,0.798156696053524,0.837144126516999,0.876834089717067,
0.917214364895772,0.958273347691246,0.981061949686136),.UNSPECIFIED.);
#136=B_SPLINE_CURVE_WITH_KNOTS('',3,(#7150,#7151,#7152,#7153,#7154,#7155,
#7156,#7157,#7158,#7159,#7160,#7161,#7162,#7163,#7164,#7165,#7166,#7167,
#7168,#7169,#7170,#7171,#7172,#7173,#7174,#7175,#7176,#7177,#7178,#7179,
#7180,#7181,#7182,#7183,#7184),.UNSPECIFIED.,.F.,.F.,(4,1,1,1,1,1,1,1,1,
1,1,1,1,1,1,1,1,1,1,1,1,1,1,1,1,1,1,1,1,1,1,1,4),(0.,0.107626156441442,
0.116731661278873,0.128486815154898,0.142395700036577,0.158166892716714,
0.175602602057852,0.194557216347194,0.214917738100317,0.23659316865271,
0.259508179747131,0.283599073824856,0.308811067431172,0.33509638778013,
0.362412893965382,0.390723050350557,0.419993144285972,0.450192678114564,
0.481293888508613,0.513271360774479,0.546101715281823,0.579763349550858,
0.614236223905408,0.649501681663423,0.685542297023231,0.72234174539079,
0.759884692062706,0.798156696053524,0.837144126516999,0.876834089717067,
0.917214364895772,0.958273347691246,0.981061949686136),.UNSPECIFIED.);
#137=B_SPLINE_CURVE_WITH_KNOTS('',3,(#7185,#7186,#7187,#7188,#7189,#7190,
#7191,#7192,#7193,#7194,#7195,#7196,#7197,#7198,#7199,#7200,#7201,#7202,
#7203,#7204,#7205,#7206,#7207,#7208,#7209,#7210,#7211,#7212,#7213,#7214,
#7215,#7216,#7217,#7218,#7219),.UNSPECIFIED.,.F.,.F.,(4,1,1,1,1,1,1,1,1,
1,1,1,1,1,1,1,1,1,1,1,1,1,1,1,1,1,1,1,1,1,1,1,4),(0.,0.107626156441442,
0.116731661278873,0.128486815154898,0.142395700036577,0.158166892716714,
0.175602602057852,0.194557216347194,0.214917738100317,0.23659316865271,
0.259508179747131,0.283599073824856,0.308811067431172,0.33509638778013,
0.362412893965382,0.390723050350557,0.419993144285972,0.450192678114564,
0.481293888508613,0.513271360774479,0.546101715281823,0.579763349550858,
0.614236223905408,0.649501681663423,0.685542297023231,0.72234174539079,
0.759884692062706,0.798156696053524,0.837144126516999,0.876834089717067,
0.917214364895772,0.958273347691246,0.981061949686136),.UNSPECIFIED.);
#138=B_SPLINE_CURVE_WITH_KNOTS('',3,(#7227,#7228,#7229,#7230,#7231,#7232,
#7233,#7234,#7235,#7236,#7237,#7238,#7239,#7240,#7241,#7242,#7243,#7244,
#7245,#7246,#7247,#7248,#7249,#7250,#7251,#7252,#7253,#7254,#7255,#7256,
#7257,#7258,#7259,#7260,#7261),.UNSPECIFIED.,.F.,.F.,(4,1,1,1,1,1,1,1,1,
1,1,1,1,1,1,1,1,1,1,1,1,1,1,1,1,1,1,1,1,1,1,1,4),(0.,0.107626156441442,
0.116731661278873,0.128486815154898,0.142395700036577,0.158166892716714,
0.175602602057852,0.194557216347194,0.214917738100317,0.23659316865271,
0.259508179747131,0.283599073824856,0.308811067431172,0.33509638778013,
0.362412893965382,0.390723050350557,0.419993144285972,0.450192678114564,
0.481293888508613,0.513271360774479,0.546101715281823,0.579763349550858,
0.614236223905408,0.649501681663423,0.685542297023231,0.72234174539079,
0.759884692062706,0.798156696053524,0.837144126516999,0.876834089717067,
0.917214364895772,0.958273347691246,0.981061949686136),.UNSPECIFIED.);
#139=B_SPLINE_CURVE_WITH_KNOTS('',3,(#7262,#7263,#7264,#7265,#7266,#7267,
#7268,#7269,#7270,#7271,#7272,#7273,#7274,#7275,#7276,#7277,#7278,#7279,
#7280,#7281,#7282,#7283,#7284,#7285,#7286,#7287,#7288,#7289,#7290,#7291,
#7292,#7293,#7294,#7295,#7296),.UNSPECIFIED.,.F.,.F.,(4,1,1,1,1,1,1,1,1,
1,1,1,1,1,1,1,1,1,1,1,1,1,1,1,1,1,1,1,1,1,1,1,4),(0.,0.107626156441442,
0.116731661278873,0.128486815154898,0.142395700036577,0.158166892716714,
0.175602602057852,0.194557216347194,0.214917738100317,0.23659316865271,
0.259508179747131,0.283599073824856,0.308811067431172,0.33509638778013,
0.362412893965382,0.390723050350557,0.419993144285972,0.450192678114564,
0.481293888508613,0.513271360774479,0.546101715281823,0.579763349550858,
0.614236223905408,0.649501681663423,0.685542297023231,0.72234174539079,
0.759884692062706,0.798156696053524,0.837144126516999,0.876834089717067,
0.917214364895772,0.958273347691246,0.981061949686136),.UNSPECIFIED.);
#140=B_SPLINE_CURVE_WITH_KNOTS('',3,(#7304,#7305,#7306,#7307,#7308,#7309,
#7310,#7311,#7312,#7313,#7314,#7315,#7316,#7317,#7318,#7319,#7320,#7321,
#7322,#7323,#7324,#7325,#7326,#7327,#7328,#7329,#7330,#7331,#7332,#7333,
#7334,#7335,#7336,#7337,#7338),.UNSPECIFIED.,.F.,.F.,(4,1,1,1,1,1,1,1,1,
1,1,1,1,1,1,1,1,1,1,1,1,1,1,1,1,1,1,1,1,1,1,1,4),(0.,0.107626156441442,
0.116731661278873,0.128486815154898,0.142395700036577,0.158166892716714,
0.175602602057852,0.194557216347194,0.214917738100317,0.23659316865271,
0.259508179747131,0.283599073824856,0.308811067431172,0.33509638778013,
0.362412893965382,0.390723050350557,0.419993144285972,0.450192678114564,
0.481293888508613,0.513271360774479,0.546101715281823,0.579763349550858,
0.614236223905408,0.649501681663423,0.685542297023231,0.72234174539079,
0.759884692062706,0.798156696053524,0.837144126516999,0.876834089717067,
0.917214364895772,0.958273347691246,0.981061949686136),.UNSPECIFIED.);
#141=B_SPLINE_CURVE_WITH_KNOTS('',3,(#7339,#7340,#7341,#7342,#7343,#7344,
#7345,#7346,#7347,#7348,#7349,#7350,#7351,#7352,#7353,#7354,#7355,#7356,
#7357,#7358,#7359,#7360,#7361,#7362,#7363,#7364,#7365,#7366,#7367,#7368,
#7369,#7370,#7371,#7372,#7373),.UNSPECIFIED.,.F.,.F.,(4,1,1,1,1,1,1,1,1,
1,1,1,1,1,1,1,1,1,1,1,1,1,1,1,1,1,1,1,1,1,1,1,4),(0.,0.107626156441442,
0.116731661278873,0.128486815154898,0.142395700036577,0.158166892716714,
0.175602602057852,0.194557216347194,0.214917738100317,0.23659316865271,
0.259508179747131,0.283599073824856,0.308811067431172,0.33509638778013,
0.362412893965382,0.390723050350557,0.419993144285972,0.450192678114564,
0.481293888508613,0.513271360774479,0.546101715281823,0.579763349550858,
0.614236223905408,0.649501681663423,0.685542297023231,0.72234174539079,
0.759884692062706,0.798156696053524,0.837144126516999,0.876834089717067,
0.917214364895772,0.958273347691246,0.981061949686136),.UNSPECIFIED.);
#142=B_SPLINE_CURVE_WITH_KNOTS('',3,(#7381,#7382,#7383,#7384,#7385,#7386,
#7387,#7388,#7389,#7390,#7391,#7392,#7393,#7394,#7395,#7396,#7397,#7398,
#7399,#7400,#7401,#7402,#7403,#7404,#7405,#7406,#7407,#7408,#7409,#7410,
#7411,#7412,#7413,#7414,#7415),.UNSPECIFIED.,.F.,.F.,(4,1,1,1,1,1,1,1,1,
1,1,1,1,1,1,1,1,1,1,1,1,1,1,1,1,1,1,1,1,1,1,1,4),(0.,0.107626156441442,
0.116731661278873,0.128486815154898,0.142395700036577,0.158166892716714,
0.175602602057852,0.194557216347194,0.214917738100317,0.23659316865271,
0.259508179747131,0.283599073824856,0.308811067431172,0.33509638778013,
0.362412893965382,0.390723050350557,0.419993144285972,0.450192678114564,
0.481293888508613,0.513271360774479,0.546101715281823,0.579763349550858,
0.614236223905408,0.649501681663423,0.685542297023231,0.72234174539079,
0.759884692062706,0.798156696053524,0.837144126516999,0.876834089717067,
0.917214364895772,0.958273347691246,0.981061949686136),.UNSPECIFIED.);
#143=B_SPLINE_CURVE_WITH_KNOTS('',3,(#7416,#7417,#7418,#7419,#7420,#7421,
#7422,#7423,#7424,#7425,#7426,#7427,#7428,#7429,#7430,#7431,#7432,#7433,
#7434,#7435,#7436,#7437,#7438,#7439,#7440,#7441,#7442,#7443,#7444,#7445,
#7446,#7447,#7448,#7449,#7450),.UNSPECIFIED.,.F.,.F.,(4,1,1,1,1,1,1,1,1,
1,1,1,1,1,1,1,1,1,1,1,1,1,1,1,1,1,1,1,1,1,1,1,4),(0.,0.107626156441442,
0.116731661278873,0.128486815154898,0.142395700036577,0.158166892716714,
0.175602602057852,0.194557216347194,0.214917738100317,0.23659316865271,
0.259508179747131,0.283599073824856,0.308811067431172,0.33509638778013,
0.362412893965382,0.390723050350557,0.419993144285972,0.450192678114564,
0.481293888508613,0.513271360774479,0.546101715281823,0.579763349550858,
0.614236223905408,0.649501681663423,0.685542297023231,0.72234174539079,
0.759884692062706,0.798156696053524,0.837144126516999,0.876834089717067,
0.917214364895772,0.958273347691246,0.981061949686136),.UNSPECIFIED.);
#144=B_SPLINE_CURVE_WITH_KNOTS('',3,(#7483,#7484,#7485,#7486,#7487,#7488,
#7489,#7490,#7491,#7492,#7493,#7494,#7495,#7496,#7497,#7498,#7499,#7500,
#7501,#7502,#7503,#7504,#7505,#7506,#7507,#7508,#7509,#7510,#7511,#7512,
#7513,#7514,#7515,#7516,#7517),.UNSPECIFIED.,.F.,.F.,(4,1,1,1,1,1,1,1,1,
1,1,1,1,1,1,1,1,1,1,1,1,1,1,1,1,1,1,1,1,1,1,1,4),(0.,0.107626156441442,
0.116731661278873,0.128486815154898,0.142395700036577,0.158166892716714,
0.175602602057852,0.194557216347194,0.214917738100317,0.23659316865271,
0.259508179747131,0.283599073824856,0.308811067431172,0.33509638778013,
0.362412893965382,0.390723050350557,0.419993144285972,0.450192678114564,
0.481293888508613,0.513271360774479,0.546101715281823,0.579763349550858,
0.614236223905408,0.649501681663423,0.685542297023231,0.72234174539079,
0.759884692062706,0.798156696053524,0.837144126516999,0.876834089717067,
0.917214364895772,0.958273347691246,0.981061949686136),.UNSPECIFIED.);
#145=B_SPLINE_CURVE_WITH_KNOTS('',3,(#7548,#7549,#7550,#7551,#7552,#7553,
#7554,#7555,#7556,#7557,#7558,#7559,#7560,#7561,#7562,#7563,#7564,#7565,
#7566,#7567,#7568,#7569,#7570,#7571,#7572,#7573,#7574,#7575,#7576,#7577,
#7578,#7579,#7580,#7581,#7582),.UNSPECIFIED.,.F.,.F.,(4,1,1,1,1,1,1,1,1,
1,1,1,1,1,1,1,1,1,1,1,1,1,1,1,1,1,1,1,1,1,1,1,4),(0.,0.107626156441442,
0.116731661278873,0.128486815154898,0.142395700036577,0.158166892716714,
0.175602602057852,0.194557216347194,0.214917738100317,0.23659316865271,
0.259508179747131,0.283599073824856,0.308811067431172,0.33509638778013,
0.362412893965382,0.390723050350557,0.419993144285972,0.450192678114564,
0.481293888508613,0.513271360774479,0.546101715281823,0.579763349550858,
0.614236223905408,0.649501681663423,0.685542297023231,0.72234174539079,
0.759884692062706,0.798156696053524,0.837144126516999,0.876834089717067,
0.917214364895772,0.958273347691246,0.981061949686136),.UNSPECIFIED.);
#146=B_SPLINE_CURVE_WITH_KNOTS('',3,(#7623,#7624,#7625,#7626,#7627,#7628,
#7629,#7630,#7631,#7632,#7633,#7634,#7635,#7636,#7637,#7638,#7639,#7640,
#7641,#7642,#7643,#7644,#7645,#7646,#7647,#7648,#7649,#7650,#7651,#7652,
#7653,#7654,#7655,#7656,#7657),.UNSPECIFIED.,.F.,.F.,(4,1,1,1,1,1,1,1,1,
1,1,1,1,1,1,1,1,1,1,1,1,1,1,1,1,1,1,1,1,1,1,1,4),(0.,0.107626156441442,
0.116731661278873,0.128486815154898,0.142395700036577,0.158166892716714,
0.175602602057852,0.194557216347194,0.214917738100317,0.23659316865271,
0.259508179747131,0.283599073824856,0.308811067431172,0.33509638778013,
0.362412893965382,0.390723050350557,0.419993144285972,0.450192678114564,
0.481293888508613,0.513271360774479,0.546101715281823,0.579763349550858,
0.614236223905408,0.649501681663423,0.685542297023231,0.72234174539079,
0.759884692062706,0.798156696053524,0.837144126516999,0.876834089717067,
0.917214364895772,0.958273347691246,0.981061949686136),.UNSPECIFIED.);
#147=B_SPLINE_CURVE_WITH_KNOTS('',3,(#7688,#7689,#7690,#7691,#7692,#7693,
#7694,#7695,#7696,#7697,#7698,#7699,#7700,#7701,#7702,#7703,#7704,#7705,
#7706,#7707,#7708,#7709,#7710,#7711,#7712,#7713,#7714,#7715,#7716,#7717,
#7718,#7719,#7720,#7721,#7722),.UNSPECIFIED.,.F.,.F.,(4,1,1,1,1,1,1,1,1,
1,1,1,1,1,1,1,1,1,1,1,1,1,1,1,1,1,1,1,1,1,1,1,4),(0.,0.107626156441442,
0.116731661278873,0.128486815154898,0.142395700036577,0.158166892716714,
0.175602602057852,0.194557216347194,0.214917738100317,0.23659316865271,
0.259508179747131,0.283599073824856,0.308811067431172,0.33509638778013,
0.362412893965382,0.390723050350557,0.419993144285972,0.450192678114564,
0.481293888508613,0.513271360774479,0.546101715281823,0.579763349550858,
0.614236223905408,0.649501681663423,0.685542297023231,0.72234174539079,
0.759884692062706,0.798156696053524,0.837144126516999,0.876834089717067,
0.917214364895772,0.958273347691246,0.981061949686136),.UNSPECIFIED.);
#148=B_SPLINE_CURVE_WITH_KNOTS('',3,(#7763,#7764,#7765,#7766,#7767,#7768,
#7769,#7770,#7771,#7772,#7773,#7774,#7775,#7776,#7777,#7778,#7779,#7780,
#7781,#7782,#7783,#7784,#7785,#7786,#7787,#7788,#7789,#7790,#7791,#7792,
#7793,#7794,#7795,#7796,#7797),.UNSPECIFIED.,.F.,.F.,(4,1,1,1,1,1,1,1,1,
1,1,1,1,1,1,1,1,1,1,1,1,1,1,1,1,1,1,1,1,1,1,1,4),(0.,0.107626156441442,
0.116731661278873,0.128486815154898,0.142395700036577,0.158166892716714,
0.175602602057852,0.194557216347194,0.214917738100317,0.23659316865271,
0.259508179747131,0.283599073824856,0.308811067431172,0.33509638778013,
0.362412893965382,0.390723050350557,0.419993144285972,0.450192678114564,
0.481293888508613,0.513271360774479,0.546101715281823,0.579763349550858,
0.614236223905408,0.649501681663423,0.685542297023231,0.72234174539079,
0.759884692062706,0.798156696053524,0.837144126516999,0.876834089717067,
0.917214364895772,0.958273347691246,0.981061949686136),.UNSPECIFIED.);
#149=B_SPLINE_CURVE_WITH_KNOTS('',3,(#7828,#7829,#7830,#7831,#7832,#7833,
#7834,#7835,#7836,#7837,#7838,#7839,#7840,#7841,#7842,#7843,#7844,#7845,
#7846,#7847,#7848,#7849,#7850,#7851,#7852,#7853,#7854,#7855,#7856,#7857,
#7858,#7859,#7860,#7861,#7862),.UNSPECIFIED.,.F.,.F.,(4,1,1,1,1,1,1,1,1,
1,1,1,1,1,1,1,1,1,1,1,1,1,1,1,1,1,1,1,1,1,1,1,4),(0.,0.107626156441442,
0.116731661278873,0.128486815154898,0.142395700036577,0.158166892716714,
0.175602602057852,0.194557216347194,0.214917738100317,0.23659316865271,
0.259508179747131,0.283599073824856,0.308811067431172,0.33509638778013,
0.362412893965382,0.390723050350557,0.419993144285972,0.450192678114564,
0.481293888508613,0.513271360774479,0.546101715281823,0.579763349550858,
0.614236223905408,0.649501681663423,0.685542297023231,0.72234174539079,
0.759884692062706,0.798156696053524,0.837144126516999,0.876834089717067,
0.917214364895772,0.958273347691246,0.981061949686136),.UNSPECIFIED.);
#150=B_SPLINE_CURVE_WITH_KNOTS('',3,(#7903,#7904,#7905,#7906,#7907,#7908,
#7909,#7910,#7911,#7912,#7913,#7914,#7915,#7916,#7917,#7918,#7919,#7920,
#7921,#7922,#7923,#7924,#7925,#7926,#7927,#7928,#7929,#7930,#7931,#7932,
#7933,#7934,#7935,#7936,#7937),.UNSPECIFIED.,.F.,.F.,(4,1,1,1,1,1,1,1,1,
1,1,1,1,1,1,1,1,1,1,1,1,1,1,1,1,1,1,1,1,1,1,1,4),(0.,0.107626156441442,
0.116731661278873,0.128486815154898,0.142395700036577,0.158166892716714,
0.175602602057852,0.194557216347194,0.214917738100317,0.23659316865271,
0.259508179747131,0.283599073824856,0.308811067431172,0.33509638778013,
0.362412893965382,0.390723050350557,0.419993144285972,0.450192678114564,
0.481293888508613,0.513271360774479,0.546101715281823,0.579763349550858,
0.614236223905408,0.649501681663423,0.685542297023231,0.72234174539079,
0.759884692062706,0.798156696053524,0.837144126516999,0.876834089717067,
0.917214364895772,0.958273347691246,0.981061949686136),.UNSPECIFIED.);
#151=B_SPLINE_CURVE_WITH_KNOTS('',3,(#7968,#7969,#7970,#7971,#7972,#7973,
#7974,#7975,#7976,#7977,#7978,#7979,#7980,#7981,#7982,#7983,#7984,#7985,
#7986,#7987,#7988,#7989,#7990,#7991,#7992,#7993,#7994,#7995,#7996,#7997,
#7998,#7999,#8000,#8001,#8002),.UNSPECIFIED.,.F.,.F.,(4,1,1,1,1,1,1,1,1,
1,1,1,1,1,1,1,1,1,1,1,1,1,1,1,1,1,1,1,1,1,1,1,4),(0.,0.107626156441442,
0.116731661278873,0.128486815154898,0.142395700036577,0.158166892716714,
0.175602602057852,0.194557216347194,0.214917738100317,0.23659316865271,
0.259508179747131,0.283599073824856,0.308811067431172,0.33509638778013,
0.362412893965382,0.390723050350557,0.419993144285972,0.450192678114564,
0.481293888508613,0.513271360774479,0.546101715281823,0.579763349550858,
0.614236223905408,0.649501681663423,0.685542297023231,0.72234174539079,
0.759884692062706,0.798156696053524,0.837144126516999,0.876834089717067,
0.917214364895772,0.958273347691246,0.981061949686136),.UNSPECIFIED.);
#152=B_SPLINE_CURVE_WITH_KNOTS('',3,(#8043,#8044,#8045,#8046,#8047,#8048,
#8049,#8050,#8051,#8052,#8053,#8054,#8055,#8056,#8057,#8058,#8059,#8060,
#8061,#8062,#8063,#8064,#8065,#8066,#8067,#8068,#8069,#8070,#8071,#8072,
#8073,#8074,#8075,#8076,#8077),.UNSPECIFIED.,.F.,.F.,(4,1,1,1,1,1,1,1,1,
1,1,1,1,1,1,1,1,1,1,1,1,1,1,1,1,1,1,1,1,1,1,1,4),(0.,0.107626156441442,
0.116731661278873,0.128486815154898,0.142395700036577,0.158166892716714,
0.175602602057852,0.194557216347194,0.214917738100317,0.23659316865271,
0.259508179747131,0.283599073824856,0.308811067431172,0.33509638778013,
0.362412893965382,0.390723050350557,0.419993144285972,0.450192678114564,
0.481293888508613,0.513271360774479,0.546101715281823,0.579763349550858,
0.614236223905408,0.649501681663423,0.685542297023231,0.72234174539079,
0.759884692062706,0.798156696053524,0.837144126516999,0.876834089717067,
0.917214364895772,0.958273347691246,0.981061949686136),.UNSPECIFIED.);
#153=B_SPLINE_CURVE_WITH_KNOTS('',3,(#8108,#8109,#8110,#8111,#8112,#8113,
#8114,#8115,#8116,#8117,#8118,#8119,#8120,#8121,#8122,#8123,#8124,#8125,
#8126,#8127,#8128,#8129,#8130,#8131,#8132,#8133,#8134,#8135,#8136,#8137,
#8138,#8139,#8140,#8141,#8142),.UNSPECIFIED.,.F.,.F.,(4,1,1,1,1,1,1,1,1,
1,1,1,1,1,1,1,1,1,1,1,1,1,1,1,1,1,1,1,1,1,1,1,4),(0.,0.107626156441442,
0.116731661278873,0.128486815154898,0.142395700036577,0.158166892716714,
0.175602602057852,0.194557216347194,0.214917738100317,0.23659316865271,
0.259508179747131,0.283599073824856,0.308811067431172,0.33509638778013,
0.362412893965382,0.390723050350557,0.419993144285972,0.450192678114564,
0.481293888508613,0.513271360774479,0.546101715281823,0.579763349550858,
0.614236223905408,0.649501681663423,0.685542297023231,0.72234174539079,
0.759884692062706,0.798156696053524,0.837144126516999,0.876834089717067,
0.917214364895772,0.958273347691246,0.981061949686136),.UNSPECIFIED.);
#154=B_SPLINE_CURVE_WITH_KNOTS('',3,(#8183,#8184,#8185,#8186,#8187,#8188,
#8189,#8190,#8191,#8192,#8193,#8194,#8195,#8196,#8197,#8198,#8199,#8200,
#8201,#8202,#8203,#8204,#8205,#8206,#8207,#8208,#8209,#8210,#8211,#8212,
#8213,#8214,#8215,#8216,#8217),.UNSPECIFIED.,.F.,.F.,(4,1,1,1,1,1,1,1,1,
1,1,1,1,1,1,1,1,1,1,1,1,1,1,1,1,1,1,1,1,1,1,1,4),(0.,0.107626156441442,
0.116731661278873,0.128486815154898,0.142395700036577,0.158166892716714,
0.175602602057852,0.194557216347194,0.214917738100317,0.23659316865271,
0.259508179747131,0.283599073824856,0.308811067431172,0.33509638778013,
0.362412893965382,0.390723050350557,0.419993144285972,0.450192678114564,
0.481293888508613,0.513271360774479,0.546101715281823,0.579763349550858,
0.614236223905408,0.649501681663423,0.685542297023231,0.72234174539079,
0.759884692062706,0.798156696053524,0.837144126516999,0.876834089717067,
0.917214364895772,0.958273347691246,0.981061949686136),.UNSPECIFIED.);
#155=B_SPLINE_CURVE_WITH_KNOTS('',3,(#8248,#8249,#8250,#8251,#8252,#8253,
#8254,#8255,#8256,#8257,#8258,#8259,#8260,#8261,#8262,#8263,#8264,#8265,
#8266,#8267,#8268,#8269,#8270,#8271,#8272,#8273,#8274,#8275,#8276,#8277,
#8278,#8279,#8280,#8281,#8282),.UNSPECIFIED.,.F.,.F.,(4,1,1,1,1,1,1,1,1,
1,1,1,1,1,1,1,1,1,1,1,1,1,1,1,1,1,1,1,1,1,1,1,4),(0.,0.107626156441442,
0.116731661278873,0.128486815154898,0.142395700036577,0.158166892716714,
0.175602602057852,0.194557216347194,0.214917738100317,0.23659316865271,
0.259508179747131,0.283599073824856,0.308811067431172,0.33509638778013,
0.362412893965382,0.390723050350557,0.419993144285972,0.450192678114564,
0.481293888508613,0.513271360774479,0.546101715281823,0.579763349550858,
0.614236223905408,0.649501681663423,0.685542297023231,0.72234174539079,
0.759884692062706,0.798156696053524,0.837144126516999,0.876834089717067,
0.917214364895772,0.958273347691246,0.981061949686136),.UNSPECIFIED.);
#156=B_SPLINE_CURVE_WITH_KNOTS('',3,(#8323,#8324,#8325,#8326,#8327,#8328,
#8329,#8330,#8331,#8332,#8333,#8334,#8335,#8336,#8337,#8338,#8339,#8340,
#8341,#8342,#8343,#8344,#8345,#8346,#8347,#8348,#8349,#8350,#8351,#8352,
#8353,#8354,#8355,#8356,#8357),.UNSPECIFIED.,.F.,.F.,(4,1,1,1,1,1,1,1,1,
1,1,1,1,1,1,1,1,1,1,1,1,1,1,1,1,1,1,1,1,1,1,1,4),(0.,0.107626156441442,
0.116731661278873,0.128486815154898,0.142395700036577,0.158166892716714,
0.175602602057852,0.194557216347194,0.214917738100317,0.23659316865271,
0.259508179747131,0.283599073824856,0.308811067431172,0.33509638778013,
0.362412893965382,0.390723050350557,0.419993144285972,0.450192678114564,
0.481293888508613,0.513271360774479,0.546101715281823,0.579763349550858,
0.614236223905408,0.649501681663423,0.685542297023231,0.72234174539079,
0.759884692062706,0.798156696053524,0.837144126516999,0.876834089717067,
0.917214364895772,0.958273347691246,0.981061949686136),.UNSPECIFIED.);
#157=B_SPLINE_CURVE_WITH_KNOTS('',3,(#8388,#8389,#8390,#8391,#8392,#8393,
#8394,#8395,#8396,#8397,#8398,#8399,#8400,#8401,#8402,#8403,#8404,#8405,
#8406,#8407,#8408,#8409,#8410,#8411,#8412,#8413,#8414,#8415,#8416,#8417,
#8418,#8419,#8420,#8421,#8422),.UNSPECIFIED.,.F.,.F.,(4,1,1,1,1,1,1,1,1,
1,1,1,1,1,1,1,1,1,1,1,1,1,1,1,1,1,1,1,1,1,1,1,4),(0.,0.107626156441442,
0.116731661278873,0.128486815154898,0.142395700036577,0.158166892716714,
0.175602602057852,0.194557216347194,0.214917738100317,0.23659316865271,
0.259508179747131,0.283599073824856,0.308811067431172,0.33509638778013,
0.362412893965382,0.390723050350557,0.419993144285972,0.450192678114564,
0.481293888508613,0.513271360774479,0.546101715281823,0.579763349550858,
0.614236223905408,0.649501681663423,0.685542297023231,0.72234174539079,
0.759884692062706,0.798156696053524,0.837144126516999,0.876834089717067,
0.917214364895772,0.958273347691246,0.981061949686136),.UNSPECIFIED.);
#158=B_SPLINE_CURVE_WITH_KNOTS('',3,(#8463,#8464,#8465,#8466,#8467,#8468,
#8469,#8470,#8471,#8472,#8473,#8474,#8475,#8476,#8477,#8478,#8479,#8480,
#8481,#8482,#8483,#8484,#8485,#8486,#8487,#8488,#8489,#8490,#8491,#8492,
#8493,#8494,#8495,#8496,#8497),.UNSPECIFIED.,.F.,.F.,(4,1,1,1,1,1,1,1,1,
1,1,1,1,1,1,1,1,1,1,1,1,1,1,1,1,1,1,1,1,1,1,1,4),(0.,0.107626156441442,
0.116731661278873,0.128486815154898,0.142395700036577,0.158166892716714,
0.175602602057852,0.194557216347194,0.214917738100317,0.23659316865271,
0.259508179747131,0.283599073824856,0.308811067431172,0.33509638778013,
0.362412893965382,0.390723050350557,0.419993144285972,0.450192678114564,
0.481293888508613,0.513271360774479,0.546101715281823,0.579763349550858,
0.614236223905408,0.649501681663423,0.685542297023231,0.72234174539079,
0.759884692062706,0.798156696053524,0.837144126516999,0.876834089717067,
0.917214364895772,0.958273347691246,0.981061949686136),.UNSPECIFIED.);
#159=B_SPLINE_CURVE_WITH_KNOTS('',3,(#8528,#8529,#8530,#8531,#8532,#8533,
#8534,#8535,#8536,#8537,#8538,#8539,#8540,#8541,#8542,#8543,#8544,#8545,
#8546,#8547,#8548,#8549,#8550,#8551,#8552,#8553,#8554,#8555,#8556,#8557,
#8558,#8559,#8560,#8561,#8562),.UNSPECIFIED.,.F.,.F.,(4,1,1,1,1,1,1,1,1,
1,1,1,1,1,1,1,1,1,1,1,1,1,1,1,1,1,1,1,1,1,1,1,4),(0.,0.107626156441442,
0.116731661278873,0.128486815154898,0.142395700036577,0.158166892716714,
0.175602602057852,0.194557216347194,0.214917738100317,0.23659316865271,
0.259508179747131,0.283599073824856,0.308811067431172,0.33509638778013,
0.362412893965382,0.390723050350557,0.419993144285972,0.450192678114564,
0.481293888508613,0.513271360774479,0.546101715281823,0.579763349550858,
0.614236223905408,0.649501681663423,0.685542297023231,0.72234174539079,
0.759884692062706,0.798156696053524,0.837144126516999,0.876834089717067,
0.917214364895772,0.958273347691246,0.981061949686136),.UNSPECIFIED.);
#160=B_SPLINE_CURVE_WITH_KNOTS('',3,(#8603,#8604,#8605,#8606,#8607,#8608,
#8609,#8610,#8611,#8612,#8613,#8614,#8615,#8616,#8617,#8618,#8619,#8620,
#8621,#8622,#8623,#8624,#8625,#8626,#8627,#8628,#8629,#8630,#8631,#8632,
#8633,#8634,#8635,#8636,#8637),.UNSPECIFIED.,.F.,.F.,(4,1,1,1,1,1,1,1,1,
1,1,1,1,1,1,1,1,1,1,1,1,1,1,1,1,1,1,1,1,1,1,1,4),(0.,0.107626156441442,
0.116731661278873,0.128486815154898,0.142395700036577,0.158166892716714,
0.175602602057852,0.194557216347194,0.214917738100317,0.23659316865271,
0.259508179747131,0.283599073824856,0.308811067431172,0.33509638778013,
0.362412893965382,0.390723050350557,0.419993144285972,0.450192678114564,
0.481293888508613,0.513271360774479,0.546101715281823,0.579763349550858,
0.614236223905408,0.649501681663423,0.685542297023231,0.72234174539079,
0.759884692062706,0.798156696053524,0.837144126516999,0.876834089717067,
0.917214364895772,0.958273347691246,0.981061949686136),.UNSPECIFIED.);
#161=B_SPLINE_CURVE_WITH_KNOTS('',3,(#8668,#8669,#8670,#8671,#8672,#8673,
#8674,#8675,#8676,#8677,#8678,#8679,#8680,#8681,#8682,#8683,#8684,#8685,
#8686,#8687,#8688,#8689,#8690,#8691,#8692,#8693,#8694,#8695,#8696,#8697,
#8698,#8699,#8700,#8701,#8702),.UNSPECIFIED.,.F.,.F.,(4,1,1,1,1,1,1,1,1,
1,1,1,1,1,1,1,1,1,1,1,1,1,1,1,1,1,1,1,1,1,1,1,4),(0.,0.107626156441442,
0.116731661278873,0.128486815154898,0.142395700036577,0.158166892716714,
0.175602602057852,0.194557216347194,0.214917738100317,0.23659316865271,
0.259508179747131,0.283599073824856,0.308811067431172,0.33509638778013,
0.362412893965382,0.390723050350557,0.419993144285972,0.450192678114564,
0.481293888508613,0.513271360774479,0.546101715281823,0.579763349550858,
0.614236223905408,0.649501681663423,0.685542297023231,0.72234174539079,
0.759884692062706,0.798156696053524,0.837144126516999,0.876834089717067,
0.917214364895772,0.958273347691246,0.981061949686136),.UNSPECIFIED.);
#162=B_SPLINE_CURVE_WITH_KNOTS('',3,(#8743,#8744,#8745,#8746,#8747,#8748,
#8749,#8750,#8751,#8752,#8753,#8754,#8755,#8756,#8757,#8758,#8759,#8760,
#8761,#8762,#8763,#8764,#8765,#8766,#8767,#8768,#8769,#8770,#8771,#8772,
#8773,#8774,#8775,#8776,#8777),.UNSPECIFIED.,.F.,.F.,(4,1,1,1,1,1,1,1,1,
1,1,1,1,1,1,1,1,1,1,1,1,1,1,1,1,1,1,1,1,1,1,1,4),(0.,0.107626156441442,
0.116731661278873,0.128486815154898,0.142395700036577,0.158166892716714,
0.175602602057852,0.194557216347194,0.214917738100317,0.23659316865271,
0.259508179747131,0.283599073824856,0.308811067431172,0.33509638778013,
0.362412893965382,0.390723050350557,0.419993144285972,0.450192678114564,
0.481293888508613,0.513271360774479,0.546101715281823,0.579763349550858,
0.614236223905408,0.649501681663423,0.685542297023231,0.72234174539079,
0.759884692062706,0.798156696053524,0.837144126516999,0.876834089717067,
0.917214364895772,0.958273347691246,0.981061949686136),.UNSPECIFIED.);
#163=B_SPLINE_CURVE_WITH_KNOTS('',3,(#8808,#8809,#8810,#8811,#8812,#8813,
#8814,#8815,#8816,#8817,#8818,#8819,#8820,#8821,#8822,#8823,#8824,#8825,
#8826,#8827,#8828,#8829,#8830,#8831,#8832,#8833,#8834,#8835,#8836,#8837,
#8838,#8839,#8840,#8841,#8842),.UNSPECIFIED.,.F.,.F.,(4,1,1,1,1,1,1,1,1,
1,1,1,1,1,1,1,1,1,1,1,1,1,1,1,1,1,1,1,1,1,1,1,4),(0.,0.107626156441442,
0.116731661278873,0.128486815154898,0.142395700036577,0.158166892716714,
0.175602602057852,0.194557216347194,0.214917738100317,0.23659316865271,
0.259508179747131,0.283599073824856,0.308811067431172,0.33509638778013,
0.362412893965382,0.390723050350557,0.419993144285972,0.450192678114564,
0.481293888508613,0.513271360774479,0.546101715281823,0.579763349550858,
0.614236223905408,0.649501681663423,0.685542297023231,0.72234174539079,
0.759884692062706,0.798156696053524,0.837144126516999,0.876834089717067,
0.917214364895772,0.958273347691246,0.981061949686136),.UNSPECIFIED.);
#164=B_SPLINE_CURVE_WITH_KNOTS('',3,(#8883,#8884,#8885,#8886,#8887,#8888,
#8889,#8890,#8891,#8892,#8893,#8894,#8895,#8896,#8897,#8898,#8899,#8900,
#8901,#8902,#8903,#8904,#8905,#8906,#8907,#8908,#8909,#8910,#8911,#8912,
#8913,#8914,#8915,#8916,#8917),.UNSPECIFIED.,.F.,.F.,(4,1,1,1,1,1,1,1,1,
1,1,1,1,1,1,1,1,1,1,1,1,1,1,1,1,1,1,1,1,1,1,1,4),(0.,0.107626156441442,
0.116731661278873,0.128486815154898,0.142395700036577,0.158166892716714,
0.175602602057852,0.194557216347194,0.214917738100317,0.23659316865271,
0.259508179747131,0.283599073824856,0.308811067431172,0.33509638778013,
0.362412893965382,0.390723050350557,0.419993144285972,0.450192678114564,
0.481293888508613,0.513271360774479,0.546101715281823,0.579763349550858,
0.614236223905408,0.649501681663423,0.685542297023231,0.72234174539079,
0.759884692062706,0.798156696053524,0.837144126516999,0.876834089717067,
0.917214364895772,0.958273347691246,0.981061949686136),.UNSPECIFIED.);
#165=B_SPLINE_CURVE_WITH_KNOTS('',3,(#8948,#8949,#8950,#8951,#8952,#8953,
#8954,#8955,#8956,#8957,#8958,#8959,#8960,#8961,#8962,#8963,#8964,#8965,
#8966,#8967,#8968,#8969,#8970,#8971,#8972,#8973,#8974,#8975,#8976,#8977,
#8978,#8979,#8980,#8981,#8982),.UNSPECIFIED.,.F.,.F.,(4,1,1,1,1,1,1,1,1,
1,1,1,1,1,1,1,1,1,1,1,1,1,1,1,1,1,1,1,1,1,1,1,4),(0.,0.107626156441442,
0.116731661278873,0.128486815154898,0.142395700036577,0.158166892716714,
0.175602602057852,0.194557216347194,0.214917738100317,0.23659316865271,
0.259508179747131,0.283599073824856,0.308811067431172,0.33509638778013,
0.362412893965382,0.390723050350557,0.419993144285972,0.450192678114564,
0.481293888508613,0.513271360774479,0.546101715281823,0.579763349550858,
0.614236223905408,0.649501681663423,0.685542297023231,0.72234174539079,
0.759884692062706,0.798156696053524,0.837144126516999,0.876834089717067,
0.917214364895772,0.958273347691246,0.981061949686136),.UNSPECIFIED.);
#166=B_SPLINE_CURVE_WITH_KNOTS('',3,(#9023,#9024,#9025,#9026,#9027,#9028,
#9029,#9030,#9031,#9032,#9033,#9034,#9035,#9036,#9037,#9038,#9039,#9040,
#9041,#9042,#9043,#9044,#9045,#9046,#9047,#9048,#9049,#9050,#9051,#9052,
#9053,#9054,#9055,#9056,#9057),.UNSPECIFIED.,.F.,.F.,(4,1,1,1,1,1,1,1,1,
1,1,1,1,1,1,1,1,1,1,1,1,1,1,1,1,1,1,1,1,1,1,1,4),(0.,0.107626156441442,
0.116731661278873,0.128486815154898,0.142395700036577,0.158166892716714,
0.175602602057852,0.194557216347194,0.214917738100317,0.23659316865271,
0.259508179747131,0.283599073824856,0.308811067431172,0.33509638778013,
0.362412893965382,0.390723050350557,0.419993144285972,0.450192678114564,
0.481293888508613,0.513271360774479,0.546101715281823,0.579763349550858,
0.614236223905408,0.649501681663423,0.685542297023231,0.72234174539079,
0.759884692062706,0.798156696053524,0.837144126516999,0.876834089717067,
0.917214364895772,0.958273347691246,0.981061949686136),.UNSPECIFIED.);
#167=B_SPLINE_CURVE_WITH_KNOTS('',3,(#9088,#9089,#9090,#9091,#9092,#9093,
#9094,#9095,#9096,#9097,#9098,#9099,#9100,#9101,#9102,#9103,#9104,#9105,
#9106,#9107,#9108,#9109,#9110,#9111,#9112,#9113,#9114,#9115,#9116,#9117,
#9118,#9119,#9120,#9121,#9122),.UNSPECIFIED.,.F.,.F.,(4,1,1,1,1,1,1,1,1,
1,1,1,1,1,1,1,1,1,1,1,1,1,1,1,1,1,1,1,1,1,1,1,4),(0.,0.107626156441442,
0.116731661278873,0.128486815154898,0.142395700036577,0.158166892716714,
0.175602602057852,0.194557216347194,0.214917738100317,0.23659316865271,
0.259508179747131,0.283599073824856,0.308811067431172,0.33509638778013,
0.362412893965382,0.390723050350557,0.419993144285972,0.450192678114564,
0.481293888508613,0.513271360774479,0.546101715281823,0.579763349550858,
0.614236223905408,0.649501681663423,0.685542297023231,0.72234174539079,
0.759884692062706,0.798156696053524,0.837144126516999,0.876834089717067,
0.917214364895772,0.958273347691246,0.981061949686136),.UNSPECIFIED.);
#168=B_SPLINE_CURVE_WITH_KNOTS('',3,(#9163,#9164,#9165,#9166,#9167,#9168,
#9169,#9170,#9171,#9172,#9173,#9174,#9175,#9176,#9177,#9178,#9179,#9180,
#9181,#9182,#9183,#9184,#9185,#9186,#9187,#9188,#9189,#9190,#9191,#9192,
#9193,#9194,#9195,#9196,#9197),.UNSPECIFIED.,.F.,.F.,(4,1,1,1,1,1,1,1,1,
1,1,1,1,1,1,1,1,1,1,1,1,1,1,1,1,1,1,1,1,1,1,1,4),(0.,0.107626156441442,
0.116731661278873,0.128486815154898,0.142395700036577,0.158166892716714,
0.175602602057852,0.194557216347194,0.214917738100317,0.23659316865271,
0.259508179747131,0.283599073824856,0.308811067431172,0.33509638778013,
0.362412893965382,0.390723050350557,0.419993144285972,0.450192678114564,
0.481293888508613,0.513271360774479,0.546101715281823,0.579763349550858,
0.614236223905408,0.649501681663423,0.685542297023231,0.72234174539079,
0.759884692062706,0.798156696053524,0.837144126516999,0.876834089717067,
0.917214364895772,0.958273347691246,0.981061949686136),.UNSPECIFIED.);
#169=B_SPLINE_CURVE_WITH_KNOTS('',3,(#9228,#9229,#9230,#9231,#9232,#9233,
#9234,#9235,#9236,#9237,#9238,#9239,#9240,#9241,#9242,#9243,#9244,#9245,
#9246,#9247,#9248,#9249,#9250,#9251,#9252,#9253,#9254,#9255,#9256,#9257,
#9258,#9259,#9260,#9261,#9262),.UNSPECIFIED.,.F.,.F.,(4,1,1,1,1,1,1,1,1,
1,1,1,1,1,1,1,1,1,1,1,1,1,1,1,1,1,1,1,1,1,1,1,4),(0.,0.107626156441442,
0.116731661278873,0.128486815154898,0.142395700036577,0.158166892716714,
0.175602602057852,0.194557216347194,0.214917738100317,0.23659316865271,
0.259508179747131,0.283599073824856,0.308811067431172,0.33509638778013,
0.362412893965382,0.390723050350557,0.419993144285972,0.450192678114564,
0.481293888508613,0.513271360774479,0.546101715281823,0.579763349550858,
0.614236223905408,0.649501681663423,0.685542297023231,0.72234174539079,
0.759884692062706,0.798156696053524,0.837144126516999,0.876834089717067,
0.917214364895772,0.958273347691246,0.981061949686136),.UNSPECIFIED.);
#170=B_SPLINE_CURVE_WITH_KNOTS('',3,(#9303,#9304,#9305,#9306,#9307,#9308,
#9309,#9310,#9311,#9312,#9313,#9314,#9315,#9316,#9317,#9318,#9319,#9320,
#9321,#9322,#9323,#9324,#9325,#9326,#9327,#9328,#9329,#9330,#9331,#9332,
#9333,#9334,#9335,#9336,#9337),.UNSPECIFIED.,.F.,.F.,(4,1,1,1,1,1,1,1,1,
1,1,1,1,1,1,1,1,1,1,1,1,1,1,1,1,1,1,1,1,1,1,1,4),(0.,0.107626156441442,
0.116731661278873,0.128486815154898,0.142395700036577,0.158166892716714,
0.175602602057852,0.194557216347194,0.214917738100317,0.23659316865271,
0.259508179747131,0.283599073824856,0.308811067431172,0.33509638778013,
0.362412893965382,0.390723050350557,0.419993144285972,0.450192678114564,
0.481293888508613,0.513271360774479,0.546101715281823,0.579763349550858,
0.614236223905408,0.649501681663423,0.685542297023231,0.72234174539079,
0.759884692062706,0.798156696053524,0.837144126516999,0.876834089717067,
0.917214364895772,0.958273347691246,0.981061949686136),.UNSPECIFIED.);
#171=B_SPLINE_CURVE_WITH_KNOTS('',3,(#9368,#9369,#9370,#9371,#9372,#9373,
#9374,#9375,#9376,#9377,#9378,#9379,#9380,#9381,#9382,#9383,#9384,#9385,
#9386,#9387,#9388,#9389,#9390,#9391,#9392,#9393,#9394,#9395,#9396,#9397,
#9398,#9399,#9400,#9401,#9402),.UNSPECIFIED.,.F.,.F.,(4,1,1,1,1,1,1,1,1,
1,1,1,1,1,1,1,1,1,1,1,1,1,1,1,1,1,1,1,1,1,1,1,4),(0.,0.107626156441442,
0.116731661278873,0.128486815154898,0.142395700036577,0.158166892716714,
0.175602602057852,0.194557216347194,0.214917738100317,0.23659316865271,
0.259508179747131,0.283599073824856,0.308811067431172,0.33509638778013,
0.362412893965382,0.390723050350557,0.419993144285972,0.450192678114564,
0.481293888508613,0.513271360774479,0.546101715281823,0.579763349550858,
0.614236223905408,0.649501681663423,0.685542297023231,0.72234174539079,
0.759884692062706,0.798156696053524,0.837144126516999,0.876834089717067,
0.917214364895772,0.958273347691246,0.981061949686136),.UNSPECIFIED.);
#172=B_SPLINE_CURVE_WITH_KNOTS('',3,(#9443,#9444,#9445,#9446,#9447,#9448,
#9449,#9450,#9451,#9452,#9453,#9454,#9455,#9456,#9457,#9458,#9459,#9460,
#9461,#9462,#9463,#9464,#9465,#9466,#9467,#9468,#9469,#9470,#9471,#9472,
#9473,#9474,#9475,#9476,#9477),.UNSPECIFIED.,.F.,.F.,(4,1,1,1,1,1,1,1,1,
1,1,1,1,1,1,1,1,1,1,1,1,1,1,1,1,1,1,1,1,1,1,1,4),(0.,0.107626156441442,
0.116731661278873,0.128486815154898,0.142395700036577,0.158166892716714,
0.175602602057852,0.194557216347194,0.214917738100317,0.23659316865271,
0.259508179747131,0.283599073824856,0.308811067431172,0.33509638778013,
0.362412893965382,0.390723050350557,0.419993144285972,0.450192678114564,
0.481293888508613,0.513271360774479,0.546101715281823,0.579763349550858,
0.614236223905408,0.649501681663423,0.685542297023231,0.72234174539079,
0.759884692062706,0.798156696053524,0.837144126516999,0.876834089717067,
0.917214364895772,0.958273347691246,0.981061949686136),.UNSPECIFIED.);
#173=B_SPLINE_CURVE_WITH_KNOTS('',3,(#9508,#9509,#9510,#9511,#9512,#9513,
#9514,#9515,#9516,#9517,#9518,#9519,#9520,#9521,#9522,#9523,#9524,#9525,
#9526,#9527,#9528,#9529,#9530,#9531,#9532,#9533,#9534,#9535,#9536,#9537,
#9538,#9539,#9540,#9541,#9542),.UNSPECIFIED.,.F.,.F.,(4,1,1,1,1,1,1,1,1,
1,1,1,1,1,1,1,1,1,1,1,1,1,1,1,1,1,1,1,1,1,1,1,4),(0.,0.107626156441442,
0.116731661278873,0.128486815154898,0.142395700036577,0.158166892716714,
0.175602602057852,0.194557216347194,0.214917738100317,0.23659316865271,
0.259508179747131,0.283599073824856,0.308811067431172,0.33509638778013,
0.362412893965382,0.390723050350557,0.419993144285972,0.450192678114564,
0.481293888508613,0.513271360774479,0.546101715281823,0.579763349550858,
0.614236223905408,0.649501681663423,0.685542297023231,0.72234174539079,
0.759884692062706,0.798156696053524,0.837144126516999,0.876834089717067,
0.917214364895772,0.958273347691246,0.981061949686136),.UNSPECIFIED.);
#174=B_SPLINE_CURVE_WITH_KNOTS('',3,(#9583,#9584,#9585,#9586,#9587,#9588,
#9589,#9590,#9591,#9592,#9593,#9594,#9595,#9596,#9597,#9598,#9599,#9600,
#9601,#9602,#9603,#9604,#9605,#9606,#9607,#9608,#9609,#9610,#9611,#9612,
#9613,#9614,#9615,#9616,#9617),.UNSPECIFIED.,.F.,.F.,(4,1,1,1,1,1,1,1,1,
1,1,1,1,1,1,1,1,1,1,1,1,1,1,1,1,1,1,1,1,1,1,1,4),(0.,0.107626156441442,
0.116731661278873,0.128486815154898,0.142395700036577,0.158166892716714,
0.175602602057852,0.194557216347194,0.214917738100317,0.23659316865271,
0.259508179747131,0.283599073824856,0.308811067431172,0.33509638778013,
0.362412893965382,0.390723050350557,0.419993144285972,0.450192678114564,
0.481293888508613,0.513271360774479,0.546101715281823,0.579763349550858,
0.614236223905408,0.649501681663423,0.685542297023231,0.72234174539079,
0.759884692062706,0.798156696053524,0.837144126516999,0.876834089717067,
0.917214364895772,0.958273347691246,0.981061949686136),.UNSPECIFIED.);
#175=B_SPLINE_CURVE_WITH_KNOTS('',3,(#9648,#9649,#9650,#9651,#9652,#9653,
#9654,#9655,#9656,#9657,#9658,#9659,#9660,#9661,#9662,#9663,#9664,#9665,
#9666,#9667,#9668,#9669,#9670,#9671,#9672,#9673,#9674,#9675,#9676,#9677,
#9678,#9679,#9680,#9681,#9682),.UNSPECIFIED.,.F.,.F.,(4,1,1,1,1,1,1,1,1,
1,1,1,1,1,1,1,1,1,1,1,1,1,1,1,1,1,1,1,1,1,1,1,4),(0.,0.107626156441442,
0.116731661278873,0.128486815154898,0.142395700036577,0.158166892716714,
0.175602602057852,0.194557216347194,0.214917738100317,0.23659316865271,
0.259508179747131,0.283599073824856,0.308811067431172,0.33509638778013,
0.362412893965382,0.390723050350557,0.419993144285972,0.450192678114564,
0.481293888508613,0.513271360774479,0.546101715281823,0.579763349550858,
0.614236223905408,0.649501681663423,0.685542297023231,0.72234174539079,
0.759884692062706,0.798156696053524,0.837144126516999,0.876834089717067,
0.917214364895772,0.958273347691246,0.981061949686136),.UNSPECIFIED.);
#176=B_SPLINE_CURVE_WITH_KNOTS('',3,(#9723,#9724,#9725,#9726,#9727,#9728,
#9729,#9730,#9731,#9732,#9733,#9734,#9735,#9736,#9737,#9738,#9739,#9740,
#9741,#9742,#9743,#9744,#9745,#9746,#9747,#9748,#9749,#9750,#9751,#9752,
#9753,#9754,#9755,#9756,#9757),.UNSPECIFIED.,.F.,.F.,(4,1,1,1,1,1,1,1,1,
1,1,1,1,1,1,1,1,1,1,1,1,1,1,1,1,1,1,1,1,1,1,1,4),(0.,0.107626156441442,
0.116731661278873,0.128486815154898,0.142395700036577,0.158166892716714,
0.175602602057852,0.194557216347194,0.214917738100317,0.23659316865271,
0.259508179747131,0.283599073824856,0.308811067431172,0.33509638778013,
0.362412893965382,0.390723050350557,0.419993144285972,0.450192678114564,
0.481293888508613,0.513271360774479,0.546101715281823,0.579763349550858,
0.614236223905408,0.649501681663423,0.685542297023231,0.72234174539079,
0.759884692062706,0.798156696053524,0.837144126516999,0.876834089717067,
0.917214364895772,0.958273347691246,0.981061949686136),.UNSPECIFIED.);
#177=B_SPLINE_CURVE_WITH_KNOTS('',3,(#9788,#9789,#9790,#9791,#9792,#9793,
#9794,#9795,#9796,#9797,#9798,#9799,#9800,#9801,#9802,#9803,#9804,#9805,
#9806,#9807,#9808,#9809,#9810,#9811,#9812,#9813,#9814,#9815,#9816,#9817,
#9818,#9819,#9820,#9821,#9822),.UNSPECIFIED.,.F.,.F.,(4,1,1,1,1,1,1,1,1,
1,1,1,1,1,1,1,1,1,1,1,1,1,1,1,1,1,1,1,1,1,1,1,4),(0.,0.107626156441442,
0.116731661278873,0.128486815154898,0.142395700036577,0.158166892716714,
0.175602602057852,0.194557216347194,0.214917738100317,0.23659316865271,
0.259508179747131,0.283599073824856,0.308811067431172,0.33509638778013,
0.362412893965382,0.390723050350557,0.419993144285972,0.450192678114564,
0.481293888508613,0.513271360774479,0.546101715281823,0.579763349550858,
0.614236223905408,0.649501681663423,0.685542297023231,0.72234174539079,
0.759884692062706,0.798156696053524,0.837144126516999,0.876834089717067,
0.917214364895772,0.958273347691246,0.981061949686136),.UNSPECIFIED.);
#178=B_SPLINE_CURVE_WITH_KNOTS('',3,(#9863,#9864,#9865,#9866,#9867,#9868,
#9869,#9870,#9871,#9872,#9873,#9874,#9875,#9876,#9877,#9878,#9879,#9880,
#9881,#9882,#9883,#9884,#9885,#9886,#9887,#9888,#9889,#9890,#9891,#9892,
#9893,#9894,#9895,#9896,#9897),.UNSPECIFIED.,.F.,.F.,(4,1,1,1,1,1,1,1,1,
1,1,1,1,1,1,1,1,1,1,1,1,1,1,1,1,1,1,1,1,1,1,1,4),(0.,0.107626156441442,
0.116731661278873,0.128486815154898,0.142395700036577,0.158166892716714,
0.175602602057852,0.194557216347194,0.214917738100317,0.23659316865271,
0.259508179747131,0.283599073824856,0.308811067431172,0.33509638778013,
0.362412893965382,0.390723050350557,0.419993144285972,0.450192678114564,
0.481293888508613,0.513271360774479,0.546101715281823,0.579763349550858,
0.614236223905408,0.649501681663423,0.685542297023231,0.72234174539079,
0.759884692062706,0.798156696053524,0.837144126516999,0.876834089717067,
0.917214364895772,0.958273347691246,0.981061949686136),.UNSPECIFIED.);
#179=B_SPLINE_CURVE_WITH_KNOTS('',3,(#9928,#9929,#9930,#9931,#9932,#9933,
#9934,#9935,#9936,#9937,#9938,#9939,#9940,#9941,#9942,#9943,#9944,#9945,
#9946,#9947,#9948,#9949,#9950,#9951,#9952,#9953,#9954,#9955,#9956,#9957,
#9958,#9959,#9960,#9961,#9962),.UNSPECIFIED.,.F.,.F.,(4,1,1,1,1,1,1,1,1,
1,1,1,1,1,1,1,1,1,1,1,1,1,1,1,1,1,1,1,1,1,1,1,4),(0.,0.107626156441442,
0.116731661278873,0.128486815154898,0.142395700036577,0.158166892716714,
0.175602602057852,0.194557216347194,0.214917738100317,0.23659316865271,
0.259508179747131,0.283599073824856,0.308811067431172,0.33509638778013,
0.362412893965382,0.390723050350557,0.419993144285972,0.450192678114564,
0.481293888508613,0.513271360774479,0.546101715281823,0.579763349550858,
0.614236223905408,0.649501681663423,0.685542297023231,0.72234174539079,
0.759884692062706,0.798156696053524,0.837144126516999,0.876834089717067,
0.917214364895772,0.958273347691246,0.981061949686136),.UNSPECIFIED.);
#180=B_SPLINE_CURVE_WITH_KNOTS('',3,(#10051,#10052,#10053,#10054,#10055,
#10056,#10057),.UNSPECIFIED.,.F.,.F.,(4,1,1,1,4),(-0.000401433470649583,
0.00114677669877692,0.00269498686820342,0.00424319703762992,0.00579140720705642),
 .UNSPECIFIED.);
#181=B_SPLINE_CURVE_WITH_KNOTS('',3,(#10059,#10060,#10061,#10062),
 .UNSPECIFIED.,.F.,.F.,(4,4),(0.,0.00201630488015191),.UNSPECIFIED.);
#182=B_SPLINE_CURVE_WITH_KNOTS('',3,(#10065,#10066,#10067,#10068,#10069,
#10070,#10071),.UNSPECIFIED.,.F.,.F.,(4,1,1,1,4),(-0.000401433470649583,
0.00114677669877691,0.00269498686820341,0.00424319703762991,0.0057914072070564),
 .UNSPECIFIED.);
#183=B_SPLINE_CURVE_WITH_KNOTS('',3,(#10078,#10079,#10080,#10081),
 .UNSPECIFIED.,.F.,.F.,(4,4),(0.,0.00201643562526364),.UNSPECIFIED.);
#184=B_SPLINE_CURVE_WITH_KNOTS('',3,(#10090,#10091,#10092,#10093,#10094,
#10095),.UNSPECIFIED.,.F.,.F.,(4,1,1,4),(0.,0.00137782165738349,0.00275564331476698,
0.00551128662953397),.UNSPECIFIED.);
#185=B_SPLINE_CURVE_WITH_KNOTS('',3,(#10099,#10100,#10101,#10102,#10103,
#10104),.UNSPECIFIED.,.F.,.F.,(4,1,1,4),(0.,0.00137782165738349,0.00275564331476699,
0.00551128662953398),.UNSPECIFIED.);
#186=PLANE('',#3825);
#187=PLANE('',#3832);
#188=PLANE('',#3839);
#189=PLANE('',#3841);
#190=PLANE('',#3866);
#191=PLANE('',#3873);
#192=PLANE('',#3880);
#193=PLANE('',#3882);
#194=PLANE('',#3907);
#195=PLANE('',#3914);
#196=PLANE('',#3921);
#197=PLANE('',#3923);
#198=PLANE('',#3948);
#199=PLANE('',#3955);
#200=PLANE('',#3962);
#201=PLANE('',#3964);
#202=PLANE('',#4043);
#203=PLANE('',#4207);
#204=PLANE('',#4209);
#205=PLANE('',#4221);
#206=PLANE('',#4228);
#207=PLANE('',#4232);
#208=PLANE('',#4234);
#209=PLANE('',#4259);
#210=PLANE('',#4262);
#211=PLANE('',#4265);
#212=PLANE('',#4268);
#213=CIRCLE('',#3811,0.043);
#214=CIRCLE('',#3812,0.043);
#215=CIRCLE('',#3814,0.043);
#216=CIRCLE('',#3815,0.043);
#217=CIRCLE('',#3817,0.043);
#218=CIRCLE('',#3818,0.043);
#219=CIRCLE('',#3820,0.043);
#220=CIRCLE('',#3821,0.043);
#221=CIRCLE('',#3823,0.043);
#222=CIRCLE('',#3824,0.043);
#223=CIRCLE('',#3826,0.041);
#224=CIRCLE('',#3827,0.003);
#225=CIRCLE('',#3828,0.003);
#226=CIRCLE('',#3830,0.038);
#227=CIRCLE('',#3831,0.038);
#228=CIRCLE('',#3833,0.003);
#229=CIRCLE('',#3834,0.046);
#230=CIRCLE('',#3835,0.003);
#231=CIRCLE('',#3836,0.041);
#232=CIRCLE('',#3838,0.046);
#233=CIRCLE('',#3840,0.003);
#234=CIRCLE('',#3842,0.003);
#235=CIRCLE('',#3844,0.003);
#236=CIRCLE('',#3846,0.003);
#237=CIRCLE('',#3849,0.003);
#238=CIRCLE('',#3852,0.003);
#239=CIRCLE('',#3857,0.003);
#240=CIRCLE('',#3858,0.003);
#241=CIRCLE('',#3860,0.0425944935498);
#242=CIRCLE('',#3864,0.043);
#243=CIRCLE('',#3865,0.043);
#244=CIRCLE('',#3867,0.041);
#245=CIRCLE('',#3868,0.003);
#246=CIRCLE('',#3869,0.003);
#247=CIRCLE('',#3871,0.038);
#248=CIRCLE('',#3872,0.038);
#249=CIRCLE('',#3874,0.003);
#250=CIRCLE('',#3875,0.046);
#251=CIRCLE('',#3876,0.003);
#252=CIRCLE('',#3877,0.041);
#253=CIRCLE('',#3879,0.046);
#254=CIRCLE('',#3881,0.003);
#255=CIRCLE('',#3883,0.003);
#256=CIRCLE('',#3885,0.003);
#257=CIRCLE('',#3887,0.003);
#258=CIRCLE('',#3890,0.003);
#259=CIRCLE('',#3893,0.003);
#260=CIRCLE('',#3898,0.003);
#261=CIRCLE('',#3899,0.003);
#262=CIRCLE('',#3901,0.0425944935498);
#263=CIRCLE('',#3905,0.043);
#264=CIRCLE('',#3906,0.043);
#265=CIRCLE('',#3908,0.041);
#266=CIRCLE('',#3909,0.003);
#267=CIRCLE('',#3910,0.003);
#268=CIRCLE('',#3912,0.038);
#269=CIRCLE('',#3913,0.038);
#270=CIRCLE('',#3915,0.003);
#271=CIRCLE('',#3916,0.046);
#272=CIRCLE('',#3917,0.003);
#273=CIRCLE('',#3918,0.041);
#274=CIRCLE('',#3920,0.046);
#275=CIRCLE('',#3922,0.003);
#276=CIRCLE('',#3924,0.003);
#277=CIRCLE('',#3926,0.003);
#278=CIRCLE('',#3928,0.003);
#279=CIRCLE('',#3931,0.003);
#280=CIRCLE('',#3934,0.003);
#281=CIRCLE('',#3939,0.003);
#282=CIRCLE('',#3940,0.003);
#283=CIRCLE('',#3942,0.0425944935498);
#284=CIRCLE('',#3946,0.043);
#285=CIRCLE('',#3947,0.043);
#286=CIRCLE('',#3949,0.041);
#287=CIRCLE('',#3950,0.003);
#288=CIRCLE('',#3951,0.003);
#289=CIRCLE('',#3953,0.038);
#290=CIRCLE('',#3954,0.038);
#291=CIRCLE('',#3956,0.003);
#292=CIRCLE('',#3957,0.046);
#293=CIRCLE('',#3958,0.003);
#294=CIRCLE('',#3959,0.041);
#295=CIRCLE('',#3961,0.046);
#296=CIRCLE('',#3963,0.003);
#297=CIRCLE('',#3965,0.003);
#298=CIRCLE('',#3967,0.003);
#299=CIRCLE('',#3969,0.003);
#300=CIRCLE('',#3972,0.003);
#301=CIRCLE('',#3975,0.003);
#302=CIRCLE('',#3980,0.003);
#303=CIRCLE('',#3981,0.003);
#304=CIRCLE('',#3983,0.0425944935498);
#305=CIRCLE('',#3987,0.043);
#306=CIRCLE('',#3988,0.043);
#307=CIRCLE('',#3990,0.0166666666666666);
#308=CIRCLE('',#3991,0.0166666666666666);
#309=CIRCLE('',#3993,0.0166666666666666);
#310=CIRCLE('',#3994,0.0166666666666666);
#311=CIRCLE('',#3996,0.0166666666666666);
#312=CIRCLE('',#3997,0.0166666666666666);
#313=CIRCLE('',#3999,0.0166666666666666);
#314=CIRCLE('',#4000,0.0166666666666666);
#315=CIRCLE('',#4002,0.0166666666666666);
#316=CIRCLE('',#4003,0.0166666666666666);
#317=CIRCLE('',#4005,0.0166666666666666);
#318=CIRCLE('',#4006,0.0166666666666666);
#319=CIRCLE('',#4008,0.0166666666666666);
#320=CIRCLE('',#4009,0.0166666666666666);
#321=CIRCLE('',#4011,0.0166666666666666);
#322=CIRCLE('',#4012,0.0166666666666666);
#323=CIRCLE('',#4014,0.0166666666666666);
#324=CIRCLE('',#4015,0.0166666666666666);
#325=CIRCLE('',#4017,0.0166666666666666);
#326=CIRCLE('',#4018,0.0166666666666666);
#327=CIRCLE('',#4020,0.0166666666666666);
#328=CIRCLE('',#4021,0.0166666666666666);
#329=CIRCLE('',#4023,0.0166666666666666);
#330=CIRCLE('',#4024,0.0166666666666666);
#331=CIRCLE('',#4026,0.0166666666666666);
#332=CIRCLE('',#4027,0.0166666666666666);
#333=CIRCLE('',#4029,0.0166666666666666);
#334=CIRCLE('',#4030,0.0166666666666666);
#335=CIRCLE('',#4032,0.0166666666666666);
#336=CIRCLE('',#4033,0.0166666666666666);
#337=CIRCLE('',#4035,0.0166666666666666);
#338=CIRCLE('',#4036,0.0166666666666666);
#339=CIRCLE('',#4038,0.0166666666666666);
#340=CIRCLE('',#4039,0.0166666666666666);
#341=CIRCLE('',#4041,0.0166666666666666);
#342=CIRCLE('',#4042,0.0166666666666666);
#343=CIRCLE('',#4044,0.01);
#344=CIRCLE('',#4045,0.000670805845241424);
#345=CIRCLE('',#4046,0.000670805845241424);
#346=CIRCLE('',#4047,0.0129166666666666);
#347=CIRCLE('',#4048,0.000670805845241424);
#348=CIRCLE('',#4049,0.000670805845241424);
#349=CIRCLE('',#4050,0.0129166666666666);
#350=CIRCLE('',#4051,0.000670805845241424);
#351=CIRCLE('',#4052,0.000670805845241424);
#352=CIRCLE('',#4053,0.0129166666666666);
#353=CIRCLE('',#4054,0.000670805845241424);
#354=CIRCLE('',#4055,0.000670805845241424);
#355=CIRCLE('',#4056,0.0129166666666666);
#356=CIRCLE('',#4057,0.000670805845241424);
#357=CIRCLE('',#4058,0.000670805845241424);
#358=CIRCLE('',#4059,0.0129166666666666);
#359=CIRCLE('',#4060,0.000670805845241424);
#360=CIRCLE('',#4061,0.000670805845241424);
#361=CIRCLE('',#4062,0.0129166666666666);
#362=CIRCLE('',#4063,0.000670805845241424);
#363=CIRCLE('',#4064,0.000670805845241424);
#364=CIRCLE('',#4065,0.0129166666666666);
#365=CIRCLE('',#4066,0.000670805845241424);
#366=CIRCLE('',#4067,0.000670805845241424);
#367=CIRCLE('',#4068,0.0129166666666666);
#368=CIRCLE('',#4069,0.000670805845241424);
#369=CIRCLE('',#4070,0.000670805845241424);
#370=CIRCLE('',#4071,0.0129166666666666);
#371=CIRCLE('',#4072,0.000670805845241424);
#372=CIRCLE('',#4073,0.000670805845241424);
#373=CIRCLE('',#4074,0.0129166666666666);
#374=CIRCLE('',#4075,0.000670805845241424);
#375=CIRCLE('',#4076,0.000670805845241424);
#376=CIRCLE('',#4077,0.0129166666666666);
#377=CIRCLE('',#4078,0.000670805845241424);
#378=CIRCLE('',#4079,0.000670805845241424);
#379=CIRCLE('',#4080,0.0129166666666666);
#380=CIRCLE('',#4081,0.000670805845241424);
#381=CIRCLE('',#4082,0.000670805845241424);
#382=CIRCLE('',#4083,0.0129166666666666);
#383=CIRCLE('',#4084,0.000670805845241424);
#384=CIRCLE('',#4085,0.000670805845241424);
#385=CIRCLE('',#4086,0.0129166666666666);
#386=CIRCLE('',#4087,0.000670805845241424);
#387=CIRCLE('',#4088,0.000670805845241424);
#388=CIRCLE('',#4089,0.0129166666666666);
#389=CIRCLE('',#4090,0.000670805845241424);
#390=CIRCLE('',#4091,0.000670805845241424);
#391=CIRCLE('',#4092,0.0129166666666666);
#392=CIRCLE('',#4093,0.000670805845241424);
#393=CIRCLE('',#4094,0.000670805845241424);
#394=CIRCLE('',#4095,0.0129166666666666);
#395=CIRCLE('',#4096,0.000670805845241424);
#396=CIRCLE('',#4097,0.000670805845241424);
#397=CIRCLE('',#4098,0.0129166666666666);
#398=CIRCLE('',#4100,0.0129166666666666);
#399=CIRCLE('',#4102,0.000670805845241424);
#400=CIRCLE('',#4104,0.000670805845241424);
#401=CIRCLE('',#4106,0.0129166666666666);
#402=CIRCLE('',#4108,0.000670805845241424);
#403=CIRCLE('',#4110,0.000670805845241424);
#404=CIRCLE('',#4112,0.0129166666666666);
#405=CIRCLE('',#4114,0.000670805845241424);
#406=CIRCLE('',#4116,0.000670805845241424);
#407=CIRCLE('',#4118,0.0129166666666666);
#408=CIRCLE('',#4120,0.000670805845241424);
#409=CIRCLE('',#4122,0.000670805845241424);
#410=CIRCLE('',#4124,0.0129166666666666);
#411=CIRCLE('',#4126,0.000670805845241424);
#412=CIRCLE('',#4128,0.000670805845241424);
#413=CIRCLE('',#4130,0.0129166666666666);
#414=CIRCLE('',#4132,0.000670805845241424);
#415=CIRCLE('',#4134,0.000670805845241424);
#416=CIRCLE('',#4136,0.0129166666666666);
#417=CIRCLE('',#4138,0.000670805845241424);
#418=CIRCLE('',#4140,0.000670805845241424);
#419=CIRCLE('',#4142,0.0129166666666666);
#420=CIRCLE('',#4144,0.000670805845241424);
#421=CIRCLE('',#4146,0.000670805845241424);
#422=CIRCLE('',#4148,0.0129166666666666);
#423=CIRCLE('',#4150,0.000670805845241424);
#424=CIRCLE('',#4152,0.000670805845241424);
#425=CIRCLE('',#4154,0.0129166666666666);
#426=CIRCLE('',#4156,0.000670805845241424);
#427=CIRCLE('',#4158,0.000670805845241424);
#428=CIRCLE('',#4160,0.0129166666666666);
#429=CIRCLE('',#4162,0.000670805845241424);
#430=CIRCLE('',#4164,0.000670805845241424);
#431=CIRCLE('',#4166,0.0129166666666666);
#432=CIRCLE('',#4168,0.000670805845241424);
#433=CIRCLE('',#4170,0.000670805845241424);
#434=CIRCLE('',#4172,0.0129166666666666);
#435=CIRCLE('',#4174,0.000670805845241424);
#436=CIRCLE('',#4176,0.000670805845241424);
#437=CIRCLE('',#4178,0.0129166666666666);
#438=CIRCLE('',#4180,0.000670805845241424);
#439=CIRCLE('',#4182,0.000670805845241424);
#440=CIRCLE('',#4184,0.0129166666666666);
#441=CIRCLE('',#4186,0.000670805845241424);
#442=CIRCLE('',#4188,0.000670805845241424);
#443=CIRCLE('',#4190,0.0129166666666666);
#444=CIRCLE('',#4192,0.000670805845241424);
#445=CIRCLE('',#4194,0.000670805845241424);
#446=CIRCLE('',#4196,0.0129166666666666);
#447=CIRCLE('',#4198,0.000670805845241424);
#448=CIRCLE('',#4200,0.000670805845241424);
#449=CIRCLE('',#4202,0.0129166666666666);
#450=CIRCLE('',#4204,0.000670805845241424);
#451=CIRCLE('',#4206,0.000670805845241424);
#452=CIRCLE('',#4208,0.043);
#453=CIRCLE('',#4210,0.038);
#454=CIRCLE('',#4211,0.0016);
#455=CIRCLE('',#4212,0.0016);
#456=CIRCLE('',#4213,0.0016);
#457=CIRCLE('',#4214,0.0016);
#458=CIRCLE('',#4215,0.01);
#459=CIRCLE('',#4217,0.043);
#460=CIRCLE('',#4219,0.046);
#461=CIRCLE('',#4220,0.046);
#462=CIRCLE('',#4222,0.003);
#463=CIRCLE('',#4223,0.003);
#464=CIRCLE('',#4224,0.041);
#465=CIRCLE('',#4226,0.038);
#466=CIRCLE('',#4227,0.038);
#467=CIRCLE('',#4229,0.041);
#468=CIRCLE('',#4230,0.003);
#469=CIRCLE('',#4231,0.003);
#470=CIRCLE('',#4233,0.003);
#471=CIRCLE('',#4235,0.003);
#472=CIRCLE('',#4239,0.0425944935498);
#473=CIRCLE('',#4241,0.003);
#474=CIRCLE('',#4245,0.003);
#475=CIRCLE('',#4246,0.003);
#476=CIRCLE('',#4248,0.003);
#477=CIRCLE('',#4250,0.003);
#478=CIRCLE('',#4253,0.003);
#479=CIRCLE('',#4258,0.0016);
#480=CIRCLE('',#4261,0.0016);
#481=CIRCLE('',#4264,0.0016);
#482=CIRCLE('',#4267,0.0016);
#483=ORIENTED_EDGE('',*,*,#1643,.T.);
#484=ORIENTED_EDGE('',*,*,#1644,.T.);
#485=ORIENTED_EDGE('',*,*,#1645,.T.);
#486=ORIENTED_EDGE('',*,*,#1646,.F.);
#487=ORIENTED_EDGE('',*,*,#1647,.T.);
#488=ORIENTED_EDGE('',*,*,#1648,.T.);
#489=ORIENTED_EDGE('',*,*,#1649,.T.);
#490=ORIENTED_EDGE('',*,*,#1650,.F.);
#491=ORIENTED_EDGE('',*,*,#1651,.T.);
#492=ORIENTED_EDGE('',*,*,#1652,.T.);
#493=ORIENTED_EDGE('',*,*,#1653,.T.);
#494=ORIENTED_EDGE('',*,*,#1654,.F.);
#495=ORIENTED_EDGE('',*,*,#1655,.T.);
#496=ORIENTED_EDGE('',*,*,#1656,.T.);
#497=ORIENTED_EDGE('',*,*,#1657,.T.);
#498=ORIENTED_EDGE('',*,*,#1658,.F.);
#499=ORIENTED_EDGE('',*,*,#1659,.F.);
#500=ORIENTED_EDGE('',*,*,#1660,.T.);
#501=ORIENTED_EDGE('',*,*,#1661,.T.);
#502=ORIENTED_EDGE('',*,*,#1662,.T.);
#503=ORIENTED_EDGE('',*,*,#1663,.F.);
#504=ORIENTED_EDGE('',*,*,#1664,.T.);
#505=ORIENTED_EDGE('',*,*,#1665,.T.);
#506=ORIENTED_EDGE('',*,*,#1666,.T.);
#507=ORIENTED_EDGE('',*,*,#1661,.F.);
#508=ORIENTED_EDGE('',*,*,#1667,.T.);
#509=ORIENTED_EDGE('',*,*,#1668,.T.);
#510=ORIENTED_EDGE('',*,*,#1669,.T.);
#511=ORIENTED_EDGE('',*,*,#1670,.T.);
#512=ORIENTED_EDGE('',*,*,#1671,.T.);
#513=ORIENTED_EDGE('',*,*,#1672,.T.);
#514=ORIENTED_EDGE('',*,*,#1673,.T.);
#515=ORIENTED_EDGE('',*,*,#1674,.T.);
#516=ORIENTED_EDGE('',*,*,#1675,.T.);
#517=ORIENTED_EDGE('',*,*,#1676,.T.);
#518=ORIENTED_EDGE('',*,*,#1677,.T.);
#519=ORIENTED_EDGE('',*,*,#1674,.F.);
#520=ORIENTED_EDGE('',*,*,#1678,.T.);
#521=ORIENTED_EDGE('',*,*,#1679,.T.);
#522=ORIENTED_EDGE('',*,*,#1680,.T.);
#523=ORIENTED_EDGE('',*,*,#1681,.T.);
#524=ORIENTED_EDGE('',*,*,#1682,.T.);
#525=ORIENTED_EDGE('',*,*,#1663,.T.);
#526=ORIENTED_EDGE('',*,*,#1683,.T.);
#527=ORIENTED_EDGE('',*,*,#1684,.T.);
#528=ORIENTED_EDGE('',*,*,#1665,.F.);
#529=ORIENTED_EDGE('',*,*,#1685,.T.);
#530=ORIENTED_EDGE('',*,*,#1686,.T.);
#531=ORIENTED_EDGE('',*,*,#1687,.T.);
#532=ORIENTED_EDGE('',*,*,#1688,.T.);
#533=ORIENTED_EDGE('',*,*,#1689,.T.);
#534=ORIENTED_EDGE('',*,*,#1670,.F.);
#535=ORIENTED_EDGE('',*,*,#1690,.T.);
#536=ORIENTED_EDGE('',*,*,#1681,.F.);
#537=ORIENTED_EDGE('',*,*,#1691,.T.);
#538=ORIENTED_EDGE('',*,*,#1686,.F.);
#539=ORIENTED_EDGE('',*,*,#1692,.F.);
#540=ORIENTED_EDGE('',*,*,#1668,.F.);
#541=ORIENTED_EDGE('',*,*,#1693,.T.);
#542=ORIENTED_EDGE('',*,*,#1672,.F.);
#543=ORIENTED_EDGE('',*,*,#1694,.F.);
#544=ORIENTED_EDGE('',*,*,#1684,.F.);
#545=ORIENTED_EDGE('',*,*,#1695,.T.);
#546=ORIENTED_EDGE('',*,*,#1687,.F.);
#547=ORIENTED_EDGE('',*,*,#1696,.F.);
#548=ORIENTED_EDGE('',*,*,#1676,.F.);
#549=ORIENTED_EDGE('',*,*,#1678,.F.);
#550=ORIENTED_EDGE('',*,*,#1673,.F.);
#551=ORIENTED_EDGE('',*,*,#1693,.F.);
#552=ORIENTED_EDGE('',*,*,#1683,.F.);
#553=ORIENTED_EDGE('',*,*,#1667,.F.);
#554=ORIENTED_EDGE('',*,*,#1660,.F.);
#555=ORIENTED_EDGE('',*,*,#1645,.F.);
#556=ORIENTED_EDGE('',*,*,#1697,.T.);
#557=ORIENTED_EDGE('',*,*,#1698,.T.);
#558=ORIENTED_EDGE('',*,*,#1675,.F.);
#559=ORIENTED_EDGE('',*,*,#1680,.F.);
#560=ORIENTED_EDGE('',*,*,#1699,.F.);
#561=ORIENTED_EDGE('',*,*,#1700,.T.);
#562=ORIENTED_EDGE('',*,*,#1647,.F.);
#563=ORIENTED_EDGE('',*,*,#1662,.F.);
#564=ORIENTED_EDGE('',*,*,#1666,.F.);
#565=ORIENTED_EDGE('',*,*,#1688,.F.);
#566=ORIENTED_EDGE('',*,*,#1695,.F.);
#567=ORIENTED_EDGE('',*,*,#1664,.F.);
#568=ORIENTED_EDGE('',*,*,#1682,.F.);
#569=ORIENTED_EDGE('',*,*,#1690,.F.);
#570=ORIENTED_EDGE('',*,*,#1669,.F.);
#571=ORIENTED_EDGE('',*,*,#1692,.T.);
#572=ORIENTED_EDGE('',*,*,#1685,.F.);
#573=ORIENTED_EDGE('',*,*,#1701,.T.);
#574=ORIENTED_EDGE('',*,*,#1671,.F.);
#575=ORIENTED_EDGE('',*,*,#1702,.F.);
#576=ORIENTED_EDGE('',*,*,#1677,.F.);
#577=ORIENTED_EDGE('',*,*,#1699,.T.);
#578=ORIENTED_EDGE('',*,*,#1679,.F.);
#579=ORIENTED_EDGE('',*,*,#1698,.F.);
#580=ORIENTED_EDGE('',*,*,#1703,.T.);
#581=ORIENTED_EDGE('',*,*,#1694,.T.);
#582=ORIENTED_EDGE('',*,*,#1702,.T.);
#583=ORIENTED_EDGE('',*,*,#1689,.F.);
#584=ORIENTED_EDGE('',*,*,#1691,.F.);
#585=ORIENTED_EDGE('',*,*,#1701,.F.);
#586=ORIENTED_EDGE('',*,*,#1696,.T.);
#587=ORIENTED_EDGE('',*,*,#1704,.F.);
#588=ORIENTED_EDGE('',*,*,#1705,.T.);
#589=ORIENTED_EDGE('',*,*,#1706,.T.);
#590=ORIENTED_EDGE('',*,*,#1707,.T.);
#591=ORIENTED_EDGE('',*,*,#1708,.F.);
#592=ORIENTED_EDGE('',*,*,#1709,.T.);
#593=ORIENTED_EDGE('',*,*,#1710,.T.);
#594=ORIENTED_EDGE('',*,*,#1711,.T.);
#595=ORIENTED_EDGE('',*,*,#1706,.F.);
#596=ORIENTED_EDGE('',*,*,#1712,.T.);
#597=ORIENTED_EDGE('',*,*,#1713,.T.);
#598=ORIENTED_EDGE('',*,*,#1714,.T.);
#599=ORIENTED_EDGE('',*,*,#1715,.T.);
#600=ORIENTED_EDGE('',*,*,#1716,.T.);
#601=ORIENTED_EDGE('',*,*,#1717,.T.);
#602=ORIENTED_EDGE('',*,*,#1718,.T.);
#603=ORIENTED_EDGE('',*,*,#1719,.T.);
#604=ORIENTED_EDGE('',*,*,#1720,.T.);
#605=ORIENTED_EDGE('',*,*,#1721,.T.);
#606=ORIENTED_EDGE('',*,*,#1722,.T.);
#607=ORIENTED_EDGE('',*,*,#1719,.F.);
#608=ORIENTED_EDGE('',*,*,#1723,.T.);
#609=ORIENTED_EDGE('',*,*,#1724,.T.);
#610=ORIENTED_EDGE('',*,*,#1725,.T.);
#611=ORIENTED_EDGE('',*,*,#1726,.T.);
#612=ORIENTED_EDGE('',*,*,#1727,.T.);
#613=ORIENTED_EDGE('',*,*,#1708,.T.);
#614=ORIENTED_EDGE('',*,*,#1728,.T.);
#615=ORIENTED_EDGE('',*,*,#1729,.T.);
#616=ORIENTED_EDGE('',*,*,#1710,.F.);
#617=ORIENTED_EDGE('',*,*,#1730,.T.);
#618=ORIENTED_EDGE('',*,*,#1731,.T.);
#619=ORIENTED_EDGE('',*,*,#1732,.T.);
#620=ORIENTED_EDGE('',*,*,#1733,.T.);
#621=ORIENTED_EDGE('',*,*,#1734,.T.);
#622=ORIENTED_EDGE('',*,*,#1715,.F.);
#623=ORIENTED_EDGE('',*,*,#1735,.T.);
#624=ORIENTED_EDGE('',*,*,#1726,.F.);
#625=ORIENTED_EDGE('',*,*,#1736,.T.);
#626=ORIENTED_EDGE('',*,*,#1731,.F.);
#627=ORIENTED_EDGE('',*,*,#1737,.F.);
#628=ORIENTED_EDGE('',*,*,#1713,.F.);
#629=ORIENTED_EDGE('',*,*,#1738,.T.);
#630=ORIENTED_EDGE('',*,*,#1717,.F.);
#631=ORIENTED_EDGE('',*,*,#1739,.F.);
#632=ORIENTED_EDGE('',*,*,#1729,.F.);
#633=ORIENTED_EDGE('',*,*,#1740,.T.);
#634=ORIENTED_EDGE('',*,*,#1732,.F.);
#635=ORIENTED_EDGE('',*,*,#1741,.F.);
#636=ORIENTED_EDGE('',*,*,#1721,.F.);
#637=ORIENTED_EDGE('',*,*,#1723,.F.);
#638=ORIENTED_EDGE('',*,*,#1718,.F.);
#639=ORIENTED_EDGE('',*,*,#1738,.F.);
#640=ORIENTED_EDGE('',*,*,#1728,.F.);
#641=ORIENTED_EDGE('',*,*,#1712,.F.);
#642=ORIENTED_EDGE('',*,*,#1705,.F.);
#643=ORIENTED_EDGE('',*,*,#1649,.F.);
#644=ORIENTED_EDGE('',*,*,#1742,.T.);
#645=ORIENTED_EDGE('',*,*,#1743,.T.);
#646=ORIENTED_EDGE('',*,*,#1720,.F.);
#647=ORIENTED_EDGE('',*,*,#1725,.F.);
#648=ORIENTED_EDGE('',*,*,#1744,.F.);
#649=ORIENTED_EDGE('',*,*,#1745,.T.);
#650=ORIENTED_EDGE('',*,*,#1651,.F.);
#651=ORIENTED_EDGE('',*,*,#1707,.F.);
#652=ORIENTED_EDGE('',*,*,#1711,.F.);
#653=ORIENTED_EDGE('',*,*,#1733,.F.);
#654=ORIENTED_EDGE('',*,*,#1740,.F.);
#655=ORIENTED_EDGE('',*,*,#1709,.F.);
#656=ORIENTED_EDGE('',*,*,#1727,.F.);
#657=ORIENTED_EDGE('',*,*,#1735,.F.);
#658=ORIENTED_EDGE('',*,*,#1714,.F.);
#659=ORIENTED_EDGE('',*,*,#1737,.T.);
#660=ORIENTED_EDGE('',*,*,#1730,.F.);
#661=ORIENTED_EDGE('',*,*,#1746,.T.);
#662=ORIENTED_EDGE('',*,*,#1716,.F.);
#663=ORIENTED_EDGE('',*,*,#1747,.F.);
#664=ORIENTED_EDGE('',*,*,#1722,.F.);
#665=ORIENTED_EDGE('',*,*,#1744,.T.);
#666=ORIENTED_EDGE('',*,*,#1724,.F.);
#667=ORIENTED_EDGE('',*,*,#1743,.F.);
#668=ORIENTED_EDGE('',*,*,#1748,.T.);
#669=ORIENTED_EDGE('',*,*,#1739,.T.);
#670=ORIENTED_EDGE('',*,*,#1747,.T.);
#671=ORIENTED_EDGE('',*,*,#1734,.F.);
#672=ORIENTED_EDGE('',*,*,#1736,.F.);
#673=ORIENTED_EDGE('',*,*,#1746,.F.);
#674=ORIENTED_EDGE('',*,*,#1741,.T.);
#675=ORIENTED_EDGE('',*,*,#1749,.F.);
#676=ORIENTED_EDGE('',*,*,#1750,.T.);
#677=ORIENTED_EDGE('',*,*,#1751,.T.);
#678=ORIENTED_EDGE('',*,*,#1752,.T.);
#679=ORIENTED_EDGE('',*,*,#1753,.F.);
#680=ORIENTED_EDGE('',*,*,#1754,.T.);
#681=ORIENTED_EDGE('',*,*,#1755,.T.);
#682=ORIENTED_EDGE('',*,*,#1756,.T.);
#683=ORIENTED_EDGE('',*,*,#1751,.F.);
#684=ORIENTED_EDGE('',*,*,#1757,.T.);
#685=ORIENTED_EDGE('',*,*,#1758,.T.);
#686=ORIENTED_EDGE('',*,*,#1759,.T.);
#687=ORIENTED_EDGE('',*,*,#1760,.T.);
#688=ORIENTED_EDGE('',*,*,#1761,.T.);
#689=ORIENTED_EDGE('',*,*,#1762,.T.);
#690=ORIENTED_EDGE('',*,*,#1763,.T.);
#691=ORIENTED_EDGE('',*,*,#1764,.T.);
#692=ORIENTED_EDGE('',*,*,#1765,.T.);
#693=ORIENTED_EDGE('',*,*,#1766,.T.);
#694=ORIENTED_EDGE('',*,*,#1767,.T.);
#695=ORIENTED_EDGE('',*,*,#1764,.F.);
#696=ORIENTED_EDGE('',*,*,#1768,.T.);
#697=ORIENTED_EDGE('',*,*,#1769,.T.);
#698=ORIENTED_EDGE('',*,*,#1770,.T.);
#699=ORIENTED_EDGE('',*,*,#1771,.T.);
#700=ORIENTED_EDGE('',*,*,#1772,.T.);
#701=ORIENTED_EDGE('',*,*,#1753,.T.);
#702=ORIENTED_EDGE('',*,*,#1773,.T.);
#703=ORIENTED_EDGE('',*,*,#1774,.T.);
#704=ORIENTED_EDGE('',*,*,#1755,.F.);
#705=ORIENTED_EDGE('',*,*,#1775,.T.);
#706=ORIENTED_EDGE('',*,*,#1776,.T.);
#707=ORIENTED_EDGE('',*,*,#1777,.T.);
#708=ORIENTED_EDGE('',*,*,#1778,.T.);
#709=ORIENTED_EDGE('',*,*,#1779,.T.);
#710=ORIENTED_EDGE('',*,*,#1760,.F.);
#711=ORIENTED_EDGE('',*,*,#1780,.T.);
#712=ORIENTED_EDGE('',*,*,#1771,.F.);
#713=ORIENTED_EDGE('',*,*,#1781,.T.);
#714=ORIENTED_EDGE('',*,*,#1776,.F.);
#715=ORIENTED_EDGE('',*,*,#1782,.F.);
#716=ORIENTED_EDGE('',*,*,#1758,.F.);
#717=ORIENTED_EDGE('',*,*,#1783,.T.);
#718=ORIENTED_EDGE('',*,*,#1762,.F.);
#719=ORIENTED_EDGE('',*,*,#1784,.F.);
#720=ORIENTED_EDGE('',*,*,#1774,.F.);
#721=ORIENTED_EDGE('',*,*,#1785,.T.);
#722=ORIENTED_EDGE('',*,*,#1777,.F.);
#723=ORIENTED_EDGE('',*,*,#1786,.F.);
#724=ORIENTED_EDGE('',*,*,#1766,.F.);
#725=ORIENTED_EDGE('',*,*,#1768,.F.);
#726=ORIENTED_EDGE('',*,*,#1763,.F.);
#727=ORIENTED_EDGE('',*,*,#1783,.F.);
#728=ORIENTED_EDGE('',*,*,#1773,.F.);
#729=ORIENTED_EDGE('',*,*,#1757,.F.);
#730=ORIENTED_EDGE('',*,*,#1750,.F.);
#731=ORIENTED_EDGE('',*,*,#1653,.F.);
#732=ORIENTED_EDGE('',*,*,#1787,.T.);
#733=ORIENTED_EDGE('',*,*,#1788,.T.);
#734=ORIENTED_EDGE('',*,*,#1765,.F.);
#735=ORIENTED_EDGE('',*,*,#1770,.F.);
#736=ORIENTED_EDGE('',*,*,#1789,.F.);
#737=ORIENTED_EDGE('',*,*,#1790,.T.);
#738=ORIENTED_EDGE('',*,*,#1655,.F.);
#739=ORIENTED_EDGE('',*,*,#1752,.F.);
#740=ORIENTED_EDGE('',*,*,#1756,.F.);
#741=ORIENTED_EDGE('',*,*,#1778,.F.);
#742=ORIENTED_EDGE('',*,*,#1785,.F.);
#743=ORIENTED_EDGE('',*,*,#1754,.F.);
#744=ORIENTED_EDGE('',*,*,#1772,.F.);
#745=ORIENTED_EDGE('',*,*,#1780,.F.);
#746=ORIENTED_EDGE('',*,*,#1759,.F.);
#747=ORIENTED_EDGE('',*,*,#1782,.T.);
#748=ORIENTED_EDGE('',*,*,#1775,.F.);
#749=ORIENTED_EDGE('',*,*,#1791,.T.);
#750=ORIENTED_EDGE('',*,*,#1761,.F.);
#751=ORIENTED_EDGE('',*,*,#1792,.F.);
#752=ORIENTED_EDGE('',*,*,#1767,.F.);
#753=ORIENTED_EDGE('',*,*,#1789,.T.);
#754=ORIENTED_EDGE('',*,*,#1769,.F.);
#755=ORIENTED_EDGE('',*,*,#1788,.F.);
#756=ORIENTED_EDGE('',*,*,#1793,.T.);
#757=ORIENTED_EDGE('',*,*,#1784,.T.);
#758=ORIENTED_EDGE('',*,*,#1792,.T.);
#759=ORIENTED_EDGE('',*,*,#1779,.F.);
#760=ORIENTED_EDGE('',*,*,#1781,.F.);
#761=ORIENTED_EDGE('',*,*,#1791,.F.);
#762=ORIENTED_EDGE('',*,*,#1786,.T.);
#763=ORIENTED_EDGE('',*,*,#1794,.F.);
#764=ORIENTED_EDGE('',*,*,#1795,.T.);
#765=ORIENTED_EDGE('',*,*,#1796,.T.);
#766=ORIENTED_EDGE('',*,*,#1797,.T.);
#767=ORIENTED_EDGE('',*,*,#1798,.F.);
#768=ORIENTED_EDGE('',*,*,#1799,.T.);
#769=ORIENTED_EDGE('',*,*,#1800,.T.);
#770=ORIENTED_EDGE('',*,*,#1801,.T.);
#771=ORIENTED_EDGE('',*,*,#1796,.F.);
#772=ORIENTED_EDGE('',*,*,#1802,.T.);
#773=ORIENTED_EDGE('',*,*,#1803,.T.);
#774=ORIENTED_EDGE('',*,*,#1804,.T.);
#775=ORIENTED_EDGE('',*,*,#1805,.T.);
#776=ORIENTED_EDGE('',*,*,#1806,.T.);
#777=ORIENTED_EDGE('',*,*,#1807,.T.);
#778=ORIENTED_EDGE('',*,*,#1808,.T.);
#779=ORIENTED_EDGE('',*,*,#1809,.T.);
#780=ORIENTED_EDGE('',*,*,#1810,.T.);
#781=ORIENTED_EDGE('',*,*,#1811,.T.);
#782=ORIENTED_EDGE('',*,*,#1812,.T.);
#783=ORIENTED_EDGE('',*,*,#1809,.F.);
#784=ORIENTED_EDGE('',*,*,#1813,.T.);
#785=ORIENTED_EDGE('',*,*,#1814,.T.);
#786=ORIENTED_EDGE('',*,*,#1815,.T.);
#787=ORIENTED_EDGE('',*,*,#1816,.T.);
#788=ORIENTED_EDGE('',*,*,#1817,.T.);
#789=ORIENTED_EDGE('',*,*,#1798,.T.);
#790=ORIENTED_EDGE('',*,*,#1818,.T.);
#791=ORIENTED_EDGE('',*,*,#1819,.T.);
#792=ORIENTED_EDGE('',*,*,#1800,.F.);
#793=ORIENTED_EDGE('',*,*,#1820,.T.);
#794=ORIENTED_EDGE('',*,*,#1821,.T.);
#795=ORIENTED_EDGE('',*,*,#1822,.T.);
#796=ORIENTED_EDGE('',*,*,#1823,.T.);
#797=ORIENTED_EDGE('',*,*,#1824,.T.);
#798=ORIENTED_EDGE('',*,*,#1805,.F.);
#799=ORIENTED_EDGE('',*,*,#1825,.T.);
#800=ORIENTED_EDGE('',*,*,#1816,.F.);
#801=ORIENTED_EDGE('',*,*,#1826,.T.);
#802=ORIENTED_EDGE('',*,*,#1821,.F.);
#803=ORIENTED_EDGE('',*,*,#1827,.F.);
#804=ORIENTED_EDGE('',*,*,#1803,.F.);
#805=ORIENTED_EDGE('',*,*,#1828,.T.);
#806=ORIENTED_EDGE('',*,*,#1807,.F.);
#807=ORIENTED_EDGE('',*,*,#1829,.F.);
#808=ORIENTED_EDGE('',*,*,#1819,.F.);
#809=ORIENTED_EDGE('',*,*,#1830,.T.);
#810=ORIENTED_EDGE('',*,*,#1822,.F.);
#811=ORIENTED_EDGE('',*,*,#1831,.F.);
#812=ORIENTED_EDGE('',*,*,#1811,.F.);
#813=ORIENTED_EDGE('',*,*,#1813,.F.);
#814=ORIENTED_EDGE('',*,*,#1808,.F.);
#815=ORIENTED_EDGE('',*,*,#1828,.F.);
#816=ORIENTED_EDGE('',*,*,#1818,.F.);
#817=ORIENTED_EDGE('',*,*,#1802,.F.);
#818=ORIENTED_EDGE('',*,*,#1795,.F.);
#819=ORIENTED_EDGE('',*,*,#1657,.F.);
#820=ORIENTED_EDGE('',*,*,#1832,.T.);
#821=ORIENTED_EDGE('',*,*,#1833,.T.);
#822=ORIENTED_EDGE('',*,*,#1810,.F.);
#823=ORIENTED_EDGE('',*,*,#1815,.F.);
#824=ORIENTED_EDGE('',*,*,#1834,.F.);
#825=ORIENTED_EDGE('',*,*,#1835,.T.);
#826=ORIENTED_EDGE('',*,*,#1836,.F.);
#827=ORIENTED_EDGE('',*,*,#1797,.F.);
#828=ORIENTED_EDGE('',*,*,#1801,.F.);
#829=ORIENTED_EDGE('',*,*,#1823,.F.);
#830=ORIENTED_EDGE('',*,*,#1830,.F.);
#831=ORIENTED_EDGE('',*,*,#1799,.F.);
#832=ORIENTED_EDGE('',*,*,#1817,.F.);
#833=ORIENTED_EDGE('',*,*,#1825,.F.);
#834=ORIENTED_EDGE('',*,*,#1804,.F.);
#835=ORIENTED_EDGE('',*,*,#1827,.T.);
#836=ORIENTED_EDGE('',*,*,#1820,.F.);
#837=ORIENTED_EDGE('',*,*,#1837,.T.);
#838=ORIENTED_EDGE('',*,*,#1806,.F.);
#839=ORIENTED_EDGE('',*,*,#1838,.F.);
#840=ORIENTED_EDGE('',*,*,#1812,.F.);
#841=ORIENTED_EDGE('',*,*,#1834,.T.);
#842=ORIENTED_EDGE('',*,*,#1814,.F.);
#843=ORIENTED_EDGE('',*,*,#1833,.F.);
#844=ORIENTED_EDGE('',*,*,#1839,.T.);
#845=ORIENTED_EDGE('',*,*,#1829,.T.);
#846=ORIENTED_EDGE('',*,*,#1838,.T.);
#847=ORIENTED_EDGE('',*,*,#1824,.F.);
#848=ORIENTED_EDGE('',*,*,#1826,.F.);
#849=ORIENTED_EDGE('',*,*,#1837,.F.);
#850=ORIENTED_EDGE('',*,*,#1831,.T.);
#851=ORIENTED_EDGE('',*,*,#1836,.T.);
#852=ORIENTED_EDGE('',*,*,#1840,.T.);
#853=ORIENTED_EDGE('',*,*,#1841,.T.);
#854=ORIENTED_EDGE('',*,*,#1842,.F.);
#855=ORIENTED_EDGE('',*,*,#1843,.F.);
#856=ORIENTED_EDGE('',*,*,#1844,.F.);
#857=ORIENTED_EDGE('',*,*,#1845,.T.);
#858=ORIENTED_EDGE('',*,*,#1846,.T.);
#859=ORIENTED_EDGE('',*,*,#1847,.F.);
#860=ORIENTED_EDGE('',*,*,#1848,.F.);
#861=ORIENTED_EDGE('',*,*,#1849,.T.);
#862=ORIENTED_EDGE('',*,*,#1850,.T.);
#863=ORIENTED_EDGE('',*,*,#1851,.F.);
#864=ORIENTED_EDGE('',*,*,#1852,.F.);
#865=ORIENTED_EDGE('',*,*,#1853,.T.);
#866=ORIENTED_EDGE('',*,*,#1854,.T.);
#867=ORIENTED_EDGE('',*,*,#1855,.F.);
#868=ORIENTED_EDGE('',*,*,#1856,.T.);
#869=ORIENTED_EDGE('',*,*,#1857,.T.);
#870=ORIENTED_EDGE('',*,*,#1858,.F.);
#871=ORIENTED_EDGE('',*,*,#1859,.F.);
#872=ORIENTED_EDGE('',*,*,#1860,.F.);
#873=ORIENTED_EDGE('',*,*,#1861,.T.);
#874=ORIENTED_EDGE('',*,*,#1862,.T.);
#875=ORIENTED_EDGE('',*,*,#1863,.F.);
#876=ORIENTED_EDGE('',*,*,#1864,.T.);
#877=ORIENTED_EDGE('',*,*,#1865,.T.);
#878=ORIENTED_EDGE('',*,*,#1866,.F.);
#879=ORIENTED_EDGE('',*,*,#1867,.F.);
#880=ORIENTED_EDGE('',*,*,#1868,.F.);
#881=ORIENTED_EDGE('',*,*,#1869,.T.);
#882=ORIENTED_EDGE('',*,*,#1870,.T.);
#883=ORIENTED_EDGE('',*,*,#1871,.F.);
#884=ORIENTED_EDGE('',*,*,#1872,.T.);
#885=ORIENTED_EDGE('',*,*,#1873,.T.);
#886=ORIENTED_EDGE('',*,*,#1874,.F.);
#887=ORIENTED_EDGE('',*,*,#1875,.F.);
#888=ORIENTED_EDGE('',*,*,#1876,.F.);
#889=ORIENTED_EDGE('',*,*,#1877,.T.);
#890=ORIENTED_EDGE('',*,*,#1878,.T.);
#891=ORIENTED_EDGE('',*,*,#1879,.F.);
#892=ORIENTED_EDGE('',*,*,#1880,.T.);
#893=ORIENTED_EDGE('',*,*,#1881,.T.);
#894=ORIENTED_EDGE('',*,*,#1882,.F.);
#895=ORIENTED_EDGE('',*,*,#1883,.F.);
#896=ORIENTED_EDGE('',*,*,#1884,.F.);
#897=ORIENTED_EDGE('',*,*,#1885,.T.);
#898=ORIENTED_EDGE('',*,*,#1886,.T.);
#899=ORIENTED_EDGE('',*,*,#1887,.F.);
#900=ORIENTED_EDGE('',*,*,#1888,.T.);
#901=ORIENTED_EDGE('',*,*,#1889,.T.);
#902=ORIENTED_EDGE('',*,*,#1890,.F.);
#903=ORIENTED_EDGE('',*,*,#1891,.F.);
#904=ORIENTED_EDGE('',*,*,#1892,.T.);
#905=ORIENTED_EDGE('',*,*,#1893,.T.);
#906=ORIENTED_EDGE('',*,*,#1894,.F.);
#907=ORIENTED_EDGE('',*,*,#1895,.F.);
#908=ORIENTED_EDGE('',*,*,#1896,.T.);
#909=ORIENTED_EDGE('',*,*,#1897,.T.);
#910=ORIENTED_EDGE('',*,*,#1898,.F.);
#911=ORIENTED_EDGE('',*,*,#1899,.F.);
#912=ORIENTED_EDGE('',*,*,#1900,.F.);
#913=ORIENTED_EDGE('',*,*,#1901,.T.);
#914=ORIENTED_EDGE('',*,*,#1902,.T.);
#915=ORIENTED_EDGE('',*,*,#1903,.F.);
#916=ORIENTED_EDGE('',*,*,#1904,.T.);
#917=ORIENTED_EDGE('',*,*,#1905,.T.);
#918=ORIENTED_EDGE('',*,*,#1906,.F.);
#919=ORIENTED_EDGE('',*,*,#1907,.F.);
#920=ORIENTED_EDGE('',*,*,#1908,.T.);
#921=ORIENTED_EDGE('',*,*,#1909,.T.);
#922=ORIENTED_EDGE('',*,*,#1910,.F.);
#923=ORIENTED_EDGE('',*,*,#1911,.F.);
#924=ORIENTED_EDGE('',*,*,#1912,.T.);
#925=ORIENTED_EDGE('',*,*,#1913,.T.);
#926=ORIENTED_EDGE('',*,*,#1914,.F.);
#927=ORIENTED_EDGE('',*,*,#1915,.T.);
#928=ORIENTED_EDGE('',*,*,#1916,.F.);
#929=ORIENTED_EDGE('',*,*,#1917,.T.);
#930=ORIENTED_EDGE('',*,*,#1846,.F.);
#931=ORIENTED_EDGE('',*,*,#1918,.F.);
#932=ORIENTED_EDGE('',*,*,#1919,.F.);
#933=ORIENTED_EDGE('',*,*,#1920,.F.);
#934=ORIENTED_EDGE('',*,*,#1921,.F.);
#935=ORIENTED_EDGE('',*,*,#1922,.T.);
#936=ORIENTED_EDGE('',*,*,#1850,.F.);
#937=ORIENTED_EDGE('',*,*,#1923,.F.);
#938=ORIENTED_EDGE('',*,*,#1924,.F.);
#939=ORIENTED_EDGE('',*,*,#1925,.F.);
#940=ORIENTED_EDGE('',*,*,#1926,.F.);
#941=ORIENTED_EDGE('',*,*,#1927,.T.);
#942=ORIENTED_EDGE('',*,*,#1857,.F.);
#943=ORIENTED_EDGE('',*,*,#1928,.F.);
#944=ORIENTED_EDGE('',*,*,#1929,.F.);
#945=ORIENTED_EDGE('',*,*,#1930,.F.);
#946=ORIENTED_EDGE('',*,*,#1931,.F.);
#947=ORIENTED_EDGE('',*,*,#1932,.T.);
#948=ORIENTED_EDGE('',*,*,#1854,.F.);
#949=ORIENTED_EDGE('',*,*,#1933,.F.);
#950=ORIENTED_EDGE('',*,*,#1934,.F.);
#951=ORIENTED_EDGE('',*,*,#1935,.F.);
#952=ORIENTED_EDGE('',*,*,#1936,.F.);
#953=ORIENTED_EDGE('',*,*,#1937,.T.);
#954=ORIENTED_EDGE('',*,*,#1913,.F.);
#955=ORIENTED_EDGE('',*,*,#1938,.F.);
#956=ORIENTED_EDGE('',*,*,#1939,.F.);
#957=ORIENTED_EDGE('',*,*,#1940,.F.);
#958=ORIENTED_EDGE('',*,*,#1941,.F.);
#959=ORIENTED_EDGE('',*,*,#1942,.T.);
#960=ORIENTED_EDGE('',*,*,#1909,.F.);
#961=ORIENTED_EDGE('',*,*,#1943,.F.);
#962=ORIENTED_EDGE('',*,*,#1944,.F.);
#963=ORIENTED_EDGE('',*,*,#1945,.F.);
#964=ORIENTED_EDGE('',*,*,#1946,.F.);
#965=ORIENTED_EDGE('',*,*,#1947,.T.);
#966=ORIENTED_EDGE('',*,*,#1902,.F.);
#967=ORIENTED_EDGE('',*,*,#1948,.F.);
#968=ORIENTED_EDGE('',*,*,#1949,.F.);
#969=ORIENTED_EDGE('',*,*,#1950,.F.);
#970=ORIENTED_EDGE('',*,*,#1951,.F.);
#971=ORIENTED_EDGE('',*,*,#1952,.T.);
#972=ORIENTED_EDGE('',*,*,#1905,.F.);
#973=ORIENTED_EDGE('',*,*,#1953,.F.);
#974=ORIENTED_EDGE('',*,*,#1954,.F.);
#975=ORIENTED_EDGE('',*,*,#1955,.F.);
#976=ORIENTED_EDGE('',*,*,#1956,.F.);
#977=ORIENTED_EDGE('',*,*,#1957,.T.);
#978=ORIENTED_EDGE('',*,*,#1897,.F.);
#979=ORIENTED_EDGE('',*,*,#1958,.F.);
#980=ORIENTED_EDGE('',*,*,#1959,.F.);
#981=ORIENTED_EDGE('',*,*,#1960,.F.);
#982=ORIENTED_EDGE('',*,*,#1961,.F.);
#983=ORIENTED_EDGE('',*,*,#1962,.T.);
#984=ORIENTED_EDGE('',*,*,#1893,.F.);
#985=ORIENTED_EDGE('',*,*,#1963,.F.);
#986=ORIENTED_EDGE('',*,*,#1964,.F.);
#987=ORIENTED_EDGE('',*,*,#1965,.F.);
#988=ORIENTED_EDGE('',*,*,#1966,.F.);
#989=ORIENTED_EDGE('',*,*,#1967,.T.);
#990=ORIENTED_EDGE('',*,*,#1881,.F.);
#991=ORIENTED_EDGE('',*,*,#1968,.F.);
#992=ORIENTED_EDGE('',*,*,#1969,.F.);
#993=ORIENTED_EDGE('',*,*,#1970,.F.);
#994=ORIENTED_EDGE('',*,*,#1971,.F.);
#995=ORIENTED_EDGE('',*,*,#1972,.T.);
#996=ORIENTED_EDGE('',*,*,#1878,.F.);
#997=ORIENTED_EDGE('',*,*,#1973,.F.);
#998=ORIENTED_EDGE('',*,*,#1974,.F.);
#999=ORIENTED_EDGE('',*,*,#1975,.F.);
#1000=ORIENTED_EDGE('',*,*,#1976,.F.);
#1001=ORIENTED_EDGE('',*,*,#1977,.T.);
#1002=ORIENTED_EDGE('',*,*,#1886,.F.);
#1003=ORIENTED_EDGE('',*,*,#1978,.F.);
#1004=ORIENTED_EDGE('',*,*,#1979,.F.);
#1005=ORIENTED_EDGE('',*,*,#1980,.F.);
#1006=ORIENTED_EDGE('',*,*,#1981,.F.);
#1007=ORIENTED_EDGE('',*,*,#1982,.T.);
#1008=ORIENTED_EDGE('',*,*,#1889,.F.);
#1009=ORIENTED_EDGE('',*,*,#1983,.F.);
#1010=ORIENTED_EDGE('',*,*,#1984,.F.);
#1011=ORIENTED_EDGE('',*,*,#1985,.F.);
#1012=ORIENTED_EDGE('',*,*,#1986,.F.);
#1013=ORIENTED_EDGE('',*,*,#1987,.T.);
#1014=ORIENTED_EDGE('',*,*,#1865,.F.);
#1015=ORIENTED_EDGE('',*,*,#1988,.F.);
#1016=ORIENTED_EDGE('',*,*,#1989,.F.);
#1017=ORIENTED_EDGE('',*,*,#1990,.F.);
#1018=ORIENTED_EDGE('',*,*,#1991,.F.);
#1019=ORIENTED_EDGE('',*,*,#1992,.T.);
#1020=ORIENTED_EDGE('',*,*,#1862,.F.);
#1021=ORIENTED_EDGE('',*,*,#1993,.F.);
#1022=ORIENTED_EDGE('',*,*,#1994,.F.);
#1023=ORIENTED_EDGE('',*,*,#1995,.F.);
#1024=ORIENTED_EDGE('',*,*,#1996,.F.);
#1025=ORIENTED_EDGE('',*,*,#1997,.T.);
#1026=ORIENTED_EDGE('',*,*,#1870,.F.);
#1027=ORIENTED_EDGE('',*,*,#1998,.F.);
#1028=ORIENTED_EDGE('',*,*,#1999,.F.);
#1029=ORIENTED_EDGE('',*,*,#2000,.F.);
#1030=ORIENTED_EDGE('',*,*,#2001,.F.);
#1031=ORIENTED_EDGE('',*,*,#2002,.T.);
#1032=ORIENTED_EDGE('',*,*,#1873,.F.);
#1033=ORIENTED_EDGE('',*,*,#2003,.F.);
#1034=ORIENTED_EDGE('',*,*,#2004,.F.);
#1035=ORIENTED_EDGE('',*,*,#2005,.F.);
#1036=ORIENTED_EDGE('',*,*,#2006,.T.);
#1037=ORIENTED_EDGE('',*,*,#1914,.T.);
#1038=ORIENTED_EDGE('',*,*,#1937,.F.);
#1039=ORIENTED_EDGE('',*,*,#2007,.F.);
#1040=ORIENTED_EDGE('',*,*,#1933,.T.);
#1041=ORIENTED_EDGE('',*,*,#1853,.F.);
#1042=ORIENTED_EDGE('',*,*,#2008,.F.);
#1043=ORIENTED_EDGE('',*,*,#2009,.F.);
#1044=ORIENTED_EDGE('',*,*,#1935,.T.);
#1045=ORIENTED_EDGE('',*,*,#2010,.F.);
#1046=ORIENTED_EDGE('',*,*,#2011,.F.);
#1047=ORIENTED_EDGE('',*,*,#2012,.F.);
#1048=ORIENTED_EDGE('',*,*,#2013,.T.);
#1049=ORIENTED_EDGE('',*,*,#2007,.T.);
#1050=ORIENTED_EDGE('',*,*,#1936,.T.);
#1051=ORIENTED_EDGE('',*,*,#2012,.T.);
#1052=ORIENTED_EDGE('',*,*,#2014,.T.);
#1053=ORIENTED_EDGE('',*,*,#2010,.T.);
#1054=ORIENTED_EDGE('',*,*,#1934,.T.);
#1055=ORIENTED_EDGE('',*,*,#2009,.T.);
#1056=ORIENTED_EDGE('',*,*,#2015,.T.);
#1057=ORIENTED_EDGE('',*,*,#1910,.T.);
#1058=ORIENTED_EDGE('',*,*,#1942,.F.);
#1059=ORIENTED_EDGE('',*,*,#2016,.F.);
#1060=ORIENTED_EDGE('',*,*,#1938,.T.);
#1061=ORIENTED_EDGE('',*,*,#1912,.F.);
#1062=ORIENTED_EDGE('',*,*,#2017,.F.);
#1063=ORIENTED_EDGE('',*,*,#2018,.F.);
#1064=ORIENTED_EDGE('',*,*,#1940,.T.);
#1065=ORIENTED_EDGE('',*,*,#2019,.F.);
#1066=ORIENTED_EDGE('',*,*,#2020,.F.);
#1067=ORIENTED_EDGE('',*,*,#2021,.F.);
#1068=ORIENTED_EDGE('',*,*,#2022,.T.);
#1069=ORIENTED_EDGE('',*,*,#2016,.T.);
#1070=ORIENTED_EDGE('',*,*,#1941,.T.);
#1071=ORIENTED_EDGE('',*,*,#2021,.T.);
#1072=ORIENTED_EDGE('',*,*,#2023,.T.);
#1073=ORIENTED_EDGE('',*,*,#2019,.T.);
#1074=ORIENTED_EDGE('',*,*,#1939,.T.);
#1075=ORIENTED_EDGE('',*,*,#2018,.T.);
#1076=ORIENTED_EDGE('',*,*,#2024,.T.);
#1077=ORIENTED_EDGE('',*,*,#1906,.T.);
#1078=ORIENTED_EDGE('',*,*,#1952,.F.);
#1079=ORIENTED_EDGE('',*,*,#2025,.F.);
#1080=ORIENTED_EDGE('',*,*,#1948,.T.);
#1081=ORIENTED_EDGE('',*,*,#1901,.F.);
#1082=ORIENTED_EDGE('',*,*,#2026,.F.);
#1083=ORIENTED_EDGE('',*,*,#2027,.F.);
#1084=ORIENTED_EDGE('',*,*,#1950,.T.);
#1085=ORIENTED_EDGE('',*,*,#2028,.F.);
#1086=ORIENTED_EDGE('',*,*,#2029,.F.);
#1087=ORIENTED_EDGE('',*,*,#2030,.F.);
#1088=ORIENTED_EDGE('',*,*,#2031,.T.);
#1089=ORIENTED_EDGE('',*,*,#2025,.T.);
#1090=ORIENTED_EDGE('',*,*,#1951,.T.);
#1091=ORIENTED_EDGE('',*,*,#2030,.T.);
#1092=ORIENTED_EDGE('',*,*,#2032,.T.);
#1093=ORIENTED_EDGE('',*,*,#2028,.T.);
#1094=ORIENTED_EDGE('',*,*,#1949,.T.);
#1095=ORIENTED_EDGE('',*,*,#2027,.T.);
#1096=ORIENTED_EDGE('',*,*,#2033,.T.);
#1097=ORIENTED_EDGE('',*,*,#1899,.T.);
#1098=ORIENTED_EDGE('',*,*,#1947,.F.);
#1099=ORIENTED_EDGE('',*,*,#2034,.F.);
#1100=ORIENTED_EDGE('',*,*,#1943,.T.);
#1101=ORIENTED_EDGE('',*,*,#1908,.F.);
#1102=ORIENTED_EDGE('',*,*,#2035,.F.);
#1103=ORIENTED_EDGE('',*,*,#2036,.F.);
#1104=ORIENTED_EDGE('',*,*,#1945,.T.);
#1105=ORIENTED_EDGE('',*,*,#2037,.F.);
#1106=ORIENTED_EDGE('',*,*,#2038,.F.);
#1107=ORIENTED_EDGE('',*,*,#2039,.F.);
#1108=ORIENTED_EDGE('',*,*,#2040,.T.);
#1109=ORIENTED_EDGE('',*,*,#2034,.T.);
#1110=ORIENTED_EDGE('',*,*,#1946,.T.);
#1111=ORIENTED_EDGE('',*,*,#2039,.T.);
#1112=ORIENTED_EDGE('',*,*,#2041,.T.);
#1113=ORIENTED_EDGE('',*,*,#2037,.T.);
#1114=ORIENTED_EDGE('',*,*,#1944,.T.);
#1115=ORIENTED_EDGE('',*,*,#2036,.T.);
#1116=ORIENTED_EDGE('',*,*,#2042,.T.);
#1117=ORIENTED_EDGE('',*,*,#1898,.T.);
#1118=ORIENTED_EDGE('',*,*,#1957,.F.);
#1119=ORIENTED_EDGE('',*,*,#2043,.F.);
#1120=ORIENTED_EDGE('',*,*,#1953,.T.);
#1121=ORIENTED_EDGE('',*,*,#1904,.F.);
#1122=ORIENTED_EDGE('',*,*,#2044,.F.);
#1123=ORIENTED_EDGE('',*,*,#2045,.F.);
#1124=ORIENTED_EDGE('',*,*,#1955,.T.);
#1125=ORIENTED_EDGE('',*,*,#2046,.F.);
#1126=ORIENTED_EDGE('',*,*,#2047,.F.);
#1127=ORIENTED_EDGE('',*,*,#2048,.F.);
#1128=ORIENTED_EDGE('',*,*,#2049,.T.);
#1129=ORIENTED_EDGE('',*,*,#2043,.T.);
#1130=ORIENTED_EDGE('',*,*,#1956,.T.);
#1131=ORIENTED_EDGE('',*,*,#2048,.T.);
#1132=ORIENTED_EDGE('',*,*,#2050,.T.);
#1133=ORIENTED_EDGE('',*,*,#2046,.T.);
#1134=ORIENTED_EDGE('',*,*,#1954,.T.);
#1135=ORIENTED_EDGE('',*,*,#2045,.T.);
#1136=ORIENTED_EDGE('',*,*,#2051,.T.);
#1137=ORIENTED_EDGE('',*,*,#1894,.T.);
#1138=ORIENTED_EDGE('',*,*,#1962,.F.);
#1139=ORIENTED_EDGE('',*,*,#2052,.F.);
#1140=ORIENTED_EDGE('',*,*,#1958,.T.);
#1141=ORIENTED_EDGE('',*,*,#1896,.F.);
#1142=ORIENTED_EDGE('',*,*,#2053,.F.);
#1143=ORIENTED_EDGE('',*,*,#2054,.F.);
#1144=ORIENTED_EDGE('',*,*,#1960,.T.);
#1145=ORIENTED_EDGE('',*,*,#2055,.F.);
#1146=ORIENTED_EDGE('',*,*,#2056,.F.);
#1147=ORIENTED_EDGE('',*,*,#2057,.F.);
#1148=ORIENTED_EDGE('',*,*,#2058,.T.);
#1149=ORIENTED_EDGE('',*,*,#2052,.T.);
#1150=ORIENTED_EDGE('',*,*,#1961,.T.);
#1151=ORIENTED_EDGE('',*,*,#2057,.T.);
#1152=ORIENTED_EDGE('',*,*,#2059,.T.);
#1153=ORIENTED_EDGE('',*,*,#2055,.T.);
#1154=ORIENTED_EDGE('',*,*,#1959,.T.);
#1155=ORIENTED_EDGE('',*,*,#2054,.T.);
#1156=ORIENTED_EDGE('',*,*,#2060,.T.);
#1157=ORIENTED_EDGE('',*,*,#1890,.T.);
#1158=ORIENTED_EDGE('',*,*,#1982,.F.);
#1159=ORIENTED_EDGE('',*,*,#2061,.F.);
#1160=ORIENTED_EDGE('',*,*,#1978,.T.);
#1161=ORIENTED_EDGE('',*,*,#1885,.F.);
#1162=ORIENTED_EDGE('',*,*,#2062,.F.);
#1163=ORIENTED_EDGE('',*,*,#2063,.F.);
#1164=ORIENTED_EDGE('',*,*,#1980,.T.);
#1165=ORIENTED_EDGE('',*,*,#2064,.F.);
#1166=ORIENTED_EDGE('',*,*,#2065,.F.);
#1167=ORIENTED_EDGE('',*,*,#2066,.F.);
#1168=ORIENTED_EDGE('',*,*,#2067,.T.);
#1169=ORIENTED_EDGE('',*,*,#2061,.T.);
#1170=ORIENTED_EDGE('',*,*,#1981,.T.);
#1171=ORIENTED_EDGE('',*,*,#2066,.T.);
#1172=ORIENTED_EDGE('',*,*,#2068,.T.);
#1173=ORIENTED_EDGE('',*,*,#2064,.T.);
#1174=ORIENTED_EDGE('',*,*,#1979,.T.);
#1175=ORIENTED_EDGE('',*,*,#2063,.T.);
#1176=ORIENTED_EDGE('',*,*,#2069,.T.);
#1177=ORIENTED_EDGE('',*,*,#1883,.T.);
#1178=ORIENTED_EDGE('',*,*,#1977,.F.);
#1179=ORIENTED_EDGE('',*,*,#2070,.F.);
#1180=ORIENTED_EDGE('',*,*,#1973,.T.);
#1181=ORIENTED_EDGE('',*,*,#1877,.F.);
#1182=ORIENTED_EDGE('',*,*,#2071,.F.);
#1183=ORIENTED_EDGE('',*,*,#2072,.F.);
#1184=ORIENTED_EDGE('',*,*,#1975,.T.);
#1185=ORIENTED_EDGE('',*,*,#2073,.F.);
#1186=ORIENTED_EDGE('',*,*,#2074,.F.);
#1187=ORIENTED_EDGE('',*,*,#2075,.F.);
#1188=ORIENTED_EDGE('',*,*,#2076,.T.);
#1189=ORIENTED_EDGE('',*,*,#2070,.T.);
#1190=ORIENTED_EDGE('',*,*,#1976,.T.);
#1191=ORIENTED_EDGE('',*,*,#2075,.T.);
#1192=ORIENTED_EDGE('',*,*,#2077,.T.);
#1193=ORIENTED_EDGE('',*,*,#2073,.T.);
#1194=ORIENTED_EDGE('',*,*,#1974,.T.);
#1195=ORIENTED_EDGE('',*,*,#2072,.T.);
#1196=ORIENTED_EDGE('',*,*,#2078,.T.);
#1197=ORIENTED_EDGE('',*,*,#1882,.T.);
#1198=ORIENTED_EDGE('',*,*,#1967,.F.);
#1199=ORIENTED_EDGE('',*,*,#2079,.F.);
#1200=ORIENTED_EDGE('',*,*,#1963,.T.);
#1201=ORIENTED_EDGE('',*,*,#1892,.F.);
#1202=ORIENTED_EDGE('',*,*,#2080,.F.);
#1203=ORIENTED_EDGE('',*,*,#2081,.F.);
#1204=ORIENTED_EDGE('',*,*,#1965,.T.);
#1205=ORIENTED_EDGE('',*,*,#2082,.F.);
#1206=ORIENTED_EDGE('',*,*,#2083,.F.);
#1207=ORIENTED_EDGE('',*,*,#2084,.F.);
#1208=ORIENTED_EDGE('',*,*,#2085,.T.);
#1209=ORIENTED_EDGE('',*,*,#2079,.T.);
#1210=ORIENTED_EDGE('',*,*,#1966,.T.);
#1211=ORIENTED_EDGE('',*,*,#2084,.T.);
#1212=ORIENTED_EDGE('',*,*,#2086,.T.);
#1213=ORIENTED_EDGE('',*,*,#2082,.T.);
#1214=ORIENTED_EDGE('',*,*,#1964,.T.);
#1215=ORIENTED_EDGE('',*,*,#2081,.T.);
#1216=ORIENTED_EDGE('',*,*,#2087,.T.);
#1217=ORIENTED_EDGE('',*,*,#1875,.T.);
#1218=ORIENTED_EDGE('',*,*,#1972,.F.);
#1219=ORIENTED_EDGE('',*,*,#2088,.F.);
#1220=ORIENTED_EDGE('',*,*,#1968,.T.);
#1221=ORIENTED_EDGE('',*,*,#1880,.F.);
#1222=ORIENTED_EDGE('',*,*,#2089,.F.);
#1223=ORIENTED_EDGE('',*,*,#2090,.F.);
#1224=ORIENTED_EDGE('',*,*,#1970,.T.);
#1225=ORIENTED_EDGE('',*,*,#2091,.F.);
#1226=ORIENTED_EDGE('',*,*,#2092,.F.);
#1227=ORIENTED_EDGE('',*,*,#2093,.F.);
#1228=ORIENTED_EDGE('',*,*,#2094,.T.);
#1229=ORIENTED_EDGE('',*,*,#2088,.T.);
#1230=ORIENTED_EDGE('',*,*,#1971,.T.);
#1231=ORIENTED_EDGE('',*,*,#2093,.T.);
#1232=ORIENTED_EDGE('',*,*,#2095,.T.);
#1233=ORIENTED_EDGE('',*,*,#2091,.T.);
#1234=ORIENTED_EDGE('',*,*,#1969,.T.);
#1235=ORIENTED_EDGE('',*,*,#2090,.T.);
#1236=ORIENTED_EDGE('',*,*,#2096,.T.);
#1237=ORIENTED_EDGE('',*,*,#1874,.T.);
#1238=ORIENTED_EDGE('',*,*,#2002,.F.);
#1239=ORIENTED_EDGE('',*,*,#2097,.F.);
#1240=ORIENTED_EDGE('',*,*,#1998,.T.);
#1241=ORIENTED_EDGE('',*,*,#1869,.F.);
#1242=ORIENTED_EDGE('',*,*,#2098,.F.);
#1243=ORIENTED_EDGE('',*,*,#2099,.F.);
#1244=ORIENTED_EDGE('',*,*,#2000,.T.);
#1245=ORIENTED_EDGE('',*,*,#2100,.F.);
#1246=ORIENTED_EDGE('',*,*,#2101,.F.);
#1247=ORIENTED_EDGE('',*,*,#2102,.F.);
#1248=ORIENTED_EDGE('',*,*,#2103,.T.);
#1249=ORIENTED_EDGE('',*,*,#2097,.T.);
#1250=ORIENTED_EDGE('',*,*,#2001,.T.);
#1251=ORIENTED_EDGE('',*,*,#2102,.T.);
#1252=ORIENTED_EDGE('',*,*,#2104,.T.);
#1253=ORIENTED_EDGE('',*,*,#2100,.T.);
#1254=ORIENTED_EDGE('',*,*,#1999,.T.);
#1255=ORIENTED_EDGE('',*,*,#2099,.T.);
#1256=ORIENTED_EDGE('',*,*,#2105,.T.);
#1257=ORIENTED_EDGE('',*,*,#1867,.T.);
#1258=ORIENTED_EDGE('',*,*,#1997,.F.);
#1259=ORIENTED_EDGE('',*,*,#2106,.F.);
#1260=ORIENTED_EDGE('',*,*,#1993,.T.);
#1261=ORIENTED_EDGE('',*,*,#1861,.F.);
#1262=ORIENTED_EDGE('',*,*,#2107,.F.);
#1263=ORIENTED_EDGE('',*,*,#2108,.F.);
#1264=ORIENTED_EDGE('',*,*,#1995,.T.);
#1265=ORIENTED_EDGE('',*,*,#2109,.F.);
#1266=ORIENTED_EDGE('',*,*,#2110,.F.);
#1267=ORIENTED_EDGE('',*,*,#2111,.F.);
#1268=ORIENTED_EDGE('',*,*,#2112,.T.);
#1269=ORIENTED_EDGE('',*,*,#2106,.T.);
#1270=ORIENTED_EDGE('',*,*,#1996,.T.);
#1271=ORIENTED_EDGE('',*,*,#2111,.T.);
#1272=ORIENTED_EDGE('',*,*,#2113,.T.);
#1273=ORIENTED_EDGE('',*,*,#2109,.T.);
#1274=ORIENTED_EDGE('',*,*,#1994,.T.);
#1275=ORIENTED_EDGE('',*,*,#2108,.T.);
#1276=ORIENTED_EDGE('',*,*,#2114,.T.);
#1277=ORIENTED_EDGE('',*,*,#1866,.T.);
#1278=ORIENTED_EDGE('',*,*,#1987,.F.);
#1279=ORIENTED_EDGE('',*,*,#2115,.F.);
#1280=ORIENTED_EDGE('',*,*,#1983,.T.);
#1281=ORIENTED_EDGE('',*,*,#1888,.F.);
#1282=ORIENTED_EDGE('',*,*,#2116,.F.);
#1283=ORIENTED_EDGE('',*,*,#2117,.F.);
#1284=ORIENTED_EDGE('',*,*,#1985,.T.);
#1285=ORIENTED_EDGE('',*,*,#2118,.F.);
#1286=ORIENTED_EDGE('',*,*,#2119,.F.);
#1287=ORIENTED_EDGE('',*,*,#2120,.F.);
#1288=ORIENTED_EDGE('',*,*,#2121,.T.);
#1289=ORIENTED_EDGE('',*,*,#2115,.T.);
#1290=ORIENTED_EDGE('',*,*,#1986,.T.);
#1291=ORIENTED_EDGE('',*,*,#2120,.T.);
#1292=ORIENTED_EDGE('',*,*,#2122,.T.);
#1293=ORIENTED_EDGE('',*,*,#2118,.T.);
#1294=ORIENTED_EDGE('',*,*,#1984,.T.);
#1295=ORIENTED_EDGE('',*,*,#2117,.T.);
#1296=ORIENTED_EDGE('',*,*,#2123,.T.);
#1297=ORIENTED_EDGE('',*,*,#1859,.T.);
#1298=ORIENTED_EDGE('',*,*,#1992,.F.);
#1299=ORIENTED_EDGE('',*,*,#2124,.F.);
#1300=ORIENTED_EDGE('',*,*,#1988,.T.);
#1301=ORIENTED_EDGE('',*,*,#1864,.F.);
#1302=ORIENTED_EDGE('',*,*,#2125,.F.);
#1303=ORIENTED_EDGE('',*,*,#2126,.F.);
#1304=ORIENTED_EDGE('',*,*,#1990,.T.);
#1305=ORIENTED_EDGE('',*,*,#2127,.F.);
#1306=ORIENTED_EDGE('',*,*,#2128,.F.);
#1307=ORIENTED_EDGE('',*,*,#2129,.F.);
#1308=ORIENTED_EDGE('',*,*,#2130,.T.);
#1309=ORIENTED_EDGE('',*,*,#2124,.T.);
#1310=ORIENTED_EDGE('',*,*,#1991,.T.);
#1311=ORIENTED_EDGE('',*,*,#2129,.T.);
#1312=ORIENTED_EDGE('',*,*,#2131,.T.);
#1313=ORIENTED_EDGE('',*,*,#2127,.T.);
#1314=ORIENTED_EDGE('',*,*,#1989,.T.);
#1315=ORIENTED_EDGE('',*,*,#2126,.T.);
#1316=ORIENTED_EDGE('',*,*,#2132,.T.);
#1317=ORIENTED_EDGE('',*,*,#1858,.T.);
#1318=ORIENTED_EDGE('',*,*,#1927,.F.);
#1319=ORIENTED_EDGE('',*,*,#2133,.F.);
#1320=ORIENTED_EDGE('',*,*,#1923,.T.);
#1321=ORIENTED_EDGE('',*,*,#1849,.F.);
#1322=ORIENTED_EDGE('',*,*,#2134,.F.);
#1323=ORIENTED_EDGE('',*,*,#2135,.F.);
#1324=ORIENTED_EDGE('',*,*,#1925,.T.);
#1325=ORIENTED_EDGE('',*,*,#2136,.F.);
#1326=ORIENTED_EDGE('',*,*,#2137,.F.);
#1327=ORIENTED_EDGE('',*,*,#2138,.F.);
#1328=ORIENTED_EDGE('',*,*,#2139,.T.);
#1329=ORIENTED_EDGE('',*,*,#2133,.T.);
#1330=ORIENTED_EDGE('',*,*,#1926,.T.);
#1331=ORIENTED_EDGE('',*,*,#2138,.T.);
#1332=ORIENTED_EDGE('',*,*,#2140,.T.);
#1333=ORIENTED_EDGE('',*,*,#2136,.T.);
#1334=ORIENTED_EDGE('',*,*,#1924,.T.);
#1335=ORIENTED_EDGE('',*,*,#2135,.T.);
#1336=ORIENTED_EDGE('',*,*,#2141,.T.);
#1337=ORIENTED_EDGE('',*,*,#1851,.T.);
#1338=ORIENTED_EDGE('',*,*,#1932,.F.);
#1339=ORIENTED_EDGE('',*,*,#2142,.F.);
#1340=ORIENTED_EDGE('',*,*,#1928,.T.);
#1341=ORIENTED_EDGE('',*,*,#1856,.F.);
#1342=ORIENTED_EDGE('',*,*,#2143,.F.);
#1343=ORIENTED_EDGE('',*,*,#2144,.F.);
#1344=ORIENTED_EDGE('',*,*,#1930,.T.);
#1345=ORIENTED_EDGE('',*,*,#2145,.F.);
#1346=ORIENTED_EDGE('',*,*,#2146,.F.);
#1347=ORIENTED_EDGE('',*,*,#2147,.F.);
#1348=ORIENTED_EDGE('',*,*,#2148,.T.);
#1349=ORIENTED_EDGE('',*,*,#2142,.T.);
#1350=ORIENTED_EDGE('',*,*,#1931,.T.);
#1351=ORIENTED_EDGE('',*,*,#2147,.T.);
#1352=ORIENTED_EDGE('',*,*,#2149,.T.);
#1353=ORIENTED_EDGE('',*,*,#2145,.T.);
#1354=ORIENTED_EDGE('',*,*,#1929,.T.);
#1355=ORIENTED_EDGE('',*,*,#2144,.T.);
#1356=ORIENTED_EDGE('',*,*,#2150,.T.);
#1357=ORIENTED_EDGE('',*,*,#1847,.T.);
#1358=ORIENTED_EDGE('',*,*,#1922,.F.);
#1359=ORIENTED_EDGE('',*,*,#2151,.F.);
#1360=ORIENTED_EDGE('',*,*,#1918,.T.);
#1361=ORIENTED_EDGE('',*,*,#1845,.F.);
#1362=ORIENTED_EDGE('',*,*,#2152,.F.);
#1363=ORIENTED_EDGE('',*,*,#2153,.F.);
#1364=ORIENTED_EDGE('',*,*,#1920,.T.);
#1365=ORIENTED_EDGE('',*,*,#2154,.F.);
#1366=ORIENTED_EDGE('',*,*,#2155,.F.);
#1367=ORIENTED_EDGE('',*,*,#2156,.F.);
#1368=ORIENTED_EDGE('',*,*,#2157,.T.);
#1369=ORIENTED_EDGE('',*,*,#2151,.T.);
#1370=ORIENTED_EDGE('',*,*,#1921,.T.);
#1371=ORIENTED_EDGE('',*,*,#2156,.T.);
#1372=ORIENTED_EDGE('',*,*,#2158,.T.);
#1373=ORIENTED_EDGE('',*,*,#2154,.T.);
#1374=ORIENTED_EDGE('',*,*,#1919,.T.);
#1375=ORIENTED_EDGE('',*,*,#2153,.T.);
#1376=ORIENTED_EDGE('',*,*,#2159,.T.);
#1377=ORIENTED_EDGE('',*,*,#1843,.T.);
#1378=ORIENTED_EDGE('',*,*,#1917,.F.);
#1379=ORIENTED_EDGE('',*,*,#2160,.F.);
#1380=ORIENTED_EDGE('',*,*,#2003,.T.);
#1381=ORIENTED_EDGE('',*,*,#1872,.F.);
#1382=ORIENTED_EDGE('',*,*,#2161,.F.);
#1383=ORIENTED_EDGE('',*,*,#2162,.F.);
#1384=ORIENTED_EDGE('',*,*,#2005,.T.);
#1385=ORIENTED_EDGE('',*,*,#2163,.F.);
#1386=ORIENTED_EDGE('',*,*,#2164,.F.);
#1387=ORIENTED_EDGE('',*,*,#2165,.F.);
#1388=ORIENTED_EDGE('',*,*,#2166,.T.);
#1389=ORIENTED_EDGE('',*,*,#2160,.T.);
#1390=ORIENTED_EDGE('',*,*,#1916,.T.);
#1391=ORIENTED_EDGE('',*,*,#2165,.T.);
#1392=ORIENTED_EDGE('',*,*,#2167,.T.);
#1393=ORIENTED_EDGE('',*,*,#2163,.T.);
#1394=ORIENTED_EDGE('',*,*,#2004,.T.);
#1395=ORIENTED_EDGE('',*,*,#2162,.T.);
#1396=ORIENTED_EDGE('',*,*,#2104,.F.);
#1397=ORIENTED_EDGE('',*,*,#2098,.T.);
#1398=ORIENTED_EDGE('',*,*,#1868,.T.);
#1399=ORIENTED_EDGE('',*,*,#2105,.F.);
#1400=ORIENTED_EDGE('',*,*,#2112,.F.);
#1401=ORIENTED_EDGE('',*,*,#2110,.T.);
#1402=ORIENTED_EDGE('',*,*,#2113,.F.);
#1403=ORIENTED_EDGE('',*,*,#2107,.T.);
#1404=ORIENTED_EDGE('',*,*,#1860,.T.);
#1405=ORIENTED_EDGE('',*,*,#2123,.F.);
#1406=ORIENTED_EDGE('',*,*,#2130,.F.);
#1407=ORIENTED_EDGE('',*,*,#2128,.T.);
#1408=ORIENTED_EDGE('',*,*,#2131,.F.);
#1409=ORIENTED_EDGE('',*,*,#2125,.T.);
#1410=ORIENTED_EDGE('',*,*,#1863,.T.);
#1411=ORIENTED_EDGE('',*,*,#2114,.F.);
#1412=ORIENTED_EDGE('',*,*,#2121,.F.);
#1413=ORIENTED_EDGE('',*,*,#2119,.T.);
#1414=ORIENTED_EDGE('',*,*,#2122,.F.);
#1415=ORIENTED_EDGE('',*,*,#2116,.T.);
#1416=ORIENTED_EDGE('',*,*,#1887,.T.);
#1417=ORIENTED_EDGE('',*,*,#2060,.F.);
#1418=ORIENTED_EDGE('',*,*,#2067,.F.);
#1419=ORIENTED_EDGE('',*,*,#2065,.T.);
#1420=ORIENTED_EDGE('',*,*,#2068,.F.);
#1421=ORIENTED_EDGE('',*,*,#2062,.T.);
#1422=ORIENTED_EDGE('',*,*,#1884,.T.);
#1423=ORIENTED_EDGE('',*,*,#2069,.F.);
#1424=ORIENTED_EDGE('',*,*,#2076,.F.);
#1425=ORIENTED_EDGE('',*,*,#2074,.T.);
#1426=ORIENTED_EDGE('',*,*,#2077,.F.);
#1427=ORIENTED_EDGE('',*,*,#2071,.T.);
#1428=ORIENTED_EDGE('',*,*,#1876,.T.);
#1429=ORIENTED_EDGE('',*,*,#2087,.F.);
#1430=ORIENTED_EDGE('',*,*,#2094,.F.);
#1431=ORIENTED_EDGE('',*,*,#2092,.T.);
#1432=ORIENTED_EDGE('',*,*,#2095,.F.);
#1433=ORIENTED_EDGE('',*,*,#2089,.T.);
#1434=ORIENTED_EDGE('',*,*,#1879,.T.);
#1435=ORIENTED_EDGE('',*,*,#2078,.F.);
#1436=ORIENTED_EDGE('',*,*,#2085,.F.);
#1437=ORIENTED_EDGE('',*,*,#2083,.T.);
#1438=ORIENTED_EDGE('',*,*,#2086,.F.);
#1439=ORIENTED_EDGE('',*,*,#2080,.T.);
#1440=ORIENTED_EDGE('',*,*,#1891,.T.);
#1441=ORIENTED_EDGE('',*,*,#2051,.F.);
#1442=ORIENTED_EDGE('',*,*,#2058,.F.);
#1443=ORIENTED_EDGE('',*,*,#2056,.T.);
#1444=ORIENTED_EDGE('',*,*,#2059,.F.);
#1445=ORIENTED_EDGE('',*,*,#2053,.T.);
#1446=ORIENTED_EDGE('',*,*,#1895,.T.);
#1447=ORIENTED_EDGE('',*,*,#2042,.F.);
#1448=ORIENTED_EDGE('',*,*,#2049,.F.);
#1449=ORIENTED_EDGE('',*,*,#2047,.T.);
#1450=ORIENTED_EDGE('',*,*,#2050,.F.);
#1451=ORIENTED_EDGE('',*,*,#2044,.T.);
#1452=ORIENTED_EDGE('',*,*,#1903,.T.);
#1453=ORIENTED_EDGE('',*,*,#2024,.F.);
#1454=ORIENTED_EDGE('',*,*,#2031,.F.);
#1455=ORIENTED_EDGE('',*,*,#2029,.T.);
#1456=ORIENTED_EDGE('',*,*,#2032,.F.);
#1457=ORIENTED_EDGE('',*,*,#2026,.T.);
#1458=ORIENTED_EDGE('',*,*,#1900,.T.);
#1459=ORIENTED_EDGE('',*,*,#2033,.F.);
#1460=ORIENTED_EDGE('',*,*,#2040,.F.);
#1461=ORIENTED_EDGE('',*,*,#2038,.T.);
#1462=ORIENTED_EDGE('',*,*,#2041,.F.);
#1463=ORIENTED_EDGE('',*,*,#2035,.T.);
#1464=ORIENTED_EDGE('',*,*,#1907,.T.);
#1465=ORIENTED_EDGE('',*,*,#2015,.F.);
#1466=ORIENTED_EDGE('',*,*,#2022,.F.);
#1467=ORIENTED_EDGE('',*,*,#2020,.T.);
#1468=ORIENTED_EDGE('',*,*,#2023,.F.);
#1469=ORIENTED_EDGE('',*,*,#2017,.T.);
#1470=ORIENTED_EDGE('',*,*,#1911,.T.);
#1471=ORIENTED_EDGE('',*,*,#2006,.F.);
#1472=ORIENTED_EDGE('',*,*,#2013,.F.);
#1473=ORIENTED_EDGE('',*,*,#2011,.T.);
#1474=ORIENTED_EDGE('',*,*,#2014,.F.);
#1475=ORIENTED_EDGE('',*,*,#2008,.T.);
#1476=ORIENTED_EDGE('',*,*,#1852,.T.);
#1477=ORIENTED_EDGE('',*,*,#2141,.F.);
#1478=ORIENTED_EDGE('',*,*,#2148,.F.);
#1479=ORIENTED_EDGE('',*,*,#2146,.T.);
#1480=ORIENTED_EDGE('',*,*,#2149,.F.);
#1481=ORIENTED_EDGE('',*,*,#2143,.T.);
#1482=ORIENTED_EDGE('',*,*,#1855,.T.);
#1483=ORIENTED_EDGE('',*,*,#2132,.F.);
#1484=ORIENTED_EDGE('',*,*,#2139,.F.);
#1485=ORIENTED_EDGE('',*,*,#2137,.T.);
#1486=ORIENTED_EDGE('',*,*,#2140,.F.);
#1487=ORIENTED_EDGE('',*,*,#2134,.T.);
#1488=ORIENTED_EDGE('',*,*,#1848,.T.);
#1489=ORIENTED_EDGE('',*,*,#2150,.F.);
#1490=ORIENTED_EDGE('',*,*,#2157,.F.);
#1491=ORIENTED_EDGE('',*,*,#2155,.T.);
#1492=ORIENTED_EDGE('',*,*,#2158,.F.);
#1493=ORIENTED_EDGE('',*,*,#2152,.T.);
#1494=ORIENTED_EDGE('',*,*,#1844,.T.);
#1495=ORIENTED_EDGE('',*,*,#2159,.F.);
#1496=ORIENTED_EDGE('',*,*,#2166,.F.);
#1497=ORIENTED_EDGE('',*,*,#2164,.T.);
#1498=ORIENTED_EDGE('',*,*,#2167,.F.);
#1499=ORIENTED_EDGE('',*,*,#2161,.T.);
#1500=ORIENTED_EDGE('',*,*,#1871,.T.);
#1501=ORIENTED_EDGE('',*,*,#2096,.F.);
#1502=ORIENTED_EDGE('',*,*,#2103,.F.);
#1503=ORIENTED_EDGE('',*,*,#2101,.T.);
#1504=ORIENTED_EDGE('',*,*,#1646,.T.);
#1505=ORIENTED_EDGE('',*,*,#1659,.T.);
#1506=ORIENTED_EDGE('',*,*,#1650,.T.);
#1507=ORIENTED_EDGE('',*,*,#1704,.T.);
#1508=ORIENTED_EDGE('',*,*,#1654,.T.);
#1509=ORIENTED_EDGE('',*,*,#1749,.T.);
#1510=ORIENTED_EDGE('',*,*,#1658,.T.);
#1511=ORIENTED_EDGE('',*,*,#1794,.T.);
#1512=ORIENTED_EDGE('',*,*,#1842,.T.);
#1513=ORIENTED_EDGE('',*,*,#2168,.T.);
#1514=ORIENTED_EDGE('',*,*,#2169,.T.);
#1515=ORIENTED_EDGE('',*,*,#2170,.F.);
#1516=ORIENTED_EDGE('',*,*,#2171,.F.);
#1517=ORIENTED_EDGE('',*,*,#2172,.F.);
#1518=ORIENTED_EDGE('',*,*,#2173,.F.);
#1519=ORIENTED_EDGE('',*,*,#2174,.T.);
#1520=ORIENTED_EDGE('',*,*,#2168,.F.);
#1521=ORIENTED_EDGE('',*,*,#2175,.T.);
#1522=ORIENTED_EDGE('',*,*,#2176,.T.);
#1523=ORIENTED_EDGE('',*,*,#2177,.T.);
#1524=ORIENTED_EDGE('',*,*,#2178,.F.);
#1525=ORIENTED_EDGE('',*,*,#2179,.T.);
#1526=ORIENTED_EDGE('',*,*,#2180,.T.);
#1527=ORIENTED_EDGE('',*,*,#2181,.T.);
#1528=ORIENTED_EDGE('',*,*,#2182,.T.);
#1529=ORIENTED_EDGE('',*,*,#2183,.T.);
#1530=ORIENTED_EDGE('',*,*,#2178,.T.);
#1531=ORIENTED_EDGE('',*,*,#2184,.T.);
#1532=ORIENTED_EDGE('',*,*,#2185,.T.);
#1533=ORIENTED_EDGE('',*,*,#2186,.T.);
#1534=ORIENTED_EDGE('',*,*,#2187,.T.);
#1535=ORIENTED_EDGE('',*,*,#2188,.T.);
#1536=ORIENTED_EDGE('',*,*,#2189,.T.);
#1537=ORIENTED_EDGE('',*,*,#2190,.T.);
#1538=ORIENTED_EDGE('',*,*,#2191,.F.);
#1539=ORIENTED_EDGE('',*,*,#2192,.T.);
#1540=ORIENTED_EDGE('',*,*,#2193,.T.);
#1541=ORIENTED_EDGE('',*,*,#2194,.T.);
#1542=ORIENTED_EDGE('',*,*,#2176,.F.);
#1543=ORIENTED_EDGE('',*,*,#2195,.T.);
#1544=ORIENTED_EDGE('',*,*,#2196,.T.);
#1545=ORIENTED_EDGE('',*,*,#2197,.T.);
#1546=ORIENTED_EDGE('',*,*,#2191,.T.);
#1547=ORIENTED_EDGE('',*,*,#2198,.T.);
#1548=ORIENTED_EDGE('',*,*,#2199,.T.);
#1549=ORIENTED_EDGE('',*,*,#2193,.F.);
#1550=ORIENTED_EDGE('',*,*,#2200,.T.);
#1551=ORIENTED_EDGE('',*,*,#2201,.T.);
#1552=ORIENTED_EDGE('',*,*,#2202,.T.);
#1553=ORIENTED_EDGE('',*,*,#2203,.T.);
#1554=ORIENTED_EDGE('',*,*,#2184,.F.);
#1555=ORIENTED_EDGE('',*,*,#2181,.F.);
#1556=ORIENTED_EDGE('',*,*,#2204,.F.);
#1557=ORIENTED_EDGE('',*,*,#2205,.T.);
#1558=ORIENTED_EDGE('',*,*,#1643,.F.);
#1559=ORIENTED_EDGE('',*,*,#2177,.F.);
#1560=ORIENTED_EDGE('',*,*,#2194,.F.);
#1561=ORIENTED_EDGE('',*,*,#2203,.F.);
#1562=ORIENTED_EDGE('',*,*,#2206,.F.);
#1563=ORIENTED_EDGE('',*,*,#2204,.T.);
#1564=ORIENTED_EDGE('',*,*,#2180,.F.);
#1565=ORIENTED_EDGE('',*,*,#2207,.F.);
#1566=ORIENTED_EDGE('',*,*,#2208,.T.);
#1567=ORIENTED_EDGE('',*,*,#2206,.T.);
#1568=ORIENTED_EDGE('',*,*,#2202,.F.);
#1569=ORIENTED_EDGE('',*,*,#2209,.F.);
#1570=ORIENTED_EDGE('',*,*,#2185,.F.);
#1571=ORIENTED_EDGE('',*,*,#2179,.F.);
#1572=ORIENTED_EDGE('',*,*,#2183,.F.);
#1573=ORIENTED_EDGE('',*,*,#2210,.F.);
#1574=ORIENTED_EDGE('',*,*,#2198,.F.);
#1575=ORIENTED_EDGE('',*,*,#2195,.F.);
#1576=ORIENTED_EDGE('',*,*,#2175,.F.);
#1577=ORIENTED_EDGE('',*,*,#1841,.F.);
#1578=ORIENTED_EDGE('',*,*,#2211,.T.);
#1579=ORIENTED_EDGE('',*,*,#2207,.T.);
#1580=ORIENTED_EDGE('',*,*,#2212,.F.);
#1581=ORIENTED_EDGE('',*,*,#2213,.F.);
#1582=ORIENTED_EDGE('',*,*,#2209,.T.);
#1583=ORIENTED_EDGE('',*,*,#2213,.T.);
#1584=ORIENTED_EDGE('',*,*,#2190,.F.);
#1585=ORIENTED_EDGE('',*,*,#2214,.F.);
#1586=ORIENTED_EDGE('',*,*,#2186,.F.);
#1587=ORIENTED_EDGE('',*,*,#2210,.T.);
#1588=ORIENTED_EDGE('',*,*,#2182,.F.);
#1589=ORIENTED_EDGE('',*,*,#2215,.F.);
#1590=ORIENTED_EDGE('',*,*,#2199,.F.);
#1591=ORIENTED_EDGE('',*,*,#2212,.T.);
#1592=ORIENTED_EDGE('',*,*,#2201,.F.);
#1593=ORIENTED_EDGE('',*,*,#2216,.F.);
#1594=ORIENTED_EDGE('',*,*,#2187,.F.);
#1595=ORIENTED_EDGE('',*,*,#2215,.T.);
#1596=ORIENTED_EDGE('',*,*,#2214,.T.);
#1597=ORIENTED_EDGE('',*,*,#2217,.F.);
#1598=ORIENTED_EDGE('',*,*,#2192,.F.);
#1599=ORIENTED_EDGE('',*,*,#2197,.F.);
#1600=ORIENTED_EDGE('',*,*,#2218,.F.);
#1601=ORIENTED_EDGE('',*,*,#2188,.F.);
#1602=ORIENTED_EDGE('',*,*,#2216,.T.);
#1603=ORIENTED_EDGE('',*,*,#2200,.F.);
#1604=ORIENTED_EDGE('',*,*,#2217,.T.);
#1605=ORIENTED_EDGE('',*,*,#2189,.F.);
#1606=ORIENTED_EDGE('',*,*,#2218,.T.);
#1607=ORIENTED_EDGE('',*,*,#2196,.F.);
#1608=ORIENTED_EDGE('',*,*,#2174,.F.);
#1609=ORIENTED_EDGE('',*,*,#1915,.F.);
#1610=ORIENTED_EDGE('',*,*,#2219,.F.);
#1611=ORIENTED_EDGE('',*,*,#2173,.T.);
#1612=ORIENTED_EDGE('',*,*,#2219,.T.);
#1613=ORIENTED_EDGE('',*,*,#2220,.F.);
#1614=ORIENTED_EDGE('',*,*,#2172,.T.);
#1615=ORIENTED_EDGE('',*,*,#2220,.T.);
#1616=ORIENTED_EDGE('',*,*,#2221,.F.);
#1617=ORIENTED_EDGE('',*,*,#2171,.T.);
#1618=ORIENTED_EDGE('',*,*,#2221,.T.);
#1619=ORIENTED_EDGE('',*,*,#2222,.F.);
#1620=ORIENTED_EDGE('',*,*,#2170,.T.);
#1621=ORIENTED_EDGE('',*,*,#2222,.T.);
#1622=ORIENTED_EDGE('',*,*,#2169,.F.);
#1623=ORIENTED_EDGE('',*,*,#1697,.F.);
#1624=ORIENTED_EDGE('',*,*,#1644,.F.);
#1625=ORIENTED_EDGE('',*,*,#2205,.F.);
#1626=ORIENTED_EDGE('',*,*,#2208,.F.);
#1627=ORIENTED_EDGE('',*,*,#2211,.F.);
#1628=ORIENTED_EDGE('',*,*,#1840,.F.);
#1629=ORIENTED_EDGE('',*,*,#1835,.F.);
#1630=ORIENTED_EDGE('',*,*,#1839,.F.);
#1631=ORIENTED_EDGE('',*,*,#1832,.F.);
#1632=ORIENTED_EDGE('',*,*,#1656,.F.);
#1633=ORIENTED_EDGE('',*,*,#1790,.F.);
#1634=ORIENTED_EDGE('',*,*,#1793,.F.);
#1635=ORIENTED_EDGE('',*,*,#1787,.F.);
#1636=ORIENTED_EDGE('',*,*,#1652,.F.);
#1637=ORIENTED_EDGE('',*,*,#1745,.F.);
#1638=ORIENTED_EDGE('',*,*,#1748,.F.);
#1639=ORIENTED_EDGE('',*,*,#1742,.F.);
#1640=ORIENTED_EDGE('',*,*,#1648,.F.);
#1641=ORIENTED_EDGE('',*,*,#1700,.F.);
#1642=ORIENTED_EDGE('',*,*,#1703,.F.);
#1643=EDGE_CURVE('',#2223,#2224,#2600,.F.);
#1644=EDGE_CURVE('',#2224,#2225,#213,.T.);
#1645=EDGE_CURVE('',#2225,#2226,#2601,.T.);
#1646=EDGE_CURVE('',#2223,#2226,#214,.T.);
#1647=EDGE_CURVE('',#2227,#2228,#2602,.F.);
#1648=EDGE_CURVE('',#2228,#2229,#215,.T.);
#1649=EDGE_CURVE('',#2229,#2230,#2603,.T.);
#1650=EDGE_CURVE('',#2227,#2230,#216,.T.);
#1651=EDGE_CURVE('',#2231,#2232,#2604,.F.);
#1652=EDGE_CURVE('',#2232,#2233,#217,.T.);
#1653=EDGE_CURVE('',#2233,#2234,#2605,.T.);
#1654=EDGE_CURVE('',#2231,#2234,#218,.T.);
#1655=EDGE_CURVE('',#2235,#2236,#2606,.F.);
#1656=EDGE_CURVE('',#2236,#2237,#219,.T.);
#1657=EDGE_CURVE('',#2237,#2238,#2607,.T.);
#1658=EDGE_CURVE('',#2235,#2238,#220,.T.);
#1659=EDGE_CURVE('',#2226,#2227,#221,.T.);
#1660=EDGE_CURVE('',#2226,#2239,#2608,.T.);
#1661=EDGE_CURVE('',#2239,#2240,#222,.T.);
#1662=EDGE_CURVE('',#2240,#2227,#2609,.F.);
#1663=EDGE_CURVE('',#2241,#2242,#2610,.T.);
#1664=EDGE_CURVE('',#2241,#2243,#223,.T.);
#1665=EDGE_CURVE('',#2243,#2244,#2611,.T.);
#1666=EDGE_CURVE('',#2244,#2240,#224,.F.);
#1667=EDGE_CURVE('',#2239,#2242,#225,.F.);
#1668=EDGE_CURVE('',#2245,#2246,#2612,.F.);
#1669=EDGE_CURVE('',#2246,#2247,#226,.F.);
#1670=EDGE_CURVE('',#2247,#2248,#2613,.T.);
#1671=EDGE_CURVE('',#2248,#2245,#227,.F.);
#1672=EDGE_CURVE('',#2249,#2250,#2614,.F.);
#1673=EDGE_CURVE('',#2250,#2251,#228,.F.);
#1674=EDGE_CURVE('',#2251,#2252,#229,.T.);
#1675=EDGE_CURVE('',#2252,#2253,#230,.F.);
#1676=EDGE_CURVE('',#2253,#2254,#2615,.T.);
#1677=EDGE_CURVE('',#2254,#2249,#231,.T.);
#1678=EDGE_CURVE('',#2251,#2255,#2616,.F.);
#1679=EDGE_CURVE('',#2255,#2256,#232,.T.);
#1680=EDGE_CURVE('',#2256,#2252,#2617,.T.);
#1681=EDGE_CURVE('',#2257,#2258,#2618,.T.);
#1682=EDGE_CURVE('',#2258,#2241,#233,.T.);
#1683=EDGE_CURVE('',#2242,#2259,#2619,.F.);
#1684=EDGE_CURVE('',#2259,#2257,#2620,.T.);
#1685=EDGE_CURVE('',#2243,#2260,#234,.F.);
#1686=EDGE_CURVE('',#2260,#2261,#2621,.T.);
#1687=EDGE_CURVE('',#2261,#2262,#2622,.F.);
#1688=EDGE_CURVE('',#2262,#2244,#2623,.F.);
#1689=EDGE_CURVE('',#2257,#2248,#235,.F.);
#1690=EDGE_CURVE('',#2247,#2258,#84,.F.);
#1691=EDGE_CURVE('',#2245,#2261,#236,.F.);
#1692=EDGE_CURVE('',#2246,#2260,#85,.F.);
#1693=EDGE_CURVE('',#2259,#2250,#74,.T.);
#1694=EDGE_CURVE('',#2257,#2249,#237,.T.);
#1695=EDGE_CURVE('',#2253,#2262,#75,.T.);
#1696=EDGE_CURVE('',#2254,#2261,#238,.T.);
#1697=EDGE_CURVE('',#2225,#2263,#86,.T.);
#1698=EDGE_CURVE('',#2263,#2255,#87,.T.);
#1699=EDGE_CURVE('',#2264,#2256,#88,.T.);
#1700=EDGE_CURVE('',#2264,#2228,#89,.T.);
#1701=EDGE_CURVE('',#2254,#2245,#239,.F.);
#1702=EDGE_CURVE('',#2249,#2248,#240,.T.);
#1703=EDGE_CURVE('',#2263,#2264,#241,.T.);
#1704=EDGE_CURVE('',#2230,#2231,#242,.T.);
#1705=EDGE_CURVE('',#2230,#2265,#2624,.T.);
#1706=EDGE_CURVE('',#2265,#2266,#243,.T.);
#1707=EDGE_CURVE('',#2266,#2231,#2625,.F.);
#1708=EDGE_CURVE('',#2267,#2268,#2626,.T.);
#1709=EDGE_CURVE('',#2267,#2269,#244,.T.);
#1710=EDGE_CURVE('',#2269,#2270,#2627,.T.);
#1711=EDGE_CURVE('',#2270,#2266,#245,.F.);
#1712=EDGE_CURVE('',#2265,#2268,#246,.F.);
#1713=EDGE_CURVE('',#2271,#2272,#2628,.F.);
#1714=EDGE_CURVE('',#2272,#2273,#247,.F.);
#1715=EDGE_CURVE('',#2273,#2274,#2629,.T.);
#1716=EDGE_CURVE('',#2274,#2271,#248,.F.);
#1717=EDGE_CURVE('',#2275,#2276,#2630,.F.);
#1718=EDGE_CURVE('',#2276,#2277,#249,.F.);
#1719=EDGE_CURVE('',#2277,#2278,#250,.T.);
#1720=EDGE_CURVE('',#2278,#2279,#251,.F.);
#1721=EDGE_CURVE('',#2279,#2280,#2631,.T.);
#1722=EDGE_CURVE('',#2280,#2275,#252,.T.);
#1723=EDGE_CURVE('',#2277,#2281,#2632,.F.);
#1724=EDGE_CURVE('',#2281,#2282,#253,.T.);
#1725=EDGE_CURVE('',#2282,#2278,#2633,.T.);
#1726=EDGE_CURVE('',#2283,#2284,#2634,.T.);
#1727=EDGE_CURVE('',#2284,#2267,#254,.T.);
#1728=EDGE_CURVE('',#2268,#2285,#2635,.F.);
#1729=EDGE_CURVE('',#2285,#2283,#2636,.T.);
#1730=EDGE_CURVE('',#2269,#2286,#255,.F.);
#1731=EDGE_CURVE('',#2286,#2287,#2637,.T.);
#1732=EDGE_CURVE('',#2287,#2288,#2638,.F.);
#1733=EDGE_CURVE('',#2288,#2270,#2639,.F.);
#1734=EDGE_CURVE('',#2283,#2274,#256,.F.);
#1735=EDGE_CURVE('',#2273,#2284,#90,.F.);
#1736=EDGE_CURVE('',#2271,#2287,#257,.F.);
#1737=EDGE_CURVE('',#2272,#2286,#91,.F.);
#1738=EDGE_CURVE('',#2285,#2276,#76,.T.);
#1739=EDGE_CURVE('',#2283,#2275,#258,.T.);
#1740=EDGE_CURVE('',#2279,#2288,#77,.T.);
#1741=EDGE_CURVE('',#2280,#2287,#259,.T.);
#1742=EDGE_CURVE('',#2229,#2289,#92,.T.);
#1743=EDGE_CURVE('',#2289,#2281,#93,.T.);
#1744=EDGE_CURVE('',#2290,#2282,#94,.T.);
#1745=EDGE_CURVE('',#2290,#2232,#95,.T.);
#1746=EDGE_CURVE('',#2280,#2271,#260,.F.);
#1747=EDGE_CURVE('',#2275,#2274,#261,.T.);
#1748=EDGE_CURVE('',#2289,#2290,#262,.T.);
#1749=EDGE_CURVE('',#2234,#2235,#263,.T.);
#1750=EDGE_CURVE('',#2234,#2291,#2640,.T.);
#1751=EDGE_CURVE('',#2291,#2292,#264,.T.);
#1752=EDGE_CURVE('',#2292,#2235,#2641,.F.);
#1753=EDGE_CURVE('',#2293,#2294,#2642,.T.);
#1754=EDGE_CURVE('',#2293,#2295,#265,.T.);
#1755=EDGE_CURVE('',#2295,#2296,#2643,.T.);
#1756=EDGE_CURVE('',#2296,#2292,#266,.F.);
#1757=EDGE_CURVE('',#2291,#2294,#267,.F.);
#1758=EDGE_CURVE('',#2297,#2298,#2644,.F.);
#1759=EDGE_CURVE('',#2298,#2299,#268,.F.);
#1760=EDGE_CURVE('',#2299,#2300,#2645,.T.);
#1761=EDGE_CURVE('',#2300,#2297,#269,.F.);
#1762=EDGE_CURVE('',#2301,#2302,#2646,.F.);
#1763=EDGE_CURVE('',#2302,#2303,#270,.F.);
#1764=EDGE_CURVE('',#2303,#2304,#271,.T.);
#1765=EDGE_CURVE('',#2304,#2305,#272,.F.);
#1766=EDGE_CURVE('',#2305,#2306,#2647,.T.);
#1767=EDGE_CURVE('',#2306,#2301,#273,.T.);
#1768=EDGE_CURVE('',#2303,#2307,#2648,.F.);
#1769=EDGE_CURVE('',#2307,#2308,#274,.T.);
#1770=EDGE_CURVE('',#2308,#2304,#2649,.T.);
#1771=EDGE_CURVE('',#2309,#2310,#2650,.T.);
#1772=EDGE_CURVE('',#2310,#2293,#275,.T.);
#1773=EDGE_CURVE('',#2294,#2311,#2651,.F.);
#1774=EDGE_CURVE('',#2311,#2309,#2652,.T.);
#1775=EDGE_CURVE('',#2295,#2312,#276,.F.);
#1776=EDGE_CURVE('',#2312,#2313,#2653,.T.);
#1777=EDGE_CURVE('',#2313,#2314,#2654,.F.);
#1778=EDGE_CURVE('',#2314,#2296,#2655,.F.);
#1779=EDGE_CURVE('',#2309,#2300,#277,.F.);
#1780=EDGE_CURVE('',#2299,#2310,#96,.F.);
#1781=EDGE_CURVE('',#2297,#2313,#278,.F.);
#1782=EDGE_CURVE('',#2298,#2312,#97,.F.);
#1783=EDGE_CURVE('',#2311,#2302,#78,.T.);
#1784=EDGE_CURVE('',#2309,#2301,#279,.T.);
#1785=EDGE_CURVE('',#2305,#2314,#79,.T.);
#1786=EDGE_CURVE('',#2306,#2313,#280,.T.);
#1787=EDGE_CURVE('',#2233,#2315,#98,.T.);
#1788=EDGE_CURVE('',#2315,#2307,#99,.T.);
#1789=EDGE_CURVE('',#2316,#2308,#100,.T.);
#1790=EDGE_CURVE('',#2316,#2236,#101,.T.);
#1791=EDGE_CURVE('',#2306,#2297,#281,.F.);
#1792=EDGE_CURVE('',#2301,#2300,#282,.T.);
#1793=EDGE_CURVE('',#2315,#2316,#283,.T.);
#1794=EDGE_CURVE('',#2238,#2317,#284,.T.);
#1795=EDGE_CURVE('',#2238,#2318,#2656,.T.);
#1796=EDGE_CURVE('',#2318,#2319,#285,.T.);
#1797=EDGE_CURVE('',#2319,#2317,#2657,.F.);
#1798=EDGE_CURVE('',#2320,#2321,#2658,.T.);
#1799=EDGE_CURVE('',#2320,#2322,#286,.T.);
#1800=EDGE_CURVE('',#2322,#2323,#2659,.T.);
#1801=EDGE_CURVE('',#2323,#2319,#287,.F.);
#1802=EDGE_CURVE('',#2318,#2321,#288,.F.);
#1803=EDGE_CURVE('',#2324,#2325,#2660,.F.);
#1804=EDGE_CURVE('',#2325,#2326,#289,.F.);
#1805=EDGE_CURVE('',#2326,#2327,#2661,.T.);
#1806=EDGE_CURVE('',#2327,#2324,#290,.F.);
#1807=EDGE_CURVE('',#2328,#2329,#2662,.F.);
#1808=EDGE_CURVE('',#2329,#2330,#291,.F.);
#1809=EDGE_CURVE('',#2330,#2331,#292,.T.);
#1810=EDGE_CURVE('',#2331,#2332,#293,.F.);
#1811=EDGE_CURVE('',#2332,#2333,#2663,.T.);
#1812=EDGE_CURVE('',#2333,#2328,#294,.T.);
#1813=EDGE_CURVE('',#2330,#2334,#2664,.F.);
#1814=EDGE_CURVE('',#2334,#2335,#295,.T.);
#1815=EDGE_CURVE('',#2335,#2331,#2665,.T.);
#1816=EDGE_CURVE('',#2336,#2337,#2666,.T.);
#1817=EDGE_CURVE('',#2337,#2320,#296,.T.);
#1818=EDGE_CURVE('',#2321,#2338,#2667,.F.);
#1819=EDGE_CURVE('',#2338,#2336,#2668,.T.);
#1820=EDGE_CURVE('',#2322,#2339,#297,.F.);
#1821=EDGE_CURVE('',#2339,#2340,#2669,.T.);
#1822=EDGE_CURVE('',#2340,#2341,#2670,.F.);
#1823=EDGE_CURVE('',#2341,#2323,#2671,.F.);
#1824=EDGE_CURVE('',#2336,#2327,#298,.F.);
#1825=EDGE_CURVE('',#2326,#2337,#102,.F.);
#1826=EDGE_CURVE('',#2324,#2340,#299,.F.);
#1827=EDGE_CURVE('',#2325,#2339,#103,.F.);
#1828=EDGE_CURVE('',#2338,#2329,#80,.T.);
#1829=EDGE_CURVE('',#2336,#2328,#300,.T.);
#1830=EDGE_CURVE('',#2332,#2341,#81,.T.);
#1831=EDGE_CURVE('',#2333,#2340,#301,.T.);
#1832=EDGE_CURVE('',#2237,#2342,#104,.T.);
#1833=EDGE_CURVE('',#2342,#2334,#105,.T.);
#1834=EDGE_CURVE('',#2343,#2335,#106,.T.);
#1835=EDGE_CURVE('',#2343,#2344,#107,.T.);
#1836=EDGE_CURVE('',#2317,#2344,#2672,.F.);
#1837=EDGE_CURVE('',#2333,#2324,#302,.F.);
#1838=EDGE_CURVE('',#2328,#2327,#303,.T.);
#1839=EDGE_CURVE('',#2342,#2343,#304,.T.);
#1840=EDGE_CURVE('',#2344,#2345,#305,.T.);
#1841=EDGE_CURVE('',#2345,#2346,#2673,.T.);
#1842=EDGE_CURVE('',#2317,#2346,#306,.T.);
#1843=EDGE_CURVE('',#2347,#2348,#2674,.T.);
#1844=EDGE_CURVE('',#2349,#2347,#307,.T.);
#1845=EDGE_CURVE('',#2349,#2350,#2675,.T.);
#1846=EDGE_CURVE('',#2350,#2348,#308,.T.);
#1847=EDGE_CURVE('',#2351,#2352,#2676,.T.);
#1848=EDGE_CURVE('',#2353,#2351,#309,.T.);
#1849=EDGE_CURVE('',#2353,#2354,#2677,.T.);
#1850=EDGE_CURVE('',#2354,#2352,#310,.T.);
#1851=EDGE_CURVE('',#2355,#2356,#2678,.T.);
#1852=EDGE_CURVE('',#2357,#2355,#311,.T.);
#1853=EDGE_CURVE('',#2357,#2358,#2679,.T.);
#1854=EDGE_CURVE('',#2358,#2356,#312,.T.);
#1855=EDGE_CURVE('',#2359,#2360,#313,.T.);
#1856=EDGE_CURVE('',#2359,#2361,#2680,.T.);
#1857=EDGE_CURVE('',#2361,#2362,#314,.T.);
#1858=EDGE_CURVE('',#2360,#2362,#2681,.T.);
#1859=EDGE_CURVE('',#2363,#2364,#2682,.T.);
#1860=EDGE_CURVE('',#2365,#2363,#315,.T.);
#1861=EDGE_CURVE('',#2365,#2366,#2683,.T.);
#1862=EDGE_CURVE('',#2366,#2364,#316,.T.);
#1863=EDGE_CURVE('',#2367,#2368,#317,.T.);
#1864=EDGE_CURVE('',#2367,#2369,#2684,.T.);
#1865=EDGE_CURVE('',#2369,#2370,#318,.T.);
#1866=EDGE_CURVE('',#2368,#2370,#2685,.T.);
#1867=EDGE_CURVE('',#2371,#2372,#2686,.T.);
#1868=EDGE_CURVE('',#2373,#2371,#319,.T.);
#1869=EDGE_CURVE('',#2373,#2374,#2687,.T.);
#1870=EDGE_CURVE('',#2374,#2372,#320,.T.);
#1871=EDGE_CURVE('',#2375,#2376,#321,.T.);
#1872=EDGE_CURVE('',#2375,#2377,#2688,.T.);
#1873=EDGE_CURVE('',#2377,#2378,#322,.T.);
#1874=EDGE_CURVE('',#2376,#2378,#2689,.T.);
#1875=EDGE_CURVE('',#2379,#2380,#2690,.T.);
#1876=EDGE_CURVE('',#2381,#2379,#323,.T.);
#1877=EDGE_CURVE('',#2381,#2382,#2691,.T.);
#1878=EDGE_CURVE('',#2382,#2380,#324,.T.);
#1879=EDGE_CURVE('',#2383,#2384,#325,.T.);
#1880=EDGE_CURVE('',#2383,#2385,#2692,.T.);
#1881=EDGE_CURVE('',#2385,#2386,#326,.T.);
#1882=EDGE_CURVE('',#2384,#2386,#2693,.T.);
#1883=EDGE_CURVE('',#2387,#2388,#2694,.T.);
#1884=EDGE_CURVE('',#2389,#2387,#327,.T.);
#1885=EDGE_CURVE('',#2389,#2390,#2695,.T.);
#1886=EDGE_CURVE('',#2390,#2388,#328,.T.);
#1887=EDGE_CURVE('',#2391,#2392,#329,.T.);
#1888=EDGE_CURVE('',#2391,#2393,#2696,.T.);
#1889=EDGE_CURVE('',#2393,#2394,#330,.T.);
#1890=EDGE_CURVE('',#2392,#2394,#2697,.T.);
#1891=EDGE_CURVE('',#2395,#2396,#331,.T.);
#1892=EDGE_CURVE('',#2395,#2397,#2698,.T.);
#1893=EDGE_CURVE('',#2397,#2398,#332,.T.);
#1894=EDGE_CURVE('',#2396,#2398,#2699,.T.);
#1895=EDGE_CURVE('',#2399,#2400,#333,.T.);
#1896=EDGE_CURVE('',#2399,#2401,#2700,.T.);
#1897=EDGE_CURVE('',#2401,#2402,#334,.T.);
#1898=EDGE_CURVE('',#2400,#2402,#2701,.T.);
#1899=EDGE_CURVE('',#2403,#2404,#2702,.T.);
#1900=EDGE_CURVE('',#2405,#2403,#335,.T.);
#1901=EDGE_CURVE('',#2405,#2406,#2703,.T.);
#1902=EDGE_CURVE('',#2406,#2404,#336,.T.);
#1903=EDGE_CURVE('',#2407,#2408,#337,.T.);
#1904=EDGE_CURVE('',#2407,#2409,#2704,.T.);
#1905=EDGE_CURVE('',#2409,#2410,#338,.T.);
#1906=EDGE_CURVE('',#2408,#2410,#2705,.T.);
#1907=EDGE_CURVE('',#2411,#2412,#339,.T.);
#1908=EDGE_CURVE('',#2411,#2413,#2706,.T.);
#1909=EDGE_CURVE('',#2413,#2414,#340,.T.);
#1910=EDGE_CURVE('',#2412,#2414,#2707,.T.);
#1911=EDGE_CURVE('',#2415,#2416,#341,.T.);
#1912=EDGE_CURVE('',#2415,#2417,#2708,.T.);
#1913=EDGE_CURVE('',#2417,#2418,#342,.T.);
#1914=EDGE_CURVE('',#2416,#2418,#2709,.T.);
#1915=EDGE_CURVE('',#2419,#2419,#343,.T.);
#1916=EDGE_CURVE('',#2420,#2421,#344,.F.);
#1917=EDGE_CURVE('',#2420,#2348,#108,.T.);
#1918=EDGE_CURVE('',#2422,#2350,#109,.T.);
#1919=EDGE_CURVE('',#2423,#2422,#345,.F.);
#1920=EDGE_CURVE('',#2424,#2423,#346,.T.);
#1921=EDGE_CURVE('',#2425,#2424,#347,.F.);
#1922=EDGE_CURVE('',#2425,#2352,#110,.T.);
#1923=EDGE_CURVE('',#2426,#2354,#111,.T.);
#1924=EDGE_CURVE('',#2427,#2426,#348,.F.);
#1925=EDGE_CURVE('',#2428,#2427,#349,.T.);
#1926=EDGE_CURVE('',#2429,#2428,#350,.F.);
#1927=EDGE_CURVE('',#2429,#2362,#112,.T.);
#1928=EDGE_CURVE('',#2430,#2361,#113,.T.);
#1929=EDGE_CURVE('',#2431,#2430,#351,.F.);
#1930=EDGE_CURVE('',#2432,#2431,#352,.T.);
#1931=EDGE_CURVE('',#2433,#2432,#353,.F.);
#1932=EDGE_CURVE('',#2433,#2356,#114,.T.);
#1933=EDGE_CURVE('',#2434,#2358,#115,.T.);
#1934=EDGE_CURVE('',#2435,#2434,#354,.F.);
#1935=EDGE_CURVE('',#2436,#2435,#355,.T.);
#1936=EDGE_CURVE('',#2437,#2436,#356,.F.);
#1937=EDGE_CURVE('',#2437,#2418,#116,.T.);
#1938=EDGE_CURVE('',#2438,#2417,#117,.T.);
#1939=EDGE_CURVE('',#2439,#2438,#357,.F.);
#1940=EDGE_CURVE('',#2440,#2439,#358,.T.);
#1941=EDGE_CURVE('',#2441,#2440,#359,.F.);
#1942=EDGE_CURVE('',#2441,#2414,#118,.T.);
#1943=EDGE_CURVE('',#2442,#2413,#119,.T.);
#1944=EDGE_CURVE('',#2443,#2442,#360,.F.);
#1945=EDGE_CURVE('',#2444,#2443,#361,.T.);
#1946=EDGE_CURVE('',#2445,#2444,#362,.F.);
#1947=EDGE_CURVE('',#2445,#2404,#120,.T.);
#1948=EDGE_CURVE('',#2446,#2406,#121,.T.);
#1949=EDGE_CURVE('',#2447,#2446,#363,.F.);
#1950=EDGE_CURVE('',#2448,#2447,#364,.T.);
#1951=EDGE_CURVE('',#2449,#2448,#365,.F.);
#1952=EDGE_CURVE('',#2449,#2410,#122,.T.);
#1953=EDGE_CURVE('',#2450,#2409,#123,.T.);
#1954=EDGE_CURVE('',#2451,#2450,#366,.F.);
#1955=EDGE_CURVE('',#2452,#2451,#367,.T.);
#1956=EDGE_CURVE('',#2453,#2452,#368,.F.);
#1957=EDGE_CURVE('',#2453,#2402,#124,.T.);
#1958=EDGE_CURVE('',#2454,#2401,#125,.T.);
#1959=EDGE_CURVE('',#2455,#2454,#369,.F.);
#1960=EDGE_CURVE('',#2456,#2455,#370,.T.);
#1961=EDGE_CURVE('',#2457,#2456,#371,.F.);
#1962=EDGE_CURVE('',#2457,#2398,#126,.T.);
#1963=EDGE_CURVE('',#2458,#2397,#127,.T.);
#1964=EDGE_CURVE('',#2459,#2458,#372,.F.);
#1965=EDGE_CURVE('',#2460,#2459,#373,.T.);
#1966=EDGE_CURVE('',#2461,#2460,#374,.F.);
#1967=EDGE_CURVE('',#2461,#2386,#128,.T.);
#1968=EDGE_CURVE('',#2462,#2385,#129,.T.);
#1969=EDGE_CURVE('',#2463,#2462,#375,.F.);
#1970=EDGE_CURVE('',#2464,#2463,#376,.T.);
#1971=EDGE_CURVE('',#2465,#2464,#377,.F.);
#1972=EDGE_CURVE('',#2465,#2380,#130,.T.);
#1973=EDGE_CURVE('',#2466,#2382,#131,.T.);
#1974=EDGE_CURVE('',#2467,#2466,#378,.F.);
#1975=EDGE_CURVE('',#2468,#2467,#379,.T.);
#1976=EDGE_CURVE('',#2469,#2468,#380,.F.);
#1977=EDGE_CURVE('',#2469,#2388,#132,.T.);
#1978=EDGE_CURVE('',#2470,#2390,#133,.T.);
#1979=EDGE_CURVE('',#2471,#2470,#381,.F.);
#1980=EDGE_CURVE('',#2472,#2471,#382,.T.);
#1981=EDGE_CURVE('',#2473,#2472,#383,.F.);
#1982=EDGE_CURVE('',#2473,#2394,#134,.T.);
#1983=EDGE_CURVE('',#2474,#2393,#135,.T.);
#1984=EDGE_CURVE('',#2475,#2474,#384,.F.);
#1985=EDGE_CURVE('',#2476,#2475,#385,.T.);
#1986=EDGE_CURVE('',#2477,#2476,#386,.F.);
#1987=EDGE_CURVE('',#2477,#2370,#136,.T.);
#1988=EDGE_CURVE('',#2478,#2369,#137,.T.);
#1989=EDGE_CURVE('',#2479,#2478,#387,.F.);
#1990=EDGE_CURVE('',#2480,#2479,#388,.T.);
#1991=EDGE_CURVE('',#2481,#2480,#389,.F.);
#1992=EDGE_CURVE('',#2481,#2364,#138,.T.);
#1993=EDGE_CURVE('',#2482,#2366,#139,.T.);
#1994=EDGE_CURVE('',#2483,#2482,#390,.F.);
#1995=EDGE_CURVE('',#2484,#2483,#391,.T.);
#1996=EDGE_CURVE('',#2485,#2484,#392,.F.);
#1997=EDGE_CURVE('',#2485,#2372,#140,.T.);
#1998=EDGE_CURVE('',#2486,#2374,#141,.T.);
#1999=EDGE_CURVE('',#2487,#2486,#393,.F.);
#2000=EDGE_CURVE('',#2488,#2487,#394,.T.);
#2001=EDGE_CURVE('',#2489,#2488,#395,.F.);
#2002=EDGE_CURVE('',#2489,#2378,#142,.T.);
#2003=EDGE_CURVE('',#2490,#2377,#143,.T.);
#2004=EDGE_CURVE('',#2491,#2490,#396,.F.);
#2005=EDGE_CURVE('',#2421,#2491,#397,.T.);
#2006=EDGE_CURVE('',#2492,#2416,#144,.T.);
#2007=EDGE_CURVE('',#2492,#2437,#2710,.T.);
#2008=EDGE_CURVE('',#2493,#2357,#145,.T.);
#2009=EDGE_CURVE('',#2434,#2493,#2711,.F.);
#2010=EDGE_CURVE('',#2494,#2435,#2712,.T.);
#2011=EDGE_CURVE('',#2495,#2494,#398,.T.);
#2012=EDGE_CURVE('',#2436,#2495,#2713,.F.);
#2013=EDGE_CURVE('',#2495,#2492,#399,.T.);
#2014=EDGE_CURVE('',#2493,#2494,#400,.T.);
#2015=EDGE_CURVE('',#2496,#2412,#146,.T.);
#2016=EDGE_CURVE('',#2496,#2441,#2714,.T.);
#2017=EDGE_CURVE('',#2497,#2415,#147,.T.);
#2018=EDGE_CURVE('',#2438,#2497,#2715,.F.);
#2019=EDGE_CURVE('',#2498,#2439,#2716,.T.);
#2020=EDGE_CURVE('',#2499,#2498,#401,.T.);
#2021=EDGE_CURVE('',#2440,#2499,#2717,.F.);
#2022=EDGE_CURVE('',#2499,#2496,#402,.T.);
#2023=EDGE_CURVE('',#2497,#2498,#403,.T.);
#2024=EDGE_CURVE('',#2500,#2408,#148,.T.);
#2025=EDGE_CURVE('',#2500,#2449,#2718,.T.);
#2026=EDGE_CURVE('',#2501,#2405,#149,.T.);
#2027=EDGE_CURVE('',#2446,#2501,#2719,.F.);
#2028=EDGE_CURVE('',#2502,#2447,#2720,.T.);
#2029=EDGE_CURVE('',#2503,#2502,#404,.T.);
#2030=EDGE_CURVE('',#2448,#2503,#2721,.F.);
#2031=EDGE_CURVE('',#2503,#2500,#405,.T.);
#2032=EDGE_CURVE('',#2501,#2502,#406,.T.);
#2033=EDGE_CURVE('',#2504,#2403,#150,.T.);
#2034=EDGE_CURVE('',#2504,#2445,#2722,.T.);
#2035=EDGE_CURVE('',#2505,#2411,#151,.T.);
#2036=EDGE_CURVE('',#2442,#2505,#2723,.F.);
#2037=EDGE_CURVE('',#2506,#2443,#2724,.T.);
#2038=EDGE_CURVE('',#2507,#2506,#407,.T.);
#2039=EDGE_CURVE('',#2444,#2507,#2725,.F.);
#2040=EDGE_CURVE('',#2507,#2504,#408,.T.);
#2041=EDGE_CURVE('',#2505,#2506,#409,.T.);
#2042=EDGE_CURVE('',#2508,#2400,#152,.T.);
#2043=EDGE_CURVE('',#2508,#2453,#2726,.T.);
#2044=EDGE_CURVE('',#2509,#2407,#153,.T.);
#2045=EDGE_CURVE('',#2450,#2509,#2727,.F.);
#2046=EDGE_CURVE('',#2510,#2451,#2728,.T.);
#2047=EDGE_CURVE('',#2511,#2510,#410,.T.);
#2048=EDGE_CURVE('',#2452,#2511,#2729,.F.);
#2049=EDGE_CURVE('',#2511,#2508,#411,.T.);
#2050=EDGE_CURVE('',#2509,#2510,#412,.T.);
#2051=EDGE_CURVE('',#2512,#2396,#154,.T.);
#2052=EDGE_CURVE('',#2512,#2457,#2730,.T.);
#2053=EDGE_CURVE('',#2513,#2399,#155,.T.);
#2054=EDGE_CURVE('',#2454,#2513,#2731,.F.);
#2055=EDGE_CURVE('',#2514,#2455,#2732,.T.);
#2056=EDGE_CURVE('',#2515,#2514,#413,.T.);
#2057=EDGE_CURVE('',#2456,#2515,#2733,.F.);
#2058=EDGE_CURVE('',#2515,#2512,#414,.T.);
#2059=EDGE_CURVE('',#2513,#2514,#415,.T.);
#2060=EDGE_CURVE('',#2516,#2392,#156,.T.);
#2061=EDGE_CURVE('',#2516,#2473,#2734,.T.);
#2062=EDGE_CURVE('',#2517,#2389,#157,.T.);
#2063=EDGE_CURVE('',#2470,#2517,#2735,.F.);
#2064=EDGE_CURVE('',#2518,#2471,#2736,.T.);
#2065=EDGE_CURVE('',#2519,#2518,#416,.T.);
#2066=EDGE_CURVE('',#2472,#2519,#2737,.F.);
#2067=EDGE_CURVE('',#2519,#2516,#417,.T.);
#2068=EDGE_CURVE('',#2517,#2518,#418,.T.);
#2069=EDGE_CURVE('',#2520,#2387,#158,.T.);
#2070=EDGE_CURVE('',#2520,#2469,#2738,.T.);
#2071=EDGE_CURVE('',#2521,#2381,#159,.T.);
#2072=EDGE_CURVE('',#2466,#2521,#2739,.F.);
#2073=EDGE_CURVE('',#2522,#2467,#2740,.T.);
#2074=EDGE_CURVE('',#2523,#2522,#419,.T.);
#2075=EDGE_CURVE('',#2468,#2523,#2741,.F.);
#2076=EDGE_CURVE('',#2523,#2520,#420,.T.);
#2077=EDGE_CURVE('',#2521,#2522,#421,.T.);
#2078=EDGE_CURVE('',#2524,#2384,#160,.T.);
#2079=EDGE_CURVE('',#2524,#2461,#2742,.T.);
#2080=EDGE_CURVE('',#2525,#2395,#161,.T.);
#2081=EDGE_CURVE('',#2458,#2525,#2743,.F.);
#2082=EDGE_CURVE('',#2526,#2459,#2744,.T.);
#2083=EDGE_CURVE('',#2527,#2526,#422,.T.);
#2084=EDGE_CURVE('',#2460,#2527,#2745,.F.);
#2085=EDGE_CURVE('',#2527,#2524,#423,.T.);
#2086=EDGE_CURVE('',#2525,#2526,#424,.T.);
#2087=EDGE_CURVE('',#2528,#2379,#162,.T.);
#2088=EDGE_CURVE('',#2528,#2465,#2746,.T.);
#2089=EDGE_CURVE('',#2529,#2383,#163,.T.);
#2090=EDGE_CURVE('',#2462,#2529,#2747,.F.);
#2091=EDGE_CURVE('',#2530,#2463,#2748,.T.);
#2092=EDGE_CURVE('',#2531,#2530,#425,.T.);
#2093=EDGE_CURVE('',#2464,#2531,#2749,.F.);
#2094=EDGE_CURVE('',#2531,#2528,#426,.T.);
#2095=EDGE_CURVE('',#2529,#2530,#427,.T.);
#2096=EDGE_CURVE('',#2532,#2376,#164,.T.);
#2097=EDGE_CURVE('',#2532,#2489,#2750,.T.);
#2098=EDGE_CURVE('',#2533,#2373,#165,.T.);
#2099=EDGE_CURVE('',#2486,#2533,#2751,.F.);
#2100=EDGE_CURVE('',#2534,#2487,#2752,.T.);
#2101=EDGE_CURVE('',#2535,#2534,#428,.T.);
#2102=EDGE_CURVE('',#2488,#2535,#2753,.F.);
#2103=EDGE_CURVE('',#2535,#2532,#429,.T.);
#2104=EDGE_CURVE('',#2533,#2534,#430,.T.);
#2105=EDGE_CURVE('',#2536,#2371,#166,.T.);
#2106=EDGE_CURVE('',#2536,#2485,#2754,.T.);
#2107=EDGE_CURVE('',#2537,#2365,#167,.T.);
#2108=EDGE_CURVE('',#2482,#2537,#2755,.F.);
#2109=EDGE_CURVE('',#2538,#2483,#2756,.T.);
#2110=EDGE_CURVE('',#2539,#2538,#431,.T.);
#2111=EDGE_CURVE('',#2484,#2539,#2757,.F.);
#2112=EDGE_CURVE('',#2539,#2536,#432,.T.);
#2113=EDGE_CURVE('',#2537,#2538,#433,.T.);
#2114=EDGE_CURVE('',#2540,#2368,#168,.T.);
#2115=EDGE_CURVE('',#2540,#2477,#2758,.T.);
#2116=EDGE_CURVE('',#2541,#2391,#169,.T.);
#2117=EDGE_CURVE('',#2474,#2541,#2759,.F.);
#2118=EDGE_CURVE('',#2542,#2475,#2760,.T.);
#2119=EDGE_CURVE('',#2543,#2542,#434,.T.);
#2120=EDGE_CURVE('',#2476,#2543,#2761,.F.);
#2121=EDGE_CURVE('',#2543,#2540,#435,.T.);
#2122=EDGE_CURVE('',#2541,#2542,#436,.T.);
#2123=EDGE_CURVE('',#2544,#2363,#170,.T.);
#2124=EDGE_CURVE('',#2544,#2481,#2762,.T.);
#2125=EDGE_CURVE('',#2545,#2367,#171,.T.);
#2126=EDGE_CURVE('',#2478,#2545,#2763,.F.);
#2127=EDGE_CURVE('',#2546,#2479,#2764,.T.);
#2128=EDGE_CURVE('',#2547,#2546,#437,.T.);
#2129=EDGE_CURVE('',#2480,#2547,#2765,.F.);
#2130=EDGE_CURVE('',#2547,#2544,#438,.T.);
#2131=EDGE_CURVE('',#2545,#2546,#439,.T.);
#2132=EDGE_CURVE('',#2548,#2360,#172,.T.);
#2133=EDGE_CURVE('',#2548,#2429,#2766,.T.);
#2134=EDGE_CURVE('',#2549,#2353,#173,.T.);
#2135=EDGE_CURVE('',#2426,#2549,#2767,.F.);
#2136=EDGE_CURVE('',#2550,#2427,#2768,.T.);
#2137=EDGE_CURVE('',#2551,#2550,#440,.T.);
#2138=EDGE_CURVE('',#2428,#2551,#2769,.F.);
#2139=EDGE_CURVE('',#2551,#2548,#441,.T.);
#2140=EDGE_CURVE('',#2549,#2550,#442,.T.);
#2141=EDGE_CURVE('',#2552,#2355,#174,.T.);
#2142=EDGE_CURVE('',#2552,#2433,#2770,.T.);
#2143=EDGE_CURVE('',#2553,#2359,#175,.T.);
#2144=EDGE_CURVE('',#2430,#2553,#2771,.F.);
#2145=EDGE_CURVE('',#2554,#2431,#2772,.T.);
#2146=EDGE_CURVE('',#2555,#2554,#443,.T.);
#2147=EDGE_CURVE('',#2432,#2555,#2773,.F.);
#2148=EDGE_CURVE('',#2555,#2552,#444,.T.);
#2149=EDGE_CURVE('',#2553,#2554,#445,.T.);
#2150=EDGE_CURVE('',#2556,#2351,#176,.T.);
#2151=EDGE_CURVE('',#2556,#2425,#2774,.T.);
#2152=EDGE_CURVE('',#2557,#2349,#177,.T.);
#2153=EDGE_CURVE('',#2422,#2557,#2775,.F.);
#2154=EDGE_CURVE('',#2558,#2423,#2776,.T.);
#2155=EDGE_CURVE('',#2559,#2558,#446,.T.);
#2156=EDGE_CURVE('',#2424,#2559,#2777,.F.);
#2157=EDGE_CURVE('',#2559,#2556,#447,.T.);
#2158=EDGE_CURVE('',#2557,#2558,#448,.T.);
#2159=EDGE_CURVE('',#2560,#2347,#178,.T.);
#2160=EDGE_CURVE('',#2560,#2420,#2778,.T.);
#2161=EDGE_CURVE('',#2561,#2375,#179,.T.);
#2162=EDGE_CURVE('',#2490,#2561,#2779,.F.);
#2163=EDGE_CURVE('',#2562,#2491,#2780,.T.);
#2164=EDGE_CURVE('',#2563,#2562,#449,.T.);
#2165=EDGE_CURVE('',#2421,#2563,#2781,.F.);
#2166=EDGE_CURVE('',#2563,#2560,#450,.T.);
#2167=EDGE_CURVE('',#2561,#2562,#451,.T.);
#2168=EDGE_CURVE('',#2346,#2223,#452,.T.);
#2169=EDGE_CURVE('',#2564,#2564,#453,.F.);
#2170=EDGE_CURVE('',#2565,#2565,#454,.T.);
#2171=EDGE_CURVE('',#2566,#2566,#455,.T.);
#2172=EDGE_CURVE('',#2567,#2567,#456,.T.);
#2173=EDGE_CURVE('',#2568,#2568,#457,.T.);
#2174=EDGE_CURVE('',#2569,#2569,#458,.T.);
#2175=EDGE_CURVE('',#2346,#2570,#2782,.T.);
#2176=EDGE_CURVE('',#2570,#2571,#459,.T.);
#2177=EDGE_CURVE('',#2571,#2223,#2783,.F.);
#2178=EDGE_CURVE('',#2572,#2573,#460,.T.);
#2179=EDGE_CURVE('',#2572,#2574,#2784,.F.);
#2180=EDGE_CURVE('',#2574,#2575,#461,.T.);
#2181=EDGE_CURVE('',#2575,#2573,#2785,.T.);
#2182=EDGE_CURVE('',#2576,#2577,#2786,.F.);
#2183=EDGE_CURVE('',#2577,#2572,#462,.F.);
#2184=EDGE_CURVE('',#2573,#2578,#463,.F.);
#2185=EDGE_CURVE('',#2578,#2579,#2787,.T.);
#2186=EDGE_CURVE('',#2579,#2576,#464,.T.);
#2187=EDGE_CURVE('',#2580,#2581,#2788,.F.);
#2188=EDGE_CURVE('',#2581,#2582,#465,.F.);
#2189=EDGE_CURVE('',#2582,#2583,#2789,.T.);
#2190=EDGE_CURVE('',#2583,#2580,#466,.F.);
#2191=EDGE_CURVE('',#2584,#2585,#2790,.T.);
#2192=EDGE_CURVE('',#2584,#2586,#467,.T.);
#2193=EDGE_CURVE('',#2586,#2587,#2791,.T.);
#2194=EDGE_CURVE('',#2587,#2571,#468,.F.);
#2195=EDGE_CURVE('',#2570,#2585,#469,.F.);
#2196=EDGE_CURVE('',#2588,#2589,#2792,.T.);
#2197=EDGE_CURVE('',#2589,#2584,#470,.T.);
#2198=EDGE_CURVE('',#2585,#2590,#2793,.F.);
#2199=EDGE_CURVE('',#2590,#2588,#2794,.T.);
#2200=EDGE_CURVE('',#2586,#2591,#471,.F.);
#2201=EDGE_CURVE('',#2591,#2592,#2795,.T.);
#2202=EDGE_CURVE('',#2592,#2593,#2796,.F.);
#2203=EDGE_CURVE('',#2593,#2587,#2797,.F.);
#2204=EDGE_CURVE('',#2594,#2575,#180,.T.);
#2205=EDGE_CURVE('',#2594,#2224,#181,.T.);
#2206=EDGE_CURVE('',#2578,#2593,#82,.T.);
#2207=EDGE_CURVE('',#2595,#2574,#182,.T.);
#2208=EDGE_CURVE('',#2595,#2594,#472,.T.);
#2209=EDGE_CURVE('',#2579,#2592,#473,.T.);
#2210=EDGE_CURVE('',#2590,#2577,#83,.T.);
#2211=EDGE_CURVE('',#2345,#2595,#183,.T.);
#2212=EDGE_CURVE('',#2580,#2592,#474,.F.);
#2213=EDGE_CURVE('',#2579,#2580,#475,.F.);
#2214=EDGE_CURVE('',#2576,#2583,#476,.T.);
#2215=EDGE_CURVE('',#2588,#2576,#477,.T.);
#2216=EDGE_CURVE('',#2581,#2591,#184,.F.);
#2217=EDGE_CURVE('',#2588,#2583,#478,.F.);
#2218=EDGE_CURVE('',#2582,#2589,#185,.F.);
#2219=EDGE_CURVE('',#2596,#2596,#479,.T.);
#2220=EDGE_CURVE('',#2597,#2597,#480,.T.);
#2221=EDGE_CURVE('',#2598,#2598,#481,.T.);
#2222=EDGE_CURVE('',#2599,#2599,#482,.T.);
#2223=VERTEX_POINT('',#5393);
#2224=VERTEX_POINT('',#5394);
#2225=VERTEX_POINT('',#5396);
#2226=VERTEX_POINT('',#5398);
#2227=VERTEX_POINT('',#5402);
#2228=VERTEX_POINT('',#5403);
#2229=VERTEX_POINT('',#5405);
#2230=VERTEX_POINT('',#5407);
#2231=VERTEX_POINT('',#5411);
#2232=VERTEX_POINT('',#5412);
#2233=VERTEX_POINT('',#5414);
#2234=VERTEX_POINT('',#5416);
#2235=VERTEX_POINT('',#5420);
#2236=VERTEX_POINT('',#5421);
#2237=VERTEX_POINT('',#5423);
#2238=VERTEX_POINT('',#5425);
#2239=VERTEX_POINT('',#5430);
#2240=VERTEX_POINT('',#5432);
#2241=VERTEX_POINT('',#5436);
#2242=VERTEX_POINT('',#5437);
#2243=VERTEX_POINT('',#5439);
#2244=VERTEX_POINT('',#5441);
#2245=VERTEX_POINT('',#5446);
#2246=VERTEX_POINT('',#5447);
#2247=VERTEX_POINT('',#5449);
#2248=VERTEX_POINT('',#5451);
#2249=VERTEX_POINT('',#5455);
#2250=VERTEX_POINT('',#5456);
#2251=VERTEX_POINT('',#5458);
#2252=VERTEX_POINT('',#5460);
#2253=VERTEX_POINT('',#5462);
#2254=VERTEX_POINT('',#5464);
#2255=VERTEX_POINT('',#5468);
#2256=VERTEX_POINT('',#5470);
#2257=VERTEX_POINT('',#5474);
#2258=VERTEX_POINT('',#5475);
#2259=VERTEX_POINT('',#5478);
#2260=VERTEX_POINT('',#5482);
#2261=VERTEX_POINT('',#5484);
#2262=VERTEX_POINT('',#5486);
#2263=VERTEX_POINT('',#5515);
#2264=VERTEX_POINT('',#5531);
#2265=VERTEX_POINT('',#5547);
#2266=VERTEX_POINT('',#5549);
#2267=VERTEX_POINT('',#5553);
#2268=VERTEX_POINT('',#5554);
#2269=VERTEX_POINT('',#5556);
#2270=VERTEX_POINT('',#5558);
#2271=VERTEX_POINT('',#5563);
#2272=VERTEX_POINT('',#5564);
#2273=VERTEX_POINT('',#5566);
#2274=VERTEX_POINT('',#5568);
#2275=VERTEX_POINT('',#5572);
#2276=VERTEX_POINT('',#5573);
#2277=VERTEX_POINT('',#5575);
#2278=VERTEX_POINT('',#5577);
#2279=VERTEX_POINT('',#5579);
#2280=VERTEX_POINT('',#5581);
#2281=VERTEX_POINT('',#5585);
#2282=VERTEX_POINT('',#5587);
#2283=VERTEX_POINT('',#5591);
#2284=VERTEX_POINT('',#5592);
#2285=VERTEX_POINT('',#5595);
#2286=VERTEX_POINT('',#5599);
#2287=VERTEX_POINT('',#5601);
#2288=VERTEX_POINT('',#5603);
#2289=VERTEX_POINT('',#5632);
#2290=VERTEX_POINT('',#5648);
#2291=VERTEX_POINT('',#5664);
#2292=VERTEX_POINT('',#5666);
#2293=VERTEX_POINT('',#5670);
#2294=VERTEX_POINT('',#5671);
#2295=VERTEX_POINT('',#5673);
#2296=VERTEX_POINT('',#5675);
#2297=VERTEX_POINT('',#5680);
#2298=VERTEX_POINT('',#5681);
#2299=VERTEX_POINT('',#5683);
#2300=VERTEX_POINT('',#5685);
#2301=VERTEX_POINT('',#5689);
#2302=VERTEX_POINT('',#5690);
#2303=VERTEX_POINT('',#5692);
#2304=VERTEX_POINT('',#5694);
#2305=VERTEX_POINT('',#5696);
#2306=VERTEX_POINT('',#5698);
#2307=VERTEX_POINT('',#5702);
#2308=VERTEX_POINT('',#5704);
#2309=VERTEX_POINT('',#5708);
#2310=VERTEX_POINT('',#5709);
#2311=VERTEX_POINT('',#5712);
#2312=VERTEX_POINT('',#5716);
#2313=VERTEX_POINT('',#5718);
#2314=VERTEX_POINT('',#5720);
#2315=VERTEX_POINT('',#5749);
#2316=VERTEX_POINT('',#5765);
#2317=VERTEX_POINT('',#5780);
#2318=VERTEX_POINT('',#5782);
#2319=VERTEX_POINT('',#5784);
#2320=VERTEX_POINT('',#5788);
#2321=VERTEX_POINT('',#5789);
#2322=VERTEX_POINT('',#5791);
#2323=VERTEX_POINT('',#5793);
#2324=VERTEX_POINT('',#5798);
#2325=VERTEX_POINT('',#5799);
#2326=VERTEX_POINT('',#5801);
#2327=VERTEX_POINT('',#5803);
#2328=VERTEX_POINT('',#5807);
#2329=VERTEX_POINT('',#5808);
#2330=VERTEX_POINT('',#5810);
#2331=VERTEX_POINT('',#5812);
#2332=VERTEX_POINT('',#5814);
#2333=VERTEX_POINT('',#5816);
#2334=VERTEX_POINT('',#5820);
#2335=VERTEX_POINT('',#5822);
#2336=VERTEX_POINT('',#5826);
#2337=VERTEX_POINT('',#5827);
#2338=VERTEX_POINT('',#5830);
#2339=VERTEX_POINT('',#5834);
#2340=VERTEX_POINT('',#5836);
#2341=VERTEX_POINT('',#5838);
#2342=VERTEX_POINT('',#5867);
#2343=VERTEX_POINT('',#5883);
#2344=VERTEX_POINT('',#5888);
#2345=VERTEX_POINT('',#5900);
#2346=VERTEX_POINT('',#5902);
#2347=VERTEX_POINT('',#5906);
#2348=VERTEX_POINT('',#5907);
#2349=VERTEX_POINT('',#5909);
#2350=VERTEX_POINT('',#5911);
#2351=VERTEX_POINT('',#5915);
#2352=VERTEX_POINT('',#5916);
#2353=VERTEX_POINT('',#5918);
#2354=VERTEX_POINT('',#5920);
#2355=VERTEX_POINT('',#5924);
#2356=VERTEX_POINT('',#5925);
#2357=VERTEX_POINT('',#5927);
#2358=VERTEX_POINT('',#5929);
#2359=VERTEX_POINT('',#5933);
#2360=VERTEX_POINT('',#5934);
#2361=VERTEX_POINT('',#5936);
#2362=VERTEX_POINT('',#5938);
#2363=VERTEX_POINT('',#5942);
#2364=VERTEX_POINT('',#5943);
#2365=VERTEX_POINT('',#5945);
#2366=VERTEX_POINT('',#5947);
#2367=VERTEX_POINT('',#5951);
#2368=VERTEX_POINT('',#5952);
#2369=VERTEX_POINT('',#5954);
#2370=VERTEX_POINT('',#5956);
#2371=VERTEX_POINT('',#5960);
#2372=VERTEX_POINT('',#5961);
#2373=VERTEX_POINT('',#5963);
#2374=VERTEX_POINT('',#5965);
#2375=VERTEX_POINT('',#5969);
#2376=VERTEX_POINT('',#5970);
#2377=VERTEX_POINT('',#5972);
#2378=VERTEX_POINT('',#5974);
#2379=VERTEX_POINT('',#5978);
#2380=VERTEX_POINT('',#5979);
#2381=VERTEX_POINT('',#5981);
#2382=VERTEX_POINT('',#5983);
#2383=VERTEX_POINT('',#5987);
#2384=VERTEX_POINT('',#5988);
#2385=VERTEX_POINT('',#5990);
#2386=VERTEX_POINT('',#5992);
#2387=VERTEX_POINT('',#5996);
#2388=VERTEX_POINT('',#5997);
#2389=VERTEX_POINT('',#5999);
#2390=VERTEX_POINT('',#6001);
#2391=VERTEX_POINT('',#6005);
#2392=VERTEX_POINT('',#6006);
#2393=VERTEX_POINT('',#6008);
#2394=VERTEX_POINT('',#6010);
#2395=VERTEX_POINT('',#6014);
#2396=VERTEX_POINT('',#6015);
#2397=VERTEX_POINT('',#6017);
#2398=VERTEX_POINT('',#6019);
#2399=VERTEX_POINT('',#6023);
#2400=VERTEX_POINT('',#6024);
#2401=VERTEX_POINT('',#6026);
#2402=VERTEX_POINT('',#6028);
#2403=VERTEX_POINT('',#6032);
#2404=VERTEX_POINT('',#6033);
#2405=VERTEX_POINT('',#6035);
#2406=VERTEX_POINT('',#6037);
#2407=VERTEX_POINT('',#6041);
#2408=VERTEX_POINT('',#6042);
#2409=VERTEX_POINT('',#6044);
#2410=VERTEX_POINT('',#6046);
#2411=VERTEX_POINT('',#6050);
#2412=VERTEX_POINT('',#6051);
#2413=VERTEX_POINT('',#6053);
#2414=VERTEX_POINT('',#6055);
#2415=VERTEX_POINT('',#6059);
#2416=VERTEX_POINT('',#6060);
#2417=VERTEX_POINT('',#6062);
#2418=VERTEX_POINT('',#6064);
#2419=VERTEX_POINT('',#6068);
#2420=VERTEX_POINT('',#6070);
#2421=VERTEX_POINT('',#6071);
#2422=VERTEX_POINT('',#6142);
#2423=VERTEX_POINT('',#6144);
#2424=VERTEX_POINT('',#6146);
#2425=VERTEX_POINT('',#6148);
#2426=VERTEX_POINT('',#6219);
#2427=VERTEX_POINT('',#6221);
#2428=VERTEX_POINT('',#6223);
#2429=VERTEX_POINT('',#6225);
#2430=VERTEX_POINT('',#6296);
#2431=VERTEX_POINT('',#6298);
#2432=VERTEX_POINT('',#6300);
#2433=VERTEX_POINT('',#6302);
#2434=VERTEX_POINT('',#6373);
#2435=VERTEX_POINT('',#6375);
#2436=VERTEX_POINT('',#6377);
#2437=VERTEX_POINT('',#6379);
#2438=VERTEX_POINT('',#6450);
#2439=VERTEX_POINT('',#6452);
#2440=VERTEX_POINT('',#6454);
#2441=VERTEX_POINT('',#6456);
#2442=VERTEX_POINT('',#6527);
#2443=VERTEX_POINT('',#6529);
#2444=VERTEX_POINT('',#6531);
#2445=VERTEX_POINT('',#6533);
#2446=VERTEX_POINT('',#6604);
#2447=VERTEX_POINT('',#6606);
#2448=VERTEX_POINT('',#6608);
#2449=VERTEX_POINT('',#6610);
#2450=VERTEX_POINT('',#6681);
#2451=VERTEX_POINT('',#6683);
#2452=VERTEX_POINT('',#6685);
#2453=VERTEX_POINT('',#6687);
#2454=VERTEX_POINT('',#6758);
#2455=VERTEX_POINT('',#6760);
#2456=VERTEX_POINT('',#6762);
#2457=VERTEX_POINT('',#6764);
#2458=VERTEX_POINT('',#6835);
#2459=VERTEX_POINT('',#6837);
#2460=VERTEX_POINT('',#6839);
#2461=VERTEX_POINT('',#6841);
#2462=VERTEX_POINT('',#6912);
#2463=VERTEX_POINT('',#6914);
#2464=VERTEX_POINT('',#6916);
#2465=VERTEX_POINT('',#6918);
#2466=VERTEX_POINT('',#6989);
#2467=VERTEX_POINT('',#6991);
#2468=VERTEX_POINT('',#6993);
#2469=VERTEX_POINT('',#6995);
#2470=VERTEX_POINT('',#7066);
#2471=VERTEX_POINT('',#7068);
#2472=VERTEX_POINT('',#7070);
#2473=VERTEX_POINT('',#7072);
#2474=VERTEX_POINT('',#7143);
#2475=VERTEX_POINT('',#7145);
#2476=VERTEX_POINT('',#7147);
#2477=VERTEX_POINT('',#7149);
#2478=VERTEX_POINT('',#7220);
#2479=VERTEX_POINT('',#7222);
#2480=VERTEX_POINT('',#7224);
#2481=VERTEX_POINT('',#7226);
#2482=VERTEX_POINT('',#7297);
#2483=VERTEX_POINT('',#7299);
#2484=VERTEX_POINT('',#7301);
#2485=VERTEX_POINT('',#7303);
#2486=VERTEX_POINT('',#7374);
#2487=VERTEX_POINT('',#7376);
#2488=VERTEX_POINT('',#7378);
#2489=VERTEX_POINT('',#7380);
#2490=VERTEX_POINT('',#7451);
#2491=VERTEX_POINT('',#7453);
#2492=VERTEX_POINT('',#7518);
#2493=VERTEX_POINT('',#7583);
#2494=VERTEX_POINT('',#7587);
#2495=VERTEX_POINT('',#7589);
#2496=VERTEX_POINT('',#7658);
#2497=VERTEX_POINT('',#7723);
#2498=VERTEX_POINT('',#7727);
#2499=VERTEX_POINT('',#7729);
#2500=VERTEX_POINT('',#7798);
#2501=VERTEX_POINT('',#7863);
#2502=VERTEX_POINT('',#7867);
#2503=VERTEX_POINT('',#7869);
#2504=VERTEX_POINT('',#7938);
#2505=VERTEX_POINT('',#8003);
#2506=VERTEX_POINT('',#8007);
#2507=VERTEX_POINT('',#8009);
#2508=VERTEX_POINT('',#8078);
#2509=VERTEX_POINT('',#8143);
#2510=VERTEX_POINT('',#8147);
#2511=VERTEX_POINT('',#8149);
#2512=VERTEX_POINT('',#8218);
#2513=VERTEX_POINT('',#8283);
#2514=VERTEX_POINT('',#8287);
#2515=VERTEX_POINT('',#8289);
#2516=VERTEX_POINT('',#8358);
#2517=VERTEX_POINT('',#8423);
#2518=VERTEX_POINT('',#8427);
#2519=VERTEX_POINT('',#8429);
#2520=VERTEX_POINT('',#8498);
#2521=VERTEX_POINT('',#8563);
#2522=VERTEX_POINT('',#8567);
#2523=VERTEX_POINT('',#8569);
#2524=VERTEX_POINT('',#8638);
#2525=VERTEX_POINT('',#8703);
#2526=VERTEX_POINT('',#8707);
#2527=VERTEX_POINT('',#8709);
#2528=VERTEX_POINT('',#8778);
#2529=VERTEX_POINT('',#8843);
#2530=VERTEX_POINT('',#8847);
#2531=VERTEX_POINT('',#8849);
#2532=VERTEX_POINT('',#8918);
#2533=VERTEX_POINT('',#8983);
#2534=VERTEX_POINT('',#8987);
#2535=VERTEX_POINT('',#8989);
#2536=VERTEX_POINT('',#9058);
#2537=VERTEX_POINT('',#9123);
#2538=VERTEX_POINT('',#9127);
#2539=VERTEX_POINT('',#9129);
#2540=VERTEX_POINT('',#9198);
#2541=VERTEX_POINT('',#9263);
#2542=VERTEX_POINT('',#9267);
#2543=VERTEX_POINT('',#9269);
#2544=VERTEX_POINT('',#9338);
#2545=VERTEX_POINT('',#9403);
#2546=VERTEX_POINT('',#9407);
#2547=VERTEX_POINT('',#9409);
#2548=VERTEX_POINT('',#9478);
#2549=VERTEX_POINT('',#9543);
#2550=VERTEX_POINT('',#9547);
#2551=VERTEX_POINT('',#9549);
#2552=VERTEX_POINT('',#9618);
#2553=VERTEX_POINT('',#9683);
#2554=VERTEX_POINT('',#9687);
#2555=VERTEX_POINT('',#9689);
#2556=VERTEX_POINT('',#9758);
#2557=VERTEX_POINT('',#9823);
#2558=VERTEX_POINT('',#9827);
#2559=VERTEX_POINT('',#9829);
#2560=VERTEX_POINT('',#9898);
#2561=VERTEX_POINT('',#9963);
#2562=VERTEX_POINT('',#9967);
#2563=VERTEX_POINT('',#9969);
#2564=VERTEX_POINT('',#9979);
#2565=VERTEX_POINT('',#9981);
#2566=VERTEX_POINT('',#9983);
#2567=VERTEX_POINT('',#9985);
#2568=VERTEX_POINT('',#9987);
#2569=VERTEX_POINT('',#9989);
#2570=VERTEX_POINT('',#9992);
#2571=VERTEX_POINT('',#9994);
#2572=VERTEX_POINT('',#9998);
#2573=VERTEX_POINT('',#9999);
#2574=VERTEX_POINT('',#10001);
#2575=VERTEX_POINT('',#10003);
#2576=VERTEX_POINT('',#10007);
#2577=VERTEX_POINT('',#10008);
#2578=VERTEX_POINT('',#10011);
#2579=VERTEX_POINT('',#10013);
#2580=VERTEX_POINT('',#10017);
#2581=VERTEX_POINT('',#10018);
#2582=VERTEX_POINT('',#10020);
#2583=VERTEX_POINT('',#10022);
#2584=VERTEX_POINT('',#10026);
#2585=VERTEX_POINT('',#10027);
#2586=VERTEX_POINT('',#10029);
#2587=VERTEX_POINT('',#10031);
#2588=VERTEX_POINT('',#10036);
#2589=VERTEX_POINT('',#10037);
#2590=VERTEX_POINT('',#10040);
#2591=VERTEX_POINT('',#10044);
#2592=VERTEX_POINT('',#10046);
#2593=VERTEX_POINT('',#10048);
#2594=VERTEX_POINT('',#10058);
#2595=VERTEX_POINT('',#10072);
#2596=VERTEX_POINT('',#10109);
#2597=VERTEX_POINT('',#10113);
#2598=VERTEX_POINT('',#10117);
#2599=VERTEX_POINT('',#10121);
#2600=LINE('',#5392,#2798);
#2601=LINE('',#5397,#2799);
#2602=LINE('',#5401,#2800);
#2603=LINE('',#5406,#2801);
#2604=LINE('',#5410,#2802);
#2605=LINE('',#5415,#2803);
#2606=LINE('',#5419,#2804);
#2607=LINE('',#5424,#2805);
#2608=LINE('',#5429,#2806);
#2609=LINE('',#5433,#2807);
#2610=LINE('',#5435,#2808);
#2611=LINE('',#5440,#2809);
#2612=LINE('',#5445,#2810);
#2613=LINE('',#5450,#2811);
#2614=LINE('',#5454,#2812);
#2615=LINE('',#5463,#2813);
#2616=LINE('',#5467,#2814);
#2617=LINE('',#5471,#2815);
#2618=LINE('',#5473,#2816);
#2619=LINE('',#5477,#2817);
#2620=LINE('',#5479,#2818);
#2621=LINE('',#5483,#2819);
#2622=LINE('',#5485,#2820);
#2623=LINE('',#5487,#2821);
#2624=LINE('',#5546,#2822);
#2625=LINE('',#5550,#2823);
#2626=LINE('',#5552,#2824);
#2627=LINE('',#5557,#2825);
#2628=LINE('',#5562,#2826);
#2629=LINE('',#5567,#2827);
#2630=LINE('',#5571,#2828);
#2631=LINE('',#5580,#2829);
#2632=LINE('',#5584,#2830);
#2633=LINE('',#5588,#2831);
#2634=LINE('',#5590,#2832);
#2635=LINE('',#5594,#2833);
#2636=LINE('',#5596,#2834);
#2637=LINE('',#5600,#2835);
#2638=LINE('',#5602,#2836);
#2639=LINE('',#5604,#2837);
#2640=LINE('',#5663,#2838);
#2641=LINE('',#5667,#2839);
#2642=LINE('',#5669,#2840);
#2643=LINE('',#5674,#2841);
#2644=LINE('',#5679,#2842);
#2645=LINE('',#5684,#2843);
#2646=LINE('',#5688,#2844);
#2647=LINE('',#5697,#2845);
#2648=LINE('',#5701,#2846);
#2649=LINE('',#5705,#2847);
#2650=LINE('',#5707,#2848);
#2651=LINE('',#5711,#2849);
#2652=LINE('',#5713,#2850);
#2653=LINE('',#5717,#2851);
#2654=LINE('',#5719,#2852);
#2655=LINE('',#5721,#2853);
#2656=LINE('',#5781,#2854);
#2657=LINE('',#5785,#2855);
#2658=LINE('',#5787,#2856);
#2659=LINE('',#5792,#2857);
#2660=LINE('',#5797,#2858);
#2661=LINE('',#5802,#2859);
#2662=LINE('',#5806,#2860);
#2663=LINE('',#5815,#2861);
#2664=LINE('',#5819,#2862);
#2665=LINE('',#5823,#2863);
#2666=LINE('',#5825,#2864);
#2667=LINE('',#5829,#2865);
#2668=LINE('',#5831,#2866);
#2669=LINE('',#5835,#2867);
#2670=LINE('',#5837,#2868);
#2671=LINE('',#5839,#2869);
#2672=LINE('',#5889,#2870);
#2673=LINE('',#5901,#2871);
#2674=LINE('',#5905,#2872);
#2675=LINE('',#5910,#2873);
#2676=LINE('',#5914,#2874);
#2677=LINE('',#5919,#2875);
#2678=LINE('',#5923,#2876);
#2679=LINE('',#5928,#2877);
#2680=LINE('',#5935,#2878);
#2681=LINE('',#5939,#2879);
#2682=LINE('',#5941,#2880);
#2683=LINE('',#5946,#2881);
#2684=LINE('',#5953,#2882);
#2685=LINE('',#5957,#2883);
#2686=LINE('',#5959,#2884);
#2687=LINE('',#5964,#2885);
#2688=LINE('',#5971,#2886);
#2689=LINE('',#5975,#2887);
#2690=LINE('',#5977,#2888);
#2691=LINE('',#5982,#2889);
#2692=LINE('',#5989,#2890);
#2693=LINE('',#5993,#2891);
#2694=LINE('',#5995,#2892);
#2695=LINE('',#6000,#2893);
#2696=LINE('',#6007,#2894);
#2697=LINE('',#6011,#2895);
#2698=LINE('',#6016,#2896);
#2699=LINE('',#6020,#2897);
#2700=LINE('',#6025,#2898);
#2701=LINE('',#6029,#2899);
#2702=LINE('',#6031,#2900);
#2703=LINE('',#6036,#2901);
#2704=LINE('',#6043,#2902);
#2705=LINE('',#6047,#2903);
#2706=LINE('',#6052,#2904);
#2707=LINE('',#6056,#2905);
#2708=LINE('',#6061,#2906);
#2709=LINE('',#6065,#2907);
#2710=LINE('',#7519,#2908);
#2711=LINE('',#7584,#2909);
#2712=LINE('',#7586,#2910);
#2713=LINE('',#7590,#2911);
#2714=LINE('',#7659,#2912);
#2715=LINE('',#7724,#2913);
#2716=LINE('',#7726,#2914);
#2717=LINE('',#7730,#2915);
#2718=LINE('',#7799,#2916);
#2719=LINE('',#7864,#2917);
#2720=LINE('',#7866,#2918);
#2721=LINE('',#7870,#2919);
#2722=LINE('',#7939,#2920);
#2723=LINE('',#8004,#2921);
#2724=LINE('',#8006,#2922);
#2725=LINE('',#8010,#2923);
#2726=LINE('',#8079,#2924);
#2727=LINE('',#8144,#2925);
#2728=LINE('',#8146,#2926);
#2729=LINE('',#8150,#2927);
#2730=LINE('',#8219,#2928);
#2731=LINE('',#8284,#2929);
#2732=LINE('',#8286,#2930);
#2733=LINE('',#8290,#2931);
#2734=LINE('',#8359,#2932);
#2735=LINE('',#8424,#2933);
#2736=LINE('',#8426,#2934);
#2737=LINE('',#8430,#2935);
#2738=LINE('',#8499,#2936);
#2739=LINE('',#8564,#2937);
#2740=LINE('',#8566,#2938);
#2741=LINE('',#8570,#2939);
#2742=LINE('',#8639,#2940);
#2743=LINE('',#8704,#2941);
#2744=LINE('',#8706,#2942);
#2745=LINE('',#8710,#2943);
#2746=LINE('',#8779,#2944);
#2747=LINE('',#8844,#2945);
#2748=LINE('',#8846,#2946);
#2749=LINE('',#8850,#2947);
#2750=LINE('',#8919,#2948);
#2751=LINE('',#8984,#2949);
#2752=LINE('',#8986,#2950);
#2753=LINE('',#8990,#2951);
#2754=LINE('',#9059,#2952);
#2755=LINE('',#9124,#2953);
#2756=LINE('',#9126,#2954);
#2757=LINE('',#9130,#2955);
#2758=LINE('',#9199,#2956);
#2759=LINE('',#9264,#2957);
#2760=LINE('',#9266,#2958);
#2761=LINE('',#9270,#2959);
#2762=LINE('',#9339,#2960);
#2763=LINE('',#9404,#2961);
#2764=LINE('',#9406,#2962);
#2765=LINE('',#9410,#2963);
#2766=LINE('',#9479,#2964);
#2767=LINE('',#9544,#2965);
#2768=LINE('',#9546,#2966);
#2769=LINE('',#9550,#2967);
#2770=LINE('',#9619,#2968);
#2771=LINE('',#9684,#2969);
#2772=LINE('',#9686,#2970);
#2773=LINE('',#9690,#2971);
#2774=LINE('',#9759,#2972);
#2775=LINE('',#9824,#2973);
#2776=LINE('',#9826,#2974);
#2777=LINE('',#9830,#2975);
#2778=LINE('',#9899,#2976);
#2779=LINE('',#9964,#2977);
#2780=LINE('',#9966,#2978);
#2781=LINE('',#9970,#2979);
#2782=LINE('',#9991,#2980);
#2783=LINE('',#9995,#2981);
#2784=LINE('',#10000,#2982);
#2785=LINE('',#10004,#2983);
#2786=LINE('',#10006,#2984);
#2787=LINE('',#10012,#2985);
#2788=LINE('',#10016,#2986);
#2789=LINE('',#10021,#2987);
#2790=LINE('',#10025,#2988);
#2791=LINE('',#10030,#2989);
#2792=LINE('',#10035,#2990);
#2793=LINE('',#10039,#2991);
#2794=LINE('',#10041,#2992);
#2795=LINE('',#10045,#2993);
#2796=LINE('',#10047,#2994);
#2797=LINE('',#10049,#2995);
#2798=VECTOR('',#4274,1.);
#2799=VECTOR('',#4277,1.);
#2800=VECTOR('',#4282,1.);
#2801=VECTOR('',#4285,1.);
#2802=VECTOR('',#4290,1.);
#2803=VECTOR('',#4293,1.);
#2804=VECTOR('',#4298,1.);
#2805=VECTOR('',#4301,1.);
#2806=VECTOR('',#4308,1.);
#2807=VECTOR('',#4311,1.);
#2808=VECTOR('',#4314,1.);
#2809=VECTOR('',#4317,1.);
#2810=VECTOR('',#4324,1.);
#2811=VECTOR('',#4327,1.);
#2812=VECTOR('',#4332,1.);
#2813=VECTOR('',#4339,1.);
#2814=VECTOR('',#4344,1.);
#2815=VECTOR('',#4347,1.);
#2816=VECTOR('',#4350,1.);
#2817=VECTOR('',#4353,1.);
#2818=VECTOR('',#4354,1.);
#2819=VECTOR('',#4359,1.);
#2820=VECTOR('',#4360,1.);
#2821=VECTOR('',#4361,1.);
#2822=VECTOR('',#4406,1.);
#2823=VECTOR('',#4409,1.);
#2824=VECTOR('',#4412,1.);
#2825=VECTOR('',#4415,1.);
#2826=VECTOR('',#4422,1.);
#2827=VECTOR('',#4425,1.);
#2828=VECTOR('',#4430,1.);
#2829=VECTOR('',#4437,1.);
#2830=VECTOR('',#4442,1.);
#2831=VECTOR('',#4445,1.);
#2832=VECTOR('',#4448,1.);
#2833=VECTOR('',#4451,1.);
#2834=VECTOR('',#4452,1.);
#2835=VECTOR('',#4457,1.);
#2836=VECTOR('',#4458,1.);
#2837=VECTOR('',#4459,1.);
#2838=VECTOR('',#4504,1.);
#2839=VECTOR('',#4507,1.);
#2840=VECTOR('',#4510,1.);
#2841=VECTOR('',#4513,1.);
#2842=VECTOR('',#4520,1.);
#2843=VECTOR('',#4523,1.);
#2844=VECTOR('',#4528,1.);
#2845=VECTOR('',#4535,1.);
#2846=VECTOR('',#4540,1.);
#2847=VECTOR('',#4543,1.);
#2848=VECTOR('',#4546,1.);
#2849=VECTOR('',#4549,1.);
#2850=VECTOR('',#4550,1.);
#2851=VECTOR('',#4555,1.);
#2852=VECTOR('',#4556,1.);
#2853=VECTOR('',#4557,1.);
#2854=VECTOR('',#4602,1.);
#2855=VECTOR('',#4605,1.);
#2856=VECTOR('',#4608,1.);
#2857=VECTOR('',#4611,1.);
#2858=VECTOR('',#4618,1.);
#2859=VECTOR('',#4621,1.);
#2860=VECTOR('',#4626,1.);
#2861=VECTOR('',#4633,1.);
#2862=VECTOR('',#4638,1.);
#2863=VECTOR('',#4641,1.);
#2864=VECTOR('',#4644,1.);
#2865=VECTOR('',#4647,1.);
#2866=VECTOR('',#4648,1.);
#2867=VECTOR('',#4653,1.);
#2868=VECTOR('',#4654,1.);
#2869=VECTOR('',#4655,1.);
#2870=VECTOR('',#4680,1.);
#2871=VECTOR('',#4701,1.);
#2872=VECTOR('',#4706,1.);
#2873=VECTOR('',#4709,1.);
#2874=VECTOR('',#4714,1.);
#2875=VECTOR('',#4717,1.);
#2876=VECTOR('',#4722,1.);
#2877=VECTOR('',#4725,1.);
#2878=VECTOR('',#4732,1.);
#2879=VECTOR('',#4735,1.);
#2880=VECTOR('',#4738,1.);
#2881=VECTOR('',#4741,1.);
#2882=VECTOR('',#4748,1.);
#2883=VECTOR('',#4751,1.);
#2884=VECTOR('',#4754,1.);
#2885=VECTOR('',#4757,1.);
#2886=VECTOR('',#4764,1.);
#2887=VECTOR('',#4767,1.);
#2888=VECTOR('',#4770,1.);
#2889=VECTOR('',#4773,1.);
#2890=VECTOR('',#4780,1.);
#2891=VECTOR('',#4783,1.);
#2892=VECTOR('',#4786,1.);
#2893=VECTOR('',#4789,1.);
#2894=VECTOR('',#4796,1.);
#2895=VECTOR('',#4799,1.);
#2896=VECTOR('',#4804,1.);
#2897=VECTOR('',#4807,1.);
#2898=VECTOR('',#4812,1.);
#2899=VECTOR('',#4815,1.);
#2900=VECTOR('',#4818,1.);
#2901=VECTOR('',#4821,1.);
#2902=VECTOR('',#4828,1.);
#2903=VECTOR('',#4831,1.);
#2904=VECTOR('',#4836,1.);
#2905=VECTOR('',#4839,1.);
#2906=VECTOR('',#4844,1.);
#2907=VECTOR('',#4847,1.);
#2908=VECTOR('',#4960,1.);
#2909=VECTOR('',#4961,1.);
#2910=VECTOR('',#4964,1.);
#2911=VECTOR('',#4967,1.);
#2912=VECTOR('',#4976,1.);
#2913=VECTOR('',#4977,1.);
#2914=VECTOR('',#4980,1.);
#2915=VECTOR('',#4983,1.);
#2916=VECTOR('',#4992,1.);
#2917=VECTOR('',#4993,1.);
#2918=VECTOR('',#4996,1.);
#2919=VECTOR('',#4999,1.);
#2920=VECTOR('',#5008,1.);
#2921=VECTOR('',#5009,1.);
#2922=VECTOR('',#5012,1.);
#2923=VECTOR('',#5015,1.);
#2924=VECTOR('',#5024,1.);
#2925=VECTOR('',#5025,1.);
#2926=VECTOR('',#5028,1.);
#2927=VECTOR('',#5031,1.);
#2928=VECTOR('',#5040,1.);
#2929=VECTOR('',#5041,1.);
#2930=VECTOR('',#5044,1.);
#2931=VECTOR('',#5047,1.);
#2932=VECTOR('',#5056,1.);
#2933=VECTOR('',#5057,1.);
#2934=VECTOR('',#5060,1.);
#2935=VECTOR('',#5063,1.);
#2936=VECTOR('',#5072,1.);
#2937=VECTOR('',#5073,1.);
#2938=VECTOR('',#5076,1.);
#2939=VECTOR('',#5079,1.);
#2940=VECTOR('',#5088,1.);
#2941=VECTOR('',#5089,1.);
#2942=VECTOR('',#5092,1.);
#2943=VECTOR('',#5095,1.);
#2944=VECTOR('',#5104,1.);
#2945=VECTOR('',#5105,1.);
#2946=VECTOR('',#5108,1.);
#2947=VECTOR('',#5111,1.);
#2948=VECTOR('',#5120,1.);
#2949=VECTOR('',#5121,1.);
#2950=VECTOR('',#5124,1.);
#2951=VECTOR('',#5127,1.);
#2952=VECTOR('',#5136,1.);
#2953=VECTOR('',#5137,1.);
#2954=VECTOR('',#5140,1.);
#2955=VECTOR('',#5143,1.);
#2956=VECTOR('',#5152,1.);
#2957=VECTOR('',#5153,1.);
#2958=VECTOR('',#5156,1.);
#2959=VECTOR('',#5159,1.);
#2960=VECTOR('',#5168,1.);
#2961=VECTOR('',#5169,1.);
#2962=VECTOR('',#5172,1.);
#2963=VECTOR('',#5175,1.);
#2964=VECTOR('',#5184,1.);
#2965=VECTOR('',#5185,1.);
#2966=VECTOR('',#5188,1.);
#2967=VECTOR('',#5191,1.);
#2968=VECTOR('',#5200,1.);
#2969=VECTOR('',#5201,1.);
#2970=VECTOR('',#5204,1.);
#2971=VECTOR('',#5207,1.);
#2972=VECTOR('',#5216,1.);
#2973=VECTOR('',#5217,1.);
#2974=VECTOR('',#5220,1.);
#2975=VECTOR('',#5223,1.);
#2976=VECTOR('',#5232,1.);
#2977=VECTOR('',#5233,1.);
#2978=VECTOR('',#5236,1.);
#2979=VECTOR('',#5239,1.);
#2980=VECTOR('',#5268,1.);
#2981=VECTOR('',#5271,1.);
#2982=VECTOR('',#5276,1.);
#2983=VECTOR('',#5279,1.);
#2984=VECTOR('',#5282,1.);
#2985=VECTOR('',#5287,1.);
#2986=VECTOR('',#5292,1.);
#2987=VECTOR('',#5295,1.);
#2988=VECTOR('',#5300,1.);
#2989=VECTOR('',#5303,1.);
#2990=VECTOR('',#5310,1.);
#2991=VECTOR('',#5313,1.);
#2992=VECTOR('',#5314,1.);
#2993=VECTOR('',#5319,1.);
#2994=VECTOR('',#5320,1.);
#2995=VECTOR('',#5321,1.);
#2996=EDGE_LOOP('',(#483,#484,#485,#486));
#2997=EDGE_LOOP('',(#487,#488,#489,#490));
#2998=EDGE_LOOP('',(#491,#492,#493,#494));
#2999=EDGE_LOOP('',(#495,#496,#497,#498));
#3000=EDGE_LOOP('',(#499,#500,#501,#502));
#3001=EDGE_LOOP('',(#503,#504,#505,#506,#507,#508));
#3002=EDGE_LOOP('',(#509,#510,#511,#512));
#3003=EDGE_LOOP('',(#513,#514,#515,#516,#517,#518));
#3004=EDGE_LOOP('',(#519,#520,#521,#522));
#3005=EDGE_LOOP('',(#523,#524,#525,#526,#527));
#3006=EDGE_LOOP('',(#528,#529,#530,#531,#532));
#3007=EDGE_LOOP('',(#533,#534,#535,#536));
#3008=EDGE_LOOP('',(#537,#538,#539,#540));
#3009=EDGE_LOOP('',(#541,#542,#543,#544));
#3010=EDGE_LOOP('',(#545,#546,#547,#548));
#3011=EDGE_LOOP('',(#549,#550,#551,#552,#553,#554,#555,#556,#557));
#3012=EDGE_LOOP('',(#558,#559,#560,#561,#562,#563,#564,#565,#566));
#3013=EDGE_LOOP('',(#567,#568,#569,#570,#571,#572));
#3014=EDGE_LOOP('',(#573,#574,#575,#576));
#3015=EDGE_LOOP('',(#577,#578,#579,#580));
#3016=EDGE_LOOP('',(#581,#582,#583));
#3017=EDGE_LOOP('',(#584,#585,#586));
#3018=EDGE_LOOP('',(#587,#588,#589,#590));
#3019=EDGE_LOOP('',(#591,#592,#593,#594,#595,#596));
#3020=EDGE_LOOP('',(#597,#598,#599,#600));
#3021=EDGE_LOOP('',(#601,#602,#603,#604,#605,#606));
#3022=EDGE_LOOP('',(#607,#608,#609,#610));
#3023=EDGE_LOOP('',(#611,#612,#613,#614,#615));
#3024=EDGE_LOOP('',(#616,#617,#618,#619,#620));
#3025=EDGE_LOOP('',(#621,#622,#623,#624));
#3026=EDGE_LOOP('',(#625,#626,#627,#628));
#3027=EDGE_LOOP('',(#629,#630,#631,#632));
#3028=EDGE_LOOP('',(#633,#634,#635,#636));
#3029=EDGE_LOOP('',(#637,#638,#639,#640,#641,#642,#643,#644,#645));
#3030=EDGE_LOOP('',(#646,#647,#648,#649,#650,#651,#652,#653,#654));
#3031=EDGE_LOOP('',(#655,#656,#657,#658,#659,#660));
#3032=EDGE_LOOP('',(#661,#662,#663,#664));
#3033=EDGE_LOOP('',(#665,#666,#667,#668));
#3034=EDGE_LOOP('',(#669,#670,#671));
#3035=EDGE_LOOP('',(#672,#673,#674));
#3036=EDGE_LOOP('',(#675,#676,#677,#678));
#3037=EDGE_LOOP('',(#679,#680,#681,#682,#683,#684));
#3038=EDGE_LOOP('',(#685,#686,#687,#688));
#3039=EDGE_LOOP('',(#689,#690,#691,#692,#693,#694));
#3040=EDGE_LOOP('',(#695,#696,#697,#698));
#3041=EDGE_LOOP('',(#699,#700,#701,#702,#703));
#3042=EDGE_LOOP('',(#704,#705,#706,#707,#708));
#3043=EDGE_LOOP('',(#709,#710,#711,#712));
#3044=EDGE_LOOP('',(#713,#714,#715,#716));
#3045=EDGE_LOOP('',(#717,#718,#719,#720));
#3046=EDGE_LOOP('',(#721,#722,#723,#724));
#3047=EDGE_LOOP('',(#725,#726,#727,#728,#729,#730,#731,#732,#733));
#3048=EDGE_LOOP('',(#734,#735,#736,#737,#738,#739,#740,#741,#742));
#3049=EDGE_LOOP('',(#743,#744,#745,#746,#747,#748));
#3050=EDGE_LOOP('',(#749,#750,#751,#752));
#3051=EDGE_LOOP('',(#753,#754,#755,#756));
#3052=EDGE_LOOP('',(#757,#758,#759));
#3053=EDGE_LOOP('',(#760,#761,#762));
#3054=EDGE_LOOP('',(#763,#764,#765,#766));
#3055=EDGE_LOOP('',(#767,#768,#769,#770,#771,#772));
#3056=EDGE_LOOP('',(#773,#774,#775,#776));
#3057=EDGE_LOOP('',(#777,#778,#779,#780,#781,#782));
#3058=EDGE_LOOP('',(#783,#784,#785,#786));
#3059=EDGE_LOOP('',(#787,#788,#789,#790,#791));
#3060=EDGE_LOOP('',(#792,#793,#794,#795,#796));
#3061=EDGE_LOOP('',(#797,#798,#799,#800));
#3062=EDGE_LOOP('',(#801,#802,#803,#804));
#3063=EDGE_LOOP('',(#805,#806,#807,#808));
#3064=EDGE_LOOP('',(#809,#810,#811,#812));
#3065=EDGE_LOOP('',(#813,#814,#815,#816,#817,#818,#819,#820,#821));
#3066=EDGE_LOOP('',(#822,#823,#824,#825,#826,#827,#828,#829,#830));
#3067=EDGE_LOOP('',(#831,#832,#833,#834,#835,#836));
#3068=EDGE_LOOP('',(#837,#838,#839,#840));
#3069=EDGE_LOOP('',(#841,#842,#843,#844));
#3070=EDGE_LOOP('',(#845,#846,#847));
#3071=EDGE_LOOP('',(#848,#849,#850));
#3072=EDGE_LOOP('',(#851,#852,#853,#854));
#3073=EDGE_LOOP('',(#855,#856,#857,#858));
#3074=EDGE_LOOP('',(#859,#860,#861,#862));
#3075=EDGE_LOOP('',(#863,#864,#865,#866));
#3076=EDGE_LOOP('',(#867,#868,#869,#870));
#3077=EDGE_LOOP('',(#871,#872,#873,#874));
#3078=EDGE_LOOP('',(#875,#876,#877,#878));
#3079=EDGE_LOOP('',(#879,#880,#881,#882));
#3080=EDGE_LOOP('',(#883,#884,#885,#886));
#3081=EDGE_LOOP('',(#887,#888,#889,#890));
#3082=EDGE_LOOP('',(#891,#892,#893,#894));
#3083=EDGE_LOOP('',(#895,#896,#897,#898));
#3084=EDGE_LOOP('',(#899,#900,#901,#902));
#3085=EDGE_LOOP('',(#903,#904,#905,#906));
#3086=EDGE_LOOP('',(#907,#908,#909,#910));
#3087=EDGE_LOOP('',(#911,#912,#913,#914));
#3088=EDGE_LOOP('',(#915,#916,#917,#918));
#3089=EDGE_LOOP('',(#919,#920,#921,#922));
#3090=EDGE_LOOP('',(#923,#924,#925,#926));
#3091=EDGE_LOOP('',(#927));
#3092=EDGE_LOOP('',(#928,#929,#930,#931,#932,#933,#934,#935,#936,#937,#938,
#939,#940,#941,#942,#943,#944,#945,#946,#947,#948,#949,#950,#951,#952,#953,
#954,#955,#956,#957,#958,#959,#960,#961,#962,#963,#964,#965,#966,#967,#968,
#969,#970,#971,#972,#973,#974,#975,#976,#977,#978,#979,#980,#981,#982,#983,
#984,#985,#986,#987,#988,#989,#990,#991,#992,#993,#994,#995,#996,#997,#998,
#999,#1000,#1001,#1002,#1003,#1004,#1005,#1006,#1007,#1008,#1009,#1010,
#1011,#1012,#1013,#1014,#1015,#1016,#1017,#1018,#1019,#1020,#1021,#1022,
#1023,#1024,#1025,#1026,#1027,#1028,#1029,#1030,#1031,#1032,#1033,#1034,
#1035));
#3093=EDGE_LOOP('',(#1036,#1037,#1038,#1039));
#3094=EDGE_LOOP('',(#1040,#1041,#1042,#1043));
#3095=EDGE_LOOP('',(#1044,#1045,#1046,#1047));
#3096=EDGE_LOOP('',(#1048,#1049,#1050,#1051));
#3097=EDGE_LOOP('',(#1052,#1053,#1054,#1055));
#3098=EDGE_LOOP('',(#1056,#1057,#1058,#1059));
#3099=EDGE_LOOP('',(#1060,#1061,#1062,#1063));
#3100=EDGE_LOOP('',(#1064,#1065,#1066,#1067));
#3101=EDGE_LOOP('',(#1068,#1069,#1070,#1071));
#3102=EDGE_LOOP('',(#1072,#1073,#1074,#1075));
#3103=EDGE_LOOP('',(#1076,#1077,#1078,#1079));
#3104=EDGE_LOOP('',(#1080,#1081,#1082,#1083));
#3105=EDGE_LOOP('',(#1084,#1085,#1086,#1087));
#3106=EDGE_LOOP('',(#1088,#1089,#1090,#1091));
#3107=EDGE_LOOP('',(#1092,#1093,#1094,#1095));
#3108=EDGE_LOOP('',(#1096,#1097,#1098,#1099));
#3109=EDGE_LOOP('',(#1100,#1101,#1102,#1103));
#3110=EDGE_LOOP('',(#1104,#1105,#1106,#1107));
#3111=EDGE_LOOP('',(#1108,#1109,#1110,#1111));
#3112=EDGE_LOOP('',(#1112,#1113,#1114,#1115));
#3113=EDGE_LOOP('',(#1116,#1117,#1118,#1119));
#3114=EDGE_LOOP('',(#1120,#1121,#1122,#1123));
#3115=EDGE_LOOP('',(#1124,#1125,#1126,#1127));
#3116=EDGE_LOOP('',(#1128,#1129,#1130,#1131));
#3117=EDGE_LOOP('',(#1132,#1133,#1134,#1135));
#3118=EDGE_LOOP('',(#1136,#1137,#1138,#1139));
#3119=EDGE_LOOP('',(#1140,#1141,#1142,#1143));
#3120=EDGE_LOOP('',(#1144,#1145,#1146,#1147));
#3121=EDGE_LOOP('',(#1148,#1149,#1150,#1151));
#3122=EDGE_LOOP('',(#1152,#1153,#1154,#1155));
#3123=EDGE_LOOP('',(#1156,#1157,#1158,#1159));
#3124=EDGE_LOOP('',(#1160,#1161,#1162,#1163));
#3125=EDGE_LOOP('',(#1164,#1165,#1166,#1167));
#3126=EDGE_LOOP('',(#1168,#1169,#1170,#1171));
#3127=EDGE_LOOP('',(#1172,#1173,#1174,#1175));
#3128=EDGE_LOOP('',(#1176,#1177,#1178,#1179));
#3129=EDGE_LOOP('',(#1180,#1181,#1182,#1183));
#3130=EDGE_LOOP('',(#1184,#1185,#1186,#1187));
#3131=EDGE_LOOP('',(#1188,#1189,#1190,#1191));
#3132=EDGE_LOOP('',(#1192,#1193,#1194,#1195));
#3133=EDGE_LOOP('',(#1196,#1197,#1198,#1199));
#3134=EDGE_LOOP('',(#1200,#1201,#1202,#1203));
#3135=EDGE_LOOP('',(#1204,#1205,#1206,#1207));
#3136=EDGE_LOOP('',(#1208,#1209,#1210,#1211));
#3137=EDGE_LOOP('',(#1212,#1213,#1214,#1215));
#3138=EDGE_LOOP('',(#1216,#1217,#1218,#1219));
#3139=EDGE_LOOP('',(#1220,#1221,#1222,#1223));
#3140=EDGE_LOOP('',(#1224,#1225,#1226,#1227));
#3141=EDGE_LOOP('',(#1228,#1229,#1230,#1231));
#3142=EDGE_LOOP('',(#1232,#1233,#1234,#1235));
#3143=EDGE_LOOP('',(#1236,#1237,#1238,#1239));
#3144=EDGE_LOOP('',(#1240,#1241,#1242,#1243));
#3145=EDGE_LOOP('',(#1244,#1245,#1246,#1247));
#3146=EDGE_LOOP('',(#1248,#1249,#1250,#1251));
#3147=EDGE_LOOP('',(#1252,#1253,#1254,#1255));
#3148=EDGE_LOOP('',(#1256,#1257,#1258,#1259));
#3149=EDGE_LOOP('',(#1260,#1261,#1262,#1263));
#3150=EDGE_LOOP('',(#1264,#1265,#1266,#1267));
#3151=EDGE_LOOP('',(#1268,#1269,#1270,#1271));
#3152=EDGE_LOOP('',(#1272,#1273,#1274,#1275));
#3153=EDGE_LOOP('',(#1276,#1277,#1278,#1279));
#3154=EDGE_LOOP('',(#1280,#1281,#1282,#1283));
#3155=EDGE_LOOP('',(#1284,#1285,#1286,#1287));
#3156=EDGE_LOOP('',(#1288,#1289,#1290,#1291));
#3157=EDGE_LOOP('',(#1292,#1293,#1294,#1295));
#3158=EDGE_LOOP('',(#1296,#1297,#1298,#1299));
#3159=EDGE_LOOP('',(#1300,#1301,#1302,#1303));
#3160=EDGE_LOOP('',(#1304,#1305,#1306,#1307));
#3161=EDGE_LOOP('',(#1308,#1309,#1310,#1311));
#3162=EDGE_LOOP('',(#1312,#1313,#1314,#1315));
#3163=EDGE_LOOP('',(#1316,#1317,#1318,#1319));
#3164=EDGE_LOOP('',(#1320,#1321,#1322,#1323));
#3165=EDGE_LOOP('',(#1324,#1325,#1326,#1327));
#3166=EDGE_LOOP('',(#1328,#1329,#1330,#1331));
#3167=EDGE_LOOP('',(#1332,#1333,#1334,#1335));
#3168=EDGE_LOOP('',(#1336,#1337,#1338,#1339));
#3169=EDGE_LOOP('',(#1340,#1341,#1342,#1343));
#3170=EDGE_LOOP('',(#1344,#1345,#1346,#1347));
#3171=EDGE_LOOP('',(#1348,#1349,#1350,#1351));
#3172=EDGE_LOOP('',(#1352,#1353,#1354,#1355));
#3173=EDGE_LOOP('',(#1356,#1357,#1358,#1359));
#3174=EDGE_LOOP('',(#1360,#1361,#1362,#1363));
#3175=EDGE_LOOP('',(#1364,#1365,#1366,#1367));
#3176=EDGE_LOOP('',(#1368,#1369,#1370,#1371));
#3177=EDGE_LOOP('',(#1372,#1373,#1374,#1375));
#3178=EDGE_LOOP('',(#1376,#1377,#1378,#1379));
#3179=EDGE_LOOP('',(#1380,#1381,#1382,#1383));
#3180=EDGE_LOOP('',(#1384,#1385,#1386,#1387));
#3181=EDGE_LOOP('',(#1388,#1389,#1390,#1391));
#3182=EDGE_LOOP('',(#1392,#1393,#1394,#1395));
#3183=EDGE_LOOP('',(#1396,#1397,#1398,#1399,#1400,#1401,#1402,#1403,#1404,
#1405,#1406,#1407,#1408,#1409,#1410,#1411,#1412,#1413,#1414,#1415,#1416,
#1417,#1418,#1419,#1420,#1421,#1422,#1423,#1424,#1425,#1426,#1427,#1428,
#1429,#1430,#1431,#1432,#1433,#1434,#1435,#1436,#1437,#1438,#1439,#1440,
#1441,#1442,#1443,#1444,#1445,#1446,#1447,#1448,#1449,#1450,#1451,#1452,
#1453,#1454,#1455,#1456,#1457,#1458,#1459,#1460,#1461,#1462,#1463,#1464,
#1465,#1466,#1467,#1468,#1469,#1470,#1471,#1472,#1473,#1474,#1475,#1476,
#1477,#1478,#1479,#1480,#1481,#1482,#1483,#1484,#1485,#1486,#1487,#1488,
#1489,#1490,#1491,#1492,#1493,#1494,#1495,#1496,#1497,#1498,#1499,#1500,
#1501,#1502,#1503));
#3184=EDGE_LOOP('',(#1504,#1505,#1506,#1507,#1508,#1509,#1510,#1511,#1512,
#1513));
#3185=EDGE_LOOP('',(#1514));
#3186=EDGE_LOOP('',(#1515));
#3187=EDGE_LOOP('',(#1516));
#3188=EDGE_LOOP('',(#1517));
#3189=EDGE_LOOP('',(#1518));
#3190=EDGE_LOOP('',(#1519));
#3191=EDGE_LOOP('',(#1520,#1521,#1522,#1523));
#3192=EDGE_LOOP('',(#1524,#1525,#1526,#1527));
#3193=EDGE_LOOP('',(#1528,#1529,#1530,#1531,#1532,#1533));
#3194=EDGE_LOOP('',(#1534,#1535,#1536,#1537));
#3195=EDGE_LOOP('',(#1538,#1539,#1540,#1541,#1542,#1543));
#3196=EDGE_LOOP('',(#1544,#1545,#1546,#1547,#1548));
#3197=EDGE_LOOP('',(#1549,#1550,#1551,#1552,#1553));
#3198=EDGE_LOOP('',(#1554,#1555,#1556,#1557,#1558,#1559,#1560,#1561,#1562));
#3199=EDGE_LOOP('',(#1563,#1564,#1565,#1566));
#3200=EDGE_LOOP('',(#1567,#1568,#1569,#1570));
#3201=EDGE_LOOP('',(#1571,#1572,#1573,#1574,#1575,#1576,#1577,#1578,#1579));
#3202=EDGE_LOOP('',(#1580,#1581,#1582));
#3203=EDGE_LOOP('',(#1583,#1584,#1585,#1586));
#3204=EDGE_LOOP('',(#1587,#1588,#1589,#1590));
#3205=EDGE_LOOP('',(#1591,#1592,#1593,#1594));
#3206=EDGE_LOOP('',(#1595,#1596,#1597));
#3207=EDGE_LOOP('',(#1598,#1599,#1600,#1601,#1602,#1603));
#3208=EDGE_LOOP('',(#1604,#1605,#1606,#1607));
#3209=EDGE_LOOP('',(#1608));
#3210=EDGE_LOOP('',(#1609));
#3211=EDGE_LOOP('',(#1610));
#3212=EDGE_LOOP('',(#1611));
#3213=EDGE_LOOP('',(#1612));
#3214=EDGE_LOOP('',(#1613));
#3215=EDGE_LOOP('',(#1614));
#3216=EDGE_LOOP('',(#1615));
#3217=EDGE_LOOP('',(#1616));
#3218=EDGE_LOOP('',(#1617));
#3219=EDGE_LOOP('',(#1618));
#3220=EDGE_LOOP('',(#1619));
#3221=EDGE_LOOP('',(#1620));
#3222=EDGE_LOOP('',(#1621));
#3223=EDGE_LOOP('',(#1622));
#3224=EDGE_LOOP('',(#1623,#1624,#1625,#1626,#1627,#1628,#1629,#1630,#1631,
#1632,#1633,#1634,#1635,#1636,#1637,#1638,#1639,#1640,#1641,#1642));
#3225=FACE_BOUND('',#2996,.T.);
#3226=FACE_BOUND('',#2997,.T.);
#3227=FACE_BOUND('',#2998,.T.);
#3228=FACE_BOUND('',#2999,.T.);
#3229=FACE_BOUND('',#3000,.T.);
#3230=FACE_BOUND('',#3001,.T.);
#3231=FACE_BOUND('',#3002,.T.);
#3232=FACE_BOUND('',#3003,.T.);
#3233=FACE_BOUND('',#3004,.T.);
#3234=FACE_BOUND('',#3005,.T.);
#3235=FACE_BOUND('',#3006,.T.);
#3236=FACE_BOUND('',#3007,.T.);
#3237=FACE_BOUND('',#3008,.T.);
#3238=FACE_BOUND('',#3009,.T.);
#3239=FACE_BOUND('',#3010,.T.);
#3240=FACE_BOUND('',#3011,.T.);
#3241=FACE_BOUND('',#3012,.T.);
#3242=FACE_BOUND('',#3013,.T.);
#3243=FACE_BOUND('',#3014,.T.);
#3244=FACE_BOUND('',#3015,.T.);
#3245=FACE_BOUND('',#3016,.T.);
#3246=FACE_BOUND('',#3017,.T.);
#3247=FACE_BOUND('',#3018,.T.);
#3248=FACE_BOUND('',#3019,.T.);
#3249=FACE_BOUND('',#3020,.T.);
#3250=FACE_BOUND('',#3021,.T.);
#3251=FACE_BOUND('',#3022,.T.);
#3252=FACE_BOUND('',#3023,.T.);
#3253=FACE_BOUND('',#3024,.T.);
#3254=FACE_BOUND('',#3025,.T.);
#3255=FACE_BOUND('',#3026,.T.);
#3256=FACE_BOUND('',#3027,.T.);
#3257=FACE_BOUND('',#3028,.T.);
#3258=FACE_BOUND('',#3029,.T.);
#3259=FACE_BOUND('',#3030,.T.);
#3260=FACE_BOUND('',#3031,.T.);
#3261=FACE_BOUND('',#3032,.T.);
#3262=FACE_BOUND('',#3033,.T.);
#3263=FACE_BOUND('',#3034,.T.);
#3264=FACE_BOUND('',#3035,.T.);
#3265=FACE_BOUND('',#3036,.T.);
#3266=FACE_BOUND('',#3037,.T.);
#3267=FACE_BOUND('',#3038,.T.);
#3268=FACE_BOUND('',#3039,.T.);
#3269=FACE_BOUND('',#3040,.T.);
#3270=FACE_BOUND('',#3041,.T.);
#3271=FACE_BOUND('',#3042,.T.);
#3272=FACE_BOUND('',#3043,.T.);
#3273=FACE_BOUND('',#3044,.T.);
#3274=FACE_BOUND('',#3045,.T.);
#3275=FACE_BOUND('',#3046,.T.);
#3276=FACE_BOUND('',#3047,.T.);
#3277=FACE_BOUND('',#3048,.T.);
#3278=FACE_BOUND('',#3049,.T.);
#3279=FACE_BOUND('',#3050,.T.);
#3280=FACE_BOUND('',#3051,.T.);
#3281=FACE_BOUND('',#3052,.T.);
#3282=FACE_BOUND('',#3053,.T.);
#3283=FACE_BOUND('',#3054,.T.);
#3284=FACE_BOUND('',#3055,.T.);
#3285=FACE_BOUND('',#3056,.T.);
#3286=FACE_BOUND('',#3057,.T.);
#3287=FACE_BOUND('',#3058,.T.);
#3288=FACE_BOUND('',#3059,.T.);
#3289=FACE_BOUND('',#3060,.T.);
#3290=FACE_BOUND('',#3061,.T.);
#3291=FACE_BOUND('',#3062,.T.);
#3292=FACE_BOUND('',#3063,.T.);
#3293=FACE_BOUND('',#3064,.T.);
#3294=FACE_BOUND('',#3065,.T.);
#3295=FACE_BOUND('',#3066,.T.);
#3296=FACE_BOUND('',#3067,.T.);
#3297=FACE_BOUND('',#3068,.T.);
#3298=FACE_BOUND('',#3069,.T.);
#3299=FACE_BOUND('',#3070,.T.);
#3300=FACE_BOUND('',#3071,.T.);
#3301=FACE_BOUND('',#3072,.T.);
#3302=FACE_BOUND('',#3073,.T.);
#3303=FACE_BOUND('',#3074,.T.);
#3304=FACE_BOUND('',#3075,.T.);
#3305=FACE_BOUND('',#3076,.T.);
#3306=FACE_BOUND('',#3077,.T.);
#3307=FACE_BOUND('',#3078,.T.);
#3308=FACE_BOUND('',#3079,.T.);
#3309=FACE_BOUND('',#3080,.T.);
#3310=FACE_BOUND('',#3081,.T.);
#3311=FACE_BOUND('',#3082,.T.);
#3312=FACE_BOUND('',#3083,.T.);
#3313=FACE_BOUND('',#3084,.T.);
#3314=FACE_BOUND('',#3085,.T.);
#3315=FACE_BOUND('',#3086,.T.);
#3316=FACE_BOUND('',#3087,.T.);
#3317=FACE_BOUND('',#3088,.T.);
#3318=FACE_BOUND('',#3089,.T.);
#3319=FACE_BOUND('',#3090,.T.);
#3320=FACE_BOUND('',#3091,.T.);
#3321=FACE_BOUND('',#3092,.T.);
#3322=FACE_BOUND('',#3093,.T.);
#3323=FACE_BOUND('',#3094,.T.);
#3324=FACE_BOUND('',#3095,.T.);
#3325=FACE_BOUND('',#3096,.T.);
#3326=FACE_BOUND('',#3097,.T.);
#3327=FACE_BOUND('',#3098,.T.);
#3328=FACE_BOUND('',#3099,.T.);
#3329=FACE_BOUND('',#3100,.T.);
#3330=FACE_BOUND('',#3101,.T.);
#3331=FACE_BOUND('',#3102,.T.);
#3332=FACE_BOUND('',#3103,.T.);
#3333=FACE_BOUND('',#3104,.T.);
#3334=FACE_BOUND('',#3105,.T.);
#3335=FACE_BOUND('',#3106,.T.);
#3336=FACE_BOUND('',#3107,.T.);
#3337=FACE_BOUND('',#3108,.T.);
#3338=FACE_BOUND('',#3109,.T.);
#3339=FACE_BOUND('',#3110,.T.);
#3340=FACE_BOUND('',#3111,.T.);
#3341=FACE_BOUND('',#3112,.T.);
#3342=FACE_BOUND('',#3113,.T.);
#3343=FACE_BOUND('',#3114,.T.);
#3344=FACE_BOUND('',#3115,.T.);
#3345=FACE_BOUND('',#3116,.T.);
#3346=FACE_BOUND('',#3117,.T.);
#3347=FACE_BOUND('',#3118,.T.);
#3348=FACE_BOUND('',#3119,.T.);
#3349=FACE_BOUND('',#3120,.T.);
#3350=FACE_BOUND('',#3121,.T.);
#3351=FACE_BOUND('',#3122,.T.);
#3352=FACE_BOUND('',#3123,.T.);
#3353=FACE_BOUND('',#3124,.T.);
#3354=FACE_BOUND('',#3125,.T.);
#3355=FACE_BOUND('',#3126,.T.);
#3356=FACE_BOUND('',#3127,.T.);
#3357=FACE_BOUND('',#3128,.T.);
#3358=FACE_BOUND('',#3129,.T.);
#3359=FACE_BOUND('',#3130,.T.);
#3360=FACE_BOUND('',#3131,.T.);
#3361=FACE_BOUND('',#3132,.T.);
#3362=FACE_BOUND('',#3133,.T.);
#3363=FACE_BOUND('',#3134,.T.);
#3364=FACE_BOUND('',#3135,.T.);
#3365=FACE_BOUND('',#3136,.T.);
#3366=FACE_BOUND('',#3137,.T.);
#3367=FACE_BOUND('',#3138,.T.);
#3368=FACE_BOUND('',#3139,.T.);
#3369=FACE_BOUND('',#3140,.T.);
#3370=FACE_BOUND('',#3141,.T.);
#3371=FACE_BOUND('',#3142,.T.);
#3372=FACE_BOUND('',#3143,.T.);
#3373=FACE_BOUND('',#3144,.T.);
#3374=FACE_BOUND('',#3145,.T.);
#3375=FACE_BOUND('',#3146,.T.);
#3376=FACE_BOUND('',#3147,.T.);
#3377=FACE_BOUND('',#3148,.T.);
#3378=FACE_BOUND('',#3149,.T.);
#3379=FACE_BOUND('',#3150,.T.);
#3380=FACE_BOUND('',#3151,.T.);
#3381=FACE_BOUND('',#3152,.T.);
#3382=FACE_BOUND('',#3153,.T.);
#3383=FACE_BOUND('',#3154,.T.);
#3384=FACE_BOUND('',#3155,.T.);
#3385=FACE_BOUND('',#3156,.T.);
#3386=FACE_BOUND('',#3157,.T.);
#3387=FACE_BOUND('',#3158,.T.);
#3388=FACE_BOUND('',#3159,.T.);
#3389=FACE_BOUND('',#3160,.T.);
#3390=FACE_BOUND('',#3161,.T.);
#3391=FACE_BOUND('',#3162,.T.);
#3392=FACE_BOUND('',#3163,.T.);
#3393=FACE_BOUND('',#3164,.T.);
#3394=FACE_BOUND('',#3165,.T.);
#3395=FACE_BOUND('',#3166,.T.);
#3396=FACE_BOUND('',#3167,.T.);
#3397=FACE_BOUND('',#3168,.T.);
#3398=FACE_BOUND('',#3169,.T.);
#3399=FACE_BOUND('',#3170,.T.);
#3400=FACE_BOUND('',#3171,.T.);
#3401=FACE_BOUND('',#3172,.T.);
#3402=FACE_BOUND('',#3173,.T.);
#3403=FACE_BOUND('',#3174,.T.);
#3404=FACE_BOUND('',#3175,.T.);
#3405=FACE_BOUND('',#3176,.T.);
#3406=FACE_BOUND('',#3177,.T.);
#3407=FACE_BOUND('',#3178,.T.);
#3408=FACE_BOUND('',#3179,.T.);
#3409=FACE_BOUND('',#3180,.T.);
#3410=FACE_BOUND('',#3181,.T.);
#3411=FACE_BOUND('',#3182,.T.);
#3412=FACE_BOUND('',#3183,.T.);
#3413=FACE_BOUND('',#3184,.T.);
#3414=FACE_BOUND('',#3185,.T.);
#3415=FACE_BOUND('',#3186,.T.);
#3416=FACE_BOUND('',#3187,.T.);
#3417=FACE_BOUND('',#3188,.T.);
#3418=FACE_BOUND('',#3189,.T.);
#3419=FACE_BOUND('',#3190,.T.);
#3420=FACE_BOUND('',#3191,.T.);
#3421=FACE_BOUND('',#3192,.T.);
#3422=FACE_BOUND('',#3193,.T.);
#3423=FACE_BOUND('',#3194,.T.);
#3424=FACE_BOUND('',#3195,.T.);
#3425=FACE_BOUND('',#3196,.T.);
#3426=FACE_BOUND('',#3197,.T.);
#3427=FACE_BOUND('',#3198,.T.);
#3428=FACE_BOUND('',#3199,.T.);
#3429=FACE_BOUND('',#3200,.T.);
#3430=FACE_BOUND('',#3201,.T.);
#3431=FACE_BOUND('',#3202,.T.);
#3432=FACE_BOUND('',#3203,.T.);
#3433=FACE_BOUND('',#3204,.T.);
#3434=FACE_BOUND('',#3205,.T.);
#3435=FACE_BOUND('',#3206,.T.);
#3436=FACE_BOUND('',#3207,.T.);
#3437=FACE_BOUND('',#3208,.T.);
#3438=FACE_BOUND('',#3209,.T.);
#3439=FACE_BOUND('',#3210,.T.);
#3440=FACE_BOUND('',#3211,.T.);
#3441=FACE_BOUND('',#3212,.T.);
#3442=FACE_BOUND('',#3213,.T.);
#3443=FACE_BOUND('',#3214,.T.);
#3444=FACE_BOUND('',#3215,.T.);
#3445=FACE_BOUND('',#3216,.T.);
#3446=FACE_BOUND('',#3217,.T.);
#3447=FACE_BOUND('',#3218,.T.);
#3448=FACE_BOUND('',#3219,.T.);
#3449=FACE_BOUND('',#3220,.T.);
#3450=FACE_BOUND('',#3221,.T.);
#3451=FACE_BOUND('',#3222,.T.);
#3452=FACE_BOUND('',#3223,.T.);
#3453=FACE_BOUND('',#3224,.T.);
#3454=CYLINDRICAL_SURFACE('',#3810,0.043);
#3455=CYLINDRICAL_SURFACE('',#3813,0.043);
#3456=CYLINDRICAL_SURFACE('',#3816,0.043);
#3457=CYLINDRICAL_SURFACE('',#3819,0.043);
#3458=CYLINDRICAL_SURFACE('',#3822,0.043);
#3459=CYLINDRICAL_SURFACE('',#3829,0.038);
#3460=CYLINDRICAL_SURFACE('',#3837,0.046);
#3461=CYLINDRICAL_SURFACE('',#3843,0.003);
#3462=CYLINDRICAL_SURFACE('',#3845,0.003);
#3463=CYLINDRICAL_SURFACE('',#3847,0.003);
#3464=CYLINDRICAL_SURFACE('',#3850,0.003);
#3465=CYLINDRICAL_SURFACE('',#3853,0.003);
#3466=CYLINDRICAL_SURFACE('',#3854,0.003);
#3467=CYLINDRICAL_SURFACE('',#3863,0.043);
#3468=CYLINDRICAL_SURFACE('',#3870,0.038);
#3469=CYLINDRICAL_SURFACE('',#3878,0.046);
#3470=CYLINDRICAL_SURFACE('',#3884,0.003);
#3471=CYLINDRICAL_SURFACE('',#3886,0.003);
#3472=CYLINDRICAL_SURFACE('',#3888,0.003);
#3473=CYLINDRICAL_SURFACE('',#3891,0.003);
#3474=CYLINDRICAL_SURFACE('',#3894,0.003);
#3475=CYLINDRICAL_SURFACE('',#3895,0.003);
#3476=CYLINDRICAL_SURFACE('',#3904,0.043);
#3477=CYLINDRICAL_SURFACE('',#3911,0.038);
#3478=CYLINDRICAL_SURFACE('',#3919,0.046);
#3479=CYLINDRICAL_SURFACE('',#3925,0.003);
#3480=CYLINDRICAL_SURFACE('',#3927,0.003);
#3481=CYLINDRICAL_SURFACE('',#3929,0.003);
#3482=CYLINDRICAL_SURFACE('',#3932,0.003);
#3483=CYLINDRICAL_SURFACE('',#3935,0.003);
#3484=CYLINDRICAL_SURFACE('',#3936,0.003);
#3485=CYLINDRICAL_SURFACE('',#3945,0.043);
#3486=CYLINDRICAL_SURFACE('',#3952,0.038);
#3487=CYLINDRICAL_SURFACE('',#3960,0.046);
#3488=CYLINDRICAL_SURFACE('',#3966,0.003);
#3489=CYLINDRICAL_SURFACE('',#3968,0.003);
#3490=CYLINDRICAL_SURFACE('',#3970,0.003);
#3491=CYLINDRICAL_SURFACE('',#3973,0.003);
#3492=CYLINDRICAL_SURFACE('',#3976,0.003);
#3493=CYLINDRICAL_SURFACE('',#3977,0.003);
#3494=CYLINDRICAL_SURFACE('',#3986,0.043);
#3495=CYLINDRICAL_SURFACE('',#3989,0.0166666666666666);
#3496=CYLINDRICAL_SURFACE('',#3992,0.0166666666666666);
#3497=CYLINDRICAL_SURFACE('',#3995,0.0166666666666666);
#3498=CYLINDRICAL_SURFACE('',#3998,0.0166666666666666);
#3499=CYLINDRICAL_SURFACE('',#4001,0.0166666666666666);
#3500=CYLINDRICAL_SURFACE('',#4004,0.0166666666666666);
#3501=CYLINDRICAL_SURFACE('',#4007,0.0166666666666666);
#3502=CYLINDRICAL_SURFACE('',#4010,0.0166666666666666);
#3503=CYLINDRICAL_SURFACE('',#4013,0.0166666666666666);
#3504=CYLINDRICAL_SURFACE('',#4016,0.0166666666666666);
#3505=CYLINDRICAL_SURFACE('',#4019,0.0166666666666666);
#3506=CYLINDRICAL_SURFACE('',#4022,0.0166666666666666);
#3507=CYLINDRICAL_SURFACE('',#4025,0.0166666666666666);
#3508=CYLINDRICAL_SURFACE('',#4028,0.0166666666666666);
#3509=CYLINDRICAL_SURFACE('',#4031,0.0166666666666666);
#3510=CYLINDRICAL_SURFACE('',#4034,0.0166666666666666);
#3511=CYLINDRICAL_SURFACE('',#4037,0.0166666666666666);
#3512=CYLINDRICAL_SURFACE('',#4040,0.0166666666666666);
#3513=CYLINDRICAL_SURFACE('',#4099,0.0129166666666666);
#3514=CYLINDRICAL_SURFACE('',#4101,0.000670805845241424);
#3515=CYLINDRICAL_SURFACE('',#4103,0.000670805845241424);
#3516=CYLINDRICAL_SURFACE('',#4105,0.0129166666666666);
#3517=CYLINDRICAL_SURFACE('',#4107,0.000670805845241424);
#3518=CYLINDRICAL_SURFACE('',#4109,0.000670805845241424);
#3519=CYLINDRICAL_SURFACE('',#4111,0.0129166666666666);
#3520=CYLINDRICAL_SURFACE('',#4113,0.000670805845241424);
#3521=CYLINDRICAL_SURFACE('',#4115,0.000670805845241424);
#3522=CYLINDRICAL_SURFACE('',#4117,0.0129166666666666);
#3523=CYLINDRICAL_SURFACE('',#4119,0.000670805845241424);
#3524=CYLINDRICAL_SURFACE('',#4121,0.000670805845241424);
#3525=CYLINDRICAL_SURFACE('',#4123,0.0129166666666666);
#3526=CYLINDRICAL_SURFACE('',#4125,0.000670805845241424);
#3527=CYLINDRICAL_SURFACE('',#4127,0.000670805845241424);
#3528=CYLINDRICAL_SURFACE('',#4129,0.0129166666666666);
#3529=CYLINDRICAL_SURFACE('',#4131,0.000670805845241424);
#3530=CYLINDRICAL_SURFACE('',#4133,0.000670805845241424);
#3531=CYLINDRICAL_SURFACE('',#4135,0.0129166666666666);
#3532=CYLINDRICAL_SURFACE('',#4137,0.000670805845241424);
#3533=CYLINDRICAL_SURFACE('',#4139,0.000670805845241424);
#3534=CYLINDRICAL_SURFACE('',#4141,0.0129166666666666);
#3535=CYLINDRICAL_SURFACE('',#4143,0.000670805845241424);
#3536=CYLINDRICAL_SURFACE('',#4145,0.000670805845241424);
#3537=CYLINDRICAL_SURFACE('',#4147,0.0129166666666666);
#3538=CYLINDRICAL_SURFACE('',#4149,0.000670805845241424);
#3539=CYLINDRICAL_SURFACE('',#4151,0.000670805845241424);
#3540=CYLINDRICAL_SURFACE('',#4153,0.0129166666666666);
#3541=CYLINDRICAL_SURFACE('',#4155,0.000670805845241424);
#3542=CYLINDRICAL_SURFACE('',#4157,0.000670805845241424);
#3543=CYLINDRICAL_SURFACE('',#4159,0.0129166666666666);
#3544=CYLINDRICAL_SURFACE('',#4161,0.000670805845241424);
#3545=CYLINDRICAL_SURFACE('',#4163,0.000670805845241424);
#3546=CYLINDRICAL_SURFACE('',#4165,0.0129166666666666);
#3547=CYLINDRICAL_SURFACE('',#4167,0.000670805845241424);
#3548=CYLINDRICAL_SURFACE('',#4169,0.000670805845241424);
#3549=CYLINDRICAL_SURFACE('',#4171,0.0129166666666666);
#3550=CYLINDRICAL_SURFACE('',#4173,0.000670805845241424);
#3551=CYLINDRICAL_SURFACE('',#4175,0.000670805845241424);
#3552=CYLINDRICAL_SURFACE('',#4177,0.0129166666666666);
#3553=CYLINDRICAL_SURFACE('',#4179,0.000670805845241424);
#3554=CYLINDRICAL_SURFACE('',#4181,0.000670805845241424);
#3555=CYLINDRICAL_SURFACE('',#4183,0.0129166666666666);
#3556=CYLINDRICAL_SURFACE('',#4185,0.000670805845241424);
#3557=CYLINDRICAL_SURFACE('',#4187,0.000670805845241424);
#3558=CYLINDRICAL_SURFACE('',#4189,0.0129166666666666);
#3559=CYLINDRICAL_SURFACE('',#4191,0.000670805845241424);
#3560=CYLINDRICAL_SURFACE('',#4193,0.000670805845241424);
#3561=CYLINDRICAL_SURFACE('',#4195,0.0129166666666666);
#3562=CYLINDRICAL_SURFACE('',#4197,0.000670805845241424);
#3563=CYLINDRICAL_SURFACE('',#4199,0.000670805845241424);
#3564=CYLINDRICAL_SURFACE('',#4201,0.0129166666666666);
#3565=CYLINDRICAL_SURFACE('',#4203,0.000670805845241424);
#3566=CYLINDRICAL_SURFACE('',#4205,0.000670805845241424);
#3567=CYLINDRICAL_SURFACE('',#4216,0.043);
#3568=CYLINDRICAL_SURFACE('',#4218,0.046);
#3569=CYLINDRICAL_SURFACE('',#4225,0.038);
#3570=CYLINDRICAL_SURFACE('',#4236,0.003);
#3571=CYLINDRICAL_SURFACE('',#4240,0.003);
#3572=CYLINDRICAL_SURFACE('',#4242,0.003);
#3573=CYLINDRICAL_SURFACE('',#4249,0.003);
#3574=CYLINDRICAL_SURFACE('',#4251,0.003);
#3575=CYLINDRICAL_SURFACE('',#4255,0.003);
#3576=CYLINDRICAL_SURFACE('',#4256,0.01);
#3577=CYLINDRICAL_SURFACE('',#4257,0.0016);
#3578=CYLINDRICAL_SURFACE('',#4260,0.0016);
#3579=CYLINDRICAL_SURFACE('',#4263,0.0016);
#3580=CYLINDRICAL_SURFACE('',#4266,0.0016);
#3581=ADVANCED_FACE('',(#3225),#3454,.T.);
#3582=ADVANCED_FACE('',(#3226),#3455,.T.);
#3583=ADVANCED_FACE('',(#3227),#3456,.T.);
#3584=ADVANCED_FACE('',(#3228),#3457,.T.);
#3585=ADVANCED_FACE('',(#3229),#3458,.F.);
#3586=ADVANCED_FACE('',(#3230),#186,.F.);
#3587=ADVANCED_FACE('',(#3231),#3459,.F.);
#3588=ADVANCED_FACE('',(#3232),#187,.F.);
#3589=ADVANCED_FACE('',(#3233),#3460,.T.);
#3590=ADVANCED_FACE('',(#3234),#188,.T.);
#3591=ADVANCED_FACE('',(#3235),#189,.F.);
#3592=ADVANCED_FACE('',(#3236),#3461,.T.);
#3593=ADVANCED_FACE('',(#3237),#3462,.T.);
#3594=ADVANCED_FACE('',(#3238),#3463,.T.);
#3595=ADVANCED_FACE('',(#3239),#3464,.T.);
#3596=ADVANCED_FACE('',(#3240),#3465,.T.);
#3597=ADVANCED_FACE('',(#3241),#3466,.T.);
#3598=ADVANCED_FACE('',(#3242),#58,.T.);
#3599=ADVANCED_FACE('',(#3243),#59,.T.);
#3600=ADVANCED_FACE('',(#3244),#60,.T.);
#3601=ADVANCED_FACE('',(#3245),#48,.T.);
#3602=ADVANCED_FACE('',(#3246),#49,.T.);
#3603=ADVANCED_FACE('',(#3247),#3467,.F.);
#3604=ADVANCED_FACE('',(#3248),#190,.F.);
#3605=ADVANCED_FACE('',(#3249),#3468,.F.);
#3606=ADVANCED_FACE('',(#3250),#191,.F.);
#3607=ADVANCED_FACE('',(#3251),#3469,.T.);
#3608=ADVANCED_FACE('',(#3252),#192,.T.);
#3609=ADVANCED_FACE('',(#3253),#193,.F.);
#3610=ADVANCED_FACE('',(#3254),#3470,.T.);
#3611=ADVANCED_FACE('',(#3255),#3471,.T.);
#3612=ADVANCED_FACE('',(#3256),#3472,.T.);
#3613=ADVANCED_FACE('',(#3257),#3473,.T.);
#3614=ADVANCED_FACE('',(#3258),#3474,.T.);
#3615=ADVANCED_FACE('',(#3259),#3475,.T.);
#3616=ADVANCED_FACE('',(#3260),#61,.T.);
#3617=ADVANCED_FACE('',(#3261),#62,.T.);
#3618=ADVANCED_FACE('',(#3262),#63,.T.);
#3619=ADVANCED_FACE('',(#3263),#50,.T.);
#3620=ADVANCED_FACE('',(#3264),#51,.T.);
#3621=ADVANCED_FACE('',(#3265),#3476,.F.);
#3622=ADVANCED_FACE('',(#3266),#194,.F.);
#3623=ADVANCED_FACE('',(#3267),#3477,.F.);
#3624=ADVANCED_FACE('',(#3268),#195,.F.);
#3625=ADVANCED_FACE('',(#3269),#3478,.T.);
#3626=ADVANCED_FACE('',(#3270),#196,.T.);
#3627=ADVANCED_FACE('',(#3271),#197,.F.);
#3628=ADVANCED_FACE('',(#3272),#3479,.T.);
#3629=ADVANCED_FACE('',(#3273),#3480,.T.);
#3630=ADVANCED_FACE('',(#3274),#3481,.T.);
#3631=ADVANCED_FACE('',(#3275),#3482,.T.);
#3632=ADVANCED_FACE('',(#3276),#3483,.T.);
#3633=ADVANCED_FACE('',(#3277),#3484,.T.);
#3634=ADVANCED_FACE('',(#3278),#64,.T.);
#3635=ADVANCED_FACE('',(#3279),#65,.T.);
#3636=ADVANCED_FACE('',(#3280),#66,.T.);
#3637=ADVANCED_FACE('',(#3281),#52,.T.);
#3638=ADVANCED_FACE('',(#3282),#53,.T.);
#3639=ADVANCED_FACE('',(#3283),#3485,.F.);
#3640=ADVANCED_FACE('',(#3284),#198,.F.);
#3641=ADVANCED_FACE('',(#3285),#3486,.F.);
#3642=ADVANCED_FACE('',(#3286),#199,.F.);
#3643=ADVANCED_FACE('',(#3287),#3487,.T.);
#3644=ADVANCED_FACE('',(#3288),#200,.T.);
#3645=ADVANCED_FACE('',(#3289),#201,.F.);
#3646=ADVANCED_FACE('',(#3290),#3488,.T.);
#3647=ADVANCED_FACE('',(#3291),#3489,.T.);
#3648=ADVANCED_FACE('',(#3292),#3490,.T.);
#3649=ADVANCED_FACE('',(#3293),#3491,.T.);
#3650=ADVANCED_FACE('',(#3294),#3492,.T.);
#3651=ADVANCED_FACE('',(#3295),#3493,.T.);
#3652=ADVANCED_FACE('',(#3296),#67,.T.);
#3653=ADVANCED_FACE('',(#3297),#68,.T.);
#3654=ADVANCED_FACE('',(#3298),#69,.T.);
#3655=ADVANCED_FACE('',(#3299),#54,.T.);
#3656=ADVANCED_FACE('',(#3300),#55,.T.);
#3657=ADVANCED_FACE('',(#3301),#3494,.T.);
#3658=ADVANCED_FACE('',(#3302),#3495,.T.);
#3659=ADVANCED_FACE('',(#3303),#3496,.T.);
#3660=ADVANCED_FACE('',(#3304),#3497,.T.);
#3661=ADVANCED_FACE('',(#3305),#3498,.T.);
#3662=ADVANCED_FACE('',(#3306),#3499,.T.);
#3663=ADVANCED_FACE('',(#3307),#3500,.T.);
#3664=ADVANCED_FACE('',(#3308),#3501,.T.);
#3665=ADVANCED_FACE('',(#3309),#3502,.T.);
#3666=ADVANCED_FACE('',(#3310),#3503,.T.);
#3667=ADVANCED_FACE('',(#3311),#3504,.T.);
#3668=ADVANCED_FACE('',(#3312),#3505,.T.);
#3669=ADVANCED_FACE('',(#3313),#3506,.T.);
#3670=ADVANCED_FACE('',(#3314),#3507,.T.);
#3671=ADVANCED_FACE('',(#3315),#3508,.T.);
#3672=ADVANCED_FACE('',(#3316),#3509,.T.);
#3673=ADVANCED_FACE('',(#3317),#3510,.T.);
#3674=ADVANCED_FACE('',(#3318),#3511,.T.);
#3675=ADVANCED_FACE('',(#3319),#3512,.T.);
#3676=ADVANCED_FACE('',(#3320,#3321),#202,.F.);
#3677=ADVANCED_FACE('',(#3322),#12,.T.);
#3678=ADVANCED_FACE('',(#3323),#13,.F.);
#3679=ADVANCED_FACE('',(#3324),#3513,.T.);
#3680=ADVANCED_FACE('',(#3325),#3514,.F.);
#3681=ADVANCED_FACE('',(#3326),#3515,.F.);
#3682=ADVANCED_FACE('',(#3327),#14,.T.);
#3683=ADVANCED_FACE('',(#3328),#15,.F.);
#3684=ADVANCED_FACE('',(#3329),#3516,.T.);
#3685=ADVANCED_FACE('',(#3330),#3517,.F.);
#3686=ADVANCED_FACE('',(#3331),#3518,.F.);
#3687=ADVANCED_FACE('',(#3332),#16,.T.);
#3688=ADVANCED_FACE('',(#3333),#17,.F.);
#3689=ADVANCED_FACE('',(#3334),#3519,.T.);
#3690=ADVANCED_FACE('',(#3335),#3520,.F.);
#3691=ADVANCED_FACE('',(#3336),#3521,.F.);
#3692=ADVANCED_FACE('',(#3337),#18,.T.);
#3693=ADVANCED_FACE('',(#3338),#19,.F.);
#3694=ADVANCED_FACE('',(#3339),#3522,.T.);
#3695=ADVANCED_FACE('',(#3340),#3523,.F.);
#3696=ADVANCED_FACE('',(#3341),#3524,.F.);
#3697=ADVANCED_FACE('',(#3342),#20,.T.);
#3698=ADVANCED_FACE('',(#3343),#21,.F.);
#3699=ADVANCED_FACE('',(#3344),#3525,.T.);
#3700=ADVANCED_FACE('',(#3345),#3526,.F.);
#3701=ADVANCED_FACE('',(#3346),#3527,.F.);
#3702=ADVANCED_FACE('',(#3347),#22,.T.);
#3703=ADVANCED_FACE('',(#3348),#23,.F.);
#3704=ADVANCED_FACE('',(#3349),#3528,.T.);
#3705=ADVANCED_FACE('',(#3350),#3529,.F.);
#3706=ADVANCED_FACE('',(#3351),#3530,.F.);
#3707=ADVANCED_FACE('',(#3352),#24,.T.);
#3708=ADVANCED_FACE('',(#3353),#25,.F.);
#3709=ADVANCED_FACE('',(#3354),#3531,.T.);
#3710=ADVANCED_FACE('',(#3355),#3532,.F.);
#3711=ADVANCED_FACE('',(#3356),#3533,.F.);
#3712=ADVANCED_FACE('',(#3357),#26,.T.);
#3713=ADVANCED_FACE('',(#3358),#27,.F.);
#3714=ADVANCED_FACE('',(#3359),#3534,.T.);
#3715=ADVANCED_FACE('',(#3360),#3535,.F.);
#3716=ADVANCED_FACE('',(#3361),#3536,.F.);
#3717=ADVANCED_FACE('',(#3362),#28,.T.);
#3718=ADVANCED_FACE('',(#3363),#29,.F.);
#3719=ADVANCED_FACE('',(#3364),#3537,.T.);
#3720=ADVANCED_FACE('',(#3365),#3538,.F.);
#3721=ADVANCED_FACE('',(#3366),#3539,.F.);
#3722=ADVANCED_FACE('',(#3367),#30,.T.);
#3723=ADVANCED_FACE('',(#3368),#31,.F.);
#3724=ADVANCED_FACE('',(#3369),#3540,.T.);
#3725=ADVANCED_FACE('',(#3370),#3541,.F.);
#3726=ADVANCED_FACE('',(#3371),#3542,.F.);
#3727=ADVANCED_FACE('',(#3372),#32,.T.);
#3728=ADVANCED_FACE('',(#3373),#33,.F.);
#3729=ADVANCED_FACE('',(#3374),#3543,.T.);
#3730=ADVANCED_FACE('',(#3375),#3544,.F.);
#3731=ADVANCED_FACE('',(#3376),#3545,.F.);
#3732=ADVANCED_FACE('',(#3377),#34,.T.);
#3733=ADVANCED_FACE('',(#3378),#35,.F.);
#3734=ADVANCED_FACE('',(#3379),#3546,.T.);
#3735=ADVANCED_FACE('',(#3380),#3547,.F.);
#3736=ADVANCED_FACE('',(#3381),#3548,.F.);
#3737=ADVANCED_FACE('',(#3382),#36,.T.);
#3738=ADVANCED_FACE('',(#3383),#37,.F.);
#3739=ADVANCED_FACE('',(#3384),#3549,.T.);
#3740=ADVANCED_FACE('',(#3385),#3550,.F.);
#3741=ADVANCED_FACE('',(#3386),#3551,.F.);
#3742=ADVANCED_FACE('',(#3387),#38,.T.);
#3743=ADVANCED_FACE('',(#3388),#39,.F.);
#3744=ADVANCED_FACE('',(#3389),#3552,.T.);
#3745=ADVANCED_FACE('',(#3390),#3553,.F.);
#3746=ADVANCED_FACE('',(#3391),#3554,.F.);
#3747=ADVANCED_FACE('',(#3392),#40,.T.);
#3748=ADVANCED_FACE('',(#3393),#41,.F.);
#3749=ADVANCED_FACE('',(#3394),#3555,.T.);
#3750=ADVANCED_FACE('',(#3395),#3556,.F.);
#3751=ADVANCED_FACE('',(#3396),#3557,.F.);
#3752=ADVANCED_FACE('',(#3397),#42,.T.);
#3753=ADVANCED_FACE('',(#3398),#43,.F.);
#3754=ADVANCED_FACE('',(#3399),#3558,.T.);
#3755=ADVANCED_FACE('',(#3400),#3559,.F.);
#3756=ADVANCED_FACE('',(#3401),#3560,.F.);
#3757=ADVANCED_FACE('',(#3402),#44,.T.);
#3758=ADVANCED_FACE('',(#3403),#45,.F.);
#3759=ADVANCED_FACE('',(#3404),#3561,.T.);
#3760=ADVANCED_FACE('',(#3405),#3562,.F.);
#3761=ADVANCED_FACE('',(#3406),#3563,.F.);
#3762=ADVANCED_FACE('',(#3407),#46,.T.);
#3763=ADVANCED_FACE('',(#3408),#47,.F.);
#3764=ADVANCED_FACE('',(#3409),#3564,.T.);
#3765=ADVANCED_FACE('',(#3410),#3565,.F.);
#3766=ADVANCED_FACE('',(#3411),#3566,.F.);
#3767=ADVANCED_FACE('',(#3412,#3413),#203,.T.);
#3768=ADVANCED_FACE('',(#3414,#3415,#3416,#3417,#3418,#3419),#204,.F.);
#3769=ADVANCED_FACE('',(#3420),#3567,.F.);
#3770=ADVANCED_FACE('',(#3421),#3568,.T.);
#3771=ADVANCED_FACE('',(#3422),#205,.F.);
#3772=ADVANCED_FACE('',(#3423),#3569,.F.);
#3773=ADVANCED_FACE('',(#3424),#206,.F.);
#3774=ADVANCED_FACE('',(#3425),#207,.T.);
#3775=ADVANCED_FACE('',(#3426),#208,.F.);
#3776=ADVANCED_FACE('',(#3427),#3570,.T.);
#3777=ADVANCED_FACE('',(#3428),#70,.T.);
#3778=ADVANCED_FACE('',(#3429),#3571,.T.);
#3779=ADVANCED_FACE('',(#3430),#3572,.T.);
#3780=ADVANCED_FACE('',(#3431),#56,.T.);
#3781=ADVANCED_FACE('',(#3432),#71,.T.);
#3782=ADVANCED_FACE('',(#3433),#3573,.T.);
#3783=ADVANCED_FACE('',(#3434),#3574,.T.);
#3784=ADVANCED_FACE('',(#3435),#57,.T.);
#3785=ADVANCED_FACE('',(#3436),#72,.T.);
#3786=ADVANCED_FACE('',(#3437),#3575,.T.);
#3787=ADVANCED_FACE('',(#3438,#3439),#3576,.F.);
#3788=ADVANCED_FACE('',(#3440,#3441),#3577,.F.);
#3789=ADVANCED_FACE('',(#3442),#209,.T.);
#3790=ADVANCED_FACE('',(#3443,#3444),#3578,.F.);
#3791=ADVANCED_FACE('',(#3445),#210,.T.);
#3792=ADVANCED_FACE('',(#3446,#3447),#3579,.F.);
#3793=ADVANCED_FACE('',(#3448),#211,.T.);
#3794=ADVANCED_FACE('',(#3449,#3450),#3580,.F.);
#3795=ADVANCED_FACE('',(#3451),#212,.T.);
#3796=ADVANCED_FACE('',(#3452,#3453),#73,.T.);
#3797=CLOSED_SHELL('',(#3581,#3582,#3583,#3584,#3585,#3586,#3587,#3588,
#3589,#3590,#3591,#3592,#3593,#3594,#3595,#3596,#3597,#3598,#3599,#3600,
#3601,#3602,#3603,#3604,#3605,#3606,#3607,#3608,#3609,#3610,#3611,#3612,
#3613,#3614,#3615,#3616,#3617,#3618,#3619,#3620,#3621,#3622,#3623,#3624,
#3625,#3626,#3627,#3628,#3629,#3630,#3631,#3632,#3633,#3634,#3635,#3636,
#3637,#3638,#3639,#3640,#3641,#3642,#3643,#3644,#3645,#3646,#3647,#3648,
#3649,#3650,#3651,#3652,#3653,#3654,#3655,#3656,#3657,#3658,#3659,#3660,
#3661,#3662,#3663,#3664,#3665,#3666,#3667,#3668,#3669,#3670,#3671,#3672,
#3673,#3674,#3675,#3676,#3677,#3678,#3679,#3680,#3681,#3682,#3683,#3684,
#3685,#3686,#3687,#3688,#3689,#3690,#3691,#3692,#3693,#3694,#3695,#3696,
#3697,#3698,#3699,#3700,#3701,#3702,#3703,#3704,#3705,#3706,#3707,#3708,
#3709,#3710,#3711,#3712,#3713,#3714,#3715,#3716,#3717,#3718,#3719,#3720,
#3721,#3722,#3723,#3724,#3725,#3726,#3727,#3728,#3729,#3730,#3731,#3732,
#3733,#3734,#3735,#3736,#3737,#3738,#3739,#3740,#3741,#3742,#3743,#3744,
#3745,#3746,#3747,#3748,#3749,#3750,#3751,#3752,#3753,#3754,#3755,#3756,
#3757,#3758,#3759,#3760,#3761,#3762,#3763,#3764,#3765,#3766,#3767,#3768,
#3769,#3770,#3771,#3772,#3773,#3774,#3775,#3776,#3777,#3778,#3779,#3780,
#3781,#3782,#3783,#3784,#3785,#3786,#3787,#3788,#3789,#3790,#3791,#3792,
#3793,#3794,#3795,#3796));
#3798=STYLED_ITEM('',(#3799),#3806);
#3799=PRESENTATION_STYLE_ASSIGNMENT((#3800));
#3800=SURFACE_STYLE_USAGE(.BOTH.,#3801);
#3801=SURFACE_SIDE_STYLE('',(#3802));
#3802=SURFACE_STYLE_FILL_AREA(#3803);
#3803=FILL_AREA_STYLE('',(#3804));
#3804=FILL_AREA_STYLE_COLOUR('',#3805);
#3805=COLOUR_RGB('',0.231372549019608,0.380392156862745,0.705882352941177);
#3806=MANIFOLD_SOLID_BREP('Hip Pitch giver',#3797);
#3807=SHAPE_DEFINITION_REPRESENTATION(#10130,#3808);
#3808=SHAPE_REPRESENTATION('Hip Pitch giver',(#3809),#10125);
#3809=AXIS2_PLACEMENT_3D('',#5390,#4270,#4271);
#3810=AXIS2_PLACEMENT_3D('',#5391,#4272,#4273);
#3811=AXIS2_PLACEMENT_3D('',#5395,#4275,#4276);
#3812=AXIS2_PLACEMENT_3D('',#5399,#4278,#4279);
#3813=AXIS2_PLACEMENT_3D('',#5400,#4280,#4281);
#3814=AXIS2_PLACEMENT_3D('',#5404,#4283,#4284);
#3815=AXIS2_PLACEMENT_3D('',#5408,#4286,#4287);
#3816=AXIS2_PLACEMENT_3D('',#5409,#4288,#4289);
#3817=AXIS2_PLACEMENT_3D('',#5413,#4291,#4292);
#3818=AXIS2_PLACEMENT_3D('',#5417,#4294,#4295);
#3819=AXIS2_PLACEMENT_3D('',#5418,#4296,#4297);
#3820=AXIS2_PLACEMENT_3D('',#5422,#4299,#4300);
#3821=AXIS2_PLACEMENT_3D('',#5426,#4302,#4303);
#3822=AXIS2_PLACEMENT_3D('',#5427,#4304,#4305);
#3823=AXIS2_PLACEMENT_3D('',#5428,#4306,#4307);
#3824=AXIS2_PLACEMENT_3D('',#5431,#4309,#4310);
#3825=AXIS2_PLACEMENT_3D('',#5434,#4312,#4313);
#3826=AXIS2_PLACEMENT_3D('',#5438,#4315,#4316);
#3827=AXIS2_PLACEMENT_3D('',#5442,#4318,#4319);
#3828=AXIS2_PLACEMENT_3D('',#5443,#4320,#4321);
#3829=AXIS2_PLACEMENT_3D('',#5444,#4322,#4323);
#3830=AXIS2_PLACEMENT_3D('',#5448,#4325,#4326);
#3831=AXIS2_PLACEMENT_3D('',#5452,#4328,#4329);
#3832=AXIS2_PLACEMENT_3D('',#5453,#4330,#4331);
#3833=AXIS2_PLACEMENT_3D('',#5457,#4333,#4334);
#3834=AXIS2_PLACEMENT_3D('',#5459,#4335,#4336);
#3835=AXIS2_PLACEMENT_3D('',#5461,#4337,#4338);
#3836=AXIS2_PLACEMENT_3D('',#5465,#4340,#4341);
#3837=AXIS2_PLACEMENT_3D('',#5466,#4342,#4343);
#3838=AXIS2_PLACEMENT_3D('',#5469,#4345,#4346);
#3839=AXIS2_PLACEMENT_3D('',#5472,#4348,#4349);
#3840=AXIS2_PLACEMENT_3D('',#5476,#4351,#4352);
#3841=AXIS2_PLACEMENT_3D('',#5480,#4355,#4356);
#3842=AXIS2_PLACEMENT_3D('',#5481,#4357,#4358);
#3843=AXIS2_PLACEMENT_3D('',#5488,#4362,#4363);
#3844=AXIS2_PLACEMENT_3D('',#5489,#4364,#4365);
#3845=AXIS2_PLACEMENT_3D('',#5496,#4366,#4367);
#3846=AXIS2_PLACEMENT_3D('',#5497,#4368,#4369);
#3847=AXIS2_PLACEMENT_3D('',#5504,#4370,#4371);
#3848=AXIS2_PLACEMENT_3D('',#5505,#4372,#4373);
#3849=AXIS2_PLACEMENT_3D('',#5506,#4374,#4375);
#3850=AXIS2_PLACEMENT_3D('',#5507,#4376,#4377);
#3851=AXIS2_PLACEMENT_3D('',#5508,#4378,#4379);
#3852=AXIS2_PLACEMENT_3D('',#5509,#4380,#4381);
#3853=AXIS2_PLACEMENT_3D('',#5510,#4382,#4383);
#3854=AXIS2_PLACEMENT_3D('',#5523,#4384,#4385);
#3855=AXIS2_PLACEMENT_3D('',#5536,#4386,#4387);
#3856=AXIS2_PLACEMENT_3D('',#5537,#4388,#4389);
#3857=AXIS2_PLACEMENT_3D('',#5538,#4390,#4391);
#3858=AXIS2_PLACEMENT_3D('',#5539,#4392,#4393);
#3859=AXIS2_PLACEMENT_3D('',#5540,#4394,#4395);
#3860=AXIS2_PLACEMENT_3D('',#5541,#4396,#4397);
#3861=AXIS2_PLACEMENT_3D('',#5542,#4398,#4399);
#3862=AXIS2_PLACEMENT_3D('',#5543,#4400,#4401);
#3863=AXIS2_PLACEMENT_3D('',#5544,#4402,#4403);
#3864=AXIS2_PLACEMENT_3D('',#5545,#4404,#4405);
#3865=AXIS2_PLACEMENT_3D('',#5548,#4407,#4408);
#3866=AXIS2_PLACEMENT_3D('',#5551,#4410,#4411);
#3867=AXIS2_PLACEMENT_3D('',#5555,#4413,#4414);
#3868=AXIS2_PLACEMENT_3D('',#5559,#4416,#4417);
#3869=AXIS2_PLACEMENT_3D('',#5560,#4418,#4419);
#3870=AXIS2_PLACEMENT_3D('',#5561,#4420,#4421);
#3871=AXIS2_PLACEMENT_3D('',#5565,#4423,#4424);
#3872=AXIS2_PLACEMENT_3D('',#5569,#4426,#4427);
#3873=AXIS2_PLACEMENT_3D('',#5570,#4428,#4429);
#3874=AXIS2_PLACEMENT_3D('',#5574,#4431,#4432);
#3875=AXIS2_PLACEMENT_3D('',#5576,#4433,#4434);
#3876=AXIS2_PLACEMENT_3D('',#5578,#4435,#4436);
#3877=AXIS2_PLACEMENT_3D('',#5582,#4438,#4439);
#3878=AXIS2_PLACEMENT_3D('',#5583,#4440,#4441);
#3879=AXIS2_PLACEMENT_3D('',#5586,#4443,#4444);
#3880=AXIS2_PLACEMENT_3D('',#5589,#4446,#4447);
#3881=AXIS2_PLACEMENT_3D('',#5593,#4449,#4450);
#3882=AXIS2_PLACEMENT_3D('',#5597,#4453,#4454);
#3883=AXIS2_PLACEMENT_3D('',#5598,#4455,#4456);
#3884=AXIS2_PLACEMENT_3D('',#5605,#4460,#4461);
#3885=AXIS2_PLACEMENT_3D('',#5606,#4462,#4463);
#3886=AXIS2_PLACEMENT_3D('',#5613,#4464,#4465);
#3887=AXIS2_PLACEMENT_3D('',#5614,#4466,#4467);
#3888=AXIS2_PLACEMENT_3D('',#5621,#4468,#4469);
#3889=AXIS2_PLACEMENT_3D('',#5622,#4470,#4471);
#3890=AXIS2_PLACEMENT_3D('',#5623,#4472,#4473);
#3891=AXIS2_PLACEMENT_3D('',#5624,#4474,#4475);
#3892=AXIS2_PLACEMENT_3D('',#5625,#4476,#4477);
#3893=AXIS2_PLACEMENT_3D('',#5626,#4478,#4479);
#3894=AXIS2_PLACEMENT_3D('',#5627,#4480,#4481);
#3895=AXIS2_PLACEMENT_3D('',#5640,#4482,#4483);
#3896=AXIS2_PLACEMENT_3D('',#5653,#4484,#4485);
#3897=AXIS2_PLACEMENT_3D('',#5654,#4486,#4487);
#3898=AXIS2_PLACEMENT_3D('',#5655,#4488,#4489);
#3899=AXIS2_PLACEMENT_3D('',#5656,#4490,#4491);
#3900=AXIS2_PLACEMENT_3D('',#5657,#4492,#4493);
#3901=AXIS2_PLACEMENT_3D('',#5658,#4494,#4495);
#3902=AXIS2_PLACEMENT_3D('',#5659,#4496,#4497);
#3903=AXIS2_PLACEMENT_3D('',#5660,#4498,#4499);
#3904=AXIS2_PLACEMENT_3D('',#5661,#4500,#4501);
#3905=AXIS2_PLACEMENT_3D('',#5662,#4502,#4503);
#3906=AXIS2_PLACEMENT_3D('',#5665,#4505,#4506);
#3907=AXIS2_PLACEMENT_3D('',#5668,#4508,#4509);
#3908=AXIS2_PLACEMENT_3D('',#5672,#4511,#4512);
#3909=AXIS2_PLACEMENT_3D('',#5676,#4514,#4515);
#3910=AXIS2_PLACEMENT_3D('',#5677,#4516,#4517);
#3911=AXIS2_PLACEMENT_3D('',#5678,#4518,#4519);
#3912=AXIS2_PLACEMENT_3D('',#5682,#4521,#4522);
#3913=AXIS2_PLACEMENT_3D('',#5686,#4524,#4525);
#3914=AXIS2_PLACEMENT_3D('',#5687,#4526,#4527);
#3915=AXIS2_PLACEMENT_3D('',#5691,#4529,#4530);
#3916=AXIS2_PLACEMENT_3D('',#5693,#4531,#4532);
#3917=AXIS2_PLACEMENT_3D('',#5695,#4533,#4534);
#3918=AXIS2_PLACEMENT_3D('',#5699,#4536,#4537);
#3919=AXIS2_PLACEMENT_3D('',#5700,#4538,#4539);
#3920=AXIS2_PLACEMENT_3D('',#5703,#4541,#4542);
#3921=AXIS2_PLACEMENT_3D('',#5706,#4544,#4545);
#3922=AXIS2_PLACEMENT_3D('',#5710,#4547,#4548);
#3923=AXIS2_PLACEMENT_3D('',#5714,#4551,#4552);
#3924=AXIS2_PLACEMENT_3D('',#5715,#4553,#4554);
#3925=AXIS2_PLACEMENT_3D('',#5722,#4558,#4559);
#3926=AXIS2_PLACEMENT_3D('',#5723,#4560,#4561);
#3927=AXIS2_PLACEMENT_3D('',#5730,#4562,#4563);
#3928=AXIS2_PLACEMENT_3D('',#5731,#4564,#4565);
#3929=AXIS2_PLACEMENT_3D('',#5738,#4566,#4567);
#3930=AXIS2_PLACEMENT_3D('',#5739,#4568,#4569);
#3931=AXIS2_PLACEMENT_3D('',#5740,#4570,#4571);
#3932=AXIS2_PLACEMENT_3D('',#5741,#4572,#4573);
#3933=AXIS2_PLACEMENT_3D('',#5742,#4574,#4575);
#3934=AXIS2_PLACEMENT_3D('',#5743,#4576,#4577);
#3935=AXIS2_PLACEMENT_3D('',#5744,#4578,#4579);
#3936=AXIS2_PLACEMENT_3D('',#5757,#4580,#4581);
#3937=AXIS2_PLACEMENT_3D('',#5770,#4582,#4583);
#3938=AXIS2_PLACEMENT_3D('',#5771,#4584,#4585);
#3939=AXIS2_PLACEMENT_3D('',#5772,#4586,#4587);
#3940=AXIS2_PLACEMENT_3D('',#5773,#4588,#4589);
#3941=AXIS2_PLACEMENT_3D('',#5774,#4590,#4591);
#3942=AXIS2_PLACEMENT_3D('',#5775,#4592,#4593);
#3943=AXIS2_PLACEMENT_3D('',#5776,#4594,#4595);
#3944=AXIS2_PLACEMENT_3D('',#5777,#4596,#4597);
#3945=AXIS2_PLACEMENT_3D('',#5778,#4598,#4599);
#3946=AXIS2_PLACEMENT_3D('',#5779,#4600,#4601);
#3947=AXIS2_PLACEMENT_3D('',#5783,#4603,#4604);
#3948=AXIS2_PLACEMENT_3D('',#5786,#4606,#4607);
#3949=AXIS2_PLACEMENT_3D('',#5790,#4609,#4610);
#3950=AXIS2_PLACEMENT_3D('',#5794,#4612,#4613);
#3951=AXIS2_PLACEMENT_3D('',#5795,#4614,#4615);
#3952=AXIS2_PLACEMENT_3D('',#5796,#4616,#4617);
#3953=AXIS2_PLACEMENT_3D('',#5800,#4619,#4620);
#3954=AXIS2_PLACEMENT_3D('',#5804,#4622,#4623);
#3955=AXIS2_PLACEMENT_3D('',#5805,#4624,#4625);
#3956=AXIS2_PLACEMENT_3D('',#5809,#4627,#4628);
#3957=AXIS2_PLACEMENT_3D('',#5811,#4629,#4630);
#3958=AXIS2_PLACEMENT_3D('',#5813,#4631,#4632);
#3959=AXIS2_PLACEMENT_3D('',#5817,#4634,#4635);
#3960=AXIS2_PLACEMENT_3D('',#5818,#4636,#4637);
#3961=AXIS2_PLACEMENT_3D('',#5821,#4639,#4640);
#3962=AXIS2_PLACEMENT_3D('',#5824,#4642,#4643);
#3963=AXIS2_PLACEMENT_3D('',#5828,#4645,#4646);
#3964=AXIS2_PLACEMENT_3D('',#5832,#4649,#4650);
#3965=AXIS2_PLACEMENT_3D('',#5833,#4651,#4652);
#3966=AXIS2_PLACEMENT_3D('',#5840,#4656,#4657);
#3967=AXIS2_PLACEMENT_3D('',#5841,#4658,#4659);
#3968=AXIS2_PLACEMENT_3D('',#5848,#4660,#4661);
#3969=AXIS2_PLACEMENT_3D('',#5849,#4662,#4663);
#3970=AXIS2_PLACEMENT_3D('',#5856,#4664,#4665);
#3971=AXIS2_PLACEMENT_3D('',#5857,#4666,#4667);
#3972=AXIS2_PLACEMENT_3D('',#5858,#4668,#4669);
#3973=AXIS2_PLACEMENT_3D('',#5859,#4670,#4671);
#3974=AXIS2_PLACEMENT_3D('',#5860,#4672,#4673);
#3975=AXIS2_PLACEMENT_3D('',#5861,#4674,#4675);
#3976=AXIS2_PLACEMENT_3D('',#5862,#4676,#4677);
#3977=AXIS2_PLACEMENT_3D('',#5875,#4678,#4679);
#3978=AXIS2_PLACEMENT_3D('',#5890,#4681,#4682);
#3979=AXIS2_PLACEMENT_3D('',#5891,#4683,#4684);
#3980=AXIS2_PLACEMENT_3D('',#5892,#4685,#4686);
#3981=AXIS2_PLACEMENT_3D('',#5893,#4687,#4688);
#3982=AXIS2_PLACEMENT_3D('',#5894,#4689,#4690);
#3983=AXIS2_PLACEMENT_3D('',#5895,#4691,#4692);
#3984=AXIS2_PLACEMENT_3D('',#5896,#4693,#4694);
#3985=AXIS2_PLACEMENT_3D('',#5897,#4695,#4696);
#3986=AXIS2_PLACEMENT_3D('',#5898,#4697,#4698);
#3987=AXIS2_PLACEMENT_3D('',#5899,#4699,#4700);
#3988=AXIS2_PLACEMENT_3D('',#5903,#4702,#4703);
#3989=AXIS2_PLACEMENT_3D('',#5904,#4704,#4705);
#3990=AXIS2_PLACEMENT_3D('',#5908,#4707,#4708);
#3991=AXIS2_PLACEMENT_3D('',#5912,#4710,#4711);
#3992=AXIS2_PLACEMENT_3D('',#5913,#4712,#4713);
#3993=AXIS2_PLACEMENT_3D('',#5917,#4715,#4716);
#3994=AXIS2_PLACEMENT_3D('',#5921,#4718,#4719);
#3995=AXIS2_PLACEMENT_3D('',#5922,#4720,#4721);
#3996=AXIS2_PLACEMENT_3D('',#5926,#4723,#4724);
#3997=AXIS2_PLACEMENT_3D('',#5930,#4726,#4727);
#3998=AXIS2_PLACEMENT_3D('',#5931,#4728,#4729);
#3999=AXIS2_PLACEMENT_3D('',#5932,#4730,#4731);
#4000=AXIS2_PLACEMENT_3D('',#5937,#4733,#4734);
#4001=AXIS2_PLACEMENT_3D('',#5940,#4736,#4737);
#4002=AXIS2_PLACEMENT_3D('',#5944,#4739,#4740);
#4003=AXIS2_PLACEMENT_3D('',#5948,#4742,#4743);
#4004=AXIS2_PLACEMENT_3D('',#5949,#4744,#4745);
#4005=AXIS2_PLACEMENT_3D('',#5950,#4746,#4747);
#4006=AXIS2_PLACEMENT_3D('',#5955,#4749,#4750);
#4007=AXIS2_PLACEMENT_3D('',#5958,#4752,#4753);
#4008=AXIS2_PLACEMENT_3D('',#5962,#4755,#4756);
#4009=AXIS2_PLACEMENT_3D('',#5966,#4758,#4759);
#4010=AXIS2_PLACEMENT_3D('',#5967,#4760,#4761);
#4011=AXIS2_PLACEMENT_3D('',#5968,#4762,#4763);
#4012=AXIS2_PLACEMENT_3D('',#5973,#4765,#4766);
#4013=AXIS2_PLACEMENT_3D('',#5976,#4768,#4769);
#4014=AXIS2_PLACEMENT_3D('',#5980,#4771,#4772);
#4015=AXIS2_PLACEMENT_3D('',#5984,#4774,#4775);
#4016=AXIS2_PLACEMENT_3D('',#5985,#4776,#4777);
#4017=AXIS2_PLACEMENT_3D('',#5986,#4778,#4779);
#4018=AXIS2_PLACEMENT_3D('',#5991,#4781,#4782);
#4019=AXIS2_PLACEMENT_3D('',#5994,#4784,#4785);
#4020=AXIS2_PLACEMENT_3D('',#5998,#4787,#4788);
#4021=AXIS2_PLACEMENT_3D('',#6002,#4790,#4791);
#4022=AXIS2_PLACEMENT_3D('',#6003,#4792,#4793);
#4023=AXIS2_PLACEMENT_3D('',#6004,#4794,#4795);
#4024=AXIS2_PLACEMENT_3D('',#6009,#4797,#4798);
#4025=AXIS2_PLACEMENT_3D('',#6012,#4800,#4801);
#4026=AXIS2_PLACEMENT_3D('',#6013,#4802,#4803);
#4027=AXIS2_PLACEMENT_3D('',#6018,#4805,#4806);
#4028=AXIS2_PLACEMENT_3D('',#6021,#4808,#4809);
#4029=AXIS2_PLACEMENT_3D('',#6022,#4810,#4811);
#4030=AXIS2_PLACEMENT_3D('',#6027,#4813,#4814);
#4031=AXIS2_PLACEMENT_3D('',#6030,#4816,#4817);
#4032=AXIS2_PLACEMENT_3D('',#6034,#4819,#4820);
#4033=AXIS2_PLACEMENT_3D('',#6038,#4822,#4823);
#4034=AXIS2_PLACEMENT_3D('',#6039,#4824,#4825);
#4035=AXIS2_PLACEMENT_3D('',#6040,#4826,#4827);
#4036=AXIS2_PLACEMENT_3D('',#6045,#4829,#4830);
#4037=AXIS2_PLACEMENT_3D('',#6048,#4832,#4833);
#4038=AXIS2_PLACEMENT_3D('',#6049,#4834,#4835);
#4039=AXIS2_PLACEMENT_3D('',#6054,#4837,#4838);
#4040=AXIS2_PLACEMENT_3D('',#6057,#4840,#4841);
#4041=AXIS2_PLACEMENT_3D('',#6058,#4842,#4843);
#4042=AXIS2_PLACEMENT_3D('',#6063,#4845,#4846);
#4043=AXIS2_PLACEMENT_3D('',#6066,#4848,#4849);
#4044=AXIS2_PLACEMENT_3D('',#6067,#4850,#4851);
#4045=AXIS2_PLACEMENT_3D('',#6069,#4852,#4853);
#4046=AXIS2_PLACEMENT_3D('',#6143,#4854,#4855);
#4047=AXIS2_PLACEMENT_3D('',#6145,#4856,#4857);
#4048=AXIS2_PLACEMENT_3D('',#6147,#4858,#4859);
#4049=AXIS2_PLACEMENT_3D('',#6220,#4860,#4861);
#4050=AXIS2_PLACEMENT_3D('',#6222,#4862,#4863);
#4051=AXIS2_PLACEMENT_3D('',#6224,#4864,#4865);
#4052=AXIS2_PLACEMENT_3D('',#6297,#4866,#4867);
#4053=AXIS2_PLACEMENT_3D('',#6299,#4868,#4869);
#4054=AXIS2_PLACEMENT_3D('',#6301,#4870,#4871);
#4055=AXIS2_PLACEMENT_3D('',#6374,#4872,#4873);
#4056=AXIS2_PLACEMENT_3D('',#6376,#4874,#4875);
#4057=AXIS2_PLACEMENT_3D('',#6378,#4876,#4877);
#4058=AXIS2_PLACEMENT_3D('',#6451,#4878,#4879);
#4059=AXIS2_PLACEMENT_3D('',#6453,#4880,#4881);
#4060=AXIS2_PLACEMENT_3D('',#6455,#4882,#4883);
#4061=AXIS2_PLACEMENT_3D('',#6528,#4884,#4885);
#4062=AXIS2_PLACEMENT_3D('',#6530,#4886,#4887);
#4063=AXIS2_PLACEMENT_3D('',#6532,#4888,#4889);
#4064=AXIS2_PLACEMENT_3D('',#6605,#4890,#4891);
#4065=AXIS2_PLACEMENT_3D('',#6607,#4892,#4893);
#4066=AXIS2_PLACEMENT_3D('',#6609,#4894,#4895);
#4067=AXIS2_PLACEMENT_3D('',#6682,#4896,#4897);
#4068=AXIS2_PLACEMENT_3D('',#6684,#4898,#4899);
#4069=AXIS2_PLACEMENT_3D('',#6686,#4900,#4901);
#4070=AXIS2_PLACEMENT_3D('',#6759,#4902,#4903);
#4071=AXIS2_PLACEMENT_3D('',#6761,#4904,#4905);
#4072=AXIS2_PLACEMENT_3D('',#6763,#4906,#4907);
#4073=AXIS2_PLACEMENT_3D('',#6836,#4908,#4909);
#4074=AXIS2_PLACEMENT_3D('',#6838,#4910,#4911);
#4075=AXIS2_PLACEMENT_3D('',#6840,#4912,#4913);
#4076=AXIS2_PLACEMENT_3D('',#6913,#4914,#4915);
#4077=AXIS2_PLACEMENT_3D('',#6915,#4916,#4917);
#4078=AXIS2_PLACEMENT_3D('',#6917,#4918,#4919);
#4079=AXIS2_PLACEMENT_3D('',#6990,#4920,#4921);
#4080=AXIS2_PLACEMENT_3D('',#6992,#4922,#4923);
#4081=AXIS2_PLACEMENT_3D('',#6994,#4924,#4925);
#4082=AXIS2_PLACEMENT_3D('',#7067,#4926,#4927);
#4083=AXIS2_PLACEMENT_3D('',#7069,#4928,#4929);
#4084=AXIS2_PLACEMENT_3D('',#7071,#4930,#4931);
#4085=AXIS2_PLACEMENT_3D('',#7144,#4932,#4933);
#4086=AXIS2_PLACEMENT_3D('',#7146,#4934,#4935);
#4087=AXIS2_PLACEMENT_3D('',#7148,#4936,#4937);
#4088=AXIS2_PLACEMENT_3D('',#7221,#4938,#4939);
#4089=AXIS2_PLACEMENT_3D('',#7223,#4940,#4941);
#4090=AXIS2_PLACEMENT_3D('',#7225,#4942,#4943);
#4091=AXIS2_PLACEMENT_3D('',#7298,#4944,#4945);
#4092=AXIS2_PLACEMENT_3D('',#7300,#4946,#4947);
#4093=AXIS2_PLACEMENT_3D('',#7302,#4948,#4949);
#4094=AXIS2_PLACEMENT_3D('',#7375,#4950,#4951);
#4095=AXIS2_PLACEMENT_3D('',#7377,#4952,#4953);
#4096=AXIS2_PLACEMENT_3D('',#7379,#4954,#4955);
#4097=AXIS2_PLACEMENT_3D('',#7452,#4956,#4957);
#4098=AXIS2_PLACEMENT_3D('',#7454,#4958,#4959);
#4099=AXIS2_PLACEMENT_3D('',#7585,#4962,#4963);
#4100=AXIS2_PLACEMENT_3D('',#7588,#4965,#4966);
#4101=AXIS2_PLACEMENT_3D('',#7591,#4968,#4969);
#4102=AXIS2_PLACEMENT_3D('',#7592,#4970,#4971);
#4103=AXIS2_PLACEMENT_3D('',#7593,#4972,#4973);
#4104=AXIS2_PLACEMENT_3D('',#7594,#4974,#4975);
#4105=AXIS2_PLACEMENT_3D('',#7725,#4978,#4979);
#4106=AXIS2_PLACEMENT_3D('',#7728,#4981,#4982);
#4107=AXIS2_PLACEMENT_3D('',#7731,#4984,#4985);
#4108=AXIS2_PLACEMENT_3D('',#7732,#4986,#4987);
#4109=AXIS2_PLACEMENT_3D('',#7733,#4988,#4989);
#4110=AXIS2_PLACEMENT_3D('',#7734,#4990,#4991);
#4111=AXIS2_PLACEMENT_3D('',#7865,#4994,#4995);
#4112=AXIS2_PLACEMENT_3D('',#7868,#4997,#4998);
#4113=AXIS2_PLACEMENT_3D('',#7871,#5000,#5001);
#4114=AXIS2_PLACEMENT_3D('',#7872,#5002,#5003);
#4115=AXIS2_PLACEMENT_3D('',#7873,#5004,#5005);
#4116=AXIS2_PLACEMENT_3D('',#7874,#5006,#5007);
#4117=AXIS2_PLACEMENT_3D('',#8005,#5010,#5011);
#4118=AXIS2_PLACEMENT_3D('',#8008,#5013,#5014);
#4119=AXIS2_PLACEMENT_3D('',#8011,#5016,#5017);
#4120=AXIS2_PLACEMENT_3D('',#8012,#5018,#5019);
#4121=AXIS2_PLACEMENT_3D('',#8013,#5020,#5021);
#4122=AXIS2_PLACEMENT_3D('',#8014,#5022,#5023);
#4123=AXIS2_PLACEMENT_3D('',#8145,#5026,#5027);
#4124=AXIS2_PLACEMENT_3D('',#8148,#5029,#5030);
#4125=AXIS2_PLACEMENT_3D('',#8151,#5032,#5033);
#4126=AXIS2_PLACEMENT_3D('',#8152,#5034,#5035);
#4127=AXIS2_PLACEMENT_3D('',#8153,#5036,#5037);
#4128=AXIS2_PLACEMENT_3D('',#8154,#5038,#5039);
#4129=AXIS2_PLACEMENT_3D('',#8285,#5042,#5043);
#4130=AXIS2_PLACEMENT_3D('',#8288,#5045,#5046);
#4131=AXIS2_PLACEMENT_3D('',#8291,#5048,#5049);
#4132=AXIS2_PLACEMENT_3D('',#8292,#5050,#5051);
#4133=AXIS2_PLACEMENT_3D('',#8293,#5052,#5053);
#4134=AXIS2_PLACEMENT_3D('',#8294,#5054,#5055);
#4135=AXIS2_PLACEMENT_3D('',#8425,#5058,#5059);
#4136=AXIS2_PLACEMENT_3D('',#8428,#5061,#5062);
#4137=AXIS2_PLACEMENT_3D('',#8431,#5064,#5065);
#4138=AXIS2_PLACEMENT_3D('',#8432,#5066,#5067);
#4139=AXIS2_PLACEMENT_3D('',#8433,#5068,#5069);
#4140=AXIS2_PLACEMENT_3D('',#8434,#5070,#5071);
#4141=AXIS2_PLACEMENT_3D('',#8565,#5074,#5075);
#4142=AXIS2_PLACEMENT_3D('',#8568,#5077,#5078);
#4143=AXIS2_PLACEMENT_3D('',#8571,#5080,#5081);
#4144=AXIS2_PLACEMENT_3D('',#8572,#5082,#5083);
#4145=AXIS2_PLACEMENT_3D('',#8573,#5084,#5085);
#4146=AXIS2_PLACEMENT_3D('',#8574,#5086,#5087);
#4147=AXIS2_PLACEMENT_3D('',#8705,#5090,#5091);
#4148=AXIS2_PLACEMENT_3D('',#8708,#5093,#5094);
#4149=AXIS2_PLACEMENT_3D('',#8711,#5096,#5097);
#4150=AXIS2_PLACEMENT_3D('',#8712,#5098,#5099);
#4151=AXIS2_PLACEMENT_3D('',#8713,#5100,#5101);
#4152=AXIS2_PLACEMENT_3D('',#8714,#5102,#5103);
#4153=AXIS2_PLACEMENT_3D('',#8845,#5106,#5107);
#4154=AXIS2_PLACEMENT_3D('',#8848,#5109,#5110);
#4155=AXIS2_PLACEMENT_3D('',#8851,#5112,#5113);
#4156=AXIS2_PLACEMENT_3D('',#8852,#5114,#5115);
#4157=AXIS2_PLACEMENT_3D('',#8853,#5116,#5117);
#4158=AXIS2_PLACEMENT_3D('',#8854,#5118,#5119);
#4159=AXIS2_PLACEMENT_3D('',#8985,#5122,#5123);
#4160=AXIS2_PLACEMENT_3D('',#8988,#5125,#5126);
#4161=AXIS2_PLACEMENT_3D('',#8991,#5128,#5129);
#4162=AXIS2_PLACEMENT_3D('',#8992,#5130,#5131);
#4163=AXIS2_PLACEMENT_3D('',#8993,#5132,#5133);
#4164=AXIS2_PLACEMENT_3D('',#8994,#5134,#5135);
#4165=AXIS2_PLACEMENT_3D('',#9125,#5138,#5139);
#4166=AXIS2_PLACEMENT_3D('',#9128,#5141,#5142);
#4167=AXIS2_PLACEMENT_3D('',#9131,#5144,#5145);
#4168=AXIS2_PLACEMENT_3D('',#9132,#5146,#5147);
#4169=AXIS2_PLACEMENT_3D('',#9133,#5148,#5149);
#4170=AXIS2_PLACEMENT_3D('',#9134,#5150,#5151);
#4171=AXIS2_PLACEMENT_3D('',#9265,#5154,#5155);
#4172=AXIS2_PLACEMENT_3D('',#9268,#5157,#5158);
#4173=AXIS2_PLACEMENT_3D('',#9271,#5160,#5161);
#4174=AXIS2_PLACEMENT_3D('',#9272,#5162,#5163);
#4175=AXIS2_PLACEMENT_3D('',#9273,#5164,#5165);
#4176=AXIS2_PLACEMENT_3D('',#9274,#5166,#5167);
#4177=AXIS2_PLACEMENT_3D('',#9405,#5170,#5171);
#4178=AXIS2_PLACEMENT_3D('',#9408,#5173,#5174);
#4179=AXIS2_PLACEMENT_3D('',#9411,#5176,#5177);
#4180=AXIS2_PLACEMENT_3D('',#9412,#5178,#5179);
#4181=AXIS2_PLACEMENT_3D('',#9413,#5180,#5181);
#4182=AXIS2_PLACEMENT_3D('',#9414,#5182,#5183);
#4183=AXIS2_PLACEMENT_3D('',#9545,#5186,#5187);
#4184=AXIS2_PLACEMENT_3D('',#9548,#5189,#5190);
#4185=AXIS2_PLACEMENT_3D('',#9551,#5192,#5193);
#4186=AXIS2_PLACEMENT_3D('',#9552,#5194,#5195);
#4187=AXIS2_PLACEMENT_3D('',#9553,#5196,#5197);
#4188=AXIS2_PLACEMENT_3D('',#9554,#5198,#5199);
#4189=AXIS2_PLACEMENT_3D('',#9685,#5202,#5203);
#4190=AXIS2_PLACEMENT_3D('',#9688,#5205,#5206);
#4191=AXIS2_PLACEMENT_3D('',#9691,#5208,#5209);
#4192=AXIS2_PLACEMENT_3D('',#9692,#5210,#5211);
#4193=AXIS2_PLACEMENT_3D('',#9693,#5212,#5213);
#4194=AXIS2_PLACEMENT_3D('',#9694,#5214,#5215);
#4195=AXIS2_PLACEMENT_3D('',#9825,#5218,#5219);
#4196=AXIS2_PLACEMENT_3D('',#9828,#5221,#5222);
#4197=AXIS2_PLACEMENT_3D('',#9831,#5224,#5225);
#4198=AXIS2_PLACEMENT_3D('',#9832,#5226,#5227);
#4199=AXIS2_PLACEMENT_3D('',#9833,#5228,#5229);
#4200=AXIS2_PLACEMENT_3D('',#9834,#5230,#5231);
#4201=AXIS2_PLACEMENT_3D('',#9965,#5234,#5235);
#4202=AXIS2_PLACEMENT_3D('',#9968,#5237,#5238);
#4203=AXIS2_PLACEMENT_3D('',#9971,#5240,#5241);
#4204=AXIS2_PLACEMENT_3D('',#9972,#5242,#5243);
#4205=AXIS2_PLACEMENT_3D('',#9973,#5244,#5245);
#4206=AXIS2_PLACEMENT_3D('',#9974,#5246,#5247);
#4207=AXIS2_PLACEMENT_3D('',#9975,#5248,#5249);
#4208=AXIS2_PLACEMENT_3D('',#9976,#5250,#5251);
#4209=AXIS2_PLACEMENT_3D('',#9977,#5252,#5253);
#4210=AXIS2_PLACEMENT_3D('',#9978,#5254,#5255);
#4211=AXIS2_PLACEMENT_3D('',#9980,#5256,#5257);
#4212=AXIS2_PLACEMENT_3D('',#9982,#5258,#5259);
#4213=AXIS2_PLACEMENT_3D('',#9984,#5260,#5261);
#4214=AXIS2_PLACEMENT_3D('',#9986,#5262,#5263);
#4215=AXIS2_PLACEMENT_3D('',#9988,#5264,#5265);
#4216=AXIS2_PLACEMENT_3D('',#9990,#5266,#5267);
#4217=AXIS2_PLACEMENT_3D('',#9993,#5269,#5270);
#4218=AXIS2_PLACEMENT_3D('',#9996,#5272,#5273);
#4219=AXIS2_PLACEMENT_3D('',#9997,#5274,#5275);
#4220=AXIS2_PLACEMENT_3D('',#10002,#5277,#5278);
#4221=AXIS2_PLACEMENT_3D('',#10005,#5280,#5281);
#4222=AXIS2_PLACEMENT_3D('',#10009,#5283,#5284);
#4223=AXIS2_PLACEMENT_3D('',#10010,#5285,#5286);
#4224=AXIS2_PLACEMENT_3D('',#10014,#5288,#5289);
#4225=AXIS2_PLACEMENT_3D('',#10015,#5290,#5291);
#4226=AXIS2_PLACEMENT_3D('',#10019,#5293,#5294);
#4227=AXIS2_PLACEMENT_3D('',#10023,#5296,#5297);
#4228=AXIS2_PLACEMENT_3D('',#10024,#5298,#5299);
#4229=AXIS2_PLACEMENT_3D('',#10028,#5301,#5302);
#4230=AXIS2_PLACEMENT_3D('',#10032,#5304,#5305);
#4231=AXIS2_PLACEMENT_3D('',#10033,#5306,#5307);
#4232=AXIS2_PLACEMENT_3D('',#10034,#5308,#5309);
#4233=AXIS2_PLACEMENT_3D('',#10038,#5311,#5312);
#4234=AXIS2_PLACEMENT_3D('',#10042,#5315,#5316);
#4235=AXIS2_PLACEMENT_3D('',#10043,#5317,#5318);
#4236=AXIS2_PLACEMENT_3D('',#10050,#5322,#5323);
#4237=AXIS2_PLACEMENT_3D('',#10063,#5324,#5325);
#4238=AXIS2_PLACEMENT_3D('',#10064,#5326,#5327);
#4239=AXIS2_PLACEMENT_3D('',#10073,#5328,#5329);
#4240=AXIS2_PLACEMENT_3D('',#10074,#5330,#5331);
#4241=AXIS2_PLACEMENT_3D('',#10075,#5332,#5333);
#4242=AXIS2_PLACEMENT_3D('',#10076,#5334,#5335);
#4243=AXIS2_PLACEMENT_3D('',#10077,#5336,#5337);
#4244=AXIS2_PLACEMENT_3D('',#10082,#5338,#5339);
#4245=AXIS2_PLACEMENT_3D('',#10083,#5340,#5341);
#4246=AXIS2_PLACEMENT_3D('',#10084,#5342,#5343);
#4247=AXIS2_PLACEMENT_3D('',#10085,#5344,#5345);
#4248=AXIS2_PLACEMENT_3D('',#10086,#5346,#5347);
#4249=AXIS2_PLACEMENT_3D('',#10087,#5348,#5349);
#4250=AXIS2_PLACEMENT_3D('',#10088,#5350,#5351);
#4251=AXIS2_PLACEMENT_3D('',#10089,#5352,#5353);
#4252=AXIS2_PLACEMENT_3D('',#10096,#5354,#5355);
#4253=AXIS2_PLACEMENT_3D('',#10097,#5356,#5357);
#4254=AXIS2_PLACEMENT_3D('',#10098,#5358,#5359);
#4255=AXIS2_PLACEMENT_3D('',#10105,#5360,#5361);
#4256=AXIS2_PLACEMENT_3D('',#10106,#5362,#5363);
#4257=AXIS2_PLACEMENT_3D('',#10107,#5364,#5365);
#4258=AXIS2_PLACEMENT_3D('',#10108,#5366,#5367);
#4259=AXIS2_PLACEMENT_3D('',#10110,#5368,#5369);
#4260=AXIS2_PLACEMENT_3D('',#10111,#5370,#5371);
#4261=AXIS2_PLACEMENT_3D('',#10112,#5372,#5373);
#4262=AXIS2_PLACEMENT_3D('',#10114,#5374,#5375);
#4263=AXIS2_PLACEMENT_3D('',#10115,#5376,#5377);
#4264=AXIS2_PLACEMENT_3D('',#10116,#5378,#5379);
#4265=AXIS2_PLACEMENT_3D('',#10118,#5380,#5381);
#4266=AXIS2_PLACEMENT_3D('',#10119,#5382,#5383);
#4267=AXIS2_PLACEMENT_3D('',#10120,#5384,#5385);
#4268=AXIS2_PLACEMENT_3D('',#10122,#5386,#5387);
#4269=AXIS2_PLACEMENT_3D('',#10123,#5388,#5389);
#4270=DIRECTION('',(0.,0.,1.));
#4271=DIRECTION('',(1.,0.,0.));
#4272=DIRECTION('',(0.,-1.,0.));
#4273=DIRECTION('',(0.,0.,-1.));
#4274=DIRECTION('',(0.,-1.,0.));
#4275=DIRECTION('',(0.,-1.,0.));
#4276=DIRECTION('',(0.,0.,-1.));
#4277=DIRECTION('',(0.,-1.,0.));
#4278=DIRECTION('',(0.,-1.,0.));
#4279=DIRECTION('',(0.,0.,-1.));
#4280=DIRECTION('',(0.,-1.,0.));
#4281=DIRECTION('',(0.,0.,-1.));
#4282=DIRECTION('',(0.,-1.,0.));
#4283=DIRECTION('',(0.,-1.,0.));
#4284=DIRECTION('',(0.,0.,-1.));
#4285=DIRECTION('',(0.,-1.,0.));
#4286=DIRECTION('',(0.,-1.,0.));
#4287=DIRECTION('',(0.,0.,-1.));
#4288=DIRECTION('',(0.,-1.,0.));
#4289=DIRECTION('',(0.,0.,-1.));
#4290=DIRECTION('',(0.,-1.,0.));
#4291=DIRECTION('',(0.,-1.,0.));
#4292=DIRECTION('',(0.,0.,-1.));
#4293=DIRECTION('',(0.,-1.,0.));
#4294=DIRECTION('',(0.,-1.,0.));
#4295=DIRECTION('',(0.,0.,-1.));
#4296=DIRECTION('',(0.,-1.,0.));
#4297=DIRECTION('',(0.,0.,-1.));
#4298=DIRECTION('',(0.,-1.,0.));
#4299=DIRECTION('',(0.,-1.,0.));
#4300=DIRECTION('',(0.,0.,-1.));
#4301=DIRECTION('',(0.,-1.,0.));
#4302=DIRECTION('',(0.,-1.,0.));
#4303=DIRECTION('',(0.,0.,-1.));
#4304=DIRECTION('',(0.,-1.,0.));
#4305=DIRECTION('',(0.951056516295154,0.,-0.309016994374948));
#4306=DIRECTION('',(0.,-1.,0.));
#4307=DIRECTION('',(0.951056516295154,0.,-0.309016994374948));
#4308=DIRECTION('',(0.,-1.,0.));
#4309=DIRECTION('',(0.,-1.,0.));
#4310=DIRECTION('',(0.951056516295154,0.,-0.309016994374948));
#4311=DIRECTION('',(0.,-1.,0.));
#4312=DIRECTION('',(0.,-1.,0.));
#4313=DIRECTION('',(0.951056516295154,0.,-0.309016994374948));
#4314=DIRECTION('',(-0.902585284349861,0.,0.430511096808294));
#4315=DIRECTION('',(0.,-1.,0.));
#4316=DIRECTION('',(0.951056516295154,0.,-0.309016994374948));
#4317=DIRECTION('',(-0.983254907563955,0.,0.182235525492147));
#4318=DIRECTION('',(0.,-1.,0.));
#4319=DIRECTION('',(0.951056516295154,0.,-0.309016994374948));
#4320=DIRECTION('',(0.,-1.,0.));
#4321=DIRECTION('',(0.951056516295154,0.,-0.309016994374948));
#4322=DIRECTION('',(0.,-1.,0.));
#4323=DIRECTION('',(0.951056516295154,0.,-0.309016994374948));
#4324=DIRECTION('',(0.,-1.,0.));
#4325=DIRECTION('',(0.,-1.,0.));
#4326=DIRECTION('',(0.951056516295154,0.,-0.309016994374948));
#4327=DIRECTION('',(0.,-1.,0.));
#4328=DIRECTION('',(0.,1.,0.));
#4329=DIRECTION('',(-0.951056516295154,0.,0.309016994374948));
#4330=DIRECTION('',(0.,1.,0.));
#4331=DIRECTION('',(-0.951056516295154,0.,0.309016994374948));
#4332=DIRECTION('',(0.902585284349861,0.,-0.430511096808294));
#4333=DIRECTION('',(0.,1.,0.));
#4334=DIRECTION('',(-0.951056516295154,0.,0.309016994374948));
#4335=DIRECTION('',(0.,-1.,0.));
#4336=DIRECTION('',(0.951056516295154,0.,-0.309016994374948));
#4337=DIRECTION('',(0.,1.,0.));
#4338=DIRECTION('',(-0.951056516295154,0.,0.309016994374948));
#4339=DIRECTION('',(0.983254907563955,0.,-0.182235525492147));
#4340=DIRECTION('',(0.,1.,0.));
#4341=DIRECTION('',(-0.951056516295154,0.,0.309016994374948));
#4342=DIRECTION('',(0.,-1.,0.));
#4343=DIRECTION('',(0.951056516295154,0.,-0.309016994374948));
#4344=DIRECTION('',(0.,-1.,0.));
#4345=DIRECTION('',(0.,-1.,0.));
#4346=DIRECTION('',(0.951056516295154,0.,-0.309016994374948));
#4347=DIRECTION('',(0.,-1.,0.));
#4348=DIRECTION('',(0.430511096808294,0.,0.902585284349861));
#4349=DIRECTION('',(0.,1.,0.));
#4350=DIRECTION('',(0.,1.,0.));
#4351=DIRECTION('',(0.430511096808294,0.,0.902585284349861));
#4352=DIRECTION('',(0.902585284349861,0.,-0.430511096808294));
#4353=DIRECTION('',(0.,1.,0.));
#4354=DIRECTION('',(0.902585284349861,0.,-0.430511096808294));
#4355=DIRECTION('',(0.182235525492147,0.,0.983254907563955));
#4356=DIRECTION('',(0.,1.,0.));
#4357=DIRECTION('',(0.182235525492147,0.,0.983254907563955));
#4358=DIRECTION('',(0.983254907563955,0.,-0.182235525492147));
#4359=DIRECTION('',(0.,-1.,0.));
#4360=DIRECTION('',(0.983254907563955,0.,-0.182235525492147));
#4361=DIRECTION('',(0.,-1.,0.));
#4362=DIRECTION('',(0.,-1.,0.));
#4363=DIRECTION('',(0.951056516295154,0.,-0.309016994374948));
#4364=DIRECTION('',(0.,-1.,0.));
#4365=DIRECTION('',(0.951056516295154,0.,-0.309016994374948));
#4366=DIRECTION('',(0.,-1.,0.));
#4367=DIRECTION('',(0.951056516295154,0.,-0.309016994374948));
#4368=DIRECTION('',(0.,-1.,0.));
#4369=DIRECTION('',(0.951056516295154,0.,-0.309016994374948));
#4370=DIRECTION('',(-0.902585284349861,0.,0.430511096808294));
#4371=DIRECTION('',(0.430511096808294,0.,0.902585284349861));
#4372=DIRECTION('',(0.638224175162975,-0.707106781186548,-0.304417315929204));
#4373=DIRECTION('',(-0.638224175162975,-0.707106781186548,0.304417315929204));
#4374=DIRECTION('',(0.902585284349861,0.,-0.430511096808294));
#4375=DIRECTION('',(-0.430511096808294,0.,-0.902585284349861));
#4376=DIRECTION('',(0.983254907563955,0.,-0.182235525492147));
#4377=DIRECTION('',(-0.182235525492147,0.,-0.983254907563955));
#4378=DIRECTION('',(0.695266212773424,-0.707106781186548,-0.128859975848591));
#4379=DIRECTION('',(-0.695266212773424,-0.707106781186548,0.128859975848591));
#4380=DIRECTION('',(0.983254907563955,0.,-0.182235525492147));
#4381=DIRECTION('',(-0.182235525492147,0.,-0.983254907563955));
#4382=DIRECTION('',(0.,-1.,0.));
#4383=DIRECTION('',(0.951056516295154,0.,-0.309016994374948));
#4384=DIRECTION('',(0.,-1.,0.));
#4385=DIRECTION('',(0.951056516295154,0.,-0.309016994374948));
#4386=DIRECTION('',(0.,-1.,0.));
#4387=DIRECTION('',(0.951056516295154,0.,-0.309016994374948));
#4388=DIRECTION('',(0.,1.,0.));
#4389=DIRECTION('',(-0.951056516295154,0.,0.309016994374948));
#4390=DIRECTION('',(-0.25369251131982,-4.32960056825845E-16,-0.967284916506116));
#4391=DIRECTION('',(-0.967284916506116,0.,0.25369251131982));
#4392=DIRECTION('',(0.363314255683858,0.,0.931666652626831));
#4393=DIRECTION('',(0.931666652626831,0.,-0.363314255683858));
#4394=DIRECTION('',(0.,-1.,0.));
#4395=DIRECTION('',(0.951056516295154,0.,-0.309016994374948));
#4396=DIRECTION('',(0.,-1.,0.));
#4397=DIRECTION('',(0.,0.,-1.));
#4398=DIRECTION('',(-8.93431724363357E-17,-1.,-2.7497001096632E-16));
#4399=DIRECTION('',(0.309016994374948,-2.89120579329468E-16,0.951056516295154));
#4400=DIRECTION('',(8.93431724363357E-17,-1.,2.7497001096632E-16));
#4401=DIRECTION('',(0.309016994374948,2.89120579329468E-16,0.951056516295154));
#4402=DIRECTION('',(0.,-1.,0.));
#4403=DIRECTION('',(0.587785252292473,0.,0.809016994374948));
#4404=DIRECTION('',(0.,-1.,0.));
#4405=DIRECTION('',(0.587785252292473,0.,0.809016994374948));
#4406=DIRECTION('',(0.,-1.,0.));
#4407=DIRECTION('',(0.,-1.,0.));
#4408=DIRECTION('',(0.587785252292473,0.,0.809016994374948));
#4409=DIRECTION('',(0.,-1.,0.));
#4410=DIRECTION('',(0.,-1.,0.));
#4411=DIRECTION('',(0.587785252292473,0.,0.809016994374948));
#4412=DIRECTION('',(-0.688354575693754,0.,-0.725374371012288));
#4413=DIRECTION('',(0.,-1.,0.));
#4414=DIRECTION('',(0.587785252292473,0.,0.809016994374948));
#4415=DIRECTION('',(-0.477158760259608,0.,-0.878817112661966));
#4416=DIRECTION('',(0.,-1.,0.));
#4417=DIRECTION('',(0.587785252292473,0.,0.809016994374948));
#4418=DIRECTION('',(0.,-1.,0.));
#4419=DIRECTION('',(0.587785252292473,0.,0.809016994374948));
#4420=DIRECTION('',(0.,-1.,0.));
#4421=DIRECTION('',(0.587785252292473,0.,0.809016994374948));
#4422=DIRECTION('',(0.,-1.,0.));
#4423=DIRECTION('',(0.,-1.,0.));
#4424=DIRECTION('',(0.587785252292473,0.,0.809016994374948));
#4425=DIRECTION('',(0.,-1.,0.));
#4426=DIRECTION('',(0.,1.,0.));
#4427=DIRECTION('',(-0.587785252292473,0.,-0.809016994374948));
#4428=DIRECTION('',(0.,1.,0.));
#4429=DIRECTION('',(-0.587785252292473,0.,-0.809016994374948));
#4430=DIRECTION('',(0.688354575693754,0.,0.725374371012288));
#4431=DIRECTION('',(0.,1.,0.));
#4432=DIRECTION('',(-0.587785252292473,0.,-0.809016994374948));
#4433=DIRECTION('',(0.,-1.,0.));
#4434=DIRECTION('',(0.587785252292473,0.,0.809016994374948));
#4435=DIRECTION('',(0.,1.,0.));
#4436=DIRECTION('',(-0.587785252292473,0.,-0.809016994374948));
#4437=DIRECTION('',(0.477158760259608,0.,0.878817112661966));
#4438=DIRECTION('',(0.,1.,0.));
#4439=DIRECTION('',(-0.587785252292473,0.,-0.809016994374948));
#4440=DIRECTION('',(0.,-1.,0.));
#4441=DIRECTION('',(0.587785252292473,0.,0.809016994374948));
#4442=DIRECTION('',(0.,-1.,0.));
#4443=DIRECTION('',(0.,-1.,0.));
#4444=DIRECTION('',(0.587785252292473,0.,0.809016994374948));
#4445=DIRECTION('',(0.,-1.,0.));
#4446=DIRECTION('',(-0.725374371012288,0.,0.688354575693754));
#4447=DIRECTION('',(0.,1.,0.));
#4448=DIRECTION('',(0.,1.,0.));
#4449=DIRECTION('',(-0.725374371012288,0.,0.688354575693754));
#4450=DIRECTION('',(0.688354575693754,0.,0.725374371012288));
#4451=DIRECTION('',(0.,1.,0.));
#4452=DIRECTION('',(0.688354575693754,0.,0.725374371012288));
#4453=DIRECTION('',(-0.878817112661966,0.,0.477158760259608));
#4454=DIRECTION('',(0.,1.,0.));
#4455=DIRECTION('',(-0.878817112661966,0.,0.477158760259608));
#4456=DIRECTION('',(0.477158760259608,0.,0.878817112661966));
#4457=DIRECTION('',(0.,-1.,0.));
#4458=DIRECTION('',(0.477158760259608,0.,0.878817112661966));
#4459=DIRECTION('',(0.,-1.,0.));
#4460=DIRECTION('',(0.,-1.,0.));
#4461=DIRECTION('',(0.587785252292473,0.,0.809016994374948));
#4462=DIRECTION('',(0.,-1.,0.));
#4463=DIRECTION('',(0.587785252292473,0.,0.809016994374948));
#4464=DIRECTION('',(0.,-1.,0.));
#4465=DIRECTION('',(0.587785252292473,0.,0.809016994374948));
#4466=DIRECTION('',(0.,-1.,0.));
#4467=DIRECTION('',(0.587785252292473,0.,0.809016994374948));
#4468=DIRECTION('',(-0.688354575693754,0.,-0.725374371012288));
#4469=DIRECTION('',(-0.725374371012288,0.,0.688354575693754));
#4470=DIRECTION('',(0.486740188333842,-0.707106781186547,0.512917136641716));
#4471=DIRECTION('',(-0.486740188333842,-0.707106781186547,-0.512917136641716));
#4472=DIRECTION('',(0.688354575693754,0.,0.725374371012288));
#4473=DIRECTION('',(0.725374371012288,0.,-0.688354575693754));
#4474=DIRECTION('',(0.477158760259608,0.,0.878817112661966));
#4475=DIRECTION('',(0.878817112661966,0.,-0.477158760259608));
#4476=DIRECTION('',(0.337402195082135,-0.707106781186547,0.621417539786058));
#4477=DIRECTION('',(-0.337402195082135,-0.707106781186547,-0.621417539786058));
#4478=DIRECTION('',(0.477158760259609,0.,0.878817112661966));
#4479=DIRECTION('',(0.878817112661966,0.,-0.477158760259609));
#4480=DIRECTION('',(0.,-1.,0.));
#4481=DIRECTION('',(0.587785252292473,0.,0.809016994374948));
#4482=DIRECTION('',(0.,-1.,0.));
#4483=DIRECTION('',(0.587785252292473,0.,0.809016994374948));
#4484=DIRECTION('',(0.,-1.,0.));
#4485=DIRECTION('',(0.587785252292473,0.,0.809016994374948));
#4486=DIRECTION('',(0.,1.,0.));
#4487=DIRECTION('',(-0.587785252292473,0.,-0.809016994374948));
#4488=DIRECTION('',(0.841547325613672,-4.32960056825845E-16,-0.540183393628938));
#4489=DIRECTION('',(-0.540183393628938,0.,-0.841547325613672));
#4490=DIRECTION('',(-0.773797361690644,0.,0.633433219085168));
#4491=DIRECTION('',(0.633433219085168,0.,0.773797361690644));
#4492=DIRECTION('',(0.,-1.,0.));
#4493=DIRECTION('',(0.587785252292473,0.,0.809016994374948));
#4494=DIRECTION('',(0.,-1.,0.));
#4495=DIRECTION('',(0.,0.,-1.));
#4496=DIRECTION('',(2.3390346210107E-16,-1.,-1.69940812664117E-16));
#4497=DIRECTION('',(-0.809016994374948,-2.89120579329468E-16,0.587785252292473));
#4498=DIRECTION('',(-2.3390346210107E-16,-1.,1.69940812664117E-16));
#4499=DIRECTION('',(-0.809016994374948,2.89120579329468E-16,0.587785252292473));
#4500=DIRECTION('',(0.,-1.,0.));
#4501=DIRECTION('',(-0.587785252292473,0.,0.809016994374947));
#4502=DIRECTION('',(0.,-1.,0.));
#4503=DIRECTION('',(-0.587785252292473,0.,0.809016994374947));
#4504=DIRECTION('',(0.,-1.,0.));
#4505=DIRECTION('',(0.,-1.,0.));
#4506=DIRECTION('',(-0.587785252292473,0.,0.809016994374947));
#4507=DIRECTION('',(0.,-1.,0.));
#4508=DIRECTION('',(0.,-1.,0.));
#4509=DIRECTION('',(-0.587785252292473,0.,0.809016994374947));
#4510=DIRECTION('',(0.477158760259609,0.,-0.878817112661965));
#4511=DIRECTION('',(0.,-1.,0.));
#4512=DIRECTION('',(-0.587785252292473,0.,0.809016994374947));
#4513=DIRECTION('',(0.688354575693754,0.,-0.725374371012287));
#4514=DIRECTION('',(0.,-1.,0.));
#4515=DIRECTION('',(-0.587785252292473,0.,0.809016994374947));
#4516=DIRECTION('',(0.,-1.,0.));
#4517=DIRECTION('',(-0.587785252292473,0.,0.809016994374947));
#4518=DIRECTION('',(0.,-1.,0.));
#4519=DIRECTION('',(-0.587785252292473,0.,0.809016994374947));
#4520=DIRECTION('',(0.,-1.,0.));
#4521=DIRECTION('',(0.,-1.,0.));
#4522=DIRECTION('',(-0.587785252292473,0.,0.809016994374947));
#4523=DIRECTION('',(0.,-1.,0.));
#4524=DIRECTION('',(0.,1.,0.));
#4525=DIRECTION('',(0.587785252292473,0.,-0.809016994374947));
#4526=DIRECTION('',(0.,1.,0.));
#4527=DIRECTION('',(0.587785252292473,0.,-0.809016994374947));
#4528=DIRECTION('',(-0.477158760259609,0.,0.878817112661965));
#4529=DIRECTION('',(0.,1.,0.));
#4530=DIRECTION('',(0.587785252292473,0.,-0.809016994374947));
#4531=DIRECTION('',(0.,-1.,0.));
#4532=DIRECTION('',(-0.587785252292473,0.,0.809016994374947));
#4533=DIRECTION('',(0.,1.,0.));
#4534=DIRECTION('',(0.587785252292473,0.,-0.809016994374947));
#4535=DIRECTION('',(-0.688354575693754,0.,0.725374371012287));
#4536=DIRECTION('',(0.,1.,0.));
#4537=DIRECTION('',(0.587785252292473,0.,-0.809016994374947));
#4538=DIRECTION('',(0.,-1.,0.));
#4539=DIRECTION('',(-0.587785252292473,0.,0.809016994374947));
#4540=DIRECTION('',(0.,-1.,0.));
#4541=DIRECTION('',(0.,-1.,0.));
#4542=DIRECTION('',(-0.587785252292473,0.,0.809016994374947));
#4543=DIRECTION('',(0.,-1.,0.));
#4544=DIRECTION('',(-0.878817112661965,0.,-0.477158760259609));
#4545=DIRECTION('',(0.,1.,0.));
#4546=DIRECTION('',(0.,1.,0.));
#4547=DIRECTION('',(-0.878817112661965,0.,-0.477158760259609));
#4548=DIRECTION('',(-0.477158760259609,0.,0.878817112661965));
#4549=DIRECTION('',(0.,1.,0.));
#4550=DIRECTION('',(-0.477158760259609,0.,0.878817112661965));
#4551=DIRECTION('',(-0.725374371012287,0.,-0.688354575693754));
#4552=DIRECTION('',(0.,1.,0.));
#4553=DIRECTION('',(-0.725374371012287,0.,-0.688354575693754));
#4554=DIRECTION('',(-0.688354575693754,0.,0.725374371012287));
#4555=DIRECTION('',(0.,-1.,0.));
#4556=DIRECTION('',(-0.688354575693754,0.,0.725374371012287));
#4557=DIRECTION('',(0.,-1.,0.));
#4558=DIRECTION('',(0.,-1.,0.));
#4559=DIRECTION('',(-0.587785252292473,0.,0.809016994374947));
#4560=DIRECTION('',(0.,-1.,0.));
#4561=DIRECTION('',(-0.587785252292473,0.,0.809016994374947));
#4562=DIRECTION('',(0.,-1.,0.));
#4563=DIRECTION('',(-0.587785252292473,0.,0.809016994374947));
#4564=DIRECTION('',(0.,-1.,0.));
#4565=DIRECTION('',(-0.587785252292473,0.,0.809016994374947));
#4566=DIRECTION('',(0.477158760259609,0.,-0.878817112661965));
#4567=DIRECTION('',(-0.878817112661965,0.,-0.477158760259609));
#4568=DIRECTION('',(-0.337402195082136,-0.707106781186548,0.621417539786058));
#4569=DIRECTION('',(0.337402195082136,-0.707106781186548,-0.621417539786058));
#4570=DIRECTION('',(-0.477158760259609,0.,0.878817112661965));
#4571=DIRECTION('',(0.878817112661965,0.,0.477158760259609));
#4572=DIRECTION('',(-0.688354575693754,0.,0.725374371012287));
#4573=DIRECTION('',(0.725374371012287,0.,0.688354575693754));
#4574=DIRECTION('',(-0.486740188333842,-0.707106781186548,0.512917136641715));
#4575=DIRECTION('',(0.486740188333842,-0.707106781186548,-0.512917136641715));
#4576=DIRECTION('',(-0.688354575693754,0.,0.725374371012288));
#4577=DIRECTION('',(0.725374371012288,0.,0.688354575693754));
#4578=DIRECTION('',(0.,-1.,0.));
#4579=DIRECTION('',(-0.587785252292473,0.,0.809016994374947));
#4580=DIRECTION('',(0.,-1.,0.));
#4581=DIRECTION('',(-0.587785252292473,0.,0.809016994374947));
#4582=DIRECTION('',(0.,-1.,0.));
#4583=DIRECTION('',(-0.587785252292473,0.,0.809016994374947));
#4584=DIRECTION('',(0.,1.,0.));
#4585=DIRECTION('',(0.587785252292473,0.,-0.809016994374947));
#4586=DIRECTION('',(0.773797361690644,-4.32960056825845E-16,0.633433219085168));
#4587=DIRECTION('',(0.633433219085168,0.,-0.773797361690644));
#4588=DIRECTION('',(-0.841547325613672,0.,-0.540183393628939));
#4589=DIRECTION('',(-0.540183393628939,0.,0.841547325613672));
#4590=DIRECTION('',(0.,-1.,0.));
#4591=DIRECTION('',(-0.587785252292473,0.,0.809016994374947));
#4592=DIRECTION('',(0.,-1.,0.));
#4593=DIRECTION('',(0.,0.,-1.));
#4594=DIRECTION('',(2.3390346210107E-16,-1.,1.69940812664117E-16));
#4595=DIRECTION('',(-0.809016994374947,-2.89120579329468E-16,-0.587785252292473));
#4596=DIRECTION('',(-2.3390346210107E-16,-1.,-1.69940812664117E-16));
#4597=DIRECTION('',(-0.809016994374947,2.89120579329468E-16,-0.587785252292473));
#4598=DIRECTION('',(0.,-1.,0.));
#4599=DIRECTION('',(-0.951056516295154,0.,-0.309016994374948));
#4600=DIRECTION('',(0.,-1.,0.));
#4601=DIRECTION('',(-0.951056516295154,0.,-0.309016994374948));
#4602=DIRECTION('',(0.,-1.,0.));
#4603=DIRECTION('',(0.,-1.,0.));
#4604=DIRECTION('',(-0.951056516295154,0.,-0.309016994374948));
#4605=DIRECTION('',(0.,-1.,0.));
#4606=DIRECTION('',(0.,-1.,0.));
#4607=DIRECTION('',(-0.951056516295154,0.,-0.309016994374948));
#4608=DIRECTION('',(0.983254907563955,0.,0.182235525492148));
#4609=DIRECTION('',(0.,-1.,0.));
#4610=DIRECTION('',(-0.951056516295154,0.,-0.309016994374948));
#4611=DIRECTION('',(0.902585284349861,0.,0.430511096808295));
#4612=DIRECTION('',(0.,-1.,0.));
#4613=DIRECTION('',(-0.951056516295154,0.,-0.309016994374948));
#4614=DIRECTION('',(0.,-1.,0.));
#4615=DIRECTION('',(-0.951056516295154,0.,-0.309016994374948));
#4616=DIRECTION('',(0.,-1.,0.));
#4617=DIRECTION('',(-0.951056516295154,0.,-0.309016994374948));
#4618=DIRECTION('',(0.,-1.,0.));
#4619=DIRECTION('',(0.,-1.,0.));
#4620=DIRECTION('',(-0.951056516295154,0.,-0.309016994374948));
#4621=DIRECTION('',(0.,-1.,0.));
#4622=DIRECTION('',(0.,1.,0.));
#4623=DIRECTION('',(0.951056516295154,0.,0.309016994374948));
#4624=DIRECTION('',(0.,1.,0.));
#4625=DIRECTION('',(0.951056516295154,0.,0.309016994374948));
#4626=DIRECTION('',(-0.983254907563955,0.,-0.182235525492148));
#4627=DIRECTION('',(0.,1.,0.));
#4628=DIRECTION('',(0.951056516295154,0.,0.309016994374948));
#4629=DIRECTION('',(0.,-1.,0.));
#4630=DIRECTION('',(-0.951056516295154,0.,-0.309016994374948));
#4631=DIRECTION('',(0.,1.,0.));
#4632=DIRECTION('',(0.951056516295154,0.,0.309016994374948));
#4633=DIRECTION('',(-0.902585284349861,0.,-0.430511096808295));
#4634=DIRECTION('',(0.,1.,0.));
#4635=DIRECTION('',(0.951056516295154,0.,0.309016994374948));
#4636=DIRECTION('',(0.,-1.,0.));
#4637=DIRECTION('',(-0.951056516295154,0.,-0.309016994374948));
#4638=DIRECTION('',(0.,-1.,0.));
#4639=DIRECTION('',(0.,-1.,0.));
#4640=DIRECTION('',(-0.951056516295154,0.,-0.309016994374948));
#4641=DIRECTION('',(0.,-1.,0.));
#4642=DIRECTION('',(0.182235525492148,0.,-0.983254907563955));
#4643=DIRECTION('',(0.,1.,0.));
#4644=DIRECTION('',(0.,1.,0.));
#4645=DIRECTION('',(0.182235525492148,0.,-0.983254907563955));
#4646=DIRECTION('',(-0.983254907563955,0.,-0.182235525492148));
#4647=DIRECTION('',(0.,1.,0.));
#4648=DIRECTION('',(-0.983254907563955,0.,-0.182235525492148));
#4649=DIRECTION('',(0.430511096808295,0.,-0.902585284349861));
#4650=DIRECTION('',(0.,1.,0.));
#4651=DIRECTION('',(0.430511096808295,0.,-0.902585284349861));
#4652=DIRECTION('',(-0.902585284349861,0.,-0.430511096808295));
#4653=DIRECTION('',(0.,-1.,0.));
#4654=DIRECTION('',(-0.902585284349861,0.,-0.430511096808295));
#4655=DIRECTION('',(0.,-1.,0.));
#4656=DIRECTION('',(0.,-1.,0.));
#4657=DIRECTION('',(-0.951056516295154,0.,-0.309016994374948));
#4658=DIRECTION('',(0.,-1.,0.));
#4659=DIRECTION('',(-0.951056516295154,0.,-0.309016994374948));
#4660=DIRECTION('',(0.,-1.,0.));
#4661=DIRECTION('',(-0.951056516295154,0.,-0.309016994374948));
#4662=DIRECTION('',(0.,-1.,0.));
#4663=DIRECTION('',(-0.951056516295154,0.,-0.309016994374948));
#4664=DIRECTION('',(0.983254907563955,0.,0.182235525492148));
#4665=DIRECTION('',(0.182235525492148,0.,-0.983254907563955));
#4666=DIRECTION('',(-0.695266212773424,-0.707106781186548,-0.128859975848592));
#4667=DIRECTION('',(0.695266212773424,-0.707106781186548,0.128859975848592));
#4668=DIRECTION('',(-0.983254907563955,0.,-0.182235525492148));
#4669=DIRECTION('',(-0.182235525492148,0.,0.983254907563955));
#4670=DIRECTION('',(-0.902585284349861,0.,-0.430511096808295));
#4671=DIRECTION('',(-0.430511096808295,0.,0.902585284349861));
#4672=DIRECTION('',(-0.638224175162975,-0.707106781186548,-0.304417315929204));
#4673=DIRECTION('',(0.638224175162975,-0.707106781186548,0.304417315929204));
#4674=DIRECTION('',(-0.902585284349861,0.,-0.430511096808295));
#4675=DIRECTION('',(-0.430511096808295,0.,0.902585284349861));
#4676=DIRECTION('',(0.,-1.,0.));
#4677=DIRECTION('',(-0.951056516295154,0.,-0.309016994374948));
#4678=DIRECTION('',(0.,-1.,0.));
#4679=DIRECTION('',(-0.951056516295154,0.,-0.309016994374948));
#4680=DIRECTION('',(0.,-1.,0.));
#4681=DIRECTION('',(0.,-1.,0.));
#4682=DIRECTION('',(-0.951056516295154,0.,-0.309016994374948));
#4683=DIRECTION('',(0.,1.,0.));
#4684=DIRECTION('',(0.951056516295154,0.,0.309016994374948));
#4685=DIRECTION('',(-0.363314255683858,-4.32960056825845E-16,0.931666652626831));
#4686=DIRECTION('',(0.931666652626831,0.,0.363314255683858));
#4687=DIRECTION('',(0.25369251131982,0.,-0.967284916506116));
#4688=DIRECTION('',(-0.967284916506116,0.,-0.25369251131982));
#4689=DIRECTION('',(0.,-1.,0.));
#4690=DIRECTION('',(-0.951056516295154,0.,-0.309016994374948));
#4691=DIRECTION('',(0.,-1.,0.));
#4692=DIRECTION('',(0.,0.,-1.));
#4693=DIRECTION('',(-8.93431724363358E-17,-1.,2.7497001096632E-16));
#4694=DIRECTION('',(0.309016994374948,-2.89120579329468E-16,-0.951056516295154));
#4695=DIRECTION('',(8.93431724363358E-17,-1.,-2.7497001096632E-16));
#4696=DIRECTION('',(0.309016994374948,2.89120579329468E-16,-0.951056516295154));
#4697=DIRECTION('',(0.,-1.,0.));
#4698=DIRECTION('',(0.,0.,-1.));
#4699=DIRECTION('',(0.,-1.,0.));
#4700=DIRECTION('',(0.,0.,-1.));
#4701=DIRECTION('',(0.,-1.,0.));
#4702=DIRECTION('',(0.,-1.,0.));
#4703=DIRECTION('',(0.,0.,-1.));
#4704=DIRECTION('',(0.,-1.,0.));
#4705=DIRECTION('',(0.,0.,-1.));
#4706=DIRECTION('',(0.,-1.,0.));
#4707=DIRECTION('',(0.,1.,0.));
#4708=DIRECTION('',(0.,0.,1.));
#4709=DIRECTION('',(0.,-1.,0.));
#4710=DIRECTION('',(0.,1.,0.));
#4711=DIRECTION('',(0.,0.,1.));
#4712=DIRECTION('',(0.,-1.,0.));
#4713=DIRECTION('',(0.,0.,-1.));
#4714=DIRECTION('',(0.,-1.,0.));
#4715=DIRECTION('',(0.,1.,0.));
#4716=DIRECTION('',(0.,0.,1.));
#4717=DIRECTION('',(0.,-1.,0.));
#4718=DIRECTION('',(0.,1.,0.));
#4719=DIRECTION('',(0.,0.,1.));
#4720=DIRECTION('',(0.,-1.,0.));
#4721=DIRECTION('',(0.,0.,-1.));
#4722=DIRECTION('',(0.,-1.,0.));
#4723=DIRECTION('',(0.,1.,0.));
#4724=DIRECTION('',(0.,0.,1.));
#4725=DIRECTION('',(0.,-1.,0.));
#4726=DIRECTION('',(0.,1.,0.));
#4727=DIRECTION('',(0.,0.,1.));
#4728=DIRECTION('',(0.,-1.,0.));
#4729=DIRECTION('',(0.,0.,-1.));
#4730=DIRECTION('',(0.,1.,0.));
#4731=DIRECTION('',(0.,0.,1.));
#4732=DIRECTION('',(0.,-1.,0.));
#4733=DIRECTION('',(0.,1.,0.));
#4734=DIRECTION('',(0.,0.,1.));
#4735=DIRECTION('',(0.,-1.,0.));
#4736=DIRECTION('',(0.,-1.,0.));
#4737=DIRECTION('',(0.,0.,-1.));
#4738=DIRECTION('',(0.,-1.,0.));
#4739=DIRECTION('',(0.,1.,0.));
#4740=DIRECTION('',(0.,0.,1.));
#4741=DIRECTION('',(0.,-1.,0.));
#4742=DIRECTION('',(0.,1.,0.));
#4743=DIRECTION('',(0.,0.,1.));
#4744=DIRECTION('',(0.,-1.,0.));
#4745=DIRECTION('',(0.,0.,-1.));
#4746=DIRECTION('',(0.,1.,0.));
#4747=DIRECTION('',(0.,0.,1.));
#4748=DIRECTION('',(0.,-1.,0.));
#4749=DIRECTION('',(0.,1.,0.));
#4750=DIRECTION('',(0.,0.,1.));
#4751=DIRECTION('',(0.,-1.,0.));
#4752=DIRECTION('',(0.,-1.,0.));
#4753=DIRECTION('',(0.,0.,-1.));
#4754=DIRECTION('',(0.,-1.,0.));
#4755=DIRECTION('',(0.,1.,0.));
#4756=DIRECTION('',(0.,0.,1.));
#4757=DIRECTION('',(0.,-1.,0.));
#4758=DIRECTION('',(0.,1.,0.));
#4759=DIRECTION('',(0.,0.,1.));
#4760=DIRECTION('',(0.,-1.,0.));
#4761=DIRECTION('',(0.,0.,-1.));
#4762=DIRECTION('',(0.,1.,0.));
#4763=DIRECTION('',(0.,0.,1.));
#4764=DIRECTION('',(0.,-1.,0.));
#4765=DIRECTION('',(0.,1.,0.));
#4766=DIRECTION('',(0.,0.,1.));
#4767=DIRECTION('',(0.,-1.,0.));
#4768=DIRECTION('',(0.,-1.,0.));
#4769=DIRECTION('',(0.,0.,-1.));
#4770=DIRECTION('',(0.,-1.,0.));
#4771=DIRECTION('',(0.,1.,0.));
#4772=DIRECTION('',(0.,0.,1.));
#4773=DIRECTION('',(0.,-1.,0.));
#4774=DIRECTION('',(0.,1.,0.));
#4775=DIRECTION('',(0.,0.,1.));
#4776=DIRECTION('',(0.,-1.,0.));
#4777=DIRECTION('',(0.,0.,-1.));
#4778=DIRECTION('',(0.,1.,0.));
#4779=DIRECTION('',(0.,0.,1.));
#4780=DIRECTION('',(0.,-1.,0.));
#4781=DIRECTION('',(0.,1.,0.));
#4782=DIRECTION('',(0.,0.,1.));
#4783=DIRECTION('',(0.,-1.,0.));
#4784=DIRECTION('',(0.,-1.,0.));
#4785=DIRECTION('',(0.,0.,-1.));
#4786=DIRECTION('',(0.,-1.,0.));
#4787=DIRECTION('',(0.,1.,0.));
#4788=DIRECTION('',(0.,0.,1.));
#4789=DIRECTION('',(0.,-1.,0.));
#4790=DIRECTION('',(0.,1.,0.));
#4791=DIRECTION('',(0.,0.,1.));
#4792=DIRECTION('',(0.,-1.,0.));
#4793=DIRECTION('',(0.,0.,-1.));
#4794=DIRECTION('',(0.,1.,0.));
#4795=DIRECTION('',(0.,0.,1.));
#4796=DIRECTION('',(0.,-1.,0.));
#4797=DIRECTION('',(0.,1.,0.));
#4798=DIRECTION('',(0.,0.,1.));
#4799=DIRECTION('',(0.,-1.,0.));
#4800=DIRECTION('',(0.,-1.,0.));
#4801=DIRECTION('',(0.,0.,-1.));
#4802=DIRECTION('',(0.,1.,0.));
#4803=DIRECTION('',(0.,0.,1.));
#4804=DIRECTION('',(0.,-1.,0.));
#4805=DIRECTION('',(0.,1.,0.));
#4806=DIRECTION('',(0.,0.,1.));
#4807=DIRECTION('',(0.,-1.,0.));
#4808=DIRECTION('',(0.,-1.,0.));
#4809=DIRECTION('',(0.,0.,-1.));
#4810=DIRECTION('',(0.,1.,0.));
#4811=DIRECTION('',(0.,0.,1.));
#4812=DIRECTION('',(0.,-1.,0.));
#4813=DIRECTION('',(0.,1.,0.));
#4814=DIRECTION('',(0.,0.,1.));
#4815=DIRECTION('',(0.,-1.,0.));
#4816=DIRECTION('',(0.,-1.,0.));
#4817=DIRECTION('',(0.,0.,-1.));
#4818=DIRECTION('',(0.,-1.,0.));
#4819=DIRECTION('',(0.,1.,0.));
#4820=DIRECTION('',(0.,0.,1.));
#4821=DIRECTION('',(0.,-1.,0.));
#4822=DIRECTION('',(0.,1.,0.));
#4823=DIRECTION('',(0.,0.,1.));
#4824=DIRECTION('',(0.,-1.,0.));
#4825=DIRECTION('',(0.,0.,-1.));
#4826=DIRECTION('',(0.,1.,0.));
#4827=DIRECTION('',(0.,0.,1.));
#4828=DIRECTION('',(0.,-1.,0.));
#4829=DIRECTION('',(0.,1.,0.));
#4830=DIRECTION('',(0.,0.,1.));
#4831=DIRECTION('',(0.,-1.,0.));
#4832=DIRECTION('',(0.,-1.,0.));
#4833=DIRECTION('',(0.,0.,-1.));
#4834=DIRECTION('',(0.,1.,0.));
#4835=DIRECTION('',(0.,0.,1.));
#4836=DIRECTION('',(0.,-1.,0.));
#4837=DIRECTION('',(0.,1.,0.));
#4838=DIRECTION('',(0.,0.,1.));
#4839=DIRECTION('',(0.,-1.,0.));
#4840=DIRECTION('',(0.,-1.,0.));
#4841=DIRECTION('',(0.,0.,-1.));
#4842=DIRECTION('',(0.,1.,0.));
#4843=DIRECTION('',(0.,0.,1.));
#4844=DIRECTION('',(0.,-1.,0.));
#4845=DIRECTION('',(0.,1.,0.));
#4846=DIRECTION('',(0.,0.,1.));
#4847=DIRECTION('',(0.,-1.,0.));
#4848=DIRECTION('',(0.,1.,0.));
#4849=DIRECTION('',(1.,0.,0.));
#4850=DIRECTION('',(0.,1.,0.));
#4851=DIRECTION('',(0.,0.,1.));
#4852=DIRECTION('',(0.,1.,0.));
#4853=DIRECTION('',(0.984807753012208,0.,0.17364817766693));
#4854=DIRECTION('',(0.,1.,0.));
#4855=DIRECTION('',(0.866025403784439,0.,0.5));
#4856=DIRECTION('',(0.,1.,0.));
#4857=DIRECTION('',(0.866025403784439,0.,0.5));
#4858=DIRECTION('',(0.,1.,0.));
#4859=DIRECTION('',(0.866025403784439,0.,0.5));
#4860=DIRECTION('',(0.,1.,0.));
#4861=DIRECTION('',(0.642787609686539,0.,0.766044443118978));
#4862=DIRECTION('',(0.,1.,0.));
#4863=DIRECTION('',(0.642787609686539,0.,0.766044443118978));
#4864=DIRECTION('',(0.,1.,0.));
#4865=DIRECTION('',(0.642787609686539,0.,0.766044443118978));
#4866=DIRECTION('',(0.,1.,0.));
#4867=DIRECTION('',(0.342020143325668,0.,0.939692620785908));
#4868=DIRECTION('',(0.,1.,0.));
#4869=DIRECTION('',(0.342020143325668,0.,0.939692620785908));
#4870=DIRECTION('',(0.,1.,0.));
#4871=DIRECTION('',(0.342020143325668,0.,0.939692620785908));
#4872=DIRECTION('',(0.,1.,0.));
#4873=DIRECTION('',(0.,0.,1.));
#4874=DIRECTION('',(0.,1.,0.));
#4875=DIRECTION('',(0.,0.,1.));
#4876=DIRECTION('',(0.,1.,0.));
#4877=DIRECTION('',(0.,0.,1.));
#4878=DIRECTION('',(0.,1.,0.));
#4879=DIRECTION('',(-0.342020143325668,0.,0.939692620785908));
#4880=DIRECTION('',(0.,1.,0.));
#4881=DIRECTION('',(-0.342020143325668,0.,0.939692620785908));
#4882=DIRECTION('',(0.,1.,0.));
#4883=DIRECTION('',(-0.342020143325668,0.,0.939692620785908));
#4884=DIRECTION('',(0.,1.,0.));
#4885=DIRECTION('',(-0.64278760968654,0.,0.766044443118978));
#4886=DIRECTION('',(0.,1.,0.));
#4887=DIRECTION('',(-0.64278760968654,0.,0.766044443118978));
#4888=DIRECTION('',(0.,1.,0.));
#4889=DIRECTION('',(-0.64278760968654,0.,0.766044443118978));
#4890=DIRECTION('',(0.,1.,0.));
#4891=DIRECTION('',(-0.866025403784439,0.,0.5));
#4892=DIRECTION('',(0.,1.,0.));
#4893=DIRECTION('',(-0.866025403784439,0.,0.5));
#4894=DIRECTION('',(0.,1.,0.));
#4895=DIRECTION('',(-0.866025403784439,0.,0.5));
#4896=DIRECTION('',(0.,1.,0.));
#4897=DIRECTION('',(-0.984807753012208,0.,0.17364817766693));
#4898=DIRECTION('',(0.,1.,0.));
#4899=DIRECTION('',(-0.984807753012208,0.,0.17364817766693));
#4900=DIRECTION('',(0.,1.,0.));
#4901=DIRECTION('',(-0.984807753012208,0.,0.17364817766693));
#4902=DIRECTION('',(0.,1.,0.));
#4903=DIRECTION('',(-0.984807753012208,0.,-0.17364817766693));
#4904=DIRECTION('',(0.,1.,0.));
#4905=DIRECTION('',(-0.984807753012208,0.,-0.17364817766693));
#4906=DIRECTION('',(0.,1.,0.));
#4907=DIRECTION('',(-0.984807753012208,0.,-0.17364817766693));
#4908=DIRECTION('',(0.,1.,0.));
#4909=DIRECTION('',(-0.866025403784438,0.,-0.5));
#4910=DIRECTION('',(0.,1.,0.));
#4911=DIRECTION('',(-0.866025403784438,0.,-0.5));
#4912=DIRECTION('',(0.,1.,0.));
#4913=DIRECTION('',(-0.866025403784438,0.,-0.5));
#4914=DIRECTION('',(0.,1.,0.));
#4915=DIRECTION('',(-0.642787609686539,0.,-0.766044443118978));
#4916=DIRECTION('',(0.,1.,0.));
#4917=DIRECTION('',(-0.642787609686539,0.,-0.766044443118978));
#4918=DIRECTION('',(0.,1.,0.));
#4919=DIRECTION('',(-0.642787609686539,0.,-0.766044443118978));
#4920=DIRECTION('',(0.,1.,0.));
#4921=DIRECTION('',(-0.342020143325668,0.,-0.939692620785908));
#4922=DIRECTION('',(0.,1.,0.));
#4923=DIRECTION('',(-0.342020143325668,0.,-0.939692620785908));
#4924=DIRECTION('',(0.,1.,0.));
#4925=DIRECTION('',(-0.342020143325668,0.,-0.939692620785908));
#4926=DIRECTION('',(0.,1.,0.));
#4927=DIRECTION('',(1.22464679914735E-16,0.,-1.));
#4928=DIRECTION('',(0.,1.,0.));
#4929=DIRECTION('',(1.22464679914735E-16,0.,-1.));
#4930=DIRECTION('',(0.,1.,0.));
#4931=DIRECTION('',(1.22464679914735E-16,0.,-1.));
#4932=DIRECTION('',(0.,1.,0.));
#4933=DIRECTION('',(0.342020143325669,0.,-0.939692620785908));
#4934=DIRECTION('',(0.,1.,0.));
#4935=DIRECTION('',(0.342020143325669,0.,-0.939692620785908));
#4936=DIRECTION('',(0.,1.,0.));
#4937=DIRECTION('',(0.342020143325669,0.,-0.939692620785908));
#4938=DIRECTION('',(0.,1.,0.));
#4939=DIRECTION('',(0.64278760968654,0.,-0.766044443118978));
#4940=DIRECTION('',(0.,1.,0.));
#4941=DIRECTION('',(0.64278760968654,0.,-0.766044443118978));
#4942=DIRECTION('',(0.,1.,0.));
#4943=DIRECTION('',(0.64278760968654,0.,-0.766044443118978));
#4944=DIRECTION('',(0.,1.,0.));
#4945=DIRECTION('',(0.866025403784439,0.,-0.5));
#4946=DIRECTION('',(0.,1.,0.));
#4947=DIRECTION('',(0.866025403784439,0.,-0.5));
#4948=DIRECTION('',(0.,1.,0.));
#4949=DIRECTION('',(0.866025403784439,0.,-0.5));
#4950=DIRECTION('',(0.,1.,0.));
#4951=DIRECTION('',(0.984807753012208,0.,-0.17364817766693));
#4952=DIRECTION('',(0.,1.,0.));
#4953=DIRECTION('',(0.984807753012208,0.,-0.17364817766693));
#4954=DIRECTION('',(0.,1.,0.));
#4955=DIRECTION('',(0.984807753012208,0.,-0.17364817766693));
#4956=DIRECTION('',(0.,1.,0.));
#4957=DIRECTION('',(0.984807753012208,0.,0.17364817766693));
#4958=DIRECTION('',(0.,1.,0.));
#4959=DIRECTION('',(0.984807753012208,0.,0.17364817766693));
#4960=DIRECTION('',(0.,-1.,0.));
#4961=DIRECTION('',(0.,-1.,0.));
#4962=DIRECTION('',(0.,-1.,0.));
#4963=DIRECTION('',(0.,0.,-1.));
#4964=DIRECTION('',(0.,-1.,0.));
#4965=DIRECTION('',(0.,1.,0.));
#4966=DIRECTION('',(0.,0.,1.));
#4967=DIRECTION('',(0.,-1.,0.));
#4968=DIRECTION('',(0.,-1.,0.));
#4969=DIRECTION('',(0.,0.,-1.));
#4970=DIRECTION('',(0.,1.,0.));
#4971=DIRECTION('',(0.,0.,1.));
#4972=DIRECTION('',(0.,-1.,0.));
#4973=DIRECTION('',(0.,0.,-1.));
#4974=DIRECTION('',(0.,1.,0.));
#4975=DIRECTION('',(0.,0.,1.));
#4976=DIRECTION('',(0.,-1.,0.));
#4977=DIRECTION('',(0.,-1.,0.));
#4978=DIRECTION('',(0.,-1.,0.));
#4979=DIRECTION('',(0.342020143325668,0.,-0.939692620785908));
#4980=DIRECTION('',(0.,-1.,0.));
#4981=DIRECTION('',(0.,1.,0.));
#4982=DIRECTION('',(-0.342020143325668,0.,0.939692620785908));
#4983=DIRECTION('',(0.,-1.,0.));
#4984=DIRECTION('',(0.,-1.,0.));
#4985=DIRECTION('',(0.342020143325668,0.,-0.939692620785908));
#4986=DIRECTION('',(0.,1.,0.));
#4987=DIRECTION('',(-0.342020143325668,0.,0.939692620785908));
#4988=DIRECTION('',(0.,-1.,0.));
#4989=DIRECTION('',(0.342020143325668,0.,-0.939692620785908));
#4990=DIRECTION('',(0.,1.,0.));
#4991=DIRECTION('',(-0.342020143325668,0.,0.939692620785908));
#4992=DIRECTION('',(0.,-1.,0.));
#4993=DIRECTION('',(0.,-1.,0.));
#4994=DIRECTION('',(0.,-1.,0.));
#4995=DIRECTION('',(0.866025403784439,0.,-0.5));
#4996=DIRECTION('',(0.,-1.,0.));
#4997=DIRECTION('',(0.,1.,0.));
#4998=DIRECTION('',(-0.866025403784439,0.,0.5));
#4999=DIRECTION('',(0.,-1.,0.));
#5000=DIRECTION('',(0.,-1.,0.));
#5001=DIRECTION('',(0.866025403784439,0.,-0.5));
#5002=DIRECTION('',(0.,1.,0.));
#5003=DIRECTION('',(-0.866025403784439,0.,0.5));
#5004=DIRECTION('',(0.,-1.,0.));
#5005=DIRECTION('',(0.866025403784439,0.,-0.5));
#5006=DIRECTION('',(0.,1.,0.));
#5007=DIRECTION('',(-0.866025403784439,0.,0.5));
#5008=DIRECTION('',(0.,-1.,0.));
#5009=DIRECTION('',(0.,-1.,0.));
#5010=DIRECTION('',(0.,-1.,0.));
#5011=DIRECTION('',(0.64278760968654,0.,-0.766044443118978));
#5012=DIRECTION('',(0.,-1.,0.));
#5013=DIRECTION('',(0.,1.,0.));
#5014=DIRECTION('',(-0.64278760968654,0.,0.766044443118978));
#5015=DIRECTION('',(0.,-1.,0.));
#5016=DIRECTION('',(0.,-1.,0.));
#5017=DIRECTION('',(0.64278760968654,0.,-0.766044443118978));
#5018=DIRECTION('',(0.,1.,0.));
#5019=DIRECTION('',(-0.64278760968654,0.,0.766044443118978));
#5020=DIRECTION('',(0.,-1.,0.));
#5021=DIRECTION('',(0.64278760968654,0.,-0.766044443118978));
#5022=DIRECTION('',(0.,1.,0.));
#5023=DIRECTION('',(-0.64278760968654,0.,0.766044443118978));
#5024=DIRECTION('',(0.,-1.,0.));
#5025=DIRECTION('',(0.,-1.,0.));
#5026=DIRECTION('',(0.,-1.,0.));
#5027=DIRECTION('',(0.984807753012208,0.,-0.17364817766693));
#5028=DIRECTION('',(0.,-1.,0.));
#5029=DIRECTION('',(0.,1.,0.));
#5030=DIRECTION('',(-0.984807753012208,0.,0.17364817766693));
#5031=DIRECTION('',(0.,-1.,0.));
#5032=DIRECTION('',(0.,-1.,0.));
#5033=DIRECTION('',(0.984807753012208,0.,-0.17364817766693));
#5034=DIRECTION('',(0.,1.,0.));
#5035=DIRECTION('',(-0.984807753012208,0.,0.17364817766693));
#5036=DIRECTION('',(0.,-1.,0.));
#5037=DIRECTION('',(0.984807753012208,0.,-0.17364817766693));
#5038=DIRECTION('',(0.,1.,0.));
#5039=DIRECTION('',(-0.984807753012208,0.,0.17364817766693));
#5040=DIRECTION('',(0.,-1.,0.));
#5041=DIRECTION('',(0.,-1.,0.));
#5042=DIRECTION('',(0.,-1.,0.));
#5043=DIRECTION('',(0.984807753012208,0.,0.17364817766693));
#5044=DIRECTION('',(0.,-1.,0.));
#5045=DIRECTION('',(0.,1.,0.));
#5046=DIRECTION('',(-0.984807753012208,0.,-0.17364817766693));
#5047=DIRECTION('',(0.,-1.,0.));
#5048=DIRECTION('',(0.,-1.,0.));
#5049=DIRECTION('',(0.984807753012208,0.,0.17364817766693));
#5050=DIRECTION('',(0.,1.,0.));
#5051=DIRECTION('',(-0.984807753012208,0.,-0.17364817766693));
#5052=DIRECTION('',(0.,-1.,0.));
#5053=DIRECTION('',(0.984807753012208,0.,0.17364817766693));
#5054=DIRECTION('',(0.,1.,0.));
#5055=DIRECTION('',(-0.984807753012208,0.,-0.17364817766693));
#5056=DIRECTION('',(0.,-1.,0.));
#5057=DIRECTION('',(0.,-1.,0.));
#5058=DIRECTION('',(0.,-1.,0.));
#5059=DIRECTION('',(-1.22464679914735E-16,0.,1.));
#5060=DIRECTION('',(0.,-1.,0.));
#5061=DIRECTION('',(0.,1.,0.));
#5062=DIRECTION('',(1.22464679914735E-16,0.,-1.));
#5063=DIRECTION('',(0.,-1.,0.));
#5064=DIRECTION('',(0.,-1.,0.));
#5065=DIRECTION('',(-1.22464679914735E-16,0.,1.));
#5066=DIRECTION('',(0.,1.,0.));
#5067=DIRECTION('',(1.22464679914735E-16,0.,-1.));
#5068=DIRECTION('',(0.,-1.,0.));
#5069=DIRECTION('',(-1.22464679914735E-16,0.,1.));
#5070=DIRECTION('',(0.,1.,0.));
#5071=DIRECTION('',(1.22464679914735E-16,0.,-1.));
#5072=DIRECTION('',(0.,-1.,0.));
#5073=DIRECTION('',(0.,-1.,0.));
#5074=DIRECTION('',(0.,-1.,0.));
#5075=DIRECTION('',(0.342020143325668,0.,0.939692620785908));
#5076=DIRECTION('',(0.,-1.,0.));
#5077=DIRECTION('',(0.,1.,0.));
#5078=DIRECTION('',(-0.342020143325668,0.,-0.939692620785908));
#5079=DIRECTION('',(0.,-1.,0.));
#5080=DIRECTION('',(0.,-1.,0.));
#5081=DIRECTION('',(0.342020143325668,0.,0.939692620785908));
#5082=DIRECTION('',(0.,1.,0.));
#5083=DIRECTION('',(-0.342020143325668,0.,-0.939692620785908));
#5084=DIRECTION('',(0.,-1.,0.));
#5085=DIRECTION('',(0.342020143325668,0.,0.939692620785908));
#5086=DIRECTION('',(0.,1.,0.));
#5087=DIRECTION('',(-0.342020143325668,0.,-0.939692620785908));
#5088=DIRECTION('',(0.,-1.,0.));
#5089=DIRECTION('',(0.,-1.,0.));
#5090=DIRECTION('',(0.,-1.,0.));
#5091=DIRECTION('',(0.866025403784438,0.,0.5));
#5092=DIRECTION('',(0.,-1.,0.));
#5093=DIRECTION('',(0.,1.,0.));
#5094=DIRECTION('',(-0.866025403784438,0.,-0.5));
#5095=DIRECTION('',(0.,-1.,0.));
#5096=DIRECTION('',(0.,-1.,0.));
#5097=DIRECTION('',(0.866025403784438,0.,0.5));
#5098=DIRECTION('',(0.,1.,0.));
#5099=DIRECTION('',(-0.866025403784438,0.,-0.5));
#5100=DIRECTION('',(0.,-1.,0.));
#5101=DIRECTION('',(0.866025403784438,0.,0.5));
#5102=DIRECTION('',(0.,1.,0.));
#5103=DIRECTION('',(-0.866025403784438,0.,-0.5));
#5104=DIRECTION('',(0.,-1.,0.));
#5105=DIRECTION('',(0.,-1.,0.));
#5106=DIRECTION('',(0.,-1.,0.));
#5107=DIRECTION('',(0.642787609686539,0.,0.766044443118978));
#5108=DIRECTION('',(0.,-1.,0.));
#5109=DIRECTION('',(0.,1.,0.));
#5110=DIRECTION('',(-0.642787609686539,0.,-0.766044443118978));
#5111=DIRECTION('',(0.,-1.,0.));
#5112=DIRECTION('',(0.,-1.,0.));
#5113=DIRECTION('',(0.642787609686539,0.,0.766044443118978));
#5114=DIRECTION('',(0.,1.,0.));
#5115=DIRECTION('',(-0.642787609686539,0.,-0.766044443118978));
#5116=DIRECTION('',(0.,-1.,0.));
#5117=DIRECTION('',(0.642787609686539,0.,0.766044443118978));
#5118=DIRECTION('',(0.,1.,0.));
#5119=DIRECTION('',(-0.642787609686539,0.,-0.766044443118978));
#5120=DIRECTION('',(0.,-1.,0.));
#5121=DIRECTION('',(0.,-1.,0.));
#5122=DIRECTION('',(0.,-1.,0.));
#5123=DIRECTION('',(-0.984807753012208,0.,0.17364817766693));
#5124=DIRECTION('',(0.,-1.,0.));
#5125=DIRECTION('',(0.,1.,0.));
#5126=DIRECTION('',(0.984807753012208,0.,-0.17364817766693));
#5127=DIRECTION('',(0.,-1.,0.));
#5128=DIRECTION('',(0.,-1.,0.));
#5129=DIRECTION('',(-0.984807753012208,0.,0.17364817766693));
#5130=DIRECTION('',(0.,1.,0.));
#5131=DIRECTION('',(0.984807753012208,0.,-0.17364817766693));
#5132=DIRECTION('',(0.,-1.,0.));
#5133=DIRECTION('',(-0.984807753012208,0.,0.17364817766693));
#5134=DIRECTION('',(0.,1.,0.));
#5135=DIRECTION('',(0.984807753012208,0.,-0.17364817766693));
#5136=DIRECTION('',(0.,-1.,0.));
#5137=DIRECTION('',(0.,-1.,0.));
#5138=DIRECTION('',(0.,-1.,0.));
#5139=DIRECTION('',(-0.866025403784439,0.,0.5));
#5140=DIRECTION('',(0.,-1.,0.));
#5141=DIRECTION('',(0.,1.,0.));
#5142=DIRECTION('',(0.866025403784439,0.,-0.5));
#5143=DIRECTION('',(0.,-1.,0.));
#5144=DIRECTION('',(0.,-1.,0.));
#5145=DIRECTION('',(-0.866025403784439,0.,0.5));
#5146=DIRECTION('',(0.,1.,0.));
#5147=DIRECTION('',(0.866025403784439,0.,-0.5));
#5148=DIRECTION('',(0.,-1.,0.));
#5149=DIRECTION('',(-0.866025403784439,0.,0.5));
#5150=DIRECTION('',(0.,1.,0.));
#5151=DIRECTION('',(0.866025403784439,0.,-0.5));
#5152=DIRECTION('',(0.,-1.,0.));
#5153=DIRECTION('',(0.,-1.,0.));
#5154=DIRECTION('',(0.,-1.,0.));
#5155=DIRECTION('',(-0.342020143325669,0.,0.939692620785908));
#5156=DIRECTION('',(0.,-1.,0.));
#5157=DIRECTION('',(0.,1.,0.));
#5158=DIRECTION('',(0.342020143325669,0.,-0.939692620785908));
#5159=DIRECTION('',(0.,-1.,0.));
#5160=DIRECTION('',(0.,-1.,0.));
#5161=DIRECTION('',(-0.342020143325669,0.,0.939692620785908));
#5162=DIRECTION('',(0.,1.,0.));
#5163=DIRECTION('',(0.342020143325669,0.,-0.939692620785908));
#5164=DIRECTION('',(0.,-1.,0.));
#5165=DIRECTION('',(-0.342020143325669,0.,0.939692620785908));
#5166=DIRECTION('',(0.,1.,0.));
#5167=DIRECTION('',(0.342020143325669,0.,-0.939692620785908));
#5168=DIRECTION('',(0.,-1.,0.));
#5169=DIRECTION('',(0.,-1.,0.));
#5170=DIRECTION('',(0.,-1.,0.));
#5171=DIRECTION('',(-0.64278760968654,0.,0.766044443118978));
#5172=DIRECTION('',(0.,-1.,0.));
#5173=DIRECTION('',(0.,1.,0.));
#5174=DIRECTION('',(0.64278760968654,0.,-0.766044443118978));
#5175=DIRECTION('',(0.,-1.,0.));
#5176=DIRECTION('',(0.,-1.,0.));
#5177=DIRECTION('',(-0.64278760968654,0.,0.766044443118978));
#5178=DIRECTION('',(0.,1.,0.));
#5179=DIRECTION('',(0.64278760968654,0.,-0.766044443118978));
#5180=DIRECTION('',(0.,-1.,0.));
#5181=DIRECTION('',(-0.64278760968654,0.,0.766044443118978));
#5182=DIRECTION('',(0.,1.,0.));
#5183=DIRECTION('',(0.64278760968654,0.,-0.766044443118978));
#5184=DIRECTION('',(0.,-1.,0.));
#5185=DIRECTION('',(0.,-1.,0.));
#5186=DIRECTION('',(0.,-1.,0.));
#5187=DIRECTION('',(-0.642787609686539,0.,-0.766044443118978));
#5188=DIRECTION('',(0.,-1.,0.));
#5189=DIRECTION('',(0.,1.,0.));
#5190=DIRECTION('',(0.642787609686539,0.,0.766044443118978));
#5191=DIRECTION('',(0.,-1.,0.));
#5192=DIRECTION('',(0.,-1.,0.));
#5193=DIRECTION('',(-0.642787609686539,0.,-0.766044443118978));
#5194=DIRECTION('',(0.,1.,0.));
#5195=DIRECTION('',(0.642787609686539,0.,0.766044443118978));
#5196=DIRECTION('',(0.,-1.,0.));
#5197=DIRECTION('',(-0.642787609686539,0.,-0.766044443118978));
#5198=DIRECTION('',(0.,1.,0.));
#5199=DIRECTION('',(0.642787609686539,0.,0.766044443118978));
#5200=DIRECTION('',(0.,-1.,0.));
#5201=DIRECTION('',(0.,-1.,0.));
#5202=DIRECTION('',(0.,-1.,0.));
#5203=DIRECTION('',(-0.342020143325668,0.,-0.939692620785908));
#5204=DIRECTION('',(0.,-1.,0.));
#5205=DIRECTION('',(0.,1.,0.));
#5206=DIRECTION('',(0.342020143325668,0.,0.939692620785908));
#5207=DIRECTION('',(0.,-1.,0.));
#5208=DIRECTION('',(0.,-1.,0.));
#5209=DIRECTION('',(-0.342020143325668,0.,-0.939692620785908));
#5210=DIRECTION('',(0.,1.,0.));
#5211=DIRECTION('',(0.342020143325668,0.,0.939692620785908));
#5212=DIRECTION('',(0.,-1.,0.));
#5213=DIRECTION('',(-0.342020143325668,0.,-0.939692620785908));
#5214=DIRECTION('',(0.,1.,0.));
#5215=DIRECTION('',(0.342020143325668,0.,0.939692620785908));
#5216=DIRECTION('',(0.,-1.,0.));
#5217=DIRECTION('',(0.,-1.,0.));
#5218=DIRECTION('',(0.,-1.,0.));
#5219=DIRECTION('',(-0.866025403784439,0.,-0.5));
#5220=DIRECTION('',(0.,-1.,0.));
#5221=DIRECTION('',(0.,1.,0.));
#5222=DIRECTION('',(0.866025403784439,0.,0.5));
#5223=DIRECTION('',(0.,-1.,0.));
#5224=DIRECTION('',(0.,-1.,0.));
#5225=DIRECTION('',(-0.866025403784439,0.,-0.5));
#5226=DIRECTION('',(0.,1.,0.));
#5227=DIRECTION('',(0.866025403784439,0.,0.5));
#5228=DIRECTION('',(0.,-1.,0.));
#5229=DIRECTION('',(-0.866025403784439,0.,-0.5));
#5230=DIRECTION('',(0.,1.,0.));
#5231=DIRECTION('',(0.866025403784439,0.,0.5));
#5232=DIRECTION('',(0.,-1.,0.));
#5233=DIRECTION('',(0.,-1.,0.));
#5234=DIRECTION('',(0.,-1.,0.));
#5235=DIRECTION('',(-0.984807753012208,0.,-0.17364817766693));
#5236=DIRECTION('',(0.,-1.,0.));
#5237=DIRECTION('',(0.,1.,0.));
#5238=DIRECTION('',(0.984807753012208,0.,0.17364817766693));
#5239=DIRECTION('',(0.,-1.,0.));
#5240=DIRECTION('',(0.,-1.,0.));
#5241=DIRECTION('',(-0.984807753012208,0.,-0.17364817766693));
#5242=DIRECTION('',(0.,1.,0.));
#5243=DIRECTION('',(0.984807753012208,0.,0.17364817766693));
#5244=DIRECTION('',(0.,-1.,0.));
#5245=DIRECTION('',(-0.984807753012208,0.,-0.17364817766693));
#5246=DIRECTION('',(0.,1.,0.));
#5247=DIRECTION('',(0.984807753012208,0.,0.17364817766693));
#5248=DIRECTION('',(0.,-1.,0.));
#5249=DIRECTION('',(1.,0.,0.));
#5250=DIRECTION('',(0.,-1.,0.));
#5251=DIRECTION('',(0.,0.,-1.));
#5252=DIRECTION('',(0.,-1.,0.));
#5253=DIRECTION('',(1.,0.,0.));
#5254=DIRECTION('',(0.,-1.,0.));
#5255=DIRECTION('',(0.,0.,-1.));
#5256=DIRECTION('',(0.,1.,0.));
#5257=DIRECTION('',(0.,0.,1.));
#5258=DIRECTION('',(0.,1.,0.));
#5259=DIRECTION('',(0.,0.,1.));
#5260=DIRECTION('',(0.,1.,0.));
#5261=DIRECTION('',(0.,0.,1.));
#5262=DIRECTION('',(0.,1.,0.));
#5263=DIRECTION('',(0.,0.,1.));
#5264=DIRECTION('',(0.,-1.,0.));
#5265=DIRECTION('',(0.,0.,-1.));
#5266=DIRECTION('',(0.,-1.,0.));
#5267=DIRECTION('',(0.,0.,-1.));
#5268=DIRECTION('',(0.,-1.,0.));
#5269=DIRECTION('',(0.,-1.,0.));
#5270=DIRECTION('',(0.,0.,-1.));
#5271=DIRECTION('',(0.,-1.,0.));
#5272=DIRECTION('',(0.,-1.,0.));
#5273=DIRECTION('',(0.,0.,-1.));
#5274=DIRECTION('',(0.,-1.,0.));
#5275=DIRECTION('',(0.,0.,-1.));
#5276=DIRECTION('',(0.,-1.,0.));
#5277=DIRECTION('',(0.,-1.,0.));
#5278=DIRECTION('',(0.,0.,-1.));
#5279=DIRECTION('',(0.,-1.,0.));
#5280=DIRECTION('',(0.,1.,0.));
#5281=DIRECTION('',(0.,0.,1.));
#5282=DIRECTION('',(-0.130526192220051,0.,-0.99144486137381));
#5283=DIRECTION('',(0.,1.,0.));
#5284=DIRECTION('',(0.,0.,1.));
#5285=DIRECTION('',(0.,1.,0.));
#5286=DIRECTION('',(0.,0.,1.));
#5287=DIRECTION('',(0.130526192220052,0.,-0.99144486137381));
#5288=DIRECTION('',(0.,1.,0.));
#5289=DIRECTION('',(0.,0.,1.));
#5290=DIRECTION('',(0.,-1.,0.));
#5291=DIRECTION('',(0.,0.,-1.));
#5292=DIRECTION('',(0.,-1.,0.));
#5293=DIRECTION('',(0.,-1.,0.));
#5294=DIRECTION('',(0.,0.,-1.));
#5295=DIRECTION('',(0.,-1.,0.));
#5296=DIRECTION('',(0.,1.,0.));
#5297=DIRECTION('',(0.,0.,1.));
#5298=DIRECTION('',(0.,-1.,0.));
#5299=DIRECTION('',(0.,0.,-1.));
#5300=DIRECTION('',(0.130526192220051,0.,0.99144486137381));
#5301=DIRECTION('',(0.,-1.,0.));
#5302=DIRECTION('',(0.,0.,-1.));
#5303=DIRECTION('',(-0.130526192220052,0.,0.99144486137381));
#5304=DIRECTION('',(0.,-1.,0.));
#5305=DIRECTION('',(0.,0.,-1.));
#5306=DIRECTION('',(0.,-1.,0.));
#5307=DIRECTION('',(0.,0.,-1.));
#5308=DIRECTION('',(0.99144486137381,0.,-0.130526192220051));
#5309=DIRECTION('',(0.,1.,0.));
#5310=DIRECTION('',(0.,1.,0.));
#5311=DIRECTION('',(0.99144486137381,0.,-0.130526192220051));
#5312=DIRECTION('',(-0.130526192220051,0.,-0.99144486137381));
#5313=DIRECTION('',(0.,1.,0.));
#5314=DIRECTION('',(-0.130526192220051,0.,-0.99144486137381));
#5315=DIRECTION('',(0.99144486137381,0.,0.130526192220052));
#5316=DIRECTION('',(0.,1.,0.));
#5317=DIRECTION('',(0.99144486137381,0.,0.130526192220052));
#5318=DIRECTION('',(0.130526192220052,0.,-0.99144486137381));
#5319=DIRECTION('',(0.,-1.,0.));
#5320=DIRECTION('',(0.130526192220052,0.,-0.99144486137381));
#5321=DIRECTION('',(0.,-1.,0.));
#5322=DIRECTION('',(0.,-1.,0.));
#5323=DIRECTION('',(0.,0.,-1.));
#5324=DIRECTION('',(0.0922959556412573,-0.707106781186548,-0.701057384649978));
#5325=DIRECTION('',(-0.0922959556412573,-0.707106781186548,0.701057384649978));
#5326=DIRECTION('',(0.,-1.,0.));
#5327=DIRECTION('',(0.,0.,-1.));
#5328=DIRECTION('',(0.,-1.,0.));
#5329=DIRECTION('',(0.,0.,-1.));
#5330=DIRECTION('',(0.130526192220052,0.,-0.99144486137381));
#5331=DIRECTION('',(-0.99144486137381,0.,-0.130526192220052));
#5332=DIRECTION('',(0.130526192220051,0.,-0.991444861373811));
#5333=DIRECTION('',(-0.991444861373811,0.,-0.130526192220051));
#5334=DIRECTION('',(0.,-1.,0.));
#5335=DIRECTION('',(0.,0.,-1.));
#5336=DIRECTION('',(-0.092295955641257,-0.707106781186548,-0.701057384649978));
#5337=DIRECTION('',(0.092295955641257,-0.707106781186548,0.701057384649978));
#5338=DIRECTION('',(2.89120579329468E-16,-1.,0.));
#5339=DIRECTION('',(1.,2.89120579329468E-16,0.));
#5340=DIRECTION('',(0.,-1.,0.));
#5341=DIRECTION('',(0.,0.,-1.));
#5342=DIRECTION('',(-0.998337920300638,-4.32960056825845E-16,-0.0576315615769452));
#5343=DIRECTION('',(-0.0576315615769452,0.,0.998337920300638));
#5344=DIRECTION('',(0.,1.,0.));
#5345=DIRECTION('',(0.,0.,1.));
#5346=DIRECTION('',(0.998337920300638,0.,-0.057631561576945));
#5347=DIRECTION('',(-0.057631561576945,0.,-0.998337920300638));
#5348=DIRECTION('',(0.130526192220051,0.,0.99144486137381));
#5349=DIRECTION('',(0.99144486137381,0.,-0.130526192220051));
#5350=DIRECTION('',(-0.130526192220051,0.,-0.991444861373811));
#5351=DIRECTION('',(-0.991444861373811,0.,0.130526192220051));
#5352=DIRECTION('',(0.,-1.,0.));
#5353=DIRECTION('',(0.,0.,-1.));
#5354=DIRECTION('',(-2.89120579329468E-16,-1.,0.));
#5355=DIRECTION('',(1.,-2.89120579329468E-16,0.));
#5356=DIRECTION('',(0.,-1.,0.));
#5357=DIRECTION('',(0.,0.,-1.));
#5358=DIRECTION('',(0.,-1.,0.));
#5359=DIRECTION('',(0.,0.,-1.));
#5360=DIRECTION('',(0.,-1.,0.));
#5361=DIRECTION('',(0.,0.,-1.));
#5362=DIRECTION('',(0.,-1.,0.));
#5363=DIRECTION('',(0.,0.,-1.));
#5364=DIRECTION('',(0.,1.,0.));
#5365=DIRECTION('',(0.,0.,1.));
#5366=DIRECTION('',(0.,1.,0.));
#5367=DIRECTION('',(0.,0.,1.));
#5368=DIRECTION('',(0.,1.,0.));
#5369=DIRECTION('',(-1.,0.,0.));
#5370=DIRECTION('',(0.,1.,0.));
#5371=DIRECTION('',(0.,0.,1.));
#5372=DIRECTION('',(0.,1.,0.));
#5373=DIRECTION('',(0.,0.,1.));
#5374=DIRECTION('',(0.,1.,0.));
#5375=DIRECTION('',(-1.,0.,0.));
#5376=DIRECTION('',(0.,1.,0.));
#5377=DIRECTION('',(0.,0.,1.));
#5378=DIRECTION('',(0.,1.,0.));
#5379=DIRECTION('',(0.,0.,1.));
#5380=DIRECTION('',(0.,1.,0.));
#5381=DIRECTION('',(-1.,0.,0.));
#5382=DIRECTION('',(0.,1.,0.));
#5383=DIRECTION('',(0.,0.,1.));
#5384=DIRECTION('',(0.,1.,0.));
#5385=DIRECTION('',(0.,0.,1.));
#5386=DIRECTION('',(0.,1.,0.));
#5387=DIRECTION('',(-1.,0.,0.));
#5388=DIRECTION('',(0.,-1.,0.));
#5389=DIRECTION('',(0.,0.,-1.));
#5390=CARTESIAN_POINT('',(0.,0.,0.));
#5391=CARTESIAN_POINT('',(0.,0.0123,0.012055));
#5392=CARTESIAN_POINT('',(-0.00561081159517861,0.0043,0.0546873679056584));
#5393=CARTESIAN_POINT('',(-0.00561081159517861,0.0043,0.0546873679056584));
#5394=CARTESIAN_POINT('',(-0.00561081159517861,0.0073,0.0546873679056584));
#5395=CARTESIAN_POINT('',(0.,0.0073,0.012055));
#5396=CARTESIAN_POINT('',(-0.0388119551666225,0.0073,0.0305653251225925));
#5397=CARTESIAN_POINT('',(-0.0388119551666225,0.0093,0.0305653251225925));
#5398=CARTESIAN_POINT('',(-0.0388119551666226,0.0043,0.0305653251225925));
#5399=CARTESIAN_POINT('',(0.,0.0043,0.012055));
#5400=CARTESIAN_POINT('',(0.,0.0123,0.012055));
#5401=CARTESIAN_POINT('',(-0.0422796274369149,0.0043,0.0198929272639945));
#5402=CARTESIAN_POINT('',(-0.0422796274369149,0.0043,0.0198929272639945));
#5403=CARTESIAN_POINT('',(-0.0422796274369149,0.0073,0.0198929272639945));
#5404=CARTESIAN_POINT('',(0.,0.0073,0.012055));
#5405=CARTESIAN_POINT('',(-0.0295979190579884,0.0073,-0.0191373578370851));
#5406=CARTESIAN_POINT('',(-0.0295979190579884,0.0093,-0.0191373578370851));
#5407=CARTESIAN_POINT('',(-0.0295979190579884,0.0043,-0.0191373578370851));
#5408=CARTESIAN_POINT('',(0.,0.0043,0.012055));
#5409=CARTESIAN_POINT('',(0.,0.0123,0.012055));
#5410=CARTESIAN_POINT('',(-0.0205194351925175,0.0043,-0.0257332624551603));
#5411=CARTESIAN_POINT('',(-0.0205194351925175,0.0043,-0.0257332624551603));
#5412=CARTESIAN_POINT('',(-0.0205194351925175,0.0073,-0.0257332624551603));
#5413=CARTESIAN_POINT('',(0.,0.0073,0.012055));
#5414=CARTESIAN_POINT('',(0.0205194351925175,0.0073,-0.0257332624551603));
#5415=CARTESIAN_POINT('',(0.0205194351925175,0.0093,-0.0257332624551603));
#5416=CARTESIAN_POINT('',(0.0205194351925175,0.0043,-0.0257332624551603));
#5417=CARTESIAN_POINT('',(0.,0.0043,0.012055));
#5418=CARTESIAN_POINT('',(0.,0.0123,0.012055));
#5419=CARTESIAN_POINT('',(0.0295979190579885,0.0043,-0.0191373578370851));
#5420=CARTESIAN_POINT('',(0.0295979190579885,0.0043,-0.0191373578370851));
#5421=CARTESIAN_POINT('',(0.0295979190579885,0.0073,-0.0191373578370851));
#5422=CARTESIAN_POINT('',(0.,0.0073,0.012055));
#5423=CARTESIAN_POINT('',(0.0422796274369149,0.0073,0.0198929272639945));
#5424=CARTESIAN_POINT('',(0.0422796274369149,0.0093,0.0198929272639945));
#5425=CARTESIAN_POINT('',(0.0422796274369149,0.0043,0.0198929272639945));
#5426=CARTESIAN_POINT('',(0.,0.0043,0.012055));
#5427=CARTESIAN_POINT('',(0.,0.00909489346668124,0.012055));
#5428=CARTESIAN_POINT('',(-1.7347234759768E-18,0.0043,0.012055));
#5429=CARTESIAN_POINT('',(-0.0388119551666226,0.0043,0.0305653251225925));
#5430=CARTESIAN_POINT('',(-0.0388119551666225,-0.00727782002299745,0.0305653251225926));
#5431=CARTESIAN_POINT('',(0.,-0.00727782002299745,0.012055));
#5432=CARTESIAN_POINT('',(-0.0422796274369149,-0.00727782002299745,0.0198929272639945));
#5433=CARTESIAN_POINT('',(-0.0422796274369149,-0.00727782002299745,0.0198929272639945));
#5434=CARTESIAN_POINT('',(-0.0383598745848691,-0.00727782002299745,0.0303517216143525));
#5435=CARTESIAN_POINT('',(-0.0383598745848691,-0.00727782002299745,0.0303517216143525));
#5436=CARTESIAN_POINT('',(-0.0370059966583443,-0.00727782002299745,0.0297059549691401));
#5437=CARTESIAN_POINT('',(-0.038716595405147,-0.00727782002299745,0.0305218687176291));
#5438=CARTESIAN_POINT('',(0.,-0.00727782002299745,0.012055));
#5439=CARTESIAN_POINT('',(-0.0403134512101222,-0.00727782002299745,0.019526656545178));
#5440=CARTESIAN_POINT('',(-0.0417883335714681,-0.00727782002299745,0.0198000098334162));
#5441=CARTESIAN_POINT('',(-0.0421769367353466,-0.00727782002299745,0.0198720331726669));
#5442=CARTESIAN_POINT('',(-0.0416302301588701,-0.00727782002299745,0.0228217978953587));
#5443=CARTESIAN_POINT('',(-0.0400081286955719,-0.00727782002299745,0.0278141128645795));
#5444=CARTESIAN_POINT('',(0.,0.00909489346668124,0.012055));
#5445=CARTESIAN_POINT('',(-0.0367568268272324,0.00909489346668124,0.0216953154301532));
#5446=CARTESIAN_POINT('',(-0.0367568268272324,-0.0142778200229974,0.0216953154301532));
#5447=CARTESIAN_POINT('',(-0.0367568268272324,-0.0102778200229974,0.0216953154301532));
#5448=CARTESIAN_POINT('',(0.,-0.0102778200229974,0.012055));
#5449=CARTESIAN_POINT('',(-0.0354033327998196,-0.0102778200229974,0.0258609417159866));
#5450=CARTESIAN_POINT('',(-0.0354033327998196,0.00909489346668124,0.0258609417159866));
#5451=CARTESIAN_POINT('',(-0.0354033327998196,-0.0142778200229974,0.0258609417159866));
#5452=CARTESIAN_POINT('',(0.,-0.0142778200229974,0.012055));
#5453=CARTESIAN_POINT('',(-0.0397137525113938,-0.0172778200229975,0.0309974882595649));
#5454=CARTESIAN_POINT('',(-0.0428104563705185,-0.0172778200229975,0.0291507546001319));
#5455=CARTESIAN_POINT('',(-0.0381983327577001,-0.0172778200229975,0.0269508844830381));
#5456=CARTESIAN_POINT('',(-0.0427158845486215,-0.0172778200229975,0.0291056461550044));
#5457=CARTESIAN_POINT('',(-0.0400081286955719,-0.0172778200229975,0.0278141128645795));
#5458=CARTESIAN_POINT('',(-0.0427993934882862,-0.0172778200229975,0.0289135858551316));
#5459=CARTESIAN_POINT('',(0.,-0.0172778200229975,0.012055));
#5460=CARTESIAN_POINT('',(-0.0445346648211168,-0.0172778200229975,0.0235729698415466));
#5461=CARTESIAN_POINT('',(-0.0416302301588701,-0.0172778200229975,0.0228217978953587));
#5462=CARTESIAN_POINT('',(-0.044579994881562,-0.0172778200229975,0.0233685044718351));
#5463=CARTESIAN_POINT('',(-0.0412423510213493,-0.0172778200229975,0.0227499087464618));
#5464=CARTESIAN_POINT('',(-0.0396586815767508,-0.0172778200229975,0.0224563929641126));
#5465=CARTESIAN_POINT('',(0.,-0.0172778200229975,0.012055));
#5466=CARTESIAN_POINT('',(0.,0.00909489346668124,0.012055));
#5467=CARTESIAN_POINT('',(-0.0427993934882862,0.00909489346668124,0.0289135858551316));
#5468=CARTESIAN_POINT('',(-0.0427993934882862,0.0063,0.0289135858551316));
#5469=CARTESIAN_POINT('',(0.,0.0063,0.012055));
#5470=CARTESIAN_POINT('',(-0.0445346648211168,0.0063,0.0235729698415466));
#5471=CARTESIAN_POINT('',(-0.0445346648211168,0.00909489346668124,0.0235729698415466));
#5472=CARTESIAN_POINT('',(-0.00135387792652479,-0.01035,0.0127007666452124));
#5473=CARTESIAN_POINT('',(-0.0369067994672752,-0.00727782002299745,0.0296586403360878));
#5474=CARTESIAN_POINT('',(-0.0369067994672752,-0.0142778200229974,0.0296586403360878));
#5475=CARTESIAN_POINT('',(-0.0369067994672752,-0.00727983382510008,0.0296586403360878));
#5476=CARTESIAN_POINT('',(-0.0370059966583443,-0.0102778200229974,0.0297059549691401));
#5477=CARTESIAN_POINT('',(-0.038716595405147,-0.0172778200229975,0.0305218687176291));
#5478=CARTESIAN_POINT('',(-0.038716595405147,-0.0142778200229974,0.0305218687176291));
#5479=CARTESIAN_POINT('',(-0.0342982408052947,-0.0142778200229974,0.0284144216787152));
#5480=CARTESIAN_POINT('',(-0.00147488236134593,-0.01035,0.0123283532882382));
#5481=CARTESIAN_POINT('',(-0.0403134512101222,-0.0102778200229974,0.019526656545178));
#5482=CARTESIAN_POINT('',(-0.0402053881532272,-0.00727983382510008,0.0195066282414207));
#5483=CARTESIAN_POINT('',(-0.0402053881532272,-0.01035,0.0195066282414207));
#5484=CARTESIAN_POINT('',(-0.0402053881532272,-0.0142778200229974,0.0195066282414207));
#5485=CARTESIAN_POINT('',(-0.00147488236134593,-0.0142778200229974,0.0123283532882382));
#5486=CARTESIAN_POINT('',(-0.0421769367353466,-0.0142778200229974,0.0198720331726669));
#5487=CARTESIAN_POINT('',(-0.0421769367353466,-0.01035,0.0198720331726669));
#5488=CARTESIAN_POINT('',(-0.0381983327577001,0.00909489346668124,0.0269508844830381));
#5489=CARTESIAN_POINT('',(-0.0381983327577001,-0.0142778200229974,0.0269508844830381));
#5490=CARTESIAN_POINT('',(-0.0369067994672752,-0.00727983382510008,0.0296586403360878));
#5491=CARTESIAN_POINT('',(-0.0364851513134711,-0.00729695933264503,0.0294575244833158));
#5492=CARTESIAN_POINT('',(-0.0357776245088036,-0.00755750220287457,0.0288691684927789));
#5493=CARTESIAN_POINT('',(-0.0350874797545956,-0.0086081478370908,0.0274631343045361));
#5494=CARTESIAN_POINT('',(-0.0351718798942894,-0.00961609086691103,0.0264544690834448));
#5495=CARTESIAN_POINT('',(-0.0354033327998196,-0.0102778200229974,0.0258609417159866));
#5496=CARTESIAN_POINT('',(-0.0396586815767508,0.00909489346668124,0.0224563929641126));
#5497=CARTESIAN_POINT('',(-0.0396586815767508,-0.0142778200229974,0.0224563929641126));
#5498=CARTESIAN_POINT('',(-0.0402053881532272,-0.00727983382510008,0.0195066282414207));
#5499=CARTESIAN_POINT('',(-0.0397460546988913,-0.00729695933264503,0.019421495817689));
#5500=CARTESIAN_POINT('',(-0.0388278265156035,-0.00755750220287327,0.0194816119913918));
#5501=CARTESIAN_POINT('',(-0.0374430415208045,-0.00860814783709733,0.0202134606358741));
#5502=CARTESIAN_POINT('',(-0.0369184441266773,-0.00961609086688236,0.0210790970988108));
#5503=CARTESIAN_POINT('',(-0.0367568268272324,-0.0102778200229974,0.0216953154301532));
#5504=CARTESIAN_POINT('',(-0.00264541121694967,-0.0142778200229974,0.00999301079216286));
#5505=CARTESIAN_POINT('',(-0.0400081286955719,-0.0142778200229974,0.0278141128645795));
#5506=CARTESIAN_POINT('',(-0.0381983327577001,-0.0142778200229974,0.0269508844830381));
#5507=CARTESIAN_POINT('',(-0.0412423510213493,-0.0142778200229974,0.0227499087464618));
#5508=CARTESIAN_POINT('',(-0.0416302301588701,-0.0142778200229974,0.0228217978953587));
#5509=CARTESIAN_POINT('',(-0.0396586815767508,-0.0142778200229974,0.0224563929641126));
#5510=CARTESIAN_POINT('',(-0.0400081286955719,0.00909489346668124,0.0278141128645795));
#5511=CARTESIAN_POINT('',(-0.0388119551666226,0.0073,0.0305653251225925));
#5512=CARTESIAN_POINT('',(-0.0388119551666226,0.00798002149935859,0.0305653251225925));
#5513=CARTESIAN_POINT('',(-0.0386820118431613,0.00864802526183619,0.0305185565745734));
#5514=CARTESIAN_POINT('',(-0.0384516661827546,0.00927246774900018,0.0303787618554152));
#5515=CARTESIAN_POINT('',(-0.0384516661827546,0.00927246774900019,0.0303787618554152));
#5516=CARTESIAN_POINT('',(-0.0384516661827546,0.00927246774900021,0.0303787618554152));
#5517=CARTESIAN_POINT('',(-0.0388965379103072,0.00934309952015849,0.0306487505242047));
#5518=CARTESIAN_POINT('',(-0.0399436282928078,0.00918867911603784,0.0309376010105777));
#5519=CARTESIAN_POINT('',(-0.0412961101479808,0.0083814598506772,0.0306197723783587));
#5520=CARTESIAN_POINT('',(-0.0422610413183204,0.00738112627087702,0.029903297357544));
#5521=CARTESIAN_POINT('',(-0.0426634194282155,0.00665871382879831,0.0292587872469431));
#5522=CARTESIAN_POINT('',(-0.0427993934882862,0.0063,0.0289135858551316));
#5523=CARTESIAN_POINT('',(-0.0416302301588701,0.00909489346668124,0.0228217978953587));
#5524=CARTESIAN_POINT('',(-0.0418784883890133,0.00927246774900021,0.019832087566386));
#5525=CARTESIAN_POINT('',(-0.0423970925347208,0.00934309952015849,0.019875151185664));
#5526=CARTESIAN_POINT('',(-0.0434139885048191,0.00918867911603361,0.0202569305180018));
#5527=CARTESIAN_POINT('',(-0.0443213543274585,0.00838145985069203,0.0213090281712477));
#5528=CARTESIAN_POINT('',(-0.0446808665918115,0.007381126270822,0.0224558409504695));
#5529=CARTESIAN_POINT('',(-0.0446275637828744,0.00665871382891685,0.0232137725019962));
#5530=CARTESIAN_POINT('',(-0.0445346648211168,0.0063,0.0235729698415466));
#5531=CARTESIAN_POINT('',(-0.0418784883890133,0.00927246774900019,0.019832087566386));
#5532=CARTESIAN_POINT('',(-0.0418784883890133,0.00927246774900019,0.019832087566386));
#5533=CARTESIAN_POINT('',(-0.0421470911544769,0.00864783936972947,0.0198543916827813));
#5534=CARTESIAN_POINT('',(-0.0422796274369149,0.00798003328676764,0.0198929272639945));
#5535=CARTESIAN_POINT('',(-0.0422796274369149,0.0073,0.0198929272639945));
#5536=CARTESIAN_POINT('',(0.,-0.0102778200229974,0.012055));
#5537=CARTESIAN_POINT('',(0.,-0.0142778200229974,0.012055));
#5538=CARTESIAN_POINT('',(-0.0396586815767508,-0.0142778200229974,0.0224563929641126));
#5539=CARTESIAN_POINT('',(-0.0381983327577001,-0.0142778200229974,0.0269508844830381));
#5540=CARTESIAN_POINT('',(0.,0.0063,0.012055));
#5541=CARTESIAN_POINT('',(0.,0.00927246774900019,0.012055));
#5542=CARTESIAN_POINT('',(-0.0381983327577001,-0.0142778200229974,0.0269508844830381));
#5543=CARTESIAN_POINT('',(-0.0396586815767508,-0.0142778200229974,0.0224563929641126));
#5544=CARTESIAN_POINT('',(0.,0.00909489346668124,0.012055));
#5545=CARTESIAN_POINT('',(-8.67361737988404E-19,0.0043,0.012055));
#5546=CARTESIAN_POINT('',(-0.0295979190579884,0.0043,-0.0191373578370851));
#5547=CARTESIAN_POINT('',(-0.0295979190579885,-0.00727782002299745,-0.0191373578370851));
#5548=CARTESIAN_POINT('',(0.,-0.00727782002299745,0.012055));
#5549=CARTESIAN_POINT('',(-0.0205194351925175,-0.00727782002299745,-0.0257332624551603));
#5550=CARTESIAN_POINT('',(-0.0205194351925175,-0.00727782002299745,-0.0257332624551603));
#5551=CARTESIAN_POINT('',(-0.0292550694669845,-0.00727782002299745,-0.0187734107680223));
#5552=CARTESIAN_POINT('',(-0.0292550694669845,-0.00727782002299745,-0.0187734107680223));
#5553=CARTESIAN_POINT('',(-0.0282225376034439,-0.00727782002299745,-0.0176853492115038));
#5554=CARTESIAN_POINT('',(-0.0295271217739977,-0.00727782002299745,-0.0190600940821896));
#5555=CARTESIAN_POINT('',(0.,-0.00727782002299745,0.012055));
#5556=CARTESIAN_POINT('',(-0.019563509170644,-0.00727782002299745,-0.0239765016191406));
#5557=CARTESIAN_POINT('',(-0.0202792473110334,-0.00727782002299745,-0.0252947272881335));
#5558=CARTESIAN_POINT('',(-0.0204678305588593,-0.00727782002299745,-0.025642054423573));
#5559=CARTESIAN_POINT('',(-0.0231042818968452,-0.00727782002299745,-0.0242105781427942));
#5560=CARTESIAN_POINT('',(-0.0273509986609608,-0.00727782002299745,-0.0211251578092709));
#5561=CARTESIAN_POINT('',(0.,0.00909489346668124,0.012055));
#5562=CARTESIAN_POINT('',(-0.0205269689578996,0.00909489346668124,-0.0199237983733195));
#5563=CARTESIAN_POINT('',(-0.0205269689578996,-0.0142778200229974,-0.0199237983733195));
#5564=CARTESIAN_POINT('',(-0.0205269689578996,-0.0102778200229974,-0.0199237983733195));
#5565=CARTESIAN_POINT('',(0.,-0.0102778200229974,0.012055));
#5566=CARTESIAN_POINT('',(-0.0240704623252364,-0.0102778200229974,-0.0173492997442445));
#5567=CARTESIAN_POINT('',(-0.0240704623252364,0.00909489346668124,-0.0173492997442445));
#5568=CARTESIAN_POINT('',(-0.0240704623252364,-0.0142778200229974,-0.0173492997442445));
#5569=CARTESIAN_POINT('',(0.,-0.0142778200229974,0.012055));
#5570=CARTESIAN_POINT('',(-0.0302876013305251,-0.0172778200229975,-0.0198614723245406));
#5571=CARTESIAN_POINT('',(-0.0294881873688758,-0.0172778200229975,-0.0233772847936465));
#5572=CARTESIAN_POINT('',(-0.0259707619824919,-0.0172778200229975,-0.0196706918293164));
#5573=CARTESIAN_POINT('',(-0.0294160623880421,-0.0172778200229975,-0.0233012809223077));
#5574=CARTESIAN_POINT('',(-0.0273509986609608,-0.0172778200229975,-0.0211251578092709));
#5575=CARTESIAN_POINT('',(-0.0292592078698651,-0.0172778200229975,-0.0234400525401502));
#5576=CARTESIAN_POINT('',(0.,-0.0172778200229975,0.012055));
#5577=CARTESIAN_POINT('',(-0.0247162085408111,-0.0172778200229975,-0.0267407347574077));
#5578=CARTESIAN_POINT('',(-0.0231042818968452,-0.0172778200229975,-0.0242105781427942));
#5579=CARTESIAN_POINT('',(-0.024535758177624,-0.0172778200229975,-0.02684702948078));
#5580=CARTESIAN_POINT('',(-0.0229160500080784,-0.0172778200229975,-0.0238638981302404));
#5581=CARTESIAN_POINT('',(-0.0221475191387864,-0.0172778200229975,-0.0224484403501605));
#5582=CARTESIAN_POINT('',(0.,-0.0172778200229975,0.012055));
#5583=CARTESIAN_POINT('',(0.,0.00909489346668124,0.012055));
#5584=CARTESIAN_POINT('',(-0.0292592078698651,0.00909489346668124,-0.0234400525401502));
#5585=CARTESIAN_POINT('',(-0.0292592078698651,0.0063,-0.0234400525401502));
#5586=CARTESIAN_POINT('',(0.,0.0063,0.012055));
#5587=CARTESIAN_POINT('',(-0.0247162085408111,0.0063,-0.0267407347574077));
#5588=CARTESIAN_POINT('',(-0.0247162085408111,0.00909489346668124,-0.0267407347574077));
#5589=CARTESIAN_POINT('',(-0.00103253186354063,-0.01035,0.0109669384434816));
#5590=CARTESIAN_POINT('',(-0.0281468850955288,-0.00727782002299745,-0.0176056281022351));
#5591=CARTESIAN_POINT('',(-0.0281468850955288,-0.0142778200229974,-0.0176056281022351));
#5592=CARTESIAN_POINT('',(-0.0281468850955288,-0.00727983382510008,-0.0176056281022351));
#5593=CARTESIAN_POINT('',(-0.0282225376034439,-0.0102778200229974,-0.0176853492115038));
#5594=CARTESIAN_POINT('',(-0.0295271217739977,-0.0172778200229975,-0.0190600940821896));
#5595=CARTESIAN_POINT('',(-0.0295271217739977,-0.0142778200229974,-0.0190600940821896));
#5596=CARTESIAN_POINT('',(-0.0261574738763626,-0.0142778200229974,-0.0155092260984669));
#5597=CARTESIAN_POINT('',(-0.00071573814038941,-0.01035,0.0107367743310071));
#5598=CARTESIAN_POINT('',(-0.019563509170644,-0.0102778200229974,-0.0239765016191406));
#5599=CARTESIAN_POINT('',(-0.0195110678008006,-0.00727983382510008,-0.0238799166309394));
#5600=CARTESIAN_POINT('',(-0.0195110678008006,-0.01035,-0.0238799166309394));
#5601=CARTESIAN_POINT('',(-0.0195110678008006,-0.0142778200229974,-0.0238799166309394));
#5602=CARTESIAN_POINT('',(-0.00071573814038941,-0.0142778200229974,0.0107367743310071));
#5603=CARTESIAN_POINT('',(-0.0204678305588593,-0.0142778200229974,-0.025642054423573));
#5604=CARTESIAN_POINT('',(-0.0204678305588593,-0.01035,-0.025642054423573));
#5605=CARTESIAN_POINT('',(-0.0259707619824919,0.00909489346668124,-0.0196706918293164));
#5606=CARTESIAN_POINT('',(-0.0259707619824919,-0.0142778200229974,-0.0196706918293164));
#5607=CARTESIAN_POINT('',(-0.0281468850955288,-0.00727983382510008,-0.0176056281022351));
#5608=CARTESIAN_POINT('',(-0.0278253161080475,-0.00729695933264503,-0.0172667650943206));
#5609=CARTESIAN_POINT('',(-0.027047118502728,-0.00755750220287463,-0.0167756791161063));
#5610=CARTESIAN_POINT('',(-0.0254966340682366,-0.00860814783709049,-0.0165538009092694));
#5611=CARTESIAN_POINT('',(-0.0245634175144517,-0.0096160908669123,-0.0169457649070526));
#5612=CARTESIAN_POINT('',(-0.0240704623252364,-0.0102778200229974,-0.0173492997442445));
#5613=CARTESIAN_POINT('',(-0.0221475191387864,0.00909489346668124,-0.0224484403501605));
#5614=CARTESIAN_POINT('',(-0.0221475191387864,-0.0142778200229974,-0.0224484403501605));
#5615=CARTESIAN_POINT('',(-0.0195110678008006,-0.00727983382510008,-0.0238799166309394));
#5616=CARTESIAN_POINT('',(-0.0192881602109878,-0.00729695933264503,-0.0234693719217463));
#5617=CARTESIAN_POINT('',(-0.0190615859763727,-0.00755750220287315,-0.0225775081052736));
#5618=CARTESIAN_POINT('',(-0.0193296933017004,-0.00860814783709792,-0.0210343456438473));
#5619=CARTESIAN_POINT('',(-0.0199908529905317,-0.00961609086687974,-0.0202679274957314));
#5620=CARTESIAN_POINT('',(-0.0205269689578996,-0.0102778200229974,-0.0199237983733195));
#5621=CARTESIAN_POINT('',(0.00114359124949624,-0.0142778200229974,0.00890187471640031));
#5622=CARTESIAN_POINT('',(-0.0273509986609608,-0.0142778200229974,-0.0211251578092709));
#5623=CARTESIAN_POINT('',(-0.0259707619824919,-0.0142778200229974,-0.0196706918293164));
#5624=CARTESIAN_POINT('',(-0.0229160500080784,-0.0142778200229974,-0.0238638981302404));
#5625=CARTESIAN_POINT('',(-0.0231042818968452,-0.0142778200229974,-0.0242105781427942));
#5626=CARTESIAN_POINT('',(-0.0221475191387864,-0.0142778200229974,-0.0224484403501605));
#5627=CARTESIAN_POINT('',(-0.0273509986609608,0.00909489346668124,-0.0211251578092709));
#5628=CARTESIAN_POINT('',(-0.0295979190579884,0.0073,-0.0191373578370851));
#5629=CARTESIAN_POINT('',(-0.0295979190579884,0.00798002149935859,-0.0191373578370851));
#5630=CARTESIAN_POINT('',(-0.029513284830382,0.0086480252618362,-0.0190282266686984));
#5631=CARTESIAN_POINT('',(-0.0293091514281368,0.00927246774900019,-0.018852353871312));
#5632=CARTESIAN_POINT('',(-0.0293091514281368,0.00927246774900019,-0.018852353871312));
#5633=CARTESIAN_POINT('',(-0.0293091514281368,0.00927246774900021,-0.018852353871312));
#5634=CARTESIAN_POINT('',(-0.0297033988350456,0.00934309952015849,-0.0191920209397718));
#5635=CARTESIAN_POINT('',(-0.0303016806951849,0.00918867911603786,-0.0200986033620763));
#5636=CARTESIAN_POINT('',(-0.0304173475812801,0.00838145985067717,-0.0214831044922641));
#5637=CARTESIAN_POINT('',(-0.0300341194740085,0.00738112627087717,-0.0226222115270689));
#5638=CARTESIAN_POINT('',(-0.0295454956076258,0.00665871382879798,-0.023204060427721));
#5639=CARTESIAN_POINT('',(-0.0292592078698651,0.0063,-0.0234400525401502));
#5640=CARTESIAN_POINT('',(-0.0231042818968452,0.00909489346668124,-0.0242105781427942));
#5641=CARTESIAN_POINT('',(-0.0203376144187484,0.00927246774900021,-0.0253705570502066));
#5642=CARTESIAN_POINT('',(-0.0205388278488549,0.00934309952015849,-0.0258504715121633));
#5643=CARTESIAN_POINT('',(-0.0212161597069335,0.00918867911603361,-0.0266996207491259));
#5644=CARTESIAN_POINT('',(-0.0224971554951424,0.00838145985069205,-0.0272374608728157));
#5645=CARTESIAN_POINT('',(-0.0236989346611631,0.00738112627082196,-0.0272249927163707));
#5646=CARTESIAN_POINT('',(-0.0244032989283389,0.00665871382891698,-0.0269400850025996));
#5647=CARTESIAN_POINT('',(-0.0247162085408111,0.0063,-0.0267407347574077));
#5648=CARTESIAN_POINT('',(-0.0203376144187484,0.00927246774900019,-0.0253705570502066));
#5649=CARTESIAN_POINT('',(-0.0203376144187484,0.00927246774900019,-0.0253705570502066));
#5650=CARTESIAN_POINT('',(-0.0204418297132507,0.00864783936972948,-0.0256191211095851));
#5651=CARTESIAN_POINT('',(-0.0205194351925175,0.00798003328676764,-0.0257332624551603));
#5652=CARTESIAN_POINT('',(-0.0205194351925175,0.0073,-0.0257332624551603));
#5653=CARTESIAN_POINT('',(0.,-0.0102778200229974,0.012055));
#5654=CARTESIAN_POINT('',(0.,-0.0142778200229974,0.012055));
#5655=CARTESIAN_POINT('',(-0.0221475191387864,-0.0142778200229974,-0.0224484403501605));
#5656=CARTESIAN_POINT('',(-0.0259707619824919,-0.0142778200229974,-0.0196706918293164));
#5657=CARTESIAN_POINT('',(0.,0.0063,0.012055));
#5658=CARTESIAN_POINT('',(0.,0.00927246774900019,0.012055));
#5659=CARTESIAN_POINT('',(-0.0259707619824919,-0.0142778200229974,-0.0196706918293164));
#5660=CARTESIAN_POINT('',(-0.0221475191387864,-0.0142778200229974,-0.0224484403501605));
#5661=CARTESIAN_POINT('',(0.,0.00909489346668124,0.012055));
#5662=CARTESIAN_POINT('',(1.7347234759768E-18,0.0043,0.012055));
#5663=CARTESIAN_POINT('',(0.0205194351925175,0.0043,-0.0257332624551603));
#5664=CARTESIAN_POINT('',(0.0205194351925174,-0.00727782002299745,-0.0257332624551603));
#5665=CARTESIAN_POINT('',(0.,-0.00727782002299745,0.012055));
#5666=CARTESIAN_POINT('',(0.0295979190579885,-0.00727782002299745,-0.0191373578370851));
#5667=CARTESIAN_POINT('',(0.0295979190579885,-0.00727782002299745,-0.0191373578370851));
#5668=CARTESIAN_POINT('',(0.0202792473110334,-0.00727782002299745,-0.0252947272881335));
#5669=CARTESIAN_POINT('',(0.0202792473110334,-0.00727782002299745,-0.0252947272881335));
#5670=CARTESIAN_POINT('',(0.019563509170644,-0.00727782002299745,-0.0239765016191406));
#5671=CARTESIAN_POINT('',(0.0204678305588593,-0.00727782002299745,-0.025642054423573));
#5672=CARTESIAN_POINT('',(0.,-0.00727782002299745,0.012055));
#5673=CARTESIAN_POINT('',(0.0282225376034439,-0.00727782002299745,-0.0176853492115038));
#5674=CARTESIAN_POINT('',(0.0292550694669845,-0.00727782002299745,-0.0187734107680222));
#5675=CARTESIAN_POINT('',(0.0295271217739977,-0.00727782002299745,-0.0190600940821895));
#5676=CARTESIAN_POINT('',(0.0273509986609608,-0.00727782002299745,-0.0211251578092708));
#5677=CARTESIAN_POINT('',(0.0231042818968452,-0.00727782002299745,-0.0242105781427942));
#5678=CARTESIAN_POINT('',(0.,0.00909489346668124,0.012055));
#5679=CARTESIAN_POINT('',(0.0240704623252364,0.00909489346668124,-0.0173492997442444));
#5680=CARTESIAN_POINT('',(0.0240704623252364,-0.0142778200229974,-0.0173492997442444));
#5681=CARTESIAN_POINT('',(0.0240704623252364,-0.0102778200229974,-0.0173492997442444));
#5682=CARTESIAN_POINT('',(0.,-0.0102778200229974,0.012055));
#5683=CARTESIAN_POINT('',(0.0205269689578997,-0.0102778200229974,-0.0199237983733195));
#5684=CARTESIAN_POINT('',(0.0205269689578997,0.00909489346668124,-0.0199237983733195));
#5685=CARTESIAN_POINT('',(0.0205269689578997,-0.0142778200229974,-0.0199237983733195));
#5686=CARTESIAN_POINT('',(0.,-0.0142778200229974,0.012055));
#5687=CARTESIAN_POINT('',(0.0209949854514228,-0.0172778200229975,-0.0266129529571264));
#5688=CARTESIAN_POINT('',(0.0245857543099279,-0.0172778200229975,-0.0269391109016715));
#5689=CARTESIAN_POINT('',(0.0221475191387865,-0.0172778200229975,-0.0224484403501605));
#5690=CARTESIAN_POINT('',(0.024535758177624,-0.0172778200229975,-0.02684702948078));
#5691=CARTESIAN_POINT('',(0.0231042818968452,-0.0172778200229975,-0.0242105781427942));
#5692=CARTESIAN_POINT('',(0.0247162085408111,-0.0172778200229975,-0.0267407347574077));
#5693=CARTESIAN_POINT('',(0.,-0.0172778200229975,0.012055));
#5694=CARTESIAN_POINT('',(0.0292592078698651,-0.0172778200229975,-0.0234400525401501));
#5695=CARTESIAN_POINT('',(0.0273509986609608,-0.0172778200229975,-0.0211251578092708));
#5696=CARTESIAN_POINT('',(0.0294160623880422,-0.0172778200229975,-0.0233012809223077));
#5697=CARTESIAN_POINT('',(0.0270794532284645,-0.0172778200229975,-0.0208390086293953));
#5698=CARTESIAN_POINT('',(0.0259707619824919,-0.0172778200229975,-0.0196706918293164));
#5699=CARTESIAN_POINT('',(0.,-0.0172778200229975,0.012055));
#5700=CARTESIAN_POINT('',(0.,0.00909489346668124,0.012055));
#5701=CARTESIAN_POINT('',(0.0247162085408111,0.00909489346668124,-0.0267407347574077));
#5702=CARTESIAN_POINT('',(0.0247162085408111,0.0063,-0.0267407347574077));
#5703=CARTESIAN_POINT('',(0.,0.0063,0.012055));
#5704=CARTESIAN_POINT('',(0.0292592078698651,0.0063,-0.0234400525401501));
#5705=CARTESIAN_POINT('',(0.0292592078698651,0.00909489346668124,-0.0234400525401501));
#5706=CARTESIAN_POINT('',(0.00071573814038941,-0.01035,0.0107367743310071));
#5707=CARTESIAN_POINT('',(0.0195110678008006,-0.00727782002299745,-0.0238799166309393));
#5708=CARTESIAN_POINT('',(0.0195110678008006,-0.0142778200229974,-0.0238799166309393));
#5709=CARTESIAN_POINT('',(0.0195110678008006,-0.00727983382510008,-0.0238799166309393));
#5710=CARTESIAN_POINT('',(0.019563509170644,-0.0102778200229974,-0.0239765016191406));
#5711=CARTESIAN_POINT('',(0.0204678305588594,-0.0172778200229975,-0.025642054423573));
#5712=CARTESIAN_POINT('',(0.0204678305588594,-0.0142778200229974,-0.025642054423573));
#5713=CARTESIAN_POINT('',(0.0181320328898651,-0.0142778200229974,-0.0213400502811547));
#5714=CARTESIAN_POINT('',(0.00103253186354063,-0.01035,0.0109669384434816));
#5715=CARTESIAN_POINT('',(0.0282225376034439,-0.0102778200229974,-0.0176853492115038));
#5716=CARTESIAN_POINT('',(0.0281468850955288,-0.00727983382510008,-0.0176056281022351));
#5717=CARTESIAN_POINT('',(0.0281468850955288,-0.01035,-0.0176056281022351));
#5718=CARTESIAN_POINT('',(0.0281468850955288,-0.0142778200229974,-0.0176056281022351));
#5719=CARTESIAN_POINT('',(0.00103253186354063,-0.0142778200229974,0.0109669384434816));
#5720=CARTESIAN_POINT('',(0.0295271217739977,-0.0142778200229974,-0.0190600940821895));
#5721=CARTESIAN_POINT('',(0.0295271217739977,-0.01035,-0.0190600940821895));
#5722=CARTESIAN_POINT('',(0.0221475191387865,0.00909489346668124,-0.0224484403501605));
#5723=CARTESIAN_POINT('',(0.0221475191387865,-0.0142778200229974,-0.0224484403501605));
#5724=CARTESIAN_POINT('',(0.0195110678008006,-0.00727983382510008,-0.0238799166309393));
#5725=CARTESIAN_POINT('',(0.0192881602109878,-0.00729695933264503,-0.0234693719217462));
#5726=CARTESIAN_POINT('',(0.0190615859763714,-0.00755750220287465,-0.0225775081052744));
#5727=CARTESIAN_POINT('',(0.019329693301707,-0.00860814783709053,-0.0210343456438431));
#5728=CARTESIAN_POINT('',(0.0199908529905033,-0.0096160908669123,-0.0202679274957496));
#5729=CARTESIAN_POINT('',(0.0205269689578997,-0.0102778200229974,-0.0199237983733195));
#5730=CARTESIAN_POINT('',(0.0259707619824919,0.00909489346668124,-0.0196706918293164));
#5731=CARTESIAN_POINT('',(0.0259707619824919,-0.0142778200229974,-0.0196706918293164));
#5732=CARTESIAN_POINT('',(0.0281468850955288,-0.00727983382510008,-0.0176056281022352));
#5733=CARTESIAN_POINT('',(0.0278253161080475,-0.00729695933264503,-0.0172667650943206));
#5734=CARTESIAN_POINT('',(0.0270471185027269,-0.00755750220287323,-0.0167756791161072));
#5735=CARTESIAN_POINT('',(0.0254966340682423,-0.00860814783709754,-0.0165538009092647));
#5736=CARTESIAN_POINT('',(0.0245634175144269,-0.00961609086688144,-0.0169457649070728));
#5737=CARTESIAN_POINT('',(0.0240704623252364,-0.0102778200229974,-0.0173492997442445));
#5738=CARTESIAN_POINT('',(0.0033521894783753,-0.0142778200229974,0.0121682506117859));
#5739=CARTESIAN_POINT('',(0.0231042818968452,-0.0142778200229974,-0.0242105781427942));
#5740=CARTESIAN_POINT('',(0.0221475191387865,-0.0142778200229974,-0.0224484403501605));
#5741=CARTESIAN_POINT('',(0.0270794532284645,-0.0142778200229974,-0.0208390086293953));
#5742=CARTESIAN_POINT('',(0.0273509986609608,-0.0142778200229974,-0.0211251578092708));
#5743=CARTESIAN_POINT('',(0.0259707619824919,-0.0142778200229974,-0.0196706918293164));
#5744=CARTESIAN_POINT('',(0.0231042818968452,0.00909489346668124,-0.0242105781427942));
#5745=CARTESIAN_POINT('',(0.0205194351925175,0.0073,-0.0257332624551603));
#5746=CARTESIAN_POINT('',(0.0205194351925175,0.00798002149935859,-0.0257332624551603));
#5747=CARTESIAN_POINT('',(0.0204417986983285,0.00864802526183619,-0.0256190471358461));
#5748=CARTESIAN_POINT('',(0.0203376144187485,0.00927246774900019,-0.0253705570502066));
#5749=CARTESIAN_POINT('',(0.0203376144187485,0.00927246774900019,-0.0253705570502066));
#5750=CARTESIAN_POINT('',(0.0203376144187484,0.00927246774900021,-0.0253705570502066));
#5751=CARTESIAN_POINT('',(0.0205388278488549,0.00934309952015849,-0.0258504715121633));
#5752=CARTESIAN_POINT('',(0.0212161597069369,0.00918867911603783,-0.0266996207491237));
#5753=CARTESIAN_POINT('',(0.0224971554951303,0.00838145985067722,-0.0272374608728234));
#5754=CARTESIAN_POINT('',(0.023698934661208,0.00738112627087698,-0.0272249927163422));
#5755=CARTESIAN_POINT('',(0.0244032989282423,0.00665871382879849,-0.0269400850026611));
#5756=CARTESIAN_POINT('',(0.0247162085408111,0.0063,-0.0267407347574077));
#5757=CARTESIAN_POINT('',(0.0273509986609608,0.00909489346668124,-0.0211251578092708));
#5758=CARTESIAN_POINT('',(0.0293091514281369,0.00927246774900021,-0.018852353871312));
#5759=CARTESIAN_POINT('',(0.0297033988350456,0.00934309952015848,-0.0191920209397717));
#5760=CARTESIAN_POINT('',(0.0303016806951882,0.00918867911603354,-0.0200986033620736));
#5761=CARTESIAN_POINT('',(0.0304173475812689,0.00838145985069225,-0.0214831044922734));
#5762=CARTESIAN_POINT('',(0.0300341194740502,0.00738112627082125,-0.0226222115270345));
#5763=CARTESIAN_POINT('',(0.0295454956075359,0.00665871382891863,-0.0232040604277952));
#5764=CARTESIAN_POINT('',(0.0292592078698651,0.0063,-0.0234400525401501));
#5765=CARTESIAN_POINT('',(0.0293091514281368,0.00927246774900019,-0.018852353871312));
#5766=CARTESIAN_POINT('',(0.0293091514281368,0.00927246774900019,-0.018852353871312));
#5767=CARTESIAN_POINT('',(0.0295133455994504,0.00864783936972948,-0.0190282790247847));
#5768=CARTESIAN_POINT('',(0.0295979190579885,0.00798003328676765,-0.0191373578370851));
#5769=CARTESIAN_POINT('',(0.0295979190579885,0.0073,-0.0191373578370851));
#5770=CARTESIAN_POINT('',(0.,-0.0102778200229974,0.012055));
#5771=CARTESIAN_POINT('',(0.,-0.0142778200229974,0.012055));
#5772=CARTESIAN_POINT('',(0.0259707619824919,-0.0142778200229974,-0.0196706918293164));
#5773=CARTESIAN_POINT('',(0.0221475191387865,-0.0142778200229974,-0.0224484403501605));
#5774=CARTESIAN_POINT('',(0.,0.0063,0.012055));
#5775=CARTESIAN_POINT('',(0.,0.00927246774900019,0.012055));
#5776=CARTESIAN_POINT('',(0.0221475191387865,-0.0142778200229974,-0.0224484403501605));
#5777=CARTESIAN_POINT('',(0.0259707619824919,-0.0142778200229974,-0.0196706918293164));
#5778=CARTESIAN_POINT('',(0.,0.00909489346668124,0.012055));
#5779=CARTESIAN_POINT('',(1.7347234759768E-18,0.0043,0.012055));
#5780=CARTESIAN_POINT('',(0.0388119551666225,0.0043,0.0305653251225925));
#5781=CARTESIAN_POINT('',(0.0422796274369149,0.0043,0.0198929272639945));
#5782=CARTESIAN_POINT('',(0.0422796274369149,-0.00727782002299745,0.0198929272639944));
#5783=CARTESIAN_POINT('',(0.,-0.00727782002299745,0.012055));
#5784=CARTESIAN_POINT('',(0.0388119551666225,-0.00727782002299745,0.0305653251225925));
#5785=CARTESIAN_POINT('',(0.0388119551666225,-0.00727782002299745,0.0305653251225925));
#5786=CARTESIAN_POINT('',(0.041788333571468,-0.00727782002299745,0.0198000098334163));
#5787=CARTESIAN_POINT('',(0.041788333571468,-0.00727782002299745,0.0198000098334163));
#5788=CARTESIAN_POINT('',(0.0403134512101222,-0.00727782002299745,0.019526656545178));
#5789=CARTESIAN_POINT('',(0.0421769367353466,-0.00727782002299745,0.0198720331726669));
#5790=CARTESIAN_POINT('',(0.,-0.00727782002299745,0.012055));
#5791=CARTESIAN_POINT('',(0.0370059966583443,-0.00727782002299745,0.0297059549691401));
#5792=CARTESIAN_POINT('',(0.0383598745848691,-0.00727782002299745,0.0303517216143525));
#5793=CARTESIAN_POINT('',(0.038716595405147,-0.00727782002299745,0.0305218687176292));
#5794=CARTESIAN_POINT('',(0.0400081286955718,-0.00727782002299745,0.0278141128645795));
#5795=CARTESIAN_POINT('',(0.0416302301588701,-0.00727782002299745,0.0228217978953588));
#5796=CARTESIAN_POINT('',(0.,0.00909489346668124,0.012055));
#5797=CARTESIAN_POINT('',(0.0354033327998196,0.00909489346668124,0.0258609417159866));
#5798=CARTESIAN_POINT('',(0.0354033327998196,-0.0142778200229974,0.0258609417159866));
#5799=CARTESIAN_POINT('',(0.0354033327998196,-0.0102778200229974,0.0258609417159866));
#5800=CARTESIAN_POINT('',(0.,-0.0102778200229974,0.012055));
#5801=CARTESIAN_POINT('',(0.0367568268272324,-0.0102778200229974,0.0216953154301532));
#5802=CARTESIAN_POINT('',(0.0367568268272324,0.00909489346668124,0.0216953154301532));
#5803=CARTESIAN_POINT('',(0.0367568268272324,-0.0142778200229974,0.0216953154301532));
#5804=CARTESIAN_POINT('',(0.,-0.0142778200229974,0.012055));
#5805=CARTESIAN_POINT('',(0.043263215932814,-0.0172778200229975,0.0200733631216545));
#5806=CARTESIAN_POINT('',(0.0446830191714655,-0.0172778200229975,0.0233875988953306));
#5807=CARTESIAN_POINT('',(0.0396586815767508,-0.0172778200229975,0.0224563929641126));
#5808=CARTESIAN_POINT('',(0.044579994881562,-0.0172778200229975,0.0233685044718352));
#5809=CARTESIAN_POINT('',(0.0416302301588701,-0.0172778200229975,0.0228217978953588));
#5810=CARTESIAN_POINT('',(0.0445346648211168,-0.0172778200229975,0.0235729698415466));
#5811=CARTESIAN_POINT('',(0.,-0.0172778200229975,0.012055));
#5812=CARTESIAN_POINT('',(0.0427993934882862,-0.0172778200229975,0.0289135858551316));
#5813=CARTESIAN_POINT('',(0.0400081286955718,-0.0172778200229975,0.0278141128645795));
#5814=CARTESIAN_POINT('',(0.0427158845486214,-0.0172778200229975,0.0291056461550044));
#5815=CARTESIAN_POINT('',(0.0396520725000326,-0.0172778200229975,0.0276442827710417));
#5816=CARTESIAN_POINT('',(0.0381983327577001,-0.0172778200229975,0.0269508844830382));
#5817=CARTESIAN_POINT('',(0.,-0.0172778200229975,0.012055));
#5818=CARTESIAN_POINT('',(0.,0.00909489346668124,0.012055));
#5819=CARTESIAN_POINT('',(0.0445346648211168,0.00909489346668124,0.0235729698415466));
#5820=CARTESIAN_POINT('',(0.0445346648211168,0.0063,0.0235729698415466));
#5821=CARTESIAN_POINT('',(0.,0.0063,0.012055));
#5822=CARTESIAN_POINT('',(0.0427993934882862,0.0063,0.0289135858551316));
#5823=CARTESIAN_POINT('',(0.0427993934882862,0.00909489346668124,0.0289135858551316));
#5824=CARTESIAN_POINT('',(0.00147488236134592,-0.01035,0.0123283532882382));
#5825=CARTESIAN_POINT('',(0.0402053881532272,-0.00727782002299745,0.0195066282414207));
#5826=CARTESIAN_POINT('',(0.0402053881532272,-0.0142778200229974,0.0195066282414207));
#5827=CARTESIAN_POINT('',(0.0402053881532272,-0.00727983382510008,0.0195066282414207));
#5828=CARTESIAN_POINT('',(0.0403134512101222,-0.0102778200229974,0.019526656545178));
#5829=CARTESIAN_POINT('',(0.0421769367353466,-0.0172778200229975,0.0198720331726669));
#5830=CARTESIAN_POINT('',(0.0421769367353466,-0.0142778200229974,0.0198720331726669));
#5831=CARTESIAN_POINT('',(0.0373636864874303,-0.0142778200229974,0.0189799499687016));
#5832=CARTESIAN_POINT('',(0.00135387792652478,-0.01035,0.0127007666452124));
#5833=CARTESIAN_POINT('',(0.0370059966583443,-0.0102778200229974,0.0297059549691401));
#5834=CARTESIAN_POINT('',(0.0369067994672752,-0.00727983382510008,0.0296586403360878));
#5835=CARTESIAN_POINT('',(0.0369067994672752,-0.01035,0.0296586403360878));
#5836=CARTESIAN_POINT('',(0.0369067994672752,-0.0142778200229974,0.0296586403360878));
#5837=CARTESIAN_POINT('',(0.00135387792652478,-0.0142778200229974,0.0127007666452124));
#5838=CARTESIAN_POINT('',(0.038716595405147,-0.0142778200229974,0.0305218687176292));
#5839=CARTESIAN_POINT('',(0.038716595405147,-0.01035,0.0305218687176292));
#5840=CARTESIAN_POINT('',(0.0396586815767508,0.00909489346668124,0.0224563929641126));
#5841=CARTESIAN_POINT('',(0.0396586815767508,-0.0142778200229974,0.0224563929641126));
#5842=CARTESIAN_POINT('',(0.0402053881532272,-0.00727983382510008,0.0195066282414207));
#5843=CARTESIAN_POINT('',(0.0397460546988913,-0.00729695933264503,0.019421495817689));
#5844=CARTESIAN_POINT('',(0.0388278265156039,-0.00755750220287459,0.0194816119913905));
#5845=CARTESIAN_POINT('',(0.0374430415208028,-0.00860814783709064,0.0202134606358809));
#5846=CARTESIAN_POINT('',(0.0369184441266851,-0.00961609086691171,0.0210790970987813));
#5847=CARTESIAN_POINT('',(0.0367568268272324,-0.0102778200229974,0.0216953154301532));
#5848=CARTESIAN_POINT('',(0.0381983327577001,0.00909489346668124,0.0269508844830382));
#5849=CARTESIAN_POINT('',(0.0381983327577001,-0.0142778200229974,0.0269508844830382));
#5850=CARTESIAN_POINT('',(0.0369067994672752,-0.00727983382510008,0.0296586403360878));
#5851=CARTESIAN_POINT('',(0.0364851513134711,-0.00729695933264503,0.0294575244833158));
#5852=CARTESIAN_POINT('',(0.035777624508804,-0.00755750220287327,0.0288691684927777));
#5853=CARTESIAN_POINT('',(0.0350874797545931,-0.00860814783709735,0.0274631343045424));
#5854=CARTESIAN_POINT('',(0.0351718798943002,-0.00961609086688238,0.026454469083417));
#5855=CARTESIAN_POINT('',(0.0354033327998196,-0.0102778200229974,0.0258609417159866));
#5856=CARTESIAN_POINT('',(0.00092817578486948,-0.0142778200229974,0.0152781180109301));
#5857=CARTESIAN_POINT('',(0.0416302301588701,-0.0142778200229974,0.0228217978953588));
#5858=CARTESIAN_POINT('',(0.0396586815767508,-0.0142778200229974,0.0224563929641126));
#5859=CARTESIAN_POINT('',(0.0396520725000326,-0.0142778200229974,0.0276442827710417));
#5860=CARTESIAN_POINT('',(0.0400081286955718,-0.0142778200229974,0.0278141128645795));
#5861=CARTESIAN_POINT('',(0.0381983327577001,-0.0142778200229974,0.0269508844830382));
#5862=CARTESIAN_POINT('',(0.0416302301588701,0.00909489346668124,0.0228217978953588));
#5863=CARTESIAN_POINT('',(0.0422796274369149,0.0073,0.0198929272639945));
#5864=CARTESIAN_POINT('',(0.0422796274369149,0.00798002149935859,0.0198929272639945));
#5865=CARTESIAN_POINT('',(0.0421470112171324,0.0086480252618362,0.0198543850449798));
#5866=CARTESIAN_POINT('',(0.0418784883890133,0.00927246774900019,0.0198320875663861));
#5867=CARTESIAN_POINT('',(0.0418784883890133,0.00927246774900019,0.0198320875663861));
#5868=CARTESIAN_POINT('',(0.0418784883890133,0.00927246774900021,0.019832087566386));
#5869=CARTESIAN_POINT('',(0.0423970925347208,0.00934309952015849,0.019875151185664));
#5870=CARTESIAN_POINT('',(0.043413988504818,0.00918867911603787,0.0202569305180059));
#5871=CARTESIAN_POINT('',(0.0443213543274621,0.00838145985067713,0.0213090281712338));
#5872=CARTESIAN_POINT('',(0.0446808665917981,0.00738112627087726,0.0224558409505213));
#5873=CARTESIAN_POINT('',(0.0446275637829033,0.00665871382879775,0.0232137725018848));
#5874=CARTESIAN_POINT('',(0.0445346648211169,0.0063,0.0235729698415466));
#5875=CARTESIAN_POINT('',(0.0400081286955718,0.00909489346668124,0.0278141128645795));
#5876=CARTESIAN_POINT('',(0.0384516661827545,0.00927246774900021,0.0303787618554152));
#5877=CARTESIAN_POINT('',(0.0388965379103071,0.00934309952015849,0.0306487505242047));
#5878=CARTESIAN_POINT('',(0.0399436282928063,0.00918867911603362,0.0309376010105816));
#5879=CARTESIAN_POINT('',(0.041296110147986,0.00838145985069199,0.0306197723783454));
#5880=CARTESIAN_POINT('',(0.042261041318301,0.00738112627082215,0.0299032973575933));
#5881=CARTESIAN_POINT('',(0.0426634194282574,0.00665871382891664,0.0292587872468367));
#5882=CARTESIAN_POINT('',(0.0427993934882862,0.0063,0.0289135858551316));
#5883=CARTESIAN_POINT('',(0.0384516661827546,0.00927246774900019,0.0303787618554152));
#5884=CARTESIAN_POINT('',(0.0384516661827546,0.00927246774900019,0.0303787618554152));
#5885=CARTESIAN_POINT('',(0.0386820804154333,0.00864783936972947,0.0305185981904714));
#5886=CARTESIAN_POINT('',(0.0388119551666225,0.00798003328676764,0.0305653251225925));
#5887=CARTESIAN_POINT('',(0.0388119551666225,0.0073,0.0305653251225925));
#5888=CARTESIAN_POINT('',(0.0388119551666225,0.0073,0.0305653251225925));
#5889=CARTESIAN_POINT('',(0.0388119551666225,0.0043,0.0305653251225925));
#5890=CARTESIAN_POINT('',(0.,-0.0102778200229974,0.012055));
#5891=CARTESIAN_POINT('',(0.,-0.0142778200229974,0.012055));
#5892=CARTESIAN_POINT('',(0.0381983327577001,-0.0142778200229974,0.0269508844830382));
#5893=CARTESIAN_POINT('',(0.0396586815767508,-0.0142778200229974,0.0224563929641126));
#5894=CARTESIAN_POINT('',(0.,0.0063,0.012055));
#5895=CARTESIAN_POINT('',(0.,0.00927246774900019,0.012055));
#5896=CARTESIAN_POINT('',(0.0396586815767508,-0.0142778200229974,0.0224563929641126));
#5897=CARTESIAN_POINT('',(0.0381983327577001,-0.0142778200229974,0.0269508844830382));
#5898=CARTESIAN_POINT('',(0.,0.0123,0.012055));
#5899=CARTESIAN_POINT('',(0.,0.0073,0.012055));
#5900=CARTESIAN_POINT('',(0.00561081159517859,0.0073,0.0546873679056584));
#5901=CARTESIAN_POINT('',(0.00561081159517859,0.0093,0.0546873679056584));
#5902=CARTESIAN_POINT('',(0.00561081159517859,0.0043,0.0546873679056584));
#5903=CARTESIAN_POINT('',(0.,0.0043,0.012055));
#5904=CARTESIAN_POINT('',(0.,0.0043,0.012055));
#5905=CARTESIAN_POINT('',(0.00516352475021466,0.0043,-0.00379163339424808));
#5906=CARTESIAN_POINT('',(0.00516352475021466,0.0043,-0.00379163339424808));
#5907=CARTESIAN_POINT('',(0.00516352475021466,0.0013,-0.00379163339424808));
#5908=CARTESIAN_POINT('',(0.,0.0043,0.012055));
#5909=CARTESIAN_POINT('',(0.00623053015925837,0.0043,-0.00340327518555513));
#5910=CARTESIAN_POINT('',(0.00623053015925837,0.0043,-0.00340327518555513));
#5911=CARTESIAN_POINT('',(0.00623053015925837,0.0013,-0.00340327518555513));
#5912=CARTESIAN_POINT('',(0.,0.0013,0.012055));
#5913=CARTESIAN_POINT('',(0.,0.0043,0.012055));
#5914=CARTESIAN_POINT('',(0.0102719939297522,0.0043,-0.00106993498974042));
#5915=CARTESIAN_POINT('',(0.0102719939297522,0.0043,-0.00106993498974042));
#5916=CARTESIAN_POINT('',(0.0102719939297522,0.0013,-0.00106993498974042));
#5917=CARTESIAN_POINT('',(0.,0.0043,0.012055));
#5918=CARTESIAN_POINT('',(0.0111418247087703,0.0043,-0.000340060303879628));
#5919=CARTESIAN_POINT('',(0.0111418247087703,0.0043,-0.000340060303879628));
#5920=CARTESIAN_POINT('',(0.0111418247087703,0.0013,-0.000340060303879628));
#5921=CARTESIAN_POINT('',(0.,0.0013,0.012055));
#5922=CARTESIAN_POINT('',(0.,0.0043,0.012055));
#5923=CARTESIAN_POINT('',(0.016305349458985,0.0043,0.00860342690963155));
#5924=CARTESIAN_POINT('',(0.016305349458985,0.0043,0.00860342690963155));
#5925=CARTESIAN_POINT('',(0.016305349458985,0.0013,0.00860342690963155));
#5926=CARTESIAN_POINT('',(0.,0.0043,0.012055));
#5927=CARTESIAN_POINT('',(0.0165025240890105,0.0043,0.00972165980418528));
#5928=CARTESIAN_POINT('',(0.0165025240890105,0.0043,0.00972165980418528));
#5929=CARTESIAN_POINT('',(0.0165025240890105,0.0013,0.00972165980418528));
#5930=CARTESIAN_POINT('',(0.,0.0013,0.012055));
#5931=CARTESIAN_POINT('',(0.,0.0043,0.012055));
#5932=CARTESIAN_POINT('',(0.,0.0043,0.012055));
#5933=CARTESIAN_POINT('',(0.0147092507625848,0.0043,0.00421818178205108));
#5934=CARTESIAN_POINT('',(0.0141415090428769,0.0043,0.00323482427794039));
#5935=CARTESIAN_POINT('',(0.0147092507625848,0.0043,0.00421818178205108));
#5936=CARTESIAN_POINT('',(0.0147092507625848,0.0013,0.00421818178205108));
#5937=CARTESIAN_POINT('',(0.,0.0013,0.012055));
#5938=CARTESIAN_POINT('',(0.0141415090428769,0.0013,0.00323482427794039));
#5939=CARTESIAN_POINT('',(0.0141415090428769,0.0043,0.00323482427794039));
#5940=CARTESIAN_POINT('',(0.,0.0043,0.012055));
#5941=CARTESIAN_POINT('',(-0.0111418247087703,0.0043,-0.00034006030387964));
#5942=CARTESIAN_POINT('',(-0.0111418247087703,0.0043,-0.00034006030387964));
#5943=CARTESIAN_POINT('',(-0.0111418247087703,0.0013,-0.00034006030387964));
#5944=CARTESIAN_POINT('',(0.,0.0043,0.012055));
#5945=CARTESIAN_POINT('',(-0.0102719939297522,0.0043,-0.00106993498974042));
#5946=CARTESIAN_POINT('',(-0.0102719939297522,0.0043,-0.00106993498974042));
#5947=CARTESIAN_POINT('',(-0.0102719939297522,0.0013,-0.00106993498974042));
#5948=CARTESIAN_POINT('',(0.,0.0013,0.012055));
#5949=CARTESIAN_POINT('',(0.,0.0043,0.012055));
#5950=CARTESIAN_POINT('',(0.,0.0043,0.012055));
#5951=CARTESIAN_POINT('',(-0.0141415090428769,0.0043,0.00323482427794038));
#5952=CARTESIAN_POINT('',(-0.0147092507625848,0.0043,0.00421818178205107));
#5953=CARTESIAN_POINT('',(-0.0141415090428769,0.0043,0.00323482427794038));
#5954=CARTESIAN_POINT('',(-0.0141415090428769,0.0013,0.00323482427794038));
#5955=CARTESIAN_POINT('',(0.,0.0013,0.012055));
#5956=CARTESIAN_POINT('',(-0.0147092507625848,0.0013,0.00421818178205107));
#5957=CARTESIAN_POINT('',(-0.0147092507625848,0.0043,0.00421818178205107));
#5958=CARTESIAN_POINT('',(0.,0.0043,0.012055));
#5959=CARTESIAN_POINT('',(-0.00623053015925836,0.0043,-0.00340327518555513));
#5960=CARTESIAN_POINT('',(-0.00623053015925836,0.0043,-0.00340327518555513));
#5961=CARTESIAN_POINT('',(-0.00623053015925836,0.0013,-0.00340327518555513));
#5962=CARTESIAN_POINT('',(0.,0.0043,0.012055));
#5963=CARTESIAN_POINT('',(-0.00516352475021465,0.0043,-0.00379163339424808));
#5964=CARTESIAN_POINT('',(-0.00516352475021465,0.0043,-0.00379163339424808));
#5965=CARTESIAN_POINT('',(-0.00516352475021465,0.0013,-0.00379163339424808));
#5966=CARTESIAN_POINT('',(0.,0.0013,0.012055));
#5967=CARTESIAN_POINT('',(0.,0.0043,0.012055));
#5968=CARTESIAN_POINT('',(0.,0.0043,0.012055));
#5969=CARTESIAN_POINT('',(0.000567741719707948,0.0043,-0.00460199394000853));
#5970=CARTESIAN_POINT('',(-0.000567741719707941,0.0043,-0.00460199394000853));
#5971=CARTESIAN_POINT('',(0.000567741719707948,0.0043,-0.00460199394000853));
#5972=CARTESIAN_POINT('',(0.000567741719707948,0.0013,-0.00460199394000853));
#5973=CARTESIAN_POINT('',(0.,0.0013,0.012055));
#5974=CARTESIAN_POINT('',(-0.000567741719707941,0.0013,-0.00460199394000853));
#5975=CARTESIAN_POINT('',(-0.000567741719707941,0.0043,-0.00460199394000853));
#5976=CARTESIAN_POINT('',(0.,0.0043,0.012055));
#5977=CARTESIAN_POINT('',(-0.0141415090428769,0.0043,0.0208751757220596));
#5978=CARTESIAN_POINT('',(-0.0141415090428769,0.0043,0.0208751757220596));
#5979=CARTESIAN_POINT('',(-0.0141415090428769,0.0013,0.0208751757220596));
#5980=CARTESIAN_POINT('',(0.,0.0043,0.012055));
#5981=CARTESIAN_POINT('',(-0.0147092507625848,0.0043,0.0198918182179489));
#5982=CARTESIAN_POINT('',(-0.0147092507625848,0.0043,0.0198918182179489));
#5983=CARTESIAN_POINT('',(-0.0147092507625848,0.0013,0.0198918182179489));
#5984=CARTESIAN_POINT('',(0.,0.0013,0.012055));
#5985=CARTESIAN_POINT('',(0.,0.0043,0.012055));
#5986=CARTESIAN_POINT('',(0.,0.0043,0.012055));
#5987=CARTESIAN_POINT('',(-0.0111418247087703,0.0043,0.0244500603038796));
#5988=CARTESIAN_POINT('',(-0.0102719939297522,0.0043,0.0251799349897404));
#5989=CARTESIAN_POINT('',(-0.0111418247087703,0.0043,0.0244500603038796));
#5990=CARTESIAN_POINT('',(-0.0111418247087703,0.0013,0.0244500603038796));
#5991=CARTESIAN_POINT('',(0.,0.0013,0.012055));
#5992=CARTESIAN_POINT('',(-0.0102719939297522,0.0013,0.0251799349897404));
#5993=CARTESIAN_POINT('',(-0.0102719939297522,0.0043,0.0251799349897404));
#5994=CARTESIAN_POINT('',(0.,0.0043,0.012055));
#5995=CARTESIAN_POINT('',(-0.016305349458985,0.0043,0.0155065730903684));
#5996=CARTESIAN_POINT('',(-0.016305349458985,0.0043,0.0155065730903684));
#5997=CARTESIAN_POINT('',(-0.016305349458985,0.0013,0.0155065730903684));
#5998=CARTESIAN_POINT('',(0.,0.0043,0.012055));
#5999=CARTESIAN_POINT('',(-0.0165025240890105,0.0043,0.0143883401958147));
#6000=CARTESIAN_POINT('',(-0.0165025240890105,0.0043,0.0143883401958147));
#6001=CARTESIAN_POINT('',(-0.0165025240890105,0.0013,0.0143883401958147));
#6002=CARTESIAN_POINT('',(0.,0.0013,0.012055));
#6003=CARTESIAN_POINT('',(0.,0.0043,0.012055));
#6004=CARTESIAN_POINT('',(0.,0.0043,0.012055));
#6005=CARTESIAN_POINT('',(-0.016305349458985,0.0043,0.00860342690963155));
#6006=CARTESIAN_POINT('',(-0.0165025240890105,0.0043,0.00972165980418528));
#6007=CARTESIAN_POINT('',(-0.016305349458985,0.0043,0.00860342690963155));
#6008=CARTESIAN_POINT('',(-0.016305349458985,0.0013,0.00860342690963155));
#6009=CARTESIAN_POINT('',(0.,0.0013,0.012055));
#6010=CARTESIAN_POINT('',(-0.0165025240890105,0.0013,0.00972165980418528));
#6011=CARTESIAN_POINT('',(-0.0165025240890105,0.0043,0.00972165980418528));
#6012=CARTESIAN_POINT('',(0.,0.0043,0.012055));
#6013=CARTESIAN_POINT('',(0.,0.0043,0.012055));
#6014=CARTESIAN_POINT('',(-0.00623053015925838,0.0043,0.0275132751855552));
#6015=CARTESIAN_POINT('',(-0.00516352475021466,0.0043,0.0279016333942481));
#6016=CARTESIAN_POINT('',(-0.00623053015925838,0.0043,0.0275132751855552));
#6017=CARTESIAN_POINT('',(-0.00623053015925838,0.0013,0.0275132751855552));
#6018=CARTESIAN_POINT('',(0.,0.0013,0.012055));
#6019=CARTESIAN_POINT('',(-0.00516352475021466,0.0013,0.0279016333942481));
#6020=CARTESIAN_POINT('',(-0.00516352475021466,0.0043,0.0279016333942481));
#6021=CARTESIAN_POINT('',(0.,0.0043,0.012055));
#6022=CARTESIAN_POINT('',(0.,0.0043,0.012055));
#6023=CARTESIAN_POINT('',(-0.000567741719707946,0.0043,0.0287119939400085));
#6024=CARTESIAN_POINT('',(0.000567741719707936,0.0043,0.0287119939400085));
#6025=CARTESIAN_POINT('',(-0.000567741719707946,0.0043,0.0287119939400085));
#6026=CARTESIAN_POINT('',(-0.000567741719707946,0.0013,0.0287119939400085));
#6027=CARTESIAN_POINT('',(0.,0.0013,0.012055));
#6028=CARTESIAN_POINT('',(0.000567741719707936,0.0013,0.0287119939400085));
#6029=CARTESIAN_POINT('',(0.000567741719707936,0.0043,0.0287119939400085));
#6030=CARTESIAN_POINT('',(0.,0.0043,0.012055));
#6031=CARTESIAN_POINT('',(0.0111418247087703,0.0043,0.0244500603038796));
#6032=CARTESIAN_POINT('',(0.0111418247087703,0.0043,0.0244500603038796));
#6033=CARTESIAN_POINT('',(0.0111418247087703,0.0013,0.0244500603038796));
#6034=CARTESIAN_POINT('',(0.,0.0043,0.012055));
#6035=CARTESIAN_POINT('',(0.0102719939297522,0.0043,0.0251799349897404));
#6036=CARTESIAN_POINT('',(0.0102719939297522,0.0043,0.0251799349897404));
#6037=CARTESIAN_POINT('',(0.0102719939297522,0.0013,0.0251799349897404));
#6038=CARTESIAN_POINT('',(0.,0.0013,0.012055));
#6039=CARTESIAN_POINT('',(0.,0.0043,0.012055));
#6040=CARTESIAN_POINT('',(0.,0.0043,0.012055));
#6041=CARTESIAN_POINT('',(0.00516352475021465,0.0043,0.0279016333942481));
#6042=CARTESIAN_POINT('',(0.00623053015925837,0.0043,0.0275132751855552));
#6043=CARTESIAN_POINT('',(0.00516352475021465,0.0043,0.0279016333942481));
#6044=CARTESIAN_POINT('',(0.00516352475021465,0.0013,0.0279016333942481));
#6045=CARTESIAN_POINT('',(0.,0.0013,0.012055));
#6046=CARTESIAN_POINT('',(0.00623053015925837,0.0013,0.0275132751855552));
#6047=CARTESIAN_POINT('',(0.00623053015925837,0.0043,0.0275132751855552));
#6048=CARTESIAN_POINT('',(0.,0.0043,0.012055));
#6049=CARTESIAN_POINT('',(0.,0.0043,0.012055));
#6050=CARTESIAN_POINT('',(0.0141415090428769,0.0043,0.0208751757220596));
#6051=CARTESIAN_POINT('',(0.0147092507625848,0.0043,0.0198918182179489));
#6052=CARTESIAN_POINT('',(0.0141415090428769,0.0043,0.0208751757220596));
#6053=CARTESIAN_POINT('',(0.0141415090428769,0.0013,0.0208751757220596));
#6054=CARTESIAN_POINT('',(0.,0.0013,0.012055));
#6055=CARTESIAN_POINT('',(0.0147092507625848,0.0013,0.0198918182179489));
#6056=CARTESIAN_POINT('',(0.0147092507625848,0.0043,0.0198918182179489));
#6057=CARTESIAN_POINT('',(0.,0.0043,0.012055));
#6058=CARTESIAN_POINT('',(0.,0.0043,0.012055));
#6059=CARTESIAN_POINT('',(0.016305349458985,0.0043,0.0155065730903684));
#6060=CARTESIAN_POINT('',(0.0165025240890105,0.0043,0.0143883401958147));
#6061=CARTESIAN_POINT('',(0.016305349458985,0.0043,0.0155065730903684));
#6062=CARTESIAN_POINT('',(0.016305349458985,0.0013,0.0155065730903684));
#6063=CARTESIAN_POINT('',(0.,0.0013,0.012055));
#6064=CARTESIAN_POINT('',(0.0165025240890105,0.0013,0.0143883401958147));
#6065=CARTESIAN_POINT('',(0.0165025240890105,0.0043,0.0143883401958147));
#6066=CARTESIAN_POINT('',(0.,0.0013,0.012055));
#6067=CARTESIAN_POINT('',(0.,0.0013,0.012055));
#6068=CARTESIAN_POINT('',(0.,0.0013,0.022055));
#6069=CARTESIAN_POINT('',(0.00266582064490253,0.0013,-0.00126839331968658));
#6070=CARTESIAN_POINT('',(0.00331634589970976,0.0013,-0.00110469428221827));
#6071=CARTESIAN_POINT('',(0.00253421058501842,0.0013,-0.000610624915043014));
#6072=CARTESIAN_POINT('',(0.00315675973699414,0.0013,-0.000469980867876424));
#6073=CARTESIAN_POINT('',(0.0032938673480668,0.0013,-0.00101548617833983));
#6074=CARTESIAN_POINT('',(0.00344257468598235,0.0013,-0.00160714292082962));
#6075=CARTESIAN_POINT('',(0.0034476093797175,0.0013,-0.00162286347415448));
#6076=CARTESIAN_POINT('',(0.00345223997386561,0.0013,-0.00163828978518096));
#6077=CARTESIAN_POINT('',(0.00345820889775596,0.0013,-0.00165634929573214));
#6078=CARTESIAN_POINT('',(0.00346665302350955,0.0013,-0.00168051494804869));
#6079=CARTESIAN_POINT('',(0.0034774686462776,0.0013,-0.00170950081975917));
#6080=CARTESIAN_POINT('',(0.0034909621923228,0.0013,-0.00174359825773787));
#6081=CARTESIAN_POINT('',(0.00350730709686622,0.0013,-0.00178259223061478));
#6082=CARTESIAN_POINT('',(0.00352671404092715,0.0013,-0.00182641540360847));
#6083=CARTESIAN_POINT('',(0.00354937868699423,0.0013,-0.00187494826997775));
#6084=CARTESIAN_POINT('',(0.00357549709985481,0.0013,-0.00192807903975389));
#6085=CARTESIAN_POINT('',(0.00360526097804085,0.0013,-0.00198568603863729));
#6086=CARTESIAN_POINT('',(0.00363885883721959,0.0013,-0.00204764294440822));
#6087=CARTESIAN_POINT('',(0.00367647546442937,0.0013,-0.00211381738201559));
#6088=CARTESIAN_POINT('',(0.00371829187577913,0.0013,-0.00218407144564249));
#6089=CARTESIAN_POINT('',(0.00376448513326092,0.0013,-0.00225826167453274));
#6090=CARTESIAN_POINT('',(0.00381522820519152,0.0013,-0.00233623919040756));
#6091=CARTESIAN_POINT('',(0.0038706898177229,0.0013,-0.00241784979429048));
#6092=CARTESIAN_POINT('',(0.00393103431229637,0.0013,-0.00250293407981616));
#6093=CARTESIAN_POINT('',(0.00399642150524179,0.0013,-0.00259132754662772));
#6094=CARTESIAN_POINT('',(0.00406700654941454,0.0013,-0.0026828607186154));
#6095=CARTESIAN_POINT('',(0.00414293980290626,0.0013,-0.00277735926441863));
#6096=CARTESIAN_POINT('',(0.00422436668451971,0.0013,-0.00287464412512471));
#6097=CARTESIAN_POINT('',(0.0043114275951742,0.0013,-0.00297453163097139));
#6098=CARTESIAN_POINT('',(0.00440425760017363,0.0013,-0.00307683367646833));
#6099=CARTESIAN_POINT('',(0.00450298704777763,0.0013,-0.00318135768627653));
#6100=CARTESIAN_POINT('',(0.00460773860272933,0.0013,-0.00328790740107384));
#6101=CARTESIAN_POINT('',(0.00471863806745432,0.0013,-0.00339628052842275));
#6102=CARTESIAN_POINT('',(0.00483577231279585,0.0013,-0.00350627843793045));
#6103=CARTESIAN_POINT('',(0.00495934997868484,0.0013,-0.00361766969924146));
#6104=CARTESIAN_POINT('',(0.00506913738953494,0.0013,-0.00371300764537347));
#6105=CARTESIAN_POINT('',(0.00513860302494019,0.0013,-0.00377097054402008));
#6106=CARTESIAN_POINT('',(0.00516352475021466,0.0013,-0.00379163339424808));
#6107=CARTESIAN_POINT('',(0.00563268425864584,0.0013,0.000431181960294581));
#6108=CARTESIAN_POINT('',(0.0058782977896584,0.0013,-7.48304250690291E-5));
#6109=CARTESIAN_POINT('',(0.00614469098305711,0.0013,-0.000623653019168793));
#6110=CARTESIAN_POINT('',(0.00615093916079313,0.0013,-0.000638931900437583));
#6111=CARTESIAN_POINT('',(0.00615730776146862,0.0013,-0.000653725628821136));
#6112=CARTESIAN_POINT('',(0.00616434373011032,0.0013,-0.000671396766844191));
#6113=CARTESIAN_POINT('',(0.00617340853638886,0.0013,-0.000695336509924675));
#6114=CARTESIAN_POINT('',(0.00618375504785998,0.0013,-0.000724493124183793));
#6115=CARTESIAN_POINT('',(0.00619533580254885,0.0013,-0.00075928676128056));
#6116=CARTESIAN_POINT('',(0.00620787972186779,0.0013,-0.000799664179640067));
#6117=CARTESIAN_POINT('',(0.00622118213282948,0.0013,-0.000845709220975972));
#6118=CARTESIAN_POINT('',(0.00623501633181929,0.0013,-0.000897456107236647));
#6119=CARTESIAN_POINT('',(0.00624916026728956,0.0013,-0.00095494523035375));
#6120=CARTESIAN_POINT('',(0.00626338887891295,0.0013,-0.00101820660384734));
#6121=CARTESIAN_POINT('',(0.00627747655695245,0.0013,-0.0010872646348181));
#6122=CARTESIAN_POINT('',(0.00629119665728151,0.0013,-0.00116213669691239));
#6123=CARTESIAN_POINT('',(0.00630432186936535,0.0013,-0.00124283350305749));
#6124=CARTESIAN_POINT('',(0.00631662434105233,0.0013,-0.00132935896919294));
#6125=CARTESIAN_POINT('',(0.00632787587381157,0.0013,-0.00142171022983149));
#6126=CARTESIAN_POINT('',(0.00633784809872046,0.0013,-0.00151987761678399));
#6127=CARTESIAN_POINT('',(0.00634631265849457,0.0013,-0.00162384465433231));
#6128=CARTESIAN_POINT('',(0.00635304138793129,0.0013,-0.00173358805584883));
#6129=CARTESIAN_POINT('',(0.00635780649590445,0.0013,-0.00184907772543447));
#6130=CARTESIAN_POINT('',(0.00636038074339487,0.0013,-0.00197027676583751));
#6131=CARTESIAN_POINT('',(0.00636053763628634,0.0013,-0.00209714148337756));
#6132=CARTESIAN_POINT('',(0.00635805156058733,0.0013,-0.00222962142682515));
#6133=CARTESIAN_POINT('',(0.00635269813839382,0.0013,-0.00236765931731855));
#6134=CARTESIAN_POINT('',(0.00634425373210403,0.0013,-0.0025111914198357));
#6135=CARTESIAN_POINT('',(0.00633249822201256,0.0013,-0.00266014623839043));
#6136=CARTESIAN_POINT('',(0.00631720520679797,0.0013,-0.00281444967222559));
#6137=CARTESIAN_POINT('',(0.00629818046237813,0.0013,-0.00297400540113419));
#6138=CARTESIAN_POINT('',(0.00627511540072834,0.0013,-0.00313877025034093));
#6139=CARTESIAN_POINT('',(0.00625229541522881,0.0013,-0.00328237334158774));
#6140=CARTESIAN_POINT('',(0.00623633948431045,0.0013,-0.00337142714774054));
#6141=CARTESIAN_POINT('',(0.00623053015925837,0.0013,-0.00340327518555513));
#6142=CARTESIAN_POINT('',(0.00591842008393964,0.0013,-0.000157616731806082));
#6143=CARTESIAN_POINT('',(0.00652197505349551,0.0013,0.000135132103775662));
#6144=CARTESIAN_POINT('',(0.00619998882798011,0.0013,0.000723609250815721));
#6145=CARTESIAN_POINT('',(5.20417042793042E-18,0.0013,0.012055));
#6146=CARTESIAN_POINT('',(0.00671327783501152,0.0013,0.00101995679719736));
#6147=CARTESIAN_POINT('',(0.0070619208811371,0.0013,0.000446869972712338));
#6148=CARTESIAN_POINT('',(0.00761722629445714,0.0013,0.000823189491137201));
#6149=CARTESIAN_POINT('',(0.00725017958202981,0.0013,0.00136504332066328));
#6150=CARTESIAN_POINT('',(0.00756559239687798,0.0013,0.000899329570611401));
#6151=CARTESIAN_POINT('',(0.00790769010883989,0.0013,0.00039421500068297));
#6152=CARTESIAN_POINT('',(0.00791779791929206,0.0013,0.000381164479401828));
#6153=CARTESIAN_POINT('',(0.00792742536355116,0.0013,0.000368252245238513));
#6154=CARTESIAN_POINT('',(0.00793921103367206,0.0013,0.000353323348643041));
#6155=CARTESIAN_POINT('',(0.00795541105620056,0.0013,0.000333503124585203));
#6156=CARTESIAN_POINT('',(0.00797548816910174,0.0013,0.000309964475681106));
#6157=CARTESIAN_POINT('',(0.00799982996537316,0.0013,0.000282538429377163));
#6158=CARTESIAN_POINT('',(0.00802852587575226,0.0013,0.00025148636740419));
#6159=CARTESIAN_POINT('',(0.00806175084578661,0.0013,0.000216943620911831));
#6160=CARTESIAN_POINT('',(0.00809964786436019,0.0013,0.000179089410015312));
#6161=CARTESIAN_POINT('',(0.00814236293768576,0.0013,0.000138095841030019));
#6162=CARTESIAN_POINT('',(0.00819003458839781,0.0013,9.41428151567843E-5));
#6163=CARTESIAN_POINT('',(0.00824279675853407,0.0013,4.7413512608863E-5));
#6164=CARTESIAN_POINT('',(0.00830077781617692,0.0013,-1.90447386572406E-6));
#6165=CARTESIAN_POINT('',(0.00836410069426093,0.0013,-5.36196440329342E-5));
#6166=CARTESIAN_POINT('',(0.00843288271016503,0.0013,-0.000107536630110922));
#6167=CARTESIAN_POINT('',(0.00850723548156991,0.0013,-0.000163456373631213));
#6168=CARTESIAN_POINT('',(0.00858726482003947,0.0013,-0.000221176267210822));
#6169=CARTESIAN_POINT('',(0.00867307063582547,0.0013,-0.000280490309781208));
#6170=CARTESIAN_POINT('',(0.00876474684471813,0.0013,-0.000341189261166864));
#6171=CARTESIAN_POINT('',(0.00886238127846738,0.0013,-0.000403060800516209));
#6172=CARTESIAN_POINT('',(0.00896605560262551,0.0013,-0.000465889684440067));
#6173=CARTESIAN_POINT('',(0.00907584522441338,0.0013,-0.000529457916439772));
#6174=CARTESIAN_POINT('',(0.00919181925878043,0.0013,-0.000593544883452497));
#6175=CARTESIAN_POINT('',(0.00931404028972929,0.0013,-0.000657927629082438));
#6176=CARTESIAN_POINT('',(0.00944256493991262,0.0013,-0.000722380609974174));
#6177=CARTESIAN_POINT('',(0.00957744135184286,0.0013,-0.000786677448877879));
#6178=CARTESIAN_POINT('',(0.00971871855304257,0.0013,-0.000850585026119166));
#6179=CARTESIAN_POINT('',(0.00986641023980668,0.0013,-0.000913886978605376));
#6180=CARTESIAN_POINT('',(0.0100206333156953,0.0013,-0.000976294473880168));
#6181=CARTESIAN_POINT('',(0.0101564072335268,0.0013,-0.00102833333234699));
#6182=CARTESIAN_POINT('',(0.010241508057418,0.0013,-0.00105904199390706));
#6183=CARTESIAN_POINT('',(0.0102719939297522,0.0013,-0.00106993498974042));
#6184=CARTESIAN_POINT('',(0.00926857174499798,0.0013,0.00305867544018098));
#6185=CARTESIAN_POINT('',(0.00967243939622228,0.0013,0.00266718411070816));
#6186=CARTESIAN_POINT('',(0.010110475496581,0.0013,0.00224257140709925));
#6187=CARTESIAN_POINT('',(0.0101215725482543,0.0013,0.00223035095776189));
#6188=CARTESIAN_POINT('',(0.0101326168284159,0.0013,0.00221862759008178));
#6189=CARTESIAN_POINT('',(0.0101452723613879,0.0013,0.00220442859508389));
#6190=CARTESIAN_POINT('',(0.0101619783673163,0.0013,0.00218503294151026));
#6191=CARTESIAN_POINT('',(0.0101816730571844,0.0013,0.00216117340158013));
#6192=CARTESIAN_POINT('',(0.0102044555316553,0.0013,0.00213243892892851));
#6193=CARTESIAN_POINT('',(0.0102300528504895,0.0013,0.00209878683993302));
#6194=CARTESIAN_POINT('',(0.010258301359546,0.0013,0.00206006834686958));
#6195=CARTESIAN_POINT('',(0.0102889997317067,0.0013,0.00201617375442307));
#6196=CARTESIAN_POINT('',(0.0103219531216252,0.0013,0.00196698916049121));
#6197=CARTESIAN_POINT('',(0.010356960307001,0.0013,0.00191240938642526));
#6198=CARTESIAN_POINT('',(0.0103938176317491,0.0013,0.00185233433397823));
#6199=CARTESIAN_POINT('',(0.0104323180621933,0.0013,0.00178667016040618));
#6200=CARTESIAN_POINT('',(0.0104722516603384,0.0013,0.00171532905406873));
#6201=CARTESIAN_POINT('',(0.0105134056545291,0.0013,0.00163822940516084));
#6202=CARTESIAN_POINT('',(0.0105555646282354,0.0013,0.00155529585786546));
#6203=CARTESIAN_POINT('',(0.0105985106781505,0.0013,0.00146645939053697));
#6204=CARTESIAN_POINT('',(0.0106420235835918,0.0013,0.00137165738249498));
#6205=CARTESIAN_POINT('',(0.0106858809749065,0.0013,0.00127083367891631));
#6206=CARTESIAN_POINT('',(0.0107298585050505,0.0013,0.00116393865154162));
#6207=CARTESIAN_POINT('',(0.0107737300195909,0.0013,0.00105092925212417));
#6208=CARTESIAN_POINT('',(0.0108172677395592,0.0013,0.000931769073742938));
#6209=CARTESIAN_POINT('',(0.0108602424018159,0.0013,0.000806428360516203));
#6210=CARTESIAN_POINT('',(0.0109024235695756,0.0013,0.00067488419520479));
#6211=CARTESIAN_POINT('',(0.0109435792935729,0.0013,0.000537119980574017));
#6212=CARTESIAN_POINT('',(0.0109834782758776,0.0013,0.000393127615501268));
#6213=CARTESIAN_POINT('',(0.0110218824248868,0.0013,0.000242899298108874));
#6214=CARTESIAN_POINT('',(0.0110585762862129,0.0013,8.64591112361441E-5));
#6215=CARTESIAN_POINT('',(0.0110932551153233,0.0013,-7.62579174196131E-5));
#6216=CARTESIAN_POINT('',(0.0111209264931932,0.0013,-0.000219005577297527));
#6217=CARTESIAN_POINT('',(0.0111363910181955,0.0013,-0.000308146031571804));
#6218=CARTESIAN_POINT('',(0.0111418247087703,0.0013,-0.000340060303879628));
#6219=CARTESIAN_POINT('',(0.00973845660458297,0.0013,0.00260311306200586));
#6220=CARTESIAN_POINT('',(0.0102054867570092,0.0013,0.00308463493973811));
#6221=CARTESIAN_POINT('',(0.00970164763872314,0.0013,0.00352749679731313));
#6222=CARTESIAN_POINT('',(1.82145964977565E-17,0.0013,0.012055));
#6223=CARTESIAN_POINT('',(0.0100826247006734,0.0013,0.00398152757958834));
#6224=CARTESIAN_POINT('',(0.0106062492362544,0.0013,0.0035622450641555));
#6225=CARTESIAN_POINT('',(0.0109993567798058,0.0013,0.00410579537573029));
#6226=CARTESIAN_POINT('',(0.010469120768218,0.0013,0.00448943405168892));
#6227=CARTESIAN_POINT('',(0.0109247953463736,0.0013,0.00415968381350776));
#6228=CARTESIAN_POINT('',(0.0114190213994948,0.0013,0.00380203568797116));
#6229=CARTESIAN_POINT('',(0.011432983175548,0.0013,0.00379322928420543));
#6230=CARTESIAN_POINT('',(0.0114464462580545,0.0013,0.00378438853290966));
#6231=CARTESIAN_POINT('',(0.0114626271486514,0.0013,0.00377439089552635));
#6232=CARTESIAN_POINT('',(0.011484629106151,0.0013,0.00376130671126396));
#6233=CARTESIAN_POINT('',(0.0115115461130628,0.0013,0.00374605439361754));
#6234=CARTESIAN_POINT('',(0.0115438001796835,0.0013,0.00372860772493794));
#6235=CARTESIAN_POINT('',(0.0115813859456,0.0013,0.00370924291082247));
#6236=CARTESIAN_POINT('',(0.0116244215198733,0.0013,0.00368814695585507));
#6237=CARTESIAN_POINT('',(0.011672979971213,0.0013,0.00366553717693408));
#6238=CARTESIAN_POINT('',(0.0117271396367531,0.0013,0.0036416252381599));
#6239=CARTESIAN_POINT('',(0.0117869691553567,0.0013,0.00361662756889472));
#6240=CARTESIAN_POINT('',(0.0118525317400453,0.0013,0.00359076211310814));
#6241=CARTESIAN_POINT('',(0.0119238838568603,0.0013,0.00356424905479113));
#6242=CARTESIAN_POINT('',(0.0120010755280354,0.0013,0.0035373103908404));
#6243=CARTESIAN_POINT('',(0.0120841501761294,0.0013,0.00351016983182565));
#6244=CARTESIAN_POINT('',(0.0121731446054471,0.0013,0.00348305260701596));
#6245=CARTESIAN_POINT('',(0.0122680889505281,0.0013,0.00345618529476027));
#6246=CARTESIAN_POINT('',(0.0123690066397839,0.0013,0.00342979564406119));
#6247=CARTESIAN_POINT('',(0.0124759143608346,0.0013,0.00340411239745967));
#6248=CARTESIAN_POINT('',(0.0125888220305194,0.0013,0.00337936511152087));
#6249=CARTESIAN_POINT('',(0.0127077327717804,0.0013,0.00335578398013316));
#6250=CARTESIAN_POINT('',(0.0128326428850329,0.0013,0.00333359964378619));
#6251=CARTESIAN_POINT('',(0.0129635418629733,0.0013,0.00331304304965206));
#6252=CARTESIAN_POINT('',(0.0131004122597489,0.0013,0.00329434511320021));
#6253=CARTESIAN_POINT('',(0.0132432301428776,0.0013,0.00327773714194517));
#6254=CARTESIAN_POINT('',(0.0133919633259438,0.0013,0.00326344832662713));
#6255=CARTESIAN_POINT('',(0.0135465781481241,0.0013,0.00325171449648416));
#6256=CARTESIAN_POINT('',(0.0137070134791899,0.0013,0.0032427436507266));
#6257=CARTESIAN_POINT('',(0.0138732803860358,0.0013,0.0032368471864547));
#6258=CARTESIAN_POINT('',(0.0140186644725486,0.0013,0.00323438406999592));
#6259=CARTESIAN_POINT('',(0.01410913606961,0.0013,0.00323463356331811));
#6260=CARTESIAN_POINT('',(0.0141415090428769,0.0013,0.00323482427794039));
#6261=CARTESIAN_POINT('',(0.0117865326893529,0.0013,0.00677125843359149));
#6262=CARTESIAN_POINT('',(0.0122999420615996,0.0013,0.00654150779214055));
#6263=CARTESIAN_POINT('',(0.0128567874504907,0.0013,0.00629231953769381));
#6264=CARTESIAN_POINT('',(0.0128713949078945,0.0013,0.0062846314868326));
#6265=CARTESIAN_POINT('',(0.0128857827643584,0.0013,0.00627739249101662));
#6266=CARTESIAN_POINT('',(0.0129025314176086,0.0013,0.0062683782473955));
#6267=CARTESIAN_POINT('',(0.0129248636323174,0.0013,0.00625586608539905));
#6268=CARTESIAN_POINT('',(0.0129515310303217,0.0013,0.00624018143244281));
#6269=CARTESIAN_POINT('',(0.01298276732192,0.0013,0.00622097192571376));
#6270=CARTESIAN_POINT('',(0.0130183306258418,0.0013,0.00619810410466708));
#6271=CARTESIAN_POINT('',(0.0130581180458973,0.0013,0.00617138218156367));
#6272=CARTESIAN_POINT('',(0.0131019779144867,0.0013,0.00614063421859555));
#6273=CARTESIAN_POINT('',(0.0131497660936889,0.0013,0.00610568654176441));
#6274=CARTESIAN_POINT('',(0.0132013294696098,0.0013,0.00606637149339012));
#6275=CARTESIAN_POINT('',(0.0132565109037457,0.0013,0.00602252535740528));
#6276=CARTESIAN_POINT('',(0.0133151479441877,0.0013,0.00597398914078827));
#6277=CARTESIAN_POINT('',(0.0133770733471007,0.0013,0.00592060852456536));
#6278=CARTESIAN_POINT('',(0.0134421150847273,0.0013,0.00586223404841294));
#6279=CARTESIAN_POINT('',(0.0135100965049515,0.0013,0.00579872122423336));
#6280=CARTESIAN_POINT('',(0.0135808364524369,0.0013,0.00572993066557533));
#6281=CARTESIAN_POINT('',(0.0136541494049672,0.0013,0.00565572820833815));
#6282=CARTESIAN_POINT('',(0.0137298456095011,0.0013,0.0055759850293483));
#6283=CARTESIAN_POINT('',(0.0138077312226412,0.0013,0.00549057776208854));
#6284=CARTESIAN_POINT('',(0.0138876084521034,0.0013,0.00539938860506754));
#6285=CARTESIAN_POINT('',(0.0139692757075722,0.0013,0.00530230544197482));
#6286=CARTESIAN_POINT('',(0.0140525277292779,0.0013,0.00519922189881601));
#6287=CARTESIAN_POINT('',(0.0141371558156313,0.0013,0.00509003762640826));
#6288=CARTESIAN_POINT('',(0.0142229476822079,0.0013,0.00497465769713159));
#6289=CARTESIAN_POINT('',(0.0143096887507964,0.0013,0.00485299538986958));
#6290=CARTESIAN_POINT('',(0.014397157956874,0.0013,0.00472496194113131));
#6291=CARTESIAN_POINT('',(0.0144851446027264,0.0013,0.00459050629164255));
#6292=CARTESIAN_POINT('',(0.0145733845440014,0.0013,0.00444946315864125));
#6293=CARTESIAN_POINT('',(0.0146482097086835,0.0013,0.00432478840464459));
#6294=CARTESIAN_POINT('',(0.0146932294396592,0.0013,0.00424631295660732));
#6295=CARTESIAN_POINT('',(0.0147092507625848,0.0013,0.00421818178205108));
#6296=CARTESIAN_POINT('',(0.0123838915344012,0.0013,0.00650387991553446));
#6297=CARTESIAN_POINT('',(0.0126580661406842,0.0013,0.00711609619045666));
#6298=CARTESIAN_POINT('',(0.0120331445631662,0.0013,0.00735992708259817));
#6299=CARTESIAN_POINT('',(2.60208521396521E-17,0.0013,0.012055));
#6300=CARTESIAN_POINT('',(0.0122358582237416,0.0013,0.00791687828764387));
#6301=CARTESIAN_POINT('',(0.0128713074019117,0.0013,0.00770197174057531));
#6302=CARTESIAN_POINT('',(0.0130548025042927,0.0013,0.00834719265577587));
#6303=CARTESIAN_POINT('',(0.0124253314819921,0.0013,0.00852634369194259));
#6304=CARTESIAN_POINT('',(0.0129663067442891,0.0013,0.00837232971095201));
#6305=CARTESIAN_POINT('',(0.0135530501825634,0.0013,0.00820528567207114));
#6306=CARTESIAN_POINT('',(0.0135691819279718,0.0013,0.00820178556808363));
#6307=CARTESIAN_POINT('',(0.0135848568022815,0.0013,0.00819808262473726));
#6308=CARTESIAN_POINT('',(0.0136034812591439,0.0013,0.00819422210918397));
#6309=CARTESIAN_POINT('',(0.0136286313908258,0.0013,0.00818945211044106));
#6310=CARTESIAN_POINT('',(0.013659141703462,0.0013,0.0081843257786607));
#6311=CARTESIAN_POINT('',(0.0136954177239781,0.0013,0.00817896281333362));
#6312=CARTESIAN_POINT('',(0.0137373599473557,0.0013,0.0081736209294522));
#6313=CARTESIAN_POINT('',(0.0137850154004731,0.0013,0.00816851624952195));
#6314=CARTESIAN_POINT('',(0.0138383784187009,0.0013,0.00816387797559918));
#6315=CARTESIAN_POINT('',(0.01389745022148,0.0013,0.00815993179975491));
#6316=CARTESIAN_POINT('',(0.0139622212850418,0.0013,0.00815690457493746));
#6317=CARTESIAN_POINT('',(0.0140326764689687,0.0013,0.00815502272161356));
#6318=CARTESIAN_POINT('',(0.0141087935266227,0.0013,0.00815451245757823));
#6319=CARTESIAN_POINT('',(0.0141905435361176,0.0013,0.00815559950028878));
#6320=CARTESIAN_POINT('',(0.01427789078779,0.0013,0.00815850892030643));
#6321=CARTESIAN_POINT('',(0.0143707928334269,0.0013,0.00816346495172699));
#6322=CARTESIAN_POINT('',(0.0144692004958734,0.0013,0.00817069081517255));
#6323=CARTESIAN_POINT('',(0.0145730578958882,0.0013,0.00818040853768887));
#6324=CARTESIAN_POINT('',(0.0146823024801483,0.0013,0.00819283877445598));
#6325=CARTESIAN_POINT('',(0.014796865054465,0.0013,0.00820820062984298));
#6326=CARTESIAN_POINT('',(0.0149166698224971,0.0013,0.00822671148345721));
#6327=CARTESIAN_POINT('',(0.015041634424079,0.0013,0.00824858680113235));
#6328=CARTESIAN_POINT('',(0.0151716699969901,0.0013,0.0082740400085124));
#6329=CARTESIAN_POINT('',(0.0153066811697493,0.0013,0.00830328212832689));
#6330=CARTESIAN_POINT('',(0.0154465663413506,0.0013,0.00833652233314946));
#6331=CARTESIAN_POINT('',(0.0155912168786069,0.0013,0.0083739649834249));
#6332=CARTESIAN_POINT('',(0.0157405204923411,0.0013,0.00841582017346838));
#6333=CARTESIAN_POINT('',(0.0158943485990087,0.0013,0.00846226245083341));
#6334=CARTESIAN_POINT('',(0.0160526050940082,0.0013,0.00851358821817815));
#6335=CARTESIAN_POINT('',(0.0161900638827282,0.0013,0.00856099793192406));
#6336=CARTESIAN_POINT('',(0.0162749940431357,0.0013,0.00859217548755172));
#6337=CARTESIAN_POINT('',(0.016305349458985,0.0013,0.00860342690963155));
#6338=CARTESIAN_POINT('',(0.0128828638406756,0.0013,0.0111211386396313));
#6339=CARTESIAN_POINT('',(0.0134438901865364,0.0013,0.0110808400043196));
#6340=CARTESIAN_POINT('',(0.014052381091897,0.0013,0.0110371319801482));
#6341=CARTESIAN_POINT('',(0.0140687370800852,0.0013,0.0110349036201606));
#6342=CARTESIAN_POINT('',(0.0140847331250198,0.0013,0.0110330221259403));
#6343=CARTESIAN_POINT('',(0.0141035547637824,0.0013,0.0110302798845128));
#6344=CARTESIAN_POINT('',(0.0141288195925894,0.0013,0.0110261603654901));
#6345=CARTESIAN_POINT('',(0.0141592432169617,0.0013,0.0110205424001351));
#6346=CARTESIAN_POINT('',(0.014195165767922,0.0013,0.0110131748093423));
#6347=CARTESIAN_POINT('',(0.01423640559762,0.0013,0.0110038494529557));
#6348=CARTESIAN_POINT('',(0.0142829329786161,0.0013,0.0109923471581122));
#6349=CARTESIAN_POINT('',(0.0143346641961795,0.0013,0.010978454482748));
#6350=CARTESIAN_POINT('',(0.0143915232049753,0.0013,0.0109619589286162));
#6351=CARTESIAN_POINT('',(0.0144534234673108,0.0013,0.0109426505809959));
#6352=CARTESIAN_POINT('',(0.0145202733154865,0.0013,0.010920321852573));
#6353=CARTESIAN_POINT('',(0.0145919744734584,0.0013,0.0108947677769533));
#6354=CARTESIAN_POINT('',(0.0146684225636263,0.0013,0.0108657861409754));
#6355=CARTESIAN_POINT('',(0.0147495070512173,0.0013,0.010833177660918));
#6356=CARTESIAN_POINT('',(0.0148351113553815,0.0013,0.0107967461437997));
#6357=CARTESIAN_POINT('',(0.0149251129187599,0.0013,0.0107562986504268));
#6358=CARTESIAN_POINT('',(0.01501938329432,0.0013,0.0107116456554489));
#6359=CARTESIAN_POINT('',(0.0151177882326494,0.0013,0.010662601205318));
#6360=CARTESIAN_POINT('',(0.0152201877743719,0.0013,0.0106089830750817));
#6361=CARTESIAN_POINT('',(0.0153264363460204,0.0013,0.0105506129186025));
#6362=CARTESIAN_POINT('',(0.0154363828606997,0.0013,0.0104873164330622));
#6363=CARTESIAN_POINT('',(0.0155498708193677,0.0013,0.0104189234566273));
#6364=CARTESIAN_POINT('',(0.0156667384281231,0.0013,0.0103452683117639));
#6365=CARTESIAN_POINT('',(0.0157868186720167,0.0013,0.0102661891901385));
#6366=CARTESIAN_POINT('',(0.0159099395738554,0.0013,0.0101815312104874));
#6367=CARTESIAN_POINT('',(0.0160359237598405,0.0013,0.0100911353538936));
#6368=CARTESIAN_POINT('',(0.0161645907021848,0.0013,0.00999488157747119));
#6369=CARTESIAN_POINT('',(0.0162957487164236,0.0013,0.00989252422353924));
#6370=CARTESIAN_POINT('',(0.0164087026487556,0.0013,0.00980095999075925));
#6371=CARTESIAN_POINT('',(0.0164778475417285,0.0013,0.00974261484616652));
#6372=CARTESIAN_POINT('',(0.0165025240890105,0.0013,0.00972165980418528));
#6373=CARTESIAN_POINT('',(0.0135356463783968,0.0013,0.0110741937770567));
#6374=CARTESIAN_POINT('',(0.0135838959346326,0.0013,0.0117432621310633));
#6375=CARTESIAN_POINT('',(0.0129132666629916,0.0013,0.0117586524536183));
#6376=CARTESIAN_POINT('',(3.12250225675825E-17,0.0013,0.012055));
#6377=CARTESIAN_POINT('',(0.0129132666629916,0.0013,0.0123513475463817));
#6378=CARTESIAN_POINT('',(0.0135838959346326,0.0013,0.0123667378689367));
#6379=CARTESIAN_POINT('',(0.0135356463783968,0.0013,0.0130358062229433));
#6380=CARTESIAN_POINT('',(0.0128828638406756,0.0013,0.0129888613603687));
#6381=CARTESIAN_POINT('',(0.0134438901865364,0.0013,0.0130291599956804));
#6382=CARTESIAN_POINT('',(0.014052381091897,0.0013,0.0130728680198518));
#6383=CARTESIAN_POINT('',(0.0140687370800852,0.0013,0.0130750963798394));
#6384=CARTESIAN_POINT('',(0.0140847331250198,0.0013,0.0130769778740596));
#6385=CARTESIAN_POINT('',(0.0141035547637824,0.0013,0.0130797201154872));
#6386=CARTESIAN_POINT('',(0.0141288195925894,0.0013,0.0130838396345099));
#6387=CARTESIAN_POINT('',(0.0141592432169617,0.0013,0.0130894575998649));
#6388=CARTESIAN_POINT('',(0.014195165767922,0.0013,0.0130968251906577));
#6389=CARTESIAN_POINT('',(0.01423640559762,0.0013,0.0131061505470443));
#6390=CARTESIAN_POINT('',(0.0142829329786161,0.0013,0.0131176528418878));
#6391=CARTESIAN_POINT('',(0.0143346641961795,0.0013,0.013131545517252));
#6392=CARTESIAN_POINT('',(0.0143915232049753,0.0013,0.0131480410713838));
#6393=CARTESIAN_POINT('',(0.0144534234673108,0.0013,0.0131673494190041));
#6394=CARTESIAN_POINT('',(0.0145202733154865,0.0013,0.013189678147427));
#6395=CARTESIAN_POINT('',(0.0145919744734584,0.0013,0.0132152322230467));
#6396=CARTESIAN_POINT('',(0.0146684225636263,0.0013,0.0132442138590246));
#6397=CARTESIAN_POINT('',(0.0147495070512173,0.0013,0.013276822339082));
#6398=CARTESIAN_POINT('',(0.0148351113553815,0.0013,0.0133132538562003));
#6399=CARTESIAN_POINT('',(0.0149251129187599,0.0013,0.0133537013495732));
#6400=CARTESIAN_POINT('',(0.01501938329432,0.0013,0.0133983543445511));
#6401=CARTESIAN_POINT('',(0.0151177882326494,0.0013,0.013447398794682));
#6402=CARTESIAN_POINT('',(0.0152201877743719,0.0013,0.0135010169249183));
#6403=CARTESIAN_POINT('',(0.0153264363460204,0.0013,0.0135593870813974));
#6404=CARTESIAN_POINT('',(0.0154363828606997,0.0013,0.0136226835669378));
#6405=CARTESIAN_POINT('',(0.0155498708193677,0.0013,0.0136910765433726));
#6406=CARTESIAN_POINT('',(0.0156667384281231,0.0013,0.0137647316882361));
#6407=CARTESIAN_POINT('',(0.0157868186720167,0.0013,0.0138438108098615));
#6408=CARTESIAN_POINT('',(0.0159099395738554,0.0013,0.0139284687895126));
#6409=CARTESIAN_POINT('',(0.0160359237598405,0.0013,0.0140188646461064));
#6410=CARTESIAN_POINT('',(0.0161645907021848,0.0013,0.0141151184225288));
#6411=CARTESIAN_POINT('',(0.0162957487164236,0.0013,0.0142174757764608));
#6412=CARTESIAN_POINT('',(0.0164087026487556,0.0013,0.0143090400092407));
#6413=CARTESIAN_POINT('',(0.0164778475417285,0.0013,0.0143673851538335));
#6414=CARTESIAN_POINT('',(0.0165025240890105,0.0013,0.0143883401958147));
#6415=CARTESIAN_POINT('',(0.0124253314819921,0.0013,0.0155836563080574));
#6416=CARTESIAN_POINT('',(0.0129663067442891,0.0013,0.015737670289048));
#6417=CARTESIAN_POINT('',(0.0135530501825633,0.0013,0.0159047143279288));
#6418=CARTESIAN_POINT('',(0.0135691819279718,0.0013,0.0159082144319164));
#6419=CARTESIAN_POINT('',(0.0135848568022815,0.0013,0.0159119173752627));
#6420=CARTESIAN_POINT('',(0.0136034812591439,0.0013,0.015915777890816));
#6421=CARTESIAN_POINT('',(0.0136286313908258,0.0013,0.015920547889559));
#6422=CARTESIAN_POINT('',(0.013659141703462,0.0013,0.0159256742213393));
#6423=CARTESIAN_POINT('',(0.0136954177239781,0.0013,0.0159310371866664));
#6424=CARTESIAN_POINT('',(0.0137373599473557,0.0013,0.0159363790705478));
#6425=CARTESIAN_POINT('',(0.0137850154004731,0.0013,0.0159414837504781));
#6426=CARTESIAN_POINT('',(0.0138383784187009,0.0013,0.0159461220244008));
#6427=CARTESIAN_POINT('',(0.01389745022148,0.0013,0.0159500682002451));
#6428=CARTESIAN_POINT('',(0.0139622212850418,0.0013,0.0159530954250626));
#6429=CARTESIAN_POINT('',(0.0140326764689687,0.0013,0.0159549772783865));
#6430=CARTESIAN_POINT('',(0.0141087935266227,0.0013,0.0159554875424218));
#6431=CARTESIAN_POINT('',(0.0141905435361176,0.0013,0.0159544004997112));
#6432=CARTESIAN_POINT('',(0.01427789078779,0.0013,0.0159514910796936));
#6433=CARTESIAN_POINT('',(0.0143707928334269,0.0013,0.015946535048273));
#6434=CARTESIAN_POINT('',(0.0144692004958734,0.0013,0.0159393091848275));
#6435=CARTESIAN_POINT('',(0.0145730578958882,0.0013,0.0159295914623112));
#6436=CARTESIAN_POINT('',(0.0146823024801483,0.0013,0.015917161225544));
#6437=CARTESIAN_POINT('',(0.014796865054465,0.0013,0.015901799370157));
#6438=CARTESIAN_POINT('',(0.0149166698224971,0.0013,0.0158832885165428));
#6439=CARTESIAN_POINT('',(0.015041634424079,0.0013,0.0158614131988676));
#6440=CARTESIAN_POINT('',(0.0151716699969901,0.0013,0.0158359599914876));
#6441=CARTESIAN_POINT('',(0.0153066811697493,0.0013,0.0158067178716731));
#6442=CARTESIAN_POINT('',(0.0154465663413506,0.0013,0.0157734776668506));
#6443=CARTESIAN_POINT('',(0.0155912168786069,0.0013,0.0157360350165751));
#6444=CARTESIAN_POINT('',(0.0157405204923411,0.0013,0.0156941798265316));
#6445=CARTESIAN_POINT('',(0.0158943485990087,0.0013,0.0156477375491666));
#6446=CARTESIAN_POINT('',(0.0160526050940082,0.0013,0.0155964117818218));
#6447=CARTESIAN_POINT('',(0.0161900638827282,0.0013,0.015549002068076));
#6448=CARTESIAN_POINT('',(0.0162749940431357,0.0013,0.0155178245124483));
#6449=CARTESIAN_POINT('',(0.016305349458985,0.0013,0.0155065730903684));
#6450=CARTESIAN_POINT('',(0.0130548025042927,0.0013,0.0157628073442241));
#6451=CARTESIAN_POINT('',(0.0128713074019117,0.0013,0.0164080282594247));
#6452=CARTESIAN_POINT('',(0.0122358582237416,0.0013,0.0161931217123561));
#6453=CARTESIAN_POINT('',(3.29597460435593E-17,0.0013,0.012055));
#6454=CARTESIAN_POINT('',(0.0120331445631663,0.0013,0.0167500729174019));
#6455=CARTESIAN_POINT('',(0.0126580661406842,0.0013,0.0169939038095434));
#6456=CARTESIAN_POINT('',(0.0123838915344012,0.0013,0.0176061200844655));
#6457=CARTESIAN_POINT('',(0.0117865326893529,0.0013,0.0173387415664085));
#6458=CARTESIAN_POINT('',(0.0122999420615996,0.0013,0.0175684922078594));
#6459=CARTESIAN_POINT('',(0.0128567874504907,0.0013,0.0178176804623062));
#6460=CARTESIAN_POINT('',(0.0128713949078945,0.0013,0.0178253685131674));
#6461=CARTESIAN_POINT('',(0.0128857827643584,0.0013,0.0178326075089834));
#6462=CARTESIAN_POINT('',(0.0129025314176086,0.0013,0.0178416217526045));
#6463=CARTESIAN_POINT('',(0.0129248636323174,0.0013,0.017854133914601));
#6464=CARTESIAN_POINT('',(0.0129515310303217,0.0013,0.0178698185675572));
#6465=CARTESIAN_POINT('',(0.01298276732192,0.0013,0.0178890280742862));
#6466=CARTESIAN_POINT('',(0.0130183306258418,0.0013,0.0179118958953329));
#6467=CARTESIAN_POINT('',(0.0130581180458973,0.0013,0.0179386178184364));
#6468=CARTESIAN_POINT('',(0.0131019779144867,0.0013,0.0179693657814044));
#6469=CARTESIAN_POINT('',(0.0131497660936889,0.0013,0.0180043134582356));
#6470=CARTESIAN_POINT('',(0.0132013294696098,0.0013,0.0180436285066099));
#6471=CARTESIAN_POINT('',(0.0132565109037457,0.0013,0.0180874746425947));
#6472=CARTESIAN_POINT('',(0.0133151479441877,0.0013,0.0181360108592117));
#6473=CARTESIAN_POINT('',(0.0133770733471007,0.0013,0.0181893914754346));
#6474=CARTESIAN_POINT('',(0.0134421150847273,0.0013,0.0182477659515871));
#6475=CARTESIAN_POINT('',(0.0135100965049515,0.0013,0.0183112787757667));
#6476=CARTESIAN_POINT('',(0.0135808364524369,0.0013,0.0183800693344247));
#6477=CARTESIAN_POINT('',(0.0136541494049672,0.0013,0.0184542717916619));
#6478=CARTESIAN_POINT('',(0.0137298456095011,0.0013,0.0185340149706517));
#6479=CARTESIAN_POINT('',(0.0138077312226412,0.0013,0.0186194222379114));
#6480=CARTESIAN_POINT('',(0.0138876084521034,0.0013,0.0187106113949324));
#6481=CARTESIAN_POINT('',(0.0139692757075722,0.0013,0.0188076945580252));
#6482=CARTESIAN_POINT('',(0.0140525277292779,0.0013,0.018910778101184));
#6483=CARTESIAN_POINT('',(0.0141371558156313,0.0013,0.0190199623735917));
#6484=CARTESIAN_POINT('',(0.0142229476822079,0.0013,0.0191353423028684));
#6485=CARTESIAN_POINT('',(0.0143096887507964,0.0013,0.0192570046101304));
#6486=CARTESIAN_POINT('',(0.014397157956874,0.0013,0.0193850380588687));
#6487=CARTESIAN_POINT('',(0.0144851446027264,0.0013,0.0195194937083575));
#6488=CARTESIAN_POINT('',(0.0145733845440014,0.0013,0.0196605368413587));
#6489=CARTESIAN_POINT('',(0.0146482097086835,0.0013,0.0197852115953554));
#6490=CARTESIAN_POINT('',(0.0146932294396592,0.0013,0.0198636870433927));
#6491=CARTESIAN_POINT('',(0.0147092507625848,0.0013,0.0198918182179489));
#6492=CARTESIAN_POINT('',(0.010469120768218,0.0013,0.0196205659483111));
#6493=CARTESIAN_POINT('',(0.0109247953463736,0.0013,0.0199503161864923));
#6494=CARTESIAN_POINT('',(0.0114190213994948,0.0013,0.0203079643120288));
#6495=CARTESIAN_POINT('',(0.011432983175548,0.0013,0.0203167707157946));
#6496=CARTESIAN_POINT('',(0.0114464462580545,0.0013,0.0203256114670903));
#6497=CARTESIAN_POINT('',(0.0114626271486514,0.0013,0.0203356091044736));
#6498=CARTESIAN_POINT('',(0.011484629106151,0.0013,0.020348693288736));
#6499=CARTESIAN_POINT('',(0.0115115461130628,0.0013,0.0203639456063824));
#6500=CARTESIAN_POINT('',(0.0115438001796835,0.0013,0.0203813922750621));
#6501=CARTESIAN_POINT('',(0.0115813859456,0.0013,0.0204007570891776));
#6502=CARTESIAN_POINT('',(0.0116244215198733,0.0013,0.0204218530441449));
#6503=CARTESIAN_POINT('',(0.011672979971213,0.0013,0.0204444628230659));
#6504=CARTESIAN_POINT('',(0.0117271396367531,0.0013,0.0204683747618401));
#6505=CARTESIAN_POINT('',(0.0117869691553567,0.0013,0.0204933724311053));
#6506=CARTESIAN_POINT('',(0.0118525317400453,0.0013,0.0205192378868919));
#6507=CARTESIAN_POINT('',(0.0119238838568603,0.0013,0.0205457509452089));
#6508=CARTESIAN_POINT('',(0.0120010755280354,0.0013,0.0205726896091596));
#6509=CARTESIAN_POINT('',(0.0120841501761294,0.0013,0.0205998301681743));
#6510=CARTESIAN_POINT('',(0.0121731446054471,0.0013,0.0206269473929841));
#6511=CARTESIAN_POINT('',(0.0122680889505281,0.0013,0.0206538147052397));
#6512=CARTESIAN_POINT('',(0.0123690066397839,0.0013,0.0206802043559388));
#6513=CARTESIAN_POINT('',(0.0124759143608346,0.0013,0.0207058876025404));
#6514=CARTESIAN_POINT('',(0.0125888220305194,0.0013,0.0207306348884792));
#6515=CARTESIAN_POINT('',(0.0127077327717804,0.0013,0.0207542160198669));
#6516=CARTESIAN_POINT('',(0.0128326428850329,0.0013,0.0207764003562138));
#6517=CARTESIAN_POINT('',(0.0129635418629733,0.0013,0.020796956950348));
#6518=CARTESIAN_POINT('',(0.0131004122597489,0.0013,0.0208156548867998));
#6519=CARTESIAN_POINT('',(0.0132432301428776,0.0013,0.0208322628580549));
#6520=CARTESIAN_POINT('',(0.0133919633259438,0.0013,0.0208465516733729));
#6521=CARTESIAN_POINT('',(0.0135465781481241,0.0013,0.0208582855035159));
#6522=CARTESIAN_POINT('',(0.0137070134791899,0.0013,0.0208672563492734));
#6523=CARTESIAN_POINT('',(0.0138732803860358,0.0013,0.0208731528135453));
#6524=CARTESIAN_POINT('',(0.0140186644725486,0.0013,0.0208756159300041));
#6525=CARTESIAN_POINT('',(0.01410913606961,0.0013,0.0208753664366819));
#6526=CARTESIAN_POINT('',(0.0141415090428769,0.0013,0.0208751757220596));
#6527=CARTESIAN_POINT('',(0.0109993567798058,0.0013,0.0200042046242697));
#6528=CARTESIAN_POINT('',(0.0106062492362544,0.0013,0.0205477549358445));
#6529=CARTESIAN_POINT('',(0.0100826247006734,0.0013,0.0201284724204117));
#6530=CARTESIAN_POINT('',(3.12250225675825E-17,0.0013,0.012055));
#6531=CARTESIAN_POINT('',(0.00970164763872316,0.0013,0.0205825032026869));
#6532=CARTESIAN_POINT('',(0.0102054867570092,0.0013,0.0210253650602619));
#6533=CARTESIAN_POINT('',(0.00973845660458297,0.0013,0.0215068869379942));
#6534=CARTESIAN_POINT('',(0.00926857174499798,0.0013,0.021051324559819));
#6535=CARTESIAN_POINT('',(0.00967243939622228,0.0013,0.0214428158892918));
#6536=CARTESIAN_POINT('',(0.010110475496581,0.0013,0.0218674285929008));
#6537=CARTESIAN_POINT('',(0.0101215725482543,0.0013,0.0218796490422381));
#6538=CARTESIAN_POINT('',(0.0101326168284159,0.0013,0.0218913724099183));
#6539=CARTESIAN_POINT('',(0.0101452723613879,0.0013,0.0219055714049161));
#6540=CARTESIAN_POINT('',(0.0101619783673163,0.0013,0.0219249670584898));
#6541=CARTESIAN_POINT('',(0.0101816730571844,0.0013,0.0219488265984199));
#6542=CARTESIAN_POINT('',(0.0102044555316553,0.0013,0.0219775610710715));
#6543=CARTESIAN_POINT('',(0.0102300528504895,0.0013,0.022011213160067));
#6544=CARTESIAN_POINT('',(0.010258301359546,0.0013,0.0220499316531304));
#6545=CARTESIAN_POINT('',(0.0102889997317067,0.0013,0.0220938262455769));
#6546=CARTESIAN_POINT('',(0.0103219531216252,0.0013,0.0221430108395088));
#6547=CARTESIAN_POINT('',(0.010356960307001,0.0013,0.0221975906135747));
#6548=CARTESIAN_POINT('',(0.0103938176317491,0.0013,0.0222576656660218));
#6549=CARTESIAN_POINT('',(0.0104323180621933,0.0013,0.0223233298395938));
#6550=CARTESIAN_POINT('',(0.0104722516603384,0.0013,0.0223946709459312));
#6551=CARTESIAN_POINT('',(0.0105134056545291,0.0013,0.0224717705948391));
#6552=CARTESIAN_POINT('',(0.0105555646282354,0.0013,0.0225547041421345));
#6553=CARTESIAN_POINT('',(0.0105985106781505,0.0013,0.022643540609463));
#6554=CARTESIAN_POINT('',(0.0106420235835918,0.0013,0.022738342617505));
#6555=CARTESIAN_POINT('',(0.0106858809749065,0.0013,0.0228391663210837));
#6556=CARTESIAN_POINT('',(0.0107298585050504,0.0013,0.0229460613484584));
#6557=CARTESIAN_POINT('',(0.0107737300195909,0.0013,0.0230590707478758));
#6558=CARTESIAN_POINT('',(0.0108172677395592,0.0013,0.023178230926257));
#6559=CARTESIAN_POINT('',(0.0108602424018159,0.0013,0.0233035716394838));
#6560=CARTESIAN_POINT('',(0.0109024235695756,0.0013,0.0234351158047952));
#6561=CARTESIAN_POINT('',(0.0109435792935729,0.0013,0.023572880019426));
#6562=CARTESIAN_POINT('',(0.0109834782758775,0.0013,0.0237168723844987));
#6563=CARTESIAN_POINT('',(0.0110218824248868,0.0013,0.0238671007018912));
#6564=CARTESIAN_POINT('',(0.0110585762862129,0.0013,0.0240235408887639));
#6565=CARTESIAN_POINT('',(0.0110932551153233,0.0013,0.0241862579174196));
#6566=CARTESIAN_POINT('',(0.0111209264931932,0.0013,0.0243290055772976));
#6567=CARTESIAN_POINT('',(0.0111363910181955,0.0013,0.0244181460315718));
#6568=CARTESIAN_POINT('',(0.0111418247087703,0.0013,0.0244500603038796));
#6569=CARTESIAN_POINT('',(0.00725017958202981,0.0013,0.0227449566793367));
#6570=CARTESIAN_POINT('',(0.00756559239687798,0.0013,0.0232106704293886));
#6571=CARTESIAN_POINT('',(0.00790769010883989,0.0013,0.023715784999317));
#6572=CARTESIAN_POINT('',(0.00791779791929207,0.0013,0.0237288355205982));
#6573=CARTESIAN_POINT('',(0.00792742536355116,0.0013,0.0237417477547615));
#6574=CARTESIAN_POINT('',(0.00793921103367206,0.0013,0.0237566766513569));
#6575=CARTESIAN_POINT('',(0.00795541105620056,0.0013,0.0237764968754148));
#6576=CARTESIAN_POINT('',(0.00797548816910174,0.0013,0.0238000355243189));
#6577=CARTESIAN_POINT('',(0.00799982996537316,0.0013,0.0238274615706229));
#6578=CARTESIAN_POINT('',(0.00802852587575226,0.0013,0.0238585136325958));
#6579=CARTESIAN_POINT('',(0.00806175084578661,0.0013,0.0238930563790881));
#6580=CARTESIAN_POINT('',(0.0080996478643602,0.0013,0.0239309105899847));
#6581=CARTESIAN_POINT('',(0.00814236293768576,0.0013,0.02397190415897));
#6582=CARTESIAN_POINT('',(0.00819003458839781,0.0013,0.0240158571848432));
#6583=CARTESIAN_POINT('',(0.00824279675853407,0.0013,0.0240625864873911));
#6584=CARTESIAN_POINT('',(0.00830077781617692,0.0013,0.0241119044738657));
#6585=CARTESIAN_POINT('',(0.00836410069426093,0.0013,0.0241636196440329));
#6586=CARTESIAN_POINT('',(0.00843288271016503,0.0013,0.0242175366301109));
#6587=CARTESIAN_POINT('',(0.00850723548156991,0.0013,0.0242734563736312));
#6588=CARTESIAN_POINT('',(0.00858726482003947,0.0013,0.0243311762672108));
#6589=CARTESIAN_POINT('',(0.00867307063582547,0.0013,0.0243904903097812));
#6590=CARTESIAN_POINT('',(0.00876474684471813,0.0013,0.0244511892611669));
#6591=CARTESIAN_POINT('',(0.00886238127846738,0.0013,0.0245130608005162));
#6592=CARTESIAN_POINT('',(0.00896605560262551,0.0013,0.02457588968444));
#6593=CARTESIAN_POINT('',(0.00907584522441338,0.0013,0.0246394579164398));
#6594=CARTESIAN_POINT('',(0.00919181925878043,0.0013,0.0247035448834525));
#6595=CARTESIAN_POINT('',(0.00931404028972929,0.0013,0.0247679276290825));
#6596=CARTESIAN_POINT('',(0.00944256493991262,0.0013,0.0248323806099742));
#6597=CARTESIAN_POINT('',(0.00957744135184286,0.0013,0.0248966774488779));
#6598=CARTESIAN_POINT('',(0.00971871855304257,0.0013,0.0249605850261191));
#6599=CARTESIAN_POINT('',(0.00986641023980668,0.0013,0.0250238869786054));
#6600=CARTESIAN_POINT('',(0.0100206333156953,0.0013,0.0250862944738801));
#6601=CARTESIAN_POINT('',(0.0101564072335268,0.0013,0.025138333332347));
#6602=CARTESIAN_POINT('',(0.010241508057418,0.0013,0.0251690419939071));
#6603=CARTESIAN_POINT('',(0.0102719939297522,0.0013,0.0251799349897404));
#6604=CARTESIAN_POINT('',(0.00761722629445714,0.0013,0.0232868105088628));
#6605=CARTESIAN_POINT('',(0.0070619208811371,0.0013,0.0236631300272877));
#6606=CARTESIAN_POINT('',(0.00671327783501152,0.0013,0.0230900432028027));
#6607=CARTESIAN_POINT('',(2.60208521396521E-17,0.0013,0.012055));
#6608=CARTESIAN_POINT('',(0.00619998882798013,0.0013,0.0233863907491843));
#6609=CARTESIAN_POINT('',(0.00652197505349552,0.0013,0.0239748678962244));
#6610=CARTESIAN_POINT('',(0.00591842008393964,0.0013,0.0242676167318061));
#6611=CARTESIAN_POINT('',(0.00563268425864584,0.0013,0.0236788180397054));
#6612=CARTESIAN_POINT('',(0.0058782977896584,0.0013,0.0241848304250691));
#6613=CARTESIAN_POINT('',(0.00614469098305711,0.0013,0.0247336530191688));
#6614=CARTESIAN_POINT('',(0.00615093916079313,0.0013,0.0247489319004376));
#6615=CARTESIAN_POINT('',(0.00615730776146862,0.0013,0.0247637256288212));
#6616=CARTESIAN_POINT('',(0.00616434373011033,0.0013,0.0247813967668442));
#6617=CARTESIAN_POINT('',(0.00617340853638886,0.0013,0.0248053365099247));
#6618=CARTESIAN_POINT('',(0.00618375504785998,0.0013,0.0248344931241838));
#6619=CARTESIAN_POINT('',(0.00619533580254885,0.0013,0.0248692867612805));
#6620=CARTESIAN_POINT('',(0.00620787972186779,0.0013,0.0249096641796401));
#6621=CARTESIAN_POINT('',(0.00622118213282948,0.0013,0.0249557092209759));
#6622=CARTESIAN_POINT('',(0.00623501633181929,0.0013,0.0250074561072366));
#6623=CARTESIAN_POINT('',(0.00624916026728956,0.0013,0.0250649452303538));
#6624=CARTESIAN_POINT('',(0.00626338887891295,0.0013,0.0251282066038474));
#6625=CARTESIAN_POINT('',(0.00627747655695245,0.0013,0.0251972646348181));
#6626=CARTESIAN_POINT('',(0.00629119665728151,0.0013,0.0252721366969124));
#6627=CARTESIAN_POINT('',(0.00630432186936535,0.0013,0.0253528335030575));
#6628=CARTESIAN_POINT('',(0.00631662434105233,0.0013,0.025439358969193));
#6629=CARTESIAN_POINT('',(0.00632787587381157,0.0013,0.0255317102298315));
#6630=CARTESIAN_POINT('',(0.00633784809872046,0.0013,0.025629877616784));
#6631=CARTESIAN_POINT('',(0.00634631265849457,0.0013,0.0257338446543323));
#6632=CARTESIAN_POINT('',(0.0063530413879313,0.0013,0.0258435880558489));
#6633=CARTESIAN_POINT('',(0.00635780649590445,0.0013,0.0259590777254344));
#6634=CARTESIAN_POINT('',(0.00636038074339487,0.0013,0.0260802767658375));
#6635=CARTESIAN_POINT('',(0.00636053763628634,0.0013,0.0262071414833776));
#6636=CARTESIAN_POINT('',(0.00635805156058733,0.0013,0.0263396214268251));
#6637=CARTESIAN_POINT('',(0.00635269813839383,0.0013,0.0264776593173186));
#6638=CARTESIAN_POINT('',(0.00634425373210404,0.0013,0.0266211914198357));
#6639=CARTESIAN_POINT('',(0.00633249822201256,0.0013,0.0267701462383905));
#6640=CARTESIAN_POINT('',(0.00631720520679798,0.0013,0.0269244496722256));
#6641=CARTESIAN_POINT('',(0.00629818046237813,0.0013,0.0270840054011342));
#6642=CARTESIAN_POINT('',(0.00627511540072834,0.0013,0.027248770250341));
#6643=CARTESIAN_POINT('',(0.00625229541522881,0.0013,0.0273923733415878));
#6644=CARTESIAN_POINT('',(0.00623633948431045,0.0013,0.0274814271477406));
#6645=CARTESIAN_POINT('',(0.00623053015925837,0.0013,0.0275132751855552));
#6646=CARTESIAN_POINT('',(0.00315675973699413,0.0013,0.0245799808678765));
#6647=CARTESIAN_POINT('',(0.00329386734806679,0.0013,0.0251254861783398));
#6648=CARTESIAN_POINT('',(0.00344257468598234,0.0013,0.0257171429208296));
#6649=CARTESIAN_POINT('',(0.0034476093797175,0.0013,0.0257328634741545));
#6650=CARTESIAN_POINT('',(0.0034522399738656,0.0013,0.0257482897851809));
#6651=CARTESIAN_POINT('',(0.00345820889775595,0.0013,0.0257663492957322));
#6652=CARTESIAN_POINT('',(0.00346665302350954,0.0013,0.0257905149480487));
#6653=CARTESIAN_POINT('',(0.0034774686462776,0.0013,0.0258195008197591));
#6654=CARTESIAN_POINT('',(0.00349096219232279,0.0013,0.0258535982577379));
#6655=CARTESIAN_POINT('',(0.00350730709686621,0.0013,0.0258925922306148));
#6656=CARTESIAN_POINT('',(0.00352671404092714,0.0013,0.0259364154036084));
#6657=CARTESIAN_POINT('',(0.00354937868699422,0.0013,0.0259849482699777));
#6658=CARTESIAN_POINT('',(0.0035754970998548,0.0013,0.0260380790397539));
#6659=CARTESIAN_POINT('',(0.00360526097804084,0.0013,0.0260956860386373));
#6660=CARTESIAN_POINT('',(0.00363885883721959,0.0013,0.0261576429444082));
#6661=CARTESIAN_POINT('',(0.00367647546442936,0.0013,0.0262238173820156));
#6662=CARTESIAN_POINT('',(0.00371829187577912,0.0013,0.0262940714456425));
#6663=CARTESIAN_POINT('',(0.00376448513326091,0.0013,0.0263682616745328));
#6664=CARTESIAN_POINT('',(0.00381522820519152,0.0013,0.0264462391904076));
#6665=CARTESIAN_POINT('',(0.00387068981772289,0.0013,0.0265278497942905));
#6666=CARTESIAN_POINT('',(0.00393103431229637,0.0013,0.0266129340798162));
#6667=CARTESIAN_POINT('',(0.00399642150524179,0.0013,0.0267013275466278));
#6668=CARTESIAN_POINT('',(0.00406700654941453,0.0013,0.0267928607186154));
#6669=CARTESIAN_POINT('',(0.00414293980290626,0.0013,0.0268873592644186));
#6670=CARTESIAN_POINT('',(0.0042243666845197,0.0013,0.0269846441251247));
#6671=CARTESIAN_POINT('',(0.00431142759517418,0.0013,0.0270845316309714));
#6672=CARTESIAN_POINT('',(0.00440425760017362,0.0013,0.0271868336764684));
#6673=CARTESIAN_POINT('',(0.00450298704777763,0.0013,0.0272913576862765));
#6674=CARTESIAN_POINT('',(0.00460773860272933,0.0013,0.0273979074010739));
#6675=CARTESIAN_POINT('',(0.00471863806745432,0.0013,0.0275062805284228));
#6676=CARTESIAN_POINT('',(0.00483577231279584,0.0013,0.0276162784379304));
#6677=CARTESIAN_POINT('',(0.00495934997868483,0.0013,0.0277276696992414));
#6678=CARTESIAN_POINT('',(0.00506913738953493,0.0013,0.0278230076453735));
#6679=CARTESIAN_POINT('',(0.00513860302494018,0.0013,0.0278809705440201));
#6680=CARTESIAN_POINT('',(0.00516352475021465,0.0013,0.0279016333942481));
#6681=CARTESIAN_POINT('',(0.00331634589970975,0.0013,0.0252146942822182));
#6682=CARTESIAN_POINT('',(0.00266582064490252,0.0013,0.0253783933196866));
#6683=CARTESIAN_POINT('',(0.00253421058501842,0.0013,0.024720624915043));
#6684=CARTESIAN_POINT('',(1.56125112837912E-17,0.0013,0.012055));
#6685=CARTESIAN_POINT('',(0.00195051986249282,0.0013,0.0248235453378135));
#6686=CARTESIAN_POINT('',(0.00205181690442983,0.0013,0.0254866587453879));
#6687=CARTESIAN_POINT('',(0.00138453475459541,0.0013,0.0255553247087352));
#6688=CARTESIAN_POINT('',(0.00131741192113489,0.0013,0.0249043075147196));
#6689=CARTESIAN_POINT('',(0.00137514671522594,0.0013,0.0254638083943517));
#6690=CARTESIAN_POINT('',(0.00143776605099594,0.0013,0.026070644774335));
#6691=CARTESIAN_POINT('',(0.00143841173234642,0.0013,0.026087139228962));
#6692=CARTESIAN_POINT('',(0.00143933650630385,0.0013,0.0261032189760738));
#6693=CARTESIAN_POINT('',(0.00143990426895717,0.0013,0.0261222308570782));
#6694=CARTESIAN_POINT('',(0.00144023452616639,0.0013,0.026147827203337));
#6695=CARTESIAN_POINT('',(0.00143998491725889,0.0013,0.0261787641739397));
#6696=CARTESIAN_POINT('',(0.0014389671422365,0.0013,0.0262154203493483));
#6697=CARTESIAN_POINT('',(0.00143694468024179,0.0013,0.0262576529845105));
#6698=CARTESIAN_POINT('',(0.00143369652602402,0.0013,0.0263054708625813));
#6699=CARTESIAN_POINT('',(0.00142899794327369,0.0013,0.0263588286044703));
#6700=CARTESIAN_POINT('',(0.00142262645693579,0.0013,0.0264176882200757));
#6701=CARTESIAN_POINT('',(0.00141436031425307,0.0013,0.0264820009377152));
#6702=CARTESIAN_POINT('',(0.00140397916370039,0.0013,0.0265517125294866));
#6703=CARTESIAN_POINT('',(0.00139126408732747,0.0013,0.0266267618044206));
#6704=CARTESIAN_POINT('',(0.00137599781906523,0.0013,0.0267070810845942));
#6705=CARTESIAN_POINT('',(0.00135796490859795,0.0013,0.0267925961197614));
#6706=CARTESIAN_POINT('',(0.00133695189950443,0.0013,0.0268832261687507));
#6707=CARTESIAN_POINT('',(0.00131274750190874,0.0013,0.0269788840396644));
#6708=CARTESIAN_POINT('',(0.00128514276518325,0.0013,0.0270794761476006));
#6709=CARTESIAN_POINT('',(0.00125393124866647,0.0013,0.027184902573192));
#6710=CARTESIAN_POINT('',(0.00121890919212178,0.0013,0.0272950571263906));
#6711=CARTESIAN_POINT('',(0.00117987568032302,0.0013,0.0274098274147993));
#6712=CARTESIAN_POINT('',(0.00113663282253938,0.0013,0.027529094914239));
#6713=CARTESIAN_POINT('',(0.00108898586630458,0.0013,0.027652735051532));
#6714=CARTESIAN_POINT('',(0.00103674355588246,0.0013,0.0277806172603915));
#6715=CARTESIAN_POINT('',(0.000979717539330283,0.0013,0.0279126051609233));
#6716=CARTESIAN_POINT('',(0.000917725424852604,0.0013,0.0280485562835033));
#6717=CARTESIAN_POINT('',(0.000850579808749953,0.0013,0.0281883235623845));
#6718=CARTESIAN_POINT('',(0.000778131123536544,0.0013,0.0283317500576309));
#6719=CARTESIAN_POINT('',(0.000700104157965535,0.0013,0.028478689654904));
#6720=CARTESIAN_POINT('',(0.000629545236134942,0.0013,0.0286058275253595));
#6721=CARTESIAN_POINT('',(0.00058409337004911,0.0013,0.0286840534800746));
#6722=CARTESIAN_POINT('',(0.000567741719707936,0.0013,0.0287119939400085));
#6723=CARTESIAN_POINT('',(-0.0013174119211349,0.0013,0.0249043075147196));
#6724=CARTESIAN_POINT('',(-0.00137514671522594,0.0013,0.0254638083943517));
#6725=CARTESIAN_POINT('',(-0.00143776605099594,0.0013,0.026070644774335));
#6726=CARTESIAN_POINT('',(-0.00143841173234642,0.0013,0.026087139228962));
#6727=CARTESIAN_POINT('',(-0.00143933650630386,0.0013,0.0261032189760738));
#6728=CARTESIAN_POINT('',(-0.00143990426895717,0.0013,0.0261222308570782));
#6729=CARTESIAN_POINT('',(-0.0014402345261664,0.0013,0.026147827203337));
#6730=CARTESIAN_POINT('',(-0.00143998491725889,0.0013,0.0261787641739397));
#6731=CARTESIAN_POINT('',(-0.0014389671422365,0.0013,0.0262154203493483));
#6732=CARTESIAN_POINT('',(-0.0014369446802418,0.0013,0.0262576529845105));
#6733=CARTESIAN_POINT('',(-0.00143369652602402,0.0013,0.0263054708625813));
#6734=CARTESIAN_POINT('',(-0.00142899794327369,0.0013,0.0263588286044703));
#6735=CARTESIAN_POINT('',(-0.0014226264569358,0.0013,0.0264176882200757));
#6736=CARTESIAN_POINT('',(-0.00141436031425307,0.0013,0.0264820009377152));
#6737=CARTESIAN_POINT('',(-0.00140397916370039,0.0013,0.0265517125294866));
#6738=CARTESIAN_POINT('',(-0.00139126408732747,0.0013,0.0266267618044206));
#6739=CARTESIAN_POINT('',(-0.00137599781906524,0.0013,0.0267070810845942));
#6740=CARTESIAN_POINT('',(-0.00135796490859795,0.0013,0.0267925961197614));
#6741=CARTESIAN_POINT('',(-0.00133695189950444,0.0013,0.0268832261687507));
#6742=CARTESIAN_POINT('',(-0.00131274750190874,0.0013,0.0269788840396644));
#6743=CARTESIAN_POINT('',(-0.00128514276518325,0.0013,0.0270794761476006));
#6744=CARTESIAN_POINT('',(-0.00125393124866648,0.0013,0.027184902573192));
#6745=CARTESIAN_POINT('',(-0.00121890919212179,0.0013,0.0272950571263906));
#6746=CARTESIAN_POINT('',(-0.00117987568032303,0.0013,0.0274098274147993));
#6747=CARTESIAN_POINT('',(-0.00113663282253938,0.0013,0.027529094914239));
#6748=CARTESIAN_POINT('',(-0.00108898586630459,0.0013,0.027652735051532));
#6749=CARTESIAN_POINT('',(-0.00103674355588247,0.0013,0.0277806172603915));
#6750=CARTESIAN_POINT('',(-0.000979717539330289,0.0013,0.0279126051609233));
#6751=CARTESIAN_POINT('',(-0.000917725424852609,0.0013,0.0280485562835033));
#6752=CARTESIAN_POINT('',(-0.00085057980874996,0.0013,0.0281883235623845));
#6753=CARTESIAN_POINT('',(-0.000778131123536549,0.0013,0.0283317500576309));
#6754=CARTESIAN_POINT('',(-0.000700104157965542,0.0013,0.028478689654904));
#6755=CARTESIAN_POINT('',(-0.000629545236134949,0.0013,0.0286058275253595));
#6756=CARTESIAN_POINT('',(-0.000584093370049119,0.0013,0.0286840534800746));
#6757=CARTESIAN_POINT('',(-0.000567741719707946,0.0013,0.0287119939400085));
#6758=CARTESIAN_POINT('',(-0.00138453475459542,0.0013,0.0255553247087352));
#6759=CARTESIAN_POINT('',(-0.00205181690442983,0.0013,0.0254866587453879));
#6760=CARTESIAN_POINT('',(-0.00195051986249281,0.0013,0.0248235453378135));
#6761=CARTESIAN_POINT('',(5.20417042793042E-18,0.0013,0.012055));
#6762=CARTESIAN_POINT('',(-0.00253421058501842,0.0013,0.024720624915043));
#6763=CARTESIAN_POINT('',(-0.00266582064490253,0.0013,0.0253783933196866));
#6764=CARTESIAN_POINT('',(-0.00331634589970976,0.0013,0.0252146942822182));
#6765=CARTESIAN_POINT('',(-0.00315675973699413,0.0013,0.0245799808678765));
#6766=CARTESIAN_POINT('',(-0.0032938673480668,0.0013,0.0251254861783398));
#6767=CARTESIAN_POINT('',(-0.00344257468598235,0.0013,0.0257171429208296));
#6768=CARTESIAN_POINT('',(-0.0034476093797175,0.0013,0.0257328634741545));
#6769=CARTESIAN_POINT('',(-0.00345223997386561,0.0013,0.0257482897851809));
#6770=CARTESIAN_POINT('',(-0.00345820889775596,0.0013,0.0257663492957322));
#6771=CARTESIAN_POINT('',(-0.00346665302350955,0.0013,0.0257905149480487));
#6772=CARTESIAN_POINT('',(-0.0034774686462776,0.0013,0.0258195008197591));
#6773=CARTESIAN_POINT('',(-0.0034909621923228,0.0013,0.0258535982577379));
#6774=CARTESIAN_POINT('',(-0.00350730709686622,0.0013,0.0258925922306148));
#6775=CARTESIAN_POINT('',(-0.00352671404092715,0.0013,0.0259364154036084));
#6776=CARTESIAN_POINT('',(-0.00354937868699423,0.0013,0.0259849482699777));
#6777=CARTESIAN_POINT('',(-0.00357549709985481,0.0013,0.0260380790397539));
#6778=CARTESIAN_POINT('',(-0.00360526097804084,0.0013,0.0260956860386373));
#6779=CARTESIAN_POINT('',(-0.00363885883721959,0.0013,0.0261576429444082));
#6780=CARTESIAN_POINT('',(-0.00367647546442937,0.0013,0.0262238173820156));
#6781=CARTESIAN_POINT('',(-0.00371829187577913,0.0013,0.0262940714456425));
#6782=CARTESIAN_POINT('',(-0.00376448513326091,0.0013,0.0263682616745328));
#6783=CARTESIAN_POINT('',(-0.00381522820519152,0.0013,0.0264462391904076));
#6784=CARTESIAN_POINT('',(-0.0038706898177229,0.0013,0.0265278497942905));
#6785=CARTESIAN_POINT('',(-0.00393103431229637,0.0013,0.0266129340798162));
#6786=CARTESIAN_POINT('',(-0.00399642150524179,0.0013,0.0267013275466277));
#6787=CARTESIAN_POINT('',(-0.00406700654941454,0.0013,0.0267928607186154));
#6788=CARTESIAN_POINT('',(-0.00414293980290626,0.0013,0.0268873592644186));
#6789=CARTESIAN_POINT('',(-0.00422436668451971,0.0013,0.0269846441251247));
#6790=CARTESIAN_POINT('',(-0.0043114275951742,0.0013,0.0270845316309714));
#6791=CARTESIAN_POINT('',(-0.00440425760017363,0.0013,0.0271868336764684));
#6792=CARTESIAN_POINT('',(-0.00450298704777763,0.0013,0.0272913576862765));
#6793=CARTESIAN_POINT('',(-0.00460773860272933,0.0013,0.0273979074010739));
#6794=CARTESIAN_POINT('',(-0.00471863806745432,0.0013,0.0275062805284228));
#6795=CARTESIAN_POINT('',(-0.00483577231279585,0.0013,0.0276162784379304));
#6796=CARTESIAN_POINT('',(-0.00495934997868484,0.0013,0.0277276696992414));
#6797=CARTESIAN_POINT('',(-0.00506913738953494,0.0013,0.0278230076453735));
#6798=CARTESIAN_POINT('',(-0.00513860302494019,0.0013,0.0278809705440201));
#6799=CARTESIAN_POINT('',(-0.00516352475021466,0.0013,0.0279016333942481));
#6800=CARTESIAN_POINT('',(-0.00563268425864585,0.0013,0.0236788180397054));
#6801=CARTESIAN_POINT('',(-0.0058782977896584,0.0013,0.0241848304250691));
#6802=CARTESIAN_POINT('',(-0.00614469098305712,0.0013,0.0247336530191688));
#6803=CARTESIAN_POINT('',(-0.00615093916079313,0.0013,0.0247489319004376));
#6804=CARTESIAN_POINT('',(-0.00615730776146863,0.0013,0.0247637256288212));
#6805=CARTESIAN_POINT('',(-0.00616434373011033,0.0013,0.0247813967668442));
#6806=CARTESIAN_POINT('',(-0.00617340853638886,0.0013,0.0248053365099247));
#6807=CARTESIAN_POINT('',(-0.00618375504785998,0.0013,0.0248344931241838));
#6808=CARTESIAN_POINT('',(-0.00619533580254886,0.0013,0.0248692867612805));
#6809=CARTESIAN_POINT('',(-0.00620787972186779,0.0013,0.0249096641796401));
#6810=CARTESIAN_POINT('',(-0.00622118213282948,0.0013,0.0249557092209759));
#6811=CARTESIAN_POINT('',(-0.00623501633181929,0.0013,0.0250074561072366));
#6812=CARTESIAN_POINT('',(-0.00624916026728956,0.0013,0.0250649452303538));
#6813=CARTESIAN_POINT('',(-0.00626338887891295,0.0013,0.0251282066038474));
#6814=CARTESIAN_POINT('',(-0.00627747655695245,0.0013,0.0251972646348181));
#6815=CARTESIAN_POINT('',(-0.00629119665728152,0.0013,0.0252721366969124));
#6816=CARTESIAN_POINT('',(-0.00630432186936535,0.0013,0.0253528335030575));
#6817=CARTESIAN_POINT('',(-0.00631662434105233,0.0013,0.025439358969193));
#6818=CARTESIAN_POINT('',(-0.00632787587381157,0.0013,0.0255317102298315));
#6819=CARTESIAN_POINT('',(-0.00633784809872047,0.0013,0.025629877616784));
#6820=CARTESIAN_POINT('',(-0.00634631265849458,0.0013,0.0257338446543323));
#6821=CARTESIAN_POINT('',(-0.0063530413879313,0.0013,0.0258435880558489));
#6822=CARTESIAN_POINT('',(-0.00635780649590445,0.0013,0.0259590777254344));
#6823=CARTESIAN_POINT('',(-0.00636038074339488,0.0013,0.0260802767658375));
#6824=CARTESIAN_POINT('',(-0.00636053763628635,0.0013,0.0262071414833776));
#6825=CARTESIAN_POINT('',(-0.00635805156058734,0.0013,0.0263396214268251));
#6826=CARTESIAN_POINT('',(-0.00635269813839383,0.0013,0.0264776593173186));
#6827=CARTESIAN_POINT('',(-0.00634425373210404,0.0013,0.0266211914198357));
#6828=CARTESIAN_POINT('',(-0.00633249822201256,0.0013,0.0267701462383905));
#6829=CARTESIAN_POINT('',(-0.00631720520679798,0.0013,0.0269244496722256));
#6830=CARTESIAN_POINT('',(-0.00629818046237814,0.0013,0.0270840054011342));
#6831=CARTESIAN_POINT('',(-0.00627511540072835,0.0013,0.0272487702503409));
#6832=CARTESIAN_POINT('',(-0.00625229541522882,0.0013,0.0273923733415878));
#6833=CARTESIAN_POINT('',(-0.00623633948431046,0.0013,0.0274814271477406));
#6834=CARTESIAN_POINT('',(-0.00623053015925838,0.0013,0.0275132751855552));
#6835=CARTESIAN_POINT('',(-0.00591842008393964,0.0013,0.0242676167318061));
#6836=CARTESIAN_POINT('',(-0.00652197505349552,0.0013,0.0239748678962244));
#6837=CARTESIAN_POINT('',(-0.00619998882798012,0.0013,0.0233863907491843));
#6838=CARTESIAN_POINT('',(-6.93889390390723E-18,0.0013,0.012055));
#6839=CARTESIAN_POINT('',(-0.00671327783501153,0.0013,0.0230900432028027));
#6840=CARTESIAN_POINT('',(-0.0070619208811371,0.0013,0.0236631300272877));
#6841=CARTESIAN_POINT('',(-0.00761722629445714,0.0013,0.0232868105088628));
#6842=CARTESIAN_POINT('',(-0.00725017958202981,0.0013,0.0227449566793367));
#6843=CARTESIAN_POINT('',(-0.00756559239687798,0.0013,0.0232106704293886));
#6844=CARTESIAN_POINT('',(-0.0079076901088399,0.0013,0.023715784999317));
#6845=CARTESIAN_POINT('',(-0.00791779791929207,0.0013,0.0237288355205982));
#6846=CARTESIAN_POINT('',(-0.00792742536355117,0.0013,0.0237417477547615));
#6847=CARTESIAN_POINT('',(-0.00793921103367206,0.0013,0.0237566766513569));
#6848=CARTESIAN_POINT('',(-0.00795541105620056,0.0013,0.0237764968754148));
#6849=CARTESIAN_POINT('',(-0.00797548816910174,0.0013,0.0238000355243189));
#6850=CARTESIAN_POINT('',(-0.00799982996537317,0.0013,0.0238274615706229));
#6851=CARTESIAN_POINT('',(-0.00802852587575226,0.0013,0.0238585136325958));
#6852=CARTESIAN_POINT('',(-0.00806175084578661,0.0013,0.0238930563790881));
#6853=CARTESIAN_POINT('',(-0.0080996478643602,0.0013,0.0239309105899847));
#6854=CARTESIAN_POINT('',(-0.00814236293768577,0.0013,0.02397190415897));
#6855=CARTESIAN_POINT('',(-0.00819003458839782,0.0013,0.0240158571848432));
#6856=CARTESIAN_POINT('',(-0.00824279675853407,0.0013,0.0240625864873911));
#6857=CARTESIAN_POINT('',(-0.00830077781617693,0.0013,0.0241119044738657));
#6858=CARTESIAN_POINT('',(-0.00836410069426094,0.0013,0.0241636196440329));
#6859=CARTESIAN_POINT('',(-0.00843288271016503,0.0013,0.0242175366301109));
#6860=CARTESIAN_POINT('',(-0.00850723548156992,0.0013,0.0242734563736312));
#6861=CARTESIAN_POINT('',(-0.00858726482003947,0.0013,0.0243311762672108));
#6862=CARTESIAN_POINT('',(-0.00867307063582547,0.0013,0.0243904903097812));
#6863=CARTESIAN_POINT('',(-0.00876474684471813,0.0013,0.0244511892611669));
#6864=CARTESIAN_POINT('',(-0.00886238127846739,0.0013,0.0245130608005162));
#6865=CARTESIAN_POINT('',(-0.00896605560262551,0.0013,0.02457588968444));
#6866=CARTESIAN_POINT('',(-0.00907584522441339,0.0013,0.0246394579164398));
#6867=CARTESIAN_POINT('',(-0.00919181925878044,0.0013,0.0247035448834525));
#6868=CARTESIAN_POINT('',(-0.00931404028972929,0.0013,0.0247679276290825));
#6869=CARTESIAN_POINT('',(-0.00944256493991262,0.0013,0.0248323806099741));
#6870=CARTESIAN_POINT('',(-0.00957744135184287,0.0013,0.0248966774488779));
#6871=CARTESIAN_POINT('',(-0.00971871855304258,0.0013,0.0249605850261191));
#6872=CARTESIAN_POINT('',(-0.00986641023980668,0.0013,0.0250238869786054));
#6873=CARTESIAN_POINT('',(-0.0100206333156953,0.0013,0.0250862944738801));
#6874=CARTESIAN_POINT('',(-0.0101564072335268,0.0013,0.025138333332347));
#6875=CARTESIAN_POINT('',(-0.010241508057418,0.0013,0.0251690419939071));
#6876=CARTESIAN_POINT('',(-0.0102719939297522,0.0013,0.0251799349897404));
#6877=CARTESIAN_POINT('',(-0.00926857174499798,0.0013,0.021051324559819));
#6878=CARTESIAN_POINT('',(-0.00967243939622228,0.0013,0.0214428158892918));
#6879=CARTESIAN_POINT('',(-0.010110475496581,0.0013,0.0218674285929008));
#6880=CARTESIAN_POINT('',(-0.0101215725482543,0.0013,0.0218796490422381));
#6881=CARTESIAN_POINT('',(-0.0101326168284159,0.0013,0.0218913724099183));
#6882=CARTESIAN_POINT('',(-0.0101452723613879,0.0013,0.0219055714049161));
#6883=CARTESIAN_POINT('',(-0.0101619783673163,0.0013,0.0219249670584898));
#6884=CARTESIAN_POINT('',(-0.0101816730571844,0.0013,0.0219488265984198));
#6885=CARTESIAN_POINT('',(-0.0102044555316553,0.0013,0.0219775610710715));
#6886=CARTESIAN_POINT('',(-0.0102300528504895,0.0013,0.022011213160067));
#6887=CARTESIAN_POINT('',(-0.010258301359546,0.0013,0.0220499316531304));
#6888=CARTESIAN_POINT('',(-0.0102889997317067,0.0013,0.0220938262455769));
#6889=CARTESIAN_POINT('',(-0.0103219531216252,0.0013,0.0221430108395088));
#6890=CARTESIAN_POINT('',(-0.010356960307001,0.0013,0.0221975906135747));
#6891=CARTESIAN_POINT('',(-0.0103938176317491,0.0013,0.0222576656660218));
#6892=CARTESIAN_POINT('',(-0.0104323180621933,0.0013,0.0223233298395938));
#6893=CARTESIAN_POINT('',(-0.0104722516603384,0.0013,0.0223946709459312));
#6894=CARTESIAN_POINT('',(-0.0105134056545291,0.0013,0.0224717705948391));
#6895=CARTESIAN_POINT('',(-0.0105555646282354,0.0013,0.0225547041421345));
#6896=CARTESIAN_POINT('',(-0.0105985106781505,0.0013,0.022643540609463));
#6897=CARTESIAN_POINT('',(-0.0106420235835918,0.0013,0.022738342617505));
#6898=CARTESIAN_POINT('',(-0.0106858809749065,0.0013,0.0228391663210837));
#6899=CARTESIAN_POINT('',(-0.0107298585050505,0.0013,0.0229460613484584));
#6900=CARTESIAN_POINT('',(-0.0107737300195909,0.0013,0.0230590707478758));
#6901=CARTESIAN_POINT('',(-0.0108172677395592,0.0013,0.023178230926257));
#6902=CARTESIAN_POINT('',(-0.0108602424018159,0.0013,0.0233035716394838));
#6903=CARTESIAN_POINT('',(-0.0109024235695756,0.0013,0.0234351158047952));
#6904=CARTESIAN_POINT('',(-0.0109435792935729,0.0013,0.023572880019426));
#6905=CARTESIAN_POINT('',(-0.0109834782758776,0.0013,0.0237168723844987));
#6906=CARTESIAN_POINT('',(-0.0110218824248868,0.0013,0.0238671007018912));
#6907=CARTESIAN_POINT('',(-0.0110585762862129,0.0013,0.0240235408887639));
#6908=CARTESIAN_POINT('',(-0.0110932551153233,0.0013,0.0241862579174196));
#6909=CARTESIAN_POINT('',(-0.0111209264931932,0.0013,0.0243290055772976));
#6910=CARTESIAN_POINT('',(-0.0111363910181955,0.0013,0.0244181460315718));
#6911=CARTESIAN_POINT('',(-0.0111418247087703,0.0013,0.0244500603038796));
#6912=CARTESIAN_POINT('',(-0.00973845660458297,0.0013,0.0215068869379942));
#6913=CARTESIAN_POINT('',(-0.0102054867570092,0.0013,0.0210253650602619));
#6914=CARTESIAN_POINT('',(-0.00970164763872315,0.0013,0.0205825032026869));
#6915=CARTESIAN_POINT('',(-1.82145964977565E-17,0.0013,0.012055));
#6916=CARTESIAN_POINT('',(-0.0100826247006734,0.0013,0.0201284724204117));
#6917=CARTESIAN_POINT('',(-0.0106062492362544,0.0013,0.0205477549358445));
#6918=CARTESIAN_POINT('',(-0.0109993567798058,0.0013,0.0200042046242697));
#6919=CARTESIAN_POINT('',(-0.010469120768218,0.0013,0.0196205659483111));
#6920=CARTESIAN_POINT('',(-0.0109247953463736,0.0013,0.0199503161864923));
#6921=CARTESIAN_POINT('',(-0.0114190213994948,0.0013,0.0203079643120288));
#6922=CARTESIAN_POINT('',(-0.011432983175548,0.0013,0.0203167707157946));
#6923=CARTESIAN_POINT('',(-0.0114464462580545,0.0013,0.0203256114670903));
#6924=CARTESIAN_POINT('',(-0.0114626271486514,0.0013,0.0203356091044736));
#6925=CARTESIAN_POINT('',(-0.011484629106151,0.0013,0.020348693288736));
#6926=CARTESIAN_POINT('',(-0.0115115461130628,0.0013,0.0203639456063824));
#6927=CARTESIAN_POINT('',(-0.0115438001796835,0.0013,0.0203813922750621));
#6928=CARTESIAN_POINT('',(-0.0115813859456,0.0013,0.0204007570891776));
#6929=CARTESIAN_POINT('',(-0.0116244215198733,0.0013,0.0204218530441449));
#6930=CARTESIAN_POINT('',(-0.011672979971213,0.0013,0.0204444628230659));
#6931=CARTESIAN_POINT('',(-0.0117271396367532,0.0013,0.0204683747618401));
#6932=CARTESIAN_POINT('',(-0.0117869691553567,0.0013,0.0204933724311053));
#6933=CARTESIAN_POINT('',(-0.0118525317400454,0.0013,0.0205192378868919));
#6934=CARTESIAN_POINT('',(-0.0119238838568603,0.0013,0.0205457509452089));
#6935=CARTESIAN_POINT('',(-0.0120010755280354,0.0013,0.0205726896091596));
#6936=CARTESIAN_POINT('',(-0.0120841501761294,0.0013,0.0205998301681743));
#6937=CARTESIAN_POINT('',(-0.0121731446054471,0.0013,0.0206269473929841));
#6938=CARTESIAN_POINT('',(-0.0122680889505281,0.0013,0.0206538147052397));
#6939=CARTESIAN_POINT('',(-0.0123690066397839,0.0013,0.0206802043559388));
#6940=CARTESIAN_POINT('',(-0.0124759143608346,0.0013,0.0207058876025404));
#6941=CARTESIAN_POINT('',(-0.0125888220305194,0.0013,0.0207306348884792));
#6942=CARTESIAN_POINT('',(-0.0127077327717804,0.0013,0.0207542160198669));
#6943=CARTESIAN_POINT('',(-0.0128326428850329,0.0013,0.0207764003562138));
#6944=CARTESIAN_POINT('',(-0.0129635418629733,0.0013,0.020796956950348));
#6945=CARTESIAN_POINT('',(-0.0131004122597489,0.0013,0.0208156548867998));
#6946=CARTESIAN_POINT('',(-0.0132432301428776,0.0013,0.0208322628580549));
#6947=CARTESIAN_POINT('',(-0.0133919633259438,0.0013,0.0208465516733729));
#6948=CARTESIAN_POINT('',(-0.0135465781481241,0.0013,0.0208582855035159));
#6949=CARTESIAN_POINT('',(-0.0137070134791899,0.0013,0.0208672563492734));
#6950=CARTESIAN_POINT('',(-0.0138732803860358,0.0013,0.0208731528135453));
#6951=CARTESIAN_POINT('',(-0.0140186644725486,0.0013,0.0208756159300041));
#6952=CARTESIAN_POINT('',(-0.0141091360696101,0.0013,0.0208753664366819));
#6953=CARTESIAN_POINT('',(-0.0141415090428769,0.0013,0.0208751757220596));
#6954=CARTESIAN_POINT('',(-0.0117865326893529,0.0013,0.0173387415664085));
#6955=CARTESIAN_POINT('',(-0.0122999420615996,0.0013,0.0175684922078594));
#6956=CARTESIAN_POINT('',(-0.0128567874504907,0.0013,0.0178176804623062));
#6957=CARTESIAN_POINT('',(-0.0128713949078945,0.0013,0.0178253685131674));
#6958=CARTESIAN_POINT('',(-0.0128857827643584,0.0013,0.0178326075089834));
#6959=CARTESIAN_POINT('',(-0.0129025314176086,0.0013,0.0178416217526045));
#6960=CARTESIAN_POINT('',(-0.0129248636323174,0.0013,0.017854133914601));
#6961=CARTESIAN_POINT('',(-0.0129515310303217,0.0013,0.0178698185675572));
#6962=CARTESIAN_POINT('',(-0.01298276732192,0.0013,0.0178890280742862));
#6963=CARTESIAN_POINT('',(-0.0130183306258418,0.0013,0.0179118958953329));
#6964=CARTESIAN_POINT('',(-0.0130581180458973,0.0013,0.0179386178184364));
#6965=CARTESIAN_POINT('',(-0.0131019779144867,0.0013,0.0179693657814044));
#6966=CARTESIAN_POINT('',(-0.0131497660936889,0.0013,0.0180043134582356));
#6967=CARTESIAN_POINT('',(-0.0132013294696098,0.0013,0.0180436285066099));
#6968=CARTESIAN_POINT('',(-0.0132565109037457,0.0013,0.0180874746425947));
#6969=CARTESIAN_POINT('',(-0.0133151479441877,0.0013,0.0181360108592117));
#6970=CARTESIAN_POINT('',(-0.0133770733471007,0.0013,0.0181893914754346));
#6971=CARTESIAN_POINT('',(-0.0134421150847273,0.0013,0.0182477659515871));
#6972=CARTESIAN_POINT('',(-0.0135100965049515,0.0013,0.0183112787757667));
#6973=CARTESIAN_POINT('',(-0.0135808364524369,0.0013,0.0183800693344247));
#6974=CARTESIAN_POINT('',(-0.0136541494049672,0.0013,0.0184542717916619));
#6975=CARTESIAN_POINT('',(-0.0137298456095011,0.0013,0.0185340149706517));
#6976=CARTESIAN_POINT('',(-0.0138077312226412,0.0013,0.0186194222379114));
#6977=CARTESIAN_POINT('',(-0.0138876084521034,0.0013,0.0187106113949324));
#6978=CARTESIAN_POINT('',(-0.0139692757075722,0.0013,0.0188076945580252));
#6979=CARTESIAN_POINT('',(-0.0140525277292779,0.0013,0.018910778101184));
#6980=CARTESIAN_POINT('',(-0.0141371558156313,0.0013,0.0190199623735917));
#6981=CARTESIAN_POINT('',(-0.0142229476822079,0.0013,0.0191353423028684));
#6982=CARTESIAN_POINT('',(-0.0143096887507964,0.0013,0.0192570046101304));
#6983=CARTESIAN_POINT('',(-0.014397157956874,0.0013,0.0193850380588687));
#6984=CARTESIAN_POINT('',(-0.0144851446027264,0.0013,0.0195194937083575));
#6985=CARTESIAN_POINT('',(-0.0145733845440014,0.0013,0.0196605368413587));
#6986=CARTESIAN_POINT('',(-0.0146482097086835,0.0013,0.0197852115953554));
#6987=CARTESIAN_POINT('',(-0.0146932294396592,0.0013,0.0198636870433927));
#6988=CARTESIAN_POINT('',(-0.0147092507625848,0.0013,0.0198918182179489));
#6989=CARTESIAN_POINT('',(-0.0123838915344012,0.0013,0.0176061200844655));
#6990=CARTESIAN_POINT('',(-0.0126580661406842,0.0013,0.0169939038095434));
#6991=CARTESIAN_POINT('',(-0.0120331445631662,0.0013,0.0167500729174019));
#6992=CARTESIAN_POINT('',(-2.51534904016637E-17,0.0013,0.012055));
#6993=CARTESIAN_POINT('',(-0.0122358582237416,0.0013,0.0161931217123562));
#6994=CARTESIAN_POINT('',(-0.0128713074019117,0.0013,0.0164080282594247));
#6995=CARTESIAN_POINT('',(-0.0130548025042927,0.0013,0.0157628073442241));
#6996=CARTESIAN_POINT('',(-0.0124253314819921,0.0013,0.0155836563080574));
#6997=CARTESIAN_POINT('',(-0.0129663067442891,0.0013,0.015737670289048));
#6998=CARTESIAN_POINT('',(-0.0135530501825634,0.0013,0.0159047143279288));
#6999=CARTESIAN_POINT('',(-0.0135691819279718,0.0013,0.0159082144319164));
#7000=CARTESIAN_POINT('',(-0.0135848568022815,0.0013,0.0159119173752627));
#7001=CARTESIAN_POINT('',(-0.0136034812591439,0.0013,0.015915777890816));
#7002=CARTESIAN_POINT('',(-0.0136286313908258,0.0013,0.015920547889559));
#7003=CARTESIAN_POINT('',(-0.013659141703462,0.0013,0.0159256742213393));
#7004=CARTESIAN_POINT('',(-0.0136954177239781,0.0013,0.0159310371866664));
#7005=CARTESIAN_POINT('',(-0.0137373599473557,0.0013,0.0159363790705478));
#7006=CARTESIAN_POINT('',(-0.0137850154004731,0.0013,0.0159414837504781));
#7007=CARTESIAN_POINT('',(-0.0138383784187009,0.0013,0.0159461220244008));
#7008=CARTESIAN_POINT('',(-0.01389745022148,0.0013,0.0159500682002451));
#7009=CARTESIAN_POINT('',(-0.0139622212850418,0.0013,0.0159530954250626));
#7010=CARTESIAN_POINT('',(-0.0140326764689687,0.0013,0.0159549772783865));
#7011=CARTESIAN_POINT('',(-0.0141087935266227,0.0013,0.0159554875424218));
#7012=CARTESIAN_POINT('',(-0.0141905435361176,0.0013,0.0159544004997112));
#7013=CARTESIAN_POINT('',(-0.01427789078779,0.0013,0.0159514910796936));
#7014=CARTESIAN_POINT('',(-0.0143707928334269,0.0013,0.015946535048273));
#7015=CARTESIAN_POINT('',(-0.0144692004958734,0.0013,0.0159393091848275));
#7016=CARTESIAN_POINT('',(-0.0145730578958882,0.0013,0.0159295914623112));
#7017=CARTESIAN_POINT('',(-0.0146823024801483,0.0013,0.0159171612255441));
#7018=CARTESIAN_POINT('',(-0.014796865054465,0.0013,0.0159017993701571));
#7019=CARTESIAN_POINT('',(-0.0149166698224971,0.0013,0.0158832885165428));
#7020=CARTESIAN_POINT('',(-0.015041634424079,0.0013,0.0158614131988676));
#7021=CARTESIAN_POINT('',(-0.0151716699969901,0.0013,0.0158359599914876));
#7022=CARTESIAN_POINT('',(-0.0153066811697493,0.0013,0.0158067178716731));
#7023=CARTESIAN_POINT('',(-0.0154465663413506,0.0013,0.0157734776668506));
#7024=CARTESIAN_POINT('',(-0.0155912168786069,0.0013,0.0157360350165751));
#7025=CARTESIAN_POINT('',(-0.0157405204923411,0.0013,0.0156941798265316));
#7026=CARTESIAN_POINT('',(-0.0158943485990087,0.0013,0.0156477375491666));
#7027=CARTESIAN_POINT('',(-0.0160526050940082,0.0013,0.0155964117818218));
#7028=CARTESIAN_POINT('',(-0.0161900638827282,0.0013,0.015549002068076));
#7029=CARTESIAN_POINT('',(-0.0162749940431357,0.0013,0.0155178245124483));
#7030=CARTESIAN_POINT('',(-0.016305349458985,0.0013,0.0155065730903684));
#7031=CARTESIAN_POINT('',(-0.0128828638406756,0.0013,0.0129888613603687));
#7032=CARTESIAN_POINT('',(-0.0134438901865364,0.0013,0.0130291599956804));
#7033=CARTESIAN_POINT('',(-0.014052381091897,0.0013,0.0130728680198518));
#7034=CARTESIAN_POINT('',(-0.0140687370800852,0.0013,0.0130750963798394));
#7035=CARTESIAN_POINT('',(-0.0140847331250198,0.0013,0.0130769778740596));
#7036=CARTESIAN_POINT('',(-0.0141035547637824,0.0013,0.0130797201154872));
#7037=CARTESIAN_POINT('',(-0.0141288195925894,0.0013,0.0130838396345099));
#7038=CARTESIAN_POINT('',(-0.0141592432169617,0.0013,0.0130894575998649));
#7039=CARTESIAN_POINT('',(-0.014195165767922,0.0013,0.0130968251906577));
#7040=CARTESIAN_POINT('',(-0.01423640559762,0.0013,0.0131061505470443));
#7041=CARTESIAN_POINT('',(-0.0142829329786161,0.0013,0.0131176528418878));
#7042=CARTESIAN_POINT('',(-0.0143346641961795,0.0013,0.013131545517252));
#7043=CARTESIAN_POINT('',(-0.0143915232049753,0.0013,0.0131480410713838));
#7044=CARTESIAN_POINT('',(-0.0144534234673108,0.0013,0.0131673494190041));
#7045=CARTESIAN_POINT('',(-0.0145202733154865,0.0013,0.013189678147427));
#7046=CARTESIAN_POINT('',(-0.0145919744734584,0.0013,0.0132152322230467));
#7047=CARTESIAN_POINT('',(-0.0146684225636263,0.0013,0.0132442138590245));
#7048=CARTESIAN_POINT('',(-0.0147495070512173,0.0013,0.013276822339082));
#7049=CARTESIAN_POINT('',(-0.0148351113553815,0.0013,0.0133132538562003));
#7050=CARTESIAN_POINT('',(-0.0149251129187599,0.0013,0.0133537013495732));
#7051=CARTESIAN_POINT('',(-0.01501938329432,0.0013,0.0133983543445511));
#7052=CARTESIAN_POINT('',(-0.0151177882326494,0.0013,0.013447398794682));
#7053=CARTESIAN_POINT('',(-0.0152201877743719,0.0013,0.0135010169249183));
#7054=CARTESIAN_POINT('',(-0.0153264363460204,0.0013,0.0135593870813974));
#7055=CARTESIAN_POINT('',(-0.0154363828606997,0.0013,0.0136226835669378));
#7056=CARTESIAN_POINT('',(-0.0155498708193677,0.0013,0.0136910765433726));
#7057=CARTESIAN_POINT('',(-0.0156667384281231,0.0013,0.0137647316882361));
#7058=CARTESIAN_POINT('',(-0.0157868186720167,0.0013,0.0138438108098615));
#7059=CARTESIAN_POINT('',(-0.0159099395738554,0.0013,0.0139284687895125));
#7060=CARTESIAN_POINT('',(-0.0160359237598405,0.0013,0.0140188646461064));
#7061=CARTESIAN_POINT('',(-0.0161645907021848,0.0013,0.0141151184225288));
#7062=CARTESIAN_POINT('',(-0.0162957487164236,0.0013,0.0142174757764607));
#7063=CARTESIAN_POINT('',(-0.0164087026487556,0.0013,0.0143090400092407));
#7064=CARTESIAN_POINT('',(-0.0164778475417285,0.0013,0.0143673851538335));
#7065=CARTESIAN_POINT('',(-0.0165025240890105,0.0013,0.0143883401958147));
#7066=CARTESIAN_POINT('',(-0.0135356463783968,0.0013,0.0130358062229433));
#7067=CARTESIAN_POINT('',(-0.0135838959346326,0.0013,0.0123667378689367));
#7068=CARTESIAN_POINT('',(-0.0129132666629916,0.0013,0.0123513475463817));
#7069=CARTESIAN_POINT('',(-3.12250225675825E-17,0.0013,0.012055));
#7070=CARTESIAN_POINT('',(-0.0129132666629916,0.0013,0.0117586524536183));
#7071=CARTESIAN_POINT('',(-0.0135838959346326,0.0013,0.0117432621310633));
#7072=CARTESIAN_POINT('',(-0.0135356463783968,0.0013,0.0110741937770567));
#7073=CARTESIAN_POINT('',(-0.0128828638406756,0.0013,0.0111211386396313));
#7074=CARTESIAN_POINT('',(-0.0134438901865364,0.0013,0.0110808400043196));
#7075=CARTESIAN_POINT('',(-0.014052381091897,0.0013,0.0110371319801482));
#7076=CARTESIAN_POINT('',(-0.0140687370800852,0.0013,0.0110349036201606));
#7077=CARTESIAN_POINT('',(-0.0140847331250198,0.0013,0.0110330221259403));
#7078=CARTESIAN_POINT('',(-0.0141035547637824,0.0013,0.0110302798845128));
#7079=CARTESIAN_POINT('',(-0.0141288195925894,0.0013,0.0110261603654901));
#7080=CARTESIAN_POINT('',(-0.0141592432169617,0.0013,0.0110205424001351));
#7081=CARTESIAN_POINT('',(-0.014195165767922,0.0013,0.0110131748093423));
#7082=CARTESIAN_POINT('',(-0.01423640559762,0.0013,0.0110038494529557));
#7083=CARTESIAN_POINT('',(-0.0142829329786161,0.0013,0.0109923471581122));
#7084=CARTESIAN_POINT('',(-0.0143346641961795,0.0013,0.010978454482748));
#7085=CARTESIAN_POINT('',(-0.0143915232049753,0.0013,0.0109619589286162));
#7086=CARTESIAN_POINT('',(-0.0144534234673108,0.0013,0.0109426505809959));
#7087=CARTESIAN_POINT('',(-0.0145202733154865,0.0013,0.010920321852573));
#7088=CARTESIAN_POINT('',(-0.0145919744734584,0.0013,0.0108947677769533));
#7089=CARTESIAN_POINT('',(-0.0146684225636263,0.0013,0.0108657861409754));
#7090=CARTESIAN_POINT('',(-0.0147495070512173,0.0013,0.010833177660918));
#7091=CARTESIAN_POINT('',(-0.0148351113553815,0.0013,0.0107967461437997));
#7092=CARTESIAN_POINT('',(-0.0149251129187599,0.0013,0.0107562986504268));
#7093=CARTESIAN_POINT('',(-0.01501938329432,0.0013,0.0107116456554489));
#7094=CARTESIAN_POINT('',(-0.0151177882326494,0.0013,0.010662601205318));
#7095=CARTESIAN_POINT('',(-0.0152201877743719,0.0013,0.0106089830750817));
#7096=CARTESIAN_POINT('',(-0.0153264363460204,0.0013,0.0105506129186025));
#7097=CARTESIAN_POINT('',(-0.0154363828606997,0.0013,0.0104873164330622));
#7098=CARTESIAN_POINT('',(-0.0155498708193677,0.0013,0.0104189234566273));
#7099=CARTESIAN_POINT('',(-0.0156667384281231,0.0013,0.0103452683117639));
#7100=CARTESIAN_POINT('',(-0.0157868186720167,0.0013,0.0102661891901385));
#7101=CARTESIAN_POINT('',(-0.0159099395738554,0.0013,0.0101815312104874));
#7102=CARTESIAN_POINT('',(-0.0160359237598405,0.0013,0.0100911353538936));
#7103=CARTESIAN_POINT('',(-0.0161645907021848,0.0013,0.00999488157747119));
#7104=CARTESIAN_POINT('',(-0.0162957487164236,0.0013,0.00989252422353924));
#7105=CARTESIAN_POINT('',(-0.0164087026487556,0.0013,0.00980095999075925));
#7106=CARTESIAN_POINT('',(-0.0164778475417285,0.0013,0.00974261484616652));
#7107=CARTESIAN_POINT('',(-0.0165025240890105,0.0013,0.00972165980418528));
#7108=CARTESIAN_POINT('',(-0.0124253314819921,0.0013,0.00852634369194259));
#7109=CARTESIAN_POINT('',(-0.0129663067442891,0.0013,0.00837232971095201));
#7110=CARTESIAN_POINT('',(-0.0135530501825633,0.0013,0.00820528567207114));
#7111=CARTESIAN_POINT('',(-0.0135691819279718,0.0013,0.00820178556808363));
#7112=CARTESIAN_POINT('',(-0.0135848568022815,0.0013,0.00819808262473726));
#7113=CARTESIAN_POINT('',(-0.0136034812591439,0.0013,0.00819422210918397));
#7114=CARTESIAN_POINT('',(-0.0136286313908258,0.0013,0.00818945211044105));
#7115=CARTESIAN_POINT('',(-0.013659141703462,0.0013,0.00818432577866069));
#7116=CARTESIAN_POINT('',(-0.0136954177239781,0.0013,0.00817896281333362));
#7117=CARTESIAN_POINT('',(-0.0137373599473557,0.0013,0.0081736209294522));
#7118=CARTESIAN_POINT('',(-0.0137850154004731,0.0013,0.00816851624952195));
#7119=CARTESIAN_POINT('',(-0.0138383784187009,0.0013,0.00816387797559917));
#7120=CARTESIAN_POINT('',(-0.01389745022148,0.0013,0.0081599317997549));
#7121=CARTESIAN_POINT('',(-0.0139622212850418,0.0013,0.00815690457493746));
#7122=CARTESIAN_POINT('',(-0.0140326764689687,0.0013,0.00815502272161356));
#7123=CARTESIAN_POINT('',(-0.0141087935266227,0.0013,0.00815451245757823));
#7124=CARTESIAN_POINT('',(-0.0141905435361176,0.0013,0.00815559950028878));
#7125=CARTESIAN_POINT('',(-0.01427789078779,0.0013,0.00815850892030643));
#7126=CARTESIAN_POINT('',(-0.0143707928334269,0.0013,0.00816346495172699));
#7127=CARTESIAN_POINT('',(-0.0144692004958734,0.0013,0.00817069081517255));
#7128=CARTESIAN_POINT('',(-0.0145730578958882,0.0013,0.00818040853768887));
#7129=CARTESIAN_POINT('',(-0.0146823024801483,0.0013,0.00819283877445597));
#7130=CARTESIAN_POINT('',(-0.014796865054465,0.0013,0.00820820062984297));
#7131=CARTESIAN_POINT('',(-0.0149166698224971,0.0013,0.0082267114834572));
#7132=CARTESIAN_POINT('',(-0.015041634424079,0.0013,0.00824858680113235));
#7133=CARTESIAN_POINT('',(-0.0151716699969901,0.0013,0.0082740400085124));
#7134=CARTESIAN_POINT('',(-0.0153066811697493,0.0013,0.00830328212832688));
#7135=CARTESIAN_POINT('',(-0.0154465663413506,0.0013,0.00833652233314946));
#7136=CARTESIAN_POINT('',(-0.0155912168786069,0.0013,0.0083739649834249));
#7137=CARTESIAN_POINT('',(-0.0157405204923411,0.0013,0.00841582017346837));
#7138=CARTESIAN_POINT('',(-0.0158943485990087,0.0013,0.0084622624508334));
#7139=CARTESIAN_POINT('',(-0.0160526050940082,0.0013,0.00851358821817815));
#7140=CARTESIAN_POINT('',(-0.0161900638827282,0.0013,0.00856099793192405));
#7141=CARTESIAN_POINT('',(-0.0162749940431357,0.0013,0.00859217548755172));
#7142=CARTESIAN_POINT('',(-0.016305349458985,0.0013,0.00860342690963155));
#7143=CARTESIAN_POINT('',(-0.0130548025042927,0.0013,0.00834719265577587));
#7144=CARTESIAN_POINT('',(-0.0128713074019117,0.0013,0.00770197174057531));
#7145=CARTESIAN_POINT('',(-0.0122358582237416,0.0013,0.00791687828764388));
#7146=CARTESIAN_POINT('',(-3.29597460435593E-17,0.0013,0.012055));
#7147=CARTESIAN_POINT('',(-0.0120331445631663,0.0013,0.00735992708259817));
#7148=CARTESIAN_POINT('',(-0.0126580661406842,0.0013,0.00711609619045666));
#7149=CARTESIAN_POINT('',(-0.0123838915344012,0.0013,0.00650387991553446));
#7150=CARTESIAN_POINT('',(-0.0117865326893529,0.0013,0.00677125843359148));
#7151=CARTESIAN_POINT('',(-0.0122999420615996,0.0013,0.00654150779214055));
#7152=CARTESIAN_POINT('',(-0.0128567874504907,0.0013,0.0062923195376938));
#7153=CARTESIAN_POINT('',(-0.0128713949078945,0.0013,0.0062846314868326));
#7154=CARTESIAN_POINT('',(-0.0128857827643584,0.0013,0.00627739249101662));
#7155=CARTESIAN_POINT('',(-0.0129025314176086,0.0013,0.0062683782473955));
#7156=CARTESIAN_POINT('',(-0.0129248636323174,0.0013,0.00625586608539905));
#7157=CARTESIAN_POINT('',(-0.0129515310303217,0.0013,0.0062401814324428));
#7158=CARTESIAN_POINT('',(-0.01298276732192,0.0013,0.00622097192571375));
#7159=CARTESIAN_POINT('',(-0.0130183306258418,0.0013,0.00619810410466708));
#7160=CARTESIAN_POINT('',(-0.0130581180458973,0.0013,0.00617138218156366));
#7161=CARTESIAN_POINT('',(-0.0131019779144867,0.0013,0.00614063421859555));
#7162=CARTESIAN_POINT('',(-0.0131497660936889,0.0013,0.0061056865417644));
#7163=CARTESIAN_POINT('',(-0.0132013294696098,0.0013,0.00606637149339012));
#7164=CARTESIAN_POINT('',(-0.0132565109037457,0.0013,0.00602252535740528));
#7165=CARTESIAN_POINT('',(-0.0133151479441877,0.0013,0.00597398914078826));
#7166=CARTESIAN_POINT('',(-0.0133770733471007,0.0013,0.00592060852456536));
#7167=CARTESIAN_POINT('',(-0.0134421150847273,0.0013,0.00586223404841293));
#7168=CARTESIAN_POINT('',(-0.0135100965049515,0.0013,0.00579872122423335));
#7169=CARTESIAN_POINT('',(-0.0135808364524369,0.0013,0.00572993066557533));
#7170=CARTESIAN_POINT('',(-0.0136541494049672,0.0013,0.00565572820833814));
#7171=CARTESIAN_POINT('',(-0.0137298456095011,0.0013,0.0055759850293483));
#7172=CARTESIAN_POINT('',(-0.0138077312226412,0.0013,0.00549057776208854));
#7173=CARTESIAN_POINT('',(-0.0138876084521034,0.0013,0.00539938860506754));
#7174=CARTESIAN_POINT('',(-0.0139692757075722,0.0013,0.00530230544197482));
#7175=CARTESIAN_POINT('',(-0.0140525277292779,0.0013,0.00519922189881601));
#7176=CARTESIAN_POINT('',(-0.0141371558156313,0.0013,0.00509003762640826));
#7177=CARTESIAN_POINT('',(-0.0142229476822079,0.0013,0.00497465769713159));
#7178=CARTESIAN_POINT('',(-0.0143096887507964,0.0013,0.00485299538986958));
#7179=CARTESIAN_POINT('',(-0.014397157956874,0.0013,0.0047249619411313));
#7180=CARTESIAN_POINT('',(-0.0144851446027264,0.0013,0.00459050629164255));
#7181=CARTESIAN_POINT('',(-0.0145733845440014,0.0013,0.00444946315864124));
#7182=CARTESIAN_POINT('',(-0.0146482097086835,0.0013,0.00432478840464459));
#7183=CARTESIAN_POINT('',(-0.0146932294396592,0.0013,0.00424631295660731));
#7184=CARTESIAN_POINT('',(-0.0147092507625848,0.0013,0.00421818178205107));
#7185=CARTESIAN_POINT('',(-0.010469120768218,0.0013,0.00448943405168892));
#7186=CARTESIAN_POINT('',(-0.0109247953463736,0.0013,0.00415968381350776));
#7187=CARTESIAN_POINT('',(-0.0114190213994948,0.0013,0.00380203568797116));
#7188=CARTESIAN_POINT('',(-0.011432983175548,0.0013,0.00379322928420542));
#7189=CARTESIAN_POINT('',(-0.0114464462580545,0.0013,0.00378438853290965));
#7190=CARTESIAN_POINT('',(-0.0114626271486514,0.0013,0.00377439089552635));
#7191=CARTESIAN_POINT('',(-0.011484629106151,0.0013,0.00376130671126396));
#7192=CARTESIAN_POINT('',(-0.0115115461130628,0.0013,0.00374605439361753));
#7193=CARTESIAN_POINT('',(-0.0115438001796835,0.0013,0.00372860772493794));
#7194=CARTESIAN_POINT('',(-0.0115813859456,0.0013,0.00370924291082247));
#7195=CARTESIAN_POINT('',(-0.0116244215198733,0.0013,0.00368814695585506));
#7196=CARTESIAN_POINT('',(-0.011672979971213,0.0013,0.00366553717693408));
#7197=CARTESIAN_POINT('',(-0.0117271396367531,0.0013,0.00364162523815989));
#7198=CARTESIAN_POINT('',(-0.0117869691553567,0.0013,0.00361662756889471));
#7199=CARTESIAN_POINT('',(-0.0118525317400453,0.0013,0.00359076211310814));
#7200=CARTESIAN_POINT('',(-0.0119238838568603,0.0013,0.00356424905479113));
#7201=CARTESIAN_POINT('',(-0.0120010755280354,0.0013,0.0035373103908404));
#7202=CARTESIAN_POINT('',(-0.0120841501761294,0.0013,0.00351016983182565));
#7203=CARTESIAN_POINT('',(-0.0121731446054471,0.0013,0.00348305260701595));
#7204=CARTESIAN_POINT('',(-0.0122680889505281,0.0013,0.00345618529476026));
#7205=CARTESIAN_POINT('',(-0.0123690066397839,0.0013,0.00342979564406119));
#7206=CARTESIAN_POINT('',(-0.0124759143608346,0.0013,0.00340411239745966));
#7207=CARTESIAN_POINT('',(-0.0125888220305194,0.0013,0.00337936511152087));
#7208=CARTESIAN_POINT('',(-0.0127077327717804,0.0013,0.00335578398013316));
#7209=CARTESIAN_POINT('',(-0.0128326428850329,0.0013,0.00333359964378618));
#7210=CARTESIAN_POINT('',(-0.0129635418629733,0.0013,0.00331304304965205));
#7211=CARTESIAN_POINT('',(-0.0131004122597489,0.0013,0.0032943451132002));
#7212=CARTESIAN_POINT('',(-0.0132432301428776,0.0013,0.00327773714194516));
#7213=CARTESIAN_POINT('',(-0.0133919633259438,0.0013,0.00326344832662713));
#7214=CARTESIAN_POINT('',(-0.0135465781481241,0.0013,0.00325171449648415));
#7215=CARTESIAN_POINT('',(-0.0137070134791899,0.0013,0.0032427436507266));
#7216=CARTESIAN_POINT('',(-0.0138732803860358,0.0013,0.0032368471864547));
#7217=CARTESIAN_POINT('',(-0.0140186644725486,0.0013,0.00323438406999591));
#7218=CARTESIAN_POINT('',(-0.01410913606961,0.0013,0.00323463356331811));
#7219=CARTESIAN_POINT('',(-0.0141415090428769,0.0013,0.00323482427794038));
#7220=CARTESIAN_POINT('',(-0.0109993567798058,0.0013,0.00410579537573029));
#7221=CARTESIAN_POINT('',(-0.0106062492362544,0.0013,0.00356224506415551));
#7222=CARTESIAN_POINT('',(-0.0100826247006734,0.0013,0.00398152757958835));
#7223=CARTESIAN_POINT('',(-3.12250225675825E-17,0.0013,0.012055));
#7224=CARTESIAN_POINT('',(-0.00970164763872316,0.0013,0.00352749679731312));
#7225=CARTESIAN_POINT('',(-0.0102054867570092,0.0013,0.0030846349397381));
#7226=CARTESIAN_POINT('',(-0.00973845660458297,0.0013,0.00260311306200586));
#7227=CARTESIAN_POINT('',(-0.00926857174499798,0.0013,0.00305867544018098));
#7228=CARTESIAN_POINT('',(-0.00967243939622228,0.0013,0.00266718411070816));
#7229=CARTESIAN_POINT('',(-0.010110475496581,0.0013,0.00224257140709924));
#7230=CARTESIAN_POINT('',(-0.0101215725482543,0.0013,0.00223035095776189));
#7231=CARTESIAN_POINT('',(-0.0101326168284159,0.0013,0.00221862759008177));
#7232=CARTESIAN_POINT('',(-0.0101452723613879,0.0013,0.00220442859508388));
#7233=CARTESIAN_POINT('',(-0.0101619783673163,0.0013,0.00218503294151025));
#7234=CARTESIAN_POINT('',(-0.0101816730571844,0.0013,0.00216117340158013));
#7235=CARTESIAN_POINT('',(-0.0102044555316553,0.0013,0.0021324389289285));
#7236=CARTESIAN_POINT('',(-0.0102300528504895,0.0013,0.00209878683993302));
#7237=CARTESIAN_POINT('',(-0.010258301359546,0.0013,0.00206006834686958));
#7238=CARTESIAN_POINT('',(-0.0102889997317067,0.0013,0.00201617375442306));
#7239=CARTESIAN_POINT('',(-0.0103219531216252,0.0013,0.0019669891604912));
#7240=CARTESIAN_POINT('',(-0.010356960307001,0.0013,0.00191240938642525));
#7241=CARTESIAN_POINT('',(-0.0103938176317491,0.0013,0.00185233433397821));
#7242=CARTESIAN_POINT('',(-0.0104323180621933,0.0013,0.00178667016040618));
#7243=CARTESIAN_POINT('',(-0.0104722516603384,0.0013,0.00171532905406873));
#7244=CARTESIAN_POINT('',(-0.0105134056545291,0.0013,0.00163822940516083));
#7245=CARTESIAN_POINT('',(-0.0105555646282354,0.0013,0.00155529585786545));
#7246=CARTESIAN_POINT('',(-0.0105985106781505,0.0013,0.00146645939053697));
#7247=CARTESIAN_POINT('',(-0.0106420235835918,0.0013,0.00137165738249497));
#7248=CARTESIAN_POINT('',(-0.0106858809749065,0.0013,0.0012708336789163));
#7249=CARTESIAN_POINT('',(-0.0107298585050505,0.0013,0.00116393865154162));
#7250=CARTESIAN_POINT('',(-0.0107737300195909,0.0013,0.00105092925212417));
#7251=CARTESIAN_POINT('',(-0.0108172677395592,0.0013,0.000931769073742934));
#7252=CARTESIAN_POINT('',(-0.0108602424018159,0.0013,0.000806428360516198));
#7253=CARTESIAN_POINT('',(-0.0109024235695756,0.0013,0.000674884195204784));
#7254=CARTESIAN_POINT('',(-0.0109435792935729,0.0013,0.00053711998057401));
#7255=CARTESIAN_POINT('',(-0.0109834782758775,0.0013,0.000393127615501261));
#7256=CARTESIAN_POINT('',(-0.0110218824248868,0.0013,0.000242899298108869));
#7257=CARTESIAN_POINT('',(-0.0110585762862129,0.0013,8.64591112361389E-5));
#7258=CARTESIAN_POINT('',(-0.0110932551153233,0.0013,-7.62579174196192E-5));
#7259=CARTESIAN_POINT('',(-0.0111209264931932,0.0013,-0.000219005577297531));
#7260=CARTESIAN_POINT('',(-0.0111363910181955,0.0013,-0.00030814603157181));
#7261=CARTESIAN_POINT('',(-0.0111418247087703,0.0013,-0.00034006030387964));
#7262=CARTESIAN_POINT('',(-0.00725017958202981,0.0013,0.00136504332066328));
#7263=CARTESIAN_POINT('',(-0.00756559239687797,0.0013,0.000899329570611399));
#7264=CARTESIAN_POINT('',(-0.00790769010883989,0.0013,0.000394215000682968));
#7265=CARTESIAN_POINT('',(-0.00791779791929206,0.0013,0.000381164479401827));
#7266=CARTESIAN_POINT('',(-0.00792742536355115,0.0013,0.000368252245238513));
#7267=CARTESIAN_POINT('',(-0.00793921103367205,0.0013,0.000353323348643041));
#7268=CARTESIAN_POINT('',(-0.00795541105620055,0.0013,0.000333503124585202));
#7269=CARTESIAN_POINT('',(-0.00797548816910173,0.0013,0.000309964475681105));
#7270=CARTESIAN_POINT('',(-0.00799982996537315,0.0013,0.000282538429377161));
#7271=CARTESIAN_POINT('',(-0.00802852587575225,0.0013,0.000251486367404189));
#7272=CARTESIAN_POINT('',(-0.0080617508457866,0.0013,0.00021694362091183));
#7273=CARTESIAN_POINT('',(-0.00809964786436019,0.0013,0.00017908941001531));
#7274=CARTESIAN_POINT('',(-0.00814236293768576,0.0013,0.000138095841030018));
#7275=CARTESIAN_POINT('',(-0.00819003458839781,0.0013,9.41428151567843E-5));
#7276=CARTESIAN_POINT('',(-0.00824279675853407,0.0013,4.74135126088612E-5));
#7277=CARTESIAN_POINT('',(-0.00830077781617692,0.0013,-1.90447386572493E-6));
#7278=CARTESIAN_POINT('',(-0.00836410069426092,0.0013,-5.36196440329359E-5));
#7279=CARTESIAN_POINT('',(-0.00843288271016502,0.0013,-0.000107536630110924));
#7280=CARTESIAN_POINT('',(-0.00850723548156991,0.0013,-0.000163456373631212));
#7281=CARTESIAN_POINT('',(-0.00858726482003946,0.0013,-0.000221176267210823));
#7282=CARTESIAN_POINT('',(-0.00867307063582546,0.0013,-0.000280490309781209));
#7283=CARTESIAN_POINT('',(-0.00876474684471812,0.0013,-0.000341189261166864));
#7284=CARTESIAN_POINT('',(-0.00886238127846738,0.0013,-0.000403060800516209));
#7285=CARTESIAN_POINT('',(-0.0089660556026255,0.0013,-0.000465889684440068));
#7286=CARTESIAN_POINT('',(-0.00907584522441338,0.0013,-0.000529457916439772));
#7287=CARTESIAN_POINT('',(-0.00919181925878042,0.0013,-0.000593544883452497));
#7288=CARTESIAN_POINT('',(-0.00931404028972928,0.0013,-0.000657927629082438));
#7289=CARTESIAN_POINT('',(-0.00944256493991261,0.0013,-0.000722380609974174));
#7290=CARTESIAN_POINT('',(-0.00957744135184286,0.0013,-0.000786677448877879));
#7291=CARTESIAN_POINT('',(-0.00971871855304257,0.0013,-0.000850585026119167));
#7292=CARTESIAN_POINT('',(-0.00986641023980667,0.0013,-0.000913886978605376));
#7293=CARTESIAN_POINT('',(-0.0100206333156953,0.0013,-0.00097629447388017));
#7294=CARTESIAN_POINT('',(-0.0101564072335268,0.0013,-0.00102833333234699));
#7295=CARTESIAN_POINT('',(-0.010241508057418,0.0013,-0.00105904199390706));
#7296=CARTESIAN_POINT('',(-0.0102719939297522,0.0013,-0.00106993498974042));
#7297=CARTESIAN_POINT('',(-0.00761722629445713,0.0013,0.000823189491137202));
#7298=CARTESIAN_POINT('',(-0.00706192088113709,0.0013,0.000446869972712347));
#7299=CARTESIAN_POINT('',(-0.00671327783501151,0.0013,0.00101995679719738));
#7300=CARTESIAN_POINT('',(-2.42861286636753E-17,0.0013,0.012055));
#7301=CARTESIAN_POINT('',(-0.00619998882798012,0.0013,0.000723609250815705));
#7302=CARTESIAN_POINT('',(-0.00652197505349551,0.0013,0.000135132103775654));
#7303=CARTESIAN_POINT('',(-0.00591842008393964,0.0013,-0.000157616731806084));
#7304=CARTESIAN_POINT('',(-0.00563268425864584,0.0013,0.000431181960294579));
#7305=CARTESIAN_POINT('',(-0.00587829778965839,0.0013,-7.483042506903E-5));
#7306=CARTESIAN_POINT('',(-0.00614469098305711,0.0013,-0.000623653019168793));
#7307=CARTESIAN_POINT('',(-0.00615093916079312,0.0013,-0.000638931900437584));
#7308=CARTESIAN_POINT('',(-0.00615730776146862,0.0013,-0.000653725628821135));
#7309=CARTESIAN_POINT('',(-0.00616434373011032,0.0013,-0.00067139676684419));
#7310=CARTESIAN_POINT('',(-0.00617340853638885,0.0013,-0.000695336509924673));
#7311=CARTESIAN_POINT('',(-0.00618375504785998,0.0013,-0.000724493124183791));
#7312=CARTESIAN_POINT('',(-0.00619533580254885,0.0013,-0.000759286761280561));
#7313=CARTESIAN_POINT('',(-0.00620787972186778,0.0013,-0.000799664179640069));
#7314=CARTESIAN_POINT('',(-0.00622118213282947,0.0013,-0.00084570922097597));
#7315=CARTESIAN_POINT('',(-0.00623501633181928,0.0013,-0.000897456107236648));
#7316=CARTESIAN_POINT('',(-0.00624916026728955,0.0013,-0.000954945230353752));
#7317=CARTESIAN_POINT('',(-0.00626338887891294,0.0013,-0.00101820660384734));
#7318=CARTESIAN_POINT('',(-0.00627747655695244,0.0013,-0.0010872646348181));
#7319=CARTESIAN_POINT('',(-0.0062911966572815,0.0013,-0.00116213669691239));
#7320=CARTESIAN_POINT('',(-0.00630432186936534,0.0013,-0.00124283350305749));
#7321=CARTESIAN_POINT('',(-0.00631662434105232,0.0013,-0.00132935896919294));
#7322=CARTESIAN_POINT('',(-0.00632787587381156,0.0013,-0.00142171022983149));
#7323=CARTESIAN_POINT('',(-0.00633784809872046,0.0013,-0.001519877616784));
#7324=CARTESIAN_POINT('',(-0.00634631265849456,0.0013,-0.00162384465433231));
#7325=CARTESIAN_POINT('',(-0.00635304138793129,0.0013,-0.00173358805584883));
#7326=CARTESIAN_POINT('',(-0.00635780649590444,0.0013,-0.00184907772543447));
#7327=CARTESIAN_POINT('',(-0.00636038074339486,0.0013,-0.00197027676583751));
#7328=CARTESIAN_POINT('',(-0.00636053763628634,0.0013,-0.00209714148337756));
#7329=CARTESIAN_POINT('',(-0.00635805156058733,0.0013,-0.00222962142682515));
#7330=CARTESIAN_POINT('',(-0.00635269813839382,0.0013,-0.00236765931731855));
#7331=CARTESIAN_POINT('',(-0.00634425373210403,0.0013,-0.0025111914198357));
#7332=CARTESIAN_POINT('',(-0.00633249822201255,0.0013,-0.00266014623839043));
#7333=CARTESIAN_POINT('',(-0.00631720520679797,0.0013,-0.00281444967222559));
#7334=CARTESIAN_POINT('',(-0.00629818046237813,0.0013,-0.00297400540113419));
#7335=CARTESIAN_POINT('',(-0.00627511540072833,0.0013,-0.00313877025034093));
#7336=CARTESIAN_POINT('',(-0.0062522954152288,0.0013,-0.00328237334158774));
#7337=CARTESIAN_POINT('',(-0.00623633948431044,0.0013,-0.00337142714774054));
#7338=CARTESIAN_POINT('',(-0.00623053015925836,0.0013,-0.00340327518555513));
#7339=CARTESIAN_POINT('',(-0.00315675973699413,0.0013,-0.000469980867876424));
#7340=CARTESIAN_POINT('',(-0.0032938673480668,0.0013,-0.00101548617833983));
#7341=CARTESIAN_POINT('',(-0.00344257468598234,0.0013,-0.00160714292082962));
#7342=CARTESIAN_POINT('',(-0.0034476093797175,0.0013,-0.00162286347415448));
#7343=CARTESIAN_POINT('',(-0.00345223997386561,0.0013,-0.00163828978518096));
#7344=CARTESIAN_POINT('',(-0.00345820889775595,0.0013,-0.00165634929573214));
#7345=CARTESIAN_POINT('',(-0.00346665302350955,0.0013,-0.0016805149480487));
#7346=CARTESIAN_POINT('',(-0.0034774686462776,0.0013,-0.00170950081975917));
#7347=CARTESIAN_POINT('',(-0.0034909621923228,0.0013,-0.00174359825773787));
#7348=CARTESIAN_POINT('',(-0.00350730709686622,0.0013,-0.00178259223061478));
#7349=CARTESIAN_POINT('',(-0.00352671404092715,0.0013,-0.00182641540360847));
#7350=CARTESIAN_POINT('',(-0.00354937868699423,0.0013,-0.00187494826997775));
#7351=CARTESIAN_POINT('',(-0.00357549709985481,0.0013,-0.00192807903975389));
#7352=CARTESIAN_POINT('',(-0.00360526097804084,0.0013,-0.00198568603863729));
#7353=CARTESIAN_POINT('',(-0.00363885883721959,0.0013,-0.00204764294440821));
#7354=CARTESIAN_POINT('',(-0.00367647546442937,0.0013,-0.00211381738201559));
#7355=CARTESIAN_POINT('',(-0.00371829187577913,0.0013,-0.00218407144564249));
#7356=CARTESIAN_POINT('',(-0.00376448513326091,0.0013,-0.00225826167453273));
#7357=CARTESIAN_POINT('',(-0.00381522820519152,0.0013,-0.00233623919040756));
#7358=CARTESIAN_POINT('',(-0.0038706898177229,0.0013,-0.00241784979429048));
#7359=CARTESIAN_POINT('',(-0.00393103431229637,0.0013,-0.00250293407981616));
#7360=CARTESIAN_POINT('',(-0.00399642150524179,0.0013,-0.00259132754662772));
#7361=CARTESIAN_POINT('',(-0.00406700654941454,0.0013,-0.0026828607186154));
#7362=CARTESIAN_POINT('',(-0.00414293980290626,0.0013,-0.00277735926441863));
#7363=CARTESIAN_POINT('',(-0.00422436668451971,0.0013,-0.00287464412512471));
#7364=CARTESIAN_POINT('',(-0.00431142759517419,0.0013,-0.00297453163097139));
#7365=CARTESIAN_POINT('',(-0.00440425760017363,0.0013,-0.00307683367646833));
#7366=CARTESIAN_POINT('',(-0.00450298704777763,0.0013,-0.00318135768627653));
#7367=CARTESIAN_POINT('',(-0.00460773860272933,0.0013,-0.00328790740107384));
#7368=CARTESIAN_POINT('',(-0.00471863806745432,0.0013,-0.00339628052842275));
#7369=CARTESIAN_POINT('',(-0.00483577231279585,0.0013,-0.00350627843793045));
#7370=CARTESIAN_POINT('',(-0.00495934997868483,0.0013,-0.00361766969924146));
#7371=CARTESIAN_POINT('',(-0.00506913738953494,0.0013,-0.00371300764537347));
#7372=CARTESIAN_POINT('',(-0.00513860302494019,0.0013,-0.00377097054402008));
#7373=CARTESIAN_POINT('',(-0.00516352475021465,0.0013,-0.00379163339424808));
#7374=CARTESIAN_POINT('',(-0.00331634589970975,0.0013,-0.00110469428221827));
#7375=CARTESIAN_POINT('',(-0.00266582064490253,0.0013,-0.00126839331968658));
#7376=CARTESIAN_POINT('',(-0.00253421058501842,0.0013,-0.000610624915042993));
#7377=CARTESIAN_POINT('',(-1.56125112837912E-17,0.0013,0.012055));
#7378=CARTESIAN_POINT('',(-0.00195051986249282,0.0013,-0.000713545337813495));
#7379=CARTESIAN_POINT('',(-0.00205181690442983,0.0013,-0.00137665874538784));
#7380=CARTESIAN_POINT('',(-0.00138453475459542,0.0013,-0.00144532470873525));
#7381=CARTESIAN_POINT('',(-0.0013174119211349,0.0013,-0.000794307514719593));
#7382=CARTESIAN_POINT('',(-0.00137514671522594,0.0013,-0.00135380839435169));
#7383=CARTESIAN_POINT('',(-0.00143776605099594,0.0013,-0.00196064477433503));
#7384=CARTESIAN_POINT('',(-0.00143841173234642,0.0013,-0.00197713922896197));
#7385=CARTESIAN_POINT('',(-0.00143933650630386,0.0013,-0.00199321897607373));
#7386=CARTESIAN_POINT('',(-0.00143990426895717,0.0013,-0.00201223085707815));
#7387=CARTESIAN_POINT('',(-0.0014402345261664,0.0013,-0.00203782720333699));
#7388=CARTESIAN_POINT('',(-0.00143998491725889,0.0013,-0.00206876417393966));
#7389=CARTESIAN_POINT('',(-0.0014389671422365,0.0013,-0.00210542034934831));
#7390=CARTESIAN_POINT('',(-0.0014369446802418,0.0013,-0.00214765298451044));
#7391=CARTESIAN_POINT('',(-0.00143369652602402,0.0013,-0.00219547086258127));
#7392=CARTESIAN_POINT('',(-0.00142899794327369,0.0013,-0.00224882860447037));
#7393=CARTESIAN_POINT('',(-0.0014226264569358,0.0013,-0.0023076882200757));
#7394=CARTESIAN_POINT('',(-0.00141436031425307,0.0013,-0.00237200093771516));
#7395=CARTESIAN_POINT('',(-0.00140397916370039,0.0013,-0.00244171252948658));
#7396=CARTESIAN_POINT('',(-0.00139126408732747,0.0013,-0.0025167618044206));
#7397=CARTESIAN_POINT('',(-0.00137599781906524,0.0013,-0.00259708108459423));
#7398=CARTESIAN_POINT('',(-0.00135796490859795,0.0013,-0.00268259611976142));
#7399=CARTESIAN_POINT('',(-0.00133695189950443,0.0013,-0.00277322616875069));
#7400=CARTESIAN_POINT('',(-0.00131274750190874,0.0013,-0.00286888403966441));
#7401=CARTESIAN_POINT('',(-0.00128514276518325,0.0013,-0.00296947614760066));
#7402=CARTESIAN_POINT('',(-0.00125393124866648,0.0013,-0.00307490257319203));
#7403=CARTESIAN_POINT('',(-0.00121890919212179,0.0013,-0.0031850571263906));
#7404=CARTESIAN_POINT('',(-0.00117987568032303,0.0013,-0.0032998274147993));
#7405=CARTESIAN_POINT('',(-0.00113663282253938,0.0013,-0.00341909491423899));
#7406=CARTESIAN_POINT('',(-0.00108898586630458,0.0013,-0.00354273505153194));
#7407=CARTESIAN_POINT('',(-0.00103674355588247,0.0013,-0.00367061726039153));
#7408=CARTESIAN_POINT('',(-0.000979717539330289,0.0013,-0.00380260516092324));
#7409=CARTESIAN_POINT('',(-0.000917725424852609,0.0013,-0.00393855628350329));
#7410=CARTESIAN_POINT('',(-0.000850579808749958,0.0013,-0.00407832356238454));
#7411=CARTESIAN_POINT('',(-0.000778131123536547,0.0013,-0.00422175005763085));
#7412=CARTESIAN_POINT('',(-0.00070010415796554,0.0013,-0.00436868965490405));
#7413=CARTESIAN_POINT('',(-0.000629545236134947,0.0013,-0.00449582752535949));
#7414=CARTESIAN_POINT('',(-0.000584093370049115,0.0013,-0.00457405348007458));
#7415=CARTESIAN_POINT('',(-0.000567741719707941,0.0013,-0.00460199394000853));
#7416=CARTESIAN_POINT('',(0.0013174119211349,0.0013,-0.000794307514719593));
#7417=CARTESIAN_POINT('',(0.00137514671522594,0.0013,-0.00135380839435169));
#7418=CARTESIAN_POINT('',(0.00143776605099594,0.0013,-0.00196064477433503));
#7419=CARTESIAN_POINT('',(0.00143841173234643,0.0013,-0.00197713922896197));
#7420=CARTESIAN_POINT('',(0.00143933650630386,0.0013,-0.00199321897607373));
#7421=CARTESIAN_POINT('',(0.00143990426895718,0.0013,-0.00201223085707815));
#7422=CARTESIAN_POINT('',(0.0014402345261664,0.0013,-0.002037827203337));
#7423=CARTESIAN_POINT('',(0.0014399849172589,0.0013,-0.00206876417393966));
#7424=CARTESIAN_POINT('',(0.0014389671422365,0.0013,-0.00210542034934831));
#7425=CARTESIAN_POINT('',(0.0014369446802418,0.0013,-0.00214765298451044));
#7426=CARTESIAN_POINT('',(0.00143369652602402,0.0013,-0.00219547086258128));
#7427=CARTESIAN_POINT('',(0.00142899794327369,0.0013,-0.00224882860447036));
#7428=CARTESIAN_POINT('',(0.0014226264569358,0.0013,-0.0023076882200757));
#7429=CARTESIAN_POINT('',(0.00141436031425307,0.0013,-0.00237200093771516));
#7430=CARTESIAN_POINT('',(0.00140397916370039,0.0013,-0.00244171252948658));
#7431=CARTESIAN_POINT('',(0.00139126408732748,0.0013,-0.0025167618044206));
#7432=CARTESIAN_POINT('',(0.00137599781906524,0.0013,-0.00259708108459423));
#7433=CARTESIAN_POINT('',(0.00135796490859795,0.0013,-0.00268259611976142));
#7434=CARTESIAN_POINT('',(0.00133695189950444,0.0013,-0.00277322616875069));
#7435=CARTESIAN_POINT('',(0.00131274750190874,0.0013,-0.00286888403966441));
#7436=CARTESIAN_POINT('',(0.00128514276518325,0.0013,-0.00296947614760066));
#7437=CARTESIAN_POINT('',(0.00125393124866648,0.0013,-0.00307490257319203));
#7438=CARTESIAN_POINT('',(0.00121890919212179,0.0013,-0.0031850571263906));
#7439=CARTESIAN_POINT('',(0.00117987568032303,0.0013,-0.00329982741479931));
#7440=CARTESIAN_POINT('',(0.00113663282253938,0.0013,-0.00341909491423899));
#7441=CARTESIAN_POINT('',(0.00108898586630459,0.0013,-0.00354273505153194));
#7442=CARTESIAN_POINT('',(0.00103674355588247,0.0013,-0.00367061726039154));
#7443=CARTESIAN_POINT('',(0.00097971753933029,0.0013,-0.00380260516092324));
#7444=CARTESIAN_POINT('',(0.000917725424852611,0.0013,-0.00393855628350329));
#7445=CARTESIAN_POINT('',(0.000850579808749962,0.0013,-0.00407832356238454));
#7446=CARTESIAN_POINT('',(0.00077813112353655,0.0013,-0.00422175005763085));
#7447=CARTESIAN_POINT('',(0.000700104157965542,0.0013,-0.00436868965490405));
#7448=CARTESIAN_POINT('',(0.000629545236134951,0.0013,-0.00449582752535949));
#7449=CARTESIAN_POINT('',(0.000584093370049121,0.0013,-0.00457405348007458));
#7450=CARTESIAN_POINT('',(0.000567741719707948,0.0013,-0.00460199394000853));
#7451=CARTESIAN_POINT('',(0.00138453475459542,0.0013,-0.00144532470873524));
#7452=CARTESIAN_POINT('',(0.00205181690442983,0.0013,-0.00137665874538783));
#7453=CARTESIAN_POINT('',(0.00195051986249282,0.0013,-0.000713545337813475));
#7454=CARTESIAN_POINT('',(-5.20417042793042E-18,0.0013,0.012055));
#7455=CARTESIAN_POINT('',(0.0135356463694365,0.0043,0.0130358062222971));
#7456=CARTESIAN_POINT('',(0.0135356463694365,0.0013,0.0130358062222971));
#7457=CARTESIAN_POINT('',(0.0136654163574053,0.0043,0.0130451645252176));
#7458=CARTESIAN_POINT('',(0.0136654163574053,0.0013,0.0130451645252176));
#7459=CARTESIAN_POINT('',(0.0138956612311644,0.0043,0.0130618384098116));
#7460=CARTESIAN_POINT('',(0.0138956612311644,0.0013,0.0130618384098116));
#7461=CARTESIAN_POINT('',(0.0140812440625769,0.0043,0.01307554359545));
#7462=CARTESIAN_POINT('',(0.0140812440625769,0.0013,0.01307554359545));
#7463=CARTESIAN_POINT('',(0.0140787491960269,0.0043,0.0130763430589795));
#7464=CARTESIAN_POINT('',(0.0140787491960269,0.0013,0.0130763430589795));
#7465=CARTESIAN_POINT('',(0.0141514222874699,0.0043,0.0130869371507201));
#7466=CARTESIAN_POINT('',(0.0141514222874699,0.0013,0.0130869371507201));
#7467=CARTESIAN_POINT('',(0.0142413779127231,0.0043,0.0131064911178667));
#7468=CARTESIAN_POINT('',(0.0142413779127231,0.0013,0.0131064911178667));
#7469=CARTESIAN_POINT('',(0.0144210854613214,0.0043,0.0131543549833898));
#7470=CARTESIAN_POINT('',(0.0144210854613214,0.0013,0.0131543549833898));
#7471=CARTESIAN_POINT('',(0.0146750321265869,0.0043,0.013242118593007));
#7472=CARTESIAN_POINT('',(0.0146750321265869,0.0013,0.013242118593007));
#7473=CARTESIAN_POINT('',(0.0150131302808066,0.0043,0.0133904838688093));
#7474=CARTESIAN_POINT('',(0.0150131302808066,0.0013,0.0133904838688093));
#7475=CARTESIAN_POINT('',(0.0153715191500223,0.0043,0.0135800859360499));
#7476=CARTESIAN_POINT('',(0.0153715191500223,0.0013,0.0135800859360499));
#7477=CARTESIAN_POINT('',(0.0158668133843608,0.0043,0.0138859921492529));
#7478=CARTESIAN_POINT('',(0.0158668133843608,0.0013,0.0138859921492529));
#7479=CARTESIAN_POINT('',(0.0162488339906953,0.0043,0.014172909463158));
#7480=CARTESIAN_POINT('',(0.0162488339906953,0.0013,0.014172909463158));
#7481=CARTESIAN_POINT('',(0.0165025240890105,0.0043,0.0143883401958147));
#7482=CARTESIAN_POINT('',(0.0165025240890105,0.0013,0.0143883401958147));
#7483=CARTESIAN_POINT('',(0.0128828638406756,0.0043,0.0129888613603687));
#7484=CARTESIAN_POINT('',(0.0134438901865364,0.0043,0.0130291599956804));
#7485=CARTESIAN_POINT('',(0.014052381091897,0.0043,0.0130728680198518));
#7486=CARTESIAN_POINT('',(0.0140687370800852,0.0043,0.0130750963798394));
#7487=CARTESIAN_POINT('',(0.0140847331250198,0.0043,0.0130769778740596));
#7488=CARTESIAN_POINT('',(0.0141035547637824,0.0043,0.0130797201154872));
#7489=CARTESIAN_POINT('',(0.0141288195925894,0.0043,0.0130838396345099));
#7490=CARTESIAN_POINT('',(0.0141592432169617,0.0043,0.0130894575998649));
#7491=CARTESIAN_POINT('',(0.014195165767922,0.0043,0.0130968251906577));
#7492=CARTESIAN_POINT('',(0.01423640559762,0.0043,0.0131061505470443));
#7493=CARTESIAN_POINT('',(0.0142829329786161,0.0043,0.0131176528418878));
#7494=CARTESIAN_POINT('',(0.0143346641961795,0.0043,0.013131545517252));
#7495=CARTESIAN_POINT('',(0.0143915232049753,0.0043,0.0131480410713838));
#7496=CARTESIAN_POINT('',(0.0144534234673108,0.0043,0.0131673494190041));
#7497=CARTESIAN_POINT('',(0.0145202733154865,0.0043,0.013189678147427));
#7498=CARTESIAN_POINT('',(0.0145919744734584,0.0043,0.0132152322230467));
#7499=CARTESIAN_POINT('',(0.0146684225636263,0.0043,0.0132442138590246));
#7500=CARTESIAN_POINT('',(0.0147495070512173,0.0043,0.013276822339082));
#7501=CARTESIAN_POINT('',(0.0148351113553815,0.0043,0.0133132538562003));
#7502=CARTESIAN_POINT('',(0.0149251129187599,0.0043,0.0133537013495732));
#7503=CARTESIAN_POINT('',(0.01501938329432,0.0043,0.0133983543445511));
#7504=CARTESIAN_POINT('',(0.0151177882326494,0.0043,0.013447398794682));
#7505=CARTESIAN_POINT('',(0.0152201877743719,0.0043,0.0135010169249183));
#7506=CARTESIAN_POINT('',(0.0153264363460204,0.0043,0.0135593870813974));
#7507=CARTESIAN_POINT('',(0.0154363828606997,0.0043,0.0136226835669378));
#7508=CARTESIAN_POINT('',(0.0155498708193677,0.0043,0.0136910765433726));
#7509=CARTESIAN_POINT('',(0.0156667384281231,0.0043,0.0137647316882361));
#7510=CARTESIAN_POINT('',(0.0157868186720167,0.0043,0.0138438108098615));
#7511=CARTESIAN_POINT('',(0.0159099395738554,0.0043,0.0139284687895126));
#7512=CARTESIAN_POINT('',(0.0160359237598405,0.0043,0.0140188646461064));
#7513=CARTESIAN_POINT('',(0.0161645907021848,0.0043,0.0141151184225288));
#7514=CARTESIAN_POINT('',(0.0162957487164236,0.0043,0.0142174757764608));
#7515=CARTESIAN_POINT('',(0.0164087026487556,0.0043,0.0143090400092407));
#7516=CARTESIAN_POINT('',(0.0164778475417285,0.0043,0.0143673851538335));
#7517=CARTESIAN_POINT('',(0.0165025240890105,0.0043,0.0143883401958147));
#7518=CARTESIAN_POINT('',(0.0135356463783968,0.0043,0.0130358062229433));
#7519=CARTESIAN_POINT('',(0.013535646378397,0.0043,0.0130358062229433));
#7520=CARTESIAN_POINT('',(0.0135356463694365,0.0043,0.0110741937777029));
#7521=CARTESIAN_POINT('',(0.0135356463694365,0.0013,0.0110741937777029));
#7522=CARTESIAN_POINT('',(0.0136654163574052,0.0043,0.0110648354747824));
#7523=CARTESIAN_POINT('',(0.0136654163574052,0.0013,0.0110648354747824));
#7524=CARTESIAN_POINT('',(0.0138956612311644,0.0043,0.0110481615901884));
#7525=CARTESIAN_POINT('',(0.0138956612311644,0.0013,0.0110481615901884));
#7526=CARTESIAN_POINT('',(0.0140812440625769,0.0043,0.01103445640455));
#7527=CARTESIAN_POINT('',(0.0140812440625769,0.0013,0.01103445640455));
#7528=CARTESIAN_POINT('',(0.0140787491960268,0.0043,0.0110336569410204));
#7529=CARTESIAN_POINT('',(0.0140787491960268,0.0013,0.0110336569410204));
#7530=CARTESIAN_POINT('',(0.0141514222874699,0.0043,0.01102306284928));
#7531=CARTESIAN_POINT('',(0.0141514222874699,0.0013,0.01102306284928));
#7532=CARTESIAN_POINT('',(0.0142413779127231,0.0043,0.0110035088821333));
#7533=CARTESIAN_POINT('',(0.0142413779127231,0.0013,0.0110035088821333));
#7534=CARTESIAN_POINT('',(0.0144210854613214,0.0043,0.0109556450166102));
#7535=CARTESIAN_POINT('',(0.0144210854613214,0.0013,0.0109556450166102));
#7536=CARTESIAN_POINT('',(0.0146750321265869,0.0043,0.010867881406993));
#7537=CARTESIAN_POINT('',(0.0146750321265869,0.0013,0.010867881406993));
#7538=CARTESIAN_POINT('',(0.0150131302808066,0.0043,0.0107195161311907));
#7539=CARTESIAN_POINT('',(0.0150131302808066,0.0013,0.0107195161311907));
#7540=CARTESIAN_POINT('',(0.0153715191500223,0.0043,0.0105299140639501));
#7541=CARTESIAN_POINT('',(0.0153715191500223,0.0013,0.0105299140639501));
#7542=CARTESIAN_POINT('',(0.0158668133843608,0.0043,0.0102240078507471));
#7543=CARTESIAN_POINT('',(0.0158668133843608,0.0013,0.0102240078507471));
#7544=CARTESIAN_POINT('',(0.0162488339906953,0.0043,0.009937090536842));
#7545=CARTESIAN_POINT('',(0.0162488339906953,0.0013,0.009937090536842));
#7546=CARTESIAN_POINT('',(0.0165025240890105,0.0043,0.00972165980418528));
#7547=CARTESIAN_POINT('',(0.0165025240890105,0.0013,0.00972165980418528));
#7548=CARTESIAN_POINT('',(0.0128828638406756,0.0043,0.0111211386396313));
#7549=CARTESIAN_POINT('',(0.0134438901865364,0.0043,0.0110808400043196));
#7550=CARTESIAN_POINT('',(0.014052381091897,0.0043,0.0110371319801482));
#7551=CARTESIAN_POINT('',(0.0140687370800852,0.0043,0.0110349036201606));
#7552=CARTESIAN_POINT('',(0.0140847331250198,0.0043,0.0110330221259403));
#7553=CARTESIAN_POINT('',(0.0141035547637824,0.0043,0.0110302798845128));
#7554=CARTESIAN_POINT('',(0.0141288195925894,0.0043,0.0110261603654901));
#7555=CARTESIAN_POINT('',(0.0141592432169617,0.0043,0.0110205424001351));
#7556=CARTESIAN_POINT('',(0.014195165767922,0.0043,0.0110131748093423));
#7557=CARTESIAN_POINT('',(0.01423640559762,0.0043,0.0110038494529557));
#7558=CARTESIAN_POINT('',(0.0142829329786161,0.0043,0.0109923471581122));
#7559=CARTESIAN_POINT('',(0.0143346641961795,0.0043,0.010978454482748));
#7560=CARTESIAN_POINT('',(0.0143915232049753,0.0043,0.0109619589286162));
#7561=CARTESIAN_POINT('',(0.0144534234673108,0.0043,0.0109426505809959));
#7562=CARTESIAN_POINT('',(0.0145202733154865,0.0043,0.010920321852573));
#7563=CARTESIAN_POINT('',(0.0145919744734584,0.0043,0.0108947677769533));
#7564=CARTESIAN_POINT('',(0.0146684225636263,0.0043,0.0108657861409754));
#7565=CARTESIAN_POINT('',(0.0147495070512173,0.0043,0.010833177660918));
#7566=CARTESIAN_POINT('',(0.0148351113553815,0.0043,0.0107967461437997));
#7567=CARTESIAN_POINT('',(0.0149251129187599,0.0043,0.0107562986504268));
#7568=CARTESIAN_POINT('',(0.01501938329432,0.0043,0.0107116456554489));
#7569=CARTESIAN_POINT('',(0.0151177882326494,0.0043,0.010662601205318));
#7570=CARTESIAN_POINT('',(0.0152201877743719,0.0043,0.0106089830750817));
#7571=CARTESIAN_POINT('',(0.0153264363460204,0.0043,0.0105506129186025));
#7572=CARTESIAN_POINT('',(0.0154363828606997,0.0043,0.0104873164330622));
#7573=CARTESIAN_POINT('',(0.0155498708193677,0.0043,0.0104189234566273));
#7574=CARTESIAN_POINT('',(0.0156667384281231,0.0043,0.0103452683117639));
#7575=CARTESIAN_POINT('',(0.0157868186720167,0.0043,0.0102661891901385));
#7576=CARTESIAN_POINT('',(0.0159099395738554,0.0043,0.0101815312104874));
#7577=CARTESIAN_POINT('',(0.0160359237598405,0.0043,0.0100911353538936));
#7578=CARTESIAN_POINT('',(0.0161645907021848,0.0043,0.00999488157747119));
#7579=CARTESIAN_POINT('',(0.0162957487164236,0.0043,0.00989252422353924));
#7580=CARTESIAN_POINT('',(0.0164087026487556,0.0043,0.00980095999075925));
#7581=CARTESIAN_POINT('',(0.0164778475417285,0.0043,0.00974261484616652));
#7582=CARTESIAN_POINT('',(0.0165025240890105,0.0043,0.00972165980418528));
#7583=CARTESIAN_POINT('',(0.0135356463783968,0.0043,0.0110741937770567));
#7584=CARTESIAN_POINT('',(0.013535646378397,0.0013,0.0110741937770567));
#7585=CARTESIAN_POINT('',(3.12250225675825E-17,0.0043,0.012055));
#7586=CARTESIAN_POINT('',(0.0129132666629916,0.0043,0.0117586524536183));
#7587=CARTESIAN_POINT('',(0.0129132666629916,0.0043,0.0117586524536183));
#7588=CARTESIAN_POINT('',(3.12250225675825E-17,0.0043,0.012055));
#7589=CARTESIAN_POINT('',(0.0129132666629916,0.0043,0.0123513475463817));
#7590=CARTESIAN_POINT('',(0.0129132666629916,0.0043,0.0123513475463817));
#7591=CARTESIAN_POINT('',(0.0135838959346326,0.0028,0.0123667378689367));
#7592=CARTESIAN_POINT('',(0.0135838959346326,0.0043,0.0123667378689367));
#7593=CARTESIAN_POINT('',(0.0135838959346326,0.0028,0.0117432621310633));
#7594=CARTESIAN_POINT('',(0.0135838959346326,0.0043,0.0117432621310633));
#7595=CARTESIAN_POINT('',(0.0123838915262023,0.0043,0.0176061200807937));
#7596=CARTESIAN_POINT('',(0.0123838915262023,0.0013,0.0176061200807937));
#7597=CARTESIAN_POINT('',(0.0125026346981899,0.0043,0.0176592979588757));
#7598=CARTESIAN_POINT('',(0.0125026346981899,0.0013,0.0176592979588757));
#7599=CARTESIAN_POINT('',(0.0127132913026365,0.0043,0.0177537146699116));
#7600=CARTESIAN_POINT('',(0.0127132913026365,0.00130000000000001,0.0177537146699116));
#7601=CARTESIAN_POINT('',(0.012882994670303,0.0043,0.0178300663983209));
#7602=CARTESIAN_POINT('',(0.012882994670303,0.0013,0.0178300663983209));
#7603=CARTESIAN_POINT('',(0.0128803768299851,0.0043,0.0178299643536853));
#7604=CARTESIAN_POINT('',(0.0128803768299851,0.00130000000000001,0.0178299643536853));
#7605=CARTESIAN_POINT('',(0.0129450438049683,0.0043,0.017864775204669));
#7606=CARTESIAN_POINT('',(0.0129450438049683,0.0013,0.017864775204669));
#7607=CARTESIAN_POINT('',(0.0130228865915709,0.0043,0.0179139165591458));
#7608=CARTESIAN_POINT('',(0.0130228865915709,0.0013,0.0179139165591458));
#7609=CARTESIAN_POINT('',(0.0131753860427419,0.0043,0.0180203574819085));
#7610=CARTESIAN_POINT('',(0.0131753860427419,0.0013,0.0180203574819085));
#7611=CARTESIAN_POINT('',(0.013384000927825,0.0043,0.0181896831730904));
#7612=CARTESIAN_POINT('',(0.013384000927825,0.0013,0.0181896831730904));
#7613=CARTESIAN_POINT('',(0.0136509653555521,0.0043,0.0184447373071071));
#7614=CARTESIAN_POINT('',(0.0136509653555521,0.0013,0.0184447373071071));
#7615=CARTESIAN_POINT('',(0.0139228930051135,0.0043,0.0187454811829943));
#7616=CARTESIAN_POINT('',(0.0139228930051135,0.00130000000000001,0.0187454811829943));
#7617=CARTESIAN_POINT('',(0.0142836912553553,0.0043,0.0192023395992105));
#7618=CARTESIAN_POINT('',(0.0142836912553553,0.0013,0.0192023395992105));
#7619=CARTESIAN_POINT('',(0.0145445416992916,0.0043,0.0196026124243952));
#7620=CARTESIAN_POINT('',(0.0145445416992916,0.0013,0.0196026124243952));
#7621=CARTESIAN_POINT('',(0.0147092507625848,0.0043,0.0198918182179489));
#7622=CARTESIAN_POINT('',(0.0147092507625848,0.0013,0.0198918182179489));
#7623=CARTESIAN_POINT('',(0.0117865326893529,0.0043,0.0173387415664085));
#7624=CARTESIAN_POINT('',(0.0122999420615996,0.0043,0.0175684922078594));
#7625=CARTESIAN_POINT('',(0.0128567874504907,0.0043,0.0178176804623062));
#7626=CARTESIAN_POINT('',(0.0128713949078945,0.0043,0.0178253685131674));
#7627=CARTESIAN_POINT('',(0.0128857827643584,0.0043,0.0178326075089834));
#7628=CARTESIAN_POINT('',(0.0129025314176086,0.0043,0.0178416217526045));
#7629=CARTESIAN_POINT('',(0.0129248636323174,0.0043,0.017854133914601));
#7630=CARTESIAN_POINT('',(0.0129515310303217,0.0043,0.0178698185675572));
#7631=CARTESIAN_POINT('',(0.01298276732192,0.0043,0.0178890280742862));
#7632=CARTESIAN_POINT('',(0.0130183306258418,0.0043,0.0179118958953329));
#7633=CARTESIAN_POINT('',(0.0130581180458973,0.0043,0.0179386178184364));
#7634=CARTESIAN_POINT('',(0.0131019779144867,0.0043,0.0179693657814044));
#7635=CARTESIAN_POINT('',(0.0131497660936889,0.0043,0.0180043134582356));
#7636=CARTESIAN_POINT('',(0.0132013294696098,0.0043,0.0180436285066099));
#7637=CARTESIAN_POINT('',(0.0132565109037457,0.0043,0.0180874746425947));
#7638=CARTESIAN_POINT('',(0.0133151479441877,0.0043,0.0181360108592117));
#7639=CARTESIAN_POINT('',(0.0133770733471007,0.0043,0.0181893914754346));
#7640=CARTESIAN_POINT('',(0.0134421150847273,0.0043,0.0182477659515871));
#7641=CARTESIAN_POINT('',(0.0135100965049515,0.0043,0.0183112787757667));
#7642=CARTESIAN_POINT('',(0.0135808364524369,0.0043,0.0183800693344247));
#7643=CARTESIAN_POINT('',(0.0136541494049672,0.0043,0.0184542717916619));
#7644=CARTESIAN_POINT('',(0.0137298456095011,0.0043,0.0185340149706517));
#7645=CARTESIAN_POINT('',(0.0138077312226412,0.0043,0.0186194222379114));
#7646=CARTESIAN_POINT('',(0.0138876084521034,0.0043,0.0187106113949324));
#7647=CARTESIAN_POINT('',(0.0139692757075722,0.0043,0.0188076945580252));
#7648=CARTESIAN_POINT('',(0.0140525277292779,0.0043,0.018910778101184));
#7649=CARTESIAN_POINT('',(0.0141371558156313,0.0043,0.0190199623735917));
#7650=CARTESIAN_POINT('',(0.0142229476822079,0.0043,0.0191353423028684));
#7651=CARTESIAN_POINT('',(0.0143096887507964,0.0043,0.0192570046101304));
#7652=CARTESIAN_POINT('',(0.014397157956874,0.0043,0.0193850380588687));
#7653=CARTESIAN_POINT('',(0.0144851446027264,0.0043,0.0195194937083575));
#7654=CARTESIAN_POINT('',(0.0145733845440014,0.0043,0.0196605368413587));
#7655=CARTESIAN_POINT('',(0.0146482097086835,0.0043,0.0197852115953554));
#7656=CARTESIAN_POINT('',(0.0146932294396592,0.0043,0.0198636870433927));
#7657=CARTESIAN_POINT('',(0.0147092507625848,0.0043,0.0198918182179489));
#7658=CARTESIAN_POINT('',(0.0123838915344012,0.0043,0.0176061200844655));
#7659=CARTESIAN_POINT('',(0.0123838915344014,0.0043,0.0176061200844656));
#7660=CARTESIAN_POINT('',(0.0130548024956518,0.0043,0.0157628073417667));
#7661=CARTESIAN_POINT('',(0.0130548024956518,0.0013,0.0157628073417667));
#7662=CARTESIAN_POINT('',(0.0131799471238517,0.0043,0.0157983973634537));
#7663=CARTESIAN_POINT('',(0.0131799471238517,0.0013,0.0157983973634537));
#7664=CARTESIAN_POINT('',(0.0134020093370955,0.0043,0.015861477421864));
#7665=CARTESIAN_POINT('',(0.0134020093370955,0.0013,0.015861477421864));
#7666=CARTESIAN_POINT('',(0.0135810876038748,0.0043,0.0159120718266516));
#7667=CARTESIAN_POINT('',(0.0135810876038748,0.0013,0.0159120718266516));
#7668=CARTESIAN_POINT('',(0.0135790166288189,0.0043,0.0159104672820573));
#7669=CARTESIAN_POINT('',(0.0135790166288189,0.0013,0.0159104672820573));
#7670=CARTESIAN_POINT('',(0.0136509303893531,0.0043,0.0159253677533761));
#7671=CARTESIAN_POINT('',(0.0136509303893531,0.0013,0.0159253677533761));
#7672=CARTESIAN_POINT('',(0.0137421488772477,0.0043,0.0159377596705833));
#7673=CARTESIAN_POINT('',(0.0137421488772477,0.00129999999999999,0.0159377596705833));
#7674=CARTESIAN_POINT('',(0.0139273891407115,0.0043,0.0159542459508773));
#7675=CARTESIAN_POINT('',(0.0139273891407115,0.0013,0.0159542459508773));
#7676=CARTESIAN_POINT('',(0.0141960378704746,0.0043,0.0159586300093976));
#7677=CARTESIAN_POINT('',(0.0141960378704746,0.0013,0.0159586300093976));
#7678=CARTESIAN_POINT('',(0.0145644901239907,0.0043,0.0159348486337097));
#7679=CARTESIAN_POINT('',(0.0145644901239907,0.00129999999999999,0.0159348486337097));
#7680=CARTESIAN_POINT('',(0.014966113225977,0.0043,0.0158792571826535));
#7681=CARTESIAN_POINT('',(0.014966113225977,0.0013,0.0158792571826535));
#7682=CARTESIAN_POINT('',(0.0155361636499867,0.0043,0.0157611999764708));
#7683=CARTESIAN_POINT('',(0.0155361636499867,0.0013,0.0157611999764708));
#7684=CARTESIAN_POINT('',(0.0159932770955715,0.0043,0.0156222446363507));
#7685=CARTESIAN_POINT('',(0.0159932770955715,0.0013,0.0156222446363507));
#7686=CARTESIAN_POINT('',(0.016305349458985,0.0043,0.0155065730903684));
#7687=CARTESIAN_POINT('',(0.016305349458985,0.0013,0.0155065730903684));
#7688=CARTESIAN_POINT('',(0.0124253314819921,0.0043,0.0155836563080574));
#7689=CARTESIAN_POINT('',(0.0129663067442891,0.0043,0.015737670289048));
#7690=CARTESIAN_POINT('',(0.0135530501825633,0.0043,0.0159047143279288));
#7691=CARTESIAN_POINT('',(0.0135691819279718,0.0043,0.0159082144319164));
#7692=CARTESIAN_POINT('',(0.0135848568022815,0.0043,0.0159119173752627));
#7693=CARTESIAN_POINT('',(0.0136034812591439,0.0043,0.015915777890816));
#7694=CARTESIAN_POINT('',(0.0136286313908258,0.0043,0.015920547889559));
#7695=CARTESIAN_POINT('',(0.013659141703462,0.0043,0.0159256742213393));
#7696=CARTESIAN_POINT('',(0.0136954177239781,0.0043,0.0159310371866664));
#7697=CARTESIAN_POINT('',(0.0137373599473557,0.0043,0.0159363790705478));
#7698=CARTESIAN_POINT('',(0.0137850154004731,0.0043,0.0159414837504781));
#7699=CARTESIAN_POINT('',(0.0138383784187009,0.0043,0.0159461220244008));
#7700=CARTESIAN_POINT('',(0.01389745022148,0.0043,0.0159500682002451));
#7701=CARTESIAN_POINT('',(0.0139622212850418,0.0043,0.0159530954250626));
#7702=CARTESIAN_POINT('',(0.0140326764689687,0.0043,0.0159549772783865));
#7703=CARTESIAN_POINT('',(0.0141087935266227,0.0043,0.0159554875424218));
#7704=CARTESIAN_POINT('',(0.0141905435361176,0.0043,0.0159544004997112));
#7705=CARTESIAN_POINT('',(0.01427789078779,0.0043,0.0159514910796936));
#7706=CARTESIAN_POINT('',(0.0143707928334269,0.0043,0.015946535048273));
#7707=CARTESIAN_POINT('',(0.0144692004958734,0.0043,0.0159393091848275));
#7708=CARTESIAN_POINT('',(0.0145730578958882,0.0043,0.0159295914623112));
#7709=CARTESIAN_POINT('',(0.0146823024801483,0.0043,0.015917161225544));
#7710=CARTESIAN_POINT('',(0.014796865054465,0.0043,0.015901799370157));
#7711=CARTESIAN_POINT('',(0.0149166698224971,0.0043,0.0158832885165428));
#7712=CARTESIAN_POINT('',(0.015041634424079,0.0043,0.0158614131988676));
#7713=CARTESIAN_POINT('',(0.0151716699969901,0.0043,0.0158359599914876));
#7714=CARTESIAN_POINT('',(0.0153066811697493,0.0043,0.0158067178716731));
#7715=CARTESIAN_POINT('',(0.0154465663413506,0.0043,0.0157734776668506));
#7716=CARTESIAN_POINT('',(0.0155912168786069,0.0043,0.0157360350165751));
#7717=CARTESIAN_POINT('',(0.0157405204923411,0.0043,0.0156941798265316));
#7718=CARTESIAN_POINT('',(0.0158943485990087,0.0043,0.0156477375491666));
#7719=CARTESIAN_POINT('',(0.0160526050940082,0.0043,0.0155964117818218));
#7720=CARTESIAN_POINT('',(0.0161900638827282,0.0043,0.015549002068076));
#7721=CARTESIAN_POINT('',(0.0162749940431357,0.0043,0.0155178245124483));
#7722=CARTESIAN_POINT('',(0.016305349458985,0.0043,0.0155065730903684));
#7723=CARTESIAN_POINT('',(0.0130548025042927,0.0043,0.0157628073442241));
#7724=CARTESIAN_POINT('',(0.0130548025042929,0.0013,0.0157628073442242));
#7725=CARTESIAN_POINT('',(3.29597460435593E-17,0.0043,0.012055));
#7726=CARTESIAN_POINT('',(0.0122358582237416,0.0043,0.0161931217123562));
#7727=CARTESIAN_POINT('',(0.0122358582237416,0.0043,0.0161931217123562));
#7728=CARTESIAN_POINT('',(3.29597460435593E-17,0.0043,0.012055));
#7729=CARTESIAN_POINT('',(0.0120331445631663,0.0043,0.0167500729174019));
#7730=CARTESIAN_POINT('',(0.0120331445631663,0.0043,0.0167500729174019));
#7731=CARTESIAN_POINT('',(0.0126580661406842,0.0028,0.0169939038095434));
#7732=CARTESIAN_POINT('',(0.0126580661406842,0.0043,0.0169939038095434));
#7733=CARTESIAN_POINT('',(0.0128713074019117,0.0028,0.0164080282594247));
#7734=CARTESIAN_POINT('',(0.0128713074019117,0.0043,0.0164080282594247));
#7735=CARTESIAN_POINT('',(0.0059184200800191,0.0043,0.0242676167237232));
#7736=CARTESIAN_POINT('',(0.0059184200800191,0.0013,0.0242676167237232));
#7737=CARTESIAN_POINT('',(0.00597520054593803,0.0043,0.0243846799814132));
#7738=CARTESIAN_POINT('',(0.00597520054593803,0.0013,0.0243846799814132));
#7739=CARTESIAN_POINT('',(0.00607588297517943,0.0043,0.0245924148334767));
#7740=CARTESIAN_POINT('',(0.00607588297517943,0.0013,0.0245924148334767));
#7741=CARTESIAN_POINT('',(0.00615680535195927,0.0043,0.0247599868728054));
#7742=CARTESIAN_POINT('',(0.00615680535195927,0.0013,0.0247599868728054));
#7743=CARTESIAN_POINT('',(0.00615486556295823,0.0043,0.0247582259867588));
#7744=CARTESIAN_POINT('',(0.00615486556295823,0.0013,0.0247582259867588));
#7745=CARTESIAN_POINT('',(0.00618202735610247,0.0043,0.0248264597759903));
#7746=CARTESIAN_POINT('',(0.00618202735610247,0.0013,0.0248264597759903));
#7747=CARTESIAN_POINT('',(0.00621007093643531,0.0043,0.0249141406162461));
#7748=CARTESIAN_POINT('',(0.00621007093643531,0.0013,0.0249141406162461));
#7749=CARTESIAN_POINT('',(0.00625847338726813,0.0043,0.0250937038513457));
#7750=CARTESIAN_POINT('',(0.00625847338726813,0.0013,0.0250937038513457));
#7751=CARTESIAN_POINT('',(0.00630944120444458,0.0043,0.0253575099194805));
#7752=CARTESIAN_POINT('',(0.00630944120444458,0.0013,0.0253575099194805));
#7753=CARTESIAN_POINT('',(0.00635000218367012,0.0043,0.0257244941479085));
#7754=CARTESIAN_POINT('',(0.00635000218367012,0.0013,0.0257244941479085));
#7755=CARTESIAN_POINT('',(0.00636499641143759,0.0043,0.0261296690467032));
#7756=CARTESIAN_POINT('',(0.00636499641143759,0.0013,0.0261296690467032));
#7757=CARTESIAN_POINT('',(0.00634772097679753,0.0043,0.0267115595425899));
#7758=CARTESIAN_POINT('',(0.00634772097679753,0.0013,0.0267115595425899));
#7759=CARTESIAN_POINT('',(0.00629025359733743,0.0043,0.0271858577493973));
#7760=CARTESIAN_POINT('',(0.00629025359733743,0.0013,0.0271858577493973));
#7761=CARTESIAN_POINT('',(0.00623053015925837,0.0043,0.0275132751855552));
#7762=CARTESIAN_POINT('',(0.00623053015925837,0.0013,0.0275132751855552));
#7763=CARTESIAN_POINT('',(0.00563268425864584,0.0043,0.0236788180397054));
#7764=CARTESIAN_POINT('',(0.0058782977896584,0.0043,0.0241848304250691));
#7765=CARTESIAN_POINT('',(0.00614469098305711,0.0043,0.0247336530191688));
#7766=CARTESIAN_POINT('',(0.00615093916079313,0.0043,0.0247489319004376));
#7767=CARTESIAN_POINT('',(0.00615730776146862,0.0043,0.0247637256288212));
#7768=CARTESIAN_POINT('',(0.00616434373011033,0.0043,0.0247813967668442));
#7769=CARTESIAN_POINT('',(0.00617340853638886,0.0043,0.0248053365099247));
#7770=CARTESIAN_POINT('',(0.00618375504785998,0.0043,0.0248344931241838));
#7771=CARTESIAN_POINT('',(0.00619533580254885,0.0043,0.0248692867612805));
#7772=CARTESIAN_POINT('',(0.00620787972186779,0.0043,0.0249096641796401));
#7773=CARTESIAN_POINT('',(0.00622118213282948,0.0043,0.0249557092209759));
#7774=CARTESIAN_POINT('',(0.00623501633181929,0.0043,0.0250074561072366));
#7775=CARTESIAN_POINT('',(0.00624916026728956,0.0043,0.0250649452303538));
#7776=CARTESIAN_POINT('',(0.00626338887891295,0.0043,0.0251282066038474));
#7777=CARTESIAN_POINT('',(0.00627747655695245,0.0043,0.0251972646348181));
#7778=CARTESIAN_POINT('',(0.00629119665728151,0.0043,0.0252721366969124));
#7779=CARTESIAN_POINT('',(0.00630432186936535,0.0043,0.0253528335030575));
#7780=CARTESIAN_POINT('',(0.00631662434105233,0.0043,0.025439358969193));
#7781=CARTESIAN_POINT('',(0.00632787587381157,0.0043,0.0255317102298315));
#7782=CARTESIAN_POINT('',(0.00633784809872046,0.0043,0.025629877616784));
#7783=CARTESIAN_POINT('',(0.00634631265849457,0.0043,0.0257338446543323));
#7784=CARTESIAN_POINT('',(0.0063530413879313,0.0043,0.0258435880558489));
#7785=CARTESIAN_POINT('',(0.00635780649590445,0.0043,0.0259590777254344));
#7786=CARTESIAN_POINT('',(0.00636038074339487,0.0043,0.0260802767658375));
#7787=CARTESIAN_POINT('',(0.00636053763628634,0.0043,0.0262071414833776));
#7788=CARTESIAN_POINT('',(0.00635805156058733,0.0043,0.0263396214268251));
#7789=CARTESIAN_POINT('',(0.00635269813839383,0.0043,0.0264776593173186));
#7790=CARTESIAN_POINT('',(0.00634425373210404,0.0043,0.0266211914198357));
#7791=CARTESIAN_POINT('',(0.00633249822201256,0.0043,0.0267701462383905));
#7792=CARTESIAN_POINT('',(0.00631720520679798,0.0043,0.0269244496722256));
#7793=CARTESIAN_POINT('',(0.00629818046237813,0.0043,0.0270840054011342));
#7794=CARTESIAN_POINT('',(0.00627511540072834,0.0043,0.027248770250341));
#7795=CARTESIAN_POINT('',(0.00625229541522881,0.0043,0.0273923733415878));
#7796=CARTESIAN_POINT('',(0.00623633948431045,0.0043,0.0274814271477406));
#7797=CARTESIAN_POINT('',(0.00623053015925837,0.0043,0.0275132751855552));
#7798=CARTESIAN_POINT('',(0.00591842008393964,0.0043,0.0242676167318061));
#7799=CARTESIAN_POINT('',(0.00591842008393973,0.0043,0.0242676167318063));
#7800=CARTESIAN_POINT('',(0.0076172262894174,0.0043,0.0232868105014261));
#7801=CARTESIAN_POINT('',(0.0076172262894174,0.0013,0.0232868105014261));
#7802=CARTESIAN_POINT('',(0.00769021581146723,0.0043,0.0233945154561956));
#7803=CARTESIAN_POINT('',(0.00769021581146723,0.0013,0.0233945154561956));
#7804=CARTESIAN_POINT('',(0.00781977825598495,0.0043,0.0235855764236651));
#7805=CARTESIAN_POINT('',(0.00781977825598495,0.0013,0.0235855764236651));
#7806=CARTESIAN_POINT('',(0.00792443871061766,0.0043,0.0237394432773554));
#7807=CARTESIAN_POINT('',(0.00792443871061766,0.0013,0.0237394432773554));
#7808=CARTESIAN_POINT('',(0.00792388363306863,0.0043,0.0237368829277792));
#7809=CARTESIAN_POINT('',(0.00792388363306863,0.0013,0.0237368829277792));
#7810=CARTESIAN_POINT('',(0.00796939493136745,0.0043,0.0237945226252702));
#7811=CARTESIAN_POINT('',(0.00796939493136745,0.0013,0.0237945226252702));
#7812=CARTESIAN_POINT('',(0.00803130697628778,0.0043,0.0238626494983794));
#7813=CARTESIAN_POINT('',(0.00803130697628778,0.0013,0.0238626494983794));
#7814=CARTESIAN_POINT('',(0.0081626120740533,0.0043,0.0239943488679559));
#7815=CARTESIAN_POINT('',(0.0081626120740533,0.0013,0.0239943488679559));
#7816=CARTESIAN_POINT('',(0.00836559092214232,0.0043,0.0241703913264735));
#7817=CARTESIAN_POINT('',(0.00836559092214232,0.0013,0.0241703913264735));
#7818=CARTESIAN_POINT('',(0.00866312809713645,0.0043,0.0243890102790992));
#7819=CARTESIAN_POINT('',(0.00866312809713645,0.0013,0.0243890102790992));
#7820=CARTESIAN_POINT('',(0.00900652273858472,0.0043,0.0246045831106533));
#7821=CARTESIAN_POINT('',(0.00900652273858472,0.0013,0.0246045831106533));
#7822=CARTESIAN_POINT('',(0.00951909240756328,0.0043,0.024880567393337));
#7823=CARTESIAN_POINT('',(0.00951909240756328,0.0013,0.024880567393337));
#7824=CARTESIAN_POINT('',(0.00995858039335807,0.0043,0.0250679482862394));
#7825=CARTESIAN_POINT('',(0.00995858039335807,0.0013,0.0250679482862394));
#7826=CARTESIAN_POINT('',(0.0102719939297522,0.0043,0.0251799349897404));
#7827=CARTESIAN_POINT('',(0.0102719939297522,0.0013,0.0251799349897404));
#7828=CARTESIAN_POINT('',(0.00725017958202981,0.0043,0.0227449566793367));
#7829=CARTESIAN_POINT('',(0.00756559239687798,0.0043,0.0232106704293886));
#7830=CARTESIAN_POINT('',(0.00790769010883989,0.0043,0.023715784999317));
#7831=CARTESIAN_POINT('',(0.00791779791929207,0.0043,0.0237288355205982));
#7832=CARTESIAN_POINT('',(0.00792742536355116,0.0043,0.0237417477547615));
#7833=CARTESIAN_POINT('',(0.00793921103367206,0.0043,0.0237566766513569));
#7834=CARTESIAN_POINT('',(0.00795541105620056,0.0043,0.0237764968754148));
#7835=CARTESIAN_POINT('',(0.00797548816910174,0.0043,0.0238000355243189));
#7836=CARTESIAN_POINT('',(0.00799982996537316,0.0043,0.0238274615706229));
#7837=CARTESIAN_POINT('',(0.00802852587575226,0.0043,0.0238585136325958));
#7838=CARTESIAN_POINT('',(0.00806175084578661,0.0043,0.0238930563790881));
#7839=CARTESIAN_POINT('',(0.0080996478643602,0.0043,0.0239309105899847));
#7840=CARTESIAN_POINT('',(0.00814236293768576,0.0043,0.02397190415897));
#7841=CARTESIAN_POINT('',(0.00819003458839781,0.0043,0.0240158571848432));
#7842=CARTESIAN_POINT('',(0.00824279675853407,0.0043,0.0240625864873911));
#7843=CARTESIAN_POINT('',(0.00830077781617692,0.0043,0.0241119044738657));
#7844=CARTESIAN_POINT('',(0.00836410069426093,0.0043,0.0241636196440329));
#7845=CARTESIAN_POINT('',(0.00843288271016503,0.0043,0.0242175366301109));
#7846=CARTESIAN_POINT('',(0.00850723548156991,0.0043,0.0242734563736312));
#7847=CARTESIAN_POINT('',(0.00858726482003947,0.0043,0.0243311762672108));
#7848=CARTESIAN_POINT('',(0.00867307063582547,0.0043,0.0243904903097812));
#7849=CARTESIAN_POINT('',(0.00876474684471813,0.0043,0.0244511892611669));
#7850=CARTESIAN_POINT('',(0.00886238127846738,0.0043,0.0245130608005162));
#7851=CARTESIAN_POINT('',(0.00896605560262551,0.0043,0.02457588968444));
#7852=CARTESIAN_POINT('',(0.00907584522441338,0.0043,0.0246394579164398));
#7853=CARTESIAN_POINT('',(0.00919181925878043,0.0043,0.0247035448834525));
#7854=CARTESIAN_POINT('',(0.00931404028972929,0.0043,0.0247679276290825));
#7855=CARTESIAN_POINT('',(0.00944256493991262,0.0043,0.0248323806099742));
#7856=CARTESIAN_POINT('',(0.00957744135184286,0.0043,0.0248966774488779));
#7857=CARTESIAN_POINT('',(0.00971871855304257,0.0043,0.0249605850261191));
#7858=CARTESIAN_POINT('',(0.00986641023980668,0.0043,0.0250238869786054));
#7859=CARTESIAN_POINT('',(0.0100206333156953,0.0043,0.0250862944738801));
#7860=CARTESIAN_POINT('',(0.0101564072335268,0.0043,0.025138333332347));
#7861=CARTESIAN_POINT('',(0.010241508057418,0.0043,0.0251690419939071));
#7862=CARTESIAN_POINT('',(0.0102719939297522,0.0043,0.0251799349897404));
#7863=CARTESIAN_POINT('',(0.00761722629445714,0.0043,0.0232868105088628));
#7864=CARTESIAN_POINT('',(0.00761722629445725,0.0013,0.0232868105088629));
#7865=CARTESIAN_POINT('',(2.60208521396521E-17,0.0043,0.012055));
#7866=CARTESIAN_POINT('',(0.00671327783501153,0.0043,0.0230900432028027));
#7867=CARTESIAN_POINT('',(0.00671327783501153,0.0043,0.0230900432028027));
#7868=CARTESIAN_POINT('',(2.60208521396521E-17,0.0043,0.012055));
#7869=CARTESIAN_POINT('',(0.00619998882798013,0.0043,0.0233863907491843));
#7870=CARTESIAN_POINT('',(0.00619998882798013,0.0043,0.0233863907491843));
#7871=CARTESIAN_POINT('',(0.00652197505349552,0.0028,0.0239748678962244));
#7872=CARTESIAN_POINT('',(0.00652197505349552,0.0043,0.0239748678962244));
#7873=CARTESIAN_POINT('',(0.0070619208811371,0.0028,0.0236631300272877));
#7874=CARTESIAN_POINT('',(0.0070619208811371,0.0043,0.0236631300272877));
#7875=CARTESIAN_POINT('',(0.00973845659813435,0.0043,0.0215068869317396));
#7876=CARTESIAN_POINT('',(0.00973845659813435,0.00129999999999999,0.0215068869317396));
#7877=CARTESIAN_POINT('',(0.00983185077513645,0.0043,0.0215974703480643));
#7878=CARTESIAN_POINT('',(0.00983185077513645,0.00129999999999999,0.0215974703480643));
#7879=CARTESIAN_POINT('',(0.0099975108148139,0.0043,0.021758241836749));
#7880=CARTESIAN_POINT('',(0.0099975108148139,0.00129999999999999,0.021758241836749));
#7881=CARTESIAN_POINT('',(0.010130865988039,0.0043,0.0218880309626517));
#7882=CARTESIAN_POINT('',(0.010130865988039,0.00129999999999999,0.0218880309626517));
#7883=CARTESIAN_POINT('',(0.0101284409241307,0.0043,0.0218870397179398));
#7884=CARTESIAN_POINT('',(0.0101284409241307,0.00129999999999999,0.0218870397179398));
#7885=CARTESIAN_POINT('',(0.0101773019910883,0.0043,0.0219418686257847));
#7886=CARTESIAN_POINT('',(0.0101773019910883,0.00129999999999999,0.0219418686257847));
#7887=CARTESIAN_POINT('',(0.0102336429501387,0.0043,0.0220146701949927));
#7888=CARTESIAN_POINT('',(0.0102336429501387,0.00129999999999999,0.0220146701949927));
#7889=CARTESIAN_POINT('',(0.010340540619419,0.0043,0.022166849828809));
#7890=CARTESIAN_POINT('',(0.010340540619419,0.00129999999999999,0.022166849828809));
#7891=CARTESIAN_POINT('',(0.010478661690351,0.0043,0.0223973144242181));
#7892=CARTESIAN_POINT('',(0.010478661690351,0.00129999999999999,0.0223973144242181));
#7893=CARTESIAN_POINT('',(0.0106422925416263,0.0043,0.0227282941236887));
#7894=CARTESIAN_POINT('',(0.0106422925416263,0.00129999999999999,0.0227282941236887));
#7895=CARTESIAN_POINT('',(0.0107949604837715,0.0043,0.0231039056582836));
#7896=CARTESIAN_POINT('',(0.0107949604837715,0.00129999999999999,0.0231039056582836));
#7897=CARTESIAN_POINT('',(0.0109777451561223,0.0043,0.0236566124100054));
#7898=CARTESIAN_POINT('',(0.0109777451561223,0.00129999999999999,0.0236566124100054));
#7899=CARTESIAN_POINT('',(0.0110859630243792,0.0043,0.0241219619363536));
#7900=CARTESIAN_POINT('',(0.0110859630243792,0.00129999999999999,0.0241219619363536));
#7901=CARTESIAN_POINT('',(0.0111418247087703,0.0043,0.0244500603038797));
#7902=CARTESIAN_POINT('',(0.0111418247087703,0.00129999999999999,0.0244500603038797));
#7903=CARTESIAN_POINT('',(0.00926857174499798,0.0043,0.021051324559819));
#7904=CARTESIAN_POINT('',(0.00967243939622228,0.0043,0.0214428158892918));
#7905=CARTESIAN_POINT('',(0.010110475496581,0.0043,0.0218674285929008));
#7906=CARTESIAN_POINT('',(0.0101215725482543,0.0043,0.0218796490422381));
#7907=CARTESIAN_POINT('',(0.0101326168284159,0.0043,0.0218913724099183));
#7908=CARTESIAN_POINT('',(0.0101452723613879,0.0043,0.0219055714049161));
#7909=CARTESIAN_POINT('',(0.0101619783673163,0.0043,0.0219249670584898));
#7910=CARTESIAN_POINT('',(0.0101816730571844,0.0043,0.0219488265984199));
#7911=CARTESIAN_POINT('',(0.0102044555316553,0.0043,0.0219775610710715));
#7912=CARTESIAN_POINT('',(0.0102300528504895,0.0043,0.022011213160067));
#7913=CARTESIAN_POINT('',(0.010258301359546,0.0043,0.0220499316531304));
#7914=CARTESIAN_POINT('',(0.0102889997317067,0.0043,0.0220938262455769));
#7915=CARTESIAN_POINT('',(0.0103219531216252,0.0043,0.0221430108395088));
#7916=CARTESIAN_POINT('',(0.010356960307001,0.0043,0.0221975906135747));
#7917=CARTESIAN_POINT('',(0.0103938176317491,0.0043,0.0222576656660218));
#7918=CARTESIAN_POINT('',(0.0104323180621933,0.0043,0.0223233298395938));
#7919=CARTESIAN_POINT('',(0.0104722516603384,0.0043,0.0223946709459312));
#7920=CARTESIAN_POINT('',(0.0105134056545291,0.0043,0.0224717705948391));
#7921=CARTESIAN_POINT('',(0.0105555646282354,0.0043,0.0225547041421345));
#7922=CARTESIAN_POINT('',(0.0105985106781505,0.0043,0.022643540609463));
#7923=CARTESIAN_POINT('',(0.0106420235835918,0.0043,0.022738342617505));
#7924=CARTESIAN_POINT('',(0.0106858809749065,0.0043,0.0228391663210837));
#7925=CARTESIAN_POINT('',(0.0107298585050504,0.0043,0.0229460613484584));
#7926=CARTESIAN_POINT('',(0.0107737300195909,0.0043,0.0230590707478758));
#7927=CARTESIAN_POINT('',(0.0108172677395592,0.0043,0.023178230926257));
#7928=CARTESIAN_POINT('',(0.0108602424018159,0.0043,0.0233035716394838));
#7929=CARTESIAN_POINT('',(0.0109024235695756,0.0043,0.0234351158047952));
#7930=CARTESIAN_POINT('',(0.0109435792935729,0.0043,0.023572880019426));
#7931=CARTESIAN_POINT('',(0.0109834782758775,0.0043,0.0237168723844987));
#7932=CARTESIAN_POINT('',(0.0110218824248868,0.0043,0.0238671007018912));
#7933=CARTESIAN_POINT('',(0.0110585762862129,0.0043,0.0240235408887639));
#7934=CARTESIAN_POINT('',(0.0110932551153233,0.0043,0.0241862579174196));
#7935=CARTESIAN_POINT('',(0.0111209264931932,0.0043,0.0243290055772976));
#7936=CARTESIAN_POINT('',(0.0111363910181955,0.0043,0.0244181460315718));
#7937=CARTESIAN_POINT('',(0.0111418247087703,0.0043,0.0244500603038796));
#7938=CARTESIAN_POINT('',(0.00973845660458297,0.0043,0.0215068869379942));
#7939=CARTESIAN_POINT('',(0.00973845660458312,0.0043,0.0215068869379943));
#7940=CARTESIAN_POINT('',(0.0109993567725264,0.0043,0.0200042046190052));
#7941=CARTESIAN_POINT('',(0.0109993567725264,0.00130000000000001,0.0200042046190052));
#7942=CARTESIAN_POINT('',(0.0111047817518585,0.0043,0.0200804502834314));
#7943=CARTESIAN_POINT('',(0.0111047817518585,0.00130000000000001,0.0200804502834314));
#7944=CARTESIAN_POINT('',(0.0112918773243807,0.0043,0.0202156758988392));
#7945=CARTESIAN_POINT('',(0.0112918773243807,0.00130000000000001,0.0202156758988392));
#7946=CARTESIAN_POINT('',(0.0114428515446394,0.0043,0.0203244674621415));
#7947=CARTESIAN_POINT('',(0.0114428515446394,0.00130000000000001,0.0203244674621415));
#7948=CARTESIAN_POINT('',(0.0114414542512335,0.0043,0.0203222513682409));
#7949=CARTESIAN_POINT('',(0.0114414542512335,0.00130000000000001,0.0203222513682409));
#7950=CARTESIAN_POINT('',(0.0115039348200045,0.0043,0.0203608491858705));
#7951=CARTESIAN_POINT('',(0.0115039348200045,0.00130000000000001,0.0203608491858705));
#7952=CARTESIAN_POINT('',(0.011585413874659,0.0043,0.0204036923393312));
#7953=CARTESIAN_POINT('',(0.011585413874659,0.00130000000000001,0.0204036923393312));
#7954=CARTESIAN_POINT('',(0.0117538441433593,0.0043,0.0204825402767272));
#7955=CARTESIAN_POINT('',(0.0117538441433593,0.00130000000000001,0.0204825402767272));
#7956=CARTESIAN_POINT('',(0.0120047919359778,0.0043,0.0205785432212258));
#7957=CARTESIAN_POINT('',(0.0120047919359778,0.00130000000000001,0.0205785432212258));
#7958=CARTESIAN_POINT('',(0.01235915750924,0.0043,0.0206822141305359));
#7959=CARTESIAN_POINT('',(0.01235915750924,0.00130000000000001,0.0206822141305359));
#7960=CARTESIAN_POINT('',(0.0127555731705716,0.0043,0.0207673384451038));
#7961=CARTESIAN_POINT('',(0.0127555731705716,0.00130000000000001,0.0207673384451038));
#7962=CARTESIAN_POINT('',(0.0133316232900685,0.0043,0.020851369687346));
#7963=CARTESIAN_POINT('',(0.0133316232900685,0.00130000000000001,0.020851369687346));
#7964=CARTESIAN_POINT('',(0.0138086949470907,0.0043,0.0208771363857914));
#7965=CARTESIAN_POINT('',(0.0138086949470907,0.00130000000000001,0.0208771363857914));
#7966=CARTESIAN_POINT('',(0.0141415090428769,0.0043,0.0208751757220596));
#7967=CARTESIAN_POINT('',(0.0141415090428769,0.00130000000000001,0.0208751757220596));
#7968=CARTESIAN_POINT('',(0.010469120768218,0.0043,0.0196205659483111));
#7969=CARTESIAN_POINT('',(0.0109247953463736,0.0043,0.0199503161864923));
#7970=CARTESIAN_POINT('',(0.0114190213994948,0.0043,0.0203079643120288));
#7971=CARTESIAN_POINT('',(0.011432983175548,0.0043,0.0203167707157946));
#7972=CARTESIAN_POINT('',(0.0114464462580545,0.0043,0.0203256114670903));
#7973=CARTESIAN_POINT('',(0.0114626271486514,0.0043,0.0203356091044736));
#7974=CARTESIAN_POINT('',(0.011484629106151,0.0043,0.020348693288736));
#7975=CARTESIAN_POINT('',(0.0115115461130628,0.0043,0.0203639456063824));
#7976=CARTESIAN_POINT('',(0.0115438001796835,0.0043,0.0203813922750621));
#7977=CARTESIAN_POINT('',(0.0115813859456,0.0043,0.0204007570891776));
#7978=CARTESIAN_POINT('',(0.0116244215198733,0.0043,0.0204218530441449));
#7979=CARTESIAN_POINT('',(0.011672979971213,0.0043,0.0204444628230659));
#7980=CARTESIAN_POINT('',(0.0117271396367531,0.0043,0.0204683747618401));
#7981=CARTESIAN_POINT('',(0.0117869691553567,0.0043,0.0204933724311053));
#7982=CARTESIAN_POINT('',(0.0118525317400453,0.0043,0.0205192378868919));
#7983=CARTESIAN_POINT('',(0.0119238838568603,0.0043,0.0205457509452089));
#7984=CARTESIAN_POINT('',(0.0120010755280354,0.0043,0.0205726896091596));
#7985=CARTESIAN_POINT('',(0.0120841501761294,0.0043,0.0205998301681743));
#7986=CARTESIAN_POINT('',(0.0121731446054471,0.0043,0.0206269473929841));
#7987=CARTESIAN_POINT('',(0.0122680889505281,0.0043,0.0206538147052397));
#7988=CARTESIAN_POINT('',(0.0123690066397839,0.0043,0.0206802043559388));
#7989=CARTESIAN_POINT('',(0.0124759143608346,0.0043,0.0207058876025404));
#7990=CARTESIAN_POINT('',(0.0125888220305194,0.0043,0.0207306348884792));
#7991=CARTESIAN_POINT('',(0.0127077327717804,0.0043,0.0207542160198669));
#7992=CARTESIAN_POINT('',(0.0128326428850329,0.0043,0.0207764003562138));
#7993=CARTESIAN_POINT('',(0.0129635418629733,0.0043,0.020796956950348));
#7994=CARTESIAN_POINT('',(0.0131004122597489,0.0043,0.0208156548867998));
#7995=CARTESIAN_POINT('',(0.0132432301428776,0.0043,0.0208322628580549));
#7996=CARTESIAN_POINT('',(0.0133919633259438,0.0043,0.0208465516733729));
#7997=CARTESIAN_POINT('',(0.0135465781481241,0.0043,0.0208582855035159));
#7998=CARTESIAN_POINT('',(0.0137070134791899,0.0043,0.0208672563492734));
#7999=CARTESIAN_POINT('',(0.0138732803860358,0.0043,0.0208731528135453));
#8000=CARTESIAN_POINT('',(0.0140186644725486,0.0043,0.0208756159300041));
#8001=CARTESIAN_POINT('',(0.01410913606961,0.0043,0.0208753664366819));
#8002=CARTESIAN_POINT('',(0.0141415090428769,0.0043,0.0208751757220596));
#8003=CARTESIAN_POINT('',(0.0109993567798058,0.0043,0.0200042046242697));
#8004=CARTESIAN_POINT('',(0.0109993567798059,0.0013,0.0200042046242698));
#8005=CARTESIAN_POINT('',(3.12250225675825E-17,0.0043,0.012055));
#8006=CARTESIAN_POINT('',(0.0100826247006734,0.0043,0.0201284724204117));
#8007=CARTESIAN_POINT('',(0.0100826247006734,0.0043,0.0201284724204117));
#8008=CARTESIAN_POINT('',(3.12250225675825E-17,0.0043,0.012055));
#8009=CARTESIAN_POINT('',(0.00970164763872316,0.0043,0.0205825032026869));
#8010=CARTESIAN_POINT('',(0.00970164763872316,0.0043,0.0205825032026869));
#8011=CARTESIAN_POINT('',(0.0102054867570092,0.0028,0.0210253650602619));
#8012=CARTESIAN_POINT('',(0.0102054867570092,0.0043,0.0210253650602619));
#8013=CARTESIAN_POINT('',(0.0106062492362544,0.0028,0.0205477549358445));
#8014=CARTESIAN_POINT('',(0.0106062492362544,0.0043,0.0205477549358445));
#8015=CARTESIAN_POINT('',(0.00138453475367583,0.0043,0.0255553246997989));
#8016=CARTESIAN_POINT('',(0.00138453475367583,0.0013,0.0255553246997989));
#8017=CARTESIAN_POINT('',(0.00139785294633133,0.0043,0.025684748242307));
#8018=CARTESIAN_POINT('',(0.00139785294633133,0.0013,0.025684748242307));
#8019=CARTESIAN_POINT('',(0.00142141397825577,0.0043,0.0259143905687507));
#8020=CARTESIAN_POINT('',(0.00142141397825577,0.0013,0.0259143905687507));
#8021=CARTESIAN_POINT('',(0.00144014312566366,0.0043,0.0260995338604624));
#8022=CARTESIAN_POINT('',(0.00144014312566366,0.0013,0.0260995338604624));
#8023=CARTESIAN_POINT('',(0.00143892257875155,0.0043,0.0260972157219262));
#8024=CARTESIAN_POINT('',(0.00143892257875155,0.0013,0.0260972157219262));
#8025=CARTESIAN_POINT('',(0.0014411089849639,0.0043,0.0261706243905394));
#8026=CARTESIAN_POINT('',(0.0014411089849639,0.0013,0.0261706243905394));
#8027=CARTESIAN_POINT('',(0.00143747271691186,0.0043,0.026262608898477));
#8028=CARTESIAN_POINT('',(0.00143747271691186,0.0013,0.026262608898477));
#8029=CARTESIAN_POINT('',(0.00142154189938264,0.0043,0.0264478977586357));
#8030=CARTESIAN_POINT('',(0.00142154189938264,0.0013,0.0264478977586357));
#8031=CARTESIAN_POINT('',(0.00137920899184727,0.0043,0.0267132263943162));
#8032=CARTESIAN_POINT('',(0.00137920899184727,0.0013,0.0267132263943162));
#8033=CARTESIAN_POINT('',(0.00129180784631214,0.0043,0.027071951437643));
#8034=CARTESIAN_POINT('',(0.00129180784631214,0.0013,0.027071951437643));
#8035=CARTESIAN_POINT('',(0.0011673198345419,0.0043,0.0274578196280981));
#8036=CARTESIAN_POINT('',(0.0011673198345419,0.0013,0.0274578196280981));
#8037=CARTESIAN_POINT('',(0.000952067965286762,0.0043,0.0279987092865566));
#8038=CARTESIAN_POINT('',(0.000952067965286762,0.0013,0.0279987092865566));
#8039=CARTESIAN_POINT('',(0.000735846752200799,0.0043,0.0284247488101861));
#8040=CARTESIAN_POINT('',(0.000735846752200799,0.0013,0.0284247488101861));
#8041=CARTESIAN_POINT('',(0.000567741719707936,0.0043,0.0287119939400085));
#8042=CARTESIAN_POINT('',(0.000567741719707936,0.0013,0.0287119939400085));
#8043=CARTESIAN_POINT('',(0.00131741192113489,0.0043,0.0249043075147196));
#8044=CARTESIAN_POINT('',(0.00137514671522594,0.0043,0.0254638083943517));
#8045=CARTESIAN_POINT('',(0.00143776605099594,0.0043,0.026070644774335));
#8046=CARTESIAN_POINT('',(0.00143841173234642,0.0043,0.026087139228962));
#8047=CARTESIAN_POINT('',(0.00143933650630385,0.0043,0.0261032189760738));
#8048=CARTESIAN_POINT('',(0.00143990426895717,0.0043,0.0261222308570782));
#8049=CARTESIAN_POINT('',(0.00144023452616639,0.0043,0.026147827203337));
#8050=CARTESIAN_POINT('',(0.00143998491725889,0.0043,0.0261787641739397));
#8051=CARTESIAN_POINT('',(0.0014389671422365,0.0043,0.0262154203493483));
#8052=CARTESIAN_POINT('',(0.00143694468024179,0.0043,0.0262576529845105));
#8053=CARTESIAN_POINT('',(0.00143369652602402,0.0043,0.0263054708625813));
#8054=CARTESIAN_POINT('',(0.00142899794327369,0.0043,0.0263588286044703));
#8055=CARTESIAN_POINT('',(0.00142262645693579,0.0043,0.0264176882200757));
#8056=CARTESIAN_POINT('',(0.00141436031425307,0.0043,0.0264820009377152));
#8057=CARTESIAN_POINT('',(0.00140397916370039,0.0043,0.0265517125294866));
#8058=CARTESIAN_POINT('',(0.00139126408732747,0.0043,0.0266267618044206));
#8059=CARTESIAN_POINT('',(0.00137599781906523,0.0043,0.0267070810845942));
#8060=CARTESIAN_POINT('',(0.00135796490859795,0.0043,0.0267925961197614));
#8061=CARTESIAN_POINT('',(0.00133695189950443,0.0043,0.0268832261687507));
#8062=CARTESIAN_POINT('',(0.00131274750190874,0.0043,0.0269788840396644));
#8063=CARTESIAN_POINT('',(0.00128514276518325,0.0043,0.0270794761476006));
#8064=CARTESIAN_POINT('',(0.00125393124866647,0.0043,0.027184902573192));
#8065=CARTESIAN_POINT('',(0.00121890919212178,0.0043,0.0272950571263906));
#8066=CARTESIAN_POINT('',(0.00117987568032302,0.0043,0.0274098274147993));
#8067=CARTESIAN_POINT('',(0.00113663282253938,0.0043,0.027529094914239));
#8068=CARTESIAN_POINT('',(0.00108898586630458,0.0043,0.027652735051532));
#8069=CARTESIAN_POINT('',(0.00103674355588246,0.0043,0.0277806172603915));
#8070=CARTESIAN_POINT('',(0.000979717539330283,0.0043,0.0279126051609233));
#8071=CARTESIAN_POINT('',(0.000917725424852604,0.0043,0.0280485562835033));
#8072=CARTESIAN_POINT('',(0.000850579808749953,0.0043,0.0281883235623845));
#8073=CARTESIAN_POINT('',(0.000778131123536544,0.0043,0.0283317500576309));
#8074=CARTESIAN_POINT('',(0.000700104157965535,0.0043,0.028478689654904));
#8075=CARTESIAN_POINT('',(0.000629545236134942,0.0043,0.0286058275253595));
#8076=CARTESIAN_POINT('',(0.00058409337004911,0.0043,0.0286840534800746));
#8077=CARTESIAN_POINT('',(0.000567741719707936,0.0043,0.0287119939400085));
#8078=CARTESIAN_POINT('',(0.00138453475459541,0.0043,0.0255553247087352));
#8079=CARTESIAN_POINT('',(0.00138453475459543,0.0043,0.0255553247087354));
#8080=CARTESIAN_POINT('',(0.00331634589751745,0.0043,0.0252146942735063));
#8081=CARTESIAN_POINT('',(0.00331634589751745,0.0013,0.0252146942735063));
#8082=CARTESIAN_POINT('',(0.00334809634871522,0.0043,0.025340867711518));
#8083=CARTESIAN_POINT('',(0.00334809634871522,0.0013,0.025340867711518));
#8084=CARTESIAN_POINT('',(0.00340449852228162,0.0043,0.025564719258613));
#8085=CARTESIAN_POINT('',(0.00340449852228162,0.0013,0.025564719258613));
#8086=CARTESIAN_POINT('',(0.00345022161583586,0.0043,0.0257451027893034));
#8087=CARTESIAN_POINT('',(0.00345022161583586,0.0013,0.0257451027893034));
#8088=CARTESIAN_POINT('',(0.00345057570468809,0.0043,0.0257425069999971));
#8089=CARTESIAN_POINT('',(0.00345057570468809,0.0013,0.0257425069999971));
#8090=CARTESIAN_POINT('',(0.00347362839826476,0.0043,0.0258122363791608));
#8091=CARTESIAN_POINT('',(0.00347362839826476,0.0013,0.0258122363791608));
#8092=CARTESIAN_POINT('',(0.003508505927109,0.0043,0.025897429865576));
#8093=CARTESIAN_POINT('',(0.003508505927109,0.0013,0.025897429865576));
#8094=CARTESIAN_POINT('',(0.00358684852129241,0.0043,0.0260660957796863));
#8095=CARTESIAN_POINT('',(0.00358684852129241,0.0013,0.0260660957796863));
#8096=CARTESIAN_POINT('',(0.00371737618012366,0.0043,0.0263009444336158));
#8097=CARTESIAN_POINT('',(0.00371737618012366,0.0013,0.0263009444336158));
#8098=CARTESIAN_POINT('',(0.00392219758236439,0.0043,0.0266081427573983));
#8099=CARTESIAN_POINT('',(0.00392219758236439,0.0013,0.0266081427573983));
#8100=CARTESIAN_POINT('',(0.00417115274220548,0.0043,0.0269281628409371));
#8101=CARTESIAN_POINT('',(0.00417115274220548,0.0013,0.0269281628409371));
#8102=CARTESIAN_POINT('',(0.00455841849386427,0.0043,0.0273628123864762));
#8103=CARTESIAN_POINT('',(0.00455841849386427,0.0013,0.0273628123864762));
#8104=CARTESIAN_POINT('',(0.00490731407119263,0.0043,0.0276892065727042));
#8105=CARTESIAN_POINT('',(0.00490731407119263,0.0013,0.0276892065727042));
#8106=CARTESIAN_POINT('',(0.00516352475021465,0.0043,0.0279016333942481));
#8107=CARTESIAN_POINT('',(0.00516352475021465,0.0013,0.0279016333942481));
#8108=CARTESIAN_POINT('',(0.00315675973699413,0.0043,0.0245799808678765));
#8109=CARTESIAN_POINT('',(0.00329386734806679,0.0043,0.0251254861783398));
#8110=CARTESIAN_POINT('',(0.00344257468598234,0.0043,0.0257171429208296));
#8111=CARTESIAN_POINT('',(0.0034476093797175,0.0043,0.0257328634741545));
#8112=CARTESIAN_POINT('',(0.0034522399738656,0.0043,0.0257482897851809));
#8113=CARTESIAN_POINT('',(0.00345820889775595,0.0043,0.0257663492957322));
#8114=CARTESIAN_POINT('',(0.00346665302350954,0.0043,0.0257905149480487));
#8115=CARTESIAN_POINT('',(0.0034774686462776,0.0043,0.0258195008197591));
#8116=CARTESIAN_POINT('',(0.00349096219232279,0.0043,0.0258535982577379));
#8117=CARTESIAN_POINT('',(0.00350730709686621,0.0043,0.0258925922306148));
#8118=CARTESIAN_POINT('',(0.00352671404092714,0.0043,0.0259364154036084));
#8119=CARTESIAN_POINT('',(0.00354937868699422,0.0043,0.0259849482699777));
#8120=CARTESIAN_POINT('',(0.0035754970998548,0.0043,0.0260380790397539));
#8121=CARTESIAN_POINT('',(0.00360526097804084,0.0043,0.0260956860386373));
#8122=CARTESIAN_POINT('',(0.00363885883721959,0.0043,0.0261576429444082));
#8123=CARTESIAN_POINT('',(0.00367647546442936,0.0043,0.0262238173820156));
#8124=CARTESIAN_POINT('',(0.00371829187577912,0.0043,0.0262940714456425));
#8125=CARTESIAN_POINT('',(0.00376448513326091,0.0043,0.0263682616745328));
#8126=CARTESIAN_POINT('',(0.00381522820519152,0.0043,0.0264462391904076));
#8127=CARTESIAN_POINT('',(0.00387068981772289,0.0043,0.0265278497942905));
#8128=CARTESIAN_POINT('',(0.00393103431229637,0.0043,0.0266129340798162));
#8129=CARTESIAN_POINT('',(0.00399642150524179,0.0043,0.0267013275466278));
#8130=CARTESIAN_POINT('',(0.00406700654941453,0.0043,0.0267928607186154));
#8131=CARTESIAN_POINT('',(0.00414293980290626,0.0043,0.0268873592644186));
#8132=CARTESIAN_POINT('',(0.0042243666845197,0.0043,0.0269846441251247));
#8133=CARTESIAN_POINT('',(0.00431142759517418,0.0043,0.0270845316309714));
#8134=CARTESIAN_POINT('',(0.00440425760017362,0.0043,0.0271868336764684));
#8135=CARTESIAN_POINT('',(0.00450298704777763,0.0043,0.0272913576862765));
#8136=CARTESIAN_POINT('',(0.00460773860272933,0.0043,0.0273979074010739));
#8137=CARTESIAN_POINT('',(0.00471863806745432,0.0043,0.0275062805284228));
#8138=CARTESIAN_POINT('',(0.00483577231279584,0.0043,0.0276162784379304));
#8139=CARTESIAN_POINT('',(0.00495934997868483,0.0043,0.0277276696992414));
#8140=CARTESIAN_POINT('',(0.00506913738953493,0.0043,0.0278230076453735));
#8141=CARTESIAN_POINT('',(0.00513860302494018,0.0043,0.0278809705440201));
#8142=CARTESIAN_POINT('',(0.00516352475021465,0.0043,0.0279016333942481));
#8143=CARTESIAN_POINT('',(0.00331634589970975,0.0043,0.0252146942822182));
#8144=CARTESIAN_POINT('',(0.0033163458997098,0.0013,0.0252146942822184));
#8145=CARTESIAN_POINT('',(1.56125112837912E-17,0.0043,0.012055));
#8146=CARTESIAN_POINT('',(0.00253421058501842,0.0043,0.024720624915043));
#8147=CARTESIAN_POINT('',(0.00253421058501842,0.0043,0.024720624915043));
#8148=CARTESIAN_POINT('',(1.56125112837912E-17,0.0043,0.012055));
#8149=CARTESIAN_POINT('',(0.00195051986249282,0.0043,0.0248235453378135));
#8150=CARTESIAN_POINT('',(0.00195051986249282,0.0043,0.0248235453378135));
#8151=CARTESIAN_POINT('',(0.00205181690442983,0.0028,0.0254866587453879));
#8152=CARTESIAN_POINT('',(0.00205181690442983,0.0043,0.0254866587453879));
#8153=CARTESIAN_POINT('',(0.00266582064490252,0.0028,0.0253783933196866));
#8154=CARTESIAN_POINT('',(0.00266582064490252,0.0043,0.0253783933196866));
#8155=CARTESIAN_POINT('',(-0.00331634589751746,0.0043,0.0252146942735063));
#8156=CARTESIAN_POINT('',(-0.00331634589751746,0.00130000000000001,0.0252146942735063));
#8157=CARTESIAN_POINT('',(-0.00334809634871522,0.0043,0.025340867711518));
#8158=CARTESIAN_POINT('',(-0.00334809634871522,0.00130000000000001,0.025340867711518));
#8159=CARTESIAN_POINT('',(-0.00340449852228163,0.0043,0.025564719258613));
#8160=CARTESIAN_POINT('',(-0.00340449852228163,0.00130000000000001,0.025564719258613));
#8161=CARTESIAN_POINT('',(-0.00345022161583586,0.0043,0.0257451027893033));
#8162=CARTESIAN_POINT('',(-0.00345022161583586,0.00130000000000001,0.0257451027893033));
#8163=CARTESIAN_POINT('',(-0.0034505757046881,0.0043,0.0257425069999971));
#8164=CARTESIAN_POINT('',(-0.0034505757046881,0.00130000000000001,0.0257425069999971));
#8165=CARTESIAN_POINT('',(-0.00347362839826476,0.0043,0.0258122363791608));
#8166=CARTESIAN_POINT('',(-0.00347362839826476,0.00130000000000001,0.0258122363791608));
#8167=CARTESIAN_POINT('',(-0.00350850592710901,0.0043,0.025897429865576));
#8168=CARTESIAN_POINT('',(-0.00350850592710901,0.00130000000000001,0.025897429865576));
#8169=CARTESIAN_POINT('',(-0.00358684852129241,0.0043,0.0260660957796863));
#8170=CARTESIAN_POINT('',(-0.00358684852129241,0.00130000000000001,0.0260660957796863));
#8171=CARTESIAN_POINT('',(-0.00371737618012366,0.0043,0.0263009444336158));
#8172=CARTESIAN_POINT('',(-0.00371737618012366,0.00130000000000001,0.0263009444336158));
#8173=CARTESIAN_POINT('',(-0.00392219758236439,0.0043,0.0266081427573983));
#8174=CARTESIAN_POINT('',(-0.00392219758236439,0.00130000000000001,0.0266081427573983));
#8175=CARTESIAN_POINT('',(-0.00417115274220549,0.0043,0.0269281628409371));
#8176=CARTESIAN_POINT('',(-0.00417115274220549,0.00130000000000001,0.0269281628409371));
#8177=CARTESIAN_POINT('',(-0.00455841849386426,0.0043,0.0273628123864762));
#8178=CARTESIAN_POINT('',(-0.00455841849386426,0.00130000000000001,0.0273628123864762));
#8179=CARTESIAN_POINT('',(-0.00490731407119263,0.0043,0.0276892065727042));
#8180=CARTESIAN_POINT('',(-0.00490731407119263,0.00130000000000001,0.0276892065727042));
#8181=CARTESIAN_POINT('',(-0.00516352475021466,0.0043,0.0279016333942481));
#8182=CARTESIAN_POINT('',(-0.00516352475021466,0.00130000000000001,0.0279016333942481));
#8183=CARTESIAN_POINT('',(-0.00315675973699413,0.0043,0.0245799808678765));
#8184=CARTESIAN_POINT('',(-0.0032938673480668,0.0043,0.0251254861783398));
#8185=CARTESIAN_POINT('',(-0.00344257468598235,0.0043,0.0257171429208296));
#8186=CARTESIAN_POINT('',(-0.0034476093797175,0.0043,0.0257328634741545));
#8187=CARTESIAN_POINT('',(-0.00345223997386561,0.0043,0.0257482897851809));
#8188=CARTESIAN_POINT('',(-0.00345820889775596,0.0043,0.0257663492957322));
#8189=CARTESIAN_POINT('',(-0.00346665302350955,0.0043,0.0257905149480487));
#8190=CARTESIAN_POINT('',(-0.0034774686462776,0.0043,0.0258195008197591));
#8191=CARTESIAN_POINT('',(-0.0034909621923228,0.0043,0.0258535982577379));
#8192=CARTESIAN_POINT('',(-0.00350730709686622,0.0043,0.0258925922306148));
#8193=CARTESIAN_POINT('',(-0.00352671404092715,0.0043,0.0259364154036084));
#8194=CARTESIAN_POINT('',(-0.00354937868699423,0.0043,0.0259849482699777));
#8195=CARTESIAN_POINT('',(-0.00357549709985481,0.0043,0.0260380790397539));
#8196=CARTESIAN_POINT('',(-0.00360526097804084,0.0043,0.0260956860386373));
#8197=CARTESIAN_POINT('',(-0.00363885883721959,0.0043,0.0261576429444082));
#8198=CARTESIAN_POINT('',(-0.00367647546442937,0.0043,0.0262238173820156));
#8199=CARTESIAN_POINT('',(-0.00371829187577913,0.0043,0.0262940714456425));
#8200=CARTESIAN_POINT('',(-0.00376448513326091,0.0043,0.0263682616745328));
#8201=CARTESIAN_POINT('',(-0.00381522820519152,0.0043,0.0264462391904076));
#8202=CARTESIAN_POINT('',(-0.0038706898177229,0.0043,0.0265278497942905));
#8203=CARTESIAN_POINT('',(-0.00393103431229637,0.0043,0.0266129340798162));
#8204=CARTESIAN_POINT('',(-0.00399642150524179,0.0043,0.0267013275466277));
#8205=CARTESIAN_POINT('',(-0.00406700654941454,0.0043,0.0267928607186154));
#8206=CARTESIAN_POINT('',(-0.00414293980290626,0.0043,0.0268873592644186));
#8207=CARTESIAN_POINT('',(-0.00422436668451971,0.0043,0.0269846441251247));
#8208=CARTESIAN_POINT('',(-0.0043114275951742,0.0043,0.0270845316309714));
#8209=CARTESIAN_POINT('',(-0.00440425760017363,0.0043,0.0271868336764684));
#8210=CARTESIAN_POINT('',(-0.00450298704777763,0.0043,0.0272913576862765));
#8211=CARTESIAN_POINT('',(-0.00460773860272933,0.0043,0.0273979074010739));
#8212=CARTESIAN_POINT('',(-0.00471863806745432,0.0043,0.0275062805284228));
#8213=CARTESIAN_POINT('',(-0.00483577231279585,0.0043,0.0276162784379304));
#8214=CARTESIAN_POINT('',(-0.00495934997868484,0.0043,0.0277276696992414));
#8215=CARTESIAN_POINT('',(-0.00506913738953494,0.0043,0.0278230076453735));
#8216=CARTESIAN_POINT('',(-0.00513860302494019,0.0043,0.0278809705440201));
#8217=CARTESIAN_POINT('',(-0.00516352475021466,0.0043,0.0279016333942481));
#8218=CARTESIAN_POINT('',(-0.00331634589970976,0.0043,0.0252146942822182));
#8219=CARTESIAN_POINT('',(-0.0033163458997098,0.0043,0.0252146942822185));
#8220=CARTESIAN_POINT('',(-0.00138453475367583,0.0043,0.0255553246997989));
#8221=CARTESIAN_POINT('',(-0.00138453475367583,0.0013,0.0255553246997989));
#8222=CARTESIAN_POINT('',(-0.00139785294633134,0.0043,0.025684748242307));
#8223=CARTESIAN_POINT('',(-0.00139785294633134,0.0013,0.025684748242307));
#8224=CARTESIAN_POINT('',(-0.00142141397825578,0.0043,0.0259143905687507));
#8225=CARTESIAN_POINT('',(-0.00142141397825578,0.0013,0.0259143905687507));
#8226=CARTESIAN_POINT('',(-0.00144014312566367,0.0043,0.0260995338604624));
#8227=CARTESIAN_POINT('',(-0.00144014312566367,0.0013,0.0260995338604624));
#8228=CARTESIAN_POINT('',(-0.00143892257875155,0.0043,0.0260972157219262));
#8229=CARTESIAN_POINT('',(-0.00143892257875155,0.0013,0.0260972157219262));
#8230=CARTESIAN_POINT('',(-0.0014411089849639,0.0043,0.0261706243905395));
#8231=CARTESIAN_POINT('',(-0.0014411089849639,0.0013,0.0261706243905395));
#8232=CARTESIAN_POINT('',(-0.00143747271691186,0.0043,0.026262608898477));
#8233=CARTESIAN_POINT('',(-0.00143747271691186,0.0013,0.026262608898477));
#8234=CARTESIAN_POINT('',(-0.00142154189938265,0.0043,0.0264478977586357));
#8235=CARTESIAN_POINT('',(-0.00142154189938265,0.0013,0.0264478977586357));
#8236=CARTESIAN_POINT('',(-0.00137920899184727,0.0043,0.0267132263943162));
#8237=CARTESIAN_POINT('',(-0.00137920899184727,0.0013,0.0267132263943162));
#8238=CARTESIAN_POINT('',(-0.00129180784631215,0.0043,0.027071951437643));
#8239=CARTESIAN_POINT('',(-0.00129180784631215,0.0013,0.027071951437643));
#8240=CARTESIAN_POINT('',(-0.0011673198345419,0.0043,0.0274578196280981));
#8241=CARTESIAN_POINT('',(-0.0011673198345419,0.0013,0.0274578196280981));
#8242=CARTESIAN_POINT('',(-0.00095206796528677,0.0043,0.0279987092865566));
#8243=CARTESIAN_POINT('',(-0.00095206796528677,0.0013,0.0279987092865566));
#8244=CARTESIAN_POINT('',(-0.000735846752200799,0.0043,0.0284247488101861));
#8245=CARTESIAN_POINT('',(-0.000735846752200799,0.0013,0.0284247488101861));
#8246=CARTESIAN_POINT('',(-0.000567741719707946,0.0043,0.0287119939400085));
#8247=CARTESIAN_POINT('',(-0.000567741719707946,0.0013,0.0287119939400085));
#8248=CARTESIAN_POINT('',(-0.0013174119211349,0.0043,0.0249043075147196));
#8249=CARTESIAN_POINT('',(-0.00137514671522594,0.0043,0.0254638083943517));
#8250=CARTESIAN_POINT('',(-0.00143776605099594,0.0043,0.026070644774335));
#8251=CARTESIAN_POINT('',(-0.00143841173234642,0.0043,0.026087139228962));
#8252=CARTESIAN_POINT('',(-0.00143933650630386,0.0043,0.0261032189760738));
#8253=CARTESIAN_POINT('',(-0.00143990426895717,0.0043,0.0261222308570782));
#8254=CARTESIAN_POINT('',(-0.0014402345261664,0.0043,0.026147827203337));
#8255=CARTESIAN_POINT('',(-0.00143998491725889,0.0043,0.0261787641739397));
#8256=CARTESIAN_POINT('',(-0.0014389671422365,0.0043,0.0262154203493483));
#8257=CARTESIAN_POINT('',(-0.0014369446802418,0.0043,0.0262576529845105));
#8258=CARTESIAN_POINT('',(-0.00143369652602402,0.0043,0.0263054708625813));
#8259=CARTESIAN_POINT('',(-0.00142899794327369,0.0043,0.0263588286044703));
#8260=CARTESIAN_POINT('',(-0.0014226264569358,0.0043,0.0264176882200757));
#8261=CARTESIAN_POINT('',(-0.00141436031425307,0.0043,0.0264820009377152));
#8262=CARTESIAN_POINT('',(-0.00140397916370039,0.0043,0.0265517125294866));
#8263=CARTESIAN_POINT('',(-0.00139126408732747,0.0043,0.0266267618044206));
#8264=CARTESIAN_POINT('',(-0.00137599781906524,0.0043,0.0267070810845942));
#8265=CARTESIAN_POINT('',(-0.00135796490859795,0.0043,0.0267925961197614));
#8266=CARTESIAN_POINT('',(-0.00133695189950444,0.0043,0.0268832261687507));
#8267=CARTESIAN_POINT('',(-0.00131274750190874,0.0043,0.0269788840396644));
#8268=CARTESIAN_POINT('',(-0.00128514276518325,0.0043,0.0270794761476006));
#8269=CARTESIAN_POINT('',(-0.00125393124866648,0.0043,0.027184902573192));
#8270=CARTESIAN_POINT('',(-0.00121890919212179,0.0043,0.0272950571263906));
#8271=CARTESIAN_POINT('',(-0.00117987568032303,0.0043,0.0274098274147993));
#8272=CARTESIAN_POINT('',(-0.00113663282253938,0.0043,0.027529094914239));
#8273=CARTESIAN_POINT('',(-0.00108898586630459,0.0043,0.027652735051532));
#8274=CARTESIAN_POINT('',(-0.00103674355588247,0.0043,0.0277806172603915));
#8275=CARTESIAN_POINT('',(-0.000979717539330289,0.0043,0.0279126051609233));
#8276=CARTESIAN_POINT('',(-0.000917725424852609,0.0043,0.0280485562835033));
#8277=CARTESIAN_POINT('',(-0.00085057980874996,0.0043,0.0281883235623845));
#8278=CARTESIAN_POINT('',(-0.000778131123536549,0.0043,0.0283317500576309));
#8279=CARTESIAN_POINT('',(-0.000700104157965542,0.0043,0.028478689654904));
#8280=CARTESIAN_POINT('',(-0.000629545236134949,0.0043,0.0286058275253595));
#8281=CARTESIAN_POINT('',(-0.000584093370049119,0.0043,0.0286840534800746));
#8282=CARTESIAN_POINT('',(-0.000567741719707946,0.0043,0.0287119939400085));
#8283=CARTESIAN_POINT('',(-0.00138453475459542,0.0043,0.0255553247087352));
#8284=CARTESIAN_POINT('',(-0.00138453475459544,0.0013,0.0255553247087354));
#8285=CARTESIAN_POINT('',(5.20417042793042E-18,0.0043,0.012055));
#8286=CARTESIAN_POINT('',(-0.00195051986249282,0.0043,0.0248235453378135));
#8287=CARTESIAN_POINT('',(-0.00195051986249282,0.0043,0.0248235453378135));
#8288=CARTESIAN_POINT('',(5.20417042793042E-18,0.0043,0.012055));
#8289=CARTESIAN_POINT('',(-0.00253421058501842,0.0043,0.024720624915043));
#8290=CARTESIAN_POINT('',(-0.00253421058501842,0.0043,0.024720624915043));
#8291=CARTESIAN_POINT('',(-0.00266582064490253,0.0028,0.0253783933196866));
#8292=CARTESIAN_POINT('',(-0.00266582064490253,0.0043,0.0253783933196866));
#8293=CARTESIAN_POINT('',(-0.00205181690442983,0.0028,0.0254866587453879));
#8294=CARTESIAN_POINT('',(-0.00205181690442983,0.0043,0.0254866587453879));
#8295=CARTESIAN_POINT('',(-0.0135356463694365,0.0043,0.0110741937777029));
#8296=CARTESIAN_POINT('',(-0.0135356463694365,0.0013,0.0110741937777029));
#8297=CARTESIAN_POINT('',(-0.0136654163574053,0.0043,0.0110648354747824));
#8298=CARTESIAN_POINT('',(-0.0136654163574053,0.0013,0.0110648354747824));
#8299=CARTESIAN_POINT('',(-0.0138956612311644,0.0043,0.0110481615901884));
#8300=CARTESIAN_POINT('',(-0.0138956612311644,0.00130000000000001,0.0110481615901884));
#8301=CARTESIAN_POINT('',(-0.0140812440625769,0.0043,0.01103445640455));
#8302=CARTESIAN_POINT('',(-0.0140812440625769,0.0013,0.01103445640455));
#8303=CARTESIAN_POINT('',(-0.0140787491960268,0.0043,0.0110336569410204));
#8304=CARTESIAN_POINT('',(-0.0140787491960268,0.0013,0.0110336569410204));
#8305=CARTESIAN_POINT('',(-0.0141514222874699,0.0043,0.01102306284928));
#8306=CARTESIAN_POINT('',(-0.0141514222874699,0.0013,0.01102306284928));
#8307=CARTESIAN_POINT('',(-0.0142413779127231,0.0043,0.0110035088821333));
#8308=CARTESIAN_POINT('',(-0.0142413779127231,0.0013,0.0110035088821333));
#8309=CARTESIAN_POINT('',(-0.0144210854613214,0.0043,0.0109556450166102));
#8310=CARTESIAN_POINT('',(-0.0144210854613214,0.0013,0.0109556450166102));
#8311=CARTESIAN_POINT('',(-0.0146750321265869,0.0043,0.010867881406993));
#8312=CARTESIAN_POINT('',(-0.0146750321265869,0.0013,0.010867881406993));
#8313=CARTESIAN_POINT('',(-0.0150131302808066,0.0043,0.0107195161311907));
#8314=CARTESIAN_POINT('',(-0.0150131302808066,0.00130000000000001,0.0107195161311907));
#8315=CARTESIAN_POINT('',(-0.0153715191500223,0.0043,0.0105299140639501));
#8316=CARTESIAN_POINT('',(-0.0153715191500223,0.0013,0.0105299140639501));
#8317=CARTESIAN_POINT('',(-0.0158668133843608,0.0043,0.0102240078507471));
#8318=CARTESIAN_POINT('',(-0.0158668133843608,0.00130000000000001,0.0102240078507471));
#8319=CARTESIAN_POINT('',(-0.0162488339906953,0.0043,0.00993709053684199));
#8320=CARTESIAN_POINT('',(-0.0162488339906953,0.0013,0.00993709053684199));
#8321=CARTESIAN_POINT('',(-0.0165025240890105,0.0043,0.00972165980418528));
#8322=CARTESIAN_POINT('',(-0.0165025240890105,0.0013,0.00972165980418528));
#8323=CARTESIAN_POINT('',(-0.0128828638406756,0.0043,0.0111211386396313));
#8324=CARTESIAN_POINT('',(-0.0134438901865364,0.0043,0.0110808400043196));
#8325=CARTESIAN_POINT('',(-0.014052381091897,0.0043,0.0110371319801482));
#8326=CARTESIAN_POINT('',(-0.0140687370800852,0.0043,0.0110349036201606));
#8327=CARTESIAN_POINT('',(-0.0140847331250198,0.0043,0.0110330221259403));
#8328=CARTESIAN_POINT('',(-0.0141035547637824,0.0043,0.0110302798845128));
#8329=CARTESIAN_POINT('',(-0.0141288195925894,0.0043,0.0110261603654901));
#8330=CARTESIAN_POINT('',(-0.0141592432169617,0.0043,0.0110205424001351));
#8331=CARTESIAN_POINT('',(-0.014195165767922,0.0043,0.0110131748093423));
#8332=CARTESIAN_POINT('',(-0.01423640559762,0.0043,0.0110038494529557));
#8333=CARTESIAN_POINT('',(-0.0142829329786161,0.0043,0.0109923471581122));
#8334=CARTESIAN_POINT('',(-0.0143346641961795,0.0043,0.010978454482748));
#8335=CARTESIAN_POINT('',(-0.0143915232049753,0.0043,0.0109619589286162));
#8336=CARTESIAN_POINT('',(-0.0144534234673108,0.0043,0.0109426505809959));
#8337=CARTESIAN_POINT('',(-0.0145202733154865,0.0043,0.010920321852573));
#8338=CARTESIAN_POINT('',(-0.0145919744734584,0.0043,0.0108947677769533));
#8339=CARTESIAN_POINT('',(-0.0146684225636263,0.0043,0.0108657861409754));
#8340=CARTESIAN_POINT('',(-0.0147495070512173,0.0043,0.010833177660918));
#8341=CARTESIAN_POINT('',(-0.0148351113553815,0.0043,0.0107967461437997));
#8342=CARTESIAN_POINT('',(-0.0149251129187599,0.0043,0.0107562986504268));
#8343=CARTESIAN_POINT('',(-0.01501938329432,0.0043,0.0107116456554489));
#8344=CARTESIAN_POINT('',(-0.0151177882326494,0.0043,0.010662601205318));
#8345=CARTESIAN_POINT('',(-0.0152201877743719,0.0043,0.0106089830750817));
#8346=CARTESIAN_POINT('',(-0.0153264363460204,0.0043,0.0105506129186025));
#8347=CARTESIAN_POINT('',(-0.0154363828606997,0.0043,0.0104873164330622));
#8348=CARTESIAN_POINT('',(-0.0155498708193677,0.0043,0.0104189234566273));
#8349=CARTESIAN_POINT('',(-0.0156667384281231,0.0043,0.0103452683117639));
#8350=CARTESIAN_POINT('',(-0.0157868186720167,0.0043,0.0102661891901385));
#8351=CARTESIAN_POINT('',(-0.0159099395738554,0.0043,0.0101815312104874));
#8352=CARTESIAN_POINT('',(-0.0160359237598405,0.0043,0.0100911353538936));
#8353=CARTESIAN_POINT('',(-0.0161645907021848,0.0043,0.00999488157747119));
#8354=CARTESIAN_POINT('',(-0.0162957487164236,0.0043,0.00989252422353924));
#8355=CARTESIAN_POINT('',(-0.0164087026487556,0.0043,0.00980095999075925));
#8356=CARTESIAN_POINT('',(-0.0164778475417285,0.0043,0.00974261484616652));
#8357=CARTESIAN_POINT('',(-0.0165025240890105,0.0043,0.00972165980418528));
#8358=CARTESIAN_POINT('',(-0.0135356463783968,0.0043,0.0110741937770567));
#8359=CARTESIAN_POINT('',(-0.013535646378397,0.0043,0.0110741937770567));
#8360=CARTESIAN_POINT('',(-0.0135356463694365,0.0043,0.0130358062222971));
#8361=CARTESIAN_POINT('',(-0.0135356463694365,0.0013,0.0130358062222971));
#8362=CARTESIAN_POINT('',(-0.0136654163574052,0.0043,0.0130451645252176));
#8363=CARTESIAN_POINT('',(-0.0136654163574052,0.0013,0.0130451645252176));
#8364=CARTESIAN_POINT('',(-0.0138956612311644,0.0043,0.0130618384098116));
#8365=CARTESIAN_POINT('',(-0.0138956612311644,0.0013,0.0130618384098116));
#8366=CARTESIAN_POINT('',(-0.0140812440625769,0.0043,0.01307554359545));
#8367=CARTESIAN_POINT('',(-0.0140812440625769,0.0013,0.01307554359545));
#8368=CARTESIAN_POINT('',(-0.0140787491960269,0.0043,0.0130763430589795));
#8369=CARTESIAN_POINT('',(-0.0140787491960269,0.0013,0.0130763430589795));
#8370=CARTESIAN_POINT('',(-0.0141514222874699,0.0043,0.0130869371507201));
#8371=CARTESIAN_POINT('',(-0.0141514222874699,0.0013,0.0130869371507201));
#8372=CARTESIAN_POINT('',(-0.0142413779127231,0.0043,0.0131064911178667));
#8373=CARTESIAN_POINT('',(-0.0142413779127231,0.0013,0.0131064911178667));
#8374=CARTESIAN_POINT('',(-0.0144210854613214,0.0043,0.0131543549833898));
#8375=CARTESIAN_POINT('',(-0.0144210854613214,0.0013,0.0131543549833898));
#8376=CARTESIAN_POINT('',(-0.0146750321265869,0.0043,0.0132421185930069));
#8377=CARTESIAN_POINT('',(-0.0146750321265869,0.0013,0.0132421185930069));
#8378=CARTESIAN_POINT('',(-0.0150131302808066,0.0043,0.0133904838688093));
#8379=CARTESIAN_POINT('',(-0.0150131302808066,0.0013,0.0133904838688093));
#8380=CARTESIAN_POINT('',(-0.0153715191500223,0.0043,0.0135800859360499));
#8381=CARTESIAN_POINT('',(-0.0153715191500223,0.0013,0.0135800859360499));
#8382=CARTESIAN_POINT('',(-0.0158668133843608,0.0043,0.0138859921492529));
#8383=CARTESIAN_POINT('',(-0.0158668133843608,0.0013,0.0138859921492529));
#8384=CARTESIAN_POINT('',(-0.0162488339906953,0.0043,0.014172909463158));
#8385=CARTESIAN_POINT('',(-0.0162488339906953,0.0013,0.014172909463158));
#8386=CARTESIAN_POINT('',(-0.0165025240890105,0.0043,0.0143883401958147));
#8387=CARTESIAN_POINT('',(-0.0165025240890105,0.0013,0.0143883401958147));
#8388=CARTESIAN_POINT('',(-0.0128828638406756,0.0043,0.0129888613603687));
#8389=CARTESIAN_POINT('',(-0.0134438901865364,0.0043,0.0130291599956804));
#8390=CARTESIAN_POINT('',(-0.014052381091897,0.0043,0.0130728680198518));
#8391=CARTESIAN_POINT('',(-0.0140687370800852,0.0043,0.0130750963798394));
#8392=CARTESIAN_POINT('',(-0.0140847331250198,0.0043,0.0130769778740596));
#8393=CARTESIAN_POINT('',(-0.0141035547637824,0.0043,0.0130797201154872));
#8394=CARTESIAN_POINT('',(-0.0141288195925894,0.0043,0.0130838396345099));
#8395=CARTESIAN_POINT('',(-0.0141592432169617,0.0043,0.0130894575998649));
#8396=CARTESIAN_POINT('',(-0.014195165767922,0.0043,0.0130968251906577));
#8397=CARTESIAN_POINT('',(-0.01423640559762,0.0043,0.0131061505470443));
#8398=CARTESIAN_POINT('',(-0.0142829329786161,0.0043,0.0131176528418878));
#8399=CARTESIAN_POINT('',(-0.0143346641961795,0.0043,0.013131545517252));
#8400=CARTESIAN_POINT('',(-0.0143915232049753,0.0043,0.0131480410713838));
#8401=CARTESIAN_POINT('',(-0.0144534234673108,0.0043,0.0131673494190041));
#8402=CARTESIAN_POINT('',(-0.0145202733154865,0.0043,0.013189678147427));
#8403=CARTESIAN_POINT('',(-0.0145919744734584,0.0043,0.0132152322230467));
#8404=CARTESIAN_POINT('',(-0.0146684225636263,0.0043,0.0132442138590245));
#8405=CARTESIAN_POINT('',(-0.0147495070512173,0.0043,0.013276822339082));
#8406=CARTESIAN_POINT('',(-0.0148351113553815,0.0043,0.0133132538562003));
#8407=CARTESIAN_POINT('',(-0.0149251129187599,0.0043,0.0133537013495732));
#8408=CARTESIAN_POINT('',(-0.01501938329432,0.0043,0.0133983543445511));
#8409=CARTESIAN_POINT('',(-0.0151177882326494,0.0043,0.013447398794682));
#8410=CARTESIAN_POINT('',(-0.0152201877743719,0.0043,0.0135010169249183));
#8411=CARTESIAN_POINT('',(-0.0153264363460204,0.0043,0.0135593870813974));
#8412=CARTESIAN_POINT('',(-0.0154363828606997,0.0043,0.0136226835669378));
#8413=CARTESIAN_POINT('',(-0.0155498708193677,0.0043,0.0136910765433726));
#8414=CARTESIAN_POINT('',(-0.0156667384281231,0.0043,0.0137647316882361));
#8415=CARTESIAN_POINT('',(-0.0157868186720167,0.0043,0.0138438108098615));
#8416=CARTESIAN_POINT('',(-0.0159099395738554,0.0043,0.0139284687895125));
#8417=CARTESIAN_POINT('',(-0.0160359237598405,0.0043,0.0140188646461064));
#8418=CARTESIAN_POINT('',(-0.0161645907021848,0.0043,0.0141151184225288));
#8419=CARTESIAN_POINT('',(-0.0162957487164236,0.0043,0.0142174757764607));
#8420=CARTESIAN_POINT('',(-0.0164087026487556,0.0043,0.0143090400092407));
#8421=CARTESIAN_POINT('',(-0.0164778475417285,0.0043,0.0143673851538335));
#8422=CARTESIAN_POINT('',(-0.0165025240890105,0.0043,0.0143883401958147));
#8423=CARTESIAN_POINT('',(-0.0135356463783968,0.0043,0.0130358062229433));
#8424=CARTESIAN_POINT('',(-0.013535646378397,0.0013,0.0130358062229433));
#8425=CARTESIAN_POINT('',(-3.12250225675825E-17,0.0043,0.012055));
#8426=CARTESIAN_POINT('',(-0.0129132666629916,0.0043,0.0123513475463817));
#8427=CARTESIAN_POINT('',(-0.0129132666629916,0.0043,0.0123513475463817));
#8428=CARTESIAN_POINT('',(-3.12250225675825E-17,0.0043,0.012055));
#8429=CARTESIAN_POINT('',(-0.0129132666629916,0.0043,0.0117586524536183));
#8430=CARTESIAN_POINT('',(-0.0129132666629916,0.0043,0.0117586524536183));
#8431=CARTESIAN_POINT('',(-0.0135838959346326,0.0028,0.0117432621310633));
#8432=CARTESIAN_POINT('',(-0.0135838959346326,0.0043,0.0117432621310633));
#8433=CARTESIAN_POINT('',(-0.0135838959346326,0.0028,0.0123667378689367));
#8434=CARTESIAN_POINT('',(-0.0135838959346326,0.0043,0.0123667378689367));
#8435=CARTESIAN_POINT('',(-0.0130548024956518,0.0043,0.0157628073417667));
#8436=CARTESIAN_POINT('',(-0.0130548024956518,0.0013,0.0157628073417667));
#8437=CARTESIAN_POINT('',(-0.0131799471238517,0.0043,0.0157983973634537));
#8438=CARTESIAN_POINT('',(-0.0131799471238517,0.0013,0.0157983973634537));
#8439=CARTESIAN_POINT('',(-0.0134020093370955,0.0043,0.015861477421864));
#8440=CARTESIAN_POINT('',(-0.0134020093370955,0.0013,0.015861477421864));
#8441=CARTESIAN_POINT('',(-0.0135810876038748,0.0043,0.0159120718266516));
#8442=CARTESIAN_POINT('',(-0.0135810876038748,0.00130000000000001,0.0159120718266516));
#8443=CARTESIAN_POINT('',(-0.0135790166288189,0.0043,0.0159104672820573));
#8444=CARTESIAN_POINT('',(-0.0135790166288189,0.00130000000000001,0.0159104672820573));
#8445=CARTESIAN_POINT('',(-0.0136509303893531,0.0043,0.0159253677533761));
#8446=CARTESIAN_POINT('',(-0.0136509303893531,0.0013,0.0159253677533761));
#8447=CARTESIAN_POINT('',(-0.0137421488772477,0.0043,0.0159377596705833));
#8448=CARTESIAN_POINT('',(-0.0137421488772477,0.0013,0.0159377596705833));
#8449=CARTESIAN_POINT('',(-0.0139273891407115,0.0043,0.0159542459508773));
#8450=CARTESIAN_POINT('',(-0.0139273891407115,0.00130000000000001,0.0159542459508773));
#8451=CARTESIAN_POINT('',(-0.0141960378704746,0.0043,0.0159586300093977));
#8452=CARTESIAN_POINT('',(-0.0141960378704746,0.0013,0.0159586300093977));
#8453=CARTESIAN_POINT('',(-0.0145644901239907,0.0043,0.0159348486337097));
#8454=CARTESIAN_POINT('',(-0.0145644901239907,0.0013,0.0159348486337097));
#8455=CARTESIAN_POINT('',(-0.014966113225977,0.0043,0.0158792571826535));
#8456=CARTESIAN_POINT('',(-0.014966113225977,0.00130000000000001,0.0158792571826535));
#8457=CARTESIAN_POINT('',(-0.0155361636499867,0.0043,0.0157611999764708));
#8458=CARTESIAN_POINT('',(-0.0155361636499867,0.0013,0.0157611999764708));
#8459=CARTESIAN_POINT('',(-0.0159932770955715,0.0043,0.0156222446363507));
#8460=CARTESIAN_POINT('',(-0.0159932770955715,0.00130000000000001,0.0156222446363507));
#8461=CARTESIAN_POINT('',(-0.016305349458985,0.0043,0.0155065730903685));
#8462=CARTESIAN_POINT('',(-0.016305349458985,0.00130000000000001,0.0155065730903685));
#8463=CARTESIAN_POINT('',(-0.0124253314819921,0.0043,0.0155836563080574));
#8464=CARTESIAN_POINT('',(-0.0129663067442891,0.0043,0.015737670289048));
#8465=CARTESIAN_POINT('',(-0.0135530501825634,0.0043,0.0159047143279288));
#8466=CARTESIAN_POINT('',(-0.0135691819279718,0.0043,0.0159082144319164));
#8467=CARTESIAN_POINT('',(-0.0135848568022815,0.0043,0.0159119173752627));
#8468=CARTESIAN_POINT('',(-0.0136034812591439,0.0043,0.015915777890816));
#8469=CARTESIAN_POINT('',(-0.0136286313908258,0.0043,0.015920547889559));
#8470=CARTESIAN_POINT('',(-0.013659141703462,0.0043,0.0159256742213393));
#8471=CARTESIAN_POINT('',(-0.0136954177239781,0.0043,0.0159310371866664));
#8472=CARTESIAN_POINT('',(-0.0137373599473557,0.0043,0.0159363790705478));
#8473=CARTESIAN_POINT('',(-0.0137850154004731,0.0043,0.0159414837504781));
#8474=CARTESIAN_POINT('',(-0.0138383784187009,0.0043,0.0159461220244008));
#8475=CARTESIAN_POINT('',(-0.01389745022148,0.0043,0.0159500682002451));
#8476=CARTESIAN_POINT('',(-0.0139622212850418,0.0043,0.0159530954250626));
#8477=CARTESIAN_POINT('',(-0.0140326764689687,0.0043,0.0159549772783865));
#8478=CARTESIAN_POINT('',(-0.0141087935266227,0.0043,0.0159554875424218));
#8479=CARTESIAN_POINT('',(-0.0141905435361176,0.0043,0.0159544004997112));
#8480=CARTESIAN_POINT('',(-0.01427789078779,0.0043,0.0159514910796936));
#8481=CARTESIAN_POINT('',(-0.0143707928334269,0.0043,0.015946535048273));
#8482=CARTESIAN_POINT('',(-0.0144692004958734,0.0043,0.0159393091848275));
#8483=CARTESIAN_POINT('',(-0.0145730578958882,0.0043,0.0159295914623112));
#8484=CARTESIAN_POINT('',(-0.0146823024801483,0.0043,0.0159171612255441));
#8485=CARTESIAN_POINT('',(-0.014796865054465,0.0043,0.0159017993701571));
#8486=CARTESIAN_POINT('',(-0.0149166698224971,0.0043,0.0158832885165428));
#8487=CARTESIAN_POINT('',(-0.015041634424079,0.0043,0.0158614131988676));
#8488=CARTESIAN_POINT('',(-0.0151716699969901,0.0043,0.0158359599914876));
#8489=CARTESIAN_POINT('',(-0.0153066811697493,0.0043,0.0158067178716731));
#8490=CARTESIAN_POINT('',(-0.0154465663413506,0.0043,0.0157734776668506));
#8491=CARTESIAN_POINT('',(-0.0155912168786069,0.0043,0.0157360350165751));
#8492=CARTESIAN_POINT('',(-0.0157405204923411,0.0043,0.0156941798265316));
#8493=CARTESIAN_POINT('',(-0.0158943485990087,0.0043,0.0156477375491666));
#8494=CARTESIAN_POINT('',(-0.0160526050940082,0.0043,0.0155964117818218));
#8495=CARTESIAN_POINT('',(-0.0161900638827282,0.0043,0.015549002068076));
#8496=CARTESIAN_POINT('',(-0.0162749940431357,0.0043,0.0155178245124483));
#8497=CARTESIAN_POINT('',(-0.016305349458985,0.0043,0.0155065730903684));
#8498=CARTESIAN_POINT('',(-0.0130548025042927,0.0043,0.0157628073442241));
#8499=CARTESIAN_POINT('',(-0.0130548025042929,0.0043,0.0157628073442242));
#8500=CARTESIAN_POINT('',(-0.0123838915262023,0.0043,0.0176061200807937));
#8501=CARTESIAN_POINT('',(-0.0123838915262023,0.0013,0.0176061200807937));
#8502=CARTESIAN_POINT('',(-0.0125026346981899,0.0043,0.0176592979588757));
#8503=CARTESIAN_POINT('',(-0.0125026346981899,0.0013,0.0176592979588757));
#8504=CARTESIAN_POINT('',(-0.0127132913026365,0.0043,0.0177537146699116));
#8505=CARTESIAN_POINT('',(-0.0127132913026365,0.00130000000000001,0.0177537146699116));
#8506=CARTESIAN_POINT('',(-0.012882994670303,0.0043,0.0178300663983209));
#8507=CARTESIAN_POINT('',(-0.012882994670303,0.0013,0.0178300663983209));
#8508=CARTESIAN_POINT('',(-0.0128803768299851,0.0043,0.0178299643536853));
#8509=CARTESIAN_POINT('',(-0.0128803768299851,0.00130000000000001,0.0178299643536853));
#8510=CARTESIAN_POINT('',(-0.0129450438049683,0.0043,0.017864775204669));
#8511=CARTESIAN_POINT('',(-0.0129450438049683,0.0013,0.017864775204669));
#8512=CARTESIAN_POINT('',(-0.0130228865915709,0.0043,0.0179139165591458));
#8513=CARTESIAN_POINT('',(-0.0130228865915709,0.0013,0.0179139165591458));
#8514=CARTESIAN_POINT('',(-0.0131753860427419,0.0043,0.0180203574819085));
#8515=CARTESIAN_POINT('',(-0.0131753860427419,0.0013,0.0180203574819085));
#8516=CARTESIAN_POINT('',(-0.013384000927825,0.0043,0.0181896831730904));
#8517=CARTESIAN_POINT('',(-0.013384000927825,0.0013,0.0181896831730904));
#8518=CARTESIAN_POINT('',(-0.0136509653555521,0.0043,0.0184447373071071));
#8519=CARTESIAN_POINT('',(-0.0136509653555521,0.0013,0.0184447373071071));
#8520=CARTESIAN_POINT('',(-0.0139228930051135,0.0043,0.0187454811829943));
#8521=CARTESIAN_POINT('',(-0.0139228930051135,0.00130000000000001,0.0187454811829943));
#8522=CARTESIAN_POINT('',(-0.0142836912553553,0.0043,0.0192023395992105));
#8523=CARTESIAN_POINT('',(-0.0142836912553553,0.0013,0.0192023395992105));
#8524=CARTESIAN_POINT('',(-0.0145445416992916,0.0043,0.0196026124243952));
#8525=CARTESIAN_POINT('',(-0.0145445416992916,0.0013,0.0196026124243952));
#8526=CARTESIAN_POINT('',(-0.0147092507625848,0.0043,0.0198918182179489));
#8527=CARTESIAN_POINT('',(-0.0147092507625848,0.0013,0.0198918182179489));
#8528=CARTESIAN_POINT('',(-0.0117865326893529,0.0043,0.0173387415664085));
#8529=CARTESIAN_POINT('',(-0.0122999420615996,0.0043,0.0175684922078594));
#8530=CARTESIAN_POINT('',(-0.0128567874504907,0.0043,0.0178176804623062));
#8531=CARTESIAN_POINT('',(-0.0128713949078945,0.0043,0.0178253685131674));
#8532=CARTESIAN_POINT('',(-0.0128857827643584,0.0043,0.0178326075089834));
#8533=CARTESIAN_POINT('',(-0.0129025314176086,0.0043,0.0178416217526045));
#8534=CARTESIAN_POINT('',(-0.0129248636323174,0.0043,0.017854133914601));
#8535=CARTESIAN_POINT('',(-0.0129515310303217,0.0043,0.0178698185675572));
#8536=CARTESIAN_POINT('',(-0.01298276732192,0.0043,0.0178890280742862));
#8537=CARTESIAN_POINT('',(-0.0130183306258418,0.0043,0.0179118958953329));
#8538=CARTESIAN_POINT('',(-0.0130581180458973,0.0043,0.0179386178184364));
#8539=CARTESIAN_POINT('',(-0.0131019779144867,0.0043,0.0179693657814044));
#8540=CARTESIAN_POINT('',(-0.0131497660936889,0.0043,0.0180043134582356));
#8541=CARTESIAN_POINT('',(-0.0132013294696098,0.0043,0.0180436285066099));
#8542=CARTESIAN_POINT('',(-0.0132565109037457,0.0043,0.0180874746425947));
#8543=CARTESIAN_POINT('',(-0.0133151479441877,0.0043,0.0181360108592117));
#8544=CARTESIAN_POINT('',(-0.0133770733471007,0.0043,0.0181893914754346));
#8545=CARTESIAN_POINT('',(-0.0134421150847273,0.0043,0.0182477659515871));
#8546=CARTESIAN_POINT('',(-0.0135100965049515,0.0043,0.0183112787757667));
#8547=CARTESIAN_POINT('',(-0.0135808364524369,0.0043,0.0183800693344247));
#8548=CARTESIAN_POINT('',(-0.0136541494049672,0.0043,0.0184542717916619));
#8549=CARTESIAN_POINT('',(-0.0137298456095011,0.0043,0.0185340149706517));
#8550=CARTESIAN_POINT('',(-0.0138077312226412,0.0043,0.0186194222379114));
#8551=CARTESIAN_POINT('',(-0.0138876084521034,0.0043,0.0187106113949324));
#8552=CARTESIAN_POINT('',(-0.0139692757075722,0.0043,0.0188076945580252));
#8553=CARTESIAN_POINT('',(-0.0140525277292779,0.0043,0.018910778101184));
#8554=CARTESIAN_POINT('',(-0.0141371558156313,0.0043,0.0190199623735917));
#8555=CARTESIAN_POINT('',(-0.0142229476822079,0.0043,0.0191353423028684));
#8556=CARTESIAN_POINT('',(-0.0143096887507964,0.0043,0.0192570046101304));
#8557=CARTESIAN_POINT('',(-0.014397157956874,0.0043,0.0193850380588687));
#8558=CARTESIAN_POINT('',(-0.0144851446027264,0.0043,0.0195194937083575));
#8559=CARTESIAN_POINT('',(-0.0145733845440014,0.0043,0.0196605368413587));
#8560=CARTESIAN_POINT('',(-0.0146482097086835,0.0043,0.0197852115953554));
#8561=CARTESIAN_POINT('',(-0.0146932294396592,0.0043,0.0198636870433927));
#8562=CARTESIAN_POINT('',(-0.0147092507625848,0.0043,0.0198918182179489));
#8563=CARTESIAN_POINT('',(-0.0123838915344012,0.0043,0.0176061200844655));
#8564=CARTESIAN_POINT('',(-0.0123838915344014,0.0013,0.0176061200844656));
#8565=CARTESIAN_POINT('',(-2.51534904016637E-17,0.0043,0.012055));
#8566=CARTESIAN_POINT('',(-0.0120331445631663,0.0043,0.0167500729174019));
#8567=CARTESIAN_POINT('',(-0.0120331445631663,0.0043,0.0167500729174019));
#8568=CARTESIAN_POINT('',(-2.51534904016637E-17,0.0043,0.012055));
#8569=CARTESIAN_POINT('',(-0.0122358582237416,0.0043,0.0161931217123562));
#8570=CARTESIAN_POINT('',(-0.0122358582237416,0.0043,0.0161931217123562));
#8571=CARTESIAN_POINT('',(-0.0128713074019117,0.0028,0.0164080282594247));
#8572=CARTESIAN_POINT('',(-0.0128713074019117,0.0043,0.0164080282594247));
#8573=CARTESIAN_POINT('',(-0.0126580661406842,0.0028,0.0169939038095434));
#8574=CARTESIAN_POINT('',(-0.0126580661406842,0.0043,0.0169939038095434));
#8575=CARTESIAN_POINT('',(-0.0076172262894174,0.0043,0.0232868105014261));
#8576=CARTESIAN_POINT('',(-0.0076172262894174,0.0013,0.0232868105014261));
#8577=CARTESIAN_POINT('',(-0.00769021581146724,0.0043,0.0233945154561956));
#8578=CARTESIAN_POINT('',(-0.00769021581146724,0.0013,0.0233945154561956));
#8579=CARTESIAN_POINT('',(-0.00781977825598495,0.0043,0.0235855764236651));
#8580=CARTESIAN_POINT('',(-0.00781977825598495,0.0013,0.0235855764236651));
#8581=CARTESIAN_POINT('',(-0.00792443871061767,0.0043,0.0237394432773554));
#8582=CARTESIAN_POINT('',(-0.00792443871061767,0.0013,0.0237394432773554));
#8583=CARTESIAN_POINT('',(-0.00792388363306864,0.0043,0.0237368829277792));
#8584=CARTESIAN_POINT('',(-0.00792388363306864,0.0013,0.0237368829277792));
#8585=CARTESIAN_POINT('',(-0.00796939493136744,0.0043,0.0237945226252702));
#8586=CARTESIAN_POINT('',(-0.00796939493136744,0.0013,0.0237945226252702));
#8587=CARTESIAN_POINT('',(-0.00803130697628778,0.0043,0.0238626494983794));
#8588=CARTESIAN_POINT('',(-0.00803130697628778,0.0013,0.0238626494983794));
#8589=CARTESIAN_POINT('',(-0.00816261207405331,0.0043,0.0239943488679559));
#8590=CARTESIAN_POINT('',(-0.00816261207405331,0.0013,0.0239943488679559));
#8591=CARTESIAN_POINT('',(-0.00836559092214233,0.0043,0.0241703913264735));
#8592=CARTESIAN_POINT('',(-0.00836559092214233,0.0013,0.0241703913264735));
#8593=CARTESIAN_POINT('',(-0.00866312809713645,0.0043,0.0243890102790992));
#8594=CARTESIAN_POINT('',(-0.00866312809713645,0.0013,0.0243890102790992));
#8595=CARTESIAN_POINT('',(-0.00900652273858471,0.0043,0.0246045831106534));
#8596=CARTESIAN_POINT('',(-0.00900652273858471,0.0013,0.0246045831106534));
#8597=CARTESIAN_POINT('',(-0.00951909240756332,0.0043,0.0248805673933369));
#8598=CARTESIAN_POINT('',(-0.00951909240756332,0.0013,0.0248805673933369));
#8599=CARTESIAN_POINT('',(-0.00995858039335788,0.0043,0.0250679482862394));
#8600=CARTESIAN_POINT('',(-0.00995858039335788,0.0013,0.0250679482862394));
#8601=CARTESIAN_POINT('',(-0.0102719939297522,0.0043,0.0251799349897404));
#8602=CARTESIAN_POINT('',(-0.0102719939297522,0.0013,0.0251799349897404));
#8603=CARTESIAN_POINT('',(-0.00725017958202981,0.0043,0.0227449566793367));
#8604=CARTESIAN_POINT('',(-0.00756559239687798,0.0043,0.0232106704293886));
#8605=CARTESIAN_POINT('',(-0.0079076901088399,0.0043,0.023715784999317));
#8606=CARTESIAN_POINT('',(-0.00791779791929207,0.0043,0.0237288355205982));
#8607=CARTESIAN_POINT('',(-0.00792742536355117,0.0043,0.0237417477547615));
#8608=CARTESIAN_POINT('',(-0.00793921103367206,0.0043,0.0237566766513569));
#8609=CARTESIAN_POINT('',(-0.00795541105620056,0.0043,0.0237764968754148));
#8610=CARTESIAN_POINT('',(-0.00797548816910174,0.0043,0.0238000355243189));
#8611=CARTESIAN_POINT('',(-0.00799982996537317,0.0043,0.0238274615706229));
#8612=CARTESIAN_POINT('',(-0.00802852587575226,0.0043,0.0238585136325958));
#8613=CARTESIAN_POINT('',(-0.00806175084578661,0.0043,0.0238930563790881));
#8614=CARTESIAN_POINT('',(-0.0080996478643602,0.0043,0.0239309105899847));
#8615=CARTESIAN_POINT('',(-0.00814236293768577,0.0043,0.02397190415897));
#8616=CARTESIAN_POINT('',(-0.00819003458839782,0.0043,0.0240158571848432));
#8617=CARTESIAN_POINT('',(-0.00824279675853407,0.0043,0.0240625864873911));
#8618=CARTESIAN_POINT('',(-0.00830077781617693,0.0043,0.0241119044738657));
#8619=CARTESIAN_POINT('',(-0.00836410069426094,0.0043,0.0241636196440329));
#8620=CARTESIAN_POINT('',(-0.00843288271016503,0.0043,0.0242175366301109));
#8621=CARTESIAN_POINT('',(-0.00850723548156992,0.0043,0.0242734563736312));
#8622=CARTESIAN_POINT('',(-0.00858726482003947,0.0043,0.0243311762672108));
#8623=CARTESIAN_POINT('',(-0.00867307063582547,0.0043,0.0243904903097812));
#8624=CARTESIAN_POINT('',(-0.00876474684471813,0.0043,0.0244511892611669));
#8625=CARTESIAN_POINT('',(-0.00886238127846739,0.0043,0.0245130608005162));
#8626=CARTESIAN_POINT('',(-0.00896605560262551,0.0043,0.02457588968444));
#8627=CARTESIAN_POINT('',(-0.00907584522441339,0.0043,0.0246394579164398));
#8628=CARTESIAN_POINT('',(-0.00919181925878044,0.0043,0.0247035448834525));
#8629=CARTESIAN_POINT('',(-0.00931404028972929,0.0043,0.0247679276290825));
#8630=CARTESIAN_POINT('',(-0.00944256493991262,0.0043,0.0248323806099741));
#8631=CARTESIAN_POINT('',(-0.00957744135184287,0.0043,0.0248966774488779));
#8632=CARTESIAN_POINT('',(-0.00971871855304258,0.0043,0.0249605850261191));
#8633=CARTESIAN_POINT('',(-0.00986641023980668,0.0043,0.0250238869786054));
#8634=CARTESIAN_POINT('',(-0.0100206333156953,0.0043,0.0250862944738801));
#8635=CARTESIAN_POINT('',(-0.0101564072335268,0.0043,0.025138333332347));
#8636=CARTESIAN_POINT('',(-0.010241508057418,0.0043,0.0251690419939071));
#8637=CARTESIAN_POINT('',(-0.0102719939297522,0.0043,0.0251799349897404));
#8638=CARTESIAN_POINT('',(-0.00761722629445714,0.0043,0.0232868105088628));
#8639=CARTESIAN_POINT('',(-0.00761722629445726,0.0043,0.0232868105088629));
#8640=CARTESIAN_POINT('',(-0.00591842008001911,0.0043,0.0242676167237232));
#8641=CARTESIAN_POINT('',(-0.00591842008001911,0.0013,0.0242676167237232));
#8642=CARTESIAN_POINT('',(-0.00597520054593804,0.0043,0.0243846799814132));
#8643=CARTESIAN_POINT('',(-0.00597520054593804,0.0013,0.0243846799814132));
#8644=CARTESIAN_POINT('',(-0.00607588297517944,0.0043,0.0245924148334767));
#8645=CARTESIAN_POINT('',(-0.00607588297517944,0.0013,0.0245924148334767));
#8646=CARTESIAN_POINT('',(-0.00615680535195928,0.0043,0.0247599868728054));
#8647=CARTESIAN_POINT('',(-0.00615680535195928,0.0013,0.0247599868728054));
#8648=CARTESIAN_POINT('',(-0.00615486556295823,0.0043,0.0247582259867588));
#8649=CARTESIAN_POINT('',(-0.00615486556295823,0.0013,0.0247582259867588));
#8650=CARTESIAN_POINT('',(-0.00618202735610246,0.0043,0.0248264597759902));
#8651=CARTESIAN_POINT('',(-0.00618202735610246,0.0013,0.0248264597759902));
#8652=CARTESIAN_POINT('',(-0.00621007093643531,0.0043,0.0249141406162461));
#8653=CARTESIAN_POINT('',(-0.00621007093643531,0.0013,0.0249141406162461));
#8654=CARTESIAN_POINT('',(-0.00625847338726813,0.0043,0.0250937038513457));
#8655=CARTESIAN_POINT('',(-0.00625847338726813,0.0013,0.0250937038513457));
#8656=CARTESIAN_POINT('',(-0.00630944120444458,0.0043,0.0253575099194805));
#8657=CARTESIAN_POINT('',(-0.00630944120444458,0.0013,0.0253575099194805));
#8658=CARTESIAN_POINT('',(-0.00635000218367013,0.0043,0.0257244941479085));
#8659=CARTESIAN_POINT('',(-0.00635000218367013,0.0013,0.0257244941479085));
#8660=CARTESIAN_POINT('',(-0.00636499641143761,0.0043,0.0261296690467032));
#8661=CARTESIAN_POINT('',(-0.00636499641143761,0.0013,0.0261296690467032));
#8662=CARTESIAN_POINT('',(-0.00634772097679752,0.0043,0.0267115595425899));
#8663=CARTESIAN_POINT('',(-0.00634772097679752,0.0013,0.0267115595425899));
#8664=CARTESIAN_POINT('',(-0.00629025359733744,0.0043,0.0271858577493973));
#8665=CARTESIAN_POINT('',(-0.00629025359733744,0.0013,0.0271858577493973));
#8666=CARTESIAN_POINT('',(-0.00623053015925838,0.0043,0.0275132751855552));
#8667=CARTESIAN_POINT('',(-0.00623053015925838,0.0013,0.0275132751855552));
#8668=CARTESIAN_POINT('',(-0.00563268425864585,0.0043,0.0236788180397054));
#8669=CARTESIAN_POINT('',(-0.0058782977896584,0.0043,0.0241848304250691));
#8670=CARTESIAN_POINT('',(-0.00614469098305712,0.0043,0.0247336530191688));
#8671=CARTESIAN_POINT('',(-0.00615093916079313,0.0043,0.0247489319004376));
#8672=CARTESIAN_POINT('',(-0.00615730776146863,0.0043,0.0247637256288212));
#8673=CARTESIAN_POINT('',(-0.00616434373011033,0.0043,0.0247813967668442));
#8674=CARTESIAN_POINT('',(-0.00617340853638886,0.0043,0.0248053365099247));
#8675=CARTESIAN_POINT('',(-0.00618375504785998,0.0043,0.0248344931241838));
#8676=CARTESIAN_POINT('',(-0.00619533580254886,0.0043,0.0248692867612805));
#8677=CARTESIAN_POINT('',(-0.00620787972186779,0.0043,0.0249096641796401));
#8678=CARTESIAN_POINT('',(-0.00622118213282948,0.0043,0.0249557092209759));
#8679=CARTESIAN_POINT('',(-0.00623501633181929,0.0043,0.0250074561072366));
#8680=CARTESIAN_POINT('',(-0.00624916026728956,0.0043,0.0250649452303538));
#8681=CARTESIAN_POINT('',(-0.00626338887891295,0.0043,0.0251282066038474));
#8682=CARTESIAN_POINT('',(-0.00627747655695245,0.0043,0.0251972646348181));
#8683=CARTESIAN_POINT('',(-0.00629119665728152,0.0043,0.0252721366969124));
#8684=CARTESIAN_POINT('',(-0.00630432186936535,0.0043,0.0253528335030575));
#8685=CARTESIAN_POINT('',(-0.00631662434105233,0.0043,0.025439358969193));
#8686=CARTESIAN_POINT('',(-0.00632787587381157,0.0043,0.0255317102298315));
#8687=CARTESIAN_POINT('',(-0.00633784809872047,0.0043,0.025629877616784));
#8688=CARTESIAN_POINT('',(-0.00634631265849458,0.0043,0.0257338446543323));
#8689=CARTESIAN_POINT('',(-0.0063530413879313,0.0043,0.0258435880558489));
#8690=CARTESIAN_POINT('',(-0.00635780649590445,0.0043,0.0259590777254344));
#8691=CARTESIAN_POINT('',(-0.00636038074339488,0.0043,0.0260802767658375));
#8692=CARTESIAN_POINT('',(-0.00636053763628635,0.0043,0.0262071414833776));
#8693=CARTESIAN_POINT('',(-0.00635805156058734,0.0043,0.0263396214268251));
#8694=CARTESIAN_POINT('',(-0.00635269813839383,0.0043,0.0264776593173186));
#8695=CARTESIAN_POINT('',(-0.00634425373210404,0.0043,0.0266211914198357));
#8696=CARTESIAN_POINT('',(-0.00633249822201256,0.0043,0.0267701462383905));
#8697=CARTESIAN_POINT('',(-0.00631720520679798,0.0043,0.0269244496722256));
#8698=CARTESIAN_POINT('',(-0.00629818046237814,0.0043,0.0270840054011342));
#8699=CARTESIAN_POINT('',(-0.00627511540072835,0.0043,0.0272487702503409));
#8700=CARTESIAN_POINT('',(-0.00625229541522882,0.0043,0.0273923733415878));
#8701=CARTESIAN_POINT('',(-0.00623633948431046,0.0043,0.0274814271477406));
#8702=CARTESIAN_POINT('',(-0.00623053015925838,0.0043,0.0275132751855552));
#8703=CARTESIAN_POINT('',(-0.00591842008393964,0.0043,0.0242676167318061));
#8704=CARTESIAN_POINT('',(-0.00591842008393973,0.0013,0.0242676167318062));
#8705=CARTESIAN_POINT('',(-6.93889390390723E-18,0.0043,0.012055));
#8706=CARTESIAN_POINT('',(-0.00619998882798013,0.0043,0.0233863907491843));
#8707=CARTESIAN_POINT('',(-0.00619998882798013,0.0043,0.0233863907491843));
#8708=CARTESIAN_POINT('',(-6.93889390390723E-18,0.0043,0.012055));
#8709=CARTESIAN_POINT('',(-0.00671327783501153,0.0043,0.0230900432028027));
#8710=CARTESIAN_POINT('',(-0.00671327783501153,0.0043,0.0230900432028027));
#8711=CARTESIAN_POINT('',(-0.0070619208811371,0.0028,0.0236631300272877));
#8712=CARTESIAN_POINT('',(-0.0070619208811371,0.0043,0.0236631300272877));
#8713=CARTESIAN_POINT('',(-0.00652197505349552,0.0028,0.0239748678962244));
#8714=CARTESIAN_POINT('',(-0.00652197505349552,0.0043,0.0239748678962244));
#8715=CARTESIAN_POINT('',(-0.0109993567725264,0.0043,0.0200042046190052));
#8716=CARTESIAN_POINT('',(-0.0109993567725264,0.00130000000000001,0.0200042046190052));
#8717=CARTESIAN_POINT('',(-0.0111047817518585,0.0043,0.0200804502834314));
#8718=CARTESIAN_POINT('',(-0.0111047817518585,0.00130000000000001,0.0200804502834314));
#8719=CARTESIAN_POINT('',(-0.0112918773243807,0.0043,0.0202156758988392));
#8720=CARTESIAN_POINT('',(-0.0112918773243807,0.00130000000000001,0.0202156758988392));
#8721=CARTESIAN_POINT('',(-0.0114428515446394,0.0043,0.0203244674621415));
#8722=CARTESIAN_POINT('',(-0.0114428515446394,0.00130000000000001,0.0203244674621415));
#8723=CARTESIAN_POINT('',(-0.0114414542512335,0.0043,0.0203222513682409));
#8724=CARTESIAN_POINT('',(-0.0114414542512335,0.00130000000000001,0.0203222513682409));
#8725=CARTESIAN_POINT('',(-0.0115039348200045,0.0043,0.0203608491858705));
#8726=CARTESIAN_POINT('',(-0.0115039348200045,0.00130000000000001,0.0203608491858705));
#8727=CARTESIAN_POINT('',(-0.011585413874659,0.0043,0.0204036923393312));
#8728=CARTESIAN_POINT('',(-0.011585413874659,0.00130000000000001,0.0204036923393312));
#8729=CARTESIAN_POINT('',(-0.0117538441433593,0.0043,0.0204825402767272));
#8730=CARTESIAN_POINT('',(-0.0117538441433593,0.00130000000000001,0.0204825402767272));
#8731=CARTESIAN_POINT('',(-0.0120047919359778,0.0043,0.0205785432212258));
#8732=CARTESIAN_POINT('',(-0.0120047919359778,0.00130000000000001,0.0205785432212258));
#8733=CARTESIAN_POINT('',(-0.01235915750924,0.0043,0.0206822141305359));
#8734=CARTESIAN_POINT('',(-0.01235915750924,0.00130000000000001,0.0206822141305359));
#8735=CARTESIAN_POINT('',(-0.0127555731705716,0.0043,0.0207673384451038));
#8736=CARTESIAN_POINT('',(-0.0127555731705716,0.00130000000000001,0.0207673384451038));
#8737=CARTESIAN_POINT('',(-0.0133316232900685,0.0043,0.020851369687346));
#8738=CARTESIAN_POINT('',(-0.0133316232900685,0.00130000000000001,0.020851369687346));
#8739=CARTESIAN_POINT('',(-0.0138086949470909,0.0043,0.0208771363857914));
#8740=CARTESIAN_POINT('',(-0.0138086949470909,0.00130000000000001,0.0208771363857914));
#8741=CARTESIAN_POINT('',(-0.0141415090428769,0.0043,0.0208751757220596));
#8742=CARTESIAN_POINT('',(-0.0141415090428769,0.00130000000000001,0.0208751757220596));
#8743=CARTESIAN_POINT('',(-0.010469120768218,0.0043,0.0196205659483111));
#8744=CARTESIAN_POINT('',(-0.0109247953463736,0.0043,0.0199503161864923));
#8745=CARTESIAN_POINT('',(-0.0114190213994948,0.0043,0.0203079643120288));
#8746=CARTESIAN_POINT('',(-0.011432983175548,0.0043,0.0203167707157946));
#8747=CARTESIAN_POINT('',(-0.0114464462580545,0.0043,0.0203256114670903));
#8748=CARTESIAN_POINT('',(-0.0114626271486514,0.0043,0.0203356091044736));
#8749=CARTESIAN_POINT('',(-0.011484629106151,0.0043,0.020348693288736));
#8750=CARTESIAN_POINT('',(-0.0115115461130628,0.0043,0.0203639456063824));
#8751=CARTESIAN_POINT('',(-0.0115438001796835,0.0043,0.0203813922750621));
#8752=CARTESIAN_POINT('',(-0.0115813859456,0.0043,0.0204007570891776));
#8753=CARTESIAN_POINT('',(-0.0116244215198733,0.0043,0.0204218530441449));
#8754=CARTESIAN_POINT('',(-0.011672979971213,0.0043,0.0204444628230659));
#8755=CARTESIAN_POINT('',(-0.0117271396367532,0.0043,0.0204683747618401));
#8756=CARTESIAN_POINT('',(-0.0117869691553567,0.0043,0.0204933724311053));
#8757=CARTESIAN_POINT('',(-0.0118525317400454,0.0043,0.0205192378868919));
#8758=CARTESIAN_POINT('',(-0.0119238838568603,0.0043,0.0205457509452089));
#8759=CARTESIAN_POINT('',(-0.0120010755280354,0.0043,0.0205726896091596));
#8760=CARTESIAN_POINT('',(-0.0120841501761294,0.0043,0.0205998301681743));
#8761=CARTESIAN_POINT('',(-0.0121731446054471,0.0043,0.0206269473929841));
#8762=CARTESIAN_POINT('',(-0.0122680889505281,0.0043,0.0206538147052397));
#8763=CARTESIAN_POINT('',(-0.0123690066397839,0.0043,0.0206802043559388));
#8764=CARTESIAN_POINT('',(-0.0124759143608346,0.0043,0.0207058876025404));
#8765=CARTESIAN_POINT('',(-0.0125888220305194,0.0043,0.0207306348884792));
#8766=CARTESIAN_POINT('',(-0.0127077327717804,0.0043,0.0207542160198669));
#8767=CARTESIAN_POINT('',(-0.0128326428850329,0.0043,0.0207764003562138));
#8768=CARTESIAN_POINT('',(-0.0129635418629733,0.0043,0.020796956950348));
#8769=CARTESIAN_POINT('',(-0.0131004122597489,0.0043,0.0208156548867998));
#8770=CARTESIAN_POINT('',(-0.0132432301428776,0.0043,0.0208322628580549));
#8771=CARTESIAN_POINT('',(-0.0133919633259438,0.0043,0.0208465516733729));
#8772=CARTESIAN_POINT('',(-0.0135465781481241,0.0043,0.0208582855035159));
#8773=CARTESIAN_POINT('',(-0.0137070134791899,0.0043,0.0208672563492734));
#8774=CARTESIAN_POINT('',(-0.0138732803860358,0.0043,0.0208731528135453));
#8775=CARTESIAN_POINT('',(-0.0140186644725486,0.0043,0.0208756159300041));
#8776=CARTESIAN_POINT('',(-0.0141091360696101,0.0043,0.0208753664366819));
#8777=CARTESIAN_POINT('',(-0.0141415090428769,0.0043,0.0208751757220596));
#8778=CARTESIAN_POINT('',(-0.0109993567798058,0.0043,0.0200042046242697));
#8779=CARTESIAN_POINT('',(-0.0109993567798059,0.0043,0.0200042046242698));
#8780=CARTESIAN_POINT('',(-0.00973845659813435,0.0043,0.0215068869317396));
#8781=CARTESIAN_POINT('',(-0.00973845659813435,0.00129999999999999,0.0215068869317396));
#8782=CARTESIAN_POINT('',(-0.00983185077513646,0.0043,0.0215974703480644));
#8783=CARTESIAN_POINT('',(-0.00983185077513646,0.00129999999999999,0.0215974703480644));
#8784=CARTESIAN_POINT('',(-0.0099975108148139,0.0043,0.021758241836749));
#8785=CARTESIAN_POINT('',(-0.0099975108148139,0.00129999999999999,0.021758241836749));
#8786=CARTESIAN_POINT('',(-0.010130865988039,0.0043,0.0218880309626517));
#8787=CARTESIAN_POINT('',(-0.010130865988039,0.00129999999999999,0.0218880309626517));
#8788=CARTESIAN_POINT('',(-0.0101284409241307,0.0043,0.0218870397179398));
#8789=CARTESIAN_POINT('',(-0.0101284409241307,0.00129999999999999,0.0218870397179398));
#8790=CARTESIAN_POINT('',(-0.0101773019910883,0.0043,0.0219418686257847));
#8791=CARTESIAN_POINT('',(-0.0101773019910883,0.00129999999999999,0.0219418686257847));
#8792=CARTESIAN_POINT('',(-0.0102336429501387,0.0043,0.0220146701949927));
#8793=CARTESIAN_POINT('',(-0.0102336429501387,0.00129999999999999,0.0220146701949927));
#8794=CARTESIAN_POINT('',(-0.0103405406194191,0.0043,0.022166849828809));
#8795=CARTESIAN_POINT('',(-0.0103405406194191,0.00129999999999999,0.022166849828809));
#8796=CARTESIAN_POINT('',(-0.010478661690351,0.0043,0.0223973144242181));
#8797=CARTESIAN_POINT('',(-0.010478661690351,0.00129999999999999,0.0223973144242181));
#8798=CARTESIAN_POINT('',(-0.0106422925416263,0.0043,0.0227282941236887));
#8799=CARTESIAN_POINT('',(-0.0106422925416263,0.00129999999999999,0.0227282941236887));
#8800=CARTESIAN_POINT('',(-0.0107949604837715,0.0043,0.0231039056582836));
#8801=CARTESIAN_POINT('',(-0.0107949604837715,0.00129999999999999,0.0231039056582836));
#8802=CARTESIAN_POINT('',(-0.0109777451561224,0.0043,0.0236566124100054));
#8803=CARTESIAN_POINT('',(-0.0109777451561224,0.00129999999999999,0.0236566124100054));
#8804=CARTESIAN_POINT('',(-0.011085963024379,0.0043,0.0241219619363536));
#8805=CARTESIAN_POINT('',(-0.011085963024379,0.00129999999999999,0.0241219619363536));
#8806=CARTESIAN_POINT('',(-0.0111418247087703,0.0043,0.0244500603038797));
#8807=CARTESIAN_POINT('',(-0.0111418247087703,0.00129999999999999,0.0244500603038797));
#8808=CARTESIAN_POINT('',(-0.00926857174499798,0.0043,0.021051324559819));
#8809=CARTESIAN_POINT('',(-0.00967243939622228,0.0043,0.0214428158892918));
#8810=CARTESIAN_POINT('',(-0.010110475496581,0.0043,0.0218674285929008));
#8811=CARTESIAN_POINT('',(-0.0101215725482543,0.0043,0.0218796490422381));
#8812=CARTESIAN_POINT('',(-0.0101326168284159,0.0043,0.0218913724099183));
#8813=CARTESIAN_POINT('',(-0.0101452723613879,0.0043,0.0219055714049161));
#8814=CARTESIAN_POINT('',(-0.0101619783673163,0.0043,0.0219249670584898));
#8815=CARTESIAN_POINT('',(-0.0101816730571844,0.0043,0.0219488265984198));
#8816=CARTESIAN_POINT('',(-0.0102044555316553,0.0043,0.0219775610710715));
#8817=CARTESIAN_POINT('',(-0.0102300528504895,0.0043,0.022011213160067));
#8818=CARTESIAN_POINT('',(-0.010258301359546,0.0043,0.0220499316531304));
#8819=CARTESIAN_POINT('',(-0.0102889997317067,0.0043,0.0220938262455769));
#8820=CARTESIAN_POINT('',(-0.0103219531216252,0.0043,0.0221430108395088));
#8821=CARTESIAN_POINT('',(-0.010356960307001,0.0043,0.0221975906135747));
#8822=CARTESIAN_POINT('',(-0.0103938176317491,0.0043,0.0222576656660218));
#8823=CARTESIAN_POINT('',(-0.0104323180621933,0.0043,0.0223233298395938));
#8824=CARTESIAN_POINT('',(-0.0104722516603384,0.0043,0.0223946709459312));
#8825=CARTESIAN_POINT('',(-0.0105134056545291,0.0043,0.0224717705948391));
#8826=CARTESIAN_POINT('',(-0.0105555646282354,0.0043,0.0225547041421345));
#8827=CARTESIAN_POINT('',(-0.0105985106781505,0.0043,0.022643540609463));
#8828=CARTESIAN_POINT('',(-0.0106420235835918,0.0043,0.022738342617505));
#8829=CARTESIAN_POINT('',(-0.0106858809749065,0.0043,0.0228391663210837));
#8830=CARTESIAN_POINT('',(-0.0107298585050505,0.0043,0.0229460613484584));
#8831=CARTESIAN_POINT('',(-0.0107737300195909,0.0043,0.0230590707478758));
#8832=CARTESIAN_POINT('',(-0.0108172677395592,0.0043,0.023178230926257));
#8833=CARTESIAN_POINT('',(-0.0108602424018159,0.0043,0.0233035716394838));
#8834=CARTESIAN_POINT('',(-0.0109024235695756,0.0043,0.0234351158047952));
#8835=CARTESIAN_POINT('',(-0.0109435792935729,0.0043,0.023572880019426));
#8836=CARTESIAN_POINT('',(-0.0109834782758776,0.0043,0.0237168723844987));
#8837=CARTESIAN_POINT('',(-0.0110218824248868,0.0043,0.0238671007018912));
#8838=CARTESIAN_POINT('',(-0.0110585762862129,0.0043,0.0240235408887639));
#8839=CARTESIAN_POINT('',(-0.0110932551153233,0.0043,0.0241862579174196));
#8840=CARTESIAN_POINT('',(-0.0111209264931932,0.0043,0.0243290055772976));
#8841=CARTESIAN_POINT('',(-0.0111363910181955,0.0043,0.0244181460315718));
#8842=CARTESIAN_POINT('',(-0.0111418247087703,0.0043,0.0244500603038796));
#8843=CARTESIAN_POINT('',(-0.00973845660458297,0.0043,0.0215068869379942));
#8844=CARTESIAN_POINT('',(-0.00973845660458312,0.0013,0.0215068869379943));
#8845=CARTESIAN_POINT('',(-1.82145964977565E-17,0.0043,0.012055));
#8846=CARTESIAN_POINT('',(-0.00970164763872317,0.0043,0.0205825032026869));
#8847=CARTESIAN_POINT('',(-0.00970164763872316,0.0043,0.0205825032026869));
#8848=CARTESIAN_POINT('',(-1.82145964977565E-17,0.0043,0.012055));
#8849=CARTESIAN_POINT('',(-0.0100826247006734,0.0043,0.0201284724204117));
#8850=CARTESIAN_POINT('',(-0.0100826247006734,0.0043,0.0201284724204117));
#8851=CARTESIAN_POINT('',(-0.0106062492362544,0.0028,0.0205477549358445));
#8852=CARTESIAN_POINT('',(-0.0106062492362544,0.0043,0.0205477549358445));
#8853=CARTESIAN_POINT('',(-0.0102054867570092,0.0028,0.0210253650602619));
#8854=CARTESIAN_POINT('',(-0.0102054867570092,0.0043,0.0210253650602619));
#8855=CARTESIAN_POINT('',(-0.00138453475367583,0.0043,-0.00144532469979889));
#8856=CARTESIAN_POINT('',(-0.00138453475367583,0.0013,-0.00144532469979889));
#8857=CARTESIAN_POINT('',(-0.00139785294633134,0.0043,-0.00157474824230702));
#8858=CARTESIAN_POINT('',(-0.00139785294633134,0.0013,-0.00157474824230702));
#8859=CARTESIAN_POINT('',(-0.00142141397825578,0.0043,-0.00180439056875069));
#8860=CARTESIAN_POINT('',(-0.00142141397825578,0.0013,-0.00180439056875069));
#8861=CARTESIAN_POINT('',(-0.00144014312566367,0.0043,-0.00198953386046243));
#8862=CARTESIAN_POINT('',(-0.00144014312566367,0.0013,-0.00198953386046243));
#8863=CARTESIAN_POINT('',(-0.00143892257875155,0.0043,-0.0019872157219262));
#8864=CARTESIAN_POINT('',(-0.00143892257875155,0.0013,-0.0019872157219262));
#8865=CARTESIAN_POINT('',(-0.0014411089849639,0.0043,-0.00206062439053946));
#8866=CARTESIAN_POINT('',(-0.0014411089849639,0.0013,-0.00206062439053946));
#8867=CARTESIAN_POINT('',(-0.00143747271691186,0.0043,-0.00215260889847701));
#8868=CARTESIAN_POINT('',(-0.00143747271691186,0.0013,-0.00215260889847701));
#8869=CARTESIAN_POINT('',(-0.00142154189938265,0.0043,-0.00233789775863568));
#8870=CARTESIAN_POINT('',(-0.00142154189938265,0.0013,-0.00233789775863568));
#8871=CARTESIAN_POINT('',(-0.00137920899184727,0.0043,-0.00260322639431618));
#8872=CARTESIAN_POINT('',(-0.00137920899184727,0.0013,-0.00260322639431618));
#8873=CARTESIAN_POINT('',(-0.00129180784631215,0.0043,-0.00296195143764298));
#8874=CARTESIAN_POINT('',(-0.00129180784631215,0.0013,-0.00296195143764298));
#8875=CARTESIAN_POINT('',(-0.0011673198345419,0.0043,-0.00334781962809811));
#8876=CARTESIAN_POINT('',(-0.0011673198345419,0.0013,-0.00334781962809811));
#8877=CARTESIAN_POINT('',(-0.00095206796528677,0.0043,-0.00388870928655662));
#8878=CARTESIAN_POINT('',(-0.00095206796528677,0.0013,-0.00388870928655662));
#8879=CARTESIAN_POINT('',(-0.000735846752200801,0.0043,-0.00431474881018606));
#8880=CARTESIAN_POINT('',(-0.000735846752200801,0.0013,-0.00431474881018606));
#8881=CARTESIAN_POINT('',(-0.000567741719707941,0.0043,-0.00460199394000853));
#8882=CARTESIAN_POINT('',(-0.000567741719707941,0.0013,-0.00460199394000853));
#8883=CARTESIAN_POINT('',(-0.0013174119211349,0.0043,-0.000794307514719593));
#8884=CARTESIAN_POINT('',(-0.00137514671522594,0.0043,-0.00135380839435169));
#8885=CARTESIAN_POINT('',(-0.00143776605099594,0.0043,-0.00196064477433503));
#8886=CARTESIAN_POINT('',(-0.00143841173234642,0.0043,-0.00197713922896197));
#8887=CARTESIAN_POINT('',(-0.00143933650630386,0.0043,-0.00199321897607373));
#8888=CARTESIAN_POINT('',(-0.00143990426895717,0.0043,-0.00201223085707815));
#8889=CARTESIAN_POINT('',(-0.0014402345261664,0.0043,-0.00203782720333699));
#8890=CARTESIAN_POINT('',(-0.00143998491725889,0.0043,-0.00206876417393966));
#8891=CARTESIAN_POINT('',(-0.0014389671422365,0.0043,-0.00210542034934831));
#8892=CARTESIAN_POINT('',(-0.0014369446802418,0.0043,-0.00214765298451044));
#8893=CARTESIAN_POINT('',(-0.00143369652602402,0.0043,-0.00219547086258127));
#8894=CARTESIAN_POINT('',(-0.00142899794327369,0.0043,-0.00224882860447037));
#8895=CARTESIAN_POINT('',(-0.0014226264569358,0.0043,-0.0023076882200757));
#8896=CARTESIAN_POINT('',(-0.00141436031425307,0.0043,-0.00237200093771516));
#8897=CARTESIAN_POINT('',(-0.00140397916370039,0.0043,-0.00244171252948658));
#8898=CARTESIAN_POINT('',(-0.00139126408732747,0.0043,-0.0025167618044206));
#8899=CARTESIAN_POINT('',(-0.00137599781906524,0.0043,-0.00259708108459423));
#8900=CARTESIAN_POINT('',(-0.00135796490859795,0.0043,-0.00268259611976142));
#8901=CARTESIAN_POINT('',(-0.00133695189950443,0.0043,-0.00277322616875069));
#8902=CARTESIAN_POINT('',(-0.00131274750190874,0.0043,-0.00286888403966441));
#8903=CARTESIAN_POINT('',(-0.00128514276518325,0.0043,-0.00296947614760066));
#8904=CARTESIAN_POINT('',(-0.00125393124866648,0.0043,-0.00307490257319203));
#8905=CARTESIAN_POINT('',(-0.00121890919212179,0.0043,-0.0031850571263906));
#8906=CARTESIAN_POINT('',(-0.00117987568032303,0.0043,-0.0032998274147993));
#8907=CARTESIAN_POINT('',(-0.00113663282253938,0.0043,-0.00341909491423899));
#8908=CARTESIAN_POINT('',(-0.00108898586630458,0.0043,-0.00354273505153194));
#8909=CARTESIAN_POINT('',(-0.00103674355588247,0.0043,-0.00367061726039153));
#8910=CARTESIAN_POINT('',(-0.000979717539330289,0.0043,-0.00380260516092324));
#8911=CARTESIAN_POINT('',(-0.000917725424852609,0.0043,-0.00393855628350329));
#8912=CARTESIAN_POINT('',(-0.000850579808749958,0.0043,-0.00407832356238454));
#8913=CARTESIAN_POINT('',(-0.000778131123536547,0.0043,-0.00422175005763085));
#8914=CARTESIAN_POINT('',(-0.00070010415796554,0.0043,-0.00436868965490405));
#8915=CARTESIAN_POINT('',(-0.000629545236134947,0.0043,-0.00449582752535949));
#8916=CARTESIAN_POINT('',(-0.000584093370049115,0.0043,-0.00457405348007458));
#8917=CARTESIAN_POINT('',(-0.000567741719707941,0.0043,-0.00460199394000853));
#8918=CARTESIAN_POINT('',(-0.00138453475459542,0.0043,-0.00144532470873525));
#8919=CARTESIAN_POINT('',(-0.00138453475459544,0.0043,-0.00144532470873546));
#8920=CARTESIAN_POINT('',(-0.00331634589751746,0.0043,-0.00110469427350632));
#8921=CARTESIAN_POINT('',(-0.00331634589751746,0.0013,-0.00110469427350632));
#8922=CARTESIAN_POINT('',(-0.00334809634871523,0.0043,-0.00123086771151806));
#8923=CARTESIAN_POINT('',(-0.00334809634871523,0.0013,-0.00123086771151806));
#8924=CARTESIAN_POINT('',(-0.00340449852228164,0.0043,-0.00145471925861299));
#8925=CARTESIAN_POINT('',(-0.00340449852228164,0.0013,-0.00145471925861299));
#8926=CARTESIAN_POINT('',(-0.00345022161583586,0.0043,-0.00163510278930333));
#8927=CARTESIAN_POINT('',(-0.00345022161583586,0.0013,-0.00163510278930333));
#8928=CARTESIAN_POINT('',(-0.0034505757046881,0.0043,-0.00163250699999707));
#8929=CARTESIAN_POINT('',(-0.0034505757046881,0.0013,-0.00163250699999707));
#8930=CARTESIAN_POINT('',(-0.00347362839826476,0.0043,-0.00170223637916079));
#8931=CARTESIAN_POINT('',(-0.00347362839826476,0.0013,-0.00170223637916079));
#8932=CARTESIAN_POINT('',(-0.00350850592710901,0.0043,-0.00178742986557599));
#8933=CARTESIAN_POINT('',(-0.00350850592710901,0.0013,-0.00178742986557599));
#8934=CARTESIAN_POINT('',(-0.00358684852129241,0.0043,-0.00195609577968628));
#8935=CARTESIAN_POINT('',(-0.00358684852129241,0.0013,-0.00195609577968628));
#8936=CARTESIAN_POINT('',(-0.00371737618012367,0.0043,-0.0021909444336158));
#8937=CARTESIAN_POINT('',(-0.00371737618012367,0.0013,-0.0021909444336158));
#8938=CARTESIAN_POINT('',(-0.00392219758236439,0.0043,-0.00249814275739835));
#8939=CARTESIAN_POINT('',(-0.00392219758236439,0.0013,-0.00249814275739835));
#8940=CARTESIAN_POINT('',(-0.00417115274220549,0.0043,-0.00281816284093707));
#8941=CARTESIAN_POINT('',(-0.00417115274220549,0.0013,-0.00281816284093707));
#8942=CARTESIAN_POINT('',(-0.00455841849386424,0.0043,-0.00325281238647618));
#8943=CARTESIAN_POINT('',(-0.00455841849386424,0.0013,-0.00325281238647618));
#8944=CARTESIAN_POINT('',(-0.00490731407119273,0.0043,-0.00357920657270421));
#8945=CARTESIAN_POINT('',(-0.00490731407119273,0.0013,-0.00357920657270421));
#8946=CARTESIAN_POINT('',(-0.00516352475021465,0.0043,-0.00379163339424808));
#8947=CARTESIAN_POINT('',(-0.00516352475021465,0.0013,-0.00379163339424808));
#8948=CARTESIAN_POINT('',(-0.00315675973699413,0.0043,-0.000469980867876424));
#8949=CARTESIAN_POINT('',(-0.0032938673480668,0.0043,-0.00101548617833983));
#8950=CARTESIAN_POINT('',(-0.00344257468598234,0.0043,-0.00160714292082962));
#8951=CARTESIAN_POINT('',(-0.0034476093797175,0.0043,-0.00162286347415448));
#8952=CARTESIAN_POINT('',(-0.00345223997386561,0.0043,-0.00163828978518096));
#8953=CARTESIAN_POINT('',(-0.00345820889775595,0.0043,-0.00165634929573214));
#8954=CARTESIAN_POINT('',(-0.00346665302350955,0.0043,-0.0016805149480487));
#8955=CARTESIAN_POINT('',(-0.0034774686462776,0.0043,-0.00170950081975917));
#8956=CARTESIAN_POINT('',(-0.0034909621923228,0.0043,-0.00174359825773787));
#8957=CARTESIAN_POINT('',(-0.00350730709686622,0.0043,-0.00178259223061478));
#8958=CARTESIAN_POINT('',(-0.00352671404092715,0.0043,-0.00182641540360847));
#8959=CARTESIAN_POINT('',(-0.00354937868699423,0.0043,-0.00187494826997775));
#8960=CARTESIAN_POINT('',(-0.00357549709985481,0.0043,-0.00192807903975389));
#8961=CARTESIAN_POINT('',(-0.00360526097804084,0.0043,-0.00198568603863729));
#8962=CARTESIAN_POINT('',(-0.00363885883721959,0.0043,-0.00204764294440821));
#8963=CARTESIAN_POINT('',(-0.00367647546442937,0.0043,-0.00211381738201559));
#8964=CARTESIAN_POINT('',(-0.00371829187577913,0.0043,-0.00218407144564249));
#8965=CARTESIAN_POINT('',(-0.00376448513326091,0.0043,-0.00225826167453273));
#8966=CARTESIAN_POINT('',(-0.00381522820519152,0.0043,-0.00233623919040756));
#8967=CARTESIAN_POINT('',(-0.0038706898177229,0.0043,-0.00241784979429048));
#8968=CARTESIAN_POINT('',(-0.00393103431229637,0.0043,-0.00250293407981616));
#8969=CARTESIAN_POINT('',(-0.00399642150524179,0.0043,-0.00259132754662772));
#8970=CARTESIAN_POINT('',(-0.00406700654941454,0.0043,-0.0026828607186154));
#8971=CARTESIAN_POINT('',(-0.00414293980290626,0.0043,-0.00277735926441863));
#8972=CARTESIAN_POINT('',(-0.00422436668451971,0.0043,-0.00287464412512471));
#8973=CARTESIAN_POINT('',(-0.00431142759517419,0.0043,-0.00297453163097139));
#8974=CARTESIAN_POINT('',(-0.00440425760017363,0.0043,-0.00307683367646833));
#8975=CARTESIAN_POINT('',(-0.00450298704777763,0.0043,-0.00318135768627653));
#8976=CARTESIAN_POINT('',(-0.00460773860272933,0.0043,-0.00328790740107384));
#8977=CARTESIAN_POINT('',(-0.00471863806745432,0.0043,-0.00339628052842275));
#8978=CARTESIAN_POINT('',(-0.00483577231279585,0.0043,-0.00350627843793045));
#8979=CARTESIAN_POINT('',(-0.00495934997868483,0.0043,-0.00361766969924146));
#8980=CARTESIAN_POINT('',(-0.00506913738953494,0.0043,-0.00371300764537347));
#8981=CARTESIAN_POINT('',(-0.00513860302494019,0.0043,-0.00377097054402008));
#8982=CARTESIAN_POINT('',(-0.00516352475021465,0.0043,-0.00379163339424808));
#8983=CARTESIAN_POINT('',(-0.00331634589970975,0.0043,-0.00110469428221827));
#8984=CARTESIAN_POINT('',(-0.0033163458997098,0.0013,-0.00110469428221847));
#8985=CARTESIAN_POINT('',(-1.56125112837912E-17,0.0043,0.012055));
#8986=CARTESIAN_POINT('',(-0.00253421058501843,0.0043,-0.000610624915043018));
#8987=CARTESIAN_POINT('',(-0.00253421058501843,0.0043,-0.000610624915043014));
#8988=CARTESIAN_POINT('',(-1.56125112837912E-17,0.0043,0.012055));
#8989=CARTESIAN_POINT('',(-0.00195051986249282,0.0043,-0.000713545337813484));
#8990=CARTESIAN_POINT('',(-0.00195051986249282,0.0043,-0.000713545337813499));
#8991=CARTESIAN_POINT('',(-0.00205181690442983,0.0028,-0.00137665874538784));
#8992=CARTESIAN_POINT('',(-0.00205181690442983,0.0043,-0.00137665874538784));
#8993=CARTESIAN_POINT('',(-0.00266582064490253,0.0028,-0.00126839331968658));
#8994=CARTESIAN_POINT('',(-0.00266582064490253,0.0043,-0.00126839331968658));
#8995=CARTESIAN_POINT('',(-0.0059184200800191,0.0043,-0.000157616723723172));
#8996=CARTESIAN_POINT('',(-0.0059184200800191,0.0013,-0.000157616723723172));
#8997=CARTESIAN_POINT('',(-0.00597520054593803,0.0043,-0.000274679981413163));
#8998=CARTESIAN_POINT('',(-0.00597520054593803,0.0013,-0.000274679981413163));
#8999=CARTESIAN_POINT('',(-0.00607588297517943,0.0043,-0.000482414833476692));
#9000=CARTESIAN_POINT('',(-0.00607588297517943,0.0013,-0.000482414833476692));
#9001=CARTESIAN_POINT('',(-0.00615680535195927,0.0043,-0.000649986872805407));
#9002=CARTESIAN_POINT('',(-0.00615680535195927,0.0013,-0.000649986872805407));
#9003=CARTESIAN_POINT('',(-0.00615486556295822,0.0043,-0.000648225986758772));
#9004=CARTESIAN_POINT('',(-0.00615486556295822,0.0013,-0.000648225986758772));
#9005=CARTESIAN_POINT('',(-0.00618202735610246,0.0043,-0.000716459775990255));
#9006=CARTESIAN_POINT('',(-0.00618202735610246,0.0013,-0.000716459775990255));
#9007=CARTESIAN_POINT('',(-0.0062100709364353,0.0043,-0.000804140616246125));
#9008=CARTESIAN_POINT('',(-0.0062100709364353,0.0013,-0.000804140616246125));
#9009=CARTESIAN_POINT('',(-0.00625847338726813,0.0043,-0.000983703851345691));
#9010=CARTESIAN_POINT('',(-0.00625847338726813,0.0013,-0.000983703851345691));
#9011=CARTESIAN_POINT('',(-0.00630944120444457,0.0043,-0.0012475099194805));
#9012=CARTESIAN_POINT('',(-0.00630944120444457,0.0013,-0.0012475099194805));
#9013=CARTESIAN_POINT('',(-0.00635000218367011,0.0043,-0.00161449414790854));
#9014=CARTESIAN_POINT('',(-0.00635000218367011,0.0013,-0.00161449414790854));
#9015=CARTESIAN_POINT('',(-0.00636499641143759,0.0043,-0.00201966904670323));
#9016=CARTESIAN_POINT('',(-0.00636499641143759,0.0013,-0.00201966904670323));
#9017=CARTESIAN_POINT('',(-0.00634772097679751,0.0043,-0.00260155954258986));
#9018=CARTESIAN_POINT('',(-0.00634772097679751,0.0013,-0.00260155954258986));
#9019=CARTESIAN_POINT('',(-0.00629025359733742,0.0043,-0.00307585774939731));
#9020=CARTESIAN_POINT('',(-0.00629025359733742,0.0013,-0.00307585774939731));
#9021=CARTESIAN_POINT('',(-0.00623053015925836,0.0043,-0.00340327518555513));
#9022=CARTESIAN_POINT('',(-0.00623053015925836,0.0013,-0.00340327518555513));
#9023=CARTESIAN_POINT('',(-0.00563268425864584,0.0043,0.000431181960294579));
#9024=CARTESIAN_POINT('',(-0.00587829778965839,0.0043,-7.483042506903E-5));
#9025=CARTESIAN_POINT('',(-0.00614469098305711,0.0043,-0.000623653019168793));
#9026=CARTESIAN_POINT('',(-0.00615093916079312,0.0043,-0.000638931900437584));
#9027=CARTESIAN_POINT('',(-0.00615730776146862,0.0043,-0.000653725628821135));
#9028=CARTESIAN_POINT('',(-0.00616434373011032,0.0043,-0.00067139676684419));
#9029=CARTESIAN_POINT('',(-0.00617340853638885,0.0043,-0.000695336509924673));
#9030=CARTESIAN_POINT('',(-0.00618375504785998,0.0043,-0.000724493124183791));
#9031=CARTESIAN_POINT('',(-0.00619533580254885,0.0043,-0.000759286761280561));
#9032=CARTESIAN_POINT('',(-0.00620787972186778,0.0043,-0.000799664179640069));
#9033=CARTESIAN_POINT('',(-0.00622118213282947,0.0043,-0.00084570922097597));
#9034=CARTESIAN_POINT('',(-0.00623501633181928,0.0043,-0.000897456107236648));
#9035=CARTESIAN_POINT('',(-0.00624916026728955,0.0043,-0.000954945230353752));
#9036=CARTESIAN_POINT('',(-0.00626338887891294,0.0043,-0.00101820660384734));
#9037=CARTESIAN_POINT('',(-0.00627747655695244,0.0043,-0.0010872646348181));
#9038=CARTESIAN_POINT('',(-0.0062911966572815,0.0043,-0.00116213669691239));
#9039=CARTESIAN_POINT('',(-0.00630432186936534,0.0043,-0.00124283350305749));
#9040=CARTESIAN_POINT('',(-0.00631662434105232,0.0043,-0.00132935896919294));
#9041=CARTESIAN_POINT('',(-0.00632787587381156,0.0043,-0.00142171022983149));
#9042=CARTESIAN_POINT('',(-0.00633784809872046,0.0043,-0.001519877616784));
#9043=CARTESIAN_POINT('',(-0.00634631265849456,0.0043,-0.00162384465433231));
#9044=CARTESIAN_POINT('',(-0.00635304138793129,0.0043,-0.00173358805584883));
#9045=CARTESIAN_POINT('',(-0.00635780649590444,0.0043,-0.00184907772543447));
#9046=CARTESIAN_POINT('',(-0.00636038074339486,0.0043,-0.00197027676583751));
#9047=CARTESIAN_POINT('',(-0.00636053763628634,0.0043,-0.00209714148337756));
#9048=CARTESIAN_POINT('',(-0.00635805156058733,0.0043,-0.00222962142682515));
#9049=CARTESIAN_POINT('',(-0.00635269813839382,0.0043,-0.00236765931731855));
#9050=CARTESIAN_POINT('',(-0.00634425373210403,0.0043,-0.0025111914198357));
#9051=CARTESIAN_POINT('',(-0.00633249822201255,0.0043,-0.00266014623839043));
#9052=CARTESIAN_POINT('',(-0.00631720520679797,0.0043,-0.00281444967222559));
#9053=CARTESIAN_POINT('',(-0.00629818046237813,0.0043,-0.00297400540113419));
#9054=CARTESIAN_POINT('',(-0.00627511540072833,0.0043,-0.00313877025034093));
#9055=CARTESIAN_POINT('',(-0.0062522954152288,0.0043,-0.00328237334158774));
#9056=CARTESIAN_POINT('',(-0.00623633948431044,0.0043,-0.00337142714774054));
#9057=CARTESIAN_POINT('',(-0.00623053015925836,0.0043,-0.00340327518555513));
#9058=CARTESIAN_POINT('',(-0.00591842008393964,0.0043,-0.000157616731806084));
#9059=CARTESIAN_POINT('',(-0.00591842008393973,0.0043,-0.000157616731806275));
#9060=CARTESIAN_POINT('',(-0.00761722628941739,0.0043,0.000823189498573949));
#9061=CARTESIAN_POINT('',(-0.00761722628941739,0.0013,0.000823189498573949));
#9062=CARTESIAN_POINT('',(-0.00769021581146723,0.0043,0.000715484543804442));
#9063=CARTESIAN_POINT('',(-0.00769021581146723,0.0013,0.000715484543804442));
#9064=CARTESIAN_POINT('',(-0.00781977825598494,0.0043,0.000524423576334893));
#9065=CARTESIAN_POINT('',(-0.00781977825598494,0.0013,0.000524423576334893));
#9066=CARTESIAN_POINT('',(-0.00792443871061766,0.0043,0.000370556722644577));
#9067=CARTESIAN_POINT('',(-0.00792443871061766,0.0013,0.000370556722644577));
#9068=CARTESIAN_POINT('',(-0.00792388363306863,0.0043,0.000373117072220786));
#9069=CARTESIAN_POINT('',(-0.00792388363306863,0.0013,0.000373117072220786));
#9070=CARTESIAN_POINT('',(-0.00796939493136744,0.0043,0.000315477374729788));
#9071=CARTESIAN_POINT('',(-0.00796939493136744,0.0013,0.000315477374729788));
#9072=CARTESIAN_POINT('',(-0.00803130697628776,0.0043,0.000247350501620547));
#9073=CARTESIAN_POINT('',(-0.00803130697628776,0.0013,0.000247350501620547));
#9074=CARTESIAN_POINT('',(-0.00816261207405331,0.0043,0.00011565113204411));
#9075=CARTESIAN_POINT('',(-0.00816261207405331,0.0013,0.00011565113204411));
#9076=CARTESIAN_POINT('',(-0.0083655909221423,0.0043,-6.03913264735364E-5));
#9077=CARTESIAN_POINT('',(-0.0083655909221423,0.0013,-6.03913264735364E-5));
#9078=CARTESIAN_POINT('',(-0.00866312809713645,0.0043,-0.000279010279099254));
#9079=CARTESIAN_POINT('',(-0.00866312809713645,0.0013,-0.000279010279099254));
#9080=CARTESIAN_POINT('',(-0.00900652273858471,0.0043,-0.000494583110653362));
#9081=CARTESIAN_POINT('',(-0.00900652273858471,0.0013,-0.000494583110653362));
#9082=CARTESIAN_POINT('',(-0.00951909240756326,0.0043,-0.000770567393336953));
#9083=CARTESIAN_POINT('',(-0.00951909240756326,0.0013,-0.000770567393336953));
#9084=CARTESIAN_POINT('',(-0.00995858039335807,0.0043,-0.000957948286239306));
#9085=CARTESIAN_POINT('',(-0.00995858039335807,0.0013,-0.000957948286239306));
#9086=CARTESIAN_POINT('',(-0.0102719939297522,0.0043,-0.00106993498974042));
#9087=CARTESIAN_POINT('',(-0.0102719939297522,0.0013,-0.00106993498974042));
#9088=CARTESIAN_POINT('',(-0.00725017958202981,0.0043,0.00136504332066328));
#9089=CARTESIAN_POINT('',(-0.00756559239687797,0.0043,0.000899329570611399));
#9090=CARTESIAN_POINT('',(-0.00790769010883989,0.0043,0.000394215000682968));
#9091=CARTESIAN_POINT('',(-0.00791779791929206,0.0043,0.000381164479401827));
#9092=CARTESIAN_POINT('',(-0.00792742536355115,0.0043,0.000368252245238513));
#9093=CARTESIAN_POINT('',(-0.00793921103367205,0.0043,0.000353323348643041));
#9094=CARTESIAN_POINT('',(-0.00795541105620055,0.0043,0.000333503124585202));
#9095=CARTESIAN_POINT('',(-0.00797548816910173,0.0043,0.000309964475681105));
#9096=CARTESIAN_POINT('',(-0.00799982996537315,0.0043,0.000282538429377161));
#9097=CARTESIAN_POINT('',(-0.00802852587575225,0.0043,0.000251486367404189));
#9098=CARTESIAN_POINT('',(-0.0080617508457866,0.0043,0.00021694362091183));
#9099=CARTESIAN_POINT('',(-0.00809964786436019,0.0043,0.00017908941001531));
#9100=CARTESIAN_POINT('',(-0.00814236293768576,0.0043,0.000138095841030018));
#9101=CARTESIAN_POINT('',(-0.00819003458839781,0.0043,9.41428151567843E-5));
#9102=CARTESIAN_POINT('',(-0.00824279675853407,0.0043,4.74135126088612E-5));
#9103=CARTESIAN_POINT('',(-0.00830077781617692,0.0043,-1.90447386572493E-6));
#9104=CARTESIAN_POINT('',(-0.00836410069426092,0.0043,-5.36196440329359E-5));
#9105=CARTESIAN_POINT('',(-0.00843288271016502,0.0043,-0.000107536630110924));
#9106=CARTESIAN_POINT('',(-0.00850723548156991,0.0043,-0.000163456373631212));
#9107=CARTESIAN_POINT('',(-0.00858726482003946,0.0043,-0.000221176267210823));
#9108=CARTESIAN_POINT('',(-0.00867307063582546,0.0043,-0.000280490309781209));
#9109=CARTESIAN_POINT('',(-0.00876474684471812,0.0043,-0.000341189261166864));
#9110=CARTESIAN_POINT('',(-0.00886238127846738,0.0043,-0.000403060800516209));
#9111=CARTESIAN_POINT('',(-0.0089660556026255,0.0043,-0.000465889684440068));
#9112=CARTESIAN_POINT('',(-0.00907584522441338,0.0043,-0.000529457916439772));
#9113=CARTESIAN_POINT('',(-0.00919181925878042,0.0043,-0.000593544883452497));
#9114=CARTESIAN_POINT('',(-0.00931404028972928,0.0043,-0.000657927629082438));
#9115=CARTESIAN_POINT('',(-0.00944256493991261,0.0043,-0.000722380609974174));
#9116=CARTESIAN_POINT('',(-0.00957744135184286,0.0043,-0.000786677448877879));
#9117=CARTESIAN_POINT('',(-0.00971871855304257,0.0043,-0.000850585026119167));
#9118=CARTESIAN_POINT('',(-0.00986641023980667,0.0043,-0.000913886978605376));
#9119=CARTESIAN_POINT('',(-0.0100206333156953,0.0043,-0.00097629447388017));
#9120=CARTESIAN_POINT('',(-0.0101564072335268,0.0043,-0.00102833333234699));
#9121=CARTESIAN_POINT('',(-0.010241508057418,0.0043,-0.00105904199390706));
#9122=CARTESIAN_POINT('',(-0.0102719939297522,0.0043,-0.00106993498974042));
#9123=CARTESIAN_POINT('',(-0.00761722629445713,0.0043,0.000823189491137202));
#9124=CARTESIAN_POINT('',(-0.00761722629445725,0.0013,0.000823189491137032));
#9125=CARTESIAN_POINT('',(-2.42861286636753E-17,0.0043,0.012055));
#9126=CARTESIAN_POINT('',(-0.00671327783501152,0.0043,0.00101995679719736));
#9127=CARTESIAN_POINT('',(-0.00671327783501152,0.0043,0.00101995679719736));
#9128=CARTESIAN_POINT('',(-2.42861286636753E-17,0.0043,0.012055));
#9129=CARTESIAN_POINT('',(-0.00619998882798012,0.0043,0.000723609250815705));
#9130=CARTESIAN_POINT('',(-0.00619998882798012,0.0043,0.000723609250815702));
#9131=CARTESIAN_POINT('',(-0.00652197505349551,0.0028,0.000135132103775654));
#9132=CARTESIAN_POINT('',(-0.00652197505349551,0.0043,0.000135132103775654));
#9133=CARTESIAN_POINT('',(-0.00706192088113709,0.0028,0.000446869972712347));
#9134=CARTESIAN_POINT('',(-0.00706192088113709,0.0043,0.000446869972712347));
#9135=CARTESIAN_POINT('',(-0.0123838915262023,0.0043,0.00650387991920625));
#9136=CARTESIAN_POINT('',(-0.0123838915262023,0.00129999999999999,0.00650387991920625));
#9137=CARTESIAN_POINT('',(-0.0125026346981899,0.0043,0.00645070204112434));
#9138=CARTESIAN_POINT('',(-0.0125026346981899,0.00129999999999999,0.00645070204112434));
#9139=CARTESIAN_POINT('',(-0.0127132913026365,0.0043,0.00635628533008845));
#9140=CARTESIAN_POINT('',(-0.0127132913026365,0.00129999999999999,0.00635628533008845));
#9141=CARTESIAN_POINT('',(-0.012882994670303,0.0043,0.00627993360167904));
#9142=CARTESIAN_POINT('',(-0.012882994670303,0.00129999999999999,0.00627993360167904));
#9143=CARTESIAN_POINT('',(-0.0128803768299851,0.0043,0.00628003564631476));
#9144=CARTESIAN_POINT('',(-0.0128803768299851,0.00129999999999999,0.00628003564631476));
#9145=CARTESIAN_POINT('',(-0.0129450438049683,0.0043,0.00624522479533101));
#9146=CARTESIAN_POINT('',(-0.0129450438049683,0.00129999999999999,0.00624522479533101));
#9147=CARTESIAN_POINT('',(-0.0130228865915709,0.0043,0.0061960834408542));
#9148=CARTESIAN_POINT('',(-0.0130228865915709,0.00129999999999999,0.0061960834408542));
#9149=CARTESIAN_POINT('',(-0.0131753860427419,0.0043,0.00608964251809151));
#9150=CARTESIAN_POINT('',(-0.0131753860427419,0.00129999999999999,0.00608964251809151));
#9151=CARTESIAN_POINT('',(-0.013384000927825,0.0043,0.00592031682690957));
#9152=CARTESIAN_POINT('',(-0.013384000927825,0.00129999999999999,0.00592031682690957));
#9153=CARTESIAN_POINT('',(-0.0136509653555522,0.0043,0.00566526269289289));
#9154=CARTESIAN_POINT('',(-0.0136509653555522,0.00129999999999999,0.00566526269289289));
#9155=CARTESIAN_POINT('',(-0.0139228930051135,0.0043,0.00536451881700568));
#9156=CARTESIAN_POINT('',(-0.0139228930051135,0.00129999999999999,0.00536451881700568));
#9157=CARTESIAN_POINT('',(-0.0142836912553553,0.0043,0.00490766040078938));
#9158=CARTESIAN_POINT('',(-0.0142836912553553,0.00129999999999999,0.00490766040078938));
#9159=CARTESIAN_POINT('',(-0.0145445416992916,0.0043,0.00450738757560517));
#9160=CARTESIAN_POINT('',(-0.0145445416992916,0.00129999999999999,0.00450738757560517));
#9161=CARTESIAN_POINT('',(-0.0147092507625848,0.0043,0.00421818178205107));
#9162=CARTESIAN_POINT('',(-0.0147092507625848,0.00129999999999999,0.00421818178205107));
#9163=CARTESIAN_POINT('',(-0.0117865326893529,0.0043,0.00677125843359148));
#9164=CARTESIAN_POINT('',(-0.0122999420615996,0.0043,0.00654150779214055));
#9165=CARTESIAN_POINT('',(-0.0128567874504907,0.0043,0.0062923195376938));
#9166=CARTESIAN_POINT('',(-0.0128713949078945,0.0043,0.0062846314868326));
#9167=CARTESIAN_POINT('',(-0.0128857827643584,0.0043,0.00627739249101662));
#9168=CARTESIAN_POINT('',(-0.0129025314176086,0.0043,0.0062683782473955));
#9169=CARTESIAN_POINT('',(-0.0129248636323174,0.0043,0.00625586608539905));
#9170=CARTESIAN_POINT('',(-0.0129515310303217,0.0043,0.0062401814324428));
#9171=CARTESIAN_POINT('',(-0.01298276732192,0.0043,0.00622097192571375));
#9172=CARTESIAN_POINT('',(-0.0130183306258418,0.0043,0.00619810410466708));
#9173=CARTESIAN_POINT('',(-0.0130581180458973,0.0043,0.00617138218156366));
#9174=CARTESIAN_POINT('',(-0.0131019779144867,0.0043,0.00614063421859555));
#9175=CARTESIAN_POINT('',(-0.0131497660936889,0.0043,0.0061056865417644));
#9176=CARTESIAN_POINT('',(-0.0132013294696098,0.0043,0.00606637149339012));
#9177=CARTESIAN_POINT('',(-0.0132565109037457,0.0043,0.00602252535740528));
#9178=CARTESIAN_POINT('',(-0.0133151479441877,0.0043,0.00597398914078826));
#9179=CARTESIAN_POINT('',(-0.0133770733471007,0.0043,0.00592060852456536));
#9180=CARTESIAN_POINT('',(-0.0134421150847273,0.0043,0.00586223404841293));
#9181=CARTESIAN_POINT('',(-0.0135100965049515,0.0043,0.00579872122423335));
#9182=CARTESIAN_POINT('',(-0.0135808364524369,0.0043,0.00572993066557533));
#9183=CARTESIAN_POINT('',(-0.0136541494049672,0.0043,0.00565572820833814));
#9184=CARTESIAN_POINT('',(-0.0137298456095011,0.0043,0.0055759850293483));
#9185=CARTESIAN_POINT('',(-0.0138077312226412,0.0043,0.00549057776208854));
#9186=CARTESIAN_POINT('',(-0.0138876084521034,0.0043,0.00539938860506754));
#9187=CARTESIAN_POINT('',(-0.0139692757075722,0.0043,0.00530230544197482));
#9188=CARTESIAN_POINT('',(-0.0140525277292779,0.0043,0.00519922189881601));
#9189=CARTESIAN_POINT('',(-0.0141371558156313,0.0043,0.00509003762640826));
#9190=CARTESIAN_POINT('',(-0.0142229476822079,0.0043,0.00497465769713159));
#9191=CARTESIAN_POINT('',(-0.0143096887507964,0.0043,0.00485299538986958));
#9192=CARTESIAN_POINT('',(-0.014397157956874,0.0043,0.0047249619411313));
#9193=CARTESIAN_POINT('',(-0.0144851446027264,0.0043,0.00459050629164255));
#9194=CARTESIAN_POINT('',(-0.0145733845440014,0.0043,0.00444946315864124));
#9195=CARTESIAN_POINT('',(-0.0146482097086835,0.0043,0.00432478840464459));
#9196=CARTESIAN_POINT('',(-0.0146932294396592,0.0043,0.00424631295660731));
#9197=CARTESIAN_POINT('',(-0.0147092507625848,0.0043,0.00421818178205107));
#9198=CARTESIAN_POINT('',(-0.0123838915344012,0.0043,0.00650387991553446));
#9199=CARTESIAN_POINT('',(-0.0123838915344014,0.0043,0.00650387991553438));
#9200=CARTESIAN_POINT('',(-0.0130548024956518,0.0043,0.00834719265823326));
#9201=CARTESIAN_POINT('',(-0.0130548024956518,0.0013,0.00834719265823326));
#9202=CARTESIAN_POINT('',(-0.0131799471238517,0.0043,0.00831160263654628));
#9203=CARTESIAN_POINT('',(-0.0131799471238517,0.0013,0.00831160263654628));
#9204=CARTESIAN_POINT('',(-0.0134020093370955,0.0043,0.00824852257813598));
#9205=CARTESIAN_POINT('',(-0.0134020093370955,0.0013,0.00824852257813598));
#9206=CARTESIAN_POINT('',(-0.0135810876038748,0.0043,0.00819792817334839));
#9207=CARTESIAN_POINT('',(-0.0135810876038748,0.0013,0.00819792817334839));
#9208=CARTESIAN_POINT('',(-0.0135790166288188,0.0043,0.00819953271794275));
#9209=CARTESIAN_POINT('',(-0.0135790166288188,0.0013,0.00819953271794275));
#9210=CARTESIAN_POINT('',(-0.013650930389353,0.0043,0.00818463224662393));
#9211=CARTESIAN_POINT('',(-0.013650930389353,0.0013,0.00818463224662393));
#9212=CARTESIAN_POINT('',(-0.0137421488772477,0.0043,0.00817224032941669));
#9213=CARTESIAN_POINT('',(-0.0137421488772477,0.0013,0.00817224032941669));
#9214=CARTESIAN_POINT('',(-0.0139273891407115,0.0043,0.00815575404912272));
#9215=CARTESIAN_POINT('',(-0.0139273891407115,0.0013,0.00815575404912272));
#9216=CARTESIAN_POINT('',(-0.0141960378704746,0.0043,0.00815136999060236));
#9217=CARTESIAN_POINT('',(-0.0141960378704746,0.0013,0.00815136999060236));
#9218=CARTESIAN_POINT('',(-0.0145644901239907,0.0043,0.0081751513662903));
#9219=CARTESIAN_POINT('',(-0.0145644901239907,0.0013,0.0081751513662903));
#9220=CARTESIAN_POINT('',(-0.014966113225977,0.0043,0.00823074281734654));
#9221=CARTESIAN_POINT('',(-0.014966113225977,0.0013,0.00823074281734654));
#9222=CARTESIAN_POINT('',(-0.0155361636499867,0.0043,0.00834880002352918));
#9223=CARTESIAN_POINT('',(-0.0155361636499867,0.0013,0.00834880002352918));
#9224=CARTESIAN_POINT('',(-0.0159932770955715,0.0043,0.00848775536364954));
#9225=CARTESIAN_POINT('',(-0.0159932770955715,0.0013,0.00848775536364954));
#9226=CARTESIAN_POINT('',(-0.016305349458985,0.0043,0.00860342690963155));
#9227=CARTESIAN_POINT('',(-0.016305349458985,0.0013,0.00860342690963155));
#9228=CARTESIAN_POINT('',(-0.0124253314819921,0.0043,0.00852634369194259));
#9229=CARTESIAN_POINT('',(-0.0129663067442891,0.0043,0.00837232971095201));
#9230=CARTESIAN_POINT('',(-0.0135530501825633,0.0043,0.00820528567207114));
#9231=CARTESIAN_POINT('',(-0.0135691819279718,0.0043,0.00820178556808363));
#9232=CARTESIAN_POINT('',(-0.0135848568022815,0.0043,0.00819808262473726));
#9233=CARTESIAN_POINT('',(-0.0136034812591439,0.0043,0.00819422210918397));
#9234=CARTESIAN_POINT('',(-0.0136286313908258,0.0043,0.00818945211044105));
#9235=CARTESIAN_POINT('',(-0.013659141703462,0.0043,0.00818432577866069));
#9236=CARTESIAN_POINT('',(-0.0136954177239781,0.0043,0.00817896281333362));
#9237=CARTESIAN_POINT('',(-0.0137373599473557,0.0043,0.0081736209294522));
#9238=CARTESIAN_POINT('',(-0.0137850154004731,0.0043,0.00816851624952195));
#9239=CARTESIAN_POINT('',(-0.0138383784187009,0.0043,0.00816387797559917));
#9240=CARTESIAN_POINT('',(-0.01389745022148,0.0043,0.0081599317997549));
#9241=CARTESIAN_POINT('',(-0.0139622212850418,0.0043,0.00815690457493746));
#9242=CARTESIAN_POINT('',(-0.0140326764689687,0.0043,0.00815502272161356));
#9243=CARTESIAN_POINT('',(-0.0141087935266227,0.0043,0.00815451245757823));
#9244=CARTESIAN_POINT('',(-0.0141905435361176,0.0043,0.00815559950028878));
#9245=CARTESIAN_POINT('',(-0.01427789078779,0.0043,0.00815850892030643));
#9246=CARTESIAN_POINT('',(-0.0143707928334269,0.0043,0.00816346495172699));
#9247=CARTESIAN_POINT('',(-0.0144692004958734,0.0043,0.00817069081517255));
#9248=CARTESIAN_POINT('',(-0.0145730578958882,0.0043,0.00818040853768887));
#9249=CARTESIAN_POINT('',(-0.0146823024801483,0.0043,0.00819283877445597));
#9250=CARTESIAN_POINT('',(-0.014796865054465,0.0043,0.00820820062984297));
#9251=CARTESIAN_POINT('',(-0.0149166698224971,0.0043,0.0082267114834572));
#9252=CARTESIAN_POINT('',(-0.015041634424079,0.0043,0.00824858680113235));
#9253=CARTESIAN_POINT('',(-0.0151716699969901,0.0043,0.0082740400085124));
#9254=CARTESIAN_POINT('',(-0.0153066811697493,0.0043,0.00830328212832688));
#9255=CARTESIAN_POINT('',(-0.0154465663413506,0.0043,0.00833652233314946));
#9256=CARTESIAN_POINT('',(-0.0155912168786069,0.0043,0.0083739649834249));
#9257=CARTESIAN_POINT('',(-0.0157405204923411,0.0043,0.00841582017346837));
#9258=CARTESIAN_POINT('',(-0.0158943485990087,0.0043,0.0084622624508334));
#9259=CARTESIAN_POINT('',(-0.0160526050940082,0.0043,0.00851358821817815));
#9260=CARTESIAN_POINT('',(-0.0161900638827282,0.0043,0.00856099793192405));
#9261=CARTESIAN_POINT('',(-0.0162749940431357,0.0043,0.00859217548755172));
#9262=CARTESIAN_POINT('',(-0.016305349458985,0.0043,0.00860342690963155));
#9263=CARTESIAN_POINT('',(-0.0130548025042927,0.0043,0.00834719265577587));
#9264=CARTESIAN_POINT('',(-0.0130548025042929,0.0013,0.00834719265577581));
#9265=CARTESIAN_POINT('',(-3.29597460435593E-17,0.0043,0.012055));
#9266=CARTESIAN_POINT('',(-0.0122358582237416,0.0043,0.00791687828764387));
#9267=CARTESIAN_POINT('',(-0.0122358582237416,0.0043,0.00791687828764387));
#9268=CARTESIAN_POINT('',(-3.29597460435593E-17,0.0043,0.012055));
#9269=CARTESIAN_POINT('',(-0.0120331445631663,0.0043,0.00735992708259817));
#9270=CARTESIAN_POINT('',(-0.0120331445631663,0.0043,0.00735992708259816));
#9271=CARTESIAN_POINT('',(-0.0126580661406842,0.0028,0.00711609619045666));
#9272=CARTESIAN_POINT('',(-0.0126580661406842,0.0043,0.00711609619045666));
#9273=CARTESIAN_POINT('',(-0.0128713074019117,0.0028,0.00770197174057531));
#9274=CARTESIAN_POINT('',(-0.0128713074019117,0.0043,0.00770197174057531));
#9275=CARTESIAN_POINT('',(-0.00973845659813435,0.0043,0.0026031130682604));
#9276=CARTESIAN_POINT('',(-0.00973845659813435,0.0013,0.0026031130682604));
#9277=CARTESIAN_POINT('',(-0.00983185077513645,0.0043,0.00251252965193565));
#9278=CARTESIAN_POINT('',(-0.00983185077513645,0.0013,0.00251252965193565));
#9279=CARTESIAN_POINT('',(-0.0099975108148139,0.0043,0.00235175816325102));
#9280=CARTESIAN_POINT('',(-0.0099975108148139,0.0013,0.00235175816325102));
#9281=CARTESIAN_POINT('',(-0.010130865988039,0.0043,0.00222196903734828));
#9282=CARTESIAN_POINT('',(-0.010130865988039,0.0013,0.00222196903734828));
#9283=CARTESIAN_POINT('',(-0.0101284409241307,0.0043,0.00222296028206018));
#9284=CARTESIAN_POINT('',(-0.0101284409241307,0.0013,0.00222296028206018));
#9285=CARTESIAN_POINT('',(-0.0101773019910883,0.0043,0.00216813137421527));
#9286=CARTESIAN_POINT('',(-0.0101773019910883,0.0013,0.00216813137421527));
#9287=CARTESIAN_POINT('',(-0.0102336429501387,0.0043,0.00209532980500733));
#9288=CARTESIAN_POINT('',(-0.0102336429501387,0.0013,0.00209532980500733));
#9289=CARTESIAN_POINT('',(-0.0103405406194191,0.0043,0.00194315017119097));
#9290=CARTESIAN_POINT('',(-0.0103405406194191,0.0013,0.00194315017119097));
#9291=CARTESIAN_POINT('',(-0.010478661690351,0.0043,0.00171268557578184));
#9292=CARTESIAN_POINT('',(-0.010478661690351,0.0013,0.00171268557578184));
#9293=CARTESIAN_POINT('',(-0.0106422925416263,0.0043,0.00138170587631135));
#9294=CARTESIAN_POINT('',(-0.0106422925416263,0.0013,0.00138170587631135));
#9295=CARTESIAN_POINT('',(-0.0107949604837715,0.0043,0.00100609434171639));
#9296=CARTESIAN_POINT('',(-0.0107949604837715,0.0013,0.00100609434171639));
#9297=CARTESIAN_POINT('',(-0.0109777451561223,0.0043,0.000453387589994641));
#9298=CARTESIAN_POINT('',(-0.0109777451561223,0.0013,0.000453387589994641));
#9299=CARTESIAN_POINT('',(-0.0110859630243792,0.0043,-1.19619363537252E-5));
#9300=CARTESIAN_POINT('',(-0.0110859630243792,0.0013,-1.19619363537252E-5));
#9301=CARTESIAN_POINT('',(-0.0111418247087703,0.0043,-0.00034006030387964));
#9302=CARTESIAN_POINT('',(-0.0111418247087703,0.0013,-0.00034006030387964));
#9303=CARTESIAN_POINT('',(-0.00926857174499798,0.0043,0.00305867544018098));
#9304=CARTESIAN_POINT('',(-0.00967243939622228,0.0043,0.00266718411070816));
#9305=CARTESIAN_POINT('',(-0.010110475496581,0.0043,0.00224257140709924));
#9306=CARTESIAN_POINT('',(-0.0101215725482543,0.0043,0.00223035095776189));
#9307=CARTESIAN_POINT('',(-0.0101326168284159,0.0043,0.00221862759008177));
#9308=CARTESIAN_POINT('',(-0.0101452723613879,0.0043,0.00220442859508388));
#9309=CARTESIAN_POINT('',(-0.0101619783673163,0.0043,0.00218503294151025));
#9310=CARTESIAN_POINT('',(-0.0101816730571844,0.0043,0.00216117340158013));
#9311=CARTESIAN_POINT('',(-0.0102044555316553,0.0043,0.0021324389289285));
#9312=CARTESIAN_POINT('',(-0.0102300528504895,0.0043,0.00209878683993302));
#9313=CARTESIAN_POINT('',(-0.010258301359546,0.0043,0.00206006834686958));
#9314=CARTESIAN_POINT('',(-0.0102889997317067,0.0043,0.00201617375442306));
#9315=CARTESIAN_POINT('',(-0.0103219531216252,0.0043,0.0019669891604912));
#9316=CARTESIAN_POINT('',(-0.010356960307001,0.0043,0.00191240938642525));
#9317=CARTESIAN_POINT('',(-0.0103938176317491,0.0043,0.00185233433397821));
#9318=CARTESIAN_POINT('',(-0.0104323180621933,0.0043,0.00178667016040618));
#9319=CARTESIAN_POINT('',(-0.0104722516603384,0.0043,0.00171532905406873));
#9320=CARTESIAN_POINT('',(-0.0105134056545291,0.0043,0.00163822940516083));
#9321=CARTESIAN_POINT('',(-0.0105555646282354,0.0043,0.00155529585786545));
#9322=CARTESIAN_POINT('',(-0.0105985106781505,0.0043,0.00146645939053697));
#9323=CARTESIAN_POINT('',(-0.0106420235835918,0.0043,0.00137165738249497));
#9324=CARTESIAN_POINT('',(-0.0106858809749065,0.0043,0.0012708336789163));
#9325=CARTESIAN_POINT('',(-0.0107298585050505,0.0043,0.00116393865154162));
#9326=CARTESIAN_POINT('',(-0.0107737300195909,0.0043,0.00105092925212417));
#9327=CARTESIAN_POINT('',(-0.0108172677395592,0.0043,0.000931769073742934));
#9328=CARTESIAN_POINT('',(-0.0108602424018159,0.0043,0.000806428360516198));
#9329=CARTESIAN_POINT('',(-0.0109024235695756,0.0043,0.000674884195204784));
#9330=CARTESIAN_POINT('',(-0.0109435792935729,0.0043,0.00053711998057401));
#9331=CARTESIAN_POINT('',(-0.0109834782758775,0.0043,0.000393127615501261));
#9332=CARTESIAN_POINT('',(-0.0110218824248868,0.0043,0.000242899298108869));
#9333=CARTESIAN_POINT('',(-0.0110585762862129,0.0043,8.64591112361389E-5));
#9334=CARTESIAN_POINT('',(-0.0110932551153233,0.0043,-7.62579174196192E-5));
#9335=CARTESIAN_POINT('',(-0.0111209264931932,0.0043,-0.000219005577297531));
#9336=CARTESIAN_POINT('',(-0.0111363910181955,0.0043,-0.00030814603157181));
#9337=CARTESIAN_POINT('',(-0.0111418247087703,0.0043,-0.00034006030387964));
#9338=CARTESIAN_POINT('',(-0.00973845660458297,0.0043,0.00260311306200586));
#9339=CARTESIAN_POINT('',(-0.00973845660458312,0.0043,0.00260311306200571));
#9340=CARTESIAN_POINT('',(-0.0109993567725264,0.0043,0.00410579538099486));
#9341=CARTESIAN_POINT('',(-0.0109993567725264,0.0013,0.00410579538099486));
#9342=CARTESIAN_POINT('',(-0.0111047817518585,0.0043,0.00402954971656863));
#9343=CARTESIAN_POINT('',(-0.0111047817518585,0.0013,0.00402954971656863));
#9344=CARTESIAN_POINT('',(-0.0112918773243807,0.0043,0.00389432410116085));
#9345=CARTESIAN_POINT('',(-0.0112918773243807,0.0013,0.00389432410116085));
#9346=CARTESIAN_POINT('',(-0.0114428515446394,0.0043,0.00378553253785852));
#9347=CARTESIAN_POINT('',(-0.0114428515446394,0.0013,0.00378553253785852));
#9348=CARTESIAN_POINT('',(-0.0114414542512335,0.0043,0.00378774863175904));
#9349=CARTESIAN_POINT('',(-0.0114414542512335,0.0013,0.00378774863175904));
#9350=CARTESIAN_POINT('',(-0.0115039348200045,0.0043,0.00374915081412952));
#9351=CARTESIAN_POINT('',(-0.0115039348200045,0.0013,0.00374915081412952));
#9352=CARTESIAN_POINT('',(-0.011585413874659,0.0043,0.00370630766066878));
#9353=CARTESIAN_POINT('',(-0.011585413874659,0.0013,0.00370630766066878));
#9354=CARTESIAN_POINT('',(-0.0117538441433593,0.0043,0.0036274597232728));
#9355=CARTESIAN_POINT('',(-0.0117538441433593,0.0013,0.0036274597232728));
#9356=CARTESIAN_POINT('',(-0.0120047919359778,0.0043,0.00353145677877424));
#9357=CARTESIAN_POINT('',(-0.0120047919359778,0.0013,0.00353145677877424));
#9358=CARTESIAN_POINT('',(-0.01235915750924,0.0043,0.00342778586946412));
#9359=CARTESIAN_POINT('',(-0.01235915750924,0.0013,0.00342778586946412));
#9360=CARTESIAN_POINT('',(-0.0127555731705716,0.0043,0.00334266155489621));
#9361=CARTESIAN_POINT('',(-0.0127555731705716,0.0013,0.00334266155489621));
#9362=CARTESIAN_POINT('',(-0.0133316232900685,0.0043,0.00325863031265397));
#9363=CARTESIAN_POINT('',(-0.0133316232900685,0.0013,0.00325863031265397));
#9364=CARTESIAN_POINT('',(-0.0138086949470907,0.0043,0.00323286361420882));
#9365=CARTESIAN_POINT('',(-0.0138086949470907,0.0013,0.00323286361420882));
#9366=CARTESIAN_POINT('',(-0.0141415090428769,0.0043,0.00323482427794038));
#9367=CARTESIAN_POINT('',(-0.0141415090428769,0.0013,0.00323482427794038));
#9368=CARTESIAN_POINT('',(-0.010469120768218,0.0043,0.00448943405168892));
#9369=CARTESIAN_POINT('',(-0.0109247953463736,0.0043,0.00415968381350776));
#9370=CARTESIAN_POINT('',(-0.0114190213994948,0.0043,0.00380203568797116));
#9371=CARTESIAN_POINT('',(-0.011432983175548,0.0043,0.00379322928420542));
#9372=CARTESIAN_POINT('',(-0.0114464462580545,0.0043,0.00378438853290965));
#9373=CARTESIAN_POINT('',(-0.0114626271486514,0.0043,0.00377439089552635));
#9374=CARTESIAN_POINT('',(-0.011484629106151,0.0043,0.00376130671126396));
#9375=CARTESIAN_POINT('',(-0.0115115461130628,0.0043,0.00374605439361753));
#9376=CARTESIAN_POINT('',(-0.0115438001796835,0.0043,0.00372860772493794));
#9377=CARTESIAN_POINT('',(-0.0115813859456,0.0043,0.00370924291082247));
#9378=CARTESIAN_POINT('',(-0.0116244215198733,0.0043,0.00368814695585506));
#9379=CARTESIAN_POINT('',(-0.011672979971213,0.0043,0.00366553717693408));
#9380=CARTESIAN_POINT('',(-0.0117271396367531,0.0043,0.00364162523815989));
#9381=CARTESIAN_POINT('',(-0.0117869691553567,0.0043,0.00361662756889471));
#9382=CARTESIAN_POINT('',(-0.0118525317400453,0.0043,0.00359076211310814));
#9383=CARTESIAN_POINT('',(-0.0119238838568603,0.0043,0.00356424905479113));
#9384=CARTESIAN_POINT('',(-0.0120010755280354,0.0043,0.0035373103908404));
#9385=CARTESIAN_POINT('',(-0.0120841501761294,0.0043,0.00351016983182565));
#9386=CARTESIAN_POINT('',(-0.0121731446054471,0.0043,0.00348305260701595));
#9387=CARTESIAN_POINT('',(-0.0122680889505281,0.0043,0.00345618529476026));
#9388=CARTESIAN_POINT('',(-0.0123690066397839,0.0043,0.00342979564406119));
#9389=CARTESIAN_POINT('',(-0.0124759143608346,0.0043,0.00340411239745966));
#9390=CARTESIAN_POINT('',(-0.0125888220305194,0.0043,0.00337936511152087));
#9391=CARTESIAN_POINT('',(-0.0127077327717804,0.0043,0.00335578398013316));
#9392=CARTESIAN_POINT('',(-0.0128326428850329,0.0043,0.00333359964378618));
#9393=CARTESIAN_POINT('',(-0.0129635418629733,0.0043,0.00331304304965205));
#9394=CARTESIAN_POINT('',(-0.0131004122597489,0.0043,0.0032943451132002));
#9395=CARTESIAN_POINT('',(-0.0132432301428776,0.0043,0.00327773714194516));
#9396=CARTESIAN_POINT('',(-0.0133919633259438,0.0043,0.00326344832662713));
#9397=CARTESIAN_POINT('',(-0.0135465781481241,0.0043,0.00325171449648415));
#9398=CARTESIAN_POINT('',(-0.0137070134791899,0.0043,0.0032427436507266));
#9399=CARTESIAN_POINT('',(-0.0138732803860358,0.0043,0.0032368471864547));
#9400=CARTESIAN_POINT('',(-0.0140186644725486,0.0043,0.00323438406999591));
#9401=CARTESIAN_POINT('',(-0.01410913606961,0.0043,0.00323463356331811));
#9402=CARTESIAN_POINT('',(-0.0141415090428769,0.0043,0.00323482427794038));
#9403=CARTESIAN_POINT('',(-0.0109993567798058,0.0043,0.00410579537573029));
#9404=CARTESIAN_POINT('',(-0.0109993567798059,0.0013,0.00410579537573017));
#9405=CARTESIAN_POINT('',(-3.12250225675825E-17,0.0043,0.012055));
#9406=CARTESIAN_POINT('',(-0.0100826247006734,0.0043,0.00398152757958834));
#9407=CARTESIAN_POINT('',(-0.0100826247006734,0.0043,0.00398152757958834));
#9408=CARTESIAN_POINT('',(-3.12250225675825E-17,0.0043,0.012055));
#9409=CARTESIAN_POINT('',(-0.00970164763872316,0.0043,0.00352749679731312));
#9410=CARTESIAN_POINT('',(-0.00970164763872316,0.0043,0.00352749679731311));
#9411=CARTESIAN_POINT('',(-0.0102054867570092,0.0028,0.0030846349397381));
#9412=CARTESIAN_POINT('',(-0.0102054867570092,0.0043,0.0030846349397381));
#9413=CARTESIAN_POINT('',(-0.0106062492362544,0.0028,0.00356224506415551));
#9414=CARTESIAN_POINT('',(-0.0106062492362544,0.0043,0.00356224506415551));
#9415=CARTESIAN_POINT('',(0.0109993567725264,0.0043,0.00410579538099486));
#9416=CARTESIAN_POINT('',(0.0109993567725264,0.0013,0.00410579538099486));
#9417=CARTESIAN_POINT('',(0.0111047817518585,0.0043,0.00402954971656863));
#9418=CARTESIAN_POINT('',(0.0111047817518585,0.0013,0.00402954971656863));
#9419=CARTESIAN_POINT('',(0.0112918773243807,0.0043,0.00389432410116085));
#9420=CARTESIAN_POINT('',(0.0112918773243807,0.0013,0.00389432410116085));
#9421=CARTESIAN_POINT('',(0.0114428515446394,0.0043,0.00378553253785852));
#9422=CARTESIAN_POINT('',(0.0114428515446394,0.0013,0.00378553253785852));
#9423=CARTESIAN_POINT('',(0.0114414542512335,0.0043,0.00378774863175904));
#9424=CARTESIAN_POINT('',(0.0114414542512335,0.0013,0.00378774863175904));
#9425=CARTESIAN_POINT('',(0.0115039348200045,0.0043,0.00374915081412953));
#9426=CARTESIAN_POINT('',(0.0115039348200045,0.0013,0.00374915081412953));
#9427=CARTESIAN_POINT('',(0.011585413874659,0.0043,0.00370630766066879));
#9428=CARTESIAN_POINT('',(0.011585413874659,0.0013,0.00370630766066879));
#9429=CARTESIAN_POINT('',(0.0117538441433593,0.0043,0.00362745972327281));
#9430=CARTESIAN_POINT('',(0.0117538441433593,0.0013,0.00362745972327281));
#9431=CARTESIAN_POINT('',(0.0120047919359778,0.0043,0.00353145677877424));
#9432=CARTESIAN_POINT('',(0.0120047919359778,0.0013,0.00353145677877424));
#9433=CARTESIAN_POINT('',(0.01235915750924,0.0043,0.00342778586946413));
#9434=CARTESIAN_POINT('',(0.01235915750924,0.0013,0.00342778586946413));
#9435=CARTESIAN_POINT('',(0.0127555731705716,0.0043,0.00334266155489621));
#9436=CARTESIAN_POINT('',(0.0127555731705716,0.0013,0.00334266155489621));
#9437=CARTESIAN_POINT('',(0.0133316232900685,0.0043,0.003258630312654));
#9438=CARTESIAN_POINT('',(0.0133316232900685,0.0013,0.003258630312654));
#9439=CARTESIAN_POINT('',(0.0138086949470907,0.0043,0.00323286361420878));
#9440=CARTESIAN_POINT('',(0.0138086949470907,0.0013,0.00323286361420878));
#9441=CARTESIAN_POINT('',(0.0141415090428769,0.0043,0.00323482427794039));
#9442=CARTESIAN_POINT('',(0.0141415090428769,0.0013,0.00323482427794039));
#9443=CARTESIAN_POINT('',(0.010469120768218,0.0043,0.00448943405168892));
#9444=CARTESIAN_POINT('',(0.0109247953463736,0.0043,0.00415968381350776));
#9445=CARTESIAN_POINT('',(0.0114190213994948,0.0043,0.00380203568797116));
#9446=CARTESIAN_POINT('',(0.011432983175548,0.0043,0.00379322928420543));
#9447=CARTESIAN_POINT('',(0.0114464462580545,0.0043,0.00378438853290966));
#9448=CARTESIAN_POINT('',(0.0114626271486514,0.0043,0.00377439089552635));
#9449=CARTESIAN_POINT('',(0.011484629106151,0.0043,0.00376130671126396));
#9450=CARTESIAN_POINT('',(0.0115115461130628,0.0043,0.00374605439361754));
#9451=CARTESIAN_POINT('',(0.0115438001796835,0.0043,0.00372860772493794));
#9452=CARTESIAN_POINT('',(0.0115813859456,0.0043,0.00370924291082247));
#9453=CARTESIAN_POINT('',(0.0116244215198733,0.0043,0.00368814695585507));
#9454=CARTESIAN_POINT('',(0.011672979971213,0.0043,0.00366553717693408));
#9455=CARTESIAN_POINT('',(0.0117271396367531,0.0043,0.0036416252381599));
#9456=CARTESIAN_POINT('',(0.0117869691553567,0.0043,0.00361662756889472));
#9457=CARTESIAN_POINT('',(0.0118525317400453,0.0043,0.00359076211310814));
#9458=CARTESIAN_POINT('',(0.0119238838568603,0.0043,0.00356424905479113));
#9459=CARTESIAN_POINT('',(0.0120010755280354,0.0043,0.0035373103908404));
#9460=CARTESIAN_POINT('',(0.0120841501761294,0.0043,0.00351016983182565));
#9461=CARTESIAN_POINT('',(0.0121731446054471,0.0043,0.00348305260701596));
#9462=CARTESIAN_POINT('',(0.0122680889505281,0.0043,0.00345618529476027));
#9463=CARTESIAN_POINT('',(0.0123690066397839,0.0043,0.00342979564406119));
#9464=CARTESIAN_POINT('',(0.0124759143608346,0.0043,0.00340411239745967));
#9465=CARTESIAN_POINT('',(0.0125888220305194,0.0043,0.00337936511152087));
#9466=CARTESIAN_POINT('',(0.0127077327717804,0.0043,0.00335578398013316));
#9467=CARTESIAN_POINT('',(0.0128326428850329,0.0043,0.00333359964378619));
#9468=CARTESIAN_POINT('',(0.0129635418629733,0.0043,0.00331304304965206));
#9469=CARTESIAN_POINT('',(0.0131004122597489,0.0043,0.00329434511320021));
#9470=CARTESIAN_POINT('',(0.0132432301428776,0.0043,0.00327773714194517));
#9471=CARTESIAN_POINT('',(0.0133919633259438,0.0043,0.00326344832662713));
#9472=CARTESIAN_POINT('',(0.0135465781481241,0.0043,0.00325171449648416));
#9473=CARTESIAN_POINT('',(0.0137070134791899,0.0043,0.0032427436507266));
#9474=CARTESIAN_POINT('',(0.0138732803860358,0.0043,0.0032368471864547));
#9475=CARTESIAN_POINT('',(0.0140186644725486,0.0043,0.00323438406999592));
#9476=CARTESIAN_POINT('',(0.01410913606961,0.0043,0.00323463356331811));
#9477=CARTESIAN_POINT('',(0.0141415090428769,0.0043,0.00323482427794039));
#9478=CARTESIAN_POINT('',(0.0109993567798058,0.0043,0.00410579537573029));
#9479=CARTESIAN_POINT('',(0.0109993567798059,0.0043,0.00410579537573017));
#9480=CARTESIAN_POINT('',(0.00973845659813434,0.0043,0.00260311306826041));
#9481=CARTESIAN_POINT('',(0.00973845659813434,0.0013,0.00260311306826041));
#9482=CARTESIAN_POINT('',(0.00983185077513645,0.0043,0.00251252965193566));
#9483=CARTESIAN_POINT('',(0.00983185077513645,0.0013,0.00251252965193566));
#9484=CARTESIAN_POINT('',(0.00999751081481389,0.0043,0.00235175816325103));
#9485=CARTESIAN_POINT('',(0.00999751081481389,0.0013,0.00235175816325103));
#9486=CARTESIAN_POINT('',(0.010130865988039,0.0043,0.00222196903734828));
#9487=CARTESIAN_POINT('',(0.010130865988039,0.0013,0.00222196903734828));
#9488=CARTESIAN_POINT('',(0.0101284409241307,0.0043,0.00222296028206018));
#9489=CARTESIAN_POINT('',(0.0101284409241307,0.0013,0.00222296028206018));
#9490=CARTESIAN_POINT('',(0.0101773019910883,0.0043,0.00216813137421528));
#9491=CARTESIAN_POINT('',(0.0101773019910883,0.0013,0.00216813137421528));
#9492=CARTESIAN_POINT('',(0.0102336429501387,0.0043,0.00209532980500733));
#9493=CARTESIAN_POINT('',(0.0102336429501387,0.0013,0.00209532980500733));
#9494=CARTESIAN_POINT('',(0.0103405406194191,0.0043,0.00194315017119098));
#9495=CARTESIAN_POINT('',(0.0103405406194191,0.0013,0.00194315017119098));
#9496=CARTESIAN_POINT('',(0.010478661690351,0.0043,0.00171268557578184));
#9497=CARTESIAN_POINT('',(0.010478661690351,0.0013,0.00171268557578184));
#9498=CARTESIAN_POINT('',(0.0106422925416263,0.0043,0.00138170587631135));
#9499=CARTESIAN_POINT('',(0.0106422925416263,0.0013,0.00138170587631135));
#9500=CARTESIAN_POINT('',(0.0107949604837715,0.0043,0.00100609434171639));
#9501=CARTESIAN_POINT('',(0.0107949604837715,0.0013,0.00100609434171639));
#9502=CARTESIAN_POINT('',(0.0109777451561224,0.0043,0.000453387589994664));
#9503=CARTESIAN_POINT('',(0.0109777451561224,0.0013,0.000453387589994664));
#9504=CARTESIAN_POINT('',(0.011085963024379,0.0043,-1.19619363537779E-5));
#9505=CARTESIAN_POINT('',(0.011085963024379,0.0013,-1.19619363537779E-5));
#9506=CARTESIAN_POINT('',(0.0111418247087703,0.0043,-0.000340060303879628));
#9507=CARTESIAN_POINT('',(0.0111418247087703,0.0013,-0.000340060303879628));
#9508=CARTESIAN_POINT('',(0.00926857174499798,0.0043,0.00305867544018098));
#9509=CARTESIAN_POINT('',(0.00967243939622228,0.0043,0.00266718411070816));
#9510=CARTESIAN_POINT('',(0.010110475496581,0.0043,0.00224257140709925));
#9511=CARTESIAN_POINT('',(0.0101215725482543,0.0043,0.00223035095776189));
#9512=CARTESIAN_POINT('',(0.0101326168284159,0.0043,0.00221862759008178));
#9513=CARTESIAN_POINT('',(0.0101452723613879,0.0043,0.00220442859508389));
#9514=CARTESIAN_POINT('',(0.0101619783673163,0.0043,0.00218503294151026));
#9515=CARTESIAN_POINT('',(0.0101816730571844,0.0043,0.00216117340158013));
#9516=CARTESIAN_POINT('',(0.0102044555316553,0.0043,0.00213243892892851));
#9517=CARTESIAN_POINT('',(0.0102300528504895,0.0043,0.00209878683993302));
#9518=CARTESIAN_POINT('',(0.010258301359546,0.0043,0.00206006834686958));
#9519=CARTESIAN_POINT('',(0.0102889997317067,0.0043,0.00201617375442307));
#9520=CARTESIAN_POINT('',(0.0103219531216252,0.0043,0.00196698916049121));
#9521=CARTESIAN_POINT('',(0.010356960307001,0.0043,0.00191240938642526));
#9522=CARTESIAN_POINT('',(0.0103938176317491,0.0043,0.00185233433397823));
#9523=CARTESIAN_POINT('',(0.0104323180621933,0.0043,0.00178667016040618));
#9524=CARTESIAN_POINT('',(0.0104722516603384,0.0043,0.00171532905406873));
#9525=CARTESIAN_POINT('',(0.0105134056545291,0.0043,0.00163822940516084));
#9526=CARTESIAN_POINT('',(0.0105555646282354,0.0043,0.00155529585786546));
#9527=CARTESIAN_POINT('',(0.0105985106781505,0.0043,0.00146645939053697));
#9528=CARTESIAN_POINT('',(0.0106420235835918,0.0043,0.00137165738249498));
#9529=CARTESIAN_POINT('',(0.0106858809749065,0.0043,0.00127083367891631));
#9530=CARTESIAN_POINT('',(0.0107298585050505,0.0043,0.00116393865154162));
#9531=CARTESIAN_POINT('',(0.0107737300195909,0.0043,0.00105092925212417));
#9532=CARTESIAN_POINT('',(0.0108172677395592,0.0043,0.000931769073742938));
#9533=CARTESIAN_POINT('',(0.0108602424018159,0.0043,0.000806428360516203));
#9534=CARTESIAN_POINT('',(0.0109024235695756,0.0043,0.00067488419520479));
#9535=CARTESIAN_POINT('',(0.0109435792935729,0.0043,0.000537119980574017));
#9536=CARTESIAN_POINT('',(0.0109834782758776,0.0043,0.000393127615501268));
#9537=CARTESIAN_POINT('',(0.0110218824248868,0.0043,0.000242899298108874));
#9538=CARTESIAN_POINT('',(0.0110585762862129,0.0043,8.64591112361441E-5));
#9539=CARTESIAN_POINT('',(0.0110932551153233,0.0043,-7.62579174196131E-5));
#9540=CARTESIAN_POINT('',(0.0111209264931932,0.0043,-0.000219005577297527));
#9541=CARTESIAN_POINT('',(0.0111363910181955,0.0043,-0.000308146031571804));
#9542=CARTESIAN_POINT('',(0.0111418247087703,0.0043,-0.000340060303879628));
#9543=CARTESIAN_POINT('',(0.00973845660458297,0.0043,0.00260311306200586));
#9544=CARTESIAN_POINT('',(0.00973845660458312,0.0013,0.00260311306200572));
#9545=CARTESIAN_POINT('',(1.82145964977565E-17,0.0043,0.012055));
#9546=CARTESIAN_POINT('',(0.00970164763872316,0.0043,0.00352749679731312));
#9547=CARTESIAN_POINT('',(0.00970164763872316,0.0043,0.00352749679731312));
#9548=CARTESIAN_POINT('',(1.82145964977565E-17,0.0043,0.012055));
#9549=CARTESIAN_POINT('',(0.0100826247006734,0.0043,0.00398152757958834));
#9550=CARTESIAN_POINT('',(0.0100826247006734,0.0043,0.00398152757958834));
#9551=CARTESIAN_POINT('',(0.0106062492362544,0.0028,0.0035622450641555));
#9552=CARTESIAN_POINT('',(0.0106062492362544,0.0043,0.0035622450641555));
#9553=CARTESIAN_POINT('',(0.0102054867570092,0.0028,0.00308463493973811));
#9554=CARTESIAN_POINT('',(0.0102054867570092,0.0043,0.00308463493973811));
#9555=CARTESIAN_POINT('',(0.0130548024956518,0.0043,0.00834719265823327));
#9556=CARTESIAN_POINT('',(0.0130548024956518,0.0013,0.00834719265823327));
#9557=CARTESIAN_POINT('',(0.0131799471238517,0.0043,0.00831160263654628));
#9558=CARTESIAN_POINT('',(0.0131799471238517,0.0013,0.00831160263654628));
#9559=CARTESIAN_POINT('',(0.0134020093370955,0.0043,0.00824852257813598));
#9560=CARTESIAN_POINT('',(0.0134020093370955,0.0013,0.00824852257813598));
#9561=CARTESIAN_POINT('',(0.0135810876038748,0.0043,0.00819792817334839));
#9562=CARTESIAN_POINT('',(0.0135810876038748,0.0013,0.00819792817334839));
#9563=CARTESIAN_POINT('',(0.0135790166288188,0.0043,0.00819953271794274));
#9564=CARTESIAN_POINT('',(0.0135790166288188,0.0013,0.00819953271794274));
#9565=CARTESIAN_POINT('',(0.0136509303893531,0.0043,0.00818463224662395));
#9566=CARTESIAN_POINT('',(0.0136509303893531,0.0013,0.00818463224662395));
#9567=CARTESIAN_POINT('',(0.0137421488772477,0.0043,0.00817224032941667));
#9568=CARTESIAN_POINT('',(0.0137421488772477,0.0013,0.00817224032941667));
#9569=CARTESIAN_POINT('',(0.0139273891407115,0.0043,0.00815575404912275));
#9570=CARTESIAN_POINT('',(0.0139273891407115,0.0013,0.00815575404912275));
#9571=CARTESIAN_POINT('',(0.0141960378704746,0.0043,0.00815136999060235));
#9572=CARTESIAN_POINT('',(0.0141960378704746,0.0013,0.00815136999060235));
#9573=CARTESIAN_POINT('',(0.0145644901239907,0.0043,0.0081751513662903));
#9574=CARTESIAN_POINT('',(0.0145644901239907,0.0013,0.0081751513662903));
#9575=CARTESIAN_POINT('',(0.014966113225977,0.0043,0.00823074281734654));
#9576=CARTESIAN_POINT('',(0.014966113225977,0.0013,0.00823074281734654));
#9577=CARTESIAN_POINT('',(0.0155361636499867,0.0043,0.00834880002352918));
#9578=CARTESIAN_POINT('',(0.0155361636499867,0.0013,0.00834880002352918));
#9579=CARTESIAN_POINT('',(0.0159932770955715,0.0043,0.00848775536364953));
#9580=CARTESIAN_POINT('',(0.0159932770955715,0.0013,0.00848775536364953));
#9581=CARTESIAN_POINT('',(0.016305349458985,0.0043,0.00860342690963155));
#9582=CARTESIAN_POINT('',(0.016305349458985,0.0013,0.00860342690963155));
#9583=CARTESIAN_POINT('',(0.0124253314819921,0.0043,0.00852634369194259));
#9584=CARTESIAN_POINT('',(0.0129663067442891,0.0043,0.00837232971095201));
#9585=CARTESIAN_POINT('',(0.0135530501825634,0.0043,0.00820528567207114));
#9586=CARTESIAN_POINT('',(0.0135691819279718,0.0043,0.00820178556808363));
#9587=CARTESIAN_POINT('',(0.0135848568022815,0.0043,0.00819808262473726));
#9588=CARTESIAN_POINT('',(0.0136034812591439,0.0043,0.00819422210918397));
#9589=CARTESIAN_POINT('',(0.0136286313908258,0.0043,0.00818945211044106));
#9590=CARTESIAN_POINT('',(0.013659141703462,0.0043,0.0081843257786607));
#9591=CARTESIAN_POINT('',(0.0136954177239781,0.0043,0.00817896281333362));
#9592=CARTESIAN_POINT('',(0.0137373599473557,0.0043,0.0081736209294522));
#9593=CARTESIAN_POINT('',(0.0137850154004731,0.0043,0.00816851624952195));
#9594=CARTESIAN_POINT('',(0.0138383784187009,0.0043,0.00816387797559918));
#9595=CARTESIAN_POINT('',(0.01389745022148,0.0043,0.00815993179975491));
#9596=CARTESIAN_POINT('',(0.0139622212850418,0.0043,0.00815690457493746));
#9597=CARTESIAN_POINT('',(0.0140326764689687,0.0043,0.00815502272161356));
#9598=CARTESIAN_POINT('',(0.0141087935266227,0.0043,0.00815451245757823));
#9599=CARTESIAN_POINT('',(0.0141905435361176,0.0043,0.00815559950028878));
#9600=CARTESIAN_POINT('',(0.01427789078779,0.0043,0.00815850892030643));
#9601=CARTESIAN_POINT('',(0.0143707928334269,0.0043,0.00816346495172699));
#9602=CARTESIAN_POINT('',(0.0144692004958734,0.0043,0.00817069081517255));
#9603=CARTESIAN_POINT('',(0.0145730578958882,0.0043,0.00818040853768887));
#9604=CARTESIAN_POINT('',(0.0146823024801483,0.0043,0.00819283877445598));
#9605=CARTESIAN_POINT('',(0.014796865054465,0.0043,0.00820820062984298));
#9606=CARTESIAN_POINT('',(0.0149166698224971,0.0043,0.00822671148345721));
#9607=CARTESIAN_POINT('',(0.015041634424079,0.0043,0.00824858680113235));
#9608=CARTESIAN_POINT('',(0.0151716699969901,0.0043,0.0082740400085124));
#9609=CARTESIAN_POINT('',(0.0153066811697493,0.0043,0.00830328212832689));
#9610=CARTESIAN_POINT('',(0.0154465663413506,0.0043,0.00833652233314946));
#9611=CARTESIAN_POINT('',(0.0155912168786069,0.0043,0.0083739649834249));
#9612=CARTESIAN_POINT('',(0.0157405204923411,0.0043,0.00841582017346838));
#9613=CARTESIAN_POINT('',(0.0158943485990087,0.0043,0.00846226245083341));
#9614=CARTESIAN_POINT('',(0.0160526050940082,0.0043,0.00851358821817815));
#9615=CARTESIAN_POINT('',(0.0161900638827282,0.0043,0.00856099793192406));
#9616=CARTESIAN_POINT('',(0.0162749940431357,0.0043,0.00859217548755172));
#9617=CARTESIAN_POINT('',(0.016305349458985,0.0043,0.00860342690963155));
#9618=CARTESIAN_POINT('',(0.0130548025042927,0.0043,0.00834719265577587));
#9619=CARTESIAN_POINT('',(0.0130548025042929,0.0043,0.00834719265577581));
#9620=CARTESIAN_POINT('',(0.0123838915262023,0.0043,0.00650387991920625));
#9621=CARTESIAN_POINT('',(0.0123838915262023,0.0013,0.00650387991920625));
#9622=CARTESIAN_POINT('',(0.0125026346981899,0.0043,0.00645070204112435));
#9623=CARTESIAN_POINT('',(0.0125026346981899,0.0013,0.00645070204112435));
#9624=CARTESIAN_POINT('',(0.0127132913026365,0.0043,0.00635628533008846));
#9625=CARTESIAN_POINT('',(0.0127132913026365,0.0013,0.00635628533008846));
#9626=CARTESIAN_POINT('',(0.012882994670303,0.0043,0.00627993360167905));
#9627=CARTESIAN_POINT('',(0.012882994670303,0.0013,0.00627993360167905));
#9628=CARTESIAN_POINT('',(0.0128803768299851,0.0043,0.00628003564631476));
#9629=CARTESIAN_POINT('',(0.0128803768299851,0.0013,0.00628003564631476));
#9630=CARTESIAN_POINT('',(0.0129450438049683,0.0043,0.00624522479533102));
#9631=CARTESIAN_POINT('',(0.0129450438049683,0.0013,0.00624522479533102));
#9632=CARTESIAN_POINT('',(0.0130228865915709,0.0043,0.0061960834408542));
#9633=CARTESIAN_POINT('',(0.0130228865915709,0.0013,0.0061960834408542));
#9634=CARTESIAN_POINT('',(0.0131753860427419,0.0043,0.00608964251809152));
#9635=CARTESIAN_POINT('',(0.0131753860427419,0.0013,0.00608964251809152));
#9636=CARTESIAN_POINT('',(0.013384000927825,0.0043,0.00592031682690957));
#9637=CARTESIAN_POINT('',(0.013384000927825,0.0013,0.00592031682690957));
#9638=CARTESIAN_POINT('',(0.0136509653555521,0.0043,0.0056652626928929));
#9639=CARTESIAN_POINT('',(0.0136509653555521,0.0013,0.0056652626928929));
#9640=CARTESIAN_POINT('',(0.0139228930051135,0.0043,0.00536451881700567));
#9641=CARTESIAN_POINT('',(0.0139228930051135,0.0013,0.00536451881700567));
#9642=CARTESIAN_POINT('',(0.0142836912553553,0.0043,0.00490766040078938));
#9643=CARTESIAN_POINT('',(0.0142836912553553,0.0013,0.00490766040078938));
#9644=CARTESIAN_POINT('',(0.0145445416992917,0.0043,0.00450738757560518));
#9645=CARTESIAN_POINT('',(0.0145445416992917,0.0013,0.00450738757560518));
#9646=CARTESIAN_POINT('',(0.0147092507625848,0.0043,0.00421818178205108));
#9647=CARTESIAN_POINT('',(0.0147092507625848,0.0013,0.00421818178205108));
#9648=CARTESIAN_POINT('',(0.0117865326893529,0.0043,0.00677125843359149));
#9649=CARTESIAN_POINT('',(0.0122999420615996,0.0043,0.00654150779214055));
#9650=CARTESIAN_POINT('',(0.0128567874504907,0.0043,0.00629231953769381));
#9651=CARTESIAN_POINT('',(0.0128713949078945,0.0043,0.0062846314868326));
#9652=CARTESIAN_POINT('',(0.0128857827643584,0.0043,0.00627739249101662));
#9653=CARTESIAN_POINT('',(0.0129025314176086,0.0043,0.0062683782473955));
#9654=CARTESIAN_POINT('',(0.0129248636323174,0.0043,0.00625586608539905));
#9655=CARTESIAN_POINT('',(0.0129515310303217,0.0043,0.00624018143244281));
#9656=CARTESIAN_POINT('',(0.01298276732192,0.0043,0.00622097192571376));
#9657=CARTESIAN_POINT('',(0.0130183306258418,0.0043,0.00619810410466708));
#9658=CARTESIAN_POINT('',(0.0130581180458973,0.0043,0.00617138218156367));
#9659=CARTESIAN_POINT('',(0.0131019779144867,0.0043,0.00614063421859555));
#9660=CARTESIAN_POINT('',(0.0131497660936889,0.0043,0.00610568654176441));
#9661=CARTESIAN_POINT('',(0.0132013294696098,0.0043,0.00606637149339012));
#9662=CARTESIAN_POINT('',(0.0132565109037457,0.0043,0.00602252535740528));
#9663=CARTESIAN_POINT('',(0.0133151479441877,0.0043,0.00597398914078827));
#9664=CARTESIAN_POINT('',(0.0133770733471007,0.0043,0.00592060852456536));
#9665=CARTESIAN_POINT('',(0.0134421150847273,0.0043,0.00586223404841294));
#9666=CARTESIAN_POINT('',(0.0135100965049515,0.0043,0.00579872122423336));
#9667=CARTESIAN_POINT('',(0.0135808364524369,0.0043,0.00572993066557533));
#9668=CARTESIAN_POINT('',(0.0136541494049672,0.0043,0.00565572820833815));
#9669=CARTESIAN_POINT('',(0.0137298456095011,0.0043,0.0055759850293483));
#9670=CARTESIAN_POINT('',(0.0138077312226412,0.0043,0.00549057776208854));
#9671=CARTESIAN_POINT('',(0.0138876084521034,0.0043,0.00539938860506754));
#9672=CARTESIAN_POINT('',(0.0139692757075722,0.0043,0.00530230544197482));
#9673=CARTESIAN_POINT('',(0.0140525277292779,0.0043,0.00519922189881601));
#9674=CARTESIAN_POINT('',(0.0141371558156313,0.0043,0.00509003762640826));
#9675=CARTESIAN_POINT('',(0.0142229476822079,0.0043,0.00497465769713159));
#9676=CARTESIAN_POINT('',(0.0143096887507964,0.0043,0.00485299538986958));
#9677=CARTESIAN_POINT('',(0.014397157956874,0.0043,0.00472496194113131));
#9678=CARTESIAN_POINT('',(0.0144851446027264,0.0043,0.00459050629164255));
#9679=CARTESIAN_POINT('',(0.0145733845440014,0.0043,0.00444946315864125));
#9680=CARTESIAN_POINT('',(0.0146482097086835,0.0043,0.00432478840464459));
#9681=CARTESIAN_POINT('',(0.0146932294396592,0.0043,0.00424631295660732));
#9682=CARTESIAN_POINT('',(0.0147092507625848,0.0043,0.00421818178205108));
#9683=CARTESIAN_POINT('',(0.0123838915344012,0.0043,0.00650387991553446));
#9684=CARTESIAN_POINT('',(0.0123838915344014,0.0013,0.00650387991553438));
#9685=CARTESIAN_POINT('',(2.60208521396521E-17,0.0043,0.012055));
#9686=CARTESIAN_POINT('',(0.0120331445631663,0.0043,0.00735992708259816));
#9687=CARTESIAN_POINT('',(0.0120331445631663,0.0043,0.00735992708259817));
#9688=CARTESIAN_POINT('',(2.60208521396521E-17,0.0043,0.012055));
#9689=CARTESIAN_POINT('',(0.0122358582237416,0.0043,0.00791687828764387));
#9690=CARTESIAN_POINT('',(0.0122358582237416,0.0043,0.00791687828764387));
#9691=CARTESIAN_POINT('',(0.0128713074019117,0.0028,0.00770197174057531));
#9692=CARTESIAN_POINT('',(0.0128713074019117,0.0043,0.00770197174057531));
#9693=CARTESIAN_POINT('',(0.0126580661406842,0.0028,0.00711609619045666));
#9694=CARTESIAN_POINT('',(0.0126580661406842,0.0043,0.00711609619045666));
#9695=CARTESIAN_POINT('',(0.0076172262894174,0.0043,0.000823189498573946));
#9696=CARTESIAN_POINT('',(0.0076172262894174,0.0013,0.000823189498573946));
#9697=CARTESIAN_POINT('',(0.00769021581146723,0.0043,0.000715484543804439));
#9698=CARTESIAN_POINT('',(0.00769021581146723,0.0013,0.000715484543804439));
#9699=CARTESIAN_POINT('',(0.00781977825598494,0.0043,0.000524423576334891));
#9700=CARTESIAN_POINT('',(0.00781977825598494,0.0013,0.000524423576334891));
#9701=CARTESIAN_POINT('',(0.00792443871061765,0.0043,0.000370556722644578));
#9702=CARTESIAN_POINT('',(0.00792443871061765,0.0013,0.000370556722644578));
#9703=CARTESIAN_POINT('',(0.00792388363306863,0.0043,0.000373117072220785));
#9704=CARTESIAN_POINT('',(0.00792388363306863,0.0013,0.000373117072220785));
#9705=CARTESIAN_POINT('',(0.00796939493136745,0.0043,0.000315477374729789));
#9706=CARTESIAN_POINT('',(0.00796939493136745,0.0013,0.000315477374729789));
#9707=CARTESIAN_POINT('',(0.00803130697628778,0.0043,0.000247350501620548));
#9708=CARTESIAN_POINT('',(0.00803130697628778,0.0013,0.000247350501620548));
#9709=CARTESIAN_POINT('',(0.00816261207405329,0.0043,0.00011565113204411));
#9710=CARTESIAN_POINT('',(0.00816261207405329,0.0013,0.00011565113204411));
#9711=CARTESIAN_POINT('',(0.00836559092214232,0.0043,-6.03913264735354E-5));
#9712=CARTESIAN_POINT('',(0.00836559092214232,0.0013,-6.03913264735354E-5));
#9713=CARTESIAN_POINT('',(0.00866312809713645,0.0043,-0.000279010279099254));
#9714=CARTESIAN_POINT('',(0.00866312809713645,0.0013,-0.000279010279099254));
#9715=CARTESIAN_POINT('',(0.00900652273858472,0.0043,-0.000494583110653362));
#9716=CARTESIAN_POINT('',(0.00900652273858472,0.0013,-0.000494583110653362));
#9717=CARTESIAN_POINT('',(0.00951909240756328,0.0043,-0.000770567393336955));
#9718=CARTESIAN_POINT('',(0.00951909240756328,0.0013,-0.000770567393336955));
#9719=CARTESIAN_POINT('',(0.00995858039335807,0.0043,-0.000957948286239306));
#9720=CARTESIAN_POINT('',(0.00995858039335807,0.0013,-0.000957948286239306));
#9721=CARTESIAN_POINT('',(0.0102719939297522,0.0043,-0.00106993498974042));
#9722=CARTESIAN_POINT('',(0.0102719939297522,0.0013,-0.00106993498974042));
#9723=CARTESIAN_POINT('',(0.00725017958202981,0.0043,0.00136504332066328));
#9724=CARTESIAN_POINT('',(0.00756559239687798,0.0043,0.000899329570611401));
#9725=CARTESIAN_POINT('',(0.00790769010883989,0.0043,0.00039421500068297));
#9726=CARTESIAN_POINT('',(0.00791779791929206,0.0043,0.000381164479401828));
#9727=CARTESIAN_POINT('',(0.00792742536355116,0.0043,0.000368252245238513));
#9728=CARTESIAN_POINT('',(0.00793921103367206,0.0043,0.000353323348643041));
#9729=CARTESIAN_POINT('',(0.00795541105620056,0.0043,0.000333503124585203));
#9730=CARTESIAN_POINT('',(0.00797548816910174,0.0043,0.000309964475681106));
#9731=CARTESIAN_POINT('',(0.00799982996537316,0.0043,0.000282538429377163));
#9732=CARTESIAN_POINT('',(0.00802852587575226,0.0043,0.00025148636740419));
#9733=CARTESIAN_POINT('',(0.00806175084578661,0.0043,0.000216943620911831));
#9734=CARTESIAN_POINT('',(0.00809964786436019,0.0043,0.000179089410015312));
#9735=CARTESIAN_POINT('',(0.00814236293768576,0.0043,0.000138095841030019));
#9736=CARTESIAN_POINT('',(0.00819003458839781,0.0043,9.41428151567843E-5));
#9737=CARTESIAN_POINT('',(0.00824279675853407,0.0043,4.7413512608863E-5));
#9738=CARTESIAN_POINT('',(0.00830077781617692,0.0043,-1.90447386572406E-6));
#9739=CARTESIAN_POINT('',(0.00836410069426093,0.0043,-5.36196440329342E-5));
#9740=CARTESIAN_POINT('',(0.00843288271016503,0.0043,-0.000107536630110922));
#9741=CARTESIAN_POINT('',(0.00850723548156991,0.0043,-0.000163456373631213));
#9742=CARTESIAN_POINT('',(0.00858726482003947,0.0043,-0.000221176267210822));
#9743=CARTESIAN_POINT('',(0.00867307063582547,0.0043,-0.000280490309781208));
#9744=CARTESIAN_POINT('',(0.00876474684471813,0.0043,-0.000341189261166864));
#9745=CARTESIAN_POINT('',(0.00886238127846738,0.0043,-0.000403060800516209));
#9746=CARTESIAN_POINT('',(0.00896605560262551,0.0043,-0.000465889684440067));
#9747=CARTESIAN_POINT('',(0.00907584522441338,0.0043,-0.000529457916439772));
#9748=CARTESIAN_POINT('',(0.00919181925878043,0.0043,-0.000593544883452497));
#9749=CARTESIAN_POINT('',(0.00931404028972929,0.0043,-0.000657927629082438));
#9750=CARTESIAN_POINT('',(0.00944256493991262,0.0043,-0.000722380609974174));
#9751=CARTESIAN_POINT('',(0.00957744135184286,0.0043,-0.000786677448877879));
#9752=CARTESIAN_POINT('',(0.00971871855304257,0.0043,-0.000850585026119166));
#9753=CARTESIAN_POINT('',(0.00986641023980668,0.0043,-0.000913886978605376));
#9754=CARTESIAN_POINT('',(0.0100206333156953,0.0043,-0.000976294473880168));
#9755=CARTESIAN_POINT('',(0.0101564072335268,0.0043,-0.00102833333234699));
#9756=CARTESIAN_POINT('',(0.010241508057418,0.0043,-0.00105904199390706));
#9757=CARTESIAN_POINT('',(0.0102719939297522,0.0043,-0.00106993498974042));
#9758=CARTESIAN_POINT('',(0.00761722629445714,0.0043,0.000823189491137201));
#9759=CARTESIAN_POINT('',(0.00761722629445725,0.0043,0.000823189491137025));
#9760=CARTESIAN_POINT('',(0.0059184200800191,0.0043,-0.000157616723723168));
#9761=CARTESIAN_POINT('',(0.0059184200800191,0.0013,-0.000157616723723168));
#9762=CARTESIAN_POINT('',(0.00597520054593803,0.0043,-0.00027467998141316));
#9763=CARTESIAN_POINT('',(0.00597520054593803,0.0013,-0.00027467998141316));
#9764=CARTESIAN_POINT('',(0.00607588297517943,0.0043,-0.000482414833476689));
#9765=CARTESIAN_POINT('',(0.00607588297517943,0.0013,-0.000482414833476689));
#9766=CARTESIAN_POINT('',(0.00615680535195927,0.0043,-0.000649986872805405));
#9767=CARTESIAN_POINT('',(0.00615680535195927,0.0013,-0.000649986872805405));
#9768=CARTESIAN_POINT('',(0.00615486556295822,0.0043,-0.000648225986758773));
#9769=CARTESIAN_POINT('',(0.00615486556295822,0.0013,-0.000648225986758773));
#9770=CARTESIAN_POINT('',(0.00618202735610247,0.0043,-0.000716459775990257));
#9771=CARTESIAN_POINT('',(0.00618202735610247,0.0013,-0.000716459775990257));
#9772=CARTESIAN_POINT('',(0.00621007093643531,0.0043,-0.000804140616246123));
#9773=CARTESIAN_POINT('',(0.00621007093643531,0.0013,-0.000804140616246123));
#9774=CARTESIAN_POINT('',(0.00625847338726814,0.0043,-0.00098370385134569));
#9775=CARTESIAN_POINT('',(0.00625847338726814,0.0013,-0.00098370385134569));
#9776=CARTESIAN_POINT('',(0.00630944120444458,0.0043,-0.0012475099194805));
#9777=CARTESIAN_POINT('',(0.00630944120444458,0.0013,-0.0012475099194805));
#9778=CARTESIAN_POINT('',(0.00635000218367012,0.0043,-0.00161449414790854));
#9779=CARTESIAN_POINT('',(0.00635000218367012,0.0013,-0.00161449414790854));
#9780=CARTESIAN_POINT('',(0.0063649964114376,0.0043,-0.00201966904670323));
#9781=CARTESIAN_POINT('',(0.0063649964114376,0.0013,-0.00201966904670323));
#9782=CARTESIAN_POINT('',(0.00634772097679751,0.0043,-0.00260155954258986));
#9783=CARTESIAN_POINT('',(0.00634772097679751,0.0013,-0.00260155954258986));
#9784=CARTESIAN_POINT('',(0.00629025359733742,0.0043,-0.00307585774939731));
#9785=CARTESIAN_POINT('',(0.00629025359733742,0.0013,-0.00307585774939731));
#9786=CARTESIAN_POINT('',(0.00623053015925837,0.0043,-0.00340327518555513));
#9787=CARTESIAN_POINT('',(0.00623053015925837,0.0013,-0.00340327518555513));
#9788=CARTESIAN_POINT('',(0.00563268425864584,0.0043,0.000431181960294581));
#9789=CARTESIAN_POINT('',(0.0058782977896584,0.0043,-7.48304250690291E-5));
#9790=CARTESIAN_POINT('',(0.00614469098305711,0.0043,-0.000623653019168793));
#9791=CARTESIAN_POINT('',(0.00615093916079313,0.0043,-0.000638931900437583));
#9792=CARTESIAN_POINT('',(0.00615730776146862,0.0043,-0.000653725628821136));
#9793=CARTESIAN_POINT('',(0.00616434373011032,0.0043,-0.000671396766844191));
#9794=CARTESIAN_POINT('',(0.00617340853638886,0.0043,-0.000695336509924675));
#9795=CARTESIAN_POINT('',(0.00618375504785998,0.0043,-0.000724493124183793));
#9796=CARTESIAN_POINT('',(0.00619533580254885,0.0043,-0.00075928676128056));
#9797=CARTESIAN_POINT('',(0.00620787972186779,0.0043,-0.000799664179640067));
#9798=CARTESIAN_POINT('',(0.00622118213282948,0.0043,-0.000845709220975972));
#9799=CARTESIAN_POINT('',(0.00623501633181929,0.0043,-0.000897456107236647));
#9800=CARTESIAN_POINT('',(0.00624916026728956,0.0043,-0.00095494523035375));
#9801=CARTESIAN_POINT('',(0.00626338887891295,0.0043,-0.00101820660384734));
#9802=CARTESIAN_POINT('',(0.00627747655695245,0.0043,-0.0010872646348181));
#9803=CARTESIAN_POINT('',(0.00629119665728151,0.0043,-0.00116213669691239));
#9804=CARTESIAN_POINT('',(0.00630432186936535,0.0043,-0.00124283350305749));
#9805=CARTESIAN_POINT('',(0.00631662434105233,0.0043,-0.00132935896919294));
#9806=CARTESIAN_POINT('',(0.00632787587381157,0.0043,-0.00142171022983149));
#9807=CARTESIAN_POINT('',(0.00633784809872046,0.0043,-0.00151987761678399));
#9808=CARTESIAN_POINT('',(0.00634631265849457,0.0043,-0.00162384465433231));
#9809=CARTESIAN_POINT('',(0.00635304138793129,0.0043,-0.00173358805584883));
#9810=CARTESIAN_POINT('',(0.00635780649590445,0.0043,-0.00184907772543447));
#9811=CARTESIAN_POINT('',(0.00636038074339487,0.0043,-0.00197027676583751));
#9812=CARTESIAN_POINT('',(0.00636053763628634,0.0043,-0.00209714148337756));
#9813=CARTESIAN_POINT('',(0.00635805156058733,0.0043,-0.00222962142682515));
#9814=CARTESIAN_POINT('',(0.00635269813839382,0.0043,-0.00236765931731855));
#9815=CARTESIAN_POINT('',(0.00634425373210403,0.0043,-0.0025111914198357));
#9816=CARTESIAN_POINT('',(0.00633249822201256,0.0043,-0.00266014623839043));
#9817=CARTESIAN_POINT('',(0.00631720520679797,0.0043,-0.00281444967222559));
#9818=CARTESIAN_POINT('',(0.00629818046237813,0.0043,-0.00297400540113419));
#9819=CARTESIAN_POINT('',(0.00627511540072834,0.0043,-0.00313877025034093));
#9820=CARTESIAN_POINT('',(0.00625229541522881,0.0043,-0.00328237334158774));
#9821=CARTESIAN_POINT('',(0.00623633948431045,0.0043,-0.00337142714774054));
#9822=CARTESIAN_POINT('',(0.00623053015925837,0.0043,-0.00340327518555513));
#9823=CARTESIAN_POINT('',(0.00591842008393964,0.0043,-0.000157616731806082));
#9824=CARTESIAN_POINT('',(0.00591842008393973,0.0013,-0.000157616731806267));
#9825=CARTESIAN_POINT('',(5.20417042793042E-18,0.0043,0.012055));
#9826=CARTESIAN_POINT('',(0.00619998882798012,0.0043,0.0007236092508157));
#9827=CARTESIAN_POINT('',(0.00619998882798012,0.0043,0.000723609250815703));
#9828=CARTESIAN_POINT('',(5.20417042793042E-18,0.0043,0.012055));
#9829=CARTESIAN_POINT('',(0.00671327783501152,0.0043,0.00101995679719736));
#9830=CARTESIAN_POINT('',(0.00671327783501152,0.0043,0.00101995679719736));
#9831=CARTESIAN_POINT('',(0.0070619208811371,0.0028,0.000446869972712338));
#9832=CARTESIAN_POINT('',(0.0070619208811371,0.0043,0.000446869972712338));
#9833=CARTESIAN_POINT('',(0.00652197505349551,0.0028,0.000135132103775662));
#9834=CARTESIAN_POINT('',(0.00652197505349551,0.0043,0.000135132103775662));
#9835=CARTESIAN_POINT('',(0.00331634589751747,0.0043,-0.00110469427350632));
#9836=CARTESIAN_POINT('',(0.00331634589751747,0.0013,-0.00110469427350632));
#9837=CARTESIAN_POINT('',(0.00334809634871523,0.0043,-0.00123086771151807));
#9838=CARTESIAN_POINT('',(0.00334809634871523,0.0013,-0.00123086771151807));
#9839=CARTESIAN_POINT('',(0.00340449852228164,0.0043,-0.00145471925861299));
#9840=CARTESIAN_POINT('',(0.00340449852228164,0.0013,-0.00145471925861299));
#9841=CARTESIAN_POINT('',(0.00345022161583587,0.0043,-0.00163510278930334));
#9842=CARTESIAN_POINT('',(0.00345022161583587,0.0013,-0.00163510278930334));
#9843=CARTESIAN_POINT('',(0.0034505757046881,0.0043,-0.00163250699999706));
#9844=CARTESIAN_POINT('',(0.0034505757046881,0.0013,-0.00163250699999706));
#9845=CARTESIAN_POINT('',(0.00347362839826476,0.0043,-0.00170223637916078));
#9846=CARTESIAN_POINT('',(0.00347362839826476,0.0013,-0.00170223637916078));
#9847=CARTESIAN_POINT('',(0.00350850592710901,0.0043,-0.00178742986557599));
#9848=CARTESIAN_POINT('',(0.00350850592710901,0.00129999999999999,-0.00178742986557599));
#9849=CARTESIAN_POINT('',(0.00358684852129242,0.0043,-0.00195609577968628));
#9850=CARTESIAN_POINT('',(0.00358684852129242,0.0013,-0.00195609577968628));
#9851=CARTESIAN_POINT('',(0.00371737618012367,0.0043,-0.00219094443361581));
#9852=CARTESIAN_POINT('',(0.00371737618012367,0.00129999999999999,-0.00219094443361581));
#9853=CARTESIAN_POINT('',(0.00392219758236439,0.0043,-0.00249814275739835));
#9854=CARTESIAN_POINT('',(0.00392219758236439,0.0013,-0.00249814275739835));
#9855=CARTESIAN_POINT('',(0.00417115274220549,0.0043,-0.00281816284093707));
#9856=CARTESIAN_POINT('',(0.00417115274220549,0.0013,-0.00281816284093707));
#9857=CARTESIAN_POINT('',(0.00455841849386426,0.0043,-0.00325281238647617));
#9858=CARTESIAN_POINT('',(0.00455841849386426,0.0013,-0.00325281238647617));
#9859=CARTESIAN_POINT('',(0.00490731407119264,0.0043,-0.00357920657270421));
#9860=CARTESIAN_POINT('',(0.00490731407119264,0.0013,-0.00357920657270421));
#9861=CARTESIAN_POINT('',(0.00516352475021466,0.0043,-0.00379163339424808));
#9862=CARTESIAN_POINT('',(0.00516352475021466,0.0013,-0.00379163339424808));
#9863=CARTESIAN_POINT('',(0.00315675973699414,0.0043,-0.000469980867876424));
#9864=CARTESIAN_POINT('',(0.0032938673480668,0.0043,-0.00101548617833983));
#9865=CARTESIAN_POINT('',(0.00344257468598235,0.0043,-0.00160714292082962));
#9866=CARTESIAN_POINT('',(0.0034476093797175,0.0043,-0.00162286347415448));
#9867=CARTESIAN_POINT('',(0.00345223997386561,0.0043,-0.00163828978518096));
#9868=CARTESIAN_POINT('',(0.00345820889775596,0.0043,-0.00165634929573214));
#9869=CARTESIAN_POINT('',(0.00346665302350955,0.0043,-0.00168051494804869));
#9870=CARTESIAN_POINT('',(0.0034774686462776,0.0043,-0.00170950081975917));
#9871=CARTESIAN_POINT('',(0.0034909621923228,0.0043,-0.00174359825773787));
#9872=CARTESIAN_POINT('',(0.00350730709686622,0.0043,-0.00178259223061478));
#9873=CARTESIAN_POINT('',(0.00352671404092715,0.0043,-0.00182641540360847));
#9874=CARTESIAN_POINT('',(0.00354937868699423,0.0043,-0.00187494826997775));
#9875=CARTESIAN_POINT('',(0.00357549709985481,0.0043,-0.00192807903975389));
#9876=CARTESIAN_POINT('',(0.00360526097804085,0.0043,-0.00198568603863729));
#9877=CARTESIAN_POINT('',(0.00363885883721959,0.0043,-0.00204764294440822));
#9878=CARTESIAN_POINT('',(0.00367647546442937,0.0043,-0.00211381738201559));
#9879=CARTESIAN_POINT('',(0.00371829187577913,0.0043,-0.00218407144564249));
#9880=CARTESIAN_POINT('',(0.00376448513326092,0.0043,-0.00225826167453274));
#9881=CARTESIAN_POINT('',(0.00381522820519152,0.0043,-0.00233623919040756));
#9882=CARTESIAN_POINT('',(0.0038706898177229,0.0043,-0.00241784979429048));
#9883=CARTESIAN_POINT('',(0.00393103431229637,0.0043,-0.00250293407981616));
#9884=CARTESIAN_POINT('',(0.00399642150524179,0.0043,-0.00259132754662772));
#9885=CARTESIAN_POINT('',(0.00406700654941454,0.0043,-0.0026828607186154));
#9886=CARTESIAN_POINT('',(0.00414293980290626,0.0043,-0.00277735926441863));
#9887=CARTESIAN_POINT('',(0.00422436668451971,0.0043,-0.00287464412512471));
#9888=CARTESIAN_POINT('',(0.0043114275951742,0.0043,-0.00297453163097139));
#9889=CARTESIAN_POINT('',(0.00440425760017363,0.0043,-0.00307683367646833));
#9890=CARTESIAN_POINT('',(0.00450298704777763,0.0043,-0.00318135768627653));
#9891=CARTESIAN_POINT('',(0.00460773860272933,0.0043,-0.00328790740107384));
#9892=CARTESIAN_POINT('',(0.00471863806745432,0.0043,-0.00339628052842275));
#9893=CARTESIAN_POINT('',(0.00483577231279585,0.0043,-0.00350627843793045));
#9894=CARTESIAN_POINT('',(0.00495934997868484,0.0043,-0.00361766969924146));
#9895=CARTESIAN_POINT('',(0.00506913738953494,0.0043,-0.00371300764537347));
#9896=CARTESIAN_POINT('',(0.00513860302494019,0.0043,-0.00377097054402008));
#9897=CARTESIAN_POINT('',(0.00516352475021466,0.0043,-0.00379163339424808));
#9898=CARTESIAN_POINT('',(0.00331634589970976,0.0043,-0.00110469428221827));
#9899=CARTESIAN_POINT('',(0.0033163458997098,0.0043,-0.00110469428221848));
#9900=CARTESIAN_POINT('',(0.00138453475367583,0.0043,-0.00144532469979888));
#9901=CARTESIAN_POINT('',(0.00138453475367583,0.0013,-0.00144532469979888));
#9902=CARTESIAN_POINT('',(0.00139785294633134,0.0043,-0.00157474824230702));
#9903=CARTESIAN_POINT('',(0.00139785294633134,0.0013,-0.00157474824230702));
#9904=CARTESIAN_POINT('',(0.00142141397825578,0.0043,-0.00180439056875069));
#9905=CARTESIAN_POINT('',(0.00142141397825578,0.0013,-0.00180439056875069));
#9906=CARTESIAN_POINT('',(0.00144014312566367,0.0043,-0.00198953386046243));
#9907=CARTESIAN_POINT('',(0.00144014312566367,0.0013,-0.00198953386046243));
#9908=CARTESIAN_POINT('',(0.00143892257875155,0.0043,-0.0019872157219262));
#9909=CARTESIAN_POINT('',(0.00143892257875155,0.0013,-0.0019872157219262));
#9910=CARTESIAN_POINT('',(0.00144110898496391,0.0043,-0.00206062439053946));
#9911=CARTESIAN_POINT('',(0.00144110898496391,0.0013,-0.00206062439053946));
#9912=CARTESIAN_POINT('',(0.00143747271691186,0.0043,-0.00215260889847701));
#9913=CARTESIAN_POINT('',(0.00143747271691186,0.0013,-0.00215260889847701));
#9914=CARTESIAN_POINT('',(0.00142154189938265,0.0043,-0.00233789775863568));
#9915=CARTESIAN_POINT('',(0.00142154189938265,0.0013,-0.00233789775863568));
#9916=CARTESIAN_POINT('',(0.00137920899184727,0.0043,-0.00260322639431618));
#9917=CARTESIAN_POINT('',(0.00137920899184727,0.0013,-0.00260322639431618));
#9918=CARTESIAN_POINT('',(0.00129180784631215,0.0043,-0.00296195143764298));
#9919=CARTESIAN_POINT('',(0.00129180784631215,0.0013,-0.00296195143764298));
#9920=CARTESIAN_POINT('',(0.0011673198345419,0.0043,-0.00334781962809812));
#9921=CARTESIAN_POINT('',(0.0011673198345419,0.0013,-0.00334781962809812));
#9922=CARTESIAN_POINT('',(0.000952067965286774,0.0043,-0.00388870928655663));
#9923=CARTESIAN_POINT('',(0.000952067965286774,0.0013,-0.00388870928655663));
#9924=CARTESIAN_POINT('',(0.000735846752200798,0.0043,-0.00431474881018606));
#9925=CARTESIAN_POINT('',(0.000735846752200798,0.0013,-0.00431474881018606));
#9926=CARTESIAN_POINT('',(0.000567741719707948,0.0043,-0.00460199394000853));
#9927=CARTESIAN_POINT('',(0.000567741719707948,0.0013,-0.00460199394000853));
#9928=CARTESIAN_POINT('',(0.0013174119211349,0.0043,-0.000794307514719593));
#9929=CARTESIAN_POINT('',(0.00137514671522594,0.0043,-0.00135380839435169));
#9930=CARTESIAN_POINT('',(0.00143776605099594,0.0043,-0.00196064477433503));
#9931=CARTESIAN_POINT('',(0.00143841173234643,0.0043,-0.00197713922896197));
#9932=CARTESIAN_POINT('',(0.00143933650630386,0.0043,-0.00199321897607373));
#9933=CARTESIAN_POINT('',(0.00143990426895718,0.0043,-0.00201223085707815));
#9934=CARTESIAN_POINT('',(0.0014402345261664,0.0043,-0.002037827203337));
#9935=CARTESIAN_POINT('',(0.0014399849172589,0.0043,-0.00206876417393966));
#9936=CARTESIAN_POINT('',(0.0014389671422365,0.0043,-0.00210542034934831));
#9937=CARTESIAN_POINT('',(0.0014369446802418,0.0043,-0.00214765298451044));
#9938=CARTESIAN_POINT('',(0.00143369652602402,0.0043,-0.00219547086258128));
#9939=CARTESIAN_POINT('',(0.00142899794327369,0.0043,-0.00224882860447036));
#9940=CARTESIAN_POINT('',(0.0014226264569358,0.0043,-0.0023076882200757));
#9941=CARTESIAN_POINT('',(0.00141436031425307,0.0043,-0.00237200093771516));
#9942=CARTESIAN_POINT('',(0.00140397916370039,0.0043,-0.00244171252948658));
#9943=CARTESIAN_POINT('',(0.00139126408732748,0.0043,-0.0025167618044206));
#9944=CARTESIAN_POINT('',(0.00137599781906524,0.0043,-0.00259708108459423));
#9945=CARTESIAN_POINT('',(0.00135796490859795,0.0043,-0.00268259611976142));
#9946=CARTESIAN_POINT('',(0.00133695189950444,0.0043,-0.00277322616875069));
#9947=CARTESIAN_POINT('',(0.00131274750190874,0.0043,-0.00286888403966441));
#9948=CARTESIAN_POINT('',(0.00128514276518325,0.0043,-0.00296947614760066));
#9949=CARTESIAN_POINT('',(0.00125393124866648,0.0043,-0.00307490257319203));
#9950=CARTESIAN_POINT('',(0.00121890919212179,0.0043,-0.0031850571263906));
#9951=CARTESIAN_POINT('',(0.00117987568032303,0.0043,-0.00329982741479931));
#9952=CARTESIAN_POINT('',(0.00113663282253938,0.0043,-0.00341909491423899));
#9953=CARTESIAN_POINT('',(0.00108898586630459,0.0043,-0.00354273505153194));
#9954=CARTESIAN_POINT('',(0.00103674355588247,0.0043,-0.00367061726039154));
#9955=CARTESIAN_POINT('',(0.00097971753933029,0.0043,-0.00380260516092324));
#9956=CARTESIAN_POINT('',(0.000917725424852611,0.0043,-0.00393855628350329));
#9957=CARTESIAN_POINT('',(0.000850579808749962,0.0043,-0.00407832356238454));
#9958=CARTESIAN_POINT('',(0.00077813112353655,0.0043,-0.00422175005763085));
#9959=CARTESIAN_POINT('',(0.000700104157965542,0.0043,-0.00436868965490405));
#9960=CARTESIAN_POINT('',(0.000629545236134951,0.0043,-0.00449582752535949));
#9961=CARTESIAN_POINT('',(0.000584093370049121,0.0043,-0.00457405348007458));
#9962=CARTESIAN_POINT('',(0.000567741719707948,0.0043,-0.00460199394000853));
#9963=CARTESIAN_POINT('',(0.00138453475459542,0.0043,-0.00144532470873524));
#9964=CARTESIAN_POINT('',(0.00138453475459544,0.0013,-0.00144532470873545));
#9965=CARTESIAN_POINT('',(-5.20417042793042E-18,0.0043,0.012055));
#9966=CARTESIAN_POINT('',(0.00195051986249282,0.0043,-0.000713545337813501));
#9967=CARTESIAN_POINT('',(0.00195051986249282,0.0043,-0.000713545337813497));
#9968=CARTESIAN_POINT('',(-5.20417042793042E-18,0.0043,0.012055));
#9969=CARTESIAN_POINT('',(0.00253421058501842,0.0043,-0.000610624915043014));
#9970=CARTESIAN_POINT('',(0.00253421058501842,0.0043,-0.000610624915043018));
#9971=CARTESIAN_POINT('',(0.00266582064490253,0.0028,-0.00126839331968658));
#9972=CARTESIAN_POINT('',(0.00266582064490253,0.0043,-0.00126839331968658));
#9973=CARTESIAN_POINT('',(0.00205181690442983,0.0028,-0.00137665874538783));
#9974=CARTESIAN_POINT('',(0.00205181690442983,0.0043,-0.00137665874538783));
#9975=CARTESIAN_POINT('',(0.,0.0043,0.012055));
#9976=CARTESIAN_POINT('',(0.,0.0043,0.012055));
#9977=CARTESIAN_POINT('',(0.,0.0123,0.012055));
#9978=CARTESIAN_POINT('',(0.,0.0123,0.012055));
#9979=CARTESIAN_POINT('',(0.,0.0123,-0.025945));
#9980=CARTESIAN_POINT('',(1.14188104935984E-17,0.0123,0.042055));
#9981=CARTESIAN_POINT('',(1.14188104935984E-17,0.0123,0.043655));
#9982=CARTESIAN_POINT('',(-0.03,0.0123,0.012055));
#9983=CARTESIAN_POINT('',(-0.03,0.0123,0.013655));
#9984=CARTESIAN_POINT('',(3.63798050394786E-19,0.0123,-0.017945));
#9985=CARTESIAN_POINT('',(3.63798050394786E-19,0.0123,-0.016345));
#9986=CARTESIAN_POINT('',(0.03,0.0123,0.012055));
#9987=CARTESIAN_POINT('',(0.03,0.0123,0.013655));
#9988=CARTESIAN_POINT('',(0.,0.0123,0.012055));
#9989=CARTESIAN_POINT('',(0.,0.0123,0.002055));
#9990=CARTESIAN_POINT('',(0.,0.00909489346668124,0.012055));
#9991=CARTESIAN_POINT('',(0.00561081159517859,0.0043,0.0546873679056584));
#9992=CARTESIAN_POINT('',(0.00561081159517865,-0.00727782002299745,0.0546873679056584));
#9993=CARTESIAN_POINT('',(0.,-0.00727782002299745,0.012055));
#9994=CARTESIAN_POINT('',(-0.00561081159517861,-0.00727782002299745,0.0546873679056584));
#9995=CARTESIAN_POINT('',(-0.00561081159517861,-0.00727782002299745,0.0546873679056584));
#9996=CARTESIAN_POINT('',(0.,0.00909489346668124,0.012055));
#9997=CARTESIAN_POINT('',(0.,-0.0172778200229975,0.012055));
#9998=CARTESIAN_POINT('',(0.00280772799622331,-0.0172778200229975,0.0579692316008797));
#9999=CARTESIAN_POINT('',(-0.00280772799622333,-0.0172778200229975,0.0579692316008797));
#10000=CARTESIAN_POINT('',(0.00280772799622331,0.00909489346668124,0.0579692316008797));
#10001=CARTESIAN_POINT('',(0.00280772799622331,0.0063,0.0579692316008797));
#10002=CARTESIAN_POINT('',(0.,0.0063,0.012055));
#10003=CARTESIAN_POINT('',(-0.00280772799622333,0.0063,0.0579692316008797));
#10004=CARTESIAN_POINT('',(-0.00280772799622333,0.00909489346668124,0.0579692316008797));
#10005=CARTESIAN_POINT('',(0.00574315245768226,-0.0172778200229975,0.0556785739004477));
#10006=CARTESIAN_POINT('',(0.00302987025800092,-0.0172778200229975,0.0580530421998554));
#10007=CARTESIAN_POINT('',(0.00236289402465473,-0.0172778200229975,0.0529868547323262));
#10008=CARTESIAN_POINT('',(0.00301619387747759,-0.0172778200229975,0.0579491597762481));
#10009=CARTESIAN_POINT('',(0.00262461530081744,-0.0172778200229975,0.0549748251921267));
#10010=CARTESIAN_POINT('',(-0.00262461530081746,-0.0172778200229975,0.0549748251921267));
#10011=CARTESIAN_POINT('',(-0.00301619387747761,-0.0172778200229975,0.0579491597762481));
#10012=CARTESIAN_POINT('',(-0.00257312469906941,-0.0172778200229975,0.0545837152421323));
#10013=CARTESIAN_POINT('',(-0.00236289402465475,-0.0172778200229975,0.0529868547323262));
#10014=CARTESIAN_POINT('',(0.,-0.0172778200229975,0.012055));
#10015=CARTESIAN_POINT('',(0.,0.00909489346668124,0.012055));
#10016=CARTESIAN_POINT('',(-0.00218999933992392,0.00909489346668124,0.0499918409714242));
#10017=CARTESIAN_POINT('',(-0.00218999933992392,-0.0142778200229974,0.0499918409714242));
#10018=CARTESIAN_POINT('',(-0.00218999933992392,-0.0102778200229974,0.0499918409714242));
#10019=CARTESIAN_POINT('',(0.,-0.0102778200229974,0.012055));
#10020=CARTESIAN_POINT('',(0.0021899993399239,-0.0102778200229974,0.0499918409714242));
#10021=CARTESIAN_POINT('',(0.0021899993399239,0.00909489346668124,0.0499918409714242));
#10022=CARTESIAN_POINT('',(0.0021899993399239,-0.0142778200229974,0.0499918409714242));
#10023=CARTESIAN_POINT('',(0.,-0.0142778200229974,0.012055));
#10024=CARTESIAN_POINT('',(0.00554736316935218,-0.00727782002299745,0.054191406608387));
#10025=CARTESIAN_POINT('',(0.00554736316935218,-0.00727782002299745,0.054191406608387));
#10026=CARTESIAN_POINT('',(0.00535157388102211,-0.00727782002299745,0.0527042393163262));
#10027=CARTESIAN_POINT('',(0.00559894988493887,-0.00727782002299745,0.0545832466154666));
#10028=CARTESIAN_POINT('',(0.,-0.00727782002299745,0.012055));
#10029=CARTESIAN_POINT('',(-0.00535157388102212,-0.00727782002299745,0.0527042393163262));
#10030=CARTESIAN_POINT('',(-0.0055473631693522,-0.00727782002299745,0.054191406608387));
#10031=CARTESIAN_POINT('',(-0.00559894988493889,-0.00727782002299745,0.0545832466154665));
#10032=CARTESIAN_POINT('',(-0.00262461530081746,-0.00727782002299745,0.0549748251921267));
#10033=CARTESIAN_POINT('',(0.00262461530081744,-0.00727782002299745,0.0549748251921267));
#10034=CARTESIAN_POINT('',(0.000195789288330076,-0.01035,0.0135421672920607));
#10035=CARTESIAN_POINT('',(0.00533722860877617,-0.00727782002299745,0.052595276155666));
#10036=CARTESIAN_POINT('',(0.00533722860877617,-0.0142778200229974,0.052595276155666));
#10037=CARTESIAN_POINT('',(0.00533722860877617,-0.00727983382510008,0.052595276155666));
#10038=CARTESIAN_POINT('',(0.0053515738810221,-0.0102778200229974,0.0527042393163262));
#10039=CARTESIAN_POINT('',(0.00559894988493887,-0.0172778200229975,0.0545832466154666));
#10040=CARTESIAN_POINT('',(0.00559894988493887,-0.0142778200229974,0.0545832466154666));
#10041=CARTESIAN_POINT('',(0.00495999530436195,-0.0142778200229974,0.0497299047322048));
#10042=CARTESIAN_POINT('',(-0.000195789288330077,-0.01035,0.0135421672920607));
#10043=CARTESIAN_POINT('',(-0.00535157388102212,-0.0102778200229974,0.0527042393163262));
#10044=CARTESIAN_POINT('',(-0.00533722860877618,-0.00727983382510008,0.052595276155666));
#10045=CARTESIAN_POINT('',(-0.00533722860877618,-0.01035,0.052595276155666));
#10046=CARTESIAN_POINT('',(-0.00533722860877618,-0.0142778200229974,0.052595276155666));
#10047=CARTESIAN_POINT('',(-0.000195789288330077,-0.0142778200229974,0.0135421672920607));
#10048=CARTESIAN_POINT('',(-0.00559894988493889,-0.0142778200229974,0.0545832466154665));
#10049=CARTESIAN_POINT('',(-0.00559894988493889,-0.01035,0.0545832466154665));
#10050=CARTESIAN_POINT('',(-0.00262461530081746,0.00909489346668124,0.0549748251921267));
#10051=CARTESIAN_POINT('',(-0.0055447148031296,0.00927246774900021,0.0542870614997174));
#10052=CARTESIAN_POINT('',(-0.00566401636177697,0.00934309952015849,0.0547935907420664));
#10053=CARTESIAN_POINT('',(-0.00561516077624194,0.00918867911603359,0.0558786925826161));
#10054=CARTESIAN_POINT('',(-0.00489494790665415,0.00838145985069212,0.0570667648154959));
#10055=CARTESIAN_POINT('',(-0.00391535953937635,0.00738112627082165,0.0577630659353427));
#10056=CARTESIAN_POINT('',(-0.00317805232458075,0.00665871382891755,0.057946585681561));
#10057=CARTESIAN_POINT('',(-0.00280772799622332,0.0063,0.0579692316008797));
#10058=CARTESIAN_POINT('',(-0.00554471480312959,0.00927246774900019,0.0542870614997174));
#10059=CARTESIAN_POINT('',(-0.00554471480312959,0.00927246774900019,0.0542870614997174));
#10060=CARTESIAN_POINT('',(-0.00560650514715602,0.00864783936972947,0.0545494102611171));
#10061=CARTESIAN_POINT('',(-0.00561081159517861,0.00798003328676765,0.0546873679056584));
#10062=CARTESIAN_POINT('',(-0.00561081159517861,0.0073,0.0546873679056584));
#10063=CARTESIAN_POINT('',(-0.00262461530081745,-0.0142778200229974,0.0549748251921267));
#10064=CARTESIAN_POINT('',(0.,0.0063,0.012055));
#10065=CARTESIAN_POINT('',(0.00554471480312958,0.00927246774900021,0.0542870614997174));
#10066=CARTESIAN_POINT('',(0.00566401636177695,0.00934309952015849,0.0547935907420664));
#10067=CARTESIAN_POINT('',(0.00561516077623781,0.00918867911603786,0.0558786925826164));
#10068=CARTESIAN_POINT('',(0.00489494790666854,0.00838145985067719,0.057066764815495));
#10069=CARTESIAN_POINT('',(0.00391535953932277,0.00738112627087717,0.0577630659353459));
#10070=CARTESIAN_POINT('',(0.0031780523246961,0.006658713828798,0.057946585681554));
#10071=CARTESIAN_POINT('',(0.00280772799622331,0.0063,0.0579692316008797));
#10072=CARTESIAN_POINT('',(0.00554471480312957,0.00927246774900019,0.0542870614997174));
#10073=CARTESIAN_POINT('',(0.,0.00927246774900019,0.012055));
#10074=CARTESIAN_POINT('',(-0.00257312469906941,-0.0142778200229974,0.0545837152421323));
#10075=CARTESIAN_POINT('',(-0.00236289402465475,-0.0142778200229974,0.0529868547323262));
#10076=CARTESIAN_POINT('',(0.00262461530081744,0.00909489346668124,0.0549748251921267));
#10077=CARTESIAN_POINT('',(0.00262461530081744,-0.0142778200229974,0.0549748251921267));
#10078=CARTESIAN_POINT('',(0.00561081159517859,0.0073,0.0546873679056584));
#10079=CARTESIAN_POINT('',(0.00561081159517859,0.0079800214993586,0.0546873679056584));
#10080=CARTESIAN_POINT('',(0.00560648675808242,0.0086480252618362,0.0545493321849913));
#10081=CARTESIAN_POINT('',(0.00554471480312957,0.00927246774900019,0.0542870614997174));
#10082=CARTESIAN_POINT('',(-0.00236289402465475,-0.0142778200229974,0.0529868547323262));
#10083=CARTESIAN_POINT('',(-0.00236289402465475,-0.0142778200229974,0.0529868547323262));
#10084=CARTESIAN_POINT('',(-0.00236289402465475,-0.0142778200229974,0.0529868547323262));
#10085=CARTESIAN_POINT('',(0.,-0.0142778200229974,0.012055));
#10086=CARTESIAN_POINT('',(0.00236289402465473,-0.0142778200229974,0.0529868547323262));
#10087=CARTESIAN_POINT('',(-0.00277854529579135,-0.0142778200229974,0.0139337458687209));
#10088=CARTESIAN_POINT('',(0.00236289402465473,-0.0142778200229974,0.0529868547323262));
#10089=CARTESIAN_POINT('',(-0.00236289402465475,0.00909489346668124,0.0529868547323262));
#10090=CARTESIAN_POINT('',(-0.00533722860877618,-0.00727983382510008,0.052595276155666));
#10091=CARTESIAN_POINT('',(-0.00527625251163948,-0.00729695933264503,0.052132116715062));
#10092=CARTESIAN_POINT('',(-0.00493533051955471,-0.00755750220287324,0.0512774067372113));
#10093=CARTESIAN_POINT('',(-0.0038113790003299,-0.00860814783709746,0.0501865516126953));
#10094=CARTESIAN_POINT('',(-0.00282600029152027,-0.00961609086688161,0.0499551262205772));
#10095=CARTESIAN_POINT('',(-0.00218999933992392,-0.0102778200229974,0.0499918409714242));
#10096=CARTESIAN_POINT('',(0.00236289402465473,-0.0142778200229974,0.0529868547323262));
#10097=CARTESIAN_POINT('',(0.00236289402465473,-0.0142778200229974,0.0529868547323262));
#10098=CARTESIAN_POINT('',(0.,-0.0102778200229974,0.012055));
#10099=CARTESIAN_POINT('',(0.00533722860877617,-0.00727983382510008,0.052595276155666));
#10100=CARTESIAN_POINT('',(0.00527625251163947,-0.00729695933264504,0.052132116715062));
#10101=CARTESIAN_POINT('',(0.00493533051955611,-0.00755750220287462,0.0512774067372113));
#10102=CARTESIAN_POINT('',(0.00381137900032275,-0.00860814783709058,0.0501865516126957));
#10103=CARTESIAN_POINT('',(0.00282600029155164,-0.00961609086691187,0.0499551262205754));
#10104=CARTESIAN_POINT('',(0.0021899993399239,-0.0102778200229974,0.0499918409714242));
#10105=CARTESIAN_POINT('',(0.00236289402465473,0.00909489346668124,0.0529868547323262));
#10106=CARTESIAN_POINT('',(0.,0.012302,0.012055));
#10107=CARTESIAN_POINT('',(0.03,0.0093,0.012055));
#10108=CARTESIAN_POINT('',(0.03,0.0093,0.012055));
#10109=CARTESIAN_POINT('',(0.03,0.0093,0.013655));
#10110=CARTESIAN_POINT('',(0.,0.0093,0.012055));
#10111=CARTESIAN_POINT('',(3.63798050394786E-19,0.0093,-0.017945));
#10112=CARTESIAN_POINT('',(3.63798050394786E-19,0.0093,-0.017945));
#10113=CARTESIAN_POINT('',(3.63798050394786E-19,0.0093,-0.016345));
#10114=CARTESIAN_POINT('',(0.,0.0093,0.012055));
#10115=CARTESIAN_POINT('',(-0.03,0.0093,0.012055));
#10116=CARTESIAN_POINT('',(-0.03,0.0093,0.012055));
#10117=CARTESIAN_POINT('',(-0.03,0.0093,0.013655));
#10118=CARTESIAN_POINT('',(0.,0.0093,0.012055));
#10119=CARTESIAN_POINT('',(1.14188104935984E-17,0.0093,0.042055));
#10120=CARTESIAN_POINT('',(1.14188104935984E-17,0.0093,0.042055));
#10121=CARTESIAN_POINT('',(1.14188104935984E-17,0.0093,0.043655));
#10122=CARTESIAN_POINT('',(0.,0.0093,0.012055));
#10123=CARTESIAN_POINT('',(0.,0.0073,0.012055));
#10124=MECHANICAL_DESIGN_GEOMETRIC_PRESENTATION_REPRESENTATION('',(#3798),
#10125);
#10125=(
GEOMETRIC_REPRESENTATION_CONTEXT(3)
GLOBAL_UNCERTAINTY_ASSIGNED_CONTEXT((#10126))
GLOBAL_UNIT_ASSIGNED_CONTEXT((#10129,#10128,#10127))
REPRESENTATION_CONTEXT('Hip Pitch giver','TOP_LEVEL_ASSEMBLY_PART')
);
#10126=UNCERTAINTY_MEASURE_WITH_UNIT(LENGTH_MEASURE(2.E-5),#10129,
'DISTANCE_ACCURACY_VALUE','Maximum Tolerance applied to model');
#10127=(
NAMED_UNIT(*)
SI_UNIT($,.STERADIAN.)
SOLID_ANGLE_UNIT()
);
#10128=(
NAMED_UNIT(*)
PLANE_ANGLE_UNIT()
SI_UNIT($,.RADIAN.)
);
#10129=(
LENGTH_UNIT()
NAMED_UNIT(*)
SI_UNIT($,.METRE.)
);
#10130=PRODUCT_DEFINITION_SHAPE('','',#10131);
#10131=PRODUCT_DEFINITION('','',#10133,#10132);
#10132=PRODUCT_DEFINITION_CONTEXT('',#10139,'design');
#10133=PRODUCT_DEFINITION_FORMATION_WITH_SPECIFIED_SOURCE('','',#10135,
 .NOT_KNOWN.);
#10134=PRODUCT_RELATED_PRODUCT_CATEGORY('','',(#10135));
#10135=PRODUCT('Hip Pitch giver','Hip Pitch giver','Hip Pitch giver',(#10137));
#10136=PRODUCT_CATEGORY('','');
#10137=PRODUCT_CONTEXT('',#10139,'mechanical');
#10138=APPLICATION_PROTOCOL_DEFINITION('international standard',
'ap242_managed_model_based_3d_engineering',2020,#10139);
#10139=APPLICATION_CONTEXT('managed model based 3d engineering');
ENDSEC;
END-ISO-10303-21;
