ISO-10303-21;
HEADER;
/* Generated by software containing ST-Developer
 * from STEP Tools, Inc. (www.steptools.com) 
 */
/* OPTION: using custom renumber hook */

FILE_DESCRIPTION(
/* description */ ('STEP AP242 Edition 2',
'CAx-IF Rec.Pracs.---Representation and Presentation of Product Manufa
cturing Information (PMI)---4.0---2014-10-13',
'CAx-IF Rec.Pracs.---3D Tessellated Geometry---0.4---2014-09-14','2;1',
'CAx-IF Rec.Pracs.---User Defined Attributes---1.5---2016-08-15'),
/* implementation_level */ '2;1');

FILE_NAME(
/* name */ 'robot - Right foot',
/* time_stamp */ '2026-08-16T03:04:31Z',
/* author */ (''),
/* organization */ (''),
/* preprocessor_version */ 'ST-DEVELOPER v20',
/* originating_system */ 'ONSHAPE BY PTC INC, 1.219',
/* authorisation */ '  ');

FILE_SCHEMA (('AP242_MANAGED_MODEL_BASED_3D_ENGINEERING_MIM_LF { 1 0 10303 442 3 1 4 }'));
ENDSEC;

DATA;
#10=SHAPE_REPRESENTATION_RELATIONSHIP('','',#3396,#11);
#11=ADVANCED_BREP_SHAPE_REPRESENTATION('',(#3394),#6777);
#12=B_SPLINE_SURFACE_WITH_KNOTS('',3,1,((#5659,#5660),(#5661,#5662),(#5663,
#5664),(#5665,#5666),(#5667,#5668),(#5669,#5670)),
 .SURF_OF_LINEAR_EXTRUSION.,.F.,.F.,.F.,(4,1,1,4),(2,2),(-1.00600001148197,
-0.754500009299585,-0.503000007117197,-2.75241980693655E-9),(0.,1.),
 .UNSPECIFIED.);
#13=B_SPLINE_SURFACE_WITH_KNOTS('',3,1,((#5690,#5691),(#5692,#5693),(#5694,
#5695),(#5696,#5697),(#5698,#5699),(#5700,#5701),(#5702,#5703)),
 .SURF_OF_LINEAR_EXTRUSION.,.F.,.F.,.F.,(4,1,1,1,4),(2,2),(-1.27762235733897E-9,
0.499999999361191,0.749999999680597,0.874999999840301,1.),(0.,1.),
 .UNSPECIFIED.);
#14=B_SPLINE_SURFACE_WITH_KNOTS('',3,1,((#5711,#5712),(#5713,#5714),(#5715,
#5716),(#5717,#5718),(#5719,#5720),(#5721,#5722)),
 .SURF_OF_LINEAR_EXTRUSION.,.F.,.F.,.F.,(4,1,1,4),(2,2),(-1.00600001148196,
-0.75450000929957,-0.503000007117183,-2.75240951563764E-9),(0.,1.),
 .UNSPECIFIED.);
#15=B_SPLINE_SURFACE_WITH_KNOTS('',3,1,((#5742,#5743),(#5744,#5745),(#5746,
#5747),(#5748,#5749),(#5750,#5751),(#5752,#5753),(#5754,#5755)),
 .SURF_OF_LINEAR_EXTRUSION.,.F.,.F.,.F.,(4,1,1,1,4),(2,2),(-1.27764731599688E-9,
0.499999999361177,0.749999999680589,0.874999999840295,1.),(0.,1.),
 .UNSPECIFIED.);
#16=B_SPLINE_SURFACE_WITH_KNOTS('',3,1,((#5763,#5764),(#5765,#5766),(#5767,
#5768),(#5769,#5770),(#5771,#5772),(#5773,#5774)),
 .SURF_OF_LINEAR_EXTRUSION.,.F.,.F.,.F.,(4,1,1,4),(2,2),(-1.00600001148196,
-0.754500009299581,-0.5030000071172,-2.75243986151064E-9),(0.,1.),
 .UNSPECIFIED.);
#17=B_SPLINE_SURFACE_WITH_KNOTS('',3,1,((#5794,#5795),(#5796,#5797),(#5798,
#5799),(#5800,#5801),(#5802,#5803),(#5804,#5805),(#5806,#5807)),
 .SURF_OF_LINEAR_EXTRUSION.,.F.,.F.,.F.,(4,1,1,1,4),(2,2),(-1.27763827656648E-9,
0.49999999936117,0.749999999680575,0.874999999840277,0.999999999999979),
(0.,1.),.UNSPECIFIED.);
#18=B_SPLINE_SURFACE_WITH_KNOTS('',3,1,((#5815,#5816),(#5817,#5818),(#5819,
#5820),(#5821,#5822),(#5823,#5824),(#5825,#5826)),
 .SURF_OF_LINEAR_EXTRUSION.,.F.,.F.,.F.,(4,1,1,4),(2,2),(-1.00600001148196,
-0.754500009299578,-0.503000007117199,-2.75244096578343E-9),(0.,1.),
 .UNSPECIFIED.);
#19=B_SPLINE_SURFACE_WITH_KNOTS('',3,1,((#5846,#5847),(#5848,#5849),(#5850,
#5851),(#5852,#5853),(#5854,#5855),(#5856,#5857),(#5858,#5859)),
 .SURF_OF_LINEAR_EXTRUSION.,.F.,.F.,.F.,(4,1,1,1,4),(2,2),(-1.27759774976742E-9,
0.499999999361198,0.749999999680595,0.874999999840294,0.999999999999993),
(0.,1.),.UNSPECIFIED.);
#20=B_SPLINE_SURFACE_WITH_KNOTS('',3,1,((#5867,#5868),(#5869,#5870),(#5871,
#5872),(#5873,#5874),(#5875,#5876),(#5877,#5878)),
 .SURF_OF_LINEAR_EXTRUSION.,.F.,.F.,.F.,(4,1,1,4),(2,2),(-1.00600001148197,
-0.754500009299586,-0.5030000071172,-2.75242733224766E-9),(0.,1.),
 .UNSPECIFIED.);
#21=B_SPLINE_SURFACE_WITH_KNOTS('',3,1,((#5898,#5899),(#5900,#5901),(#5902,
#5903),(#5904,#5905),(#5906,#5907),(#5908,#5909),(#5910,#5911)),
 .SURF_OF_LINEAR_EXTRUSION.,.F.,.F.,.F.,(4,1,1,1,4),(2,2),(-1.27762357715631E-9,
0.499999999361198,0.749999999680609,0.874999999840315,1.00000000000002),
(0.,1.),.UNSPECIFIED.);
#22=B_SPLINE_SURFACE_WITH_KNOTS('',3,1,((#5919,#5920),(#5921,#5922),(#5923,
#5924),(#5925,#5926),(#5927,#5928),(#5929,#5930)),
 .SURF_OF_LINEAR_EXTRUSION.,.F.,.F.,.F.,(4,1,1,4),(2,2),(-1.00600001148196,
-0.754500009299581,-0.503000007117198,-2.75243116523194E-9),(0.,1.),
 .UNSPECIFIED.);
#23=B_SPLINE_SURFACE_WITH_KNOTS('',3,1,((#5950,#5951),(#5952,#5953),(#5954,
#5955),(#5956,#5957),(#5958,#5959),(#5960,#5961),(#5962,#5963)),
 .SURF_OF_LINEAR_EXTRUSION.,.F.,.F.,.F.,(4,1,1,1,4),(2,2),(-1.27763002534331E-9,
0.499999999361186,0.749999999680594,0.874999999840299,1.),(0.,1.),
 .UNSPECIFIED.);
#24=B_SPLINE_SURFACE_WITH_KNOTS('',3,1,((#5971,#5972),(#5973,#5974),(#5975,
#5976),(#5977,#5978),(#5979,#5980),(#5981,#5982)),
 .SURF_OF_LINEAR_EXTRUSION.,.F.,.F.,.F.,(4,1,1,4),(2,2),(-1.00600001148196,
-0.754500009299582,-0.503000007117199,-2.75243420586438E-9),(0.,1.),
 .UNSPECIFIED.);
#25=B_SPLINE_SURFACE_WITH_KNOTS('',3,1,((#6002,#6003),(#6004,#6005),(#6006,
#6007),(#6008,#6009),(#6010,#6011),(#6012,#6013),(#6014,#6015)),
 .SURF_OF_LINEAR_EXTRUSION.,.F.,.F.,.F.,(4,1,1,1,4),(2,2),(-1.2776322522479E-9,
0.499999999361186,0.749999999680595,0.8749999998403,1.),(0.,1.),
 .UNSPECIFIED.);
#26=B_SPLINE_SURFACE_WITH_KNOTS('',3,1,((#6023,#6024),(#6025,#6026),(#6027,
#6028),(#6029,#6030),(#6031,#6032),(#6033,#6034)),
 .SURF_OF_LINEAR_EXTRUSION.,.F.,.F.,.F.,(4,1,1,4),(2,2),(-1.00600001148195,
-0.754500009299567,-0.503000007117185,-2.75242165720574E-9),(0.,1.),
 .UNSPECIFIED.);
#27=B_SPLINE_SURFACE_WITH_KNOTS('',3,1,((#6054,#6055),(#6056,#6057),(#6058,
#6059),(#6060,#6061),(#6062,#6063),(#6064,#6065),(#6066,#6067)),
 .SURF_OF_LINEAR_EXTRUSION.,.F.,.F.,.F.,(4,1,1,1,4),(2,2),(-1.27762261810456E-9,
0.499999999361189,0.749999999680595,0.874999999840298,1.),(0.,1.),
 .UNSPECIFIED.);
#28=B_SPLINE_SURFACE_WITH_KNOTS('',3,1,((#6075,#6076),(#6077,#6078),(#6079,
#6080),(#6081,#6082),(#6083,#6084),(#6085,#6086)),
 .SURF_OF_LINEAR_EXTRUSION.,.F.,.F.,.F.,(4,1,1,4),(2,2),(-1.00600001148197,
-0.754500009299579,-0.503000007117191,-2.752415554775E-9),(0.,1.),
 .UNSPECIFIED.);
#29=B_SPLINE_SURFACE_WITH_KNOTS('',3,1,((#6106,#6107),(#6108,#6109),(#6110,
#6111),(#6112,#6113),(#6114,#6115),(#6116,#6117),(#6118,#6119)),
 .SURF_OF_LINEAR_EXTRUSION.,.F.,.F.,.F.,(4,1,1,1,4),(2,2),(-1.27763395911332E-9,
0.499999999361183,0.749999999680592,0.874999999840296,1.),(0.,1.),
 .UNSPECIFIED.);
#30=B_SPLINE_SURFACE_WITH_KNOTS('',3,1,((#6127,#6128),(#6129,#6130),(#6131,
#6132),(#6133,#6134),(#6135,#6136),(#6137,#6138)),
 .SURF_OF_LINEAR_EXTRUSION.,.F.,.F.,.F.,(4,1,1,4),(2,2),(-1.00600001148196,
-0.754500009299578,-0.503000007117196,-2.75243162010161E-9),(0.,1.),
 .UNSPECIFIED.);
#31=B_SPLINE_SURFACE_WITH_KNOTS('',3,1,((#6158,#6159),(#6160,#6161),(#6162,
#6163),(#6164,#6165),(#6166,#6167),(#6168,#6169),(#6170,#6171)),
 .SURF_OF_LINEAR_EXTRUSION.,.F.,.F.,.F.,(4,1,1,1,4),(2,2),(-1.27755965460198E-9,
0.499999999361221,0.749999999680611,0.874999999840306,1.),(0.,1.),
 .UNSPECIFIED.);
#32=B_SPLINE_SURFACE_WITH_KNOTS('',3,1,((#6179,#6180),(#6181,#6182),(#6183,
#6184),(#6185,#6186),(#6187,#6188),(#6189,#6190)),
 .SURF_OF_LINEAR_EXTRUSION.,.F.,.F.,.F.,(4,1,1,4),(2,2),(-1.00600001148195,
-0.754500009299573,-0.503000007117191,-2.75242749282432E-9),(0.,1.),
 .UNSPECIFIED.);
#33=B_SPLINE_SURFACE_WITH_KNOTS('',3,1,((#6210,#6211),(#6212,#6213),(#6214,
#6215),(#6216,#6217),(#6218,#6219),(#6220,#6221),(#6222,#6223)),
 .SURF_OF_LINEAR_EXTRUSION.,.F.,.F.,.F.,(4,1,1,1,4),(2,2),(-1.27763923733679E-9,
0.499999999361181,0.749999999680591,0.874999999840296,1.),(0.,1.),
 .UNSPECIFIED.);
#34=B_SPLINE_SURFACE_WITH_KNOTS('',3,1,((#6231,#6232),(#6233,#6234),(#6235,
#6236),(#6237,#6238),(#6239,#6240),(#6241,#6242)),
 .SURF_OF_LINEAR_EXTRUSION.,.F.,.F.,.F.,(4,1,1,4),(2,2),(-1.00600001148196,
-0.754500009299577,-0.503000007117193,-2.75242505474163E-9),(0.,1.),
 .UNSPECIFIED.);
#35=B_SPLINE_SURFACE_WITH_KNOTS('',3,1,((#6262,#6263),(#6264,#6265),(#6266,
#6267),(#6268,#6269),(#6270,#6271),(#6272,#6273),(#6274,#6275)),
 .SURF_OF_LINEAR_EXTRUSION.,.F.,.F.,.F.,(4,1,1,1,4),(2,2),(-1.27761137772767E-9,
0.499999999361196,0.749999999680599,0.874999999840301,1.),(0.,1.),
 .UNSPECIFIED.);
#36=B_SPLINE_SURFACE_WITH_KNOTS('',3,1,((#6283,#6284),(#6285,#6286),(#6287,
#6288),(#6289,#6290),(#6291,#6292),(#6293,#6294)),
 .SURF_OF_LINEAR_EXTRUSION.,.F.,.F.,.F.,(4,1,1,4),(2,2),(-1.00600001148197,
-0.75450000929958,-0.503000007117194,-2.75242312357828E-9),(0.,1.),
 .UNSPECIFIED.);
#37=B_SPLINE_SURFACE_WITH_KNOTS('',3,1,((#6314,#6315),(#6316,#6317),(#6318,
#6319),(#6320,#6321),(#6322,#6323),(#6324,#6325),(#6326,#6327)),
 .SURF_OF_LINEAR_EXTRUSION.,.F.,.F.,.F.,(4,1,1,1,4),(2,2),(-1.27763451301345E-9,
0.499999999361186,0.749999999680596,0.874999999840301,1.00000000000001),
(0.,1.),.UNSPECIFIED.);
#38=B_SPLINE_SURFACE_WITH_KNOTS('',3,1,((#6335,#6336),(#6337,#6338),(#6339,
#6340),(#6341,#6342),(#6343,#6344),(#6345,#6346)),
 .SURF_OF_LINEAR_EXTRUSION.,.F.,.F.,.F.,(4,1,1,4),(2,2),(-1.00600001148196,
-0.754500009299579,-0.503000007117196,-2.75242971960801E-9),(0.,1.),
 .UNSPECIFIED.);
#39=B_SPLINE_SURFACE_WITH_KNOTS('',3,1,((#6366,#6367),(#6368,#6369),(#6370,
#6371),(#6372,#6373),(#6374,#6375),(#6376,#6377),(#6378,#6379)),
 .SURF_OF_LINEAR_EXTRUSION.,.F.,.F.,.F.,(4,1,1,1,4),(2,2),(-1.27760568617909E-9,
0.499999999361197,0.749999999680599,0.874999999840299,1.),(0.,1.),
 .UNSPECIFIED.);
#40=B_SPLINE_SURFACE_WITH_KNOTS('',3,1,((#6387,#6388),(#6389,#6390),(#6391,
#6392),(#6393,#6394),(#6395,#6396),(#6397,#6398)),
 .SURF_OF_LINEAR_EXTRUSION.,.F.,.F.,.F.,(4,1,1,4),(2,2),(-1.00600001148197,
-0.754500009299583,-0.503000007117194,-2.75241583384882E-9),(0.,1.),
 .UNSPECIFIED.);
#41=B_SPLINE_SURFACE_WITH_KNOTS('',3,1,((#6417,#6418),(#6419,#6420),(#6421,
#6422),(#6423,#6424),(#6425,#6426),(#6427,#6428),(#6429,#6430)),
 .SURF_OF_LINEAR_EXTRUSION.,.F.,.F.,.F.,(4,1,1,1,4),(2,2),(-1.27761901310735E-9,
0.499999999361193,0.749999999680598,0.874999999840301,1.),(0.,1.),
 .UNSPECIFIED.);
#42=B_SPLINE_SURFACE_WITH_KNOTS('',3,1,((#6438,#6439),(#6440,#6441),(#6442,
#6443),(#6444,#6445),(#6446,#6447),(#6448,#6449)),
 .SURF_OF_LINEAR_EXTRUSION.,.F.,.F.,.F.,(4,1,1,4),(2,2),(-1.00600001148196,
-0.754500009299578,-0.503000007117193,-2.75242230443741E-9),(0.,1.),
 .UNSPECIFIED.);
#43=B_SPLINE_SURFACE_WITH_KNOTS('',3,1,((#6469,#6470),(#6471,#6472),(#6473,
#6474),(#6475,#6476),(#6477,#6478),(#6479,#6480),(#6481,#6482)),
 .SURF_OF_LINEAR_EXTRUSION.,.F.,.F.,.F.,(4,1,1,1,4),(2,2),(-1.27763749204445E-9,
0.499999999361186,0.749999999680598,0.874999999840304,1.00000000000001),
(0.,1.),.UNSPECIFIED.);
#44=B_SPLINE_SURFACE_WITH_KNOTS('',3,1,((#6490,#6491),(#6492,#6493),(#6494,
#6495),(#6496,#6497),(#6498,#6499),(#6500,#6501)),
 .SURF_OF_LINEAR_EXTRUSION.,.F.,.F.,.F.,(4,1,1,4),(2,2),(-1.00600001148196,
-0.754500009299581,-0.503000007117201,-2.75244081118341E-9),(0.,1.),
 .UNSPECIFIED.);
#45=B_SPLINE_SURFACE_WITH_KNOTS('',3,1,((#6521,#6522),(#6523,#6524),(#6525,
#6526),(#6527,#6528),(#6529,#6530),(#6531,#6532),(#6533,#6534)),
 .SURF_OF_LINEAR_EXTRUSION.,.F.,.F.,.F.,(4,1,1,1,4),(2,2),(-1.27756052037041E-9,
0.499999999361221,0.749999999680612,0.874999999840307,1.),(0.,1.),
 .UNSPECIFIED.);
#46=B_SPLINE_SURFACE_WITH_KNOTS('',3,1,((#6542,#6543),(#6544,#6545),(#6546,
#6547),(#6548,#6549),(#6550,#6551),(#6552,#6553)),
 .SURF_OF_LINEAR_EXTRUSION.,.F.,.F.,.F.,(4,1,1,4),(2,2),(-1.00600001148195,
-0.754500009299562,-0.503000007117176,-2.75240355160729E-9),(0.,1.),
 .UNSPECIFIED.);
#47=B_SPLINE_SURFACE_WITH_KNOTS('',3,1,((#6573,#6574),(#6575,#6576),(#6577,
#6578),(#6579,#6580),(#6581,#6582),(#6583,#6584),(#6585,#6586)),
 .SURF_OF_LINEAR_EXTRUSION.,.F.,.F.,.F.,(4,1,1,1,4),(2,2),(-1.27764513888456E-9,
0.499999999361177,0.749999999680589,0.874999999840294,1.),(0.,1.),
 .UNSPECIFIED.);
#48=B_SPLINE_SURFACE_WITH_KNOTS('',3,1,((#6594,#6595),(#6596,#6597),(#6598,
#6599),(#6600,#6601),(#6602,#6603),(#6604,#6605)),
 .SURF_OF_LINEAR_EXTRUSION.,.F.,.F.,.F.,(4,1,1,4),(2,2),(-1.00600001148196,
-0.754500009299571,-0.503000007117186,-2.75241491412569E-9),(0.,1.),
 .UNSPECIFIED.);
#49=B_SPLINE_SURFACE_WITH_KNOTS('',3,1,((#6625,#6626),(#6627,#6628),(#6629,
#6630),(#6631,#6632),(#6633,#6634),(#6635,#6636),(#6637,#6638)),
 .SURF_OF_LINEAR_EXTRUSION.,.F.,.F.,.F.,(4,1,1,1,4),(2,2),(-1.27764227568936E-9,
0.499999999361179,0.74999999968059,0.874999999840296,1.),(0.,1.),
 .UNSPECIFIED.);
#50=B_SPLINE_SURFACE_WITH_KNOTS('',3,1,((#6710,#6711),(#6712,#6713),(#6714,
#6715),(#6716,#6717),(#6718,#6719),(#6720,#6721)),
 .SURF_OF_LINEAR_EXTRUSION.,.F.,.F.,.F.,(4,1,1,4),(2,2),(-1.00600001148197,
-0.754500009299589,-0.503000007117204,-2.75243498996142E-9),(0.,1.),
 .UNSPECIFIED.);
#51=B_SPLINE_SURFACE_WITH_KNOTS('',3,1,((#6741,#6742),(#6743,#6744),(#6745,
#6746),(#6747,#6748),(#6749,#6750),(#6751,#6752),(#6753,#6754)),
 .SURF_OF_LINEAR_EXTRUSION.,.F.,.F.,.F.,(4,1,1,1,4),(2,2),(-1.27762526499064E-9,
0.499999999361188,0.749999999680594,0.874999999840297,1.),(0.,1.),
 .UNSPECIFIED.);
#52=LINE('',#4529,#251);
#53=LINE('',#4532,#252);
#54=LINE('',#4534,#253);
#55=LINE('',#4536,#254);
#56=LINE('',#4538,#255);
#57=LINE('',#4540,#256);
#58=LINE('',#4542,#257);
#59=LINE('',#4544,#258);
#60=LINE('',#4546,#259);
#61=LINE('',#4548,#260);
#62=LINE('',#4550,#261);
#63=LINE('',#4552,#262);
#64=LINE('',#4554,#263);
#65=LINE('',#4556,#264);
#66=LINE('',#4559,#265);
#67=LINE('',#4561,#266);
#68=LINE('',#4563,#267);
#69=LINE('',#4570,#268);
#70=LINE('',#4572,#269);
#71=LINE('',#4574,#270);
#72=LINE('',#4576,#271);
#73=LINE('',#4578,#272);
#74=LINE('',#4580,#273);
#75=LINE('',#4582,#274);
#76=LINE('',#4584,#275);
#77=LINE('',#4586,#276);
#78=LINE('',#4588,#277);
#79=LINE('',#4590,#278);
#80=LINE('',#4592,#279);
#81=LINE('',#4594,#280);
#82=LINE('',#4596,#281);
#83=LINE('',#4597,#282);
#84=LINE('',#4599,#283);
#85=LINE('',#4600,#284);
#86=LINE('',#4608,#285);
#87=LINE('',#4628,#286);
#88=LINE('',#4636,#287);
#89=LINE('',#4656,#288);
#90=LINE('',#4664,#289);
#91=LINE('',#4684,#290);
#92=LINE('',#4692,#291);
#93=LINE('',#4712,#292);
#94=LINE('',#4720,#293);
#95=LINE('',#4740,#294);
#96=LINE('',#4748,#295);
#97=LINE('',#4768,#296);
#98=LINE('',#4776,#297);
#99=LINE('',#4796,#298);
#100=LINE('',#4804,#299);
#101=LINE('',#4824,#300);
#102=LINE('',#4832,#301);
#103=LINE('',#4852,#302);
#104=LINE('',#4860,#303);
#105=LINE('',#4880,#304);
#106=LINE('',#4888,#305);
#107=LINE('',#4908,#306);
#108=LINE('',#4916,#307);
#109=LINE('',#4936,#308);
#110=LINE('',#4944,#309);
#111=LINE('',#4964,#310);
#112=LINE('',#4972,#311);
#113=LINE('',#4992,#312);
#114=LINE('',#5000,#313);
#115=LINE('',#5020,#314);
#116=LINE('',#5028,#315);
#117=LINE('',#5048,#316);
#118=LINE('',#5056,#317);
#119=LINE('',#5076,#318);
#120=LINE('',#5084,#319);
#121=LINE('',#5104,#320);
#122=LINE('',#5112,#321);
#123=LINE('',#5132,#322);
#124=LINE('',#5140,#323);
#125=LINE('',#5160,#324);
#126=LINE('',#5166,#325);
#127=LINE('',#5168,#326);
#128=LINE('',#5172,#327);
#129=LINE('',#5179,#328);
#130=LINE('',#5183,#329);
#131=LINE('',#5190,#330);
#132=LINE('',#5192,#331);
#133=LINE('',#5194,#332);
#134=LINE('',#5198,#333);
#135=LINE('',#5205,#334);
#136=LINE('',#5209,#335);
#137=LINE('',#5216,#336);
#138=LINE('',#5218,#337);
#139=LINE('',#5220,#338);
#140=LINE('',#5224,#339);
#141=LINE('',#5231,#340);
#142=LINE('',#5235,#341);
#143=LINE('',#5242,#342);
#144=LINE('',#5244,#343);
#145=LINE('',#5246,#344);
#146=LINE('',#5250,#345);
#147=LINE('',#5257,#346);
#148=LINE('',#5261,#347);
#149=LINE('',#5268,#348);
#150=LINE('',#5270,#349);
#151=LINE('',#5272,#350);
#152=LINE('',#5276,#351);
#153=LINE('',#5283,#352);
#154=LINE('',#5287,#353);
#155=LINE('',#5294,#354);
#156=LINE('',#5296,#355);
#157=LINE('',#5298,#356);
#158=LINE('',#5302,#357);
#159=LINE('',#5309,#358);
#160=LINE('',#5313,#359);
#161=LINE('',#5320,#360);
#162=LINE('',#5322,#361);
#163=LINE('',#5324,#362);
#164=LINE('',#5328,#363);
#165=LINE('',#5335,#364);
#166=LINE('',#5339,#365);
#167=LINE('',#5346,#366);
#168=LINE('',#5348,#367);
#169=LINE('',#5350,#368);
#170=LINE('',#5354,#369);
#171=LINE('',#5361,#370);
#172=LINE('',#5365,#371);
#173=LINE('',#5372,#372);
#174=LINE('',#5374,#373);
#175=LINE('',#5376,#374);
#176=LINE('',#5380,#375);
#177=LINE('',#5387,#376);
#178=LINE('',#5391,#377);
#179=LINE('',#5398,#378);
#180=LINE('',#5400,#379);
#181=LINE('',#5402,#380);
#182=LINE('',#5406,#381);
#183=LINE('',#5413,#382);
#184=LINE('',#5417,#383);
#185=LINE('',#5424,#384);
#186=LINE('',#5426,#385);
#187=LINE('',#5428,#386);
#188=LINE('',#5432,#387);
#189=LINE('',#5439,#388);
#190=LINE('',#5443,#389);
#191=LINE('',#5450,#390);
#192=LINE('',#5452,#391);
#193=LINE('',#5454,#392);
#194=LINE('',#5458,#393);
#195=LINE('',#5465,#394);
#196=LINE('',#5469,#395);
#197=LINE('',#5476,#396);
#198=LINE('',#5478,#397);
#199=LINE('',#5480,#398);
#200=LINE('',#5484,#399);
#201=LINE('',#5491,#400);
#202=LINE('',#5495,#401);
#203=LINE('',#5502,#402);
#204=LINE('',#5504,#403);
#205=LINE('',#5506,#404);
#206=LINE('',#5510,#405);
#207=LINE('',#5517,#406);
#208=LINE('',#5521,#407);
#209=LINE('',#5528,#408);
#210=LINE('',#5530,#409);
#211=LINE('',#5532,#410);
#212=LINE('',#5536,#411);
#213=LINE('',#5543,#412);
#214=LINE('',#5547,#413);
#215=LINE('',#5554,#414);
#216=LINE('',#5556,#415);
#217=LINE('',#5558,#416);
#218=LINE('',#5562,#417);
#219=LINE('',#5569,#418);
#220=LINE('',#5573,#419);
#221=LINE('',#5580,#420);
#222=LINE('',#5582,#421);
#223=LINE('',#5584,#422);
#224=LINE('',#5588,#423);
#225=LINE('',#5595,#424);
#226=LINE('',#5599,#425);
#227=LINE('',#5606,#426);
#228=LINE('',#5608,#427);
#229=LINE('',#5610,#428);
#230=LINE('',#5614,#429);
#231=LINE('',#5621,#430);
#232=LINE('',#5625,#431);
#233=LINE('',#5632,#432);
#234=LINE('',#5634,#433);
#235=LINE('',#5636,#434);
#236=LINE('',#5640,#435);
#237=LINE('',#5647,#436);
#238=LINE('',#5651,#437);
#239=LINE('',#5658,#438);
#240=LINE('',#6649,#439);
#241=LINE('',#6687,#440);
#242=LINE('',#6691,#441);
#243=LINE('',#6698,#442);
#244=LINE('',#6702,#443);
#245=LINE('',#6709,#444);
#246=LINE('',#6765,#445);
#247=LINE('',#6767,#446);
#248=LINE('',#6769,#447);
#249=LINE('',#6771,#448);
#250=LINE('',#6773,#449);
#251=VECTOR('',#3715,1.);
#252=VECTOR('',#3716,1.);
#253=VECTOR('',#3717,1.);
#254=VECTOR('',#3718,1.);
#255=VECTOR('',#3719,1.);
#256=VECTOR('',#3720,1.);
#257=VECTOR('',#3723,1.);
#258=VECTOR('',#3724,1.);
#259=VECTOR('',#3725,1.);
#260=VECTOR('',#3728,1.);
#261=VECTOR('',#3729,1.);
#262=VECTOR('',#3730,1.);
#263=VECTOR('',#3731,1.);
#264=VECTOR('',#3734,1.);
#265=VECTOR('',#3735,1.);
#266=VECTOR('',#3736,1.);
#267=VECTOR('',#3737,1.);
#268=VECTOR('',#3740,1.);
#269=VECTOR('',#3741,1.);
#270=VECTOR('',#3742,1.);
#271=VECTOR('',#3745,1.);
#272=VECTOR('',#3746,1.);
#273=VECTOR('',#3747,1.);
#274=VECTOR('',#3750,1.);
#275=VECTOR('',#3751,1.);
#276=VECTOR('',#3752,1.);
#277=VECTOR('',#3755,1.);
#278=VECTOR('',#3756,1.);
#279=VECTOR('',#3757,1.);
#280=VECTOR('',#3760,1.);
#281=VECTOR('',#3761,1.);
#282=VECTOR('',#3762,1.);
#283=VECTOR('',#3765,1.);
#284=VECTOR('',#3766,1.);
#285=VECTOR('',#3775,1.);
#286=VECTOR('',#3778,1.);
#287=VECTOR('',#3785,1.);
#288=VECTOR('',#3788,1.);
#289=VECTOR('',#3795,1.);
#290=VECTOR('',#3798,1.);
#291=VECTOR('',#3805,1.);
#292=VECTOR('',#3808,1.);
#293=VECTOR('',#3815,1.);
#294=VECTOR('',#3818,1.);
#295=VECTOR('',#3825,1.);
#296=VECTOR('',#3828,1.);
#297=VECTOR('',#3835,1.);
#298=VECTOR('',#3838,1.);
#299=VECTOR('',#3845,1.);
#300=VECTOR('',#3848,1.);
#301=VECTOR('',#3855,1.);
#302=VECTOR('',#3858,1.);
#303=VECTOR('',#3865,1.);
#304=VECTOR('',#3868,1.);
#305=VECTOR('',#3875,1.);
#306=VECTOR('',#3878,1.);
#307=VECTOR('',#3885,1.);
#308=VECTOR('',#3888,1.);
#309=VECTOR('',#3895,1.);
#310=VECTOR('',#3898,1.);
#311=VECTOR('',#3905,1.);
#312=VECTOR('',#3908,1.);
#313=VECTOR('',#3915,1.);
#314=VECTOR('',#3918,1.);
#315=VECTOR('',#3925,1.);
#316=VECTOR('',#3928,1.);
#317=VECTOR('',#3935,1.);
#318=VECTOR('',#3938,1.);
#319=VECTOR('',#3945,1.);
#320=VECTOR('',#3948,1.);
#321=VECTOR('',#3955,1.);
#322=VECTOR('',#3958,1.);
#323=VECTOR('',#3965,1.);
#324=VECTOR('',#3968,1.);
#325=VECTOR('',#3975,1.);
#326=VECTOR('',#3976,1.);
#327=VECTOR('',#3981,1.);
#328=VECTOR('',#3984,1.);
#329=VECTOR('',#3987,1.);
#330=VECTOR('',#3990,1.);
#331=VECTOR('',#3993,1.);
#332=VECTOR('',#3994,1.);
#333=VECTOR('',#3999,1.);
#334=VECTOR('',#4002,1.);
#335=VECTOR('',#4005,1.);
#336=VECTOR('',#4008,1.);
#337=VECTOR('',#4011,1.);
#338=VECTOR('',#4012,1.);
#339=VECTOR('',#4017,1.);
#340=VECTOR('',#4020,1.);
#341=VECTOR('',#4023,1.);
#342=VECTOR('',#4026,1.);
#343=VECTOR('',#4029,1.);
#344=VECTOR('',#4030,1.);
#345=VECTOR('',#4035,1.);
#346=VECTOR('',#4038,1.);
#347=VECTOR('',#4041,1.);
#348=VECTOR('',#4044,1.);
#349=VECTOR('',#4047,1.);
#350=VECTOR('',#4048,1.);
#351=VECTOR('',#4053,1.);
#352=VECTOR('',#4056,1.);
#353=VECTOR('',#4059,1.);
#354=VECTOR('',#4062,1.);
#355=VECTOR('',#4065,1.);
#356=VECTOR('',#4066,1.);
#357=VECTOR('',#4071,1.);
#358=VECTOR('',#4074,1.);
#359=VECTOR('',#4077,1.);
#360=VECTOR('',#4080,1.);
#361=VECTOR('',#4083,1.);
#362=VECTOR('',#4084,1.);
#363=VECTOR('',#4089,1.);
#364=VECTOR('',#4092,1.);
#365=VECTOR('',#4095,1.);
#366=VECTOR('',#4098,1.);
#367=VECTOR('',#4101,1.);
#368=VECTOR('',#4102,1.);
#369=VECTOR('',#4107,1.);
#370=VECTOR('',#4110,1.);
#371=VECTOR('',#4113,1.);
#372=VECTOR('',#4116,1.);
#373=VECTOR('',#4119,1.);
#374=VECTOR('',#4120,1.);
#375=VECTOR('',#4125,1.);
#376=VECTOR('',#4128,1.);
#377=VECTOR('',#4131,1.);
#378=VECTOR('',#4134,1.);
#379=VECTOR('',#4137,1.);
#380=VECTOR('',#4138,1.);
#381=VECTOR('',#4143,1.);
#382=VECTOR('',#4146,1.);
#383=VECTOR('',#4149,1.);
#384=VECTOR('',#4152,1.);
#385=VECTOR('',#4155,1.);
#386=VECTOR('',#4156,1.);
#387=VECTOR('',#4161,1.);
#388=VECTOR('',#4164,1.);
#389=VECTOR('',#4167,1.);
#390=VECTOR('',#4170,1.);
#391=VECTOR('',#4173,1.);
#392=VECTOR('',#4174,1.);
#393=VECTOR('',#4179,1.);
#394=VECTOR('',#4182,1.);
#395=VECTOR('',#4185,1.);
#396=VECTOR('',#4188,1.);
#397=VECTOR('',#4191,1.);
#398=VECTOR('',#4192,1.);
#399=VECTOR('',#4197,1.);
#400=VECTOR('',#4200,1.);
#401=VECTOR('',#4203,1.);
#402=VECTOR('',#4206,1.);
#403=VECTOR('',#4209,1.);
#404=VECTOR('',#4210,1.);
#405=VECTOR('',#4215,1.);
#406=VECTOR('',#4218,1.);
#407=VECTOR('',#4221,1.);
#408=VECTOR('',#4224,1.);
#409=VECTOR('',#4227,1.);
#410=VECTOR('',#4228,1.);
#411=VECTOR('',#4233,1.);
#412=VECTOR('',#4236,1.);
#413=VECTOR('',#4239,1.);
#414=VECTOR('',#4242,1.);
#415=VECTOR('',#4245,1.);
#416=VECTOR('',#4246,1.);
#417=VECTOR('',#4251,1.);
#418=VECTOR('',#4254,1.);
#419=VECTOR('',#4257,1.);
#420=VECTOR('',#4260,1.);
#421=VECTOR('',#4263,1.);
#422=VECTOR('',#4264,1.);
#423=VECTOR('',#4269,1.);
#424=VECTOR('',#4272,1.);
#425=VECTOR('',#4275,1.);
#426=VECTOR('',#4278,1.);
#427=VECTOR('',#4281,1.);
#428=VECTOR('',#4282,1.);
#429=VECTOR('',#4287,1.);
#430=VECTOR('',#4290,1.);
#431=VECTOR('',#4293,1.);
#432=VECTOR('',#4296,1.);
#433=VECTOR('',#4299,1.);
#434=VECTOR('',#4300,1.);
#435=VECTOR('',#4305,1.);
#436=VECTOR('',#4308,1.);
#437=VECTOR('',#4311,1.);
#438=VECTOR('',#4314,1.);
#439=VECTOR('',#4395,1.);
#440=VECTOR('',#4470,1.);
#441=VECTOR('',#4475,1.);
#442=VECTOR('',#4478,1.);
#443=VECTOR('',#4481,1.);
#444=VECTOR('',#4484,1.);
#445=VECTOR('',#4495,1.);
#446=VECTOR('',#4496,1.);
#447=VECTOR('',#4497,1.);
#448=VECTOR('',#4500,1.);
#449=VECTOR('',#4503,1.);
#450=PLANE('',#3400);
#451=PLANE('',#3401);
#452=PLANE('',#3403);
#453=PLANE('',#3404);
#454=PLANE('',#3405);
#455=PLANE('',#3406);
#456=PLANE('',#3407);
#457=PLANE('',#3408);
#458=PLANE('',#3409);
#459=PLANE('',#3410);
#460=PLANE('',#3411);
#461=PLANE('',#3412);
#462=PLANE('',#3413);
#463=PLANE('',#3414);
#464=PLANE('',#3498);
#465=PLANE('',#3501);
#466=PLANE('',#3504);
#467=PLANE('',#3507);
#468=PLANE('',#3510);
#469=PLANE('',#3513);
#470=PLANE('',#3516);
#471=PLANE('',#3519);
#472=PLANE('',#3522);
#473=PLANE('',#3525);
#474=PLANE('',#3528);
#475=PLANE('',#3531);
#476=PLANE('',#3534);
#477=PLANE('',#3537);
#478=PLANE('',#3540);
#479=PLANE('',#3543);
#480=PLANE('',#3546);
#481=PLANE('',#3549);
#482=PLANE('',#3552);
#483=PLANE('',#3555);
#484=PLANE('',#3558);
#485=PLANE('',#3561);
#486=PLANE('',#3564);
#487=PLANE('',#3567);
#488=PLANE('',#3570);
#489=PLANE('',#3573);
#490=PLANE('',#3576);
#491=PLANE('',#3579);
#492=PLANE('',#3582);
#493=PLANE('',#3585);
#494=PLANE('',#3588);
#495=PLANE('',#3591);
#496=PLANE('',#3594);
#497=PLANE('',#3597);
#498=PLANE('',#3600);
#499=PLANE('',#3603);
#500=PLANE('',#3606);
#501=PLANE('',#3609);
#502=PLANE('',#3688);
#503=PLANE('',#3691);
#504=PLANE('',#3696);
#505=PLANE('',#3697);
#506=PLANE('',#3698);
#507=PLANE('',#3699);
#508=B_SPLINE_CURVE_WITH_KNOTS('',3,(#4512,#4513,#4514,#4515,#4516,#4517,
#4518,#4519,#4520,#4521,#4522),.UNSPECIFIED.,.T.,.F.,(1,1,1,1,1,1,1,1,1,
1,1,1,1,1,1),(-0.00243729248195892,-0.00162486165463928,-0.00081243082731964,
0.,0.00081243082731964,0.00162486165463928,0.00243729248195892,0.00324972330927856,
0.0040621541365982,0.00487458496391784,0.00568701579123748,0.00649944661855712,
0.00731187744587676,0.0081243082731964,0.00893673910051604),
 .UNSPECIFIED.);
#509=B_SPLINE_CURVE_WITH_KNOTS('',3,(#4565,#4566,#4567,#4568),
 .UNSPECIFIED.,.F.,.F.,(4,4),(0.,0.728594351284231),.UNSPECIFIED.);
#510=B_SPLINE_CURVE_WITH_KNOTS('',3,(#4610,#4611,#4612,#4613,#4614,#4615,
#4616),.UNSPECIFIED.,.F.,.F.,(4,1,1,1,4),(-1.,-0.5,-0.25,-0.125,0.),
 .UNSPECIFIED.);
#511=B_SPLINE_CURVE_WITH_KNOTS('',3,(#4620,#4621,#4622,#4623,#4624,#4625,
#4626),.UNSPECIFIED.,.F.,.F.,(4,1,1,1,4),(0.,0.125,0.25,0.5,1.),
 .UNSPECIFIED.);
#512=B_SPLINE_CURVE_WITH_KNOTS('',3,(#4638,#4639,#4640,#4641,#4642,#4643,
#4644),.UNSPECIFIED.,.F.,.F.,(4,1,1,1,4),(-1.,-0.5,-0.25,-0.125,0.),
 .UNSPECIFIED.);
#513=B_SPLINE_CURVE_WITH_KNOTS('',3,(#4648,#4649,#4650,#4651,#4652,#4653,
#4654),.UNSPECIFIED.,.F.,.F.,(4,1,1,1,4),(0.,0.125,0.25,0.5,1.),
 .UNSPECIFIED.);
#514=B_SPLINE_CURVE_WITH_KNOTS('',3,(#4666,#4667,#4668,#4669,#4670,#4671,
#4672),.UNSPECIFIED.,.F.,.F.,(4,1,1,1,4),(-1.,-0.5,-0.25,-0.125,0.),
 .UNSPECIFIED.);
#515=B_SPLINE_CURVE_WITH_KNOTS('',3,(#4676,#4677,#4678,#4679,#4680,#4681,
#4682),.UNSPECIFIED.,.F.,.F.,(4,1,1,1,4),(0.,0.125,0.25,0.5,1.),
 .UNSPECIFIED.);
#516=B_SPLINE_CURVE_WITH_KNOTS('',3,(#4694,#4695,#4696,#4697,#4698,#4699,
#4700),.UNSPECIFIED.,.F.,.F.,(4,1,1,1,4),(-1.,-0.5,-0.25,-0.125,0.),
 .UNSPECIFIED.);
#517=B_SPLINE_CURVE_WITH_KNOTS('',3,(#4704,#4705,#4706,#4707,#4708,#4709,
#4710),.UNSPECIFIED.,.F.,.F.,(4,1,1,1,4),(0.,0.125,0.25,0.5,1.),
 .UNSPECIFIED.);
#518=B_SPLINE_CURVE_WITH_KNOTS('',3,(#4722,#4723,#4724,#4725,#4726,#4727,
#4728),.UNSPECIFIED.,.F.,.F.,(4,1,1,1,4),(-1.,-0.5,-0.25,-0.125,0.),
 .UNSPECIFIED.);
#519=B_SPLINE_CURVE_WITH_KNOTS('',3,(#4732,#4733,#4734,#4735,#4736,#4737,
#4738),.UNSPECIFIED.,.F.,.F.,(4,1,1,1,4),(0.,0.125,0.25,0.5,1.),
 .UNSPECIFIED.);
#520=B_SPLINE_CURVE_WITH_KNOTS('',3,(#4750,#4751,#4752,#4753,#4754,#4755,
#4756),.UNSPECIFIED.,.F.,.F.,(4,1,1,1,4),(-1.,-0.5,-0.25,-0.125,0.),
 .UNSPECIFIED.);
#521=B_SPLINE_CURVE_WITH_KNOTS('',3,(#4760,#4761,#4762,#4763,#4764,#4765,
#4766),.UNSPECIFIED.,.F.,.F.,(4,1,1,1,4),(0.,0.125,0.25,0.5,1.),
 .UNSPECIFIED.);
#522=B_SPLINE_CURVE_WITH_KNOTS('',3,(#4778,#4779,#4780,#4781,#4782,#4783,
#4784),.UNSPECIFIED.,.F.,.F.,(4,1,1,1,4),(-1.,-0.5,-0.25,-0.125,0.),
 .UNSPECIFIED.);
#523=B_SPLINE_CURVE_WITH_KNOTS('',3,(#4788,#4789,#4790,#4791,#4792,#4793,
#4794),.UNSPECIFIED.,.F.,.F.,(4,1,1,1,4),(0.,0.125,0.25,0.5,1.),
 .UNSPECIFIED.);
#524=B_SPLINE_CURVE_WITH_KNOTS('',3,(#4806,#4807,#4808,#4809,#4810,#4811,
#4812),.UNSPECIFIED.,.F.,.F.,(4,1,1,1,4),(-1.,-0.5,-0.25,-0.125,0.),
 .UNSPECIFIED.);
#525=B_SPLINE_CURVE_WITH_KNOTS('',3,(#4816,#4817,#4818,#4819,#4820,#4821,
#4822),.UNSPECIFIED.,.F.,.F.,(4,1,1,1,4),(0.,0.125,0.25,0.5,1.),
 .UNSPECIFIED.);
#526=B_SPLINE_CURVE_WITH_KNOTS('',3,(#4834,#4835,#4836,#4837,#4838,#4839,
#4840),.UNSPECIFIED.,.F.,.F.,(4,1,1,1,4),(-1.,-0.5,-0.25,-0.125,0.),
 .UNSPECIFIED.);
#527=B_SPLINE_CURVE_WITH_KNOTS('',3,(#4844,#4845,#4846,#4847,#4848,#4849,
#4850),.UNSPECIFIED.,.F.,.F.,(4,1,1,1,4),(0.,0.125,0.25,0.5,1.),
 .UNSPECIFIED.);
#528=B_SPLINE_CURVE_WITH_KNOTS('',3,(#4862,#4863,#4864,#4865,#4866,#4867,
#4868),.UNSPECIFIED.,.F.,.F.,(4,1,1,1,4),(-1.,-0.5,-0.25,-0.125,0.),
 .UNSPECIFIED.);
#529=B_SPLINE_CURVE_WITH_KNOTS('',3,(#4872,#4873,#4874,#4875,#4876,#4877,
#4878),.UNSPECIFIED.,.F.,.F.,(4,1,1,1,4),(0.,0.125,0.25,0.5,1.),
 .UNSPECIFIED.);
#530=B_SPLINE_CURVE_WITH_KNOTS('',3,(#4890,#4891,#4892,#4893,#4894,#4895,
#4896),.UNSPECIFIED.,.F.,.F.,(4,1,1,1,4),(-1.,-0.5,-0.25,-0.125,0.),
 .UNSPECIFIED.);
#531=B_SPLINE_CURVE_WITH_KNOTS('',3,(#4900,#4901,#4902,#4903,#4904,#4905,
#4906),.UNSPECIFIED.,.F.,.F.,(4,1,1,1,4),(0.,0.125,0.25,0.5,1.),
 .UNSPECIFIED.);
#532=B_SPLINE_CURVE_WITH_KNOTS('',3,(#4918,#4919,#4920,#4921,#4922,#4923,
#4924),.UNSPECIFIED.,.F.,.F.,(4,1,1,1,4),(-1.,-0.5,-0.25,-0.125,0.),
 .UNSPECIFIED.);
#533=B_SPLINE_CURVE_WITH_KNOTS('',3,(#4928,#4929,#4930,#4931,#4932,#4933,
#4934),.UNSPECIFIED.,.F.,.F.,(4,1,1,1,4),(0.,0.125,0.25,0.5,1.),
 .UNSPECIFIED.);
#534=B_SPLINE_CURVE_WITH_KNOTS('',3,(#4946,#4947,#4948,#4949,#4950,#4951,
#4952),.UNSPECIFIED.,.F.,.F.,(4,1,1,1,4),(-1.,-0.5,-0.25,-0.125,0.),
 .UNSPECIFIED.);
#535=B_SPLINE_CURVE_WITH_KNOTS('',3,(#4956,#4957,#4958,#4959,#4960,#4961,
#4962),.UNSPECIFIED.,.F.,.F.,(4,1,1,1,4),(0.,0.125,0.25,0.5,1.),
 .UNSPECIFIED.);
#536=B_SPLINE_CURVE_WITH_KNOTS('',3,(#4974,#4975,#4976,#4977,#4978,#4979,
#4980),.UNSPECIFIED.,.F.,.F.,(4,1,1,1,4),(-1.,-0.5,-0.25,-0.125,0.),
 .UNSPECIFIED.);
#537=B_SPLINE_CURVE_WITH_KNOTS('',3,(#4984,#4985,#4986,#4987,#4988,#4989,
#4990),.UNSPECIFIED.,.F.,.F.,(4,1,1,1,4),(0.,0.125,0.25,0.5,1.),
 .UNSPECIFIED.);
#538=B_SPLINE_CURVE_WITH_KNOTS('',3,(#5002,#5003,#5004,#5005,#5006,#5007,
#5008),.UNSPECIFIED.,.F.,.F.,(4,1,1,1,4),(-1.,-0.5,-0.25,-0.125,0.),
 .UNSPECIFIED.);
#539=B_SPLINE_CURVE_WITH_KNOTS('',3,(#5012,#5013,#5014,#5015,#5016,#5017,
#5018),.UNSPECIFIED.,.F.,.F.,(4,1,1,1,4),(0.,0.125,0.25,0.5,1.),
 .UNSPECIFIED.);
#540=B_SPLINE_CURVE_WITH_KNOTS('',3,(#5030,#5031,#5032,#5033,#5034,#5035,
#5036),.UNSPECIFIED.,.F.,.F.,(4,1,1,1,4),(-1.,-0.5,-0.25,-0.125,0.),
 .UNSPECIFIED.);
#541=B_SPLINE_CURVE_WITH_KNOTS('',3,(#5040,#5041,#5042,#5043,#5044,#5045,
#5046),.UNSPECIFIED.,.F.,.F.,(4,1,1,1,4),(0.,0.125,0.25,0.5,1.),
 .UNSPECIFIED.);
#542=B_SPLINE_CURVE_WITH_KNOTS('',3,(#5058,#5059,#5060,#5061,#5062,#5063,
#5064),.UNSPECIFIED.,.F.,.F.,(4,1,1,1,4),(-1.,-0.5,-0.25,-0.125,0.),
 .UNSPECIFIED.);
#543=B_SPLINE_CURVE_WITH_KNOTS('',3,(#5068,#5069,#5070,#5071,#5072,#5073,
#5074),.UNSPECIFIED.,.F.,.F.,(4,1,1,1,4),(0.,0.125,0.25,0.5,1.),
 .UNSPECIFIED.);
#544=B_SPLINE_CURVE_WITH_KNOTS('',3,(#5086,#5087,#5088,#5089,#5090,#5091,
#5092),.UNSPECIFIED.,.F.,.F.,(4,1,1,1,4),(-1.,-0.5,-0.25,-0.125,0.),
 .UNSPECIFIED.);
#545=B_SPLINE_CURVE_WITH_KNOTS('',3,(#5096,#5097,#5098,#5099,#5100,#5101,
#5102),.UNSPECIFIED.,.F.,.F.,(4,1,1,1,4),(0.,0.125,0.25,0.5,1.),
 .UNSPECIFIED.);
#546=B_SPLINE_CURVE_WITH_KNOTS('',3,(#5114,#5115,#5116,#5117,#5118,#5119,
#5120),.UNSPECIFIED.,.F.,.F.,(4,1,1,1,4),(-1.,-0.5,-0.25,-0.125,0.),
 .UNSPECIFIED.);
#547=B_SPLINE_CURVE_WITH_KNOTS('',3,(#5124,#5125,#5126,#5127,#5128,#5129,
#5130),.UNSPECIFIED.,.F.,.F.,(4,1,1,1,4),(0.,0.125,0.25,0.5,1.),
 .UNSPECIFIED.);
#548=B_SPLINE_CURVE_WITH_KNOTS('',3,(#5142,#5143,#5144,#5145,#5146,#5147,
#5148),.UNSPECIFIED.,.F.,.F.,(4,1,1,1,4),(-1.,-0.5,-0.25,-0.125,0.),
 .UNSPECIFIED.);
#549=B_SPLINE_CURVE_WITH_KNOTS('',3,(#5152,#5153,#5154,#5155,#5156,#5157,
#5158),.UNSPECIFIED.,.F.,.F.,(4,1,1,1,4),(0.,0.125,0.25,0.5,1.),
 .UNSPECIFIED.);
#550=B_SPLINE_CURVE_WITH_KNOTS('',3,(#5174,#5175,#5176,#5177),
 .UNSPECIFIED.,.F.,.F.,(4,4),(0.,7.5000000000003),.UNSPECIFIED.);
#551=B_SPLINE_CURVE_WITH_KNOTS('',3,(#5185,#5186,#5187,#5188),
 .UNSPECIFIED.,.F.,.F.,(4,4),(0.,7.5000000000002),.UNSPECIFIED.);
#552=B_SPLINE_CURVE_WITH_KNOTS('',3,(#5200,#5201,#5202,#5203),
 .UNSPECIFIED.,.F.,.F.,(4,4),(0.,7.5),.UNSPECIFIED.);
#553=B_SPLINE_CURVE_WITH_KNOTS('',3,(#5211,#5212,#5213,#5214),
 .UNSPECIFIED.,.F.,.F.,(4,4),(0.,7.4999999999999),.UNSPECIFIED.);
#554=B_SPLINE_CURVE_WITH_KNOTS('',3,(#5226,#5227,#5228,#5229),
 .UNSPECIFIED.,.F.,.F.,(4,4),(0.,7.4999999999997),.UNSPECIFIED.);
#555=B_SPLINE_CURVE_WITH_KNOTS('',3,(#5237,#5238,#5239,#5240),
 .UNSPECIFIED.,.F.,.F.,(4,4),(0.,7.5000000000004),.UNSPECIFIED.);
#556=B_SPLINE_CURVE_WITH_KNOTS('',3,(#5252,#5253,#5254,#5255),
 .UNSPECIFIED.,.F.,.F.,(4,4),(0.,7.5000000000001),.UNSPECIFIED.);
#557=B_SPLINE_CURVE_WITH_KNOTS('',3,(#5263,#5264,#5265,#5266),
 .UNSPECIFIED.,.F.,.F.,(4,4),(0.,7.4999999999996),.UNSPECIFIED.);
#558=B_SPLINE_CURVE_WITH_KNOTS('',3,(#5278,#5279,#5280,#5281),
 .UNSPECIFIED.,.F.,.F.,(4,4),(0.,7.50000000000041),.UNSPECIFIED.);
#559=B_SPLINE_CURVE_WITH_KNOTS('',3,(#5289,#5290,#5291,#5292),
 .UNSPECIFIED.,.F.,.F.,(4,4),(0.,7.4999999999998),.UNSPECIFIED.);
#560=B_SPLINE_CURVE_WITH_KNOTS('',3,(#5304,#5305,#5306,#5307),
 .UNSPECIFIED.,.F.,.F.,(4,4),(0.,7.5000000000005),.UNSPECIFIED.);
#561=B_SPLINE_CURVE_WITH_KNOTS('',3,(#5315,#5316,#5317,#5318),
 .UNSPECIFIED.,.F.,.F.,(4,4),(0.,7.5),.UNSPECIFIED.);
#562=B_SPLINE_CURVE_WITH_KNOTS('',3,(#5330,#5331,#5332,#5333),
 .UNSPECIFIED.,.F.,.F.,(4,4),(0.,7.4999999999997),.UNSPECIFIED.);
#563=B_SPLINE_CURVE_WITH_KNOTS('',3,(#5341,#5342,#5343,#5344),
 .UNSPECIFIED.,.F.,.F.,(4,4),(0.,7.5000000000001),.UNSPECIFIED.);
#564=B_SPLINE_CURVE_WITH_KNOTS('',3,(#5356,#5357,#5358,#5359),
 .UNSPECIFIED.,.F.,.F.,(4,4),(0.,7.4999999999998),.UNSPECIFIED.);
#565=B_SPLINE_CURVE_WITH_KNOTS('',3,(#5367,#5368,#5369,#5370),
 .UNSPECIFIED.,.F.,.F.,(4,4),(0.,7.5000000000005),.UNSPECIFIED.);
#566=B_SPLINE_CURVE_WITH_KNOTS('',3,(#5382,#5383,#5384,#5385),
 .UNSPECIFIED.,.F.,.F.,(4,4),(0.,7.5000000000003),.UNSPECIFIED.);
#567=B_SPLINE_CURVE_WITH_KNOTS('',3,(#5393,#5394,#5395,#5396),
 .UNSPECIFIED.,.F.,.F.,(4,4),(0.,7.5),.UNSPECIFIED.);
#568=B_SPLINE_CURVE_WITH_KNOTS('',3,(#5408,#5409,#5410,#5411),
 .UNSPECIFIED.,.F.,.F.,(4,4),(0.,7.4999999999998),.UNSPECIFIED.);
#569=B_SPLINE_CURVE_WITH_KNOTS('',3,(#5419,#5420,#5421,#5422),
 .UNSPECIFIED.,.F.,.F.,(4,4),(0.,7.4999999999997),.UNSPECIFIED.);
#570=B_SPLINE_CURVE_WITH_KNOTS('',3,(#5434,#5435,#5436,#5437),
 .UNSPECIFIED.,.F.,.F.,(4,4),(0.,7.4999999999997),.UNSPECIFIED.);
#571=B_SPLINE_CURVE_WITH_KNOTS('',3,(#5445,#5446,#5447,#5448),
 .UNSPECIFIED.,.F.,.F.,(4,4),(0.,7.4999999999997),.UNSPECIFIED.);
#572=B_SPLINE_CURVE_WITH_KNOTS('',3,(#5460,#5461,#5462,#5463),
 .UNSPECIFIED.,.F.,.F.,(4,4),(0.,7.4999999999998),.UNSPECIFIED.);
#573=B_SPLINE_CURVE_WITH_KNOTS('',3,(#5471,#5472,#5473,#5474),
 .UNSPECIFIED.,.F.,.F.,(4,4),(0.,7.5000000000001),.UNSPECIFIED.);
#574=B_SPLINE_CURVE_WITH_KNOTS('',3,(#5486,#5487,#5488,#5489),
 .UNSPECIFIED.,.F.,.F.,(4,4),(0.,7.5000000000002),.UNSPECIFIED.);
#575=B_SPLINE_CURVE_WITH_KNOTS('',3,(#5497,#5498,#5499,#5500),
 .UNSPECIFIED.,.F.,.F.,(4,4),(0.,7.49999999999949),.UNSPECIFIED.);
#576=B_SPLINE_CURVE_WITH_KNOTS('',3,(#5512,#5513,#5514,#5515),
 .UNSPECIFIED.,.F.,.F.,(4,4),(0.,7.4999999999998),.UNSPECIFIED.);
#577=B_SPLINE_CURVE_WITH_KNOTS('',3,(#5523,#5524,#5525,#5526),
 .UNSPECIFIED.,.F.,.F.,(4,4),(0.,7.5000000000003),.UNSPECIFIED.);
#578=B_SPLINE_CURVE_WITH_KNOTS('',3,(#5538,#5539,#5540,#5541),
 .UNSPECIFIED.,.F.,.F.,(4,4),(0.,7.4999999999996),.UNSPECIFIED.);
#579=B_SPLINE_CURVE_WITH_KNOTS('',3,(#5549,#5550,#5551,#5552),
 .UNSPECIFIED.,.F.,.F.,(4,4),(0.,7.5),.UNSPECIFIED.);
#580=B_SPLINE_CURVE_WITH_KNOTS('',3,(#5564,#5565,#5566,#5567),
 .UNSPECIFIED.,.F.,.F.,(4,4),(0.,7.5000000000005),.UNSPECIFIED.);
#581=B_SPLINE_CURVE_WITH_KNOTS('',3,(#5575,#5576,#5577,#5578),
 .UNSPECIFIED.,.F.,.F.,(4,4),(0.,7.4999999999999),.UNSPECIFIED.);
#582=B_SPLINE_CURVE_WITH_KNOTS('',3,(#5590,#5591,#5592,#5593),
 .UNSPECIFIED.,.F.,.F.,(4,4),(0.,7.50000000000031),.UNSPECIFIED.);
#583=B_SPLINE_CURVE_WITH_KNOTS('',3,(#5601,#5602,#5603,#5604),
 .UNSPECIFIED.,.F.,.F.,(4,4),(0.,7.4999999999997),.UNSPECIFIED.);
#584=B_SPLINE_CURVE_WITH_KNOTS('',3,(#5616,#5617,#5618,#5619),
 .UNSPECIFIED.,.F.,.F.,(4,4),(0.,7.5000000000001),.UNSPECIFIED.);
#585=B_SPLINE_CURVE_WITH_KNOTS('',3,(#5627,#5628,#5629,#5630),
 .UNSPECIFIED.,.F.,.F.,(4,4),(0.,7.5000000000005),.UNSPECIFIED.);
#586=B_SPLINE_CURVE_WITH_KNOTS('',3,(#5642,#5643,#5644,#5645),
 .UNSPECIFIED.,.F.,.F.,(4,4),(0.,7.4999999999997),.UNSPECIFIED.);
#587=B_SPLINE_CURVE_WITH_KNOTS('',3,(#5653,#5654,#5655,#5656),
 .UNSPECIFIED.,.F.,.F.,(4,4),(0.,7.4999999999999),.UNSPECIFIED.);
#588=B_SPLINE_CURVE_WITH_KNOTS('',3,(#5671,#5672,#5673,#5674,#5675,#5676,
#5677),.UNSPECIFIED.,.F.,.F.,(4,1,1,1,4),(0.,0.125,0.25,0.5,1.),
 .UNSPECIFIED.);
#589=B_SPLINE_CURVE_WITH_KNOTS('',3,(#5679,#5680,#5681,#5682),
 .UNSPECIFIED.,.F.,.F.,(4,4),(0.,7.49999999999969),.UNSPECIFIED.);
#590=B_SPLINE_CURVE_WITH_KNOTS('',3,(#5686,#5687,#5688,#5689),
 .UNSPECIFIED.,.F.,.F.,(4,4),(0.,7.49999999999969),.UNSPECIFIED.);
#591=B_SPLINE_CURVE_WITH_KNOTS('',3,(#5704,#5705,#5706,#5707,#5708,#5709,
#5710),.UNSPECIFIED.,.F.,.F.,(4,1,1,1,4),(-1.,-0.5,-0.25,-0.125,0.),
 .UNSPECIFIED.);
#592=B_SPLINE_CURVE_WITH_KNOTS('',3,(#5723,#5724,#5725,#5726,#5727,#5728,
#5729),.UNSPECIFIED.,.F.,.F.,(4,1,1,1,4),(0.,0.125,0.25,0.5,1.),
 .UNSPECIFIED.);
#593=B_SPLINE_CURVE_WITH_KNOTS('',3,(#5731,#5732,#5733,#5734),
 .UNSPECIFIED.,.F.,.F.,(4,4),(0.,7.5000000000005),.UNSPECIFIED.);
#594=B_SPLINE_CURVE_WITH_KNOTS('',3,(#5738,#5739,#5740,#5741),
 .UNSPECIFIED.,.F.,.F.,(4,4),(0.,7.5000000000003),.UNSPECIFIED.);
#595=B_SPLINE_CURVE_WITH_KNOTS('',3,(#5756,#5757,#5758,#5759,#5760,#5761,
#5762),.UNSPECIFIED.,.F.,.F.,(4,1,1,1,4),(-1.,-0.5,-0.25,-0.125,0.),
 .UNSPECIFIED.);
#596=B_SPLINE_CURVE_WITH_KNOTS('',3,(#5775,#5776,#5777,#5778,#5779,#5780,
#5781),.UNSPECIFIED.,.F.,.F.,(4,1,1,1,4),(0.,0.125,0.25,0.5,1.),
 .UNSPECIFIED.);
#597=B_SPLINE_CURVE_WITH_KNOTS('',3,(#5783,#5784,#5785,#5786),
 .UNSPECIFIED.,.F.,.F.,(4,4),(0.,7.5),.UNSPECIFIED.);
#598=B_SPLINE_CURVE_WITH_KNOTS('',3,(#5790,#5791,#5792,#5793),
 .UNSPECIFIED.,.F.,.F.,(4,4),(0.,7.4999999999999),.UNSPECIFIED.);
#599=B_SPLINE_CURVE_WITH_KNOTS('',3,(#5808,#5809,#5810,#5811,#5812,#5813,
#5814),.UNSPECIFIED.,.F.,.F.,(4,1,1,1,4),(-1.,-0.5,-0.25,-0.125,0.),
 .UNSPECIFIED.);
#600=B_SPLINE_CURVE_WITH_KNOTS('',3,(#5827,#5828,#5829,#5830,#5831,#5832,
#5833),.UNSPECIFIED.,.F.,.F.,(4,1,1,1,4),(0.,0.125,0.25,0.5,1.),
 .UNSPECIFIED.);
#601=B_SPLINE_CURVE_WITH_KNOTS('',3,(#5835,#5836,#5837,#5838),
 .UNSPECIFIED.,.F.,.F.,(4,4),(0.,7.5000000000002),.UNSPECIFIED.);
#602=B_SPLINE_CURVE_WITH_KNOTS('',3,(#5842,#5843,#5844,#5845),
 .UNSPECIFIED.,.F.,.F.,(4,4),(0.,7.5),.UNSPECIFIED.);
#603=B_SPLINE_CURVE_WITH_KNOTS('',3,(#5860,#5861,#5862,#5863,#5864,#5865,
#5866),.UNSPECIFIED.,.F.,.F.,(4,1,1,1,4),(-1.,-0.5,-0.25,-0.125,0.),
 .UNSPECIFIED.);
#604=B_SPLINE_CURVE_WITH_KNOTS('',3,(#5879,#5880,#5881,#5882,#5883,#5884,
#5885),.UNSPECIFIED.,.F.,.F.,(4,1,1,1,4),(0.,0.125,0.25,0.5,1.),
 .UNSPECIFIED.);
#605=B_SPLINE_CURVE_WITH_KNOTS('',3,(#5887,#5888,#5889,#5890),
 .UNSPECIFIED.,.F.,.F.,(4,4),(0.,7.50000000000031),.UNSPECIFIED.);
#606=B_SPLINE_CURVE_WITH_KNOTS('',3,(#5894,#5895,#5896,#5897),
 .UNSPECIFIED.,.F.,.F.,(4,4),(0.,7.5000000000001),.UNSPECIFIED.);
#607=B_SPLINE_CURVE_WITH_KNOTS('',3,(#5912,#5913,#5914,#5915,#5916,#5917,
#5918),.UNSPECIFIED.,.F.,.F.,(4,1,1,1,4),(-1.,-0.5,-0.25,-0.125,0.),
 .UNSPECIFIED.);
#608=B_SPLINE_CURVE_WITH_KNOTS('',3,(#5931,#5932,#5933,#5934,#5935,#5936,
#5937),.UNSPECIFIED.,.F.,.F.,(4,1,1,1,4),(0.,0.125,0.25,0.5,1.),
 .UNSPECIFIED.);
#609=B_SPLINE_CURVE_WITH_KNOTS('',3,(#5939,#5940,#5941,#5942),
 .UNSPECIFIED.,.F.,.F.,(4,4),(0.,7.5000000000003),.UNSPECIFIED.);
#610=B_SPLINE_CURVE_WITH_KNOTS('',3,(#5946,#5947,#5948,#5949),
 .UNSPECIFIED.,.F.,.F.,(4,4),(0.,7.5000000000001),.UNSPECIFIED.);
#611=B_SPLINE_CURVE_WITH_KNOTS('',3,(#5964,#5965,#5966,#5967,#5968,#5969,
#5970),.UNSPECIFIED.,.F.,.F.,(4,1,1,1,4),(-1.,-0.5,-0.25,-0.125,0.),
 .UNSPECIFIED.);
#612=B_SPLINE_CURVE_WITH_KNOTS('',3,(#5983,#5984,#5985,#5986,#5987,#5988,
#5989),.UNSPECIFIED.,.F.,.F.,(4,1,1,1,4),(0.,0.125,0.25,0.5,1.),
 .UNSPECIFIED.);
#613=B_SPLINE_CURVE_WITH_KNOTS('',3,(#5991,#5992,#5993,#5994),
 .UNSPECIFIED.,.F.,.F.,(4,4),(0.,7.5000000000003),.UNSPECIFIED.);
#614=B_SPLINE_CURVE_WITH_KNOTS('',3,(#5998,#5999,#6000,#6001),
 .UNSPECIFIED.,.F.,.F.,(4,4),(0.,7.5000000000001),.UNSPECIFIED.);
#615=B_SPLINE_CURVE_WITH_KNOTS('',3,(#6016,#6017,#6018,#6019,#6020,#6021,
#6022),.UNSPECIFIED.,.F.,.F.,(4,1,1,1,4),(-1.,-0.5,-0.25,-0.125,0.),
 .UNSPECIFIED.);
#616=B_SPLINE_CURVE_WITH_KNOTS('',3,(#6035,#6036,#6037,#6038,#6039,#6040,
#6041),.UNSPECIFIED.,.F.,.F.,(4,1,1,1,4),(0.,0.125,0.25,0.5,1.),
 .UNSPECIFIED.);
#617=B_SPLINE_CURVE_WITH_KNOTS('',3,(#6043,#6044,#6045,#6046),
 .UNSPECIFIED.,.F.,.F.,(4,4),(0.,7.5000000000004),.UNSPECIFIED.);
#618=B_SPLINE_CURVE_WITH_KNOTS('',3,(#6050,#6051,#6052,#6053),
 .UNSPECIFIED.,.F.,.F.,(4,4),(0.,7.5000000000003),.UNSPECIFIED.);
#619=B_SPLINE_CURVE_WITH_KNOTS('',3,(#6068,#6069,#6070,#6071,#6072,#6073,
#6074),.UNSPECIFIED.,.F.,.F.,(4,1,1,1,4),(-1.,-0.5,-0.25,-0.125,0.),
 .UNSPECIFIED.);
#620=B_SPLINE_CURVE_WITH_KNOTS('',3,(#6087,#6088,#6089,#6090,#6091,#6092,
#6093),.UNSPECIFIED.,.F.,.F.,(4,1,1,1,4),(0.,0.125,0.25,0.5,1.),
 .UNSPECIFIED.);
#621=B_SPLINE_CURVE_WITH_KNOTS('',3,(#6095,#6096,#6097,#6098),
 .UNSPECIFIED.,.F.,.F.,(4,4),(0.,7.4999999999998),.UNSPECIFIED.);
#622=B_SPLINE_CURVE_WITH_KNOTS('',3,(#6102,#6103,#6104,#6105),
 .UNSPECIFIED.,.F.,.F.,(4,4),(0.,7.4999999999997),.UNSPECIFIED.);
#623=B_SPLINE_CURVE_WITH_KNOTS('',3,(#6120,#6121,#6122,#6123,#6124,#6125,
#6126),.UNSPECIFIED.,.F.,.F.,(4,1,1,1,4),(-1.,-0.5,-0.25,-0.125,0.),
 .UNSPECIFIED.);
#624=B_SPLINE_CURVE_WITH_KNOTS('',3,(#6139,#6140,#6141,#6142,#6143,#6144,
#6145),.UNSPECIFIED.,.F.,.F.,(4,1,1,1,4),(0.,0.125,0.25,0.5,1.),
 .UNSPECIFIED.);
#625=B_SPLINE_CURVE_WITH_KNOTS('',3,(#6147,#6148,#6149,#6150),
 .UNSPECIFIED.,.F.,.F.,(4,4),(0.,7.5000000000004),.UNSPECIFIED.);
#626=B_SPLINE_CURVE_WITH_KNOTS('',3,(#6154,#6155,#6156,#6157),
 .UNSPECIFIED.,.F.,.F.,(4,4),(0.,7.5000000000004),.UNSPECIFIED.);
#627=B_SPLINE_CURVE_WITH_KNOTS('',3,(#6172,#6173,#6174,#6175,#6176,#6177,
#6178),.UNSPECIFIED.,.F.,.F.,(4,1,1,1,4),(-1.,-0.5,-0.25,-0.125,0.),
 .UNSPECIFIED.);
#628=B_SPLINE_CURVE_WITH_KNOTS('',3,(#6191,#6192,#6193,#6194,#6195,#6196,
#6197),.UNSPECIFIED.,.F.,.F.,(4,1,1,1,4),(0.,0.125,0.25,0.5,1.),
 .UNSPECIFIED.);
#629=B_SPLINE_CURVE_WITH_KNOTS('',3,(#6199,#6200,#6201,#6202),
 .UNSPECIFIED.,.F.,.F.,(4,4),(0.,7.5000000000002),.UNSPECIFIED.);
#630=B_SPLINE_CURVE_WITH_KNOTS('',3,(#6206,#6207,#6208,#6209),
 .UNSPECIFIED.,.F.,.F.,(4,4),(0.,7.5000000000003),.UNSPECIFIED.);
#631=B_SPLINE_CURVE_WITH_KNOTS('',3,(#6224,#6225,#6226,#6227,#6228,#6229,
#6230),.UNSPECIFIED.,.F.,.F.,(4,1,1,1,4),(-1.,-0.5,-0.25,-0.125,0.),
 .UNSPECIFIED.);
#632=B_SPLINE_CURVE_WITH_KNOTS('',3,(#6243,#6244,#6245,#6246,#6247,#6248,
#6249),.UNSPECIFIED.,.F.,.F.,(4,1,1,1,4),(0.,0.125,0.25,0.5,1.),
 .UNSPECIFIED.);
#633=B_SPLINE_CURVE_WITH_KNOTS('',3,(#6251,#6252,#6253,#6254),
 .UNSPECIFIED.,.F.,.F.,(4,4),(0.,7.5000000000004),.UNSPECIFIED.);
#634=B_SPLINE_CURVE_WITH_KNOTS('',3,(#6258,#6259,#6260,#6261),
 .UNSPECIFIED.,.F.,.F.,(4,4),(0.,7.4999999999995),.UNSPECIFIED.);
#635=B_SPLINE_CURVE_WITH_KNOTS('',3,(#6276,#6277,#6278,#6279,#6280,#6281,
#6282),.UNSPECIFIED.,.F.,.F.,(4,1,1,1,4),(-1.,-0.5,-0.25,-0.125,0.),
 .UNSPECIFIED.);
#636=B_SPLINE_CURVE_WITH_KNOTS('',3,(#6295,#6296,#6297,#6298,#6299,#6300,
#6301),.UNSPECIFIED.,.F.,.F.,(4,1,1,1,4),(0.,0.125,0.25,0.5,1.),
 .UNSPECIFIED.);
#637=B_SPLINE_CURVE_WITH_KNOTS('',3,(#6303,#6304,#6305,#6306),
 .UNSPECIFIED.,.F.,.F.,(4,4),(0.,7.5),.UNSPECIFIED.);
#638=B_SPLINE_CURVE_WITH_KNOTS('',3,(#6310,#6311,#6312,#6313),
 .UNSPECIFIED.,.F.,.F.,(4,4),(0.,7.5000000000001),.UNSPECIFIED.);
#639=B_SPLINE_CURVE_WITH_KNOTS('',3,(#6328,#6329,#6330,#6331,#6332,#6333,
#6334),.UNSPECIFIED.,.F.,.F.,(4,1,1,1,4),(-1.,-0.5,-0.25,-0.125,0.),
 .UNSPECIFIED.);
#640=B_SPLINE_CURVE_WITH_KNOTS('',3,(#6347,#6348,#6349,#6350,#6351,#6352,
#6353),.UNSPECIFIED.,.F.,.F.,(4,1,1,1,4),(0.,0.125,0.25,0.5,1.),
 .UNSPECIFIED.);
#641=B_SPLINE_CURVE_WITH_KNOTS('',3,(#6355,#6356,#6357,#6358),
 .UNSPECIFIED.,.F.,.F.,(4,4),(0.,7.4999999999997),.UNSPECIFIED.);
#642=B_SPLINE_CURVE_WITH_KNOTS('',3,(#6362,#6363,#6364,#6365),
 .UNSPECIFIED.,.F.,.F.,(4,4),(0.,7.4999999999999),.UNSPECIFIED.);
#643=B_SPLINE_CURVE_WITH_KNOTS('',3,(#6380,#6381,#6382,#6383,#6384,#6385,
#6386),.UNSPECIFIED.,.F.,.F.,(4,1,1,1,4),(-1.,-0.5,-0.25,-0.125,0.),
 .UNSPECIFIED.);
#644=B_SPLINE_CURVE_WITH_KNOTS('',3,(#6399,#6400,#6401,#6402,#6403,#6404,
#6405),.UNSPECIFIED.,.F.,.F.,(4,1,1,1,4),(0.,0.125,0.25,0.5,1.),
 .UNSPECIFIED.);
#645=B_SPLINE_CURVE_WITH_KNOTS('',3,(#6407,#6408,#6409,#6410),
 .UNSPECIFIED.,.F.,.F.,(4,4),(0.,7.4999999999996),.UNSPECIFIED.);
#646=B_SPLINE_CURVE_WITH_KNOTS('',3,(#6413,#6414,#6415,#6416),
 .UNSPECIFIED.,.F.,.F.,(4,4),(0.,7.4999999999998),.UNSPECIFIED.);
#647=B_SPLINE_CURVE_WITH_KNOTS('',3,(#6431,#6432,#6433,#6434,#6435,#6436,
#6437),.UNSPECIFIED.,.F.,.F.,(4,1,1,1,4),(-0.999999978409435,-0.499999989204717,
-0.249999994602359,-0.124999997301179,0.),.UNSPECIFIED.);
#648=B_SPLINE_CURVE_WITH_KNOTS('',3,(#6450,#6451,#6452,#6453,#6454,#6455,
#6456),.UNSPECIFIED.,.F.,.F.,(4,1,1,1,4),(0.,0.125,0.25,0.5,1.),
 .UNSPECIFIED.);
#649=B_SPLINE_CURVE_WITH_KNOTS('',3,(#6458,#6459,#6460,#6461),
 .UNSPECIFIED.,.F.,.F.,(4,4),(0.,7.4999999999997),.UNSPECIFIED.);
#650=B_SPLINE_CURVE_WITH_KNOTS('',3,(#6465,#6466,#6467,#6468),
 .UNSPECIFIED.,.F.,.F.,(4,4),(0.,7.4999999999998),.UNSPECIFIED.);
#651=B_SPLINE_CURVE_WITH_KNOTS('',3,(#6483,#6484,#6485,#6486,#6487,#6488,
#6489),.UNSPECIFIED.,.F.,.F.,(4,1,1,1,4),(-1.,-0.5,-0.25,-0.125,0.),
 .UNSPECIFIED.);
#652=B_SPLINE_CURVE_WITH_KNOTS('',3,(#6502,#6503,#6504,#6505,#6506,#6507,
#6508),.UNSPECIFIED.,.F.,.F.,(4,1,1,1,4),(0.,0.125,0.25,0.5,1.),
 .UNSPECIFIED.);
#653=B_SPLINE_CURVE_WITH_KNOTS('',3,(#6510,#6511,#6512,#6513),
 .UNSPECIFIED.,.F.,.F.,(4,4),(0.,7.4999999999996),.UNSPECIFIED.);
#654=B_SPLINE_CURVE_WITH_KNOTS('',3,(#6517,#6518,#6519,#6520),
 .UNSPECIFIED.,.F.,.F.,(4,4),(0.,7.4999999999999),.UNSPECIFIED.);
#655=B_SPLINE_CURVE_WITH_KNOTS('',3,(#6535,#6536,#6537,#6538,#6539,#6540,
#6541),.UNSPECIFIED.,.F.,.F.,(4,1,1,1,4),(-1.,-0.5,-0.25,-0.125,0.),
 .UNSPECIFIED.);
#656=B_SPLINE_CURVE_WITH_KNOTS('',3,(#6554,#6555,#6556,#6557,#6558,#6559,
#6560),.UNSPECIFIED.,.F.,.F.,(4,1,1,1,4),(0.,0.125,0.25,0.5,1.),
 .UNSPECIFIED.);
#657=B_SPLINE_CURVE_WITH_KNOTS('',3,(#6562,#6563,#6564,#6565),
 .UNSPECIFIED.,.F.,.F.,(4,4),(0.,7.5000000000005),.UNSPECIFIED.);
#658=B_SPLINE_CURVE_WITH_KNOTS('',3,(#6569,#6570,#6571,#6572),
 .UNSPECIFIED.,.F.,.F.,(4,4),(0.,7.4999999999996),.UNSPECIFIED.);
#659=B_SPLINE_CURVE_WITH_KNOTS('',3,(#6587,#6588,#6589,#6590,#6591,#6592,
#6593),.UNSPECIFIED.,.F.,.F.,(4,1,1,1,4),(-1.,-0.5,-0.25,-0.125,0.),
 .UNSPECIFIED.);
#660=B_SPLINE_CURVE_WITH_KNOTS('',3,(#6606,#6607,#6608,#6609,#6610,#6611,
#6612),.UNSPECIFIED.,.F.,.F.,(4,1,1,1,4),(0.,0.125,0.25,0.5,1.),
 .UNSPECIFIED.);
#661=B_SPLINE_CURVE_WITH_KNOTS('',3,(#6614,#6615,#6616,#6617),
 .UNSPECIFIED.,.F.,.F.,(4,4),(0.,7.5000000000002),.UNSPECIFIED.);
#662=B_SPLINE_CURVE_WITH_KNOTS('',3,(#6621,#6622,#6623,#6624),
 .UNSPECIFIED.,.F.,.F.,(4,4),(0.,7.5000000000003),.UNSPECIFIED.);
#663=B_SPLINE_CURVE_WITH_KNOTS('',3,(#6639,#6640,#6641,#6642,#6643,#6644,
#6645),.UNSPECIFIED.,.F.,.F.,(4,1,1,1,4),(-1.,-0.5,-0.25,-0.125,0.),
 .UNSPECIFIED.);
#664=B_SPLINE_CURVE_WITH_KNOTS('',3,(#6693,#6694,#6695,#6696),
 .UNSPECIFIED.,.F.,.F.,(4,4),(0.,7.5000000000001),.UNSPECIFIED.);
#665=B_SPLINE_CURVE_WITH_KNOTS('',3,(#6704,#6705,#6706,#6707),
 .UNSPECIFIED.,.F.,.F.,(4,4),(0.,7.5000000000002),.UNSPECIFIED.);
#666=B_SPLINE_CURVE_WITH_KNOTS('',3,(#6722,#6723,#6724,#6725,#6726,#6727,
#6728),.UNSPECIFIED.,.F.,.F.,(4,1,1,1,4),(0.,0.125,0.25,0.5,1.),
 .UNSPECIFIED.);
#667=B_SPLINE_CURVE_WITH_KNOTS('',3,(#6730,#6731,#6732,#6733),
 .UNSPECIFIED.,.F.,.F.,(4,4),(0.,7.49999999999959),.UNSPECIFIED.);
#668=B_SPLINE_CURVE_WITH_KNOTS('',3,(#6737,#6738,#6739,#6740),
 .UNSPECIFIED.,.F.,.F.,(4,4),(0.,7.49999999999959),.UNSPECIFIED.);
#669=B_SPLINE_CURVE_WITH_KNOTS('',3,(#6755,#6756,#6757,#6758,#6759,#6760,
#6761),.UNSPECIFIED.,.F.,.F.,(4,1,1,1,4),(-1.,-0.5,-0.25,-0.125,0.),
 .UNSPECIFIED.);
#670=ORIENTED_EDGE('',*,*,#1718,.F.);
#671=ORIENTED_EDGE('',*,*,#1719,.T.);
#672=ORIENTED_EDGE('',*,*,#1718,.T.);
#673=ORIENTED_EDGE('',*,*,#1720,.F.);
#674=ORIENTED_EDGE('',*,*,#1721,.F.);
#675=ORIENTED_EDGE('',*,*,#1722,.F.);
#676=ORIENTED_EDGE('',*,*,#1723,.F.);
#677=ORIENTED_EDGE('',*,*,#1724,.F.);
#678=ORIENTED_EDGE('',*,*,#1725,.T.);
#679=ORIENTED_EDGE('',*,*,#1726,.T.);
#680=ORIENTED_EDGE('',*,*,#1727,.F.);
#681=ORIENTED_EDGE('',*,*,#1728,.T.);
#682=ORIENTED_EDGE('',*,*,#1729,.T.);
#683=ORIENTED_EDGE('',*,*,#1725,.F.);
#684=ORIENTED_EDGE('',*,*,#1730,.F.);
#685=ORIENTED_EDGE('',*,*,#1726,.F.);
#686=ORIENTED_EDGE('',*,*,#1729,.F.);
#687=ORIENTED_EDGE('',*,*,#1731,.F.);
#688=ORIENTED_EDGE('',*,*,#1732,.F.);
#689=ORIENTED_EDGE('',*,*,#1733,.F.);
#690=ORIENTED_EDGE('',*,*,#1734,.T.);
#691=ORIENTED_EDGE('',*,*,#1735,.T.);
#692=ORIENTED_EDGE('',*,*,#1736,.T.);
#693=ORIENTED_EDGE('',*,*,#1737,.F.);
#694=ORIENTED_EDGE('',*,*,#1738,.T.);
#695=ORIENTED_EDGE('',*,*,#1739,.T.);
#696=ORIENTED_EDGE('',*,*,#1740,.T.);
#697=ORIENTED_EDGE('',*,*,#1741,.T.);
#698=ORIENTED_EDGE('',*,*,#1735,.F.);
#699=ORIENTED_EDGE('',*,*,#1742,.T.);
#700=ORIENTED_EDGE('',*,*,#1743,.T.);
#701=ORIENTED_EDGE('',*,*,#1744,.T.);
#702=ORIENTED_EDGE('',*,*,#1740,.F.);
#703=ORIENTED_EDGE('',*,*,#1745,.T.);
#704=ORIENTED_EDGE('',*,*,#1746,.T.);
#705=ORIENTED_EDGE('',*,*,#1747,.T.);
#706=ORIENTED_EDGE('',*,*,#1743,.F.);
#707=ORIENTED_EDGE('',*,*,#1748,.T.);
#708=ORIENTED_EDGE('',*,*,#1749,.T.);
#709=ORIENTED_EDGE('',*,*,#1750,.T.);
#710=ORIENTED_EDGE('',*,*,#1746,.F.);
#711=ORIENTED_EDGE('',*,*,#1751,.T.);
#712=ORIENTED_EDGE('',*,*,#1752,.T.);
#713=ORIENTED_EDGE('',*,*,#1721,.T.);
#714=ORIENTED_EDGE('',*,*,#1730,.T.);
#715=ORIENTED_EDGE('',*,*,#1753,.F.);
#716=ORIENTED_EDGE('',*,*,#1749,.F.);
#717=ORIENTED_EDGE('',*,*,#1754,.T.);
#718=ORIENTED_EDGE('',*,*,#1737,.T.);
#719=ORIENTED_EDGE('',*,*,#1755,.T.);
#720=ORIENTED_EDGE('',*,*,#1732,.T.);
#721=ORIENTED_EDGE('',*,*,#1755,.F.);
#722=ORIENTED_EDGE('',*,*,#1736,.F.);
#723=ORIENTED_EDGE('',*,*,#1741,.F.);
#724=ORIENTED_EDGE('',*,*,#1744,.F.);
#725=ORIENTED_EDGE('',*,*,#1747,.F.);
#726=ORIENTED_EDGE('',*,*,#1750,.F.);
#727=ORIENTED_EDGE('',*,*,#1753,.T.);
#728=ORIENTED_EDGE('',*,*,#1733,.T.);
#729=ORIENTED_EDGE('',*,*,#1756,.F.);
#730=ORIENTED_EDGE('',*,*,#1757,.F.);
#731=ORIENTED_EDGE('',*,*,#1758,.F.);
#732=ORIENTED_EDGE('',*,*,#1759,.F.);
#733=ORIENTED_EDGE('',*,*,#1760,.F.);
#734=ORIENTED_EDGE('',*,*,#1761,.F.);
#735=ORIENTED_EDGE('',*,*,#1762,.F.);
#736=ORIENTED_EDGE('',*,*,#1763,.F.);
#737=ORIENTED_EDGE('',*,*,#1764,.F.);
#738=ORIENTED_EDGE('',*,*,#1765,.F.);
#739=ORIENTED_EDGE('',*,*,#1766,.F.);
#740=ORIENTED_EDGE('',*,*,#1767,.F.);
#741=ORIENTED_EDGE('',*,*,#1768,.F.);
#742=ORIENTED_EDGE('',*,*,#1769,.F.);
#743=ORIENTED_EDGE('',*,*,#1770,.F.);
#744=ORIENTED_EDGE('',*,*,#1771,.F.);
#745=ORIENTED_EDGE('',*,*,#1772,.F.);
#746=ORIENTED_EDGE('',*,*,#1773,.F.);
#747=ORIENTED_EDGE('',*,*,#1774,.F.);
#748=ORIENTED_EDGE('',*,*,#1775,.F.);
#749=ORIENTED_EDGE('',*,*,#1776,.F.);
#750=ORIENTED_EDGE('',*,*,#1777,.F.);
#751=ORIENTED_EDGE('',*,*,#1778,.F.);
#752=ORIENTED_EDGE('',*,*,#1779,.F.);
#753=ORIENTED_EDGE('',*,*,#1780,.F.);
#754=ORIENTED_EDGE('',*,*,#1781,.F.);
#755=ORIENTED_EDGE('',*,*,#1782,.F.);
#756=ORIENTED_EDGE('',*,*,#1783,.F.);
#757=ORIENTED_EDGE('',*,*,#1784,.F.);
#758=ORIENTED_EDGE('',*,*,#1785,.F.);
#759=ORIENTED_EDGE('',*,*,#1786,.F.);
#760=ORIENTED_EDGE('',*,*,#1787,.F.);
#761=ORIENTED_EDGE('',*,*,#1788,.F.);
#762=ORIENTED_EDGE('',*,*,#1789,.F.);
#763=ORIENTED_EDGE('',*,*,#1790,.F.);
#764=ORIENTED_EDGE('',*,*,#1791,.F.);
#765=ORIENTED_EDGE('',*,*,#1792,.F.);
#766=ORIENTED_EDGE('',*,*,#1793,.F.);
#767=ORIENTED_EDGE('',*,*,#1794,.F.);
#768=ORIENTED_EDGE('',*,*,#1795,.F.);
#769=ORIENTED_EDGE('',*,*,#1796,.F.);
#770=ORIENTED_EDGE('',*,*,#1797,.F.);
#771=ORIENTED_EDGE('',*,*,#1798,.F.);
#772=ORIENTED_EDGE('',*,*,#1799,.F.);
#773=ORIENTED_EDGE('',*,*,#1800,.F.);
#774=ORIENTED_EDGE('',*,*,#1801,.F.);
#775=ORIENTED_EDGE('',*,*,#1802,.F.);
#776=ORIENTED_EDGE('',*,*,#1803,.F.);
#777=ORIENTED_EDGE('',*,*,#1804,.F.);
#778=ORIENTED_EDGE('',*,*,#1805,.F.);
#779=ORIENTED_EDGE('',*,*,#1806,.F.);
#780=ORIENTED_EDGE('',*,*,#1807,.F.);
#781=ORIENTED_EDGE('',*,*,#1808,.F.);
#782=ORIENTED_EDGE('',*,*,#1809,.F.);
#783=ORIENTED_EDGE('',*,*,#1810,.F.);
#784=ORIENTED_EDGE('',*,*,#1811,.F.);
#785=ORIENTED_EDGE('',*,*,#1812,.F.);
#786=ORIENTED_EDGE('',*,*,#1813,.F.);
#787=ORIENTED_EDGE('',*,*,#1814,.F.);
#788=ORIENTED_EDGE('',*,*,#1815,.F.);
#789=ORIENTED_EDGE('',*,*,#1816,.F.);
#790=ORIENTED_EDGE('',*,*,#1817,.F.);
#791=ORIENTED_EDGE('',*,*,#1818,.F.);
#792=ORIENTED_EDGE('',*,*,#1819,.F.);
#793=ORIENTED_EDGE('',*,*,#1820,.F.);
#794=ORIENTED_EDGE('',*,*,#1821,.F.);
#795=ORIENTED_EDGE('',*,*,#1822,.F.);
#796=ORIENTED_EDGE('',*,*,#1823,.F.);
#797=ORIENTED_EDGE('',*,*,#1824,.F.);
#798=ORIENTED_EDGE('',*,*,#1825,.F.);
#799=ORIENTED_EDGE('',*,*,#1826,.F.);
#800=ORIENTED_EDGE('',*,*,#1827,.F.);
#801=ORIENTED_EDGE('',*,*,#1828,.F.);
#802=ORIENTED_EDGE('',*,*,#1829,.F.);
#803=ORIENTED_EDGE('',*,*,#1830,.F.);
#804=ORIENTED_EDGE('',*,*,#1831,.F.);
#805=ORIENTED_EDGE('',*,*,#1832,.F.);
#806=ORIENTED_EDGE('',*,*,#1833,.F.);
#807=ORIENTED_EDGE('',*,*,#1834,.F.);
#808=ORIENTED_EDGE('',*,*,#1835,.F.);
#809=ORIENTED_EDGE('',*,*,#1836,.F.);
#810=ORIENTED_EDGE('',*,*,#1837,.F.);
#811=ORIENTED_EDGE('',*,*,#1838,.F.);
#812=ORIENTED_EDGE('',*,*,#1839,.F.);
#813=ORIENTED_EDGE('',*,*,#1840,.F.);
#814=ORIENTED_EDGE('',*,*,#1841,.F.);
#815=ORIENTED_EDGE('',*,*,#1842,.F.);
#816=ORIENTED_EDGE('',*,*,#1843,.F.);
#817=ORIENTED_EDGE('',*,*,#1844,.F.);
#818=ORIENTED_EDGE('',*,*,#1845,.F.);
#819=ORIENTED_EDGE('',*,*,#1846,.F.);
#820=ORIENTED_EDGE('',*,*,#1847,.F.);
#821=ORIENTED_EDGE('',*,*,#1848,.F.);
#822=ORIENTED_EDGE('',*,*,#1849,.F.);
#823=ORIENTED_EDGE('',*,*,#1850,.F.);
#824=ORIENTED_EDGE('',*,*,#1851,.F.);
#825=ORIENTED_EDGE('',*,*,#1852,.F.);
#826=ORIENTED_EDGE('',*,*,#1853,.F.);
#827=ORIENTED_EDGE('',*,*,#1854,.F.);
#828=ORIENTED_EDGE('',*,*,#1855,.F.);
#829=ORIENTED_EDGE('',*,*,#1856,.F.);
#830=ORIENTED_EDGE('',*,*,#1857,.F.);
#831=ORIENTED_EDGE('',*,*,#1858,.F.);
#832=ORIENTED_EDGE('',*,*,#1859,.F.);
#833=ORIENTED_EDGE('',*,*,#1860,.F.);
#834=ORIENTED_EDGE('',*,*,#1861,.F.);
#835=ORIENTED_EDGE('',*,*,#1862,.F.);
#836=ORIENTED_EDGE('',*,*,#1863,.F.);
#837=ORIENTED_EDGE('',*,*,#1864,.F.);
#838=ORIENTED_EDGE('',*,*,#1865,.F.);
#839=ORIENTED_EDGE('',*,*,#1866,.F.);
#840=ORIENTED_EDGE('',*,*,#1867,.F.);
#841=ORIENTED_EDGE('',*,*,#1868,.F.);
#842=ORIENTED_EDGE('',*,*,#1869,.F.);
#843=ORIENTED_EDGE('',*,*,#1870,.F.);
#844=ORIENTED_EDGE('',*,*,#1871,.F.);
#845=ORIENTED_EDGE('',*,*,#1872,.F.);
#846=ORIENTED_EDGE('',*,*,#1873,.F.);
#847=ORIENTED_EDGE('',*,*,#1874,.F.);
#848=ORIENTED_EDGE('',*,*,#1875,.F.);
#849=ORIENTED_EDGE('',*,*,#1876,.F.);
#850=ORIENTED_EDGE('',*,*,#1877,.F.);
#851=ORIENTED_EDGE('',*,*,#1878,.F.);
#852=ORIENTED_EDGE('',*,*,#1879,.F.);
#853=ORIENTED_EDGE('',*,*,#1880,.F.);
#854=ORIENTED_EDGE('',*,*,#1881,.F.);
#855=ORIENTED_EDGE('',*,*,#1882,.F.);
#856=ORIENTED_EDGE('',*,*,#1883,.F.);
#857=ORIENTED_EDGE('',*,*,#1884,.F.);
#858=ORIENTED_EDGE('',*,*,#1885,.F.);
#859=ORIENTED_EDGE('',*,*,#1886,.F.);
#860=ORIENTED_EDGE('',*,*,#1887,.F.);
#861=ORIENTED_EDGE('',*,*,#1888,.F.);
#862=ORIENTED_EDGE('',*,*,#1889,.F.);
#863=ORIENTED_EDGE('',*,*,#1890,.F.);
#864=ORIENTED_EDGE('',*,*,#1891,.F.);
#865=ORIENTED_EDGE('',*,*,#1892,.F.);
#866=ORIENTED_EDGE('',*,*,#1893,.F.);
#867=ORIENTED_EDGE('',*,*,#1894,.F.);
#868=ORIENTED_EDGE('',*,*,#1895,.F.);
#869=ORIENTED_EDGE('',*,*,#1896,.F.);
#870=ORIENTED_EDGE('',*,*,#1897,.F.);
#871=ORIENTED_EDGE('',*,*,#1898,.F.);
#872=ORIENTED_EDGE('',*,*,#1899,.F.);
#873=ORIENTED_EDGE('',*,*,#1900,.F.);
#874=ORIENTED_EDGE('',*,*,#1901,.F.);
#875=ORIENTED_EDGE('',*,*,#1902,.F.);
#876=ORIENTED_EDGE('',*,*,#1903,.F.);
#877=ORIENTED_EDGE('',*,*,#1904,.F.);
#878=ORIENTED_EDGE('',*,*,#1905,.F.);
#879=ORIENTED_EDGE('',*,*,#1906,.F.);
#880=ORIENTED_EDGE('',*,*,#1907,.F.);
#881=ORIENTED_EDGE('',*,*,#1908,.F.);
#882=ORIENTED_EDGE('',*,*,#1909,.F.);
#883=ORIENTED_EDGE('',*,*,#1910,.F.);
#884=ORIENTED_EDGE('',*,*,#1911,.F.);
#885=ORIENTED_EDGE('',*,*,#1912,.F.);
#886=ORIENTED_EDGE('',*,*,#1913,.F.);
#887=ORIENTED_EDGE('',*,*,#1914,.F.);
#888=ORIENTED_EDGE('',*,*,#1915,.F.);
#889=ORIENTED_EDGE('',*,*,#1916,.F.);
#890=ORIENTED_EDGE('',*,*,#1917,.F.);
#891=ORIENTED_EDGE('',*,*,#1757,.T.);
#892=ORIENTED_EDGE('',*,*,#1918,.T.);
#893=ORIENTED_EDGE('',*,*,#1919,.T.);
#894=ORIENTED_EDGE('',*,*,#1917,.T.);
#895=ORIENTED_EDGE('',*,*,#1920,.T.);
#896=ORIENTED_EDGE('',*,*,#1921,.F.);
#897=ORIENTED_EDGE('',*,*,#1758,.T.);
#898=ORIENTED_EDGE('',*,*,#1922,.T.);
#899=ORIENTED_EDGE('',*,*,#1923,.T.);
#900=ORIENTED_EDGE('',*,*,#1924,.F.);
#901=ORIENTED_EDGE('',*,*,#1763,.T.);
#902=ORIENTED_EDGE('',*,*,#1922,.F.);
#903=ORIENTED_EDGE('',*,*,#1762,.T.);
#904=ORIENTED_EDGE('',*,*,#1925,.T.);
#905=ORIENTED_EDGE('',*,*,#1926,.T.);
#906=ORIENTED_EDGE('',*,*,#1927,.F.);
#907=ORIENTED_EDGE('',*,*,#1765,.T.);
#908=ORIENTED_EDGE('',*,*,#1928,.F.);
#909=ORIENTED_EDGE('',*,*,#1929,.T.);
#910=ORIENTED_EDGE('',*,*,#1927,.T.);
#911=ORIENTED_EDGE('',*,*,#1930,.T.);
#912=ORIENTED_EDGE('',*,*,#1931,.F.);
#913=ORIENTED_EDGE('',*,*,#1766,.T.);
#914=ORIENTED_EDGE('',*,*,#1932,.T.);
#915=ORIENTED_EDGE('',*,*,#1933,.T.);
#916=ORIENTED_EDGE('',*,*,#1934,.F.);
#917=ORIENTED_EDGE('',*,*,#1771,.T.);
#918=ORIENTED_EDGE('',*,*,#1932,.F.);
#919=ORIENTED_EDGE('',*,*,#1770,.T.);
#920=ORIENTED_EDGE('',*,*,#1935,.T.);
#921=ORIENTED_EDGE('',*,*,#1936,.T.);
#922=ORIENTED_EDGE('',*,*,#1937,.F.);
#923=ORIENTED_EDGE('',*,*,#1773,.T.);
#924=ORIENTED_EDGE('',*,*,#1938,.T.);
#925=ORIENTED_EDGE('',*,*,#1939,.T.);
#926=ORIENTED_EDGE('',*,*,#1937,.T.);
#927=ORIENTED_EDGE('',*,*,#1940,.T.);
#928=ORIENTED_EDGE('',*,*,#1941,.F.);
#929=ORIENTED_EDGE('',*,*,#1774,.T.);
#930=ORIENTED_EDGE('',*,*,#1942,.T.);
#931=ORIENTED_EDGE('',*,*,#1943,.T.);
#932=ORIENTED_EDGE('',*,*,#1944,.F.);
#933=ORIENTED_EDGE('',*,*,#1779,.T.);
#934=ORIENTED_EDGE('',*,*,#1942,.F.);
#935=ORIENTED_EDGE('',*,*,#1778,.T.);
#936=ORIENTED_EDGE('',*,*,#1945,.T.);
#937=ORIENTED_EDGE('',*,*,#1946,.T.);
#938=ORIENTED_EDGE('',*,*,#1947,.F.);
#939=ORIENTED_EDGE('',*,*,#1781,.T.);
#940=ORIENTED_EDGE('',*,*,#1948,.T.);
#941=ORIENTED_EDGE('',*,*,#1949,.T.);
#942=ORIENTED_EDGE('',*,*,#1947,.T.);
#943=ORIENTED_EDGE('',*,*,#1950,.T.);
#944=ORIENTED_EDGE('',*,*,#1951,.F.);
#945=ORIENTED_EDGE('',*,*,#1782,.T.);
#946=ORIENTED_EDGE('',*,*,#1952,.T.);
#947=ORIENTED_EDGE('',*,*,#1953,.T.);
#948=ORIENTED_EDGE('',*,*,#1954,.F.);
#949=ORIENTED_EDGE('',*,*,#1787,.T.);
#950=ORIENTED_EDGE('',*,*,#1952,.F.);
#951=ORIENTED_EDGE('',*,*,#1786,.T.);
#952=ORIENTED_EDGE('',*,*,#1955,.T.);
#953=ORIENTED_EDGE('',*,*,#1956,.T.);
#954=ORIENTED_EDGE('',*,*,#1957,.F.);
#955=ORIENTED_EDGE('',*,*,#1789,.T.);
#956=ORIENTED_EDGE('',*,*,#1958,.T.);
#957=ORIENTED_EDGE('',*,*,#1959,.T.);
#958=ORIENTED_EDGE('',*,*,#1957,.T.);
#959=ORIENTED_EDGE('',*,*,#1960,.T.);
#960=ORIENTED_EDGE('',*,*,#1961,.F.);
#961=ORIENTED_EDGE('',*,*,#1790,.T.);
#962=ORIENTED_EDGE('',*,*,#1962,.T.);
#963=ORIENTED_EDGE('',*,*,#1963,.T.);
#964=ORIENTED_EDGE('',*,*,#1964,.F.);
#965=ORIENTED_EDGE('',*,*,#1795,.T.);
#966=ORIENTED_EDGE('',*,*,#1962,.F.);
#967=ORIENTED_EDGE('',*,*,#1794,.T.);
#968=ORIENTED_EDGE('',*,*,#1965,.T.);
#969=ORIENTED_EDGE('',*,*,#1966,.T.);
#970=ORIENTED_EDGE('',*,*,#1967,.F.);
#971=ORIENTED_EDGE('',*,*,#1797,.T.);
#972=ORIENTED_EDGE('',*,*,#1968,.T.);
#973=ORIENTED_EDGE('',*,*,#1969,.T.);
#974=ORIENTED_EDGE('',*,*,#1967,.T.);
#975=ORIENTED_EDGE('',*,*,#1970,.T.);
#976=ORIENTED_EDGE('',*,*,#1971,.F.);
#977=ORIENTED_EDGE('',*,*,#1798,.T.);
#978=ORIENTED_EDGE('',*,*,#1972,.T.);
#979=ORIENTED_EDGE('',*,*,#1973,.T.);
#980=ORIENTED_EDGE('',*,*,#1974,.F.);
#981=ORIENTED_EDGE('',*,*,#1803,.T.);
#982=ORIENTED_EDGE('',*,*,#1972,.F.);
#983=ORIENTED_EDGE('',*,*,#1802,.T.);
#984=ORIENTED_EDGE('',*,*,#1975,.T.);
#985=ORIENTED_EDGE('',*,*,#1976,.T.);
#986=ORIENTED_EDGE('',*,*,#1977,.F.);
#987=ORIENTED_EDGE('',*,*,#1805,.T.);
#988=ORIENTED_EDGE('',*,*,#1978,.T.);
#989=ORIENTED_EDGE('',*,*,#1979,.T.);
#990=ORIENTED_EDGE('',*,*,#1977,.T.);
#991=ORIENTED_EDGE('',*,*,#1980,.T.);
#992=ORIENTED_EDGE('',*,*,#1981,.F.);
#993=ORIENTED_EDGE('',*,*,#1806,.T.);
#994=ORIENTED_EDGE('',*,*,#1982,.T.);
#995=ORIENTED_EDGE('',*,*,#1983,.T.);
#996=ORIENTED_EDGE('',*,*,#1984,.F.);
#997=ORIENTED_EDGE('',*,*,#1811,.T.);
#998=ORIENTED_EDGE('',*,*,#1982,.F.);
#999=ORIENTED_EDGE('',*,*,#1810,.T.);
#1000=ORIENTED_EDGE('',*,*,#1985,.T.);
#1001=ORIENTED_EDGE('',*,*,#1986,.T.);
#1002=ORIENTED_EDGE('',*,*,#1987,.F.);
#1003=ORIENTED_EDGE('',*,*,#1813,.T.);
#1004=ORIENTED_EDGE('',*,*,#1988,.T.);
#1005=ORIENTED_EDGE('',*,*,#1989,.T.);
#1006=ORIENTED_EDGE('',*,*,#1987,.T.);
#1007=ORIENTED_EDGE('',*,*,#1990,.T.);
#1008=ORIENTED_EDGE('',*,*,#1991,.F.);
#1009=ORIENTED_EDGE('',*,*,#1814,.T.);
#1010=ORIENTED_EDGE('',*,*,#1992,.T.);
#1011=ORIENTED_EDGE('',*,*,#1993,.T.);
#1012=ORIENTED_EDGE('',*,*,#1994,.F.);
#1013=ORIENTED_EDGE('',*,*,#1819,.T.);
#1014=ORIENTED_EDGE('',*,*,#1992,.F.);
#1015=ORIENTED_EDGE('',*,*,#1818,.T.);
#1016=ORIENTED_EDGE('',*,*,#1995,.T.);
#1017=ORIENTED_EDGE('',*,*,#1996,.T.);
#1018=ORIENTED_EDGE('',*,*,#1997,.F.);
#1019=ORIENTED_EDGE('',*,*,#1821,.T.);
#1020=ORIENTED_EDGE('',*,*,#1998,.T.);
#1021=ORIENTED_EDGE('',*,*,#1999,.T.);
#1022=ORIENTED_EDGE('',*,*,#1997,.T.);
#1023=ORIENTED_EDGE('',*,*,#2000,.T.);
#1024=ORIENTED_EDGE('',*,*,#2001,.F.);
#1025=ORIENTED_EDGE('',*,*,#1822,.T.);
#1026=ORIENTED_EDGE('',*,*,#2002,.T.);
#1027=ORIENTED_EDGE('',*,*,#2003,.T.);
#1028=ORIENTED_EDGE('',*,*,#2004,.F.);
#1029=ORIENTED_EDGE('',*,*,#1827,.T.);
#1030=ORIENTED_EDGE('',*,*,#2002,.F.);
#1031=ORIENTED_EDGE('',*,*,#1826,.T.);
#1032=ORIENTED_EDGE('',*,*,#2005,.T.);
#1033=ORIENTED_EDGE('',*,*,#2006,.T.);
#1034=ORIENTED_EDGE('',*,*,#2007,.F.);
#1035=ORIENTED_EDGE('',*,*,#1829,.T.);
#1036=ORIENTED_EDGE('',*,*,#2008,.T.);
#1037=ORIENTED_EDGE('',*,*,#2009,.T.);
#1038=ORIENTED_EDGE('',*,*,#2007,.T.);
#1039=ORIENTED_EDGE('',*,*,#2010,.T.);
#1040=ORIENTED_EDGE('',*,*,#2011,.F.);
#1041=ORIENTED_EDGE('',*,*,#1830,.T.);
#1042=ORIENTED_EDGE('',*,*,#2012,.T.);
#1043=ORIENTED_EDGE('',*,*,#2013,.T.);
#1044=ORIENTED_EDGE('',*,*,#2014,.F.);
#1045=ORIENTED_EDGE('',*,*,#1835,.T.);
#1046=ORIENTED_EDGE('',*,*,#2012,.F.);
#1047=ORIENTED_EDGE('',*,*,#1834,.T.);
#1048=ORIENTED_EDGE('',*,*,#2015,.T.);
#1049=ORIENTED_EDGE('',*,*,#2016,.T.);
#1050=ORIENTED_EDGE('',*,*,#2017,.F.);
#1051=ORIENTED_EDGE('',*,*,#1837,.T.);
#1052=ORIENTED_EDGE('',*,*,#2018,.T.);
#1053=ORIENTED_EDGE('',*,*,#2019,.T.);
#1054=ORIENTED_EDGE('',*,*,#2017,.T.);
#1055=ORIENTED_EDGE('',*,*,#2020,.T.);
#1056=ORIENTED_EDGE('',*,*,#2021,.F.);
#1057=ORIENTED_EDGE('',*,*,#1838,.T.);
#1058=ORIENTED_EDGE('',*,*,#2022,.T.);
#1059=ORIENTED_EDGE('',*,*,#2023,.T.);
#1060=ORIENTED_EDGE('',*,*,#2024,.F.);
#1061=ORIENTED_EDGE('',*,*,#1843,.T.);
#1062=ORIENTED_EDGE('',*,*,#2022,.F.);
#1063=ORIENTED_EDGE('',*,*,#1842,.T.);
#1064=ORIENTED_EDGE('',*,*,#2025,.T.);
#1065=ORIENTED_EDGE('',*,*,#2026,.T.);
#1066=ORIENTED_EDGE('',*,*,#2027,.F.);
#1067=ORIENTED_EDGE('',*,*,#1845,.T.);
#1068=ORIENTED_EDGE('',*,*,#2028,.T.);
#1069=ORIENTED_EDGE('',*,*,#2029,.T.);
#1070=ORIENTED_EDGE('',*,*,#2027,.T.);
#1071=ORIENTED_EDGE('',*,*,#2030,.T.);
#1072=ORIENTED_EDGE('',*,*,#2031,.F.);
#1073=ORIENTED_EDGE('',*,*,#1846,.T.);
#1074=ORIENTED_EDGE('',*,*,#2032,.T.);
#1075=ORIENTED_EDGE('',*,*,#2033,.T.);
#1076=ORIENTED_EDGE('',*,*,#2034,.F.);
#1077=ORIENTED_EDGE('',*,*,#1851,.T.);
#1078=ORIENTED_EDGE('',*,*,#2032,.F.);
#1079=ORIENTED_EDGE('',*,*,#1850,.T.);
#1080=ORIENTED_EDGE('',*,*,#2035,.T.);
#1081=ORIENTED_EDGE('',*,*,#2036,.T.);
#1082=ORIENTED_EDGE('',*,*,#2037,.F.);
#1083=ORIENTED_EDGE('',*,*,#1853,.T.);
#1084=ORIENTED_EDGE('',*,*,#2038,.T.);
#1085=ORIENTED_EDGE('',*,*,#2039,.T.);
#1086=ORIENTED_EDGE('',*,*,#2037,.T.);
#1087=ORIENTED_EDGE('',*,*,#2040,.T.);
#1088=ORIENTED_EDGE('',*,*,#2041,.F.);
#1089=ORIENTED_EDGE('',*,*,#1854,.T.);
#1090=ORIENTED_EDGE('',*,*,#2042,.T.);
#1091=ORIENTED_EDGE('',*,*,#2043,.T.);
#1092=ORIENTED_EDGE('',*,*,#2044,.F.);
#1093=ORIENTED_EDGE('',*,*,#1859,.T.);
#1094=ORIENTED_EDGE('',*,*,#2042,.F.);
#1095=ORIENTED_EDGE('',*,*,#1858,.T.);
#1096=ORIENTED_EDGE('',*,*,#2045,.T.);
#1097=ORIENTED_EDGE('',*,*,#2046,.T.);
#1098=ORIENTED_EDGE('',*,*,#2047,.F.);
#1099=ORIENTED_EDGE('',*,*,#1861,.T.);
#1100=ORIENTED_EDGE('',*,*,#2048,.T.);
#1101=ORIENTED_EDGE('',*,*,#2049,.T.);
#1102=ORIENTED_EDGE('',*,*,#2047,.T.);
#1103=ORIENTED_EDGE('',*,*,#2050,.T.);
#1104=ORIENTED_EDGE('',*,*,#2051,.F.);
#1105=ORIENTED_EDGE('',*,*,#1862,.T.);
#1106=ORIENTED_EDGE('',*,*,#2052,.T.);
#1107=ORIENTED_EDGE('',*,*,#2053,.T.);
#1108=ORIENTED_EDGE('',*,*,#2054,.F.);
#1109=ORIENTED_EDGE('',*,*,#1867,.T.);
#1110=ORIENTED_EDGE('',*,*,#2052,.F.);
#1111=ORIENTED_EDGE('',*,*,#1866,.T.);
#1112=ORIENTED_EDGE('',*,*,#2055,.T.);
#1113=ORIENTED_EDGE('',*,*,#2056,.T.);
#1114=ORIENTED_EDGE('',*,*,#2057,.F.);
#1115=ORIENTED_EDGE('',*,*,#1869,.T.);
#1116=ORIENTED_EDGE('',*,*,#2058,.T.);
#1117=ORIENTED_EDGE('',*,*,#2059,.T.);
#1118=ORIENTED_EDGE('',*,*,#2057,.T.);
#1119=ORIENTED_EDGE('',*,*,#2060,.T.);
#1120=ORIENTED_EDGE('',*,*,#2061,.F.);
#1121=ORIENTED_EDGE('',*,*,#1870,.T.);
#1122=ORIENTED_EDGE('',*,*,#2062,.T.);
#1123=ORIENTED_EDGE('',*,*,#2063,.T.);
#1124=ORIENTED_EDGE('',*,*,#2064,.F.);
#1125=ORIENTED_EDGE('',*,*,#1875,.T.);
#1126=ORIENTED_EDGE('',*,*,#2062,.F.);
#1127=ORIENTED_EDGE('',*,*,#1874,.T.);
#1128=ORIENTED_EDGE('',*,*,#2065,.T.);
#1129=ORIENTED_EDGE('',*,*,#2066,.T.);
#1130=ORIENTED_EDGE('',*,*,#2067,.F.);
#1131=ORIENTED_EDGE('',*,*,#1877,.T.);
#1132=ORIENTED_EDGE('',*,*,#2068,.T.);
#1133=ORIENTED_EDGE('',*,*,#2069,.T.);
#1134=ORIENTED_EDGE('',*,*,#2067,.T.);
#1135=ORIENTED_EDGE('',*,*,#2070,.T.);
#1136=ORIENTED_EDGE('',*,*,#2071,.F.);
#1137=ORIENTED_EDGE('',*,*,#1878,.T.);
#1138=ORIENTED_EDGE('',*,*,#2072,.T.);
#1139=ORIENTED_EDGE('',*,*,#2073,.T.);
#1140=ORIENTED_EDGE('',*,*,#2074,.F.);
#1141=ORIENTED_EDGE('',*,*,#1883,.T.);
#1142=ORIENTED_EDGE('',*,*,#2072,.F.);
#1143=ORIENTED_EDGE('',*,*,#1882,.T.);
#1144=ORIENTED_EDGE('',*,*,#2075,.T.);
#1145=ORIENTED_EDGE('',*,*,#2076,.T.);
#1146=ORIENTED_EDGE('',*,*,#2077,.F.);
#1147=ORIENTED_EDGE('',*,*,#1885,.T.);
#1148=ORIENTED_EDGE('',*,*,#2078,.T.);
#1149=ORIENTED_EDGE('',*,*,#2079,.T.);
#1150=ORIENTED_EDGE('',*,*,#2077,.T.);
#1151=ORIENTED_EDGE('',*,*,#2080,.T.);
#1152=ORIENTED_EDGE('',*,*,#2081,.F.);
#1153=ORIENTED_EDGE('',*,*,#1886,.T.);
#1154=ORIENTED_EDGE('',*,*,#2082,.T.);
#1155=ORIENTED_EDGE('',*,*,#2083,.T.);
#1156=ORIENTED_EDGE('',*,*,#2084,.F.);
#1157=ORIENTED_EDGE('',*,*,#1891,.T.);
#1158=ORIENTED_EDGE('',*,*,#2082,.F.);
#1159=ORIENTED_EDGE('',*,*,#1890,.T.);
#1160=ORIENTED_EDGE('',*,*,#2085,.T.);
#1161=ORIENTED_EDGE('',*,*,#2086,.T.);
#1162=ORIENTED_EDGE('',*,*,#2087,.F.);
#1163=ORIENTED_EDGE('',*,*,#1893,.T.);
#1164=ORIENTED_EDGE('',*,*,#2088,.T.);
#1165=ORIENTED_EDGE('',*,*,#2089,.T.);
#1166=ORIENTED_EDGE('',*,*,#2087,.T.);
#1167=ORIENTED_EDGE('',*,*,#2090,.T.);
#1168=ORIENTED_EDGE('',*,*,#2091,.F.);
#1169=ORIENTED_EDGE('',*,*,#1894,.T.);
#1170=ORIENTED_EDGE('',*,*,#2092,.T.);
#1171=ORIENTED_EDGE('',*,*,#2093,.T.);
#1172=ORIENTED_EDGE('',*,*,#2094,.F.);
#1173=ORIENTED_EDGE('',*,*,#1899,.T.);
#1174=ORIENTED_EDGE('',*,*,#2092,.F.);
#1175=ORIENTED_EDGE('',*,*,#1898,.T.);
#1176=ORIENTED_EDGE('',*,*,#2095,.T.);
#1177=ORIENTED_EDGE('',*,*,#2096,.T.);
#1178=ORIENTED_EDGE('',*,*,#2097,.F.);
#1179=ORIENTED_EDGE('',*,*,#1901,.T.);
#1180=ORIENTED_EDGE('',*,*,#2098,.T.);
#1181=ORIENTED_EDGE('',*,*,#2099,.T.);
#1182=ORIENTED_EDGE('',*,*,#2097,.T.);
#1183=ORIENTED_EDGE('',*,*,#2100,.T.);
#1184=ORIENTED_EDGE('',*,*,#2101,.F.);
#1185=ORIENTED_EDGE('',*,*,#1902,.T.);
#1186=ORIENTED_EDGE('',*,*,#2102,.T.);
#1187=ORIENTED_EDGE('',*,*,#2103,.T.);
#1188=ORIENTED_EDGE('',*,*,#2104,.F.);
#1189=ORIENTED_EDGE('',*,*,#1907,.T.);
#1190=ORIENTED_EDGE('',*,*,#2102,.F.);
#1191=ORIENTED_EDGE('',*,*,#1906,.T.);
#1192=ORIENTED_EDGE('',*,*,#2105,.T.);
#1193=ORIENTED_EDGE('',*,*,#2106,.T.);
#1194=ORIENTED_EDGE('',*,*,#1921,.T.);
#1195=ORIENTED_EDGE('',*,*,#2107,.T.);
#1196=ORIENTED_EDGE('',*,*,#2108,.F.);
#1197=ORIENTED_EDGE('',*,*,#1759,.T.);
#1198=ORIENTED_EDGE('',*,*,#2108,.T.);
#1199=ORIENTED_EDGE('',*,*,#2109,.T.);
#1200=ORIENTED_EDGE('',*,*,#2110,.F.);
#1201=ORIENTED_EDGE('',*,*,#1760,.T.);
#1202=ORIENTED_EDGE('',*,*,#2110,.T.);
#1203=ORIENTED_EDGE('',*,*,#2111,.T.);
#1204=ORIENTED_EDGE('',*,*,#1925,.F.);
#1205=ORIENTED_EDGE('',*,*,#1761,.T.);
#1206=ORIENTED_EDGE('',*,*,#1931,.T.);
#1207=ORIENTED_EDGE('',*,*,#2112,.T.);
#1208=ORIENTED_EDGE('',*,*,#2113,.F.);
#1209=ORIENTED_EDGE('',*,*,#1767,.T.);
#1210=ORIENTED_EDGE('',*,*,#2113,.T.);
#1211=ORIENTED_EDGE('',*,*,#2114,.T.);
#1212=ORIENTED_EDGE('',*,*,#2115,.F.);
#1213=ORIENTED_EDGE('',*,*,#1768,.T.);
#1214=ORIENTED_EDGE('',*,*,#2115,.T.);
#1215=ORIENTED_EDGE('',*,*,#2116,.T.);
#1216=ORIENTED_EDGE('',*,*,#1935,.F.);
#1217=ORIENTED_EDGE('',*,*,#1769,.T.);
#1218=ORIENTED_EDGE('',*,*,#1941,.T.);
#1219=ORIENTED_EDGE('',*,*,#2117,.T.);
#1220=ORIENTED_EDGE('',*,*,#2118,.F.);
#1221=ORIENTED_EDGE('',*,*,#1775,.T.);
#1222=ORIENTED_EDGE('',*,*,#2118,.T.);
#1223=ORIENTED_EDGE('',*,*,#2119,.T.);
#1224=ORIENTED_EDGE('',*,*,#2120,.F.);
#1225=ORIENTED_EDGE('',*,*,#1776,.T.);
#1226=ORIENTED_EDGE('',*,*,#2120,.T.);
#1227=ORIENTED_EDGE('',*,*,#2121,.T.);
#1228=ORIENTED_EDGE('',*,*,#1945,.F.);
#1229=ORIENTED_EDGE('',*,*,#1777,.T.);
#1230=ORIENTED_EDGE('',*,*,#1951,.T.);
#1231=ORIENTED_EDGE('',*,*,#2122,.T.);
#1232=ORIENTED_EDGE('',*,*,#2123,.F.);
#1233=ORIENTED_EDGE('',*,*,#1783,.T.);
#1234=ORIENTED_EDGE('',*,*,#2123,.T.);
#1235=ORIENTED_EDGE('',*,*,#2124,.T.);
#1236=ORIENTED_EDGE('',*,*,#2125,.F.);
#1237=ORIENTED_EDGE('',*,*,#1784,.T.);
#1238=ORIENTED_EDGE('',*,*,#2125,.T.);
#1239=ORIENTED_EDGE('',*,*,#2126,.T.);
#1240=ORIENTED_EDGE('',*,*,#1955,.F.);
#1241=ORIENTED_EDGE('',*,*,#1785,.T.);
#1242=ORIENTED_EDGE('',*,*,#1961,.T.);
#1243=ORIENTED_EDGE('',*,*,#2127,.T.);
#1244=ORIENTED_EDGE('',*,*,#2128,.F.);
#1245=ORIENTED_EDGE('',*,*,#1791,.T.);
#1246=ORIENTED_EDGE('',*,*,#2128,.T.);
#1247=ORIENTED_EDGE('',*,*,#2129,.T.);
#1248=ORIENTED_EDGE('',*,*,#2130,.F.);
#1249=ORIENTED_EDGE('',*,*,#1792,.T.);
#1250=ORIENTED_EDGE('',*,*,#2130,.T.);
#1251=ORIENTED_EDGE('',*,*,#2131,.T.);
#1252=ORIENTED_EDGE('',*,*,#1965,.F.);
#1253=ORIENTED_EDGE('',*,*,#1793,.T.);
#1254=ORIENTED_EDGE('',*,*,#1971,.T.);
#1255=ORIENTED_EDGE('',*,*,#2132,.T.);
#1256=ORIENTED_EDGE('',*,*,#2133,.F.);
#1257=ORIENTED_EDGE('',*,*,#1799,.T.);
#1258=ORIENTED_EDGE('',*,*,#2133,.T.);
#1259=ORIENTED_EDGE('',*,*,#2134,.T.);
#1260=ORIENTED_EDGE('',*,*,#2135,.F.);
#1261=ORIENTED_EDGE('',*,*,#1800,.T.);
#1262=ORIENTED_EDGE('',*,*,#2135,.T.);
#1263=ORIENTED_EDGE('',*,*,#2136,.T.);
#1264=ORIENTED_EDGE('',*,*,#1975,.F.);
#1265=ORIENTED_EDGE('',*,*,#1801,.T.);
#1266=ORIENTED_EDGE('',*,*,#1981,.T.);
#1267=ORIENTED_EDGE('',*,*,#2137,.T.);
#1268=ORIENTED_EDGE('',*,*,#2138,.F.);
#1269=ORIENTED_EDGE('',*,*,#1807,.T.);
#1270=ORIENTED_EDGE('',*,*,#2138,.T.);
#1271=ORIENTED_EDGE('',*,*,#2139,.T.);
#1272=ORIENTED_EDGE('',*,*,#2140,.F.);
#1273=ORIENTED_EDGE('',*,*,#1808,.T.);
#1274=ORIENTED_EDGE('',*,*,#2140,.T.);
#1275=ORIENTED_EDGE('',*,*,#2141,.T.);
#1276=ORIENTED_EDGE('',*,*,#1985,.F.);
#1277=ORIENTED_EDGE('',*,*,#1809,.T.);
#1278=ORIENTED_EDGE('',*,*,#1991,.T.);
#1279=ORIENTED_EDGE('',*,*,#2142,.T.);
#1280=ORIENTED_EDGE('',*,*,#2143,.F.);
#1281=ORIENTED_EDGE('',*,*,#1815,.T.);
#1282=ORIENTED_EDGE('',*,*,#2143,.T.);
#1283=ORIENTED_EDGE('',*,*,#2144,.T.);
#1284=ORIENTED_EDGE('',*,*,#2145,.F.);
#1285=ORIENTED_EDGE('',*,*,#1816,.T.);
#1286=ORIENTED_EDGE('',*,*,#2145,.T.);
#1287=ORIENTED_EDGE('',*,*,#2146,.T.);
#1288=ORIENTED_EDGE('',*,*,#1995,.F.);
#1289=ORIENTED_EDGE('',*,*,#1817,.T.);
#1290=ORIENTED_EDGE('',*,*,#2001,.T.);
#1291=ORIENTED_EDGE('',*,*,#2147,.T.);
#1292=ORIENTED_EDGE('',*,*,#2148,.F.);
#1293=ORIENTED_EDGE('',*,*,#1823,.T.);
#1294=ORIENTED_EDGE('',*,*,#2148,.T.);
#1295=ORIENTED_EDGE('',*,*,#2149,.T.);
#1296=ORIENTED_EDGE('',*,*,#2150,.F.);
#1297=ORIENTED_EDGE('',*,*,#1824,.T.);
#1298=ORIENTED_EDGE('',*,*,#2150,.T.);
#1299=ORIENTED_EDGE('',*,*,#2151,.T.);
#1300=ORIENTED_EDGE('',*,*,#2005,.F.);
#1301=ORIENTED_EDGE('',*,*,#1825,.T.);
#1302=ORIENTED_EDGE('',*,*,#2011,.T.);
#1303=ORIENTED_EDGE('',*,*,#2152,.T.);
#1304=ORIENTED_EDGE('',*,*,#2153,.F.);
#1305=ORIENTED_EDGE('',*,*,#1831,.T.);
#1306=ORIENTED_EDGE('',*,*,#2153,.T.);
#1307=ORIENTED_EDGE('',*,*,#2154,.T.);
#1308=ORIENTED_EDGE('',*,*,#2155,.F.);
#1309=ORIENTED_EDGE('',*,*,#1832,.T.);
#1310=ORIENTED_EDGE('',*,*,#2155,.T.);
#1311=ORIENTED_EDGE('',*,*,#2156,.T.);
#1312=ORIENTED_EDGE('',*,*,#2015,.F.);
#1313=ORIENTED_EDGE('',*,*,#1833,.T.);
#1314=ORIENTED_EDGE('',*,*,#2021,.T.);
#1315=ORIENTED_EDGE('',*,*,#2157,.T.);
#1316=ORIENTED_EDGE('',*,*,#2158,.F.);
#1317=ORIENTED_EDGE('',*,*,#1839,.T.);
#1318=ORIENTED_EDGE('',*,*,#2158,.T.);
#1319=ORIENTED_EDGE('',*,*,#2159,.T.);
#1320=ORIENTED_EDGE('',*,*,#2160,.F.);
#1321=ORIENTED_EDGE('',*,*,#1840,.T.);
#1322=ORIENTED_EDGE('',*,*,#2160,.T.);
#1323=ORIENTED_EDGE('',*,*,#2161,.T.);
#1324=ORIENTED_EDGE('',*,*,#2025,.F.);
#1325=ORIENTED_EDGE('',*,*,#1841,.T.);
#1326=ORIENTED_EDGE('',*,*,#2031,.T.);
#1327=ORIENTED_EDGE('',*,*,#2162,.T.);
#1328=ORIENTED_EDGE('',*,*,#2163,.F.);
#1329=ORIENTED_EDGE('',*,*,#1847,.T.);
#1330=ORIENTED_EDGE('',*,*,#2163,.T.);
#1331=ORIENTED_EDGE('',*,*,#2164,.T.);
#1332=ORIENTED_EDGE('',*,*,#2165,.F.);
#1333=ORIENTED_EDGE('',*,*,#1848,.T.);
#1334=ORIENTED_EDGE('',*,*,#2165,.T.);
#1335=ORIENTED_EDGE('',*,*,#2166,.T.);
#1336=ORIENTED_EDGE('',*,*,#2035,.F.);
#1337=ORIENTED_EDGE('',*,*,#1849,.T.);
#1338=ORIENTED_EDGE('',*,*,#2041,.T.);
#1339=ORIENTED_EDGE('',*,*,#2167,.T.);
#1340=ORIENTED_EDGE('',*,*,#2168,.F.);
#1341=ORIENTED_EDGE('',*,*,#1855,.T.);
#1342=ORIENTED_EDGE('',*,*,#2168,.T.);
#1343=ORIENTED_EDGE('',*,*,#2169,.T.);
#1344=ORIENTED_EDGE('',*,*,#2170,.F.);
#1345=ORIENTED_EDGE('',*,*,#1856,.T.);
#1346=ORIENTED_EDGE('',*,*,#2170,.T.);
#1347=ORIENTED_EDGE('',*,*,#2171,.T.);
#1348=ORIENTED_EDGE('',*,*,#2045,.F.);
#1349=ORIENTED_EDGE('',*,*,#1857,.T.);
#1350=ORIENTED_EDGE('',*,*,#2051,.T.);
#1351=ORIENTED_EDGE('',*,*,#2172,.T.);
#1352=ORIENTED_EDGE('',*,*,#2173,.F.);
#1353=ORIENTED_EDGE('',*,*,#1863,.T.);
#1354=ORIENTED_EDGE('',*,*,#2173,.T.);
#1355=ORIENTED_EDGE('',*,*,#2174,.T.);
#1356=ORIENTED_EDGE('',*,*,#2175,.F.);
#1357=ORIENTED_EDGE('',*,*,#1864,.T.);
#1358=ORIENTED_EDGE('',*,*,#2175,.T.);
#1359=ORIENTED_EDGE('',*,*,#2176,.T.);
#1360=ORIENTED_EDGE('',*,*,#2055,.F.);
#1361=ORIENTED_EDGE('',*,*,#1865,.T.);
#1362=ORIENTED_EDGE('',*,*,#2061,.T.);
#1363=ORIENTED_EDGE('',*,*,#2177,.T.);
#1364=ORIENTED_EDGE('',*,*,#2178,.F.);
#1365=ORIENTED_EDGE('',*,*,#1871,.T.);
#1366=ORIENTED_EDGE('',*,*,#2178,.T.);
#1367=ORIENTED_EDGE('',*,*,#2179,.T.);
#1368=ORIENTED_EDGE('',*,*,#1738,.F.);
#1369=ORIENTED_EDGE('',*,*,#2180,.F.);
#1370=ORIENTED_EDGE('',*,*,#1872,.T.);
#1371=ORIENTED_EDGE('',*,*,#2180,.T.);
#1372=ORIENTED_EDGE('',*,*,#2181,.T.);
#1373=ORIENTED_EDGE('',*,*,#2065,.F.);
#1374=ORIENTED_EDGE('',*,*,#1873,.T.);
#1375=ORIENTED_EDGE('',*,*,#2071,.T.);
#1376=ORIENTED_EDGE('',*,*,#2182,.T.);
#1377=ORIENTED_EDGE('',*,*,#2183,.F.);
#1378=ORIENTED_EDGE('',*,*,#1879,.T.);
#1379=ORIENTED_EDGE('',*,*,#2183,.T.);
#1380=ORIENTED_EDGE('',*,*,#2184,.T.);
#1381=ORIENTED_EDGE('',*,*,#2185,.F.);
#1382=ORIENTED_EDGE('',*,*,#1880,.T.);
#1383=ORIENTED_EDGE('',*,*,#2185,.T.);
#1384=ORIENTED_EDGE('',*,*,#2186,.T.);
#1385=ORIENTED_EDGE('',*,*,#2075,.F.);
#1386=ORIENTED_EDGE('',*,*,#1881,.T.);
#1387=ORIENTED_EDGE('',*,*,#2081,.T.);
#1388=ORIENTED_EDGE('',*,*,#2187,.T.);
#1389=ORIENTED_EDGE('',*,*,#2188,.F.);
#1390=ORIENTED_EDGE('',*,*,#1887,.T.);
#1391=ORIENTED_EDGE('',*,*,#2188,.T.);
#1392=ORIENTED_EDGE('',*,*,#2189,.T.);
#1393=ORIENTED_EDGE('',*,*,#2190,.F.);
#1394=ORIENTED_EDGE('',*,*,#1888,.T.);
#1395=ORIENTED_EDGE('',*,*,#2190,.T.);
#1396=ORIENTED_EDGE('',*,*,#2191,.T.);
#1397=ORIENTED_EDGE('',*,*,#2085,.F.);
#1398=ORIENTED_EDGE('',*,*,#1889,.T.);
#1399=ORIENTED_EDGE('',*,*,#2091,.T.);
#1400=ORIENTED_EDGE('',*,*,#2192,.T.);
#1401=ORIENTED_EDGE('',*,*,#2193,.F.);
#1402=ORIENTED_EDGE('',*,*,#1895,.T.);
#1403=ORIENTED_EDGE('',*,*,#2193,.T.);
#1404=ORIENTED_EDGE('',*,*,#2194,.T.);
#1405=ORIENTED_EDGE('',*,*,#2195,.F.);
#1406=ORIENTED_EDGE('',*,*,#1896,.T.);
#1407=ORIENTED_EDGE('',*,*,#2195,.T.);
#1408=ORIENTED_EDGE('',*,*,#2196,.T.);
#1409=ORIENTED_EDGE('',*,*,#2095,.F.);
#1410=ORIENTED_EDGE('',*,*,#1897,.T.);
#1411=ORIENTED_EDGE('',*,*,#2101,.T.);
#1412=ORIENTED_EDGE('',*,*,#2197,.T.);
#1413=ORIENTED_EDGE('',*,*,#2198,.F.);
#1414=ORIENTED_EDGE('',*,*,#1903,.T.);
#1415=ORIENTED_EDGE('',*,*,#2198,.T.);
#1416=ORIENTED_EDGE('',*,*,#2199,.T.);
#1417=ORIENTED_EDGE('',*,*,#2200,.F.);
#1418=ORIENTED_EDGE('',*,*,#1904,.T.);
#1419=ORIENTED_EDGE('',*,*,#2200,.T.);
#1420=ORIENTED_EDGE('',*,*,#2201,.T.);
#1421=ORIENTED_EDGE('',*,*,#2105,.F.);
#1422=ORIENTED_EDGE('',*,*,#1905,.T.);
#1423=ORIENTED_EDGE('',*,*,#2104,.T.);
#1424=ORIENTED_EDGE('',*,*,#2202,.T.);
#1425=ORIENTED_EDGE('',*,*,#2203,.F.);
#1426=ORIENTED_EDGE('',*,*,#1908,.T.);
#1427=ORIENTED_EDGE('',*,*,#2094,.T.);
#1428=ORIENTED_EDGE('',*,*,#2204,.T.);
#1429=ORIENTED_EDGE('',*,*,#2098,.F.);
#1430=ORIENTED_EDGE('',*,*,#1900,.T.);
#1431=ORIENTED_EDGE('',*,*,#2084,.T.);
#1432=ORIENTED_EDGE('',*,*,#2205,.T.);
#1433=ORIENTED_EDGE('',*,*,#2088,.F.);
#1434=ORIENTED_EDGE('',*,*,#1892,.T.);
#1435=ORIENTED_EDGE('',*,*,#2074,.T.);
#1436=ORIENTED_EDGE('',*,*,#2206,.T.);
#1437=ORIENTED_EDGE('',*,*,#2078,.F.);
#1438=ORIENTED_EDGE('',*,*,#1884,.T.);
#1439=ORIENTED_EDGE('',*,*,#2064,.T.);
#1440=ORIENTED_EDGE('',*,*,#2207,.T.);
#1441=ORIENTED_EDGE('',*,*,#2068,.F.);
#1442=ORIENTED_EDGE('',*,*,#1876,.T.);
#1443=ORIENTED_EDGE('',*,*,#2054,.T.);
#1444=ORIENTED_EDGE('',*,*,#2208,.T.);
#1445=ORIENTED_EDGE('',*,*,#2058,.F.);
#1446=ORIENTED_EDGE('',*,*,#1868,.T.);
#1447=ORIENTED_EDGE('',*,*,#2044,.T.);
#1448=ORIENTED_EDGE('',*,*,#2209,.T.);
#1449=ORIENTED_EDGE('',*,*,#2048,.F.);
#1450=ORIENTED_EDGE('',*,*,#1860,.T.);
#1451=ORIENTED_EDGE('',*,*,#2034,.T.);
#1452=ORIENTED_EDGE('',*,*,#2210,.T.);
#1453=ORIENTED_EDGE('',*,*,#2038,.F.);
#1454=ORIENTED_EDGE('',*,*,#1852,.T.);
#1455=ORIENTED_EDGE('',*,*,#2024,.T.);
#1456=ORIENTED_EDGE('',*,*,#2211,.T.);
#1457=ORIENTED_EDGE('',*,*,#2028,.F.);
#1458=ORIENTED_EDGE('',*,*,#1844,.T.);
#1459=ORIENTED_EDGE('',*,*,#2014,.T.);
#1460=ORIENTED_EDGE('',*,*,#2212,.T.);
#1461=ORIENTED_EDGE('',*,*,#2018,.F.);
#1462=ORIENTED_EDGE('',*,*,#1836,.T.);
#1463=ORIENTED_EDGE('',*,*,#2004,.T.);
#1464=ORIENTED_EDGE('',*,*,#2213,.T.);
#1465=ORIENTED_EDGE('',*,*,#2008,.F.);
#1466=ORIENTED_EDGE('',*,*,#1828,.T.);
#1467=ORIENTED_EDGE('',*,*,#1994,.T.);
#1468=ORIENTED_EDGE('',*,*,#2214,.T.);
#1469=ORIENTED_EDGE('',*,*,#1998,.F.);
#1470=ORIENTED_EDGE('',*,*,#1820,.T.);
#1471=ORIENTED_EDGE('',*,*,#1984,.T.);
#1472=ORIENTED_EDGE('',*,*,#2215,.T.);
#1473=ORIENTED_EDGE('',*,*,#1988,.F.);
#1474=ORIENTED_EDGE('',*,*,#1812,.T.);
#1475=ORIENTED_EDGE('',*,*,#1974,.T.);
#1476=ORIENTED_EDGE('',*,*,#2216,.T.);
#1477=ORIENTED_EDGE('',*,*,#1978,.F.);
#1478=ORIENTED_EDGE('',*,*,#1804,.T.);
#1479=ORIENTED_EDGE('',*,*,#1964,.T.);
#1480=ORIENTED_EDGE('',*,*,#2217,.T.);
#1481=ORIENTED_EDGE('',*,*,#1968,.F.);
#1482=ORIENTED_EDGE('',*,*,#1796,.T.);
#1483=ORIENTED_EDGE('',*,*,#1954,.T.);
#1484=ORIENTED_EDGE('',*,*,#2218,.T.);
#1485=ORIENTED_EDGE('',*,*,#1958,.F.);
#1486=ORIENTED_EDGE('',*,*,#1788,.T.);
#1487=ORIENTED_EDGE('',*,*,#1944,.T.);
#1488=ORIENTED_EDGE('',*,*,#2219,.T.);
#1489=ORIENTED_EDGE('',*,*,#1948,.F.);
#1490=ORIENTED_EDGE('',*,*,#1780,.T.);
#1491=ORIENTED_EDGE('',*,*,#1934,.T.);
#1492=ORIENTED_EDGE('',*,*,#2220,.T.);
#1493=ORIENTED_EDGE('',*,*,#1938,.F.);
#1494=ORIENTED_EDGE('',*,*,#1772,.T.);
#1495=ORIENTED_EDGE('',*,*,#1924,.T.);
#1496=ORIENTED_EDGE('',*,*,#2221,.T.);
#1497=ORIENTED_EDGE('',*,*,#1928,.T.);
#1498=ORIENTED_EDGE('',*,*,#1764,.T.);
#1499=ORIENTED_EDGE('',*,*,#2222,.F.);
#1500=ORIENTED_EDGE('',*,*,#1909,.T.);
#1501=ORIENTED_EDGE('',*,*,#2203,.T.);
#1502=ORIENTED_EDGE('',*,*,#2223,.T.);
#1503=ORIENTED_EDGE('',*,*,#2222,.T.);
#1504=ORIENTED_EDGE('',*,*,#2224,.T.);
#1505=ORIENTED_EDGE('',*,*,#2225,.F.);
#1506=ORIENTED_EDGE('',*,*,#1910,.T.);
#1507=ORIENTED_EDGE('',*,*,#2226,.T.);
#1508=ORIENTED_EDGE('',*,*,#2227,.T.);
#1509=ORIENTED_EDGE('',*,*,#2228,.F.);
#1510=ORIENTED_EDGE('',*,*,#1915,.T.);
#1511=ORIENTED_EDGE('',*,*,#2226,.F.);
#1512=ORIENTED_EDGE('',*,*,#1914,.T.);
#1513=ORIENTED_EDGE('',*,*,#2229,.T.);
#1514=ORIENTED_EDGE('',*,*,#2230,.T.);
#1515=ORIENTED_EDGE('',*,*,#2225,.T.);
#1516=ORIENTED_EDGE('',*,*,#2231,.T.);
#1517=ORIENTED_EDGE('',*,*,#2232,.F.);
#1518=ORIENTED_EDGE('',*,*,#1911,.T.);
#1519=ORIENTED_EDGE('',*,*,#2232,.T.);
#1520=ORIENTED_EDGE('',*,*,#2233,.T.);
#1521=ORIENTED_EDGE('',*,*,#2234,.F.);
#1522=ORIENTED_EDGE('',*,*,#1912,.T.);
#1523=ORIENTED_EDGE('',*,*,#2234,.T.);
#1524=ORIENTED_EDGE('',*,*,#2235,.T.);
#1525=ORIENTED_EDGE('',*,*,#2229,.F.);
#1526=ORIENTED_EDGE('',*,*,#1913,.T.);
#1527=ORIENTED_EDGE('',*,*,#1918,.F.);
#1528=ORIENTED_EDGE('',*,*,#1756,.T.);
#1529=ORIENTED_EDGE('',*,*,#2228,.T.);
#1530=ORIENTED_EDGE('',*,*,#2236,.T.);
#1531=ORIENTED_EDGE('',*,*,#2237,.F.);
#1532=ORIENTED_EDGE('',*,*,#1751,.F.);
#1533=ORIENTED_EDGE('',*,*,#1748,.F.);
#1534=ORIENTED_EDGE('',*,*,#1745,.F.);
#1535=ORIENTED_EDGE('',*,*,#1742,.F.);
#1536=ORIENTED_EDGE('',*,*,#1739,.F.);
#1537=ORIENTED_EDGE('',*,*,#2179,.F.);
#1538=ORIENTED_EDGE('',*,*,#2177,.F.);
#1539=ORIENTED_EDGE('',*,*,#2060,.F.);
#1540=ORIENTED_EDGE('',*,*,#2059,.F.);
#1541=ORIENTED_EDGE('',*,*,#2208,.F.);
#1542=ORIENTED_EDGE('',*,*,#2053,.F.);
#1543=ORIENTED_EDGE('',*,*,#2056,.F.);
#1544=ORIENTED_EDGE('',*,*,#2176,.F.);
#1545=ORIENTED_EDGE('',*,*,#2174,.F.);
#1546=ORIENTED_EDGE('',*,*,#2172,.F.);
#1547=ORIENTED_EDGE('',*,*,#2050,.F.);
#1548=ORIENTED_EDGE('',*,*,#2049,.F.);
#1549=ORIENTED_EDGE('',*,*,#2209,.F.);
#1550=ORIENTED_EDGE('',*,*,#2043,.F.);
#1551=ORIENTED_EDGE('',*,*,#2046,.F.);
#1552=ORIENTED_EDGE('',*,*,#2171,.F.);
#1553=ORIENTED_EDGE('',*,*,#2169,.F.);
#1554=ORIENTED_EDGE('',*,*,#2167,.F.);
#1555=ORIENTED_EDGE('',*,*,#2040,.F.);
#1556=ORIENTED_EDGE('',*,*,#2039,.F.);
#1557=ORIENTED_EDGE('',*,*,#2210,.F.);
#1558=ORIENTED_EDGE('',*,*,#2033,.F.);
#1559=ORIENTED_EDGE('',*,*,#2036,.F.);
#1560=ORIENTED_EDGE('',*,*,#2166,.F.);
#1561=ORIENTED_EDGE('',*,*,#2164,.F.);
#1562=ORIENTED_EDGE('',*,*,#2162,.F.);
#1563=ORIENTED_EDGE('',*,*,#2030,.F.);
#1564=ORIENTED_EDGE('',*,*,#2029,.F.);
#1565=ORIENTED_EDGE('',*,*,#2211,.F.);
#1566=ORIENTED_EDGE('',*,*,#2023,.F.);
#1567=ORIENTED_EDGE('',*,*,#2026,.F.);
#1568=ORIENTED_EDGE('',*,*,#2161,.F.);
#1569=ORIENTED_EDGE('',*,*,#2159,.F.);
#1570=ORIENTED_EDGE('',*,*,#2157,.F.);
#1571=ORIENTED_EDGE('',*,*,#2020,.F.);
#1572=ORIENTED_EDGE('',*,*,#2019,.F.);
#1573=ORIENTED_EDGE('',*,*,#2212,.F.);
#1574=ORIENTED_EDGE('',*,*,#2013,.F.);
#1575=ORIENTED_EDGE('',*,*,#2016,.F.);
#1576=ORIENTED_EDGE('',*,*,#2156,.F.);
#1577=ORIENTED_EDGE('',*,*,#2154,.F.);
#1578=ORIENTED_EDGE('',*,*,#2152,.F.);
#1579=ORIENTED_EDGE('',*,*,#2010,.F.);
#1580=ORIENTED_EDGE('',*,*,#2009,.F.);
#1581=ORIENTED_EDGE('',*,*,#2213,.F.);
#1582=ORIENTED_EDGE('',*,*,#2003,.F.);
#1583=ORIENTED_EDGE('',*,*,#2006,.F.);
#1584=ORIENTED_EDGE('',*,*,#2151,.F.);
#1585=ORIENTED_EDGE('',*,*,#2149,.F.);
#1586=ORIENTED_EDGE('',*,*,#2147,.F.);
#1587=ORIENTED_EDGE('',*,*,#2000,.F.);
#1588=ORIENTED_EDGE('',*,*,#1999,.F.);
#1589=ORIENTED_EDGE('',*,*,#2214,.F.);
#1590=ORIENTED_EDGE('',*,*,#1993,.F.);
#1591=ORIENTED_EDGE('',*,*,#1996,.F.);
#1592=ORIENTED_EDGE('',*,*,#2146,.F.);
#1593=ORIENTED_EDGE('',*,*,#2144,.F.);
#1594=ORIENTED_EDGE('',*,*,#2142,.F.);
#1595=ORIENTED_EDGE('',*,*,#1990,.F.);
#1596=ORIENTED_EDGE('',*,*,#1989,.F.);
#1597=ORIENTED_EDGE('',*,*,#2215,.F.);
#1598=ORIENTED_EDGE('',*,*,#1983,.F.);
#1599=ORIENTED_EDGE('',*,*,#1986,.F.);
#1600=ORIENTED_EDGE('',*,*,#2141,.F.);
#1601=ORIENTED_EDGE('',*,*,#2139,.F.);
#1602=ORIENTED_EDGE('',*,*,#2137,.F.);
#1603=ORIENTED_EDGE('',*,*,#1980,.F.);
#1604=ORIENTED_EDGE('',*,*,#1979,.F.);
#1605=ORIENTED_EDGE('',*,*,#2216,.F.);
#1606=ORIENTED_EDGE('',*,*,#1973,.F.);
#1607=ORIENTED_EDGE('',*,*,#1976,.F.);
#1608=ORIENTED_EDGE('',*,*,#2136,.F.);
#1609=ORIENTED_EDGE('',*,*,#2134,.F.);
#1610=ORIENTED_EDGE('',*,*,#2132,.F.);
#1611=ORIENTED_EDGE('',*,*,#1970,.F.);
#1612=ORIENTED_EDGE('',*,*,#1969,.F.);
#1613=ORIENTED_EDGE('',*,*,#2217,.F.);
#1614=ORIENTED_EDGE('',*,*,#1963,.F.);
#1615=ORIENTED_EDGE('',*,*,#1966,.F.);
#1616=ORIENTED_EDGE('',*,*,#2131,.F.);
#1617=ORIENTED_EDGE('',*,*,#2129,.F.);
#1618=ORIENTED_EDGE('',*,*,#2127,.F.);
#1619=ORIENTED_EDGE('',*,*,#1960,.F.);
#1620=ORIENTED_EDGE('',*,*,#1959,.F.);
#1621=ORIENTED_EDGE('',*,*,#2218,.F.);
#1622=ORIENTED_EDGE('',*,*,#1953,.F.);
#1623=ORIENTED_EDGE('',*,*,#1956,.F.);
#1624=ORIENTED_EDGE('',*,*,#2126,.F.);
#1625=ORIENTED_EDGE('',*,*,#2124,.F.);
#1626=ORIENTED_EDGE('',*,*,#2122,.F.);
#1627=ORIENTED_EDGE('',*,*,#1950,.F.);
#1628=ORIENTED_EDGE('',*,*,#1949,.F.);
#1629=ORIENTED_EDGE('',*,*,#2219,.F.);
#1630=ORIENTED_EDGE('',*,*,#1943,.F.);
#1631=ORIENTED_EDGE('',*,*,#1946,.F.);
#1632=ORIENTED_EDGE('',*,*,#2121,.F.);
#1633=ORIENTED_EDGE('',*,*,#2119,.F.);
#1634=ORIENTED_EDGE('',*,*,#2117,.F.);
#1635=ORIENTED_EDGE('',*,*,#1940,.F.);
#1636=ORIENTED_EDGE('',*,*,#1939,.F.);
#1637=ORIENTED_EDGE('',*,*,#2220,.F.);
#1638=ORIENTED_EDGE('',*,*,#1933,.F.);
#1639=ORIENTED_EDGE('',*,*,#1936,.F.);
#1640=ORIENTED_EDGE('',*,*,#2116,.F.);
#1641=ORIENTED_EDGE('',*,*,#2114,.F.);
#1642=ORIENTED_EDGE('',*,*,#2112,.F.);
#1643=ORIENTED_EDGE('',*,*,#1930,.F.);
#1644=ORIENTED_EDGE('',*,*,#1929,.F.);
#1645=ORIENTED_EDGE('',*,*,#2221,.F.);
#1646=ORIENTED_EDGE('',*,*,#1923,.F.);
#1647=ORIENTED_EDGE('',*,*,#1926,.F.);
#1648=ORIENTED_EDGE('',*,*,#2111,.F.);
#1649=ORIENTED_EDGE('',*,*,#2109,.F.);
#1650=ORIENTED_EDGE('',*,*,#2107,.F.);
#1651=ORIENTED_EDGE('',*,*,#1920,.F.);
#1652=ORIENTED_EDGE('',*,*,#1919,.F.);
#1653=ORIENTED_EDGE('',*,*,#2236,.F.);
#1654=ORIENTED_EDGE('',*,*,#2227,.F.);
#1655=ORIENTED_EDGE('',*,*,#2230,.F.);
#1656=ORIENTED_EDGE('',*,*,#2235,.F.);
#1657=ORIENTED_EDGE('',*,*,#2233,.F.);
#1658=ORIENTED_EDGE('',*,*,#2231,.F.);
#1659=ORIENTED_EDGE('',*,*,#2224,.F.);
#1660=ORIENTED_EDGE('',*,*,#2223,.F.);
#1661=ORIENTED_EDGE('',*,*,#2202,.F.);
#1662=ORIENTED_EDGE('',*,*,#2103,.F.);
#1663=ORIENTED_EDGE('',*,*,#2106,.F.);
#1664=ORIENTED_EDGE('',*,*,#2201,.F.);
#1665=ORIENTED_EDGE('',*,*,#2199,.F.);
#1666=ORIENTED_EDGE('',*,*,#2197,.F.);
#1667=ORIENTED_EDGE('',*,*,#2100,.F.);
#1668=ORIENTED_EDGE('',*,*,#2099,.F.);
#1669=ORIENTED_EDGE('',*,*,#2204,.F.);
#1670=ORIENTED_EDGE('',*,*,#2093,.F.);
#1671=ORIENTED_EDGE('',*,*,#2096,.F.);
#1672=ORIENTED_EDGE('',*,*,#2196,.F.);
#1673=ORIENTED_EDGE('',*,*,#2194,.F.);
#1674=ORIENTED_EDGE('',*,*,#2192,.F.);
#1675=ORIENTED_EDGE('',*,*,#2090,.F.);
#1676=ORIENTED_EDGE('',*,*,#2089,.F.);
#1677=ORIENTED_EDGE('',*,*,#2205,.F.);
#1678=ORIENTED_EDGE('',*,*,#2083,.F.);
#1679=ORIENTED_EDGE('',*,*,#2086,.F.);
#1680=ORIENTED_EDGE('',*,*,#2191,.F.);
#1681=ORIENTED_EDGE('',*,*,#2189,.F.);
#1682=ORIENTED_EDGE('',*,*,#2187,.F.);
#1683=ORIENTED_EDGE('',*,*,#2080,.F.);
#1684=ORIENTED_EDGE('',*,*,#2079,.F.);
#1685=ORIENTED_EDGE('',*,*,#2206,.F.);
#1686=ORIENTED_EDGE('',*,*,#2073,.F.);
#1687=ORIENTED_EDGE('',*,*,#2076,.F.);
#1688=ORIENTED_EDGE('',*,*,#2186,.F.);
#1689=ORIENTED_EDGE('',*,*,#2184,.F.);
#1690=ORIENTED_EDGE('',*,*,#2182,.F.);
#1691=ORIENTED_EDGE('',*,*,#2070,.F.);
#1692=ORIENTED_EDGE('',*,*,#2069,.F.);
#1693=ORIENTED_EDGE('',*,*,#2207,.F.);
#1694=ORIENTED_EDGE('',*,*,#2063,.F.);
#1695=ORIENTED_EDGE('',*,*,#2066,.F.);
#1696=ORIENTED_EDGE('',*,*,#2181,.F.);
#1697=ORIENTED_EDGE('',*,*,#1734,.F.);
#1698=ORIENTED_EDGE('',*,*,#1754,.F.);
#1699=ORIENTED_EDGE('',*,*,#1731,.T.);
#1700=ORIENTED_EDGE('',*,*,#1728,.F.);
#1701=ORIENTED_EDGE('',*,*,#2238,.F.);
#1702=ORIENTED_EDGE('',*,*,#2239,.F.);
#1703=ORIENTED_EDGE('',*,*,#1727,.T.);
#1704=ORIENTED_EDGE('',*,*,#1724,.T.);
#1705=ORIENTED_EDGE('',*,*,#2240,.F.);
#1706=ORIENTED_EDGE('',*,*,#2238,.T.);
#1707=ORIENTED_EDGE('',*,*,#2240,.T.);
#1708=ORIENTED_EDGE('',*,*,#1723,.T.);
#1709=ORIENTED_EDGE('',*,*,#2241,.F.);
#1710=ORIENTED_EDGE('',*,*,#2239,.T.);
#1711=ORIENTED_EDGE('',*,*,#2241,.T.);
#1712=ORIENTED_EDGE('',*,*,#1722,.T.);
#1713=ORIENTED_EDGE('',*,*,#1752,.F.);
#1714=ORIENTED_EDGE('',*,*,#2237,.T.);
#1715=ORIENTED_EDGE('',*,*,#1916,.T.);
#1716=ORIENTED_EDGE('',*,*,#1720,.T.);
#1717=ORIENTED_EDGE('',*,*,#1719,.F.);
#1718=EDGE_CURVE('',#2242,#2242,#2592,.T.);
#1719=EDGE_CURVE('',#2243,#2243,#508,.T.);
#1720=EDGE_CURVE('',#2244,#2244,#2593,.T.);
#1721=EDGE_CURVE('',#2245,#2246,#52,.T.);
#1722=EDGE_CURVE('',#2247,#2245,#53,.T.);
#1723=EDGE_CURVE('',#2248,#2247,#54,.T.);
#1724=EDGE_CURVE('',#2249,#2248,#55,.T.);
#1725=EDGE_CURVE('',#2249,#2250,#56,.T.);
#1726=EDGE_CURVE('',#2250,#2246,#57,.T.);
#1727=EDGE_CURVE('',#2251,#2249,#58,.T.);
#1728=EDGE_CURVE('',#2251,#2252,#59,.F.);
#1729=EDGE_CURVE('',#2252,#2250,#60,.T.);
#1730=EDGE_CURVE('',#2246,#2253,#61,.F.);
#1731=EDGE_CURVE('',#2254,#2252,#62,.T.);
#1732=EDGE_CURVE('',#2255,#2254,#63,.T.);
#1733=EDGE_CURVE('',#2253,#2255,#64,.F.);
#1734=EDGE_CURVE('',#2256,#2257,#65,.T.);
#1735=EDGE_CURVE('',#2257,#2258,#66,.T.);
#1736=EDGE_CURVE('',#2258,#2259,#67,.F.);
#1737=EDGE_CURVE('',#2256,#2259,#68,.T.);
#1738=EDGE_CURVE('',#2257,#2260,#509,.F.);
#1739=EDGE_CURVE('',#2260,#2261,#69,.T.);
#1740=EDGE_CURVE('',#2261,#2262,#70,.T.);
#1741=EDGE_CURVE('',#2262,#2258,#71,.T.);
#1742=EDGE_CURVE('',#2261,#2263,#72,.T.);
#1743=EDGE_CURVE('',#2263,#2264,#73,.T.);
#1744=EDGE_CURVE('',#2264,#2262,#74,.T.);
#1745=EDGE_CURVE('',#2263,#2265,#75,.T.);
#1746=EDGE_CURVE('',#2265,#2266,#76,.T.);
#1747=EDGE_CURVE('',#2266,#2264,#77,.T.);
#1748=EDGE_CURVE('',#2265,#2267,#78,.T.);
#1749=EDGE_CURVE('',#2267,#2268,#79,.T.);
#1750=EDGE_CURVE('',#2268,#2266,#80,.T.);
#1751=EDGE_CURVE('',#2267,#2269,#81,.T.);
#1752=EDGE_CURVE('',#2269,#2245,#82,.T.);
#1753=EDGE_CURVE('',#2268,#2253,#83,.F.);
#1754=EDGE_CURVE('',#2254,#2256,#84,.T.);
#1755=EDGE_CURVE('',#2259,#2255,#85,.T.);
#1756=EDGE_CURVE('',#2270,#2271,#2594,.T.);
#1757=EDGE_CURVE('',#2272,#2270,#2595,.T.);
#1758=EDGE_CURVE('',#2273,#2272,#86,.T.);
#1759=EDGE_CURVE('',#2274,#2273,#510,.T.);
#1760=EDGE_CURVE('',#2275,#2274,#2596,.T.);
#1761=EDGE_CURVE('',#2276,#2275,#511,.T.);
#1762=EDGE_CURVE('',#2277,#2276,#87,.T.);
#1763=EDGE_CURVE('',#2278,#2277,#2597,.F.);
#1764=EDGE_CURVE('',#2279,#2278,#2598,.T.);
#1765=EDGE_CURVE('',#2280,#2279,#2599,.T.);
#1766=EDGE_CURVE('',#2281,#2280,#88,.T.);
#1767=EDGE_CURVE('',#2282,#2281,#512,.T.);
#1768=EDGE_CURVE('',#2283,#2282,#2600,.T.);
#1769=EDGE_CURVE('',#2284,#2283,#513,.T.);
#1770=EDGE_CURVE('',#2285,#2284,#89,.T.);
#1771=EDGE_CURVE('',#2286,#2285,#2601,.F.);
#1772=EDGE_CURVE('',#2287,#2286,#2602,.T.);
#1773=EDGE_CURVE('',#2288,#2287,#2603,.T.);
#1774=EDGE_CURVE('',#2289,#2288,#90,.T.);
#1775=EDGE_CURVE('',#2290,#2289,#514,.T.);
#1776=EDGE_CURVE('',#2291,#2290,#2604,.T.);
#1777=EDGE_CURVE('',#2292,#2291,#515,.T.);
#1778=EDGE_CURVE('',#2293,#2292,#91,.T.);
#1779=EDGE_CURVE('',#2294,#2293,#2605,.F.);
#1780=EDGE_CURVE('',#2295,#2294,#2606,.T.);
#1781=EDGE_CURVE('',#2296,#2295,#2607,.T.);
#1782=EDGE_CURVE('',#2297,#2296,#92,.T.);
#1783=EDGE_CURVE('',#2298,#2297,#516,.T.);
#1784=EDGE_CURVE('',#2299,#2298,#2608,.T.);
#1785=EDGE_CURVE('',#2300,#2299,#517,.T.);
#1786=EDGE_CURVE('',#2301,#2300,#93,.T.);
#1787=EDGE_CURVE('',#2302,#2301,#2609,.F.);
#1788=EDGE_CURVE('',#2303,#2302,#2610,.T.);
#1789=EDGE_CURVE('',#2304,#2303,#2611,.T.);
#1790=EDGE_CURVE('',#2305,#2304,#94,.T.);
#1791=EDGE_CURVE('',#2306,#2305,#518,.T.);
#1792=EDGE_CURVE('',#2307,#2306,#2612,.T.);
#1793=EDGE_CURVE('',#2308,#2307,#519,.T.);
#1794=EDGE_CURVE('',#2309,#2308,#95,.T.);
#1795=EDGE_CURVE('',#2310,#2309,#2613,.F.);
#1796=EDGE_CURVE('',#2311,#2310,#2614,.T.);
#1797=EDGE_CURVE('',#2312,#2311,#2615,.T.);
#1798=EDGE_CURVE('',#2313,#2312,#96,.T.);
#1799=EDGE_CURVE('',#2314,#2313,#520,.T.);
#1800=EDGE_CURVE('',#2315,#2314,#2616,.T.);
#1801=EDGE_CURVE('',#2316,#2315,#521,.T.);
#1802=EDGE_CURVE('',#2317,#2316,#97,.T.);
#1803=EDGE_CURVE('',#2318,#2317,#2617,.F.);
#1804=EDGE_CURVE('',#2319,#2318,#2618,.T.);
#1805=EDGE_CURVE('',#2320,#2319,#2619,.T.);
#1806=EDGE_CURVE('',#2321,#2320,#98,.T.);
#1807=EDGE_CURVE('',#2322,#2321,#522,.T.);
#1808=EDGE_CURVE('',#2323,#2322,#2620,.T.);
#1809=EDGE_CURVE('',#2324,#2323,#523,.T.);
#1810=EDGE_CURVE('',#2325,#2324,#99,.T.);
#1811=EDGE_CURVE('',#2326,#2325,#2621,.F.);
#1812=EDGE_CURVE('',#2327,#2326,#2622,.T.);
#1813=EDGE_CURVE('',#2328,#2327,#2623,.T.);
#1814=EDGE_CURVE('',#2329,#2328,#100,.T.);
#1815=EDGE_CURVE('',#2330,#2329,#524,.T.);
#1816=EDGE_CURVE('',#2331,#2330,#2624,.T.);
#1817=EDGE_CURVE('',#2332,#2331,#525,.T.);
#1818=EDGE_CURVE('',#2333,#2332,#101,.T.);
#1819=EDGE_CURVE('',#2334,#2333,#2625,.F.);
#1820=EDGE_CURVE('',#2335,#2334,#2626,.T.);
#1821=EDGE_CURVE('',#2336,#2335,#2627,.T.);
#1822=EDGE_CURVE('',#2337,#2336,#102,.T.);
#1823=EDGE_CURVE('',#2338,#2337,#526,.T.);
#1824=EDGE_CURVE('',#2339,#2338,#2628,.T.);
#1825=EDGE_CURVE('',#2340,#2339,#527,.T.);
#1826=EDGE_CURVE('',#2341,#2340,#103,.T.);
#1827=EDGE_CURVE('',#2342,#2341,#2629,.F.);
#1828=EDGE_CURVE('',#2343,#2342,#2630,.T.);
#1829=EDGE_CURVE('',#2344,#2343,#2631,.T.);
#1830=EDGE_CURVE('',#2345,#2344,#104,.T.);
#1831=EDGE_CURVE('',#2346,#2345,#528,.T.);
#1832=EDGE_CURVE('',#2347,#2346,#2632,.T.);
#1833=EDGE_CURVE('',#2348,#2347,#529,.T.);
#1834=EDGE_CURVE('',#2349,#2348,#105,.T.);
#1835=EDGE_CURVE('',#2350,#2349,#2633,.F.);
#1836=EDGE_CURVE('',#2351,#2350,#2634,.T.);
#1837=EDGE_CURVE('',#2352,#2351,#2635,.T.);
#1838=EDGE_CURVE('',#2353,#2352,#106,.T.);
#1839=EDGE_CURVE('',#2354,#2353,#530,.T.);
#1840=EDGE_CURVE('',#2355,#2354,#2636,.T.);
#1841=EDGE_CURVE('',#2356,#2355,#531,.T.);
#1842=EDGE_CURVE('',#2357,#2356,#107,.T.);
#1843=EDGE_CURVE('',#2358,#2357,#2637,.F.);
#1844=EDGE_CURVE('',#2359,#2358,#2638,.T.);
#1845=EDGE_CURVE('',#2360,#2359,#2639,.T.);
#1846=EDGE_CURVE('',#2361,#2360,#108,.T.);
#1847=EDGE_CURVE('',#2362,#2361,#532,.T.);
#1848=EDGE_CURVE('',#2363,#2362,#2640,.T.);
#1849=EDGE_CURVE('',#2364,#2363,#533,.T.);
#1850=EDGE_CURVE('',#2365,#2364,#109,.T.);
#1851=EDGE_CURVE('',#2366,#2365,#2641,.F.);
#1852=EDGE_CURVE('',#2367,#2366,#2642,.T.);
#1853=EDGE_CURVE('',#2368,#2367,#2643,.T.);
#1854=EDGE_CURVE('',#2369,#2368,#110,.T.);
#1855=EDGE_CURVE('',#2370,#2369,#534,.T.);
#1856=EDGE_CURVE('',#2371,#2370,#2644,.T.);
#1857=EDGE_CURVE('',#2372,#2371,#535,.T.);
#1858=EDGE_CURVE('',#2373,#2372,#111,.T.);
#1859=EDGE_CURVE('',#2374,#2373,#2645,.F.);
#1860=EDGE_CURVE('',#2375,#2374,#2646,.T.);
#1861=EDGE_CURVE('',#2376,#2375,#2647,.T.);
#1862=EDGE_CURVE('',#2377,#2376,#112,.T.);
#1863=EDGE_CURVE('',#2378,#2377,#536,.T.);
#1864=EDGE_CURVE('',#2379,#2378,#2648,.T.);
#1865=EDGE_CURVE('',#2380,#2379,#537,.T.);
#1866=EDGE_CURVE('',#2381,#2380,#113,.T.);
#1867=EDGE_CURVE('',#2382,#2381,#2649,.F.);
#1868=EDGE_CURVE('',#2383,#2382,#2650,.T.);
#1869=EDGE_CURVE('',#2384,#2383,#2651,.T.);
#1870=EDGE_CURVE('',#2385,#2384,#114,.T.);
#1871=EDGE_CURVE('',#2386,#2385,#538,.T.);
#1872=EDGE_CURVE('',#2387,#2386,#2652,.T.);
#1873=EDGE_CURVE('',#2388,#2387,#539,.T.);
#1874=EDGE_CURVE('',#2389,#2388,#115,.T.);
#1875=EDGE_CURVE('',#2390,#2389,#2653,.F.);
#1876=EDGE_CURVE('',#2391,#2390,#2654,.T.);
#1877=EDGE_CURVE('',#2392,#2391,#2655,.T.);
#1878=EDGE_CURVE('',#2393,#2392,#116,.T.);
#1879=EDGE_CURVE('',#2394,#2393,#540,.T.);
#1880=EDGE_CURVE('',#2395,#2394,#2656,.T.);
#1881=EDGE_CURVE('',#2396,#2395,#541,.T.);
#1882=EDGE_CURVE('',#2397,#2396,#117,.T.);
#1883=EDGE_CURVE('',#2398,#2397,#2657,.F.);
#1884=EDGE_CURVE('',#2399,#2398,#2658,.T.);
#1885=EDGE_CURVE('',#2400,#2399,#2659,.T.);
#1886=EDGE_CURVE('',#2401,#2400,#118,.T.);
#1887=EDGE_CURVE('',#2402,#2401,#542,.T.);
#1888=EDGE_CURVE('',#2403,#2402,#2660,.T.);
#1889=EDGE_CURVE('',#2404,#2403,#543,.T.);
#1890=EDGE_CURVE('',#2405,#2404,#119,.T.);
#1891=EDGE_CURVE('',#2406,#2405,#2661,.F.);
#1892=EDGE_CURVE('',#2407,#2406,#2662,.T.);
#1893=EDGE_CURVE('',#2408,#2407,#2663,.T.);
#1894=EDGE_CURVE('',#2409,#2408,#120,.T.);
#1895=EDGE_CURVE('',#2410,#2409,#544,.T.);
#1896=EDGE_CURVE('',#2411,#2410,#2664,.T.);
#1897=EDGE_CURVE('',#2412,#2411,#545,.T.);
#1898=EDGE_CURVE('',#2413,#2412,#121,.T.);
#1899=EDGE_CURVE('',#2414,#2413,#2665,.F.);
#1900=EDGE_CURVE('',#2415,#2414,#2666,.T.);
#1901=EDGE_CURVE('',#2416,#2415,#2667,.T.);
#1902=EDGE_CURVE('',#2417,#2416,#122,.T.);
#1903=EDGE_CURVE('',#2418,#2417,#546,.T.);
#1904=EDGE_CURVE('',#2419,#2418,#2668,.T.);
#1905=EDGE_CURVE('',#2420,#2419,#547,.T.);
#1906=EDGE_CURVE('',#2421,#2420,#123,.T.);
#1907=EDGE_CURVE('',#2422,#2421,#2669,.F.);
#1908=EDGE_CURVE('',#2423,#2422,#2670,.T.);
#1909=EDGE_CURVE('',#2424,#2423,#2671,.T.);
#1910=EDGE_CURVE('',#2425,#2424,#124,.T.);
#1911=EDGE_CURVE('',#2426,#2425,#548,.T.);
#1912=EDGE_CURVE('',#2427,#2426,#2672,.T.);
#1913=EDGE_CURVE('',#2428,#2427,#549,.T.);
#1914=EDGE_CURVE('',#2429,#2428,#125,.T.);
#1915=EDGE_CURVE('',#2271,#2429,#2673,.F.);
#1916=EDGE_CURVE('',#2430,#2430,#2674,.F.);
#1917=EDGE_CURVE('',#2272,#2431,#126,.T.);
#1918=EDGE_CURVE('',#2270,#2432,#127,.F.);
#1919=EDGE_CURVE('',#2432,#2431,#2675,.F.);
#1920=EDGE_CURVE('',#2431,#2433,#128,.T.);
#1921=EDGE_CURVE('',#2273,#2433,#550,.T.);
#1922=EDGE_CURVE('',#2277,#2434,#129,.F.);
#1923=EDGE_CURVE('',#2434,#2435,#2676,.T.);
#1924=EDGE_CURVE('',#2278,#2435,#130,.F.);
#1925=EDGE_CURVE('',#2276,#2436,#551,.F.);
#1926=EDGE_CURVE('',#2436,#2434,#131,.T.);
#1927=EDGE_CURVE('',#2280,#2437,#132,.T.);
#1928=EDGE_CURVE('',#2438,#2279,#133,.F.);
#1929=EDGE_CURVE('',#2438,#2437,#2677,.F.);
#1930=EDGE_CURVE('',#2437,#2439,#134,.T.);
#1931=EDGE_CURVE('',#2281,#2439,#552,.T.);
#1932=EDGE_CURVE('',#2285,#2440,#135,.F.);
#1933=EDGE_CURVE('',#2440,#2441,#2678,.T.);
#1934=EDGE_CURVE('',#2286,#2441,#136,.F.);
#1935=EDGE_CURVE('',#2284,#2442,#553,.F.);
#1936=EDGE_CURVE('',#2442,#2440,#137,.T.);
#1937=EDGE_CURVE('',#2288,#2443,#138,.T.);
#1938=EDGE_CURVE('',#2287,#2444,#139,.F.);
#1939=EDGE_CURVE('',#2444,#2443,#2679,.F.);
#1940=EDGE_CURVE('',#2443,#2445,#140,.T.);
#1941=EDGE_CURVE('',#2289,#2445,#554,.T.);
#1942=EDGE_CURVE('',#2293,#2446,#141,.F.);
#1943=EDGE_CURVE('',#2446,#2447,#2680,.T.);
#1944=EDGE_CURVE('',#2294,#2447,#142,.F.);
#1945=EDGE_CURVE('',#2292,#2448,#555,.F.);
#1946=EDGE_CURVE('',#2448,#2446,#143,.T.);
#1947=EDGE_CURVE('',#2296,#2449,#144,.T.);
#1948=EDGE_CURVE('',#2295,#2450,#145,.F.);
#1949=EDGE_CURVE('',#2450,#2449,#2681,.F.);
#1950=EDGE_CURVE('',#2449,#2451,#146,.T.);
#1951=EDGE_CURVE('',#2297,#2451,#556,.T.);
#1952=EDGE_CURVE('',#2301,#2452,#147,.F.);
#1953=EDGE_CURVE('',#2452,#2453,#2682,.T.);
#1954=EDGE_CURVE('',#2302,#2453,#148,.F.);
#1955=EDGE_CURVE('',#2300,#2454,#557,.F.);
#1956=EDGE_CURVE('',#2454,#2452,#149,.T.);
#1957=EDGE_CURVE('',#2304,#2455,#150,.T.);
#1958=EDGE_CURVE('',#2303,#2456,#151,.F.);
#1959=EDGE_CURVE('',#2456,#2455,#2683,.F.);
#1960=EDGE_CURVE('',#2455,#2457,#152,.T.);
#1961=EDGE_CURVE('',#2305,#2457,#558,.T.);
#1962=EDGE_CURVE('',#2309,#2458,#153,.F.);
#1963=EDGE_CURVE('',#2458,#2459,#2684,.T.);
#1964=EDGE_CURVE('',#2310,#2459,#154,.F.);
#1965=EDGE_CURVE('',#2308,#2460,#559,.F.);
#1966=EDGE_CURVE('',#2460,#2458,#155,.T.);
#1967=EDGE_CURVE('',#2312,#2461,#156,.T.);
#1968=EDGE_CURVE('',#2311,#2462,#157,.F.);
#1969=EDGE_CURVE('',#2462,#2461,#2685,.F.);
#1970=EDGE_CURVE('',#2461,#2463,#158,.T.);
#1971=EDGE_CURVE('',#2313,#2463,#560,.T.);
#1972=EDGE_CURVE('',#2317,#2464,#159,.F.);
#1973=EDGE_CURVE('',#2464,#2465,#2686,.T.);
#1974=EDGE_CURVE('',#2318,#2465,#160,.F.);
#1975=EDGE_CURVE('',#2316,#2466,#561,.F.);
#1976=EDGE_CURVE('',#2466,#2464,#161,.T.);
#1977=EDGE_CURVE('',#2320,#2467,#162,.T.);
#1978=EDGE_CURVE('',#2319,#2468,#163,.F.);
#1979=EDGE_CURVE('',#2468,#2467,#2687,.F.);
#1980=EDGE_CURVE('',#2467,#2469,#164,.T.);
#1981=EDGE_CURVE('',#2321,#2469,#562,.T.);
#1982=EDGE_CURVE('',#2325,#2470,#165,.F.);
#1983=EDGE_CURVE('',#2470,#2471,#2688,.T.);
#1984=EDGE_CURVE('',#2326,#2471,#166,.F.);
#1985=EDGE_CURVE('',#2324,#2472,#563,.F.);
#1986=EDGE_CURVE('',#2472,#2470,#167,.T.);
#1987=EDGE_CURVE('',#2328,#2473,#168,.T.);
#1988=EDGE_CURVE('',#2327,#2474,#169,.F.);
#1989=EDGE_CURVE('',#2474,#2473,#2689,.F.);
#1990=EDGE_CURVE('',#2473,#2475,#170,.T.);
#1991=EDGE_CURVE('',#2329,#2475,#564,.T.);
#1992=EDGE_CURVE('',#2333,#2476,#171,.F.);
#1993=EDGE_CURVE('',#2476,#2477,#2690,.T.);
#1994=EDGE_CURVE('',#2334,#2477,#172,.F.);
#1995=EDGE_CURVE('',#2332,#2478,#565,.F.);
#1996=EDGE_CURVE('',#2478,#2476,#173,.T.);
#1997=EDGE_CURVE('',#2336,#2479,#174,.T.);
#1998=EDGE_CURVE('',#2335,#2480,#175,.F.);
#1999=EDGE_CURVE('',#2480,#2479,#2691,.F.);
#2000=EDGE_CURVE('',#2479,#2481,#176,.T.);
#2001=EDGE_CURVE('',#2337,#2481,#566,.T.);
#2002=EDGE_CURVE('',#2341,#2482,#177,.F.);
#2003=EDGE_CURVE('',#2482,#2483,#2692,.T.);
#2004=EDGE_CURVE('',#2342,#2483,#178,.F.);
#2005=EDGE_CURVE('',#2340,#2484,#567,.F.);
#2006=EDGE_CURVE('',#2484,#2482,#179,.T.);
#2007=EDGE_CURVE('',#2344,#2485,#180,.T.);
#2008=EDGE_CURVE('',#2343,#2486,#181,.F.);
#2009=EDGE_CURVE('',#2486,#2485,#2693,.F.);
#2010=EDGE_CURVE('',#2485,#2487,#182,.T.);
#2011=EDGE_CURVE('',#2345,#2487,#568,.T.);
#2012=EDGE_CURVE('',#2349,#2488,#183,.F.);
#2013=EDGE_CURVE('',#2488,#2489,#2694,.T.);
#2014=EDGE_CURVE('',#2350,#2489,#184,.F.);
#2015=EDGE_CURVE('',#2348,#2490,#569,.F.);
#2016=EDGE_CURVE('',#2490,#2488,#185,.T.);
#2017=EDGE_CURVE('',#2352,#2491,#186,.T.);
#2018=EDGE_CURVE('',#2351,#2492,#187,.F.);
#2019=EDGE_CURVE('',#2492,#2491,#2695,.F.);
#2020=EDGE_CURVE('',#2491,#2493,#188,.T.);
#2021=EDGE_CURVE('',#2353,#2493,#570,.T.);
#2022=EDGE_CURVE('',#2357,#2494,#189,.F.);
#2023=EDGE_CURVE('',#2494,#2495,#2696,.T.);
#2024=EDGE_CURVE('',#2358,#2495,#190,.F.);
#2025=EDGE_CURVE('',#2356,#2496,#571,.F.);
#2026=EDGE_CURVE('',#2496,#2494,#191,.T.);
#2027=EDGE_CURVE('',#2360,#2497,#192,.T.);
#2028=EDGE_CURVE('',#2359,#2498,#193,.F.);
#2029=EDGE_CURVE('',#2498,#2497,#2697,.F.);
#2030=EDGE_CURVE('',#2497,#2499,#194,.T.);
#2031=EDGE_CURVE('',#2361,#2499,#572,.T.);
#2032=EDGE_CURVE('',#2365,#2500,#195,.F.);
#2033=EDGE_CURVE('',#2500,#2501,#2698,.T.);
#2034=EDGE_CURVE('',#2366,#2501,#196,.F.);
#2035=EDGE_CURVE('',#2364,#2502,#573,.F.);
#2036=EDGE_CURVE('',#2502,#2500,#197,.T.);
#2037=EDGE_CURVE('',#2368,#2503,#198,.T.);
#2038=EDGE_CURVE('',#2367,#2504,#199,.F.);
#2039=EDGE_CURVE('',#2504,#2503,#2699,.F.);
#2040=EDGE_CURVE('',#2503,#2505,#200,.T.);
#2041=EDGE_CURVE('',#2369,#2505,#574,.T.);
#2042=EDGE_CURVE('',#2373,#2506,#201,.F.);
#2043=EDGE_CURVE('',#2506,#2507,#2700,.T.);
#2044=EDGE_CURVE('',#2374,#2507,#202,.F.);
#2045=EDGE_CURVE('',#2372,#2508,#575,.F.);
#2046=EDGE_CURVE('',#2508,#2506,#203,.T.);
#2047=EDGE_CURVE('',#2376,#2509,#204,.T.);
#2048=EDGE_CURVE('',#2375,#2510,#205,.F.);
#2049=EDGE_CURVE('',#2510,#2509,#2701,.F.);
#2050=EDGE_CURVE('',#2509,#2511,#206,.T.);
#2051=EDGE_CURVE('',#2377,#2511,#576,.T.);
#2052=EDGE_CURVE('',#2381,#2512,#207,.F.);
#2053=EDGE_CURVE('',#2512,#2513,#2702,.T.);
#2054=EDGE_CURVE('',#2382,#2513,#208,.F.);
#2055=EDGE_CURVE('',#2380,#2514,#577,.F.);
#2056=EDGE_CURVE('',#2514,#2512,#209,.T.);
#2057=EDGE_CURVE('',#2384,#2515,#210,.T.);
#2058=EDGE_CURVE('',#2383,#2516,#211,.F.);
#2059=EDGE_CURVE('',#2516,#2515,#2703,.F.);
#2060=EDGE_CURVE('',#2515,#2517,#212,.T.);
#2061=EDGE_CURVE('',#2385,#2517,#578,.T.);
#2062=EDGE_CURVE('',#2389,#2518,#213,.F.);
#2063=EDGE_CURVE('',#2518,#2519,#2704,.T.);
#2064=EDGE_CURVE('',#2390,#2519,#214,.F.);
#2065=EDGE_CURVE('',#2388,#2520,#579,.F.);
#2066=EDGE_CURVE('',#2520,#2518,#215,.T.);
#2067=EDGE_CURVE('',#2392,#2521,#216,.T.);
#2068=EDGE_CURVE('',#2391,#2522,#217,.F.);
#2069=EDGE_CURVE('',#2522,#2521,#2705,.F.);
#2070=EDGE_CURVE('',#2521,#2523,#218,.T.);
#2071=EDGE_CURVE('',#2393,#2523,#580,.T.);
#2072=EDGE_CURVE('',#2397,#2524,#219,.F.);
#2073=EDGE_CURVE('',#2524,#2525,#2706,.T.);
#2074=EDGE_CURVE('',#2398,#2525,#220,.F.);
#2075=EDGE_CURVE('',#2396,#2526,#581,.F.);
#2076=EDGE_CURVE('',#2526,#2524,#221,.T.);
#2077=EDGE_CURVE('',#2400,#2527,#222,.T.);
#2078=EDGE_CURVE('',#2399,#2528,#223,.F.);
#2079=EDGE_CURVE('',#2528,#2527,#2707,.F.);
#2080=EDGE_CURVE('',#2527,#2529,#224,.T.);
#2081=EDGE_CURVE('',#2401,#2529,#582,.T.);
#2082=EDGE_CURVE('',#2405,#2530,#225,.F.);
#2083=EDGE_CURVE('',#2530,#2531,#2708,.T.);
#2084=EDGE_CURVE('',#2406,#2531,#226,.F.);
#2085=EDGE_CURVE('',#2404,#2532,#583,.F.);
#2086=EDGE_CURVE('',#2532,#2530,#227,.T.);
#2087=EDGE_CURVE('',#2408,#2533,#228,.T.);
#2088=EDGE_CURVE('',#2407,#2534,#229,.F.);
#2089=EDGE_CURVE('',#2534,#2533,#2709,.F.);
#2090=EDGE_CURVE('',#2533,#2535,#230,.T.);
#2091=EDGE_CURVE('',#2409,#2535,#584,.T.);
#2092=EDGE_CURVE('',#2413,#2536,#231,.F.);
#2093=EDGE_CURVE('',#2536,#2537,#2710,.T.);
#2094=EDGE_CURVE('',#2414,#2537,#232,.F.);
#2095=EDGE_CURVE('',#2412,#2538,#585,.F.);
#2096=EDGE_CURVE('',#2538,#2536,#233,.T.);
#2097=EDGE_CURVE('',#2416,#2539,#234,.T.);
#2098=EDGE_CURVE('',#2415,#2540,#235,.F.);
#2099=EDGE_CURVE('',#2540,#2539,#2711,.F.);
#2100=EDGE_CURVE('',#2539,#2541,#236,.T.);
#2101=EDGE_CURVE('',#2417,#2541,#586,.T.);
#2102=EDGE_CURVE('',#2421,#2542,#237,.F.);
#2103=EDGE_CURVE('',#2542,#2543,#2712,.T.);
#2104=EDGE_CURVE('',#2422,#2543,#238,.F.);
#2105=EDGE_CURVE('',#2420,#2544,#587,.F.);
#2106=EDGE_CURVE('',#2544,#2542,#239,.T.);
#2107=EDGE_CURVE('',#2433,#2545,#588,.T.);
#2108=EDGE_CURVE('',#2274,#2545,#589,.F.);
#2109=EDGE_CURVE('',#2545,#2546,#2713,.F.);
#2110=EDGE_CURVE('',#2275,#2546,#590,.T.);
#2111=EDGE_CURVE('',#2546,#2436,#591,.T.);
#2112=EDGE_CURVE('',#2439,#2547,#592,.T.);
#2113=EDGE_CURVE('',#2282,#2547,#593,.F.);
#2114=EDGE_CURVE('',#2547,#2548,#2714,.F.);
#2115=EDGE_CURVE('',#2283,#2548,#594,.T.);
#2116=EDGE_CURVE('',#2548,#2442,#595,.T.);
#2117=EDGE_CURVE('',#2445,#2549,#596,.T.);
#2118=EDGE_CURVE('',#2290,#2549,#597,.F.);
#2119=EDGE_CURVE('',#2549,#2550,#2715,.F.);
#2120=EDGE_CURVE('',#2291,#2550,#598,.T.);
#2121=EDGE_CURVE('',#2550,#2448,#599,.T.);
#2122=EDGE_CURVE('',#2451,#2551,#600,.T.);
#2123=EDGE_CURVE('',#2298,#2551,#601,.F.);
#2124=EDGE_CURVE('',#2551,#2552,#2716,.F.);
#2125=EDGE_CURVE('',#2299,#2552,#602,.T.);
#2126=EDGE_CURVE('',#2552,#2454,#603,.T.);
#2127=EDGE_CURVE('',#2457,#2553,#604,.T.);
#2128=EDGE_CURVE('',#2306,#2553,#605,.F.);
#2129=EDGE_CURVE('',#2553,#2554,#2717,.F.);
#2130=EDGE_CURVE('',#2307,#2554,#606,.T.);
#2131=EDGE_CURVE('',#2554,#2460,#607,.T.);
#2132=EDGE_CURVE('',#2463,#2555,#608,.T.);
#2133=EDGE_CURVE('',#2314,#2555,#609,.F.);
#2134=EDGE_CURVE('',#2555,#2556,#2718,.F.);
#2135=EDGE_CURVE('',#2315,#2556,#610,.T.);
#2136=EDGE_CURVE('',#2556,#2466,#611,.T.);
#2137=EDGE_CURVE('',#2469,#2557,#612,.T.);
#2138=EDGE_CURVE('',#2322,#2557,#613,.F.);
#2139=EDGE_CURVE('',#2557,#2558,#2719,.F.);
#2140=EDGE_CURVE('',#2323,#2558,#614,.T.);
#2141=EDGE_CURVE('',#2558,#2472,#615,.T.);
#2142=EDGE_CURVE('',#2475,#2559,#616,.T.);
#2143=EDGE_CURVE('',#2330,#2559,#617,.F.);
#2144=EDGE_CURVE('',#2559,#2560,#2720,.F.);
#2145=EDGE_CURVE('',#2331,#2560,#618,.T.);
#2146=EDGE_CURVE('',#2560,#2478,#619,.T.);
#2147=EDGE_CURVE('',#2481,#2561,#620,.T.);
#2148=EDGE_CURVE('',#2338,#2561,#621,.F.);
#2149=EDGE_CURVE('',#2561,#2562,#2721,.F.);
#2150=EDGE_CURVE('',#2339,#2562,#622,.T.);
#2151=EDGE_CURVE('',#2562,#2484,#623,.T.);
#2152=EDGE_CURVE('',#2487,#2563,#624,.T.);
#2153=EDGE_CURVE('',#2346,#2563,#625,.F.);
#2154=EDGE_CURVE('',#2563,#2564,#2722,.F.);
#2155=EDGE_CURVE('',#2347,#2564,#626,.T.);
#2156=EDGE_CURVE('',#2564,#2490,#627,.T.);
#2157=EDGE_CURVE('',#2493,#2565,#628,.T.);
#2158=EDGE_CURVE('',#2354,#2565,#629,.F.);
#2159=EDGE_CURVE('',#2565,#2566,#2723,.F.);
#2160=EDGE_CURVE('',#2355,#2566,#630,.T.);
#2161=EDGE_CURVE('',#2566,#2496,#631,.T.);
#2162=EDGE_CURVE('',#2499,#2567,#632,.T.);
#2163=EDGE_CURVE('',#2362,#2567,#633,.F.);
#2164=EDGE_CURVE('',#2567,#2568,#2724,.F.);
#2165=EDGE_CURVE('',#2363,#2568,#634,.T.);
#2166=EDGE_CURVE('',#2568,#2502,#635,.T.);
#2167=EDGE_CURVE('',#2505,#2569,#636,.T.);
#2168=EDGE_CURVE('',#2370,#2569,#637,.F.);
#2169=EDGE_CURVE('',#2569,#2570,#2725,.F.);
#2170=EDGE_CURVE('',#2371,#2570,#638,.T.);
#2171=EDGE_CURVE('',#2570,#2508,#639,.T.);
#2172=EDGE_CURVE('',#2511,#2571,#640,.T.);
#2173=EDGE_CURVE('',#2378,#2571,#641,.F.);
#2174=EDGE_CURVE('',#2571,#2572,#2726,.F.);
#2175=EDGE_CURVE('',#2379,#2572,#642,.T.);
#2176=EDGE_CURVE('',#2572,#2514,#643,.T.);
#2177=EDGE_CURVE('',#2517,#2573,#644,.T.);
#2178=EDGE_CURVE('',#2386,#2573,#645,.F.);
#2179=EDGE_CURVE('',#2573,#2260,#2727,.F.);
#2180=EDGE_CURVE('',#2387,#2257,#646,.T.);
#2181=EDGE_CURVE('',#2257,#2520,#647,.T.);
#2182=EDGE_CURVE('',#2523,#2574,#648,.T.);
#2183=EDGE_CURVE('',#2394,#2574,#649,.F.);
#2184=EDGE_CURVE('',#2574,#2575,#2728,.F.);
#2185=EDGE_CURVE('',#2395,#2575,#650,.T.);
#2186=EDGE_CURVE('',#2575,#2526,#651,.T.);
#2187=EDGE_CURVE('',#2529,#2576,#652,.T.);
#2188=EDGE_CURVE('',#2402,#2576,#653,.F.);
#2189=EDGE_CURVE('',#2576,#2577,#2729,.F.);
#2190=EDGE_CURVE('',#2403,#2577,#654,.T.);
#2191=EDGE_CURVE('',#2577,#2532,#655,.T.);
#2192=EDGE_CURVE('',#2535,#2578,#656,.T.);
#2193=EDGE_CURVE('',#2410,#2578,#657,.F.);
#2194=EDGE_CURVE('',#2578,#2579,#2730,.F.);
#2195=EDGE_CURVE('',#2411,#2579,#658,.T.);
#2196=EDGE_CURVE('',#2579,#2538,#659,.T.);
#2197=EDGE_CURVE('',#2541,#2580,#660,.T.);
#2198=EDGE_CURVE('',#2418,#2580,#661,.F.);
#2199=EDGE_CURVE('',#2580,#2581,#2731,.F.);
#2200=EDGE_CURVE('',#2419,#2581,#662,.T.);
#2201=EDGE_CURVE('',#2581,#2544,#663,.T.);
#2202=EDGE_CURVE('',#2543,#2582,#2732,.F.);
#2203=EDGE_CURVE('',#2423,#2582,#240,.F.);
#2204=EDGE_CURVE('',#2537,#2540,#2733,.F.);
#2205=EDGE_CURVE('',#2531,#2534,#2734,.F.);
#2206=EDGE_CURVE('',#2525,#2528,#2735,.F.);
#2207=EDGE_CURVE('',#2519,#2522,#2736,.F.);
#2208=EDGE_CURVE('',#2513,#2516,#2737,.F.);
#2209=EDGE_CURVE('',#2507,#2510,#2738,.F.);
#2210=EDGE_CURVE('',#2501,#2504,#2739,.F.);
#2211=EDGE_CURVE('',#2495,#2498,#2740,.F.);
#2212=EDGE_CURVE('',#2489,#2492,#2741,.F.);
#2213=EDGE_CURVE('',#2483,#2486,#2742,.F.);
#2214=EDGE_CURVE('',#2477,#2480,#2743,.F.);
#2215=EDGE_CURVE('',#2471,#2474,#2744,.F.);
#2216=EDGE_CURVE('',#2465,#2468,#2745,.F.);
#2217=EDGE_CURVE('',#2459,#2462,#2746,.F.);
#2218=EDGE_CURVE('',#2453,#2456,#2747,.F.);
#2219=EDGE_CURVE('',#2447,#2450,#2748,.F.);
#2220=EDGE_CURVE('',#2441,#2444,#2749,.F.);
#2221=EDGE_CURVE('',#2435,#2438,#2750,.F.);
#2222=EDGE_CURVE('',#2424,#2583,#241,.T.);
#2223=EDGE_CURVE('',#2582,#2583,#2751,.F.);
#2224=EDGE_CURVE('',#2583,#2584,#242,.T.);
#2225=EDGE_CURVE('',#2425,#2584,#664,.T.);
#2226=EDGE_CURVE('',#2429,#2585,#243,.F.);
#2227=EDGE_CURVE('',#2585,#2586,#2752,.T.);
#2228=EDGE_CURVE('',#2271,#2586,#244,.F.);
#2229=EDGE_CURVE('',#2428,#2587,#665,.F.);
#2230=EDGE_CURVE('',#2587,#2585,#245,.T.);
#2231=EDGE_CURVE('',#2584,#2588,#666,.T.);
#2232=EDGE_CURVE('',#2426,#2588,#667,.F.);
#2233=EDGE_CURVE('',#2588,#2589,#2753,.F.);
#2234=EDGE_CURVE('',#2427,#2589,#668,.T.);
#2235=EDGE_CURVE('',#2589,#2587,#669,.T.);
#2236=EDGE_CURVE('',#2586,#2432,#2754,.F.);
#2237=EDGE_CURVE('',#2269,#2590,#246,.T.);
#2238=EDGE_CURVE('',#2591,#2251,#247,.F.);
#2239=EDGE_CURVE('',#2590,#2591,#248,.F.);
#2240=EDGE_CURVE('',#2591,#2248,#249,.T.);
#2241=EDGE_CURVE('',#2590,#2247,#250,.T.);
#2242=VERTEX_POINT('',#4511);
#2243=VERTEX_POINT('',#4523);
#2244=VERTEX_POINT('',#4527);
#2245=VERTEX_POINT('',#4530);
#2246=VERTEX_POINT('',#4531);
#2247=VERTEX_POINT('',#4533);
#2248=VERTEX_POINT('',#4535);
#2249=VERTEX_POINT('',#4537);
#2250=VERTEX_POINT('',#4539);
#2251=VERTEX_POINT('',#4543);
#2252=VERTEX_POINT('',#4545);
#2253=VERTEX_POINT('',#4549);
#2254=VERTEX_POINT('',#4551);
#2255=VERTEX_POINT('',#4553);
#2256=VERTEX_POINT('',#4557);
#2257=VERTEX_POINT('',#4558);
#2258=VERTEX_POINT('',#4560);
#2259=VERTEX_POINT('',#4562);
#2260=VERTEX_POINT('',#4569);
#2261=VERTEX_POINT('',#4571);
#2262=VERTEX_POINT('',#4573);
#2263=VERTEX_POINT('',#4577);
#2264=VERTEX_POINT('',#4579);
#2265=VERTEX_POINT('',#4583);
#2266=VERTEX_POINT('',#4585);
#2267=VERTEX_POINT('',#4589);
#2268=VERTEX_POINT('',#4591);
#2269=VERTEX_POINT('',#4595);
#2270=VERTEX_POINT('',#4604);
#2271=VERTEX_POINT('',#4605);
#2272=VERTEX_POINT('',#4607);
#2273=VERTEX_POINT('',#4609);
#2274=VERTEX_POINT('',#4617);
#2275=VERTEX_POINT('',#4619);
#2276=VERTEX_POINT('',#4627);
#2277=VERTEX_POINT('',#4629);
#2278=VERTEX_POINT('',#4631);
#2279=VERTEX_POINT('',#4633);
#2280=VERTEX_POINT('',#4635);
#2281=VERTEX_POINT('',#4637);
#2282=VERTEX_POINT('',#4645);
#2283=VERTEX_POINT('',#4647);
#2284=VERTEX_POINT('',#4655);
#2285=VERTEX_POINT('',#4657);
#2286=VERTEX_POINT('',#4659);
#2287=VERTEX_POINT('',#4661);
#2288=VERTEX_POINT('',#4663);
#2289=VERTEX_POINT('',#4665);
#2290=VERTEX_POINT('',#4673);
#2291=VERTEX_POINT('',#4675);
#2292=VERTEX_POINT('',#4683);
#2293=VERTEX_POINT('',#4685);
#2294=VERTEX_POINT('',#4687);
#2295=VERTEX_POINT('',#4689);
#2296=VERTEX_POINT('',#4691);
#2297=VERTEX_POINT('',#4693);
#2298=VERTEX_POINT('',#4701);
#2299=VERTEX_POINT('',#4703);
#2300=VERTEX_POINT('',#4711);
#2301=VERTEX_POINT('',#4713);
#2302=VERTEX_POINT('',#4715);
#2303=VERTEX_POINT('',#4717);
#2304=VERTEX_POINT('',#4719);
#2305=VERTEX_POINT('',#4721);
#2306=VERTEX_POINT('',#4729);
#2307=VERTEX_POINT('',#4731);
#2308=VERTEX_POINT('',#4739);
#2309=VERTEX_POINT('',#4741);
#2310=VERTEX_POINT('',#4743);
#2311=VERTEX_POINT('',#4745);
#2312=VERTEX_POINT('',#4747);
#2313=VERTEX_POINT('',#4749);
#2314=VERTEX_POINT('',#4757);
#2315=VERTEX_POINT('',#4759);
#2316=VERTEX_POINT('',#4767);
#2317=VERTEX_POINT('',#4769);
#2318=VERTEX_POINT('',#4771);
#2319=VERTEX_POINT('',#4773);
#2320=VERTEX_POINT('',#4775);
#2321=VERTEX_POINT('',#4777);
#2322=VERTEX_POINT('',#4785);
#2323=VERTEX_POINT('',#4787);
#2324=VERTEX_POINT('',#4795);
#2325=VERTEX_POINT('',#4797);
#2326=VERTEX_POINT('',#4799);
#2327=VERTEX_POINT('',#4801);
#2328=VERTEX_POINT('',#4803);
#2329=VERTEX_POINT('',#4805);
#2330=VERTEX_POINT('',#4813);
#2331=VERTEX_POINT('',#4815);
#2332=VERTEX_POINT('',#4823);
#2333=VERTEX_POINT('',#4825);
#2334=VERTEX_POINT('',#4827);
#2335=VERTEX_POINT('',#4829);
#2336=VERTEX_POINT('',#4831);
#2337=VERTEX_POINT('',#4833);
#2338=VERTEX_POINT('',#4841);
#2339=VERTEX_POINT('',#4843);
#2340=VERTEX_POINT('',#4851);
#2341=VERTEX_POINT('',#4853);
#2342=VERTEX_POINT('',#4855);
#2343=VERTEX_POINT('',#4857);
#2344=VERTEX_POINT('',#4859);
#2345=VERTEX_POINT('',#4861);
#2346=VERTEX_POINT('',#4869);
#2347=VERTEX_POINT('',#4871);
#2348=VERTEX_POINT('',#4879);
#2349=VERTEX_POINT('',#4881);
#2350=VERTEX_POINT('',#4883);
#2351=VERTEX_POINT('',#4885);
#2352=VERTEX_POINT('',#4887);
#2353=VERTEX_POINT('',#4889);
#2354=VERTEX_POINT('',#4897);
#2355=VERTEX_POINT('',#4899);
#2356=VERTEX_POINT('',#4907);
#2357=VERTEX_POINT('',#4909);
#2358=VERTEX_POINT('',#4911);
#2359=VERTEX_POINT('',#4913);
#2360=VERTEX_POINT('',#4915);
#2361=VERTEX_POINT('',#4917);
#2362=VERTEX_POINT('',#4925);
#2363=VERTEX_POINT('',#4927);
#2364=VERTEX_POINT('',#4935);
#2365=VERTEX_POINT('',#4937);
#2366=VERTEX_POINT('',#4939);
#2367=VERTEX_POINT('',#4941);
#2368=VERTEX_POINT('',#4943);
#2369=VERTEX_POINT('',#4945);
#2370=VERTEX_POINT('',#4953);
#2371=VERTEX_POINT('',#4955);
#2372=VERTEX_POINT('',#4963);
#2373=VERTEX_POINT('',#4965);
#2374=VERTEX_POINT('',#4967);
#2375=VERTEX_POINT('',#4969);
#2376=VERTEX_POINT('',#4971);
#2377=VERTEX_POINT('',#4973);
#2378=VERTEX_POINT('',#4981);
#2379=VERTEX_POINT('',#4983);
#2380=VERTEX_POINT('',#4991);
#2381=VERTEX_POINT('',#4993);
#2382=VERTEX_POINT('',#4995);
#2383=VERTEX_POINT('',#4997);
#2384=VERTEX_POINT('',#4999);
#2385=VERTEX_POINT('',#5001);
#2386=VERTEX_POINT('',#5009);
#2387=VERTEX_POINT('',#5011);
#2388=VERTEX_POINT('',#5019);
#2389=VERTEX_POINT('',#5021);
#2390=VERTEX_POINT('',#5023);
#2391=VERTEX_POINT('',#5025);
#2392=VERTEX_POINT('',#5027);
#2393=VERTEX_POINT('',#5029);
#2394=VERTEX_POINT('',#5037);
#2395=VERTEX_POINT('',#5039);
#2396=VERTEX_POINT('',#5047);
#2397=VERTEX_POINT('',#5049);
#2398=VERTEX_POINT('',#5051);
#2399=VERTEX_POINT('',#5053);
#2400=VERTEX_POINT('',#5055);
#2401=VERTEX_POINT('',#5057);
#2402=VERTEX_POINT('',#5065);
#2403=VERTEX_POINT('',#5067);
#2404=VERTEX_POINT('',#5075);
#2405=VERTEX_POINT('',#5077);
#2406=VERTEX_POINT('',#5079);
#2407=VERTEX_POINT('',#5081);
#2408=VERTEX_POINT('',#5083);
#2409=VERTEX_POINT('',#5085);
#2410=VERTEX_POINT('',#5093);
#2411=VERTEX_POINT('',#5095);
#2412=VERTEX_POINT('',#5103);
#2413=VERTEX_POINT('',#5105);
#2414=VERTEX_POINT('',#5107);
#2415=VERTEX_POINT('',#5109);
#2416=VERTEX_POINT('',#5111);
#2417=VERTEX_POINT('',#5113);
#2418=VERTEX_POINT('',#5121);
#2419=VERTEX_POINT('',#5123);
#2420=VERTEX_POINT('',#5131);
#2421=VERTEX_POINT('',#5133);
#2422=VERTEX_POINT('',#5135);
#2423=VERTEX_POINT('',#5137);
#2424=VERTEX_POINT('',#5139);
#2425=VERTEX_POINT('',#5141);
#2426=VERTEX_POINT('',#5149);
#2427=VERTEX_POINT('',#5151);
#2428=VERTEX_POINT('',#5159);
#2429=VERTEX_POINT('',#5161);
#2430=VERTEX_POINT('',#5164);
#2431=VERTEX_POINT('',#5167);
#2432=VERTEX_POINT('',#5169);
#2433=VERTEX_POINT('',#5173);
#2434=VERTEX_POINT('',#5180);
#2435=VERTEX_POINT('',#5182);
#2436=VERTEX_POINT('',#5189);
#2437=VERTEX_POINT('',#5193);
#2438=VERTEX_POINT('',#5195);
#2439=VERTEX_POINT('',#5199);
#2440=VERTEX_POINT('',#5206);
#2441=VERTEX_POINT('',#5208);
#2442=VERTEX_POINT('',#5215);
#2443=VERTEX_POINT('',#5219);
#2444=VERTEX_POINT('',#5221);
#2445=VERTEX_POINT('',#5225);
#2446=VERTEX_POINT('',#5232);
#2447=VERTEX_POINT('',#5234);
#2448=VERTEX_POINT('',#5241);
#2449=VERTEX_POINT('',#5245);
#2450=VERTEX_POINT('',#5247);
#2451=VERTEX_POINT('',#5251);
#2452=VERTEX_POINT('',#5258);
#2453=VERTEX_POINT('',#5260);
#2454=VERTEX_POINT('',#5267);
#2455=VERTEX_POINT('',#5271);
#2456=VERTEX_POINT('',#5273);
#2457=VERTEX_POINT('',#5277);
#2458=VERTEX_POINT('',#5284);
#2459=VERTEX_POINT('',#5286);
#2460=VERTEX_POINT('',#5293);
#2461=VERTEX_POINT('',#5297);
#2462=VERTEX_POINT('',#5299);
#2463=VERTEX_POINT('',#5303);
#2464=VERTEX_POINT('',#5310);
#2465=VERTEX_POINT('',#5312);
#2466=VERTEX_POINT('',#5319);
#2467=VERTEX_POINT('',#5323);
#2468=VERTEX_POINT('',#5325);
#2469=VERTEX_POINT('',#5329);
#2470=VERTEX_POINT('',#5336);
#2471=VERTEX_POINT('',#5338);
#2472=VERTEX_POINT('',#5345);
#2473=VERTEX_POINT('',#5349);
#2474=VERTEX_POINT('',#5351);
#2475=VERTEX_POINT('',#5355);
#2476=VERTEX_POINT('',#5362);
#2477=VERTEX_POINT('',#5364);
#2478=VERTEX_POINT('',#5371);
#2479=VERTEX_POINT('',#5375);
#2480=VERTEX_POINT('',#5377);
#2481=VERTEX_POINT('',#5381);
#2482=VERTEX_POINT('',#5388);
#2483=VERTEX_POINT('',#5390);
#2484=VERTEX_POINT('',#5397);
#2485=VERTEX_POINT('',#5401);
#2486=VERTEX_POINT('',#5403);
#2487=VERTEX_POINT('',#5407);
#2488=VERTEX_POINT('',#5414);
#2489=VERTEX_POINT('',#5416);
#2490=VERTEX_POINT('',#5423);
#2491=VERTEX_POINT('',#5427);
#2492=VERTEX_POINT('',#5429);
#2493=VERTEX_POINT('',#5433);
#2494=VERTEX_POINT('',#5440);
#2495=VERTEX_POINT('',#5442);
#2496=VERTEX_POINT('',#5449);
#2497=VERTEX_POINT('',#5453);
#2498=VERTEX_POINT('',#5455);
#2499=VERTEX_POINT('',#5459);
#2500=VERTEX_POINT('',#5466);
#2501=VERTEX_POINT('',#5468);
#2502=VERTEX_POINT('',#5475);
#2503=VERTEX_POINT('',#5479);
#2504=VERTEX_POINT('',#5481);
#2505=VERTEX_POINT('',#5485);
#2506=VERTEX_POINT('',#5492);
#2507=VERTEX_POINT('',#5494);
#2508=VERTEX_POINT('',#5501);
#2509=VERTEX_POINT('',#5505);
#2510=VERTEX_POINT('',#5507);
#2511=VERTEX_POINT('',#5511);
#2512=VERTEX_POINT('',#5518);
#2513=VERTEX_POINT('',#5520);
#2514=VERTEX_POINT('',#5527);
#2515=VERTEX_POINT('',#5531);
#2516=VERTEX_POINT('',#5533);
#2517=VERTEX_POINT('',#5537);
#2518=VERTEX_POINT('',#5544);
#2519=VERTEX_POINT('',#5546);
#2520=VERTEX_POINT('',#5553);
#2521=VERTEX_POINT('',#5557);
#2522=VERTEX_POINT('',#5559);
#2523=VERTEX_POINT('',#5563);
#2524=VERTEX_POINT('',#5570);
#2525=VERTEX_POINT('',#5572);
#2526=VERTEX_POINT('',#5579);
#2527=VERTEX_POINT('',#5583);
#2528=VERTEX_POINT('',#5585);
#2529=VERTEX_POINT('',#5589);
#2530=VERTEX_POINT('',#5596);
#2531=VERTEX_POINT('',#5598);
#2532=VERTEX_POINT('',#5605);
#2533=VERTEX_POINT('',#5609);
#2534=VERTEX_POINT('',#5611);
#2535=VERTEX_POINT('',#5615);
#2536=VERTEX_POINT('',#5622);
#2537=VERTEX_POINT('',#5624);
#2538=VERTEX_POINT('',#5631);
#2539=VERTEX_POINT('',#5635);
#2540=VERTEX_POINT('',#5637);
#2541=VERTEX_POINT('',#5641);
#2542=VERTEX_POINT('',#5648);
#2543=VERTEX_POINT('',#5650);
#2544=VERTEX_POINT('',#5657);
#2545=VERTEX_POINT('',#5678);
#2546=VERTEX_POINT('',#5685);
#2547=VERTEX_POINT('',#5730);
#2548=VERTEX_POINT('',#5737);
#2549=VERTEX_POINT('',#5782);
#2550=VERTEX_POINT('',#5789);
#2551=VERTEX_POINT('',#5834);
#2552=VERTEX_POINT('',#5841);
#2553=VERTEX_POINT('',#5886);
#2554=VERTEX_POINT('',#5893);
#2555=VERTEX_POINT('',#5938);
#2556=VERTEX_POINT('',#5945);
#2557=VERTEX_POINT('',#5990);
#2558=VERTEX_POINT('',#5997);
#2559=VERTEX_POINT('',#6042);
#2560=VERTEX_POINT('',#6049);
#2561=VERTEX_POINT('',#6094);
#2562=VERTEX_POINT('',#6101);
#2563=VERTEX_POINT('',#6146);
#2564=VERTEX_POINT('',#6153);
#2565=VERTEX_POINT('',#6198);
#2566=VERTEX_POINT('',#6205);
#2567=VERTEX_POINT('',#6250);
#2568=VERTEX_POINT('',#6257);
#2569=VERTEX_POINT('',#6302);
#2570=VERTEX_POINT('',#6309);
#2571=VERTEX_POINT('',#6354);
#2572=VERTEX_POINT('',#6361);
#2573=VERTEX_POINT('',#6406);
#2574=VERTEX_POINT('',#6457);
#2575=VERTEX_POINT('',#6464);
#2576=VERTEX_POINT('',#6509);
#2577=VERTEX_POINT('',#6516);
#2578=VERTEX_POINT('',#6561);
#2579=VERTEX_POINT('',#6568);
#2580=VERTEX_POINT('',#6613);
#2581=VERTEX_POINT('',#6620);
#2582=VERTEX_POINT('',#6648);
#2583=VERTEX_POINT('',#6688);
#2584=VERTEX_POINT('',#6692);
#2585=VERTEX_POINT('',#6699);
#2586=VERTEX_POINT('',#6701);
#2587=VERTEX_POINT('',#6708);
#2588=VERTEX_POINT('',#6729);
#2589=VERTEX_POINT('',#6736);
#2590=VERTEX_POINT('',#6766);
#2591=VERTEX_POINT('',#6768);
#2592=CIRCLE('',#3399,0.00103775);
#2593=CIRCLE('',#3402,0.00745);
#2594=CIRCLE('',#3415,0.0194546);
#2595=CIRCLE('',#3416,0.00059);
#2596=CIRCLE('',#3417,0.0241999999999908);
#2597=CIRCLE('',#3418,0.00059);
#2598=CIRCLE('',#3419,0.0194546);
#2599=CIRCLE('',#3420,0.00059);
#2600=CIRCLE('',#3421,0.0241999999999908);
#2601=CIRCLE('',#3422,0.00059);
#2602=CIRCLE('',#3423,0.0194546);
#2603=CIRCLE('',#3424,0.00059);
#2604=CIRCLE('',#3425,0.0241999999999908);
#2605=CIRCLE('',#3426,0.00059);
#2606=CIRCLE('',#3427,0.0194546);
#2607=CIRCLE('',#3428,0.00059);
#2608=CIRCLE('',#3429,0.0241999999999908);
#2609=CIRCLE('',#3430,0.00059);
#2610=CIRCLE('',#3431,0.0194546);
#2611=CIRCLE('',#3432,0.00059);
#2612=CIRCLE('',#3433,0.0241999999999908);
#2613=CIRCLE('',#3434,0.00059);
#2614=CIRCLE('',#3435,0.0194546);
#2615=CIRCLE('',#3436,0.00059);
#2616=CIRCLE('',#3437,0.0241999999999908);
#2617=CIRCLE('',#3438,0.00059);
#2618=CIRCLE('',#3439,0.0194546);
#2619=CIRCLE('',#3440,0.00059);
#2620=CIRCLE('',#3441,0.0241999999999908);
#2621=CIRCLE('',#3442,0.00059);
#2622=CIRCLE('',#3443,0.0194546);
#2623=CIRCLE('',#3444,0.00059);
#2624=CIRCLE('',#3445,0.0241999999999908);
#2625=CIRCLE('',#3446,0.00059);
#2626=CIRCLE('',#3447,0.0194546);
#2627=CIRCLE('',#3448,0.00059);
#2628=CIRCLE('',#3449,0.0241999999999908);
#2629=CIRCLE('',#3450,0.00059);
#2630=CIRCLE('',#3451,0.0194546);
#2631=CIRCLE('',#3452,0.00059);
#2632=CIRCLE('',#3453,0.0241999999999908);
#2633=CIRCLE('',#3454,0.00059);
#2634=CIRCLE('',#3455,0.0194546);
#2635=CIRCLE('',#3456,0.00059);
#2636=CIRCLE('',#3457,0.0241999999999908);
#2637=CIRCLE('',#3458,0.00059);
#2638=CIRCLE('',#3459,0.0194546);
#2639=CIRCLE('',#3460,0.00059);
#2640=CIRCLE('',#3461,0.0241999999999908);
#2641=CIRCLE('',#3462,0.00059);
#2642=CIRCLE('',#3463,0.0194546);
#2643=CIRCLE('',#3464,0.00059);
#2644=CIRCLE('',#3465,0.0241999999999908);
#2645=CIRCLE('',#3466,0.00059);
#2646=CIRCLE('',#3467,0.0194546);
#2647=CIRCLE('',#3468,0.00059);
#2648=CIRCLE('',#3469,0.0241999999999908);
#2649=CIRCLE('',#3470,0.00059);
#2650=CIRCLE('',#3471,0.0194546);
#2651=CIRCLE('',#3472,0.00059);
#2652=CIRCLE('',#3473,0.0241999999999908);
#2653=CIRCLE('',#3474,0.00059);
#2654=CIRCLE('',#3475,0.0194546);
#2655=CIRCLE('',#3476,0.00059);
#2656=CIRCLE('',#3477,0.0241999999999908);
#2657=CIRCLE('',#3478,0.00059);
#2658=CIRCLE('',#3479,0.0194546);
#2659=CIRCLE('',#3480,0.00059);
#2660=CIRCLE('',#3481,0.0241999999999908);
#2661=CIRCLE('',#3482,0.00059);
#2662=CIRCLE('',#3483,0.0194546);
#2663=CIRCLE('',#3484,0.00059);
#2664=CIRCLE('',#3485,0.0241999999999908);
#2665=CIRCLE('',#3486,0.00059);
#2666=CIRCLE('',#3487,0.0194546);
#2667=CIRCLE('',#3488,0.00059);
#2668=CIRCLE('',#3489,0.0241999999999908);
#2669=CIRCLE('',#3490,0.00059);
#2670=CIRCLE('',#3491,0.0194546);
#2671=CIRCLE('',#3492,0.00059);
#2672=CIRCLE('',#3493,0.0241999999999908);
#2673=CIRCLE('',#3494,0.00059);
#2674=CIRCLE('',#3495,0.00745);
#2675=CIRCLE('',#3497,0.00059);
#2676=CIRCLE('',#3500,0.00059);
#2677=CIRCLE('',#3503,0.00059);
#2678=CIRCLE('',#3506,0.00059);
#2679=CIRCLE('',#3509,0.00059);
#2680=CIRCLE('',#3512,0.00059);
#2681=CIRCLE('',#3515,0.00059);
#2682=CIRCLE('',#3518,0.00059);
#2683=CIRCLE('',#3521,0.00059);
#2684=CIRCLE('',#3524,0.00059);
#2685=CIRCLE('',#3527,0.00059);
#2686=CIRCLE('',#3530,0.00059);
#2687=CIRCLE('',#3533,0.00059);
#2688=CIRCLE('',#3536,0.00059);
#2689=CIRCLE('',#3539,0.00059);
#2690=CIRCLE('',#3542,0.00059);
#2691=CIRCLE('',#3545,0.00059);
#2692=CIRCLE('',#3548,0.00059);
#2693=CIRCLE('',#3551,0.00059);
#2694=CIRCLE('',#3554,0.00059);
#2695=CIRCLE('',#3557,0.00059);
#2696=CIRCLE('',#3560,0.00059);
#2697=CIRCLE('',#3563,0.00059);
#2698=CIRCLE('',#3566,0.00059);
#2699=CIRCLE('',#3569,0.00059);
#2700=CIRCLE('',#3572,0.00059);
#2701=CIRCLE('',#3575,0.00059);
#2702=CIRCLE('',#3578,0.00059);
#2703=CIRCLE('',#3581,0.00059);
#2704=CIRCLE('',#3584,0.00059);
#2705=CIRCLE('',#3587,0.00059);
#2706=CIRCLE('',#3590,0.00059);
#2707=CIRCLE('',#3593,0.00059);
#2708=CIRCLE('',#3596,0.00059);
#2709=CIRCLE('',#3599,0.00059);
#2710=CIRCLE('',#3602,0.00059);
#2711=CIRCLE('',#3605,0.00059);
#2712=CIRCLE('',#3608,0.00059);
#2713=CIRCLE('',#3611,0.0241999999999908);
#2714=CIRCLE('',#3613,0.0241999999999908);
#2715=CIRCLE('',#3615,0.0241999999999908);
#2716=CIRCLE('',#3617,0.0241999999999908);
#2717=CIRCLE('',#3619,0.0241999999999908);
#2718=CIRCLE('',#3621,0.0241999999999908);
#2719=CIRCLE('',#3623,0.0241999999999908);
#2720=CIRCLE('',#3625,0.0241999999999908);
#2721=CIRCLE('',#3627,0.0241999999999908);
#2722=CIRCLE('',#3629,0.0241999999999908);
#2723=CIRCLE('',#3631,0.0241999999999908);
#2724=CIRCLE('',#3633,0.0241999999999908);
#2725=CIRCLE('',#3635,0.0241999999999908);
#2726=CIRCLE('',#3637,0.0241999999999908);
#2727=CIRCLE('',#3639,0.0241999999999908);
#2728=CIRCLE('',#3641,0.0241999999999908);
#2729=CIRCLE('',#3643,0.0241999999999908);
#2730=CIRCLE('',#3645,0.0241999999999908);
#2731=CIRCLE('',#3647,0.0241999999999908);
#2732=CIRCLE('',#3649,0.0194546);
#2733=CIRCLE('',#3651,0.0194546);
#2734=CIRCLE('',#3653,0.0194546);
#2735=CIRCLE('',#3655,0.0194546);
#2736=CIRCLE('',#3657,0.0194546);
#2737=CIRCLE('',#3659,0.0194546);
#2738=CIRCLE('',#3661,0.0194546);
#2739=CIRCLE('',#3663,0.0194546);
#2740=CIRCLE('',#3665,0.0194546);
#2741=CIRCLE('',#3667,0.0194546);
#2742=CIRCLE('',#3669,0.0194546);
#2743=CIRCLE('',#3671,0.0194546);
#2744=CIRCLE('',#3673,0.0194546);
#2745=CIRCLE('',#3675,0.0194546);
#2746=CIRCLE('',#3677,0.0194546);
#2747=CIRCLE('',#3679,0.0194546);
#2748=CIRCLE('',#3681,0.0194546);
#2749=CIRCLE('',#3683,0.0194546);
#2750=CIRCLE('',#3685,0.0194546);
#2751=CIRCLE('',#3687,0.00059);
#2752=CIRCLE('',#3690,0.00059);
#2753=CIRCLE('',#3693,0.0241999999999908);
#2754=CIRCLE('',#3695,0.0194546);
#2755=EDGE_LOOP('',(#670));
#2756=EDGE_LOOP('',(#671));
#2757=EDGE_LOOP('',(#672));
#2758=EDGE_LOOP('',(#673));
#2759=EDGE_LOOP('',(#674,#675,#676,#677,#678,#679));
#2760=EDGE_LOOP('',(#680,#681,#682,#683));
#2761=EDGE_LOOP('',(#684,#685,#686,#687,#688,#689));
#2762=EDGE_LOOP('',(#690,#691,#692,#693));
#2763=EDGE_LOOP('',(#694,#695,#696,#697,#698));
#2764=EDGE_LOOP('',(#699,#700,#701,#702));
#2765=EDGE_LOOP('',(#703,#704,#705,#706));
#2766=EDGE_LOOP('',(#707,#708,#709,#710));
#2767=EDGE_LOOP('',(#711,#712,#713,#714,#715,#716));
#2768=EDGE_LOOP('',(#717,#718,#719,#720));
#2769=EDGE_LOOP('',(#721,#722,#723,#724,#725,#726,#727,#728));
#2770=EDGE_LOOP('',(#729,#730,#731,#732,#733,#734,#735,#736,#737,#738,#739,
#740,#741,#742,#743,#744,#745,#746,#747,#748,#749,#750,#751,#752,#753,#754,
#755,#756,#757,#758,#759,#760,#761,#762,#763,#764,#765,#766,#767,#768,#769,
#770,#771,#772,#773,#774,#775,#776,#777,#778,#779,#780,#781,#782,#783,#784,
#785,#786,#787,#788,#789,#790,#791,#792,#793,#794,#795,#796,#797,#798,#799,
#800,#801,#802,#803,#804,#805,#806,#807,#808,#809,#810,#811,#812,#813,#814,
#815,#816,#817,#818,#819,#820,#821,#822,#823,#824,#825,#826,#827,#828,#829,
#830,#831,#832,#833,#834,#835,#836,#837,#838,#839,#840,#841,#842,#843,#844,
#845,#846,#847,#848,#849,#850,#851,#852,#853,#854,#855,#856,#857,#858,#859,
#860,#861,#862,#863,#864,#865,#866,#867,#868,#869,#870,#871,#872,#873,#874,
#875,#876,#877,#878,#879,#880,#881,#882,#883,#884,#885,#886,#887,#888));
#2771=EDGE_LOOP('',(#889));
#2772=EDGE_LOOP('',(#890,#891,#892,#893));
#2773=EDGE_LOOP('',(#894,#895,#896,#897));
#2774=EDGE_LOOP('',(#898,#899,#900,#901));
#2775=EDGE_LOOP('',(#902,#903,#904,#905));
#2776=EDGE_LOOP('',(#906,#907,#908,#909));
#2777=EDGE_LOOP('',(#910,#911,#912,#913));
#2778=EDGE_LOOP('',(#914,#915,#916,#917));
#2779=EDGE_LOOP('',(#918,#919,#920,#921));
#2780=EDGE_LOOP('',(#922,#923,#924,#925));
#2781=EDGE_LOOP('',(#926,#927,#928,#929));
#2782=EDGE_LOOP('',(#930,#931,#932,#933));
#2783=EDGE_LOOP('',(#934,#935,#936,#937));
#2784=EDGE_LOOP('',(#938,#939,#940,#941));
#2785=EDGE_LOOP('',(#942,#943,#944,#945));
#2786=EDGE_LOOP('',(#946,#947,#948,#949));
#2787=EDGE_LOOP('',(#950,#951,#952,#953));
#2788=EDGE_LOOP('',(#954,#955,#956,#957));
#2789=EDGE_LOOP('',(#958,#959,#960,#961));
#2790=EDGE_LOOP('',(#962,#963,#964,#965));
#2791=EDGE_LOOP('',(#966,#967,#968,#969));
#2792=EDGE_LOOP('',(#970,#971,#972,#973));
#2793=EDGE_LOOP('',(#974,#975,#976,#977));
#2794=EDGE_LOOP('',(#978,#979,#980,#981));
#2795=EDGE_LOOP('',(#982,#983,#984,#985));
#2796=EDGE_LOOP('',(#986,#987,#988,#989));
#2797=EDGE_LOOP('',(#990,#991,#992,#993));
#2798=EDGE_LOOP('',(#994,#995,#996,#997));
#2799=EDGE_LOOP('',(#998,#999,#1000,#1001));
#2800=EDGE_LOOP('',(#1002,#1003,#1004,#1005));
#2801=EDGE_LOOP('',(#1006,#1007,#1008,#1009));
#2802=EDGE_LOOP('',(#1010,#1011,#1012,#1013));
#2803=EDGE_LOOP('',(#1014,#1015,#1016,#1017));
#2804=EDGE_LOOP('',(#1018,#1019,#1020,#1021));
#2805=EDGE_LOOP('',(#1022,#1023,#1024,#1025));
#2806=EDGE_LOOP('',(#1026,#1027,#1028,#1029));
#2807=EDGE_LOOP('',(#1030,#1031,#1032,#1033));
#2808=EDGE_LOOP('',(#1034,#1035,#1036,#1037));
#2809=EDGE_LOOP('',(#1038,#1039,#1040,#1041));
#2810=EDGE_LOOP('',(#1042,#1043,#1044,#1045));
#2811=EDGE_LOOP('',(#1046,#1047,#1048,#1049));
#2812=EDGE_LOOP('',(#1050,#1051,#1052,#1053));
#2813=EDGE_LOOP('',(#1054,#1055,#1056,#1057));
#2814=EDGE_LOOP('',(#1058,#1059,#1060,#1061));
#2815=EDGE_LOOP('',(#1062,#1063,#1064,#1065));
#2816=EDGE_LOOP('',(#1066,#1067,#1068,#1069));
#2817=EDGE_LOOP('',(#1070,#1071,#1072,#1073));
#2818=EDGE_LOOP('',(#1074,#1075,#1076,#1077));
#2819=EDGE_LOOP('',(#1078,#1079,#1080,#1081));
#2820=EDGE_LOOP('',(#1082,#1083,#1084,#1085));
#2821=EDGE_LOOP('',(#1086,#1087,#1088,#1089));
#2822=EDGE_LOOP('',(#1090,#1091,#1092,#1093));
#2823=EDGE_LOOP('',(#1094,#1095,#1096,#1097));
#2824=EDGE_LOOP('',(#1098,#1099,#1100,#1101));
#2825=EDGE_LOOP('',(#1102,#1103,#1104,#1105));
#2826=EDGE_LOOP('',(#1106,#1107,#1108,#1109));
#2827=EDGE_LOOP('',(#1110,#1111,#1112,#1113));
#2828=EDGE_LOOP('',(#1114,#1115,#1116,#1117));
#2829=EDGE_LOOP('',(#1118,#1119,#1120,#1121));
#2830=EDGE_LOOP('',(#1122,#1123,#1124,#1125));
#2831=EDGE_LOOP('',(#1126,#1127,#1128,#1129));
#2832=EDGE_LOOP('',(#1130,#1131,#1132,#1133));
#2833=EDGE_LOOP('',(#1134,#1135,#1136,#1137));
#2834=EDGE_LOOP('',(#1138,#1139,#1140,#1141));
#2835=EDGE_LOOP('',(#1142,#1143,#1144,#1145));
#2836=EDGE_LOOP('',(#1146,#1147,#1148,#1149));
#2837=EDGE_LOOP('',(#1150,#1151,#1152,#1153));
#2838=EDGE_LOOP('',(#1154,#1155,#1156,#1157));
#2839=EDGE_LOOP('',(#1158,#1159,#1160,#1161));
#2840=EDGE_LOOP('',(#1162,#1163,#1164,#1165));
#2841=EDGE_LOOP('',(#1166,#1167,#1168,#1169));
#2842=EDGE_LOOP('',(#1170,#1171,#1172,#1173));
#2843=EDGE_LOOP('',(#1174,#1175,#1176,#1177));
#2844=EDGE_LOOP('',(#1178,#1179,#1180,#1181));
#2845=EDGE_LOOP('',(#1182,#1183,#1184,#1185));
#2846=EDGE_LOOP('',(#1186,#1187,#1188,#1189));
#2847=EDGE_LOOP('',(#1190,#1191,#1192,#1193));
#2848=EDGE_LOOP('',(#1194,#1195,#1196,#1197));
#2849=EDGE_LOOP('',(#1198,#1199,#1200,#1201));
#2850=EDGE_LOOP('',(#1202,#1203,#1204,#1205));
#2851=EDGE_LOOP('',(#1206,#1207,#1208,#1209));
#2852=EDGE_LOOP('',(#1210,#1211,#1212,#1213));
#2853=EDGE_LOOP('',(#1214,#1215,#1216,#1217));
#2854=EDGE_LOOP('',(#1218,#1219,#1220,#1221));
#2855=EDGE_LOOP('',(#1222,#1223,#1224,#1225));
#2856=EDGE_LOOP('',(#1226,#1227,#1228,#1229));
#2857=EDGE_LOOP('',(#1230,#1231,#1232,#1233));
#2858=EDGE_LOOP('',(#1234,#1235,#1236,#1237));
#2859=EDGE_LOOP('',(#1238,#1239,#1240,#1241));
#2860=EDGE_LOOP('',(#1242,#1243,#1244,#1245));
#2861=EDGE_LOOP('',(#1246,#1247,#1248,#1249));
#2862=EDGE_LOOP('',(#1250,#1251,#1252,#1253));
#2863=EDGE_LOOP('',(#1254,#1255,#1256,#1257));
#2864=EDGE_LOOP('',(#1258,#1259,#1260,#1261));
#2865=EDGE_LOOP('',(#1262,#1263,#1264,#1265));
#2866=EDGE_LOOP('',(#1266,#1267,#1268,#1269));
#2867=EDGE_LOOP('',(#1270,#1271,#1272,#1273));
#2868=EDGE_LOOP('',(#1274,#1275,#1276,#1277));
#2869=EDGE_LOOP('',(#1278,#1279,#1280,#1281));
#2870=EDGE_LOOP('',(#1282,#1283,#1284,#1285));
#2871=EDGE_LOOP('',(#1286,#1287,#1288,#1289));
#2872=EDGE_LOOP('',(#1290,#1291,#1292,#1293));
#2873=EDGE_LOOP('',(#1294,#1295,#1296,#1297));
#2874=EDGE_LOOP('',(#1298,#1299,#1300,#1301));
#2875=EDGE_LOOP('',(#1302,#1303,#1304,#1305));
#2876=EDGE_LOOP('',(#1306,#1307,#1308,#1309));
#2877=EDGE_LOOP('',(#1310,#1311,#1312,#1313));
#2878=EDGE_LOOP('',(#1314,#1315,#1316,#1317));
#2879=EDGE_LOOP('',(#1318,#1319,#1320,#1321));
#2880=EDGE_LOOP('',(#1322,#1323,#1324,#1325));
#2881=EDGE_LOOP('',(#1326,#1327,#1328,#1329));
#2882=EDGE_LOOP('',(#1330,#1331,#1332,#1333));
#2883=EDGE_LOOP('',(#1334,#1335,#1336,#1337));
#2884=EDGE_LOOP('',(#1338,#1339,#1340,#1341));
#2885=EDGE_LOOP('',(#1342,#1343,#1344,#1345));
#2886=EDGE_LOOP('',(#1346,#1347,#1348,#1349));
#2887=EDGE_LOOP('',(#1350,#1351,#1352,#1353));
#2888=EDGE_LOOP('',(#1354,#1355,#1356,#1357));
#2889=EDGE_LOOP('',(#1358,#1359,#1360,#1361));
#2890=EDGE_LOOP('',(#1362,#1363,#1364,#1365));
#2891=EDGE_LOOP('',(#1366,#1367,#1368,#1369,#1370));
#2892=EDGE_LOOP('',(#1371,#1372,#1373,#1374));
#2893=EDGE_LOOP('',(#1375,#1376,#1377,#1378));
#2894=EDGE_LOOP('',(#1379,#1380,#1381,#1382));
#2895=EDGE_LOOP('',(#1383,#1384,#1385,#1386));
#2896=EDGE_LOOP('',(#1387,#1388,#1389,#1390));
#2897=EDGE_LOOP('',(#1391,#1392,#1393,#1394));
#2898=EDGE_LOOP('',(#1395,#1396,#1397,#1398));
#2899=EDGE_LOOP('',(#1399,#1400,#1401,#1402));
#2900=EDGE_LOOP('',(#1403,#1404,#1405,#1406));
#2901=EDGE_LOOP('',(#1407,#1408,#1409,#1410));
#2902=EDGE_LOOP('',(#1411,#1412,#1413,#1414));
#2903=EDGE_LOOP('',(#1415,#1416,#1417,#1418));
#2904=EDGE_LOOP('',(#1419,#1420,#1421,#1422));
#2905=EDGE_LOOP('',(#1423,#1424,#1425,#1426));
#2906=EDGE_LOOP('',(#1427,#1428,#1429,#1430));
#2907=EDGE_LOOP('',(#1431,#1432,#1433,#1434));
#2908=EDGE_LOOP('',(#1435,#1436,#1437,#1438));
#2909=EDGE_LOOP('',(#1439,#1440,#1441,#1442));
#2910=EDGE_LOOP('',(#1443,#1444,#1445,#1446));
#2911=EDGE_LOOP('',(#1447,#1448,#1449,#1450));
#2912=EDGE_LOOP('',(#1451,#1452,#1453,#1454));
#2913=EDGE_LOOP('',(#1455,#1456,#1457,#1458));
#2914=EDGE_LOOP('',(#1459,#1460,#1461,#1462));
#2915=EDGE_LOOP('',(#1463,#1464,#1465,#1466));
#2916=EDGE_LOOP('',(#1467,#1468,#1469,#1470));
#2917=EDGE_LOOP('',(#1471,#1472,#1473,#1474));
#2918=EDGE_LOOP('',(#1475,#1476,#1477,#1478));
#2919=EDGE_LOOP('',(#1479,#1480,#1481,#1482));
#2920=EDGE_LOOP('',(#1483,#1484,#1485,#1486));
#2921=EDGE_LOOP('',(#1487,#1488,#1489,#1490));
#2922=EDGE_LOOP('',(#1491,#1492,#1493,#1494));
#2923=EDGE_LOOP('',(#1495,#1496,#1497,#1498));
#2924=EDGE_LOOP('',(#1499,#1500,#1501,#1502));
#2925=EDGE_LOOP('',(#1503,#1504,#1505,#1506));
#2926=EDGE_LOOP('',(#1507,#1508,#1509,#1510));
#2927=EDGE_LOOP('',(#1511,#1512,#1513,#1514));
#2928=EDGE_LOOP('',(#1515,#1516,#1517,#1518));
#2929=EDGE_LOOP('',(#1519,#1520,#1521,#1522));
#2930=EDGE_LOOP('',(#1523,#1524,#1525,#1526));
#2931=EDGE_LOOP('',(#1527,#1528,#1529,#1530));
#2932=EDGE_LOOP('',(#1531,#1532,#1533,#1534,#1535,#1536,#1537,#1538,#1539,
#1540,#1541,#1542,#1543,#1544,#1545,#1546,#1547,#1548,#1549,#1550,#1551,
#1552,#1553,#1554,#1555,#1556,#1557,#1558,#1559,#1560,#1561,#1562,#1563,
#1564,#1565,#1566,#1567,#1568,#1569,#1570,#1571,#1572,#1573,#1574,#1575,
#1576,#1577,#1578,#1579,#1580,#1581,#1582,#1583,#1584,#1585,#1586,#1587,
#1588,#1589,#1590,#1591,#1592,#1593,#1594,#1595,#1596,#1597,#1598,#1599,
#1600,#1601,#1602,#1603,#1604,#1605,#1606,#1607,#1608,#1609,#1610,#1611,
#1612,#1613,#1614,#1615,#1616,#1617,#1618,#1619,#1620,#1621,#1622,#1623,
#1624,#1625,#1626,#1627,#1628,#1629,#1630,#1631,#1632,#1633,#1634,#1635,
#1636,#1637,#1638,#1639,#1640,#1641,#1642,#1643,#1644,#1645,#1646,#1647,
#1648,#1649,#1650,#1651,#1652,#1653,#1654,#1655,#1656,#1657,#1658,#1659,
#1660,#1661,#1662,#1663,#1664,#1665,#1666,#1667,#1668,#1669,#1670,#1671,
#1672,#1673,#1674,#1675,#1676,#1677,#1678,#1679,#1680,#1681,#1682,#1683,
#1684,#1685,#1686,#1687,#1688,#1689,#1690,#1691,#1692,#1693,#1694,#1695,
#1696,#1697,#1698,#1699,#1700,#1701,#1702));
#2933=EDGE_LOOP('',(#1703,#1704,#1705,#1706));
#2934=EDGE_LOOP('',(#1707,#1708,#1709,#1710));
#2935=EDGE_LOOP('',(#1711,#1712,#1713,#1714));
#2936=EDGE_LOOP('',(#1715));
#2937=EDGE_LOOP('',(#1716));
#2938=EDGE_LOOP('',(#1717));
#2939=FACE_BOUND('',#2755,.T.);
#2940=FACE_BOUND('',#2756,.T.);
#2941=FACE_BOUND('',#2757,.T.);
#2942=FACE_BOUND('',#2758,.T.);
#2943=FACE_BOUND('',#2759,.T.);
#2944=FACE_BOUND('',#2760,.T.);
#2945=FACE_BOUND('',#2761,.T.);
#2946=FACE_BOUND('',#2762,.T.);
#2947=FACE_BOUND('',#2763,.T.);
#2948=FACE_BOUND('',#2764,.T.);
#2949=FACE_BOUND('',#2765,.T.);
#2950=FACE_BOUND('',#2766,.T.);
#2951=FACE_BOUND('',#2767,.T.);
#2952=FACE_BOUND('',#2768,.T.);
#2953=FACE_BOUND('',#2769,.T.);
#2954=FACE_BOUND('',#2770,.T.);
#2955=FACE_BOUND('',#2771,.T.);
#2956=FACE_BOUND('',#2772,.T.);
#2957=FACE_BOUND('',#2773,.T.);
#2958=FACE_BOUND('',#2774,.T.);
#2959=FACE_BOUND('',#2775,.T.);
#2960=FACE_BOUND('',#2776,.T.);
#2961=FACE_BOUND('',#2777,.T.);
#2962=FACE_BOUND('',#2778,.T.);
#2963=FACE_BOUND('',#2779,.T.);
#2964=FACE_BOUND('',#2780,.T.);
#2965=FACE_BOUND('',#2781,.T.);
#2966=FACE_BOUND('',#2782,.T.);
#2967=FACE_BOUND('',#2783,.T.);
#2968=FACE_BOUND('',#2784,.T.);
#2969=FACE_BOUND('',#2785,.T.);
#2970=FACE_BOUND('',#2786,.T.);
#2971=FACE_BOUND('',#2787,.T.);
#2972=FACE_BOUND('',#2788,.T.);
#2973=FACE_BOUND('',#2789,.T.);
#2974=FACE_BOUND('',#2790,.T.);
#2975=FACE_BOUND('',#2791,.T.);
#2976=FACE_BOUND('',#2792,.T.);
#2977=FACE_BOUND('',#2793,.T.);
#2978=FACE_BOUND('',#2794,.T.);
#2979=FACE_BOUND('',#2795,.T.);
#2980=FACE_BOUND('',#2796,.T.);
#2981=FACE_BOUND('',#2797,.T.);
#2982=FACE_BOUND('',#2798,.T.);
#2983=FACE_BOUND('',#2799,.T.);
#2984=FACE_BOUND('',#2800,.T.);
#2985=FACE_BOUND('',#2801,.T.);
#2986=FACE_BOUND('',#2802,.T.);
#2987=FACE_BOUND('',#2803,.T.);
#2988=FACE_BOUND('',#2804,.T.);
#2989=FACE_BOUND('',#2805,.T.);
#2990=FACE_BOUND('',#2806,.T.);
#2991=FACE_BOUND('',#2807,.T.);
#2992=FACE_BOUND('',#2808,.T.);
#2993=FACE_BOUND('',#2809,.T.);
#2994=FACE_BOUND('',#2810,.T.);
#2995=FACE_BOUND('',#2811,.T.);
#2996=FACE_BOUND('',#2812,.T.);
#2997=FACE_BOUND('',#2813,.T.);
#2998=FACE_BOUND('',#2814,.T.);
#2999=FACE_BOUND('',#2815,.T.);
#3000=FACE_BOUND('',#2816,.T.);
#3001=FACE_BOUND('',#2817,.T.);
#3002=FACE_BOUND('',#2818,.T.);
#3003=FACE_BOUND('',#2819,.T.);
#3004=FACE_BOUND('',#2820,.T.);
#3005=FACE_BOUND('',#2821,.T.);
#3006=FACE_BOUND('',#2822,.T.);
#3007=FACE_BOUND('',#2823,.T.);
#3008=FACE_BOUND('',#2824,.T.);
#3009=FACE_BOUND('',#2825,.T.);
#3010=FACE_BOUND('',#2826,.T.);
#3011=FACE_BOUND('',#2827,.T.);
#3012=FACE_BOUND('',#2828,.T.);
#3013=FACE_BOUND('',#2829,.T.);
#3014=FACE_BOUND('',#2830,.T.);
#3015=FACE_BOUND('',#2831,.T.);
#3016=FACE_BOUND('',#2832,.T.);
#3017=FACE_BOUND('',#2833,.T.);
#3018=FACE_BOUND('',#2834,.T.);
#3019=FACE_BOUND('',#2835,.T.);
#3020=FACE_BOUND('',#2836,.T.);
#3021=FACE_BOUND('',#2837,.T.);
#3022=FACE_BOUND('',#2838,.T.);
#3023=FACE_BOUND('',#2839,.T.);
#3024=FACE_BOUND('',#2840,.T.);
#3025=FACE_BOUND('',#2841,.T.);
#3026=FACE_BOUND('',#2842,.T.);
#3027=FACE_BOUND('',#2843,.T.);
#3028=FACE_BOUND('',#2844,.T.);
#3029=FACE_BOUND('',#2845,.T.);
#3030=FACE_BOUND('',#2846,.T.);
#3031=FACE_BOUND('',#2847,.T.);
#3032=FACE_BOUND('',#2848,.T.);
#3033=FACE_BOUND('',#2849,.T.);
#3034=FACE_BOUND('',#2850,.T.);
#3035=FACE_BOUND('',#2851,.T.);
#3036=FACE_BOUND('',#2852,.T.);
#3037=FACE_BOUND('',#2853,.T.);
#3038=FACE_BOUND('',#2854,.T.);
#3039=FACE_BOUND('',#2855,.T.);
#3040=FACE_BOUND('',#2856,.T.);
#3041=FACE_BOUND('',#2857,.T.);
#3042=FACE_BOUND('',#2858,.T.);
#3043=FACE_BOUND('',#2859,.T.);
#3044=FACE_BOUND('',#2860,.T.);
#3045=FACE_BOUND('',#2861,.T.);
#3046=FACE_BOUND('',#2862,.T.);
#3047=FACE_BOUND('',#2863,.T.);
#3048=FACE_BOUND('',#2864,.T.);
#3049=FACE_BOUND('',#2865,.T.);
#3050=FACE_BOUND('',#2866,.T.);
#3051=FACE_BOUND('',#2867,.T.);
#3052=FACE_BOUND('',#2868,.T.);
#3053=FACE_BOUND('',#2869,.T.);
#3054=FACE_BOUND('',#2870,.T.);
#3055=FACE_BOUND('',#2871,.T.);
#3056=FACE_BOUND('',#2872,.T.);
#3057=FACE_BOUND('',#2873,.T.);
#3058=FACE_BOUND('',#2874,.T.);
#3059=FACE_BOUND('',#2875,.T.);
#3060=FACE_BOUND('',#2876,.T.);
#3061=FACE_BOUND('',#2877,.T.);
#3062=FACE_BOUND('',#2878,.T.);
#3063=FACE_BOUND('',#2879,.T.);
#3064=FACE_BOUND('',#2880,.T.);
#3065=FACE_BOUND('',#2881,.T.);
#3066=FACE_BOUND('',#2882,.T.);
#3067=FACE_BOUND('',#2883,.T.);
#3068=FACE_BOUND('',#2884,.T.);
#3069=FACE_BOUND('',#2885,.T.);
#3070=FACE_BOUND('',#2886,.T.);
#3071=FACE_BOUND('',#2887,.T.);
#3072=FACE_BOUND('',#2888,.T.);
#3073=FACE_BOUND('',#2889,.T.);
#3074=FACE_BOUND('',#2890,.T.);
#3075=FACE_BOUND('',#2891,.T.);
#3076=FACE_BOUND('',#2892,.T.);
#3077=FACE_BOUND('',#2893,.T.);
#3078=FACE_BOUND('',#2894,.T.);
#3079=FACE_BOUND('',#2895,.T.);
#3080=FACE_BOUND('',#2896,.T.);
#3081=FACE_BOUND('',#2897,.T.);
#3082=FACE_BOUND('',#2898,.T.);
#3083=FACE_BOUND('',#2899,.T.);
#3084=FACE_BOUND('',#2900,.T.);
#3085=FACE_BOUND('',#2901,.T.);
#3086=FACE_BOUND('',#2902,.T.);
#3087=FACE_BOUND('',#2903,.T.);
#3088=FACE_BOUND('',#2904,.T.);
#3089=FACE_BOUND('',#2905,.T.);
#3090=FACE_BOUND('',#2906,.T.);
#3091=FACE_BOUND('',#2907,.T.);
#3092=FACE_BOUND('',#2908,.T.);
#3093=FACE_BOUND('',#2909,.T.);
#3094=FACE_BOUND('',#2910,.T.);
#3095=FACE_BOUND('',#2911,.T.);
#3096=FACE_BOUND('',#2912,.T.);
#3097=FACE_BOUND('',#2913,.T.);
#3098=FACE_BOUND('',#2914,.T.);
#3099=FACE_BOUND('',#2915,.T.);
#3100=FACE_BOUND('',#2916,.T.);
#3101=FACE_BOUND('',#2917,.T.);
#3102=FACE_BOUND('',#2918,.T.);
#3103=FACE_BOUND('',#2919,.T.);
#3104=FACE_BOUND('',#2920,.T.);
#3105=FACE_BOUND('',#2921,.T.);
#3106=FACE_BOUND('',#2922,.T.);
#3107=FACE_BOUND('',#2923,.T.);
#3108=FACE_BOUND('',#2924,.T.);
#3109=FACE_BOUND('',#2925,.T.);
#3110=FACE_BOUND('',#2926,.T.);
#3111=FACE_BOUND('',#2927,.T.);
#3112=FACE_BOUND('',#2928,.T.);
#3113=FACE_BOUND('',#2929,.T.);
#3114=FACE_BOUND('',#2930,.T.);
#3115=FACE_BOUND('',#2931,.T.);
#3116=FACE_BOUND('',#2932,.T.);
#3117=FACE_BOUND('',#2933,.T.);
#3118=FACE_BOUND('',#2934,.T.);
#3119=FACE_BOUND('',#2935,.T.);
#3120=FACE_BOUND('',#2936,.T.);
#3121=FACE_BOUND('',#2937,.T.);
#3122=FACE_BOUND('',#2938,.T.);
#3123=CYLINDRICAL_SURFACE('',#3398,0.00103775);
#3124=CYLINDRICAL_SURFACE('',#3496,0.00059);
#3125=CYLINDRICAL_SURFACE('',#3499,0.00059);
#3126=CYLINDRICAL_SURFACE('',#3502,0.00059);
#3127=CYLINDRICAL_SURFACE('',#3505,0.00059);
#3128=CYLINDRICAL_SURFACE('',#3508,0.00059);
#3129=CYLINDRICAL_SURFACE('',#3511,0.00059);
#3130=CYLINDRICAL_SURFACE('',#3514,0.00059);
#3131=CYLINDRICAL_SURFACE('',#3517,0.00059);
#3132=CYLINDRICAL_SURFACE('',#3520,0.00059);
#3133=CYLINDRICAL_SURFACE('',#3523,0.00059);
#3134=CYLINDRICAL_SURFACE('',#3526,0.00059);
#3135=CYLINDRICAL_SURFACE('',#3529,0.00059);
#3136=CYLINDRICAL_SURFACE('',#3532,0.00059);
#3137=CYLINDRICAL_SURFACE('',#3535,0.00059);
#3138=CYLINDRICAL_SURFACE('',#3538,0.00059);
#3139=CYLINDRICAL_SURFACE('',#3541,0.00059);
#3140=CYLINDRICAL_SURFACE('',#3544,0.00059);
#3141=CYLINDRICAL_SURFACE('',#3547,0.00059);
#3142=CYLINDRICAL_SURFACE('',#3550,0.00059);
#3143=CYLINDRICAL_SURFACE('',#3553,0.00059);
#3144=CYLINDRICAL_SURFACE('',#3556,0.00059);
#3145=CYLINDRICAL_SURFACE('',#3559,0.00059);
#3146=CYLINDRICAL_SURFACE('',#3562,0.00059);
#3147=CYLINDRICAL_SURFACE('',#3565,0.00059);
#3148=CYLINDRICAL_SURFACE('',#3568,0.00059);
#3149=CYLINDRICAL_SURFACE('',#3571,0.00059);
#3150=CYLINDRICAL_SURFACE('',#3574,0.00059);
#3151=CYLINDRICAL_SURFACE('',#3577,0.00059);
#3152=CYLINDRICAL_SURFACE('',#3580,0.00059);
#3153=CYLINDRICAL_SURFACE('',#3583,0.00059);
#3154=CYLINDRICAL_SURFACE('',#3586,0.00059);
#3155=CYLINDRICAL_SURFACE('',#3589,0.00059);
#3156=CYLINDRICAL_SURFACE('',#3592,0.00059);
#3157=CYLINDRICAL_SURFACE('',#3595,0.00059);
#3158=CYLINDRICAL_SURFACE('',#3598,0.00059);
#3159=CYLINDRICAL_SURFACE('',#3601,0.00059);
#3160=CYLINDRICAL_SURFACE('',#3604,0.00059);
#3161=CYLINDRICAL_SURFACE('',#3607,0.00059);
#3162=CYLINDRICAL_SURFACE('',#3610,0.0241999999999908);
#3163=CYLINDRICAL_SURFACE('',#3612,0.0241999999999908);
#3164=CYLINDRICAL_SURFACE('',#3614,0.0241999999999908);
#3165=CYLINDRICAL_SURFACE('',#3616,0.0241999999999908);
#3166=CYLINDRICAL_SURFACE('',#3618,0.0241999999999908);
#3167=CYLINDRICAL_SURFACE('',#3620,0.0241999999999908);
#3168=CYLINDRICAL_SURFACE('',#3622,0.0241999999999908);
#3169=CYLINDRICAL_SURFACE('',#3624,0.0241999999999908);
#3170=CYLINDRICAL_SURFACE('',#3626,0.0241999999999908);
#3171=CYLINDRICAL_SURFACE('',#3628,0.0241999999999908);
#3172=CYLINDRICAL_SURFACE('',#3630,0.0241999999999908);
#3173=CYLINDRICAL_SURFACE('',#3632,0.0241999999999908);
#3174=CYLINDRICAL_SURFACE('',#3634,0.0241999999999908);
#3175=CYLINDRICAL_SURFACE('',#3636,0.0241999999999908);
#3176=CYLINDRICAL_SURFACE('',#3638,0.0241999999999908);
#3177=CYLINDRICAL_SURFACE('',#3640,0.0241999999999908);
#3178=CYLINDRICAL_SURFACE('',#3642,0.0241999999999908);
#3179=CYLINDRICAL_SURFACE('',#3644,0.0241999999999908);
#3180=CYLINDRICAL_SURFACE('',#3646,0.0241999999999908);
#3181=CYLINDRICAL_SURFACE('',#3648,0.0194546);
#3182=CYLINDRICAL_SURFACE('',#3650,0.0194546);
#3183=CYLINDRICAL_SURFACE('',#3652,0.0194546);
#3184=CYLINDRICAL_SURFACE('',#3654,0.0194546);
#3185=CYLINDRICAL_SURFACE('',#3656,0.0194546);
#3186=CYLINDRICAL_SURFACE('',#3658,0.0194546);
#3187=CYLINDRICAL_SURFACE('',#3660,0.0194546);
#3188=CYLINDRICAL_SURFACE('',#3662,0.0194546);
#3189=CYLINDRICAL_SURFACE('',#3664,0.0194546);
#3190=CYLINDRICAL_SURFACE('',#3666,0.0194546);
#3191=CYLINDRICAL_SURFACE('',#3668,0.0194546);
#3192=CYLINDRICAL_SURFACE('',#3670,0.0194546);
#3193=CYLINDRICAL_SURFACE('',#3672,0.0194546);
#3194=CYLINDRICAL_SURFACE('',#3674,0.0194546);
#3195=CYLINDRICAL_SURFACE('',#3676,0.0194546);
#3196=CYLINDRICAL_SURFACE('',#3678,0.0194546);
#3197=CYLINDRICAL_SURFACE('',#3680,0.0194546);
#3198=CYLINDRICAL_SURFACE('',#3682,0.0194546);
#3199=CYLINDRICAL_SURFACE('',#3684,0.0194546);
#3200=CYLINDRICAL_SURFACE('',#3686,0.00059);
#3201=CYLINDRICAL_SURFACE('',#3689,0.00059);
#3202=CYLINDRICAL_SURFACE('',#3692,0.0241999999999908);
#3203=CYLINDRICAL_SURFACE('',#3694,0.0194546);
#3204=CYLINDRICAL_SURFACE('',#3700,0.00745);
#3205=ADVANCED_FACE('',(#2939,#2940),#3123,.F.);
#3206=ADVANCED_FACE('',(#2941),#450,.T.);
#3207=ADVANCED_FACE('',(#2942),#451,.F.);
#3208=ADVANCED_FACE('',(#2943),#452,.T.);
#3209=ADVANCED_FACE('',(#2944),#453,.T.);
#3210=ADVANCED_FACE('',(#2945),#454,.T.);
#3211=ADVANCED_FACE('',(#2946),#455,.T.);
#3212=ADVANCED_FACE('',(#2947),#456,.T.);
#3213=ADVANCED_FACE('',(#2948),#457,.T.);
#3214=ADVANCED_FACE('',(#2949),#458,.T.);
#3215=ADVANCED_FACE('',(#2950),#459,.T.);
#3216=ADVANCED_FACE('',(#2951),#460,.T.);
#3217=ADVANCED_FACE('',(#2952),#461,.T.);
#3218=ADVANCED_FACE('',(#2953),#462,.T.);
#3219=ADVANCED_FACE('',(#2954,#2955),#463,.T.);
#3220=ADVANCED_FACE('',(#2956),#3124,.F.);
#3221=ADVANCED_FACE('',(#2957),#464,.T.);
#3222=ADVANCED_FACE('',(#2958),#3125,.F.);
#3223=ADVANCED_FACE('',(#2959),#465,.T.);
#3224=ADVANCED_FACE('',(#2960),#3126,.F.);
#3225=ADVANCED_FACE('',(#2961),#466,.T.);
#3226=ADVANCED_FACE('',(#2962),#3127,.F.);
#3227=ADVANCED_FACE('',(#2963),#467,.T.);
#3228=ADVANCED_FACE('',(#2964),#3128,.F.);
#3229=ADVANCED_FACE('',(#2965),#468,.T.);
#3230=ADVANCED_FACE('',(#2966),#3129,.F.);
#3231=ADVANCED_FACE('',(#2967),#469,.T.);
#3232=ADVANCED_FACE('',(#2968),#3130,.F.);
#3233=ADVANCED_FACE('',(#2969),#470,.T.);
#3234=ADVANCED_FACE('',(#2970),#3131,.F.);
#3235=ADVANCED_FACE('',(#2971),#471,.T.);
#3236=ADVANCED_FACE('',(#2972),#3132,.F.);
#3237=ADVANCED_FACE('',(#2973),#472,.T.);
#3238=ADVANCED_FACE('',(#2974),#3133,.F.);
#3239=ADVANCED_FACE('',(#2975),#473,.T.);
#3240=ADVANCED_FACE('',(#2976),#3134,.F.);
#3241=ADVANCED_FACE('',(#2977),#474,.T.);
#3242=ADVANCED_FACE('',(#2978),#3135,.F.);
#3243=ADVANCED_FACE('',(#2979),#475,.T.);
#3244=ADVANCED_FACE('',(#2980),#3136,.F.);
#3245=ADVANCED_FACE('',(#2981),#476,.T.);
#3246=ADVANCED_FACE('',(#2982),#3137,.F.);
#3247=ADVANCED_FACE('',(#2983),#477,.T.);
#3248=ADVANCED_FACE('',(#2984),#3138,.F.);
#3249=ADVANCED_FACE('',(#2985),#478,.T.);
#3250=ADVANCED_FACE('',(#2986),#3139,.F.);
#3251=ADVANCED_FACE('',(#2987),#479,.T.);
#3252=ADVANCED_FACE('',(#2988),#3140,.F.);
#3253=ADVANCED_FACE('',(#2989),#480,.T.);
#3254=ADVANCED_FACE('',(#2990),#3141,.F.);
#3255=ADVANCED_FACE('',(#2991),#481,.T.);
#3256=ADVANCED_FACE('',(#2992),#3142,.F.);
#3257=ADVANCED_FACE('',(#2993),#482,.T.);
#3258=ADVANCED_FACE('',(#2994),#3143,.F.);
#3259=ADVANCED_FACE('',(#2995),#483,.T.);
#3260=ADVANCED_FACE('',(#2996),#3144,.F.);
#3261=ADVANCED_FACE('',(#2997),#484,.T.);
#3262=ADVANCED_FACE('',(#2998),#3145,.F.);
#3263=ADVANCED_FACE('',(#2999),#485,.T.);
#3264=ADVANCED_FACE('',(#3000),#3146,.F.);
#3265=ADVANCED_FACE('',(#3001),#486,.T.);
#3266=ADVANCED_FACE('',(#3002),#3147,.F.);
#3267=ADVANCED_FACE('',(#3003),#487,.T.);
#3268=ADVANCED_FACE('',(#3004),#3148,.F.);
#3269=ADVANCED_FACE('',(#3005),#488,.T.);
#3270=ADVANCED_FACE('',(#3006),#3149,.F.);
#3271=ADVANCED_FACE('',(#3007),#489,.T.);
#3272=ADVANCED_FACE('',(#3008),#3150,.F.);
#3273=ADVANCED_FACE('',(#3009),#490,.T.);
#3274=ADVANCED_FACE('',(#3010),#3151,.F.);
#3275=ADVANCED_FACE('',(#3011),#491,.T.);
#3276=ADVANCED_FACE('',(#3012),#3152,.F.);
#3277=ADVANCED_FACE('',(#3013),#492,.T.);
#3278=ADVANCED_FACE('',(#3014),#3153,.F.);
#3279=ADVANCED_FACE('',(#3015),#493,.T.);
#3280=ADVANCED_FACE('',(#3016),#3154,.F.);
#3281=ADVANCED_FACE('',(#3017),#494,.T.);
#3282=ADVANCED_FACE('',(#3018),#3155,.F.);
#3283=ADVANCED_FACE('',(#3019),#495,.T.);
#3284=ADVANCED_FACE('',(#3020),#3156,.F.);
#3285=ADVANCED_FACE('',(#3021),#496,.T.);
#3286=ADVANCED_FACE('',(#3022),#3157,.F.);
#3287=ADVANCED_FACE('',(#3023),#497,.T.);
#3288=ADVANCED_FACE('',(#3024),#3158,.F.);
#3289=ADVANCED_FACE('',(#3025),#498,.T.);
#3290=ADVANCED_FACE('',(#3026),#3159,.F.);
#3291=ADVANCED_FACE('',(#3027),#499,.T.);
#3292=ADVANCED_FACE('',(#3028),#3160,.F.);
#3293=ADVANCED_FACE('',(#3029),#500,.T.);
#3294=ADVANCED_FACE('',(#3030),#3161,.F.);
#3295=ADVANCED_FACE('',(#3031),#501,.T.);
#3296=ADVANCED_FACE('',(#3032),#12,.F.);
#3297=ADVANCED_FACE('',(#3033),#3162,.T.);
#3298=ADVANCED_FACE('',(#3034),#13,.F.);
#3299=ADVANCED_FACE('',(#3035),#14,.F.);
#3300=ADVANCED_FACE('',(#3036),#3163,.T.);
#3301=ADVANCED_FACE('',(#3037),#15,.F.);
#3302=ADVANCED_FACE('',(#3038),#16,.F.);
#3303=ADVANCED_FACE('',(#3039),#3164,.T.);
#3304=ADVANCED_FACE('',(#3040),#17,.F.);
#3305=ADVANCED_FACE('',(#3041),#18,.F.);
#3306=ADVANCED_FACE('',(#3042),#3165,.T.);
#3307=ADVANCED_FACE('',(#3043),#19,.F.);
#3308=ADVANCED_FACE('',(#3044),#20,.F.);
#3309=ADVANCED_FACE('',(#3045),#3166,.T.);
#3310=ADVANCED_FACE('',(#3046),#21,.F.);
#3311=ADVANCED_FACE('',(#3047),#22,.F.);
#3312=ADVANCED_FACE('',(#3048),#3167,.T.);
#3313=ADVANCED_FACE('',(#3049),#23,.F.);
#3314=ADVANCED_FACE('',(#3050),#24,.F.);
#3315=ADVANCED_FACE('',(#3051),#3168,.T.);
#3316=ADVANCED_FACE('',(#3052),#25,.F.);
#3317=ADVANCED_FACE('',(#3053),#26,.F.);
#3318=ADVANCED_FACE('',(#3054),#3169,.T.);
#3319=ADVANCED_FACE('',(#3055),#27,.F.);
#3320=ADVANCED_FACE('',(#3056),#28,.F.);
#3321=ADVANCED_FACE('',(#3057),#3170,.T.);
#3322=ADVANCED_FACE('',(#3058),#29,.F.);
#3323=ADVANCED_FACE('',(#3059),#30,.F.);
#3324=ADVANCED_FACE('',(#3060),#3171,.T.);
#3325=ADVANCED_FACE('',(#3061),#31,.F.);
#3326=ADVANCED_FACE('',(#3062),#32,.F.);
#3327=ADVANCED_FACE('',(#3063),#3172,.T.);
#3328=ADVANCED_FACE('',(#3064),#33,.F.);
#3329=ADVANCED_FACE('',(#3065),#34,.F.);
#3330=ADVANCED_FACE('',(#3066),#3173,.T.);
#3331=ADVANCED_FACE('',(#3067),#35,.F.);
#3332=ADVANCED_FACE('',(#3068),#36,.F.);
#3333=ADVANCED_FACE('',(#3069),#3174,.T.);
#3334=ADVANCED_FACE('',(#3070),#37,.F.);
#3335=ADVANCED_FACE('',(#3071),#38,.F.);
#3336=ADVANCED_FACE('',(#3072),#3175,.T.);
#3337=ADVANCED_FACE('',(#3073),#39,.F.);
#3338=ADVANCED_FACE('',(#3074),#40,.F.);
#3339=ADVANCED_FACE('',(#3075),#3176,.T.);
#3340=ADVANCED_FACE('',(#3076),#41,.F.);
#3341=ADVANCED_FACE('',(#3077),#42,.F.);
#3342=ADVANCED_FACE('',(#3078),#3177,.T.);
#3343=ADVANCED_FACE('',(#3079),#43,.F.);
#3344=ADVANCED_FACE('',(#3080),#44,.F.);
#3345=ADVANCED_FACE('',(#3081),#3178,.T.);
#3346=ADVANCED_FACE('',(#3082),#45,.F.);
#3347=ADVANCED_FACE('',(#3083),#46,.F.);
#3348=ADVANCED_FACE('',(#3084),#3179,.T.);
#3349=ADVANCED_FACE('',(#3085),#47,.F.);
#3350=ADVANCED_FACE('',(#3086),#48,.F.);
#3351=ADVANCED_FACE('',(#3087),#3180,.T.);
#3352=ADVANCED_FACE('',(#3088),#49,.F.);
#3353=ADVANCED_FACE('',(#3089),#3181,.T.);
#3354=ADVANCED_FACE('',(#3090),#3182,.T.);
#3355=ADVANCED_FACE('',(#3091),#3183,.T.);
#3356=ADVANCED_FACE('',(#3092),#3184,.T.);
#3357=ADVANCED_FACE('',(#3093),#3185,.T.);
#3358=ADVANCED_FACE('',(#3094),#3186,.T.);
#3359=ADVANCED_FACE('',(#3095),#3187,.T.);
#3360=ADVANCED_FACE('',(#3096),#3188,.T.);
#3361=ADVANCED_FACE('',(#3097),#3189,.T.);
#3362=ADVANCED_FACE('',(#3098),#3190,.T.);
#3363=ADVANCED_FACE('',(#3099),#3191,.T.);
#3364=ADVANCED_FACE('',(#3100),#3192,.T.);
#3365=ADVANCED_FACE('',(#3101),#3193,.T.);
#3366=ADVANCED_FACE('',(#3102),#3194,.T.);
#3367=ADVANCED_FACE('',(#3103),#3195,.T.);
#3368=ADVANCED_FACE('',(#3104),#3196,.T.);
#3369=ADVANCED_FACE('',(#3105),#3197,.T.);
#3370=ADVANCED_FACE('',(#3106),#3198,.T.);
#3371=ADVANCED_FACE('',(#3107),#3199,.T.);
#3372=ADVANCED_FACE('',(#3108),#3200,.F.);
#3373=ADVANCED_FACE('',(#3109),#502,.T.);
#3374=ADVANCED_FACE('',(#3110),#3201,.F.);
#3375=ADVANCED_FACE('',(#3111),#503,.T.);
#3376=ADVANCED_FACE('',(#3112),#50,.F.);
#3377=ADVANCED_FACE('',(#3113),#3202,.T.);
#3378=ADVANCED_FACE('',(#3114),#51,.F.);
#3379=ADVANCED_FACE('',(#3115),#3203,.T.);
#3380=ADVANCED_FACE('',(#3116),#504,.F.);
#3381=ADVANCED_FACE('',(#3117),#505,.T.);
#3382=ADVANCED_FACE('',(#3118),#506,.T.);
#3383=ADVANCED_FACE('',(#3119),#507,.T.);
#3384=ADVANCED_FACE('',(#3120,#3121,#3122),#3204,.T.);
#3385=CLOSED_SHELL('',(#3205,#3206,#3207,#3208,#3209,#3210,#3211,#3212,
#3213,#3214,#3215,#3216,#3217,#3218,#3219,#3220,#3221,#3222,#3223,#3224,
#3225,#3226,#3227,#3228,#3229,#3230,#3231,#3232,#3233,#3234,#3235,#3236,
#3237,#3238,#3239,#3240,#3241,#3242,#3243,#3244,#3245,#3246,#3247,#3248,
#3249,#3250,#3251,#3252,#3253,#3254,#3255,#3256,#3257,#3258,#3259,#3260,
#3261,#3262,#3263,#3264,#3265,#3266,#3267,#3268,#3269,#3270,#3271,#3272,
#3273,#3274,#3275,#3276,#3277,#3278,#3279,#3280,#3281,#3282,#3283,#3284,
#3285,#3286,#3287,#3288,#3289,#3290,#3291,#3292,#3293,#3294,#3295,#3296,
#3297,#3298,#3299,#3300,#3301,#3302,#3303,#3304,#3305,#3306,#3307,#3308,
#3309,#3310,#3311,#3312,#3313,#3314,#3315,#3316,#3317,#3318,#3319,#3320,
#3321,#3322,#3323,#3324,#3325,#3326,#3327,#3328,#3329,#3330,#3331,#3332,
#3333,#3334,#3335,#3336,#3337,#3338,#3339,#3340,#3341,#3342,#3343,#3344,
#3345,#3346,#3347,#3348,#3349,#3350,#3351,#3352,#3353,#3354,#3355,#3356,
#3357,#3358,#3359,#3360,#3361,#3362,#3363,#3364,#3365,#3366,#3367,#3368,
#3369,#3370,#3371,#3372,#3373,#3374,#3375,#3376,#3377,#3378,#3379,#3380,
#3381,#3382,#3383,#3384));
#3386=STYLED_ITEM('',(#3387),#3394);
#3387=PRESENTATION_STYLE_ASSIGNMENT((#3388));
#3388=SURFACE_STYLE_USAGE(.BOTH.,#3389);
#3389=SURFACE_SIDE_STYLE('',(#3390));
#3390=SURFACE_STYLE_FILL_AREA(#3391);
#3391=FILL_AREA_STYLE('',(#3392));
#3392=FILL_AREA_STYLE_COLOUR('',#3393);
#3393=COLOUR_RGB('',0.964705882352941,0.964705882352941,0.952941176470588);
#3394=MANIFOLD_SOLID_BREP('Right foot',#3385);
#3395=SHAPE_DEFINITION_REPRESENTATION(#6782,#3396);
#3396=SHAPE_REPRESENTATION('Right foot',(#3397),#6777);
#3397=AXIS2_PLACEMENT_3D('',#4508,#3701,#3702);
#3398=AXIS2_PLACEMENT_3D('',#4509,#3703,#3704);
#3399=AXIS2_PLACEMENT_3D('',#4510,#3705,#3706);
#3400=AXIS2_PLACEMENT_3D('',#4524,#3707,#3708);
#3401=AXIS2_PLACEMENT_3D('',#4525,#3709,#3710);
#3402=AXIS2_PLACEMENT_3D('',#4526,#3711,#3712);
#3403=AXIS2_PLACEMENT_3D('',#4528,#3713,#3714);
#3404=AXIS2_PLACEMENT_3D('',#4541,#3721,#3722);
#3405=AXIS2_PLACEMENT_3D('',#4547,#3726,#3727);
#3406=AXIS2_PLACEMENT_3D('',#4555,#3732,#3733);
#3407=AXIS2_PLACEMENT_3D('',#4564,#3738,#3739);
#3408=AXIS2_PLACEMENT_3D('',#4575,#3743,#3744);
#3409=AXIS2_PLACEMENT_3D('',#4581,#3748,#3749);
#3410=AXIS2_PLACEMENT_3D('',#4587,#3753,#3754);
#3411=AXIS2_PLACEMENT_3D('',#4593,#3758,#3759);
#3412=AXIS2_PLACEMENT_3D('',#4598,#3763,#3764);
#3413=AXIS2_PLACEMENT_3D('',#4601,#3767,#3768);
#3414=AXIS2_PLACEMENT_3D('',#4602,#3769,#3770);
#3415=AXIS2_PLACEMENT_3D('',#4603,#3771,#3772);
#3416=AXIS2_PLACEMENT_3D('',#4606,#3773,#3774);
#3417=AXIS2_PLACEMENT_3D('',#4618,#3776,#3777);
#3418=AXIS2_PLACEMENT_3D('',#4630,#3779,#3780);
#3419=AXIS2_PLACEMENT_3D('',#4632,#3781,#3782);
#3420=AXIS2_PLACEMENT_3D('',#4634,#3783,#3784);
#3421=AXIS2_PLACEMENT_3D('',#4646,#3786,#3787);
#3422=AXIS2_PLACEMENT_3D('',#4658,#3789,#3790);
#3423=AXIS2_PLACEMENT_3D('',#4660,#3791,#3792);
#3424=AXIS2_PLACEMENT_3D('',#4662,#3793,#3794);
#3425=AXIS2_PLACEMENT_3D('',#4674,#3796,#3797);
#3426=AXIS2_PLACEMENT_3D('',#4686,#3799,#3800);
#3427=AXIS2_PLACEMENT_3D('',#4688,#3801,#3802);
#3428=AXIS2_PLACEMENT_3D('',#4690,#3803,#3804);
#3429=AXIS2_PLACEMENT_3D('',#4702,#3806,#3807);
#3430=AXIS2_PLACEMENT_3D('',#4714,#3809,#3810);
#3431=AXIS2_PLACEMENT_3D('',#4716,#3811,#3812);
#3432=AXIS2_PLACEMENT_3D('',#4718,#3813,#3814);
#3433=AXIS2_PLACEMENT_3D('',#4730,#3816,#3817);
#3434=AXIS2_PLACEMENT_3D('',#4742,#3819,#3820);
#3435=AXIS2_PLACEMENT_3D('',#4744,#3821,#3822);
#3436=AXIS2_PLACEMENT_3D('',#4746,#3823,#3824);
#3437=AXIS2_PLACEMENT_3D('',#4758,#3826,#3827);
#3438=AXIS2_PLACEMENT_3D('',#4770,#3829,#3830);
#3439=AXIS2_PLACEMENT_3D('',#4772,#3831,#3832);
#3440=AXIS2_PLACEMENT_3D('',#4774,#3833,#3834);
#3441=AXIS2_PLACEMENT_3D('',#4786,#3836,#3837);
#3442=AXIS2_PLACEMENT_3D('',#4798,#3839,#3840);
#3443=AXIS2_PLACEMENT_3D('',#4800,#3841,#3842);
#3444=AXIS2_PLACEMENT_3D('',#4802,#3843,#3844);
#3445=AXIS2_PLACEMENT_3D('',#4814,#3846,#3847);
#3446=AXIS2_PLACEMENT_3D('',#4826,#3849,#3850);
#3447=AXIS2_PLACEMENT_3D('',#4828,#3851,#3852);
#3448=AXIS2_PLACEMENT_3D('',#4830,#3853,#3854);
#3449=AXIS2_PLACEMENT_3D('',#4842,#3856,#3857);
#3450=AXIS2_PLACEMENT_3D('',#4854,#3859,#3860);
#3451=AXIS2_PLACEMENT_3D('',#4856,#3861,#3862);
#3452=AXIS2_PLACEMENT_3D('',#4858,#3863,#3864);
#3453=AXIS2_PLACEMENT_3D('',#4870,#3866,#3867);
#3454=AXIS2_PLACEMENT_3D('',#4882,#3869,#3870);
#3455=AXIS2_PLACEMENT_3D('',#4884,#3871,#3872);
#3456=AXIS2_PLACEMENT_3D('',#4886,#3873,#3874);
#3457=AXIS2_PLACEMENT_3D('',#4898,#3876,#3877);
#3458=AXIS2_PLACEMENT_3D('',#4910,#3879,#3880);
#3459=AXIS2_PLACEMENT_3D('',#4912,#3881,#3882);
#3460=AXIS2_PLACEMENT_3D('',#4914,#3883,#3884);
#3461=AXIS2_PLACEMENT_3D('',#4926,#3886,#3887);
#3462=AXIS2_PLACEMENT_3D('',#4938,#3889,#3890);
#3463=AXIS2_PLACEMENT_3D('',#4940,#3891,#3892);
#3464=AXIS2_PLACEMENT_3D('',#4942,#3893,#3894);
#3465=AXIS2_PLACEMENT_3D('',#4954,#3896,#3897);
#3466=AXIS2_PLACEMENT_3D('',#4966,#3899,#3900);
#3467=AXIS2_PLACEMENT_3D('',#4968,#3901,#3902);
#3468=AXIS2_PLACEMENT_3D('',#4970,#3903,#3904);
#3469=AXIS2_PLACEMENT_3D('',#4982,#3906,#3907);
#3470=AXIS2_PLACEMENT_3D('',#4994,#3909,#3910);
#3471=AXIS2_PLACEMENT_3D('',#4996,#3911,#3912);
#3472=AXIS2_PLACEMENT_3D('',#4998,#3913,#3914);
#3473=AXIS2_PLACEMENT_3D('',#5010,#3916,#3917);
#3474=AXIS2_PLACEMENT_3D('',#5022,#3919,#3920);
#3475=AXIS2_PLACEMENT_3D('',#5024,#3921,#3922);
#3476=AXIS2_PLACEMENT_3D('',#5026,#3923,#3924);
#3477=AXIS2_PLACEMENT_3D('',#5038,#3926,#3927);
#3478=AXIS2_PLACEMENT_3D('',#5050,#3929,#3930);
#3479=AXIS2_PLACEMENT_3D('',#5052,#3931,#3932);
#3480=AXIS2_PLACEMENT_3D('',#5054,#3933,#3934);
#3481=AXIS2_PLACEMENT_3D('',#5066,#3936,#3937);
#3482=AXIS2_PLACEMENT_3D('',#5078,#3939,#3940);
#3483=AXIS2_PLACEMENT_3D('',#5080,#3941,#3942);
#3484=AXIS2_PLACEMENT_3D('',#5082,#3943,#3944);
#3485=AXIS2_PLACEMENT_3D('',#5094,#3946,#3947);
#3486=AXIS2_PLACEMENT_3D('',#5106,#3949,#3950);
#3487=AXIS2_PLACEMENT_3D('',#5108,#3951,#3952);
#3488=AXIS2_PLACEMENT_3D('',#5110,#3953,#3954);
#3489=AXIS2_PLACEMENT_3D('',#5122,#3956,#3957);
#3490=AXIS2_PLACEMENT_3D('',#5134,#3959,#3960);
#3491=AXIS2_PLACEMENT_3D('',#5136,#3961,#3962);
#3492=AXIS2_PLACEMENT_3D('',#5138,#3963,#3964);
#3493=AXIS2_PLACEMENT_3D('',#5150,#3966,#3967);
#3494=AXIS2_PLACEMENT_3D('',#5162,#3969,#3970);
#3495=AXIS2_PLACEMENT_3D('',#5163,#3971,#3972);
#3496=AXIS2_PLACEMENT_3D('',#5165,#3973,#3974);
#3497=AXIS2_PLACEMENT_3D('',#5170,#3977,#3978);
#3498=AXIS2_PLACEMENT_3D('',#5171,#3979,#3980);
#3499=AXIS2_PLACEMENT_3D('',#5178,#3982,#3983);
#3500=AXIS2_PLACEMENT_3D('',#5181,#3985,#3986);
#3501=AXIS2_PLACEMENT_3D('',#5184,#3988,#3989);
#3502=AXIS2_PLACEMENT_3D('',#5191,#3991,#3992);
#3503=AXIS2_PLACEMENT_3D('',#5196,#3995,#3996);
#3504=AXIS2_PLACEMENT_3D('',#5197,#3997,#3998);
#3505=AXIS2_PLACEMENT_3D('',#5204,#4000,#4001);
#3506=AXIS2_PLACEMENT_3D('',#5207,#4003,#4004);
#3507=AXIS2_PLACEMENT_3D('',#5210,#4006,#4007);
#3508=AXIS2_PLACEMENT_3D('',#5217,#4009,#4010);
#3509=AXIS2_PLACEMENT_3D('',#5222,#4013,#4014);
#3510=AXIS2_PLACEMENT_3D('',#5223,#4015,#4016);
#3511=AXIS2_PLACEMENT_3D('',#5230,#4018,#4019);
#3512=AXIS2_PLACEMENT_3D('',#5233,#4021,#4022);
#3513=AXIS2_PLACEMENT_3D('',#5236,#4024,#4025);
#3514=AXIS2_PLACEMENT_3D('',#5243,#4027,#4028);
#3515=AXIS2_PLACEMENT_3D('',#5248,#4031,#4032);
#3516=AXIS2_PLACEMENT_3D('',#5249,#4033,#4034);
#3517=AXIS2_PLACEMENT_3D('',#5256,#4036,#4037);
#3518=AXIS2_PLACEMENT_3D('',#5259,#4039,#4040);
#3519=AXIS2_PLACEMENT_3D('',#5262,#4042,#4043);
#3520=AXIS2_PLACEMENT_3D('',#5269,#4045,#4046);
#3521=AXIS2_PLACEMENT_3D('',#5274,#4049,#4050);
#3522=AXIS2_PLACEMENT_3D('',#5275,#4051,#4052);
#3523=AXIS2_PLACEMENT_3D('',#5282,#4054,#4055);
#3524=AXIS2_PLACEMENT_3D('',#5285,#4057,#4058);
#3525=AXIS2_PLACEMENT_3D('',#5288,#4060,#4061);
#3526=AXIS2_PLACEMENT_3D('',#5295,#4063,#4064);
#3527=AXIS2_PLACEMENT_3D('',#5300,#4067,#4068);
#3528=AXIS2_PLACEMENT_3D('',#5301,#4069,#4070);
#3529=AXIS2_PLACEMENT_3D('',#5308,#4072,#4073);
#3530=AXIS2_PLACEMENT_3D('',#5311,#4075,#4076);
#3531=AXIS2_PLACEMENT_3D('',#5314,#4078,#4079);
#3532=AXIS2_PLACEMENT_3D('',#5321,#4081,#4082);
#3533=AXIS2_PLACEMENT_3D('',#5326,#4085,#4086);
#3534=AXIS2_PLACEMENT_3D('',#5327,#4087,#4088);
#3535=AXIS2_PLACEMENT_3D('',#5334,#4090,#4091);
#3536=AXIS2_PLACEMENT_3D('',#5337,#4093,#4094);
#3537=AXIS2_PLACEMENT_3D('',#5340,#4096,#4097);
#3538=AXIS2_PLACEMENT_3D('',#5347,#4099,#4100);
#3539=AXIS2_PLACEMENT_3D('',#5352,#4103,#4104);
#3540=AXIS2_PLACEMENT_3D('',#5353,#4105,#4106);
#3541=AXIS2_PLACEMENT_3D('',#5360,#4108,#4109);
#3542=AXIS2_PLACEMENT_3D('',#5363,#4111,#4112);
#3543=AXIS2_PLACEMENT_3D('',#5366,#4114,#4115);
#3544=AXIS2_PLACEMENT_3D('',#5373,#4117,#4118);
#3545=AXIS2_PLACEMENT_3D('',#5378,#4121,#4122);
#3546=AXIS2_PLACEMENT_3D('',#5379,#4123,#4124);
#3547=AXIS2_PLACEMENT_3D('',#5386,#4126,#4127);
#3548=AXIS2_PLACEMENT_3D('',#5389,#4129,#4130);
#3549=AXIS2_PLACEMENT_3D('',#5392,#4132,#4133);
#3550=AXIS2_PLACEMENT_3D('',#5399,#4135,#4136);
#3551=AXIS2_PLACEMENT_3D('',#5404,#4139,#4140);
#3552=AXIS2_PLACEMENT_3D('',#5405,#4141,#4142);
#3553=AXIS2_PLACEMENT_3D('',#5412,#4144,#4145);
#3554=AXIS2_PLACEMENT_3D('',#5415,#4147,#4148);
#3555=AXIS2_PLACEMENT_3D('',#5418,#4150,#4151);
#3556=AXIS2_PLACEMENT_3D('',#5425,#4153,#4154);
#3557=AXIS2_PLACEMENT_3D('',#5430,#4157,#4158);
#3558=AXIS2_PLACEMENT_3D('',#5431,#4159,#4160);
#3559=AXIS2_PLACEMENT_3D('',#5438,#4162,#4163);
#3560=AXIS2_PLACEMENT_3D('',#5441,#4165,#4166);
#3561=AXIS2_PLACEMENT_3D('',#5444,#4168,#4169);
#3562=AXIS2_PLACEMENT_3D('',#5451,#4171,#4172);
#3563=AXIS2_PLACEMENT_3D('',#5456,#4175,#4176);
#3564=AXIS2_PLACEMENT_3D('',#5457,#4177,#4178);
#3565=AXIS2_PLACEMENT_3D('',#5464,#4180,#4181);
#3566=AXIS2_PLACEMENT_3D('',#5467,#4183,#4184);
#3567=AXIS2_PLACEMENT_3D('',#5470,#4186,#4187);
#3568=AXIS2_PLACEMENT_3D('',#5477,#4189,#4190);
#3569=AXIS2_PLACEMENT_3D('',#5482,#4193,#4194);
#3570=AXIS2_PLACEMENT_3D('',#5483,#4195,#4196);
#3571=AXIS2_PLACEMENT_3D('',#5490,#4198,#4199);
#3572=AXIS2_PLACEMENT_3D('',#5493,#4201,#4202);
#3573=AXIS2_PLACEMENT_3D('',#5496,#4204,#4205);
#3574=AXIS2_PLACEMENT_3D('',#5503,#4207,#4208);
#3575=AXIS2_PLACEMENT_3D('',#5508,#4211,#4212);
#3576=AXIS2_PLACEMENT_3D('',#5509,#4213,#4214);
#3577=AXIS2_PLACEMENT_3D('',#5516,#4216,#4217);
#3578=AXIS2_PLACEMENT_3D('',#5519,#4219,#4220);
#3579=AXIS2_PLACEMENT_3D('',#5522,#4222,#4223);
#3580=AXIS2_PLACEMENT_3D('',#5529,#4225,#4226);
#3581=AXIS2_PLACEMENT_3D('',#5534,#4229,#4230);
#3582=AXIS2_PLACEMENT_3D('',#5535,#4231,#4232);
#3583=AXIS2_PLACEMENT_3D('',#5542,#4234,#4235);
#3584=AXIS2_PLACEMENT_3D('',#5545,#4237,#4238);
#3585=AXIS2_PLACEMENT_3D('',#5548,#4240,#4241);
#3586=AXIS2_PLACEMENT_3D('',#5555,#4243,#4244);
#3587=AXIS2_PLACEMENT_3D('',#5560,#4247,#4248);
#3588=AXIS2_PLACEMENT_3D('',#5561,#4249,#4250);
#3589=AXIS2_PLACEMENT_3D('',#5568,#4252,#4253);
#3590=AXIS2_PLACEMENT_3D('',#5571,#4255,#4256);
#3591=AXIS2_PLACEMENT_3D('',#5574,#4258,#4259);
#3592=AXIS2_PLACEMENT_3D('',#5581,#4261,#4262);
#3593=AXIS2_PLACEMENT_3D('',#5586,#4265,#4266);
#3594=AXIS2_PLACEMENT_3D('',#5587,#4267,#4268);
#3595=AXIS2_PLACEMENT_3D('',#5594,#4270,#4271);
#3596=AXIS2_PLACEMENT_3D('',#5597,#4273,#4274);
#3597=AXIS2_PLACEMENT_3D('',#5600,#4276,#4277);
#3598=AXIS2_PLACEMENT_3D('',#5607,#4279,#4280);
#3599=AXIS2_PLACEMENT_3D('',#5612,#4283,#4284);
#3600=AXIS2_PLACEMENT_3D('',#5613,#4285,#4286);
#3601=AXIS2_PLACEMENT_3D('',#5620,#4288,#4289);
#3602=AXIS2_PLACEMENT_3D('',#5623,#4291,#4292);
#3603=AXIS2_PLACEMENT_3D('',#5626,#4294,#4295);
#3604=AXIS2_PLACEMENT_3D('',#5633,#4297,#4298);
#3605=AXIS2_PLACEMENT_3D('',#5638,#4301,#4302);
#3606=AXIS2_PLACEMENT_3D('',#5639,#4303,#4304);
#3607=AXIS2_PLACEMENT_3D('',#5646,#4306,#4307);
#3608=AXIS2_PLACEMENT_3D('',#5649,#4309,#4310);
#3609=AXIS2_PLACEMENT_3D('',#5652,#4312,#4313);
#3610=AXIS2_PLACEMENT_3D('',#5683,#4315,#4316);
#3611=AXIS2_PLACEMENT_3D('',#5684,#4317,#4318);
#3612=AXIS2_PLACEMENT_3D('',#5735,#4319,#4320);
#3613=AXIS2_PLACEMENT_3D('',#5736,#4321,#4322);
#3614=AXIS2_PLACEMENT_3D('',#5787,#4323,#4324);
#3615=AXIS2_PLACEMENT_3D('',#5788,#4325,#4326);
#3616=AXIS2_PLACEMENT_3D('',#5839,#4327,#4328);
#3617=AXIS2_PLACEMENT_3D('',#5840,#4329,#4330);
#3618=AXIS2_PLACEMENT_3D('',#5891,#4331,#4332);
#3619=AXIS2_PLACEMENT_3D('',#5892,#4333,#4334);
#3620=AXIS2_PLACEMENT_3D('',#5943,#4335,#4336);
#3621=AXIS2_PLACEMENT_3D('',#5944,#4337,#4338);
#3622=AXIS2_PLACEMENT_3D('',#5995,#4339,#4340);
#3623=AXIS2_PLACEMENT_3D('',#5996,#4341,#4342);
#3624=AXIS2_PLACEMENT_3D('',#6047,#4343,#4344);
#3625=AXIS2_PLACEMENT_3D('',#6048,#4345,#4346);
#3626=AXIS2_PLACEMENT_3D('',#6099,#4347,#4348);
#3627=AXIS2_PLACEMENT_3D('',#6100,#4349,#4350);
#3628=AXIS2_PLACEMENT_3D('',#6151,#4351,#4352);
#3629=AXIS2_PLACEMENT_3D('',#6152,#4353,#4354);
#3630=AXIS2_PLACEMENT_3D('',#6203,#4355,#4356);
#3631=AXIS2_PLACEMENT_3D('',#6204,#4357,#4358);
#3632=AXIS2_PLACEMENT_3D('',#6255,#4359,#4360);
#3633=AXIS2_PLACEMENT_3D('',#6256,#4361,#4362);
#3634=AXIS2_PLACEMENT_3D('',#6307,#4363,#4364);
#3635=AXIS2_PLACEMENT_3D('',#6308,#4365,#4366);
#3636=AXIS2_PLACEMENT_3D('',#6359,#4367,#4368);
#3637=AXIS2_PLACEMENT_3D('',#6360,#4369,#4370);
#3638=AXIS2_PLACEMENT_3D('',#6411,#4371,#4372);
#3639=AXIS2_PLACEMENT_3D('',#6412,#4373,#4374);
#3640=AXIS2_PLACEMENT_3D('',#6462,#4375,#4376);
#3641=AXIS2_PLACEMENT_3D('',#6463,#4377,#4378);
#3642=AXIS2_PLACEMENT_3D('',#6514,#4379,#4380);
#3643=AXIS2_PLACEMENT_3D('',#6515,#4381,#4382);
#3644=AXIS2_PLACEMENT_3D('',#6566,#4383,#4384);
#3645=AXIS2_PLACEMENT_3D('',#6567,#4385,#4386);
#3646=AXIS2_PLACEMENT_3D('',#6618,#4387,#4388);
#3647=AXIS2_PLACEMENT_3D('',#6619,#4389,#4390);
#3648=AXIS2_PLACEMENT_3D('',#6646,#4391,#4392);
#3649=AXIS2_PLACEMENT_3D('',#6647,#4393,#4394);
#3650=AXIS2_PLACEMENT_3D('',#6650,#4396,#4397);
#3651=AXIS2_PLACEMENT_3D('',#6651,#4398,#4399);
#3652=AXIS2_PLACEMENT_3D('',#6652,#4400,#4401);
#3653=AXIS2_PLACEMENT_3D('',#6653,#4402,#4403);
#3654=AXIS2_PLACEMENT_3D('',#6654,#4404,#4405);
#3655=AXIS2_PLACEMENT_3D('',#6655,#4406,#4407);
#3656=AXIS2_PLACEMENT_3D('',#6656,#4408,#4409);
#3657=AXIS2_PLACEMENT_3D('',#6657,#4410,#4411);
#3658=AXIS2_PLACEMENT_3D('',#6658,#4412,#4413);
#3659=AXIS2_PLACEMENT_3D('',#6659,#4414,#4415);
#3660=AXIS2_PLACEMENT_3D('',#6660,#4416,#4417);
#3661=AXIS2_PLACEMENT_3D('',#6661,#4418,#4419);
#3662=AXIS2_PLACEMENT_3D('',#6662,#4420,#4421);
#3663=AXIS2_PLACEMENT_3D('',#6663,#4422,#4423);
#3664=AXIS2_PLACEMENT_3D('',#6664,#4424,#4425);
#3665=AXIS2_PLACEMENT_3D('',#6665,#4426,#4427);
#3666=AXIS2_PLACEMENT_3D('',#6666,#4428,#4429);
#3667=AXIS2_PLACEMENT_3D('',#6667,#4430,#4431);
#3668=AXIS2_PLACEMENT_3D('',#6668,#4432,#4433);
#3669=AXIS2_PLACEMENT_3D('',#6669,#4434,#4435);
#3670=AXIS2_PLACEMENT_3D('',#6670,#4436,#4437);
#3671=AXIS2_PLACEMENT_3D('',#6671,#4438,#4439);
#3672=AXIS2_PLACEMENT_3D('',#6672,#4440,#4441);
#3673=AXIS2_PLACEMENT_3D('',#6673,#4442,#4443);
#3674=AXIS2_PLACEMENT_3D('',#6674,#4444,#4445);
#3675=AXIS2_PLACEMENT_3D('',#6675,#4446,#4447);
#3676=AXIS2_PLACEMENT_3D('',#6676,#4448,#4449);
#3677=AXIS2_PLACEMENT_3D('',#6677,#4450,#4451);
#3678=AXIS2_PLACEMENT_3D('',#6678,#4452,#4453);
#3679=AXIS2_PLACEMENT_3D('',#6679,#4454,#4455);
#3680=AXIS2_PLACEMENT_3D('',#6680,#4456,#4457);
#3681=AXIS2_PLACEMENT_3D('',#6681,#4458,#4459);
#3682=AXIS2_PLACEMENT_3D('',#6682,#4460,#4461);
#3683=AXIS2_PLACEMENT_3D('',#6683,#4462,#4463);
#3684=AXIS2_PLACEMENT_3D('',#6684,#4464,#4465);
#3685=AXIS2_PLACEMENT_3D('',#6685,#4466,#4467);
#3686=AXIS2_PLACEMENT_3D('',#6686,#4468,#4469);
#3687=AXIS2_PLACEMENT_3D('',#6689,#4471,#4472);
#3688=AXIS2_PLACEMENT_3D('',#6690,#4473,#4474);
#3689=AXIS2_PLACEMENT_3D('',#6697,#4476,#4477);
#3690=AXIS2_PLACEMENT_3D('',#6700,#4479,#4480);
#3691=AXIS2_PLACEMENT_3D('',#6703,#4482,#4483);
#3692=AXIS2_PLACEMENT_3D('',#6734,#4485,#4486);
#3693=AXIS2_PLACEMENT_3D('',#6735,#4487,#4488);
#3694=AXIS2_PLACEMENT_3D('',#6762,#4489,#4490);
#3695=AXIS2_PLACEMENT_3D('',#6763,#4491,#4492);
#3696=AXIS2_PLACEMENT_3D('',#6764,#4493,#4494);
#3697=AXIS2_PLACEMENT_3D('',#6770,#4498,#4499);
#3698=AXIS2_PLACEMENT_3D('',#6772,#4501,#4502);
#3699=AXIS2_PLACEMENT_3D('',#6774,#4504,#4505);
#3700=AXIS2_PLACEMENT_3D('',#6775,#4506,#4507);
#3701=DIRECTION('',(0.,0.,1.));
#3702=DIRECTION('',(1.,0.,0.));
#3703=DIRECTION('',(-2.68017275353157E-30,-1.,-2.18852713729234E-14));
#3704=DIRECTION('',(1.43590845434932E-10,-2.18852713729234E-14,1.));
#3705=DIRECTION('',(2.68017275353157E-30,1.,2.18852713729234E-14));
#3706=DIRECTION('',(2.44929359829414E-16,-2.18852713729234E-14,1.));
#3707=DIRECTION('',(2.67300342285312E-30,1.,2.18852713729234E-14));
#3708=DIRECTION('',(1.,2.68734208421001E-30,-2.44929359829414E-16));
#3709=DIRECTION('',(1.22464679914707E-16,-1.09426356864617E-14,1.));
#3710=DIRECTION('',(-1.,4.88498130835069E-15,1.2246467991476E-16));
#3711=DIRECTION('',(1.22464679914707E-16,-1.09426356864617E-14,1.));
#3712=DIRECTION('',(0.,-1.,-1.09426356864617E-14));
#3713=DIRECTION('',(-1.22464679914707E-16,1.09426356864617E-14,-1.));
#3714=DIRECTION('',(-0.999999999787496,-2.06157020206099E-5,1.22239089772051E-16));
#3715=DIRECTION('',(2.06157020206099E-5,-0.999999999787496,-1.09426382088317E-14));
#3716=DIRECTION('',(1.95130980216893E-12,-1.,-1.30156813630651E-14));
#3717=DIRECTION('',(-1.,5.03592694848918E-15,1.20541252173077E-17));
#3718=DIRECTION('',(3.10679594883049E-14,1.,1.3008711519122E-14));
#3719=DIRECTION('',(2.06157020127336E-5,-0.999999999787496,-1.09426382088317E-14));
#3720=DIRECTION('',(-0.999999999787496,-2.06157020127336E-5,1.22239089772137E-16));
#3721=DIRECTION('',(0.999999999787496,2.06157020127336E-5,-1.22239089772137E-16));
#3722=DIRECTION('',(-1.22464679914707E-16,1.09426356864617E-14,-1.));
#3723=DIRECTION('',(-1.22464679914707E-16,1.09426356864617E-14,-1.));
#3724=DIRECTION('',(4.88498130835069E-15,1.,1.09426356864617E-14));
#3725=DIRECTION('',(-1.22464679914707E-16,1.09426356864617E-14,-1.));
#3726=DIRECTION('',(2.06157020127336E-5,-0.999999999787496,-1.09426382088317E-14));
#3727=DIRECTION('',(-1.22464679914707E-16,1.09426356864617E-14,-1.));
#3728=DIRECTION('',(-1.22464679914707E-16,1.09426356864617E-14,-1.));
#3729=DIRECTION('',(-0.999999999787496,-2.06157020127336E-5,1.22239089772137E-16));
#3730=DIRECTION('',(-1.22464679914707E-16,1.09426356864617E-14,-1.));
#3731=DIRECTION('',(-0.999999999787496,-2.06157020127336E-5,1.22239089772137E-16));
#3732=DIRECTION('',(4.88498130835069E-15,1.,1.09426356864617E-14));
#3733=DIRECTION('',(1.,-4.88498130835069E-15,-1.22464679914761E-16));
#3734=DIRECTION('',(-1.,4.88498130835069E-15,1.2246467991476E-16));
#3735=DIRECTION('',(1.22464679914707E-16,-1.09426356864617E-14,1.));
#3736=DIRECTION('',(-1.,4.88498130835069E-15,1.2246467991476E-16));
#3737=DIRECTION('',(1.22464679914707E-16,-1.09426356864617E-14,1.));
#3738=DIRECTION('',(-2.06157020197789E-5,0.999999999787496,1.09426382088317E-14));
#3739=DIRECTION('',(0.999999999787496,2.06157020197789E-5,-1.22239089772059E-16));
#3740=DIRECTION('',(-0.999999999787496,-2.06157020210239E-5,2.44478179544092E-16));
#3741=DIRECTION('',(1.22464679914707E-16,-1.09426356864617E-14,1.));
#3742=DIRECTION('',(0.999999999787497,2.06157020225141E-5,-2.4447817954406E-16));
#3743=DIRECTION('',(-0.999999999787496,-2.0615702019554E-5,1.22239089772062E-16));
#3744=DIRECTION('',(-2.0615702019554E-5,0.999999999787496,1.09426382088317E-14));
#3745=DIRECTION('',(2.06157020195995E-5,-0.999999999787496,-1.11347692766744E-14));
#3746=DIRECTION('',(1.2246467991471E-16,-1.09426356864618E-14,1.));
#3747=DIRECTION('',(-2.06157020195547E-5,0.999999999787496,1.11347692766744E-14));
#3748=DIRECTION('',(-0.404162708692234,0.914687107650784,1.00585834428794E-14));
#3749=DIRECTION('',(0.914687107650784,0.404162708692234,4.31058841541213E-15));
#3750=DIRECTION('',(-0.914687107650784,-0.404162708692233,-4.3678487446286E-15));
#3751=DIRECTION('',(1.2246467991472E-16,-1.09426356864617E-14,1.));
#3752=DIRECTION('',(0.914687107650784,0.404162708692233,4.3678487446286E-15));
#3753=DIRECTION('',(-0.942054981680479,0.335458509343544,3.78616871746348E-15));
#3754=DIRECTION('',(0.335458509343544,0.942054981680479,1.02674826421744E-14));
#3755=DIRECTION('',(-0.335458509343523,-0.942054981680487,-1.24682571210315E-14));
#3756=DIRECTION('',(1.22464679914707E-16,-1.09426356864617E-14,1.));
#3757=DIRECTION('',(0.335458509343523,0.942054981680487,1.24682571210315E-14));
#3758=DIRECTION('',(-0.999999999787496,-2.06157020204443E-5,1.22239089772053E-16));
#3759=DIRECTION('',(-2.06157020204443E-5,0.999999999787496,1.09426382088317E-14));
#3760=DIRECTION('',(2.06157020169789E-5,-0.999999999787496,-1.07101807534999E-14));
#3761=DIRECTION('',(-1.22464679914707E-16,1.09426356864617E-14,-1.));
#3762=DIRECTION('',(-2.06157020204443E-5,0.999999999787496,1.09426382088317E-14));
#3763=DIRECTION('',(0.999999999787496,2.06157020197937E-5,-1.22239089772059E-16));
#3764=DIRECTION('',(2.06157020197937E-5,-0.999999999787496,-1.09426382088317E-14));
#3765=DIRECTION('',(-2.06157020188047E-5,0.999999999787496,1.08079217333574E-14));
#3766=DIRECTION('',(2.06157020188047E-5,-0.999999999787496,-1.08079217333574E-14));
#3767=DIRECTION('',(1.22464679914707E-16,-1.09426356864617E-14,1.));
#3768=DIRECTION('',(-1.,4.88498130835069E-15,1.2246467991476E-16));
#3769=DIRECTION('',(1.30006201212031E-13,-6.4484167767033E-15,-1.));
#3770=DIRECTION('',(0.999863020453101,0.0165511428730051,1.29881664354118E-13));
#3771=DIRECTION('',(-1.30006201212031E-13,6.4484167767033E-15,1.));
#3772=DIRECTION('',(1.,-2.84790116644171E-27,1.30006201212031E-13));
#3773=DIRECTION('',(1.30006201212031E-13,-6.4484167767033E-15,-1.));
#3774=DIRECTION('',(-1.,2.84790116644171E-27,-1.30006201212031E-13));
#3775=DIRECTION('',(-0.979230993502097,0.202747777706431,-1.2597378226058E-13));
#3776=DIRECTION('',(-1.30006201212031E-13,6.4484167767033E-15,1.));
#3777=DIRECTION('',(1.,-2.84790116644171E-27,1.30006201212031E-13));
#3778=DIRECTION('',(0.924508754987956,-0.381160808518687,1.22082567747637E-13));
#3779=DIRECTION('',(-1.30006201212031E-13,6.4484167767033E-15,1.));
#3780=DIRECTION('',(1.,-2.84790116644171E-27,1.30006201212031E-13));
#3781=DIRECTION('',(-1.30006201212031E-13,6.4484167767033E-15,1.));
#3782=DIRECTION('',(1.,-2.84790116644171E-27,1.30006201212031E-13));
#3783=DIRECTION('',(1.30006201212031E-13,-6.4484167767033E-15,-1.));
#3784=DIRECTION('',(-1.,2.84790116644171E-27,-1.30006201212031E-13));
#3785=DIRECTION('',(-0.868651508445328,0.495423613562835,-1.19595576331021E-13));
#3786=DIRECTION('',(-1.30006201212031E-13,6.4484167767033E-15,1.));
#3787=DIRECTION('',(1.,-2.84790116644171E-27,1.30006201212031E-13));
#3788=DIRECTION('',(0.761474908381191,-0.648194387437794,9.45032613802809E-14));
#3789=DIRECTION('',(-1.30006201212031E-13,6.4484167767033E-15,1.));
#3790=DIRECTION('',(1.,-2.84790116644171E-27,1.30006201212031E-13));
#3791=DIRECTION('',(-1.30006201212031E-13,6.4484167767033E-15,1.));
#3792=DIRECTION('',(1.,-2.84790116644171E-27,1.30006201212031E-13));
#3793=DIRECTION('',(1.30006201212031E-13,-6.4484167767033E-15,-1.));
#3794=DIRECTION('',(-1.,2.84790116644171E-27,-1.30006201212031E-13));
#3795=DIRECTION('',(-0.673042361490901,0.739603934304538,-9.25243983681345E-14));
#3796=DIRECTION('',(-1.30006201212031E-13,6.4484167767033E-15,1.));
#3797=DIRECTION('',(1.,-2.84790116644171E-27,1.30006201212031E-13));
#3798=DIRECTION('',(0.523902592234538,-0.851778183478499,9.01059631920853E-14));
#3799=DIRECTION('',(-1.30006201212031E-13,6.4484167767033E-15,1.));
#3800=DIRECTION('',(1.,-2.84790116644171E-27,1.30006201212031E-13));
#3801=DIRECTION('',(-1.30006201212031E-13,6.4484167767033E-15,1.));
#3802=DIRECTION('',(1.,-2.84790116644171E-27,1.30006201212031E-13));
#3803=DIRECTION('',(1.30006201212031E-13,-6.4484167767033E-15,-1.));
#3804=DIRECTION('',(-1.,2.84790116644171E-27,-1.30006201212031E-13));
#3805=DIRECTION('',(-0.411551138831861,0.911386668832828,-8.88289334835581E-14));
#3806=DIRECTION('',(-1.30006201212031E-13,6.4484167767033E-15,1.));
#3807=DIRECTION('',(1.,-2.84790116644171E-27,1.30006201212031E-13));
#3808=DIRECTION('',(0.235047040115847,-0.971983996232849,2.22205681566804E-14));
#3809=DIRECTION('',(-1.30006201212031E-13,6.4484167767033E-15,1.));
#3810=DIRECTION('',(1.,-2.84790116644171E-27,1.30006201212031E-13));
#3811=DIRECTION('',(-1.30006201212031E-13,6.4484167767033E-15,1.));
#3812=DIRECTION('',(1.,-2.84790116644171E-27,1.30006201212031E-13));
#3813=DIRECTION('',(1.30006201212031E-13,-6.4484167767033E-15,-1.));
#3814=DIRECTION('',(-1.,2.84790116644171E-27,-1.30006201212031E-13));
#3815=DIRECTION('',(-0.109774423258643,0.993956526211399,-2.17703763171991E-14));
#3816=DIRECTION('',(-1.30006201212031E-13,6.4484167767033E-15,1.));
#3817=DIRECTION('',(1.,-2.84790116644171E-27,1.30006201212031E-13));
#3818=DIRECTION('',(-0.0768165539583687,-0.997045243225181,-2.18017910896802E-14));
#3819=DIRECTION('',(-1.30006201212031E-13,6.4484167767033E-15,1.));
#3820=DIRECTION('',(1.,-2.84790116644171E-27,1.30006201212031E-13));
#3821=DIRECTION('',(-1.30006201212031E-13,6.4484167767033E-15,1.));
#3822=DIRECTION('',(1.,-2.84790116644171E-27,1.30006201212031E-13));
#3823=DIRECTION('',(1.30006201212031E-13,-6.4484167767033E-15,-1.));
#3824=DIRECTION('',(-1.,2.84790116644171E-27,-1.30006201212031E-13));
#3825=DIRECTION('',(0.202747777706359,0.979230993502112,2.13810771461707E-14));
#3826=DIRECTION('',(-1.30006201212031E-13,6.4484167767033E-15,1.));
#3827=DIRECTION('',(1.,-2.84790116644171E-27,1.30006201212031E-13));
#3828=DIRECTION('',(-0.38116080851873,-0.924508754987938,-4.19149033194493E-14));
#3829=DIRECTION('',(-1.30006201212031E-13,6.4484167767033E-15,1.));
#3830=DIRECTION('',(1.,-2.84790116644171E-27,1.30006201212031E-13));
#3831=DIRECTION('',(-1.30006201212031E-13,6.4484167767033E-15,1.));
#3832=DIRECTION('',(1.,-2.84790116644171E-27,1.30006201212031E-13));
#3833=DIRECTION('',(1.30006201212031E-13,-6.4484167767033E-15,-1.));
#3834=DIRECTION('',(-1.,2.84790116644171E-27,-1.30006201212031E-13));
#3835=DIRECTION('',(0.495423613562874,0.868651508445305,8.42147376104708E-14));
#3836=DIRECTION('',(-1.30006201212031E-13,6.4484167767033E-15,1.));
#3837=DIRECTION('',(1.,-2.84790116644171E-27,1.30006201212031E-13));
#3838=DIRECTION('',(-0.648194387437776,-0.761474908381206,-8.18317305853918E-14));
#3839=DIRECTION('',(-1.30006201212031E-13,6.4484167767033E-15,1.));
#3840=DIRECTION('',(1.,-2.84790116644171E-27,1.30006201212031E-13));
#3841=DIRECTION('',(-1.30006201212031E-13,6.4484167767033E-15,1.));
#3842=DIRECTION('',(1.,-2.84790116644171E-27,1.30006201212031E-13));
#3843=DIRECTION('',(1.30006201212031E-13,-6.4484167767033E-15,-1.));
#3844=DIRECTION('',(-1.,2.84790116644171E-27,-1.30006201212031E-13));
#3845=DIRECTION('',(0.739603934304469,0.673042361490977,7.98739714166955E-14));
#3846=DIRECTION('',(-1.30006201212031E-13,6.4484167767033E-15,1.));
#3847=DIRECTION('',(1.,-2.84790116644171E-27,1.30006201212031E-13));
#3848=DIRECTION('',(-0.851778183478536,-0.523902592234477,-9.8357668129707E-14));
#3849=DIRECTION('',(-1.30006201212031E-13,6.4484167767033E-15,1.));
#3850=DIRECTION('',(1.,-2.84790116644171E-27,1.30006201212031E-13));
#3851=DIRECTION('',(-1.30006201212031E-13,6.4484167767033E-15,1.));
#3852=DIRECTION('',(1.,-2.84790116644171E-27,1.30006201212031E-13));
#3853=DIRECTION('',(1.30006201212031E-13,-6.4484167767033E-15,-1.));
#3854=DIRECTION('',(-1.,2.84790116644171E-27,-1.30006201212031E-13));
#3855=DIRECTION('',(0.911386668832776,0.411551138831974,9.58842262146919E-14));
#3856=DIRECTION('',(-1.30006201212031E-13,6.4484167767033E-15,1.));
#3857=DIRECTION('',(1.,-2.84790116644171E-27,1.30006201212031E-13));
#3858=DIRECTION('',(-0.971983996232852,-0.235047040115837,-1.35556815656678E-13));
#3859=DIRECTION('',(-1.30006201212031E-13,6.4484167767033E-15,1.));
#3860=DIRECTION('',(1.,-2.84790116644171E-27,1.30006201212031E-13));
#3861=DIRECTION('',(-1.30006201212031E-13,6.4484167767033E-15,1.));
#3862=DIRECTION('',(1.,-2.84790116644171E-27,1.30006201212031E-13));
#3863=DIRECTION('',(1.30006201212031E-13,-6.4484167767033E-15,-1.));
#3864=DIRECTION('',(-1.,2.84790116644171E-27,-1.30006201212031E-13));
#3865=DIRECTION('',(0.993956526211395,0.109774423258685,1.11034672920753E-13));
#3866=DIRECTION('',(-1.30006201212031E-13,6.4484167767033E-15,1.));
#3867=DIRECTION('',(1.,-2.84790116644171E-27,1.30006201212031E-13));
#3868=DIRECTION('',(-0.997045243225177,0.0768165539584188,-1.06950322231134E-13));
#3869=DIRECTION('',(-1.30006201212031E-13,6.4484167767033E-15,1.));
#3870=DIRECTION('',(1.,-2.84790116644171E-27,1.30006201212031E-13));
#3871=DIRECTION('',(-1.30006201212031E-13,6.4484167767033E-15,1.));
#3872=DIRECTION('',(1.,-2.84790116644171E-27,1.30006201212031E-13));
#3873=DIRECTION('',(1.30006201212031E-13,-6.4484167767033E-15,-1.));
#3874=DIRECTION('',(-1.,2.84790116644171E-27,-1.30006201212031E-13));
#3875=DIRECTION('',(0.979230993502093,-0.20274777770645,1.25973782260581E-13));
#3876=DIRECTION('',(-1.30006201212031E-13,6.4484167767033E-15,1.));
#3877=DIRECTION('',(1.,-2.84790116644171E-27,1.30006201212031E-13));
#3878=DIRECTION('',(-0.924508754987958,0.381160808518684,-1.22082567747635E-13));
#3879=DIRECTION('',(-1.30006201212031E-13,6.4484167767033E-15,1.));
#3880=DIRECTION('',(1.,-2.84790116644171E-27,1.30006201212031E-13));
#3881=DIRECTION('',(-1.30006201212031E-13,6.4484167767033E-15,1.));
#3882=DIRECTION('',(1.,-2.84790116644171E-27,1.30006201212031E-13));
#3883=DIRECTION('',(1.30006201212031E-13,-6.4484167767033E-15,-1.));
#3884=DIRECTION('',(-1.,2.84790116644171E-27,-1.30006201212031E-13));
#3885=DIRECTION('',(0.868651508445236,-0.495423613562995,1.19595576331045E-13));
#3886=DIRECTION('',(-1.30006201212031E-13,6.4484167767033E-15,1.));
#3887=DIRECTION('',(1.,-2.84790116644171E-27,1.30006201212031E-13));
#3888=DIRECTION('',(-0.76147490838118,0.648194387437807,-9.4503261380264E-14));
#3889=DIRECTION('',(-1.30006201212031E-13,6.4484167767033E-15,1.));
#3890=DIRECTION('',(1.,-2.84790116644171E-27,1.30006201212031E-13));
#3891=DIRECTION('',(-1.30006201212031E-13,6.4484167767033E-15,1.));
#3892=DIRECTION('',(1.,-2.84790116644171E-27,1.30006201212031E-13));
#3893=DIRECTION('',(1.30006201212031E-13,-6.4484167767033E-15,-1.));
#3894=DIRECTION('',(-1.,2.84790116644171E-27,-1.30006201212031E-13));
#3895=DIRECTION('',(0.673042361490911,-0.739603934304529,9.25243983681063E-14));
#3896=DIRECTION('',(-1.30006201212031E-13,6.4484167767033E-15,1.));
#3897=DIRECTION('',(1.,-2.84790116644171E-27,1.30006201212031E-13));
#3898=DIRECTION('',(-0.523902592234507,0.851778183478518,-9.01059631921093E-14));
#3899=DIRECTION('',(-1.30006201212031E-13,6.4484167767033E-15,1.));
#3900=DIRECTION('',(1.,-2.84790116644171E-27,1.30006201212031E-13));
#3901=DIRECTION('',(-1.30006201212031E-13,6.4484167767033E-15,1.));
#3902=DIRECTION('',(1.,-2.84790116644171E-27,1.30006201212031E-13));
#3903=DIRECTION('',(1.30006201212031E-13,-6.4484167767033E-15,-1.));
#3904=DIRECTION('',(-1.,2.84790116644171E-27,-1.30006201212031E-13));
#3905=DIRECTION('',(0.411551138832005,-0.911386668832763,8.88289334835535E-14));
#3906=DIRECTION('',(-1.30006201212031E-13,6.4484167767033E-15,1.));
#3907=DIRECTION('',(1.,-2.84790116644171E-27,1.30006201212031E-13));
#3908=DIRECTION('',(-0.235047040115818,0.971983996232856,-2.22205681566737E-14));
#3909=DIRECTION('',(-1.30006201212031E-13,6.4484167767033E-15,1.));
#3910=DIRECTION('',(1.,-2.84790116644171E-27,1.30006201212031E-13));
#3911=DIRECTION('',(-1.30006201212031E-13,6.4484167767033E-15,1.));
#3912=DIRECTION('',(1.,-2.84790116644171E-27,1.30006201212031E-13));
#3913=DIRECTION('',(1.30006201212031E-13,-6.4484167767033E-15,-1.));
#3914=DIRECTION('',(-1.,2.84790116644171E-27,-1.30006201212031E-13));
#3915=DIRECTION('',(0.109774423258722,-0.993956526211391,2.17703763171981E-14));
#3916=DIRECTION('',(-1.30006201212031E-13,6.4484167767033E-15,1.));
#3917=DIRECTION('',(1.,-2.84790116644171E-27,1.30006201212031E-13));
#3918=DIRECTION('',(0.0768165539585265,0.997045243225169,2.18017910896799E-14));
#3919=DIRECTION('',(-1.30006201212031E-13,6.4484167767033E-15,1.));
#3920=DIRECTION('',(1.,-2.84790116644171E-27,1.30006201212031E-13));
#3921=DIRECTION('',(-1.30006201212031E-13,6.4484167767033E-15,1.));
#3922=DIRECTION('',(1.,-2.84790116644171E-27,1.30006201212031E-13));
#3923=DIRECTION('',(1.30006201212031E-13,-6.4484167767033E-15,-1.));
#3924=DIRECTION('',(-1.,2.84790116644171E-27,-1.30006201212031E-13));
#3925=DIRECTION('',(-0.202747777706434,-0.979230993502096,-2.13810771461703E-14));
#3926=DIRECTION('',(-1.30006201212031E-13,6.4484167767033E-15,1.));
#3927=DIRECTION('',(1.,-2.84790116644171E-27,1.30006201212031E-13));
#3928=DIRECTION('',(0.381160808518693,0.924508754987953,4.19149033194511E-14));
#3929=DIRECTION('',(-1.30006201212031E-13,6.4484167767033E-15,1.));
#3930=DIRECTION('',(1.,-2.84790116644171E-27,1.30006201212031E-13));
#3931=DIRECTION('',(-1.30006201212031E-13,6.4484167767033E-15,1.));
#3932=DIRECTION('',(1.,-2.84790116644171E-27,1.30006201212031E-13));
#3933=DIRECTION('',(1.30006201212031E-13,-6.4484167767033E-15,-1.));
#3934=DIRECTION('',(-1.,2.84790116644171E-27,-1.30006201212031E-13));
#3935=DIRECTION('',(-0.495423613562885,-0.868651508445299,-8.42147376104563E-14));
#3936=DIRECTION('',(-1.30006201212031E-13,6.4484167767033E-15,1.));
#3937=DIRECTION('',(1.,-2.84790116644171E-27,1.30006201212031E-13));
#3938=DIRECTION('',(0.648194387437837,0.761474908381154,8.18317305853872E-14));
#3939=DIRECTION('',(-1.30006201212031E-13,6.4484167767033E-15,1.));
#3940=DIRECTION('',(1.,-2.84790116644171E-27,1.30006201212031E-13));
#3941=DIRECTION('',(-1.30006201212031E-13,6.4484167767033E-15,1.));
#3942=DIRECTION('',(1.,-2.84790116644171E-27,1.30006201212031E-13));
#3943=DIRECTION('',(1.30006201212031E-13,-6.4484167767033E-15,-1.));
#3944=DIRECTION('',(-1.,2.84790116644171E-27,-1.30006201212031E-13));
#3945=DIRECTION('',(-0.739603934304493,-0.673042361490951,-7.98739714167046E-14));
#3946=DIRECTION('',(-1.30006201212031E-13,6.4484167767033E-15,1.));
#3947=DIRECTION('',(1.,-2.84790116644171E-27,1.30006201212031E-13));
#3948=DIRECTION('',(0.85177818347856,0.523902592234438,9.83576681297209E-14));
#3949=DIRECTION('',(-1.30006201212031E-13,6.4484167767033E-15,1.));
#3950=DIRECTION('',(1.,-2.84790116644171E-27,1.30006201212031E-13));
#3951=DIRECTION('',(-1.30006201212031E-13,6.4484167767033E-15,1.));
#3952=DIRECTION('',(1.,-2.84790116644171E-27,1.30006201212031E-13));
#3953=DIRECTION('',(1.30006201212031E-13,-6.4484167767033E-15,-1.));
#3954=DIRECTION('',(-1.,2.84790116644171E-27,-1.30006201212031E-13));
#3955=DIRECTION('',(-0.911386668832752,-0.411551138832028,-9.58842262146808E-14));
#3956=DIRECTION('',(-1.30006201212031E-13,6.4484167767033E-15,1.));
#3957=DIRECTION('',(1.,-2.84790116644171E-27,1.30006201212031E-13));
#3958=DIRECTION('',(0.971983996232849,0.23504704011585,1.35556815656696E-13));
#3959=DIRECTION('',(-1.30006201212031E-13,6.4484167767033E-15,1.));
#3960=DIRECTION('',(1.,-2.84790116644171E-27,1.30006201212031E-13));
#3961=DIRECTION('',(-1.30006201212031E-13,6.4484167767033E-15,1.));
#3962=DIRECTION('',(1.,-2.84790116644171E-27,1.30006201212031E-13));
#3963=DIRECTION('',(1.30006201212031E-13,-6.4484167767033E-15,-1.));
#3964=DIRECTION('',(-1.,2.84790116644171E-27,-1.30006201212031E-13));
#3965=DIRECTION('',(-0.993956526211399,-0.10977442325865,-1.11034672920752E-13));
#3966=DIRECTION('',(-1.30006201212031E-13,6.4484167767033E-15,1.));
#3967=DIRECTION('',(1.,-2.84790116644171E-27,1.30006201212031E-13));
#3968=DIRECTION('',(0.997045243225175,-0.0768165539584487,1.06950322231134E-13));
#3969=DIRECTION('',(-1.30006201212031E-13,6.4484167767033E-15,1.));
#3970=DIRECTION('',(1.,-2.84790116644171E-27,1.30006201212031E-13));
#3971=DIRECTION('',(1.22464679914707E-16,-1.09426356864617E-14,1.));
#3972=DIRECTION('',(0.,-1.,-1.09426356864617E-14));
#3973=DIRECTION('',(-1.30006201212031E-13,6.4484167767033E-15,1.));
#3974=DIRECTION('',(-0.827613226351051,-0.561298804175463,-1.03975363005144E-13));
#3975=DIRECTION('',(-1.30006201212031E-13,6.4484167767033E-15,1.));
#3976=DIRECTION('',(1.30006201212031E-13,-6.4484167767033E-15,-1.));
#3977=DIRECTION('',(1.30006201212031E-13,-6.4484167767033E-15,-1.));
#3978=DIRECTION('',(-1.,2.84790116644171E-27,-1.30006201212031E-13));
#3979=DIRECTION('',(0.202747777706457,0.979230993502092,2.00439788170309E-14));
#3980=DIRECTION('',(-0.979230993502092,0.202747777706457,-1.2861350374549E-13));
#3981=DIRECTION('',(0.979230993502096,-0.202747777706435,1.70981032469914E-14));
#3982=DIRECTION('',(1.30006201212031E-13,-6.4484167767033E-15,-1.));
#3983=DIRECTION('',(-0.370574320910148,0.928802816900327,-5.41662673950056E-14));
#3984=DIRECTION('',(1.30006201212031E-13,-6.4484167767034E-15,-1.));
#3985=DIRECTION('',(-1.30006201212031E-13,6.4484167767033E-15,1.));
#3986=DIRECTION('',(1.,-2.84790116644171E-27,1.30006201212031E-13));
#3987=DIRECTION('',(1.30006201212031E-13,-6.4484167767033E-15,-1.));
#3988=DIRECTION('',(-0.381160808518729,-0.924508754987939,-4.35916510005528E-14));
#3989=DIRECTION('',(0.924508754987939,-0.381160808518729,1.2264975497552E-13));
#3990=DIRECTION('',(-0.924508754987933,0.381160808518743,8.56824706867147E-15));
#3991=DIRECTION('',(-1.30006201212031E-13,6.4484167767033E-15,1.));
#3992=DIRECTION('',(-0.960557821305776,-0.278080333587796,-1.2308529550409E-13));
#3993=DIRECTION('',(-1.30006201212031E-13,6.4484167767033E-15,1.));
#3994=DIRECTION('',(-1.30006201212031E-13,6.4484167767033E-15,1.));
#3995=DIRECTION('',(1.30006201212031E-13,-6.4484167767033E-15,-1.));
#3996=DIRECTION('',(-1.,2.84790116644171E-27,-1.30006201212031E-13));
#3997=DIRECTION('',(0.495423613562898,0.868651508445292,5.88067150298819E-14));
#3998=DIRECTION('',(-0.868651508445292,0.495423613562898,-1.16124780731346E-13));
#3999=DIRECTION('',(0.868651508445276,-0.495423613562925,-1.10552384852573E-14));
#4000=DIRECTION('',(1.30006201212031E-13,-6.4484167767033E-15,-1.));
#4001=DIRECTION('',(-0.0654212678277197,0.997857734206542,-1.49397730627773E-14));
#4002=DIRECTION('',(1.3000620121203E-13,-6.44841677670295E-15,-1.));
#4003=DIRECTION('',(-1.30006201212031E-13,6.4484167767033E-15,1.));
#4004=DIRECTION('',(1.,-2.84790116644171E-27,1.30006201212031E-13));
#4005=DIRECTION('',(1.30006201212031E-13,-6.4484167767033E-15,-1.));
#4006=DIRECTION('',(-0.648194387437764,-0.761474908381216,-7.93589823834987E-14));
#4007=DIRECTION('',(0.761474908381216,-0.648194387437764,1.03176287719439E-13));
#4008=DIRECTION('',(-0.761474908381281,0.648194387437688,1.43724176333156E-14));
#4009=DIRECTION('',(-1.30006201212031E-13,6.4484167767033E-15,1.));
#4010=DIRECTION('',(-0.999476324111218,0.03235857755105,-1.30146781693414E-13));
#4011=DIRECTION('',(-1.30006201212031E-13,6.4484167767033E-15,1.));
#4012=DIRECTION('',(1.30006201212031E-13,-6.4484167767033E-15,-1.));
#4013=DIRECTION('',(1.30006201212031E-13,-6.4484167767033E-15,-1.));
#4014=DIRECTION('',(-1.,2.84790116644171E-27,-1.30006201212031E-13));
#4015=DIRECTION('',(0.739603934304514,0.673042361490927,9.18130402451317E-14));
#4016=DIRECTION('',(-0.673042361490927,0.739603934304514,-9.22689550902948E-14));
#4017=DIRECTION('',(0.673042361490945,-0.739603934304498,-1.63512806454738E-14));
#4018=DIRECTION('',(1.30006201212031E-13,-6.4484167767033E-15,-1.));
#4019=DIRECTION('',(0.24613567476645,0.969235384004971,2.57491303483539E-14));
#4020=DIRECTION('',(1.3000620121203E-13,-6.4484167767033E-15,-1.));
#4021=DIRECTION('',(-1.30006201212031E-13,6.4484167767033E-15,1.));
#4022=DIRECTION('',(1.,-2.84790116644171E-27,1.30006201212031E-13));
#4023=DIRECTION('',(1.30006201212031E-13,-6.4484167767033E-15,-1.));
#4024=DIRECTION('',(-0.851778183478533,-0.523902592234483,-1.07358103644204E-13));
#4025=DIRECTION('',(0.523902592234483,-0.851778183478533,7.36032065499132E-14));
#4026=DIRECTION('',(-0.523902592234487,0.85177818347853,1.87697158214924E-14));
#4027=DIRECTION('',(-1.30006201212031E-13,6.4484167767033E-15,1.));
#4028=DIRECTION('',(-0.940559120551625,0.339630005663742,-1.24468594104639E-13));
#4029=DIRECTION('',(-1.30006201212031E-13,6.4484167767033E-15,1.));
#4030=DIRECTION('',(1.30006201212031E-13,-6.4484167767033E-15,-1.));
#4031=DIRECTION('',(1.30006201212031E-13,-6.4484167767033E-15,-1.));
#4032=DIRECTION('',(-1.,2.84790116644171E-27,-1.30006201212031E-13));
#4033=DIRECTION('',(0.911386668832784,0.411551138831958,1.15832065382122E-13));
#4034=DIRECTION('',(-0.411551138831958,0.911386668832784,-5.93812012493927E-14));
#4035=DIRECTION('',(0.411551138831937,-0.911386668832793,-2.00467455300415E-14));
#4036=DIRECTION('',(1.30006201212031E-13,-6.4484167767033E-15,-1.));
#4037=DIRECTION('',(0.533599142586403,0.845737521356984,6.39175294762491E-14));
#4038=DIRECTION('',(1.3000620121203E-13,-6.4484167767032E-15,-1.));
#4039=DIRECTION('',(-1.30006201212031E-13,6.4484167767033E-15,1.));
#4040=DIRECTION('',(1.,-2.84790116644171E-27,1.30006201212031E-13));
#4041=DIRECTION('',(1.30006201212031E-13,-6.4484167767033E-15,-1.));
#4042=DIRECTION('',(-0.971983996232851,-0.235047040115839,-1.24848265712324E-13));
#4043=DIRECTION('',(0.235047040115839,-0.971983996232851,3.68253306995868E-14));
#4044=DIRECTION('',(-0.235047040115994,0.971983996232814,2.13297034487591E-14));
#4045=DIRECTION('',(-1.30006201212031E-13,6.4484167767033E-15,1.));
#4046=DIRECTION('',(-0.789573437011705,0.61365608248067,-1.06606553301213E-13));
#4047=DIRECTION('',(-1.30006201212031E-13,6.4484167767033E-15,1.));
#4048=DIRECTION('',(1.30006201212031E-13,-6.4484167767033E-15,-1.));
#4049=DIRECTION('',(1.30006201212031E-13,-6.4484167767033E-15,-1.));
#4050=DIRECTION('',(-1.,2.84790116644171E-27,-1.30006201212031E-13));
#4051=DIRECTION('',(0.993956526211391,0.109774423258723,1.28512640910054E-13));
#4052=DIRECTION('',(-0.109774423258723,0.993956526211391,-2.06808016970434E-14));
#4053=DIRECTION('',(0.109774423258788,-0.993956526211383,-2.17798952882388E-14));
#4054=DIRECTION('',(1.30006201212031E-13,-6.4484167767033E-15,-1.));
#4055=DIRECTION('',(0.768830208526159,0.639452977518772,9.58292354793943E-14));
#4056=DIRECTION('',(1.3000620121203E-13,-6.4484167767033E-15,-1.));
#4057=DIRECTION('',(-1.30006201212031E-13,6.4484167767033E-15,1.));
#4058=DIRECTION('',(1.,-2.84790116644171E-27,1.30006201212031E-13));
#4059=DIRECTION('',(1.30006201212031E-13,-6.4484167767033E-15,-1.));
#4060=DIRECTION('',(-0.997045243225181,0.0768165539583688,-1.30117409663504E-13));
#4061=DIRECTION('',(-0.0768165539583688,-0.997045243225181,-3.55726509678098E-15));
#4062=DIRECTION('',(0.0768165539582879,0.997045243225188,2.66552869613981E-17));
#4063=DIRECTION('',(-1.30006201212031E-13,6.4484167767033E-15,1.));
#4064=DIRECTION('',(-0.561298804175463,0.82761322635105,-7.83091202891311E-14));
#4065=DIRECTION('',(-1.30006201212031E-13,6.4484167767033E-15,1.));
#4066=DIRECTION('',(1.30006201212031E-13,-6.4484167767033E-15,-1.));
#4067=DIRECTION('',(1.30006201212031E-13,-6.4484167767033E-15,-1.));
#4068=DIRECTION('',(-1.,2.84790116644171E-27,-1.30006201212031E-13));
#4069=DIRECTION('',(0.979230993502092,-0.202747777706457,1.2861350374549E-13));
#4070=DIRECTION('',(0.202747777706457,0.979230993502092,2.00439788170309E-14));
#4071=DIRECTION('',(-0.202747777706449,-0.979230993502093,-2.13810771461702E-14));
#4072=DIRECTION('',(1.30006201212031E-13,-6.4484167767033E-15,-1.));
#4073=DIRECTION('',(0.928802816900327,0.370574320910148,1.18360508232272E-13));
#4074=DIRECTION('',(1.30006201212031E-13,-6.4484167767034E-15,-1.));
#4075=DIRECTION('',(-1.30006201212031E-13,6.4484167767033E-15,1.));
#4076=DIRECTION('',(1.,-2.84790116644171E-27,1.30006201212031E-13));
#4077=DIRECTION('',(1.30006201212031E-13,-6.4484167767033E-15,-1.));
#4078=DIRECTION('',(-0.924508754987939,0.381160808518729,-1.2264975497552E-13));
#4079=DIRECTION('',(-0.381160808518729,-0.924508754987939,-4.35916510005528E-14));
#4080=DIRECTION('',(0.381160808518723,0.924508754987942,2.01397675167321E-14));
#4081=DIRECTION('',(-1.30006201212031E-13,6.4484167767033E-15,1.));
#4082=DIRECTION('',(-0.278080333587791,0.960557821305778,-4.23462449714247E-14));
#4083=DIRECTION('',(-1.30006201212031E-13,6.4484167767033E-15,1.));
#4084=DIRECTION('',(1.30006201212031E-13,-6.4484167767033E-15,-1.));
#4085=DIRECTION('',(1.30006201212031E-13,-6.4484167767033E-15,-1.));
#4086=DIRECTION('',(-1.,2.84790116644171E-27,-1.30006201212031E-13));
#4087=DIRECTION('',(0.868651508445292,-0.495423613562897,1.16124780731346E-13));
#4088=DIRECTION('',(0.495423613562897,0.868651508445292,5.88067150298817E-14));
#4089=DIRECTION('',(-0.49542361356293,-0.868651508445274,-1.88893302023098E-14));
#4090=DIRECTION('',(1.30006201212031E-13,-6.4484167767033E-15,-1.));
#4091=DIRECTION('',(0.997857734206542,0.0654212678277249,1.29305829773223E-13));
#4092=DIRECTION('',(1.3000620121203E-13,-6.448416776703E-15,-1.));
#4093=DIRECTION('',(-1.30006201212031E-13,6.4484167767033E-15,1.));
#4094=DIRECTION('',(1.,-2.84790116644171E-27,1.30006201212031E-13));
#4095=DIRECTION('',(1.30006201212031E-13,-6.4484167767033E-15,-1.));
#4096=DIRECTION('',(-0.761474908381216,0.648194387437764,-1.03176287719439E-13));
#4097=DIRECTION('',(-0.648194387437764,-0.761474908381216,-7.93589823834987E-14));
#4098=DIRECTION('',(0.648194387437785,0.761474908381199,-5.26881262548443E-15));
#4099=DIRECTION('',(-1.30006201212031E-13,6.4484167767033E-15,1.));
#4100=DIRECTION('',(0.0323585775510502,0.999476324111218,-2.23822415227962E-15));
#4101=DIRECTION('',(-1.30006201212031E-13,6.4484167767033E-15,1.));
#4102=DIRECTION('',(1.30006201212031E-13,-6.4484167767033E-15,-1.));
#4103=DIRECTION('',(1.30006201212031E-13,-6.4484167767033E-15,-1.));
#4104=DIRECTION('',(-1.,2.84790116644171E-27,-1.30006201212031E-13));
#4105=DIRECTION('',(0.673042361490927,-0.739603934304514,9.22689550902948E-14));
#4106=DIRECTION('',(0.739603934304514,0.673042361490927,9.18130402451317E-14));
#4107=DIRECTION('',(-0.73960393430447,-0.673042361490976,-1.45485640085467E-14));
#4108=DIRECTION('',(1.30006201212031E-13,-6.4484167767033E-15,-1.));
#4109=DIRECTION('',(0.969235384004972,-0.246135674766449,1.27593795769279E-13));
#4110=DIRECTION('',(1.3000620121203E-13,-6.4484167767033E-15,-1.));
#4111=DIRECTION('',(-1.30006201212031E-13,6.4484167767033E-15,1.));
#4112=DIRECTION('',(1.,-2.84790116644171E-27,1.30006201212031E-13));
#4113=DIRECTION('',(1.30006201212031E-13,-6.4484167767033E-15,-1.));
#4114=DIRECTION('',(-0.523902592234483,0.851778183478533,-7.36032065499132E-14));
#4115=DIRECTION('',(-0.851778183478533,-0.523902592234483,-1.07358103644204E-13));
#4116=DIRECTION('',(0.851778183478511,0.523902592234518,1.12571249188344E-14));
#4117=DIRECTION('',(-1.30006201212031E-13,6.4484167767033E-15,1.));
#4118=DIRECTION('',(0.339630005663743,0.940559120551625,3.80888896415173E-14));
#4119=DIRECTION('',(-1.30006201212031E-13,6.4484167767033E-15,1.));
#4120=DIRECTION('',(1.30006201212031E-13,-6.4484167767033E-15,-1.));
#4121=DIRECTION('',(1.30006201212031E-13,-6.4484167767033E-15,-1.));
#4122=DIRECTION('',(-1.,2.84790116644171E-27,-1.30006201212031E-13));
#4123=DIRECTION('',(0.411551138831958,-0.911386668832784,5.93812012493927E-14));
#4124=DIRECTION('',(0.911386668832784,0.411551138831958,1.15832065382122E-13));
#4125=DIRECTION('',(-0.911386668832783,-0.41155113883196,-8.78368300381884E-15));
#4126=DIRECTION('',(1.30006201212031E-13,-6.4484167767033E-15,-1.));
#4127=DIRECTION('',(0.845737521356986,-0.5335991425864,1.13391992037189E-13));
#4128=DIRECTION('',(1.3000620121203E-13,-6.4484167767032E-15,-1.));
#4129=DIRECTION('',(-1.30006201212031E-13,6.4484167767033E-15,1.));
#4130=DIRECTION('',(1.,-2.84790116644171E-27,1.30006201212031E-13));
#4131=DIRECTION('',(1.30006201212031E-13,-6.4484167767033E-15,-1.));
#4132=DIRECTION('',(-0.235047040115839,0.971983996232851,-3.68253306995868E-14));
#4133=DIRECTION('',(-0.971983996232851,-0.235047040115839,-1.24848265712324E-13));
#4134=DIRECTION('',(0.971983996232853,0.235047040115831,4.90600084037563E-15));
#4135=DIRECTION('',(-1.30006201212031E-13,6.4484167767033E-15,1.));
#4136=DIRECTION('',(0.613656082480672,0.789573437011704,7.46875975363031E-14));
#4137=DIRECTION('',(-1.30006201212031E-13,6.4484167767033E-15,1.));
#4138=DIRECTION('',(1.30006201212031E-13,-6.4484167767033E-15,-1.));
#4139=DIRECTION('',(1.30006201212031E-13,-6.4484167767033E-15,-1.));
#4140=DIRECTION('',(-1.,2.84790116644171E-27,-1.30006201212031E-13));
#4141=DIRECTION('',(0.109774423258723,-0.993956526211391,2.06808016970434E-14));
#4142=DIRECTION('',(0.993956526211391,0.109774423258723,1.28512640910054E-13));
#4143=DIRECTION('',(-0.993956526211392,-0.109774423258713,-2.15899390715987E-15));
#4144=DIRECTION('',(1.30006201212031E-13,-6.4484167767033E-15,-1.));
#4145=DIRECTION('',(0.639452977518772,-0.768830208526159,8.8090590076034E-14));
#4146=DIRECTION('',(1.3000620121203E-13,-6.4484167767033E-15,-1.));
#4147=DIRECTION('',(-1.30006201212031E-13,6.4484167767033E-15,1.));
#4148=DIRECTION('',(1.,-2.84790116644171E-27,1.30006201212031E-13));
#4149=DIRECTION('',(1.30006201212031E-13,-6.4484167767033E-15,-1.));
#4150=DIRECTION('',(0.0768165539583688,0.997045243225181,3.55726509678098E-15));
#4151=DIRECTION('',(-0.997045243225181,0.0768165539583688,-1.30117409663504E-13));
#4152=DIRECTION('',(0.997045243225178,-0.0768165539584116,-1.92535678245676E-15));
#4153=DIRECTION('',(-1.30006201212031E-13,6.4484167767033E-15,1.));
#4154=DIRECTION('',(0.827613226351051,0.561298804175463,1.03975363005144E-13));
#4155=DIRECTION('',(-1.30006201212031E-13,6.4484167767033E-15,1.));
#4156=DIRECTION('',(1.30006201212031E-13,-6.4484167767033E-15,-1.));
#4157=DIRECTION('',(1.30006201212031E-13,-6.4484167767033E-15,-1.));
#4158=DIRECTION('',(-1.,2.84790116644171E-27,-1.30006201212031E-13));
#4159=DIRECTION('',(-0.202747777706457,-0.979230993502092,-2.00439788170309E-14));
#4160=DIRECTION('',(0.979230993502092,-0.202747777706457,1.2861350374549E-13));
#4161=DIRECTION('',(-0.979230993502094,0.202747777706447,4.67703255572632E-15));
#4162=DIRECTION('',(1.30006201212031E-13,-6.4484167767033E-15,-1.));
#4163=DIRECTION('',(0.370574320910149,-0.928802816900327,5.41662673950058E-14));
#4164=DIRECTION('',(1.30006201212031E-13,-6.4484167767034E-15,-1.));
#4165=DIRECTION('',(-1.30006201212031E-13,6.4484167767033E-15,1.));
#4166=DIRECTION('',(1.,-2.84790116644171E-27,1.30006201212031E-13));
#4167=DIRECTION('',(1.30006201212031E-13,-6.4484167767033E-15,-1.));
#4168=DIRECTION('',(0.381160808518729,0.924508754987939,4.35916510005528E-14));
#4169=DIRECTION('',(-0.924508754987939,0.381160808518729,-1.2264975497552E-13));
#4170=DIRECTION('',(0.924508754987937,-0.381160808518733,-8.56824706867125E-15));
#4171=DIRECTION('',(-1.30006201212031E-13,6.4484167767033E-15,1.));
#4172=DIRECTION('',(0.960557821305776,0.278080333587796,1.2308529550409E-13));
#4173=DIRECTION('',(-1.30006201212031E-13,6.4484167767033E-15,1.));
#4174=DIRECTION('',(1.30006201212031E-13,-6.4484167767033E-15,-1.));
#4175=DIRECTION('',(1.30006201212031E-13,-6.4484167767033E-15,-1.));
#4176=DIRECTION('',(-1.,2.84790116644171E-27,-1.30006201212031E-13));
#4177=DIRECTION('',(-0.495423613562897,-0.868651508445292,-5.88067150298818E-14));
#4178=DIRECTION('',(0.868651508445292,-0.495423613562897,1.16124780731346E-13));
#4179=DIRECTION('',(-0.868651508445245,0.49542361356298,1.10552384852585E-14));
#4180=DIRECTION('',(1.30006201212031E-13,-6.4484167767033E-15,-1.));
#4181=DIRECTION('',(0.0654212678277249,-0.997857734206542,1.49397730627779E-14));
#4182=DIRECTION('',(1.3000620121203E-13,-6.44841677670295E-15,-1.));
#4183=DIRECTION('',(-1.30006201212031E-13,6.4484167767033E-15,1.));
#4184=DIRECTION('',(1.,-2.84790116644171E-27,1.30006201212031E-13));
#4185=DIRECTION('',(1.30006201212031E-13,-6.4484167767033E-15,-1.));
#4186=DIRECTION('',(0.648194387437764,0.761474908381216,7.93589823834987E-14));
#4187=DIRECTION('',(-0.761474908381216,0.648194387437764,-1.03176287719439E-13));
#4188=DIRECTION('',(0.761474908381168,-0.648194387437821,-1.43724176333185E-14));
#4189=DIRECTION('',(-1.30006201212031E-13,6.4484167767033E-15,1.));
#4190=DIRECTION('',(0.999476324111218,-0.0323585775510607,1.30146781693414E-13));
#4191=DIRECTION('',(-1.30006201212031E-13,6.4484167767033E-15,1.));
#4192=DIRECTION('',(1.30006201212031E-13,-6.4484167767033E-15,-1.));
#4193=DIRECTION('',(1.30006201212031E-13,-6.4484167767033E-15,-1.));
#4194=DIRECTION('',(-1.,2.84790116644171E-27,-1.30006201212031E-13));
#4195=DIRECTION('',(-0.739603934304514,-0.673042361490927,-9.18130402451317E-14));
#4196=DIRECTION('',(0.673042361490927,-0.739603934304514,9.22689550902948E-14));
#4197=DIRECTION('',(-0.673042361490901,0.739603934304538,-5.42385515724153E-15));
#4198=DIRECTION('',(1.30006201212031E-13,-6.4484167767033E-15,-1.));
#4199=DIRECTION('',(-0.246135674766455,-0.96923538400497,-2.57491303483546E-14));
#4200=DIRECTION('',(1.3000620121203E-13,-6.4484167767033E-15,-1.));
#4201=DIRECTION('',(-1.30006201212031E-13,6.4484167767033E-15,1.));
#4202=DIRECTION('',(1.,-2.84790116644171E-27,1.30006201212031E-13));
#4203=DIRECTION('',(1.30006201212031E-13,-6.4484167767033E-15,-1.));
#4204=DIRECTION('',(0.851778183478533,0.523902592234483,1.07358103644204E-13));
#4205=DIRECTION('',(-0.523902592234483,0.851778183478533,-7.36032065499132E-14));
#4206=DIRECTION('',(0.523902592234447,-0.851778183478555,3.00541998122448E-15));
#4207=DIRECTION('',(-1.30006201212031E-13,6.4484167767033E-15,1.));
#4208=DIRECTION('',(0.940559120551625,-0.339630005663742,1.24468594104639E-13));
#4209=DIRECTION('',(-1.30006201212031E-13,6.4484167767033E-15,1.));
#4210=DIRECTION('',(1.30006201212031E-13,-6.4484167767033E-15,-1.));
#4211=DIRECTION('',(1.30006201212031E-13,-6.4484167767033E-15,-1.));
#4212=DIRECTION('',(-1.,2.84790116644171E-27,-1.30006201212031E-13));
#4213=DIRECTION('',(-0.911386668832784,-0.411551138831958,-1.15832065382122E-13));
#4214=DIRECTION('',(0.411551138831958,-0.911386668832784,5.93812012493927E-14));
#4215=DIRECTION('',(-0.411551138832056,0.91138666883274,-1.72839027267562E-15));
#4216=DIRECTION('',(1.30006201212031E-13,-6.4484167767033E-15,-1.));
#4217=DIRECTION('',(-0.533599142586405,-0.845737521356983,-6.39175294762494E-14));
#4218=DIRECTION('',(1.3000620121203E-13,-6.44841677670325E-15,-1.));
#4219=DIRECTION('',(-1.30006201212031E-13,6.4484167767033E-15,1.));
#4220=DIRECTION('',(1.,-2.84790116644171E-27,1.30006201212031E-13));
#4221=DIRECTION('',(1.30006201212031E-13,-6.4484167767033E-15,-1.));
#4222=DIRECTION('',(0.971983996232851,0.23504704011584,1.24848265712324E-13));
#4223=DIRECTION('',(-0.23504704011584,0.971983996232851,-3.6825330699587E-14));
#4224=DIRECTION('',(0.235047040115903,-0.971983996232836,4.45432353956593E-16));
#4225=DIRECTION('',(-1.30006201212031E-13,6.4484167767033E-15,1.));
#4226=DIRECTION('',(0.789573437011706,-0.613656082480669,1.06606553301213E-13));
#4227=DIRECTION('',(-1.30006201212031E-13,6.4484167767033E-15,1.));
#4228=DIRECTION('',(1.30006201212031E-13,-6.4484167767033E-15,-1.));
#4229=DIRECTION('',(1.30006201212031E-13,-6.4484167767033E-15,-1.));
#4230=DIRECTION('',(-1.,2.84790116644171E-27,-1.30006201212031E-13));
#4231=DIRECTION('',(-0.993956526211391,-0.109774423258723,-1.28512640910054E-13));
#4232=DIRECTION('',(0.109774423258723,-0.993956526211391,2.06808016970434E-14));
#4233=DIRECTION('',(-0.109774423258803,0.993956526211382,4.75948552031746E-18));
#4234=DIRECTION('',(1.30006201212031E-13,-6.4484167767033E-15,-1.));
#4235=DIRECTION('',(-0.768830208526159,-0.639452977518772,-9.58292354793943E-14));
#4236=DIRECTION('',(1.3000620121203E-13,-6.4484167767033E-15,-1.));
#4237=DIRECTION('',(-1.30006201212031E-13,6.4484167767033E-15,1.));
#4238=DIRECTION('',(1.,-2.84790116644171E-27,1.30006201212031E-13));
#4239=DIRECTION('',(1.30006201212031E-13,-6.4484167767033E-15,-1.));
#4240=DIRECTION('',(0.997045243225181,-0.0768165539583687,1.30117409663504E-13));
#4241=DIRECTION('',(0.0768165539583687,0.997045243225181,3.55726509678093E-15));
#4242=DIRECTION('',(-0.0768165539582068,-0.997045243225194,-2.66552869614517E-17));
#4243=DIRECTION('',(-1.30006201212031E-13,6.4484167767033E-15,1.));
#4244=DIRECTION('',(0.561298804175463,-0.827613226351051,7.83091202891311E-14));
#4245=DIRECTION('',(-1.30006201212031E-13,6.4484167767033E-15,1.));
#4246=DIRECTION('',(1.30006201212031E-13,-6.4484167767033E-15,-1.));
#4247=DIRECTION('',(1.30006201212031E-13,-6.4484167767033E-15,-1.));
#4248=DIRECTION('',(-1.,2.84790116644171E-27,-1.30006201212031E-13));
#4249=DIRECTION('',(-0.979230993502092,0.202747777706457,-1.2861350374549E-13));
#4250=DIRECTION('',(-0.202747777706457,-0.979230993502092,-2.00439788170309E-14));
#4251=DIRECTION('',(0.202747777706434,0.979230993502096,-3.9405865654691E-16));
#4252=DIRECTION('',(1.30006201212031E-13,-6.4484167767033E-15,-1.));
#4253=DIRECTION('',(-0.928802816900329,-0.370574320910144,-1.18360508232273E-13));
#4254=DIRECTION('',(1.30006201212031E-13,-6.4484167767034E-15,-1.));
#4255=DIRECTION('',(-1.30006201212031E-13,6.4484167767033E-15,1.));
#4256=DIRECTION('',(1.,-2.84790116644171E-27,1.30006201212031E-13));
#4257=DIRECTION('',(1.30006201212031E-13,-6.4484167767033E-15,-1.));
#4258=DIRECTION('',(0.924508754987939,-0.381160808518729,1.2264975497552E-13));
#4259=DIRECTION('',(0.381160808518729,0.924508754987939,4.35916510005528E-14));
#4260=DIRECTION('',(-0.381160808518671,-0.924508754987963,1.63536828598332E-15));
#4261=DIRECTION('',(-1.30006201212031E-13,6.4484167767033E-15,1.));
#4262=DIRECTION('',(0.278080333587799,-0.960557821305776,4.23462449714257E-14));
#4263=DIRECTION('',(-1.30006201212031E-13,6.4484167767033E-15,1.));
#4264=DIRECTION('',(1.30006201212031E-13,-6.4484167767033E-15,-1.));
#4265=DIRECTION('',(1.30006201212031E-13,-6.4484167767033E-15,-1.));
#4266=DIRECTION('',(-1.,2.84790116644171E-27,-1.30006201212031E-13));
#4267=DIRECTION('',(-0.868651508445292,0.495423613562897,-1.16124780731346E-13));
#4268=DIRECTION('',(-0.495423613562897,-0.868651508445292,-5.88067150298817E-14));
#4269=DIRECTION('',(0.495423613562888,0.868651508445297,-2.88580560040545E-15));
#4270=DIRECTION('',(1.30006201212031E-13,-6.4484167767033E-15,-1.));
#4271=DIRECTION('',(-0.997857734206542,-0.0654212678277246,-1.29305829773223E-13));
#4272=DIRECTION('',(1.3000620121203E-13,-6.448416776703E-15,-1.));
#4273=DIRECTION('',(-1.30006201212031E-13,6.4484167767033E-15,1.));
#4274=DIRECTION('',(1.,-2.84790116644171E-27,1.30006201212031E-13));
#4275=DIRECTION('',(1.30006201212031E-13,-6.4484167767033E-15,-1.));
#4276=DIRECTION('',(0.761474908381216,-0.648194387437764,1.03176287719439E-13));
#4277=DIRECTION('',(0.648194387437764,0.761474908381216,7.93589823834987E-14));
#4278=DIRECTION('',(-0.648194387437663,-0.761474908381302,-1.65063231772367E-14));
#4279=DIRECTION('',(-1.30006201212031E-13,6.4484167767033E-15,1.));
#4280=DIRECTION('',(-0.032358577551055,-0.999476324111218,2.23822415227897E-15));
#4281=DIRECTION('',(-1.30006201212031E-13,6.4484167767033E-15,1.));
#4282=DIRECTION('',(1.30006201212031E-13,-6.4484167767033E-15,-1.));
#4283=DIRECTION('',(1.30006201212031E-13,-6.4484167767033E-15,-1.));
#4284=DIRECTION('',(-1.,2.84790116644171E-27,-1.30006201212031E-13));
#4285=DIRECTION('',(-0.673042361490928,0.739603934304514,-9.22689550902948E-14));
#4286=DIRECTION('',(-0.739603934304514,-0.673042361490928,-9.18130402451316E-14));
#4287=DIRECTION('',(0.739603934304541,0.673042361490898,-7.22657179417432E-15));
#4288=DIRECTION('',(1.30006201212031E-13,-6.4484167767033E-15,-1.));
#4289=DIRECTION('',(-0.969235384004971,0.24613567476645,-1.27593795769279E-13));
#4290=DIRECTION('',(1.3000620121203E-13,-6.4484167767033E-15,-1.));
#4291=DIRECTION('',(-1.30006201212031E-13,6.4484167767033E-15,1.));
#4292=DIRECTION('',(1.,-2.84790116644171E-27,1.30006201212031E-13));
#4293=DIRECTION('',(1.30006201212031E-13,-6.4484167767033E-15,-1.));
#4294=DIRECTION('',(0.523902592234483,-0.851778183478533,7.36032065499132E-14));
#4295=DIRECTION('',(0.851778183478533,0.523902592234483,1.07358103644204E-13));
#4296=DIRECTION('',(-0.851778183478596,-0.52390259223438,-1.12571249188314E-14));
#4297=DIRECTION('',(-1.30006201212031E-13,6.4484167767033E-15,1.));
#4298=DIRECTION('',(-0.339630005663742,-0.940559120551625,-3.80888896415171E-14));
#4299=DIRECTION('',(-1.30006201212031E-13,6.4484167767033E-15,1.));
#4300=DIRECTION('',(1.30006201212031E-13,-6.4484167767033E-15,-1.));
#4301=DIRECTION('',(1.30006201212031E-13,-6.4484167767033E-15,-1.));
#4302=DIRECTION('',(-1.,2.84790116644171E-27,-1.30006201212031E-13));
#4303=DIRECTION('',(-0.411551138831958,0.911386668832784,-5.93812012493927E-14));
#4304=DIRECTION('',(-0.911386668832784,-0.411551138831958,-1.15832065382122E-13));
#4305=DIRECTION('',(0.911386668832769,0.411551138831991,8.78368300381952E-15));
#4306=DIRECTION('',(1.30006201212031E-13,-6.4484167767033E-15,-1.));
#4307=DIRECTION('',(-0.845737521356984,0.533599142586403,-1.13391992037189E-13));
#4308=DIRECTION('',(1.3000620121203E-13,-6.44841677670315E-15,-1.));
#4309=DIRECTION('',(-1.30006201212031E-13,6.4484167767033E-15,1.));
#4310=DIRECTION('',(1.,-2.84790116644171E-27,1.30006201212031E-13));
#4311=DIRECTION('',(1.30006201212031E-13,-6.4484167767033E-15,-1.));
#4312=DIRECTION('',(0.23504704011584,-0.971983996232851,3.68253306995869E-14));
#4313=DIRECTION('',(0.971983996232851,0.23504704011584,1.24848265712324E-13));
#4314=DIRECTION('',(-0.971983996232857,-0.235047040115815,1.68691349623415E-14));
#4315=DIRECTION('',(1.30006201212031E-13,-6.4484167767033E-15,-1.));
#4316=DIRECTION('',(0.946303596176669,-0.323279296991168,1.25109975374491E-13));
#4317=DIRECTION('',(-1.30006201212031E-13,6.4484167767033E-15,1.));
#4318=DIRECTION('',(1.,-2.84790116644171E-27,1.30006201212031E-13));
#4319=DIRECTION('',(1.30006201212031E-13,-6.4484167767033E-15,-1.));
#4320=DIRECTION('',(0.800089404837502,-0.599880775043485,1.0788486540673E-13));
#4321=DIRECTION('',(-1.30006201212031E-13,6.4484167767033E-15,1.));
#4322=DIRECTION('',(1.,-2.84790116644171E-27,1.30006201212031E-13));
#4323=DIRECTION('',(1.30006201212031E-13,-6.4484167767033E-15,-1.));
#4324=DIRECTION('',(0.575556888002166,-0.817761743219419,8.00992331349019E-14));
#4325=DIRECTION('',(-1.30006201212031E-13,6.4484167767033E-15,1.));
#4326=DIRECTION('',(1.,-2.84790116644171E-27,1.30006201212031E-13));
#4327=DIRECTION('',(1.30006201212031E-13,-6.4484167767033E-15,-1.));
#4328=DIRECTION('',(0.294684852828537,-0.95559449428794,4.44729298396561E-14));
#4329=DIRECTION('',(-1.30006201212031E-13,6.4484167767033E-15,1.));
#4330=DIRECTION('',(1.,-2.84790116644171E-27,1.30006201212031E-13));
#4331=DIRECTION('',(1.30006201212031E-13,-6.4484167767033E-15,-1.));
#4332=DIRECTION('',(-0.015032988930048,-0.999886998237215,4.49330631058233E-15));
#4333=DIRECTION('',(-1.30006201212031E-13,6.4484167767033E-15,1.));
#4334=DIRECTION('',(1.,-2.84790116644171E-27,1.30006201212031E-13));
#4335=DIRECTION('',(1.30006201212031E-13,-6.4484167767033E-15,-1.));
#4336=DIRECTION('',(-0.323279296991168,-0.946303596176669,-3.59261533468773E-14));
#4337=DIRECTION('',(-1.30006201212031E-13,6.4484167767033E-15,1.));
#4338=DIRECTION('',(1.,-2.84790116644171E-27,1.30006201212031E-13));
#4339=DIRECTION('',(1.30006201212031E-13,-6.4484167767033E-15,-1.));
#4340=DIRECTION('',(-0.599880775043484,-0.800089404837502,-7.28289108025153E-14));
#4341=DIRECTION('',(-1.30006201212031E-13,6.4484167767033E-15,1.));
#4342=DIRECTION('',(1.,-2.84790116644171E-27,1.30006201212031E-13));
#4343=DIRECTION('',(1.30006201212031E-13,-6.4484167767033E-15,-1.));
#4344=DIRECTION('',(-0.817761743219419,-0.575556888002166,-1.02602667039944E-13));
#4345=DIRECTION('',(-1.30006201212031E-13,6.4484167767033E-15,1.));
#4346=DIRECTION('',(1.,-2.84790116644171E-27,1.30006201212031E-13));
#4347=DIRECTION('',(1.30006201212031E-13,-6.4484167767033E-15,-1.));
#4348=DIRECTION('',(-0.95559449428794,-0.294684852828537,-1.22332959352687E-13));
#4349=DIRECTION('',(-1.30006201212031E-13,6.4484167767033E-15,1.));
#4350=DIRECTION('',(1.,-2.84790116644171E-27,1.30006201212031E-13));
#4351=DIRECTION('',(1.30006201212031E-13,-6.4484167767033E-15,-1.));
#4352=DIRECTION('',(-0.999886998237215,0.015032988930048,-1.30088449260141E-13));
#4353=DIRECTION('',(-1.30006201212031E-13,6.4484167767033E-15,1.));
#4354=DIRECTION('',(1.,-2.84790116644171E-27,1.30006201212031E-13));
#4355=DIRECTION('',(1.30006201212031E-13,-6.4484167767033E-15,-1.));
#4356=DIRECTION('',(-0.946303596176669,0.323279296991167,-1.25109975374491E-13));
#4357=DIRECTION('',(-1.30006201212031E-13,6.4484167767033E-15,1.));
#4358=DIRECTION('',(1.,-2.84790116644171E-27,1.30006201212031E-13));
#4359=DIRECTION('',(1.30006201212031E-13,-6.4484167767033E-15,-1.));
#4360=DIRECTION('',(-0.800089404837502,0.599880775043484,-1.0788486540673E-13));
#4361=DIRECTION('',(-1.30006201212031E-13,6.4484167767033E-15,1.));
#4362=DIRECTION('',(1.,-2.84790116644171E-27,1.30006201212031E-13));
#4363=DIRECTION('',(1.30006201212031E-13,-6.4484167767033E-15,-1.));
#4364=DIRECTION('',(-0.575556888002166,0.817761743219419,-8.00992331349019E-14));
#4365=DIRECTION('',(-1.30006201212031E-13,6.4484167767033E-15,1.));
#4366=DIRECTION('',(1.,-2.84790116644171E-27,1.30006201212031E-13));
#4367=DIRECTION('',(1.30006201212031E-13,-6.4484167767033E-15,-1.));
#4368=DIRECTION('',(-0.294684852828537,0.95559449428794,-4.44729298396561E-14));
#4369=DIRECTION('',(-1.30006201212031E-13,6.4484167767033E-15,1.));
#4370=DIRECTION('',(1.,-2.84790116644171E-27,1.30006201212031E-13));
#4371=DIRECTION('',(1.30006201212031E-13,-6.4484167767033E-15,-1.));
#4372=DIRECTION('',(0.0150329889300479,0.999886998237215,-4.49330631058233E-15));
#4373=DIRECTION('',(-1.30006201212031E-13,6.4484167767033E-15,1.));
#4374=DIRECTION('',(1.,-2.84790116644171E-27,1.30006201212031E-13));
#4375=DIRECTION('',(1.30006201212031E-13,-6.4484167767033E-15,-1.));
#4376=DIRECTION('',(0.323279296991167,0.946303596176669,3.59261533468771E-14));
#4377=DIRECTION('',(-1.30006201212031E-13,6.4484167767033E-15,1.));
#4378=DIRECTION('',(1.,-2.84790116644171E-27,1.30006201212031E-13));
#4379=DIRECTION('',(1.30006201212031E-13,-6.4484167767033E-15,-1.));
#4380=DIRECTION('',(0.599880775043484,0.800089404837502,7.28289108025153E-14));
#4381=DIRECTION('',(-1.30006201212031E-13,6.4484167767033E-15,1.));
#4382=DIRECTION('',(1.,-2.84790116644171E-27,1.30006201212031E-13));
#4383=DIRECTION('',(1.30006201212031E-13,-6.4484167767033E-15,-1.));
#4384=DIRECTION('',(0.817761743219418,0.575556888002167,1.02602667039944E-13));
#4385=DIRECTION('',(-1.30006201212031E-13,6.4484167767033E-15,1.));
#4386=DIRECTION('',(1.,-2.84790116644171E-27,1.30006201212031E-13));
#4387=DIRECTION('',(1.30006201212031E-13,-6.4484167767033E-15,-1.));
#4388=DIRECTION('',(0.95559449428794,0.294684852828537,1.22332959352687E-13));
#4389=DIRECTION('',(-1.30006201212031E-13,6.4484167767033E-15,1.));
#4390=DIRECTION('',(1.,-2.84790116644171E-27,1.30006201212031E-13));
#4391=DIRECTION('',(1.30006201212031E-13,-6.4484167767033E-15,-1.));
#4392=DIRECTION('',(0.999863020453101,0.0165511428730051,1.29881664354118E-13));
#4393=DIRECTION('',(-1.30006201212031E-13,6.4484167767033E-15,1.));
#4394=DIRECTION('',(1.,-2.84790116644171E-27,1.30006201212031E-13));
#4395=DIRECTION('',(1.30006201212031E-13,-6.4484167767033E-15,-1.));
#4396=DIRECTION('',(1.30006201212031E-13,-6.4484167767033E-15,-1.));
#4397=DIRECTION('',(0.999863020453101,0.0165511428730051,1.29881664354118E-13));
#4398=DIRECTION('',(-1.30006201212031E-13,6.4484167767033E-15,1.));
#4399=DIRECTION('',(1.,-2.84790116644171E-27,1.30006201212031E-13));
#4400=DIRECTION('',(1.30006201212031E-13,-6.4484167767033E-15,-1.));
#4401=DIRECTION('',(0.999863020453101,0.0165511428730051,1.29881664354118E-13));
#4402=DIRECTION('',(-1.30006201212031E-13,6.4484167767033E-15,1.));
#4403=DIRECTION('',(1.,-2.84790116644171E-27,1.30006201212031E-13));
#4404=DIRECTION('',(1.30006201212031E-13,-6.4484167767033E-15,-1.));
#4405=DIRECTION('',(0.999863020453101,0.0165511428730051,1.29881664354118E-13));
#4406=DIRECTION('',(-1.30006201212031E-13,6.4484167767033E-15,1.));
#4407=DIRECTION('',(1.,-2.84790116644171E-27,1.30006201212031E-13));
#4408=DIRECTION('',(1.30006201212031E-13,-6.4484167767033E-15,-1.));
#4409=DIRECTION('',(0.999863020453101,0.0165511428730051,1.29881664354118E-13));
#4410=DIRECTION('',(-1.30006201212031E-13,6.4484167767033E-15,1.));
#4411=DIRECTION('',(1.,-2.84790116644171E-27,1.30006201212031E-13));
#4412=DIRECTION('',(1.30006201212031E-13,-6.4484167767033E-15,-1.));
#4413=DIRECTION('',(0.999863020453101,0.0165511428730051,1.29881664354118E-13));
#4414=DIRECTION('',(-1.30006201212031E-13,6.4484167767033E-15,1.));
#4415=DIRECTION('',(1.,-2.84790116644171E-27,1.30006201212031E-13));
#4416=DIRECTION('',(1.30006201212031E-13,-6.4484167767033E-15,-1.));
#4417=DIRECTION('',(0.999863020453101,0.0165511428730051,1.29881664354118E-13));
#4418=DIRECTION('',(-1.30006201212031E-13,6.4484167767033E-15,1.));
#4419=DIRECTION('',(1.,-2.84790116644171E-27,1.30006201212031E-13));
#4420=DIRECTION('',(1.30006201212031E-13,-6.4484167767033E-15,-1.));
#4421=DIRECTION('',(0.999863020453101,0.0165511428730051,1.29881664354118E-13));
#4422=DIRECTION('',(-1.30006201212031E-13,6.4484167767033E-15,1.));
#4423=DIRECTION('',(1.,-2.84790116644171E-27,1.30006201212031E-13));
#4424=DIRECTION('',(1.30006201212031E-13,-6.4484167767033E-15,-1.));
#4425=DIRECTION('',(0.999863020453101,0.0165511428730051,1.29881664354118E-13));
#4426=DIRECTION('',(-1.30006201212031E-13,6.4484167767033E-15,1.));
#4427=DIRECTION('',(1.,-2.84790116644171E-27,1.30006201212031E-13));
#4428=DIRECTION('',(1.30006201212031E-13,-6.4484167767033E-15,-1.));
#4429=DIRECTION('',(0.999863020453101,0.0165511428730051,1.29881664354118E-13));
#4430=DIRECTION('',(-1.30006201212031E-13,6.4484167767033E-15,1.));
#4431=DIRECTION('',(1.,-2.84790116644171E-27,1.30006201212031E-13));
#4432=DIRECTION('',(1.30006201212031E-13,-6.4484167767033E-15,-1.));
#4433=DIRECTION('',(0.999863020453101,0.0165511428730051,1.29881664354118E-13));
#4434=DIRECTION('',(-1.30006201212031E-13,6.4484167767033E-15,1.));
#4435=DIRECTION('',(1.,-2.84790116644171E-27,1.30006201212031E-13));
#4436=DIRECTION('',(1.30006201212031E-13,-6.4484167767033E-15,-1.));
#4437=DIRECTION('',(0.999863020453101,0.0165511428730051,1.29881664354118E-13));
#4438=DIRECTION('',(-1.30006201212031E-13,6.4484167767033E-15,1.));
#4439=DIRECTION('',(1.,-2.84790116644171E-27,1.30006201212031E-13));
#4440=DIRECTION('',(1.30006201212031E-13,-6.4484167767033E-15,-1.));
#4441=DIRECTION('',(0.999863020453101,0.0165511428730051,1.29881664354118E-13));
#4442=DIRECTION('',(-1.30006201212031E-13,6.4484167767033E-15,1.));
#4443=DIRECTION('',(1.,-2.84790116644171E-27,1.30006201212031E-13));
#4444=DIRECTION('',(1.30006201212031E-13,-6.4484167767033E-15,-1.));
#4445=DIRECTION('',(0.999863020453101,0.0165511428730051,1.29881664354118E-13));
#4446=DIRECTION('',(-1.30006201212031E-13,6.4484167767033E-15,1.));
#4447=DIRECTION('',(1.,-2.84790116644171E-27,1.30006201212031E-13));
#4448=DIRECTION('',(1.30006201212031E-13,-6.4484167767033E-15,-1.));
#4449=DIRECTION('',(0.999863020453101,0.0165511428730051,1.29881664354118E-13));
#4450=DIRECTION('',(-1.30006201212031E-13,6.4484167767033E-15,1.));
#4451=DIRECTION('',(1.,-2.84790116644171E-27,1.30006201212031E-13));
#4452=DIRECTION('',(1.30006201212031E-13,-6.4484167767033E-15,-1.));
#4453=DIRECTION('',(0.999863020453101,0.0165511428730051,1.29881664354118E-13));
#4454=DIRECTION('',(-1.30006201212031E-13,6.4484167767033E-15,1.));
#4455=DIRECTION('',(1.,-2.84790116644171E-27,1.30006201212031E-13));
#4456=DIRECTION('',(1.30006201212031E-13,-6.4484167767033E-15,-1.));
#4457=DIRECTION('',(0.999863020453101,0.0165511428730051,1.29881664354118E-13));
#4458=DIRECTION('',(-1.30006201212031E-13,6.4484167767033E-15,1.));
#4459=DIRECTION('',(1.,-2.84790116644171E-27,1.30006201212031E-13));
#4460=DIRECTION('',(1.30006201212031E-13,-6.4484167767033E-15,-1.));
#4461=DIRECTION('',(0.999863020453101,0.0165511428730051,1.29881664354118E-13));
#4462=DIRECTION('',(-1.30006201212031E-13,6.4484167767033E-15,1.));
#4463=DIRECTION('',(1.,-2.84790116644171E-27,1.30006201212031E-13));
#4464=DIRECTION('',(1.30006201212031E-13,-6.4484167767033E-15,-1.));
#4465=DIRECTION('',(0.999863020453101,0.0165511428730051,1.29881664354118E-13));
#4466=DIRECTION('',(-1.30006201212031E-13,6.4484167767033E-15,1.));
#4467=DIRECTION('',(1.,-2.84790116644171E-27,1.30006201212031E-13));
#4468=DIRECTION('',(-1.30006201212031E-13,6.4484167767033E-15,1.));
#4469=DIRECTION('',(-0.61365608248067,-0.789573437011705,-7.46875975363029E-14));
#4470=DIRECTION('',(-1.30006201212031E-13,6.4484167767033E-15,1.));
#4471=DIRECTION('',(1.30006201212031E-13,-6.4484167767033E-15,-1.));
#4472=DIRECTION('',(-1.,2.84790116644171E-27,-1.30006201212031E-13));
#4473=DIRECTION('',(-0.109774423258723,0.993956526211391,-2.06808016970434E-14));
#4474=DIRECTION('',(-0.993956526211391,-0.109774423258723,-1.28512640910054E-13));
#4475=DIRECTION('',(0.993956526211403,0.109774423258616,-1.9616141895558E-14));
#4476=DIRECTION('',(1.30006201212031E-13,-6.4484167767033E-15,-1.));
#4477=DIRECTION('',(-0.639452977518773,0.768830208526158,-8.8090590076034E-14));
#4478=DIRECTION('',(1.3000620121203E-13,-6.4484167767033E-15,-1.));
#4479=DIRECTION('',(-1.30006201212031E-13,6.4484167767033E-15,1.));
#4480=DIRECTION('',(1.,-2.84790116644171E-27,1.30006201212031E-13));
#4481=DIRECTION('',(1.30006201212031E-13,-6.4484167767033E-15,-1.));
#4482=DIRECTION('',(-0.0768165539583687,-0.997045243225181,-3.55726509678098E-15));
#4483=DIRECTION('',(0.997045243225181,-0.0768165539583687,1.30117409663504E-13));
#4484=DIRECTION('',(-0.997045243225176,0.0768165539584431,-1.9849779020258E-14));
#4485=DIRECTION('',(1.30006201212031E-13,-6.4484167767033E-15,-1.));
#4486=DIRECTION('',(0.999886998237215,-0.0150329889300479,1.30088449260141E-13));
#4487=DIRECTION('',(-1.30006201212031E-13,6.4484167767033E-15,1.));
#4488=DIRECTION('',(1.,-2.84790116644171E-27,1.30006201212031E-13));
#4489=DIRECTION('',(1.30006201212031E-13,-6.4484167767033E-15,-1.));
#4490=DIRECTION('',(0.999863020453101,0.0165511428730051,1.29881664354118E-13));
#4491=DIRECTION('',(-1.30006201212031E-13,6.4484167767033E-15,1.));
#4492=DIRECTION('',(1.,-2.84790116644171E-27,1.30006201212031E-13));
#4493=DIRECTION('',(1.22464679914707E-16,-1.09426356864617E-14,1.));
#4494=DIRECTION('',(-1.,4.88498130835069E-15,1.2246467991476E-16));
#4495=DIRECTION('',(4.88498130835069E-15,1.,1.09426356864617E-14));
#4496=DIRECTION('',(4.88498130835069E-15,1.,1.09426356864617E-14));
#4497=DIRECTION('',(-1.,4.88498130835069E-15,1.2246467991476E-16));
#4498=DIRECTION('',(1.,-4.88498130835069E-15,-1.22464679914761E-16));
#4499=DIRECTION('',(4.88498130835069E-15,1.,1.09426356864617E-14));
#4500=DIRECTION('',(-1.22464679914707E-16,1.09426356864617E-14,-1.));
#4501=DIRECTION('',(4.88498130835069E-15,1.,1.09426356864617E-14));
#4502=DIRECTION('',(-1.,4.88498130835069E-15,1.22464679914761E-16));
#4503=DIRECTION('',(-1.22464679914707E-16,1.09426356864617E-14,-1.));
#4504=DIRECTION('',(-1.,4.88498130835069E-15,1.22464679914761E-16));
#4505=DIRECTION('',(-4.88498130835069E-15,-1.,-1.09426356864617E-14));
#4506=DIRECTION('',(-1.22464679914707E-16,1.09426356864617E-14,-1.));
#4507=DIRECTION('',(1.,-4.88498130835069E-15,-1.2246467991476E-16));
#4508=CARTESIAN_POINT('',(0.,0.,0.));
#4509=CARTESIAN_POINT('',(0.0214969875217959,0.00728730336188772,0.0251907826784694));
#4510=CARTESIAN_POINT('',(0.0214969875217959,0.00178730336188772,0.0251907826784693));
#4511=CARTESIAN_POINT('',(0.0214969875217959,0.0017873033618877,0.0262285326784693));
#4512=CARTESIAN_POINT('',(0.0204825242615046,0.00726170737361012,0.0257340364512669));
#4513=CARTESIAN_POINT('',(0.0211665663285206,0.00730370028575517,0.0262928609131039));
#4514=CARTESIAN_POINT('',(0.0220417519266243,0.00724559798714092,0.0262024572791483));
#4515=CARTESIAN_POINT('',(0.0225969070470286,0.00714222420487428,0.0255261030545051));
#4516=CARTESIAN_POINT('',(0.0225103061662023,0.00716181593223693,0.0246473525689227));
#4517=CARTESIAN_POINT('',(0.0218338610896969,0.00727087678037584,0.0240917588317367));
#4518=CARTESIAN_POINT('',(0.0209556846275353,0.0072989597678542,0.0241755885735926));
#4519=CARTESIAN_POINT('',(0.0203966544644823,0.00725088085970593,0.0248558410913998));
#4520=CARTESIAN_POINT('',(0.0204825242615046,0.00726170737361012,0.0257340364512669));
#4521=CARTESIAN_POINT('',(0.0211665663285206,0.00730370028575517,0.0262928609131039));
#4522=CARTESIAN_POINT('',(0.0220417519266243,0.00724559798714092,0.0262024572791483));
#4523=CARTESIAN_POINT('',(0.0211984235837019,0.00728701775062862,0.0261846562304718));
#4524=CARTESIAN_POINT('',(0.0214969875217959,0.00178730336188772,0.0251907826784693));
#4525=CARTESIAN_POINT('',(-0.00433728112086238,-0.00227424011824513,0.0221907826784692));
#4526=CARTESIAN_POINT('',(0.0211331891896888,-0.000162696638113892,0.0221907826784692));
#4527=CARTESIAN_POINT('',(0.0211331891896888,-0.00761269663811389,0.0221907826784692));
#4528=CARTESIAN_POINT('',(0.0552557414581741,-0.0282123264858425,0.0296907826784686));
#4529=CARTESIAN_POINT('',(-0.0639307218935261,-0.0282147835984563,0.0296907826784686));
#4530=CARTESIAN_POINT('',(-0.0639307218935276,-0.0282147835984563,0.0296907826784686));
#4531=CARTESIAN_POINT('',(-0.0639307142451036,-0.0285857835983774,0.0296907826784686));
#4532=CARTESIAN_POINT('',(-0.0639307218935322,-0.0250854872516378,0.0296907826784687));
#4533=CARTESIAN_POINT('',(-0.0639307218935321,-0.0250854872516378,0.0296907826784687));
#4534=CARTESIAN_POINT('',(0.0552557414581741,-0.0250854872516384,0.0296907826784687));
#4535=CARTESIAN_POINT('',(0.0552557414581741,-0.0250854872516384,0.0296907826784687));
#4536=CARTESIAN_POINT('',(0.055255741458174,-0.0282123264858428,0.0296907826784686));
#4537=CARTESIAN_POINT('',(0.055255741458174,-0.0282123264856745,0.0296907826784686));
#4538=CARTESIAN_POINT('',(0.055255741458174,-0.0282123264858428,0.0296907826784686));
#4539=CARTESIAN_POINT('',(0.0552557491065995,-0.0285833264857645,0.0296907826784686));
#4540=CARTESIAN_POINT('',(0.0552562876598111,-0.0285833264746619,0.0296907826784686));
#4541=CARTESIAN_POINT('',(0.055255741458174,-0.0282123264858433,0.0776907826784688));
#4542=CARTESIAN_POINT('',(0.055255741458174,-0.0282123264858433,0.0776907826784688));
#4543=CARTESIAN_POINT('',(0.055255741458174,-0.0282123264858433,0.0776907826784688));
#4544=CARTESIAN_POINT('',(0.0552557414581741,-0.00109010743982764,0.0776907826784691));
#4545=CARTESIAN_POINT('',(0.0552557491065995,-0.0285833264857647,0.0776907826784688));
#4546=CARTESIAN_POINT('',(0.0552557491065995,-0.0285833264857644,0.0216541656396556));
#4547=CARTESIAN_POINT('',(0.0552562876598111,-0.0285833264746618,0.0216541656396556));
#4548=CARTESIAN_POINT('',(-0.0639307142451067,-0.0285857835983774,0.0216541656396557));
#4549=CARTESIAN_POINT('',(-0.0639307142451066,-0.028585783598378,0.0876907826784688));
#4550=CARTESIAN_POINT('',(0.0552562876598111,-0.0285833264746624,0.0776907826784688));
#4551=CARTESIAN_POINT('',(0.0552562876598111,-0.0285833264746624,0.0776907826784688));
#4552=CARTESIAN_POINT('',(0.0552562876598111,-0.0285833264746618,0.0216541656396556));
#4553=CARTESIAN_POINT('',(0.0552562876598111,-0.0285833264746625,0.0876907826784688));
#4554=CARTESIAN_POINT('',(0.0552562876598111,-0.0285833264746625,0.0876907826784688));
#4555=CARTESIAN_POINT('',(0.0214969875217898,0.0240345687192273,0.0776907826784694));
#4556=CARTESIAN_POINT('',(-0.00433730556077701,0.0240345687192274,0.0776907826784694));
#4557=CARTESIAN_POINT('',(0.0552552029049627,0.0240345687192271,0.0776907826784694));
#4558=CARTESIAN_POINT('',(0.0214969876080965,0.0240345686690708,0.0776907827279688));
#4559=CARTESIAN_POINT('',(0.0214969875217898,0.0240345687192272,0.0776907826784694));
#4560=CARTESIAN_POINT('',(0.0214969873069801,0.024034568719225,0.0876907826784694));
#4561=CARTESIAN_POINT('',(-0.00433730556077701,0.0240345687192274,0.0876907826784694));
#4562=CARTESIAN_POINT('',(0.0552552029049627,0.0240345687192271,0.0876907826784694));
#4563=CARTESIAN_POINT('',(0.0552552029049627,0.0240345687192272,0.0776907826784694));
#4564=CARTESIAN_POINT('',(-0.00664963462792217,0.024033988456852,0.0776907826784694));
#4565=CARTESIAN_POINT('',(0.0207683931706604,0.0240345536987432,0.0776907826784685));
#4566=CARTESIAN_POINT('',(0.0210112579543702,0.0240345587055712,0.0776907826784685));
#4567=CARTESIAN_POINT('',(0.02125412273808,0.0240345637123992,0.0776907826784686));
#4568=CARTESIAN_POINT('',(0.0214969875217898,0.0240345687192272,0.0776907826784686));
#4569=CARTESIAN_POINT('',(0.0207683931706604,0.0240345536987432,0.077690782678469));
#4570=CARTESIAN_POINT('',(0.0207683931706604,0.0240345536987432,0.0776907826784694));
#4571=CARTESIAN_POINT('',(-0.00664963462792217,0.024033988456852,0.0776907826784694));
#4572=CARTESIAN_POINT('',(-0.00664963462792217,0.024033988456852,0.0776907826784695));
#4573=CARTESIAN_POINT('',(-0.00664963462792217,0.0240339884568519,0.0876907826784694));
#4574=CARTESIAN_POINT('',(-0.00664963462792217,0.0240339884568519,0.0876907826784694));
#4575=CARTESIAN_POINT('',(-0.00664923543698022,0.00467054686819492,0.0776907826784692));
#4576=CARTESIAN_POINT('',(-0.00664963462792217,0.024033988456852,0.0776907826784694));
#4577=CARTESIAN_POINT('',(-0.00664923543698022,0.00467054686819493,0.0776907826784691));
#4578=CARTESIAN_POINT('',(-0.00664923543698024,0.00467054686819495,0.0776907826784691));
#4579=CARTESIAN_POINT('',(-0.00664923543698022,0.00467054686819483,0.0876907826784691));
#4580=CARTESIAN_POINT('',(-0.00664923543698022,0.00467054686819481,0.0876907826784691));
#4581=CARTESIAN_POINT('',(-0.0633537344392258,-0.0203848449921366,0.0776907826784689));
#4582=CARTESIAN_POINT('',(-0.00664923543698022,0.00467054686819492,0.0776907826784691));
#4583=CARTESIAN_POINT('',(-0.0633537344392258,-0.0203848449921366,0.0776907826784689));
#4584=CARTESIAN_POINT('',(-0.0633537344392258,-0.0203848449921366,0.0776907826784689));
#4585=CARTESIAN_POINT('',(-0.0633537344392258,-0.0203848449921367,0.0876907826784689));
#4586=CARTESIAN_POINT('',(-0.0633537344392258,-0.0203848449921367,0.0876907826784689));
#4587=CARTESIAN_POINT('',(-0.0639308499015361,-0.0220055357217836,0.0776907826784689));
#4588=CARTESIAN_POINT('',(-0.0633537344392258,-0.0203848449921366,0.0776907826784689));
#4589=CARTESIAN_POINT('',(-0.0639308499015361,-0.0220055357217836,0.0776907826784689));
#4590=CARTESIAN_POINT('',(-0.0639308499015361,-0.0220055357217836,0.0776907826784689));
#4591=CARTESIAN_POINT('',(-0.0639308499015361,-0.0220055357217836,0.0876907826784689));
#4592=CARTESIAN_POINT('',(-0.0639308499015361,-0.0220055357217837,0.0876907826784689));
#4593=CARTESIAN_POINT('',(-0.0639307631249361,-0.0262147835988818,0.0776907826784689));
#4594=CARTESIAN_POINT('',(-0.0639308499015361,-0.0220055357217836,0.0776907826784689));
#4595=CARTESIAN_POINT('',(-0.063930721893498,-0.0282147869036842,0.0776907826784689));
#4596=CARTESIAN_POINT('',(-0.0639307218935321,-0.0282147835984568,0.0776907826784689));
#4597=CARTESIAN_POINT('',(-0.0639307631249361,-0.0262147835988819,0.0876907826784688));
#4598=CARTESIAN_POINT('',(0.0552552029049627,0.0240345687192271,0.0776907826784694));
#4599=CARTESIAN_POINT('',(0.0552562876598111,-0.0285833264746618,0.0776907826784688));
#4600=CARTESIAN_POINT('',(0.0552552029049627,0.024034568719227,0.0876907826784694));
#4601=CARTESIAN_POINT('',(-0.00433730556077713,-0.00109010743982746,0.0876907826784691));
#4602=CARTESIAN_POINT('',(0.0211331891896838,-0.000162696638113405,0.0701907826784682));
#4603=CARTESIAN_POINT('',(0.0211331891896839,-0.000162696638113384,0.0701907826784684));
#4604=CARTESIAN_POINT('',(0.0402915823810825,-0.00354462382298477,0.0701907826784712));
#4605=CARTESIAN_POINT('',(0.0404779133555431,-0.00222742618621964,0.0701907826784712));
#4606=CARTESIAN_POINT('',(0.0408725993119329,-0.00364718758883318,0.0701907826784712));
#4607=CARTESIAN_POINT('',(0.0407529781230862,-0.00422493387499944,0.0701907826784712));
#4608=CARTESIAN_POINT('',(0.0413770642397368,-0.00435414963112641,0.0701907826784709));
#4609=CARTESIAN_POINT('',(0.0413770641990855,-0.00435414962270965,0.0701907827205543));
#4610=CARTESIAN_POINT('',(0.0444819384245485,-0.0065247646326735,0.0701907826784713));
#4611=CARTESIAN_POINT('',(0.044020266948911,-0.00603715332330259,0.0701907826784712));
#4612=CARTESIAN_POINT('',(0.0432857179972516,-0.00537867812265852,0.0701907826784711));
#4613=CARTESIAN_POINT('',(0.0423598185362638,-0.0047748633796103,0.070190782678471));
#4614=CARTESIAN_POINT('',(0.0418065727542145,-0.00450398374576396,0.0701907826784709));
#4615=CARTESIAN_POINT('',(0.0415252615100402,-0.00438483357333787,0.0701907826784709));
#4616=CARTESIAN_POINT('',(0.0413770642397368,-0.00435414963112642,0.0701907826784709));
#4617=CARTESIAN_POINT('',(0.0444819384092999,-0.00652476461656813,0.0701907827205549));
#4618=CARTESIAN_POINT('',(0.0211331891896927,-0.000162696638116155,0.0701907826784686));
#4619=CARTESIAN_POINT('',(0.0440337362235613,-0.00798605560655954,0.0701907827205551));
#4620=CARTESIAN_POINT('',(0.0402457783977948,-0.00804252461826594,0.0701907826784707));
#4621=CARTESIAN_POINT('',(0.0403856939792763,-0.00810020967086749,0.0701907826784708));
#4622=CARTESIAN_POINT('',(0.0406854335016833,-0.00815927741499456,0.0701907826784708));
#4623=CARTESIAN_POINT('',(0.0412954151398868,-0.00824517894253202,0.0701907826784709));
#4624=CARTESIAN_POINT('',(0.0424006367486145,-0.00826434275156721,0.070190782678471));
#4625=CARTESIAN_POINT('',(0.0433780621389943,-0.00813095850389339,0.0701907826784711));
#4626=CARTESIAN_POINT('',(0.0440337362171593,-0.00798605562529945,0.0701907826784712));
#4627=CARTESIAN_POINT('',(0.0402457783977948,-0.00804252461826594,0.0701907827205541));
#4628=CARTESIAN_POINT('',(0.0396565680046,-0.00779960219200868,0.0701907826784707));
#4629=CARTESIAN_POINT('',(0.0396565680046,-0.00779960219200867,0.0701907826784709));
#4630=CARTESIAN_POINT('',(0.039431683127574,-0.00834506235745154,0.0701907826784711));
#4631=CARTESIAN_POINT('',(0.0388930786444036,-0.00810421964797321,0.0701907826784709));
#4632=CARTESIAN_POINT('',(0.0211331891896839,-0.000162696638113384,0.0701907826784684));
#4633=CARTESIAN_POINT('',(0.0383088309022443,-0.00929936960598048,0.0701907826784708));
#4634=CARTESIAN_POINT('',(0.0388297168937532,-0.00957645764947882,0.070190782678471));
#4635=CARTESIAN_POINT('',(0.0385374169617512,-0.0100889620394615,0.0701907826784708));
#4636=CARTESIAN_POINT('',(0.0390910282651369,-0.0104047067423326,0.0701907826784706));
#4637=CARTESIAN_POINT('',(0.0390910282290751,-0.0104047067217653,0.070190782720554));
#4638=CARTESIAN_POINT('',(0.0413731821671555,-0.0134285431724249,0.0701907826784709));
#4639=CARTESIAN_POINT('',(0.0410847866830986,-0.0128221329274404,0.0701907826784709));
#4640=CARTESIAN_POINT('',(0.0405896691434699,-0.0119688976877834,0.0701907826784708));
#4641=CARTESIAN_POINT('',(0.0398956754447172,-0.011108517073245,0.0701907826784707));
#4642=CARTESIAN_POINT('',(0.0394532138488748,-0.0106799328836244,0.0701907826784707));
#4643=CARTESIAN_POINT('',(0.0392224903851587,-0.010479684380562,0.0701907826784706));
#4644=CARTESIAN_POINT('',(0.0390910282651369,-0.0104047067423326,0.0701907826784706));
#4645=CARTESIAN_POINT('',(0.04137318215763,-0.0134285431523957,0.0701907827205545));
#4646=CARTESIAN_POINT('',(0.0211331891896915,-0.000162696638118768,0.0701907826784682));
#4647=CARTESIAN_POINT('',(0.0404953527986312,-0.0146798113783212,0.0701907827205543));
#4648=CARTESIAN_POINT('',(0.0368753409407118,-0.0135629732577358,0.0701907826784703));
#4649=CARTESIAN_POINT('',(0.0369905829046366,-0.0136610712953623,0.0701907826784703));
#4650=CARTESIAN_POINT('',(0.037257399193857,-0.0138098726646249,0.0701907826784704));
#4651=CARTESIAN_POINT('',(0.0378109811738398,-0.0140800645646116,0.0701907826784705));
#4652=CARTESIAN_POINT('',(0.0388561874441007,-0.0144398226897181,0.0701907826784706));
#4653=CARTESIAN_POINT('',(0.0398269922301296,-0.0146150077881591,0.0701907826784707));
#4654=CARTESIAN_POINT('',(0.0404953527867516,-0.0146798113941656,0.0701907826784708));
#4655=CARTESIAN_POINT('',(0.0368753409407118,-0.0135629732577358,0.0701907827205539));
#4656=CARTESIAN_POINT('',(0.0363900357148234,-0.0131498642765301,0.0701907826784704));
#4657=CARTESIAN_POINT('',(0.0363900357148234,-0.0131498642765301,0.0701907826784708));
#4658=CARTESIAN_POINT('',(0.036007601026235,-0.0135991344724751,0.0701907826784709));
#4659=CARTESIAN_POINT('',(0.0355697822130103,-0.0132036415056773,0.0701907826784708));
#4660=CARTESIAN_POINT('',(0.0211331891896839,-0.000162696638113384,0.0701907826784686));
#4661=CARTESIAN_POINT('',(0.0346448079428482,-0.0141597541799376,0.0701907826784707));
#4662=CARTESIAN_POINT('',(0.0350545750449406,-0.0145842431928023,0.0701907826784709));
#4663=CARTESIAN_POINT('',(0.034618208723701,-0.0149813381860819,0.0701907826784705));
#4664=CARTESIAN_POINT('',(0.0350471538822094,-0.0154527045442573,0.0701907826784701));
#4665=CARTESIAN_POINT('',(0.0350471538542678,-0.0154527045135524,0.0701907827205537));
#4666=CARTESIAN_POINT('',(0.0362831943768041,-0.0190337682248101,0.0701907826784703));
#4667=CARTESIAN_POINT('',(0.0361963050436851,-0.0183679187040943,0.0701907826784703));
#4668=CARTESIAN_POINT('',(0.0359890844705426,-0.0174034440355281,0.0701907826784703));
#4669=CARTESIAN_POINT('',(0.0355949294725995,-0.0163707175986739,0.0701907826784702));
#4670=CARTESIAN_POINT('',(0.0353065632867758,-0.0158263816598798,0.0701907826784702));
#4671=CARTESIAN_POINT('',(0.0351490124236925,-0.0155646365448763,0.0701907826784701));
#4672=CARTESIAN_POINT('',(0.0350471538822094,-0.0154527045442573,0.0701907826784701));
#4673=CARTESIAN_POINT('',(0.0362831943739342,-0.0190337682028176,0.0701907827205538));
#4674=CARTESIAN_POINT('',(0.0211331891896894,-0.000162696638120809,0.0701907826784684));
#4675=CARTESIAN_POINT('',(0.0350616658955308,-0.0199525308126253,0.0701907827205538));
#4676=CARTESIAN_POINT('',(0.0319639519882176,-0.0177717094564599,0.0701907826784697));
#4677=CARTESIAN_POINT('',(0.0320432396482182,-0.0179006179596978,0.0701907826784697));
#4678=CARTESIAN_POINT('',(0.0322510148668456,-0.0181245872393144,0.0701907826784698));
#4679=CARTESIAN_POINT('',(0.0326940087273737,-0.0185526212460411,0.0701907826784698));
#4680=CARTESIAN_POINT('',(0.0335768875870559,-0.0192177580553518,0.07019078267847));
#4681=CARTESIAN_POINT('',(0.0344460426322774,-0.0196843641618847,0.0701907826784701));
#4682=CARTESIAN_POINT('',(0.0350616658793365,-0.0199525308240232,0.0701907826784701));
#4683=CARTESIAN_POINT('',(0.0319639519882176,-0.0177717094564599,0.0701907827205532));
#4684=CARTESIAN_POINT('',(0.0316300569864658,-0.0172288519056856,0.0701907826784697));
#4685=CARTESIAN_POINT('',(0.0316300569864658,-0.0172288519056856,0.0701907826784699));
#4686=CARTESIAN_POINT('',(0.0311275078582135,-0.0175379544351039,0.0701907826784699));
#4687=CARTESIAN_POINT('',(0.0308333314708357,-0.0170265248181386,0.0701907826784699));
#4688=CARTESIAN_POINT('',(0.0211331891896839,-0.000162696638113384,0.0701907826784682));
#4689=CARTESIAN_POINT('',(0.0296581735989089,-0.0176500092384665,0.0701907826784697));
#4690=CARTESIAN_POINT('',(0.0299167109526167,-0.0181803472785295,0.0701907826784698));
#4691=CARTESIAN_POINT('',(0.0293789928180053,-0.0184231624504403,0.0701907826784696));
#4692=CARTESIAN_POINT('',(0.0296412836908852,-0.0190040098405794,0.0701907826784694));
#4693=CARTESIAN_POINT('',(0.0296412836737995,-0.0190040098027429,0.0701907827205528));
#4694=CARTESIAN_POINT('',(0.0297102185224445,-0.0227917613078024,0.0701907826784695));
#4695=CARTESIAN_POINT('',(0.0298333406735846,-0.0221316505016884,0.0701907826784695));
#4696=CARTESIAN_POINT('',(0.0299343012604157,-0.0211503459046638,0.0701907826784695));
#4697=CARTESIAN_POINT('',(0.0298785676007204,-0.0200463641045604,0.0701907826784694));
#4698=CARTESIAN_POINT('',(0.02977252411635,-0.0194395598108944,0.0701907826784695));
#4699=CARTESIAN_POINT('',(0.0297035680300973,-0.01914193951949,0.0701907826784694));
#4700=CARTESIAN_POINT('',(0.0296412836908852,-0.0190040098405794,0.0701907826784694));
#4701=CARTESIAN_POINT('',(0.0297102185265112,-0.0227917612859995,0.0701907827205527));
#4702=CARTESIAN_POINT('',(0.0211331891896868,-0.000162696638122142,0.0701907826784682));
#4703=CARTESIAN_POINT('',(0.0282645626470587,-0.0232880833940458,0.0701907827205527));
#4704=CARTESIAN_POINT('',(0.0259923725106412,-0.0202567527913176,0.070190782678469));
#4705=CARTESIAN_POINT('',(0.0260279446381267,-0.0204038532977118,0.070190782678469));
#4706=CARTESIAN_POINT('',(0.0261563403001072,-0.0206810668141077,0.070190782678469));
#4707=CARTESIAN_POINT('',(0.0264453827155926,-0.0212250439767075,0.070190782678469));
#4708=CARTESIAN_POINT('',(0.0270795118305296,-0.0221304512450469,0.0701907826784691));
#4709=CARTESIAN_POINT('',(0.0277619381833679,-0.0228428037029277,0.0701907826784692));
#4710=CARTESIAN_POINT('',(0.0282645626281347,-0.0232880833998815,0.0701907826784693));
#4711=CARTESIAN_POINT('',(0.0259923725106412,-0.0202567527913176,0.0701907827205526));
#4712=CARTESIAN_POINT('',(0.0258425717021808,-0.0196372853503556,0.070190782678469));
#4713=CARTESIAN_POINT('',(0.0258425717021808,-0.0196372853503556,0.0701907826784694));
#4714=CARTESIAN_POINT('',(0.0252691011444033,-0.0197759631040239,0.0701907826784698));
#4715=CARTESIAN_POINT('',(0.0251473632173165,-0.0191986591311391,0.0701907826784696));
#4716=CARTESIAN_POINT('',(0.0211331891896839,-0.000162696638113384,0.0701907826784688));
#4717=CARTESIAN_POINT('',(0.0238370543839356,-0.0194284842984016,0.070190782678469));
#4718=CARTESIAN_POINT('',(0.0239190545517421,-0.0200127581832192,0.0701907826784688));
#4719=CARTESIAN_POINT('',(0.0233326202012775,-0.0200775250929418,0.0701907826784688));
#4720=CARTESIAN_POINT('',(0.0234025819304033,-0.0207109961254959,0.0701907826784688));
#4721=CARTESIAN_POINT('',(0.023402581925846,-0.0207109960842314,0.070190782720552));
#4722=CARTESIAN_POINT('',(0.0222976632773169,-0.0243346638749611,0.0701907826784685));
#4723=CARTESIAN_POINT('',(0.0226187448587202,-0.0237449080284133,0.0701907826784686));
#4724=CARTESIAN_POINT('',(0.0230180038798519,-0.0228428304340386,0.0701907826784686));
#4725=CARTESIAN_POINT('',(0.0233061471573349,-0.0217756587011737,0.0701907826784686));
#4726=CARTESIAN_POINT('',(0.0233928066495157,-0.0211657842847541,0.0701907826784686));
#4727=CARTESIAN_POINT('',(0.0234191952422627,-0.0208614219647135,0.0701907826784686));
#4728=CARTESIAN_POINT('',(0.0234025819304033,-0.0207109961254959,0.0701907826784686));
#4729=CARTESIAN_POINT('',(0.022297663287922,-0.0243346638554818,0.0701907827205519));
#4730=CARTESIAN_POINT('',(0.021133189189684,-0.000162696638122692,0.0701907826784682));
#4731=CARTESIAN_POINT('',(0.020769390877378,-0.0243599619957518,0.0701907827205519));
#4732=CARTESIAN_POINT('',(0.0195451423136884,-0.0207748499063782,0.0701907826784681));
#4733=CARTESIAN_POINT('',(0.0195335168609757,-0.0209257431934535,0.0701907826784681));
#4734=CARTESIAN_POINT('',(0.0195699647043287,-0.0212290653561832,0.0701907826784681));
#4735=CARTESIAN_POINT('',(0.0196767621892669,-0.0218357373998696,0.0701907826784681));
#4736=CARTESIAN_POINT('',(0.020000068583453,-0.0228927875554686,0.0701907826784682));
#4737=CARTESIAN_POINT('',(0.0204289655977392,-0.0237811563428692,0.0701907826784683));
#4738=CARTESIAN_POINT('',(0.0207693908575769,-0.0243599619954541,0.0701907826784683));
#4739=CARTESIAN_POINT('',(0.0195451423136884,-0.0207748499063781,0.0701907827205518));
#4740=CARTESIAN_POINT('',(0.0195940992453751,-0.0201394103644331,0.0701907826784682));
#4741=CARTESIAN_POINT('',(0.0195940992453751,-0.020139410364433,0.0701907826784686));
#4742=CARTESIAN_POINT('',(0.0190058425518722,-0.0200940885975977,0.0701907826784688));
#4743=CARTESIAN_POINT('',(0.0190684596415776,-0.0195074208039726,0.0701907826784686));
#4744=CARTESIAN_POINT('',(0.0211331891896839,-0.000162696638113384,0.0701907826784686));
#4745=CARTESIAN_POINT('',(0.0177512620048125,-0.019321089829512,0.0701907826784686));
#4746=CARTESIAN_POINT('',(0.0176486982389641,-0.0199021067603625,0.0701907826784688));
#4747=CARTESIAN_POINT('',(0.0170709519527978,-0.0197824855715158,0.0701907826784684));
#4748=CARTESIAN_POINT('',(0.0169417361966709,-0.0204065716881664,0.0701907826784678));
#4749=CARTESIAN_POINT('',(0.016941736205088,-0.0204065716475133,0.0701907827205512));
#4750=CARTESIAN_POINT('',(0.0147711211951237,-0.0235114458729782,0.0701907826784675));
#4751=CARTESIAN_POINT('',(0.0152587325044986,-0.0230497743973317,0.0701907826784676));
#4752=CARTESIAN_POINT('',(0.015917207705138,-0.0223152254456834,0.0701907826784677));
#4753=CARTESIAN_POINT('',(0.0165210224481869,-0.0213893259846932,0.0701907826784677));
#4754=CARTESIAN_POINT('',(0.0167919020820336,-0.0208360802026441,0.0701907826784678));
#4755=CARTESIAN_POINT('',(0.0169110522544586,-0.02055476895847,0.0701907826784678));
#4756=CARTESIAN_POINT('',(0.0169417361966709,-0.0204065716881664,0.0701907826784678));
#4757=CARTESIAN_POINT('',(0.0147711212112292,-0.0235114458577294,0.0701907827205509));
#4758=CARTESIAN_POINT('',(0.0211331891896812,-0.000162696638122232,0.0701907826784682));
#4759=CARTESIAN_POINT('',(0.0133098302212378,-0.0230632436719909,0.0701907827205509));
#4760=CARTESIAN_POINT('',(0.0132533612095313,-0.0192752858462244,0.0701907826784673));
#4761=CARTESIAN_POINT('',(0.0131956761569299,-0.0194152014277059,0.0701907826784673));
#4762=CARTESIAN_POINT('',(0.0131366084128027,-0.0197149409501129,0.0701907826784673));
#4763=CARTESIAN_POINT('',(0.0130507068852654,-0.0203249225883164,0.0701907826784673));
#4764=CARTESIAN_POINT('',(0.0130315430762298,-0.0214301441970435,0.0701907826784673));
#4765=CARTESIAN_POINT('',(0.0131649273239051,-0.0224075695874267,0.0701907826784673));
#4766=CARTESIAN_POINT('',(0.0133098302024978,-0.023063243665589,0.0701907826784673));
#4767=CARTESIAN_POINT('',(0.0132533612095313,-0.0192752858462244,0.0701907827205508));
#4768=CARTESIAN_POINT('',(0.0134962836357886,-0.0186860754530296,0.0701907826784674));
#4769=CARTESIAN_POINT('',(0.0134962836357886,-0.0186860754530296,0.0701907826784676));
#4770=CARTESIAN_POINT('',(0.0129508234703457,-0.0184611905760035,0.0701907826784678));
#4771=CARTESIAN_POINT('',(0.0131916661798241,-0.0179225860928333,0.0701907826784679));
#4772=CARTESIAN_POINT('',(0.0211331891896839,-0.000162696638113384,0.0701907826784686));
#4773=CARTESIAN_POINT('',(0.0119965162218167,-0.0173383383506738,0.0701907826784677));
#4774=CARTESIAN_POINT('',(0.0117194281783184,-0.0178592243421829,0.0701907826784679));
#4775=CARTESIAN_POINT('',(0.0112069237883357,-0.0175669244101808,0.0701907826784675));
#4776=CARTESIAN_POINT('',(0.0108911790854647,-0.0181205357135664,0.070190782678467));
#4777=CARTESIAN_POINT('',(0.0108911791060324,-0.018120535677504,0.0701907827205506));
#4778=CARTESIAN_POINT('',(0.0078673426553724,-0.020402689615585,0.0701907826784666));
#4779=CARTESIAN_POINT('',(0.00847375290036155,-0.0201142941315309,0.0701907826784667));
#4780=CARTESIAN_POINT('',(0.00932698814001297,-0.0196191765918989,0.0701907826784668));
#4781=CARTESIAN_POINT('',(0.010187368754552,-0.0189251828931468,0.0701907826784669));
#4782=CARTESIAN_POINT('',(0.0106159529441735,-0.0184827212973044,0.070190782678467));
#4783=CARTESIAN_POINT('',(0.0108162014472339,-0.0182519978335882,0.070190782678467));
#4784=CARTESIAN_POINT('',(0.0108911790854647,-0.0181205357135664,0.070190782678467));
#4785=CARTESIAN_POINT('',(0.00786734267540167,-0.0204026896060595,0.07019078272055));
#4786=CARTESIAN_POINT('',(0.0211331891896786,-0.000162696638120987,0.0701907826784682));
#4787=CARTESIAN_POINT('',(0.00661607444947615,-0.0195248602470608,0.07019078272055));
#4788=CARTESIAN_POINT('',(0.00773291257006144,-0.0159048483891414,0.0701907826784666));
#4789=CARTESIAN_POINT('',(0.00763481453243584,-0.0160200903530662,0.0701907826784666));
#4790=CARTESIAN_POINT('',(0.00748601316317196,-0.0162869066422867,0.0701907826784665));
#4791=CARTESIAN_POINT('',(0.00721582126318592,-0.0168404886222694,0.0701907826784665));
#4792=CARTESIAN_POINT('',(0.00685606313807862,-0.0178856948925304,0.0701907826784665));
#4793=CARTESIAN_POINT('',(0.00668087803963996,-0.0188564996785592,0.0701907826784664));
#4794=CARTESIAN_POINT('',(0.00661607443363169,-0.0195248602351812,0.0701907826784664));
#4795=CARTESIAN_POINT('',(0.00773291257006145,-0.0159048483891414,0.0701907827205499));
#4796=CARTESIAN_POINT('',(0.00814602155126717,-0.015419543163253,0.0701907826784667));
#4797=CARTESIAN_POINT('',(0.00814602155126716,-0.015419543163253,0.0701907826784669));
#4798=CARTESIAN_POINT('',(0.00769675135532225,-0.0150371084746647,0.0701907826784669));
#4799=CARTESIAN_POINT('',(0.00809224432211995,-0.01459928966144,0.0701907826784669));
#4800=CARTESIAN_POINT('',(0.0211331891896839,-0.000162696638113384,0.0701907826784682));
#4801=CARTESIAN_POINT('',(0.00713613164785967,-0.0136743153912778,0.0701907826784669));
#4802=CARTESIAN_POINT('',(0.00671164263499502,-0.0140840824933703,0.0701907826784669));
#4803=CARTESIAN_POINT('',(0.00631454764171535,-0.0136477161721306,0.0701907826784667));
#4804=CARTESIAN_POINT('',(0.00584318128353992,-0.0140766613306391,0.0701907826784663));
#4805=CARTESIAN_POINT('',(0.0058431813142448,-0.0140766613026975,0.0701907827205499));
#4806=CARTESIAN_POINT('',(0.00226211760298713,-0.0153127018252337,0.0701907826784658));
#4807=CARTESIAN_POINT('',(0.00292796712370882,-0.0152258124921169,0.0701907826784659));
#4808=CARTESIAN_POINT('',(0.00389244179226768,-0.0150185919189719,0.0701907826784661));
#4809=CARTESIAN_POINT('',(0.00492516822912365,-0.0146244369210288,0.0701907826784662));
#4810=CARTESIAN_POINT('',(0.0054695041679172,-0.014336070735206,0.0701907826784663));
#4811=CARTESIAN_POINT('',(0.00573124928292162,-0.0141785198721207,0.0701907826784663));
#4812=CARTESIAN_POINT('',(0.00584318128353991,-0.0140766613306391,0.0701907826784663));
#4813=CARTESIAN_POINT('',(0.00226211762497964,-0.0153127018223637,0.0701907827205493));
#4814=CARTESIAN_POINT('',(0.0211331891896766,-0.000162696638119015,0.0701907826784682));
#4815=CARTESIAN_POINT('',(0.00134335501517204,-0.0140911733439605,0.0701907827205491));
#4816=CARTESIAN_POINT('',(0.00352417637133735,-0.0109934594366472,0.070190782678466));
#4817=CARTESIAN_POINT('',(0.00339526786810018,-0.0110727470966475,0.070190782678466));
#4818=CARTESIAN_POINT('',(0.0031712985884825,-0.0112805223152753,0.0701907826784659));
#4819=CARTESIAN_POINT('',(0.00274326458175646,-0.0117235161758033,0.0701907826784659));
#4820=CARTESIAN_POINT('',(0.00207812777244521,-0.0126063950354847,0.0701907826784658));
#4821=CARTESIAN_POINT('',(0.00161152166591271,-0.0134755500807099,0.0701907826784657));
#4822=CARTESIAN_POINT('',(0.00134335500377405,-0.0140911733277661,0.0701907826784657));
#4823=CARTESIAN_POINT('',(0.00352417637133735,-0.0109934594366472,0.0701907827205494));
#4824=CARTESIAN_POINT('',(0.00406703392211163,-0.0106595644348954,0.070190782678466));
#4825=CARTESIAN_POINT('',(0.00406703392211163,-0.0106595644348954,0.0701907826784664));
#4826=CARTESIAN_POINT('',(0.00375793139269328,-0.0101570153066431,0.0701907826784666));
#4827=CARTESIAN_POINT('',(0.00426936100965868,-0.00986283891926529,0.0701907826784666));
#4828=CARTESIAN_POINT('',(0.0211331891896839,-0.000162696638113384,0.0701907826784688));
#4829=CARTESIAN_POINT('',(0.00364587658933073,-0.0086876810473385,0.0701907826784663));
#4830=CARTESIAN_POINT('',(0.00311553854926774,-0.00894621840104626,0.070190782678466));
#4831=CARTESIAN_POINT('',(0.00287272337735688,-0.00840850026643493,0.0701907826784661));
#4832=CARTESIAN_POINT('',(0.00229187598721783,-0.00867079113931488,0.0701907826784659));
#4833=CARTESIAN_POINT('',(0.00229187602505434,-0.00867079112222919,0.0701907827205493));
#4834=CARTESIAN_POINT('',(-0.00149587548000515,-0.00873972597087407,0.0701907826784653));
#4835=CARTESIAN_POINT('',(-0.000835764673888287,-0.00886284812201582,0.0701907826784654));
#4836=CARTESIAN_POINT('',(0.00014553992313281,-0.00896380870884506,0.0701907826784655));
#4837=CARTESIAN_POINT('',(0.00124952172323707,-0.00890807504914981,0.0701907826784657));
#4838=CARTESIAN_POINT('',(0.0018563260169025,-0.00880203156477997,0.0701907826784657));
#4839=CARTESIAN_POINT('',(0.00215394630830797,-0.00873307547852596,0.0701907826784658));
#4840=CARTESIAN_POINT('',(0.00229187598721784,-0.00867079113931488,0.0701907826784658));
#4841=CARTESIAN_POINT('',(-0.00149587545820225,-0.00873972597494068,0.0701907827205489));
#4842=CARTESIAN_POINT('',(0.0211331891896751,-0.00016269663811644,0.0701907826784686));
#4843=CARTESIAN_POINT('',(-0.00199219756624859,-0.00729407009548822,0.0701907827205491));
#4844=CARTESIAN_POINT('',(0.00103913303647959,-0.00502187995907081,0.0701907826784656));
#4845=CARTESIAN_POINT('',(0.000892032530086114,-0.00505745208655557,0.0701907826784656));
#4846=CARTESIAN_POINT('',(0.000614819013689298,-0.00518584774853718,0.0701907826784656));
#4847=CARTESIAN_POINT('',(7.08418510898913E-5,-0.00547489016402198,0.0701907826784655));
#4848=CARTESIAN_POINT('',(-0.000834565417249345,-0.00610901927896026,0.0701907826784654));
#4849=CARTESIAN_POINT('',(-0.00154691787513202,-0.00679144563179347,0.0701907826784653));
#4850=CARTESIAN_POINT('',(-0.00199219757208426,-0.00729407007656433,0.0701907826784652));
#4851=CARTESIAN_POINT('',(0.00103913303647962,-0.00502187995907078,0.0701907827205491));
#4852=CARTESIAN_POINT('',(0.0016586004774417,-0.00487207915061039,0.0701907826784657));
#4853=CARTESIAN_POINT('',(0.00165860047744169,-0.00487207915061038,0.0701907826784659));
#4854=CARTESIAN_POINT('',(0.00151992272377335,-0.00429860859283298,0.0701907826784661));
#4855=CARTESIAN_POINT('',(0.00209722669665817,-0.00417687066574615,0.0701907826784661));
#4856=CARTESIAN_POINT('',(0.0211331891896839,-0.000162696638113384,0.0701907826784684));
#4857=CARTESIAN_POINT('',(0.00186740152939562,-0.0028665618323652,0.0701907826784662));
#4858=CARTESIAN_POINT('',(0.00128312764457813,-0.00294856200017172,0.0701907826784662));
#4859=CARTESIAN_POINT('',(0.00121836073485549,-0.00236212764970704,0.070190782678466));
#4860=CARTESIAN_POINT('',(0.000584889702301359,-0.00243208937883293,0.0701907826784656));
#4861=CARTESIAN_POINT('',(0.000584889743565792,-0.00243208937427562,0.0701907827205492));
#4862=CARTESIAN_POINT('',(-0.00303877804716376,-0.0013271707257465,0.0701907826784651));
#4863=CARTESIAN_POINT('',(-0.0024490222006158,-0.00164825230715151,0.0701907826784652));
#4864=CARTESIAN_POINT('',(-0.00154694460624154,-0.00204751132828126,0.0701907826784652));
#4865=CARTESIAN_POINT('',(-0.000479772873376134,-0.00233565460576436,0.0701907826784654));
#4866=CARTESIAN_POINT('',(0.000130101543042782,-0.00242231409794573,0.0701907826784655));
#4867=CARTESIAN_POINT('',(0.000434463863084592,-0.00244870269069139,0.0701907826784655));
#4868=CARTESIAN_POINT('',(0.000584889702301363,-0.00243208937883294,0.0701907826784655));
#4869=CARTESIAN_POINT('',(-0.00303877802768456,-0.00132717073635157,0.0701907827205484));
#4870=CARTESIAN_POINT('',(0.0211331891896747,-0.000162696638113544,0.0701907826784682));
#4871=CARTESIAN_POINT('',(-0.00306407616795447,0.000201101674193154,0.0701907827205485));
#4872=CARTESIAN_POINT('',(0.000521035921419151,0.00142535023788197,0.0701907826784655));
#4873=CARTESIAN_POINT('',(0.000370142634343848,0.00143697569059486,0.0701907826784655));
#4874=CARTESIAN_POINT('',(6.6820471614018E-5,0.00140052784724171,0.0701907826784655));
#4875=CARTESIAN_POINT('',(-0.00053985157207221,0.00129373036230346,0.0701907826784654));
#4876=CARTESIAN_POINT('',(-0.00159690172767136,0.000970423968117219,0.0701907826784652));
#4877=CARTESIAN_POINT('',(-0.00248527051507183,0.000541526953832671,0.0701907826784651));
#4878=CARTESIAN_POINT('',(-0.00306407616765683,0.000201101693993448,0.0701907826784651));
#4879=CARTESIAN_POINT('',(0.000521035921419142,0.00142535023788196,0.0701907827205491));
#4880=CARTESIAN_POINT('',(0.00115647546336415,0.00137639330619526,0.0701907826784657));
#4881=CARTESIAN_POINT('',(0.00115647546336416,0.00137639330619527,0.0701907826784661));
#4882=CARTESIAN_POINT('',(0.00120179723019962,0.00196464999969815,0.0701907826784663));
#4883=CARTESIAN_POINT('',(0.00178846502382461,0.00190203290999274,0.0701907826784663));
#4884=CARTESIAN_POINT('',(0.0211331891896839,-0.000162696638113384,0.0701907826784686));
#4885=CARTESIAN_POINT('',(0.00197479599828525,0.00321923054675797,0.0701907826784663));
#4886=CARTESIAN_POINT('',(0.00139377906743468,0.00332179431260631,0.0701907826784663));
#4887=CARTESIAN_POINT('',(0.00151340025628148,0.00389954059877254,0.0701907826784659));
#4888=CARTESIAN_POINT('',(0.000889314139630889,0.00402875635489953,0.0701907826784655));
#4889=CARTESIAN_POINT('',(0.00088931418028379,0.00402875634648242,0.0701907827205491));
#4890=CARTESIAN_POINT('',(-0.00221556004518091,0.00619937135644661,0.0701907826784651));
#4891=CARTESIAN_POINT('',(-0.0017538885695347,0.00571176004707705,0.0701907826784652));
#4892=CARTESIAN_POINT('',(-0.00101933961788583,0.00505328484643129,0.0701907826784653));
#4893=CARTESIAN_POINT('',(-9.34401568960715E-5,0.00444947010338345,0.0701907826784654));
#4894=CARTESIAN_POINT('',(0.000459805625153435,0.00417859046953705,0.0701907826784655));
#4895=CARTESIAN_POINT('',(0.000741116869326699,0.00405944029711097,0.0701907826784655));
#4896=CARTESIAN_POINT('',(0.000889314139630903,0.00402875635489953,0.0701907826784655));
#4897=CARTESIAN_POINT('',(-0.0022155600299323,0.0061993713403412,0.0701907827205486));
#4898=CARTESIAN_POINT('',(0.0211331891896749,-0.000162696638110738,0.0701907826784682));
#4899=CARTESIAN_POINT('',(-0.00176735784419374,0.00766066233033262,0.0701907827205486));
#4900=CARTESIAN_POINT('',(0.00202059998157288,0.00771713134203905,0.0701907826784657));
#4901=CARTESIAN_POINT('',(0.00188068440008992,0.00777481639464159,0.0701907826784656));
#4902=CARTESIAN_POINT('',(0.00158094487768507,0.00783388413876723,0.0701907826784656));
#4903=CARTESIAN_POINT('',(0.000970963239480521,0.0079197856663053,0.0701907826784655));
#4904=CARTESIAN_POINT('',(-0.000134258369246631,0.00793894947534066,0.0701907826784654));
#4905=CARTESIAN_POINT('',(-0.00111168375962648,0.00780556522766443,0.0701907826784653));
#4906=CARTESIAN_POINT('',(-0.00176735783779166,0.00766066234907256,0.0701907826784652));
#4907=CARTESIAN_POINT('',(0.00202059998157288,0.00771713134203906,0.0701907827205492));
#4908=CARTESIAN_POINT('',(0.00260981037476767,0.00747420891578179,0.0701907826784658));
#4909=CARTESIAN_POINT('',(0.00260981037476769,0.00747420891578179,0.0701907826784662));
#4910=CARTESIAN_POINT('',(0.00283469525179372,0.00801966908122465,0.0701907826784664));
#4911=CARTESIAN_POINT('',(0.00337329973496401,0.00777882637174631,0.0701907826784664));
#4912=CARTESIAN_POINT('',(0.0211331891896839,-0.000162696638113384,0.0701907826784686));
#4913=CARTESIAN_POINT('',(0.00395754747712337,0.00897397632975363,0.0701907826784664));
#4914=CARTESIAN_POINT('',(0.00343666148561438,0.00925106437325189,0.0701907826784664));
#4915=CARTESIAN_POINT('',(0.00372896141761651,0.00976356876323461,0.0701907826784663));
#4916=CARTESIAN_POINT('',(0.00317535011423086,0.0100793134661058,0.0701907826784659));
#4917=CARTESIAN_POINT('',(0.00317535015029216,0.0100793134455387,0.0701907827205495));
#4918=CARTESIAN_POINT('',(0.000893196212212239,0.013103149896198,0.0701907826784655));
#4919=CARTESIAN_POINT('',(0.00118159169626936,0.0124967396512112,0.0701907826784655));
#4920=CARTESIAN_POINT('',(0.00167670923589765,0.0116435044115574,0.0701907826784656));
#4921=CARTESIAN_POINT('',(0.00237070293465063,0.0107831237970177,0.0701907826784657));
#4922=CARTESIAN_POINT('',(0.00281316453049279,0.0103545396073982,0.0701907826784657));
#4923=CARTESIAN_POINT('',(0.00304388799420909,0.0101542911043337,0.0701907826784658));
#4924=CARTESIAN_POINT('',(0.00317535011423085,0.0100793134661058,0.0701907826784658));
#4925=CARTESIAN_POINT('',(0.000893196221737756,0.0131031498761687,0.0701907827205489));
#4926=CARTESIAN_POINT('',(0.0211331891896764,-0.000162696638108126,0.0701907826784682));
#4927=CARTESIAN_POINT('',(0.00177102558073653,0.0143544181020943,0.0701907827205494));
#4928=CARTESIAN_POINT('',(0.0053910374386558,0.013237579981509,0.0701907826784661));
#4929=CARTESIAN_POINT('',(0.00527579547473102,0.0133356780191355,0.0701907826784661));
#4930=CARTESIAN_POINT('',(0.00500897918551065,0.0134844793883979,0.070190782678466));
#4931=CARTESIAN_POINT('',(0.0044553972055279,0.0137546712883847,0.0701907826784659));
#4932=CARTESIAN_POINT('',(0.0034101909352673,0.0141144294134919,0.0701907826784658));
#4933=CARTESIAN_POINT('',(0.00243938614923666,0.0142896145119292,0.0701907826784657));
#4934=CARTESIAN_POINT('',(0.00177102559261609,0.0143544181179387,0.0701907826784656));
#4935=CARTESIAN_POINT('',(0.00539103743865579,0.013237579981509,0.0701907827205495));
#4936=CARTESIAN_POINT('',(0.00587634266454426,0.0128244710003032,0.0701907826784661));
#4937=CARTESIAN_POINT('',(0.00587634266454424,0.0128244710003032,0.0701907826784663));
#4938=CARTESIAN_POINT('',(0.00625877735313255,0.0132737411962481,0.0701907826784665));
#4939=CARTESIAN_POINT('',(0.00669659616635731,0.0128782482294504,0.0701907826784665));
#4940=CARTESIAN_POINT('',(0.0211331891896839,-0.000162696638113384,0.0701907826784682));
#4941=CARTESIAN_POINT('',(0.00762157043651948,0.0138343609037107,0.0701907826784665));
#4942=CARTESIAN_POINT('',(0.00721180333442707,0.0142588499165753,0.0701907826784665));
#4943=CARTESIAN_POINT('',(0.00764816965566675,0.014655944909855,0.0701907826784666));
#4944=CARTESIAN_POINT('',(0.00721922449715819,0.0151273112680305,0.0701907826784664));
#4945=CARTESIAN_POINT('',(0.00721922452509979,0.0151273112373256,0.0701907827205498));
#4946=CARTESIAN_POINT('',(0.00598318400256359,0.0187083749485833,0.0701907826784661));
#4947=CARTESIAN_POINT('',(0.00607007333567813,0.0180425254278588,0.0701907826784661));
#4948=CARTESIAN_POINT('',(0.00627729390882589,0.0170780507593035,0.0701907826784662));
#4949=CARTESIAN_POINT('',(0.00667144890676846,0.0160453243224465,0.0701907826784662));
#4950=CARTESIAN_POINT('',(0.0069598150925912,0.0155009883836536,0.0701907826784663));
#4951=CARTESIAN_POINT('',(0.00711736595567687,0.015239243268648,0.0701907826784663));
#4952=CARTESIAN_POINT('',(0.00721922449715817,0.0151273112680305,0.0701907826784663));
#4953=CARTESIAN_POINT('',(0.00598318400543349,0.0187083749265908,0.0701907827205496));
#4954=CARTESIAN_POINT('',(0.0211331891896783,-0.000162696638106084,0.0701907826784684));
#4955=CARTESIAN_POINT('',(0.00720471248383677,0.0196271375363985,0.0701907827205499));
#4956=CARTESIAN_POINT('',(0.0103024263911501,0.017446316180233,0.0701907826784667));
#4957=CARTESIAN_POINT('',(0.0102231387311498,0.0175752246834709,0.0701907826784667));
#4958=CARTESIAN_POINT('',(0.010015363512522,0.0177991939630876,0.0701907826784667));
#4959=CARTESIAN_POINT('',(0.00957236965199398,0.0182272279698141,0.0701907826784666));
#4960=CARTESIAN_POINT('',(0.0086894907923123,0.0188923647791255,0.0701907826784665));
#4961=CARTESIAN_POINT('',(0.00782033574708804,0.0193589708856563,0.0701907826784664));
#4962=CARTESIAN_POINT('',(0.00720471250003117,0.0196271375477964,0.0701907826784663));
#4963=CARTESIAN_POINT('',(0.0103024263911501,0.017446316180233,0.0701907827205504));
#4964=CARTESIAN_POINT('',(0.0106363213929018,0.0169034586294588,0.0701907826784666));
#4965=CARTESIAN_POINT('',(0.0106363213929019,0.0169034586294588,0.0701907826784672));
#4966=CARTESIAN_POINT('',(0.0111388705211542,0.0172125611588771,0.0701907826784676));
#4967=CARTESIAN_POINT('',(0.011433046908532,0.0167011315419117,0.0701907826784676));
#4968=CARTESIAN_POINT('',(0.0211331891896839,-0.000162696638113384,0.0701907826784686));
#4969=CARTESIAN_POINT('',(0.0126082047804588,0.0173246159622398,0.0701907826784676));
#4970=CARTESIAN_POINT('',(0.012349667426751,0.0178549540023027,0.0701907826784676));
#4971=CARTESIAN_POINT('',(0.0128873855613624,0.0180977691742135,0.0701907826784674));
#4972=CARTESIAN_POINT('',(0.0126250946884824,0.0186786165643526,0.070190782678467));
#4973=CARTESIAN_POINT('',(0.0126250947055681,0.0186786165265161,0.0701907827205506));
#4974=CARTESIAN_POINT('',(0.0125561598569233,0.0224663680315756,0.0701907826784669));
#4975=CARTESIAN_POINT('',(0.0124330377057803,0.0218062572254557,0.0701907826784669));
#4976=CARTESIAN_POINT('',(0.0123320771189524,0.0208249526284381,0.0701907826784669));
#4977=CARTESIAN_POINT('',(0.0123878107786476,0.0197209708283335,0.070190782678467));
#4978=CARTESIAN_POINT('',(0.0124938542630171,0.0191141665346676,0.0701907826784669));
#4979=CARTESIAN_POINT('',(0.0125628103492717,0.0188165462432632,0.070190782678467));
#4980=CARTESIAN_POINT('',(0.0126250946884824,0.0186786165643526,0.070190782678467));
#4981=CARTESIAN_POINT('',(0.0125561598528566,0.0224663680097726,0.0701907827205505));
#4982=CARTESIAN_POINT('',(0.0211331891896809,-0.000162696638104751,0.0701907826784686));
#4983=CARTESIAN_POINT('',(0.0140018157323092,0.0229626901178189,0.0701907827205507));
#4984=CARTESIAN_POINT('',(0.0162740058687265,0.0199313595150908,0.0701907826784675));
#4985=CARTESIAN_POINT('',(0.0162384337412426,0.0200784600214843,0.0701907826784674));
#4986=CARTESIAN_POINT('',(0.0161100380792597,0.0203556735378811,0.0701907826784674));
#4987=CARTESIAN_POINT('',(0.0158209956637756,0.0208996507004806,0.0701907826784674));
#4988=CARTESIAN_POINT('',(0.0151868665488367,0.0218050579688197,0.0701907826784673));
#4989=CARTESIAN_POINT('',(0.0145044401960041,0.0225174104267024,0.0701907826784672));
#4990=CARTESIAN_POINT('',(0.014001815751233,0.0229626901236547,0.0701907826784671));
#4991=CARTESIAN_POINT('',(0.0162740058687265,0.0199313595150908,0.0701907827205509));
#4992=CARTESIAN_POINT('',(0.0164238066771869,0.0193118920741287,0.0701907826784675));
#4993=CARTESIAN_POINT('',(0.0164238066771869,0.0193118920741286,0.0701907826784677));
#4994=CARTESIAN_POINT('',(0.0169972772349643,0.0194505698277969,0.0701907826784677));
#4995=CARTESIAN_POINT('',(0.0171190151620512,0.0188732658549122,0.0701907826784677));
#4996=CARTESIAN_POINT('',(0.0211331891896839,-0.000162696638113384,0.0701907826784682));
#4997=CARTESIAN_POINT('',(0.018429323995432,0.0191030910221749,0.0701907826784683));
#4998=CARTESIAN_POINT('',(0.0183473238276256,0.0196873649069924,0.0701907826784687));
#4999=CARTESIAN_POINT('',(0.0189337581780902,0.019752131816715,0.0701907826784683));
#5000=CARTESIAN_POINT('',(0.0188637964489643,0.020385602849269,0.0701907826784677));
#5001=CARTESIAN_POINT('',(0.0188637964535217,0.0203856028080046,0.0701907827205515));
#5002=CARTESIAN_POINT('',(0.0199687151020507,0.0240092705987342,0.0701907826784679));
#5003=CARTESIAN_POINT('',(0.0196476335206502,0.0234195147521835,0.0701907826784679));
#5004=CARTESIAN_POINT('',(0.0192483744995148,0.0225174371578123,0.0701907826784678));
#5005=CARTESIAN_POINT('',(0.0189602312220332,0.0214502654249471,0.0701907826784678));
#5006=CARTESIAN_POINT('',(0.0188735717298512,0.0208403910085266,0.0701907826784678));
#5007=CARTESIAN_POINT('',(0.0188471831371063,0.020536028688488,0.0701907826784678));
#5008=CARTESIAN_POINT('',(0.0188637964489643,0.020385602849269,0.0701907826784678));
#5009=CARTESIAN_POINT('',(0.0199687150914457,0.024009270579255,0.0701907827205516));
#5010=CARTESIAN_POINT('',(0.0211331891896837,-0.000162696638104183,0.0701907826784686));
#5011=CARTESIAN_POINT('',(0.0214969875019897,0.024034568719525,0.0701907827205518));
#5012=CARTESIAN_POINT('',(0.0227212360656793,0.0204494566301513,0.0701907826784683));
#5013=CARTESIAN_POINT('',(0.022732861518392,0.0206003499172251,0.0701907826784683));
#5014=CARTESIAN_POINT('',(0.022696413675039,0.0209036720799571,0.0701907826784683));
#5015=CARTESIAN_POINT('',(0.0225896161901008,0.0215103441236422,0.0701907826784682));
#5016=CARTESIAN_POINT('',(0.022266309795914,0.0225673942792426,0.0701907826784682));
#5017=CARTESIAN_POINT('',(0.0218374127816314,0.0234557630666408,0.0701907826784681));
#5018=CARTESIAN_POINT('',(0.0214969875217907,0.0240345687192272,0.0701907826784681));
#5019=CARTESIAN_POINT('',(0.0227212360656793,0.0204494566301513,0.0701907827205517));
#5020=CARTESIAN_POINT('',(0.0226722791339925,0.0198140170882063,0.0701907826784683));
#5021=CARTESIAN_POINT('',(0.0226722791339925,0.0198140170882063,0.0701907826784685));
#5022=CARTESIAN_POINT('',(0.0232605358274954,0.0197686953213709,0.0701907826784687));
#5023=CARTESIAN_POINT('',(0.02319791873779,0.0191820275277458,0.0701907826784687));
#5024=CARTESIAN_POINT('',(0.0211331891896839,-0.000162696638113384,0.0701907826784682));
#5025=CARTESIAN_POINT('',(0.0245151163745553,0.0189956965532851,0.0701907826784687));
#5026=CARTESIAN_POINT('',(0.0246176801404036,0.0195767134841357,0.0701907826784687));
#5027=CARTESIAN_POINT('',(0.0251954264265698,0.0194570922952889,0.0701907826784687));
#5028=CARTESIAN_POINT('',(0.0253246421826968,0.0200811784119395,0.0701907826784687));
#5029=CARTESIAN_POINT('',(0.0253246421742797,0.0200811783712864,0.0701907827205521));
#5030=CARTESIAN_POINT('',(0.0274952571842439,0.0231860525967513,0.0701907826784689));
#5031=CARTESIAN_POINT('',(0.0270076458748719,0.0227243811211079,0.0701907826784688));
#5032=CARTESIAN_POINT('',(0.0263491706742292,0.0219898321694558,0.0701907826784687));
#5033=CARTESIAN_POINT('',(0.0257453559311805,0.0210639327084664,0.0701907826784687));
#5034=CARTESIAN_POINT('',(0.0254744762973346,0.0205106869264173,0.0701907826784686));
#5035=CARTESIAN_POINT('',(0.0253553261249077,0.0202293756822429,0.0701907826784686));
#5036=CARTESIAN_POINT('',(0.0253246421826968,0.0200811784119395,0.0701907826784686));
#5037=CARTESIAN_POINT('',(0.0274952571681385,0.0231860525815026,0.0701907827205525));
#5038=CARTESIAN_POINT('',(0.0211331891896866,-0.000162696638104646,0.0701907826784686));
#5039=CARTESIAN_POINT('',(0.0289565481581299,0.0227378503957641,0.0701907827205527));
#5040=CARTESIAN_POINT('',(0.0290130171698363,0.0189498925699975,0.0701907826784691));
#5041=CARTESIAN_POINT('',(0.0290707022224379,0.019089808151479,0.0701907826784691));
#5042=CARTESIAN_POINT('',(0.0291297699665649,0.0193895476738859,0.0701907826784691));
#5043=CARTESIAN_POINT('',(0.0292156714941024,0.0199995293120896,0.0701907826784691));
#5044=CARTESIAN_POINT('',(0.0292348353031378,0.0211047509208162,0.0701907826784691));
#5045=CARTESIAN_POINT('',(0.0291014510554628,0.0220821763112012,0.0701907826784691));
#5046=CARTESIAN_POINT('',(0.0289565481768698,0.0227378503893621,0.0701907826784691));
#5047=CARTESIAN_POINT('',(0.0290130171698363,0.0189498925699975,0.0701907827205526));
#5048=CARTESIAN_POINT('',(0.028770094743579,0.0183606821768027,0.0701907826784692));
#5049=CARTESIAN_POINT('',(0.028770094743579,0.0183606821768027,0.0701907826784694));
#5050=CARTESIAN_POINT('',(0.0293155549090219,0.0181357972997767,0.0701907826784696));
#5051=CARTESIAN_POINT('',(0.0290747121995436,0.0175971928166065,0.0701907826784696));
#5052=CARTESIAN_POINT('',(0.0211331891896839,-0.000162696638113384,0.0701907826784684));
#5053=CARTESIAN_POINT('',(0.0302698621575509,0.0170129450744471,0.0701907826784696));
#5054=CARTESIAN_POINT('',(0.0305469502010492,0.0175338310659561,0.0701907826784696));
#5055=CARTESIAN_POINT('',(0.0310594545910319,0.0172415311339539,0.0701907826784696));
#5056=CARTESIAN_POINT('',(0.031375199293903,0.0177951424373396,0.0701907826784694));
#5057=CARTESIAN_POINT('',(0.0313751992733353,0.0177951424012772,0.0701907827205528));
#5058=CARTESIAN_POINT('',(0.0343990357239953,0.0200772963393582,0.0701907826784698));
#5059=CARTESIAN_POINT('',(0.0337926254790037,0.0197889008553068,0.0701907826784697));
#5060=CARTESIAN_POINT('',(0.0329393902393555,0.0192937833156713,0.0701907826784696));
#5061=CARTESIAN_POINT('',(0.0320790096248153,0.0185997896169199,0.0701907826784695));
#5062=CARTESIAN_POINT('',(0.0316504254351947,0.0181573280210776,0.0701907826784695));
#5063=CARTESIAN_POINT('',(0.0314501769321323,0.0179266045573614,0.0701907826784694));
#5064=CARTESIAN_POINT('',(0.031375199293903,0.0177951424373396,0.0701907826784694));
#5065=CARTESIAN_POINT('',(0.034399035703966,0.0200772963298326,0.0701907827205535));
#5066=CARTESIAN_POINT('',(0.0211331891896891,-0.000162696638105906,0.0701907826784686));
#5067=CARTESIAN_POINT('',(0.0356503039298924,0.0191994669708332,0.0701907827205537));
#5068=CARTESIAN_POINT('',(0.0345334658093063,0.0155794551129146,0.0701907826784698));
#5069=CARTESIAN_POINT('',(0.0346315638469298,0.0156946970768393,0.0701907826784699));
#5070=CARTESIAN_POINT('',(0.0347803652161966,0.0159615133660597,0.0701907826784699));
#5071=CARTESIAN_POINT('',(0.0350505571161812,0.0165150953460426,0.0701907826784699));
#5072=CARTESIAN_POINT('',(0.0354103152412896,0.0175603016163028,0.0701907826784699));
#5073=CARTESIAN_POINT('',(0.0355855003397272,0.0185311064023352,0.07019078267847));
#5074=CARTESIAN_POINT('',(0.035650303945736,0.0191994669589543,0.07019078267847));
#5075=CARTESIAN_POINT('',(0.0345334658093063,0.0155794551129146,0.0701907827205536));
#5076=CARTESIAN_POINT('',(0.0341203568281005,0.0150941498870262,0.07019078267847));
#5077=CARTESIAN_POINT('',(0.0341203568281005,0.0150941498870262,0.0701907826784702));
#5078=CARTESIAN_POINT('',(0.0345696270240455,0.0147117151984378,0.0701907826784706));
#5079=CARTESIAN_POINT('',(0.0341741340572477,0.0142738963852131,0.0701907826784703));
#5080=CARTESIAN_POINT('',(0.0211331891896839,-0.000162696638113384,0.0701907826784686));
#5081=CARTESIAN_POINT('',(0.0351302467315081,0.0133489221150509,0.0701907826784705));
#5082=CARTESIAN_POINT('',(0.0355547357443727,0.0137586892171433,0.0701907826784705));
#5083=CARTESIAN_POINT('',(0.0359518307376523,0.0133223228959037,0.0701907826784703));
#5084=CARTESIAN_POINT('',(0.0364231970958277,0.0137512680544122,0.0701907826784701));
#5085=CARTESIAN_POINT('',(0.0364231970651239,0.0137512680264716,0.0701907827205535));
#5086=CARTESIAN_POINT('',(0.0400042607763805,0.0149873085490068,0.0701907826784706));
#5087=CARTESIAN_POINT('',(0.0393384112556646,0.0149004192158924,0.0701907826784705));
#5088=CARTESIAN_POINT('',(0.0383739365870985,0.0146931986427444,0.0701907826784704));
#5089=CARTESIAN_POINT('',(0.0373412101502443,0.0142990436448019,0.0701907826784702));
#5090=CARTESIAN_POINT('',(0.0367968742114501,0.0140106774589791,0.0701907826784701));
#5091=CARTESIAN_POINT('',(0.0365351290964467,0.0138531265958938,0.0701907826784701));
#5092=CARTESIAN_POINT('',(0.0364231970958277,0.0137512680544122,0.0701907826784701));
#5093=CARTESIAN_POINT('',(0.0400042607543881,0.0149873085461369,0.0701907827205542));
#5094=CARTESIAN_POINT('',(0.0211331891896913,-0.000162696638107878,0.0701907826784682));
#5095=CARTESIAN_POINT('',(0.0409230233641958,0.0137657800677336,0.0701907827205545));
#5096=CARTESIAN_POINT('',(0.0387422020080303,0.0106680661604203,0.0701907826784704));
#5097=CARTESIAN_POINT('',(0.0388711105112682,0.0107473538204205,0.0701907826784704));
#5098=CARTESIAN_POINT('',(0.0390950797908848,0.0109551290390484,0.0701907826784705));
#5099=CARTESIAN_POINT('',(0.0395231137976115,0.0113981228995764,0.0701907826784705));
#5100=CARTESIAN_POINT('',(0.0401882506069219,0.0122810017592587,0.0701907826784706));
#5101=CARTESIAN_POINT('',(0.0406548567134565,0.0131501568044795,0.0701907826784707));
#5102=CARTESIAN_POINT('',(0.0409230233755936,0.0137657800515392,0.0701907826784707));
#5103=CARTESIAN_POINT('',(0.0387422020080303,0.0106680661604203,0.0701907827205539));
#5104=CARTESIAN_POINT('',(0.0381993444572561,0.0103341711586686,0.0701907826784705));
#5105=CARTESIAN_POINT('',(0.0381993444572561,0.0103341711586686,0.0701907826784705));
#5106=CARTESIAN_POINT('',(0.0385084469866745,0.00983162203041618,0.0701907826784705));
#5107=CARTESIAN_POINT('',(0.037997017369709,0.00953744564303846,0.0701907826784704));
#5108=CARTESIAN_POINT('',(0.0211331891896839,-0.000162696638113384,0.0701907826784682));
#5109=CARTESIAN_POINT('',(0.038620501790037,0.0083622877711117,0.070190782678471));
#5110=CARTESIAN_POINT('',(0.0391508398300998,0.00862082512481941,0.0701907826784714));
#5111=CARTESIAN_POINT('',(0.0393936550020108,0.00808310699020803,0.070190782678471));
#5112=CARTESIAN_POINT('',(0.0399745023921498,0.00834539786308802,0.0701907826784706));
#5113=CARTESIAN_POINT('',(0.0399745023543133,0.00834539784600233,0.0701907827205542));
#5114=CARTESIAN_POINT('',(0.0437622538593727,0.00841433269464716,0.0701907826784711));
#5115=CARTESIAN_POINT('',(0.0431021430532617,0.00853745484579244,0.070190782678471));
#5116=CARTESIAN_POINT('',(0.0421208384562334,0.0086384154326175,0.0701907826784709));
#5117=CARTESIAN_POINT('',(0.0410168566561309,0.00858268177292282,0.0701907826784707));
#5118=CARTESIAN_POINT('',(0.0404100523624648,0.00847663828855343,0.0701907826784707));
#5119=CARTESIAN_POINT('',(0.0401124320710604,0.00840768220229823,0.0701907826784706));
#5120=CARTESIAN_POINT('',(0.0399745023921498,0.00834539786308803,0.0701907826784706));
#5121=CARTESIAN_POINT('',(0.0437622538375698,0.00841433269871377,0.0701907827205544));
#5122=CARTESIAN_POINT('',(0.0211331891896926,-0.000162696638110453,0.0701907826784682));
#5123=CARTESIAN_POINT('',(0.0442585759456162,0.00696867681926135,0.0701907827205546));
#5124=CARTESIAN_POINT('',(0.041227245342888,0.00469648668284389,0.0701907826784708));
#5125=CARTESIAN_POINT('',(0.0413743458492815,0.00473205881032909,0.0701907826784708));
#5126=CARTESIAN_POINT('',(0.0416515593656785,0.00486045447231018,0.0701907826784709));
#5127=CARTESIAN_POINT('',(0.0421955365282776,0.00514949688779514,0.0701907826784709));
#5128=CARTESIAN_POINT('',(0.0431009437966167,0.00578362600273335,0.0701907826784711));
#5129=CARTESIAN_POINT('',(0.043813296254501,0.0064660523555669,0.0701907826784711));
#5130=CARTESIAN_POINT('',(0.0442585759514519,0.00696867680033743,0.0701907826784712));
#5131=CARTESIAN_POINT('',(0.041227245342888,0.00469648668284387,0.0701907827205543));
#5132=CARTESIAN_POINT('',(0.040607777901926,0.00454668587438348,0.0701907826784707));
#5133=CARTESIAN_POINT('',(0.040607777901926,0.00454668587438346,0.0701907826784711));
#5134=CARTESIAN_POINT('',(0.0407464556555943,0.00397321531660612,0.0701907826784713));
#5135=CARTESIAN_POINT('',(0.0401691516827095,0.00385147738951923,0.0701907826784711));
#5136=CARTESIAN_POINT('',(0.0211331891896839,-0.000162696638113384,0.0701907826784686));
#5137=CARTESIAN_POINT('',(0.040398976849972,0.00254116855613842,0.0701907826784713));
#5138=CARTESIAN_POINT('',(0.0409832507347896,0.00262316872394494,0.0701907826784713));
#5139=CARTESIAN_POINT('',(0.0410480176445122,0.00203673437348019,0.0701907826784711));
#5140=CARTESIAN_POINT('',(0.0416814886770663,0.00210669610260606,0.0701907826784709));
#5141=CARTESIAN_POINT('',(0.0416814886358019,0.00210669609804873,0.0701907827205543));
#5142=CARTESIAN_POINT('',(0.0453051564265315,0.00100177744951964,0.0701907826784713));
#5143=CARTESIAN_POINT('',(0.0447154005799837,0.00132285903092284,0.0701907826784713));
#5144=CARTESIAN_POINT('',(0.0438133229856091,0.00172211805205472,0.0701907826784712));
#5145=CARTESIAN_POINT('',(0.0427461512527441,0.00201026132953752,0.070190782678471));
#5146=CARTESIAN_POINT('',(0.0421362768363244,0.00209692082171882,0.0701907826784709));
#5147=CARTESIAN_POINT('',(0.0418319145162839,0.00212330941446452,0.0701907826784709));
#5148=CARTESIAN_POINT('',(0.0416814886770663,0.00210669610260606,0.0701907826784709));
#5149=CARTESIAN_POINT('',(0.0453051564070523,0.00100177746012467,0.0701907827205551));
#5150=CARTESIAN_POINT('',(0.021133189189693,-0.000162696638113242,0.0701907826784688));
#5151=CARTESIAN_POINT('',(0.0453304545473222,-0.000526494950419227,0.0701907827205552));
#5152=CARTESIAN_POINT('',(0.0417453424579485,-0.00175074351410889,0.0701907826784709));
#5153=CARTESIAN_POINT('',(0.0418962357450238,-0.00176236896682163,0.0701907826784709));
#5154=CARTESIAN_POINT('',(0.0421995579077536,-0.00172592112346855,0.070190782678471));
#5155=CARTESIAN_POINT('',(0.0428062299514399,-0.00161912363853042,0.070190782678471));
#5156=CARTESIAN_POINT('',(0.0438632801070395,-0.00129581724434366,0.0701907826784712));
#5157=CARTESIAN_POINT('',(0.0447516488944382,-0.000866920230060812,0.0701907826784713));
#5158=CARTESIAN_POINT('',(0.0453304545470245,-0.000526494970220283,0.0701907826784713));
#5159=CARTESIAN_POINT('',(0.0417453424579485,-0.00175074351410886,0.0701907827205542));
#5160=CARTESIAN_POINT('',(0.0411099029160035,-0.00170178658242216,0.0701907826784708));
#5161=CARTESIAN_POINT('',(0.0411099029160035,-0.00170178658242215,0.070190782678471));
#5162=CARTESIAN_POINT('',(0.041064581149168,-0.00229004327592504,0.0701907826784712));
#5163=CARTESIAN_POINT('',(0.0211331891896888,-0.000162696638114417,0.0701907826784682));
#5164=CARTESIAN_POINT('',(0.0211331891896888,-0.00761269663811442,0.0701907826784681));
#5165=CARTESIAN_POINT('',(0.0408725993119323,-0.00364718758883316,0.0751907826784712));
#5166=CARTESIAN_POINT('',(0.0407529781230855,-0.00422493387499941,0.0751907826784712));
#5167=CARTESIAN_POINT('',(0.0407529781230852,-0.00422493387499938,0.0776907826784703));
#5168=CARTESIAN_POINT('',(0.0402915823810818,-0.00354462382298471,0.0751907826784708));
#5169=CARTESIAN_POINT('',(0.0402915823810815,-0.00354462382298472,0.0776907826784713));
#5170=CARTESIAN_POINT('',(0.040872599311932,-0.00364718758883314,0.0776907826784714));
#5171=CARTESIAN_POINT('',(0.0413770642397362,-0.00435414963112638,0.0751907826784711));
#5172=CARTESIAN_POINT('',(0.0407529781230852,-0.00422493387499938,0.077690782678469));
#5173=CARTESIAN_POINT('',(0.0413770641990827,-0.00435414962270923,0.077690782678469));
#5174=CARTESIAN_POINT('',(0.0413770642397368,-0.00435414963112641,0.0701907826784711));
#5175=CARTESIAN_POINT('',(0.0413770642397365,-0.00435414963112639,0.0726907826784712));
#5176=CARTESIAN_POINT('',(0.0413770642397361,-0.00435414963112637,0.0751907826784713));
#5177=CARTESIAN_POINT('',(0.0413770642397358,-0.00435414963112635,0.0776907826784714));
#5178=CARTESIAN_POINT('',(0.0394316831275733,-0.00834506235745151,0.0751907826784711));
#5179=CARTESIAN_POINT('',(0.0396565680045994,-0.00779960219200863,0.0751907826784711));
#5180=CARTESIAN_POINT('',(0.0396565680045991,-0.0077996021920086,0.0776907826784701));
#5181=CARTESIAN_POINT('',(0.039431683127573,-0.00834506235745149,0.0776907826784711));
#5182=CARTESIAN_POINT('',(0.0388930786444027,-0.00810421964797317,0.0776907826784711));
#5183=CARTESIAN_POINT('',(0.038893078644403,-0.00810421964797319,0.0751907826784711));
#5184=CARTESIAN_POINT('',(0.0391098921269217,-0.00757421609543671,0.0751907826784711));
#5185=CARTESIAN_POINT('',(0.0402457783977938,-0.00804252461826589,0.0776907826784713));
#5186=CARTESIAN_POINT('',(0.0402457783977941,-0.00804252461826591,0.0751907826784712));
#5187=CARTESIAN_POINT('',(0.0402457783977945,-0.00804252461826592,0.0726907826784712));
#5188=CARTESIAN_POINT('',(0.0402457783977948,-0.00804252461826594,0.0701907826784711));
#5189=CARTESIAN_POINT('',(0.0402457783977938,-0.00804252461826588,0.0776907826363865));
#5190=CARTESIAN_POINT('',(0.0402457783977938,-0.00804252461826588,0.0776907826784691));
#5191=CARTESIAN_POINT('',(0.0388297168937526,-0.00957645764947879,0.075190782678471));
#5192=CARTESIAN_POINT('',(0.0385374169617505,-0.0100889620394615,0.075190782678471));
#5193=CARTESIAN_POINT('',(0.0385374169617501,-0.0100889620394615,0.07769078267847));
#5194=CARTESIAN_POINT('',(0.0383088309022436,-0.00929936960598044,0.075190782678471));
#5195=CARTESIAN_POINT('',(0.0383088309022433,-0.00929936960598046,0.077690782678471));
#5196=CARTESIAN_POINT('',(0.0388297168937523,-0.00957645764947877,0.077690782678471));
#5197=CARTESIAN_POINT('',(0.0390910282651361,-0.0104047067423326,0.075190782678471));
#5198=CARTESIAN_POINT('',(0.0385374169617502,-0.0100889620394615,0.077690782678469));
#5199=CARTESIAN_POINT('',(0.0390910282290735,-0.0104047067217649,0.077690782678469));
#5200=CARTESIAN_POINT('',(0.0390910282651368,-0.0104047067423327,0.070190782678471));
#5201=CARTESIAN_POINT('',(0.0390910282651365,-0.0104047067423327,0.072690782678471));
#5202=CARTESIAN_POINT('',(0.0390910282651361,-0.0104047067423326,0.075190782678471));
#5203=CARTESIAN_POINT('',(0.0390910282651358,-0.0104047067423326,0.077690782678471));
#5204=CARTESIAN_POINT('',(0.0360076010262344,-0.013599134472475,0.0751907826784709));
#5205=CARTESIAN_POINT('',(0.0363900357148228,-0.01314986427653,0.075190782678471));
#5206=CARTESIAN_POINT('',(0.0363900357148224,-0.01314986427653,0.0776907826784699));
#5207=CARTESIAN_POINT('',(0.036007601026234,-0.013599134472475,0.0776907826784707));
#5208=CARTESIAN_POINT('',(0.0355697822130093,-0.0132036415056773,0.0776907826784707));
#5209=CARTESIAN_POINT('',(0.0355697822130096,-0.0132036415056773,0.075190782678471));
#5210=CARTESIAN_POINT('',(0.0359397641931926,-0.0127665772240857,0.075190782678471));
#5211=CARTESIAN_POINT('',(0.0368753409407109,-0.0135629732577358,0.0776907826784709));
#5212=CARTESIAN_POINT('',(0.0368753409407112,-0.0135629732577358,0.0751907826784709));
#5213=CARTESIAN_POINT('',(0.0368753409407115,-0.0135629732577358,0.072690782678471));
#5214=CARTESIAN_POINT('',(0.0368753409407118,-0.0135629732577358,0.070190782678471));
#5215=CARTESIAN_POINT('',(0.0368753409407109,-0.0135629732577358,0.0776907826363862));
#5216=CARTESIAN_POINT('',(0.0368753409407109,-0.0135629732577358,0.077690782678469));
#5217=CARTESIAN_POINT('',(0.03505457504494,-0.0145842431928022,0.0751907826784709));
#5218=CARTESIAN_POINT('',(0.0346182087237003,-0.0149813381860819,0.0751907826784709));
#5219=CARTESIAN_POINT('',(0.0346182087237,-0.0149813381860819,0.0776907826784698));
#5220=CARTESIAN_POINT('',(0.0346448079428475,-0.0141597541799376,0.0751907826784701));
#5221=CARTESIAN_POINT('',(0.0346448079428472,-0.0141597541799376,0.0776907826784705));
#5222=CARTESIAN_POINT('',(0.0350545750449397,-0.0145842431928022,0.0776907826784706));
#5223=CARTESIAN_POINT('',(0.0350471538822088,-0.0154527045442574,0.0751907826784709));
#5224=CARTESIAN_POINT('',(0.0346182087237,-0.0149813381860818,0.0776907826784689));
#5225=CARTESIAN_POINT('',(0.035047153854267,-0.0154527045135524,0.0776907826784689));
#5226=CARTESIAN_POINT('',(0.0350471538822094,-0.0154527045442573,0.0701907826784709));
#5227=CARTESIAN_POINT('',(0.0350471538822091,-0.0154527045442573,0.0726907826784708));
#5228=CARTESIAN_POINT('',(0.0350471538822088,-0.0154527045442573,0.0751907826784707));
#5229=CARTESIAN_POINT('',(0.0350471538822085,-0.0154527045442573,0.0776907826784706));
#5230=CARTESIAN_POINT('',(0.0311275078582129,-0.0175379544351039,0.0751907826784699));
#5231=CARTESIAN_POINT('',(0.0316300569864651,-0.0172288519056856,0.0751907826784699));
#5232=CARTESIAN_POINT('',(0.0316300569864648,-0.0172288519056856,0.0776907826784696));
#5233=CARTESIAN_POINT('',(0.0311275078582126,-0.0175379544351039,0.0776907826784702));
#5234=CARTESIAN_POINT('',(0.0308333314708347,-0.0170265248181386,0.0776907826784701));
#5235=CARTESIAN_POINT('',(0.0308333314708349,-0.0170265248181386,0.0751907826784699));
#5236=CARTESIAN_POINT('',(0.0313202655346458,-0.0167251827045801,0.0751907826784699));
#5237=CARTESIAN_POINT('',(0.0319639519882166,-0.0177717094564599,0.0776907826784703));
#5238=CARTESIAN_POINT('',(0.0319639519882169,-0.0177717094564599,0.0751907826784701));
#5239=CARTESIAN_POINT('',(0.0319639519882172,-0.0177717094564599,0.07269078267847));
#5240=CARTESIAN_POINT('',(0.0319639519882176,-0.01777170945646,0.0701907826784699));
#5241=CARTESIAN_POINT('',(0.0319639519882166,-0.0177717094564599,0.077690782636386));
#5242=CARTESIAN_POINT('',(0.0319639519882166,-0.0177717094564599,0.077690782678469));
#5243=CARTESIAN_POINT('',(0.029916710952616,-0.0181803472785295,0.0751907826784699));
#5244=CARTESIAN_POINT('',(0.0293789928180046,-0.0184231624504404,0.0751907826784698));
#5245=CARTESIAN_POINT('',(0.0293789928180044,-0.0184231624504403,0.0776907826784693));
#5246=CARTESIAN_POINT('',(0.0296581735989082,-0.0176500092384665,0.0751907826784695));
#5247=CARTESIAN_POINT('',(0.0296581735989079,-0.0176500092384665,0.0776907826784699));
#5248=CARTESIAN_POINT('',(0.0299167109526157,-0.0181803472785295,0.07769078267847));
#5249=CARTESIAN_POINT('',(0.0296412836908846,-0.0190040098405794,0.0751907826784698));
#5250=CARTESIAN_POINT('',(0.0293789928180044,-0.0184231624504404,0.0776907826784689));
#5251=CARTESIAN_POINT('',(0.0296412836737986,-0.0190040098027429,0.0776907826784689));
#5252=CARTESIAN_POINT('',(0.0296412836908852,-0.0190040098405794,0.0701907826784698));
#5253=CARTESIAN_POINT('',(0.0296412836908849,-0.0190040098405794,0.0726907826784698));
#5254=CARTESIAN_POINT('',(0.0296412836908846,-0.0190040098405794,0.0751907826784699));
#5255=CARTESIAN_POINT('',(0.0296412836908843,-0.0190040098405794,0.0776907826784699));
#5256=CARTESIAN_POINT('',(0.0252691011444027,-0.0197759631040239,0.0751907826784698));
#5257=CARTESIAN_POINT('',(0.0258425717021801,-0.0196372853503556,0.0751907826784698));
#5258=CARTESIAN_POINT('',(0.0258425717021798,-0.0196372853503555,0.0776907826784692));
#5259=CARTESIAN_POINT('',(0.0252691011444024,-0.0197759631040239,0.0776907826784693));
#5260=CARTESIAN_POINT('',(0.0251473632173155,-0.0191986591311391,0.0776907826784693));
#5261=CARTESIAN_POINT('',(0.0251473632173159,-0.0191986591311392,0.0751907826784698));
#5262=CARTESIAN_POINT('',(0.0257035848659197,-0.0190625366512628,0.0751907826784698));
#5263=CARTESIAN_POINT('',(0.0259923725106402,-0.0202567527913176,0.0776907826784694));
#5264=CARTESIAN_POINT('',(0.0259923725106406,-0.0202567527913176,0.0751907826784695));
#5265=CARTESIAN_POINT('',(0.0259923725106409,-0.0202567527913176,0.0726907826784696));
#5266=CARTESIAN_POINT('',(0.0259923725106412,-0.0202567527913176,0.0701907826784698));
#5267=CARTESIAN_POINT('',(0.0259923725106402,-0.0202567527913176,0.0776907826363857));
#5268=CARTESIAN_POINT('',(0.0259923725106402,-0.0202567527913176,0.0776907826784689));
#5269=CARTESIAN_POINT('',(0.0239190545517415,-0.0200127581832192,0.0751907826784688));
#5270=CARTESIAN_POINT('',(0.0233326202012768,-0.0200775250929418,0.0751907826784688));
#5271=CARTESIAN_POINT('',(0.0233326202012765,-0.0200775250929418,0.077690782678469));
#5272=CARTESIAN_POINT('',(0.0238370543839349,-0.0194284842984015,0.0751907826784688));
#5273=CARTESIAN_POINT('',(0.0238370543839347,-0.0194284842984016,0.0776907826784692));
#5274=CARTESIAN_POINT('',(0.0239190545517411,-0.0200127581832192,0.0776907826784692));
#5275=CARTESIAN_POINT('',(0.0234025819304027,-0.0207109961254959,0.0751907826784688));
#5276=CARTESIAN_POINT('',(0.0233326202012765,-0.0200775250929418,0.0776907826784689));
#5277=CARTESIAN_POINT('',(0.0234025819258451,-0.0207109960842314,0.0776907826784689));
#5278=CARTESIAN_POINT('',(0.0234025819304033,-0.0207109961254959,0.0701907826784688));
#5279=CARTESIAN_POINT('',(0.023402581930403,-0.0207109961254959,0.0726907826784689));
#5280=CARTESIAN_POINT('',(0.0234025819304027,-0.0207109961254959,0.0751907826784691));
#5281=CARTESIAN_POINT('',(0.0234025819304024,-0.0207109961254959,0.0776907826784692));
#5282=CARTESIAN_POINT('',(0.0190058425518716,-0.0200940885975977,0.0751907826784688));
#5283=CARTESIAN_POINT('',(0.0195940992453745,-0.0201394103644329,0.0751907826784688));
#5284=CARTESIAN_POINT('',(0.0195940992453741,-0.020139410364433,0.0776907826784687));
#5285=CARTESIAN_POINT('',(0.0190058425518712,-0.0200940885975977,0.0776907826784685));
#5286=CARTESIAN_POINT('',(0.0190684596415766,-0.0195074208039726,0.0776907826784685));
#5287=CARTESIAN_POINT('',(0.019068459641577,-0.0195074208039726,0.0751907826784688));
#5288=CARTESIAN_POINT('',(0.0196395220245843,-0.0195498425745298,0.0751907826784688));
#5289=CARTESIAN_POINT('',(0.0195451423136875,-0.020774849906378,0.0776907826784686));
#5290=CARTESIAN_POINT('',(0.0195451423136878,-0.020774849906378,0.0751907826784687));
#5291=CARTESIAN_POINT('',(0.0195451423136881,-0.020774849906378,0.0726907826784687));
#5292=CARTESIAN_POINT('',(0.0195451423136885,-0.020774849906378,0.0701907826784688));
#5293=CARTESIAN_POINT('',(0.0195451423136875,-0.0207748499063781,0.0776907826363855));
#5294=CARTESIAN_POINT('',(0.0195451423136875,-0.0207748499063781,0.0776907826784689));
#5295=CARTESIAN_POINT('',(0.0176486982389634,-0.0199021067603625,0.0751907826784688));
#5296=CARTESIAN_POINT('',(0.0170709519527972,-0.0197824855715158,0.0751907826784688));
#5297=CARTESIAN_POINT('',(0.0170709519527968,-0.0197824855715158,0.0776907826784686));
#5298=CARTESIAN_POINT('',(0.0177512620048118,-0.019321089829512,0.0751907826784678));
#5299=CARTESIAN_POINT('',(0.0177512620048115,-0.019321089829512,0.0776907826784684));
#5300=CARTESIAN_POINT('',(0.017648698238963,-0.0199021067603625,0.0776907826784684));
#5301=CARTESIAN_POINT('',(0.0169417361966702,-0.0204065716881663,0.0751907826784678));
#5302=CARTESIAN_POINT('',(0.0170709519527969,-0.0197824855715158,0.0776907826784689));
#5303=CARTESIAN_POINT('',(0.0169417362050871,-0.0204065716475132,0.0776907826784689));
#5304=CARTESIAN_POINT('',(0.0169417361966708,-0.0204065716881664,0.0701907826784678));
#5305=CARTESIAN_POINT('',(0.0169417361966705,-0.0204065716881664,0.072690782678468));
#5306=CARTESIAN_POINT('',(0.0169417361966702,-0.0204065716881663,0.0751907826784681));
#5307=CARTESIAN_POINT('',(0.0169417361966699,-0.0204065716881663,0.0776907826784683));
#5308=CARTESIAN_POINT('',(0.0129508234703451,-0.0184611905760035,0.0751907826784679));
#5309=CARTESIAN_POINT('',(0.013496283635788,-0.0186860754530296,0.0751907826784678));
#5310=CARTESIAN_POINT('',(0.0134962836357877,-0.0186860754530296,0.0776907826784683));
#5311=CARTESIAN_POINT('',(0.0129508234703448,-0.0184611905760035,0.0776907826784677));
#5312=CARTESIAN_POINT('',(0.0131916661798231,-0.0179225860928333,0.0776907826784678));
#5313=CARTESIAN_POINT('',(0.0131916661798234,-0.0179225860928333,0.0751907826784679));
#5314=CARTESIAN_POINT('',(0.0137216697323599,-0.018139399575352,0.0751907826784679));
#5315=CARTESIAN_POINT('',(0.0132533612095304,-0.0192752858462244,0.0776907826784679));
#5316=CARTESIAN_POINT('',(0.0132533612095307,-0.0192752858462244,0.0751907826784678));
#5317=CARTESIAN_POINT('',(0.013253361209531,-0.0192752858462244,0.0726907826784678));
#5318=CARTESIAN_POINT('',(0.0132533612095313,-0.0192752858462245,0.0701907826784678));
#5319=CARTESIAN_POINT('',(0.0132533612095304,-0.0192752858462244,0.0776907826363852));
#5320=CARTESIAN_POINT('',(0.0132533612095304,-0.0192752858462244,0.0776907826784689));
#5321=CARTESIAN_POINT('',(0.0117194281783178,-0.0178592243421829,0.0751907826784679));
#5322=CARTESIAN_POINT('',(0.011206923788335,-0.0175669244101808,0.0751907826784679));
#5323=CARTESIAN_POINT('',(0.0112069237883348,-0.0175669244101808,0.0776907826784683));
#5324=CARTESIAN_POINT('',(0.0119965162218161,-0.0173383383506738,0.0751907826784673));
#5325=CARTESIAN_POINT('',(0.0119965162218158,-0.0173383383506738,0.0776907826784677));
#5326=CARTESIAN_POINT('',(0.0117194281783175,-0.0178592243421829,0.0776907826784677));
#5327=CARTESIAN_POINT('',(0.010891179085464,-0.0181205357135664,0.0751907826784679));
#5328=CARTESIAN_POINT('',(0.0112069237883348,-0.0175669244101808,0.077690782678469));
#5329=CARTESIAN_POINT('',(0.0108911791060314,-0.018120535677504,0.077690782678469));
#5330=CARTESIAN_POINT('',(0.0108911790854647,-0.0181205357135664,0.0701907826784679));
#5331=CARTESIAN_POINT('',(0.0108911790854644,-0.0181205357135664,0.0726907826784678));
#5332=CARTESIAN_POINT('',(0.010891179085464,-0.0181205357135664,0.0751907826784677));
#5333=CARTESIAN_POINT('',(0.0108911790854637,-0.0181205357135664,0.0776907826784676));
#5334=CARTESIAN_POINT('',(0.0076967513553216,-0.0150371084746647,0.0751907826784669));
#5335=CARTESIAN_POINT('',(0.00814602155126653,-0.015419543163253,0.0751907826784669));
#5336=CARTESIAN_POINT('',(0.00814602155126619,-0.015419543163253,0.077690782678468));
#5337=CARTESIAN_POINT('',(0.00769675135532127,-0.0150371084746647,0.077690782678467));
#5338=CARTESIAN_POINT('',(0.00809224432211897,-0.0145992896614399,0.0776907826784671));
#5339=CARTESIAN_POINT('',(0.00809224432211928,-0.0145992896614399,0.0751907826784669));
#5340=CARTESIAN_POINT('',(0.00852930860371083,-0.0149692716416228,0.0751907826784669));
#5341=CARTESIAN_POINT('',(0.00773291257006047,-0.0159048483891414,0.077690782678467));
#5342=CARTESIAN_POINT('',(0.0077329125700608,-0.0159048483891414,0.0751907826784669));
#5343=CARTESIAN_POINT('',(0.00773291257006113,-0.0159048483891414,0.0726907826784669));
#5344=CARTESIAN_POINT('',(0.00773291257006146,-0.0159048483891414,0.0701907826784669));
#5345=CARTESIAN_POINT('',(0.00773291257006046,-0.0159048483891414,0.077690782636385));
#5346=CARTESIAN_POINT('',(0.00773291257006046,-0.0159048483891414,0.077690782678469));
#5347=CARTESIAN_POINT('',(0.00671164263499437,-0.0140840824933702,0.075190782678467));
#5348=CARTESIAN_POINT('',(0.00631454764171475,-0.0136477161721305,0.075190782678467));
#5349=CARTESIAN_POINT('',(0.00631454764171438,-0.0136477161721305,0.077690782678468));
#5350=CARTESIAN_POINT('',(0.00713613164785904,-0.0136743153912777,0.0751907826784665));
#5351=CARTESIAN_POINT('',(0.00713613164785869,-0.0136743153912778,0.077690782678467));
#5352=CARTESIAN_POINT('',(0.00671164263499405,-0.0140840824933702,0.077690782678467));
#5353=CARTESIAN_POINT('',(0.00584318128353928,-0.014076661330639,0.075190782678467));
#5354=CARTESIAN_POINT('',(0.0063145476417144,-0.0136477161721305,0.077690782678469));
#5355=CARTESIAN_POINT('',(0.00584318131424385,-0.0140766613026975,0.077690782678469));
#5356=CARTESIAN_POINT('',(0.00584318128353989,-0.0140766613306391,0.070190782678467));
#5357=CARTESIAN_POINT('',(0.00584318128353957,-0.0140766613306391,0.0726907826784669));
#5358=CARTESIAN_POINT('',(0.00584318128353924,-0.0140766613306391,0.0751907826784669));
#5359=CARTESIAN_POINT('',(0.00584318128353891,-0.014076661330639,0.0776907826784668));
#5360=CARTESIAN_POINT('',(0.00375793139269264,-0.010157015306643,0.075190782678466));
#5361=CARTESIAN_POINT('',(0.00406703392211097,-0.0106595644348954,0.075190782678467));
#5362=CARTESIAN_POINT('',(0.00406703392211067,-0.0106595644348953,0.0776907826784678));
#5363=CARTESIAN_POINT('',(0.00375793139269232,-0.010157015306643,0.0776907826784665));
#5364=CARTESIAN_POINT('',(0.0042693610096577,-0.00986283891926524,0.0776907826784665));
#5365=CARTESIAN_POINT('',(0.00426936100965803,-0.00986283891926525,0.075190782678466));
#5366=CARTESIAN_POINT('',(0.00457070312321651,-0.010349772983076,0.075190782678467));
#5367=CARTESIAN_POINT('',(0.00352417637133636,-0.0109934594366472,0.0776907826784665));
#5368=CARTESIAN_POINT('',(0.00352417637133669,-0.0109934594366472,0.0751907826784663));
#5369=CARTESIAN_POINT('',(0.00352417637133702,-0.0109934594366472,0.0726907826784661));
#5370=CARTESIAN_POINT('',(0.00352417637133735,-0.0109934594366472,0.070190782678466));
#5371=CARTESIAN_POINT('',(0.00352417637133637,-0.0109934594366472,0.0776907826363848));
#5372=CARTESIAN_POINT('',(0.00352417637133638,-0.0109934594366472,0.077690782678469));
#5373=CARTESIAN_POINT('',(0.00311553854926709,-0.00894621840104623,0.075190782678466));
#5374=CARTESIAN_POINT('',(0.00287272337735623,-0.00840850026643489,0.0751907826784661));
#5375=CARTESIAN_POINT('',(0.00287272337735591,-0.00840850026643487,0.0776907826784678));
#5376=CARTESIAN_POINT('',(0.00364587658933008,-0.00868768104733847,0.075190782678466));
#5377=CARTESIAN_POINT('',(0.00364587658932973,-0.00868768104733845,0.0776907826784665));
#5378=CARTESIAN_POINT('',(0.00311553854926677,-0.00894621840104621,0.0776907826784665));
#5379=CARTESIAN_POINT('',(0.00229187598721719,-0.00867079113931483,0.075190782678466));
#5380=CARTESIAN_POINT('',(0.00287272337735591,-0.00840850026643487,0.0776907826784691));
#5381=CARTESIAN_POINT('',(0.00229187602505339,-0.00867079112222913,0.0776907826784691));
#5382=CARTESIAN_POINT('',(0.00229187598721784,-0.00867079113931486,0.070190782678466));
#5383=CARTESIAN_POINT('',(0.00229187598721751,-0.00867079113931484,0.0726907826784661));
#5384=CARTESIAN_POINT('',(0.00229187598721719,-0.00867079113931483,0.0751907826784662));
#5385=CARTESIAN_POINT('',(0.00229187598721686,-0.00867079113931481,0.0776907826784663));
#5386=CARTESIAN_POINT('',(0.0015199227237727,-0.00429860859283296,0.0751907826784661));
#5387=CARTESIAN_POINT('',(0.00165860047744104,-0.00487207915061031,0.0751907826784661));
#5388=CARTESIAN_POINT('',(0.00165860047744072,-0.00487207915061032,0.0776907826784676));
#5389=CARTESIAN_POINT('',(0.00151992272377238,-0.00429860859283294,0.0776907826784661));
#5390=CARTESIAN_POINT('',(0.0020972266966572,-0.0041768706657461,0.0776907826784663));
#5391=CARTESIAN_POINT('',(0.00209722669665751,-0.00417687066574611,0.0751907826784661));
#5392=CARTESIAN_POINT('',(0.00223334917653388,-0.00473309231434985,0.0751907826784661));
#5393=CARTESIAN_POINT('',(0.00103913303647866,-0.0050218799590707,0.0776907826784661));
#5394=CARTESIAN_POINT('',(0.00103913303647898,-0.00502187995907072,0.0751907826784661));
#5395=CARTESIAN_POINT('',(0.00103913303647929,-0.00502187995907074,0.0726907826784661));
#5396=CARTESIAN_POINT('',(0.00103913303647961,-0.00502187995907076,0.0701907826784661));
#5397=CARTESIAN_POINT('',(0.00103913303647866,-0.00502187995907072,0.0776907826363847));
#5398=CARTESIAN_POINT('',(0.00103913303647867,-0.00502187995907074,0.077690782678469));
#5399=CARTESIAN_POINT('',(0.00128312764457748,-0.00294856200017169,0.0751907826784662));
#5400=CARTESIAN_POINT('',(0.00121836073485482,-0.00236212764970696,0.0751907826784662));
#5401=CARTESIAN_POINT('',(0.0012183607348545,-0.00236212764970697,0.0776907826784676));
#5402=CARTESIAN_POINT('',(0.00186740152939498,-0.00286656183236516,0.0751907826784658));
#5403=CARTESIAN_POINT('',(0.00186740152939464,-0.00286656183236515,0.0776907826784662));
#5404=CARTESIAN_POINT('',(0.00128312764457715,-0.00294856200017167,0.0776907826784662));
#5405=CARTESIAN_POINT('',(0.000584889702300725,-0.00243208937883291,0.0751907826784662));
#5406=CARTESIAN_POINT('',(0.00121836073485451,-0.00236212764970699,0.0776907826784691));
#5407=CARTESIAN_POINT('',(0.000584889743564856,-0.00243208937427557,0.0776907826784691));
#5408=CARTESIAN_POINT('',(0.000584889702301365,-0.00243208937883295,0.0701907826784662));
#5409=CARTESIAN_POINT('',(0.000584889702301052,-0.00243208937883293,0.0726907826784661));
#5410=CARTESIAN_POINT('',(0.000584889702300738,-0.00243208937883291,0.0751907826784661));
#5411=CARTESIAN_POINT('',(0.000584889702300424,-0.0024320893788329,0.077690782678466));
#5412=CARTESIAN_POINT('',(0.00120179723019897,0.00196464999969818,0.0751907826784663));
#5413=CARTESIAN_POINT('',(0.00115647546336352,0.00137639330619531,0.0751907826784663));
#5414=CARTESIAN_POINT('',(0.00115647546336319,0.00137639330619533,0.0776907826784677));
#5415=CARTESIAN_POINT('',(0.00120179723019864,0.00196464999969819,0.0776907826784661));
#5416=CARTESIAN_POINT('',(0.00178846502382365,0.00190203290999279,0.0776907826784662));
#5417=CARTESIAN_POINT('',(0.00178846502382397,0.00190203290999278,0.0751907826784663));
#5418=CARTESIAN_POINT('',(0.00174604325326679,0.00133097052698548,0.0751907826784663));
#5419=CARTESIAN_POINT('',(0.000521035921418205,0.001425350237882,0.077690782678466));
#5420=CARTESIAN_POINT('',(0.000521035921418519,0.00142535023788198,0.0751907826784661));
#5421=CARTESIAN_POINT('',(0.000521035921418833,0.00142535023788197,0.0726907826784662));
#5422=CARTESIAN_POINT('',(0.000521035921419146,0.00142535023788195,0.0701907826784663));
#5423=CARTESIAN_POINT('',(0.000521035921418207,0.00142535023788201,0.0776907826363848));
#5424=CARTESIAN_POINT('',(0.000521035921418209,0.00142535023788203,0.0776907826784692));
#5425=CARTESIAN_POINT('',(0.00139377906743403,0.00332179431260634,0.0751907826784663));
#5426=CARTESIAN_POINT('',(0.00151340025628084,0.00389954059877258,0.0751907826784663));
#5427=CARTESIAN_POINT('',(0.00151340025628051,0.00389954059877259,0.0776907826784676));
#5428=CARTESIAN_POINT('',(0.00197479599828459,0.00321923054675801,0.0751907826784657));
#5429=CARTESIAN_POINT('',(0.00197479599828427,0.003219230546758,0.0776907826784662));
#5430=CARTESIAN_POINT('',(0.0013937790674337,0.00332179431260636,0.0776907826784661));
#5431=CARTESIAN_POINT('',(0.000889314139630237,0.00402875635489955,0.0751907826784663));
#5432=CARTESIAN_POINT('',(0.00151340025628051,0.00389954059877259,0.0776907826784691));
#5433=CARTESIAN_POINT('',(0.000889314180283014,0.00402875634648244,0.0776907826784691));
#5434=CARTESIAN_POINT('',(0.000889314139630892,0.00402875635489952,0.0701907826784663));
#5435=CARTESIAN_POINT('',(0.000889314139630568,0.00402875635489954,0.0726907826784662));
#5436=CARTESIAN_POINT('',(0.000889314139630242,0.00402875635489955,0.0751907826784661));
#5437=CARTESIAN_POINT('',(0.000889314139629918,0.00402875635489957,0.077690782678466));
#5438=CARTESIAN_POINT('',(0.00283469525179307,0.00801966908122468,0.0751907826784664));
#5439=CARTESIAN_POINT('',(0.00260981037476703,0.00747420891578184,0.0751907826784664));
#5440=CARTESIAN_POINT('',(0.0026098103747667,0.00747420891578183,0.0776907826784677));
#5441=CARTESIAN_POINT('',(0.00283469525179275,0.0080196690812247,0.0776907826784662));
#5442=CARTESIAN_POINT('',(0.00337329973496305,0.00777882637174636,0.0776907826784663));
#5443=CARTESIAN_POINT('',(0.00337329973496336,0.00777882637174635,0.0751907826784664));
#5444=CARTESIAN_POINT('',(0.00315648625244469,0.00724882281920991,0.0751907826784664));
#5445=CARTESIAN_POINT('',(0.00202059998157191,0.00771713134203914,0.0776907826784661));
#5446=CARTESIAN_POINT('',(0.00202059998157224,0.00771713134203912,0.0751907826784662));
#5447=CARTESIAN_POINT('',(0.00202059998157256,0.0077171313420391,0.0726907826784663));
#5448=CARTESIAN_POINT('',(0.00202059998157289,0.00771713134203908,0.0701907826784664));
#5449=CARTESIAN_POINT('',(0.00202059998157191,0.00771713134203912,0.0776907826363848));
#5450=CARTESIAN_POINT('',(0.0020205999815719,0.00771713134203911,0.0776907826784692));
#5451=CARTESIAN_POINT('',(0.00343666148561374,0.00925106437325192,0.0751907826784665));
#5452=CARTESIAN_POINT('',(0.00372896141761582,0.00976356876323465,0.0751907826784665));
#5453=CARTESIAN_POINT('',(0.00372896141761554,0.00976356876323466,0.0776907826784678));
#5454=CARTESIAN_POINT('',(0.00395754747712272,0.00897397632975368,0.075190782678466));
#5455=CARTESIAN_POINT('',(0.0039575474771224,0.00897397632975369,0.0776907826784664));
#5456=CARTESIAN_POINT('',(0.00343666148561342,0.00925106437325194,0.0776907826784664));
#5457=CARTESIAN_POINT('',(0.00317535011423021,0.0100793134661058,0.0751907826784665));
#5458=CARTESIAN_POINT('',(0.00372896141761551,0.00976356876323468,0.0776907826784693));
#5459=CARTESIAN_POINT('',(0.00317535015029224,0.0100793134455381,0.0776907826784693));
#5460=CARTESIAN_POINT('',(0.00317535011423084,0.0100793134661057,0.0701907826784665));
#5461=CARTESIAN_POINT('',(0.00317535011423052,0.0100793134661057,0.0726907826784664));
#5462=CARTESIAN_POINT('',(0.0031753501142302,0.0100793134661058,0.0751907826784664));
#5463=CARTESIAN_POINT('',(0.00317535011422987,0.0100793134661058,0.0776907826784663));
#5464=CARTESIAN_POINT('',(0.0062587773531319,0.0132737411962482,0.0751907826784665));
#5465=CARTESIAN_POINT('',(0.0058763426645436,0.0128244710003032,0.0751907826784665));
#5466=CARTESIAN_POINT('',(0.00587634266454326,0.0128244710003032,0.0776907826784679));
#5467=CARTESIAN_POINT('',(0.00625877735313158,0.0132737411962482,0.0776907826784667));
#5468=CARTESIAN_POINT('',(0.00669659616635633,0.0128782482294505,0.0776907826784667));
#5469=CARTESIAN_POINT('',(0.00669659616635665,0.0128782482294504,0.0751907826784665));
#5470=CARTESIAN_POINT('',(0.00632661418617378,0.0124411839478589,0.0751907826784665));
#5471=CARTESIAN_POINT('',(0.00539103743865481,0.013237579981509,0.0776907826784666));
#5472=CARTESIAN_POINT('',(0.00539103743865513,0.0132375799815089,0.0751907826784666));
#5473=CARTESIAN_POINT('',(0.00539103743865546,0.0132375799815089,0.0726907826784666));
#5474=CARTESIAN_POINT('',(0.00539103743865578,0.0132375799815089,0.0701907826784665));
#5475=CARTESIAN_POINT('',(0.00539103743865483,0.013237579981509,0.077690782636385));
#5476=CARTESIAN_POINT('',(0.00539103743865485,0.013237579981509,0.0776907826784692));
#5477=CARTESIAN_POINT('',(0.00721180333442642,0.0142588499165754,0.0751907826784665));
#5478=CARTESIAN_POINT('',(0.00764816965566609,0.014655944909855,0.0751907826784666));
#5479=CARTESIAN_POINT('',(0.00764816965566577,0.014655944909855,0.0776907826784681));
#5480=CARTESIAN_POINT('',(0.00762157043651883,0.0138343609037108,0.0751907826784664));
#5481=CARTESIAN_POINT('',(0.0076215704365185,0.0138343609037108,0.0776907826784669));
#5482=CARTESIAN_POINT('',(0.0072118033344261,0.0142588499165754,0.0776907826784669));
#5483=CARTESIAN_POINT('',(0.00721922449715755,0.0151273112680306,0.0751907826784666));
#5484=CARTESIAN_POINT('',(0.00764816965566577,0.014655944909855,0.0776907826784693));
#5485=CARTESIAN_POINT('',(0.00721922452509879,0.0151273112373256,0.0776907826784693));
#5486=CARTESIAN_POINT('',(0.00721922449715822,0.0151273112680305,0.0701907826784666));
#5487=CARTESIAN_POINT('',(0.0072192244971579,0.0151273112680306,0.0726907826784667));
#5488=CARTESIAN_POINT('',(0.00721922449715758,0.0151273112680306,0.0751907826784667));
#5489=CARTESIAN_POINT('',(0.00721922449715726,0.0151273112680306,0.0776907826784668));
#5490=CARTESIAN_POINT('',(0.0111388705211536,0.0172125611588771,0.0751907826784676));
#5491=CARTESIAN_POINT('',(0.0106363213929012,0.0169034586294588,0.0751907826784676));
#5492=CARTESIAN_POINT('',(0.0106363213929009,0.0169034586294588,0.0776907826784682));
#5493=CARTESIAN_POINT('',(0.0111388705211533,0.0172125611588771,0.0776907826784672));
#5494=CARTESIAN_POINT('',(0.011433046908531,0.0167011315419117,0.0776907826784673));
#5495=CARTESIAN_POINT('',(0.0114330469085313,0.0167011315419117,0.0751907826784676));
#5496=CARTESIAN_POINT('',(0.0109461128447206,0.0163997894283533,0.0751907826784676));
#5497=CARTESIAN_POINT('',(0.0103024263911491,0.0174463161802332,0.0776907826784671));
#5498=CARTESIAN_POINT('',(0.0103024263911495,0.0174463161802331,0.0751907826784673));
#5499=CARTESIAN_POINT('',(0.0103024263911498,0.0174463161802331,0.0726907826784674));
#5500=CARTESIAN_POINT('',(0.0103024263911501,0.017446316180233,0.0701907826784676));
#5501=CARTESIAN_POINT('',(0.0103024263911491,0.0174463161802331,0.0776907826363852));
#5502=CARTESIAN_POINT('',(0.0103024263911491,0.0174463161802331,0.0776907826784693));
#5503=CARTESIAN_POINT('',(0.0123496674267504,0.0178549540023027,0.0751907826784676));
#5504=CARTESIAN_POINT('',(0.0128873855613617,0.0180977691742136,0.0751907826784676));
#5505=CARTESIAN_POINT('',(0.0128873855613614,0.0180977691742136,0.0776907826784684));
#5506=CARTESIAN_POINT('',(0.0126082047804581,0.0173246159622398,0.075190782678467));
#5507=CARTESIAN_POINT('',(0.0126082047804578,0.0173246159622398,0.0776907826784674));
#5508=CARTESIAN_POINT('',(0.0123496674267501,0.0178549540023027,0.0776907826784674));
#5509=CARTESIAN_POINT('',(0.0126250946884818,0.0186786165643525,0.0751907826784677));
#5510=CARTESIAN_POINT('',(0.0128873855613614,0.0180977691742135,0.0776907826784693));
#5511=CARTESIAN_POINT('',(0.0126250947055671,0.0186786165265161,0.0776907826784694));
#5512=CARTESIAN_POINT('',(0.0126250946884824,0.0186786165643526,0.0701907826784677));
#5513=CARTESIAN_POINT('',(0.0126250946884821,0.0186786165643526,0.0726907826784676));
#5514=CARTESIAN_POINT('',(0.0126250946884818,0.0186786165643526,0.0751907826784676));
#5515=CARTESIAN_POINT('',(0.0126250946884815,0.0186786165643526,0.0776907826784675));
#5516=CARTESIAN_POINT('',(0.0169972772349637,0.019450569827797,0.0751907826784677));
#5517=CARTESIAN_POINT('',(0.0164238066771863,0.0193118920741287,0.0751907826784677));
#5518=CARTESIAN_POINT('',(0.0164238066771859,0.0193118920741286,0.0776907826784687));
#5519=CARTESIAN_POINT('',(0.0169972772349633,0.0194505698277969,0.0776907826784681));
#5520=CARTESIAN_POINT('',(0.0171190151620502,0.0188732658549122,0.0776907826784681));
#5521=CARTESIAN_POINT('',(0.0171190151620506,0.0188732658549122,0.0751907826784677));
#5522=CARTESIAN_POINT('',(0.0165627935134467,0.0187371433750359,0.0751907826784677));
#5523=CARTESIAN_POINT('',(0.0162740058687255,0.0199313595150908,0.077690782678468));
#5524=CARTESIAN_POINT('',(0.0162740058687258,0.0199313595150908,0.0751907826784679));
#5525=CARTESIAN_POINT('',(0.0162740058687261,0.0199313595150908,0.0726907826784678));
#5526=CARTESIAN_POINT('',(0.0162740058687265,0.0199313595150908,0.0701907826784677));
#5527=CARTESIAN_POINT('',(0.0162740058687255,0.0199313595150908,0.0776907826363856));
#5528=CARTESIAN_POINT('',(0.0162740058687255,0.0199313595150908,0.0776907826784694));
#5529=CARTESIAN_POINT('',(0.0183473238276249,0.0196873649069924,0.0751907826784687));
#5530=CARTESIAN_POINT('',(0.0189337581780896,0.019752131816715,0.0751907826784687));
#5531=CARTESIAN_POINT('',(0.0189337581780893,0.019752131816715,0.0776907826784689));
#5532=CARTESIAN_POINT('',(0.0184293239954313,0.0191030910221749,0.0751907826784677));
#5533=CARTESIAN_POINT('',(0.0184293239954311,0.0191030910221749,0.0776907826784683));
#5534=CARTESIAN_POINT('',(0.0183473238276246,0.0196873649069924,0.0776907826784683));
#5535=CARTESIAN_POINT('',(0.0188637964489637,0.0203856028492691,0.0751907826784687));
#5536=CARTESIAN_POINT('',(0.0189337581780893,0.019752131816715,0.0776907826784694));
#5537=CARTESIAN_POINT('',(0.0188637964535206,0.0203856028080046,0.0776907826784694));
#5538=CARTESIAN_POINT('',(0.0188637964489644,0.020385602849269,0.0701907826784687));
#5539=CARTESIAN_POINT('',(0.018863796448964,0.0203856028492691,0.0726907826784686));
#5540=CARTESIAN_POINT('',(0.0188637964489637,0.0203856028492691,0.0751907826784684));
#5541=CARTESIAN_POINT('',(0.0188637964489634,0.0203856028492692,0.0776907826784683));
#5542=CARTESIAN_POINT('',(0.0232605358274948,0.0197686953213709,0.0751907826784687));
#5543=CARTESIAN_POINT('',(0.022672279133992,0.0198140170882063,0.0751907826784687));
#5544=CARTESIAN_POINT('',(0.0226722791339916,0.0198140170882063,0.0776907826784691));
#5545=CARTESIAN_POINT('',(0.0232605358274945,0.0197686953213709,0.0776907826784689));
#5546=CARTESIAN_POINT('',(0.0231979187377891,0.0191820275277459,0.0776907826784689));
#5547=CARTESIAN_POINT('',(0.0231979187377894,0.0191820275277458,0.0751907826784687));
#5548=CARTESIAN_POINT('',(0.0226268563547821,0.0192244492983029,0.0751907826784687));
#5549=CARTESIAN_POINT('',(0.0227212360656783,0.0204494566301513,0.0776907826784687));
#5550=CARTESIAN_POINT('',(0.0227212360656786,0.0204494566301513,0.0751907826784687));
#5551=CARTESIAN_POINT('',(0.0227212360656789,0.0204494566301513,0.0726907826784687));
#5552=CARTESIAN_POINT('',(0.0227212360656793,0.0204494566301513,0.0701907826784687));
#5553=CARTESIAN_POINT('',(0.0227212360656782,0.0204494566301513,0.0776907826363858));
#5554=CARTESIAN_POINT('',(0.0227212360656782,0.0204494566301513,0.0776907826784694));
#5555=CARTESIAN_POINT('',(0.024617680140403,0.0195767134841357,0.0751907826784687));
#5556=CARTESIAN_POINT('',(0.0251954264265692,0.0194570922952889,0.0751907826784687));
#5557=CARTESIAN_POINT('',(0.0251954264265689,0.0194570922952889,0.0776907826784693));
#5558=CARTESIAN_POINT('',(0.0245151163745546,0.0189956965532852,0.0751907826784687));
#5559=CARTESIAN_POINT('',(0.0245151163745543,0.0189956965532852,0.0776907826784691));
#5560=CARTESIAN_POINT('',(0.0246176801404027,0.0195767134841357,0.0776907826784691));
#5561=CARTESIAN_POINT('',(0.0253246421826962,0.0200811784119396,0.0751907826784687));
#5562=CARTESIAN_POINT('',(0.0251954264265689,0.0194570922952889,0.0776907826784694));
#5563=CARTESIAN_POINT('',(0.0253246421742787,0.0200811783712864,0.0776907826784694));
#5564=CARTESIAN_POINT('',(0.0253246421826968,0.0200811784119395,0.0701907826784687));
#5565=CARTESIAN_POINT('',(0.0253246421826965,0.0200811784119395,0.0726907826784689));
#5566=CARTESIAN_POINT('',(0.0253246421826962,0.0200811784119395,0.075190782678469));
#5567=CARTESIAN_POINT('',(0.0253246421826959,0.0200811784119396,0.0776907826784692));
#5568=CARTESIAN_POINT('',(0.0293155549090213,0.0181357972997767,0.0751907826784696));
#5569=CARTESIAN_POINT('',(0.0287700947435784,0.0183606821768027,0.0751907826784696));
#5570=CARTESIAN_POINT('',(0.0287700947435781,0.0183606821768027,0.0776907826784694));
#5571=CARTESIAN_POINT('',(0.029315554909021,0.0181357972997767,0.0776907826784696));
#5572=CARTESIAN_POINT('',(0.0290747121995426,0.0175971928166065,0.0776907826784696));
#5573=CARTESIAN_POINT('',(0.029074712199543,0.0175971928166065,0.0751907826784696));
#5574=CARTESIAN_POINT('',(0.0285447086470065,0.0178140062991251,0.0751907826784696));
#5575=CARTESIAN_POINT('',(0.0290130171698354,0.0189498925699975,0.0776907826784696));
#5576=CARTESIAN_POINT('',(0.0290130171698357,0.0189498925699975,0.0751907826784696));
#5577=CARTESIAN_POINT('',(0.029013017169836,0.0189498925699975,0.0726907826784696));
#5578=CARTESIAN_POINT('',(0.0290130171698363,0.0189498925699975,0.0701907826784697));
#5579=CARTESIAN_POINT('',(0.0290130171698353,0.0189498925699975,0.077690782636386));
#5580=CARTESIAN_POINT('',(0.0290130171698353,0.0189498925699976,0.0776907826784694));
#5581=CARTESIAN_POINT('',(0.0305469502010486,0.0175338310659561,0.0751907826784696));
#5582=CARTESIAN_POINT('',(0.0310594545910313,0.0172415311339539,0.0751907826784696));
#5583=CARTESIAN_POINT('',(0.031059454591031,0.0172415311339539,0.0776907826784696));
#5584=CARTESIAN_POINT('',(0.0302698621575503,0.0170129450744471,0.0751907826784694));
#5585=CARTESIAN_POINT('',(0.03026986215755,0.0170129450744471,0.0776907826784698));
#5586=CARTESIAN_POINT('',(0.0305469502010482,0.0175338310659561,0.0776907826784698));
#5587=CARTESIAN_POINT('',(0.0313751992939023,0.0177951424373396,0.0751907826784696));
#5588=CARTESIAN_POINT('',(0.0310594545910309,0.0172415311339539,0.0776907826784693));
#5589=CARTESIAN_POINT('',(0.0313751992733344,0.0177951424012772,0.0776907826784693));
#5590=CARTESIAN_POINT('',(0.031375199293903,0.0177951424373396,0.0701907826784696));
#5591=CARTESIAN_POINT('',(0.0313751992939027,0.0177951424373396,0.0726907826784697));
#5592=CARTESIAN_POINT('',(0.0313751992939023,0.0177951424373396,0.0751907826784698));
#5593=CARTESIAN_POINT('',(0.031375199293902,0.0177951424373397,0.0776907826784699));
#5594=CARTESIAN_POINT('',(0.0345696270240448,0.0147117151984379,0.0751907826784706));
#5595=CARTESIAN_POINT('',(0.0341203568280999,0.0150941498870262,0.0751907826784706));
#5596=CARTESIAN_POINT('',(0.0341203568280996,0.0150941498870261,0.0776907826784698));
#5597=CARTESIAN_POINT('',(0.0345696270240445,0.0147117151984379,0.0776907826784703));
#5598=CARTESIAN_POINT('',(0.0341741340572468,0.0142738963852131,0.0776907826784703));
#5599=CARTESIAN_POINT('',(0.034174134057247,0.0142738963852131,0.0751907826784706));
#5600=CARTESIAN_POINT('',(0.0337370697756555,0.014643878365396,0.0751907826784706));
#5601=CARTESIAN_POINT('',(0.0345334658093052,0.0155794551129146,0.0776907826784703));
#5602=CARTESIAN_POINT('',(0.0345334658093056,0.0155794551129146,0.0751907826784704));
#5603=CARTESIAN_POINT('',(0.0345334658093059,0.0155794551129146,0.0726907826784706));
#5604=CARTESIAN_POINT('',(0.0345334658093063,0.0155794551129146,0.0701907826784706));
#5605=CARTESIAN_POINT('',(0.0345334658093052,0.0155794551129146,0.0776907826363863));
#5606=CARTESIAN_POINT('',(0.0345334658093052,0.0155794551129146,0.0776907826784693));
#5607=CARTESIAN_POINT('',(0.035554735744372,0.0137586892171434,0.0751907826784705));
#5608=CARTESIAN_POINT('',(0.0359518307376517,0.0133223228959037,0.0751907826784705));
#5609=CARTESIAN_POINT('',(0.0359518307376513,0.0133223228959037,0.0776907826784699));
#5610=CARTESIAN_POINT('',(0.0351302467315074,0.013348922115051,0.0751907826784699));
#5611=CARTESIAN_POINT('',(0.035130246731507,0.013348922115051,0.0776907826784704));
#5612=CARTESIAN_POINT('',(0.0355547357443717,0.0137586892171434,0.0776907826784705));
#5613=CARTESIAN_POINT('',(0.0364231970958271,0.0137512680544122,0.0751907826784705));
#5614=CARTESIAN_POINT('',(0.0359518307376514,0.0133223228959037,0.0776907826784692));
#5615=CARTESIAN_POINT('',(0.0364231970651219,0.0137512680264706,0.0776907826784692));
#5616=CARTESIAN_POINT('',(0.0364231970958277,0.0137512680544121,0.0701907826784705));
#5617=CARTESIAN_POINT('',(0.0364231970958274,0.0137512680544121,0.0726907826784705));
#5618=CARTESIAN_POINT('',(0.0364231970958271,0.0137512680544122,0.0751907826784706));
#5619=CARTESIAN_POINT('',(0.0364231970958268,0.0137512680544122,0.0776907826784706));
#5620=CARTESIAN_POINT('',(0.0385084469866738,0.00983162203041621,0.0751907826784705));
#5621=CARTESIAN_POINT('',(0.0381993444572555,0.0103341711586686,0.0751907826784705));
#5622=CARTESIAN_POINT('',(0.0381993444572552,0.0103341711586686,0.0776907826784701));
#5623=CARTESIAN_POINT('',(0.0385084469866735,0.00983162203041623,0.077690782678471));
#5624=CARTESIAN_POINT('',(0.037997017369708,0.00953744564303851,0.0776907826784709));
#5625=CARTESIAN_POINT('',(0.0379970173697083,0.00953744564303854,0.0751907826784704));
#5626=CARTESIAN_POINT('',(0.0376956752561499,0.0100243797068493,0.0751907826784705));
#5627=CARTESIAN_POINT('',(0.0387422020080293,0.0106680661604204,0.077690782678471));
#5628=CARTESIAN_POINT('',(0.0387422020080296,0.0106680661604204,0.0751907826784708));
#5629=CARTESIAN_POINT('',(0.03874220200803,0.0106680661604204,0.0726907826784707));
#5630=CARTESIAN_POINT('',(0.0387422020080303,0.0106680661604203,0.0701907826784705));
#5631=CARTESIAN_POINT('',(0.0387422020080294,0.0106680661604204,0.0776907826363865));
#5632=CARTESIAN_POINT('',(0.0387422020080294,0.0106680661604203,0.0776907826784693));
#5633=CARTESIAN_POINT('',(0.0391508398300992,0.00862082512481944,0.0751907826784714));
#5634=CARTESIAN_POINT('',(0.0393936550020101,0.00808310699020809,0.0751907826784714));
#5635=CARTESIAN_POINT('',(0.0393936550020097,0.00808310699020808,0.0776907826784701));
#5636=CARTESIAN_POINT('',(0.0386205017900364,0.00836228777111174,0.0751907826784704));
#5637=CARTESIAN_POINT('',(0.0386205017900359,0.00836228777111173,0.0776907826784709));
#5638=CARTESIAN_POINT('',(0.0391508398300988,0.00862082512481946,0.077690782678471));
#5639=CARTESIAN_POINT('',(0.0399745023921492,0.00834539786308805,0.0751907826784714));
#5640=CARTESIAN_POINT('',(0.0393936550020098,0.00808310699020809,0.0776907826784692));
#5641=CARTESIAN_POINT('',(0.0399745023543124,0.00834539784600241,0.0776907826784692));
#5642=CARTESIAN_POINT('',(0.0399745023921498,0.008345397863088,0.0701907826784714));
#5643=CARTESIAN_POINT('',(0.0399745023921495,0.00834539786308803,0.0726907826784713));
#5644=CARTESIAN_POINT('',(0.0399745023921492,0.00834539786308806,0.0751907826784712));
#5645=CARTESIAN_POINT('',(0.0399745023921489,0.00834539786308808,0.0776907826784711));
#5646=CARTESIAN_POINT('',(0.0407464556555936,0.00397321531660615,0.0751907826784713));
#5647=CARTESIAN_POINT('',(0.0406077779019254,0.00454668587438347,0.0751907826784713));
#5648=CARTESIAN_POINT('',(0.040607777901925,0.00454668587438353,0.0776907826784702));
#5649=CARTESIAN_POINT('',(0.0407464556555933,0.00397321531660616,0.0776907826784713));
#5650=CARTESIAN_POINT('',(0.0401691516827085,0.00385147738951931,0.0776907826784712));
#5651=CARTESIAN_POINT('',(0.0401691516827088,0.00385147738951926,0.0751907826784713));
#5652=CARTESIAN_POINT('',(0.0400330292028325,0.00440769903812302,0.0751907826784713));
#5653=CARTESIAN_POINT('',(0.0412272453428871,0.00469648668284391,0.0776907826784712));
#5654=CARTESIAN_POINT('',(0.0412272453428874,0.00469648668284389,0.0751907826784712));
#5655=CARTESIAN_POINT('',(0.0412272453428877,0.00469648668284387,0.0726907826784713));
#5656=CARTESIAN_POINT('',(0.041227245342888,0.00469648668284385,0.0701907826784713));
#5657=CARTESIAN_POINT('',(0.0412272453428871,0.00469648668284393,0.0776907826363865));
#5658=CARTESIAN_POINT('',(0.0412272453428871,0.00469648668284395,0.0776907826784691));
#5659=CARTESIAN_POINT('',(0.0413557237919748,-0.0043497311349925,0.0701907826995125));
#5660=CARTESIAN_POINT('',(0.0413557237919739,-0.00434973113499246,0.0776907826784714));
#5661=CARTESIAN_POINT('',(0.0416538967024128,-0.0044114672272573,0.0701907826995125));
#5662=CARTESIAN_POINT('',(0.0416538967024119,-0.00441146722725725,0.0776907826784714));
#5663=CARTESIAN_POINT('',(0.0422101016609368,-0.00469069847000466,0.0701907826995124));
#5664=CARTESIAN_POINT('',(0.0422101016609359,-0.00469069847000461,0.0776907826784714));
#5665=CARTESIAN_POINT('',(0.0432800077281317,-0.00536585695193972,0.0701907826995127));
#5666=CARTESIAN_POINT('',(0.0432800077281308,-0.00536585695193968,0.0776907826784716));
#5667=CARTESIAN_POINT('',(0.0440174969080841,-0.00603422764368668,0.0701907826995133));
#5668=CARTESIAN_POINT('',(0.0440174969080832,-0.00603422764368664,0.0776907826784722));
#5669=CARTESIAN_POINT('',(0.0444819384169242,-0.00652476462462082,0.0701907826995133));
#5670=CARTESIAN_POINT('',(0.0444819384169233,-0.00652476462462077,0.0776907826784722));
#5671=CARTESIAN_POINT('',(0.0413770642397359,-0.00435414963112636,0.0776907826784691));
#5672=CARTESIAN_POINT('',(0.0415252615100379,-0.00438483357333778,0.0776907826784691));
#5673=CARTESIAN_POINT('',(0.0418065727542146,-0.00450398374576581,0.0776907826784691));
#5674=CARTESIAN_POINT('',(0.0423598185362602,-0.00477486337960076,0.077690782678469));
#5675=CARTESIAN_POINT('',(0.0432857179972765,-0.00537867812276824,0.0776907826784691));
#5676=CARTESIAN_POINT('',(0.0440202669488012,-0.00603715332283307,0.0776907826784691));
#5677=CARTESIAN_POINT('',(0.0444819384245476,-0.00652476463267344,0.077690782678469));
#5678=CARTESIAN_POINT('',(0.0444819384018637,-0.00652476463332044,0.0776907826784704));
#5679=CARTESIAN_POINT('',(0.0444819384245476,-0.00652476463267349,0.0776907826784718));
#5680=CARTESIAN_POINT('',(0.0444819384245479,-0.0065247646326735,0.0751907826784717));
#5681=CARTESIAN_POINT('',(0.0444819384245482,-0.00652476463267352,0.0726907826784717));
#5682=CARTESIAN_POINT('',(0.0444819384245485,-0.00652476463267354,0.0701907826784717));
#5683=CARTESIAN_POINT('',(0.021133189189692,-0.000162696638116123,0.0751907826784682));
#5684=CARTESIAN_POINT('',(0.0211331891896917,-0.000162696638116107,0.0776907826784687));
#5685=CARTESIAN_POINT('',(0.0440337362035133,-0.00798605560663449,0.0776907826784704));
#5686=CARTESIAN_POINT('',(0.0440337362171593,-0.00798605562529954,0.0701907826784716));
#5687=CARTESIAN_POINT('',(0.044033736217159,-0.00798605562529953,0.0726907826784716));
#5688=CARTESIAN_POINT('',(0.0440337362171586,-0.00798605562529951,0.0751907826784717));
#5689=CARTESIAN_POINT('',(0.0440337362171583,-0.0079860556252995,0.0776907826784717));
#5690=CARTESIAN_POINT('',(0.0440337362221856,-0.00798605562418864,0.070190782699513));
#5691=CARTESIAN_POINT('',(0.0440337362221845,-0.00798605562418858,0.077690782678473));
#5692=CARTESIAN_POINT('',(0.0433780621435306,-0.00813095850263259,0.070190782699513));
#5693=CARTESIAN_POINT('',(0.0433780621435295,-0.00813095850263253,0.077690782678473));
#5694=CARTESIAN_POINT('',(0.0424006367513916,-0.00826434275159836,0.070190782699512));
#5695=CARTESIAN_POINT('',(0.0424006367513905,-0.0082643427515983,0.0776907826784721));
#5696=CARTESIAN_POINT('',(0.0412954151412795,-0.00824517894264314,0.0701907826995123));
#5697=CARTESIAN_POINT('',(0.0412954151412784,-0.00824517894264308,0.0776907826784723));
#5698=CARTESIAN_POINT('',(0.0406854335022539,-0.00815927741511791,0.0701907826995122));
#5699=CARTESIAN_POINT('',(0.0406854335022528,-0.00815927741511785,0.0776907826784722));
#5700=CARTESIAN_POINT('',(0.040385693979456,-0.00810020967094135,0.0701907826995122));
#5701=CARTESIAN_POINT('',(0.0403856939794549,-0.00810020967094129,0.0776907826784723));
#5702=CARTESIAN_POINT('',(0.0402457783977948,-0.00804252461826593,0.0701907826995122));
#5703=CARTESIAN_POINT('',(0.0402457783977937,-0.00804252461826587,0.0776907826784723));
#5704=CARTESIAN_POINT('',(0.0440337362171584,-0.00798605562529939,0.077690782678469));
#5705=CARTESIAN_POINT('',(0.043378062139335,-0.00813095850355764,0.077690782678469));
#5706=CARTESIAN_POINT('',(0.0424006367485332,-0.00826434275164565,0.077690782678469));
#5707=CARTESIAN_POINT('',(0.0412954151398932,-0.00824517894252523,0.077690782678469));
#5708=CARTESIAN_POINT('',(0.0406854335016802,-0.00815927741499578,0.077690782678469));
#5709=CARTESIAN_POINT('',(0.0403856939792769,-0.00810020967086763,0.077690782678469));
#5710=CARTESIAN_POINT('',(0.0402457783977938,-0.00804252461826588,0.077690782678469));
#5711=CARTESIAN_POINT('',(0.0390720976836272,-0.0103939099417662,0.070190782699512));
#5712=CARTESIAN_POINT('',(0.0390720976836261,-0.0103939099417662,0.077690782678471));
#5713=CARTESIAN_POINT('',(0.0393365994714056,-0.0105447649511928,0.070190782699512));
#5714=CARTESIAN_POINT('',(0.0393365994714045,-0.0105447649511928,0.077690782678471));
#5715=CARTESIAN_POINT('',(0.0397792946222367,-0.0109822064287005,0.0701907826995123));
#5716=CARTESIAN_POINT('',(0.0397792946222355,-0.0109822064287005,0.0776907826784713));
#5717=CARTESIAN_POINT('',(0.0405882003144507,-0.0119549394596246,0.0701907826995124));
#5718=CARTESIAN_POINT('',(0.0405882003144496,-0.0119549394596246,0.0776907826784714));
#5719=CARTESIAN_POINT('',(0.0410830563024548,-0.0128184944510853,0.0701907826995129));
#5720=CARTESIAN_POINT('',(0.0410830563024537,-0.0128184944510853,0.0776907826784719));
#5721=CARTESIAN_POINT('',(0.0413731821623928,-0.0134285431624103,0.0701907826995129));
#5722=CARTESIAN_POINT('',(0.0413731821623917,-0.0134285431624102,0.0776907826784719));
#5723=CARTESIAN_POINT('',(0.0390910282651358,-0.0104047067423326,0.077690782678469));
#5724=CARTESIAN_POINT('',(0.0392224903851565,-0.0104796843805619,0.077690782678469));
#5725=CARTESIAN_POINT('',(0.0394532138488742,-0.0106799328836263,0.077690782678469));
#5726=CARTESIAN_POINT('',(0.0398956754447169,-0.0111085170732353,0.077690782678469));
#5727=CARTESIAN_POINT('',(0.0405896691434566,-0.0119688976878958,0.077690782678469));
#5728=CARTESIAN_POINT('',(0.0410847866831518,-0.0128221329269594,0.077690782678469));
#5729=CARTESIAN_POINT('',(0.0413731821671544,-0.0134285431724248,0.077690782678469));
#5730=CARTESIAN_POINT('',(0.0413731821453809,-0.0134285431660305,0.0776907826784702));
#5731=CARTESIAN_POINT('',(0.0413731821671545,-0.0134285431724249,0.0776907826784714));
#5732=CARTESIAN_POINT('',(0.0413731821671548,-0.0134285431724249,0.0751907826784713));
#5733=CARTESIAN_POINT('',(0.0413731821671551,-0.0134285431724249,0.0726907826784711));
#5734=CARTESIAN_POINT('',(0.0413731821671555,-0.0134285431724249,0.0701907826784709));
#5735=CARTESIAN_POINT('',(0.0211331891896908,-0.000162696638118735,0.0751907826784682));
#5736=CARTESIAN_POINT('',(0.0211331891896905,-0.000162696638118719,0.0776907826784686));
#5737=CARTESIAN_POINT('',(0.0404953527795412,-0.0146798113721976,0.0776907826784701));
#5738=CARTESIAN_POINT('',(0.0404953527867516,-0.0146798113941657,0.0701907826784708));
#5739=CARTESIAN_POINT('',(0.0404953527867513,-0.0146798113941657,0.072690782678471));
#5740=CARTESIAN_POINT('',(0.0404953527867509,-0.0146798113941656,0.0751907826784711));
#5741=CARTESIAN_POINT('',(0.0404953527867506,-0.0146798113941656,0.0776907826784713));
#5742=CARTESIAN_POINT('',(0.0404953527918751,-0.0146798113946623,0.0701907826995073));
#5743=CARTESIAN_POINT('',(0.0404953527918742,-0.0146798113946623,0.0776907826784749));
#5744=CARTESIAN_POINT('',(0.0398269922348304,-0.0146150077883637,0.0701907826995073));
#5745=CARTESIAN_POINT('',(0.0398269922348295,-0.0146150077883637,0.0776907826784749));
#5746=CARTESIAN_POINT('',(0.0388561874467331,-0.0144398226906056,0.0701907826995073));
#5747=CARTESIAN_POINT('',(0.0388561874467322,-0.0144398226906056,0.0776907826784749));
#5748=CARTESIAN_POINT('',(0.0378109811751295,-0.0140800645651473,0.0701907826995073));
#5749=CARTESIAN_POINT('',(0.0378109811751286,-0.0140800645651473,0.0776907826784749));
#5750=CARTESIAN_POINT('',(0.0372573991943619,-0.0138098726649191,0.0701907826995073));
#5751=CARTESIAN_POINT('',(0.037257399194361,-0.0138098726649191,0.0776907826784749));
#5752=CARTESIAN_POINT('',(0.0369905829047838,-0.0136610712954867,0.0701907826995073));
#5753=CARTESIAN_POINT('',(0.0369905829047829,-0.0136610712954867,0.0776907826784749));
#5754=CARTESIAN_POINT('',(0.0368753409407118,-0.0135629732577358,0.0701907826995073));
#5755=CARTESIAN_POINT('',(0.0368753409407109,-0.0135629732577358,0.0776907826784749));
#5756=CARTESIAN_POINT('',(0.0404953527867506,-0.0146798113941655,0.0776907826784689));
#5757=CARTESIAN_POINT('',(0.0398269922305599,-0.0146150077879484,0.0776907826784689));
#5758=CARTESIAN_POINT('',(0.0388561874439989,-0.0144398226897672,0.077690782678469));
#5759=CARTESIAN_POINT('',(0.0378109811738474,-0.0140800645646073,0.077690782678469));
#5760=CARTESIAN_POINT('',(0.0372573991938543,-0.0138098726646257,0.077690782678469));
#5761=CARTESIAN_POINT('',(0.0369905829046357,-0.0136610712953622,0.077690782678469));
#5762=CARTESIAN_POINT('',(0.0368753409407109,-0.0135629732577358,0.077690782678469));
#5763=CARTESIAN_POINT('',(0.0350324862241672,-0.0154365863053234,0.0701907826995142));
#5764=CARTESIAN_POINT('',(0.0350324862241663,-0.0154365863053234,0.0776907826784706));
#5765=CARTESIAN_POINT('',(0.0352374256114066,-0.015661793492523,0.0701907826995142));
#5766=CARTESIAN_POINT('',(0.0352374256114057,-0.0156617934925229,0.0776907826784706));
#5767=CARTESIAN_POINT('',(0.0355232768687419,-0.0162146253851352,0.0701907826995145));
#5768=CARTESIAN_POINT('',(0.035523276868741,-0.0162146253851351,0.0776907826784709));
#5769=CARTESIAN_POINT('',(0.0359920008608454,-0.0173897150785541,0.0701907826995144));
#5770=CARTESIAN_POINT('',(0.0359920008608445,-0.017389715078554,0.0776907826784708));
#5771=CARTESIAN_POINT('',(0.036195783704923,-0.01836392359042,0.0701907826995143));
#5772=CARTESIAN_POINT('',(0.0361957837049221,-0.01836392359042,0.0776907826784707));
#5773=CARTESIAN_POINT('',(0.0362831943753691,-0.0190337682138139,0.0701907826995143));
#5774=CARTESIAN_POINT('',(0.0362831943753682,-0.0190337682138138,0.0776907826784707));
#5775=CARTESIAN_POINT('',(0.0350471538822085,-0.0154527045442573,0.0776907826784689));
#5776=CARTESIAN_POINT('',(0.0351490124236902,-0.0155646365448762,0.0776907826784689));
#5777=CARTESIAN_POINT('',(0.0353065632867745,-0.0158263816598816,0.0776907826784689));
#5778=CARTESIAN_POINT('',(0.0355949294726023,-0.0163707175986649,0.0776907826784689));
#5779=CARTESIAN_POINT('',(0.0359890844704957,-0.0174034440356316,0.0776907826784689));
#5780=CARTESIAN_POINT('',(0.0361963050438808,-0.0183679187036523,0.0776907826784689));
#5781=CARTESIAN_POINT('',(0.0362831943768031,-0.0190337682248101,0.0776907826784689));
#5782=CARTESIAN_POINT('',(0.0362831943580712,-0.0190337682120003,0.0776907826784698));
#5783=CARTESIAN_POINT('',(0.0362831943768031,-0.0190337682248101,0.0776907826784708));
#5784=CARTESIAN_POINT('',(0.0362831943768034,-0.0190337682248101,0.0751907826784707));
#5785=CARTESIAN_POINT('',(0.0362831943768037,-0.0190337682248101,0.0726907826784706));
#5786=CARTESIAN_POINT('',(0.0362831943768041,-0.0190337682248101,0.0701907826784706));
#5787=CARTESIAN_POINT('',(0.0211331891896887,-0.000162696638120777,0.0751907826784682));
#5788=CARTESIAN_POINT('',(0.0211331891896884,-0.000162696638120761,0.0776907826784687));
#5789=CARTESIAN_POINT('',(0.0350616658792674,-0.0199525308009026,0.0776907826784698));
#5790=CARTESIAN_POINT('',(0.0350616658793364,-0.0199525308240233,0.0701907826784705));
#5791=CARTESIAN_POINT('',(0.0350616658793361,-0.0199525308240233,0.0726907826784705));
#5792=CARTESIAN_POINT('',(0.0350616658793357,-0.0199525308240233,0.0751907826784706));
#5793=CARTESIAN_POINT('',(0.0350616658793354,-0.0199525308240232,0.0776907826784707));
#5794=CARTESIAN_POINT('',(0.0350616658840557,-0.019952530826079,0.0701907826995107));
#5795=CARTESIAN_POINT('',(0.0350616658840548,-0.0199525308260789,0.0776907826784675));
#5796=CARTESIAN_POINT('',(0.0344460426366858,-0.0196843641635287,0.0701907826995107));
#5797=CARTESIAN_POINT('',(0.0344460426366849,-0.0196843641635287,0.0776907826784675));
#5798=CARTESIAN_POINT('',(0.0335768875892851,-0.01921775805701,0.0701907826995111));
#5799=CARTESIAN_POINT('',(0.0335768875892842,-0.01921775805701,0.0776907826784679));
#5800=CARTESIAN_POINT('',(0.0326940087284347,-0.0185526212469494,0.0701907826995097));
#5801=CARTESIAN_POINT('',(0.0326940087284338,-0.0185526212469493,0.0776907826784666));
#5802=CARTESIAN_POINT('',(0.0322510148672352,-0.0181245872397499,0.0701907826995101));
#5803=CARTESIAN_POINT('',(0.0322510148672343,-0.0181245872397498,0.0776907826784669));
#5804=CARTESIAN_POINT('',(0.032043239648319,-0.0179006179598629,0.07019078269951));
#5805=CARTESIAN_POINT('',(0.0320432396483181,-0.0179006179598629,0.0776907826784668));
#5806=CARTESIAN_POINT('',(0.0319639519882175,-0.0177717094564599,0.07019078269951));
#5807=CARTESIAN_POINT('',(0.0319639519882166,-0.0177717094564599,0.0776907826784668));
#5808=CARTESIAN_POINT('',(0.0350616658793355,-0.0199525308240232,0.0776907826784689));
#5809=CARTESIAN_POINT('',(0.034446042632749,-0.0196843641618158,0.0776907826784689));
#5810=CARTESIAN_POINT('',(0.0335768875869443,-0.0192177580553679,0.0776907826784689));
#5811=CARTESIAN_POINT('',(0.0326940087273822,-0.0185526212460396,0.0776907826784689));
#5812=CARTESIAN_POINT('',(0.0322510148668428,-0.0181245872393148,0.0776907826784689));
#5813=CARTESIAN_POINT('',(0.0320432396482167,-0.0179006179596973,0.0776907826784689));
#5814=CARTESIAN_POINT('',(0.0319639519882166,-0.0177717094564599,0.0776907826784689));
#5815=CARTESIAN_POINT('',(0.0296323147288752,-0.0189841479288074,0.0701907826995105));
#5816=CARTESIAN_POINT('',(0.0296323147288743,-0.0189841479288074,0.0776907826784699));
#5817=CARTESIAN_POINT('',(0.0297576308204573,-0.0192616624451837,0.0701907826995105));
#5818=CARTESIAN_POINT('',(0.0297576308204564,-0.0192616624451837,0.0776907826784699));
#5819=CARTESIAN_POINT('',(0.0298586570715839,-0.0198757697154485,0.0701907826995105));
#5820=CARTESIAN_POINT('',(0.0298586570715829,-0.0198757697154485,0.0776907826784699));
#5821=CARTESIAN_POINT('',(0.0299413173934388,-0.0211381901048367,0.0701907826995104));
#5822=CARTESIAN_POINT('',(0.0299413173934379,-0.0211381901048367,0.0776907826784699));
#5823=CARTESIAN_POINT('',(0.029834079408974,-0.0221276898202604,0.0701907826995105));
#5824=CARTESIAN_POINT('',(0.0298340794089731,-0.0221276898202604,0.0776907826784699));
#5825=CARTESIAN_POINT('',(0.0297102185244777,-0.0227917612969009,0.0701907826995105));
#5826=CARTESIAN_POINT('',(0.0297102185244768,-0.0227917612969009,0.0776907826784699));
#5827=CARTESIAN_POINT('',(0.0296412836908843,-0.0190040098405794,0.0776907826784689));
#5828=CARTESIAN_POINT('',(0.0297035680300963,-0.01914193951949,0.0776907826784689));
#5829=CARTESIAN_POINT('',(0.0297725241163475,-0.0194395598108958,0.0776907826784689));
#5830=CARTESIAN_POINT('',(0.029878567600726,-0.0200463641045532,0.0776907826784689));
#5831=CARTESIAN_POINT('',(0.0299343012603389,-0.021150345904747,0.0776907826784689));
#5832=CARTESIAN_POINT('',(0.0298333406739078,-0.0221316505013321,0.0776907826784689));
#5833=CARTESIAN_POINT('',(0.0297102185224435,-0.0227917613078023,0.0776907826784689));
#5834=CARTESIAN_POINT('',(0.0297102185085868,-0.022791761289831,0.0776907826784695));
#5835=CARTESIAN_POINT('',(0.0297102185224435,-0.0227917613078023,0.0776907826784699));
#5836=CARTESIAN_POINT('',(0.0297102185224438,-0.0227917613078024,0.0751907826784698));
#5837=CARTESIAN_POINT('',(0.0297102185224441,-0.0227917613078024,0.0726907826784697));
#5838=CARTESIAN_POINT('',(0.0297102185224444,-0.0227917613078024,0.0701907826784696));
#5839=CARTESIAN_POINT('',(0.0211331891896862,-0.00016269663812211,0.0751907826784682));
#5840=CARTESIAN_POINT('',(0.0211331891896859,-0.000162696638122094,0.0776907826784687));
#5841=CARTESIAN_POINT('',(0.0282645626352137,-0.0232880833778715,0.0776907826784693));
#5842=CARTESIAN_POINT('',(0.0282645626281346,-0.0232880833998815,0.0701907826784695));
#5843=CARTESIAN_POINT('',(0.0282645626281343,-0.0232880833998815,0.0726907826784696));
#5844=CARTESIAN_POINT('',(0.028264562628134,-0.0232880833998815,0.0751907826784697));
#5845=CARTESIAN_POINT('',(0.0282645626281337,-0.0232880833998815,0.0776907826784698));
#5846=CARTESIAN_POINT('',(0.0282645626319878,-0.0232880834032948,0.0701907826995109));
#5847=CARTESIAN_POINT('',(0.0282645626319867,-0.0232880834032948,0.0776907826784721));
#5848=CARTESIAN_POINT('',(0.0277619381870482,-0.0228428037058535,0.0701907826995109));
#5849=CARTESIAN_POINT('',(0.0277619381870471,-0.0228428037058535,0.0776907826784721));
#5850=CARTESIAN_POINT('',(0.0270795118321383,-0.0221304512473127,0.0701907826995108));
#5851=CARTESIAN_POINT('',(0.0270795118321372,-0.0221304512473127,0.077690782678472));
#5852=CARTESIAN_POINT('',(0.0264453827163212,-0.0212250439778991,0.0701907826995108));
#5853=CARTESIAN_POINT('',(0.0264453827163201,-0.021225043977899,0.077690782678472));
#5854=CARTESIAN_POINT('',(0.0261563403003429,-0.0206810668146424,0.0701907826995108));
#5855=CARTESIAN_POINT('',(0.0261563403003418,-0.0206810668146423,0.077690782678472));
#5856=CARTESIAN_POINT('',(0.0260279446381727,-0.0204038532978994,0.0701907826995108));
#5857=CARTESIAN_POINT('',(0.0260279446381716,-0.0204038532978993,0.077690782678472));
#5858=CARTESIAN_POINT('',(0.0259923725106412,-0.0202567527913176,0.0701907826995108));
#5859=CARTESIAN_POINT('',(0.0259923725106401,-0.0202567527913176,0.077690782678472));
#5860=CARTESIAN_POINT('',(0.0282645626281338,-0.0232880833998815,0.0776907826784689));
#5861=CARTESIAN_POINT('',(0.0277619381838364,-0.022842803703009,0.0776907826784689));
#5862=CARTESIAN_POINT('',(0.0270795118304191,-0.0221304512450279,0.0776907826784689));
#5863=CARTESIAN_POINT('',(0.0264453827156008,-0.021225043976709,0.0776907826784689));
#5864=CARTESIAN_POINT('',(0.0261563403001051,-0.0206810668141075,0.0776907826784689));
#5865=CARTESIAN_POINT('',(0.0260279446381242,-0.0204038532977113,0.0776907826784689));
#5866=CARTESIAN_POINT('',(0.0259923725106402,-0.0202567527913176,0.0776907826784689));
#5867=CARTESIAN_POINT('',(0.0234001896089177,-0.0206893347631962,0.0701907826995098));
#5868=CARTESIAN_POINT('',(0.0234001896089168,-0.0206893347631961,0.0776907826784692));
#5869=CARTESIAN_POINT('',(0.0234336155926659,-0.0209919915543281,0.0701907826995098));
#5870=CARTESIAN_POINT('',(0.023433615592665,-0.020991991554328,0.0776907826784692));
#5871=CARTESIAN_POINT('',(0.0233399276842376,-0.0216072611038963,0.0701907826995098));
#5872=CARTESIAN_POINT('',(0.0233399276842367,-0.0216072611038962,0.0776907826784693));
#5873=CARTESIAN_POINT('',(0.0230284329676105,-0.0228334376857398,0.0701907826995096));
#5874=CARTESIAN_POINT('',(0.0230284329676096,-0.0228334376857397,0.0776907826784691));
#5875=CARTESIAN_POINT('',(0.0226206713556915,-0.0237413694783266,0.0701907826995095));
#5876=CARTESIAN_POINT('',(0.0226206713556906,-0.0237413694783265,0.0776907826784689));
#5877=CARTESIAN_POINT('',(0.0222976632826194,-0.0243346638652215,0.0701907826995095));
#5878=CARTESIAN_POINT('',(0.0222976632826185,-0.0243346638652214,0.0776907826784689));
#5879=CARTESIAN_POINT('',(0.0234025819304024,-0.0207109961254959,0.0776907826784689));
#5880=CARTESIAN_POINT('',(0.0234191952422589,-0.0208614219647134,0.0776907826784689));
#5881=CARTESIAN_POINT('',(0.0233928066495145,-0.021165784284755,0.0776907826784689));
#5882=CARTESIAN_POINT('',(0.0233061471573416,-0.0217756587011687,0.0776907826784689));
#5883=CARTESIAN_POINT('',(0.0230180038797537,-0.0228428304340945,0.0776907826784689));
#5884=CARTESIAN_POINT('',(0.0226187448591376,-0.0237449080281746,0.0776907826784689));
#5885=CARTESIAN_POINT('',(0.0222976632773158,-0.024334663874961,0.0776907826784689));
#5886=CARTESIAN_POINT('',(0.022297663269691,-0.0243346638535871,0.0776907826784689));
#5887=CARTESIAN_POINT('',(0.0222976632773159,-0.024334663874961,0.077690782678469));
#5888=CARTESIAN_POINT('',(0.0222976632773162,-0.024334663874961,0.0751907826784689));
#5889=CARTESIAN_POINT('',(0.0222976632773165,-0.024334663874961,0.0726907826784687));
#5890=CARTESIAN_POINT('',(0.0222976632773168,-0.024334663874961,0.0701907826784686));
#5891=CARTESIAN_POINT('',(0.0211331891896833,-0.00016269663812266,0.0751907826784682));
#5892=CARTESIAN_POINT('',(0.021133189189683,-0.000162696638122644,0.0776907826784687));
#5893=CARTESIAN_POINT('',(0.0207693908711108,-0.0243599619767091,0.0776907826784688));
#5894=CARTESIAN_POINT('',(0.0207693908575768,-0.0243599619954541,0.0701907826784685));
#5895=CARTESIAN_POINT('',(0.0207693908575765,-0.0243599619954541,0.0726907826784686));
#5896=CARTESIAN_POINT('',(0.0207693908575762,-0.0243599619954541,0.0751907826784687));
#5897=CARTESIAN_POINT('',(0.0207693908575758,-0.024359961995454,0.0776907826784688));
#5898=CARTESIAN_POINT('',(0.0207693908601866,-0.0243599619998911,0.0701907826995099));
#5899=CARTESIAN_POINT('',(0.0207693908601856,-0.024359961999891,0.0776907826784717));
#5900=CARTESIAN_POINT('',(0.020428965600335,-0.0237811563467936,0.0701907826995099));
#5901=CARTESIAN_POINT('',(0.0204289656003341,-0.0237811563467936,0.0776907826784717));
#5902=CARTESIAN_POINT('',(0.0200000685842828,-0.0228927875581196,0.07019078269951));
#5903=CARTESIAN_POINT('',(0.0200000685842819,-0.0228927875581196,0.0776907826784718));
#5904=CARTESIAN_POINT('',(0.0196767621895913,-0.021835737401228,0.07019078269951));
#5905=CARTESIAN_POINT('',(0.0196767621895903,-0.021835737401228,0.0776907826784718));
#5906=CARTESIAN_POINT('',(0.019569964704388,-0.0212290653567644,0.07019078269951));
#5907=CARTESIAN_POINT('',(0.0195699647043871,-0.0212290653567644,0.0776907826784718));
#5908=CARTESIAN_POINT('',(0.0195335168609602,-0.0209257431936461,0.07019078269951));
#5909=CARTESIAN_POINT('',(0.0195335168609592,-0.020925743193646,0.0776907826784718));
#5910=CARTESIAN_POINT('',(0.0195451423136884,-0.0207748499063781,0.07019078269951));
#5911=CARTESIAN_POINT('',(0.0195451423136875,-0.020774849906378,0.0776907826784718));
#5912=CARTESIAN_POINT('',(0.020769390857576,-0.024359961995454,0.0776907826784689));
#5913=CARTESIAN_POINT('',(0.0204289655981594,-0.0237811563430961,0.0776907826784689));
#5914=CARTESIAN_POINT('',(0.0200000685833538,-0.0228927875554155,0.0776907826784689));
#5915=CARTESIAN_POINT('',(0.0196767621892741,-0.021835737399874,0.0776907826784689));
#5916=CARTESIAN_POINT('',(0.0195699647043266,-0.0212290653561822,0.0776907826784689));
#5917=CARTESIAN_POINT('',(0.0195335168609733,-0.0209257431934535,0.0776907826784689));
#5918=CARTESIAN_POINT('',(0.0195451423136875,-0.0207748499063781,0.0776907826784689));
#5919=CARTESIAN_POINT('',(0.0169461546928049,-0.0203852312404043,0.0701907826995095));
#5920=CARTESIAN_POINT('',(0.016946154692804,-0.0203852312404042,0.077690782678469));
#5921=CARTESIAN_POINT('',(0.0168844186005381,-0.0206834041508439,0.0701907826995095));
#5922=CARTESIAN_POINT('',(0.0168844186005372,-0.0206834041508439,0.077690782678469));
#5923=CARTESIAN_POINT('',(0.0166051873577935,-0.021239609109366,0.0701907826995097));
#5924=CARTESIAN_POINT('',(0.0166051873577925,-0.021239609109366,0.0776907826784692));
#5925=CARTESIAN_POINT('',(0.0159300288758566,-0.0223095151765606,0.0701907826995088));
#5926=CARTESIAN_POINT('',(0.0159300288758556,-0.0223095151765605,0.0776907826784684));
#5927=CARTESIAN_POINT('',(0.0152616581841127,-0.0230470043565192,0.0701907826995125));
#5928=CARTESIAN_POINT('',(0.0152616581841117,-0.0230470043565192,0.077690782678472));
#5929=CARTESIAN_POINT('',(0.0147711212031765,-0.0235114458653538,0.0701907826995092));
#5930=CARTESIAN_POINT('',(0.0147711212031755,-0.0235114458653538,0.0776907826784687));
#5931=CARTESIAN_POINT('',(0.0169417361966699,-0.0204065716881663,0.0776907826784689));
#5932=CARTESIAN_POINT('',(0.0169110522544576,-0.0205547689584713,0.0776907826784689));
#5933=CARTESIAN_POINT('',(0.0167919020820309,-0.0208360802026438,0.0776907826784689));
#5934=CARTESIAN_POINT('',(0.0165210224481952,-0.0213893259846916,0.0776907826784689));
#5935=CARTESIAN_POINT('',(0.0159172077050281,-0.0223152254457056,0.0776907826784689));
#5936=CARTESIAN_POINT('',(0.015258732504964,-0.0230497743972348,0.0776907826784689));
#5937=CARTESIAN_POINT('',(0.0147711211951228,-0.0235114458729781,0.0776907826784689));
#5938=CARTESIAN_POINT('',(0.0147711211944758,-0.0235114458502942,0.0776907826784684));
#5939=CARTESIAN_POINT('',(0.0147711211951228,-0.0235114458729781,0.077690782678468));
#5940=CARTESIAN_POINT('',(0.0147711211951231,-0.0235114458729781,0.0751907826784679));
#5941=CARTESIAN_POINT('',(0.0147711211951234,-0.0235114458729781,0.0726907826784677));
#5942=CARTESIAN_POINT('',(0.0147711211951238,-0.0235114458729781,0.0701907826784676));
#5943=CARTESIAN_POINT('',(0.0211331891896805,-0.000162696638122199,0.0751907826784682));
#5944=CARTESIAN_POINT('',(0.0211331891896802,-0.000162696638122183,0.0776907826784687));
#5945=CARTESIAN_POINT('',(0.0133098302211618,-0.0230632436519439,0.0776907826784683));
#5946=CARTESIAN_POINT('',(0.0133098302024978,-0.0230632436655889,0.0701907826784675));
#5947=CARTESIAN_POINT('',(0.0133098302024974,-0.0230632436655889,0.0726907826784676));
#5948=CARTESIAN_POINT('',(0.0133098302024971,-0.0230632436655889,0.0751907826784677));
#5949=CARTESIAN_POINT('',(0.0133098302024968,-0.0230632436655888,0.0776907826784678));
#5950=CARTESIAN_POINT('',(0.0133098302036086,-0.0230632436706152,0.0701907826995089));
#5951=CARTESIAN_POINT('',(0.0133098302036077,-0.0230632436706151,0.0776907826784685));
#5952=CARTESIAN_POINT('',(0.013164927325167,-0.0224075695919602,0.0701907826995089));
#5953=CARTESIAN_POINT('',(0.013164927325166,-0.0224075695919601,0.0776907826784685));
#5954=CARTESIAN_POINT('',(0.0130315430761983,-0.0214301441998214,0.0701907826995091));
#5955=CARTESIAN_POINT('',(0.0130315430761974,-0.0214301441998214,0.0776907826784687));
#5956=CARTESIAN_POINT('',(0.0130507068851543,-0.0203249225897088,0.070190782699509));
#5957=CARTESIAN_POINT('',(0.0130507068851533,-0.0203249225897087,0.0776907826784686));
#5958=CARTESIAN_POINT('',(0.0131366084126792,-0.0197149409506838,0.070190782699509));
#5959=CARTESIAN_POINT('',(0.0131366084126783,-0.0197149409506838,0.0776907826784686));
#5960=CARTESIAN_POINT('',(0.0131956761568562,-0.0194152014278849,0.070190782699509));
#5961=CARTESIAN_POINT('',(0.0131956761568552,-0.0194152014278848,0.0776907826784686));
#5962=CARTESIAN_POINT('',(0.0132533612095313,-0.0192752858462244,0.070190782699509));
#5963=CARTESIAN_POINT('',(0.0132533612095304,-0.0192752858462244,0.0776907826784686));
#5964=CARTESIAN_POINT('',(0.0133098302024969,-0.0230632436655889,0.0776907826784689));
#5965=CARTESIAN_POINT('',(0.0131649273242369,-0.0224075695877716,0.0776907826784689));
#5966=CARTESIAN_POINT('',(0.0130315430761511,-0.0214301441969627,0.0776907826784689));
#5967=CARTESIAN_POINT('',(0.013050706885271,-0.0203249225883234,0.0776907826784689));
#5968=CARTESIAN_POINT('',(0.0131366084128004,-0.0197149409501113,0.0776907826784689));
#5969=CARTESIAN_POINT('',(0.0131956761569289,-0.019415201427706,0.0776907826784689));
#5970=CARTESIAN_POINT('',(0.0132533612095304,-0.0192752858462244,0.0776907826784689));
#5971=CARTESIAN_POINT('',(0.0109019758860312,-0.0181016051320567,0.0701907826995118));
#5972=CARTESIAN_POINT('',(0.0109019758860302,-0.0181016051320566,0.0776907826784693));
#5973=CARTESIAN_POINT('',(0.0107511208766029,-0.0183661069198351,0.0701907826995118));
#5974=CARTESIAN_POINT('',(0.0107511208766019,-0.0183661069198351,0.0776907826784693));
#5975=CARTESIAN_POINT('',(0.0103136793990975,-0.0188088020706662,0.0701907826995117));
#5976=CARTESIAN_POINT('',(0.0103136793990965,-0.0188088020706662,0.0776907826784692));
#5977=CARTESIAN_POINT('',(0.0093409463681724,-0.0196177077628801,0.0701907826995118));
#5978=CARTESIAN_POINT('',(0.00934094636817142,-0.01961770776288,0.0776907826784693));
#5979=CARTESIAN_POINT('',(0.00847739137671131,-0.0201125637508844,0.0701907826995111));
#5980=CARTESIAN_POINT('',(0.00847739137671033,-0.0201125637508843,0.0776907826784686));
#5981=CARTESIAN_POINT('',(0.00786734266538707,-0.0204026896108223,0.0701907826995111));
#5982=CARTESIAN_POINT('',(0.00786734266538608,-0.0204026896108222,0.0776907826784686));
#5983=CARTESIAN_POINT('',(0.0108911790854637,-0.0181205357135664,0.0776907826784689));
#5984=CARTESIAN_POINT('',(0.0108162014472343,-0.0182519978335878,0.0776907826784689));
#5985=CARTESIAN_POINT('',(0.01061595294417,-0.0184827212973043,0.0776907826784689));
#5986=CARTESIAN_POINT('',(0.010187368754561,-0.0189251828931476,0.0776907826784689));
#5987=CARTESIAN_POINT('',(0.00932698813990031,-0.0196191765918868,0.0776907826784689));
#5988=CARTESIAN_POINT('',(0.00847375290083689,-0.0201142941315825,0.0776907826784689));
#5989=CARTESIAN_POINT('',(0.00786734265537145,-0.020402689615585,0.0776907826784689));
#5990=CARTESIAN_POINT('',(0.00786734266176583,-0.0204026895938114,0.077690782678468));
#5991=CARTESIAN_POINT('',(0.00786734265537144,-0.0204026896155849,0.0776907826784671));
#5992=CARTESIAN_POINT('',(0.00786734265537176,-0.020402689615585,0.075190782678467));
#5993=CARTESIAN_POINT('',(0.00786734265537209,-0.020402689615585,0.0726907826784668));
#5994=CARTESIAN_POINT('',(0.00786734265537241,-0.020402689615585,0.0701907826784667));
#5995=CARTESIAN_POINT('',(0.0211331891896779,-0.000162696638120955,0.0751907826784682));
#5996=CARTESIAN_POINT('',(0.0211331891896776,-0.000162696638120939,0.0776907826784687));
#5997=CARTESIAN_POINT('',(0.00661607445559868,-0.0195248602279718,0.0776907826784679));
#5998=CARTESIAN_POINT('',(0.00661607443363168,-0.0195248602351811,0.0701907826784666));
#5999=CARTESIAN_POINT('',(0.00661607443363135,-0.0195248602351811,0.0726907826784667));
#6000=CARTESIAN_POINT('',(0.00661607443363103,-0.0195248602351811,0.0751907826784668));
#6001=CARTESIAN_POINT('',(0.0066160744336307,-0.0195248602351811,0.0776907826784669));
#6002=CARTESIAN_POINT('',(0.00661607443313495,-0.0195248602403047,0.0701907826995081));
#6003=CARTESIAN_POINT('',(0.00661607443313399,-0.0195248602403046,0.0776907826784684));
#6004=CARTESIAN_POINT('',(0.00668087803943766,-0.0188564996832629,0.0701907826995081));
#6005=CARTESIAN_POINT('',(0.00668087803943669,-0.0188564996832628,0.0776907826784684));
#6006=CARTESIAN_POINT('',(0.00685606313719064,-0.0178856948951621,0.0701907826995082));
#6007=CARTESIAN_POINT('',(0.00685606313718968,-0.0178856948951621,0.0776907826784685));
#6008=CARTESIAN_POINT('',(0.00721582126265004,-0.0168404886235592,0.0701907826995082));
#6009=CARTESIAN_POINT('',(0.00721582126264908,-0.0168404886235591,0.0776907826784685));
#6010=CARTESIAN_POINT('',(0.0074860131628781,-0.0162869066427916,0.0701907826995082));
#6011=CARTESIAN_POINT('',(0.00748601316287714,-0.0162869066427916,0.0776907826784684));
#6012=CARTESIAN_POINT('',(0.00763481453231054,-0.0160200903532135,0.0701907826995082));
#6013=CARTESIAN_POINT('',(0.00763481453230958,-0.0160200903532134,0.0776907826784685));
#6014=CARTESIAN_POINT('',(0.00773291257006143,-0.0159048483891414,0.0701907826995082));
#6015=CARTESIAN_POINT('',(0.00773291257006047,-0.0159048483891414,0.0776907826784685));
#6016=CARTESIAN_POINT('',(0.00661607443363077,-0.0195248602351811,0.0776907826784689));
#6017=CARTESIAN_POINT('',(0.00668087803984897,-0.018856499678996,0.0776907826784689));
#6018=CARTESIAN_POINT('',(0.00685606313802852,-0.0178856948924281,0.0776907826784689));
#6019=CARTESIAN_POINT('',(0.0072158212631892,-0.016840488622278,0.0776907826784689));
#6020=CARTESIAN_POINT('',(0.00748601316317013,-0.0162869066422848,0.0776907826784689));
#6021=CARTESIAN_POINT('',(0.00763481453243488,-0.0160200903530662,0.0776907826784689));
#6022=CARTESIAN_POINT('',(0.00773291257006045,-0.0159048483891414,0.0776907826784689));
#6023=CARTESIAN_POINT('',(0.00585929952247364,-0.0140619936725967,0.0701907826995082));
#6024=CARTESIAN_POINT('',(0.00585929952247267,-0.0140619936725967,0.0776907826784694));
#6025=CARTESIAN_POINT('',(0.00563409233527613,-0.014266933059838,0.0701907826995082));
#6026=CARTESIAN_POINT('',(0.00563409233527515,-0.0142669330598379,0.0776907826784694));
#6027=CARTESIAN_POINT('',(0.00508126044266111,-0.0145527843171707,0.0701907826995082));
#6028=CARTESIAN_POINT('',(0.00508126044266013,-0.0145527843171706,0.0776907826784693));
#6029=CARTESIAN_POINT('',(0.00390617074924412,-0.0150215083092757,0.0701907826995084));
#6030=CARTESIAN_POINT('',(0.00390617074924314,-0.0150215083092756,0.0776907826784695));
#6031=CARTESIAN_POINT('',(0.00293196223737527,-0.0152252911533524,0.0701907826995074));
#6032=CARTESIAN_POINT('',(0.00293196223737429,-0.0152252911533523,0.0776907826784685));
#6033=CARTESIAN_POINT('',(0.00226211761398337,-0.0153127018237988,0.0701907826995074));
#6034=CARTESIAN_POINT('',(0.0022621176139824,-0.0153127018237987,0.0776907826784685));
#6035=CARTESIAN_POINT('',(0.00584318128353894,-0.0140766613306391,0.077690782678469));
#6036=CARTESIAN_POINT('',(0.00573124928292086,-0.0141785198721207,0.077690782678469));
#6037=CARTESIAN_POINT('',(0.00546950416791434,-0.014336070735205,0.077690782678469));
#6038=CARTESIAN_POINT('',(0.00492516822913154,-0.0146244369210329,0.0776907826784689));
#6039=CARTESIAN_POINT('',(0.00389244179216479,-0.0150185919189257,0.077690782678469));
#6040=CARTESIAN_POINT('',(0.00292796712414345,-0.015225812492314,0.0776907826784689));
#6041=CARTESIAN_POINT('',(0.00226211760298618,-0.0153127018252336,0.0776907826784689));
#6042=CARTESIAN_POINT('',(0.00226211761579748,-0.015312701806502,0.0776907826784676));
#6043=CARTESIAN_POINT('',(0.0022621176029861,-0.0153127018252335,0.0776907826784663));
#6044=CARTESIAN_POINT('',(0.00226211760298642,-0.0153127018252335,0.0751907826784662));
#6045=CARTESIAN_POINT('',(0.00226211760298675,-0.0153127018252335,0.072690782678466));
#6046=CARTESIAN_POINT('',(0.00226211760298707,-0.0153127018252335,0.0701907826784658));
#6047=CARTESIAN_POINT('',(0.0211331891896759,-0.000162696638118984,0.0751907826784682));
#6048=CARTESIAN_POINT('',(0.0211331891896756,-0.000162696638118967,0.0776907826784687));
#6049=CARTESIAN_POINT('',(0.00134335502689366,-0.014091173327698,0.0776907826784676));
#6050=CARTESIAN_POINT('',(0.00134335500377407,-0.0140911733277661,0.0701907826784658));
#6051=CARTESIAN_POINT('',(0.00134335500377374,-0.014091173327766,0.0726907826784659));
#6052=CARTESIAN_POINT('',(0.00134335500377342,-0.014091173327766,0.0751907826784661));
#6053=CARTESIAN_POINT('',(0.00134335500377309,-0.014091173327766,0.0776907826784662));
#6054=CARTESIAN_POINT('',(0.00134335500171836,-0.0140911733324853,0.0701907826995075));
#6055=CARTESIAN_POINT('',(0.00134335500171739,-0.0140911733324853,0.0776907826784659));
#6056=CARTESIAN_POINT('',(0.00161152166426821,-0.0134755500851155,0.0701907826995075));
#6057=CARTESIAN_POINT('',(0.00161152166426724,-0.0134755500851154,0.0776907826784659));
#6058=CARTESIAN_POINT('',(0.00207812777078716,-0.0126063950377146,0.0701907826995076));
#6059=CARTESIAN_POINT('',(0.0020781277707862,-0.0126063950377146,0.0776907826784659));
#6060=CARTESIAN_POINT('',(0.00274326458084815,-0.0117235161768643,0.0701907826995076));
#6061=CARTESIAN_POINT('',(0.00274326458084719,-0.0117235161768643,0.077690782678466));
#6062=CARTESIAN_POINT('',(0.00317129858804707,-0.0112805223156648,0.0701907826995076));
#6063=CARTESIAN_POINT('',(0.00317129858804611,-0.0112805223156647,0.0776907826784659));
#6064=CARTESIAN_POINT('',(0.0033952678679353,-0.0110727470967487,0.0701907826995076));
#6065=CARTESIAN_POINT('',(0.00339526786793434,-0.0110727470967487,0.0776907826784659));
#6066=CARTESIAN_POINT('',(0.00352417637133735,-0.0109934594366472,0.0701907826995076));
#6067=CARTESIAN_POINT('',(0.00352417637133638,-0.0109934594366472,0.0776907826784659));
#6068=CARTESIAN_POINT('',(0.00134335500377307,-0.0140911733277661,0.077690782678469));
#6069=CARTESIAN_POINT('',(0.00161152166598053,-0.0134755500811828,0.077690782678469));
#6070=CARTESIAN_POINT('',(0.00207812777242816,-0.0126063950353742,0.0776907826784689));
#6071=CARTESIAN_POINT('',(0.00274326458175685,-0.0117235161758128,0.077690782678469));
#6072=CARTESIAN_POINT('',(0.00317129858848127,-0.0112805223152733,0.077690782678469));
#6073=CARTESIAN_POINT('',(0.00339526786809919,-0.0110727470966474,0.077690782678469));
#6074=CARTESIAN_POINT('',(0.00352417637133638,-0.0109934594366472,0.077690782678469));
#6075=CARTESIAN_POINT('',(0.00231173789898976,-0.00866182217730487,0.0701907826995073));
#6076=CARTESIAN_POINT('',(0.00231173789898885,-0.00866182217730483,0.0776907826784676));
#6077=CARTESIAN_POINT('',(0.00203422338261418,-0.00878713826888586,0.0701907826995073));
#6078=CARTESIAN_POINT('',(0.00203422338261328,-0.00878713826888581,0.0776907826784676));
#6079=CARTESIAN_POINT('',(0.00142011611234843,-0.00888816452001404,0.0701907826995073));
#6080=CARTESIAN_POINT('',(0.00142011611234752,-0.008888164520014,0.0776907826784676));
#6081=CARTESIAN_POINT('',(0.000157695722960367,-0.00897082484186803,0.0701907826995073));
#6082=CARTESIAN_POINT('',(0.000157695722959461,-0.00897082484186799,0.0776907826784676));
#6083=CARTESIAN_POINT('',(-0.000831803992462162,-0.00886358685740445,0.0701907826995073));
#6084=CARTESIAN_POINT('',(-0.000831803992463068,-0.00886358685740441,0.0776907826784676));
#6085=CARTESIAN_POINT('',(-0.00149587546910377,-0.0087397259729074,0.0701907826995073));
#6086=CARTESIAN_POINT('',(-0.00149587546910467,-0.00873972597290735,0.0776907826784676));
#6087=CARTESIAN_POINT('',(0.00229187598721687,-0.00867079113931481,0.077690782678469));
#6088=CARTESIAN_POINT('',(0.00215394630830697,-0.00873307547852602,0.077690782678469));
#6089=CARTESIAN_POINT('',(0.00185632601690011,-0.00880203156477853,0.077690782678469));
#6090=CARTESIAN_POINT('',(0.00124952172324324,-0.00890807504915631,0.077690782678469));
#6091=CARTESIAN_POINT('',(0.000145539923049083,-0.0089638087087693,0.077690782678469));
#6092=CARTESIAN_POINT('',(-0.000835764673535667,-0.00886284812233953,0.077690782678469));
#6093=CARTESIAN_POINT('',(-0.00149587548000613,-0.008739725970874,0.077690782678469));
#6094=CARTESIAN_POINT('',(-0.00149587546203418,-0.00873972595701768,0.0776907826784675));
#6095=CARTESIAN_POINT('',(-0.00149587548000617,-0.00873972597087398,0.0776907826784658));
#6096=CARTESIAN_POINT('',(-0.00149587548000585,-0.008739725970874,0.0751907826784658));
#6097=CARTESIAN_POINT('',(-0.00149587548000552,-0.00873972597087401,0.0726907826784657));
#6098=CARTESIAN_POINT('',(-0.0014958754800052,-0.00873972597087403,0.0701907826784657));
#6099=CARTESIAN_POINT('',(0.0211331891896744,-0.000162696638116408,0.0751907826784682));
#6100=CARTESIAN_POINT('',(0.0211331891896741,-0.000162696638116392,0.0776907826784687));
#6101=CARTESIAN_POINT('',(-0.00199219755007526,-0.00729407008364418,0.0776907826784674));
#6102=CARTESIAN_POINT('',(-0.00199219757208434,-0.00729407007656423,0.0701907826784657));
#6103=CARTESIAN_POINT('',(-0.00199219757208466,-0.00729407007656421,0.0726907826784657));
#6104=CARTESIAN_POINT('',(-0.00199219757208499,-0.0072940700765642,0.0751907826784657));
#6105=CARTESIAN_POINT('',(-0.00199219757208531,-0.00729407007656418,0.0776907826784658));
#6106=CARTESIAN_POINT('',(-0.00199219757549766,-0.00729407008041737,0.0701907826995071));
#6107=CARTESIAN_POINT('',(-0.00199219757549862,-0.00729407008041731,0.0776907826784698));
#6108=CARTESIAN_POINT('',(-0.00154691787805719,-0.0067914456354777,0.0701907826995071));
#6109=CARTESIAN_POINT('',(-0.00154691787805815,-0.00679144563547764,0.0776907826784698));
#6110=CARTESIAN_POINT('',(-0.000834565419515241,-0.00610901928056794,0.0701907826995073));
#6111=CARTESIAN_POINT('',(-0.000834565419516203,-0.00610901928056788,0.07769078267847));
#6112=CARTESIAN_POINT('',(7.0841849898076E-5,-0.0054748901647506,0.0701907826995072));
#6113=CARTESIAN_POINT('',(7.0841849897114E-5,-0.00547489016475053,0.07769078267847));
#6114=CARTESIAN_POINT('',(0.000614819013154956,-0.0051858477487728,0.0701907826995073));
#6115=CARTESIAN_POINT('',(0.000614819013153994,-0.00518584774877274,0.07769078267847));
#6116=CARTESIAN_POINT('',(0.000892032529897785,-0.00505745208660152,0.0701907826995073));
#6117=CARTESIAN_POINT('',(0.000892032529896823,-0.00505745208660146,0.07769078267847));
#6118=CARTESIAN_POINT('',(0.00103913303647963,-0.00502187995907079,0.0701907826995073));
#6119=CARTESIAN_POINT('',(0.00103913303647867,-0.00502187995907073,0.07769078267847));
#6120=CARTESIAN_POINT('',(-0.00199219757208523,-0.00729407007656428,0.077690782678469));
#6121=CARTESIAN_POINT('',(-0.00154691787521191,-0.00679144563226744,0.077690782678469));
#6122=CARTESIAN_POINT('',(-0.000834565417231643,-0.00610901927884932,0.077690782678469));
#6123=CARTESIAN_POINT('',(7.0841851087144E-5,-0.00547489016403151,0.0776907826784691));
#6124=CARTESIAN_POINT('',(0.000614819013688893,-0.00518584774853512,0.0776907826784691));
#6125=CARTESIAN_POINT('',(0.000892032530084766,-0.00505745208655573,0.0776907826784691));
#6126=CARTESIAN_POINT('',(0.00103913303647867,-0.00502187995907074,0.0776907826784691));
#6127=CARTESIAN_POINT('',(0.000606551064601176,-0.00242969705734709,0.0701907826995074));
#6128=CARTESIAN_POINT('',(0.000606551064600274,-0.00242969705734722,0.0776907826784695));
#6129=CARTESIAN_POINT('',(0.000303894273467682,-0.00246312304109645,0.0701907826995074));
#6130=CARTESIAN_POINT('',(0.00030389427346678,-0.00246312304109657,0.0776907826784695));
#6131=CARTESIAN_POINT('',(-0.000311375276098308,-0.00236943513266685,0.0701907826995071));
#6132=CARTESIAN_POINT('',(-0.00031137527609921,-0.00236943513266697,0.0776907826784692));
#6133=CARTESIAN_POINT('',(-0.00153755185794339,-0.00205794041603968,0.0701907826995074));
#6134=CARTESIAN_POINT('',(-0.0015375518579443,-0.0020579404160398,0.0776907826784695));
#6135=CARTESIAN_POINT('',(-0.00244548365052723,-0.00165017880412317,0.0701907826995066));
#6136=CARTESIAN_POINT('',(-0.00244548365052814,-0.00165017880412329,0.0776907826784687));
#6137=CARTESIAN_POINT('',(-0.0030387780374242,-0.00132717073104898,0.0701907826995066));
#6138=CARTESIAN_POINT('',(-0.0030387780374251,-0.0013271707310491,0.0776907826784687));
#6139=CARTESIAN_POINT('',(0.000584889702300418,-0.00243208937883289,0.0776907826784691));
#6140=CARTESIAN_POINT('',(0.000434463863082194,-0.00244870269069139,0.0776907826784691));
#6141=CARTESIAN_POINT('',(0.000130101543041615,-0.00242231409794399,0.0776907826784691));
#6142=CARTESIAN_POINT('',(-0.000479772873372788,-0.00233565460577274,0.0776907826784691));
#6143=CARTESIAN_POINT('',(-0.00154694460629707,-0.00204751132818336,0.0776907826784691));
#6144=CARTESIAN_POINT('',(-0.00244902220038233,-0.00164825230756981,0.0776907826784691));
#6145=CARTESIAN_POINT('',(-0.00303877804716468,-0.00132717072574649,0.0776907826784691));
#6146=CARTESIAN_POINT('',(-0.00303877802579093,-0.00132717071812148,0.0776907826784673));
#6147=CARTESIAN_POINT('',(-0.00303877804716466,-0.00132717072574639,0.0776907826784656));
#6148=CARTESIAN_POINT('',(-0.00303877804716434,-0.0013271707257464,0.0751907826784654));
#6149=CARTESIAN_POINT('',(-0.00303877804716401,-0.00132717072574642,0.0726907826784652));
#6150=CARTESIAN_POINT('',(-0.00303877804716369,-0.00132717072574644,0.0701907826784651));
#6151=CARTESIAN_POINT('',(0.021133189189674,-0.000162696638113512,0.0751907826784682));
#6152=CARTESIAN_POINT('',(0.0211331891896737,-0.000162696638113496,0.0776907826784687));
#6153=CARTESIAN_POINT('',(-0.0030640761489128,0.000201101680458621,0.0776907826784674));
#6154=CARTESIAN_POINT('',(-0.00306407616765675,0.00020110169399358,0.0701907826784651));
#6155=CARTESIAN_POINT('',(-0.00306407616765708,0.00020110169399351,0.0726907826784653));
#6156=CARTESIAN_POINT('',(-0.00306407616765741,0.00020110169399344,0.0751907826784654));
#6157=CARTESIAN_POINT('',(-0.00306407616765773,0.000201101693993371,0.0776907826784656));
#6158=CARTESIAN_POINT('',(-0.0030640761720936,0.000201101691383928,0.0701907826995056));
#6159=CARTESIAN_POINT('',(-0.00306407617209451,0.00020110169138399,0.0776907826784679));
#6160=CARTESIAN_POINT('',(-0.00248527051899335,0.000541526951237159,0.0701907826995056));
#6161=CARTESIAN_POINT('',(-0.00248527051899426,0.000541526951237221,0.0776907826784679));
#6162=CARTESIAN_POINT('',(-0.00159690173032282,0.000970423967287449,0.0701907826995062));
#6163=CARTESIAN_POINT('',(-0.00159690173032372,0.00097042396728751,0.0776907826784684));
#6164=CARTESIAN_POINT('',(-0.000539851573430906,0.00129373036197893,0.0701907826995064));
#6165=CARTESIAN_POINT('',(-0.000539851573431811,0.00129373036197899,0.0776907826784687));
#6166=CARTESIAN_POINT('',(6.68204710331289E-5,0.00140052784718262,0.0701907826995064));
#6167=CARTESIAN_POINT('',(6.68204710322231E-5,0.00140052784718268,0.0776907826784686));
#6168=CARTESIAN_POINT('',(0.000370142634150289,0.00143697569060967,0.0701907826995064));
#6169=CARTESIAN_POINT('',(0.000370142634149383,0.00143697569060973,0.0776907826784687));
#6170=CARTESIAN_POINT('',(0.000521035921419129,0.00142535023788196,0.0701907826995064));
#6171=CARTESIAN_POINT('',(0.000521035921418223,0.00142535023788202,0.0776907826784687));
#6172=CARTESIAN_POINT('',(-0.00306407616765774,0.000201101693993444,0.0776907826784691));
#6173=CARTESIAN_POINT('',(-0.00248527051529816,0.000541526953412743,0.0776907826784691));
#6174=CARTESIAN_POINT('',(-0.0015969017276195,0.000970423968215444,0.0776907826784691));
#6175=CARTESIAN_POINT('',(-0.000539851572077956,0.00129373036229508,0.0776907826784691));
#6176=CARTESIAN_POINT('',(6.68204716143183E-5,0.0014005278472434,0.0776907826784691));
#6177=CARTESIAN_POINT('',(0.000370142634342203,0.00143697569059503,0.0776907826784691));
#6178=CARTESIAN_POINT('',(0.000521035921418207,0.00142535023788203,0.0776907826784691));
#6179=CARTESIAN_POINT('',(0.00091065458739286,0.00402433785876558,0.0701907826995072));
#6180=CARTESIAN_POINT('',(0.000910654587391954,0.00402433785876564,0.0776907826784694));
#6181=CARTESIAN_POINT('',(0.000612481676954071,0.00408607395103081,0.0701907826995072));
#6182=CARTESIAN_POINT('',(0.000612481676953165,0.00408607395103087,0.0776907826784694));
#6183=CARTESIAN_POINT('',(5.62767184308358E-5,0.00436530519377759,0.0701907826995076));
#6184=CARTESIAN_POINT('',(5.62767184299303E-5,0.00436530519377765,0.0776907826784697));
#6185=CARTESIAN_POINT('',(-0.00101362934876363,0.00504046367571301,0.0701907826995062));
#6186=CARTESIAN_POINT('',(-0.00101362934876454,0.00504046367571307,0.0776907826784684));
#6187=CARTESIAN_POINT('',(-0.0017511185287197,0.00570883436745969,0.0701907826995067));
#6188=CARTESIAN_POINT('',(-0.0017511185287206,0.00570883436745976,0.0776907826784689));
#6189=CARTESIAN_POINT('',(-0.00221556003755663,0.00619937134839392,0.0701907826995067));
#6190=CARTESIAN_POINT('',(-0.00221556003755754,0.00619937134839398,0.0776907826784689));
#6191=CARTESIAN_POINT('',(0.00088931413962992,0.00402875635489957,0.0776907826784692));
#6192=CARTESIAN_POINT('',(0.000741116869325791,0.00405944029711114,0.0776907826784692));
#6193=CARTESIAN_POINT('',(0.000459805625152155,0.00417859046953895,0.0776907826784692));
#6194=CARTESIAN_POINT('',(-9.34401568951881E-5,0.00444947010337397,0.0776907826784692));
#6195=CARTESIAN_POINT('',(-0.00101933961790957,0.005053284846542,0.0776907826784692));
#6196=CARTESIAN_POINT('',(-0.00175388856943828,0.00571176004660397,0.0776907826784692));
#6197=CARTESIAN_POINT('',(-0.00221556004518188,0.00619937135644665,0.0776907826784692));
#6198=CARTESIAN_POINT('',(-0.00221556002249802,0.00619937135709366,0.0776907826784674));
#6199=CARTESIAN_POINT('',(-0.00221556004518191,0.00619937135644667,0.0776907826784656));
#6200=CARTESIAN_POINT('',(-0.00221556004518159,0.00619937135644665,0.0751907826784655));
#6201=CARTESIAN_POINT('',(-0.00221556004518126,0.00619937135644663,0.0726907826784653));
#6202=CARTESIAN_POINT('',(-0.00221556004518094,0.00619937135644662,0.0701907826784652));
#6203=CARTESIAN_POINT('',(0.0211331891896743,-0.000162696638110706,0.0751907826784682));
#6204=CARTESIAN_POINT('',(0.021133189189674,-0.00016269663811069,0.0776907826784687));
#6205=CARTESIAN_POINT('',(-0.00176735782414768,0.00766066233040771,0.0776907826784675));
#6206=CARTESIAN_POINT('',(-0.0017673578377917,0.00766066234907262,0.0701907826784653));
#6207=CARTESIAN_POINT('',(-0.00176735783779203,0.00766066234907264,0.0726907826784654));
#6208=CARTESIAN_POINT('',(-0.00176735783779235,0.00766066234907266,0.0751907826784655));
#6209=CARTESIAN_POINT('',(-0.00176735783779268,0.00766066234907267,0.0776907826784657));
#6210=CARTESIAN_POINT('',(-0.00176735784281797,0.00766066234796175,0.0701907826995066));
#6211=CARTESIAN_POINT('',(-0.00176735784281894,0.00766066234796181,0.077690782678468));
#6212=CARTESIAN_POINT('',(-0.0011116837641608,0.00780556522640392,0.0701907826995066));
#6213=CARTESIAN_POINT('',(-0.00111168376416176,0.00780556522640398,0.077690782678468));
#6214=CARTESIAN_POINT('',(-0.000134258372024519,0.00793894947537175,0.070190782699506));
#6215=CARTESIAN_POINT('',(-0.000134258372025482,0.00793894947537181,0.0776907826784675));
#6216=CARTESIAN_POINT('',(0.000970963238088335,0.00791978566641635,0.0701907826995074));
#6217=CARTESIAN_POINT('',(0.000970963238087373,0.00791978566641641,0.0776907826784688));
#6218=CARTESIAN_POINT('',(0.00158094487711377,0.00783388413889068,0.0701907826995071));
#6219=CARTESIAN_POINT('',(0.00158094487711281,0.00783388413889074,0.0776907826784685));
#6220=CARTESIAN_POINT('',(0.00188068439991164,0.00777481639471522,0.0701907826995074));
#6221=CARTESIAN_POINT('',(0.00188068439991068,0.00777481639471528,0.0776907826784688));
#6222=CARTESIAN_POINT('',(0.00202059998157287,0.00771713134203904,0.0701907826995074));
#6223=CARTESIAN_POINT('',(0.0020205999815719,0.0077171313420391,0.0776907826784688));
#6224=CARTESIAN_POINT('',(-0.00176735783779269,0.00766066234907261,0.0776907826784692));
#6225=CARTESIAN_POINT('',(-0.00111168375997087,0.00780556522732909,0.0776907826784692));
#6226=CARTESIAN_POINT('',(-0.000134258369167454,0.00793894947541921,0.0776907826784692));
#6227=CARTESIAN_POINT('',(0.000970963239472857,0.00791978566629851,0.0776907826784692));
#6228=CARTESIAN_POINT('',(0.00158094487768513,0.00783388413876878,0.0776907826784692));
#6229=CARTESIAN_POINT('',(0.0018806844000898,0.0077748163946413,0.0776907826784692));
#6230=CARTESIAN_POINT('',(0.0020205999815719,0.00771713134203911,0.0776907826784692));
#6231=CARTESIAN_POINT('',(0.00319428069574067,0.0100685166655395,0.0701907826995076));
#6232=CARTESIAN_POINT('',(0.00319428069573969,0.0100685166655396,0.0776907826784695));
#6233=CARTESIAN_POINT('',(0.00292977890796112,0.0102193716749643,0.0701907826995076));
#6234=CARTESIAN_POINT('',(0.00292977890796014,0.0102193716749644,0.0776907826784695));
#6235=CARTESIAN_POINT('',(0.00248708375713154,0.0106568131524744,0.0701907826995076));
#6236=CARTESIAN_POINT('',(0.00248708375713057,0.0106568131524744,0.0776907826784695));
#6237=CARTESIAN_POINT('',(0.00167817806491673,0.0116295461833972,0.0701907826995077));
#6238=CARTESIAN_POINT('',(0.00167817806491575,0.0116295461833973,0.0776907826784697));
#6239=CARTESIAN_POINT('',(0.00118332207691393,0.0124931011748584,0.070190782699507));
#6240=CARTESIAN_POINT('',(0.00118332207691295,0.0124931011748585,0.0776907826784689));
#6241=CARTESIAN_POINT('',(0.000893196216974978,0.0131031498861833,0.070190782699507));
#6242=CARTESIAN_POINT('',(0.000893196216973999,0.0131031498861834,0.0776907826784689));
#6243=CARTESIAN_POINT('',(0.00317535011422989,0.0100793134661058,0.0776907826784692));
#6244=CARTESIAN_POINT('',(0.00304388799420784,0.0101542911043352,0.0776907826784692));
#6245=CARTESIAN_POINT('',(0.00281316453049218,0.0103545396073994,0.0776907826784692));
#6246=CARTESIAN_POINT('',(0.00237070293464846,0.0107831237970085,0.0776907826784692));
#6247=CARTESIAN_POINT('',(0.00167670923590973,0.0116435044116689,0.0776907826784693));
#6248=CARTESIAN_POINT('',(0.00118159169621294,0.0124967396507337,0.0776907826784693));
#6249=CARTESIAN_POINT('',(0.000893196212211334,0.013103149896198,0.0776907826784693));
#6250=CARTESIAN_POINT('',(0.000893196233984928,0.0131031498898037,0.0776907826784676));
#6251=CARTESIAN_POINT('',(0.000893196212211376,0.0131031498961981,0.0776907826784659));
#6252=CARTESIAN_POINT('',(0.000893196212211701,0.013103149896198,0.0751907826784658));
#6253=CARTESIAN_POINT('',(0.000893196212212026,0.013103149896198,0.0726907826784656));
#6254=CARTESIAN_POINT('',(0.000893196212212351,0.013103149896198,0.0701907826784655));
#6255=CARTESIAN_POINT('',(0.0211331891896757,-0.000162696638108094,0.0751907826784682));
#6256=CARTESIAN_POINT('',(0.0211331891896754,-0.000162696638108078,0.0776907826784687));
#6257=CARTESIAN_POINT('',(0.00177102559982458,0.0143544180959708,0.0776907826784677));
#6258=CARTESIAN_POINT('',(0.00177102559261623,0.0143544181179387,0.0701907826784661));
#6259=CARTESIAN_POINT('',(0.0017710255926159,0.0143544181179388,0.0726907826784661));
#6260=CARTESIAN_POINT('',(0.00177102559261558,0.0143544181179388,0.0751907826784661));
#6261=CARTESIAN_POINT('',(0.00177102559261525,0.0143544181179388,0.0776907826784661));
#6262=CARTESIAN_POINT('',(0.00177102558749268,0.0143544181184354,0.0701907826995067));
#6263=CARTESIAN_POINT('',(0.00177102558749169,0.0143544181184355,0.0776907826784681));
#6264=CARTESIAN_POINT('',(0.00243938614453615,0.014289614512131,0.0701907826995067));
#6265=CARTESIAN_POINT('',(0.00243938614453517,0.0142896145121311,0.0776907826784681));
#6266=CARTESIAN_POINT('',(0.00341019093263476,0.0141144294143801,0.070190782699507));
#6267=CARTESIAN_POINT('',(0.00341019093263378,0.0141144294143802,0.0776907826784685));
#6268=CARTESIAN_POINT('',(0.00445539720423823,0.0137546712889203,0.0701907826995075));
#6269=CARTESIAN_POINT('',(0.00445539720423725,0.0137546712889203,0.077690782678469));
#6270=CARTESIAN_POINT('',(0.00500897918500555,0.0134844793886923,0.0701907826995074));
#6271=CARTESIAN_POINT('',(0.00500897918500457,0.0134844793886923,0.0776907826784688));
#6272=CARTESIAN_POINT('',(0.00527579547458411,0.0133356780192599,0.0701907826995074));
#6273=CARTESIAN_POINT('',(0.00527579547458313,0.0133356780192599,0.0776907826784688));
#6274=CARTESIAN_POINT('',(0.00539103743865583,0.013237579981509,0.0701907826995074));
#6275=CARTESIAN_POINT('',(0.00539103743865485,0.013237579981509,0.0776907826784688));
#6276=CARTESIAN_POINT('',(0.00177102559261516,0.0143544181179387,0.0776907826784693));
#6277=CARTESIAN_POINT('',(0.00243938614880414,0.014289614511717,0.0776907826784693));
#6278=CARTESIAN_POINT('',(0.0034101909353672,0.0141144294135416,0.0776907826784693));
#6279=CARTESIAN_POINT('',(0.00445539720551832,0.0137546712883803,0.0776907826784693));
#6280=CARTESIAN_POINT('',(0.00500897918551129,0.0134844793883989,0.0776907826784692));
#6281=CARTESIAN_POINT('',(0.00527579547473036,0.0133356780191355,0.0776907826784693));
#6282=CARTESIAN_POINT('',(0.00539103743865484,0.013237579981509,0.0776907826784693));
#6283=CARTESIAN_POINT('',(0.00723389215520039,0.0151111930290968,0.0701907826995079));
#6284=CARTESIAN_POINT('',(0.00723389215519943,0.0151111930290968,0.0776907826784693));
#6285=CARTESIAN_POINT('',(0.00702895276796122,0.0153364002162934,0.0701907826995079));
#6286=CARTESIAN_POINT('',(0.00702895276796026,0.0153364002162935,0.0776907826784693));
#6287=CARTESIAN_POINT('',(0.00674310151062567,0.0158892321089095,0.0701907826995081));
#6288=CARTESIAN_POINT('',(0.00674310151062471,0.0158892321089096,0.0776907826784695));
#6289=CARTESIAN_POINT('',(0.00627437751852249,0.0170643218023262,0.0701907826995072));
#6290=CARTESIAN_POINT('',(0.00627437751852153,0.0170643218023263,0.0776907826784685));
#6291=CARTESIAN_POINT('',(0.00607059467444338,0.018038530314194,0.0701907826995112));
#6292=CARTESIAN_POINT('',(0.00607059467444242,0.018038530314194,0.0776907826784726));
#6293=CARTESIAN_POINT('',(0.0059831840039985,0.018708374937587,0.0701907826995079));
#6294=CARTESIAN_POINT('',(0.00598318400399754,0.0187083749375871,0.0776907826784693));
#6295=CARTESIAN_POINT('',(0.00721922449715722,0.0151273112680305,0.0776907826784693));
#6296=CARTESIAN_POINT('',(0.00711736595567528,0.015239243268648,0.0776907826784693));
#6297=CARTESIAN_POINT('',(0.00695981509259128,0.0155009883836554,0.0776907826784693));
#6298=CARTESIAN_POINT('',(0.00667144890676342,0.0160453243224377,0.0776907826784693));
#6299=CARTESIAN_POINT('',(0.00627729390887061,0.0170780507594049,0.0776907826784693));
#6300=CARTESIAN_POINT('',(0.00607007333548226,0.0180425254274255,0.0776907826784693));
#6301=CARTESIAN_POINT('',(0.0059831840025626,0.0187083749485833,0.0776907826784693));
#6302=CARTESIAN_POINT('',(0.00598318402129455,0.0187083749357735,0.077690782678468));
#6303=CARTESIAN_POINT('',(0.00598318400256258,0.0187083749485833,0.0776907826784666));
#6304=CARTESIAN_POINT('',(0.0059831840025629,0.0187083749485833,0.0751907826784665));
#6305=CARTESIAN_POINT('',(0.00598318400256323,0.0187083749485833,0.0726907826784664));
#6306=CARTESIAN_POINT('',(0.00598318400256355,0.0187083749485832,0.0701907826784664));
#6307=CARTESIAN_POINT('',(0.0211331891896776,-0.000162696638106051,0.0751907826784682));
#6308=CARTESIAN_POINT('',(0.0211331891896773,-0.000162696638106035,0.0776907826784687));
#6309=CARTESIAN_POINT('',(0.00720471250009828,0.0196271375246759,0.0776907826784681));
#6310=CARTESIAN_POINT('',(0.00720471250003121,0.0196271375477964,0.0701907826784664));
#6311=CARTESIAN_POINT('',(0.00720471250003088,0.0196271375477964,0.0726907826784665));
#6312=CARTESIAN_POINT('',(0.00720471250003056,0.0196271375477964,0.0751907826784666));
#6313=CARTESIAN_POINT('',(0.00720471250003023,0.0196271375477964,0.0776907826784667));
#6314=CARTESIAN_POINT('',(0.00720471249531192,0.0196271375498521,0.0701907826995075));
#6315=CARTESIAN_POINT('',(0.00720471249531095,0.0196271375498521,0.0776907826784658));
#6316=CARTESIAN_POINT('',(0.00782033574268,0.0193589708872992,0.0701907826995075));
#6317=CARTESIAN_POINT('',(0.00782033574267903,0.0193589708872993,0.0776907826784658));
#6318=CARTESIAN_POINT('',(0.00868949079008288,0.0188923647807841,0.0701907826995073));
#6319=CARTESIAN_POINT('',(0.00868949079008191,0.0188923647807842,0.0776907826784656));
#6320=CARTESIAN_POINT('',(0.00957236965093312,0.0182272279707219,0.0701907826995075));
#6321=CARTESIAN_POINT('',(0.00957236965093215,0.018227227970722,0.0776907826784658));
#6322=CARTESIAN_POINT('',(0.0100153635121321,0.0177991939635236,0.0701907826995071));
#6323=CARTESIAN_POINT('',(0.0100153635121311,0.0177991939635237,0.0776907826784654));
#6324=CARTESIAN_POINT('',(0.0102231387310494,0.0175752246836344,0.070190782699508));
#6325=CARTESIAN_POINT('',(0.0102231387310485,0.0175752246836345,0.0776907826784663));
#6326=CARTESIAN_POINT('',(0.01030242639115,0.017446316180233,0.070190782699508));
#6327=CARTESIAN_POINT('',(0.0103024263911491,0.0174463161802331,0.0776907826784663));
#6328=CARTESIAN_POINT('',(0.00720471250003017,0.0196271375477964,0.0776907826784693));
#6329=CARTESIAN_POINT('',(0.00782033574661347,0.0193589708855918,0.0776907826784693));
#6330=CARTESIAN_POINT('',(0.00868949079242207,0.0188923647791408,0.0776907826784693));
#6331=CARTESIAN_POINT('',(0.00957236965198349,0.0182272279698124,0.0776907826784693));
#6332=CARTESIAN_POINT('',(0.0100153635125229,0.0177991939630887,0.0776907826784693));
#6333=CARTESIAN_POINT('',(0.0102231387311489,0.0175752246834692,0.0776907826784693));
#6334=CARTESIAN_POINT('',(0.0103024263911491,0.0174463161802331,0.0776907826784693));
#6335=CARTESIAN_POINT('',(0.0126340636504922,0.0186587546525806,0.0701907826995081));
#6336=CARTESIAN_POINT('',(0.0126340636504913,0.0186587546525806,0.0776907826784694));
#6337=CARTESIAN_POINT('',(0.012508747558913,0.0189362691689568,0.0701907826995081));
#6338=CARTESIAN_POINT('',(0.0125087475589121,0.0189362691689569,0.0776907826784694));
#6339=CARTESIAN_POINT('',(0.0124077213077825,0.0195503764392216,0.0701907826995081));
#6340=CARTESIAN_POINT('',(0.0124077213077815,0.0195503764392217,0.0776907826784694));
#6341=CARTESIAN_POINT('',(0.0123250609859297,0.0208127968286097,0.0701907826995081));
#6342=CARTESIAN_POINT('',(0.0123250609859287,0.0208127968286097,0.0776907826784694));
#6343=CARTESIAN_POINT('',(0.0124322989703929,0.0218022965440341,0.0701907826995081));
#6344=CARTESIAN_POINT('',(0.0124322989703919,0.0218022965440342,0.0776907826784694));
#6345=CARTESIAN_POINT('',(0.0125561598548899,0.0224663680206741,0.0701907826995081));
#6346=CARTESIAN_POINT('',(0.0125561598548889,0.0224663680206741,0.0776907826784694));
#6347=CARTESIAN_POINT('',(0.0126250946884814,0.0186786165643526,0.0776907826784693));
#6348=CARTESIAN_POINT('',(0.0125628103492708,0.0188165462432633,0.0776907826784693));
#6349=CARTESIAN_POINT('',(0.0124938542630174,0.019114166534669,0.0776907826784693));
#6350=CARTESIAN_POINT('',(0.0123878107786401,0.0197209708283264,0.0776907826784693));
#6351=CARTESIAN_POINT('',(0.0123320771190269,0.0208249526285205,0.0776907826784694));
#6352=CARTESIAN_POINT('',(0.0124330377054565,0.021806257225104,0.0776907826784694));
#6353=CARTESIAN_POINT('',(0.0125561598569223,0.0224663680315756,0.0776907826784694));
#6354=CARTESIAN_POINT('',(0.0125561598707789,0.0224663680136041,0.0776907826784684));
#6355=CARTESIAN_POINT('',(0.0125561598569223,0.0224663680315755,0.0776907826784674));
#6356=CARTESIAN_POINT('',(0.0125561598569226,0.0224663680315755,0.0751907826784674));
#6357=CARTESIAN_POINT('',(0.0125561598569229,0.0224663680315755,0.0726907826784674));
#6358=CARTESIAN_POINT('',(0.0125561598569233,0.0224663680315755,0.0701907826784673));
#6359=CARTESIAN_POINT('',(0.0211331891896802,-0.000162696638104719,0.0751907826784682));
#6360=CARTESIAN_POINT('',(0.0211331891896799,-0.000162696638104703,0.0776907826784687));
#6361=CARTESIAN_POINT('',(0.0140018157441521,0.0229626901016446,0.0776907826784686));
#6362=CARTESIAN_POINT('',(0.0140018157512331,0.0229626901236546,0.0701907826784674));
#6363=CARTESIAN_POINT('',(0.0140018157512327,0.0229626901236546,0.0726907826784675));
#6364=CARTESIAN_POINT('',(0.0140018157512324,0.0229626901236547,0.0751907826784676));
#6365=CARTESIAN_POINT('',(0.0140018157512321,0.0229626901236547,0.0776907826784676));
#6366=CARTESIAN_POINT('',(0.0140018157473801,0.022962690127068,0.070190782699509));
#6367=CARTESIAN_POINT('',(0.0140018157473791,0.0229626901270681,0.0776907826784637));
#6368=CARTESIAN_POINT('',(0.0145044401923161,0.0225174104296269,0.070190782699509));
#6369=CARTESIAN_POINT('',(0.0145044401923151,0.0225174104296269,0.0776907826784637));
#6370=CARTESIAN_POINT('',(0.0151868665472301,0.0218050579710858,0.0701907826995089));
#6371=CARTESIAN_POINT('',(0.0151868665472291,0.0218050579710858,0.0776907826784636));
#6372=CARTESIAN_POINT('',(0.0158209956630468,0.0208996507016722,0.0701907826995089));
#6373=CARTESIAN_POINT('',(0.0158209956630459,0.0208996507016723,0.0776907826784636));
#6374=CARTESIAN_POINT('',(0.0161100380790242,0.0203556735384155,0.0701907826995088));
#6375=CARTESIAN_POINT('',(0.0161100380790232,0.0203556735384155,0.0776907826784635));
#6376=CARTESIAN_POINT('',(0.0162384337411964,0.0200784600216725,0.0701907826995091));
#6377=CARTESIAN_POINT('',(0.0162384337411954,0.0200784600216725,0.0776907826784638));
#6378=CARTESIAN_POINT('',(0.0162740058687265,0.0199313595150908,0.0701907826995091));
#6379=CARTESIAN_POINT('',(0.0162740058687255,0.0199313595150908,0.0776907826784638));
#6380=CARTESIAN_POINT('',(0.014001815751232,0.0229626901236547,0.0776907826784694));
#6381=CARTESIAN_POINT('',(0.0145044401955294,0.0225174104267821,0.0776907826784694));
#6382=CARTESIAN_POINT('',(0.0151868665489464,0.021805057968801,0.0776907826784694));
#6383=CARTESIAN_POINT('',(0.0158209956637652,0.0208996507004822,0.0776907826784693));
#6384=CARTESIAN_POINT('',(0.0161100380792603,0.0203556735378807,0.0776907826784693));
#6385=CARTESIAN_POINT('',(0.0162384337412422,0.0200784600214845,0.0776907826784693));
#6386=CARTESIAN_POINT('',(0.0162740058687255,0.0199313595150908,0.0776907826784693));
#6387=CARTESIAN_POINT('',(0.0188661887704499,0.0203639414869695,0.0701907826995096));
#6388=CARTESIAN_POINT('',(0.0188661887704489,0.0203639414869696,0.0776907826784693));
#6389=CARTESIAN_POINT('',(0.0188327627867018,0.0206665982780985,0.0701907826995096));
#6390=CARTESIAN_POINT('',(0.0188327627867008,0.0206665982780985,0.0776907826784693));
#6391=CARTESIAN_POINT('',(0.0189264506951298,0.0212818678276706,0.0701907826995096));
#6392=CARTESIAN_POINT('',(0.0189264506951288,0.0212818678276707,0.0776907826784693));
#6393=CARTESIAN_POINT('',(0.0192379454117581,0.0225080444095121,0.0701907826995096));
#6394=CARTESIAN_POINT('',(0.0192379454117571,0.0225080444095122,0.0776907826784693));
#6395=CARTESIAN_POINT('',(0.0196457070236722,0.0234159762020996,0.0701907826995097));
#6396=CARTESIAN_POINT('',(0.0196457070236712,0.0234159762020997,0.0776907826784694));
#6397=CARTESIAN_POINT('',(0.0199687150967482,0.0240092705889946,0.0701907826995097));
#6398=CARTESIAN_POINT('',(0.0199687150967473,0.0240092705889947,0.0776907826784694));
#6399=CARTESIAN_POINT('',(0.0188637964489633,0.0203856028492691,0.0776907826784693));
#6400=CARTESIAN_POINT('',(0.0188471831371053,0.0205360286884852,0.0776907826784693));
#6401=CARTESIAN_POINT('',(0.0188735717298521,0.0208403910085289,0.0776907826784693));
#6402=CARTESIAN_POINT('',(0.0189602312220236,0.0214502654249416,0.0776907826784694));
#6403=CARTESIAN_POINT('',(0.0192483744996121,0.0225174371578682,0.0776907826784694));
#6404=CARTESIAN_POINT('',(0.0196476335202294,0.0234195147519465,0.0776907826784694));
#6405=CARTESIAN_POINT('',(0.0199687151020498,0.0240092705987342,0.0776907826784694));
#6406=CARTESIAN_POINT('',(0.0199687151096948,0.0240092705773685,0.0776907826784689));
#6407=CARTESIAN_POINT('',(0.0199687151020498,0.0240092705987342,0.0776907826784684));
#6408=CARTESIAN_POINT('',(0.0199687151020501,0.0240092705987342,0.0751907826784684));
#6409=CARTESIAN_POINT('',(0.0199687151020504,0.0240092705987342,0.0726907826784683));
#6410=CARTESIAN_POINT('',(0.0199687151020508,0.0240092705987342,0.0701907826784683));
#6411=CARTESIAN_POINT('',(0.021133189189683,-0.000162696638104151,0.0751907826784682));
#6412=CARTESIAN_POINT('',(0.0211331891896827,-0.000162696638104135,0.0776907826784687));
#6413=CARTESIAN_POINT('',(0.0214969875217908,0.0240345687192272,0.0701907826784684));
#6414=CARTESIAN_POINT('',(0.0214969875217904,0.0240345687192272,0.0726907826784685));
#6415=CARTESIAN_POINT('',(0.0214969875217901,0.0240345687192272,0.0751907826784685));
#6416=CARTESIAN_POINT('',(0.0214969875217898,0.0240345687192273,0.0776907826784686));
#6417=CARTESIAN_POINT('',(0.0214969875191812,0.0240345687236642,0.0701907826995099));
#6418=CARTESIAN_POINT('',(0.0214969875191801,0.0240345687236643,0.0776907826784694));
#6419=CARTESIAN_POINT('',(0.0218374127790329,0.023455763070561,0.0701907826995099));
#6420=CARTESIAN_POINT('',(0.0218374127790319,0.023455763070561,0.0776907826784694));
#6421=CARTESIAN_POINT('',(0.0222663097950846,0.0225673942818944,0.0701907826995098));
#6422=CARTESIAN_POINT('',(0.0222663097950835,0.0225673942818944,0.0776907826784693));
#6423=CARTESIAN_POINT('',(0.0225896161897767,0.0215103441250006,0.0701907826995098));
#6424=CARTESIAN_POINT('',(0.0225896161897757,0.0215103441250007,0.0776907826784693));
#6425=CARTESIAN_POINT('',(0.0226964136749794,0.0209036720805382,0.0701907826995098));
#6426=CARTESIAN_POINT('',(0.0226964136749783,0.0209036720805383,0.0776907826784693));
#6427=CARTESIAN_POINT('',(0.0227328615184083,0.0206003499174179,0.0701907826995098));
#6428=CARTESIAN_POINT('',(0.0227328615184072,0.020600349917418,0.0776907826784693));
#6429=CARTESIAN_POINT('',(0.0227212360656793,0.0204494566301513,0.0701907826995098));
#6430=CARTESIAN_POINT('',(0.0227212360656782,0.0204494566301513,0.0776907826784693));
#6431=CARTESIAN_POINT('',(0.0214969875658896,0.0240345686442468,0.0776907826784694));
#6432=CARTESIAN_POINT('',(0.0218374128131783,0.0234557630032734,0.0776907826784694));
#6433=CARTESIAN_POINT('',(0.0222663098128159,0.0225673942337522,0.0776907826784693));
#6434=CARTESIAN_POINT('',(0.0225896161953361,0.0215103441007441,0.0776907826784694));
#6435=CARTESIAN_POINT('',(0.0226964136760857,0.0209036720701225,0.0776907826784693));
#6436=CARTESIAN_POINT('',(0.0227328615181421,0.0206003499139674,0.0776907826784693));
#6437=CARTESIAN_POINT('',(0.0227212360656782,0.0204494566301513,0.0776907826784693));
#6438=CARTESIAN_POINT('',(0.025320223686563,0.0200598379641775,0.0701907826995156));
#6439=CARTESIAN_POINT('',(0.0253202236865619,0.0200598379641775,0.0776907826784692));
#6440=CARTESIAN_POINT('',(0.0253819597788285,0.0203580108746155,0.0701907826995156));
#6441=CARTESIAN_POINT('',(0.0253819597788274,0.0203580108746156,0.0776907826784692));
#6442=CARTESIAN_POINT('',(0.0256611910215751,0.0209142158331398,0.0701907826995155));
#6443=CARTESIAN_POINT('',(0.025661191021574,0.0209142158331399,0.0776907826784691));
#6444=CARTESIAN_POINT('',(0.0263363495035093,0.0219841219003332,0.0701907826995163));
#6445=CARTESIAN_POINT('',(0.0263363495035083,0.0219841219003332,0.0776907826784699));
#6446=CARTESIAN_POINT('',(0.0270047201952617,0.0227216110802931,0.0701907826995161));
#6447=CARTESIAN_POINT('',(0.0270047201952606,0.0227216110802931,0.0776907826784697));
#6448=CARTESIAN_POINT('',(0.0274952571761912,0.023186052589127,0.0701907826995161));
#6449=CARTESIAN_POINT('',(0.0274952571761901,0.023186052589127,0.0776907826784697));
#6450=CARTESIAN_POINT('',(0.0253246421826959,0.0200811784119395,0.0776907826784693));
#6451=CARTESIAN_POINT('',(0.0253553261249067,0.0202293756822431,0.0776907826784693));
#6452=CARTESIAN_POINT('',(0.0254744762973356,0.0205106869264176,0.0776907826784693));
#6453=CARTESIAN_POINT('',(0.0257453559311699,0.0210639327084645,0.0776907826784693));
#6454=CARTESIAN_POINT('',(0.0263491706743384,0.0219898321694781,0.0776907826784694));
#6455=CARTESIAN_POINT('',(0.0270076458744001,0.0227243811210124,0.0776907826784694));
#6456=CARTESIAN_POINT('',(0.0274952571842429,0.0231860525967513,0.0776907826784694));
#6457=CARTESIAN_POINT('',(0.0274952571848899,0.0231860525740674,0.0776907826784695));
#6458=CARTESIAN_POINT('',(0.0274952571842429,0.0231860525967513,0.0776907826784694));
#6459=CARTESIAN_POINT('',(0.0274952571842433,0.0231860525967513,0.0751907826784694));
#6460=CARTESIAN_POINT('',(0.0274952571842436,0.0231860525967513,0.0726907826784693));
#6461=CARTESIAN_POINT('',(0.0274952571842439,0.0231860525967512,0.0701907826784693));
#6462=CARTESIAN_POINT('',(0.0211331891896859,-0.000162696638104613,0.0751907826784682));
#6463=CARTESIAN_POINT('',(0.0211331891896856,-0.000162696638104597,0.0776907826784687));
#6464=CARTESIAN_POINT('',(0.0289565481582039,0.0227378503757171,0.0776907826784694));
#6465=CARTESIAN_POINT('',(0.0289565481768699,0.022737850389362,0.0701907826784694));
#6466=CARTESIAN_POINT('',(0.0289565481768696,0.022737850389362,0.0726907826784694));
#6467=CARTESIAN_POINT('',(0.0289565481768693,0.022737850389362,0.0751907826784695));
#6468=CARTESIAN_POINT('',(0.0289565481768689,0.0227378503893621,0.0776907826784695));
#6469=CARTESIAN_POINT('',(0.0289565481757591,0.0227378503943883,0.0701907826995108));
#6470=CARTESIAN_POINT('',(0.028956548175758,0.0227378503943884,0.0776907826784694));
#6471=CARTESIAN_POINT('',(0.0291014510542041,0.0220821763157361,0.0701907826995108));
#6472=CARTESIAN_POINT('',(0.029101451054203,0.0220821763157362,0.0776907826784694));
#6473=CARTESIAN_POINT('',(0.0292348353031687,0.021104750923594,0.0701907826995108));
#6474=CARTESIAN_POINT('',(0.0292348353031676,0.0211047509235941,0.0776907826784693));
#6475=CARTESIAN_POINT('',(0.0292156714942136,0.0199995293134817,0.0701907826995109));
#6476=CARTESIAN_POINT('',(0.0292156714942125,0.0199995293134818,0.0776907826784694));
#6477=CARTESIAN_POINT('',(0.0291297699666886,0.0193895476744573,0.0701907826995108));
#6478=CARTESIAN_POINT('',(0.0291297699666875,0.0193895476744574,0.0776907826784694));
#6479=CARTESIAN_POINT('',(0.0290707022225116,0.0190898081516571,0.0701907826995108));
#6480=CARTESIAN_POINT('',(0.0290707022225105,0.0190898081516571,0.0776907826784694));
#6481=CARTESIAN_POINT('',(0.0290130171698364,0.0189498925699975,0.0701907826995108));
#6482=CARTESIAN_POINT('',(0.0290130171698353,0.0189498925699976,0.0776907826784694));
#6483=CARTESIAN_POINT('',(0.0289565481768688,0.0227378503893621,0.0776907826784694));
#6484=CARTESIAN_POINT('',(0.0291014510551315,0.0220821763115476,0.0776907826784694));
#6485=CARTESIAN_POINT('',(0.0292348353032139,0.0211047509207354,0.0776907826784693));
#6486=CARTESIAN_POINT('',(0.0292156714940951,0.0199995293120964,0.0776907826784694));
#6487=CARTESIAN_POINT('',(0.0291297699665648,0.0193895476738849,0.0776907826784693));
#6488=CARTESIAN_POINT('',(0.0290707022224381,0.0190898081514786,0.0776907826784693));
#6489=CARTESIAN_POINT('',(0.0290130171698353,0.0189498925699976,0.0776907826784693));
#6490=CARTESIAN_POINT('',(0.0313644024933363,0.0177762118558299,0.0701907826995111));
#6491=CARTESIAN_POINT('',(0.0313644024933354,0.0177762118558299,0.0776907826784699));
#6492=CARTESIAN_POINT('',(0.0315152575027657,0.0180407136436082,0.0701907826995111));
#6493=CARTESIAN_POINT('',(0.0315152575027648,0.0180407136436082,0.0776907826784699));
#6494=CARTESIAN_POINT('',(0.0319526989802697,0.0184834087944394,0.0701907826995111));
#6495=CARTESIAN_POINT('',(0.0319526989802688,0.0184834087944395,0.07769078267847));
#6496=CARTESIAN_POINT('',(0.0329254320111953,0.019292314486653,0.0701907826995111));
#6497=CARTESIAN_POINT('',(0.0329254320111944,0.0192923144866531,0.0776907826784699));
#6498=CARTESIAN_POINT('',(0.0337889870026574,0.0197871704746576,0.0701907826995118));
#6499=CARTESIAN_POINT('',(0.0337889870026564,0.0197871704746577,0.0776907826784706));
#6500=CARTESIAN_POINT('',(0.0343990357139805,0.0200772963345954,0.0701907826995118));
#6501=CARTESIAN_POINT('',(0.0343990357139796,0.0200772963345955,0.0776907826784706));
#6502=CARTESIAN_POINT('',(0.031375199293902,0.0177951424373396,0.0776907826784693));
#6503=CARTESIAN_POINT('',(0.0314501769321328,0.0179266045573611,0.0776907826784693));
#6504=CARTESIAN_POINT('',(0.0316504254351951,0.0181573280210775,0.0776907826784693));
#6505=CARTESIAN_POINT('',(0.032079009624805,0.0185997896169208,0.0776907826784693));
#6506=CARTESIAN_POINT('',(0.0329393902394662,0.0192937833156603,0.0776907826784694));
#6507=CARTESIAN_POINT('',(0.0337926254785247,0.0197889008553542,0.0776907826784693));
#6508=CARTESIAN_POINT('',(0.0343990357239943,0.0200772963393582,0.0776907826784693));
#6509=CARTESIAN_POINT('',(0.0343990357175999,0.0200772963175846,0.0776907826784698));
#6510=CARTESIAN_POINT('',(0.0343990357239942,0.0200772963393581,0.0776907826784703));
#6511=CARTESIAN_POINT('',(0.0343990357239945,0.0200772963393581,0.0751907826784703));
#6512=CARTESIAN_POINT('',(0.0343990357239949,0.0200772963393581,0.0726907826784702));
#6513=CARTESIAN_POINT('',(0.0343990357239952,0.0200772963393581,0.0701907826784702));
#6514=CARTESIAN_POINT('',(0.0211331891896884,-0.000162696638105874,0.0751907826784682));
#6515=CARTESIAN_POINT('',(0.0211331891896881,-0.000162696638105858,0.0776907826784687));
#6516=CARTESIAN_POINT('',(0.035650303923767,0.0191994669517449,0.07769078267847));
#6517=CARTESIAN_POINT('',(0.0356503039457359,0.0191994669589542,0.0701907826784703));
#6518=CARTESIAN_POINT('',(0.0356503039457356,0.0191994669589542,0.0726907826784704));
#6519=CARTESIAN_POINT('',(0.0356503039457353,0.0191994669589543,0.0751907826784705));
#6520=CARTESIAN_POINT('',(0.035650303945735,0.0191994669589543,0.0776907826784705));
#6521=CARTESIAN_POINT('',(0.0356503039462327,0.0191994669640775,0.0701907826995118));
#6522=CARTESIAN_POINT('',(0.0356503039462316,0.0191994669640775,0.077690782678472));
#6523=CARTESIAN_POINT('',(0.0355855003399283,0.0185311064070357,0.0701907826995118));
#6524=CARTESIAN_POINT('',(0.0355855003399272,0.0185311064070358,0.077690782678472));
#6525=CARTESIAN_POINT('',(0.0354103152421775,0.0175603016189351,0.0701907826995118));
#6526=CARTESIAN_POINT('',(0.0354103152421764,0.0175603016189351,0.0776907826784719));
#6527=CARTESIAN_POINT('',(0.0350505571167178,0.0165150953473323,0.0701907826995117));
#6528=CARTESIAN_POINT('',(0.0350505571167167,0.0165150953473323,0.0776907826784719));
#6529=CARTESIAN_POINT('',(0.0347803652164894,0.0159615133665647,0.0701907826995117));
#6530=CARTESIAN_POINT('',(0.0347803652164883,0.0159615133665647,0.0776907826784719));
#6531=CARTESIAN_POINT('',(0.0346315638470579,0.0156946970769866,0.0701907826995117));
#6532=CARTESIAN_POINT('',(0.0346315638470569,0.0156946970769866,0.0776907826784719));
#6533=CARTESIAN_POINT('',(0.0345334658093063,0.0155794551129146,0.0701907826995117));
#6534=CARTESIAN_POINT('',(0.0345334658093052,0.0155794551129146,0.0776907826784719));
#6535=CARTESIAN_POINT('',(0.0356503039457349,0.0191994669589544,0.0776907826784693));
#6536=CARTESIAN_POINT('',(0.0355855003395194,0.0185311064027666,0.0776907826784693));
#6537=CARTESIAN_POINT('',(0.0354103152413365,0.0175603016162019,0.0776907826784693));
#6538=CARTESIAN_POINT('',(0.0350505571161767,0.0165150953460513,0.0776907826784693));
#6539=CARTESIAN_POINT('',(0.0347803652161953,0.015961513366058,0.0776907826784693));
#6540=CARTESIAN_POINT('',(0.0346315638469316,0.0156946970768394,0.0776907826784693));
#6541=CARTESIAN_POINT('',(0.0345334658093052,0.0155794551129146,0.0776907826784693));
#6542=CARTESIAN_POINT('',(0.036407078856894,0.0137366003963698,0.0701907826995117));
#6543=CARTESIAN_POINT('',(0.0364070788568931,0.0137366003963699,0.0776907826784706));
#6544=CARTESIAN_POINT('',(0.0366322860440907,0.013941539783611,0.0701907826995117));
#6545=CARTESIAN_POINT('',(0.0366322860440898,0.0139415397836111,0.0776907826784706));
#6546=CARTESIAN_POINT('',(0.0371851179367069,0.0142273910409438,0.0701907826995119));
#6547=CARTESIAN_POINT('',(0.037185117936706,0.0142273910409438,0.0776907826784708));
#6548=CARTESIAN_POINT('',(0.0383602076301232,0.0146961150330489,0.0701907826995113));
#6549=CARTESIAN_POINT('',(0.0383602076301223,0.014696115033049,0.0776907826784702));
#6550=CARTESIAN_POINT('',(0.0393344161419934,0.0148998978771253,0.0701907826995158));
#6551=CARTESIAN_POINT('',(0.0393344161419925,0.0148998978771254,0.0776907826784748));
#6552=CARTESIAN_POINT('',(0.0400042607653843,0.0149873085475718,0.0701907826995126));
#6553=CARTESIAN_POINT('',(0.0400042607653834,0.0149873085475719,0.0776907826784715));
#6554=CARTESIAN_POINT('',(0.0364231970958268,0.0137512680544122,0.0776907826784693));
#6555=CARTESIAN_POINT('',(0.0365351290964444,0.0138531265958939,0.0776907826784693));
#6556=CARTESIAN_POINT('',(0.0367968742114516,0.0140106774589783,0.0776907826784693));
#6557=CARTESIAN_POINT('',(0.037341210150234,0.0142990436448059,0.0776907826784693));
#6558=CARTESIAN_POINT('',(0.0383739365872009,0.0146931986426986,0.0776907826784693));
#6559=CARTESIAN_POINT('',(0.039338411255223,0.014900419216089,0.0776907826784693));
#6560=CARTESIAN_POINT('',(0.0400042607763795,0.0149873085490068,0.0776907826784693));
#6561=CARTESIAN_POINT('',(0.0400042607635697,0.0149873085302749,0.0776907826784702));
#6562=CARTESIAN_POINT('',(0.0400042607763796,0.0149873085490069,0.077690782678471));
#6563=CARTESIAN_POINT('',(0.0400042607763799,0.0149873085490069,0.0751907826784709));
#6564=CARTESIAN_POINT('',(0.0400042607763802,0.0149873085490069,0.0726907826784707));
#6565=CARTESIAN_POINT('',(0.0400042607763805,0.0149873085490068,0.0701907826784706));
#6566=CARTESIAN_POINT('',(0.0211331891896906,-0.000162696638107846,0.0751907826784682));
#6567=CARTESIAN_POINT('',(0.0211331891896903,-0.00016269663810783,0.0776907826784687));
#6568=CARTESIAN_POINT('',(0.0409230233524721,0.0137657800514712,0.0776907826784702));
#6569=CARTESIAN_POINT('',(0.0409230233755937,0.0137657800515392,0.0701907826784711));
#6570=CARTESIAN_POINT('',(0.0409230233755934,0.0137657800515392,0.0726907826784711));
#6571=CARTESIAN_POINT('',(0.040923023375593,0.0137657800515392,0.0751907826784711));
#6572=CARTESIAN_POINT('',(0.0409230233755927,0.0137657800515392,0.0776907826784711));
#6573=CARTESIAN_POINT('',(0.0409230233776492,0.0137657800562585,0.0701907826995124));
#6574=CARTESIAN_POINT('',(0.0409230233776483,0.0137657800562586,0.0776907826784697));
#6575=CARTESIAN_POINT('',(0.0406548567151049,0.0131501568088922,0.0701907826995124));
#6576=CARTESIAN_POINT('',(0.040654856715104,0.0131501568088922,0.0776907826784697));
#6577=CARTESIAN_POINT('',(0.0401882506085791,0.0122810017614867,0.0701907826995125));
#6578=CARTESIAN_POINT('',(0.0401882506085782,0.0122810017614868,0.0776907826784698));
#6579=CARTESIAN_POINT('',(0.0395231137985196,0.0113981229006379,0.0701907826995123));
#6580=CARTESIAN_POINT('',(0.0395231137985187,0.0113981229006379,0.0776907826784696));
#6581=CARTESIAN_POINT('',(0.0390950797913204,0.0109551290394373,0.0701907826995126));
#6582=CARTESIAN_POINT('',(0.0390950797913195,0.0109551290394373,0.0776907826784699));
#6583=CARTESIAN_POINT('',(0.0388711105114324,0.0107473538205232,0.070190782699512));
#6584=CARTESIAN_POINT('',(0.0388711105114315,0.0107473538205233,0.0776907826784693));
#6585=CARTESIAN_POINT('',(0.0387422020080303,0.0106680661604202,0.070190782699512));
#6586=CARTESIAN_POINT('',(0.0387422020080294,0.0106680661604203,0.0776907826784693));
#6587=CARTESIAN_POINT('',(0.0409230233755926,0.0137657800515393,0.0776907826784693));
#6588=CARTESIAN_POINT('',(0.0406548567133913,0.013150156804956,0.0776907826784693));
#6589=CARTESIAN_POINT('',(0.0401882506069361,0.0122810017591471,0.0776907826784692));
#6590=CARTESIAN_POINT('',(0.039523113797609,0.0113981228995864,0.0776907826784692));
#6591=CARTESIAN_POINT('',(0.0390950797908843,0.0109551290390459,0.0776907826784692));
#6592=CARTESIAN_POINT('',(0.0388711105112668,0.010747353820422,0.0776907826784692));
#6593=CARTESIAN_POINT('',(0.0387422020080294,0.0106680661604203,0.0776907826784692));
#6594=CARTESIAN_POINT('',(0.039954640480378,0.00833642890107823,0.0701907826995125));
#6595=CARTESIAN_POINT('',(0.0399546404803771,0.00833642890107829,0.0776907826784711));
#6596=CARTESIAN_POINT('',(0.0402321549967513,0.00846174499265682,0.0701907826995125));
#6597=CARTESIAN_POINT('',(0.0402321549967504,0.00846174499265688,0.0776907826784711));
#6598=CARTESIAN_POINT('',(0.0408462622670205,0.00856277124378834,0.0701907826995125));
#6599=CARTESIAN_POINT('',(0.0408462622670196,0.0085627712437884,0.0776907826784711));
#6600=CARTESIAN_POINT('',(0.0421086826564046,0.00864543156563961,0.0701907826995126));
#6601=CARTESIAN_POINT('',(0.0421086826564037,0.00864543156563967,0.0776907826784711));
#6602=CARTESIAN_POINT('',(0.0430981823718387,0.00853819358118159,0.0701907826995125));
#6603=CARTESIAN_POINT('',(0.0430981823718378,0.00853819358118165,0.0776907826784711));
#6604=CARTESIAN_POINT('',(0.0437622538484713,0.00841433269668046,0.0701907826995125));
#6605=CARTESIAN_POINT('',(0.0437622538484704,0.00841433269668052,0.0776907826784711));
#6606=CARTESIAN_POINT('',(0.0399745023921489,0.00834539786308809,0.0776907826784692));
#6607=CARTESIAN_POINT('',(0.0401124320710581,0.00840768220229811,0.0776907826784692));
#6608=CARTESIAN_POINT('',(0.0404100523624659,0.00847663828855226,0.0776907826784692));
#6609=CARTESIAN_POINT('',(0.0410168566561224,0.00858268177292931,0.0776907826784692));
#6610=CARTESIAN_POINT('',(0.0421208384563164,0.00863841543254241,0.0776907826784692));
#6611=CARTESIAN_POINT('',(0.0431021430529031,0.00853745484611392,0.0776907826784692));
#6612=CARTESIAN_POINT('',(0.0437622538593718,0.0084143326946472,0.0776907826784692));
#6613=CARTESIAN_POINT('',(0.0437622538414003,0.00841433268079063,0.0776907826784704));
#6614=CARTESIAN_POINT('',(0.0437622538593718,0.00841433269464719,0.0776907826784716));
#6615=CARTESIAN_POINT('',(0.0437622538593721,0.00841433269464717,0.0751907826784715));
#6616=CARTESIAN_POINT('',(0.0437622538593725,0.00841433269464715,0.0726907826784714));
#6617=CARTESIAN_POINT('',(0.0437622538593728,0.00841433269464714,0.0701907826784712));
#6618=CARTESIAN_POINT('',(0.0211331891896919,-0.000162696638110421,0.0751907826784682));
#6619=CARTESIAN_POINT('',(0.0211331891896916,-0.000162696638110405,0.0776907826784687));
#6620=CARTESIAN_POINT('',(0.0442585759294409,0.00696867680741737,0.0776907826784704));
#6621=CARTESIAN_POINT('',(0.0442585759514519,0.00696867680033733,0.0701907826784713));
#6622=CARTESIAN_POINT('',(0.0442585759514516,0.00696867680033735,0.0726907826784714));
#6623=CARTESIAN_POINT('',(0.0442585759514513,0.00696867680033737,0.0751907826784715));
#6624=CARTESIAN_POINT('',(0.044258575951451,0.00696867680033738,0.0776907826784717));
#6625=CARTESIAN_POINT('',(0.0442585759548653,0.00696867680419047,0.0701907826995128));
#6626=CARTESIAN_POINT('',(0.0442585759548643,0.00696867680419053,0.0776907826784675));
#6627=CARTESIAN_POINT('',(0.0438132962574239,0.00646605235925145,0.0701907826995128));
#6628=CARTESIAN_POINT('',(0.043813296257423,0.00646605235925151,0.0776907826784675));
#6629=CARTESIAN_POINT('',(0.0431009437988831,0.00578362600434099,0.0701907826995126));
#6630=CARTESIAN_POINT('',(0.0431009437988822,0.00578362600434105,0.0776907826784673));
#6631=CARTESIAN_POINT('',(0.0421955365294695,0.00514949688852362,0.0701907826995126));
#6632=CARTESIAN_POINT('',(0.0421955365294686,0.00514949688852369,0.0776907826784672));
#6633=CARTESIAN_POINT('',(0.0416515593662126,0.00486045447254602,0.0701907826995126));
#6634=CARTESIAN_POINT('',(0.0416515593662117,0.00486045447254608,0.0776907826784673));
#6635=CARTESIAN_POINT('',(0.0413743458494697,0.00473205881037448,0.0701907826995126));
#6636=CARTESIAN_POINT('',(0.0413743458494688,0.00473205881037454,0.0776907826784673));
#6637=CARTESIAN_POINT('',(0.041227245342888,0.0046964866828439,0.0701907826995126));
#6638=CARTESIAN_POINT('',(0.0412272453428871,0.00469648668284396,0.0776907826784673));
#6639=CARTESIAN_POINT('',(0.0442585759514509,0.00696867680033749,0.0776907826784692));
#6640=CARTESIAN_POINT('',(0.0438132962545785,0.00646605235603954,0.0776907826784692));
#6641=CARTESIAN_POINT('',(0.0431009437965972,0.00578362600262284,0.0776907826784692));
#6642=CARTESIAN_POINT('',(0.0421955365282786,0.0051494968878047,0.0776907826784692));
#6643=CARTESIAN_POINT('',(0.0416515593656768,0.00486045447230835,0.0776907826784692));
#6644=CARTESIAN_POINT('',(0.0413743458492808,0.00473205881032906,0.0776907826784692));
#6645=CARTESIAN_POINT('',(0.0412272453428871,0.00469648668284395,0.0776907826784692));
#6646=CARTESIAN_POINT('',(0.0211331891896832,-0.000162696638113352,0.0751907826784682));
#6647=CARTESIAN_POINT('',(0.0211331891896828,-0.000162696638113336,0.0776907826784687));
#6648=CARTESIAN_POINT('',(0.0403989768499711,0.00254116855613847,0.0776907826784712));
#6649=CARTESIAN_POINT('',(0.0403989768499714,0.00254116855613846,0.0751907826784707));
#6650=CARTESIAN_POINT('',(0.0211331891896832,-0.000162696638113352,0.0751907826784682));
#6651=CARTESIAN_POINT('',(0.0211331891896828,-0.000162696638113336,0.0776907826784687));
#6652=CARTESIAN_POINT('',(0.0211331891896832,-0.000162696638113352,0.0751907826784682));
#6653=CARTESIAN_POINT('',(0.0211331891896828,-0.000162696638113336,0.0776907826784687));
#6654=CARTESIAN_POINT('',(0.0211331891896832,-0.000162696638113352,0.0751907826784682));
#6655=CARTESIAN_POINT('',(0.0211331891896828,-0.000162696638113336,0.0776907826784687));
#6656=CARTESIAN_POINT('',(0.0211331891896832,-0.000162696638113352,0.0751907826784682));
#6657=CARTESIAN_POINT('',(0.0211331891896828,-0.000162696638113336,0.0776907826784687));
#6658=CARTESIAN_POINT('',(0.0211331891896832,-0.000162696638113352,0.0751907826784682));
#6659=CARTESIAN_POINT('',(0.0211331891896828,-0.000162696638113336,0.0776907826784687));
#6660=CARTESIAN_POINT('',(0.0211331891896832,-0.000162696638113352,0.0751907826784682));
#6661=CARTESIAN_POINT('',(0.0211331891896828,-0.000162696638113336,0.0776907826784687));
#6662=CARTESIAN_POINT('',(0.0211331891896832,-0.000162696638113352,0.0751907826784682));
#6663=CARTESIAN_POINT('',(0.0211331891896828,-0.000162696638113336,0.0776907826784687));
#6664=CARTESIAN_POINT('',(0.0211331891896832,-0.000162696638113352,0.0751907826784682));
#6665=CARTESIAN_POINT('',(0.0211331891896828,-0.000162696638113336,0.0776907826784687));
#6666=CARTESIAN_POINT('',(0.0211331891896832,-0.000162696638113352,0.0751907826784682));
#6667=CARTESIAN_POINT('',(0.0211331891896828,-0.000162696638113336,0.0776907826784687));
#6668=CARTESIAN_POINT('',(0.0211331891896832,-0.000162696638113352,0.0751907826784682));
#6669=CARTESIAN_POINT('',(0.0211331891896828,-0.000162696638113336,0.0776907826784687));
#6670=CARTESIAN_POINT('',(0.0211331891896832,-0.000162696638113352,0.0751907826784682));
#6671=CARTESIAN_POINT('',(0.0211331891896828,-0.000162696638113336,0.0776907826784687));
#6672=CARTESIAN_POINT('',(0.0211331891896832,-0.000162696638113352,0.0751907826784682));
#6673=CARTESIAN_POINT('',(0.0211331891896828,-0.000162696638113336,0.0776907826784687));
#6674=CARTESIAN_POINT('',(0.0211331891896832,-0.000162696638113352,0.0751907826784682));
#6675=CARTESIAN_POINT('',(0.0211331891896828,-0.000162696638113336,0.0776907826784687));
#6676=CARTESIAN_POINT('',(0.0211331891896832,-0.000162696638113352,0.0751907826784682));
#6677=CARTESIAN_POINT('',(0.0211331891896828,-0.000162696638113336,0.0776907826784687));
#6678=CARTESIAN_POINT('',(0.0211331891896832,-0.000162696638113352,0.0751907826784682));
#6679=CARTESIAN_POINT('',(0.0211331891896828,-0.000162696638113336,0.0776907826784687));
#6680=CARTESIAN_POINT('',(0.0211331891896832,-0.000162696638113352,0.0751907826784682));
#6681=CARTESIAN_POINT('',(0.0211331891896828,-0.000162696638113336,0.0776907826784687));
#6682=CARTESIAN_POINT('',(0.0211331891896832,-0.000162696638113352,0.0751907826784682));
#6683=CARTESIAN_POINT('',(0.0211331891896828,-0.000162696638113336,0.0776907826784687));
#6684=CARTESIAN_POINT('',(0.0211331891896832,-0.000162696638113352,0.0751907826784682));
#6685=CARTESIAN_POINT('',(0.0211331891896828,-0.000162696638113336,0.0776907826784687));
#6686=CARTESIAN_POINT('',(0.0409832507347889,0.00262316872394497,0.0751907826784713));
#6687=CARTESIAN_POINT('',(0.0410480176445115,0.00203673437348025,0.0751907826784713));
#6688=CARTESIAN_POINT('',(0.0410480176445112,0.00203673437348025,0.0776907826784702));
#6689=CARTESIAN_POINT('',(0.0409832507347886,0.00262316872394498,0.0776907826784713));
#6690=CARTESIAN_POINT('',(0.0416814886770657,0.00210669610260609,0.0751907826784713));
#6691=CARTESIAN_POINT('',(0.0410480176445112,0.00203673437348025,0.0776907826784692));
#6692=CARTESIAN_POINT('',(0.0416814886358009,0.00210669609804877,0.0776907826784692));
#6693=CARTESIAN_POINT('',(0.0416814886770663,0.00210669610260606,0.0701907826784713));
#6694=CARTESIAN_POINT('',(0.041681488677066,0.00210669610260608,0.0726907826784713));
#6695=CARTESIAN_POINT('',(0.0416814886770657,0.00210669610260609,0.0751907826784714));
#6696=CARTESIAN_POINT('',(0.0416814886770654,0.00210669610260611,0.0776907826784714));
#6697=CARTESIAN_POINT('',(0.0410645811491674,-0.002290043275925,0.0751907826784712));
#6698=CARTESIAN_POINT('',(0.0411099029160029,-0.00170178658242211,0.0751907826784712));
#6699=CARTESIAN_POINT('',(0.0411099029160026,-0.0017017865824221,0.0776907826784702));
#6700=CARTESIAN_POINT('',(0.041064581149167,-0.00229004327592499,0.0776907826784713));
#6701=CARTESIAN_POINT('',(0.0404779133555421,-0.0022274261862196,0.0776907826784713));
#6702=CARTESIAN_POINT('',(0.0404779133555424,-0.00222742618621962,0.0751907826784712));
#6703=CARTESIAN_POINT('',(0.0405203351260996,-0.00165636380321229,0.0751907826784712));
#6704=CARTESIAN_POINT('',(0.0417453424579476,-0.00175074351410878,0.0776907826784714));
#6705=CARTESIAN_POINT('',(0.0417453424579479,-0.00175074351410879,0.0751907826784713));
#6706=CARTESIAN_POINT('',(0.0417453424579482,-0.00175074351410881,0.0726907826784713));
#6707=CARTESIAN_POINT('',(0.0417453424579485,-0.00175074351410882,0.0701907826784712));
#6708=CARTESIAN_POINT('',(0.0417453424579476,-0.0017507435141088,0.0776907826363865));
#6709=CARTESIAN_POINT('',(0.0417453424579476,-0.00175074351410883,0.0776907826784691));
#6710=CARTESIAN_POINT('',(0.0416598273147666,0.00210430378112034,0.0701907826995127));
#6711=CARTESIAN_POINT('',(0.0416598273147655,0.0021043037811204,0.0776907826784714));
#6712=CARTESIAN_POINT('',(0.0419624841058986,0.0021377297648697,0.0701907826995127));
#6713=CARTESIAN_POINT('',(0.0419624841058975,0.00213772976486975,0.0776907826784714));
#6714=CARTESIAN_POINT('',(0.0425777536554667,0.00204404185644013,0.0701907826995127));
#6715=CARTESIAN_POINT('',(0.0425777536554656,0.00204404185644019,0.0776907826784714));
#6716=CARTESIAN_POINT('',(0.0438039302373103,0.00173254713981276,0.0701907826995125));
#6717=CARTESIAN_POINT('',(0.0438039302373092,0.00173254713981282,0.0776907826784713));
#6718=CARTESIAN_POINT('',(0.0447118620298966,0.00132478552789722,0.0701907826995133));
#6719=CARTESIAN_POINT('',(0.0447118620298955,0.00132478552789728,0.077690782678472));
#6720=CARTESIAN_POINT('',(0.045305156416792,0.00100177745482222,0.0701907826995133));
#6721=CARTESIAN_POINT('',(0.0453051564167909,0.00100177745482228,0.077690782678472));
#6722=CARTESIAN_POINT('',(0.0416814886770654,0.0021066961026061,0.0776907826784691));
#6723=CARTESIAN_POINT('',(0.0418319145162814,0.0021233094144649,0.0776907826784691));
#6724=CARTESIAN_POINT('',(0.0421362768363251,0.00209692082171703,0.0776907826784692));
#6725=CARTESIAN_POINT('',(0.0427461512527378,0.00201026132954612,0.0776907826784691));
#6726=CARTESIAN_POINT('',(0.0438133229856638,0.00172211805195642,0.0776907826784691));
#6727=CARTESIAN_POINT('',(0.0447154005797456,0.00132285903134316,0.0776907826784691));
#6728=CARTESIAN_POINT('',(0.0453051564265305,0.0010017774495197,0.0776907826784691));
#6729=CARTESIAN_POINT('',(0.0453051564051552,0.00100177744189629,0.0776907826784705));
#6730=CARTESIAN_POINT('',(0.0453051564265304,0.0010017774495197,0.0776907826784718));
#6731=CARTESIAN_POINT('',(0.0453051564265307,0.00100177744951968,0.0751907826784718));
#6732=CARTESIAN_POINT('',(0.0453051564265311,0.00100177744951967,0.0726907826784718));
#6733=CARTESIAN_POINT('',(0.0453051564265314,0.00100177744951965,0.0701907826784718));
#6734=CARTESIAN_POINT('',(0.0211331891896924,-0.00016269663811321,0.0751907826784682));
#6735=CARTESIAN_POINT('',(0.0211331891896921,-0.000162696638113194,0.0776907826784687));
#6736=CARTESIAN_POINT('',(0.0453304545282786,-0.000526494956685441,0.0776907826784705));
#6737=CARTESIAN_POINT('',(0.0453304545470245,-0.000526494970220365,0.0701907826784718));
#6738=CARTESIAN_POINT('',(0.0453304545470241,-0.000526494970220349,0.0726907826784718));
#6739=CARTESIAN_POINT('',(0.0453304545470238,-0.000526494970220333,0.0751907826784718));
#6740=CARTESIAN_POINT('',(0.0453304545470235,-0.000526494970220317,0.0776907826784718));
#6741=CARTESIAN_POINT('',(0.0453304545514614,-0.00052649496761069,0.0701907826995131));
#6742=CARTESIAN_POINT('',(0.0453304545514605,-0.000526494967610629,0.0776907826784701));
#6743=CARTESIAN_POINT('',(0.0447516488983667,-0.000866920227457763,0.0701907826995131));
#6744=CARTESIAN_POINT('',(0.0447516488983658,-0.000866920227457702,0.0776907826784701));
#6745=CARTESIAN_POINT('',(0.0438632801096892,-0.00129581724351558,0.0701907826995123));
#6746=CARTESIAN_POINT('',(0.0438632801096883,-0.00129581724351552,0.0776907826784693));
#6747=CARTESIAN_POINT('',(0.0428062299527985,-0.00161912363820574,0.0701907826995125));
#6748=CARTESIAN_POINT('',(0.0428062299527976,-0.00161912363820568,0.0776907826784695));
#6749=CARTESIAN_POINT('',(0.0421995579083348,-0.0017259211234095,0.0701907826995125));
#6750=CARTESIAN_POINT('',(0.0421995579083339,-0.00172592112340943,0.0776907826784695));
#6751=CARTESIAN_POINT('',(0.0418962357452166,-0.00176236896683666,0.0701907826995125));
#6752=CARTESIAN_POINT('',(0.0418962357452157,-0.00176236896683659,0.0776907826784695));
#6753=CARTESIAN_POINT('',(0.0417453424579485,-0.00175074351410888,0.0701907826995125));
#6754=CARTESIAN_POINT('',(0.0417453424579476,-0.00175074351410881,0.0776907826784695));
#6755=CARTESIAN_POINT('',(0.0453304545470236,-0.00052649497022028,0.0776907826784691));
#6756=CARTESIAN_POINT('',(0.044751648894663,-0.000866920229630895,0.0776907826784691));
#6757=CARTESIAN_POINT('',(0.0438632801069857,-0.00129581724444423,0.0776907826784691));
#6758=CARTESIAN_POINT('',(0.0428062299514431,-0.00161912363852158,0.0776907826784691));
#6759=CARTESIAN_POINT('',(0.0421995579077524,-0.00172592112347041,0.0776907826784691));
#6760=CARTESIAN_POINT('',(0.0418962357450216,-0.00176236896682139,0.0776907826784691));
#6761=CARTESIAN_POINT('',(0.0417453424579476,-0.00175074351410883,0.0776907826784691));
#6762=CARTESIAN_POINT('',(0.0211331891896832,-0.000162696638113352,0.0751907826784682));
#6763=CARTESIAN_POINT('',(0.0211331891896828,-0.000162696638113336,0.0776907826784687));
#6764=CARTESIAN_POINT('',(-0.00433730556077714,-0.00109010743982735,0.0776907826784691));
#6765=CARTESIAN_POINT('',(-0.063930721893532,-0.00109010743982706,0.0776907826784691));
#6766=CARTESIAN_POINT('',(-0.0639307218935321,-0.0250854872516384,0.0776907826784688));
#6767=CARTESIAN_POINT('',(0.0552557414581742,-0.00109010743982764,0.0776907826784691));
#6768=CARTESIAN_POINT('',(0.0552557414581741,-0.025085487251639,0.0776907826784689));
#6769=CARTESIAN_POINT('',(-0.00433730556077724,-0.0250854872516387,0.0776907826784689));
#6770=CARTESIAN_POINT('',(0.055255741458174,-0.0282123264858433,0.0776907826784688));
#6771=CARTESIAN_POINT('',(0.055255741458174,-0.025085487251639,0.0776907826784689));
#6772=CARTESIAN_POINT('',(0.0552557414581741,-0.025085487251639,0.0776907826784689));
#6773=CARTESIAN_POINT('',(-0.0639307218935321,-0.0250854872516384,0.0776907826784689));
#6774=CARTESIAN_POINT('',(-0.0639307218935321,-0.0250854872516384,0.0776907826784689));
#6775=CARTESIAN_POINT('',(0.0211331891896888,-0.000162696638114417,0.0701907826784682));
#6776=MECHANICAL_DESIGN_GEOMETRIC_PRESENTATION_REPRESENTATION('',(#3386),
#6777);
#6777=(
GEOMETRIC_REPRESENTATION_CONTEXT(3)
GLOBAL_UNCERTAINTY_ASSIGNED_CONTEXT((#6778))
GLOBAL_UNIT_ASSIGNED_CONTEXT((#6781,#6780,#6779))
REPRESENTATION_CONTEXT('Right foot','TOP_LEVEL_ASSEMBLY_PART')
);
#6778=UNCERTAINTY_MEASURE_WITH_UNIT(LENGTH_MEASURE(2.E-5),#6781,
'DISTANCE_ACCURACY_VALUE','Maximum Tolerance applied to model');
#6779=(
NAMED_UNIT(*)
SI_UNIT($,.STERADIAN.)
SOLID_ANGLE_UNIT()
);
#6780=(
NAMED_UNIT(*)
PLANE_ANGLE_UNIT()
SI_UNIT($,.RADIAN.)
);
#6781=(
LENGTH_UNIT()
NAMED_UNIT(*)
SI_UNIT($,.METRE.)
);
#6782=PRODUCT_DEFINITION_SHAPE('','',#6783);
#6783=PRODUCT_DEFINITION('','',#6785,#6784);
#6784=PRODUCT_DEFINITION_CONTEXT('',#6791,'design');
#6785=PRODUCT_DEFINITION_FORMATION_WITH_SPECIFIED_SOURCE('','',#6787,
 .NOT_KNOWN.);
#6786=PRODUCT_RELATED_PRODUCT_CATEGORY('','',(#6787));
#6787=PRODUCT('Right foot','Right foot','Right foot',(#6789));
#6788=PRODUCT_CATEGORY('','');
#6789=PRODUCT_CONTEXT('',#6791,'mechanical');
#6790=APPLICATION_PROTOCOL_DEFINITION('international standard',
'ap242_managed_model_based_3d_engineering',2020,#6791);
#6791=APPLICATION_CONTEXT('managed model based 3d engineering');
ENDSEC;
END-ISO-10303-21;
