ISO-10303-21;
HEADER;
/* Generated by software containing ST-Developer
 * from STEP Tools, Inc. (www.steptools.com) 
 */
/* OPTION: using custom renumber hook */

FILE_DESCRIPTION(
/* description */ ('STEP AP242 Edition 2',
'CAx-IF Rec.Pracs.---Representation and Presentation of Product Manufa
cturing Information (PMI)---4.0---2014-10-13',
'CAx-IF Rec.Pracs.---3D Tessellated Geometry---0.4---2014-09-14','2;1',
'CAx-IF Rec.Pracs.---User Defined Attributes---1.5---2016-08-15'),
/* implementation_level */ '2;1');

FILE_NAME(
/* name */ 'robot - Hip Roll Motor Holder',
/* time_stamp */ '2026-08-16T03:04:30Z',
/* author */ (''),
/* organization */ (''),
/* preprocessor_version */ 'ST-DEVELOPER v20',
/* originating_system */ 'ONSHAPE BY PTC INC, 1.219',
/* authorisation */ '  ');

FILE_SCHEMA (('AP242_MANAGED_MODEL_BASED_3D_ENGINEERING_MIM_LF { 1 0 10303 442 3 1 4 }'));
ENDSEC;

DATA;
#10=SHAPE_REPRESENTATION_RELATIONSHIP('','',#5073,#11);
#11=ADVANCED_BREP_SHAPE_REPRESENTATION('',(#5071),#8702);
#12=ORIENTED_CLOSED_SHELL('',*,#5062,.F.);
#13=B_SPLINE_SURFACE_WITH_KNOTS('',3,3,((#7226,#7227,#7228,#7229,#7230,
#7231,#7232,#7233,#7234,#7235,#7236,#7237,#7238,#7239,#7240,#7241,#7242,
#7243,#7244),(#7245,#7246,#7247,#7248,#7249,#7250,#7251,#7252,#7253,#7254,
#7255,#7256,#7257,#7258,#7259,#7260,#7261,#7262,#7263),(#7264,#7265,#7266,
#7267,#7268,#7269,#7270,#7271,#7272,#7273,#7274,#7275,#7276,#7277,#7278,
#7279,#7280,#7281,#7282),(#7283,#7284,#7285,#7286,#7287,#7288,#7289,#7290,
#7291,#7292,#7293,#7294,#7295,#7296,#7297,#7298,#7299,#7300,#7301)),
 .UNSPECIFIED.,.F.,.T.,.F.,(4,4),(1,1,1,1,1,1,1,1,1,1,1,1,1,1,1,1,1,1,1,
1,1,1,1),(-6.23085178240726E-24,1.),(-1.17809724509617,-0.785398163397448,
-0.392699081698725,0.,0.392699081698724,0.785398163397448,1.17809724509617,
1.5707963267949,1.96349540849362,2.35619449019234,2.74889357189107,3.14159265358979,
3.53429173528852,3.92699081698724,4.31968989868597,4.71238898038469,5.10508806208341,
5.49778714378214,5.89048622548086,6.28318530717959,6.67588438887831,7.06858347057703,
7.46128255227576),.UNSPECIFIED.);
#14=B_SPLINE_CURVE_WITH_KNOTS('',3,(#7201,#7202,#7203,#7204,#7205,#7206,
#7207,#7208,#7209,#7210),.UNSPECIFIED.,.F.,.F.,(4,1,1,1,1,1,1,4),(0.,0.00306499416310694,
0.00612998832621388,0.00919498248932083,0.0122599766524278,0.0153249708155347,
0.0183899649786417,0.0245199533048555),.UNSPECIFIED.);
#15=B_SPLINE_CURVE_WITH_KNOTS('',3,(#7215,#7216,#7217,#7218,#7219),
 .UNSPECIFIED.,.F.,.F.,(4,1,4),(0.0113355719412953,0.014920536526074,0.0185055011108528),
 .UNSPECIFIED.);
#16=B_SPLINE_CURVE_WITH_KNOTS('',3,(#7302,#7303,#7304,#7305,#7306,#7307,
#7308,#7309,#7310,#7311,#7312),.UNSPECIFIED.,.T.,.F.,(1,1,1,1,1,1,1,1,1,
1,1,1,1,1,1),(-0.00382214773449593,-0.00254809848966371,-0.00127404924483149,
7.28254118762399E-16,0.00127404924483295,0.00254809848966517,0.00382214773449738,
0.0050961969793296,0.00637024622416182,0.00764429546899404,0.00891834471382626,
0.0101923939586585,0.0114664432034907,0.0127404924483229,0.0140145416931551),
 .UNSPECIFIED.);
#17=B_SPLINE_CURVE_WITH_KNOTS('',3,(#7314,#7315,#7316,#7317,#7318,#7319,
#7320,#7321,#7322,#7323,#7324),.UNSPECIFIED.,.T.,.F.,(1,1,1,1,1,1,1,1,1,
1,1,1,1,1,1),(-0.00381973768904175,-0.00254649179269449,-0.00127324589634724,
1.80277751848459E-17,0.00127324589634727,0.00254649179269453,0.00381973768904179,
0.00509298358538904,0.0063662294817363,0.00763947537808355,0.00891272127443081,
0.0101859671707781,0.0114592130671253,0.0127324589634726,0.0140057048598198),
 .UNSPECIFIED.);
#18=B_SPLINE_CURVE_WITH_KNOTS('',3,(#7326,#7327,#7328,#7329,#7330,#7331,
#7332,#7333,#7334,#7335,#7336),.UNSPECIFIED.,.T.,.F.,(1,1,1,1,1,1,1,1,1,
1,1,1,1,1,1),(-0.00382217336048224,-0.00254811557365476,-0.00127405778682728,
1.93762595130037E-16,0.00127405778682767,0.00254811557365515,0.00382217336048263,
0.00509623114731011,0.00637028893413758,0.00764434672096506,0.00891840450779254,
0.01019246229462,0.0114665200814475,0.012740577868275,0.0140146356551025),
 .UNSPECIFIED.);
#19=B_SPLINE_CURVE_WITH_KNOTS('',3,(#7338,#7339,#7340,#7341,#7342,#7343,
#7344,#7345,#7346,#7347,#7348),.UNSPECIFIED.,.T.,.F.,(1,1,1,1,1,1,1,1,1,
1,1,1,1,1,1),(-0.00381944087854906,-0.0025462939190327,-0.00127314695951635,
7.94950163848063E-18,0.00127314695951636,0.00254629391903272,0.00381944087854907,
0.00509258783806543,0.00636573479758178,0.00763888175709814,0.0089120287166145,
0.0101851756761309,0.0114583226356472,0.0127314695951636,0.0140046165546799),
 .UNSPECIFIED.);
#20=B_SPLINE_CURVE_WITH_KNOTS('',3,(#7352,#7353,#7354,#7355,#7356,#7357,
#7358,#7359,#7360,#7361),.UNSPECIFIED.,.F.,.F.,(4,1,1,1,1,1,1,4),(7.13378014207093E-11,
0.00361877493489285,0.00723754979844789,0.0108563246620029,0.014475099525558,
0.0217126492526681,0.0253314241162231,0.0289501989797782),.UNSPECIFIED.);
#21=B_SPLINE_CURVE_WITH_KNOTS('',3,(#7363,#7364,#7365,#7366,#7367,#7368,
#7369),.UNSPECIFIED.,.F.,.F.,(4,1,1,1,4),(0.,0.00353141215595548,0.00706282431191096,
0.0105942364678664,0.0141256486238219),.UNSPECIFIED.);
#22=B_SPLINE_CURVE_WITH_KNOTS('',3,(#7373,#7374,#7375,#7376,#7377,#7378,
#7379),.UNSPECIFIED.,.F.,.F.,(4,1,1,1,4),(0.0127278739772051,0.016072289928899,
0.0194167058805929,0.0227611218322868,0.0261055377839807),.UNSPECIFIED.);
#23=B_SPLINE_CURVE_WITH_KNOTS('',3,(#7381,#7382,#7383,#7384),
 .UNSPECIFIED.,.F.,.F.,(4,4),(0.,0.00288326990323841),.UNSPECIFIED.);
#24=B_SPLINE_CURVE_WITH_KNOTS('',3,(#7937,#7938,#7939,#7940),
 .UNSPECIFIED.,.F.,.F.,(4,4),(4.3360362277463E-9,0.0018914790463705),
 .UNSPECIFIED.);
#25=B_SPLINE_CURVE_WITH_KNOTS('',3,(#7942,#7943,#7944,#7945,#7946,#7947,
#7948,#7949),.UNSPECIFIED.,.F.,.F.,(4,1,1,1,1,4),(0.0018914790463705,0.00802109844467958,
0.0110859081438341,0.0141507178429887,0.0202803372412977,0.0264099566396068),
 .UNSPECIFIED.);
#26=PLANE('',#5095);
#27=PLANE('',#5101);
#28=PLANE('',#5102);
#29=PLANE('',#5103);
#30=PLANE('',#5104);
#31=PLANE('',#5161);
#32=PLANE('',#5165);
#33=PLANE('',#5166);
#34=PLANE('',#5187);
#35=PLANE('',#5204);
#36=PLANE('',#5208);
#37=PLANE('',#5212);
#38=PLANE('',#5213);
#39=PLANE('',#5224);
#40=PLANE('',#5228);
#41=PLANE('',#5229);
#42=PLANE('',#5240);
#43=PLANE('',#5244);
#44=PLANE('',#5245);
#45=PLANE('',#5246);
#46=PLANE('',#5247);
#47=PLANE('',#5251);
#48=PLANE('',#5268);
#49=PLANE('',#5269);
#50=PLANE('',#5280);
#51=PLANE('',#5285);
#52=PLANE('',#5286);
#53=PLANE('',#5288);
#54=PLANE('',#5289);
#55=PLANE('',#5294);
#56=PLANE('',#5295);
#57=PLANE('',#5296);
#58=PLANE('',#5297);
#59=PLANE('',#5298);
#60=PLANE('',#5299);
#61=PLANE('',#5326);
#62=PLANE('',#5327);
#63=PLANE('',#5328);
#64=PLANE('',#5329);
#65=PLANE('',#5333);
#66=PLANE('',#5337);
#67=PLANE('',#5341);
#68=PLANE('',#5345);
#69=PLANE('',#5347);
#70=PLANE('',#5349);
#71=PLANE('',#5350);
#72=PLANE('',#5351);
#73=PLANE('',#5353);
#74=PLANE('',#5355);
#75=PLANE('',#5356);
#76=PLANE('',#5357);
#77=PLANE('',#5372);
#78=PLANE('',#5373);
#79=PLANE('',#5380);
#80=PLANE('',#5381);
#81=PLANE('',#5392);
#82=PLANE('',#5393);
#83=PLANE('',#5403);
#84=PLANE('',#5404);
#85=PLANE('',#5409);
#86=PLANE('',#5410);
#87=PLANE('',#5415);
#88=PLANE('',#5416);
#89=PLANE('',#5417);
#90=PLANE('',#5418);
#91=PLANE('',#5419);
#92=PLANE('',#5420);
#93=PLANE('',#5421);
#94=PLANE('',#5422);
#95=PLANE('',#5427);
#96=PLANE('',#5428);
#97=PLANE('',#5429);
#98=PLANE('',#5430);
#99=PLANE('',#5431);
#100=PLANE('',#5432);
#101=PLANE('',#5433);
#102=PLANE('',#5434);
#103=PLANE('',#5437);
#104=PLANE('',#5438);
#105=PLANE('',#5439);
#106=PLANE('',#5440);
#107=PLANE('',#5441);
#108=PLANE('',#5442);
#109=PLANE('',#5443);
#110=PLANE('',#5444);
#111=PLANE('',#5449);
#112=PLANE('',#5450);
#113=PLANE('',#5451);
#114=PLANE('',#5452);
#115=PLANE('',#5453);
#116=PLANE('',#5454);
#117=PLANE('',#5455);
#118=PLANE('',#5456);
#119=PLANE('',#5461);
#120=PLANE('',#5462);
#121=PLANE('',#5463);
#122=PLANE('',#5464);
#123=PLANE('',#5465);
#124=PLANE('',#5466);
#125=PLANE('',#5467);
#126=PLANE('',#5468);
#127=PLANE('',#5469);
#128=PLANE('',#5470);
#129=PLANE('',#5483);
#130=PLANE('',#5484);
#131=PLANE('',#5485);
#132=PLANE('',#5486);
#133=PLANE('',#5487);
#134=PLANE('',#5488);
#135=PLANE('',#5489);
#136=PLANE('',#5490);
#137=PLANE('',#5491);
#138=PLANE('',#5492);
#139=PLANE('',#5493);
#140=PLANE('',#5494);
#141=PLANE('',#5495);
#142=PLANE('',#5496);
#143=PLANE('',#5497);
#144=PLANE('',#5500);
#145=PLANE('',#5501);
#146=PLANE('',#5510);
#147=PLANE('',#5511);
#148=PLANE('',#5512);
#149=PLANE('',#5514);
#150=PLANE('',#5515);
#151=PLANE('',#5516);
#152=PLANE('',#5521);
#153=PLANE('',#5522);
#154=PLANE('',#5523);
#155=PLANE('',#5524);
#156=PLANE('',#5525);
#157=PLANE('',#5526);
#158=PLANE('',#5529);
#159=PLANE('',#5530);
#160=PLANE('',#5535);
#161=PLANE('',#5536);
#162=PLANE('',#5537);
#163=PLANE('',#5538);
#164=PLANE('',#5539);
#165=PLANE('',#5540);
#166=PLANE('',#5541);
#167=PLANE('',#5542);
#168=PLANE('',#5545);
#169=PLANE('',#5546);
#170=PLANE('',#5547);
#171=PLANE('',#5548);
#172=PLANE('',#5549);
#173=PLANE('',#5550);
#174=PLANE('',#5551);
#175=PLANE('',#5552);
#176=PLANE('',#5555);
#177=PLANE('',#5556);
#178=PLANE('',#5557);
#179=PLANE('',#5558);
#180=PLANE('',#5559);
#181=PLANE('',#5560);
#182=PLANE('',#5561);
#183=PLANE('',#5562);
#184=PLANE('',#5567);
#185=PLANE('',#5568);
#186=PLANE('',#5569);
#187=PLANE('',#5570);
#188=PLANE('',#5571);
#189=PLANE('',#5572);
#190=PLANE('',#5573);
#191=PLANE('',#5574);
#192=PLANE('',#5575);
#193=PLANE('',#5576);
#194=PLANE('',#5577);
#195=PLANE('',#5582);
#196=PLANE('',#5583);
#197=PLANE('',#5584);
#198=PLANE('',#5585);
#199=PLANE('',#5586);
#200=PLANE('',#5587);
#201=PLANE('',#5588);
#202=PLANE('',#5589);
#203=PLANE('',#5590);
#204=PLANE('',#5591);
#205=PLANE('',#5592);
#206=PLANE('',#5593);
#207=PLANE('',#5594);
#208=PLANE('',#5596);
#209=PLANE('',#5597);
#210=LINE('',#7081,#634);
#211=LINE('',#7085,#635);
#212=LINE('',#7089,#636);
#213=LINE('',#7093,#637);
#214=LINE('',#7097,#638);
#215=LINE('',#7101,#639);
#216=LINE('',#7105,#640);
#217=LINE('',#7109,#641);
#218=LINE('',#7113,#642);
#219=LINE('',#7117,#643);
#220=LINE('',#7121,#644);
#221=LINE('',#7125,#645);
#222=LINE('',#7129,#646);
#223=LINE('',#7132,#647);
#224=LINE('',#7137,#648);
#225=LINE('',#7144,#649);
#226=LINE('',#7148,#650);
#227=LINE('',#7153,#651);
#228=LINE('',#7157,#652);
#229=LINE('',#7164,#653);
#230=LINE('',#7166,#654);
#231=LINE('',#7168,#655);
#232=LINE('',#7170,#656);
#233=LINE('',#7172,#657);
#234=LINE('',#7174,#658);
#235=LINE('',#7177,#659);
#236=LINE('',#7179,#660);
#237=LINE('',#7181,#661);
#238=LINE('',#7183,#662);
#239=LINE('',#7186,#663);
#240=LINE('',#7188,#664);
#241=LINE('',#7190,#665);
#242=LINE('',#7192,#666);
#243=LINE('',#7195,#667);
#244=LINE('',#7197,#668);
#245=LINE('',#7199,#669);
#246=LINE('',#7213,#670);
#247=LINE('',#7223,#671);
#248=LINE('',#7391,#672);
#249=LINE('',#7395,#673);
#250=LINE('',#7399,#674);
#251=LINE('',#7403,#675);
#252=LINE('',#7407,#676);
#253=LINE('',#7411,#677);
#254=LINE('',#7415,#678);
#255=LINE('',#7419,#679);
#256=LINE('',#7423,#680);
#257=LINE('',#7427,#681);
#258=LINE('',#7431,#682);
#259=LINE('',#7435,#683);
#260=LINE('',#7439,#684);
#261=LINE('',#7443,#685);
#262=LINE('',#7447,#686);
#263=LINE('',#7451,#687);
#264=LINE('',#7455,#688);
#265=LINE('',#7459,#689);
#266=LINE('',#7463,#690);
#267=LINE('',#7467,#691);
#268=LINE('',#7471,#692);
#269=LINE('',#7475,#693);
#270=LINE('',#7479,#694);
#271=LINE('',#7483,#695);
#272=LINE('',#7487,#696);
#273=LINE('',#7491,#697);
#274=LINE('',#7495,#698);
#275=LINE('',#7499,#699);
#276=LINE('',#7503,#700);
#277=LINE('',#7507,#701);
#278=LINE('',#7512,#702);
#279=LINE('',#7516,#703);
#280=LINE('',#7520,#704);
#281=LINE('',#7527,#705);
#282=LINE('',#7531,#706);
#283=LINE('',#7535,#707);
#284=LINE('',#7544,#708);
#285=LINE('',#7548,#709);
#286=LINE('',#7552,#710);
#287=LINE('',#7556,#711);
#288=LINE('',#7558,#712);
#289=LINE('',#7560,#713);
#290=LINE('',#7567,#714);
#291=LINE('',#7570,#715);
#292=LINE('',#7572,#716);
#293=LINE('',#7574,#717);
#294=LINE('',#7576,#718);
#295=LINE('',#7579,#719);
#296=LINE('',#7581,#720);
#297=LINE('',#7583,#721);
#298=LINE('',#7585,#722);
#299=LINE('',#7591,#723);
#300=LINE('',#7595,#724);
#301=LINE('',#7599,#725);
#302=LINE('',#7603,#726);
#303=LINE('',#7609,#727);
#304=LINE('',#7613,#728);
#305=LINE('',#7617,#729);
#306=LINE('',#7621,#730);
#307=LINE('',#7625,#731);
#308=LINE('',#7656,#732);
#309=LINE('',#7660,#733);
#310=LINE('',#7664,#734);
#311=LINE('',#7668,#735);
#312=LINE('',#7672,#736);
#313=LINE('',#7676,#737);
#314=LINE('',#7680,#738);
#315=LINE('',#7684,#739);
#316=LINE('',#7691,#740);
#317=LINE('',#7692,#741);
#318=LINE('',#7700,#742);
#319=LINE('',#7704,#743);
#320=LINE('',#7706,#744);
#321=LINE('',#7708,#745);
#322=LINE('',#7710,#746);
#323=LINE('',#7712,#747);
#324=LINE('',#7714,#748);
#325=LINE('',#7718,#749);
#326=LINE('',#7722,#750);
#327=LINE('',#7726,#751);
#328=LINE('',#7730,#752);
#329=LINE('',#7734,#753);
#330=LINE('',#7744,#754);
#331=LINE('',#7748,#755);
#332=LINE('',#7749,#756);
#333=LINE('',#7753,#757);
#334=LINE('',#7755,#758);
#335=LINE('',#7757,#759);
#336=LINE('',#7759,#760);
#337=LINE('',#7761,#761);
#338=LINE('',#7763,#762);
#339=LINE('',#7765,#763);
#340=LINE('',#7769,#764);
#341=LINE('',#7773,#765);
#342=LINE('',#7777,#766);
#343=LINE('',#7781,#767);
#344=LINE('',#7785,#768);
#345=LINE('',#7797,#769);
#346=LINE('',#7801,#770);
#347=LINE('',#7803,#771);
#348=LINE('',#7804,#772);
#349=LINE('',#7806,#773);
#350=LINE('',#7808,#774);
#351=LINE('',#7810,#775);
#352=LINE('',#7812,#776);
#353=LINE('',#7814,#777);
#354=LINE('',#7816,#778);
#355=LINE('',#7818,#779);
#356=LINE('',#7820,#780);
#357=LINE('',#7824,#781);
#358=LINE('',#7825,#782);
#359=LINE('',#7829,#783);
#360=LINE('',#7833,#784);
#361=LINE('',#7851,#785);
#362=LINE('',#7855,#786);
#363=LINE('',#7856,#787);
#364=LINE('',#7860,#788);
#365=LINE('',#7861,#789);
#366=LINE('',#7865,#790);
#367=LINE('',#7866,#791);
#368=LINE('',#7870,#792);
#369=LINE('',#7871,#793);
#370=LINE('',#7875,#794);
#371=LINE('',#7879,#795);
#372=LINE('',#7881,#796);
#373=LINE('',#7883,#797);
#374=LINE('',#7887,#798);
#375=LINE('',#7891,#799);
#376=LINE('',#7893,#800);
#377=LINE('',#7895,#801);
#378=LINE('',#7897,#802);
#379=LINE('',#7899,#803);
#380=LINE('',#7903,#804);
#381=LINE('',#7907,#805);
#382=LINE('',#7911,#806);
#383=LINE('',#7915,#807);
#384=LINE('',#7919,#808);
#385=LINE('',#7931,#809);
#386=LINE('',#7935,#810);
#387=LINE('',#7951,#811);
#388=LINE('',#7952,#812);
#389=LINE('',#7955,#813);
#390=LINE('',#7957,#814);
#391=LINE('',#7959,#815);
#392=LINE('',#7961,#816);
#393=LINE('',#7963,#817);
#394=LINE('',#7971,#818);
#395=LINE('',#7973,#819);
#396=LINE('',#7975,#820);
#397=LINE('',#7977,#821);
#398=LINE('',#7978,#822);
#399=LINE('',#7980,#823);
#400=LINE('',#7982,#824);
#401=LINE('',#7984,#825);
#402=LINE('',#7986,#826);
#403=LINE('',#7987,#827);
#404=LINE('',#7989,#828);
#405=LINE('',#7991,#829);
#406=LINE('',#7993,#830);
#407=LINE('',#7995,#831);
#408=LINE('',#7998,#832);
#409=LINE('',#7999,#833);
#410=LINE('',#8001,#834);
#411=LINE('',#8003,#835);
#412=LINE('',#8005,#836);
#413=LINE('',#8006,#837);
#414=LINE('',#8008,#838);
#415=LINE('',#8010,#839);
#416=LINE('',#8012,#840);
#417=LINE('',#8014,#841);
#418=LINE('',#8015,#842);
#419=LINE('',#8017,#843);
#420=LINE('',#8018,#844);
#421=LINE('',#8020,#845);
#422=LINE('',#8022,#846);
#423=LINE('',#8024,#847);
#424=LINE('',#8026,#848);
#425=LINE('',#8028,#849);
#426=LINE('',#8030,#850);
#427=LINE('',#8032,#851);
#428=LINE('',#8033,#852);
#429=LINE('',#8038,#853);
#430=LINE('',#8042,#854);
#431=LINE('',#8043,#855);
#432=LINE('',#8050,#856);
#433=LINE('',#8051,#857);
#434=LINE('',#8055,#858);
#435=LINE('',#8060,#859);
#436=LINE('',#8064,#860);
#437=LINE('',#8065,#861);
#438=LINE('',#8069,#862);
#439=LINE('',#8074,#863);
#440=LINE('',#8078,#864);
#441=LINE('',#8079,#865);
#442=LINE('',#8083,#866);
#443=LINE('',#8088,#867);
#444=LINE('',#8092,#868);
#445=LINE('',#8093,#869);
#446=LINE('',#8097,#870);
#447=LINE('',#8102,#871);
#448=LINE('',#8106,#872);
#449=LINE('',#8107,#873);
#450=LINE('',#8111,#874);
#451=LINE('',#8116,#875);
#452=LINE('',#8120,#876);
#453=LINE('',#8122,#877);
#454=LINE('',#8123,#878);
#455=LINE('',#8125,#879);
#456=LINE('',#8126,#880);
#457=LINE('',#8128,#881);
#458=LINE('',#8130,#882);
#459=LINE('',#8132,#883);
#460=LINE('',#8138,#884);
#461=LINE('',#8140,#885);
#462=LINE('',#8148,#886);
#463=LINE('',#8150,#887);
#464=LINE('',#8158,#888);
#465=LINE('',#8160,#889);
#466=LINE('',#8168,#890);
#467=LINE('',#8170,#891);
#468=LINE('',#8174,#892);
#469=LINE('',#8178,#893);
#470=LINE('',#8180,#894);
#471=LINE('',#8184,#895);
#472=LINE('',#8186,#896);
#473=LINE('',#8188,#897);
#474=LINE('',#8190,#898);
#475=LINE('',#8192,#899);
#476=LINE('',#8194,#900);
#477=LINE('',#8197,#901);
#478=LINE('',#8200,#902);
#479=LINE('',#8202,#903);
#480=LINE('',#8206,#904);
#481=LINE('',#8208,#905);
#482=LINE('',#8210,#906);
#483=LINE('',#8212,#907);
#484=LINE('',#8214,#908);
#485=LINE('',#8218,#909);
#486=LINE('',#8222,#910);
#487=LINE('',#8223,#911);
#488=LINE('',#8227,#912);
#489=LINE('',#8231,#913);
#490=LINE('',#8235,#914);
#491=LINE('',#8239,#915);
#492=LINE('',#8243,#916);
#493=LINE('',#8244,#917);
#494=LINE('',#8248,#918);
#495=LINE('',#8256,#919);
#496=LINE('',#8258,#920);
#497=LINE('',#8260,#921);
#498=LINE('',#8263,#922);
#499=LINE('',#8264,#923);
#500=LINE('',#8265,#924);
#501=LINE('',#8269,#925);
#502=LINE('',#8275,#926);
#503=LINE('',#8277,#927);
#504=LINE('',#8281,#928);
#505=LINE('',#8285,#929);
#506=LINE('',#8289,#930);
#507=LINE('',#8290,#931);
#508=LINE('',#8294,#932);
#509=LINE('',#8296,#933);
#510=LINE('',#8305,#934);
#511=LINE('',#8307,#935);
#512=LINE('',#8309,#936);
#513=LINE('',#8313,#937);
#514=LINE('',#8317,#938);
#515=LINE('',#8321,#939);
#516=LINE('',#8322,#940);
#517=LINE('',#8326,#941);
#518=LINE('',#8334,#942);
#519=LINE('',#8336,#943);
#520=LINE('',#8344,#944);
#521=LINE('',#8346,#945);
#522=LINE('',#8354,#946);
#523=LINE('',#8356,#947);
#524=LINE('',#8359,#948);
#525=LINE('',#8360,#949);
#526=LINE('',#8364,#950);
#527=LINE('',#8366,#951);
#528=LINE('',#8374,#952);
#529=LINE('',#8376,#953);
#530=LINE('',#8379,#954);
#531=LINE('',#8380,#955);
#532=LINE('',#8385,#956);
#533=LINE('',#8390,#957);
#534=LINE('',#8392,#958);
#535=LINE('',#8394,#959);
#536=LINE('',#8396,#960);
#537=LINE('',#8398,#961);
#538=LINE('',#8400,#962);
#539=LINE('',#8401,#963);
#540=LINE('',#8405,#964);
#541=LINE('',#8407,#965);
#542=LINE('',#8415,#966);
#543=LINE('',#8417,#967);
#544=LINE('',#8420,#968);
#545=LINE('',#8424,#969);
#546=LINE('',#8426,#970);
#547=LINE('',#8434,#971);
#548=LINE('',#8436,#972);
#549=LINE('',#8439,#973);
#550=LINE('',#8440,#974);
#551=LINE('',#8447,#975);
#552=LINE('',#8448,#976);
#553=LINE('',#8450,#977);
#554=LINE('',#8455,#978);
#555=LINE('',#8459,#979);
#556=LINE('',#8464,#980);
#557=LINE('',#8468,#981);
#558=LINE('',#8473,#982);
#559=LINE('',#8480,#983);
#560=LINE('',#8484,#984);
#561=LINE('',#8486,#985);
#562=LINE('',#8487,#986);
#563=LINE('',#8488,#987);
#564=LINE('',#8489,#988);
#565=LINE('',#8490,#989);
#566=LINE('',#8491,#990);
#567=LINE('',#8492,#991);
#568=LINE('',#8493,#992);
#569=LINE('',#8495,#993);
#570=LINE('',#8497,#994);
#571=LINE('',#8500,#995);
#572=LINE('',#8502,#996);
#573=LINE('',#8505,#997);
#574=LINE('',#8507,#998);
#575=LINE('',#8510,#999);
#576=LINE('',#8512,#1000);
#577=LINE('',#8515,#1001);
#578=LINE('',#8537,#1002);
#579=LINE('',#8542,#1003);
#580=LINE('',#8544,#1004);
#581=LINE('',#8552,#1005);
#582=LINE('',#8553,#1006);
#583=LINE('',#8557,#1007);
#584=LINE('',#8559,#1008);
#585=LINE('',#8564,#1009);
#586=LINE('',#8566,#1010);
#587=LINE('',#8574,#1011);
#588=LINE('',#8575,#1012);
#589=LINE('',#8579,#1013);
#590=LINE('',#8581,#1014);
#591=LINE('',#8584,#1015);
#592=LINE('',#8586,#1016);
#593=LINE('',#8591,#1017);
#594=LINE('',#8593,#1018);
#595=LINE('',#8596,#1019);
#596=LINE('',#8598,#1020);
#597=LINE('',#8601,#1021);
#598=LINE('',#8603,#1022);
#599=LINE('',#8608,#1023);
#600=LINE('',#8609,#1024);
#601=LINE('',#8613,#1025);
#602=LINE('',#8614,#1026);
#603=LINE('',#8618,#1027);
#604=LINE('',#8620,#1028);
#605=LINE('',#8628,#1029);
#606=LINE('',#8629,#1030);
#607=LINE('',#8633,#1031);
#608=LINE('',#8635,#1032);
#609=LINE('',#8638,#1033);
#610=LINE('',#8640,#1034);
#611=LINE('',#8646,#1035);
#612=LINE('',#8647,#1036);
#613=LINE('',#8649,#1037);
#614=LINE('',#8650,#1038);
#615=LINE('',#8654,#1039);
#616=LINE('',#8658,#1040);
#617=LINE('',#8660,#1041);
#618=LINE('',#8662,#1042);
#619=LINE('',#8665,#1043);
#620=LINE('',#8668,#1044);
#621=LINE('',#8669,#1045);
#622=LINE('',#8671,#1046);
#623=LINE('',#8673,#1047);
#624=LINE('',#8676,#1048);
#625=LINE('',#8679,#1049);
#626=LINE('',#8681,#1050);
#627=LINE('',#8683,#1051);
#628=LINE('',#8685,#1052);
#629=LINE('',#8687,#1053);
#630=LINE('',#8689,#1054);
#631=LINE('',#8693,#1055);
#632=LINE('',#8695,#1056);
#633=LINE('',#8697,#1057);
#634=VECTOR('',#5606,1.);
#635=VECTOR('',#5609,1.);
#636=VECTOR('',#5612,1.);
#637=VECTOR('',#5615,1.);
#638=VECTOR('',#5618,1.);
#639=VECTOR('',#5621,1.);
#640=VECTOR('',#5624,1.);
#641=VECTOR('',#5627,1.);
#642=VECTOR('',#5630,1.);
#643=VECTOR('',#5633,1.);
#644=VECTOR('',#5636,1.);
#645=VECTOR('',#5639,1.);
#646=VECTOR('',#5642,1.);
#647=VECTOR('',#5645,1.);
#648=VECTOR('',#5648,1.);
#649=VECTOR('',#5655,1.);
#650=VECTOR('',#5658,1.);
#651=VECTOR('',#5663,1.);
#652=VECTOR('',#5666,1.);
#653=VECTOR('',#5675,1.);
#654=VECTOR('',#5676,1.);
#655=VECTOR('',#5677,1.);
#656=VECTOR('',#5678,1.);
#657=VECTOR('',#5679,1.);
#658=VECTOR('',#5682,1.);
#659=VECTOR('',#5683,1.);
#660=VECTOR('',#5684,1.);
#661=VECTOR('',#5685,1.);
#662=VECTOR('',#5688,1.);
#663=VECTOR('',#5689,1.);
#664=VECTOR('',#5690,1.);
#665=VECTOR('',#5691,1.);
#666=VECTOR('',#5694,1.);
#667=VECTOR('',#5695,1.);
#668=VECTOR('',#5696,1.);
#669=VECTOR('',#5697,1.);
#670=VECTOR('',#5700,1.);
#671=VECTOR('',#5703,1.);
#672=VECTOR('',#5718,1.);
#673=VECTOR('',#5721,1.);
#674=VECTOR('',#5724,1.);
#675=VECTOR('',#5727,1.);
#676=VECTOR('',#5730,1.);
#677=VECTOR('',#5733,1.);
#678=VECTOR('',#5736,1.);
#679=VECTOR('',#5739,1.);
#680=VECTOR('',#5742,1.);
#681=VECTOR('',#5745,1.);
#682=VECTOR('',#5748,1.);
#683=VECTOR('',#5751,1.);
#684=VECTOR('',#5754,1.);
#685=VECTOR('',#5757,1.);
#686=VECTOR('',#5760,1.);
#687=VECTOR('',#5763,1.);
#688=VECTOR('',#5766,1.);
#689=VECTOR('',#5769,1.);
#690=VECTOR('',#5772,1.);
#691=VECTOR('',#5775,1.);
#692=VECTOR('',#5778,1.);
#693=VECTOR('',#5781,1.);
#694=VECTOR('',#5784,1.);
#695=VECTOR('',#5787,1.);
#696=VECTOR('',#5790,1.);
#697=VECTOR('',#5793,1.);
#698=VECTOR('',#5796,1.);
#699=VECTOR('',#5799,1.);
#700=VECTOR('',#5802,1.);
#701=VECTOR('',#5805,1.);
#702=VECTOR('',#5810,1.);
#703=VECTOR('',#5813,1.);
#704=VECTOR('',#5816,1.);
#705=VECTOR('',#5823,1.);
#706=VECTOR('',#5826,1.);
#707=VECTOR('',#5831,1.);
#708=VECTOR('',#5840,1.);
#709=VECTOR('',#5843,1.);
#710=VECTOR('',#5848,1.);
#711=VECTOR('',#5853,1.);
#712=VECTOR('',#5854,1.);
#713=VECTOR('',#5855,1.);
#714=VECTOR('',#5864,1.);
#715=VECTOR('',#5865,1.);
#716=VECTOR('',#5866,1.);
#717=VECTOR('',#5867,1.);
#718=VECTOR('',#5870,1.);
#719=VECTOR('',#5871,1.);
#720=VECTOR('',#5872,1.);
#721=VECTOR('',#5873,1.);
#722=VECTOR('',#5876,1.);
#723=VECTOR('',#5881,1.);
#724=VECTOR('',#5884,1.);
#725=VECTOR('',#5887,1.);
#726=VECTOR('',#5890,1.);
#727=VECTOR('',#5897,1.);
#728=VECTOR('',#5900,1.);
#729=VECTOR('',#5903,1.);
#730=VECTOR('',#5906,1.);
#731=VECTOR('',#5909,1.);
#732=VECTOR('',#5944,1.);
#733=VECTOR('',#5947,1.);
#734=VECTOR('',#5950,1.);
#735=VECTOR('',#5953,1.);
#736=VECTOR('',#5956,1.);
#737=VECTOR('',#5959,1.);
#738=VECTOR('',#5962,1.);
#739=VECTOR('',#5965,1.);
#740=VECTOR('',#5972,1.);
#741=VECTOR('',#5973,1.);
#742=VECTOR('',#5982,1.);
#743=VECTOR('',#5985,1.);
#744=VECTOR('',#5988,1.);
#745=VECTOR('',#5989,1.);
#746=VECTOR('',#5992,1.);
#747=VECTOR('',#5993,1.);
#748=VECTOR('',#5994,1.);
#749=VECTOR('',#5999,1.);
#750=VECTOR('',#6002,1.);
#751=VECTOR('',#6005,1.);
#752=VECTOR('',#6008,1.);
#753=VECTOR('',#6011,1.);
#754=VECTOR('',#6024,1.);
#755=VECTOR('',#6027,1.);
#756=VECTOR('',#6028,1.);
#757=VECTOR('',#6031,1.);
#758=VECTOR('',#6032,1.);
#759=VECTOR('',#6035,1.);
#760=VECTOR('',#6036,1.);
#761=VECTOR('',#6039,1.);
#762=VECTOR('',#6040,1.);
#763=VECTOR('',#6041,1.);
#764=VECTOR('',#6046,1.);
#765=VECTOR('',#6049,1.);
#766=VECTOR('',#6052,1.);
#767=VECTOR('',#6055,1.);
#768=VECTOR('',#6058,1.);
#769=VECTOR('',#6073,1.);
#770=VECTOR('',#6076,1.);
#771=VECTOR('',#6079,1.);
#772=VECTOR('',#6080,1.);
#773=VECTOR('',#6083,1.);
#774=VECTOR('',#6084,1.);
#775=VECTOR('',#6085,1.);
#776=VECTOR('',#6088,1.);
#777=VECTOR('',#6089,1.);
#778=VECTOR('',#6090,1.);
#779=VECTOR('',#6093,1.);
#780=VECTOR('',#6094,1.);
#781=VECTOR('',#6097,1.);
#782=VECTOR('',#6098,1.);
#783=VECTOR('',#6101,1.);
#784=VECTOR('',#6104,1.);
#785=VECTOR('',#6123,1.);
#786=VECTOR('',#6126,1.);
#787=VECTOR('',#6127,1.);
#788=VECTOR('',#6130,1.);
#789=VECTOR('',#6131,1.);
#790=VECTOR('',#6134,1.);
#791=VECTOR('',#6135,1.);
#792=VECTOR('',#6138,1.);
#793=VECTOR('',#6139,1.);
#794=VECTOR('',#6142,1.);
#795=VECTOR('',#6145,1.);
#796=VECTOR('',#6146,1.);
#797=VECTOR('',#6147,1.);
#798=VECTOR('',#6150,1.);
#799=VECTOR('',#6155,1.);
#800=VECTOR('',#6156,1.);
#801=VECTOR('',#6157,1.);
#802=VECTOR('',#6160,1.);
#803=VECTOR('',#6161,1.);
#804=VECTOR('',#6166,1.);
#805=VECTOR('',#6169,1.);
#806=VECTOR('',#6172,1.);
#807=VECTOR('',#6175,1.);
#808=VECTOR('',#6178,1.);
#809=VECTOR('',#6193,1.);
#810=VECTOR('',#6196,1.);
#811=VECTOR('',#6201,1.);
#812=VECTOR('',#6202,1.);
#813=VECTOR('',#6207,1.);
#814=VECTOR('',#6210,1.);
#815=VECTOR('',#6211,1.);
#816=VECTOR('',#6214,1.);
#817=VECTOR('',#6215,1.);
#818=VECTOR('',#6226,1.);
#819=VECTOR('',#6227,1.);
#820=VECTOR('',#6228,1.);
#821=VECTOR('',#6229,1.);
#822=VECTOR('',#6230,1.);
#823=VECTOR('',#6231,1.);
#824=VECTOR('',#6232,1.);
#825=VECTOR('',#6233,1.);
#826=VECTOR('',#6234,1.);
#827=VECTOR('',#6235,1.);
#828=VECTOR('',#6236,1.);
#829=VECTOR('',#6237,1.);
#830=VECTOR('',#6238,1.);
#831=VECTOR('',#6241,1.);
#832=VECTOR('',#6242,1.);
#833=VECTOR('',#6243,1.);
#834=VECTOR('',#6244,1.);
#835=VECTOR('',#6245,1.);
#836=VECTOR('',#6246,1.);
#837=VECTOR('',#6247,1.);
#838=VECTOR('',#6248,1.);
#839=VECTOR('',#6249,1.);
#840=VECTOR('',#6250,1.);
#841=VECTOR('',#6251,1.);
#842=VECTOR('',#6252,1.);
#843=VECTOR('',#6255,1.);
#844=VECTOR('',#6256,1.);
#845=VECTOR('',#6259,1.);
#846=VECTOR('',#6260,1.);
#847=VECTOR('',#6261,1.);
#848=VECTOR('',#6264,1.);
#849=VECTOR('',#6265,1.);
#850=VECTOR('',#6266,1.);
#851=VECTOR('',#6269,1.);
#852=VECTOR('',#6270,1.);
#853=VECTOR('',#6275,1.);
#854=VECTOR('',#6278,1.);
#855=VECTOR('',#6279,1.);
#856=VECTOR('',#6286,1.);
#857=VECTOR('',#6287,1.);
#858=VECTOR('',#6290,1.);
#859=VECTOR('',#6295,1.);
#860=VECTOR('',#6298,1.);
#861=VECTOR('',#6299,1.);
#862=VECTOR('',#6302,1.);
#863=VECTOR('',#6307,1.);
#864=VECTOR('',#6310,1.);
#865=VECTOR('',#6311,1.);
#866=VECTOR('',#6314,1.);
#867=VECTOR('',#6319,1.);
#868=VECTOR('',#6322,1.);
#869=VECTOR('',#6323,1.);
#870=VECTOR('',#6326,1.);
#871=VECTOR('',#6331,1.);
#872=VECTOR('',#6334,1.);
#873=VECTOR('',#6335,1.);
#874=VECTOR('',#6338,1.);
#875=VECTOR('',#6343,1.);
#876=VECTOR('',#6346,1.);
#877=VECTOR('',#6349,1.);
#878=VECTOR('',#6350,1.);
#879=VECTOR('',#6353,1.);
#880=VECTOR('',#6354,1.);
#881=VECTOR('',#6357,1.);
#882=VECTOR('',#6358,1.);
#883=VECTOR('',#6359,1.);
#884=VECTOR('',#6366,1.);
#885=VECTOR('',#6367,1.);
#886=VECTOR('',#6376,1.);
#887=VECTOR('',#6377,1.);
#888=VECTOR('',#6386,1.);
#889=VECTOR('',#6387,1.);
#890=VECTOR('',#6396,1.);
#891=VECTOR('',#6397,1.);
#892=VECTOR('',#6402,1.);
#893=VECTOR('',#6405,1.);
#894=VECTOR('',#6408,1.);
#895=VECTOR('',#6411,1.);
#896=VECTOR('',#6414,1.);
#897=VECTOR('',#6417,1.);
#898=VECTOR('',#6418,1.);
#899=VECTOR('',#6419,1.);
#900=VECTOR('',#6422,1.);
#901=VECTOR('',#6423,1.);
#902=VECTOR('',#6428,1.);
#903=VECTOR('',#6429,1.);
#904=VECTOR('',#6434,1.);
#905=VECTOR('',#6437,1.);
#906=VECTOR('',#6438,1.);
#907=VECTOR('',#6441,1.);
#908=VECTOR('',#6442,1.);
#909=VECTOR('',#6447,1.);
#910=VECTOR('',#6450,1.);
#911=VECTOR('',#6451,1.);
#912=VECTOR('',#6454,1.);
#913=VECTOR('',#6457,1.);
#914=VECTOR('',#6462,1.);
#915=VECTOR('',#6465,1.);
#916=VECTOR('',#6468,1.);
#917=VECTOR('',#6469,1.);
#918=VECTOR('',#6472,1.);
#919=VECTOR('',#6483,1.);
#920=VECTOR('',#6486,1.);
#921=VECTOR('',#6487,1.);
#922=VECTOR('',#6492,1.);
#923=VECTOR('',#6493,1.);
#924=VECTOR('',#6494,1.);
#925=VECTOR('',#6499,1.);
#926=VECTOR('',#6508,1.);
#927=VECTOR('',#6509,1.);
#928=VECTOR('',#6514,1.);
#929=VECTOR('',#6517,1.);
#930=VECTOR('',#6520,1.);
#931=VECTOR('',#6521,1.);
#932=VECTOR('',#6524,1.);
#933=VECTOR('',#6527,1.);
#934=VECTOR('',#6538,1.);
#935=VECTOR('',#6541,1.);
#936=VECTOR('',#6542,1.);
#937=VECTOR('',#6547,1.);
#938=VECTOR('',#6550,1.);
#939=VECTOR('',#6553,1.);
#940=VECTOR('',#6554,1.);
#941=VECTOR('',#6557,1.);
#942=VECTOR('',#6568,1.);
#943=VECTOR('',#6571,1.);
#944=VECTOR('',#6582,1.);
#945=VECTOR('',#6585,1.);
#946=VECTOR('',#6596,1.);
#947=VECTOR('',#6599,1.);
#948=VECTOR('',#6604,1.);
#949=VECTOR('',#6605,1.);
#950=VECTOR('',#6612,1.);
#951=VECTOR('',#6615,1.);
#952=VECTOR('',#6626,1.);
#953=VECTOR('',#6629,1.);
#954=VECTOR('',#6634,1.);
#955=VECTOR('',#6635,1.);
#956=VECTOR('',#6644,1.);
#957=VECTOR('',#6651,1.);
#958=VECTOR('',#6652,1.);
#959=VECTOR('',#6655,1.);
#960=VECTOR('',#6656,1.);
#961=VECTOR('',#6659,1.);
#962=VECTOR('',#6662,1.);
#963=VECTOR('',#6663,1.);
#964=VECTOR('',#6670,1.);
#965=VECTOR('',#6673,1.);
#966=VECTOR('',#6684,1.);
#967=VECTOR('',#6687,1.);
#968=VECTOR('',#6692,1.);
#969=VECTOR('',#6699,1.);
#970=VECTOR('',#6702,1.);
#971=VECTOR('',#6713,1.);
#972=VECTOR('',#6716,1.);
#973=VECTOR('',#6721,1.);
#974=VECTOR('',#6722,1.);
#975=VECTOR('',#6735,1.);
#976=VECTOR('',#6736,1.);
#977=VECTOR('',#6739,1.);
#978=VECTOR('',#6742,1.);
#979=VECTOR('',#6747,1.);
#980=VECTOR('',#6750,1.);
#981=VECTOR('',#6755,1.);
#982=VECTOR('',#6758,1.);
#983=VECTOR('',#6765,1.);
#984=VECTOR('',#6768,1.);
#985=VECTOR('',#6771,1.);
#986=VECTOR('',#6772,1.);
#987=VECTOR('',#6773,1.);
#988=VECTOR('',#6774,1.);
#989=VECTOR('',#6775,1.);
#990=VECTOR('',#6776,1.);
#991=VECTOR('',#6777,1.);
#992=VECTOR('',#6778,1.);
#993=VECTOR('',#6781,1.);
#994=VECTOR('',#6784,1.);
#995=VECTOR('',#6789,1.);
#996=VECTOR('',#6792,1.);
#997=VECTOR('',#6797,1.);
#998=VECTOR('',#6800,1.);
#999=VECTOR('',#6805,1.);
#1000=VECTOR('',#6808,1.);
#1001=VECTOR('',#6813,1.);
#1002=VECTOR('',#6846,1.);
#1003=VECTOR('',#6853,1.);
#1004=VECTOR('',#6856,1.);
#1005=VECTOR('',#6867,1.);
#1006=VECTOR('',#6868,1.);
#1007=VECTOR('',#6875,1.);
#1008=VECTOR('',#6878,1.);
#1009=VECTOR('',#6887,1.);
#1010=VECTOR('',#6890,1.);
#1011=VECTOR('',#6901,1.);
#1012=VECTOR('',#6902,1.);
#1013=VECTOR('',#6909,1.);
#1014=VECTOR('',#6912,1.);
#1015=VECTOR('',#6917,1.);
#1016=VECTOR('',#6920,1.);
#1017=VECTOR('',#6927,1.);
#1018=VECTOR('',#6930,1.);
#1019=VECTOR('',#6935,1.);
#1020=VECTOR('',#6938,1.);
#1021=VECTOR('',#6943,1.);
#1022=VECTOR('',#6946,1.);
#1023=VECTOR('',#6953,1.);
#1024=VECTOR('',#6954,1.);
#1025=VECTOR('',#6961,1.);
#1026=VECTOR('',#6962,1.);
#1027=VECTOR('',#6969,1.);
#1028=VECTOR('',#6972,1.);
#1029=VECTOR('',#6983,1.);
#1030=VECTOR('',#6984,1.);
#1031=VECTOR('',#6991,1.);
#1032=VECTOR('',#6994,1.);
#1033=VECTOR('',#6999,1.);
#1034=VECTOR('',#7002,1.);
#1035=VECTOR('',#7011,1.);
#1036=VECTOR('',#7012,1.);
#1037=VECTOR('',#7015,1.);
#1038=VECTOR('',#7016,1.);
#1039=VECTOR('',#7019,1.);
#1040=VECTOR('',#7026,1.);
#1041=VECTOR('',#7027,1.);
#1042=VECTOR('',#7030,1.);
#1043=VECTOR('',#7035,1.);
#1044=VECTOR('',#7040,1.);
#1045=VECTOR('',#7041,1.);
#1046=VECTOR('',#7044,1.);
#1047=VECTOR('',#7047,1.);
#1048=VECTOR('',#7052,1.);
#1049=VECTOR('',#7053,1.);
#1050=VECTOR('',#7054,1.);
#1051=VECTOR('',#7055,1.);
#1052=VECTOR('',#7058,1.);
#1053=VECTOR('',#7059,1.);
#1054=VECTOR('',#7060,1.);
#1055=VECTOR('',#7065,1.);
#1056=VECTOR('',#7068,1.);
#1057=VECTOR('',#7069,1.);
#1058=ORIENTED_EDGE('',*,*,#2474,.F.);
#1059=ORIENTED_EDGE('',*,*,#2475,.T.);
#1060=ORIENTED_EDGE('',*,*,#2476,.T.);
#1061=ORIENTED_EDGE('',*,*,#2477,.F.);
#1062=ORIENTED_EDGE('',*,*,#2478,.T.);
#1063=ORIENTED_EDGE('',*,*,#2479,.T.);
#1064=ORIENTED_EDGE('',*,*,#2480,.F.);
#1065=ORIENTED_EDGE('',*,*,#2481,.F.);
#1066=ORIENTED_EDGE('',*,*,#2482,.F.);
#1067=ORIENTED_EDGE('',*,*,#2483,.F.);
#1068=ORIENTED_EDGE('',*,*,#2484,.T.);
#1069=ORIENTED_EDGE('',*,*,#2485,.T.);
#1070=ORIENTED_EDGE('',*,*,#2486,.F.);
#1071=ORIENTED_EDGE('',*,*,#2487,.F.);
#1072=ORIENTED_EDGE('',*,*,#2488,.T.);
#1073=ORIENTED_EDGE('',*,*,#2489,.T.);
#1074=ORIENTED_EDGE('',*,*,#2490,.F.);
#1075=ORIENTED_EDGE('',*,*,#2491,.F.);
#1076=ORIENTED_EDGE('',*,*,#2492,.T.);
#1077=ORIENTED_EDGE('',*,*,#2493,.T.);
#1078=ORIENTED_EDGE('',*,*,#2494,.F.);
#1079=ORIENTED_EDGE('',*,*,#2495,.F.);
#1080=ORIENTED_EDGE('',*,*,#2496,.T.);
#1081=ORIENTED_EDGE('',*,*,#2497,.T.);
#1082=ORIENTED_EDGE('',*,*,#2498,.F.);
#1083=ORIENTED_EDGE('',*,*,#2499,.F.);
#1084=ORIENTED_EDGE('',*,*,#2500,.T.);
#1085=ORIENTED_EDGE('',*,*,#2501,.T.);
#1086=ORIENTED_EDGE('',*,*,#2502,.T.);
#1087=ORIENTED_EDGE('',*,*,#2503,.F.);
#1088=ORIENTED_EDGE('',*,*,#2504,.F.);
#1089=ORIENTED_EDGE('',*,*,#2505,.F.);
#1090=ORIENTED_EDGE('',*,*,#2506,.F.);
#1091=ORIENTED_EDGE('',*,*,#2507,.F.);
#1092=ORIENTED_EDGE('',*,*,#2508,.T.);
#1093=ORIENTED_EDGE('',*,*,#2509,.T.);
#1094=ORIENTED_EDGE('',*,*,#2510,.T.);
#1095=ORIENTED_EDGE('',*,*,#2511,.F.);
#1096=ORIENTED_EDGE('',*,*,#2512,.T.);
#1097=ORIENTED_EDGE('',*,*,#2513,.T.);
#1098=ORIENTED_EDGE('',*,*,#2514,.T.);
#1099=ORIENTED_EDGE('',*,*,#2475,.F.);
#1100=ORIENTED_EDGE('',*,*,#2515,.F.);
#1101=ORIENTED_EDGE('',*,*,#2516,.F.);
#1102=ORIENTED_EDGE('',*,*,#2517,.T.);
#1103=ORIENTED_EDGE('',*,*,#2518,.T.);
#1104=ORIENTED_EDGE('',*,*,#2519,.F.);
#1105=ORIENTED_EDGE('',*,*,#2520,.F.);
#1106=ORIENTED_EDGE('',*,*,#2521,.T.);
#1107=ORIENTED_EDGE('',*,*,#2522,.T.);
#1108=ORIENTED_EDGE('',*,*,#2523,.T.);
#1109=ORIENTED_EDGE('',*,*,#2524,.F.);
#1110=ORIENTED_EDGE('',*,*,#2525,.T.);
#1111=ORIENTED_EDGE('',*,*,#2526,.T.);
#1112=ORIENTED_EDGE('',*,*,#2527,.F.);
#1113=ORIENTED_EDGE('',*,*,#2528,.F.);
#1114=ORIENTED_EDGE('',*,*,#2529,.F.);
#1115=ORIENTED_EDGE('',*,*,#2530,.F.);
#1116=ORIENTED_EDGE('',*,*,#2531,.F.);
#1117=ORIENTED_EDGE('',*,*,#2532,.F.);
#1118=ORIENTED_EDGE('',*,*,#2533,.F.);
#1119=ORIENTED_EDGE('',*,*,#2534,.T.);
#1120=ORIENTED_EDGE('',*,*,#2535,.F.);
#1121=ORIENTED_EDGE('',*,*,#2536,.F.);
#1122=ORIENTED_EDGE('',*,*,#2537,.F.);
#1123=ORIENTED_EDGE('',*,*,#2538,.F.);
#1124=ORIENTED_EDGE('',*,*,#2539,.F.);
#1125=ORIENTED_EDGE('',*,*,#2540,.F.);
#1126=ORIENTED_EDGE('',*,*,#2541,.F.);
#1127=ORIENTED_EDGE('',*,*,#2542,.F.);
#1128=ORIENTED_EDGE('',*,*,#2543,.F.);
#1129=ORIENTED_EDGE('',*,*,#2537,.T.);
#1130=ORIENTED_EDGE('',*,*,#2544,.T.);
#1131=ORIENTED_EDGE('',*,*,#2545,.F.);
#1132=ORIENTED_EDGE('',*,*,#2546,.T.);
#1133=ORIENTED_EDGE('',*,*,#2547,.F.);
#1134=ORIENTED_EDGE('',*,*,#2548,.T.);
#1135=ORIENTED_EDGE('',*,*,#2549,.F.);
#1136=ORIENTED_EDGE('',*,*,#2531,.T.);
#1137=ORIENTED_EDGE('',*,*,#2550,.F.);
#1138=ORIENTED_EDGE('',*,*,#2551,.T.);
#1139=ORIENTED_EDGE('',*,*,#2552,.F.);
#1140=ORIENTED_EDGE('',*,*,#2553,.T.);
#1141=ORIENTED_EDGE('',*,*,#2554,.T.);
#1142=ORIENTED_EDGE('',*,*,#2555,.T.);
#1143=ORIENTED_EDGE('',*,*,#2556,.T.);
#1144=ORIENTED_EDGE('',*,*,#2557,.F.);
#1145=ORIENTED_EDGE('',*,*,#2558,.T.);
#1146=ORIENTED_EDGE('',*,*,#2559,.F.);
#1147=ORIENTED_EDGE('',*,*,#2560,.F.);
#1148=ORIENTED_EDGE('',*,*,#2561,.F.);
#1149=ORIENTED_EDGE('',*,*,#2562,.F.);
#1150=ORIENTED_EDGE('',*,*,#2563,.T.);
#1151=ORIENTED_EDGE('',*,*,#2564,.F.);
#1152=ORIENTED_EDGE('',*,*,#2565,.T.);
#1153=ORIENTED_EDGE('',*,*,#2566,.T.);
#1154=ORIENTED_EDGE('',*,*,#2567,.T.);
#1155=ORIENTED_EDGE('',*,*,#2568,.T.);
#1156=ORIENTED_EDGE('',*,*,#2569,.F.);
#1157=ORIENTED_EDGE('',*,*,#2570,.T.);
#1158=ORIENTED_EDGE('',*,*,#2571,.F.);
#1159=ORIENTED_EDGE('',*,*,#2572,.F.);
#1160=ORIENTED_EDGE('',*,*,#2573,.F.);
#1161=ORIENTED_EDGE('',*,*,#2574,.F.);
#1162=ORIENTED_EDGE('',*,*,#2575,.T.);
#1163=ORIENTED_EDGE('',*,*,#2576,.F.);
#1164=ORIENTED_EDGE('',*,*,#2577,.T.);
#1165=ORIENTED_EDGE('',*,*,#2578,.T.);
#1166=ORIENTED_EDGE('',*,*,#2579,.T.);
#1167=ORIENTED_EDGE('',*,*,#2580,.T.);
#1168=ORIENTED_EDGE('',*,*,#2581,.F.);
#1169=ORIENTED_EDGE('',*,*,#2582,.T.);
#1170=ORIENTED_EDGE('',*,*,#2583,.F.);
#1171=ORIENTED_EDGE('',*,*,#2584,.F.);
#1172=ORIENTED_EDGE('',*,*,#2585,.F.);
#1173=ORIENTED_EDGE('',*,*,#2586,.F.);
#1174=ORIENTED_EDGE('',*,*,#2587,.T.);
#1175=ORIENTED_EDGE('',*,*,#2588,.F.);
#1176=ORIENTED_EDGE('',*,*,#2589,.T.);
#1177=ORIENTED_EDGE('',*,*,#2590,.T.);
#1178=ORIENTED_EDGE('',*,*,#2591,.T.);
#1179=ORIENTED_EDGE('',*,*,#2592,.T.);
#1180=ORIENTED_EDGE('',*,*,#2593,.F.);
#1181=ORIENTED_EDGE('',*,*,#2594,.T.);
#1182=ORIENTED_EDGE('',*,*,#2595,.F.);
#1183=ORIENTED_EDGE('',*,*,#2596,.F.);
#1184=ORIENTED_EDGE('',*,*,#2597,.F.);
#1185=ORIENTED_EDGE('',*,*,#2598,.F.);
#1186=ORIENTED_EDGE('',*,*,#2599,.T.);
#1187=ORIENTED_EDGE('',*,*,#2600,.F.);
#1188=ORIENTED_EDGE('',*,*,#2601,.T.);
#1189=ORIENTED_EDGE('',*,*,#2602,.T.);
#1190=ORIENTED_EDGE('',*,*,#2603,.T.);
#1191=ORIENTED_EDGE('',*,*,#2604,.T.);
#1192=ORIENTED_EDGE('',*,*,#2605,.F.);
#1193=ORIENTED_EDGE('',*,*,#2606,.T.);
#1194=ORIENTED_EDGE('',*,*,#2607,.F.);
#1195=ORIENTED_EDGE('',*,*,#2608,.F.);
#1196=ORIENTED_EDGE('',*,*,#2609,.F.);
#1197=ORIENTED_EDGE('',*,*,#2610,.F.);
#1198=ORIENTED_EDGE('',*,*,#2522,.F.);
#1199=ORIENTED_EDGE('',*,*,#2611,.F.);
#1200=ORIENTED_EDGE('',*,*,#2612,.F.);
#1201=ORIENTED_EDGE('',*,*,#2613,.F.);
#1202=ORIENTED_EDGE('',*,*,#2614,.F.);
#1203=ORIENTED_EDGE('',*,*,#2615,.F.);
#1204=ORIENTED_EDGE('',*,*,#2616,.F.);
#1205=ORIENTED_EDGE('',*,*,#2534,.F.);
#1206=ORIENTED_EDGE('',*,*,#2617,.T.);
#1207=ORIENTED_EDGE('',*,*,#2618,.F.);
#1208=ORIENTED_EDGE('',*,*,#2619,.T.);
#1209=ORIENTED_EDGE('',*,*,#2620,.T.);
#1210=ORIENTED_EDGE('',*,*,#2621,.T.);
#1211=ORIENTED_EDGE('',*,*,#2622,.F.);
#1212=ORIENTED_EDGE('',*,*,#2527,.T.);
#1213=ORIENTED_EDGE('',*,*,#2623,.T.);
#1214=ORIENTED_EDGE('',*,*,#2624,.F.);
#1215=ORIENTED_EDGE('',*,*,#2625,.T.);
#1216=ORIENTED_EDGE('',*,*,#2529,.T.);
#1217=ORIENTED_EDGE('',*,*,#2626,.F.);
#1218=ORIENTED_EDGE('',*,*,#2627,.F.);
#1219=ORIENTED_EDGE('',*,*,#2628,.T.);
#1220=ORIENTED_EDGE('',*,*,#2629,.T.);
#1221=ORIENTED_EDGE('',*,*,#2630,.F.);
#1222=ORIENTED_EDGE('',*,*,#2525,.F.);
#1223=ORIENTED_EDGE('',*,*,#2631,.T.);
#1224=ORIENTED_EDGE('',*,*,#2520,.T.);
#1225=ORIENTED_EDGE('',*,*,#2632,.F.);
#1226=ORIENTED_EDGE('',*,*,#2633,.F.);
#1227=ORIENTED_EDGE('',*,*,#2634,.F.);
#1228=ORIENTED_EDGE('',*,*,#2635,.F.);
#1229=ORIENTED_EDGE('',*,*,#2636,.F.);
#1230=ORIENTED_EDGE('',*,*,#2637,.T.);
#1231=ORIENTED_EDGE('',*,*,#2612,.T.);
#1232=ORIENTED_EDGE('',*,*,#2638,.F.);
#1233=ORIENTED_EDGE('',*,*,#2639,.T.);
#1234=ORIENTED_EDGE('',*,*,#2640,.F.);
#1235=ORIENTED_EDGE('',*,*,#2641,.T.);
#1236=ORIENTED_EDGE('',*,*,#2642,.T.);
#1237=ORIENTED_EDGE('',*,*,#2643,.F.);
#1238=ORIENTED_EDGE('',*,*,#2644,.F.);
#1239=ORIENTED_EDGE('',*,*,#2645,.T.);
#1240=ORIENTED_EDGE('',*,*,#2646,.T.);
#1241=ORIENTED_EDGE('',*,*,#2647,.F.);
#1242=ORIENTED_EDGE('',*,*,#2648,.T.);
#1243=ORIENTED_EDGE('',*,*,#2649,.T.);
#1244=ORIENTED_EDGE('',*,*,#2643,.T.);
#1245=ORIENTED_EDGE('',*,*,#2650,.F.);
#1246=ORIENTED_EDGE('',*,*,#2651,.F.);
#1247=ORIENTED_EDGE('',*,*,#2652,.T.);
#1248=ORIENTED_EDGE('',*,*,#2653,.F.);
#1249=ORIENTED_EDGE('',*,*,#2654,.F.);
#1250=ORIENTED_EDGE('',*,*,#2655,.F.);
#1251=ORIENTED_EDGE('',*,*,#2656,.T.);
#1252=ORIENTED_EDGE('',*,*,#2657,.T.);
#1253=ORIENTED_EDGE('',*,*,#2658,.F.);
#1254=ORIENTED_EDGE('',*,*,#2646,.F.);
#1255=ORIENTED_EDGE('',*,*,#2659,.T.);
#1256=ORIENTED_EDGE('',*,*,#2660,.F.);
#1257=ORIENTED_EDGE('',*,*,#2661,.F.);
#1258=ORIENTED_EDGE('',*,*,#2662,.F.);
#1259=ORIENTED_EDGE('',*,*,#2663,.T.);
#1260=ORIENTED_EDGE('',*,*,#2664,.T.);
#1261=ORIENTED_EDGE('',*,*,#2665,.F.);
#1262=ORIENTED_EDGE('',*,*,#2666,.T.);
#1263=ORIENTED_EDGE('',*,*,#2667,.T.);
#1264=ORIENTED_EDGE('',*,*,#2668,.T.);
#1265=ORIENTED_EDGE('',*,*,#2669,.F.);
#1266=ORIENTED_EDGE('',*,*,#2670,.T.);
#1267=ORIENTED_EDGE('',*,*,#2671,.F.);
#1268=ORIENTED_EDGE('',*,*,#2672,.F.);
#1269=ORIENTED_EDGE('',*,*,#2673,.T.);
#1270=ORIENTED_EDGE('',*,*,#2674,.T.);
#1271=ORIENTED_EDGE('',*,*,#2675,.F.);
#1272=ORIENTED_EDGE('',*,*,#2676,.T.);
#1273=ORIENTED_EDGE('',*,*,#2677,.F.);
#1274=ORIENTED_EDGE('',*,*,#2500,.F.);
#1275=ORIENTED_EDGE('',*,*,#2678,.F.);
#1276=ORIENTED_EDGE('',*,*,#2679,.T.);
#1277=ORIENTED_EDGE('',*,*,#2680,.F.);
#1278=ORIENTED_EDGE('',*,*,#2681,.T.);
#1279=ORIENTED_EDGE('',*,*,#2642,.F.);
#1280=ORIENTED_EDGE('',*,*,#2682,.T.);
#1281=ORIENTED_EDGE('',*,*,#2647,.T.);
#1282=ORIENTED_EDGE('',*,*,#2669,.T.);
#1283=ORIENTED_EDGE('',*,*,#2683,.F.);
#1284=ORIENTED_EDGE('',*,*,#2684,.T.);
#1285=ORIENTED_EDGE('',*,*,#2685,.T.);
#1286=ORIENTED_EDGE('',*,*,#2686,.T.);
#1287=ORIENTED_EDGE('',*,*,#2687,.F.);
#1288=ORIENTED_EDGE('',*,*,#2688,.T.);
#1289=ORIENTED_EDGE('',*,*,#2689,.T.);
#1290=ORIENTED_EDGE('',*,*,#2690,.T.);
#1291=ORIENTED_EDGE('',*,*,#2691,.F.);
#1292=ORIENTED_EDGE('',*,*,#2692,.T.);
#1293=ORIENTED_EDGE('',*,*,#2693,.T.);
#1294=ORIENTED_EDGE('',*,*,#2694,.T.);
#1295=ORIENTED_EDGE('',*,*,#2695,.F.);
#1296=ORIENTED_EDGE('',*,*,#2696,.T.);
#1297=ORIENTED_EDGE('',*,*,#2697,.T.);
#1298=ORIENTED_EDGE('',*,*,#2650,.T.);
#1299=ORIENTED_EDGE('',*,*,#2670,.F.);
#1300=ORIENTED_EDGE('',*,*,#2672,.T.);
#1301=ORIENTED_EDGE('',*,*,#2698,.T.);
#1302=ORIENTED_EDGE('',*,*,#2699,.T.);
#1303=ORIENTED_EDGE('',*,*,#2700,.T.);
#1304=ORIENTED_EDGE('',*,*,#2656,.F.);
#1305=ORIENTED_EDGE('',*,*,#2701,.F.);
#1306=ORIENTED_EDGE('',*,*,#2702,.F.);
#1307=ORIENTED_EDGE('',*,*,#2703,.T.);
#1308=ORIENTED_EDGE('',*,*,#2704,.F.);
#1309=ORIENTED_EDGE('',*,*,#2705,.F.);
#1310=ORIENTED_EDGE('',*,*,#2706,.T.);
#1311=ORIENTED_EDGE('',*,*,#2707,.T.);
#1312=ORIENTED_EDGE('',*,*,#2663,.F.);
#1313=ORIENTED_EDGE('',*,*,#2708,.F.);
#1314=ORIENTED_EDGE('',*,*,#2709,.T.);
#1315=ORIENTED_EDGE('',*,*,#2683,.T.);
#1316=ORIENTED_EDGE('',*,*,#2668,.F.);
#1317=ORIENTED_EDGE('',*,*,#2710,.F.);
#1318=ORIENTED_EDGE('',*,*,#2711,.T.);
#1319=ORIENTED_EDGE('',*,*,#2712,.T.);
#1320=ORIENTED_EDGE('',*,*,#2685,.F.);
#1321=ORIENTED_EDGE('',*,*,#2712,.F.);
#1322=ORIENTED_EDGE('',*,*,#2713,.T.);
#1323=ORIENTED_EDGE('',*,*,#2714,.F.);
#1324=ORIENTED_EDGE('',*,*,#2715,.F.);
#1325=ORIENTED_EDGE('',*,*,#2716,.F.);
#1326=ORIENTED_EDGE('',*,*,#2717,.T.);
#1327=ORIENTED_EDGE('',*,*,#2718,.T.);
#1328=ORIENTED_EDGE('',*,*,#2719,.F.);
#1329=ORIENTED_EDGE('',*,*,#2720,.T.);
#1330=ORIENTED_EDGE('',*,*,#2721,.T.);
#1331=ORIENTED_EDGE('',*,*,#2722,.T.);
#1332=ORIENTED_EDGE('',*,*,#2686,.F.);
#1333=ORIENTED_EDGE('',*,*,#2675,.T.);
#1334=ORIENTED_EDGE('',*,*,#2723,.T.);
#1335=ORIENTED_EDGE('',*,*,#2674,.F.);
#1336=ORIENTED_EDGE('',*,*,#2724,.T.);
#1337=ORIENTED_EDGE('',*,*,#2725,.T.);
#1338=ORIENTED_EDGE('',*,*,#2726,.T.);
#1339=ORIENTED_EDGE('',*,*,#2727,.T.);
#1340=ORIENTED_EDGE('',*,*,#2728,.T.);
#1341=ORIENTED_EDGE('',*,*,#2717,.F.);
#1342=ORIENTED_EDGE('',*,*,#2729,.F.);
#1343=ORIENTED_EDGE('',*,*,#2730,.T.);
#1344=ORIENTED_EDGE('',*,*,#2731,.F.);
#1345=ORIENTED_EDGE('',*,*,#2732,.F.);
#1346=ORIENTED_EDGE('',*,*,#2476,.F.);
#1347=ORIENTED_EDGE('',*,*,#2519,.T.);
#1348=ORIENTED_EDGE('',*,*,#2514,.F.);
#1349=ORIENTED_EDGE('',*,*,#2733,.F.);
#1350=ORIENTED_EDGE('',*,*,#2734,.T.);
#1351=ORIENTED_EDGE('',*,*,#2687,.T.);
#1352=ORIENTED_EDGE('',*,*,#2722,.F.);
#1353=ORIENTED_EDGE('',*,*,#2735,.F.);
#1354=ORIENTED_EDGE('',*,*,#2736,.T.);
#1355=ORIENTED_EDGE('',*,*,#2737,.T.);
#1356=ORIENTED_EDGE('',*,*,#2689,.F.);
#1357=ORIENTED_EDGE('',*,*,#2737,.F.);
#1358=ORIENTED_EDGE('',*,*,#2738,.T.);
#1359=ORIENTED_EDGE('',*,*,#2739,.F.);
#1360=ORIENTED_EDGE('',*,*,#2740,.F.);
#1361=ORIENTED_EDGE('',*,*,#2741,.F.);
#1362=ORIENTED_EDGE('',*,*,#2742,.T.);
#1363=ORIENTED_EDGE('',*,*,#2743,.T.);
#1364=ORIENTED_EDGE('',*,*,#2744,.F.);
#1365=ORIENTED_EDGE('',*,*,#2745,.T.);
#1366=ORIENTED_EDGE('',*,*,#2746,.T.);
#1367=ORIENTED_EDGE('',*,*,#2747,.T.);
#1368=ORIENTED_EDGE('',*,*,#2690,.F.);
#1369=ORIENTED_EDGE('',*,*,#2681,.F.);
#1370=ORIENTED_EDGE('',*,*,#2748,.F.);
#1371=ORIENTED_EDGE('',*,*,#2680,.T.);
#1372=ORIENTED_EDGE('',*,*,#2749,.F.);
#1373=ORIENTED_EDGE('',*,*,#2750,.T.);
#1374=ORIENTED_EDGE('',*,*,#2751,.F.);
#1375=ORIENTED_EDGE('',*,*,#2752,.F.);
#1376=ORIENTED_EDGE('',*,*,#2753,.T.);
#1377=ORIENTED_EDGE('',*,*,#2754,.T.);
#1378=ORIENTED_EDGE('',*,*,#2742,.F.);
#1379=ORIENTED_EDGE('',*,*,#2619,.F.);
#1380=ORIENTED_EDGE('',*,*,#2755,.F.);
#1381=ORIENTED_EDGE('',*,*,#2553,.F.);
#1382=ORIENTED_EDGE('',*,*,#2756,.T.);
#1383=ORIENTED_EDGE('',*,*,#2757,.T.);
#1384=ORIENTED_EDGE('',*,*,#2624,.T.);
#1385=ORIENTED_EDGE('',*,*,#2758,.F.);
#1386=ORIENTED_EDGE('',*,*,#2759,.T.);
#1387=ORIENTED_EDGE('',*,*,#2621,.F.);
#1388=ORIENTED_EDGE('',*,*,#2760,.T.);
#1389=ORIENTED_EDGE('',*,*,#2761,.F.);
#1390=ORIENTED_EDGE('',*,*,#2762,.F.);
#1391=ORIENTED_EDGE('',*,*,#2763,.T.);
#1392=ORIENTED_EDGE('',*,*,#2632,.T.);
#1393=ORIENTED_EDGE('',*,*,#2523,.F.);
#1394=ORIENTED_EDGE('',*,*,#2610,.T.);
#1395=ORIENTED_EDGE('',*,*,#2764,.F.);
#1396=ORIENTED_EDGE('',*,*,#2765,.T.);
#1397=ORIENTED_EDGE('',*,*,#2766,.T.);
#1398=ORIENTED_EDGE('',*,*,#2550,.T.);
#1399=ORIENTED_EDGE('',*,*,#2530,.T.);
#1400=ORIENTED_EDGE('',*,*,#2625,.F.);
#1401=ORIENTED_EDGE('',*,*,#2757,.F.);
#1402=ORIENTED_EDGE('',*,*,#2767,.F.);
#1403=ORIENTED_EDGE('',*,*,#2768,.F.);
#1404=ORIENTED_EDGE('',*,*,#2769,.F.);
#1405=ORIENTED_EDGE('',*,*,#2770,.F.);
#1406=ORIENTED_EDGE('',*,*,#2771,.T.);
#1407=ORIENTED_EDGE('',*,*,#2772,.T.);
#1408=ORIENTED_EDGE('',*,*,#2773,.F.);
#1409=ORIENTED_EDGE('',*,*,#2774,.T.);
#1410=ORIENTED_EDGE('',*,*,#2775,.F.);
#1411=ORIENTED_EDGE('',*,*,#2776,.T.);
#1412=ORIENTED_EDGE('',*,*,#2777,.F.);
#1413=ORIENTED_EDGE('',*,*,#2778,.F.);
#1414=ORIENTED_EDGE('',*,*,#2779,.T.);
#1415=ORIENTED_EDGE('',*,*,#2556,.F.);
#1416=ORIENTED_EDGE('',*,*,#2780,.T.);
#1417=ORIENTED_EDGE('',*,*,#2781,.F.);
#1418=ORIENTED_EDGE('',*,*,#2782,.F.);
#1419=ORIENTED_EDGE('',*,*,#2604,.F.);
#1420=ORIENTED_EDGE('',*,*,#2783,.T.);
#1421=ORIENTED_EDGE('',*,*,#2784,.F.);
#1422=ORIENTED_EDGE('',*,*,#2785,.F.);
#1423=ORIENTED_EDGE('',*,*,#2592,.F.);
#1424=ORIENTED_EDGE('',*,*,#2786,.T.);
#1425=ORIENTED_EDGE('',*,*,#2787,.F.);
#1426=ORIENTED_EDGE('',*,*,#2788,.F.);
#1427=ORIENTED_EDGE('',*,*,#2580,.F.);
#1428=ORIENTED_EDGE('',*,*,#2789,.T.);
#1429=ORIENTED_EDGE('',*,*,#2790,.F.);
#1430=ORIENTED_EDGE('',*,*,#2791,.F.);
#1431=ORIENTED_EDGE('',*,*,#2568,.F.);
#1432=ORIENTED_EDGE('',*,*,#2792,.T.);
#1433=ORIENTED_EDGE('',*,*,#2793,.F.);
#1434=ORIENTED_EDGE('',*,*,#2794,.F.);
#1435=ORIENTED_EDGE('',*,*,#2626,.T.);
#1436=ORIENTED_EDGE('',*,*,#2795,.T.);
#1437=ORIENTED_EDGE('',*,*,#2796,.T.);
#1438=ORIENTED_EDGE('',*,*,#2797,.F.);
#1439=ORIENTED_EDGE('',*,*,#2798,.F.);
#1440=ORIENTED_EDGE('',*,*,#2799,.T.);
#1441=ORIENTED_EDGE('',*,*,#2800,.T.);
#1442=ORIENTED_EDGE('',*,*,#2801,.T.);
#1443=ORIENTED_EDGE('',*,*,#2617,.F.);
#1444=ORIENTED_EDGE('',*,*,#2802,.F.);
#1445=ORIENTED_EDGE('',*,*,#2803,.T.);
#1446=ORIENTED_EDGE('',*,*,#2804,.T.);
#1447=ORIENTED_EDGE('',*,*,#2693,.F.);
#1448=ORIENTED_EDGE('',*,*,#2805,.F.);
#1449=ORIENTED_EDGE('',*,*,#2806,.T.);
#1450=ORIENTED_EDGE('',*,*,#2691,.T.);
#1451=ORIENTED_EDGE('',*,*,#2747,.F.);
#1452=ORIENTED_EDGE('',*,*,#2804,.F.);
#1453=ORIENTED_EDGE('',*,*,#2807,.T.);
#1454=ORIENTED_EDGE('',*,*,#2808,.F.);
#1455=ORIENTED_EDGE('',*,*,#2809,.F.);
#1456=ORIENTED_EDGE('',*,*,#2810,.F.);
#1457=ORIENTED_EDGE('',*,*,#2811,.T.);
#1458=ORIENTED_EDGE('',*,*,#2812,.T.);
#1459=ORIENTED_EDGE('',*,*,#2813,.F.);
#1460=ORIENTED_EDGE('',*,*,#2814,.T.);
#1461=ORIENTED_EDGE('',*,*,#2815,.T.);
#1462=ORIENTED_EDGE('',*,*,#2816,.T.);
#1463=ORIENTED_EDGE('',*,*,#2694,.F.);
#1464=ORIENTED_EDGE('',*,*,#2677,.T.);
#1465=ORIENTED_EDGE('',*,*,#2817,.F.);
#1466=ORIENTED_EDGE('',*,*,#2676,.F.);
#1467=ORIENTED_EDGE('',*,*,#2818,.T.);
#1468=ORIENTED_EDGE('',*,*,#2819,.T.);
#1469=ORIENTED_EDGE('',*,*,#2820,.F.);
#1470=ORIENTED_EDGE('',*,*,#2821,.F.);
#1471=ORIENTED_EDGE('',*,*,#2822,.T.);
#1472=ORIENTED_EDGE('',*,*,#2823,.T.);
#1473=ORIENTED_EDGE('',*,*,#2811,.F.);
#1474=ORIENTED_EDGE('',*,*,#2548,.F.);
#1475=ORIENTED_EDGE('',*,*,#2824,.T.);
#1476=ORIENTED_EDGE('',*,*,#2825,.T.);
#1477=ORIENTED_EDGE('',*,*,#2614,.T.);
#1478=ORIENTED_EDGE('',*,*,#2826,.F.);
#1479=ORIENTED_EDGE('',*,*,#2535,.T.);
#1480=ORIENTED_EDGE('',*,*,#2616,.T.);
#1481=ORIENTED_EDGE('',*,*,#2827,.T.);
#1482=ORIENTED_EDGE('',*,*,#2826,.T.);
#1483=ORIENTED_EDGE('',*,*,#2613,.T.);
#1484=ORIENTED_EDGE('',*,*,#2637,.F.);
#1485=ORIENTED_EDGE('',*,*,#2828,.F.);
#1486=ORIENTED_EDGE('',*,*,#2546,.F.);
#1487=ORIENTED_EDGE('',*,*,#2829,.F.);
#1488=ORIENTED_EDGE('',*,*,#2544,.F.);
#1489=ORIENTED_EDGE('',*,*,#2536,.T.);
#1490=ORIENTED_EDGE('',*,*,#2638,.T.);
#1491=ORIENTED_EDGE('',*,*,#2830,.F.);
#1492=ORIENTED_EDGE('',*,*,#2831,.T.);
#1493=ORIENTED_EDGE('',*,*,#2651,.T.);
#1494=ORIENTED_EDGE('',*,*,#2697,.F.);
#1495=ORIENTED_EDGE('',*,*,#2832,.F.);
#1496=ORIENTED_EDGE('',*,*,#2833,.T.);
#1497=ORIENTED_EDGE('',*,*,#2695,.T.);
#1498=ORIENTED_EDGE('',*,*,#2816,.F.);
#1499=ORIENTED_EDGE('',*,*,#2678,.T.);
#1500=ORIENTED_EDGE('',*,*,#2834,.F.);
#1501=ORIENTED_EDGE('',*,*,#2679,.F.);
#1502=ORIENTED_EDGE('',*,*,#2835,.T.);
#1503=ORIENTED_EDGE('',*,*,#2508,.F.);
#1504=ORIENTED_EDGE('',*,*,#2836,.F.);
#1505=ORIENTED_EDGE('',*,*,#2837,.T.);
#1506=ORIENTED_EDGE('',*,*,#2838,.T.);
#1507=ORIENTED_EDGE('',*,*,#2839,.F.);
#1508=ORIENTED_EDGE('',*,*,#2771,.F.);
#1509=ORIENTED_EDGE('',*,*,#2840,.T.);
#1510=ORIENTED_EDGE('',*,*,#2841,.T.);
#1511=ORIENTED_EDGE('',*,*,#2842,.T.);
#1512=ORIENTED_EDGE('',*,*,#2843,.F.);
#1513=ORIENTED_EDGE('',*,*,#2844,.T.);
#1514=ORIENTED_EDGE('',*,*,#2798,.T.);
#1515=ORIENTED_EDGE('',*,*,#2845,.F.);
#1516=ORIENTED_EDGE('',*,*,#2846,.T.);
#1517=ORIENTED_EDGE('',*,*,#2847,.T.);
#1518=ORIENTED_EDGE('',*,*,#2848,.F.);
#1519=ORIENTED_EDGE('',*,*,#2849,.F.);
#1520=ORIENTED_EDGE('',*,*,#2850,.T.);
#1521=ORIENTED_EDGE('',*,*,#2506,.T.);
#1522=ORIENTED_EDGE('',*,*,#2851,.T.);
#1523=ORIENTED_EDGE('',*,*,#2852,.F.);
#1524=ORIENTED_EDGE('',*,*,#2853,.F.);
#1525=ORIENTED_EDGE('',*,*,#2854,.T.);
#1526=ORIENTED_EDGE('',*,*,#2796,.F.);
#1527=ORIENTED_EDGE('',*,*,#2855,.F.);
#1528=ORIENTED_EDGE('',*,*,#2856,.T.);
#1529=ORIENTED_EDGE('',*,*,#2857,.F.);
#1530=ORIENTED_EDGE('',*,*,#2858,.F.);
#1531=ORIENTED_EDGE('',*,*,#2859,.F.);
#1532=ORIENTED_EDGE('',*,*,#2767,.T.);
#1533=ORIENTED_EDGE('',*,*,#2759,.F.);
#1534=ORIENTED_EDGE('',*,*,#2860,.F.);
#1535=ORIENTED_EDGE('',*,*,#2837,.F.);
#1536=ORIENTED_EDGE('',*,*,#2861,.T.);
#1537=ORIENTED_EDGE('',*,*,#2849,.T.);
#1538=ORIENTED_EDGE('',*,*,#2862,.F.);
#1539=ORIENTED_EDGE('',*,*,#2863,.F.);
#1540=ORIENTED_EDGE('',*,*,#2499,.T.);
#1541=ORIENTED_EDGE('',*,*,#2864,.T.);
#1542=ORIENTED_EDGE('',*,*,#2865,.T.);
#1543=ORIENTED_EDGE('',*,*,#2481,.T.);
#1544=ORIENTED_EDGE('',*,*,#2866,.T.);
#1545=ORIENTED_EDGE('',*,*,#2867,.F.);
#1546=ORIENTED_EDGE('',*,*,#2868,.F.);
#1547=ORIENTED_EDGE('',*,*,#2852,.T.);
#1548=ORIENTED_EDGE('',*,*,#2869,.F.);
#1549=ORIENTED_EDGE('',*,*,#2847,.F.);
#1550=ORIENTED_EDGE('',*,*,#2870,.T.);
#1551=ORIENTED_EDGE('',*,*,#2871,.T.);
#1552=ORIENTED_EDGE('',*,*,#2872,.T.);
#1553=ORIENTED_EDGE('',*,*,#2873,.T.);
#1554=ORIENTED_EDGE('',*,*,#2874,.T.);
#1555=ORIENTED_EDGE('',*,*,#2875,.T.);
#1556=ORIENTED_EDGE('',*,*,#2876,.T.);
#1557=ORIENTED_EDGE('',*,*,#2877,.T.);
#1558=ORIENTED_EDGE('',*,*,#2511,.T.);
#1559=ORIENTED_EDGE('',*,*,#2878,.F.);
#1560=ORIENTED_EDGE('',*,*,#2879,.F.);
#1561=ORIENTED_EDGE('',*,*,#2730,.F.);
#1562=ORIENTED_EDGE('',*,*,#2880,.T.);
#1563=ORIENTED_EDGE('',*,*,#2881,.T.);
#1564=ORIENTED_EDGE('',*,*,#2882,.T.);
#1565=ORIENTED_EDGE('',*,*,#2883,.F.);
#1566=ORIENTED_EDGE('',*,*,#2710,.T.);
#1567=ORIENTED_EDGE('',*,*,#2684,.F.);
#1568=ORIENTED_EDGE('',*,*,#2709,.F.);
#1569=ORIENTED_EDGE('',*,*,#2884,.F.);
#1570=ORIENTED_EDGE('',*,*,#2885,.F.);
#1571=ORIENTED_EDGE('',*,*,#2886,.T.);
#1572=ORIENTED_EDGE('',*,*,#2887,.F.);
#1573=ORIENTED_EDGE('',*,*,#2706,.F.);
#1574=ORIENTED_EDGE('',*,*,#2888,.T.);
#1575=ORIENTED_EDGE('',*,*,#2889,.T.);
#1576=ORIENTED_EDGE('',*,*,#2890,.T.);
#1577=ORIENTED_EDGE('',*,*,#2891,.F.);
#1578=ORIENTED_EDGE('',*,*,#2644,.T.);
#1579=ORIENTED_EDGE('',*,*,#2682,.F.);
#1580=ORIENTED_EDGE('',*,*,#2641,.F.);
#1581=ORIENTED_EDGE('',*,*,#2892,.F.);
#1582=ORIENTED_EDGE('',*,*,#2893,.F.);
#1583=ORIENTED_EDGE('',*,*,#2894,.T.);
#1584=ORIENTED_EDGE('',*,*,#2895,.F.);
#1585=ORIENTED_EDGE('',*,*,#2699,.F.);
#1586=ORIENTED_EDGE('',*,*,#2896,.T.);
#1587=ORIENTED_EDGE('',*,*,#2897,.T.);
#1588=ORIENTED_EDGE('',*,*,#2898,.T.);
#1589=ORIENTED_EDGE('',*,*,#2899,.F.);
#1590=ORIENTED_EDGE('',*,*,#2830,.T.);
#1591=ORIENTED_EDGE('',*,*,#2696,.F.);
#1592=ORIENTED_EDGE('',*,*,#2833,.F.);
#1593=ORIENTED_EDGE('',*,*,#2900,.F.);
#1594=ORIENTED_EDGE('',*,*,#2901,.F.);
#1595=ORIENTED_EDGE('',*,*,#2902,.T.);
#1596=ORIENTED_EDGE('',*,*,#2903,.F.);
#1597=ORIENTED_EDGE('',*,*,#2822,.F.);
#1598=ORIENTED_EDGE('',*,*,#2904,.T.);
#1599=ORIENTED_EDGE('',*,*,#2905,.T.);
#1600=ORIENTED_EDGE('',*,*,#2906,.T.);
#1601=ORIENTED_EDGE('',*,*,#2907,.F.);
#1602=ORIENTED_EDGE('',*,*,#2802,.T.);
#1603=ORIENTED_EDGE('',*,*,#2692,.F.);
#1604=ORIENTED_EDGE('',*,*,#2806,.F.);
#1605=ORIENTED_EDGE('',*,*,#2908,.F.);
#1606=ORIENTED_EDGE('',*,*,#2909,.F.);
#1607=ORIENTED_EDGE('',*,*,#2910,.T.);
#1608=ORIENTED_EDGE('',*,*,#2911,.F.);
#1609=ORIENTED_EDGE('',*,*,#2753,.F.);
#1610=ORIENTED_EDGE('',*,*,#2912,.T.);
#1611=ORIENTED_EDGE('',*,*,#2913,.T.);
#1612=ORIENTED_EDGE('',*,*,#2914,.T.);
#1613=ORIENTED_EDGE('',*,*,#2915,.F.);
#1614=ORIENTED_EDGE('',*,*,#2735,.T.);
#1615=ORIENTED_EDGE('',*,*,#2688,.F.);
#1616=ORIENTED_EDGE('',*,*,#2734,.F.);
#1617=ORIENTED_EDGE('',*,*,#2916,.F.);
#1618=ORIENTED_EDGE('',*,*,#2917,.F.);
#1619=ORIENTED_EDGE('',*,*,#2918,.T.);
#1620=ORIENTED_EDGE('',*,*,#2919,.F.);
#1621=ORIENTED_EDGE('',*,*,#2727,.F.);
#1622=ORIENTED_EDGE('',*,*,#2628,.F.);
#1623=ORIENTED_EDGE('',*,*,#2920,.F.);
#1624=ORIENTED_EDGE('',*,*,#2607,.T.);
#1625=ORIENTED_EDGE('',*,*,#2921,.T.);
#1626=ORIENTED_EDGE('',*,*,#2769,.T.);
#1627=ORIENTED_EDGE('',*,*,#2922,.T.);
#1628=ORIENTED_EDGE('',*,*,#2800,.F.);
#1629=ORIENTED_EDGE('',*,*,#2923,.F.);
#1630=ORIENTED_EDGE('',*,*,#2924,.T.);
#1631=ORIENTED_EDGE('',*,*,#2630,.T.);
#1632=ORIENTED_EDGE('',*,*,#2925,.F.);
#1633=ORIENTED_EDGE('',*,*,#2926,.T.);
#1634=ORIENTED_EDGE('',*,*,#2927,.T.);
#1635=ORIENTED_EDGE('',*,*,#2928,.F.);
#1636=ORIENTED_EDGE('',*,*,#2929,.T.);
#1637=ORIENTED_EDGE('',*,*,#2598,.T.);
#1638=ORIENTED_EDGE('',*,*,#2930,.F.);
#1639=ORIENTED_EDGE('',*,*,#2931,.T.);
#1640=ORIENTED_EDGE('',*,*,#2932,.T.);
#1641=ORIENTED_EDGE('',*,*,#2933,.F.);
#1642=ORIENTED_EDGE('',*,*,#2934,.T.);
#1643=ORIENTED_EDGE('',*,*,#2586,.T.);
#1644=ORIENTED_EDGE('',*,*,#2935,.F.);
#1645=ORIENTED_EDGE('',*,*,#2936,.T.);
#1646=ORIENTED_EDGE('',*,*,#2937,.F.);
#1647=ORIENTED_EDGE('',*,*,#2938,.T.);
#1648=ORIENTED_EDGE('',*,*,#2939,.T.);
#1649=ORIENTED_EDGE('',*,*,#2574,.T.);
#1650=ORIENTED_EDGE('',*,*,#2940,.F.);
#1651=ORIENTED_EDGE('',*,*,#2941,.T.);
#1652=ORIENTED_EDGE('',*,*,#2942,.T.);
#1653=ORIENTED_EDGE('',*,*,#2943,.F.);
#1654=ORIENTED_EDGE('',*,*,#2944,.T.);
#1655=ORIENTED_EDGE('',*,*,#2562,.T.);
#1656=ORIENTED_EDGE('',*,*,#2945,.F.);
#1657=ORIENTED_EDGE('',*,*,#2946,.T.);
#1658=ORIENTED_EDGE('',*,*,#2756,.F.);
#1659=ORIENTED_EDGE('',*,*,#2552,.T.);
#1660=ORIENTED_EDGE('',*,*,#2947,.T.);
#1661=ORIENTED_EDGE('',*,*,#2948,.F.);
#1662=ORIENTED_EDGE('',*,*,#2949,.F.);
#1663=ORIENTED_EDGE('',*,*,#2760,.F.);
#1664=ORIENTED_EDGE('',*,*,#2620,.F.);
#1665=ORIENTED_EDGE('',*,*,#2554,.F.);
#1666=ORIENTED_EDGE('',*,*,#2755,.T.);
#1667=ORIENTED_EDGE('',*,*,#2618,.T.);
#1668=ORIENTED_EDGE('',*,*,#2762,.T.);
#1669=ORIENTED_EDGE('',*,*,#2950,.T.);
#1670=ORIENTED_EDGE('',*,*,#2951,.T.);
#1671=ORIENTED_EDGE('',*,*,#2952,.F.);
#1672=ORIENTED_EDGE('',*,*,#2950,.F.);
#1673=ORIENTED_EDGE('',*,*,#2761,.T.);
#1674=ORIENTED_EDGE('',*,*,#2949,.T.);
#1675=ORIENTED_EDGE('',*,*,#2953,.T.);
#1676=ORIENTED_EDGE('',*,*,#2926,.F.);
#1677=ORIENTED_EDGE('',*,*,#2954,.T.);
#1678=ORIENTED_EDGE('',*,*,#2955,.F.);
#1679=ORIENTED_EDGE('',*,*,#2956,.F.);
#1680=ORIENTED_EDGE('',*,*,#2957,.T.);
#1681=ORIENTED_EDGE('',*,*,#2958,.T.);
#1682=ORIENTED_EDGE('',*,*,#2841,.F.);
#1683=ORIENTED_EDGE('',*,*,#2959,.T.);
#1684=ORIENTED_EDGE('',*,*,#2960,.F.);
#1685=ORIENTED_EDGE('',*,*,#2961,.F.);
#1686=ORIENTED_EDGE('',*,*,#2962,.F.);
#1687=ORIENTED_EDGE('',*,*,#2843,.T.);
#1688=ORIENTED_EDGE('',*,*,#2963,.F.);
#1689=ORIENTED_EDGE('',*,*,#2845,.T.);
#1690=ORIENTED_EDGE('',*,*,#2797,.T.);
#1691=ORIENTED_EDGE('',*,*,#2854,.F.);
#1692=ORIENTED_EDGE('',*,*,#2591,.F.);
#1693=ORIENTED_EDGE('',*,*,#2964,.T.);
#1694=ORIENTED_EDGE('',*,*,#2965,.T.);
#1695=ORIENTED_EDGE('',*,*,#2786,.F.);
#1696=ORIENTED_EDGE('',*,*,#2966,.F.);
#1697=ORIENTED_EDGE('',*,*,#2593,.T.);
#1698=ORIENTED_EDGE('',*,*,#2785,.T.);
#1699=ORIENTED_EDGE('',*,*,#2967,.F.);
#1700=ORIENTED_EDGE('',*,*,#2968,.F.);
#1701=ORIENTED_EDGE('',*,*,#2969,.F.);
#1702=ORIENTED_EDGE('',*,*,#2970,.T.);
#1703=ORIENTED_EDGE('',*,*,#2971,.F.);
#1704=ORIENTED_EDGE('',*,*,#2936,.F.);
#1705=ORIENTED_EDGE('',*,*,#2972,.T.);
#1706=ORIENTED_EDGE('',*,*,#2973,.T.);
#1707=ORIENTED_EDGE('',*,*,#2974,.T.);
#1708=ORIENTED_EDGE('',*,*,#2975,.F.);
#1709=ORIENTED_EDGE('',*,*,#2976,.T.);
#1710=ORIENTED_EDGE('',*,*,#2787,.T.);
#1711=ORIENTED_EDGE('',*,*,#2965,.F.);
#1712=ORIENTED_EDGE('',*,*,#2977,.F.);
#1713=ORIENTED_EDGE('',*,*,#2967,.T.);
#1714=ORIENTED_EDGE('',*,*,#2784,.T.);
#1715=ORIENTED_EDGE('',*,*,#2978,.F.);
#1716=ORIENTED_EDGE('',*,*,#2979,.F.);
#1717=ORIENTED_EDGE('',*,*,#2980,.F.);
#1718=ORIENTED_EDGE('',*,*,#2981,.T.);
#1719=ORIENTED_EDGE('',*,*,#2982,.F.);
#1720=ORIENTED_EDGE('',*,*,#2931,.F.);
#1721=ORIENTED_EDGE('',*,*,#2983,.T.);
#1722=ORIENTED_EDGE('',*,*,#2984,.T.);
#1723=ORIENTED_EDGE('',*,*,#2985,.T.);
#1724=ORIENTED_EDGE('',*,*,#2779,.F.);
#1725=ORIENTED_EDGE('',*,*,#2986,.T.);
#1726=ORIENTED_EDGE('',*,*,#2777,.T.);
#1727=ORIENTED_EDGE('',*,*,#2987,.F.);
#1728=ORIENTED_EDGE('',*,*,#2603,.F.);
#1729=ORIENTED_EDGE('',*,*,#2988,.T.);
#1730=ORIENTED_EDGE('',*,*,#2978,.T.);
#1731=ORIENTED_EDGE('',*,*,#2783,.F.);
#1732=ORIENTED_EDGE('',*,*,#2989,.F.);
#1733=ORIENTED_EDGE('',*,*,#2605,.T.);
#1734=ORIENTED_EDGE('',*,*,#2782,.T.);
#1735=ORIENTED_EDGE('',*,*,#2990,.F.);
#1736=ORIENTED_EDGE('',*,*,#2991,.F.);
#1737=ORIENTED_EDGE('',*,*,#2990,.T.);
#1738=ORIENTED_EDGE('',*,*,#2781,.T.);
#1739=ORIENTED_EDGE('',*,*,#2992,.F.);
#1740=ORIENTED_EDGE('',*,*,#2951,.F.);
#1741=ORIENTED_EDGE('',*,*,#2953,.F.);
#1742=ORIENTED_EDGE('',*,*,#2948,.T.);
#1743=ORIENTED_EDGE('',*,*,#2993,.F.);
#1744=ORIENTED_EDGE('',*,*,#2765,.F.);
#1745=ORIENTED_EDGE('',*,*,#2994,.T.);
#1746=ORIENTED_EDGE('',*,*,#2995,.T.);
#1747=ORIENTED_EDGE('',*,*,#2955,.T.);
#1748=ORIENTED_EDGE('',*,*,#2844,.F.);
#1749=ORIENTED_EDGE('',*,*,#2962,.T.);
#1750=ORIENTED_EDGE('',*,*,#2996,.F.);
#1751=ORIENTED_EDGE('',*,*,#2959,.F.);
#1752=ORIENTED_EDGE('',*,*,#2840,.F.);
#1753=ORIENTED_EDGE('',*,*,#2770,.T.);
#1754=ORIENTED_EDGE('',*,*,#2923,.T.);
#1755=ORIENTED_EDGE('',*,*,#2799,.F.);
#1756=ORIENTED_EDGE('',*,*,#2778,.T.);
#1757=ORIENTED_EDGE('',*,*,#2997,.F.);
#1758=ORIENTED_EDGE('',*,*,#2555,.F.);
#1759=ORIENTED_EDGE('',*,*,#2952,.T.);
#1760=ORIENTED_EDGE('',*,*,#2992,.T.);
#1761=ORIENTED_EDGE('',*,*,#2780,.F.);
#1762=ORIENTED_EDGE('',*,*,#2998,.F.);
#1763=ORIENTED_EDGE('',*,*,#2557,.T.);
#1764=ORIENTED_EDGE('',*,*,#2794,.T.);
#1765=ORIENTED_EDGE('',*,*,#2999,.F.);
#1766=ORIENTED_EDGE('',*,*,#3000,.F.);
#1767=ORIENTED_EDGE('',*,*,#2999,.T.);
#1768=ORIENTED_EDGE('',*,*,#2793,.T.);
#1769=ORIENTED_EDGE('',*,*,#3001,.F.);
#1770=ORIENTED_EDGE('',*,*,#3002,.F.);
#1771=ORIENTED_EDGE('',*,*,#3003,.F.);
#1772=ORIENTED_EDGE('',*,*,#3004,.T.);
#1773=ORIENTED_EDGE('',*,*,#3005,.F.);
#1774=ORIENTED_EDGE('',*,*,#2946,.F.);
#1775=ORIENTED_EDGE('',*,*,#3006,.T.);
#1776=ORIENTED_EDGE('',*,*,#3007,.T.);
#1777=ORIENTED_EDGE('',*,*,#3008,.T.);
#1778=ORIENTED_EDGE('',*,*,#3009,.T.);
#1779=ORIENTED_EDGE('',*,*,#3010,.T.);
#1780=ORIENTED_EDGE('',*,*,#2855,.T.);
#1781=ORIENTED_EDGE('',*,*,#2795,.F.);
#1782=ORIENTED_EDGE('',*,*,#2922,.F.);
#1783=ORIENTED_EDGE('',*,*,#2768,.T.);
#1784=ORIENTED_EDGE('',*,*,#2859,.T.);
#1785=ORIENTED_EDGE('',*,*,#3011,.F.);
#1786=ORIENTED_EDGE('',*,*,#2772,.F.);
#1787=ORIENTED_EDGE('',*,*,#3012,.T.);
#1788=ORIENTED_EDGE('',*,*,#2567,.F.);
#1789=ORIENTED_EDGE('',*,*,#3013,.T.);
#1790=ORIENTED_EDGE('',*,*,#3001,.T.);
#1791=ORIENTED_EDGE('',*,*,#2792,.F.);
#1792=ORIENTED_EDGE('',*,*,#3014,.F.);
#1793=ORIENTED_EDGE('',*,*,#2569,.T.);
#1794=ORIENTED_EDGE('',*,*,#2791,.T.);
#1795=ORIENTED_EDGE('',*,*,#3015,.F.);
#1796=ORIENTED_EDGE('',*,*,#3016,.F.);
#1797=ORIENTED_EDGE('',*,*,#3015,.T.);
#1798=ORIENTED_EDGE('',*,*,#2790,.T.);
#1799=ORIENTED_EDGE('',*,*,#3017,.F.);
#1800=ORIENTED_EDGE('',*,*,#3018,.F.);
#1801=ORIENTED_EDGE('',*,*,#3019,.F.);
#1802=ORIENTED_EDGE('',*,*,#3020,.T.);
#1803=ORIENTED_EDGE('',*,*,#3021,.F.);
#1804=ORIENTED_EDGE('',*,*,#2941,.F.);
#1805=ORIENTED_EDGE('',*,*,#3022,.T.);
#1806=ORIENTED_EDGE('',*,*,#3023,.T.);
#1807=ORIENTED_EDGE('',*,*,#3024,.T.);
#1808=ORIENTED_EDGE('',*,*,#2774,.F.);
#1809=ORIENTED_EDGE('',*,*,#3025,.T.);
#1810=ORIENTED_EDGE('',*,*,#2773,.T.);
#1811=ORIENTED_EDGE('',*,*,#3026,.F.);
#1812=ORIENTED_EDGE('',*,*,#2579,.F.);
#1813=ORIENTED_EDGE('',*,*,#3027,.T.);
#1814=ORIENTED_EDGE('',*,*,#3017,.T.);
#1815=ORIENTED_EDGE('',*,*,#2789,.F.);
#1816=ORIENTED_EDGE('',*,*,#3028,.F.);
#1817=ORIENTED_EDGE('',*,*,#2581,.T.);
#1818=ORIENTED_EDGE('',*,*,#2788,.T.);
#1819=ORIENTED_EDGE('',*,*,#2976,.F.);
#1820=ORIENTED_EDGE('',*,*,#2776,.F.);
#1821=ORIENTED_EDGE('',*,*,#3029,.T.);
#1822=ORIENTED_EDGE('',*,*,#2775,.T.);
#1823=ORIENTED_EDGE('',*,*,#3030,.F.);
#1824=ORIENTED_EDGE('',*,*,#3031,.F.);
#1825=ORIENTED_EDGE('',*,*,#2575,.F.);
#1826=ORIENTED_EDGE('',*,*,#2939,.F.);
#1827=ORIENTED_EDGE('',*,*,#3021,.T.);
#1828=ORIENTED_EDGE('',*,*,#2585,.T.);
#1829=ORIENTED_EDGE('',*,*,#3032,.T.);
#1830=ORIENTED_EDGE('',*,*,#2972,.F.);
#1831=ORIENTED_EDGE('',*,*,#2935,.T.);
#1832=ORIENTED_EDGE('',*,*,#3033,.F.);
#1833=ORIENTED_EDGE('',*,*,#2932,.F.);
#1834=ORIENTED_EDGE('',*,*,#3034,.T.);
#1835=ORIENTED_EDGE('',*,*,#2937,.T.);
#1836=ORIENTED_EDGE('',*,*,#2576,.T.);
#1837=ORIENTED_EDGE('',*,*,#3031,.T.);
#1838=ORIENTED_EDGE('',*,*,#3020,.F.);
#1839=ORIENTED_EDGE('',*,*,#3035,.F.);
#1840=ORIENTED_EDGE('',*,*,#3034,.F.);
#1841=ORIENTED_EDGE('',*,*,#2578,.F.);
#1842=ORIENTED_EDGE('',*,*,#3036,.T.);
#1843=ORIENTED_EDGE('',*,*,#3018,.T.);
#1844=ORIENTED_EDGE('',*,*,#3027,.F.);
#1845=ORIENTED_EDGE('',*,*,#3030,.T.);
#1846=ORIENTED_EDGE('',*,*,#3036,.F.);
#1847=ORIENTED_EDGE('',*,*,#2577,.F.);
#1848=ORIENTED_EDGE('',*,*,#3035,.T.);
#1849=ORIENTED_EDGE('',*,*,#3019,.T.);
#1850=ORIENTED_EDGE('',*,*,#3037,.T.);
#1851=ORIENTED_EDGE('',*,*,#2974,.F.);
#1852=ORIENTED_EDGE('',*,*,#3038,.F.);
#1853=ORIENTED_EDGE('',*,*,#2583,.T.);
#1854=ORIENTED_EDGE('',*,*,#3033,.T.);
#1855=ORIENTED_EDGE('',*,*,#3038,.T.);
#1856=ORIENTED_EDGE('',*,*,#2973,.F.);
#1857=ORIENTED_EDGE('',*,*,#3032,.F.);
#1858=ORIENTED_EDGE('',*,*,#2584,.T.);
#1859=ORIENTED_EDGE('',*,*,#3029,.F.);
#1860=ORIENTED_EDGE('',*,*,#3037,.F.);
#1861=ORIENTED_EDGE('',*,*,#2582,.F.);
#1862=ORIENTED_EDGE('',*,*,#3028,.T.);
#1863=ORIENTED_EDGE('',*,*,#2975,.T.);
#1864=ORIENTED_EDGE('',*,*,#3039,.F.);
#1865=ORIENTED_EDGE('',*,*,#2563,.F.);
#1866=ORIENTED_EDGE('',*,*,#2944,.F.);
#1867=ORIENTED_EDGE('',*,*,#3005,.T.);
#1868=ORIENTED_EDGE('',*,*,#2573,.T.);
#1869=ORIENTED_EDGE('',*,*,#3040,.T.);
#1870=ORIENTED_EDGE('',*,*,#3022,.F.);
#1871=ORIENTED_EDGE('',*,*,#2940,.T.);
#1872=ORIENTED_EDGE('',*,*,#3041,.F.);
#1873=ORIENTED_EDGE('',*,*,#2938,.F.);
#1874=ORIENTED_EDGE('',*,*,#3042,.T.);
#1875=ORIENTED_EDGE('',*,*,#2943,.T.);
#1876=ORIENTED_EDGE('',*,*,#2564,.T.);
#1877=ORIENTED_EDGE('',*,*,#3039,.T.);
#1878=ORIENTED_EDGE('',*,*,#3004,.F.);
#1879=ORIENTED_EDGE('',*,*,#3043,.F.);
#1880=ORIENTED_EDGE('',*,*,#3042,.F.);
#1881=ORIENTED_EDGE('',*,*,#2566,.F.);
#1882=ORIENTED_EDGE('',*,*,#3044,.T.);
#1883=ORIENTED_EDGE('',*,*,#3002,.T.);
#1884=ORIENTED_EDGE('',*,*,#3013,.F.);
#1885=ORIENTED_EDGE('',*,*,#3026,.T.);
#1886=ORIENTED_EDGE('',*,*,#3044,.F.);
#1887=ORIENTED_EDGE('',*,*,#2565,.F.);
#1888=ORIENTED_EDGE('',*,*,#3043,.T.);
#1889=ORIENTED_EDGE('',*,*,#3003,.T.);
#1890=ORIENTED_EDGE('',*,*,#3045,.T.);
#1891=ORIENTED_EDGE('',*,*,#3024,.F.);
#1892=ORIENTED_EDGE('',*,*,#3046,.F.);
#1893=ORIENTED_EDGE('',*,*,#2571,.T.);
#1894=ORIENTED_EDGE('',*,*,#3041,.T.);
#1895=ORIENTED_EDGE('',*,*,#3046,.T.);
#1896=ORIENTED_EDGE('',*,*,#3023,.F.);
#1897=ORIENTED_EDGE('',*,*,#3040,.F.);
#1898=ORIENTED_EDGE('',*,*,#2572,.T.);
#1899=ORIENTED_EDGE('',*,*,#3025,.F.);
#1900=ORIENTED_EDGE('',*,*,#3045,.F.);
#1901=ORIENTED_EDGE('',*,*,#2570,.F.);
#1902=ORIENTED_EDGE('',*,*,#3014,.T.);
#1903=ORIENTED_EDGE('',*,*,#3016,.T.);
#1904=ORIENTED_EDGE('',*,*,#2947,.F.);
#1905=ORIENTED_EDGE('',*,*,#2551,.F.);
#1906=ORIENTED_EDGE('',*,*,#2766,.F.);
#1907=ORIENTED_EDGE('',*,*,#2993,.T.);
#1908=ORIENTED_EDGE('',*,*,#2561,.T.);
#1909=ORIENTED_EDGE('',*,*,#3047,.T.);
#1910=ORIENTED_EDGE('',*,*,#3006,.F.);
#1911=ORIENTED_EDGE('',*,*,#2945,.T.);
#1912=ORIENTED_EDGE('',*,*,#3048,.F.);
#1913=ORIENTED_EDGE('',*,*,#2942,.F.);
#1914=ORIENTED_EDGE('',*,*,#3011,.T.);
#1915=ORIENTED_EDGE('',*,*,#2858,.T.);
#1916=ORIENTED_EDGE('',*,*,#3049,.T.);
#1917=ORIENTED_EDGE('',*,*,#3050,.F.);
#1918=ORIENTED_EDGE('',*,*,#2856,.F.);
#1919=ORIENTED_EDGE('',*,*,#3010,.F.);
#1920=ORIENTED_EDGE('',*,*,#3051,.T.);
#1921=ORIENTED_EDGE('',*,*,#3052,.F.);
#1922=ORIENTED_EDGE('',*,*,#3053,.F.);
#1923=ORIENTED_EDGE('',*,*,#3051,.F.);
#1924=ORIENTED_EDGE('',*,*,#3009,.F.);
#1925=ORIENTED_EDGE('',*,*,#3050,.T.);
#1926=ORIENTED_EDGE('',*,*,#3054,.T.);
#1927=ORIENTED_EDGE('',*,*,#3008,.F.);
#1928=ORIENTED_EDGE('',*,*,#3055,.F.);
#1929=ORIENTED_EDGE('',*,*,#2559,.T.);
#1930=ORIENTED_EDGE('',*,*,#3048,.T.);
#1931=ORIENTED_EDGE('',*,*,#3055,.T.);
#1932=ORIENTED_EDGE('',*,*,#3007,.F.);
#1933=ORIENTED_EDGE('',*,*,#3047,.F.);
#1934=ORIENTED_EDGE('',*,*,#2560,.T.);
#1935=ORIENTED_EDGE('',*,*,#3012,.F.);
#1936=ORIENTED_EDGE('',*,*,#3054,.F.);
#1937=ORIENTED_EDGE('',*,*,#2558,.F.);
#1938=ORIENTED_EDGE('',*,*,#2998,.T.);
#1939=ORIENTED_EDGE('',*,*,#3000,.T.);
#1940=ORIENTED_EDGE('',*,*,#3056,.F.);
#1941=ORIENTED_EDGE('',*,*,#2599,.F.);
#1942=ORIENTED_EDGE('',*,*,#2929,.F.);
#1943=ORIENTED_EDGE('',*,*,#2982,.T.);
#1944=ORIENTED_EDGE('',*,*,#2609,.T.);
#1945=ORIENTED_EDGE('',*,*,#3057,.T.);
#1946=ORIENTED_EDGE('',*,*,#2994,.F.);
#1947=ORIENTED_EDGE('',*,*,#2764,.T.);
#1948=ORIENTED_EDGE('',*,*,#2725,.F.);
#1949=ORIENTED_EDGE('',*,*,#3058,.F.);
#1950=ORIENTED_EDGE('',*,*,#3059,.T.);
#1951=ORIENTED_EDGE('',*,*,#2928,.T.);
#1952=ORIENTED_EDGE('',*,*,#2600,.T.);
#1953=ORIENTED_EDGE('',*,*,#3056,.T.);
#1954=ORIENTED_EDGE('',*,*,#2981,.F.);
#1955=ORIENTED_EDGE('',*,*,#3060,.F.);
#1956=ORIENTED_EDGE('',*,*,#3059,.F.);
#1957=ORIENTED_EDGE('',*,*,#2602,.F.);
#1958=ORIENTED_EDGE('',*,*,#3061,.T.);
#1959=ORIENTED_EDGE('',*,*,#2979,.T.);
#1960=ORIENTED_EDGE('',*,*,#2988,.F.);
#1961=ORIENTED_EDGE('',*,*,#2997,.T.);
#1962=ORIENTED_EDGE('',*,*,#3061,.F.);
#1963=ORIENTED_EDGE('',*,*,#2601,.F.);
#1964=ORIENTED_EDGE('',*,*,#3060,.T.);
#1965=ORIENTED_EDGE('',*,*,#2980,.T.);
#1966=ORIENTED_EDGE('',*,*,#2961,.T.);
#1967=ORIENTED_EDGE('',*,*,#3062,.T.);
#1968=ORIENTED_EDGE('',*,*,#2957,.F.);
#1969=ORIENTED_EDGE('',*,*,#2996,.T.);
#1970=ORIENTED_EDGE('',*,*,#2608,.T.);
#1971=ORIENTED_EDGE('',*,*,#2920,.T.);
#1972=ORIENTED_EDGE('',*,*,#2627,.T.);
#1973=ORIENTED_EDGE('',*,*,#2924,.F.);
#1974=ORIENTED_EDGE('',*,*,#2956,.T.);
#1975=ORIENTED_EDGE('',*,*,#2995,.F.);
#1976=ORIENTED_EDGE('',*,*,#3057,.F.);
#1977=ORIENTED_EDGE('',*,*,#2921,.F.);
#1978=ORIENTED_EDGE('',*,*,#2606,.F.);
#1979=ORIENTED_EDGE('',*,*,#2989,.T.);
#1980=ORIENTED_EDGE('',*,*,#2991,.T.);
#1981=ORIENTED_EDGE('',*,*,#2954,.F.);
#1982=ORIENTED_EDGE('',*,*,#2925,.T.);
#1983=ORIENTED_EDGE('',*,*,#2629,.F.);
#1984=ORIENTED_EDGE('',*,*,#3063,.F.);
#1985=ORIENTED_EDGE('',*,*,#2587,.F.);
#1986=ORIENTED_EDGE('',*,*,#2934,.F.);
#1987=ORIENTED_EDGE('',*,*,#2971,.T.);
#1988=ORIENTED_EDGE('',*,*,#2597,.T.);
#1989=ORIENTED_EDGE('',*,*,#3064,.T.);
#1990=ORIENTED_EDGE('',*,*,#2983,.F.);
#1991=ORIENTED_EDGE('',*,*,#2930,.T.);
#1992=ORIENTED_EDGE('',*,*,#3065,.F.);
#1993=ORIENTED_EDGE('',*,*,#2927,.F.);
#1994=ORIENTED_EDGE('',*,*,#3066,.T.);
#1995=ORIENTED_EDGE('',*,*,#2933,.T.);
#1996=ORIENTED_EDGE('',*,*,#2588,.T.);
#1997=ORIENTED_EDGE('',*,*,#3063,.T.);
#1998=ORIENTED_EDGE('',*,*,#2970,.F.);
#1999=ORIENTED_EDGE('',*,*,#3067,.F.);
#2000=ORIENTED_EDGE('',*,*,#3066,.F.);
#2001=ORIENTED_EDGE('',*,*,#2590,.F.);
#2002=ORIENTED_EDGE('',*,*,#3068,.T.);
#2003=ORIENTED_EDGE('',*,*,#2968,.T.);
#2004=ORIENTED_EDGE('',*,*,#2964,.F.);
#2005=ORIENTED_EDGE('',*,*,#2987,.T.);
#2006=ORIENTED_EDGE('',*,*,#3068,.F.);
#2007=ORIENTED_EDGE('',*,*,#2589,.F.);
#2008=ORIENTED_EDGE('',*,*,#3067,.T.);
#2009=ORIENTED_EDGE('',*,*,#2969,.T.);
#2010=ORIENTED_EDGE('',*,*,#3069,.T.);
#2011=ORIENTED_EDGE('',*,*,#2985,.F.);
#2012=ORIENTED_EDGE('',*,*,#3070,.F.);
#2013=ORIENTED_EDGE('',*,*,#2595,.T.);
#2014=ORIENTED_EDGE('',*,*,#3065,.T.);
#2015=ORIENTED_EDGE('',*,*,#3070,.T.);
#2016=ORIENTED_EDGE('',*,*,#2984,.F.);
#2017=ORIENTED_EDGE('',*,*,#3064,.F.);
#2018=ORIENTED_EDGE('',*,*,#2596,.T.);
#2019=ORIENTED_EDGE('',*,*,#2986,.F.);
#2020=ORIENTED_EDGE('',*,*,#3069,.F.);
#2021=ORIENTED_EDGE('',*,*,#2594,.F.);
#2022=ORIENTED_EDGE('',*,*,#2966,.T.);
#2023=ORIENTED_EDGE('',*,*,#2977,.T.);
#2024=ORIENTED_EDGE('',*,*,#2846,.F.);
#2025=ORIENTED_EDGE('',*,*,#2963,.T.);
#2026=ORIENTED_EDGE('',*,*,#2853,.T.);
#2027=ORIENTED_EDGE('',*,*,#2870,.F.);
#2028=ORIENTED_EDGE('',*,*,#2958,.F.);
#2029=ORIENTED_EDGE('',*,*,#3062,.F.);
#2030=ORIENTED_EDGE('',*,*,#2960,.T.);
#2031=ORIENTED_EDGE('',*,*,#2842,.F.);
#2032=ORIENTED_EDGE('',*,*,#3049,.F.);
#2033=ORIENTED_EDGE('',*,*,#2857,.T.);
#2034=ORIENTED_EDGE('',*,*,#3052,.T.);
#2035=ORIENTED_EDGE('',*,*,#3053,.T.);
#2036=ORIENTED_EDGE('',*,*,#2867,.T.);
#2037=ORIENTED_EDGE('',*,*,#3071,.T.);
#2038=ORIENTED_EDGE('',*,*,#2865,.F.);
#2039=ORIENTED_EDGE('',*,*,#3072,.F.);
#2040=ORIENTED_EDGE('',*,*,#3073,.F.);
#2041=ORIENTED_EDGE('',*,*,#3074,.T.);
#2042=ORIENTED_EDGE('',*,*,#3075,.T.);
#2043=ORIENTED_EDGE('',*,*,#3076,.F.);
#2044=ORIENTED_EDGE('',*,*,#3077,.F.);
#2045=ORIENTED_EDGE('',*,*,#3078,.T.);
#2046=ORIENTED_EDGE('',*,*,#3079,.T.);
#2047=ORIENTED_EDGE('',*,*,#3080,.F.);
#2048=ORIENTED_EDGE('',*,*,#3081,.F.);
#2049=ORIENTED_EDGE('',*,*,#3082,.T.);
#2050=ORIENTED_EDGE('',*,*,#3083,.T.);
#2051=ORIENTED_EDGE('',*,*,#3084,.F.);
#2052=ORIENTED_EDGE('',*,*,#3085,.F.);
#2053=ORIENTED_EDGE('',*,*,#3086,.F.);
#2054=ORIENTED_EDGE('',*,*,#3087,.T.);
#2055=ORIENTED_EDGE('',*,*,#3088,.T.);
#2056=ORIENTED_EDGE('',*,*,#3072,.T.);
#2057=ORIENTED_EDGE('',*,*,#2864,.F.);
#2058=ORIENTED_EDGE('',*,*,#2498,.T.);
#2059=ORIENTED_EDGE('',*,*,#3089,.F.);
#2060=ORIENTED_EDGE('',*,*,#3080,.T.);
#2061=ORIENTED_EDGE('',*,*,#3090,.F.);
#2062=ORIENTED_EDGE('',*,*,#2494,.T.);
#2063=ORIENTED_EDGE('',*,*,#3091,.F.);
#2064=ORIENTED_EDGE('',*,*,#3076,.T.);
#2065=ORIENTED_EDGE('',*,*,#3092,.F.);
#2066=ORIENTED_EDGE('',*,*,#2490,.T.);
#2067=ORIENTED_EDGE('',*,*,#3093,.F.);
#2068=ORIENTED_EDGE('',*,*,#3085,.T.);
#2069=ORIENTED_EDGE('',*,*,#3094,.F.);
#2070=ORIENTED_EDGE('',*,*,#2486,.T.);
#2071=ORIENTED_EDGE('',*,*,#3095,.F.);
#2072=ORIENTED_EDGE('',*,*,#3084,.T.);
#2073=ORIENTED_EDGE('',*,*,#3096,.F.);
#2074=ORIENTED_EDGE('',*,*,#2482,.T.);
#2075=ORIENTED_EDGE('',*,*,#2868,.T.);
#2076=ORIENTED_EDGE('',*,*,#3097,.T.);
#2077=ORIENTED_EDGE('',*,*,#2487,.T.);
#2078=ORIENTED_EDGE('',*,*,#3094,.T.);
#2079=ORIENTED_EDGE('',*,*,#3088,.F.);
#2080=ORIENTED_EDGE('',*,*,#3098,.T.);
#2081=ORIENTED_EDGE('',*,*,#3086,.T.);
#2082=ORIENTED_EDGE('',*,*,#3093,.T.);
#2083=ORIENTED_EDGE('',*,*,#2489,.F.);
#2084=ORIENTED_EDGE('',*,*,#2488,.F.);
#2085=ORIENTED_EDGE('',*,*,#3097,.F.);
#2086=ORIENTED_EDGE('',*,*,#3087,.F.);
#2087=ORIENTED_EDGE('',*,*,#3098,.F.);
#2088=ORIENTED_EDGE('',*,*,#3099,.T.);
#2089=ORIENTED_EDGE('',*,*,#3081,.T.);
#2090=ORIENTED_EDGE('',*,*,#3095,.T.);
#2091=ORIENTED_EDGE('',*,*,#2485,.F.);
#2092=ORIENTED_EDGE('',*,*,#3082,.F.);
#2093=ORIENTED_EDGE('',*,*,#3099,.F.);
#2094=ORIENTED_EDGE('',*,*,#2484,.F.);
#2095=ORIENTED_EDGE('',*,*,#3100,.F.);
#2096=ORIENTED_EDGE('',*,*,#3100,.T.);
#2097=ORIENTED_EDGE('',*,*,#2483,.T.);
#2098=ORIENTED_EDGE('',*,*,#3096,.T.);
#2099=ORIENTED_EDGE('',*,*,#3083,.F.);
#2100=ORIENTED_EDGE('',*,*,#3101,.T.);
#2101=ORIENTED_EDGE('',*,*,#3077,.T.);
#2102=ORIENTED_EDGE('',*,*,#3089,.T.);
#2103=ORIENTED_EDGE('',*,*,#2497,.F.);
#2104=ORIENTED_EDGE('',*,*,#3078,.F.);
#2105=ORIENTED_EDGE('',*,*,#3101,.F.);
#2106=ORIENTED_EDGE('',*,*,#2496,.F.);
#2107=ORIENTED_EDGE('',*,*,#3102,.F.);
#2108=ORIENTED_EDGE('',*,*,#3102,.T.);
#2109=ORIENTED_EDGE('',*,*,#2495,.T.);
#2110=ORIENTED_EDGE('',*,*,#3090,.T.);
#2111=ORIENTED_EDGE('',*,*,#3079,.F.);
#2112=ORIENTED_EDGE('',*,*,#3103,.T.);
#2113=ORIENTED_EDGE('',*,*,#3073,.T.);
#2114=ORIENTED_EDGE('',*,*,#3091,.T.);
#2115=ORIENTED_EDGE('',*,*,#2493,.F.);
#2116=ORIENTED_EDGE('',*,*,#3074,.F.);
#2117=ORIENTED_EDGE('',*,*,#3103,.F.);
#2118=ORIENTED_EDGE('',*,*,#2492,.F.);
#2119=ORIENTED_EDGE('',*,*,#3104,.F.);
#2120=ORIENTED_EDGE('',*,*,#3104,.T.);
#2121=ORIENTED_EDGE('',*,*,#2491,.T.);
#2122=ORIENTED_EDGE('',*,*,#3092,.T.);
#2123=ORIENTED_EDGE('',*,*,#3075,.F.);
#2124=ORIENTED_EDGE('',*,*,#2526,.F.);
#2125=ORIENTED_EDGE('',*,*,#2634,.T.);
#2126=ORIENTED_EDGE('',*,*,#3105,.F.);
#2127=ORIENTED_EDGE('',*,*,#2838,.F.);
#2128=ORIENTED_EDGE('',*,*,#2862,.T.);
#2129=ORIENTED_EDGE('',*,*,#2860,.T.);
#2130=ORIENTED_EDGE('',*,*,#2758,.T.);
#2131=ORIENTED_EDGE('',*,*,#2623,.F.);
#2132=ORIENTED_EDGE('',*,*,#3105,.T.);
#2133=ORIENTED_EDGE('',*,*,#2633,.T.);
#2134=ORIENTED_EDGE('',*,*,#2763,.F.);
#2135=ORIENTED_EDGE('',*,*,#2839,.T.);
#2136=ORIENTED_EDGE('',*,*,#2801,.F.);
#2137=ORIENTED_EDGE('',*,*,#3106,.T.);
#2138=ORIENTED_EDGE('',*,*,#3106,.F.);
#2139=ORIENTED_EDGE('',*,*,#3107,.T.);
#2140=ORIENTED_EDGE('',*,*,#3108,.T.);
#2141=ORIENTED_EDGE('',*,*,#3109,.T.);
#2142=ORIENTED_EDGE('',*,*,#3110,.T.);
#2143=ORIENTED_EDGE('',*,*,#2542,.T.);
#2144=ORIENTED_EDGE('',*,*,#3110,.F.);
#2145=ORIENTED_EDGE('',*,*,#2541,.T.);
#2146=ORIENTED_EDGE('',*,*,#3109,.F.);
#2147=ORIENTED_EDGE('',*,*,#2540,.T.);
#2148=ORIENTED_EDGE('',*,*,#3108,.F.);
#2149=ORIENTED_EDGE('',*,*,#2539,.T.);
#2150=ORIENTED_EDGE('',*,*,#3107,.F.);
#2151=ORIENTED_EDGE('',*,*,#2538,.T.);
#2152=ORIENTED_EDGE('',*,*,#2615,.T.);
#2153=ORIENTED_EDGE('',*,*,#2827,.F.);
#2154=ORIENTED_EDGE('',*,*,#2545,.T.);
#2155=ORIENTED_EDGE('',*,*,#2829,.T.);
#2156=ORIENTED_EDGE('',*,*,#2863,.T.);
#2157=ORIENTED_EDGE('',*,*,#3071,.F.);
#2158=ORIENTED_EDGE('',*,*,#2866,.F.);
#2159=ORIENTED_EDGE('',*,*,#2480,.T.);
#2160=ORIENTED_EDGE('',*,*,#3111,.F.);
#2161=ORIENTED_EDGE('',*,*,#3112,.F.);
#2162=ORIENTED_EDGE('',*,*,#2515,.T.);
#2163=ORIENTED_EDGE('',*,*,#2474,.T.);
#2164=ORIENTED_EDGE('',*,*,#2851,.F.);
#2165=ORIENTED_EDGE('',*,*,#2505,.T.);
#2166=ORIENTED_EDGE('',*,*,#2848,.T.);
#2167=ORIENTED_EDGE('',*,*,#2869,.T.);
#2168=ORIENTED_EDGE('',*,*,#2850,.F.);
#2169=ORIENTED_EDGE('',*,*,#2861,.F.);
#2170=ORIENTED_EDGE('',*,*,#2836,.T.);
#2171=ORIENTED_EDGE('',*,*,#2507,.T.);
#2172=ORIENTED_EDGE('',*,*,#3113,.F.);
#2173=ORIENTED_EDGE('',*,*,#2896,.F.);
#2174=ORIENTED_EDGE('',*,*,#2701,.T.);
#2175=ORIENTED_EDGE('',*,*,#2655,.T.);
#2176=ORIENTED_EDGE('',*,*,#2903,.T.);
#2177=ORIENTED_EDGE('',*,*,#3114,.T.);
#2178=ORIENTED_EDGE('',*,*,#2812,.F.);
#2179=ORIENTED_EDGE('',*,*,#2823,.F.);
#2180=ORIENTED_EDGE('',*,*,#3115,.T.);
#2181=ORIENTED_EDGE('',*,*,#2698,.F.);
#2182=ORIENTED_EDGE('',*,*,#3116,.F.);
#2183=ORIENTED_EDGE('',*,*,#2820,.T.);
#2184=ORIENTED_EDGE('',*,*,#3117,.T.);
#2185=ORIENTED_EDGE('',*,*,#2814,.F.);
#2186=ORIENTED_EDGE('',*,*,#3118,.F.);
#2187=ORIENTED_EDGE('',*,*,#2901,.T.);
#2188=ORIENTED_EDGE('',*,*,#3116,.T.);
#2189=ORIENTED_EDGE('',*,*,#2902,.F.);
#2190=ORIENTED_EDGE('',*,*,#3118,.T.);
#2191=ORIENTED_EDGE('',*,*,#2813,.T.);
#2192=ORIENTED_EDGE('',*,*,#3114,.F.);
#2193=ORIENTED_EDGE('',*,*,#2835,.F.);
#2194=ORIENTED_EDGE('',*,*,#2900,.T.);
#2195=ORIENTED_EDGE('',*,*,#2832,.T.);
#2196=ORIENTED_EDGE('',*,*,#2815,.F.);
#2197=ORIENTED_EDGE('',*,*,#3117,.F.);
#2198=ORIENTED_EDGE('',*,*,#3119,.F.);
#2199=ORIENTED_EDGE('',*,*,#2897,.F.);
#2200=ORIENTED_EDGE('',*,*,#3113,.T.);
#2201=ORIENTED_EDGE('',*,*,#2654,.T.);
#2202=ORIENTED_EDGE('',*,*,#3115,.F.);
#2203=ORIENTED_EDGE('',*,*,#3120,.T.);
#2204=ORIENTED_EDGE('',*,*,#2652,.F.);
#2205=ORIENTED_EDGE('',*,*,#2831,.F.);
#2206=ORIENTED_EDGE('',*,*,#2899,.T.);
#2207=ORIENTED_EDGE('',*,*,#2834,.T.);
#2208=ORIENTED_EDGE('',*,*,#3120,.F.);
#2209=ORIENTED_EDGE('',*,*,#2898,.F.);
#2210=ORIENTED_EDGE('',*,*,#3119,.T.);
#2211=ORIENTED_EDGE('',*,*,#2653,.T.);
#2212=ORIENTED_EDGE('',*,*,#2636,.T.);
#2213=ORIENTED_EDGE('',*,*,#3121,.T.);
#2214=ORIENTED_EDGE('',*,*,#2824,.F.);
#2215=ORIENTED_EDGE('',*,*,#2547,.T.);
#2216=ORIENTED_EDGE('',*,*,#2828,.T.);
#2217=ORIENTED_EDGE('',*,*,#3122,.F.);
#2218=ORIENTED_EDGE('',*,*,#2904,.F.);
#2219=ORIENTED_EDGE('',*,*,#2821,.T.);
#2220=ORIENTED_EDGE('',*,*,#2810,.T.);
#2221=ORIENTED_EDGE('',*,*,#2911,.T.);
#2222=ORIENTED_EDGE('',*,*,#3123,.T.);
#2223=ORIENTED_EDGE('',*,*,#2743,.F.);
#2224=ORIENTED_EDGE('',*,*,#2754,.F.);
#2225=ORIENTED_EDGE('',*,*,#3124,.T.);
#2226=ORIENTED_EDGE('',*,*,#2819,.F.);
#2227=ORIENTED_EDGE('',*,*,#3125,.F.);
#2228=ORIENTED_EDGE('',*,*,#2751,.T.);
#2229=ORIENTED_EDGE('',*,*,#3126,.T.);
#2230=ORIENTED_EDGE('',*,*,#2745,.F.);
#2231=ORIENTED_EDGE('',*,*,#3127,.F.);
#2232=ORIENTED_EDGE('',*,*,#2909,.T.);
#2233=ORIENTED_EDGE('',*,*,#3125,.T.);
#2234=ORIENTED_EDGE('',*,*,#2910,.F.);
#2235=ORIENTED_EDGE('',*,*,#3127,.T.);
#2236=ORIENTED_EDGE('',*,*,#2744,.T.);
#2237=ORIENTED_EDGE('',*,*,#3123,.F.);
#2238=ORIENTED_EDGE('',*,*,#2818,.F.);
#2239=ORIENTED_EDGE('',*,*,#2908,.T.);
#2240=ORIENTED_EDGE('',*,*,#2805,.T.);
#2241=ORIENTED_EDGE('',*,*,#2746,.F.);
#2242=ORIENTED_EDGE('',*,*,#3126,.F.);
#2243=ORIENTED_EDGE('',*,*,#3128,.F.);
#2244=ORIENTED_EDGE('',*,*,#2905,.F.);
#2245=ORIENTED_EDGE('',*,*,#3122,.T.);
#2246=ORIENTED_EDGE('',*,*,#2809,.T.);
#2247=ORIENTED_EDGE('',*,*,#3124,.F.);
#2248=ORIENTED_EDGE('',*,*,#3129,.T.);
#2249=ORIENTED_EDGE('',*,*,#2807,.F.);
#2250=ORIENTED_EDGE('',*,*,#2803,.F.);
#2251=ORIENTED_EDGE('',*,*,#2907,.T.);
#2252=ORIENTED_EDGE('',*,*,#2817,.T.);
#2253=ORIENTED_EDGE('',*,*,#3129,.F.);
#2254=ORIENTED_EDGE('',*,*,#2906,.F.);
#2255=ORIENTED_EDGE('',*,*,#3128,.T.);
#2256=ORIENTED_EDGE('',*,*,#2808,.T.);
#2257=ORIENTED_EDGE('',*,*,#2919,.T.);
#2258=ORIENTED_EDGE('',*,*,#3130,.T.);
#2259=ORIENTED_EDGE('',*,*,#2718,.F.);
#2260=ORIENTED_EDGE('',*,*,#2728,.F.);
#2261=ORIENTED_EDGE('',*,*,#3131,.F.);
#2262=ORIENTED_EDGE('',*,*,#2912,.F.);
#2263=ORIENTED_EDGE('',*,*,#2752,.T.);
#2264=ORIENTED_EDGE('',*,*,#2741,.T.);
#2265=ORIENTED_EDGE('',*,*,#3132,.T.);
#2266=ORIENTED_EDGE('',*,*,#2750,.F.);
#2267=ORIENTED_EDGE('',*,*,#3133,.F.);
#2268=ORIENTED_EDGE('',*,*,#2913,.F.);
#2269=ORIENTED_EDGE('',*,*,#3131,.T.);
#2270=ORIENTED_EDGE('',*,*,#2740,.T.);
#2271=ORIENTED_EDGE('',*,*,#3132,.F.);
#2272=ORIENTED_EDGE('',*,*,#3134,.T.);
#2273=ORIENTED_EDGE('',*,*,#2738,.F.);
#2274=ORIENTED_EDGE('',*,*,#2736,.F.);
#2275=ORIENTED_EDGE('',*,*,#2915,.T.);
#2276=ORIENTED_EDGE('',*,*,#2749,.T.);
#2277=ORIENTED_EDGE('',*,*,#3134,.F.);
#2278=ORIENTED_EDGE('',*,*,#2914,.F.);
#2279=ORIENTED_EDGE('',*,*,#3133,.T.);
#2280=ORIENTED_EDGE('',*,*,#2739,.T.);
#2281=ORIENTED_EDGE('',*,*,#2918,.F.);
#2282=ORIENTED_EDGE('',*,*,#3135,.T.);
#2283=ORIENTED_EDGE('',*,*,#2719,.T.);
#2284=ORIENTED_EDGE('',*,*,#3130,.F.);
#2285=ORIENTED_EDGE('',*,*,#2513,.F.);
#2286=ORIENTED_EDGE('',*,*,#2916,.T.);
#2287=ORIENTED_EDGE('',*,*,#2733,.T.);
#2288=ORIENTED_EDGE('',*,*,#2721,.F.);
#2289=ORIENTED_EDGE('',*,*,#3136,.F.);
#2290=ORIENTED_EDGE('',*,*,#2748,.T.);
#2291=ORIENTED_EDGE('',*,*,#3136,.T.);
#2292=ORIENTED_EDGE('',*,*,#2720,.F.);
#2293=ORIENTED_EDGE('',*,*,#3135,.F.);
#2294=ORIENTED_EDGE('',*,*,#2917,.T.);
#2295=ORIENTED_EDGE('',*,*,#2887,.T.);
#2296=ORIENTED_EDGE('',*,*,#3137,.T.);
#2297=ORIENTED_EDGE('',*,*,#2664,.F.);
#2298=ORIENTED_EDGE('',*,*,#2707,.F.);
#2299=ORIENTED_EDGE('',*,*,#3138,.F.);
#2300=ORIENTED_EDGE('',*,*,#2880,.F.);
#2301=ORIENTED_EDGE('',*,*,#2729,.T.);
#2302=ORIENTED_EDGE('',*,*,#2716,.T.);
#2303=ORIENTED_EDGE('',*,*,#3139,.F.);
#2304=ORIENTED_EDGE('',*,*,#2704,.T.);
#2305=ORIENTED_EDGE('',*,*,#3140,.T.);
#2306=ORIENTED_EDGE('',*,*,#2666,.F.);
#2307=ORIENTED_EDGE('',*,*,#3141,.F.);
#2308=ORIENTED_EDGE('',*,*,#2885,.T.);
#2309=ORIENTED_EDGE('',*,*,#3139,.T.);
#2310=ORIENTED_EDGE('',*,*,#2886,.F.);
#2311=ORIENTED_EDGE('',*,*,#3141,.T.);
#2312=ORIENTED_EDGE('',*,*,#2665,.T.);
#2313=ORIENTED_EDGE('',*,*,#3137,.F.);
#2314=ORIENTED_EDGE('',*,*,#2724,.F.);
#2315=ORIENTED_EDGE('',*,*,#2884,.T.);
#2316=ORIENTED_EDGE('',*,*,#2708,.T.);
#2317=ORIENTED_EDGE('',*,*,#2667,.F.);
#2318=ORIENTED_EDGE('',*,*,#3140,.F.);
#2319=ORIENTED_EDGE('',*,*,#3142,.F.);
#2320=ORIENTED_EDGE('',*,*,#2882,.F.);
#2321=ORIENTED_EDGE('',*,*,#3143,.T.);
#2322=ORIENTED_EDGE('',*,*,#2714,.T.);
#2323=ORIENTED_EDGE('',*,*,#3058,.T.);
#2324=ORIENTED_EDGE('',*,*,#3143,.F.);
#2325=ORIENTED_EDGE('',*,*,#2881,.F.);
#2326=ORIENTED_EDGE('',*,*,#3138,.T.);
#2327=ORIENTED_EDGE('',*,*,#2715,.T.);
#2328=ORIENTED_EDGE('',*,*,#2723,.F.);
#2329=ORIENTED_EDGE('',*,*,#3142,.T.);
#2330=ORIENTED_EDGE('',*,*,#2713,.F.);
#2331=ORIENTED_EDGE('',*,*,#2711,.F.);
#2332=ORIENTED_EDGE('',*,*,#2883,.T.);
#2333=ORIENTED_EDGE('',*,*,#2895,.T.);
#2334=ORIENTED_EDGE('',*,*,#3144,.T.);
#2335=ORIENTED_EDGE('',*,*,#2657,.F.);
#2336=ORIENTED_EDGE('',*,*,#2700,.F.);
#2337=ORIENTED_EDGE('',*,*,#3145,.F.);
#2338=ORIENTED_EDGE('',*,*,#2888,.F.);
#2339=ORIENTED_EDGE('',*,*,#2705,.T.);
#2340=ORIENTED_EDGE('',*,*,#2662,.T.);
#2341=ORIENTED_EDGE('',*,*,#3146,.T.);
#2342=ORIENTED_EDGE('',*,*,#2703,.F.);
#2343=ORIENTED_EDGE('',*,*,#3147,.F.);
#2344=ORIENTED_EDGE('',*,*,#2702,.T.);
#2345=ORIENTED_EDGE('',*,*,#3148,.T.);
#2346=ORIENTED_EDGE('',*,*,#2648,.F.);
#2347=ORIENTED_EDGE('',*,*,#3149,.F.);
#2348=ORIENTED_EDGE('',*,*,#2893,.T.);
#2349=ORIENTED_EDGE('',*,*,#3147,.T.);
#2350=ORIENTED_EDGE('',*,*,#2894,.F.);
#2351=ORIENTED_EDGE('',*,*,#3149,.T.);
#2352=ORIENTED_EDGE('',*,*,#2658,.T.);
#2353=ORIENTED_EDGE('',*,*,#3144,.F.);
#2354=ORIENTED_EDGE('',*,*,#2673,.F.);
#2355=ORIENTED_EDGE('',*,*,#2892,.T.);
#2356=ORIENTED_EDGE('',*,*,#2640,.T.);
#2357=ORIENTED_EDGE('',*,*,#2649,.F.);
#2358=ORIENTED_EDGE('',*,*,#3148,.F.);
#2359=ORIENTED_EDGE('',*,*,#3150,.F.);
#2360=ORIENTED_EDGE('',*,*,#2889,.F.);
#2361=ORIENTED_EDGE('',*,*,#3145,.T.);
#2362=ORIENTED_EDGE('',*,*,#2661,.T.);
#2363=ORIENTED_EDGE('',*,*,#3146,.F.);
#2364=ORIENTED_EDGE('',*,*,#3151,.T.);
#2365=ORIENTED_EDGE('',*,*,#2659,.F.);
#2366=ORIENTED_EDGE('',*,*,#2645,.F.);
#2367=ORIENTED_EDGE('',*,*,#2891,.T.);
#2368=ORIENTED_EDGE('',*,*,#2671,.T.);
#2369=ORIENTED_EDGE('',*,*,#3151,.F.);
#2370=ORIENTED_EDGE('',*,*,#2890,.F.);
#2371=ORIENTED_EDGE('',*,*,#3150,.T.);
#2372=ORIENTED_EDGE('',*,*,#2660,.T.);
#2373=ORIENTED_EDGE('',*,*,#3152,.T.);
#2374=ORIENTED_EDGE('',*,*,#2871,.F.);
#2375=ORIENTED_EDGE('',*,*,#3153,.F.);
#2376=ORIENTED_EDGE('',*,*,#2873,.F.);
#2377=ORIENTED_EDGE('',*,*,#3152,.F.);
#2378=ORIENTED_EDGE('',*,*,#2874,.F.);
#2379=ORIENTED_EDGE('',*,*,#3153,.T.);
#2380=ORIENTED_EDGE('',*,*,#2872,.F.);
#2381=ORIENTED_EDGE('',*,*,#2639,.F.);
#2382=ORIENTED_EDGE('',*,*,#2517,.F.);
#2383=ORIENTED_EDGE('',*,*,#3154,.T.);
#2384=ORIENTED_EDGE('',*,*,#3155,.F.);
#2385=ORIENTED_EDGE('',*,*,#2876,.F.);
#2386=ORIENTED_EDGE('',*,*,#3156,.F.);
#2387=ORIENTED_EDGE('',*,*,#3154,.F.);
#2388=ORIENTED_EDGE('',*,*,#2516,.T.);
#2389=ORIENTED_EDGE('',*,*,#3112,.T.);
#2390=ORIENTED_EDGE('',*,*,#3157,.F.);
#2391=ORIENTED_EDGE('',*,*,#2509,.F.);
#2392=ORIENTED_EDGE('',*,*,#3158,.F.);
#2393=ORIENTED_EDGE('',*,*,#3159,.T.);
#2394=ORIENTED_EDGE('',*,*,#3160,.T.);
#2395=ORIENTED_EDGE('',*,*,#3161,.T.);
#2396=ORIENTED_EDGE('',*,*,#2532,.T.);
#2397=ORIENTED_EDGE('',*,*,#2543,.T.);
#2398=ORIENTED_EDGE('',*,*,#2825,.F.);
#2399=ORIENTED_EDGE('',*,*,#2549,.T.);
#2400=ORIENTED_EDGE('',*,*,#2533,.T.);
#2401=ORIENTED_EDGE('',*,*,#3161,.F.);
#2402=ORIENTED_EDGE('',*,*,#3121,.F.);
#2403=ORIENTED_EDGE('',*,*,#2635,.T.);
#2404=ORIENTED_EDGE('',*,*,#2611,.T.);
#2405=ORIENTED_EDGE('',*,*,#2521,.F.);
#2406=ORIENTED_EDGE('',*,*,#2631,.F.);
#2407=ORIENTED_EDGE('',*,*,#2524,.T.);
#2408=ORIENTED_EDGE('',*,*,#2622,.T.);
#2409=ORIENTED_EDGE('',*,*,#2528,.T.);
#2410=ORIENTED_EDGE('',*,*,#2732,.T.);
#2411=ORIENTED_EDGE('',*,*,#3162,.T.);
#2412=ORIENTED_EDGE('',*,*,#3163,.F.);
#2413=ORIENTED_EDGE('',*,*,#2477,.T.);
#2414=ORIENTED_EDGE('',*,*,#2731,.T.);
#2415=ORIENTED_EDGE('',*,*,#2879,.T.);
#2416=ORIENTED_EDGE('',*,*,#3164,.F.);
#2417=ORIENTED_EDGE('',*,*,#3162,.F.);
#2418=ORIENTED_EDGE('',*,*,#3156,.T.);
#2419=ORIENTED_EDGE('',*,*,#2875,.F.);
#2420=ORIENTED_EDGE('',*,*,#2726,.F.);
#2421=ORIENTED_EDGE('',*,*,#2518,.F.);
#2422=ORIENTED_EDGE('',*,*,#3163,.T.);
#2423=ORIENTED_EDGE('',*,*,#3164,.T.);
#2424=ORIENTED_EDGE('',*,*,#2878,.T.);
#2425=ORIENTED_EDGE('',*,*,#3165,.T.);
#2426=ORIENTED_EDGE('',*,*,#2478,.F.);
#2427=ORIENTED_EDGE('',*,*,#3165,.F.);
#2428=ORIENTED_EDGE('',*,*,#2510,.F.);
#2429=ORIENTED_EDGE('',*,*,#3157,.T.);
#2430=ORIENTED_EDGE('',*,*,#3111,.T.);
#2431=ORIENTED_EDGE('',*,*,#2479,.F.);
#2432=ORIENTED_EDGE('',*,*,#2503,.T.);
#2433=ORIENTED_EDGE('',*,*,#3166,.T.);
#2434=ORIENTED_EDGE('',*,*,#3155,.T.);
#2435=ORIENTED_EDGE('',*,*,#3160,.F.);
#2436=ORIENTED_EDGE('',*,*,#3167,.F.);
#2437=ORIENTED_EDGE('',*,*,#2504,.T.);
#2438=ORIENTED_EDGE('',*,*,#3167,.T.);
#2439=ORIENTED_EDGE('',*,*,#3159,.F.);
#2440=ORIENTED_EDGE('',*,*,#3168,.F.);
#2441=ORIENTED_EDGE('',*,*,#3168,.T.);
#2442=ORIENTED_EDGE('',*,*,#3158,.T.);
#2443=ORIENTED_EDGE('',*,*,#2512,.F.);
#2444=ORIENTED_EDGE('',*,*,#3169,.F.);
#2445=ORIENTED_EDGE('',*,*,#2501,.F.);
#2446=ORIENTED_EDGE('',*,*,#3166,.F.);
#2447=ORIENTED_EDGE('',*,*,#2502,.F.);
#2448=ORIENTED_EDGE('',*,*,#3169,.T.);
#2449=ORIENTED_EDGE('',*,*,#2877,.F.);
#2450=ORIENTED_EDGE('',*,*,#3170,.F.);
#2451=ORIENTED_EDGE('',*,*,#3171,.T.);
#2452=ORIENTED_EDGE('',*,*,#3172,.F.);
#2453=ORIENTED_EDGE('',*,*,#3173,.T.);
#2454=ORIENTED_EDGE('',*,*,#3174,.T.);
#2455=ORIENTED_EDGE('',*,*,#3175,.F.);
#2456=ORIENTED_EDGE('',*,*,#3176,.T.);
#2457=ORIENTED_EDGE('',*,*,#3170,.T.);
#2458=ORIENTED_EDGE('',*,*,#3173,.F.);
#2459=ORIENTED_EDGE('',*,*,#3177,.F.);
#2460=ORIENTED_EDGE('',*,*,#3178,.F.);
#2461=ORIENTED_EDGE('',*,*,#3174,.F.);
#2462=ORIENTED_EDGE('',*,*,#3175,.T.);
#2463=ORIENTED_EDGE('',*,*,#3178,.T.);
#2464=ORIENTED_EDGE('',*,*,#3179,.T.);
#2465=ORIENTED_EDGE('',*,*,#3180,.F.);
#2466=ORIENTED_EDGE('',*,*,#3180,.T.);
#2467=ORIENTED_EDGE('',*,*,#3181,.T.);
#2468=ORIENTED_EDGE('',*,*,#3171,.F.);
#2469=ORIENTED_EDGE('',*,*,#3176,.F.);
#2470=ORIENTED_EDGE('',*,*,#3179,.F.);
#2471=ORIENTED_EDGE('',*,*,#3177,.T.);
#2472=ORIENTED_EDGE('',*,*,#3172,.T.);
#2473=ORIENTED_EDGE('',*,*,#3181,.F.);
#2474=EDGE_CURVE('',#3182,#3183,#3682,.T.);
#2475=EDGE_CURVE('',#3182,#3184,#210,.F.);
#2476=EDGE_CURVE('',#3184,#3185,#3683,.T.);
#2477=EDGE_CURVE('',#3186,#3185,#211,.F.);
#2478=EDGE_CURVE('',#3186,#3187,#3684,.T.);
#2479=EDGE_CURVE('',#3187,#3188,#212,.T.);
#2480=EDGE_CURVE('',#3189,#3188,#3685,.T.);
#2481=EDGE_CURVE('',#3190,#3189,#213,.F.);
#2482=EDGE_CURVE('',#3191,#3190,#3686,.T.);
#2483=EDGE_CURVE('',#3192,#3191,#214,.T.);
#2484=EDGE_CURVE('',#3192,#3193,#3687,.F.);
#2485=EDGE_CURVE('',#3193,#3194,#215,.T.);
#2486=EDGE_CURVE('',#3195,#3194,#3688,.T.);
#2487=EDGE_CURVE('',#3196,#3195,#216,.T.);
#2488=EDGE_CURVE('',#3196,#3197,#3689,.F.);
#2489=EDGE_CURVE('',#3197,#3198,#217,.T.);
#2490=EDGE_CURVE('',#3199,#3198,#3690,.T.);
#2491=EDGE_CURVE('',#3200,#3199,#218,.T.);
#2492=EDGE_CURVE('',#3200,#3201,#3691,.F.);
#2493=EDGE_CURVE('',#3201,#3202,#219,.T.);
#2494=EDGE_CURVE('',#3203,#3202,#3692,.T.);
#2495=EDGE_CURVE('',#3204,#3203,#220,.T.);
#2496=EDGE_CURVE('',#3204,#3205,#3693,.F.);
#2497=EDGE_CURVE('',#3205,#3206,#221,.T.);
#2498=EDGE_CURVE('',#3207,#3206,#3694,.T.);
#2499=EDGE_CURVE('',#3183,#3207,#222,.T.);
#2500=EDGE_CURVE('',#3208,#3208,#3695,.T.);
#2501=EDGE_CURVE('',#3209,#3210,#223,.F.);
#2502=EDGE_CURVE('',#3210,#3211,#3696,.T.);
#2503=EDGE_CURVE('',#3212,#3211,#224,.F.);
#2504=EDGE_CURVE('',#3209,#3212,#3697,.T.);
#2505=EDGE_CURVE('',#3213,#3214,#3698,.T.);
#2506=EDGE_CURVE('',#3215,#3213,#225,.T.);
#2507=EDGE_CURVE('',#3216,#3215,#3699,.T.);
#2508=EDGE_CURVE('',#3216,#3214,#226,.T.);
#2509=EDGE_CURVE('',#3217,#3218,#3700,.T.);
#2510=EDGE_CURVE('',#3218,#3219,#227,.T.);
#2511=EDGE_CURVE('',#3220,#3219,#3701,.T.);
#2512=EDGE_CURVE('',#3220,#3217,#228,.T.);
#2513=EDGE_CURVE('',#3221,#3221,#3702,.F.);
#2514=EDGE_CURVE('',#3222,#3222,#3703,.F.);
#2515=EDGE_CURVE('',#3223,#3182,#229,.T.);
#2516=EDGE_CURVE('',#3224,#3223,#230,.T.);
#2517=EDGE_CURVE('',#3224,#3225,#231,.T.);
#2518=EDGE_CURVE('',#3225,#3226,#232,.T.);
#2519=EDGE_CURVE('',#3184,#3226,#233,.T.);
#2520=EDGE_CURVE('',#3227,#3228,#234,.F.);
#2521=EDGE_CURVE('',#3227,#3229,#235,.T.);
#2522=EDGE_CURVE('',#3229,#3230,#236,.T.);
#2523=EDGE_CURVE('',#3230,#3228,#237,.T.);
#2524=EDGE_CURVE('',#3231,#3232,#238,.T.);
#2525=EDGE_CURVE('',#3231,#3233,#239,.F.);
#2526=EDGE_CURVE('',#3233,#3234,#240,.T.);
#2527=EDGE_CURVE('',#3232,#3234,#241,.F.);
#2528=EDGE_CURVE('',#3235,#3236,#242,.T.);
#2529=EDGE_CURVE('',#3237,#3235,#243,.T.);
#2530=EDGE_CURVE('',#3238,#3237,#244,.T.);
#2531=EDGE_CURVE('',#3236,#3238,#245,.T.);
#2532=EDGE_CURVE('',#3239,#3240,#14,.T.);
#2533=EDGE_CURVE('',#3241,#3239,#246,.T.);
#2534=EDGE_CURVE('',#3241,#3242,#15,.T.);
#2535=EDGE_CURVE('',#3243,#3242,#3704,.T.);
#2536=EDGE_CURVE('',#3244,#3243,#247,.F.);
#2537=EDGE_CURVE('',#3240,#3244,#3705,.F.);
#2538=EDGE_CURVE('',#3245,#3245,#16,.T.);
#2539=EDGE_CURVE('',#3246,#3246,#17,.T.);
#2540=EDGE_CURVE('',#3247,#3247,#18,.T.);
#2541=EDGE_CURVE('',#3248,#3248,#19,.T.);
#2542=EDGE_CURVE('',#3249,#3249,#3706,.F.);
#2543=EDGE_CURVE('',#3240,#3250,#20,.T.);
#2544=EDGE_CURVE('',#3244,#3251,#21,.T.);
#2545=EDGE_CURVE('',#3252,#3251,#3707,.T.);
#2546=EDGE_CURVE('',#3252,#3253,#22,.F.);
#2547=EDGE_CURVE('',#3254,#3253,#23,.T.);
#2548=EDGE_CURVE('',#3254,#3250,#3708,.F.);
#2549=EDGE_CURVE('',#3236,#3241,#3709,.T.);
#2550=EDGE_CURVE('',#3255,#3238,#3710,.F.);
#2551=EDGE_CURVE('',#3255,#3256,#248,.T.);
#2552=EDGE_CURVE('',#3257,#3256,#3711,.T.);
#2553=EDGE_CURVE('',#3257,#3258,#249,.T.);
#2554=EDGE_CURVE('',#3258,#3259,#3712,.T.);
#2555=EDGE_CURVE('',#3259,#3260,#250,.T.);
#2556=EDGE_CURVE('',#3260,#3261,#3713,.T.);
#2557=EDGE_CURVE('',#3262,#3261,#251,.T.);
#2558=EDGE_CURVE('',#3262,#3263,#3714,.T.);
#2559=EDGE_CURVE('',#3264,#3263,#252,.T.);
#2560=EDGE_CURVE('',#3265,#3264,#3715,.T.);
#2561=EDGE_CURVE('',#3266,#3265,#253,.T.);
#2562=EDGE_CURVE('',#3267,#3266,#3716,.F.);
#2563=EDGE_CURVE('',#3267,#3268,#254,.T.);
#2564=EDGE_CURVE('',#3269,#3268,#3717,.T.);
#2565=EDGE_CURVE('',#3269,#3270,#255,.T.);
#2566=EDGE_CURVE('',#3270,#3271,#3718,.T.);
#2567=EDGE_CURVE('',#3271,#3272,#256,.T.);
#2568=EDGE_CURVE('',#3272,#3273,#3719,.T.);
#2569=EDGE_CURVE('',#3274,#3273,#257,.T.);
#2570=EDGE_CURVE('',#3274,#3275,#3720,.T.);
#2571=EDGE_CURVE('',#3276,#3275,#258,.T.);
#2572=EDGE_CURVE('',#3277,#3276,#3721,.T.);
#2573=EDGE_CURVE('',#3278,#3277,#259,.T.);
#2574=EDGE_CURVE('',#3279,#3278,#3722,.F.);
#2575=EDGE_CURVE('',#3279,#3280,#260,.T.);
#2576=EDGE_CURVE('',#3281,#3280,#3723,.T.);
#2577=EDGE_CURVE('',#3281,#3282,#261,.T.);
#2578=EDGE_CURVE('',#3282,#3283,#3724,.T.);
#2579=EDGE_CURVE('',#3283,#3284,#262,.T.);
#2580=EDGE_CURVE('',#3284,#3285,#3725,.T.);
#2581=EDGE_CURVE('',#3286,#3285,#263,.T.);
#2582=EDGE_CURVE('',#3286,#3287,#3726,.T.);
#2583=EDGE_CURVE('',#3288,#3287,#264,.T.);
#2584=EDGE_CURVE('',#3289,#3288,#3727,.T.);
#2585=EDGE_CURVE('',#3290,#3289,#265,.T.);
#2586=EDGE_CURVE('',#3291,#3290,#3728,.F.);
#2587=EDGE_CURVE('',#3291,#3292,#266,.T.);
#2588=EDGE_CURVE('',#3293,#3292,#3729,.T.);
#2589=EDGE_CURVE('',#3293,#3294,#267,.T.);
#2590=EDGE_CURVE('',#3294,#3295,#3730,.T.);
#2591=EDGE_CURVE('',#3295,#3296,#268,.T.);
#2592=EDGE_CURVE('',#3296,#3297,#3731,.T.);
#2593=EDGE_CURVE('',#3298,#3297,#269,.T.);
#2594=EDGE_CURVE('',#3298,#3299,#3732,.T.);
#2595=EDGE_CURVE('',#3300,#3299,#270,.T.);
#2596=EDGE_CURVE('',#3301,#3300,#3733,.T.);
#2597=EDGE_CURVE('',#3302,#3301,#271,.T.);
#2598=EDGE_CURVE('',#3303,#3302,#3734,.F.);
#2599=EDGE_CURVE('',#3303,#3304,#272,.T.);
#2600=EDGE_CURVE('',#3305,#3304,#3735,.T.);
#2601=EDGE_CURVE('',#3305,#3306,#273,.T.);
#2602=EDGE_CURVE('',#3306,#3307,#3736,.T.);
#2603=EDGE_CURVE('',#3307,#3308,#274,.T.);
#2604=EDGE_CURVE('',#3308,#3309,#3737,.T.);
#2605=EDGE_CURVE('',#3310,#3309,#275,.T.);
#2606=EDGE_CURVE('',#3310,#3311,#3738,.T.);
#2607=EDGE_CURVE('',#3312,#3311,#276,.T.);
#2608=EDGE_CURVE('',#3313,#3312,#3739,.T.);
#2609=EDGE_CURVE('',#3314,#3313,#277,.T.);
#2610=EDGE_CURVE('',#3230,#3314,#3740,.F.);
#2611=EDGE_CURVE('',#3315,#3229,#3741,.T.);
#2612=EDGE_CURVE('',#3316,#3315,#278,.T.);
#2613=EDGE_CURVE('',#3317,#3316,#3742,.T.);
#2614=EDGE_CURVE('',#3318,#3317,#279,.F.);
#2615=EDGE_CURVE('',#3319,#3318,#3743,.T.);
#2616=EDGE_CURVE('',#3242,#3319,#280,.T.);
#2617=EDGE_CURVE('',#3320,#3320,#3744,.T.);
#2618=EDGE_CURVE('',#3321,#3322,#3745,.F.);
#2619=EDGE_CURVE('',#3321,#3323,#281,.T.);
#2620=EDGE_CURVE('',#3323,#3324,#3746,.F.);
#2621=EDGE_CURVE('',#3324,#3322,#282,.F.);
#2622=EDGE_CURVE('',#3232,#3235,#3747,.F.);
#2623=EDGE_CURVE('',#3234,#3325,#3748,.F.);
#2624=EDGE_CURVE('',#3326,#3325,#283,.T.);
#2625=EDGE_CURVE('',#3326,#3237,#3749,.T.);
#2626=EDGE_CURVE('',#3327,#3327,#3750,.T.);
#2627=EDGE_CURVE('',#3328,#3329,#3751,.T.);
#2628=EDGE_CURVE('',#3328,#3330,#284,.F.);
#2629=EDGE_CURVE('',#3330,#3331,#3752,.T.);
#2630=EDGE_CURVE('',#3329,#3331,#285,.F.);
#2631=EDGE_CURVE('',#3231,#3227,#3753,.T.);
#2632=EDGE_CURVE('',#3332,#3228,#3754,.F.);
#2633=EDGE_CURVE('',#3333,#3332,#286,.F.);
#2634=EDGE_CURVE('',#3233,#3333,#3755,.T.);
#2635=EDGE_CURVE('',#3334,#3315,#287,.T.);
#2636=EDGE_CURVE('',#3335,#3334,#288,.T.);
#2637=EDGE_CURVE('',#3335,#3316,#289,.T.);
#2638=EDGE_CURVE('',#3336,#3336,#3756,.F.);
#2639=EDGE_CURVE('',#3337,#3337,#3757,.T.);
#2640=EDGE_CURVE('',#3338,#3339,#290,.T.);
#2641=EDGE_CURVE('',#3338,#3340,#291,.T.);
#2642=EDGE_CURVE('',#3340,#3341,#292,.T.);
#2643=EDGE_CURVE('',#3339,#3341,#293,.T.);
#2644=EDGE_CURVE('',#3342,#3343,#294,.T.);
#2645=EDGE_CURVE('',#3342,#3344,#295,.T.);
#2646=EDGE_CURVE('',#3344,#3345,#296,.T.);
#2647=EDGE_CURVE('',#3343,#3345,#297,.T.);
#2648=EDGE_CURVE('',#3346,#3347,#298,.T.);
#2649=EDGE_CURVE('',#3347,#3339,#3758,.T.);
#2650=EDGE_CURVE('',#3348,#3341,#3759,.T.);
#2651=EDGE_CURVE('',#3349,#3348,#299,.T.);
#2652=EDGE_CURVE('',#3349,#3350,#3760,.T.);
#2653=EDGE_CURVE('',#3351,#3350,#300,.T.);
#2654=EDGE_CURVE('',#3352,#3351,#3761,.T.);
#2655=EDGE_CURVE('',#3353,#3352,#301,.T.);
#2656=EDGE_CURVE('',#3353,#3354,#3762,.T.);
#2657=EDGE_CURVE('',#3354,#3355,#302,.T.);
#2658=EDGE_CURVE('',#3346,#3355,#3763,.T.);
#2659=EDGE_CURVE('',#3344,#3356,#3764,.T.);
#2660=EDGE_CURVE('',#3357,#3356,#303,.T.);
#2661=EDGE_CURVE('',#3358,#3357,#3765,.T.);
#2662=EDGE_CURVE('',#3359,#3358,#304,.T.);
#2663=EDGE_CURVE('',#3359,#3360,#3766,.T.);
#2664=EDGE_CURVE('',#3360,#3361,#305,.T.);
#2665=EDGE_CURVE('',#3362,#3361,#3767,.T.);
#2666=EDGE_CURVE('',#3362,#3363,#306,.T.);
#2667=EDGE_CURVE('',#3363,#3364,#3768,.T.);
#2668=EDGE_CURVE('',#3364,#3365,#307,.T.);
#2669=EDGE_CURVE('',#3345,#3365,#3769,.T.);
#2670=EDGE_CURVE('',#3366,#3366,#3770,.T.);
#2671=EDGE_CURVE('',#3367,#3367,#3771,.F.);
#2672=EDGE_CURVE('',#3368,#3368,#3772,.T.);
#2673=EDGE_CURVE('',#3369,#3369,#3773,.T.);
#2674=EDGE_CURVE('',#3370,#3370,#3774,.T.);
#2675=EDGE_CURVE('',#3371,#3371,#3775,.T.);
#2676=EDGE_CURVE('',#3372,#3372,#3776,.T.);
#2677=EDGE_CURVE('',#3373,#3373,#3777,.T.);
#2678=EDGE_CURVE('',#3374,#3374,#3778,.T.);
#2679=EDGE_CURVE('',#3375,#3375,#3779,.T.);
#2680=EDGE_CURVE('',#3376,#3376,#3780,.T.);
#2681=EDGE_CURVE('',#3377,#3377,#3781,.T.);
#2682=EDGE_CURVE('',#3340,#3343,#3782,.T.);
#2683=EDGE_CURVE('',#3378,#3365,#308,.T.);
#2684=EDGE_CURVE('',#3378,#3379,#3783,.T.);
#2685=EDGE_CURVE('',#3379,#3380,#309,.T.);
#2686=EDGE_CURVE('',#3380,#3381,#3784,.T.);
#2687=EDGE_CURVE('',#3382,#3381,#310,.T.);
#2688=EDGE_CURVE('',#3382,#3383,#3785,.T.);
#2689=EDGE_CURVE('',#3383,#3384,#311,.T.);
#2690=EDGE_CURVE('',#3384,#3385,#3786,.T.);
#2691=EDGE_CURVE('',#3386,#3385,#312,.T.);
#2692=EDGE_CURVE('',#3386,#3387,#3787,.T.);
#2693=EDGE_CURVE('',#3387,#3388,#313,.T.);
#2694=EDGE_CURVE('',#3388,#3389,#3788,.T.);
#2695=EDGE_CURVE('',#3390,#3389,#314,.T.);
#2696=EDGE_CURVE('',#3390,#3391,#3789,.T.);
#2697=EDGE_CURVE('',#3391,#3348,#315,.T.);
#2698=EDGE_CURVE('',#3392,#3392,#3790,.T.);
#2699=EDGE_CURVE('',#3393,#3394,#3791,.T.);
#2700=EDGE_CURVE('',#3394,#3354,#316,.T.);
#2701=EDGE_CURVE('',#3393,#3353,#317,.T.);
#2702=EDGE_CURVE('',#3395,#3395,#3792,.F.);
#2703=EDGE_CURVE('',#3396,#3396,#3793,.T.);
#2704=EDGE_CURVE('',#3397,#3397,#3794,.F.);
#2705=EDGE_CURVE('',#3398,#3359,#318,.T.);
#2706=EDGE_CURVE('',#3398,#3399,#3795,.T.);
#2707=EDGE_CURVE('',#3399,#3360,#319,.T.);
#2708=EDGE_CURVE('',#3400,#3364,#320,.T.);
#2709=EDGE_CURVE('',#3400,#3378,#321,.T.);
#2710=EDGE_CURVE('',#3401,#3379,#322,.T.);
#2711=EDGE_CURVE('',#3401,#3402,#323,.T.);
#2712=EDGE_CURVE('',#3402,#3380,#324,.T.);
#2713=EDGE_CURVE('',#3402,#3403,#3796,.T.);
#2714=EDGE_CURVE('',#3404,#3403,#325,.T.);
#2715=EDGE_CURVE('',#3405,#3404,#3797,.T.);
#2716=EDGE_CURVE('',#3406,#3405,#326,.T.);
#2717=EDGE_CURVE('',#3406,#3407,#3798,.T.);
#2718=EDGE_CURVE('',#3407,#3408,#327,.T.);
#2719=EDGE_CURVE('',#3409,#3408,#3799,.T.);
#2720=EDGE_CURVE('',#3409,#3410,#328,.T.);
#2721=EDGE_CURVE('',#3410,#3411,#3800,.T.);
#2722=EDGE_CURVE('',#3411,#3381,#329,.T.);
#2723=EDGE_CURVE('',#3412,#3412,#3801,.T.);
#2724=EDGE_CURVE('',#3413,#3413,#3802,.T.);
#2725=EDGE_CURVE('',#3414,#3414,#3803,.T.);
#2726=EDGE_CURVE('',#3226,#3415,#330,.T.);
#2727=EDGE_CURVE('',#3415,#3416,#3804,.T.);
#2728=EDGE_CURVE('',#3416,#3407,#331,.T.);
#2729=EDGE_CURVE('',#3417,#3406,#332,.T.);
#2730=EDGE_CURVE('',#3417,#3418,#3805,.T.);
#2731=EDGE_CURVE('',#3419,#3418,#333,.T.);
#2732=EDGE_CURVE('',#3185,#3419,#334,.T.);
#2733=EDGE_CURVE('',#3420,#3411,#335,.T.);
#2734=EDGE_CURVE('',#3420,#3382,#336,.T.);
#2735=EDGE_CURVE('',#3421,#3383,#337,.T.);
#2736=EDGE_CURVE('',#3421,#3422,#338,.T.);
#2737=EDGE_CURVE('',#3422,#3384,#339,.T.);
#2738=EDGE_CURVE('',#3422,#3423,#3806,.T.);
#2739=EDGE_CURVE('',#3424,#3423,#340,.T.);
#2740=EDGE_CURVE('',#3425,#3424,#3807,.T.);
#2741=EDGE_CURVE('',#3426,#3425,#341,.T.);
#2742=EDGE_CURVE('',#3426,#3427,#3808,.T.);
#2743=EDGE_CURVE('',#3427,#3428,#342,.T.);
#2744=EDGE_CURVE('',#3429,#3428,#3809,.T.);
#2745=EDGE_CURVE('',#3429,#3430,#343,.T.);
#2746=EDGE_CURVE('',#3430,#3431,#3810,.T.);
#2747=EDGE_CURVE('',#3431,#3385,#344,.T.);
#2748=EDGE_CURVE('',#3432,#3432,#3811,.F.);
#2749=EDGE_CURVE('',#3433,#3433,#3812,.F.);
#2750=EDGE_CURVE('',#3434,#3434,#3813,.T.);
#2751=EDGE_CURVE('',#3435,#3435,#3814,.F.);
#2752=EDGE_CURVE('',#3436,#3426,#345,.T.);
#2753=EDGE_CURVE('',#3436,#3437,#3815,.T.);
#2754=EDGE_CURVE('',#3437,#3427,#346,.T.);
#2755=EDGE_CURVE('',#3258,#3321,#347,.T.);
#2756=EDGE_CURVE('',#3257,#3323,#348,.T.);
#2757=EDGE_CURVE('',#3438,#3326,#349,.T.);
#2758=EDGE_CURVE('',#3439,#3325,#350,.T.);
#2759=EDGE_CURVE('',#3439,#3438,#351,.T.);
#2760=EDGE_CURVE('',#3324,#3440,#352,.T.);
#2761=EDGE_CURVE('',#3441,#3440,#353,.T.);
#2762=EDGE_CURVE('',#3322,#3441,#354,.T.);
#2763=EDGE_CURVE('',#3442,#3332,#355,.T.);
#2764=EDGE_CURVE('',#3443,#3314,#356,.T.);
#2765=EDGE_CURVE('',#3443,#3444,#3816,.T.);
#2766=EDGE_CURVE('',#3444,#3255,#357,.T.);
#2767=EDGE_CURVE('',#3445,#3438,#358,.T.);
#2768=EDGE_CURVE('',#3446,#3445,#3817,.T.);
#2769=EDGE_CURVE('',#3447,#3446,#359,.T.);
#2770=EDGE_CURVE('',#3448,#3447,#3818,.T.);
#2771=EDGE_CURVE('',#3448,#3442,#360,.T.);
#2772=EDGE_CURVE('',#3449,#3449,#3819,.T.);
#2773=EDGE_CURVE('',#3450,#3450,#3820,.T.);
#2774=EDGE_CURVE('',#3451,#3451,#3821,.T.);
#2775=EDGE_CURVE('',#3452,#3452,#3822,.T.);
#2776=EDGE_CURVE('',#3453,#3453,#3823,.T.);
#2777=EDGE_CURVE('',#3454,#3454,#3824,.T.);
#2778=EDGE_CURVE('',#3455,#3455,#3825,.T.);
#2779=EDGE_CURVE('',#3456,#3456,#3826,.T.);
#2780=EDGE_CURVE('',#3260,#3457,#361,.T.);
#2781=EDGE_CURVE('',#3458,#3457,#3827,.T.);
#2782=EDGE_CURVE('',#3309,#3458,#362,.T.);
#2783=EDGE_CURVE('',#3308,#3459,#363,.T.);
#2784=EDGE_CURVE('',#3460,#3459,#3828,.T.);
#2785=EDGE_CURVE('',#3297,#3460,#364,.T.);
#2786=EDGE_CURVE('',#3296,#3461,#365,.T.);
#2787=EDGE_CURVE('',#3462,#3461,#3829,.T.);
#2788=EDGE_CURVE('',#3285,#3462,#366,.T.);
#2789=EDGE_CURVE('',#3284,#3463,#367,.T.);
#2790=EDGE_CURVE('',#3464,#3463,#3830,.T.);
#2791=EDGE_CURVE('',#3273,#3464,#368,.T.);
#2792=EDGE_CURVE('',#3272,#3465,#369,.T.);
#2793=EDGE_CURVE('',#3466,#3465,#3831,.T.);
#2794=EDGE_CURVE('',#3261,#3466,#370,.T.);
#2795=EDGE_CURVE('',#3467,#3468,#3832,.T.);
#2796=EDGE_CURVE('',#3468,#3469,#371,.T.);
#2797=EDGE_CURVE('',#3470,#3469,#372,.T.);
#2798=EDGE_CURVE('',#3471,#3470,#373,.T.);
#2799=EDGE_CURVE('',#3471,#3472,#3833,.T.);
#2800=EDGE_CURVE('',#3472,#3467,#374,.T.);
#2801=EDGE_CURVE('',#3473,#3473,#3834,.T.);
#2802=EDGE_CURVE('',#3474,#3387,#375,.T.);
#2803=EDGE_CURVE('',#3474,#3475,#376,.T.);
#2804=EDGE_CURVE('',#3475,#3388,#377,.T.);
#2805=EDGE_CURVE('',#3476,#3431,#378,.T.);
#2806=EDGE_CURVE('',#3476,#3386,#379,.T.);
#2807=EDGE_CURVE('',#3475,#3477,#3835,.T.);
#2808=EDGE_CURVE('',#3478,#3477,#380,.T.);
#2809=EDGE_CURVE('',#3479,#3478,#3836,.T.);
#2810=EDGE_CURVE('',#3480,#3479,#381,.T.);
#2811=EDGE_CURVE('',#3480,#3481,#3837,.T.);
#2812=EDGE_CURVE('',#3481,#3482,#382,.T.);
#2813=EDGE_CURVE('',#3483,#3482,#3838,.T.);
#2814=EDGE_CURVE('',#3483,#3484,#383,.T.);
#2815=EDGE_CURVE('',#3484,#3485,#3839,.T.);
#2816=EDGE_CURVE('',#3485,#3389,#384,.T.);
#2817=EDGE_CURVE('',#3486,#3486,#3840,.F.);
#2818=EDGE_CURVE('',#3487,#3487,#3841,.T.);
#2819=EDGE_CURVE('',#3488,#3488,#3842,.T.);
#2820=EDGE_CURVE('',#3489,#3489,#3843,.F.);
#2821=EDGE_CURVE('',#3490,#3480,#385,.T.);
#2822=EDGE_CURVE('',#3490,#3491,#3844,.T.);
#2823=EDGE_CURVE('',#3491,#3481,#386,.T.);
#2824=EDGE_CURVE('',#3254,#3492,#24,.T.);
#2825=EDGE_CURVE('',#3492,#3250,#25,.T.);
#2826=EDGE_CURVE('',#3243,#3317,#387,.T.);
#2827=EDGE_CURVE('',#3319,#3318,#388,.T.);
#2828=EDGE_CURVE('',#3253,#3335,#3845,.T.);
#2829=EDGE_CURVE('',#3251,#3252,#389,.T.);
#2830=EDGE_CURVE('',#3493,#3391,#390,.T.);
#2831=EDGE_CURVE('',#3493,#3349,#391,.T.);
#2832=EDGE_CURVE('',#3494,#3485,#392,.T.);
#2833=EDGE_CURVE('',#3494,#3390,#393,.T.);
#2834=EDGE_CURVE('',#3495,#3495,#3846,.F.);
#2835=EDGE_CURVE('',#3496,#3496,#3847,.T.);
#2836=EDGE_CURVE('',#3497,#3216,#394,.T.);
#2837=EDGE_CURVE('',#3497,#3498,#395,.T.);
#2838=EDGE_CURVE('',#3498,#3499,#396,.T.);
#2839=EDGE_CURVE('',#3442,#3499,#397,.T.);
#2840=EDGE_CURVE('',#3448,#3500,#398,.T.);
#2841=EDGE_CURVE('',#3500,#3501,#399,.T.);
#2842=EDGE_CURVE('',#3501,#3502,#400,.T.);
#2843=EDGE_CURVE('',#3503,#3502,#401,.T.);
#2844=EDGE_CURVE('',#3503,#3471,#402,.T.);
#2845=EDGE_CURVE('',#3504,#3470,#403,.T.);
#2846=EDGE_CURVE('',#3504,#3505,#404,.T.);
#2847=EDGE_CURVE('',#3505,#3506,#405,.T.);
#2848=EDGE_CURVE('',#3214,#3506,#406,.T.);
#2849=EDGE_CURVE('',#3507,#3508,#407,.T.);
#2850=EDGE_CURVE('',#3507,#3215,#408,.T.);
#2851=EDGE_CURVE('',#3213,#3509,#409,.T.);
#2852=EDGE_CURVE('',#3510,#3509,#410,.T.);
#2853=EDGE_CURVE('',#3511,#3510,#411,.T.);
#2854=EDGE_CURVE('',#3511,#3469,#412,.T.);
#2855=EDGE_CURVE('',#3512,#3468,#413,.T.);
#2856=EDGE_CURVE('',#3512,#3513,#414,.T.);
#2857=EDGE_CURVE('',#3514,#3513,#415,.T.);
#2858=EDGE_CURVE('',#3515,#3514,#416,.T.);
#2859=EDGE_CURVE('',#3445,#3515,#417,.T.);
#2860=EDGE_CURVE('',#3508,#3439,#418,.T.);
#2861=EDGE_CURVE('',#3497,#3507,#419,.T.);
#2862=EDGE_CURVE('',#3498,#3508,#420,.T.);
#2863=EDGE_CURVE('',#3183,#3516,#421,.T.);
#2864=EDGE_CURVE('',#3207,#3517,#422,.T.);
#2865=EDGE_CURVE('',#3517,#3516,#423,.T.);
#2866=EDGE_CURVE('',#3189,#3518,#424,.T.);
#2867=EDGE_CURVE('',#3519,#3518,#425,.T.);
#2868=EDGE_CURVE('',#3190,#3519,#426,.T.);
#2869=EDGE_CURVE('',#3506,#3509,#427,.T.);
#2870=EDGE_CURVE('',#3505,#3510,#428,.T.);
#2871=EDGE_CURVE('',#3520,#3521,#3848,.T.);
#2872=EDGE_CURVE('',#3521,#3522,#429,.T.);
#2873=EDGE_CURVE('',#3522,#3523,#3849,.T.);
#2874=EDGE_CURVE('',#3523,#3520,#430,.F.);
#2875=EDGE_CURVE('',#3415,#3524,#431,.T.);
#2876=EDGE_CURVE('',#3524,#3525,#3850,.T.);
#2877=EDGE_CURVE('',#3525,#3220,#3851,.T.);
#2878=EDGE_CURVE('',#3526,#3219,#3852,.T.);
#2879=EDGE_CURVE('',#3418,#3526,#432,.T.);
#2880=EDGE_CURVE('',#3417,#3527,#433,.T.);
#2881=EDGE_CURVE('',#3527,#3528,#3853,.T.);
#2882=EDGE_CURVE('',#3528,#3529,#434,.T.);
#2883=EDGE_CURVE('',#3401,#3529,#3854,.T.);
#2884=EDGE_CURVE('',#3530,#3400,#3855,.T.);
#2885=EDGE_CURVE('',#3531,#3530,#435,.T.);
#2886=EDGE_CURVE('',#3531,#3532,#3856,.T.);
#2887=EDGE_CURVE('',#3399,#3532,#436,.T.);
#2888=EDGE_CURVE('',#3398,#3533,#437,.T.);
#2889=EDGE_CURVE('',#3533,#3534,#3857,.T.);
#2890=EDGE_CURVE('',#3534,#3535,#438,.T.);
#2891=EDGE_CURVE('',#3342,#3535,#3858,.T.);
#2892=EDGE_CURVE('',#3536,#3338,#3859,.T.);
#2893=EDGE_CURVE('',#3537,#3536,#439,.T.);
#2894=EDGE_CURVE('',#3537,#3538,#3860,.T.);
#2895=EDGE_CURVE('',#3394,#3538,#440,.T.);
#2896=EDGE_CURVE('',#3393,#3539,#441,.T.);
#2897=EDGE_CURVE('',#3539,#3540,#3861,.T.);
#2898=EDGE_CURVE('',#3540,#3541,#442,.T.);
#2899=EDGE_CURVE('',#3493,#3541,#3862,.T.);
#2900=EDGE_CURVE('',#3542,#3494,#3863,.T.);
#2901=EDGE_CURVE('',#3543,#3542,#443,.T.);
#2902=EDGE_CURVE('',#3543,#3544,#3864,.T.);
#2903=EDGE_CURVE('',#3491,#3544,#444,.T.);
#2904=EDGE_CURVE('',#3490,#3545,#445,.T.);
#2905=EDGE_CURVE('',#3545,#3546,#3865,.T.);
#2906=EDGE_CURVE('',#3546,#3547,#446,.T.);
#2907=EDGE_CURVE('',#3474,#3547,#3866,.T.);
#2908=EDGE_CURVE('',#3548,#3476,#3867,.T.);
#2909=EDGE_CURVE('',#3549,#3548,#447,.T.);
#2910=EDGE_CURVE('',#3549,#3550,#3868,.T.);
#2911=EDGE_CURVE('',#3437,#3550,#448,.T.);
#2912=EDGE_CURVE('',#3436,#3551,#449,.T.);
#2913=EDGE_CURVE('',#3551,#3552,#3869,.T.);
#2914=EDGE_CURVE('',#3552,#3553,#450,.T.);
#2915=EDGE_CURVE('',#3421,#3553,#3870,.T.);
#2916=EDGE_CURVE('',#3554,#3420,#3871,.T.);
#2917=EDGE_CURVE('',#3555,#3554,#451,.T.);
#2918=EDGE_CURVE('',#3555,#3556,#3872,.T.);
#2919=EDGE_CURVE('',#3416,#3556,#452,.T.);
#2920=EDGE_CURVE('',#3312,#3328,#453,.T.);
#2921=EDGE_CURVE('',#3311,#3330,#454,.T.);
#2922=EDGE_CURVE('',#3446,#3467,#455,.T.);
#2923=EDGE_CURVE('',#3447,#3472,#456,.T.);
#2924=EDGE_CURVE('',#3557,#3329,#457,.T.);
#2925=EDGE_CURVE('',#3558,#3331,#458,.T.);
#2926=EDGE_CURVE('',#3558,#3557,#459,.T.);
#2927=EDGE_CURVE('',#3559,#3559,#3873,.F.);
#2928=EDGE_CURVE('',#3560,#3560,#3874,.T.);
#2929=EDGE_CURVE('',#3561,#3303,#460,.T.);
#2930=EDGE_CURVE('',#3562,#3302,#461,.T.);
#2931=EDGE_CURVE('',#3562,#3561,#3875,.T.);
#2932=EDGE_CURVE('',#3563,#3563,#3876,.F.);
#2933=EDGE_CURVE('',#3564,#3564,#3877,.T.);
#2934=EDGE_CURVE('',#3565,#3291,#462,.T.);
#2935=EDGE_CURVE('',#3566,#3290,#463,.T.);
#2936=EDGE_CURVE('',#3566,#3565,#3878,.T.);
#2937=EDGE_CURVE('',#3567,#3567,#3879,.T.);
#2938=EDGE_CURVE('',#3568,#3568,#3880,.F.);
#2939=EDGE_CURVE('',#3569,#3279,#464,.T.);
#2940=EDGE_CURVE('',#3570,#3278,#465,.T.);
#2941=EDGE_CURVE('',#3570,#3569,#3881,.T.);
#2942=EDGE_CURVE('',#3571,#3571,#3882,.F.);
#2943=EDGE_CURVE('',#3572,#3572,#3883,.T.);
#2944=EDGE_CURVE('',#3573,#3267,#466,.T.);
#2945=EDGE_CURVE('',#3574,#3266,#467,.T.);
#2946=EDGE_CURVE('',#3574,#3573,#3884,.T.);
#2947=EDGE_CURVE('',#3256,#3575,#468,.T.);
#2948=EDGE_CURVE('',#3576,#3575,#3885,.T.);
#2949=EDGE_CURVE('',#3440,#3576,#469,.T.);
#2950=EDGE_CURVE('',#3441,#3577,#470,.T.);
#2951=EDGE_CURVE('',#3577,#3578,#3886,.T.);
#2952=EDGE_CURVE('',#3259,#3578,#471,.T.);
#2953=EDGE_CURVE('',#3576,#3577,#472,.T.);
#2954=EDGE_CURVE('',#3558,#3579,#473,.T.);
#2955=EDGE_CURVE('',#3580,#3579,#474,.T.);
#2956=EDGE_CURVE('',#3557,#3580,#475,.T.);
#2957=EDGE_CURVE('',#3581,#3582,#476,.T.);
#2958=EDGE_CURVE('',#3582,#3501,#477,.T.);
#2959=EDGE_CURVE('',#3500,#3581,#3887,.T.);
#2960=EDGE_CURVE('',#3583,#3502,#478,.T.);
#2961=EDGE_CURVE('',#3584,#3583,#479,.T.);
#2962=EDGE_CURVE('',#3503,#3584,#3888,.T.);
#2963=EDGE_CURVE('',#3504,#3511,#480,.T.);
#2964=EDGE_CURVE('',#3295,#3585,#481,.T.);
#2965=EDGE_CURVE('',#3585,#3461,#482,.T.);
#2966=EDGE_CURVE('',#3298,#3586,#483,.T.);
#2967=EDGE_CURVE('',#3586,#3460,#484,.T.);
#2968=EDGE_CURVE('',#3587,#3585,#3889,.T.);
#2969=EDGE_CURVE('',#3588,#3587,#485,.T.);
#2970=EDGE_CURVE('',#3588,#3589,#3890,.T.);
#2971=EDGE_CURVE('',#3565,#3589,#486,.T.);
#2972=EDGE_CURVE('',#3566,#3590,#487,.T.);
#2973=EDGE_CURVE('',#3590,#3591,#3891,.T.);
#2974=EDGE_CURVE('',#3591,#3592,#488,.T.);
#2975=EDGE_CURVE('',#3593,#3592,#3892,.T.);
#2976=EDGE_CURVE('',#3593,#3462,#489,.T.);
#2977=EDGE_CURVE('',#3586,#3594,#3893,.T.);
#2978=EDGE_CURVE('',#3595,#3459,#490,.T.);
#2979=EDGE_CURVE('',#3596,#3595,#3894,.T.);
#2980=EDGE_CURVE('',#3597,#3596,#491,.T.);
#2981=EDGE_CURVE('',#3597,#3598,#3895,.T.);
#2982=EDGE_CURVE('',#3561,#3598,#492,.T.);
#2983=EDGE_CURVE('',#3562,#3599,#493,.T.);
#2984=EDGE_CURVE('',#3599,#3600,#3896,.T.);
#2985=EDGE_CURVE('',#3600,#3594,#494,.T.);
#2986=EDGE_CURVE('',#3601,#3601,#3897,.T.);
#2987=EDGE_CURVE('',#3602,#3602,#3898,.F.);
#2988=EDGE_CURVE('',#3307,#3595,#495,.T.);
#2989=EDGE_CURVE('',#3310,#3603,#496,.T.);
#2990=EDGE_CURVE('',#3603,#3458,#497,.T.);
#2991=EDGE_CURVE('',#3603,#3579,#3899,.T.);
#2992=EDGE_CURVE('',#3578,#3457,#498,.T.);
#2993=EDGE_CURVE('',#3444,#3575,#499,.T.);
#2994=EDGE_CURVE('',#3443,#3604,#500,.T.);
#2995=EDGE_CURVE('',#3604,#3580,#3900,.T.);
#2996=EDGE_CURVE('',#3581,#3584,#501,.T.);
#2997=EDGE_CURVE('',#3605,#3605,#3901,.F.);
#2998=EDGE_CURVE('',#3262,#3606,#502,.T.);
#2999=EDGE_CURVE('',#3606,#3466,#503,.T.);
#3000=EDGE_CURVE('',#3606,#3607,#3902,.T.);
#3001=EDGE_CURVE('',#3608,#3465,#504,.T.);
#3002=EDGE_CURVE('',#3609,#3608,#3903,.T.);
#3003=EDGE_CURVE('',#3610,#3609,#505,.T.);
#3004=EDGE_CURVE('',#3610,#3611,#3904,.T.);
#3005=EDGE_CURVE('',#3573,#3611,#506,.T.);
#3006=EDGE_CURVE('',#3574,#3612,#507,.T.);
#3007=EDGE_CURVE('',#3612,#3613,#3905,.T.);
#3008=EDGE_CURVE('',#3613,#3607,#508,.T.);
#3009=EDGE_CURVE('',#3614,#3615,#509,.T.);
#3010=EDGE_CURVE('',#3615,#3512,#3906,.T.);
#3011=EDGE_CURVE('',#3614,#3515,#3907,.T.);
#3012=EDGE_CURVE('',#3616,#3616,#3908,.T.);
#3013=EDGE_CURVE('',#3271,#3608,#510,.T.);
#3014=EDGE_CURVE('',#3274,#3617,#511,.T.);
#3015=EDGE_CURVE('',#3617,#3464,#512,.T.);
#3016=EDGE_CURVE('',#3617,#3618,#3909,.T.);
#3017=EDGE_CURVE('',#3619,#3463,#513,.T.);
#3018=EDGE_CURVE('',#3620,#3619,#3910,.T.);
#3019=EDGE_CURVE('',#3621,#3620,#514,.T.);
#3020=EDGE_CURVE('',#3621,#3622,#3911,.T.);
#3021=EDGE_CURVE('',#3569,#3622,#515,.T.);
#3022=EDGE_CURVE('',#3570,#3623,#516,.T.);
#3023=EDGE_CURVE('',#3623,#3624,#3912,.T.);
#3024=EDGE_CURVE('',#3624,#3618,#517,.T.);
#3025=EDGE_CURVE('',#3625,#3625,#3913,.T.);
#3026=EDGE_CURVE('',#3626,#3626,#3914,.F.);
#3027=EDGE_CURVE('',#3283,#3619,#518,.T.);
#3028=EDGE_CURVE('',#3286,#3593,#519,.T.);
#3029=EDGE_CURVE('',#3627,#3627,#3915,.T.);
#3030=EDGE_CURVE('',#3628,#3628,#3916,.F.);
#3031=EDGE_CURVE('',#3280,#3622,#520,.T.);
#3032=EDGE_CURVE('',#3289,#3590,#521,.T.);
#3033=EDGE_CURVE('',#3629,#3629,#3917,.T.);
#3034=EDGE_CURVE('',#3630,#3630,#3918,.F.);
#3035=EDGE_CURVE('',#3281,#3621,#522,.T.);
#3036=EDGE_CURVE('',#3282,#3620,#523,.T.);
#3037=EDGE_CURVE('',#3287,#3592,#524,.T.);
#3038=EDGE_CURVE('',#3288,#3591,#525,.T.);
#3039=EDGE_CURVE('',#3268,#3611,#526,.T.);
#3040=EDGE_CURVE('',#3277,#3623,#527,.T.);
#3041=EDGE_CURVE('',#3631,#3631,#3919,.T.);
#3042=EDGE_CURVE('',#3632,#3632,#3920,.F.);
#3043=EDGE_CURVE('',#3269,#3610,#528,.T.);
#3044=EDGE_CURVE('',#3270,#3609,#529,.T.);
#3045=EDGE_CURVE('',#3275,#3618,#530,.T.);
#3046=EDGE_CURVE('',#3276,#3624,#531,.T.);
#3047=EDGE_CURVE('',#3265,#3612,#532,.T.);
#3048=EDGE_CURVE('',#3633,#3633,#3921,.T.);
#3049=EDGE_CURVE('',#3514,#3634,#533,.T.);
#3050=EDGE_CURVE('',#3614,#3634,#534,.T.);
#3051=EDGE_CURVE('',#3615,#3635,#535,.T.);
#3052=EDGE_CURVE('',#3513,#3635,#536,.T.);
#3053=EDGE_CURVE('',#3635,#3634,#537,.T.);
#3054=EDGE_CURVE('',#3263,#3607,#538,.T.);
#3055=EDGE_CURVE('',#3264,#3613,#539,.T.);
#3056=EDGE_CURVE('',#3304,#3598,#540,.T.);
#3057=EDGE_CURVE('',#3313,#3604,#541,.T.);
#3058=EDGE_CURVE('',#3636,#3636,#3922,.T.);
#3059=EDGE_CURVE('',#3637,#3637,#3923,.F.);
#3060=EDGE_CURVE('',#3305,#3597,#542,.T.);
#3061=EDGE_CURVE('',#3306,#3596,#543,.T.);
#3062=EDGE_CURVE('',#3583,#3582,#544,.T.);
#3063=EDGE_CURVE('',#3292,#3589,#545,.T.);
#3064=EDGE_CURVE('',#3301,#3599,#546,.T.);
#3065=EDGE_CURVE('',#3638,#3638,#3924,.T.);
#3066=EDGE_CURVE('',#3639,#3639,#3925,.F.);
#3067=EDGE_CURVE('',#3293,#3588,#547,.T.);
#3068=EDGE_CURVE('',#3294,#3587,#548,.T.);
#3069=EDGE_CURVE('',#3299,#3594,#549,.T.);
#3070=EDGE_CURVE('',#3300,#3600,#550,.T.);
#3071=EDGE_CURVE('',#3518,#3516,#551,.T.);
#3072=EDGE_CURVE('',#3519,#3517,#552,.T.);
#3073=EDGE_CURVE('',#3640,#3641,#553,.T.);
#3074=EDGE_CURVE('',#3640,#3642,#3926,.T.);
#3075=EDGE_CURVE('',#3642,#3643,#554,.T.);
#3076=EDGE_CURVE('',#3641,#3643,#3927,.T.);
#3077=EDGE_CURVE('',#3644,#3645,#555,.T.);
#3078=EDGE_CURVE('',#3644,#3646,#3928,.T.);
#3079=EDGE_CURVE('',#3646,#3647,#556,.T.);
#3080=EDGE_CURVE('',#3645,#3647,#3929,.T.);
#3081=EDGE_CURVE('',#3648,#3649,#557,.T.);
#3082=EDGE_CURVE('',#3648,#3650,#3930,.T.);
#3083=EDGE_CURVE('',#3650,#3651,#558,.T.);
#3084=EDGE_CURVE('',#3649,#3651,#3931,.T.);
#3085=EDGE_CURVE('',#3652,#3653,#3932,.T.);
#3086=EDGE_CURVE('',#3654,#3652,#559,.T.);
#3087=EDGE_CURVE('',#3654,#3655,#3933,.T.);
#3088=EDGE_CURVE('',#3655,#3653,#560,.T.);
#3089=EDGE_CURVE('',#3645,#3206,#561,.T.);
#3090=EDGE_CURVE('',#3203,#3647,#562,.T.);
#3091=EDGE_CURVE('',#3641,#3202,#563,.T.);
#3092=EDGE_CURVE('',#3199,#3643,#564,.T.);
#3093=EDGE_CURVE('',#3652,#3198,#565,.T.);
#3094=EDGE_CURVE('',#3195,#3653,#566,.T.);
#3095=EDGE_CURVE('',#3649,#3194,#567,.T.);
#3096=EDGE_CURVE('',#3191,#3651,#568,.T.);
#3097=EDGE_CURVE('',#3655,#3196,#569,.T.);
#3098=EDGE_CURVE('',#3197,#3654,#570,.T.);
#3099=EDGE_CURVE('',#3193,#3648,#571,.T.);
#3100=EDGE_CURVE('',#3650,#3192,#572,.T.);
#3101=EDGE_CURVE('',#3205,#3644,#573,.T.);
#3102=EDGE_CURVE('',#3646,#3204,#574,.T.);
#3103=EDGE_CURVE('',#3201,#3640,#575,.T.);
#3104=EDGE_CURVE('',#3642,#3200,#576,.T.);
#3105=EDGE_CURVE('',#3499,#3333,#577,.T.);
#3106=EDGE_CURVE('',#3656,#3656,#3934,.F.);
#3107=EDGE_CURVE('',#3657,#3657,#3935,.T.);
#3108=EDGE_CURVE('',#3658,#3658,#3936,.T.);
#3109=EDGE_CURVE('',#3659,#3659,#3937,.T.);
#3110=EDGE_CURVE('',#3660,#3660,#3938,.T.);
#3111=EDGE_CURVE('',#3661,#3188,#578,.T.);
#3112=EDGE_CURVE('',#3223,#3661,#3939,.T.);
#3113=EDGE_CURVE('',#3539,#3352,#579,.T.);
#3114=EDGE_CURVE('',#3544,#3482,#580,.T.);
#3115=EDGE_CURVE('',#3662,#3662,#3940,.F.);
#3116=EDGE_CURVE('',#3663,#3663,#3941,.T.);
#3117=EDGE_CURVE('',#3542,#3484,#581,.T.);
#3118=EDGE_CURVE('',#3543,#3483,#582,.T.);
#3119=EDGE_CURVE('',#3540,#3351,#583,.T.);
#3120=EDGE_CURVE('',#3541,#3350,#584,.T.);
#3121=EDGE_CURVE('',#3334,#3492,#3942,.T.);
#3122=EDGE_CURVE('',#3545,#3479,#585,.T.);
#3123=EDGE_CURVE('',#3550,#3428,#586,.T.);
#3124=EDGE_CURVE('',#3664,#3664,#3943,.F.);
#3125=EDGE_CURVE('',#3665,#3665,#3944,.T.);
#3126=EDGE_CURVE('',#3548,#3430,#587,.T.);
#3127=EDGE_CURVE('',#3549,#3429,#588,.T.);
#3128=EDGE_CURVE('',#3546,#3478,#589,.T.);
#3129=EDGE_CURVE('',#3547,#3477,#590,.T.);
#3130=EDGE_CURVE('',#3556,#3408,#591,.T.);
#3131=EDGE_CURVE('',#3551,#3425,#592,.T.);
#3132=EDGE_CURVE('',#3666,#3666,#3945,.F.);
#3133=EDGE_CURVE('',#3552,#3424,#593,.T.);
#3134=EDGE_CURVE('',#3553,#3423,#594,.T.);
#3135=EDGE_CURVE('',#3555,#3409,#595,.T.);
#3136=EDGE_CURVE('',#3554,#3410,#596,.T.);
#3137=EDGE_CURVE('',#3532,#3361,#597,.T.);
#3138=EDGE_CURVE('',#3527,#3405,#598,.T.);
#3139=EDGE_CURVE('',#3667,#3667,#3946,.T.);
#3140=EDGE_CURVE('',#3530,#3363,#599,.T.);
#3141=EDGE_CURVE('',#3531,#3362,#600,.T.);
#3142=EDGE_CURVE('',#3529,#3403,#601,.T.);
#3143=EDGE_CURVE('',#3528,#3404,#602,.T.);
#3144=EDGE_CURVE('',#3538,#3355,#603,.T.);
#3145=EDGE_CURVE('',#3533,#3358,#604,.T.);
#3146=EDGE_CURVE('',#3668,#3668,#3947,.F.);
#3147=EDGE_CURVE('',#3669,#3669,#3948,.T.);
#3148=EDGE_CURVE('',#3536,#3347,#605,.T.);
#3149=EDGE_CURVE('',#3537,#3346,#606,.T.);
#3150=EDGE_CURVE('',#3534,#3357,#607,.T.);
#3151=EDGE_CURVE('',#3535,#3356,#608,.T.);
#3152=EDGE_CURVE('',#3520,#3521,#609,.T.);
#3153=EDGE_CURVE('',#3523,#3522,#610,.T.);
#3154=EDGE_CURVE('',#3224,#3670,#3949,.T.);
#3155=EDGE_CURVE('',#3525,#3670,#611,.T.);
#3156=EDGE_CURVE('',#3225,#3524,#612,.T.);
#3157=EDGE_CURVE('',#3218,#3661,#613,.T.);
#3158=EDGE_CURVE('',#3671,#3217,#614,.F.);
#3159=EDGE_CURVE('',#3671,#3672,#3950,.T.);
#3160=EDGE_CURVE('',#3672,#3670,#615,.F.);
#3161=EDGE_CURVE('',#3492,#3239,#3951,.T.);
#3162=EDGE_CURVE('',#3419,#3673,#616,.T.);
#3163=EDGE_CURVE('',#3186,#3673,#617,.T.);
#3164=EDGE_CURVE('',#3673,#3526,#618,.T.);
#3165=EDGE_CURVE('',#3219,#3187,#619,.T.);
#3166=EDGE_CURVE('',#3211,#3525,#620,.T.);
#3167=EDGE_CURVE('',#3212,#3672,#621,.T.);
#3168=EDGE_CURVE('',#3209,#3671,#622,.T.);
#3169=EDGE_CURVE('',#3210,#3220,#623,.T.);
#3170=EDGE_CURVE('',#3674,#3675,#624,.T.);
#3171=EDGE_CURVE('',#3674,#3676,#625,.T.);
#3172=EDGE_CURVE('',#3677,#3676,#626,.T.);
#3173=EDGE_CURVE('',#3677,#3675,#627,.T.);
#3174=EDGE_CURVE('',#3675,#3678,#628,.T.);
#3175=EDGE_CURVE('',#3679,#3678,#629,.T.);
#3176=EDGE_CURVE('',#3679,#3674,#630,.T.);
#3177=EDGE_CURVE('',#3680,#3677,#3952,.T.);
#3178=EDGE_CURVE('',#3678,#3680,#631,.T.);
#3179=EDGE_CURVE('',#3680,#3681,#632,.T.);
#3180=EDGE_CURVE('',#3679,#3681,#633,.T.);
#3181=EDGE_CURVE('',#3681,#3676,#3953,.T.);
#3182=VERTEX_POINT('',#7079);
#3183=VERTEX_POINT('',#7080);
#3184=VERTEX_POINT('',#7082);
#3185=VERTEX_POINT('',#7084);
#3186=VERTEX_POINT('',#7086);
#3187=VERTEX_POINT('',#7088);
#3188=VERTEX_POINT('',#7090);
#3189=VERTEX_POINT('',#7092);
#3190=VERTEX_POINT('',#7094);
#3191=VERTEX_POINT('',#7096);
#3192=VERTEX_POINT('',#7098);
#3193=VERTEX_POINT('',#7100);
#3194=VERTEX_POINT('',#7102);
#3195=VERTEX_POINT('',#7104);
#3196=VERTEX_POINT('',#7106);
#3197=VERTEX_POINT('',#7108);
#3198=VERTEX_POINT('',#7110);
#3199=VERTEX_POINT('',#7112);
#3200=VERTEX_POINT('',#7114);
#3201=VERTEX_POINT('',#7116);
#3202=VERTEX_POINT('',#7118);
#3203=VERTEX_POINT('',#7120);
#3204=VERTEX_POINT('',#7122);
#3205=VERTEX_POINT('',#7124);
#3206=VERTEX_POINT('',#7126);
#3207=VERTEX_POINT('',#7128);
#3208=VERTEX_POINT('',#7131);
#3209=VERTEX_POINT('',#7133);
#3210=VERTEX_POINT('',#7134);
#3211=VERTEX_POINT('',#7136);
#3212=VERTEX_POINT('',#7138);
#3213=VERTEX_POINT('',#7142);
#3214=VERTEX_POINT('',#7143);
#3215=VERTEX_POINT('',#7145);
#3216=VERTEX_POINT('',#7147);
#3217=VERTEX_POINT('',#7151);
#3218=VERTEX_POINT('',#7152);
#3219=VERTEX_POINT('',#7154);
#3220=VERTEX_POINT('',#7156);
#3221=VERTEX_POINT('',#7160);
#3222=VERTEX_POINT('',#7162);
#3223=VERTEX_POINT('',#7165);
#3224=VERTEX_POINT('',#7167);
#3225=VERTEX_POINT('',#7169);
#3226=VERTEX_POINT('',#7171);
#3227=VERTEX_POINT('',#7175);
#3228=VERTEX_POINT('',#7176);
#3229=VERTEX_POINT('',#7178);
#3230=VERTEX_POINT('',#7180);
#3231=VERTEX_POINT('',#7184);
#3232=VERTEX_POINT('',#7185);
#3233=VERTEX_POINT('',#7187);
#3234=VERTEX_POINT('',#7189);
#3235=VERTEX_POINT('',#7193);
#3236=VERTEX_POINT('',#7194);
#3237=VERTEX_POINT('',#7196);
#3238=VERTEX_POINT('',#7198);
#3239=VERTEX_POINT('',#7211);
#3240=VERTEX_POINT('',#7212);
#3241=VERTEX_POINT('',#7214);
#3242=VERTEX_POINT('',#7220);
#3243=VERTEX_POINT('',#7222);
#3244=VERTEX_POINT('',#7224);
#3245=VERTEX_POINT('',#7313);
#3246=VERTEX_POINT('',#7325);
#3247=VERTEX_POINT('',#7337);
#3248=VERTEX_POINT('',#7349);
#3249=VERTEX_POINT('',#7351);
#3250=VERTEX_POINT('',#7362);
#3251=VERTEX_POINT('',#7370);
#3252=VERTEX_POINT('',#7372);
#3253=VERTEX_POINT('',#7380);
#3254=VERTEX_POINT('',#7385);
#3255=VERTEX_POINT('',#7390);
#3256=VERTEX_POINT('',#7392);
#3257=VERTEX_POINT('',#7394);
#3258=VERTEX_POINT('',#7396);
#3259=VERTEX_POINT('',#7398);
#3260=VERTEX_POINT('',#7400);
#3261=VERTEX_POINT('',#7402);
#3262=VERTEX_POINT('',#7404);
#3263=VERTEX_POINT('',#7406);
#3264=VERTEX_POINT('',#7408);
#3265=VERTEX_POINT('',#7410);
#3266=VERTEX_POINT('',#7412);
#3267=VERTEX_POINT('',#7414);
#3268=VERTEX_POINT('',#7416);
#3269=VERTEX_POINT('',#7418);
#3270=VERTEX_POINT('',#7420);
#3271=VERTEX_POINT('',#7422);
#3272=VERTEX_POINT('',#7424);
#3273=VERTEX_POINT('',#7426);
#3274=VERTEX_POINT('',#7428);
#3275=VERTEX_POINT('',#7430);
#3276=VERTEX_POINT('',#7432);
#3277=VERTEX_POINT('',#7434);
#3278=VERTEX_POINT('',#7436);
#3279=VERTEX_POINT('',#7438);
#3280=VERTEX_POINT('',#7440);
#3281=VERTEX_POINT('',#7442);
#3282=VERTEX_POINT('',#7444);
#3283=VERTEX_POINT('',#7446);
#3284=VERTEX_POINT('',#7448);
#3285=VERTEX_POINT('',#7450);
#3286=VERTEX_POINT('',#7452);
#3287=VERTEX_POINT('',#7454);
#3288=VERTEX_POINT('',#7456);
#3289=VERTEX_POINT('',#7458);
#3290=VERTEX_POINT('',#7460);
#3291=VERTEX_POINT('',#7462);
#3292=VERTEX_POINT('',#7464);
#3293=VERTEX_POINT('',#7466);
#3294=VERTEX_POINT('',#7468);
#3295=VERTEX_POINT('',#7470);
#3296=VERTEX_POINT('',#7472);
#3297=VERTEX_POINT('',#7474);
#3298=VERTEX_POINT('',#7476);
#3299=VERTEX_POINT('',#7478);
#3300=VERTEX_POINT('',#7480);
#3301=VERTEX_POINT('',#7482);
#3302=VERTEX_POINT('',#7484);
#3303=VERTEX_POINT('',#7486);
#3304=VERTEX_POINT('',#7488);
#3305=VERTEX_POINT('',#7490);
#3306=VERTEX_POINT('',#7492);
#3307=VERTEX_POINT('',#7494);
#3308=VERTEX_POINT('',#7496);
#3309=VERTEX_POINT('',#7498);
#3310=VERTEX_POINT('',#7500);
#3311=VERTEX_POINT('',#7502);
#3312=VERTEX_POINT('',#7504);
#3313=VERTEX_POINT('',#7506);
#3314=VERTEX_POINT('',#7508);
#3315=VERTEX_POINT('',#7511);
#3316=VERTEX_POINT('',#7513);
#3317=VERTEX_POINT('',#7515);
#3318=VERTEX_POINT('',#7517);
#3319=VERTEX_POINT('',#7519);
#3320=VERTEX_POINT('',#7523);
#3321=VERTEX_POINT('',#7525);
#3322=VERTEX_POINT('',#7526);
#3323=VERTEX_POINT('',#7528);
#3324=VERTEX_POINT('',#7530);
#3325=VERTEX_POINT('',#7534);
#3326=VERTEX_POINT('',#7536);
#3327=VERTEX_POINT('',#7540);
#3328=VERTEX_POINT('',#7542);
#3329=VERTEX_POINT('',#7543);
#3330=VERTEX_POINT('',#7545);
#3331=VERTEX_POINT('',#7547);
#3332=VERTEX_POINT('',#7551);
#3333=VERTEX_POINT('',#7553);
#3334=VERTEX_POINT('',#7557);
#3335=VERTEX_POINT('',#7559);
#3336=VERTEX_POINT('',#7563);
#3337=VERTEX_POINT('',#7565);
#3338=VERTEX_POINT('',#7568);
#3339=VERTEX_POINT('',#7569);
#3340=VERTEX_POINT('',#7571);
#3341=VERTEX_POINT('',#7573);
#3342=VERTEX_POINT('',#7577);
#3343=VERTEX_POINT('',#7578);
#3344=VERTEX_POINT('',#7580);
#3345=VERTEX_POINT('',#7582);
#3346=VERTEX_POINT('',#7586);
#3347=VERTEX_POINT('',#7587);
#3348=VERTEX_POINT('',#7590);
#3349=VERTEX_POINT('',#7592);
#3350=VERTEX_POINT('',#7594);
#3351=VERTEX_POINT('',#7596);
#3352=VERTEX_POINT('',#7598);
#3353=VERTEX_POINT('',#7600);
#3354=VERTEX_POINT('',#7602);
#3355=VERTEX_POINT('',#7604);
#3356=VERTEX_POINT('',#7608);
#3357=VERTEX_POINT('',#7610);
#3358=VERTEX_POINT('',#7612);
#3359=VERTEX_POINT('',#7614);
#3360=VERTEX_POINT('',#7616);
#3361=VERTEX_POINT('',#7618);
#3362=VERTEX_POINT('',#7620);
#3363=VERTEX_POINT('',#7622);
#3364=VERTEX_POINT('',#7624);
#3365=VERTEX_POINT('',#7626);
#3366=VERTEX_POINT('',#7630);
#3367=VERTEX_POINT('',#7632);
#3368=VERTEX_POINT('',#7635);
#3369=VERTEX_POINT('',#7637);
#3370=VERTEX_POINT('',#7640);
#3371=VERTEX_POINT('',#7642);
#3372=VERTEX_POINT('',#7644);
#3373=VERTEX_POINT('',#7646);
#3374=VERTEX_POINT('',#7648);
#3375=VERTEX_POINT('',#7650);
#3376=VERTEX_POINT('',#7652);
#3377=VERTEX_POINT('',#7654);
#3378=VERTEX_POINT('',#7657);
#3379=VERTEX_POINT('',#7659);
#3380=VERTEX_POINT('',#7661);
#3381=VERTEX_POINT('',#7663);
#3382=VERTEX_POINT('',#7665);
#3383=VERTEX_POINT('',#7667);
#3384=VERTEX_POINT('',#7669);
#3385=VERTEX_POINT('',#7671);
#3386=VERTEX_POINT('',#7673);
#3387=VERTEX_POINT('',#7675);
#3388=VERTEX_POINT('',#7677);
#3389=VERTEX_POINT('',#7679);
#3390=VERTEX_POINT('',#7681);
#3391=VERTEX_POINT('',#7683);
#3392=VERTEX_POINT('',#7687);
#3393=VERTEX_POINT('',#7689);
#3394=VERTEX_POINT('',#7690);
#3395=VERTEX_POINT('',#7694);
#3396=VERTEX_POINT('',#7697);
#3397=VERTEX_POINT('',#7699);
#3398=VERTEX_POINT('',#7701);
#3399=VERTEX_POINT('',#7703);
#3400=VERTEX_POINT('',#7707);
#3401=VERTEX_POINT('',#7711);
#3402=VERTEX_POINT('',#7713);
#3403=VERTEX_POINT('',#7717);
#3404=VERTEX_POINT('',#7719);
#3405=VERTEX_POINT('',#7721);
#3406=VERTEX_POINT('',#7723);
#3407=VERTEX_POINT('',#7725);
#3408=VERTEX_POINT('',#7727);
#3409=VERTEX_POINT('',#7729);
#3410=VERTEX_POINT('',#7731);
#3411=VERTEX_POINT('',#7733);
#3412=VERTEX_POINT('',#7737);
#3413=VERTEX_POINT('',#7740);
#3414=VERTEX_POINT('',#7743);
#3415=VERTEX_POINT('',#7745);
#3416=VERTEX_POINT('',#7747);
#3417=VERTEX_POINT('',#7750);
#3418=VERTEX_POINT('',#7752);
#3419=VERTEX_POINT('',#7754);
#3420=VERTEX_POINT('',#7758);
#3421=VERTEX_POINT('',#7762);
#3422=VERTEX_POINT('',#7764);
#3423=VERTEX_POINT('',#7768);
#3424=VERTEX_POINT('',#7770);
#3425=VERTEX_POINT('',#7772);
#3426=VERTEX_POINT('',#7774);
#3427=VERTEX_POINT('',#7776);
#3428=VERTEX_POINT('',#7778);
#3429=VERTEX_POINT('',#7780);
#3430=VERTEX_POINT('',#7782);
#3431=VERTEX_POINT('',#7784);
#3432=VERTEX_POINT('',#7788);
#3433=VERTEX_POINT('',#7791);
#3434=VERTEX_POINT('',#7794);
#3435=VERTEX_POINT('',#7796);
#3436=VERTEX_POINT('',#7798);
#3437=VERTEX_POINT('',#7800);
#3438=VERTEX_POINT('',#7807);
#3439=VERTEX_POINT('',#7809);
#3440=VERTEX_POINT('',#7813);
#3441=VERTEX_POINT('',#7815);
#3442=VERTEX_POINT('',#7819);
#3443=VERTEX_POINT('',#7821);
#3444=VERTEX_POINT('',#7823);
#3445=VERTEX_POINT('',#7826);
#3446=VERTEX_POINT('',#7828);
#3447=VERTEX_POINT('',#7830);
#3448=VERTEX_POINT('',#7832);
#3449=VERTEX_POINT('',#7836);
#3450=VERTEX_POINT('',#7838);
#3451=VERTEX_POINT('',#7840);
#3452=VERTEX_POINT('',#7842);
#3453=VERTEX_POINT('',#7844);
#3454=VERTEX_POINT('',#7846);
#3455=VERTEX_POINT('',#7848);
#3456=VERTEX_POINT('',#7850);
#3457=VERTEX_POINT('',#7852);
#3458=VERTEX_POINT('',#7854);
#3459=VERTEX_POINT('',#7857);
#3460=VERTEX_POINT('',#7859);
#3461=VERTEX_POINT('',#7862);
#3462=VERTEX_POINT('',#7864);
#3463=VERTEX_POINT('',#7867);
#3464=VERTEX_POINT('',#7869);
#3465=VERTEX_POINT('',#7872);
#3466=VERTEX_POINT('',#7874);
#3467=VERTEX_POINT('',#7877);
#3468=VERTEX_POINT('',#7878);
#3469=VERTEX_POINT('',#7880);
#3470=VERTEX_POINT('',#7882);
#3471=VERTEX_POINT('',#7884);
#3472=VERTEX_POINT('',#7886);
#3473=VERTEX_POINT('',#7889);
#3474=VERTEX_POINT('',#7892);
#3475=VERTEX_POINT('',#7894);
#3476=VERTEX_POINT('',#7898);
#3477=VERTEX_POINT('',#7902);
#3478=VERTEX_POINT('',#7904);
#3479=VERTEX_POINT('',#7906);
#3480=VERTEX_POINT('',#7908);
#3481=VERTEX_POINT('',#7910);
#3482=VERTEX_POINT('',#7912);
#3483=VERTEX_POINT('',#7914);
#3484=VERTEX_POINT('',#7916);
#3485=VERTEX_POINT('',#7918);
#3486=VERTEX_POINT('',#7922);
#3487=VERTEX_POINT('',#7925);
#3488=VERTEX_POINT('',#7928);
#3489=VERTEX_POINT('',#7930);
#3490=VERTEX_POINT('',#7932);
#3491=VERTEX_POINT('',#7934);
#3492=VERTEX_POINT('',#7941);
#3493=VERTEX_POINT('',#7958);
#3494=VERTEX_POINT('',#7962);
#3495=VERTEX_POINT('',#7966);
#3496=VERTEX_POINT('',#7969);
#3497=VERTEX_POINT('',#7972);
#3498=VERTEX_POINT('',#7974);
#3499=VERTEX_POINT('',#7976);
#3500=VERTEX_POINT('',#7979);
#3501=VERTEX_POINT('',#7981);
#3502=VERTEX_POINT('',#7983);
#3503=VERTEX_POINT('',#7985);
#3504=VERTEX_POINT('',#7988);
#3505=VERTEX_POINT('',#7990);
#3506=VERTEX_POINT('',#7992);
#3507=VERTEX_POINT('',#7996);
#3508=VERTEX_POINT('',#7997);
#3509=VERTEX_POINT('',#8000);
#3510=VERTEX_POINT('',#8002);
#3511=VERTEX_POINT('',#8004);
#3512=VERTEX_POINT('',#8007);
#3513=VERTEX_POINT('',#8009);
#3514=VERTEX_POINT('',#8011);
#3515=VERTEX_POINT('',#8013);
#3516=VERTEX_POINT('',#8021);
#3517=VERTEX_POINT('',#8023);
#3518=VERTEX_POINT('',#8027);
#3519=VERTEX_POINT('',#8029);
#3520=VERTEX_POINT('',#8036);
#3521=VERTEX_POINT('',#8037);
#3522=VERTEX_POINT('',#8039);
#3523=VERTEX_POINT('',#8041);
#3524=VERTEX_POINT('',#8044);
#3525=VERTEX_POINT('',#8046);
#3526=VERTEX_POINT('',#8049);
#3527=VERTEX_POINT('',#8052);
#3528=VERTEX_POINT('',#8054);
#3529=VERTEX_POINT('',#8056);
#3530=VERTEX_POINT('',#8059);
#3531=VERTEX_POINT('',#8061);
#3532=VERTEX_POINT('',#8063);
#3533=VERTEX_POINT('',#8066);
#3534=VERTEX_POINT('',#8068);
#3535=VERTEX_POINT('',#8070);
#3536=VERTEX_POINT('',#8073);
#3537=VERTEX_POINT('',#8075);
#3538=VERTEX_POINT('',#8077);
#3539=VERTEX_POINT('',#8080);
#3540=VERTEX_POINT('',#8082);
#3541=VERTEX_POINT('',#8084);
#3542=VERTEX_POINT('',#8087);
#3543=VERTEX_POINT('',#8089);
#3544=VERTEX_POINT('',#8091);
#3545=VERTEX_POINT('',#8094);
#3546=VERTEX_POINT('',#8096);
#3547=VERTEX_POINT('',#8098);
#3548=VERTEX_POINT('',#8101);
#3549=VERTEX_POINT('',#8103);
#3550=VERTEX_POINT('',#8105);
#3551=VERTEX_POINT('',#8108);
#3552=VERTEX_POINT('',#8110);
#3553=VERTEX_POINT('',#8112);
#3554=VERTEX_POINT('',#8115);
#3555=VERTEX_POINT('',#8117);
#3556=VERTEX_POINT('',#8119);
#3557=VERTEX_POINT('',#8129);
#3558=VERTEX_POINT('',#8131);
#3559=VERTEX_POINT('',#8135);
#3560=VERTEX_POINT('',#8137);
#3561=VERTEX_POINT('',#8139);
#3562=VERTEX_POINT('',#8141);
#3563=VERTEX_POINT('',#8145);
#3564=VERTEX_POINT('',#8147);
#3565=VERTEX_POINT('',#8149);
#3566=VERTEX_POINT('',#8151);
#3567=VERTEX_POINT('',#8155);
#3568=VERTEX_POINT('',#8157);
#3569=VERTEX_POINT('',#8159);
#3570=VERTEX_POINT('',#8161);
#3571=VERTEX_POINT('',#8165);
#3572=VERTEX_POINT('',#8167);
#3573=VERTEX_POINT('',#8169);
#3574=VERTEX_POINT('',#8171);
#3575=VERTEX_POINT('',#8175);
#3576=VERTEX_POINT('',#8177);
#3577=VERTEX_POINT('',#8181);
#3578=VERTEX_POINT('',#8183);
#3579=VERTEX_POINT('',#8189);
#3580=VERTEX_POINT('',#8191);
#3581=VERTEX_POINT('',#8195);
#3582=VERTEX_POINT('',#8196);
#3583=VERTEX_POINT('',#8201);
#3584=VERTEX_POINT('',#8203);
#3585=VERTEX_POINT('',#8209);
#3586=VERTEX_POINT('',#8213);
#3587=VERTEX_POINT('',#8217);
#3588=VERTEX_POINT('',#8219);
#3589=VERTEX_POINT('',#8221);
#3590=VERTEX_POINT('',#8224);
#3591=VERTEX_POINT('',#8226);
#3592=VERTEX_POINT('',#8228);
#3593=VERTEX_POINT('',#8230);
#3594=VERTEX_POINT('',#8234);
#3595=VERTEX_POINT('',#8236);
#3596=VERTEX_POINT('',#8238);
#3597=VERTEX_POINT('',#8240);
#3598=VERTEX_POINT('',#8242);
#3599=VERTEX_POINT('',#8245);
#3600=VERTEX_POINT('',#8247);
#3601=VERTEX_POINT('',#8251);
#3602=VERTEX_POINT('',#8254);
#3603=VERTEX_POINT('',#8259);
#3604=VERTEX_POINT('',#8266);
#3605=VERTEX_POINT('',#8272);
#3606=VERTEX_POINT('',#8276);
#3607=VERTEX_POINT('',#8280);
#3608=VERTEX_POINT('',#8282);
#3609=VERTEX_POINT('',#8284);
#3610=VERTEX_POINT('',#8286);
#3611=VERTEX_POINT('',#8288);
#3612=VERTEX_POINT('',#8291);
#3613=VERTEX_POINT('',#8293);
#3614=VERTEX_POINT('',#8297);
#3615=VERTEX_POINT('',#8298);
#3616=VERTEX_POINT('',#8303);
#3617=VERTEX_POINT('',#8308);
#3618=VERTEX_POINT('',#8312);
#3619=VERTEX_POINT('',#8314);
#3620=VERTEX_POINT('',#8316);
#3621=VERTEX_POINT('',#8318);
#3622=VERTEX_POINT('',#8320);
#3623=VERTEX_POINT('',#8323);
#3624=VERTEX_POINT('',#8325);
#3625=VERTEX_POINT('',#8329);
#3626=VERTEX_POINT('',#8332);
#3627=VERTEX_POINT('',#8339);
#3628=VERTEX_POINT('',#8342);
#3629=VERTEX_POINT('',#8349);
#3630=VERTEX_POINT('',#8352);
#3631=VERTEX_POINT('',#8369);
#3632=VERTEX_POINT('',#8372);
#3633=VERTEX_POINT('',#8388);
#3634=VERTEX_POINT('',#8391);
#3635=VERTEX_POINT('',#8395);
#3636=VERTEX_POINT('',#8410);
#3637=VERTEX_POINT('',#8413);
#3638=VERTEX_POINT('',#8429);
#3639=VERTEX_POINT('',#8432);
#3640=VERTEX_POINT('',#8451);
#3641=VERTEX_POINT('',#8452);
#3642=VERTEX_POINT('',#8454);
#3643=VERTEX_POINT('',#8456);
#3644=VERTEX_POINT('',#8460);
#3645=VERTEX_POINT('',#8461);
#3646=VERTEX_POINT('',#8463);
#3647=VERTEX_POINT('',#8465);
#3648=VERTEX_POINT('',#8469);
#3649=VERTEX_POINT('',#8470);
#3650=VERTEX_POINT('',#8472);
#3651=VERTEX_POINT('',#8474);
#3652=VERTEX_POINT('',#8478);
#3653=VERTEX_POINT('',#8479);
#3654=VERTEX_POINT('',#8481);
#3655=VERTEX_POINT('',#8483);
#3656=VERTEX_POINT('',#8519);
#3657=VERTEX_POINT('',#8523);
#3658=VERTEX_POINT('',#8525);
#3659=VERTEX_POINT('',#8527);
#3660=VERTEX_POINT('',#8529);
#3661=VERTEX_POINT('',#8538);
#3662=VERTEX_POINT('',#8547);
#3663=VERTEX_POINT('',#8550);
#3664=VERTEX_POINT('',#8569);
#3665=VERTEX_POINT('',#8572);
#3666=VERTEX_POINT('',#8589);
#3667=VERTEX_POINT('',#8606);
#3668=VERTEX_POINT('',#8623);
#3669=VERTEX_POINT('',#8626);
#3670=VERTEX_POINT('',#8645);
#3671=VERTEX_POINT('',#8651);
#3672=VERTEX_POINT('',#8653);
#3673=VERTEX_POINT('',#8659);
#3674=VERTEX_POINT('',#8677);
#3675=VERTEX_POINT('',#8678);
#3676=VERTEX_POINT('',#8680);
#3677=VERTEX_POINT('',#8682);
#3678=VERTEX_POINT('',#8686);
#3679=VERTEX_POINT('',#8688);
#3680=VERTEX_POINT('',#8692);
#3681=VERTEX_POINT('',#8696);
#3682=CIRCLE('',#5076,0.0360000000000019);
#3683=CIRCLE('',#5077,0.036);
#3684=CIRCLE('',#5078,0.036);
#3685=CIRCLE('',#5079,0.036);
#3686=CIRCLE('',#5080,0.036);
#3687=CIRCLE('',#5081,0.036);
#3688=CIRCLE('',#5082,0.036);
#3689=CIRCLE('',#5083,0.036);
#3690=CIRCLE('',#5084,0.036);
#3691=CIRCLE('',#5085,0.036);
#3692=CIRCLE('',#5086,0.036);
#3693=CIRCLE('',#5087,0.036);
#3694=CIRCLE('',#5088,0.036);
#3695=CIRCLE('',#5089,0.036);
#3696=CIRCLE('',#5090,0.036);
#3697=CIRCLE('',#5091,0.036);
#3698=CIRCLE('',#5093,0.036);
#3699=CIRCLE('',#5094,0.036);
#3700=CIRCLE('',#5096,0.042);
#3701=CIRCLE('',#5097,0.038);
#3702=CIRCLE('',#5099,0.0011);
#3703=CIRCLE('',#5100,0.0011);
#3704=CIRCLE('',#5106,0.0175);
#3705=CIRCLE('',#5107,0.0175);
#3706=CIRCLE('',#5108,0.0345);
#3707=CIRCLE('',#5109,0.0215012216721669);
#3708=CIRCLE('',#5110,0.0175);
#3709=CIRCLE('',#5112,0.038);
#3710=CIRCLE('',#5113,0.038);
#3711=CIRCLE('',#5114,0.0379999999999991);
#3712=CIRCLE('',#5115,0.0379999999999991);
#3713=CIRCLE('',#5116,0.038);
#3714=CIRCLE('',#5117,0.037999999999998);
#3715=CIRCLE('',#5118,0.037999999999998);
#3716=CIRCLE('',#5119,0.038);
#3717=CIRCLE('',#5120,0.0379999999999991);
#3718=CIRCLE('',#5121,0.0379999999999991);
#3719=CIRCLE('',#5122,0.038);
#3720=CIRCLE('',#5123,0.037999999999998);
#3721=CIRCLE('',#5124,0.037999999999998);
#3722=CIRCLE('',#5125,0.038);
#3723=CIRCLE('',#5126,0.0379999999999991);
#3724=CIRCLE('',#5127,0.0379999999999991);
#3725=CIRCLE('',#5128,0.038);
#3726=CIRCLE('',#5129,0.037999999999998);
#3727=CIRCLE('',#5130,0.037999999999998);
#3728=CIRCLE('',#5131,0.038);
#3729=CIRCLE('',#5132,0.0379999999999991);
#3730=CIRCLE('',#5133,0.0379999999999991);
#3731=CIRCLE('',#5134,0.038);
#3732=CIRCLE('',#5135,0.037999999999998);
#3733=CIRCLE('',#5136,0.037999999999998);
#3734=CIRCLE('',#5137,0.038);
#3735=CIRCLE('',#5138,0.0379999999999991);
#3736=CIRCLE('',#5139,0.0379999999999991);
#3737=CIRCLE('',#5140,0.038);
#3738=CIRCLE('',#5141,0.037999999999998);
#3739=CIRCLE('',#5142,0.037999999999998);
#3740=CIRCLE('',#5143,0.038);
#3741=CIRCLE('',#5144,0.038);
#3742=CIRCLE('',#5145,0.038);
#3743=CIRCLE('',#5146,0.038);
#3744=CIRCLE('',#5148,0.0011);
#3745=CIRCLE('',#5149,0.0011);
#3746=CIRCLE('',#5150,0.0011);
#3747=CIRCLE('',#5151,0.0011);
#3748=CIRCLE('',#5152,0.0011);
#3749=CIRCLE('',#5153,0.0011);
#3750=CIRCLE('',#5155,0.0011);
#3751=CIRCLE('',#5156,0.0011);
#3752=CIRCLE('',#5157,0.0011);
#3753=CIRCLE('',#5158,0.0011);
#3754=CIRCLE('',#5159,0.0011);
#3755=CIRCLE('',#5160,0.0011);
#3756=CIRCLE('',#5163,0.0011);
#3757=CIRCLE('',#5164,0.0011);
#3758=CIRCLE('',#5168,0.0419999999999989);
#3759=CIRCLE('',#5169,0.042);
#3760=CIRCLE('',#5170,0.0419999999999991);
#3761=CIRCLE('',#5171,0.0419999999999991);
#3762=CIRCLE('',#5172,0.042);
#3763=CIRCLE('',#5173,0.0419999999999989);
#3764=CIRCLE('',#5175,0.0419999999999991);
#3765=CIRCLE('',#5176,0.0419999999999991);
#3766=CIRCLE('',#5177,0.042);
#3767=CIRCLE('',#5178,0.0419999999999989);
#3768=CIRCLE('',#5179,0.0419999999999989);
#3769=CIRCLE('',#5180,0.042);
#3770=CIRCLE('',#5182,0.0011);
#3771=CIRCLE('',#5183,0.0011);
#3772=CIRCLE('',#5185,0.0011);
#3773=CIRCLE('',#5186,0.0011);
#3774=CIRCLE('',#5188,0.0011);
#3775=CIRCLE('',#5189,0.0011);
#3776=CIRCLE('',#5190,0.0011);
#3777=CIRCLE('',#5191,0.0011);
#3778=CIRCLE('',#5192,0.0011);
#3779=CIRCLE('',#5193,0.0011);
#3780=CIRCLE('',#5194,0.0011);
#3781=CIRCLE('',#5195,0.0011);
#3782=CIRCLE('',#5196,0.038);
#3783=CIRCLE('',#5197,0.038);
#3784=CIRCLE('',#5198,0.042);
#3785=CIRCLE('',#5199,0.038);
#3786=CIRCLE('',#5200,0.042);
#3787=CIRCLE('',#5201,0.038);
#3788=CIRCLE('',#5202,0.042);
#3789=CIRCLE('',#5203,0.038);
#3790=CIRCLE('',#5205,0.0011);
#3791=CIRCLE('',#5206,0.038);
#3792=CIRCLE('',#5207,0.0011);
#3793=CIRCLE('',#5209,0.0011);
#3794=CIRCLE('',#5210,0.0011);
#3795=CIRCLE('',#5211,0.038);
#3796=CIRCLE('',#5215,0.0419999999999991);
#3797=CIRCLE('',#5216,0.0419999999999991);
#3798=CIRCLE('',#5217,0.042);
#3799=CIRCLE('',#5218,0.0419999999999989);
#3800=CIRCLE('',#5219,0.0419999999999989);
#3801=CIRCLE('',#5221,0.0011);
#3802=CIRCLE('',#5223,0.0011);
#3803=CIRCLE('',#5225,0.0011);
#3804=CIRCLE('',#5226,0.038);
#3805=CIRCLE('',#5227,0.038);
#3806=CIRCLE('',#5231,0.0419999999999991);
#3807=CIRCLE('',#5232,0.0419999999999991);
#3808=CIRCLE('',#5233,0.042);
#3809=CIRCLE('',#5234,0.0419999999999989);
#3810=CIRCLE('',#5235,0.0419999999999989);
#3811=CIRCLE('',#5237,0.0011);
#3812=CIRCLE('',#5239,0.0011);
#3813=CIRCLE('',#5241,0.0011);
#3814=CIRCLE('',#5242,0.0011);
#3815=CIRCLE('',#5243,0.038);
#3816=CIRCLE('',#5248,0.042);
#3817=CIRCLE('',#5249,0.0379999999999979);
#3818=CIRCLE('',#5250,0.0379999999999979);
#3819=CIRCLE('',#5252,0.0011);
#3820=CIRCLE('',#5253,0.0011);
#3821=CIRCLE('',#5254,0.0011);
#3822=CIRCLE('',#5255,0.0011);
#3823=CIRCLE('',#5256,0.0011);
#3824=CIRCLE('',#5257,0.0011);
#3825=CIRCLE('',#5258,0.0011);
#3826=CIRCLE('',#5259,0.0011);
#3827=CIRCLE('',#5260,0.042);
#3828=CIRCLE('',#5261,0.042);
#3829=CIRCLE('',#5262,0.042);
#3830=CIRCLE('',#5263,0.042);
#3831=CIRCLE('',#5264,0.042);
#3832=CIRCLE('',#5265,0.0379999999999979);
#3833=CIRCLE('',#5266,0.0379999999999979);
#3834=CIRCLE('',#5267,0.0095);
#3835=CIRCLE('',#5271,0.0419999999999991);
#3836=CIRCLE('',#5272,0.0419999999999991);
#3837=CIRCLE('',#5273,0.042);
#3838=CIRCLE('',#5274,0.0419999999999989);
#3839=CIRCLE('',#5275,0.0419999999999989);
#3840=CIRCLE('',#5277,0.0011);
#3841=CIRCLE('',#5279,0.0011);
#3842=CIRCLE('',#5281,0.0011);
#3843=CIRCLE('',#5282,0.0011);
#3844=CIRCLE('',#5283,0.038);
#3845=CIRCLE('',#5287,0.042);
#3846=CIRCLE('',#5291,0.0011);
#3847=CIRCLE('',#5293,0.0011);
#3848=CIRCLE('',#5301,0.038);
#3849=CIRCLE('',#5302,0.038);
#3850=CIRCLE('',#5303,0.038);
#3851=CIRCLE('',#5304,0.038);
#3852=CIRCLE('',#5305,0.038);
#3853=CIRCLE('',#5306,0.037999999999998);
#3854=CIRCLE('',#5307,0.037999999999998);
#3855=CIRCLE('',#5308,0.0379999999999991);
#3856=CIRCLE('',#5309,0.0379999999999991);
#3857=CIRCLE('',#5310,0.037999999999998);
#3858=CIRCLE('',#5311,0.037999999999998);
#3859=CIRCLE('',#5312,0.0379999999999991);
#3860=CIRCLE('',#5313,0.0379999999999991);
#3861=CIRCLE('',#5314,0.037999999999998);
#3862=CIRCLE('',#5315,0.037999999999998);
#3863=CIRCLE('',#5316,0.0379999999999991);
#3864=CIRCLE('',#5317,0.0379999999999991);
#3865=CIRCLE('',#5318,0.037999999999998);
#3866=CIRCLE('',#5319,0.037999999999998);
#3867=CIRCLE('',#5320,0.0379999999999991);
#3868=CIRCLE('',#5321,0.0379999999999991);
#3869=CIRCLE('',#5322,0.037999999999998);
#3870=CIRCLE('',#5323,0.037999999999998);
#3871=CIRCLE('',#5324,0.0379999999999991);
#3872=CIRCLE('',#5325,0.0379999999999991);
#3873=CIRCLE('',#5330,0.0011);
#3874=CIRCLE('',#5331,0.0011);
#3875=CIRCLE('',#5332,0.042);
#3876=CIRCLE('',#5334,0.0011);
#3877=CIRCLE('',#5335,0.0011);
#3878=CIRCLE('',#5336,0.042);
#3879=CIRCLE('',#5338,0.0011);
#3880=CIRCLE('',#5339,0.0011);
#3881=CIRCLE('',#5340,0.042);
#3882=CIRCLE('',#5342,0.0011);
#3883=CIRCLE('',#5343,0.0011);
#3884=CIRCLE('',#5344,0.042);
#3885=CIRCLE('',#5346,0.0419999999999989);
#3886=CIRCLE('',#5348,0.0419999999999989);
#3887=CIRCLE('',#5352,0.037999999999998);
#3888=CIRCLE('',#5354,0.037999999999998);
#3889=CIRCLE('',#5359,0.0419999999999989);
#3890=CIRCLE('',#5360,0.0419999999999989);
#3891=CIRCLE('',#5361,0.0419999999999991);
#3892=CIRCLE('',#5362,0.0419999999999991);
#3893=CIRCLE('',#5364,0.0419999999999991);
#3894=CIRCLE('',#5365,0.0419999999999989);
#3895=CIRCLE('',#5366,0.0419999999999989);
#3896=CIRCLE('',#5367,0.0419999999999991);
#3897=CIRCLE('',#5369,0.0011);
#3898=CIRCLE('',#5371,0.0011);
#3899=CIRCLE('',#5375,0.0419999999999991);
#3900=CIRCLE('',#5376,0.0419999999999991);
#3901=CIRCLE('',#5379,0.0011);
#3902=CIRCLE('',#5383,0.0419999999999991);
#3903=CIRCLE('',#5384,0.0419999999999989);
#3904=CIRCLE('',#5385,0.0419999999999989);
#3905=CIRCLE('',#5386,0.0419999999999991);
#3906=CIRCLE('',#5388,0.0379999999999991);
#3907=CIRCLE('',#5389,0.0379999999999991);
#3908=CIRCLE('',#5391,0.0011);
#3909=CIRCLE('',#5395,0.0419999999999991);
#3910=CIRCLE('',#5396,0.0419999999999989);
#3911=CIRCLE('',#5397,0.0419999999999989);
#3912=CIRCLE('',#5398,0.0419999999999991);
#3913=CIRCLE('',#5400,0.0011);
#3914=CIRCLE('',#5402,0.0011);
#3915=CIRCLE('',#5406,0.0011);
#3916=CIRCLE('',#5408,0.0011);
#3917=CIRCLE('',#5412,0.0011);
#3918=CIRCLE('',#5414,0.0011);
#3919=CIRCLE('',#5424,0.0011);
#3920=CIRCLE('',#5426,0.0011);
#3921=CIRCLE('',#5436,0.0011);
#3922=CIRCLE('',#5446,0.0011);
#3923=CIRCLE('',#5448,0.0011);
#3924=CIRCLE('',#5458,0.0011);
#3925=CIRCLE('',#5460,0.0011);
#3926=CIRCLE('',#5472,0.04);
#3927=CIRCLE('',#5473,0.04);
#3928=CIRCLE('',#5475,0.04);
#3929=CIRCLE('',#5476,0.04);
#3930=CIRCLE('',#5478,0.04);
#3931=CIRCLE('',#5479,0.04);
#3932=CIRCLE('',#5481,0.04);
#3933=CIRCLE('',#5482,0.04);
#3934=CIRCLE('',#5499,0.0095);
#3935=CIRCLE('',#5502,0.0016);
#3936=CIRCLE('',#5503,0.0016);
#3937=CIRCLE('',#5504,0.0016);
#3938=CIRCLE('',#5505,0.0016);
#3939=CIRCLE('',#5513,0.042);
#3940=CIRCLE('',#5518,0.0011);
#3941=CIRCLE('',#5520,0.0011);
#3942=CIRCLE('',#5528,0.042);
#3943=CIRCLE('',#5532,0.0011);
#3944=CIRCLE('',#5534,0.0011);
#3945=CIRCLE('',#5544,0.0011);
#3946=CIRCLE('',#5554,0.0011);
#3947=CIRCLE('',#5564,0.0011);
#3948=CIRCLE('',#5566,0.0011);
#3949=CIRCLE('',#5578,0.042);
#3950=CIRCLE('',#5580,0.042);
#3951=CIRCLE('',#5581,0.042);
#3952=CIRCLE('',#5595,0.04);
#3953=CIRCLE('',#5598,0.04);
#3954=EDGE_LOOP('',(#1058,#1059,#1060,#1061,#1062,#1063,#1064,#1065,#1066,
#1067,#1068,#1069,#1070,#1071,#1072,#1073,#1074,#1075,#1076,#1077,#1078,
#1079,#1080,#1081,#1082,#1083));
#3955=EDGE_LOOP('',(#1084));
#3956=EDGE_LOOP('',(#1085,#1086,#1087,#1088));
#3957=EDGE_LOOP('',(#1089,#1090,#1091,#1092));
#3958=EDGE_LOOP('',(#1093,#1094,#1095,#1096));
#3959=EDGE_LOOP('',(#1097));
#3960=EDGE_LOOP('',(#1098));
#3961=EDGE_LOOP('',(#1099,#1100,#1101,#1102,#1103,#1104));
#3962=EDGE_LOOP('',(#1105,#1106,#1107,#1108));
#3963=EDGE_LOOP('',(#1109,#1110,#1111,#1112));
#3964=EDGE_LOOP('',(#1113,#1114,#1115,#1116));
#3965=EDGE_LOOP('',(#1117,#1118,#1119,#1120,#1121,#1122));
#3966=EDGE_LOOP('',(#1123));
#3967=EDGE_LOOP('',(#1124));
#3968=EDGE_LOOP('',(#1125));
#3969=EDGE_LOOP('',(#1126));
#3970=EDGE_LOOP('',(#1127));
#3971=EDGE_LOOP('',(#1128,#1129,#1130,#1131,#1132,#1133,#1134));
#3972=EDGE_LOOP('',(#1135,#1136,#1137,#1138,#1139,#1140,#1141,#1142,#1143,
#1144,#1145,#1146,#1147,#1148,#1149,#1150,#1151,#1152,#1153,#1154,#1155,
#1156,#1157,#1158,#1159,#1160,#1161,#1162,#1163,#1164,#1165,#1166,#1167,
#1168,#1169,#1170,#1171,#1172,#1173,#1174,#1175,#1176,#1177,#1178,#1179,
#1180,#1181,#1182,#1183,#1184,#1185,#1186,#1187,#1188,#1189,#1190,#1191,
#1192,#1193,#1194,#1195,#1196,#1197,#1198,#1199,#1200,#1201,#1202,#1203,
#1204,#1205));
#3973=EDGE_LOOP('',(#1206));
#3974=EDGE_LOOP('',(#1207,#1208,#1209,#1210));
#3975=EDGE_LOOP('',(#1211,#1212,#1213,#1214,#1215,#1216));
#3976=EDGE_LOOP('',(#1217));
#3977=EDGE_LOOP('',(#1218,#1219,#1220,#1221));
#3978=EDGE_LOOP('',(#1222,#1223,#1224,#1225,#1226,#1227));
#3979=EDGE_LOOP('',(#1228,#1229,#1230,#1231));
#3980=EDGE_LOOP('',(#1232));
#3981=EDGE_LOOP('',(#1233));
#3982=EDGE_LOOP('',(#1234,#1235,#1236,#1237));
#3983=EDGE_LOOP('',(#1238,#1239,#1240,#1241));
#3984=EDGE_LOOP('',(#1242,#1243,#1244,#1245,#1246,#1247,#1248,#1249,#1250,
#1251,#1252,#1253));
#3985=EDGE_LOOP('',(#1254,#1255,#1256,#1257,#1258,#1259,#1260,#1261,#1262,
#1263,#1264,#1265));
#3986=EDGE_LOOP('',(#1266));
#3987=EDGE_LOOP('',(#1267));
#3988=EDGE_LOOP('',(#1268));
#3989=EDGE_LOOP('',(#1269));
#3990=EDGE_LOOP('',(#1270));
#3991=EDGE_LOOP('',(#1271));
#3992=EDGE_LOOP('',(#1272));
#3993=EDGE_LOOP('',(#1273));
#3994=EDGE_LOOP('',(#1274));
#3995=EDGE_LOOP('',(#1275));
#3996=EDGE_LOOP('',(#1276));
#3997=EDGE_LOOP('',(#1277));
#3998=EDGE_LOOP('',(#1278));
#3999=EDGE_LOOP('',(#1279,#1280,#1281,#1282,#1283,#1284,#1285,#1286,#1287,
#1288,#1289,#1290,#1291,#1292,#1293,#1294,#1295,#1296,#1297,#1298));
#4000=EDGE_LOOP('',(#1299));
#4001=EDGE_LOOP('',(#1300));
#4002=EDGE_LOOP('',(#1301));
#4003=EDGE_LOOP('',(#1302,#1303,#1304,#1305));
#4004=EDGE_LOOP('',(#1306));
#4005=EDGE_LOOP('',(#1307));
#4006=EDGE_LOOP('',(#1308));
#4007=EDGE_LOOP('',(#1309,#1310,#1311,#1312));
#4008=EDGE_LOOP('',(#1313,#1314,#1315,#1316));
#4009=EDGE_LOOP('',(#1317,#1318,#1319,#1320));
#4010=EDGE_LOOP('',(#1321,#1322,#1323,#1324,#1325,#1326,#1327,#1328,#1329,
#1330,#1331,#1332));
#4011=EDGE_LOOP('',(#1333));
#4012=EDGE_LOOP('',(#1334));
#4013=EDGE_LOOP('',(#1335));
#4014=EDGE_LOOP('',(#1336));
#4015=EDGE_LOOP('',(#1337));
#4016=EDGE_LOOP('',(#1338,#1339,#1340,#1341,#1342,#1343,#1344,#1345,#1346,
#1347));
#4017=EDGE_LOOP('',(#1348));
#4018=EDGE_LOOP('',(#1349,#1350,#1351,#1352));
#4019=EDGE_LOOP('',(#1353,#1354,#1355,#1356));
#4020=EDGE_LOOP('',(#1357,#1358,#1359,#1360,#1361,#1362,#1363,#1364,#1365,
#1366,#1367,#1368));
#4021=EDGE_LOOP('',(#1369));
#4022=EDGE_LOOP('',(#1370));
#4023=EDGE_LOOP('',(#1371));
#4024=EDGE_LOOP('',(#1372));
#4025=EDGE_LOOP('',(#1373));
#4026=EDGE_LOOP('',(#1374));
#4027=EDGE_LOOP('',(#1375,#1376,#1377,#1378));
#4028=EDGE_LOOP('',(#1379,#1380,#1381,#1382));
#4029=EDGE_LOOP('',(#1383,#1384,#1385,#1386));
#4030=EDGE_LOOP('',(#1387,#1388,#1389,#1390));
#4031=EDGE_LOOP('',(#1391,#1392,#1393,#1394,#1395,#1396,#1397,#1398,#1399,
#1400,#1401,#1402,#1403,#1404,#1405,#1406));
#4032=EDGE_LOOP('',(#1407));
#4033=EDGE_LOOP('',(#1408));
#4034=EDGE_LOOP('',(#1409));
#4035=EDGE_LOOP('',(#1410));
#4036=EDGE_LOOP('',(#1411));
#4037=EDGE_LOOP('',(#1412));
#4038=EDGE_LOOP('',(#1413));
#4039=EDGE_LOOP('',(#1414));
#4040=EDGE_LOOP('',(#1415,#1416,#1417,#1418,#1419,#1420,#1421,#1422,#1423,
#1424,#1425,#1426,#1427,#1428,#1429,#1430,#1431,#1432,#1433,#1434));
#4041=EDGE_LOOP('',(#1435));
#4042=EDGE_LOOP('',(#1436,#1437,#1438,#1439,#1440,#1441));
#4043=EDGE_LOOP('',(#1442));
#4044=EDGE_LOOP('',(#1443));
#4045=EDGE_LOOP('',(#1444,#1445,#1446,#1447));
#4046=EDGE_LOOP('',(#1448,#1449,#1450,#1451));
#4047=EDGE_LOOP('',(#1452,#1453,#1454,#1455,#1456,#1457,#1458,#1459,#1460,
#1461,#1462,#1463));
#4048=EDGE_LOOP('',(#1464));
#4049=EDGE_LOOP('',(#1465));
#4050=EDGE_LOOP('',(#1466));
#4051=EDGE_LOOP('',(#1467));
#4052=EDGE_LOOP('',(#1468));
#4053=EDGE_LOOP('',(#1469));
#4054=EDGE_LOOP('',(#1470,#1471,#1472,#1473));
#4055=EDGE_LOOP('',(#1474,#1475,#1476));
#4056=EDGE_LOOP('',(#1477,#1478,#1479,#1480,#1481));
#4057=EDGE_LOOP('',(#1482,#1483,#1484,#1485,#1486,#1487,#1488,#1489));
#4058=EDGE_LOOP('',(#1490));
#4059=EDGE_LOOP('',(#1491,#1492,#1493,#1494));
#4060=EDGE_LOOP('',(#1495,#1496,#1497,#1498));
#4061=EDGE_LOOP('',(#1499));
#4062=EDGE_LOOP('',(#1500));
#4063=EDGE_LOOP('',(#1501));
#4064=EDGE_LOOP('',(#1502));
#4065=EDGE_LOOP('',(#1503,#1504,#1505,#1506,#1507,#1508,#1509,#1510,#1511,
#1512,#1513,#1514,#1515,#1516,#1517,#1518));
#4066=EDGE_LOOP('',(#1519,#1520,#1521,#1522,#1523,#1524,#1525,#1526,#1527,
#1528,#1529,#1530,#1531,#1532,#1533,#1534));
#4067=EDGE_LOOP('',(#1535,#1536,#1537,#1538));
#4068=EDGE_LOOP('',(#1539,#1540,#1541,#1542));
#4069=EDGE_LOOP('',(#1543,#1544,#1545,#1546));
#4070=EDGE_LOOP('',(#1547,#1548,#1549,#1550));
#4071=EDGE_LOOP('',(#1551,#1552,#1553,#1554));
#4072=EDGE_LOOP('',(#1555,#1556,#1557,#1558,#1559,#1560,#1561,#1562,#1563,
#1564,#1565,#1566,#1567,#1568,#1569,#1570,#1571,#1572,#1573,#1574,#1575,
#1576,#1577,#1578,#1579,#1580,#1581,#1582,#1583,#1584,#1585,#1586,#1587,
#1588,#1589,#1590,#1591,#1592,#1593,#1594,#1595,#1596,#1597,#1598,#1599,
#1600,#1601,#1602,#1603,#1604,#1605,#1606,#1607,#1608,#1609,#1610,#1611,
#1612,#1613,#1614,#1615,#1616,#1617,#1618,#1619,#1620,#1621));
#4073=EDGE_LOOP('',(#1622,#1623,#1624,#1625));
#4074=EDGE_LOOP('',(#1626,#1627,#1628,#1629));
#4075=EDGE_LOOP('',(#1630,#1631,#1632,#1633));
#4076=EDGE_LOOP('',(#1634));
#4077=EDGE_LOOP('',(#1635));
#4078=EDGE_LOOP('',(#1636,#1637,#1638,#1639));
#4079=EDGE_LOOP('',(#1640));
#4080=EDGE_LOOP('',(#1641));
#4081=EDGE_LOOP('',(#1642,#1643,#1644,#1645));
#4082=EDGE_LOOP('',(#1646));
#4083=EDGE_LOOP('',(#1647));
#4084=EDGE_LOOP('',(#1648,#1649,#1650,#1651));
#4085=EDGE_LOOP('',(#1652));
#4086=EDGE_LOOP('',(#1653));
#4087=EDGE_LOOP('',(#1654,#1655,#1656,#1657));
#4088=EDGE_LOOP('',(#1658,#1659,#1660,#1661,#1662,#1663,#1664));
#4089=EDGE_LOOP('',(#1665,#1666,#1667,#1668,#1669,#1670,#1671));
#4090=EDGE_LOOP('',(#1672,#1673,#1674,#1675));
#4091=EDGE_LOOP('',(#1676,#1677,#1678,#1679));
#4092=EDGE_LOOP('',(#1680,#1681,#1682,#1683));
#4093=EDGE_LOOP('',(#1684,#1685,#1686,#1687));
#4094=EDGE_LOOP('',(#1688,#1689,#1690,#1691));
#4095=EDGE_LOOP('',(#1692,#1693,#1694,#1695));
#4096=EDGE_LOOP('',(#1696,#1697,#1698,#1699));
#4097=EDGE_LOOP('',(#1700,#1701,#1702,#1703,#1704,#1705,#1706,#1707,#1708,
#1709,#1710,#1711));
#4098=EDGE_LOOP('',(#1712,#1713,#1714,#1715,#1716,#1717,#1718,#1719,#1720,
#1721,#1722,#1723));
#4099=EDGE_LOOP('',(#1724));
#4100=EDGE_LOOP('',(#1725));
#4101=EDGE_LOOP('',(#1726));
#4102=EDGE_LOOP('',(#1727));
#4103=EDGE_LOOP('',(#1728,#1729,#1730,#1731));
#4104=EDGE_LOOP('',(#1732,#1733,#1734,#1735));
#4105=EDGE_LOOP('',(#1736,#1737,#1738,#1739,#1740,#1741,#1742,#1743,#1744,
#1745,#1746,#1747));
#4106=EDGE_LOOP('',(#1748,#1749,#1750,#1751,#1752,#1753,#1754,#1755));
#4107=EDGE_LOOP('',(#1756));
#4108=EDGE_LOOP('',(#1757));
#4109=EDGE_LOOP('',(#1758,#1759,#1760,#1761));
#4110=EDGE_LOOP('',(#1762,#1763,#1764,#1765));
#4111=EDGE_LOOP('',(#1766,#1767,#1768,#1769,#1770,#1771,#1772,#1773,#1774,
#1775,#1776,#1777));
#4112=EDGE_LOOP('',(#1778,#1779,#1780,#1781,#1782,#1783,#1784,#1785));
#4113=EDGE_LOOP('',(#1786));
#4114=EDGE_LOOP('',(#1787));
#4115=EDGE_LOOP('',(#1788,#1789,#1790,#1791));
#4116=EDGE_LOOP('',(#1792,#1793,#1794,#1795));
#4117=EDGE_LOOP('',(#1796,#1797,#1798,#1799,#1800,#1801,#1802,#1803,#1804,
#1805,#1806,#1807));
#4118=EDGE_LOOP('',(#1808));
#4119=EDGE_LOOP('',(#1809));
#4120=EDGE_LOOP('',(#1810));
#4121=EDGE_LOOP('',(#1811));
#4122=EDGE_LOOP('',(#1812,#1813,#1814,#1815));
#4123=EDGE_LOOP('',(#1816,#1817,#1818,#1819));
#4124=EDGE_LOOP('',(#1820));
#4125=EDGE_LOOP('',(#1821));
#4126=EDGE_LOOP('',(#1822));
#4127=EDGE_LOOP('',(#1823));
#4128=EDGE_LOOP('',(#1824,#1825,#1826,#1827));
#4129=EDGE_LOOP('',(#1828,#1829,#1830,#1831));
#4130=EDGE_LOOP('',(#1832));
#4131=EDGE_LOOP('',(#1833));
#4132=EDGE_LOOP('',(#1834));
#4133=EDGE_LOOP('',(#1835));
#4134=EDGE_LOOP('',(#1836,#1837,#1838,#1839));
#4135=EDGE_LOOP('',(#1840));
#4136=EDGE_LOOP('',(#1841,#1842,#1843,#1844));
#4137=EDGE_LOOP('',(#1845));
#4138=EDGE_LOOP('',(#1846,#1847,#1848,#1849));
#4139=EDGE_LOOP('',(#1850,#1851,#1852,#1853));
#4140=EDGE_LOOP('',(#1854));
#4141=EDGE_LOOP('',(#1855,#1856,#1857,#1858));
#4142=EDGE_LOOP('',(#1859));
#4143=EDGE_LOOP('',(#1860,#1861,#1862,#1863));
#4144=EDGE_LOOP('',(#1864,#1865,#1866,#1867));
#4145=EDGE_LOOP('',(#1868,#1869,#1870,#1871));
#4146=EDGE_LOOP('',(#1872));
#4147=EDGE_LOOP('',(#1873));
#4148=EDGE_LOOP('',(#1874));
#4149=EDGE_LOOP('',(#1875));
#4150=EDGE_LOOP('',(#1876,#1877,#1878,#1879));
#4151=EDGE_LOOP('',(#1880));
#4152=EDGE_LOOP('',(#1881,#1882,#1883,#1884));
#4153=EDGE_LOOP('',(#1885));
#4154=EDGE_LOOP('',(#1886,#1887,#1888,#1889));
#4155=EDGE_LOOP('',(#1890,#1891,#1892,#1893));
#4156=EDGE_LOOP('',(#1894));
#4157=EDGE_LOOP('',(#1895,#1896,#1897,#1898));
#4158=EDGE_LOOP('',(#1899));
#4159=EDGE_LOOP('',(#1900,#1901,#1902,#1903));
#4160=EDGE_LOOP('',(#1904,#1905,#1906,#1907));
#4161=EDGE_LOOP('',(#1908,#1909,#1910,#1911));
#4162=EDGE_LOOP('',(#1912));
#4163=EDGE_LOOP('',(#1913));
#4164=EDGE_LOOP('',(#1914,#1915,#1916,#1917));
#4165=EDGE_LOOP('',(#1918,#1919,#1920,#1921));
#4166=EDGE_LOOP('',(#1922,#1923,#1924,#1925));
#4167=EDGE_LOOP('',(#1926,#1927,#1928,#1929));
#4168=EDGE_LOOP('',(#1930));
#4169=EDGE_LOOP('',(#1931,#1932,#1933,#1934));
#4170=EDGE_LOOP('',(#1935));
#4171=EDGE_LOOP('',(#1936,#1937,#1938,#1939));
#4172=EDGE_LOOP('',(#1940,#1941,#1942,#1943));
#4173=EDGE_LOOP('',(#1944,#1945,#1946,#1947));
#4174=EDGE_LOOP('',(#1948));
#4175=EDGE_LOOP('',(#1949));
#4176=EDGE_LOOP('',(#1950));
#4177=EDGE_LOOP('',(#1951));
#4178=EDGE_LOOP('',(#1952,#1953,#1954,#1955));
#4179=EDGE_LOOP('',(#1956));
#4180=EDGE_LOOP('',(#1957,#1958,#1959,#1960));
#4181=EDGE_LOOP('',(#1961));
#4182=EDGE_LOOP('',(#1962,#1963,#1964,#1965));
#4183=EDGE_LOOP('',(#1966,#1967,#1968,#1969));
#4184=EDGE_LOOP('',(#1970,#1971,#1972,#1973,#1974,#1975,#1976));
#4185=EDGE_LOOP('',(#1977,#1978,#1979,#1980,#1981,#1982,#1983));
#4186=EDGE_LOOP('',(#1984,#1985,#1986,#1987));
#4187=EDGE_LOOP('',(#1988,#1989,#1990,#1991));
#4188=EDGE_LOOP('',(#1992));
#4189=EDGE_LOOP('',(#1993));
#4190=EDGE_LOOP('',(#1994));
#4191=EDGE_LOOP('',(#1995));
#4192=EDGE_LOOP('',(#1996,#1997,#1998,#1999));
#4193=EDGE_LOOP('',(#2000));
#4194=EDGE_LOOP('',(#2001,#2002,#2003,#2004));
#4195=EDGE_LOOP('',(#2005));
#4196=EDGE_LOOP('',(#2006,#2007,#2008,#2009));
#4197=EDGE_LOOP('',(#2010,#2011,#2012,#2013));
#4198=EDGE_LOOP('',(#2014));
#4199=EDGE_LOOP('',(#2015,#2016,#2017,#2018));
#4200=EDGE_LOOP('',(#2019));
#4201=EDGE_LOOP('',(#2020,#2021,#2022,#2023));
#4202=EDGE_LOOP('',(#2024,#2025,#2026,#2027));
#4203=EDGE_LOOP('',(#2028,#2029,#2030,#2031));
#4204=EDGE_LOOP('',(#2032,#2033,#2034,#2035));
#4205=EDGE_LOOP('',(#2036,#2037,#2038,#2039));
#4206=EDGE_LOOP('',(#2040,#2041,#2042,#2043));
#4207=EDGE_LOOP('',(#2044,#2045,#2046,#2047));
#4208=EDGE_LOOP('',(#2048,#2049,#2050,#2051));
#4209=EDGE_LOOP('',(#2052,#2053,#2054,#2055));
#4210=EDGE_LOOP('',(#2056,#2057,#2058,#2059,#2060,#2061,#2062,#2063,#2064,
#2065,#2066,#2067,#2068,#2069,#2070,#2071,#2072,#2073,#2074,#2075));
#4211=EDGE_LOOP('',(#2076,#2077,#2078,#2079));
#4212=EDGE_LOOP('',(#2080,#2081,#2082,#2083));
#4213=EDGE_LOOP('',(#2084,#2085,#2086,#2087));
#4214=EDGE_LOOP('',(#2088,#2089,#2090,#2091));
#4215=EDGE_LOOP('',(#2092,#2093,#2094,#2095));
#4216=EDGE_LOOP('',(#2096,#2097,#2098,#2099));
#4217=EDGE_LOOP('',(#2100,#2101,#2102,#2103));
#4218=EDGE_LOOP('',(#2104,#2105,#2106,#2107));
#4219=EDGE_LOOP('',(#2108,#2109,#2110,#2111));
#4220=EDGE_LOOP('',(#2112,#2113,#2114,#2115));
#4221=EDGE_LOOP('',(#2116,#2117,#2118,#2119));
#4222=EDGE_LOOP('',(#2120,#2121,#2122,#2123));
#4223=EDGE_LOOP('',(#2124,#2125,#2126,#2127,#2128,#2129,#2130,#2131));
#4224=EDGE_LOOP('',(#2132,#2133,#2134,#2135));
#4225=EDGE_LOOP('',(#2136));
#4226=EDGE_LOOP('',(#2137));
#4227=EDGE_LOOP('',(#2138));
#4228=EDGE_LOOP('',(#2139));
#4229=EDGE_LOOP('',(#2140));
#4230=EDGE_LOOP('',(#2141));
#4231=EDGE_LOOP('',(#2142));
#4232=EDGE_LOOP('',(#2143));
#4233=EDGE_LOOP('',(#2144));
#4234=EDGE_LOOP('',(#2145));
#4235=EDGE_LOOP('',(#2146));
#4236=EDGE_LOOP('',(#2147));
#4237=EDGE_LOOP('',(#2148));
#4238=EDGE_LOOP('',(#2149));
#4239=EDGE_LOOP('',(#2150));
#4240=EDGE_LOOP('',(#2151));
#4241=EDGE_LOOP('',(#2152,#2153));
#4242=EDGE_LOOP('',(#2154,#2155));
#4243=EDGE_LOOP('',(#2156,#2157,#2158,#2159,#2160,#2161,#2162,#2163));
#4244=EDGE_LOOP('',(#2164,#2165,#2166,#2167));
#4245=EDGE_LOOP('',(#2168,#2169,#2170,#2171));
#4246=EDGE_LOOP('',(#2172,#2173,#2174,#2175));
#4247=EDGE_LOOP('',(#2176,#2177,#2178,#2179));
#4248=EDGE_LOOP('',(#2180));
#4249=EDGE_LOOP('',(#2181));
#4250=EDGE_LOOP('',(#2182));
#4251=EDGE_LOOP('',(#2183));
#4252=EDGE_LOOP('',(#2184,#2185,#2186,#2187));
#4253=EDGE_LOOP('',(#2188));
#4254=EDGE_LOOP('',(#2189,#2190,#2191,#2192));
#4255=EDGE_LOOP('',(#2193));
#4256=EDGE_LOOP('',(#2194,#2195,#2196,#2197));
#4257=EDGE_LOOP('',(#2198,#2199,#2200,#2201));
#4258=EDGE_LOOP('',(#2202));
#4259=EDGE_LOOP('',(#2203,#2204,#2205,#2206));
#4260=EDGE_LOOP('',(#2207));
#4261=EDGE_LOOP('',(#2208,#2209,#2210,#2211));
#4262=EDGE_LOOP('',(#2212,#2213,#2214,#2215,#2216));
#4263=EDGE_LOOP('',(#2217,#2218,#2219,#2220));
#4264=EDGE_LOOP('',(#2221,#2222,#2223,#2224));
#4265=EDGE_LOOP('',(#2225));
#4266=EDGE_LOOP('',(#2226));
#4267=EDGE_LOOP('',(#2227));
#4268=EDGE_LOOP('',(#2228));
#4269=EDGE_LOOP('',(#2229,#2230,#2231,#2232));
#4270=EDGE_LOOP('',(#2233));
#4271=EDGE_LOOP('',(#2234,#2235,#2236,#2237));
#4272=EDGE_LOOP('',(#2238));
#4273=EDGE_LOOP('',(#2239,#2240,#2241,#2242));
#4274=EDGE_LOOP('',(#2243,#2244,#2245,#2246));
#4275=EDGE_LOOP('',(#2247));
#4276=EDGE_LOOP('',(#2248,#2249,#2250,#2251));
#4277=EDGE_LOOP('',(#2252));
#4278=EDGE_LOOP('',(#2253,#2254,#2255,#2256));
#4279=EDGE_LOOP('',(#2257,#2258,#2259,#2260));
#4280=EDGE_LOOP('',(#2261,#2262,#2263,#2264));
#4281=EDGE_LOOP('',(#2265));
#4282=EDGE_LOOP('',(#2266));
#4283=EDGE_LOOP('',(#2267,#2268,#2269,#2270));
#4284=EDGE_LOOP('',(#2271));
#4285=EDGE_LOOP('',(#2272,#2273,#2274,#2275));
#4286=EDGE_LOOP('',(#2276));
#4287=EDGE_LOOP('',(#2277,#2278,#2279,#2280));
#4288=EDGE_LOOP('',(#2281,#2282,#2283,#2284));
#4289=EDGE_LOOP('',(#2285));
#4290=EDGE_LOOP('',(#2286,#2287,#2288,#2289));
#4291=EDGE_LOOP('',(#2290));
#4292=EDGE_LOOP('',(#2291,#2292,#2293,#2294));
#4293=EDGE_LOOP('',(#2295,#2296,#2297,#2298));
#4294=EDGE_LOOP('',(#2299,#2300,#2301,#2302));
#4295=EDGE_LOOP('',(#2303));
#4296=EDGE_LOOP('',(#2304));
#4297=EDGE_LOOP('',(#2305,#2306,#2307,#2308));
#4298=EDGE_LOOP('',(#2309));
#4299=EDGE_LOOP('',(#2310,#2311,#2312,#2313));
#4300=EDGE_LOOP('',(#2314));
#4301=EDGE_LOOP('',(#2315,#2316,#2317,#2318));
#4302=EDGE_LOOP('',(#2319,#2320,#2321,#2322));
#4303=EDGE_LOOP('',(#2323));
#4304=EDGE_LOOP('',(#2324,#2325,#2326,#2327));
#4305=EDGE_LOOP('',(#2328));
#4306=EDGE_LOOP('',(#2329,#2330,#2331,#2332));
#4307=EDGE_LOOP('',(#2333,#2334,#2335,#2336));
#4308=EDGE_LOOP('',(#2337,#2338,#2339,#2340));
#4309=EDGE_LOOP('',(#2341));
#4310=EDGE_LOOP('',(#2342));
#4311=EDGE_LOOP('',(#2343));
#4312=EDGE_LOOP('',(#2344));
#4313=EDGE_LOOP('',(#2345,#2346,#2347,#2348));
#4314=EDGE_LOOP('',(#2349));
#4315=EDGE_LOOP('',(#2350,#2351,#2352,#2353));
#4316=EDGE_LOOP('',(#2354));
#4317=EDGE_LOOP('',(#2355,#2356,#2357,#2358));
#4318=EDGE_LOOP('',(#2359,#2360,#2361,#2362));
#4319=EDGE_LOOP('',(#2363));
#4320=EDGE_LOOP('',(#2364,#2365,#2366,#2367));
#4321=EDGE_LOOP('',(#2368));
#4322=EDGE_LOOP('',(#2369,#2370,#2371,#2372));
#4323=EDGE_LOOP('',(#2373,#2374));
#4324=EDGE_LOOP('',(#2375,#2376));
#4325=EDGE_LOOP('',(#2377,#2378,#2379,#2380));
#4326=EDGE_LOOP('',(#2381));
#4327=EDGE_LOOP('',(#2382,#2383,#2384,#2385,#2386));
#4328=EDGE_LOOP('',(#2387,#2388,#2389,#2390,#2391,#2392,#2393,#2394));
#4329=EDGE_LOOP('',(#2395,#2396,#2397,#2398));
#4330=EDGE_LOOP('',(#2399,#2400,#2401,#2402,#2403,#2404,#2405,#2406,#2407,
#2408,#2409));
#4331=EDGE_LOOP('',(#2410,#2411,#2412,#2413));
#4332=EDGE_LOOP('',(#2414,#2415,#2416,#2417));
#4333=EDGE_LOOP('',(#2418,#2419,#2420,#2421));
#4334=EDGE_LOOP('',(#2422,#2423,#2424,#2425,#2426));
#4335=EDGE_LOOP('',(#2427,#2428,#2429,#2430,#2431));
#4336=EDGE_LOOP('',(#2432,#2433,#2434,#2435,#2436));
#4337=EDGE_LOOP('',(#2437,#2438,#2439,#2440));
#4338=EDGE_LOOP('',(#2441,#2442,#2443,#2444,#2445));
#4339=EDGE_LOOP('',(#2446,#2447,#2448,#2449));
#4340=EDGE_LOOP('',(#2450,#2451,#2452,#2453));
#4341=EDGE_LOOP('',(#2454,#2455,#2456,#2457));
#4342=EDGE_LOOP('',(#2458,#2459,#2460,#2461));
#4343=EDGE_LOOP('',(#2462,#2463,#2464,#2465));
#4344=EDGE_LOOP('',(#2466,#2467,#2468,#2469));
#4345=EDGE_LOOP('',(#2470,#2471,#2472,#2473));
#4346=FACE_BOUND('',#3954,.T.);
#4347=FACE_BOUND('',#3955,.T.);
#4348=FACE_BOUND('',#3956,.T.);
#4349=FACE_BOUND('',#3957,.T.);
#4350=FACE_BOUND('',#3958,.T.);
#4351=FACE_BOUND('',#3959,.T.);
#4352=FACE_BOUND('',#3960,.T.);
#4353=FACE_BOUND('',#3961,.T.);
#4354=FACE_BOUND('',#3962,.T.);
#4355=FACE_BOUND('',#3963,.T.);
#4356=FACE_BOUND('',#3964,.T.);
#4357=FACE_BOUND('',#3965,.T.);
#4358=FACE_BOUND('',#3966,.T.);
#4359=FACE_BOUND('',#3967,.T.);
#4360=FACE_BOUND('',#3968,.T.);
#4361=FACE_BOUND('',#3969,.T.);
#4362=FACE_BOUND('',#3970,.T.);
#4363=FACE_BOUND('',#3971,.T.);
#4364=FACE_BOUND('',#3972,.T.);
#4365=FACE_BOUND('',#3973,.T.);
#4366=FACE_BOUND('',#3974,.T.);
#4367=FACE_BOUND('',#3975,.T.);
#4368=FACE_BOUND('',#3976,.T.);
#4369=FACE_BOUND('',#3977,.T.);
#4370=FACE_BOUND('',#3978,.T.);
#4371=FACE_BOUND('',#3979,.T.);
#4372=FACE_BOUND('',#3980,.T.);
#4373=FACE_BOUND('',#3981,.T.);
#4374=FACE_BOUND('',#3982,.T.);
#4375=FACE_BOUND('',#3983,.T.);
#4376=FACE_BOUND('',#3984,.T.);
#4377=FACE_BOUND('',#3985,.T.);
#4378=FACE_BOUND('',#3986,.T.);
#4379=FACE_BOUND('',#3987,.T.);
#4380=FACE_BOUND('',#3988,.T.);
#4381=FACE_BOUND('',#3989,.T.);
#4382=FACE_BOUND('',#3990,.T.);
#4383=FACE_BOUND('',#3991,.T.);
#4384=FACE_BOUND('',#3992,.T.);
#4385=FACE_BOUND('',#3993,.T.);
#4386=FACE_BOUND('',#3994,.T.);
#4387=FACE_BOUND('',#3995,.T.);
#4388=FACE_BOUND('',#3996,.T.);
#4389=FACE_BOUND('',#3997,.T.);
#4390=FACE_BOUND('',#3998,.T.);
#4391=FACE_BOUND('',#3999,.T.);
#4392=FACE_BOUND('',#4000,.T.);
#4393=FACE_BOUND('',#4001,.T.);
#4394=FACE_BOUND('',#4002,.T.);
#4395=FACE_BOUND('',#4003,.T.);
#4396=FACE_BOUND('',#4004,.T.);
#4397=FACE_BOUND('',#4005,.T.);
#4398=FACE_BOUND('',#4006,.T.);
#4399=FACE_BOUND('',#4007,.T.);
#4400=FACE_BOUND('',#4008,.T.);
#4401=FACE_BOUND('',#4009,.T.);
#4402=FACE_BOUND('',#4010,.T.);
#4403=FACE_BOUND('',#4011,.T.);
#4404=FACE_BOUND('',#4012,.T.);
#4405=FACE_BOUND('',#4013,.T.);
#4406=FACE_BOUND('',#4014,.T.);
#4407=FACE_BOUND('',#4015,.T.);
#4408=FACE_BOUND('',#4016,.T.);
#4409=FACE_BOUND('',#4017,.T.);
#4410=FACE_BOUND('',#4018,.T.);
#4411=FACE_BOUND('',#4019,.T.);
#4412=FACE_BOUND('',#4020,.T.);
#4413=FACE_BOUND('',#4021,.T.);
#4414=FACE_BOUND('',#4022,.T.);
#4415=FACE_BOUND('',#4023,.T.);
#4416=FACE_BOUND('',#4024,.T.);
#4417=FACE_BOUND('',#4025,.T.);
#4418=FACE_BOUND('',#4026,.T.);
#4419=FACE_BOUND('',#4027,.T.);
#4420=FACE_BOUND('',#4028,.T.);
#4421=FACE_BOUND('',#4029,.T.);
#4422=FACE_BOUND('',#4030,.T.);
#4423=FACE_BOUND('',#4031,.T.);
#4424=FACE_BOUND('',#4032,.T.);
#4425=FACE_BOUND('',#4033,.T.);
#4426=FACE_BOUND('',#4034,.T.);
#4427=FACE_BOUND('',#4035,.T.);
#4428=FACE_BOUND('',#4036,.T.);
#4429=FACE_BOUND('',#4037,.T.);
#4430=FACE_BOUND('',#4038,.T.);
#4431=FACE_BOUND('',#4039,.T.);
#4432=FACE_BOUND('',#4040,.T.);
#4433=FACE_BOUND('',#4041,.T.);
#4434=FACE_BOUND('',#4042,.T.);
#4435=FACE_BOUND('',#4043,.T.);
#4436=FACE_BOUND('',#4044,.T.);
#4437=FACE_BOUND('',#4045,.T.);
#4438=FACE_BOUND('',#4046,.T.);
#4439=FACE_BOUND('',#4047,.T.);
#4440=FACE_BOUND('',#4048,.T.);
#4441=FACE_BOUND('',#4049,.T.);
#4442=FACE_BOUND('',#4050,.T.);
#4443=FACE_BOUND('',#4051,.T.);
#4444=FACE_BOUND('',#4052,.T.);
#4445=FACE_BOUND('',#4053,.T.);
#4446=FACE_BOUND('',#4054,.T.);
#4447=FACE_BOUND('',#4055,.T.);
#4448=FACE_BOUND('',#4056,.T.);
#4449=FACE_BOUND('',#4057,.T.);
#4450=FACE_BOUND('',#4058,.T.);
#4451=FACE_BOUND('',#4059,.T.);
#4452=FACE_BOUND('',#4060,.T.);
#4453=FACE_BOUND('',#4061,.T.);
#4454=FACE_BOUND('',#4062,.T.);
#4455=FACE_BOUND('',#4063,.T.);
#4456=FACE_BOUND('',#4064,.T.);
#4457=FACE_BOUND('',#4065,.T.);
#4458=FACE_BOUND('',#4066,.T.);
#4459=FACE_BOUND('',#4067,.T.);
#4460=FACE_BOUND('',#4068,.T.);
#4461=FACE_BOUND('',#4069,.T.);
#4462=FACE_BOUND('',#4070,.T.);
#4463=FACE_BOUND('',#4071,.T.);
#4464=FACE_BOUND('',#4072,.T.);
#4465=FACE_BOUND('',#4073,.T.);
#4466=FACE_BOUND('',#4074,.T.);
#4467=FACE_BOUND('',#4075,.T.);
#4468=FACE_BOUND('',#4076,.T.);
#4469=FACE_BOUND('',#4077,.T.);
#4470=FACE_BOUND('',#4078,.T.);
#4471=FACE_BOUND('',#4079,.T.);
#4472=FACE_BOUND('',#4080,.T.);
#4473=FACE_BOUND('',#4081,.T.);
#4474=FACE_BOUND('',#4082,.T.);
#4475=FACE_BOUND('',#4083,.T.);
#4476=FACE_BOUND('',#4084,.T.);
#4477=FACE_BOUND('',#4085,.T.);
#4478=FACE_BOUND('',#4086,.T.);
#4479=FACE_BOUND('',#4087,.T.);
#4480=FACE_BOUND('',#4088,.T.);
#4481=FACE_BOUND('',#4089,.T.);
#4482=FACE_BOUND('',#4090,.T.);
#4483=FACE_BOUND('',#4091,.T.);
#4484=FACE_BOUND('',#4092,.T.);
#4485=FACE_BOUND('',#4093,.T.);
#4486=FACE_BOUND('',#4094,.T.);
#4487=FACE_BOUND('',#4095,.T.);
#4488=FACE_BOUND('',#4096,.T.);
#4489=FACE_BOUND('',#4097,.T.);
#4490=FACE_BOUND('',#4098,.T.);
#4491=FACE_BOUND('',#4099,.T.);
#4492=FACE_BOUND('',#4100,.T.);
#4493=FACE_BOUND('',#4101,.T.);
#4494=FACE_BOUND('',#4102,.T.);
#4495=FACE_BOUND('',#4103,.T.);
#4496=FACE_BOUND('',#4104,.T.);
#4497=FACE_BOUND('',#4105,.T.);
#4498=FACE_BOUND('',#4106,.T.);
#4499=FACE_BOUND('',#4107,.T.);
#4500=FACE_BOUND('',#4108,.T.);
#4501=FACE_BOUND('',#4109,.T.);
#4502=FACE_BOUND('',#4110,.T.);
#4503=FACE_BOUND('',#4111,.T.);
#4504=FACE_BOUND('',#4112,.T.);
#4505=FACE_BOUND('',#4113,.T.);
#4506=FACE_BOUND('',#4114,.T.);
#4507=FACE_BOUND('',#4115,.T.);
#4508=FACE_BOUND('',#4116,.T.);
#4509=FACE_BOUND('',#4117,.T.);
#4510=FACE_BOUND('',#4118,.T.);
#4511=FACE_BOUND('',#4119,.T.);
#4512=FACE_BOUND('',#4120,.T.);
#4513=FACE_BOUND('',#4121,.T.);
#4514=FACE_BOUND('',#4122,.T.);
#4515=FACE_BOUND('',#4123,.T.);
#4516=FACE_BOUND('',#4124,.T.);
#4517=FACE_BOUND('',#4125,.T.);
#4518=FACE_BOUND('',#4126,.T.);
#4519=FACE_BOUND('',#4127,.T.);
#4520=FACE_BOUND('',#4128,.T.);
#4521=FACE_BOUND('',#4129,.T.);
#4522=FACE_BOUND('',#4130,.T.);
#4523=FACE_BOUND('',#4131,.T.);
#4524=FACE_BOUND('',#4132,.T.);
#4525=FACE_BOUND('',#4133,.T.);
#4526=FACE_BOUND('',#4134,.T.);
#4527=FACE_BOUND('',#4135,.T.);
#4528=FACE_BOUND('',#4136,.T.);
#4529=FACE_BOUND('',#4137,.T.);
#4530=FACE_BOUND('',#4138,.T.);
#4531=FACE_BOUND('',#4139,.T.);
#4532=FACE_BOUND('',#4140,.T.);
#4533=FACE_BOUND('',#4141,.T.);
#4534=FACE_BOUND('',#4142,.T.);
#4535=FACE_BOUND('',#4143,.T.);
#4536=FACE_BOUND('',#4144,.T.);
#4537=FACE_BOUND('',#4145,.T.);
#4538=FACE_BOUND('',#4146,.T.);
#4539=FACE_BOUND('',#4147,.T.);
#4540=FACE_BOUND('',#4148,.T.);
#4541=FACE_BOUND('',#4149,.T.);
#4542=FACE_BOUND('',#4150,.T.);
#4543=FACE_BOUND('',#4151,.T.);
#4544=FACE_BOUND('',#4152,.T.);
#4545=FACE_BOUND('',#4153,.T.);
#4546=FACE_BOUND('',#4154,.T.);
#4547=FACE_BOUND('',#4155,.T.);
#4548=FACE_BOUND('',#4156,.T.);
#4549=FACE_BOUND('',#4157,.T.);
#4550=FACE_BOUND('',#4158,.T.);
#4551=FACE_BOUND('',#4159,.T.);
#4552=FACE_BOUND('',#4160,.T.);
#4553=FACE_BOUND('',#4161,.T.);
#4554=FACE_BOUND('',#4162,.T.);
#4555=FACE_BOUND('',#4163,.T.);
#4556=FACE_BOUND('',#4164,.T.);
#4557=FACE_BOUND('',#4165,.T.);
#4558=FACE_BOUND('',#4166,.T.);
#4559=FACE_BOUND('',#4167,.T.);
#4560=FACE_BOUND('',#4168,.T.);
#4561=FACE_BOUND('',#4169,.T.);
#4562=FACE_BOUND('',#4170,.T.);
#4563=FACE_BOUND('',#4171,.T.);
#4564=FACE_BOUND('',#4172,.T.);
#4565=FACE_BOUND('',#4173,.T.);
#4566=FACE_BOUND('',#4174,.T.);
#4567=FACE_BOUND('',#4175,.T.);
#4568=FACE_BOUND('',#4176,.T.);
#4569=FACE_BOUND('',#4177,.T.);
#4570=FACE_BOUND('',#4178,.T.);
#4571=FACE_BOUND('',#4179,.T.);
#4572=FACE_BOUND('',#4180,.T.);
#4573=FACE_BOUND('',#4181,.T.);
#4574=FACE_BOUND('',#4182,.T.);
#4575=FACE_BOUND('',#4183,.T.);
#4576=FACE_BOUND('',#4184,.T.);
#4577=FACE_BOUND('',#4185,.T.);
#4578=FACE_BOUND('',#4186,.T.);
#4579=FACE_BOUND('',#4187,.T.);
#4580=FACE_BOUND('',#4188,.T.);
#4581=FACE_BOUND('',#4189,.T.);
#4582=FACE_BOUND('',#4190,.T.);
#4583=FACE_BOUND('',#4191,.T.);
#4584=FACE_BOUND('',#4192,.T.);
#4585=FACE_BOUND('',#4193,.T.);
#4586=FACE_BOUND('',#4194,.T.);
#4587=FACE_BOUND('',#4195,.T.);
#4588=FACE_BOUND('',#4196,.T.);
#4589=FACE_BOUND('',#4197,.T.);
#4590=FACE_BOUND('',#4198,.T.);
#4591=FACE_BOUND('',#4199,.T.);
#4592=FACE_BOUND('',#4200,.T.);
#4593=FACE_BOUND('',#4201,.T.);
#4594=FACE_BOUND('',#4202,.T.);
#4595=FACE_BOUND('',#4203,.T.);
#4596=FACE_BOUND('',#4204,.T.);
#4597=FACE_BOUND('',#4205,.T.);
#4598=FACE_BOUND('',#4206,.T.);
#4599=FACE_BOUND('',#4207,.T.);
#4600=FACE_BOUND('',#4208,.T.);
#4601=FACE_BOUND('',#4209,.T.);
#4602=FACE_BOUND('',#4210,.T.);
#4603=FACE_BOUND('',#4211,.T.);
#4604=FACE_BOUND('',#4212,.T.);
#4605=FACE_BOUND('',#4213,.T.);
#4606=FACE_BOUND('',#4214,.T.);
#4607=FACE_BOUND('',#4215,.T.);
#4608=FACE_BOUND('',#4216,.T.);
#4609=FACE_BOUND('',#4217,.T.);
#4610=FACE_BOUND('',#4218,.T.);
#4611=FACE_BOUND('',#4219,.T.);
#4612=FACE_BOUND('',#4220,.T.);
#4613=FACE_BOUND('',#4221,.T.);
#4614=FACE_BOUND('',#4222,.T.);
#4615=FACE_BOUND('',#4223,.T.);
#4616=FACE_BOUND('',#4224,.T.);
#4617=FACE_BOUND('',#4225,.T.);
#4618=FACE_BOUND('',#4226,.T.);
#4619=FACE_BOUND('',#4227,.T.);
#4620=FACE_BOUND('',#4228,.T.);
#4621=FACE_BOUND('',#4229,.T.);
#4622=FACE_BOUND('',#4230,.T.);
#4623=FACE_BOUND('',#4231,.T.);
#4624=FACE_BOUND('',#4232,.T.);
#4625=FACE_BOUND('',#4233,.T.);
#4626=FACE_BOUND('',#4234,.T.);
#4627=FACE_BOUND('',#4235,.T.);
#4628=FACE_BOUND('',#4236,.T.);
#4629=FACE_BOUND('',#4237,.T.);
#4630=FACE_BOUND('',#4238,.T.);
#4631=FACE_BOUND('',#4239,.T.);
#4632=FACE_BOUND('',#4240,.T.);
#4633=FACE_BOUND('',#4241,.T.);
#4634=FACE_BOUND('',#4242,.T.);
#4635=FACE_BOUND('',#4243,.T.);
#4636=FACE_BOUND('',#4244,.T.);
#4637=FACE_BOUND('',#4245,.T.);
#4638=FACE_BOUND('',#4246,.T.);
#4639=FACE_BOUND('',#4247,.T.);
#4640=FACE_BOUND('',#4248,.T.);
#4641=FACE_BOUND('',#4249,.T.);
#4642=FACE_BOUND('',#4250,.T.);
#4643=FACE_BOUND('',#4251,.T.);
#4644=FACE_BOUND('',#4252,.T.);
#4645=FACE_BOUND('',#4253,.T.);
#4646=FACE_BOUND('',#4254,.T.);
#4647=FACE_BOUND('',#4255,.T.);
#4648=FACE_BOUND('',#4256,.T.);
#4649=FACE_BOUND('',#4257,.T.);
#4650=FACE_BOUND('',#4258,.T.);
#4651=FACE_BOUND('',#4259,.T.);
#4652=FACE_BOUND('',#4260,.T.);
#4653=FACE_BOUND('',#4261,.T.);
#4654=FACE_BOUND('',#4262,.T.);
#4655=FACE_BOUND('',#4263,.T.);
#4656=FACE_BOUND('',#4264,.T.);
#4657=FACE_BOUND('',#4265,.T.);
#4658=FACE_BOUND('',#4266,.T.);
#4659=FACE_BOUND('',#4267,.T.);
#4660=FACE_BOUND('',#4268,.T.);
#4661=FACE_BOUND('',#4269,.T.);
#4662=FACE_BOUND('',#4270,.T.);
#4663=FACE_BOUND('',#4271,.T.);
#4664=FACE_BOUND('',#4272,.T.);
#4665=FACE_BOUND('',#4273,.T.);
#4666=FACE_BOUND('',#4274,.T.);
#4667=FACE_BOUND('',#4275,.T.);
#4668=FACE_BOUND('',#4276,.T.);
#4669=FACE_BOUND('',#4277,.T.);
#4670=FACE_BOUND('',#4278,.T.);
#4671=FACE_BOUND('',#4279,.T.);
#4672=FACE_BOUND('',#4280,.T.);
#4673=FACE_BOUND('',#4281,.T.);
#4674=FACE_BOUND('',#4282,.T.);
#4675=FACE_BOUND('',#4283,.T.);
#4676=FACE_BOUND('',#4284,.T.);
#4677=FACE_BOUND('',#4285,.T.);
#4678=FACE_BOUND('',#4286,.T.);
#4679=FACE_BOUND('',#4287,.T.);
#4680=FACE_BOUND('',#4288,.T.);
#4681=FACE_BOUND('',#4289,.T.);
#4682=FACE_BOUND('',#4290,.T.);
#4683=FACE_BOUND('',#4291,.T.);
#4684=FACE_BOUND('',#4292,.T.);
#4685=FACE_BOUND('',#4293,.T.);
#4686=FACE_BOUND('',#4294,.T.);
#4687=FACE_BOUND('',#4295,.T.);
#4688=FACE_BOUND('',#4296,.T.);
#4689=FACE_BOUND('',#4297,.T.);
#4690=FACE_BOUND('',#4298,.T.);
#4691=FACE_BOUND('',#4299,.T.);
#4692=FACE_BOUND('',#4300,.T.);
#4693=FACE_BOUND('',#4301,.T.);
#4694=FACE_BOUND('',#4302,.T.);
#4695=FACE_BOUND('',#4303,.T.);
#4696=FACE_BOUND('',#4304,.T.);
#4697=FACE_BOUND('',#4305,.T.);
#4698=FACE_BOUND('',#4306,.T.);
#4699=FACE_BOUND('',#4307,.T.);
#4700=FACE_BOUND('',#4308,.T.);
#4701=FACE_BOUND('',#4309,.T.);
#4702=FACE_BOUND('',#4310,.T.);
#4703=FACE_BOUND('',#4311,.T.);
#4704=FACE_BOUND('',#4312,.T.);
#4705=FACE_BOUND('',#4313,.T.);
#4706=FACE_BOUND('',#4314,.T.);
#4707=FACE_BOUND('',#4315,.T.);
#4708=FACE_BOUND('',#4316,.T.);
#4709=FACE_BOUND('',#4317,.T.);
#4710=FACE_BOUND('',#4318,.T.);
#4711=FACE_BOUND('',#4319,.T.);
#4712=FACE_BOUND('',#4320,.T.);
#4713=FACE_BOUND('',#4321,.T.);
#4714=FACE_BOUND('',#4322,.T.);
#4715=FACE_BOUND('',#4323,.T.);
#4716=FACE_BOUND('',#4324,.T.);
#4717=FACE_BOUND('',#4325,.T.);
#4718=FACE_BOUND('',#4326,.T.);
#4719=FACE_BOUND('',#4327,.T.);
#4720=FACE_BOUND('',#4328,.T.);
#4721=FACE_BOUND('',#4329,.T.);
#4722=FACE_BOUND('',#4330,.T.);
#4723=FACE_BOUND('',#4331,.T.);
#4724=FACE_BOUND('',#4332,.T.);
#4725=FACE_BOUND('',#4333,.T.);
#4726=FACE_BOUND('',#4334,.T.);
#4727=FACE_BOUND('',#4335,.T.);
#4728=FACE_BOUND('',#4336,.T.);
#4729=FACE_BOUND('',#4337,.T.);
#4730=FACE_BOUND('',#4338,.T.);
#4731=FACE_BOUND('',#4339,.T.);
#4732=FACE_BOUND('',#4340,.T.);
#4733=FACE_BOUND('',#4341,.T.);
#4734=FACE_BOUND('',#4342,.T.);
#4735=FACE_BOUND('',#4343,.T.);
#4736=FACE_BOUND('',#4344,.T.);
#4737=FACE_BOUND('',#4345,.T.);
#4738=CYLINDRICAL_SURFACE('',#5075,0.036);
#4739=CYLINDRICAL_SURFACE('',#5092,0.036);
#4740=CYLINDRICAL_SURFACE('',#5098,0.0011);
#4741=CYLINDRICAL_SURFACE('',#5105,0.0175);
#4742=CYLINDRICAL_SURFACE('',#5111,0.038);
#4743=CYLINDRICAL_SURFACE('',#5147,0.0011);
#4744=CYLINDRICAL_SURFACE('',#5154,0.0011);
#4745=CYLINDRICAL_SURFACE('',#5162,0.0011);
#4746=CYLINDRICAL_SURFACE('',#5167,0.042);
#4747=CYLINDRICAL_SURFACE('',#5174,0.042);
#4748=CYLINDRICAL_SURFACE('',#5181,0.0011);
#4749=CYLINDRICAL_SURFACE('',#5184,0.0011);
#4750=CYLINDRICAL_SURFACE('',#5214,0.042);
#4751=CYLINDRICAL_SURFACE('',#5220,0.0011);
#4752=CYLINDRICAL_SURFACE('',#5222,0.0011);
#4753=CYLINDRICAL_SURFACE('',#5230,0.042);
#4754=CYLINDRICAL_SURFACE('',#5236,0.0011);
#4755=CYLINDRICAL_SURFACE('',#5238,0.0011);
#4756=CYLINDRICAL_SURFACE('',#5270,0.042);
#4757=CYLINDRICAL_SURFACE('',#5276,0.0011);
#4758=CYLINDRICAL_SURFACE('',#5278,0.0011);
#4759=CYLINDRICAL_SURFACE('',#5284,0.0175);
#4760=CYLINDRICAL_SURFACE('',#5290,0.0011);
#4761=CYLINDRICAL_SURFACE('',#5292,0.0011);
#4762=CYLINDRICAL_SURFACE('',#5300,0.038);
#4763=CYLINDRICAL_SURFACE('',#5358,0.042);
#4764=CYLINDRICAL_SURFACE('',#5363,0.042);
#4765=CYLINDRICAL_SURFACE('',#5368,0.0011);
#4766=CYLINDRICAL_SURFACE('',#5370,0.0011);
#4767=CYLINDRICAL_SURFACE('',#5374,0.042);
#4768=CYLINDRICAL_SURFACE('',#5377,0.0379999999999979);
#4769=CYLINDRICAL_SURFACE('',#5378,0.0011);
#4770=CYLINDRICAL_SURFACE('',#5382,0.042);
#4771=CYLINDRICAL_SURFACE('',#5387,0.0379999999999979);
#4772=CYLINDRICAL_SURFACE('',#5390,0.0011);
#4773=CYLINDRICAL_SURFACE('',#5394,0.042);
#4774=CYLINDRICAL_SURFACE('',#5399,0.0011);
#4775=CYLINDRICAL_SURFACE('',#5401,0.0011);
#4776=CYLINDRICAL_SURFACE('',#5405,0.0011);
#4777=CYLINDRICAL_SURFACE('',#5407,0.0011);
#4778=CYLINDRICAL_SURFACE('',#5411,0.0011);
#4779=CYLINDRICAL_SURFACE('',#5413,0.0011);
#4780=CYLINDRICAL_SURFACE('',#5423,0.0011);
#4781=CYLINDRICAL_SURFACE('',#5425,0.0011);
#4782=CYLINDRICAL_SURFACE('',#5435,0.0011);
#4783=CYLINDRICAL_SURFACE('',#5445,0.0011);
#4784=CYLINDRICAL_SURFACE('',#5447,0.0011);
#4785=CYLINDRICAL_SURFACE('',#5457,0.0011);
#4786=CYLINDRICAL_SURFACE('',#5459,0.0011);
#4787=CYLINDRICAL_SURFACE('',#5471,0.04);
#4788=CYLINDRICAL_SURFACE('',#5474,0.04);
#4789=CYLINDRICAL_SURFACE('',#5477,0.04);
#4790=CYLINDRICAL_SURFACE('',#5480,0.04);
#4791=CYLINDRICAL_SURFACE('',#5498,0.0095);
#4792=CYLINDRICAL_SURFACE('',#5506,0.0016);
#4793=CYLINDRICAL_SURFACE('',#5507,0.0016);
#4794=CYLINDRICAL_SURFACE('',#5508,0.0016);
#4795=CYLINDRICAL_SURFACE('',#5509,0.0016);
#4796=CYLINDRICAL_SURFACE('',#5517,0.0011);
#4797=CYLINDRICAL_SURFACE('',#5519,0.0011);
#4798=CYLINDRICAL_SURFACE('',#5527,0.042);
#4799=CYLINDRICAL_SURFACE('',#5531,0.0011);
#4800=CYLINDRICAL_SURFACE('',#5533,0.0011);
#4801=CYLINDRICAL_SURFACE('',#5543,0.0011);
#4802=CYLINDRICAL_SURFACE('',#5553,0.0011);
#4803=CYLINDRICAL_SURFACE('',#5563,0.0011);
#4804=CYLINDRICAL_SURFACE('',#5565,0.0011);
#4805=CYLINDRICAL_SURFACE('',#5579,0.042);
#4806=CYLINDRICAL_SURFACE('',#5599,0.04);
#4807=ADVANCED_FACE('',(#4346,#4347,#4348),#4738,.F.);
#4808=ADVANCED_FACE('',(#4349),#4739,.F.);
#4809=ADVANCED_FACE('',(#4350),#26,.T.);
#4810=ADVANCED_FACE('',(#4351,#4352),#4740,.F.);
#4811=ADVANCED_FACE('',(#4353),#27,.T.);
#4812=ADVANCED_FACE('',(#4354),#28,.T.);
#4813=ADVANCED_FACE('',(#4355),#29,.F.);
#4814=ADVANCED_FACE('',(#4356),#30,.F.);
#4815=ADVANCED_FACE('',(#4357),#4741,.T.);
#4816=ADVANCED_FACE('',(#4358,#4359,#4360,#4361,#4362,#4363),#13,.T.);
#4817=ADVANCED_FACE('',(#4364),#4742,.T.);
#4818=ADVANCED_FACE('',(#4365,#4366,#4367),#4743,.F.);
#4819=ADVANCED_FACE('',(#4368,#4369,#4370),#4744,.F.);
#4820=ADVANCED_FACE('',(#4371),#31,.F.);
#4821=ADVANCED_FACE('',(#4372,#4373),#4745,.F.);
#4822=ADVANCED_FACE('',(#4374),#32,.F.);
#4823=ADVANCED_FACE('',(#4375),#33,.T.);
#4824=ADVANCED_FACE('',(#4376),#4746,.T.);
#4825=ADVANCED_FACE('',(#4377),#4747,.T.);
#4826=ADVANCED_FACE('',(#4378,#4379),#4748,.F.);
#4827=ADVANCED_FACE('',(#4380,#4381),#4749,.F.);
#4828=ADVANCED_FACE('',(#4382,#4383,#4384,#4385,#4386,#4387,#4388,#4389,
#4390,#4391,#4392,#4393),#34,.T.);
#4829=ADVANCED_FACE('',(#4394,#4395,#4396),#35,.F.);
#4830=ADVANCED_FACE('',(#4397,#4398,#4399),#36,.F.);
#4831=ADVANCED_FACE('',(#4400),#37,.F.);
#4832=ADVANCED_FACE('',(#4401),#38,.T.);
#4833=ADVANCED_FACE('',(#4402),#4750,.T.);
#4834=ADVANCED_FACE('',(#4403,#4404),#4751,.F.);
#4835=ADVANCED_FACE('',(#4405,#4406),#4752,.F.);
#4836=ADVANCED_FACE('',(#4407,#4408,#4409),#39,.F.);
#4837=ADVANCED_FACE('',(#4410),#40,.F.);
#4838=ADVANCED_FACE('',(#4411),#41,.T.);
#4839=ADVANCED_FACE('',(#4412),#4753,.T.);
#4840=ADVANCED_FACE('',(#4413,#4414),#4754,.F.);
#4841=ADVANCED_FACE('',(#4415,#4416),#4755,.F.);
#4842=ADVANCED_FACE('',(#4417,#4418,#4419),#42,.F.);
#4843=ADVANCED_FACE('',(#4420),#43,.F.);
#4844=ADVANCED_FACE('',(#4421),#44,.T.);
#4845=ADVANCED_FACE('',(#4422),#45,.F.);
#4846=ADVANCED_FACE('',(#4423),#46,.T.);
#4847=ADVANCED_FACE('',(#4424,#4425,#4426,#4427,#4428,#4429,#4430,#4431,
#4432,#4433,#4434,#4435,#4436),#47,.F.);
#4848=ADVANCED_FACE('',(#4437),#48,.T.);
#4849=ADVANCED_FACE('',(#4438),#49,.F.);
#4850=ADVANCED_FACE('',(#4439),#4756,.T.);
#4851=ADVANCED_FACE('',(#4440,#4441),#4757,.F.);
#4852=ADVANCED_FACE('',(#4442,#4443),#4758,.F.);
#4853=ADVANCED_FACE('',(#4444,#4445,#4446),#50,.F.);
#4854=ADVANCED_FACE('',(#4447),#4759,.T.);
#4855=ADVANCED_FACE('',(#4448),#51,.T.);
#4856=ADVANCED_FACE('',(#4449,#4450),#52,.T.);
#4857=ADVANCED_FACE('',(#4451),#53,.T.);
#4858=ADVANCED_FACE('',(#4452),#54,.F.);
#4859=ADVANCED_FACE('',(#4453,#4454),#4760,.F.);
#4860=ADVANCED_FACE('',(#4455,#4456),#4761,.F.);
#4861=ADVANCED_FACE('',(#4457),#55,.F.);
#4862=ADVANCED_FACE('',(#4458),#56,.T.);
#4863=ADVANCED_FACE('',(#4459),#57,.T.);
#4864=ADVANCED_FACE('',(#4460),#58,.F.);
#4865=ADVANCED_FACE('',(#4461),#59,.T.);
#4866=ADVANCED_FACE('',(#4462),#60,.T.);
#4867=ADVANCED_FACE('',(#4463,#4464),#4762,.T.);
#4868=ADVANCED_FACE('',(#4465),#61,.T.);
#4869=ADVANCED_FACE('',(#4466),#62,.T.);
#4870=ADVANCED_FACE('',(#4467),#63,.F.);
#4871=ADVANCED_FACE('',(#4468,#4469,#4470),#64,.T.);
#4872=ADVANCED_FACE('',(#4471,#4472,#4473),#65,.T.);
#4873=ADVANCED_FACE('',(#4474,#4475,#4476),#66,.T.);
#4874=ADVANCED_FACE('',(#4477,#4478,#4479),#67,.T.);
#4875=ADVANCED_FACE('',(#4480),#68,.F.);
#4876=ADVANCED_FACE('',(#4481),#69,.T.);
#4877=ADVANCED_FACE('',(#4482),#70,.T.);
#4878=ADVANCED_FACE('',(#4483),#71,.F.);
#4879=ADVANCED_FACE('',(#4484),#72,.F.);
#4880=ADVANCED_FACE('',(#4485),#73,.T.);
#4881=ADVANCED_FACE('',(#4486),#74,.F.);
#4882=ADVANCED_FACE('',(#4487),#75,.T.);
#4883=ADVANCED_FACE('',(#4488),#76,.F.);
#4884=ADVANCED_FACE('',(#4489),#4763,.T.);
#4885=ADVANCED_FACE('',(#4490),#4764,.T.);
#4886=ADVANCED_FACE('',(#4491,#4492),#4765,.F.);
#4887=ADVANCED_FACE('',(#4493,#4494),#4766,.F.);
#4888=ADVANCED_FACE('',(#4495),#77,.T.);
#4889=ADVANCED_FACE('',(#4496),#78,.F.);
#4890=ADVANCED_FACE('',(#4497),#4767,.T.);
#4891=ADVANCED_FACE('',(#4498),#4768,.F.);
#4892=ADVANCED_FACE('',(#4499,#4500),#4769,.F.);
#4893=ADVANCED_FACE('',(#4501),#79,.T.);
#4894=ADVANCED_FACE('',(#4502),#80,.F.);
#4895=ADVANCED_FACE('',(#4503),#4770,.T.);
#4896=ADVANCED_FACE('',(#4504),#4771,.F.);
#4897=ADVANCED_FACE('',(#4505,#4506),#4772,.F.);
#4898=ADVANCED_FACE('',(#4507),#81,.T.);
#4899=ADVANCED_FACE('',(#4508),#82,.F.);
#4900=ADVANCED_FACE('',(#4509),#4773,.T.);
#4901=ADVANCED_FACE('',(#4510,#4511),#4774,.F.);
#4902=ADVANCED_FACE('',(#4512,#4513),#4775,.F.);
#4903=ADVANCED_FACE('',(#4514),#83,.T.);
#4904=ADVANCED_FACE('',(#4515),#84,.F.);
#4905=ADVANCED_FACE('',(#4516,#4517),#4776,.F.);
#4906=ADVANCED_FACE('',(#4518,#4519),#4777,.F.);
#4907=ADVANCED_FACE('',(#4520),#85,.T.);
#4908=ADVANCED_FACE('',(#4521),#86,.F.);
#4909=ADVANCED_FACE('',(#4522,#4523),#4778,.F.);
#4910=ADVANCED_FACE('',(#4524,#4525),#4779,.F.);
#4911=ADVANCED_FACE('',(#4526,#4527),#87,.F.);
#4912=ADVANCED_FACE('',(#4528,#4529),#88,.T.);
#4913=ADVANCED_FACE('',(#4530),#89,.T.);
#4914=ADVANCED_FACE('',(#4531),#90,.F.);
#4915=ADVANCED_FACE('',(#4532,#4533),#91,.F.);
#4916=ADVANCED_FACE('',(#4534,#4535),#92,.T.);
#4917=ADVANCED_FACE('',(#4536),#93,.T.);
#4918=ADVANCED_FACE('',(#4537),#94,.F.);
#4919=ADVANCED_FACE('',(#4538,#4539),#4780,.F.);
#4920=ADVANCED_FACE('',(#4540,#4541),#4781,.F.);
#4921=ADVANCED_FACE('',(#4542,#4543),#95,.F.);
#4922=ADVANCED_FACE('',(#4544,#4545),#96,.T.);
#4923=ADVANCED_FACE('',(#4546),#97,.T.);
#4924=ADVANCED_FACE('',(#4547),#98,.F.);
#4925=ADVANCED_FACE('',(#4548,#4549),#99,.F.);
#4926=ADVANCED_FACE('',(#4550,#4551),#100,.T.);
#4927=ADVANCED_FACE('',(#4552),#101,.T.);
#4928=ADVANCED_FACE('',(#4553),#102,.F.);
#4929=ADVANCED_FACE('',(#4554,#4555),#4782,.F.);
#4930=ADVANCED_FACE('',(#4556),#103,.F.);
#4931=ADVANCED_FACE('',(#4557),#104,.T.);
#4932=ADVANCED_FACE('',(#4558),#105,.T.);
#4933=ADVANCED_FACE('',(#4559),#106,.F.);
#4934=ADVANCED_FACE('',(#4560,#4561),#107,.F.);
#4935=ADVANCED_FACE('',(#4562,#4563),#108,.T.);
#4936=ADVANCED_FACE('',(#4564),#109,.T.);
#4937=ADVANCED_FACE('',(#4565),#110,.F.);
#4938=ADVANCED_FACE('',(#4566,#4567),#4783,.F.);
#4939=ADVANCED_FACE('',(#4568,#4569),#4784,.F.);
#4940=ADVANCED_FACE('',(#4570,#4571),#111,.F.);
#4941=ADVANCED_FACE('',(#4572,#4573),#112,.T.);
#4942=ADVANCED_FACE('',(#4574),#113,.T.);
#4943=ADVANCED_FACE('',(#4575),#114,.F.);
#4944=ADVANCED_FACE('',(#4576),#115,.F.);
#4945=ADVANCED_FACE('',(#4577),#116,.T.);
#4946=ADVANCED_FACE('',(#4578),#117,.T.);
#4947=ADVANCED_FACE('',(#4579),#118,.F.);
#4948=ADVANCED_FACE('',(#4580,#4581),#4785,.F.);
#4949=ADVANCED_FACE('',(#4582,#4583),#4786,.F.);
#4950=ADVANCED_FACE('',(#4584,#4585),#119,.F.);
#4951=ADVANCED_FACE('',(#4586,#4587),#120,.T.);
#4952=ADVANCED_FACE('',(#4588),#121,.T.);
#4953=ADVANCED_FACE('',(#4589),#122,.F.);
#4954=ADVANCED_FACE('',(#4590,#4591),#123,.F.);
#4955=ADVANCED_FACE('',(#4592,#4593),#124,.T.);
#4956=ADVANCED_FACE('',(#4594),#125,.T.);
#4957=ADVANCED_FACE('',(#4595),#126,.T.);
#4958=ADVANCED_FACE('',(#4596),#127,.T.);
#4959=ADVANCED_FACE('',(#4597),#128,.F.);
#4960=ADVANCED_FACE('',(#4598),#4787,.F.);
#4961=ADVANCED_FACE('',(#4599),#4788,.F.);
#4962=ADVANCED_FACE('',(#4600),#4789,.F.);
#4963=ADVANCED_FACE('',(#4601),#4790,.F.);
#4964=ADVANCED_FACE('',(#4602),#129,.T.);
#4965=ADVANCED_FACE('',(#4603),#130,.F.);
#4966=ADVANCED_FACE('',(#4604),#131,.T.);
#4967=ADVANCED_FACE('',(#4605),#132,.F.);
#4968=ADVANCED_FACE('',(#4606),#133,.T.);
#4969=ADVANCED_FACE('',(#4607),#134,.F.);
#4970=ADVANCED_FACE('',(#4608),#135,.F.);
#4971=ADVANCED_FACE('',(#4609),#136,.T.);
#4972=ADVANCED_FACE('',(#4610),#137,.F.);
#4973=ADVANCED_FACE('',(#4611),#138,.F.);
#4974=ADVANCED_FACE('',(#4612),#139,.T.);
#4975=ADVANCED_FACE('',(#4613),#140,.F.);
#4976=ADVANCED_FACE('',(#4614),#141,.F.);
#4977=ADVANCED_FACE('',(#4615),#142,.F.);
#4978=ADVANCED_FACE('',(#4616),#143,.F.);
#4979=ADVANCED_FACE('',(#4617,#4618),#4791,.T.);
#4980=ADVANCED_FACE('',(#4619),#144,.T.);
#4981=ADVANCED_FACE('',(#4620,#4621,#4622,#4623,#4624),#145,.F.);
#4982=ADVANCED_FACE('',(#4625,#4626),#4792,.F.);
#4983=ADVANCED_FACE('',(#4627,#4628),#4793,.F.);
#4984=ADVANCED_FACE('',(#4629,#4630),#4794,.F.);
#4985=ADVANCED_FACE('',(#4631,#4632),#4795,.F.);
#4986=ADVANCED_FACE('',(#4633),#146,.T.);
#4987=ADVANCED_FACE('',(#4634),#147,.F.);
#4988=ADVANCED_FACE('',(#4635,#4636),#148,.T.);
#4989=ADVANCED_FACE('',(#4637),#149,.F.);
#4990=ADVANCED_FACE('',(#4638),#150,.T.);
#4991=ADVANCED_FACE('',(#4639),#151,.F.);
#4992=ADVANCED_FACE('',(#4640,#4641),#4796,.F.);
#4993=ADVANCED_FACE('',(#4642,#4643),#4797,.F.);
#4994=ADVANCED_FACE('',(#4644),#152,.F.);
#4995=ADVANCED_FACE('',(#4645,#4646),#153,.F.);
#4996=ADVANCED_FACE('',(#4647,#4648),#154,.T.);
#4997=ADVANCED_FACE('',(#4649,#4650),#155,.F.);
#4998=ADVANCED_FACE('',(#4651,#4652),#156,.T.);
#4999=ADVANCED_FACE('',(#4653),#157,.T.);
#5000=ADVANCED_FACE('',(#4654),#4798,.F.);
#5001=ADVANCED_FACE('',(#4655),#158,.T.);
#5002=ADVANCED_FACE('',(#4656),#159,.F.);
#5003=ADVANCED_FACE('',(#4657,#4658),#4799,.F.);
#5004=ADVANCED_FACE('',(#4659,#4660),#4800,.F.);
#5005=ADVANCED_FACE('',(#4661),#160,.F.);
#5006=ADVANCED_FACE('',(#4662,#4663),#161,.F.);
#5007=ADVANCED_FACE('',(#4664,#4665),#162,.T.);
#5008=ADVANCED_FACE('',(#4666,#4667),#163,.F.);
#5009=ADVANCED_FACE('',(#4668,#4669),#164,.T.);
#5010=ADVANCED_FACE('',(#4670),#165,.T.);
#5011=ADVANCED_FACE('',(#4671),#166,.F.);
#5012=ADVANCED_FACE('',(#4672),#167,.T.);
#5013=ADVANCED_FACE('',(#4673,#4674),#4801,.F.);
#5014=ADVANCED_FACE('',(#4675,#4676),#168,.F.);
#5015=ADVANCED_FACE('',(#4677,#4678),#169,.T.);
#5016=ADVANCED_FACE('',(#4679),#170,.T.);
#5017=ADVANCED_FACE('',(#4680,#4681),#171,.F.);
#5018=ADVANCED_FACE('',(#4682,#4683),#172,.T.);
#5019=ADVANCED_FACE('',(#4684),#173,.F.);
#5020=ADVANCED_FACE('',(#4685),#174,.F.);
#5021=ADVANCED_FACE('',(#4686),#175,.T.);
#5022=ADVANCED_FACE('',(#4687,#4688),#4802,.F.);
#5023=ADVANCED_FACE('',(#4689),#176,.F.);
#5024=ADVANCED_FACE('',(#4690,#4691),#177,.F.);
#5025=ADVANCED_FACE('',(#4692,#4693),#178,.T.);
#5026=ADVANCED_FACE('',(#4694),#179,.T.);
#5027=ADVANCED_FACE('',(#4695,#4696),#180,.F.);
#5028=ADVANCED_FACE('',(#4697,#4698),#181,.T.);
#5029=ADVANCED_FACE('',(#4699),#182,.F.);
#5030=ADVANCED_FACE('',(#4700),#183,.T.);
#5031=ADVANCED_FACE('',(#4701,#4702),#4803,.F.);
#5032=ADVANCED_FACE('',(#4703,#4704),#4804,.F.);
#5033=ADVANCED_FACE('',(#4705),#184,.F.);
#5034=ADVANCED_FACE('',(#4706,#4707),#185,.F.);
#5035=ADVANCED_FACE('',(#4708,#4709),#186,.T.);
#5036=ADVANCED_FACE('',(#4710,#4711),#187,.F.);
#5037=ADVANCED_FACE('',(#4712,#4713),#188,.T.);
#5038=ADVANCED_FACE('',(#4714),#189,.T.);
#5039=ADVANCED_FACE('',(#4715),#190,.F.);
#5040=ADVANCED_FACE('',(#4716),#191,.F.);
#5041=ADVANCED_FACE('',(#4717),#192,.F.);
#5042=ADVANCED_FACE('',(#4718),#193,.F.);
#5043=ADVANCED_FACE('',(#4719),#194,.T.);
#5044=ADVANCED_FACE('',(#4720,#4721),#4805,.T.);
#5045=ADVANCED_FACE('',(#4722),#195,.F.);
#5046=ADVANCED_FACE('',(#4723),#196,.F.);
#5047=ADVANCED_FACE('',(#4724),#197,.F.);
#5048=ADVANCED_FACE('',(#4725),#198,.T.);
#5049=ADVANCED_FACE('',(#4726),#199,.T.);
#5050=ADVANCED_FACE('',(#4727),#200,.T.);
#5051=ADVANCED_FACE('',(#4728),#201,.F.);
#5052=ADVANCED_FACE('',(#4729),#202,.F.);
#5053=ADVANCED_FACE('',(#4730),#203,.T.);
#5054=ADVANCED_FACE('',(#4731),#204,.T.);
#5055=ADVANCED_FACE('',(#4732),#205,.F.);
#5056=ADVANCED_FACE('',(#4733),#206,.F.);
#5057=ADVANCED_FACE('',(#4734),#207,.F.);
#5058=ADVANCED_FACE('',(#4735),#208,.T.);
#5059=ADVANCED_FACE('',(#4736),#209,.T.);
#5060=ADVANCED_FACE('',(#4737),#4806,.F.);
#5061=CLOSED_SHELL('',(#4807,#4808,#4809,#4810,#4811,#4812,#4813,#4814,
#4815,#4816,#4817,#4818,#4819,#4820,#4821,#4822,#4823,#4824,#4825,#4826,
#4827,#4828,#4829,#4830,#4831,#4832,#4833,#4834,#4835,#4836,#4837,#4838,
#4839,#4840,#4841,#4842,#4843,#4844,#4845,#4846,#4847,#4848,#4849,#4850,
#4851,#4852,#4853,#4854,#4855,#4856,#4857,#4858,#4859,#4860,#4861,#4862,
#4863,#4864,#4865,#4866,#4867,#4868,#4869,#4870,#4871,#4872,#4873,#4874,
#4875,#4876,#4877,#4878,#4879,#4880,#4881,#4882,#4883,#4884,#4885,#4886,
#4887,#4888,#4889,#4890,#4891,#4892,#4893,#4894,#4895,#4896,#4897,#4898,
#4899,#4900,#4901,#4902,#4903,#4904,#4905,#4906,#4907,#4908,#4909,#4910,
#4911,#4912,#4913,#4914,#4915,#4916,#4917,#4918,#4919,#4920,#4921,#4922,
#4923,#4924,#4925,#4926,#4927,#4928,#4929,#4930,#4931,#4932,#4933,#4934,
#4935,#4936,#4937,#4938,#4939,#4940,#4941,#4942,#4943,#4944,#4945,#4946,
#4947,#4948,#4949,#4950,#4951,#4952,#4953,#4954,#4955,#4956,#4957,#4958,
#4959,#4960,#4961,#4962,#4963,#4964,#4965,#4966,#4967,#4968,#4969,#4970,
#4971,#4972,#4973,#4974,#4975,#4976,#4977,#4978,#4979,#4980,#4981,#4982,
#4983,#4984,#4985,#4986,#4987,#4988,#4989,#4990,#4991,#4992,#4993,#4994,
#4995,#4996,#4997,#4998,#4999,#5000,#5001,#5002,#5003,#5004,#5005,#5006,
#5007,#5008,#5009,#5010,#5011,#5012,#5013,#5014,#5015,#5016,#5017,#5018,
#5019,#5020,#5021,#5022,#5023,#5024,#5025,#5026,#5027,#5028,#5029,#5030,
#5031,#5032,#5033,#5034,#5035,#5036,#5037,#5038,#5039,#5040,#5041,#5042,
#5043,#5044,#5045,#5046,#5047,#5048,#5049,#5050,#5051,#5052,#5053,#5054));
#5062=CLOSED_SHELL('',(#5055,#5056,#5057,#5058,#5059,#5060));
#5063=STYLED_ITEM('',(#5064),#5071);
#5064=PRESENTATION_STYLE_ASSIGNMENT((#5065));
#5065=SURFACE_STYLE_USAGE(.BOTH.,#5066);
#5066=SURFACE_SIDE_STYLE('',(#5067));
#5067=SURFACE_STYLE_FILL_AREA(#5068);
#5068=FILL_AREA_STYLE('',(#5069));
#5069=FILL_AREA_STYLE_COLOUR('',#5070);
#5070=COLOUR_RGB('',0.768627450980392,0.886274509803922,0.952941176470588);
#5071=BREP_WITH_VOIDS('Hip Roll Motor Holder',#5061,(#12));
#5072=SHAPE_DEFINITION_REPRESENTATION(#8707,#5073);
#5073=SHAPE_REPRESENTATION('Hip Roll Motor Holder',(#5074),#8702);
#5074=AXIS2_PLACEMENT_3D('',#7076,#5600,#5601);
#5075=AXIS2_PLACEMENT_3D('',#7077,#5602,#5603);
#5076=AXIS2_PLACEMENT_3D('',#7078,#5604,#5605);
#5077=AXIS2_PLACEMENT_3D('',#7083,#5607,#5608);
#5078=AXIS2_PLACEMENT_3D('',#7087,#5610,#5611);
#5079=AXIS2_PLACEMENT_3D('',#7091,#5613,#5614);
#5080=AXIS2_PLACEMENT_3D('',#7095,#5616,#5617);
#5081=AXIS2_PLACEMENT_3D('',#7099,#5619,#5620);
#5082=AXIS2_PLACEMENT_3D('',#7103,#5622,#5623);
#5083=AXIS2_PLACEMENT_3D('',#7107,#5625,#5626);
#5084=AXIS2_PLACEMENT_3D('',#7111,#5628,#5629);
#5085=AXIS2_PLACEMENT_3D('',#7115,#5631,#5632);
#5086=AXIS2_PLACEMENT_3D('',#7119,#5634,#5635);
#5087=AXIS2_PLACEMENT_3D('',#7123,#5637,#5638);
#5088=AXIS2_PLACEMENT_3D('',#7127,#5640,#5641);
#5089=AXIS2_PLACEMENT_3D('',#7130,#5643,#5644);
#5090=AXIS2_PLACEMENT_3D('',#7135,#5646,#5647);
#5091=AXIS2_PLACEMENT_3D('',#7139,#5649,#5650);
#5092=AXIS2_PLACEMENT_3D('',#7140,#5651,#5652);
#5093=AXIS2_PLACEMENT_3D('',#7141,#5653,#5654);
#5094=AXIS2_PLACEMENT_3D('',#7146,#5656,#5657);
#5095=AXIS2_PLACEMENT_3D('',#7149,#5659,#5660);
#5096=AXIS2_PLACEMENT_3D('',#7150,#5661,#5662);
#5097=AXIS2_PLACEMENT_3D('',#7155,#5664,#5665);
#5098=AXIS2_PLACEMENT_3D('',#7158,#5667,#5668);
#5099=AXIS2_PLACEMENT_3D('',#7159,#5669,#5670);
#5100=AXIS2_PLACEMENT_3D('',#7161,#5671,#5672);
#5101=AXIS2_PLACEMENT_3D('',#7163,#5673,#5674);
#5102=AXIS2_PLACEMENT_3D('',#7173,#5680,#5681);
#5103=AXIS2_PLACEMENT_3D('',#7182,#5686,#5687);
#5104=AXIS2_PLACEMENT_3D('',#7191,#5692,#5693);
#5105=AXIS2_PLACEMENT_3D('',#7200,#5698,#5699);
#5106=AXIS2_PLACEMENT_3D('',#7221,#5701,#5702);
#5107=AXIS2_PLACEMENT_3D('',#7225,#5704,#5705);
#5108=AXIS2_PLACEMENT_3D('',#7350,#5706,#5707);
#5109=AXIS2_PLACEMENT_3D('',#7371,#5708,#5709);
#5110=AXIS2_PLACEMENT_3D('',#7386,#5710,#5711);
#5111=AXIS2_PLACEMENT_3D('',#7387,#5712,#5713);
#5112=AXIS2_PLACEMENT_3D('',#7388,#5714,#5715);
#5113=AXIS2_PLACEMENT_3D('',#7389,#5716,#5717);
#5114=AXIS2_PLACEMENT_3D('',#7393,#5719,#5720);
#5115=AXIS2_PLACEMENT_3D('',#7397,#5722,#5723);
#5116=AXIS2_PLACEMENT_3D('',#7401,#5725,#5726);
#5117=AXIS2_PLACEMENT_3D('',#7405,#5728,#5729);
#5118=AXIS2_PLACEMENT_3D('',#7409,#5731,#5732);
#5119=AXIS2_PLACEMENT_3D('',#7413,#5734,#5735);
#5120=AXIS2_PLACEMENT_3D('',#7417,#5737,#5738);
#5121=AXIS2_PLACEMENT_3D('',#7421,#5740,#5741);
#5122=AXIS2_PLACEMENT_3D('',#7425,#5743,#5744);
#5123=AXIS2_PLACEMENT_3D('',#7429,#5746,#5747);
#5124=AXIS2_PLACEMENT_3D('',#7433,#5749,#5750);
#5125=AXIS2_PLACEMENT_3D('',#7437,#5752,#5753);
#5126=AXIS2_PLACEMENT_3D('',#7441,#5755,#5756);
#5127=AXIS2_PLACEMENT_3D('',#7445,#5758,#5759);
#5128=AXIS2_PLACEMENT_3D('',#7449,#5761,#5762);
#5129=AXIS2_PLACEMENT_3D('',#7453,#5764,#5765);
#5130=AXIS2_PLACEMENT_3D('',#7457,#5767,#5768);
#5131=AXIS2_PLACEMENT_3D('',#7461,#5770,#5771);
#5132=AXIS2_PLACEMENT_3D('',#7465,#5773,#5774);
#5133=AXIS2_PLACEMENT_3D('',#7469,#5776,#5777);
#5134=AXIS2_PLACEMENT_3D('',#7473,#5779,#5780);
#5135=AXIS2_PLACEMENT_3D('',#7477,#5782,#5783);
#5136=AXIS2_PLACEMENT_3D('',#7481,#5785,#5786);
#5137=AXIS2_PLACEMENT_3D('',#7485,#5788,#5789);
#5138=AXIS2_PLACEMENT_3D('',#7489,#5791,#5792);
#5139=AXIS2_PLACEMENT_3D('',#7493,#5794,#5795);
#5140=AXIS2_PLACEMENT_3D('',#7497,#5797,#5798);
#5141=AXIS2_PLACEMENT_3D('',#7501,#5800,#5801);
#5142=AXIS2_PLACEMENT_3D('',#7505,#5803,#5804);
#5143=AXIS2_PLACEMENT_3D('',#7509,#5806,#5807);
#5144=AXIS2_PLACEMENT_3D('',#7510,#5808,#5809);
#5145=AXIS2_PLACEMENT_3D('',#7514,#5811,#5812);
#5146=AXIS2_PLACEMENT_3D('',#7518,#5814,#5815);
#5147=AXIS2_PLACEMENT_3D('',#7521,#5817,#5818);
#5148=AXIS2_PLACEMENT_3D('',#7522,#5819,#5820);
#5149=AXIS2_PLACEMENT_3D('',#7524,#5821,#5822);
#5150=AXIS2_PLACEMENT_3D('',#7529,#5824,#5825);
#5151=AXIS2_PLACEMENT_3D('',#7532,#5827,#5828);
#5152=AXIS2_PLACEMENT_3D('',#7533,#5829,#5830);
#5153=AXIS2_PLACEMENT_3D('',#7537,#5832,#5833);
#5154=AXIS2_PLACEMENT_3D('',#7538,#5834,#5835);
#5155=AXIS2_PLACEMENT_3D('',#7539,#5836,#5837);
#5156=AXIS2_PLACEMENT_3D('',#7541,#5838,#5839);
#5157=AXIS2_PLACEMENT_3D('',#7546,#5841,#5842);
#5158=AXIS2_PLACEMENT_3D('',#7549,#5844,#5845);
#5159=AXIS2_PLACEMENT_3D('',#7550,#5846,#5847);
#5160=AXIS2_PLACEMENT_3D('',#7554,#5849,#5850);
#5161=AXIS2_PLACEMENT_3D('',#7555,#5851,#5852);
#5162=AXIS2_PLACEMENT_3D('',#7561,#5856,#5857);
#5163=AXIS2_PLACEMENT_3D('',#7562,#5858,#5859);
#5164=AXIS2_PLACEMENT_3D('',#7564,#5860,#5861);
#5165=AXIS2_PLACEMENT_3D('',#7566,#5862,#5863);
#5166=AXIS2_PLACEMENT_3D('',#7575,#5868,#5869);
#5167=AXIS2_PLACEMENT_3D('',#7584,#5874,#5875);
#5168=AXIS2_PLACEMENT_3D('',#7588,#5877,#5878);
#5169=AXIS2_PLACEMENT_3D('',#7589,#5879,#5880);
#5170=AXIS2_PLACEMENT_3D('',#7593,#5882,#5883);
#5171=AXIS2_PLACEMENT_3D('',#7597,#5885,#5886);
#5172=AXIS2_PLACEMENT_3D('',#7601,#5888,#5889);
#5173=AXIS2_PLACEMENT_3D('',#7605,#5891,#5892);
#5174=AXIS2_PLACEMENT_3D('',#7606,#5893,#5894);
#5175=AXIS2_PLACEMENT_3D('',#7607,#5895,#5896);
#5176=AXIS2_PLACEMENT_3D('',#7611,#5898,#5899);
#5177=AXIS2_PLACEMENT_3D('',#7615,#5901,#5902);
#5178=AXIS2_PLACEMENT_3D('',#7619,#5904,#5905);
#5179=AXIS2_PLACEMENT_3D('',#7623,#5907,#5908);
#5180=AXIS2_PLACEMENT_3D('',#7627,#5910,#5911);
#5181=AXIS2_PLACEMENT_3D('',#7628,#5912,#5913);
#5182=AXIS2_PLACEMENT_3D('',#7629,#5914,#5915);
#5183=AXIS2_PLACEMENT_3D('',#7631,#5916,#5917);
#5184=AXIS2_PLACEMENT_3D('',#7633,#5918,#5919);
#5185=AXIS2_PLACEMENT_3D('',#7634,#5920,#5921);
#5186=AXIS2_PLACEMENT_3D('',#7636,#5922,#5923);
#5187=AXIS2_PLACEMENT_3D('',#7638,#5924,#5925);
#5188=AXIS2_PLACEMENT_3D('',#7639,#5926,#5927);
#5189=AXIS2_PLACEMENT_3D('',#7641,#5928,#5929);
#5190=AXIS2_PLACEMENT_3D('',#7643,#5930,#5931);
#5191=AXIS2_PLACEMENT_3D('',#7645,#5932,#5933);
#5192=AXIS2_PLACEMENT_3D('',#7647,#5934,#5935);
#5193=AXIS2_PLACEMENT_3D('',#7649,#5936,#5937);
#5194=AXIS2_PLACEMENT_3D('',#7651,#5938,#5939);
#5195=AXIS2_PLACEMENT_3D('',#7653,#5940,#5941);
#5196=AXIS2_PLACEMENT_3D('',#7655,#5942,#5943);
#5197=AXIS2_PLACEMENT_3D('',#7658,#5945,#5946);
#5198=AXIS2_PLACEMENT_3D('',#7662,#5948,#5949);
#5199=AXIS2_PLACEMENT_3D('',#7666,#5951,#5952);
#5200=AXIS2_PLACEMENT_3D('',#7670,#5954,#5955);
#5201=AXIS2_PLACEMENT_3D('',#7674,#5957,#5958);
#5202=AXIS2_PLACEMENT_3D('',#7678,#5960,#5961);
#5203=AXIS2_PLACEMENT_3D('',#7682,#5963,#5964);
#5204=AXIS2_PLACEMENT_3D('',#7685,#5966,#5967);
#5205=AXIS2_PLACEMENT_3D('',#7686,#5968,#5969);
#5206=AXIS2_PLACEMENT_3D('',#7688,#5970,#5971);
#5207=AXIS2_PLACEMENT_3D('',#7693,#5974,#5975);
#5208=AXIS2_PLACEMENT_3D('',#7695,#5976,#5977);
#5209=AXIS2_PLACEMENT_3D('',#7696,#5978,#5979);
#5210=AXIS2_PLACEMENT_3D('',#7698,#5980,#5981);
#5211=AXIS2_PLACEMENT_3D('',#7702,#5983,#5984);
#5212=AXIS2_PLACEMENT_3D('',#7705,#5986,#5987);
#5213=AXIS2_PLACEMENT_3D('',#7709,#5990,#5991);
#5214=AXIS2_PLACEMENT_3D('',#7715,#5995,#5996);
#5215=AXIS2_PLACEMENT_3D('',#7716,#5997,#5998);
#5216=AXIS2_PLACEMENT_3D('',#7720,#6000,#6001);
#5217=AXIS2_PLACEMENT_3D('',#7724,#6003,#6004);
#5218=AXIS2_PLACEMENT_3D('',#7728,#6006,#6007);
#5219=AXIS2_PLACEMENT_3D('',#7732,#6009,#6010);
#5220=AXIS2_PLACEMENT_3D('',#7735,#6012,#6013);
#5221=AXIS2_PLACEMENT_3D('',#7736,#6014,#6015);
#5222=AXIS2_PLACEMENT_3D('',#7738,#6016,#6017);
#5223=AXIS2_PLACEMENT_3D('',#7739,#6018,#6019);
#5224=AXIS2_PLACEMENT_3D('',#7741,#6020,#6021);
#5225=AXIS2_PLACEMENT_3D('',#7742,#6022,#6023);
#5226=AXIS2_PLACEMENT_3D('',#7746,#6025,#6026);
#5227=AXIS2_PLACEMENT_3D('',#7751,#6029,#6030);
#5228=AXIS2_PLACEMENT_3D('',#7756,#6033,#6034);
#5229=AXIS2_PLACEMENT_3D('',#7760,#6037,#6038);
#5230=AXIS2_PLACEMENT_3D('',#7766,#6042,#6043);
#5231=AXIS2_PLACEMENT_3D('',#7767,#6044,#6045);
#5232=AXIS2_PLACEMENT_3D('',#7771,#6047,#6048);
#5233=AXIS2_PLACEMENT_3D('',#7775,#6050,#6051);
#5234=AXIS2_PLACEMENT_3D('',#7779,#6053,#6054);
#5235=AXIS2_PLACEMENT_3D('',#7783,#6056,#6057);
#5236=AXIS2_PLACEMENT_3D('',#7786,#6059,#6060);
#5237=AXIS2_PLACEMENT_3D('',#7787,#6061,#6062);
#5238=AXIS2_PLACEMENT_3D('',#7789,#6063,#6064);
#5239=AXIS2_PLACEMENT_3D('',#7790,#6065,#6066);
#5240=AXIS2_PLACEMENT_3D('',#7792,#6067,#6068);
#5241=AXIS2_PLACEMENT_3D('',#7793,#6069,#6070);
#5242=AXIS2_PLACEMENT_3D('',#7795,#6071,#6072);
#5243=AXIS2_PLACEMENT_3D('',#7799,#6074,#6075);
#5244=AXIS2_PLACEMENT_3D('',#7802,#6077,#6078);
#5245=AXIS2_PLACEMENT_3D('',#7805,#6081,#6082);
#5246=AXIS2_PLACEMENT_3D('',#7811,#6086,#6087);
#5247=AXIS2_PLACEMENT_3D('',#7817,#6091,#6092);
#5248=AXIS2_PLACEMENT_3D('',#7822,#6095,#6096);
#5249=AXIS2_PLACEMENT_3D('',#7827,#6099,#6100);
#5250=AXIS2_PLACEMENT_3D('',#7831,#6102,#6103);
#5251=AXIS2_PLACEMENT_3D('',#7834,#6105,#6106);
#5252=AXIS2_PLACEMENT_3D('',#7835,#6107,#6108);
#5253=AXIS2_PLACEMENT_3D('',#7837,#6109,#6110);
#5254=AXIS2_PLACEMENT_3D('',#7839,#6111,#6112);
#5255=AXIS2_PLACEMENT_3D('',#7841,#6113,#6114);
#5256=AXIS2_PLACEMENT_3D('',#7843,#6115,#6116);
#5257=AXIS2_PLACEMENT_3D('',#7845,#6117,#6118);
#5258=AXIS2_PLACEMENT_3D('',#7847,#6119,#6120);
#5259=AXIS2_PLACEMENT_3D('',#7849,#6121,#6122);
#5260=AXIS2_PLACEMENT_3D('',#7853,#6124,#6125);
#5261=AXIS2_PLACEMENT_3D('',#7858,#6128,#6129);
#5262=AXIS2_PLACEMENT_3D('',#7863,#6132,#6133);
#5263=AXIS2_PLACEMENT_3D('',#7868,#6136,#6137);
#5264=AXIS2_PLACEMENT_3D('',#7873,#6140,#6141);
#5265=AXIS2_PLACEMENT_3D('',#7876,#6143,#6144);
#5266=AXIS2_PLACEMENT_3D('',#7885,#6148,#6149);
#5267=AXIS2_PLACEMENT_3D('',#7888,#6151,#6152);
#5268=AXIS2_PLACEMENT_3D('',#7890,#6153,#6154);
#5269=AXIS2_PLACEMENT_3D('',#7896,#6158,#6159);
#5270=AXIS2_PLACEMENT_3D('',#7900,#6162,#6163);
#5271=AXIS2_PLACEMENT_3D('',#7901,#6164,#6165);
#5272=AXIS2_PLACEMENT_3D('',#7905,#6167,#6168);
#5273=AXIS2_PLACEMENT_3D('',#7909,#6170,#6171);
#5274=AXIS2_PLACEMENT_3D('',#7913,#6173,#6174);
#5275=AXIS2_PLACEMENT_3D('',#7917,#6176,#6177);
#5276=AXIS2_PLACEMENT_3D('',#7920,#6179,#6180);
#5277=AXIS2_PLACEMENT_3D('',#7921,#6181,#6182);
#5278=AXIS2_PLACEMENT_3D('',#7923,#6183,#6184);
#5279=AXIS2_PLACEMENT_3D('',#7924,#6185,#6186);
#5280=AXIS2_PLACEMENT_3D('',#7926,#6187,#6188);
#5281=AXIS2_PLACEMENT_3D('',#7927,#6189,#6190);
#5282=AXIS2_PLACEMENT_3D('',#7929,#6191,#6192);
#5283=AXIS2_PLACEMENT_3D('',#7933,#6194,#6195);
#5284=AXIS2_PLACEMENT_3D('',#7936,#6197,#6198);
#5285=AXIS2_PLACEMENT_3D('',#7950,#6199,#6200);
#5286=AXIS2_PLACEMENT_3D('',#7953,#6203,#6204);
#5287=AXIS2_PLACEMENT_3D('',#7954,#6205,#6206);
#5288=AXIS2_PLACEMENT_3D('',#7956,#6208,#6209);
#5289=AXIS2_PLACEMENT_3D('',#7960,#6212,#6213);
#5290=AXIS2_PLACEMENT_3D('',#7964,#6216,#6217);
#5291=AXIS2_PLACEMENT_3D('',#7965,#6218,#6219);
#5292=AXIS2_PLACEMENT_3D('',#7967,#6220,#6221);
#5293=AXIS2_PLACEMENT_3D('',#7968,#6222,#6223);
#5294=AXIS2_PLACEMENT_3D('',#7970,#6224,#6225);
#5295=AXIS2_PLACEMENT_3D('',#7994,#6239,#6240);
#5296=AXIS2_PLACEMENT_3D('',#8016,#6253,#6254);
#5297=AXIS2_PLACEMENT_3D('',#8019,#6257,#6258);
#5298=AXIS2_PLACEMENT_3D('',#8025,#6262,#6263);
#5299=AXIS2_PLACEMENT_3D('',#8031,#6267,#6268);
#5300=AXIS2_PLACEMENT_3D('',#8034,#6271,#6272);
#5301=AXIS2_PLACEMENT_3D('',#8035,#6273,#6274);
#5302=AXIS2_PLACEMENT_3D('',#8040,#6276,#6277);
#5303=AXIS2_PLACEMENT_3D('',#8045,#6280,#6281);
#5304=AXIS2_PLACEMENT_3D('',#8047,#6282,#6283);
#5305=AXIS2_PLACEMENT_3D('',#8048,#6284,#6285);
#5306=AXIS2_PLACEMENT_3D('',#8053,#6288,#6289);
#5307=AXIS2_PLACEMENT_3D('',#8057,#6291,#6292);
#5308=AXIS2_PLACEMENT_3D('',#8058,#6293,#6294);
#5309=AXIS2_PLACEMENT_3D('',#8062,#6296,#6297);
#5310=AXIS2_PLACEMENT_3D('',#8067,#6300,#6301);
#5311=AXIS2_PLACEMENT_3D('',#8071,#6303,#6304);
#5312=AXIS2_PLACEMENT_3D('',#8072,#6305,#6306);
#5313=AXIS2_PLACEMENT_3D('',#8076,#6308,#6309);
#5314=AXIS2_PLACEMENT_3D('',#8081,#6312,#6313);
#5315=AXIS2_PLACEMENT_3D('',#8085,#6315,#6316);
#5316=AXIS2_PLACEMENT_3D('',#8086,#6317,#6318);
#5317=AXIS2_PLACEMENT_3D('',#8090,#6320,#6321);
#5318=AXIS2_PLACEMENT_3D('',#8095,#6324,#6325);
#5319=AXIS2_PLACEMENT_3D('',#8099,#6327,#6328);
#5320=AXIS2_PLACEMENT_3D('',#8100,#6329,#6330);
#5321=AXIS2_PLACEMENT_3D('',#8104,#6332,#6333);
#5322=AXIS2_PLACEMENT_3D('',#8109,#6336,#6337);
#5323=AXIS2_PLACEMENT_3D('',#8113,#6339,#6340);
#5324=AXIS2_PLACEMENT_3D('',#8114,#6341,#6342);
#5325=AXIS2_PLACEMENT_3D('',#8118,#6344,#6345);
#5326=AXIS2_PLACEMENT_3D('',#8121,#6347,#6348);
#5327=AXIS2_PLACEMENT_3D('',#8124,#6351,#6352);
#5328=AXIS2_PLACEMENT_3D('',#8127,#6355,#6356);
#5329=AXIS2_PLACEMENT_3D('',#8133,#6360,#6361);
#5330=AXIS2_PLACEMENT_3D('',#8134,#6362,#6363);
#5331=AXIS2_PLACEMENT_3D('',#8136,#6364,#6365);
#5332=AXIS2_PLACEMENT_3D('',#8142,#6368,#6369);
#5333=AXIS2_PLACEMENT_3D('',#8143,#6370,#6371);
#5334=AXIS2_PLACEMENT_3D('',#8144,#6372,#6373);
#5335=AXIS2_PLACEMENT_3D('',#8146,#6374,#6375);
#5336=AXIS2_PLACEMENT_3D('',#8152,#6378,#6379);
#5337=AXIS2_PLACEMENT_3D('',#8153,#6380,#6381);
#5338=AXIS2_PLACEMENT_3D('',#8154,#6382,#6383);
#5339=AXIS2_PLACEMENT_3D('',#8156,#6384,#6385);
#5340=AXIS2_PLACEMENT_3D('',#8162,#6388,#6389);
#5341=AXIS2_PLACEMENT_3D('',#8163,#6390,#6391);
#5342=AXIS2_PLACEMENT_3D('',#8164,#6392,#6393);
#5343=AXIS2_PLACEMENT_3D('',#8166,#6394,#6395);
#5344=AXIS2_PLACEMENT_3D('',#8172,#6398,#6399);
#5345=AXIS2_PLACEMENT_3D('',#8173,#6400,#6401);
#5346=AXIS2_PLACEMENT_3D('',#8176,#6403,#6404);
#5347=AXIS2_PLACEMENT_3D('',#8179,#6406,#6407);
#5348=AXIS2_PLACEMENT_3D('',#8182,#6409,#6410);
#5349=AXIS2_PLACEMENT_3D('',#8185,#6412,#6413);
#5350=AXIS2_PLACEMENT_3D('',#8187,#6415,#6416);
#5351=AXIS2_PLACEMENT_3D('',#8193,#6420,#6421);
#5352=AXIS2_PLACEMENT_3D('',#8198,#6424,#6425);
#5353=AXIS2_PLACEMENT_3D('',#8199,#6426,#6427);
#5354=AXIS2_PLACEMENT_3D('',#8204,#6430,#6431);
#5355=AXIS2_PLACEMENT_3D('',#8205,#6432,#6433);
#5356=AXIS2_PLACEMENT_3D('',#8207,#6435,#6436);
#5357=AXIS2_PLACEMENT_3D('',#8211,#6439,#6440);
#5358=AXIS2_PLACEMENT_3D('',#8215,#6443,#6444);
#5359=AXIS2_PLACEMENT_3D('',#8216,#6445,#6446);
#5360=AXIS2_PLACEMENT_3D('',#8220,#6448,#6449);
#5361=AXIS2_PLACEMENT_3D('',#8225,#6452,#6453);
#5362=AXIS2_PLACEMENT_3D('',#8229,#6455,#6456);
#5363=AXIS2_PLACEMENT_3D('',#8232,#6458,#6459);
#5364=AXIS2_PLACEMENT_3D('',#8233,#6460,#6461);
#5365=AXIS2_PLACEMENT_3D('',#8237,#6463,#6464);
#5366=AXIS2_PLACEMENT_3D('',#8241,#6466,#6467);
#5367=AXIS2_PLACEMENT_3D('',#8246,#6470,#6471);
#5368=AXIS2_PLACEMENT_3D('',#8249,#6473,#6474);
#5369=AXIS2_PLACEMENT_3D('',#8250,#6475,#6476);
#5370=AXIS2_PLACEMENT_3D('',#8252,#6477,#6478);
#5371=AXIS2_PLACEMENT_3D('',#8253,#6479,#6480);
#5372=AXIS2_PLACEMENT_3D('',#8255,#6481,#6482);
#5373=AXIS2_PLACEMENT_3D('',#8257,#6484,#6485);
#5374=AXIS2_PLACEMENT_3D('',#8261,#6488,#6489);
#5375=AXIS2_PLACEMENT_3D('',#8262,#6490,#6491);
#5376=AXIS2_PLACEMENT_3D('',#8267,#6495,#6496);
#5377=AXIS2_PLACEMENT_3D('',#8268,#6497,#6498);
#5378=AXIS2_PLACEMENT_3D('',#8270,#6500,#6501);
#5379=AXIS2_PLACEMENT_3D('',#8271,#6502,#6503);
#5380=AXIS2_PLACEMENT_3D('',#8273,#6504,#6505);
#5381=AXIS2_PLACEMENT_3D('',#8274,#6506,#6507);
#5382=AXIS2_PLACEMENT_3D('',#8278,#6510,#6511);
#5383=AXIS2_PLACEMENT_3D('',#8279,#6512,#6513);
#5384=AXIS2_PLACEMENT_3D('',#8283,#6515,#6516);
#5385=AXIS2_PLACEMENT_3D('',#8287,#6518,#6519);
#5386=AXIS2_PLACEMENT_3D('',#8292,#6522,#6523);
#5387=AXIS2_PLACEMENT_3D('',#8295,#6525,#6526);
#5388=AXIS2_PLACEMENT_3D('',#8299,#6528,#6529);
#5389=AXIS2_PLACEMENT_3D('',#8300,#6530,#6531);
#5390=AXIS2_PLACEMENT_3D('',#8301,#6532,#6533);
#5391=AXIS2_PLACEMENT_3D('',#8302,#6534,#6535);
#5392=AXIS2_PLACEMENT_3D('',#8304,#6536,#6537);
#5393=AXIS2_PLACEMENT_3D('',#8306,#6539,#6540);
#5394=AXIS2_PLACEMENT_3D('',#8310,#6543,#6544);
#5395=AXIS2_PLACEMENT_3D('',#8311,#6545,#6546);
#5396=AXIS2_PLACEMENT_3D('',#8315,#6548,#6549);
#5397=AXIS2_PLACEMENT_3D('',#8319,#6551,#6552);
#5398=AXIS2_PLACEMENT_3D('',#8324,#6555,#6556);
#5399=AXIS2_PLACEMENT_3D('',#8327,#6558,#6559);
#5400=AXIS2_PLACEMENT_3D('',#8328,#6560,#6561);
#5401=AXIS2_PLACEMENT_3D('',#8330,#6562,#6563);
#5402=AXIS2_PLACEMENT_3D('',#8331,#6564,#6565);
#5403=AXIS2_PLACEMENT_3D('',#8333,#6566,#6567);
#5404=AXIS2_PLACEMENT_3D('',#8335,#6569,#6570);
#5405=AXIS2_PLACEMENT_3D('',#8337,#6572,#6573);
#5406=AXIS2_PLACEMENT_3D('',#8338,#6574,#6575);
#5407=AXIS2_PLACEMENT_3D('',#8340,#6576,#6577);
#5408=AXIS2_PLACEMENT_3D('',#8341,#6578,#6579);
#5409=AXIS2_PLACEMENT_3D('',#8343,#6580,#6581);
#5410=AXIS2_PLACEMENT_3D('',#8345,#6583,#6584);
#5411=AXIS2_PLACEMENT_3D('',#8347,#6586,#6587);
#5412=AXIS2_PLACEMENT_3D('',#8348,#6588,#6589);
#5413=AXIS2_PLACEMENT_3D('',#8350,#6590,#6591);
#5414=AXIS2_PLACEMENT_3D('',#8351,#6592,#6593);
#5415=AXIS2_PLACEMENT_3D('',#8353,#6594,#6595);
#5416=AXIS2_PLACEMENT_3D('',#8355,#6597,#6598);
#5417=AXIS2_PLACEMENT_3D('',#8357,#6600,#6601);
#5418=AXIS2_PLACEMENT_3D('',#8358,#6602,#6603);
#5419=AXIS2_PLACEMENT_3D('',#8361,#6606,#6607);
#5420=AXIS2_PLACEMENT_3D('',#8362,#6608,#6609);
#5421=AXIS2_PLACEMENT_3D('',#8363,#6610,#6611);
#5422=AXIS2_PLACEMENT_3D('',#8365,#6613,#6614);
#5423=AXIS2_PLACEMENT_3D('',#8367,#6616,#6617);
#5424=AXIS2_PLACEMENT_3D('',#8368,#6618,#6619);
#5425=AXIS2_PLACEMENT_3D('',#8370,#6620,#6621);
#5426=AXIS2_PLACEMENT_3D('',#8371,#6622,#6623);
#5427=AXIS2_PLACEMENT_3D('',#8373,#6624,#6625);
#5428=AXIS2_PLACEMENT_3D('',#8375,#6627,#6628);
#5429=AXIS2_PLACEMENT_3D('',#8377,#6630,#6631);
#5430=AXIS2_PLACEMENT_3D('',#8378,#6632,#6633);
#5431=AXIS2_PLACEMENT_3D('',#8381,#6636,#6637);
#5432=AXIS2_PLACEMENT_3D('',#8382,#6638,#6639);
#5433=AXIS2_PLACEMENT_3D('',#8383,#6640,#6641);
#5434=AXIS2_PLACEMENT_3D('',#8384,#6642,#6643);
#5435=AXIS2_PLACEMENT_3D('',#8386,#6645,#6646);
#5436=AXIS2_PLACEMENT_3D('',#8387,#6647,#6648);
#5437=AXIS2_PLACEMENT_3D('',#8389,#6649,#6650);
#5438=AXIS2_PLACEMENT_3D('',#8393,#6653,#6654);
#5439=AXIS2_PLACEMENT_3D('',#8397,#6657,#6658);
#5440=AXIS2_PLACEMENT_3D('',#8399,#6660,#6661);
#5441=AXIS2_PLACEMENT_3D('',#8402,#6664,#6665);
#5442=AXIS2_PLACEMENT_3D('',#8403,#6666,#6667);
#5443=AXIS2_PLACEMENT_3D('',#8404,#6668,#6669);
#5444=AXIS2_PLACEMENT_3D('',#8406,#6671,#6672);
#5445=AXIS2_PLACEMENT_3D('',#8408,#6674,#6675);
#5446=AXIS2_PLACEMENT_3D('',#8409,#6676,#6677);
#5447=AXIS2_PLACEMENT_3D('',#8411,#6678,#6679);
#5448=AXIS2_PLACEMENT_3D('',#8412,#6680,#6681);
#5449=AXIS2_PLACEMENT_3D('',#8414,#6682,#6683);
#5450=AXIS2_PLACEMENT_3D('',#8416,#6685,#6686);
#5451=AXIS2_PLACEMENT_3D('',#8418,#6688,#6689);
#5452=AXIS2_PLACEMENT_3D('',#8419,#6690,#6691);
#5453=AXIS2_PLACEMENT_3D('',#8421,#6693,#6694);
#5454=AXIS2_PLACEMENT_3D('',#8422,#6695,#6696);
#5455=AXIS2_PLACEMENT_3D('',#8423,#6697,#6698);
#5456=AXIS2_PLACEMENT_3D('',#8425,#6700,#6701);
#5457=AXIS2_PLACEMENT_3D('',#8427,#6703,#6704);
#5458=AXIS2_PLACEMENT_3D('',#8428,#6705,#6706);
#5459=AXIS2_PLACEMENT_3D('',#8430,#6707,#6708);
#5460=AXIS2_PLACEMENT_3D('',#8431,#6709,#6710);
#5461=AXIS2_PLACEMENT_3D('',#8433,#6711,#6712);
#5462=AXIS2_PLACEMENT_3D('',#8435,#6714,#6715);
#5463=AXIS2_PLACEMENT_3D('',#8437,#6717,#6718);
#5464=AXIS2_PLACEMENT_3D('',#8438,#6719,#6720);
#5465=AXIS2_PLACEMENT_3D('',#8441,#6723,#6724);
#5466=AXIS2_PLACEMENT_3D('',#8442,#6725,#6726);
#5467=AXIS2_PLACEMENT_3D('',#8443,#6727,#6728);
#5468=AXIS2_PLACEMENT_3D('',#8444,#6729,#6730);
#5469=AXIS2_PLACEMENT_3D('',#8445,#6731,#6732);
#5470=AXIS2_PLACEMENT_3D('',#8446,#6733,#6734);
#5471=AXIS2_PLACEMENT_3D('',#8449,#6737,#6738);
#5472=AXIS2_PLACEMENT_3D('',#8453,#6740,#6741);
#5473=AXIS2_PLACEMENT_3D('',#8457,#6743,#6744);
#5474=AXIS2_PLACEMENT_3D('',#8458,#6745,#6746);
#5475=AXIS2_PLACEMENT_3D('',#8462,#6748,#6749);
#5476=AXIS2_PLACEMENT_3D('',#8466,#6751,#6752);
#5477=AXIS2_PLACEMENT_3D('',#8467,#6753,#6754);
#5478=AXIS2_PLACEMENT_3D('',#8471,#6756,#6757);
#5479=AXIS2_PLACEMENT_3D('',#8475,#6759,#6760);
#5480=AXIS2_PLACEMENT_3D('',#8476,#6761,#6762);
#5481=AXIS2_PLACEMENT_3D('',#8477,#6763,#6764);
#5482=AXIS2_PLACEMENT_3D('',#8482,#6766,#6767);
#5483=AXIS2_PLACEMENT_3D('',#8485,#6769,#6770);
#5484=AXIS2_PLACEMENT_3D('',#8494,#6779,#6780);
#5485=AXIS2_PLACEMENT_3D('',#8496,#6782,#6783);
#5486=AXIS2_PLACEMENT_3D('',#8498,#6785,#6786);
#5487=AXIS2_PLACEMENT_3D('',#8499,#6787,#6788);
#5488=AXIS2_PLACEMENT_3D('',#8501,#6790,#6791);
#5489=AXIS2_PLACEMENT_3D('',#8503,#6793,#6794);
#5490=AXIS2_PLACEMENT_3D('',#8504,#6795,#6796);
#5491=AXIS2_PLACEMENT_3D('',#8506,#6798,#6799);
#5492=AXIS2_PLACEMENT_3D('',#8508,#6801,#6802);
#5493=AXIS2_PLACEMENT_3D('',#8509,#6803,#6804);
#5494=AXIS2_PLACEMENT_3D('',#8511,#6806,#6807);
#5495=AXIS2_PLACEMENT_3D('',#8513,#6809,#6810);
#5496=AXIS2_PLACEMENT_3D('',#8514,#6811,#6812);
#5497=AXIS2_PLACEMENT_3D('',#8516,#6814,#6815);
#5498=AXIS2_PLACEMENT_3D('',#8517,#6816,#6817);
#5499=AXIS2_PLACEMENT_3D('',#8518,#6818,#6819);
#5500=AXIS2_PLACEMENT_3D('',#8520,#6820,#6821);
#5501=AXIS2_PLACEMENT_3D('',#8521,#6822,#6823);
#5502=AXIS2_PLACEMENT_3D('',#8522,#6824,#6825);
#5503=AXIS2_PLACEMENT_3D('',#8524,#6826,#6827);
#5504=AXIS2_PLACEMENT_3D('',#8526,#6828,#6829);
#5505=AXIS2_PLACEMENT_3D('',#8528,#6830,#6831);
#5506=AXIS2_PLACEMENT_3D('',#8530,#6832,#6833);
#5507=AXIS2_PLACEMENT_3D('',#8531,#6834,#6835);
#5508=AXIS2_PLACEMENT_3D('',#8532,#6836,#6837);
#5509=AXIS2_PLACEMENT_3D('',#8533,#6838,#6839);
#5510=AXIS2_PLACEMENT_3D('',#8534,#6840,#6841);
#5511=AXIS2_PLACEMENT_3D('',#8535,#6842,#6843);
#5512=AXIS2_PLACEMENT_3D('',#8536,#6844,#6845);
#5513=AXIS2_PLACEMENT_3D('',#8539,#6847,#6848);
#5514=AXIS2_PLACEMENT_3D('',#8540,#6849,#6850);
#5515=AXIS2_PLACEMENT_3D('',#8541,#6851,#6852);
#5516=AXIS2_PLACEMENT_3D('',#8543,#6854,#6855);
#5517=AXIS2_PLACEMENT_3D('',#8545,#6857,#6858);
#5518=AXIS2_PLACEMENT_3D('',#8546,#6859,#6860);
#5519=AXIS2_PLACEMENT_3D('',#8548,#6861,#6862);
#5520=AXIS2_PLACEMENT_3D('',#8549,#6863,#6864);
#5521=AXIS2_PLACEMENT_3D('',#8551,#6865,#6866);
#5522=AXIS2_PLACEMENT_3D('',#8554,#6869,#6870);
#5523=AXIS2_PLACEMENT_3D('',#8555,#6871,#6872);
#5524=AXIS2_PLACEMENT_3D('',#8556,#6873,#6874);
#5525=AXIS2_PLACEMENT_3D('',#8558,#6876,#6877);
#5526=AXIS2_PLACEMENT_3D('',#8560,#6879,#6880);
#5527=AXIS2_PLACEMENT_3D('',#8561,#6881,#6882);
#5528=AXIS2_PLACEMENT_3D('',#8562,#6883,#6884);
#5529=AXIS2_PLACEMENT_3D('',#8563,#6885,#6886);
#5530=AXIS2_PLACEMENT_3D('',#8565,#6888,#6889);
#5531=AXIS2_PLACEMENT_3D('',#8567,#6891,#6892);
#5532=AXIS2_PLACEMENT_3D('',#8568,#6893,#6894);
#5533=AXIS2_PLACEMENT_3D('',#8570,#6895,#6896);
#5534=AXIS2_PLACEMENT_3D('',#8571,#6897,#6898);
#5535=AXIS2_PLACEMENT_3D('',#8573,#6899,#6900);
#5536=AXIS2_PLACEMENT_3D('',#8576,#6903,#6904);
#5537=AXIS2_PLACEMENT_3D('',#8577,#6905,#6906);
#5538=AXIS2_PLACEMENT_3D('',#8578,#6907,#6908);
#5539=AXIS2_PLACEMENT_3D('',#8580,#6910,#6911);
#5540=AXIS2_PLACEMENT_3D('',#8582,#6913,#6914);
#5541=AXIS2_PLACEMENT_3D('',#8583,#6915,#6916);
#5542=AXIS2_PLACEMENT_3D('',#8585,#6918,#6919);
#5543=AXIS2_PLACEMENT_3D('',#8587,#6921,#6922);
#5544=AXIS2_PLACEMENT_3D('',#8588,#6923,#6924);
#5545=AXIS2_PLACEMENT_3D('',#8590,#6925,#6926);
#5546=AXIS2_PLACEMENT_3D('',#8592,#6928,#6929);
#5547=AXIS2_PLACEMENT_3D('',#8594,#6931,#6932);
#5548=AXIS2_PLACEMENT_3D('',#8595,#6933,#6934);
#5549=AXIS2_PLACEMENT_3D('',#8597,#6936,#6937);
#5550=AXIS2_PLACEMENT_3D('',#8599,#6939,#6940);
#5551=AXIS2_PLACEMENT_3D('',#8600,#6941,#6942);
#5552=AXIS2_PLACEMENT_3D('',#8602,#6944,#6945);
#5553=AXIS2_PLACEMENT_3D('',#8604,#6947,#6948);
#5554=AXIS2_PLACEMENT_3D('',#8605,#6949,#6950);
#5555=AXIS2_PLACEMENT_3D('',#8607,#6951,#6952);
#5556=AXIS2_PLACEMENT_3D('',#8610,#6955,#6956);
#5557=AXIS2_PLACEMENT_3D('',#8611,#6957,#6958);
#5558=AXIS2_PLACEMENT_3D('',#8612,#6959,#6960);
#5559=AXIS2_PLACEMENT_3D('',#8615,#6963,#6964);
#5560=AXIS2_PLACEMENT_3D('',#8616,#6965,#6966);
#5561=AXIS2_PLACEMENT_3D('',#8617,#6967,#6968);
#5562=AXIS2_PLACEMENT_3D('',#8619,#6970,#6971);
#5563=AXIS2_PLACEMENT_3D('',#8621,#6973,#6974);
#5564=AXIS2_PLACEMENT_3D('',#8622,#6975,#6976);
#5565=AXIS2_PLACEMENT_3D('',#8624,#6977,#6978);
#5566=AXIS2_PLACEMENT_3D('',#8625,#6979,#6980);
#5567=AXIS2_PLACEMENT_3D('',#8627,#6981,#6982);
#5568=AXIS2_PLACEMENT_3D('',#8630,#6985,#6986);
#5569=AXIS2_PLACEMENT_3D('',#8631,#6987,#6988);
#5570=AXIS2_PLACEMENT_3D('',#8632,#6989,#6990);
#5571=AXIS2_PLACEMENT_3D('',#8634,#6992,#6993);
#5572=AXIS2_PLACEMENT_3D('',#8636,#6995,#6996);
#5573=AXIS2_PLACEMENT_3D('',#8637,#6997,#6998);
#5574=AXIS2_PLACEMENT_3D('',#8639,#7000,#7001);
#5575=AXIS2_PLACEMENT_3D('',#8641,#7003,#7004);
#5576=AXIS2_PLACEMENT_3D('',#8642,#7005,#7006);
#5577=AXIS2_PLACEMENT_3D('',#8643,#7007,#7008);
#5578=AXIS2_PLACEMENT_3D('',#8644,#7009,#7010);
#5579=AXIS2_PLACEMENT_3D('',#8648,#7013,#7014);
#5580=AXIS2_PLACEMENT_3D('',#8652,#7017,#7018);
#5581=AXIS2_PLACEMENT_3D('',#8655,#7020,#7021);
#5582=AXIS2_PLACEMENT_3D('',#8656,#7022,#7023);
#5583=AXIS2_PLACEMENT_3D('',#8657,#7024,#7025);
#5584=AXIS2_PLACEMENT_3D('',#8661,#7028,#7029);
#5585=AXIS2_PLACEMENT_3D('',#8663,#7031,#7032);
#5586=AXIS2_PLACEMENT_3D('',#8664,#7033,#7034);
#5587=AXIS2_PLACEMENT_3D('',#8666,#7036,#7037);
#5588=AXIS2_PLACEMENT_3D('',#8667,#7038,#7039);
#5589=AXIS2_PLACEMENT_3D('',#8670,#7042,#7043);
#5590=AXIS2_PLACEMENT_3D('',#8672,#7045,#7046);
#5591=AXIS2_PLACEMENT_3D('',#8674,#7048,#7049);
#5592=AXIS2_PLACEMENT_3D('',#8675,#7050,#7051);
#5593=AXIS2_PLACEMENT_3D('',#8684,#7056,#7057);
#5594=AXIS2_PLACEMENT_3D('',#8690,#7061,#7062);
#5595=AXIS2_PLACEMENT_3D('',#8691,#7063,#7064);
#5596=AXIS2_PLACEMENT_3D('',#8694,#7066,#7067);
#5597=AXIS2_PLACEMENT_3D('',#8698,#7070,#7071);
#5598=AXIS2_PLACEMENT_3D('',#8699,#7072,#7073);
#5599=AXIS2_PLACEMENT_3D('',#8700,#7074,#7075);
#5600=DIRECTION('',(0.,0.,1.));
#5601=DIRECTION('',(1.,0.,0.));
#5602=DIRECTION('',(1.,0.,0.));
#5603=DIRECTION('',(0.,0.,-1.));
#5604=DIRECTION('',(-1.,0.,0.));
#5605=DIRECTION('',(0.,0.,1.));
#5606=DIRECTION('',(1.,0.,0.));
#5607=DIRECTION('',(1.,0.,0.));
#5608=DIRECTION('',(0.,0.,-1.));
#5609=DIRECTION('',(1.,0.,0.));
#5610=DIRECTION('',(1.,0.,0.));
#5611=DIRECTION('',(0.,0.,-1.));
#5612=DIRECTION('',(1.,0.,0.));
#5613=DIRECTION('',(1.,1.7347234759768E-16,0.));
#5614=DIRECTION('',(-1.7347234759768E-16,1.,0.));
#5615=DIRECTION('',(1.,0.,0.));
#5616=DIRECTION('',(-1.,0.,0.));
#5617=DIRECTION('',(0.,0.,1.));
#5618=DIRECTION('',(1.,0.,0.));
#5619=DIRECTION('',(-1.,0.,0.));
#5620=DIRECTION('',(0.,0.,1.));
#5621=DIRECTION('',(1.,0.,0.));
#5622=DIRECTION('',(-1.,0.,0.));
#5623=DIRECTION('',(0.,0.,1.));
#5624=DIRECTION('',(1.,0.,0.));
#5625=DIRECTION('',(-1.,0.,0.));
#5626=DIRECTION('',(0.,0.,1.));
#5627=DIRECTION('',(1.,0.,0.));
#5628=DIRECTION('',(-1.,0.,0.));
#5629=DIRECTION('',(0.,0.,1.));
#5630=DIRECTION('',(1.,0.,0.));
#5631=DIRECTION('',(-1.,0.,0.));
#5632=DIRECTION('',(0.,0.,1.));
#5633=DIRECTION('',(1.,0.,0.));
#5634=DIRECTION('',(-1.,0.,0.));
#5635=DIRECTION('',(0.,0.,1.));
#5636=DIRECTION('',(1.,0.,0.));
#5637=DIRECTION('',(-1.,0.,0.));
#5638=DIRECTION('',(0.,0.,1.));
#5639=DIRECTION('',(1.,0.,0.));
#5640=DIRECTION('',(-1.,0.,0.));
#5641=DIRECTION('',(0.,0.,1.));
#5642=DIRECTION('',(1.,0.,0.));
#5643=DIRECTION('',(-1.,0.,0.));
#5644=DIRECTION('',(0.,0.,1.));
#5645=DIRECTION('',(1.,0.,0.));
#5646=DIRECTION('',(1.,0.,0.));
#5647=DIRECTION('',(0.,0.,-1.));
#5648=DIRECTION('',(1.,0.,0.));
#5649=DIRECTION('',(1.,1.7347234759768E-16,0.));
#5650=DIRECTION('',(-1.7347234759768E-16,1.,0.));
#5651=DIRECTION('',(1.,0.,0.));
#5652=DIRECTION('',(0.,0.,-1.));
#5653=DIRECTION('',(1.,1.7347234759768E-16,0.));
#5654=DIRECTION('',(-1.7347234759768E-16,1.,0.));
#5655=DIRECTION('',(-1.,0.,0.));
#5656=DIRECTION('',(-1.,0.,0.));
#5657=DIRECTION('',(0.,0.,1.));
#5658=DIRECTION('',(-1.,0.,0.));
#5659=DIRECTION('',(-1.,0.,0.));
#5660=DIRECTION('',(0.,-1.,0.));
#5661=DIRECTION('',(-1.,0.,0.));
#5662=DIRECTION('',(0.,0.,1.));
#5663=DIRECTION('',(0.,0.,1.));
#5664=DIRECTION('',(-1.,0.,0.));
#5665=DIRECTION('',(0.,0.,1.));
#5666=DIRECTION('',(0.,0.,1.));
#5667=DIRECTION('',(1.,-7.32268090203961E-17,-2.2536894460195E-16));
#5668=DIRECTION('',(-2.2536894460195E-16,0.,-1.));
#5669=DIRECTION('',(1.,7.32268090203961E-17,2.2536894460195E-16));
#5670=DIRECTION('',(2.2536894460195E-16,0.,-1.));
#5671=DIRECTION('',(-1.,0.,0.));
#5672=DIRECTION('',(0.,0.,1.));
#5673=DIRECTION('',(-7.32268090203961E-17,1.,0.));
#5674=DIRECTION('',(-1.,-7.32268090203961E-17,0.));
#5675=DIRECTION('',(0.,0.,1.));
#5676=DIRECTION('',(1.,0.,0.));
#5677=DIRECTION('',(0.,0.,1.));
#5678=DIRECTION('',(-1.,-7.32268090203961E-17,0.));
#5679=DIRECTION('',(0.,0.,-1.));
#5680=DIRECTION('',(0.,1.,0.));
#5681=DIRECTION('',(0.,0.,1.));
#5682=DIRECTION('',(-1.,7.32268090203961E-17,-2.2536894460195E-16));
#5683=DIRECTION('',(0.,0.,1.));
#5684=DIRECTION('',(1.,0.,0.));
#5685=DIRECTION('',(0.,0.,-1.));
#5686=DIRECTION('',(0.,0.,1.));
#5687=DIRECTION('',(1.,0.,0.));
#5688=DIRECTION('',(0.,-1.,0.));
#5689=DIRECTION('',(-1.,7.32268090203961E-17,-2.2536894460195E-16));
#5690=DIRECTION('',(0.,-1.,0.));
#5691=DIRECTION('',(-1.,-7.32268090203961E-17,-2.2536894460195E-16));
#5692=DIRECTION('',(0.,1.,0.));
#5693=DIRECTION('',(0.,0.,1.));
#5694=DIRECTION('',(0.,0.,1.));
#5695=DIRECTION('',(-1.,-7.32268090203961E-17,-2.2536894460195E-16));
#5696=DIRECTION('',(0.,0.,-1.));
#5697=DIRECTION('',(1.,0.,0.));
#5698=DIRECTION('',(0.,-1.,0.));
#5699=DIRECTION('',(0.,0.,-1.));
#5700=DIRECTION('',(0.,-1.,0.));
#5701=DIRECTION('',(0.,-1.,0.));
#5702=DIRECTION('',(0.,0.,-1.));
#5703=DIRECTION('',(0.,-1.,0.));
#5704=DIRECTION('',(0.,1.,0.));
#5705=DIRECTION('',(0.,0.,1.));
#5706=DIRECTION('',(0.,1.,0.));
#5707=DIRECTION('',(0.,0.,1.));
#5708=DIRECTION('',(7.04220244888989E-17,1.,-1.31946644886654E-17));
#5709=DIRECTION('',(-1.,7.04220244888989E-17,0.));
#5710=DIRECTION('',(0.,1.,0.));
#5711=DIRECTION('',(0.,0.,1.));
#5712=DIRECTION('',(1.,0.,0.));
#5713=DIRECTION('',(0.,0.,-1.));
#5714=DIRECTION('',(-1.,0.,0.));
#5715=DIRECTION('',(0.,0.,1.));
#5716=DIRECTION('',(-1.,0.,0.));
#5717=DIRECTION('',(0.,0.,1.));
#5718=DIRECTION('',(1.,-7.32268090203961E-17,-2.2536894460195E-16));
#5719=DIRECTION('',(-1.,7.32268090203961E-17,2.2536894460195E-16));
#5720=DIRECTION('',(-2.2536894460195E-16,-0.587785252292473,-0.809016994374947));
#5721=DIRECTION('',(1.,0.,0.));
#5722=DIRECTION('',(-1.,7.32268090203961E-17,2.2536894460195E-16));
#5723=DIRECTION('',(-2.2536894460195E-16,-0.587785252292473,-0.809016994374947));
#5724=DIRECTION('',(1.,-7.32268090203961E-17,-2.2536894460195E-16));
#5725=DIRECTION('',(-1.,7.32268090203961E-17,2.2536894460195E-16));
#5726=DIRECTION('',(-2.2536894460195E-16,-0.587785252292473,-0.809016994374947));
#5727=DIRECTION('',(1.,-7.32268090203961E-17,-2.2536894460195E-16));
#5728=DIRECTION('',(-1.,7.32268090203961E-17,2.2536894460195E-16));
#5729=DIRECTION('',(-2.2536894460195E-16,-0.587785252292473,-0.809016994374947));
#5730=DIRECTION('',(1.,-7.32268090203961E-17,-2.2536894460195E-16));
#5731=DIRECTION('',(-1.,7.32268090203961E-17,2.2536894460195E-16));
#5732=DIRECTION('',(-2.2536894460195E-16,-0.587785252292473,-0.809016994374947));
#5733=DIRECTION('',(1.,-7.32268090203961E-17,-2.2536894460195E-16));
#5734=DIRECTION('',(-1.,0.,0.));
#5735=DIRECTION('',(0.,0.,1.));
#5736=DIRECTION('',(1.,-1.18483465882698E-16,-8.60832768292525E-17));
#5737=DIRECTION('',(-1.,1.18483465882698E-16,8.60832768292526E-17));
#5738=DIRECTION('',(-8.60832768292526E-17,-0.951056516295154,0.309016994374948));
#5739=DIRECTION('',(1.,-1.18483465882698E-16,-8.60832768292526E-17));
#5740=DIRECTION('',(-1.,1.18483465882698E-16,8.60832768292526E-17));
#5741=DIRECTION('',(-8.60832768292526E-17,-0.951056516295154,0.309016994374948));
#5742=DIRECTION('',(1.,-1.18483465882698E-16,-8.60832768292525E-17));
#5743=DIRECTION('',(-1.,1.18483465882698E-16,8.60832768292526E-17));
#5744=DIRECTION('',(-8.60832768292526E-17,-0.951056516295154,0.309016994374948));
#5745=DIRECTION('',(1.,-1.18483465882698E-16,-8.60832768292525E-17));
#5746=DIRECTION('',(-1.,1.18483465882698E-16,8.60832768292526E-17));
#5747=DIRECTION('',(-8.60832768292526E-17,-0.951056516295154,0.309016994374948));
#5748=DIRECTION('',(1.,-1.18483465882698E-16,-8.60832768292526E-17));
#5749=DIRECTION('',(-1.,1.18483465882698E-16,8.60832768292526E-17));
#5750=DIRECTION('',(-8.60832768292526E-17,-0.951056516295154,0.309016994374948));
#5751=DIRECTION('',(1.,-1.18483465882698E-16,-8.60832768292525E-17));
#5752=DIRECTION('',(-1.,0.,0.));
#5753=DIRECTION('',(0.,0.,1.));
#5754=DIRECTION('',(1.,0.,0.));
#5755=DIRECTION('',(-1.,0.,0.));
#5756=DIRECTION('',(0.,0.,1.));
#5757=DIRECTION('',(1.,0.,0.));
#5758=DIRECTION('',(-1.,0.,0.));
#5759=DIRECTION('',(0.,0.,1.));
#5760=DIRECTION('',(1.,0.,0.));
#5761=DIRECTION('',(-1.,0.,0.));
#5762=DIRECTION('',(0.,0.,1.));
#5763=DIRECTION('',(1.,0.,0.));
#5764=DIRECTION('',(-1.,0.,0.));
#5765=DIRECTION('',(0.,0.,1.));
#5766=DIRECTION('',(1.,0.,0.));
#5767=DIRECTION('',(-1.,0.,0.));
#5768=DIRECTION('',(0.,0.,1.));
#5769=DIRECTION('',(1.,0.,0.));
#5770=DIRECTION('',(-1.,0.,0.));
#5771=DIRECTION('',(0.,0.,1.));
#5772=DIRECTION('',(1.,1.18483465882698E-16,-8.60832768292526E-17));
#5773=DIRECTION('',(-1.,-1.18483465882698E-16,8.60832768292526E-17));
#5774=DIRECTION('',(-8.60832768292526E-17,0.951056516295154,0.309016994374948));
#5775=DIRECTION('',(1.,1.18483465882698E-16,-8.60832768292526E-17));
#5776=DIRECTION('',(-1.,-1.18483465882698E-16,8.60832768292526E-17));
#5777=DIRECTION('',(-8.60832768292526E-17,0.951056516295154,0.309016994374948));
#5778=DIRECTION('',(1.,1.18483465882698E-16,-8.60832768292526E-17));
#5779=DIRECTION('',(-1.,-1.18483465882698E-16,8.60832768292526E-17));
#5780=DIRECTION('',(-8.60832768292526E-17,0.951056516295154,0.309016994374948));
#5781=DIRECTION('',(1.,1.18483465882698E-16,-8.60832768292526E-17));
#5782=DIRECTION('',(-1.,-1.18483465882698E-16,8.60832768292526E-17));
#5783=DIRECTION('',(-8.60832768292526E-17,0.951056516295154,0.309016994374948));
#5784=DIRECTION('',(1.,1.18483465882698E-16,-8.60832768292526E-17));
#5785=DIRECTION('',(-1.,-1.18483465882698E-16,8.60832768292526E-17));
#5786=DIRECTION('',(-8.60832768292526E-17,0.951056516295154,0.309016994374948));
#5787=DIRECTION('',(1.,1.18483465882698E-16,-8.60832768292526E-17));
#5788=DIRECTION('',(-1.,0.,0.));
#5789=DIRECTION('',(0.,0.,1.));
#5790=DIRECTION('',(1.,7.32268090203961E-17,-2.2536894460195E-16));
#5791=DIRECTION('',(-1.,-7.32268090203961E-17,2.2536894460195E-16));
#5792=DIRECTION('',(-2.2536894460195E-16,0.587785252292473,-0.809016994374948));
#5793=DIRECTION('',(1.,7.32268090203961E-17,-2.2536894460195E-16));
#5794=DIRECTION('',(-1.,-7.32268090203961E-17,2.2536894460195E-16));
#5795=DIRECTION('',(-2.2536894460195E-16,0.587785252292473,-0.809016994374948));
#5796=DIRECTION('',(1.,7.32268090203961E-17,-2.2536894460195E-16));
#5797=DIRECTION('',(-1.,-7.32268090203961E-17,2.2536894460195E-16));
#5798=DIRECTION('',(-2.2536894460195E-16,0.587785252292473,-0.809016994374948));
#5799=DIRECTION('',(1.,7.32268090203961E-17,-2.2536894460195E-16));
#5800=DIRECTION('',(-1.,-7.32268090203961E-17,2.2536894460195E-16));
#5801=DIRECTION('',(-2.2536894460195E-16,0.587785252292473,-0.809016994374948));
#5802=DIRECTION('',(1.,0.,0.));
#5803=DIRECTION('',(-1.,-7.32268090203961E-17,2.2536894460195E-16));
#5804=DIRECTION('',(-2.2536894460195E-16,0.587785252292473,-0.809016994374948));
#5805=DIRECTION('',(1.,7.32268090203961E-17,-2.2536894460195E-16));
#5806=DIRECTION('',(-1.,0.,0.));
#5807=DIRECTION('',(0.,0.,1.));
#5808=DIRECTION('',(-1.,0.,0.));
#5809=DIRECTION('',(0.,0.,1.));
#5810=DIRECTION('',(-1.,-1.18483465882698E-16,-8.60832768292526E-17));
#5811=DIRECTION('',(1.,0.,0.));
#5812=DIRECTION('',(0.,0.,-1.));
#5813=DIRECTION('',(1.,0.,0.));
#5814=DIRECTION('',(-1.,0.,0.));
#5815=DIRECTION('',(0.,0.,1.));
#5816=DIRECTION('',(1.,0.,0.));
#5817=DIRECTION('',(1.,-7.32268090203961E-17,-2.2536894460195E-16));
#5818=DIRECTION('',(-2.2536894460195E-16,0.,-1.));
#5819=DIRECTION('',(1.,-7.32268090203961E-17,-2.2536894460195E-16));
#5820=DIRECTION('',(-2.2536894460195E-16,-0.587785252292473,-0.809016994374947));
#5821=DIRECTION('',(-1.,7.32268090203961E-17,2.2536894460195E-16));
#5822=DIRECTION('',(2.2536894460195E-16,0.,1.));
#5823=DIRECTION('',(-1.,-7.32268090203961E-17,-2.2536894460195E-16));
#5824=DIRECTION('',(-1.,7.32268090203961E-17,2.2536894460195E-16));
#5825=DIRECTION('',(2.2536894460195E-16,0.,1.));
#5826=DIRECTION('',(-1.,-7.32268090203961E-17,-2.2536894460195E-16));
#5827=DIRECTION('',(-1.,0.,0.));
#5828=DIRECTION('',(0.,0.,1.));
#5829=DIRECTION('',(-1.,0.,1.24580888572481E-16));
#5830=DIRECTION('',(1.24580888572481E-16,0.,1.));
#5831=DIRECTION('',(-1.,-7.32268090203961E-17,-2.2536894460195E-16));
#5832=DIRECTION('',(-1.,0.,0.));
#5833=DIRECTION('',(0.,0.,1.));
#5834=DIRECTION('',(1.,7.32268090203961E-17,-2.2536894460195E-16));
#5835=DIRECTION('',(-2.2536894460195E-16,0.,-1.));
#5836=DIRECTION('',(-1.,-7.32268090203961E-17,2.2536894460195E-16));
#5837=DIRECTION('',(-2.2536894460195E-16,0.587785252292473,-0.809016994374948));
#5838=DIRECTION('',(-1.,-7.32268090203961E-17,2.2536894460195E-16));
#5839=DIRECTION('',(2.2536894460195E-16,0.,1.));
#5840=DIRECTION('',(-1.,7.32268090203961E-17,-2.2536894460195E-16));
#5841=DIRECTION('',(-1.,-7.32268090203961E-17,2.2536894460195E-16));
#5842=DIRECTION('',(2.2536894460195E-16,0.,1.));
#5843=DIRECTION('',(-1.,7.32268090203961E-17,-2.2536894460195E-16));
#5844=DIRECTION('',(-1.,0.,0.));
#5845=DIRECTION('',(0.,0.,1.));
#5846=DIRECTION('',(-1.,0.,0.));
#5847=DIRECTION('',(0.,0.,1.));
#5848=DIRECTION('',(-1.,7.32268090203961E-17,-2.2536894460195E-16));
#5849=DIRECTION('',(-1.,0.,1.24580888572481E-16));
#5850=DIRECTION('',(1.24580888572481E-16,0.,1.));
#5851=DIRECTION('',(1.01735231656041E-16,-0.139173100960066,-0.99026806874157));
#5852=DIRECTION('',(0.,0.99026806874157,-0.139173100960066));
#5853=DIRECTION('',(0.,0.99026806874157,-0.139173100960066));
#5854=DIRECTION('',(-1.,-1.18483465882698E-16,-8.60832768292526E-17));
#5855=DIRECTION('',(0.,0.99026806874157,-0.139173100960066));
#5856=DIRECTION('',(-1.,-1.18483465882698E-16,-8.60832768292526E-17));
#5857=DIRECTION('',(1.18483465882698E-16,-1.,0.));
#5858=DIRECTION('',(1.,0.,0.));
#5859=DIRECTION('',(0.,0.,-1.));
#5860=DIRECTION('',(-1.,0.,0.));
#5861=DIRECTION('',(0.,0.,1.));
#5862=DIRECTION('',(-1.31631639954036E-16,-0.46947156278589,0.882947592858927));
#5863=DIRECTION('',(0.,-0.882947592858928,-0.46947156278589));
#5864=DIRECTION('',(6.42010404919517E-17,0.882947592858927,0.46947156278589));
#5865=DIRECTION('',(-1.,1.18483465882698E-16,-8.60832768292526E-17));
#5866=DIRECTION('',(6.42010404919517E-17,0.882947592858927,0.46947156278589));
#5867=DIRECTION('',(-1.,1.18483465882698E-16,-8.60832768292526E-17));
#5868=DIRECTION('',(-1.01735231656041E-16,-0.139173100960065,0.99026806874157));
#5869=DIRECTION('',(0.,-0.99026806874157,-0.139173100960065));
#5870=DIRECTION('',(-1.,1.18483465882698E-16,-8.60832768292526E-17));
#5871=DIRECTION('',(1.05349916360337E-16,0.99026806874157,0.139173100960065));
#5872=DIRECTION('',(-1.,1.18483465882698E-16,-8.60832768292526E-17));
#5873=DIRECTION('',(1.05349916360337E-16,0.99026806874157,0.139173100960065));
#5874=DIRECTION('',(-1.,0.,0.));
#5875=DIRECTION('',(0.,0.,1.));
#5876=DIRECTION('',(-1.,1.18483465882698E-16,-8.60832768292526E-17));
#5877=DIRECTION('',(-1.,1.18483465882698E-16,-8.60832768292526E-17));
#5878=DIRECTION('',(8.60832768292526E-17,0.951056516295154,0.309016994374948));
#5879=DIRECTION('',(-1.,0.,0.));
#5880=DIRECTION('',(0.,0.,1.));
#5881=DIRECTION('',(-1.,0.,0.));
#5882=DIRECTION('',(-1.,0.,0.));
#5883=DIRECTION('',(0.,0.,1.));
#5884=DIRECTION('',(-1.,0.,0.));
#5885=DIRECTION('',(-1.,0.,0.));
#5886=DIRECTION('',(0.,0.,1.));
#5887=DIRECTION('',(-1.,0.,0.));
#5888=DIRECTION('',(-1.,0.,0.));
#5889=DIRECTION('',(0.,0.,1.));
#5890=DIRECTION('',(-1.,1.18483465882698E-16,-8.60832768292526E-17));
#5891=DIRECTION('',(-1.,1.18483465882698E-16,-8.60832768292526E-17));
#5892=DIRECTION('',(8.60832768292526E-17,0.951056516295154,0.309016994374948));
#5893=DIRECTION('',(-1.,0.,0.));
#5894=DIRECTION('',(0.,0.,1.));
#5895=DIRECTION('',(-1.,1.18483465882698E-16,-8.60832768292526E-17));
#5896=DIRECTION('',(8.60832768292526E-17,0.951056516295154,0.309016994374948));
#5897=DIRECTION('',(-1.,1.18483465882698E-16,-8.60832768292526E-17));
#5898=DIRECTION('',(-1.,1.18483465882698E-16,-8.60832768292526E-17));
#5899=DIRECTION('',(8.60832768292526E-17,0.951056516295154,0.309016994374948));
#5900=DIRECTION('',(-1.,1.18483465882698E-16,-8.60832768292526E-17));
#5901=DIRECTION('',(-1.,0.,0.));
#5902=DIRECTION('',(0.,0.,1.));
#5903=DIRECTION('',(-1.,7.32268090203961E-17,-2.2536894460195E-16));
#5904=DIRECTION('',(-1.,7.32268090203961E-17,-2.2536894460195E-16));
#5905=DIRECTION('',(2.2536894460195E-16,0.587785252292473,-0.809016994374948));
#5906=DIRECTION('',(-1.,7.32268090203961E-17,-2.2536894460195E-16));
#5907=DIRECTION('',(-1.,7.32268090203961E-17,-2.2536894460195E-16));
#5908=DIRECTION('',(2.2536894460195E-16,0.587785252292473,-0.809016994374948));
#5909=DIRECTION('',(-1.,7.32268090203961E-17,-2.2536894460195E-16));
#5910=DIRECTION('',(-1.,0.,0.));
#5911=DIRECTION('',(0.,0.,1.));
#5912=DIRECTION('',(-1.,1.18483465882698E-16,-8.60832768292526E-17));
#5913=DIRECTION('',(-1.18483465882698E-16,-1.,0.));
#5914=DIRECTION('',(-1.,1.18483465882698E-16,-8.60832768292526E-17));
#5915=DIRECTION('',(8.60832768292526E-17,0.951056516295154,0.309016994374948));
#5916=DIRECTION('',(1.,-1.18483465882698E-16,8.60832768292526E-17));
#5917=DIRECTION('',(1.18483465882698E-16,1.,0.));
#5918=DIRECTION('',(-1.,1.18483465882698E-16,-8.60832768292526E-17));
#5919=DIRECTION('',(-1.18483465882698E-16,-1.,0.));
#5920=DIRECTION('',(1.,-1.18483465882698E-16,8.60832768292526E-17));
#5921=DIRECTION('',(8.60832768292526E-17,0.951056516295154,0.309016994374948));
#5922=DIRECTION('',(1.,-1.18483465882698E-16,8.60832768292526E-17));
#5923=DIRECTION('',(1.18483465882698E-16,1.,0.));
#5924=DIRECTION('',(-1.,0.,0.));
#5925=DIRECTION('',(0.,-1.,0.));
#5926=DIRECTION('',(1.,-7.32268090203961E-17,2.2536894460195E-16));
#5927=DIRECTION('',(2.2536894460195E-16,0.587785252292473,-0.809016994374948));
#5928=DIRECTION('',(-1.,7.32268090203961E-17,-2.2536894460195E-16));
#5929=DIRECTION('',(2.2536894460195E-16,0.587785252292473,-0.809016994374948));
#5930=DIRECTION('',(1.,1.18483465882698E-16,8.60832768292526E-17));
#5931=DIRECTION('',(8.60832768292526E-17,-0.951056516295154,0.309016994374948));
#5932=DIRECTION('',(-1.,-1.18483465882698E-16,-8.60832768292526E-17));
#5933=DIRECTION('',(8.60832768292526E-17,-0.951056516295154,0.309016994374948));
#5934=DIRECTION('',(-1.,0.,0.));
#5935=DIRECTION('',(0.,0.,1.));
#5936=DIRECTION('',(1.,0.,0.));
#5937=DIRECTION('',(0.,0.,1.));
#5938=DIRECTION('',(-1.,-7.32268090203961E-17,-2.2536894460195E-16));
#5939=DIRECTION('',(2.2536894460195E-16,-0.587785252292473,-0.809016994374947));
#5940=DIRECTION('',(1.,7.32268090203961E-17,2.2536894460195E-16));
#5941=DIRECTION('',(2.2536894460195E-16,-0.587785252292473,-0.809016994374947));
#5942=DIRECTION('',(-1.,1.18483465882698E-16,-8.60832768292526E-17));
#5943=DIRECTION('',(8.60832768292526E-17,0.951056516295154,0.309016994374948));
#5944=DIRECTION('',(2.09229381989422E-16,0.719339800338651,-0.694658370458998));
#5945=DIRECTION('',(-1.,7.32268090203961E-17,-2.2536894460195E-16));
#5946=DIRECTION('',(2.2536894460195E-16,0.587785252292473,-0.809016994374948));
#5947=DIRECTION('',(2.34660785874935E-16,0.438371146789078,-0.898794046299167));
#5948=DIRECTION('',(-1.,0.,0.));
#5949=DIRECTION('',(0.,0.,1.));
#5950=DIRECTION('',(2.34660785874935E-16,-0.438371146789078,-0.898794046299167));
#5951=DIRECTION('',(-1.,-7.32268090203961E-17,-2.2536894460195E-16));
#5952=DIRECTION('',(2.2536894460195E-16,-0.587785252292473,-0.809016994374947));
#5953=DIRECTION('',(2.09229381989422E-16,-0.719339800338651,-0.694658370458998));
#5954=DIRECTION('',(-1.,0.,0.));
#5955=DIRECTION('',(0.,0.,1.));
#5956=DIRECTION('',(1.05349916360336E-16,-0.99026806874157,0.139173100960066));
#5957=DIRECTION('',(-1.,-1.18483465882698E-16,-8.60832768292526E-17));
#5958=DIRECTION('',(8.60832768292526E-17,-0.951056516295154,0.309016994374948));
#5959=DIRECTION('',(6.42010404919517E-17,-0.882947592858927,0.469471562785891));
#5960=DIRECTION('',(-1.,0.,0.));
#5961=DIRECTION('',(0.,0.,1.));
#5962=DIRECTION('',(0.,-0.17364817766693,0.984807753012208));
#5963=DIRECTION('',(-1.,0.,0.));
#5964=DIRECTION('',(0.,0.,1.));
#5965=DIRECTION('',(0.,0.17364817766693,0.984807753012208));
#5966=DIRECTION('',(-1.,0.,0.));
#5967=DIRECTION('',(0.,-1.,0.));
#5968=DIRECTION('',(-1.,0.,0.));
#5969=DIRECTION('',(0.,0.,1.));
#5970=DIRECTION('',(-1.,0.,0.));
#5971=DIRECTION('',(0.,0.,1.));
#5972=DIRECTION('',(0.,0.882947592858928,0.46947156278589));
#5973=DIRECTION('',(0.,0.17364817766693,0.984807753012208));
#5974=DIRECTION('',(-1.,0.,0.));
#5975=DIRECTION('',(0.,0.,1.));
#5976=DIRECTION('',(-1.,0.,0.));
#5977=DIRECTION('',(0.,-1.,0.));
#5978=DIRECTION('',(-1.,0.,0.));
#5979=DIRECTION('',(0.,0.,1.));
#5980=DIRECTION('',(-1.,0.,0.));
#5981=DIRECTION('',(0.,0.,1.));
#5982=DIRECTION('',(0.,0.99026806874157,0.139173100960065));
#5983=DIRECTION('',(-1.,0.,0.));
#5984=DIRECTION('',(0.,0.,1.));
#5985=DIRECTION('',(0.,0.719339800338651,-0.694658370458998));
#5986=DIRECTION('',(-1.11249235784478E-16,0.694658370458998,0.719339800338651));
#5987=DIRECTION('',(0.,-0.719339800338651,0.694658370458998));
#5988=DIRECTION('',(2.09229381989422E-16,0.719339800338651,-0.694658370458998));
#5989=DIRECTION('',(-1.,7.32268090203961E-17,-2.2536894460195E-16));
#5990=DIRECTION('',(-3.29794227187825E-17,0.898794046299167,0.438371146789078));
#5991=DIRECTION('',(0.,-0.438371146789078,0.898794046299167));
#5992=DIRECTION('',(-1.,7.32268090203961E-17,-2.2536894460195E-16));
#5993=DIRECTION('',(2.34660785874935E-16,0.438371146789078,-0.898794046299167));
#5994=DIRECTION('',(-1.,7.32268090203961E-17,-2.2536894460195E-16));
#5995=DIRECTION('',(-1.,0.,0.));
#5996=DIRECTION('',(0.,0.,1.));
#5997=DIRECTION('',(-1.,7.32268090203961E-17,-2.2536894460195E-16));
#5998=DIRECTION('',(2.2536894460195E-16,0.587785252292473,-0.809016994374948));
#5999=DIRECTION('',(-1.,7.32268090203961E-17,-2.2536894460195E-16));
#6000=DIRECTION('',(-1.,7.32268090203961E-17,-2.2536894460195E-16));
#6001=DIRECTION('',(2.2536894460195E-16,0.587785252292473,-0.809016994374948));
#6002=DIRECTION('',(-1.,7.32268090203961E-17,-2.2536894460195E-16));
#6003=DIRECTION('',(-1.,0.,0.));
#6004=DIRECTION('',(0.,0.,1.));
#6005=DIRECTION('',(-1.,-7.32268090203961E-17,-2.2536894460195E-16));
#6006=DIRECTION('',(-1.,-7.32268090203961E-17,-2.2536894460195E-16));
#6007=DIRECTION('',(2.2536894460195E-16,-0.587785252292473,-0.809016994374947));
#6008=DIRECTION('',(-1.,-7.32268090203961E-17,-2.2536894460195E-16));
#6009=DIRECTION('',(-1.,-7.32268090203961E-17,-2.2536894460195E-16));
#6010=DIRECTION('',(2.2536894460195E-16,-0.587785252292473,-0.809016994374947));
#6011=DIRECTION('',(-1.,-7.32268090203961E-17,-2.2536894460195E-16));
#6012=DIRECTION('',(1.,7.32268090203961E-17,-2.2536894460195E-16));
#6013=DIRECTION('',(-2.2536894460195E-16,0.,-1.));
#6014=DIRECTION('',(1.,-7.32268090203961E-17,2.2536894460195E-16));
#6015=DIRECTION('',(2.2536894460195E-16,0.,-1.));
#6016=DIRECTION('',(-1.,7.32268090203961E-17,-2.2536894460195E-16));
#6017=DIRECTION('',(-2.2536894460195E-16,0.,1.));
#6018=DIRECTION('',(1.,-7.32268090203961E-17,2.2536894460195E-16));
#6019=DIRECTION('',(2.2536894460195E-16,0.,-1.));
#6020=DIRECTION('',(-1.,0.,0.));
#6021=DIRECTION('',(0.,-1.,0.));
#6022=DIRECTION('',(-1.,0.,0.));
#6023=DIRECTION('',(0.,0.,1.));
#6024=DIRECTION('',(0.,-1.,0.));
#6025=DIRECTION('',(-1.,0.,0.));
#6026=DIRECTION('',(0.,0.,1.));
#6027=DIRECTION('',(0.,-0.438371146789078,-0.898794046299167));
#6028=DIRECTION('',(0.,0.438371146789078,-0.898794046299167));
#6029=DIRECTION('',(-1.,0.,0.));
#6030=DIRECTION('',(0.,0.,1.));
#6031=DIRECTION('',(0.,1.,0.));
#6032=DIRECTION('',(0.,0.,-1.));
#6033=DIRECTION('',(3.29794227187826E-17,0.898794046299167,-0.438371146789078));
#6034=DIRECTION('',(0.,0.438371146789078,0.898794046299167));
#6035=DIRECTION('',(2.34660785874935E-16,-0.438371146789078,-0.898794046299167));
#6036=DIRECTION('',(-1.,-7.32268090203961E-17,-2.2536894460195E-16));
#6037=DIRECTION('',(1.11249235784478E-16,0.694658370458998,-0.719339800338651));
#6038=DIRECTION('',(0.,0.719339800338651,0.694658370458998));
#6039=DIRECTION('',(-1.,-7.32268090203961E-17,-2.2536894460195E-16));
#6040=DIRECTION('',(2.09229381989422E-16,-0.719339800338651,-0.694658370458998));
#6041=DIRECTION('',(-1.,-7.32268090203961E-17,-2.2536894460195E-16));
#6042=DIRECTION('',(-1.,0.,0.));
#6043=DIRECTION('',(0.,0.,1.));
#6044=DIRECTION('',(-1.,-7.32268090203961E-17,-2.2536894460195E-16));
#6045=DIRECTION('',(2.2536894460195E-16,-0.587785252292473,-0.809016994374947));
#6046=DIRECTION('',(-1.,-7.32268090203961E-17,-2.2536894460195E-16));
#6047=DIRECTION('',(-1.,-7.32268090203961E-17,-2.2536894460195E-16));
#6048=DIRECTION('',(2.2536894460195E-16,-0.587785252292473,-0.809016994374947));
#6049=DIRECTION('',(-1.,-7.32268090203961E-17,-2.2536894460195E-16));
#6050=DIRECTION('',(-1.,0.,0.));
#6051=DIRECTION('',(0.,0.,1.));
#6052=DIRECTION('',(-1.,-1.18483465882698E-16,-8.60832768292526E-17));
#6053=DIRECTION('',(-1.,-1.18483465882698E-16,-8.60832768292526E-17));
#6054=DIRECTION('',(8.60832768292526E-17,-0.951056516295154,0.309016994374948));
#6055=DIRECTION('',(-1.,-1.18483465882698E-16,-8.60832768292526E-17));
#6056=DIRECTION('',(-1.,-1.18483465882698E-16,-8.60832768292526E-17));
#6057=DIRECTION('',(8.60832768292526E-17,-0.951056516295154,0.309016994374948));
#6058=DIRECTION('',(-1.,-1.18483465882698E-16,-8.60832768292526E-17));
#6059=DIRECTION('',(1.,-7.32268090203961E-17,-2.2536894460195E-16));
#6060=DIRECTION('',(-2.2536894460195E-16,0.,-1.));
#6061=DIRECTION('',(1.,7.32268090203961E-17,2.2536894460195E-16));
#6062=DIRECTION('',(2.2536894460195E-16,0.,-1.));
#6063=DIRECTION('',(-1.,-7.32268090203961E-17,-2.2536894460195E-16));
#6064=DIRECTION('',(-2.2536894460195E-16,0.,1.));
#6065=DIRECTION('',(1.,7.32268090203961E-17,2.2536894460195E-16));
#6066=DIRECTION('',(2.2536894460195E-16,0.,-1.));
#6067=DIRECTION('',(-1.,0.,0.));
#6068=DIRECTION('',(0.,-1.,0.));
#6069=DIRECTION('',(-1.,0.,0.));
#6070=DIRECTION('',(0.,0.,1.));
#6071=DIRECTION('',(-1.,0.,0.));
#6072=DIRECTION('',(0.,0.,1.));
#6073=DIRECTION('',(0.,-0.719339800338651,-0.694658370458998));
#6074=DIRECTION('',(-1.,0.,0.));
#6075=DIRECTION('',(0.,0.,1.));
#6076=DIRECTION('',(0.,-0.99026806874157,0.139173100960066));
#6077=DIRECTION('',(0.,1.,0.));
#6078=DIRECTION('',(0.,0.,1.));
#6079=DIRECTION('',(-2.2536894460195E-16,0.,-1.));
#6080=DIRECTION('',(-2.2536894460195E-16,0.,-1.));
#6081=DIRECTION('',(-4.2609173365199E-17,0.939692620785908,-0.342020143325668));
#6082=DIRECTION('',(-1.,-4.2609173365199E-17,7.51314688996909E-18));
#6083=DIRECTION('',(7.51314688996909E-18,-0.342020143325668,-0.939692620785908));
#6084=DIRECTION('',(7.51314688996909E-18,-0.342020143325668,-0.939692620785908));
#6085=DIRECTION('',(1.,-3.9355536972944E-32,-1.24580888572481E-16));
#6086=DIRECTION('',(0.,0.,1.));
#6087=DIRECTION('',(1.,0.,0.));
#6088=DIRECTION('',(7.32268090203961E-17,1.,0.));
#6089=DIRECTION('',(-1.,8.60330406245487E-18,0.));
#6090=DIRECTION('',(7.32268090203961E-17,1.,0.));
#6091=DIRECTION('',(-1.,0.,0.));
#6092=DIRECTION('',(0.,-1.,0.));
#6093=DIRECTION('',(7.51314688996909E-18,0.342020143325668,-0.939692620785908));
#6094=DIRECTION('',(0.,-0.438371146789078,0.898794046299167));
#6095=DIRECTION('',(-1.,0.,0.));
#6096=DIRECTION('',(0.,0.,1.));
#6097=DIRECTION('',(0.,0.438371146789078,0.898794046299167));
#6098=DIRECTION('',(0.,3.15903485870925E-16,1.));
#6099=DIRECTION('',(-1.,0.,0.));
#6100=DIRECTION('',(0.,0.,1.));
#6101=DIRECTION('',(0.,-1.,0.));
#6102=DIRECTION('',(-1.,0.,0.));
#6103=DIRECTION('',(0.,0.,1.));
#6104=DIRECTION('',(0.,0.,1.));
#6105=DIRECTION('',(-1.,0.,0.));
#6106=DIRECTION('',(0.,-1.,0.));
#6107=DIRECTION('',(-1.,7.32268090203961E-17,2.2536894460195E-16));
#6108=DIRECTION('',(-2.2536894460195E-16,-0.587785252292473,-0.809016994374947));
#6109=DIRECTION('',(1.,-1.18483465882698E-16,-8.60832768292526E-17));
#6110=DIRECTION('',(-8.60832768292526E-17,-0.951056516295154,0.309016994374948));
#6111=DIRECTION('',(-1.,1.18483465882698E-16,8.60832768292526E-17));
#6112=DIRECTION('',(-8.60832768292526E-17,-0.951056516295154,0.309016994374948));
#6113=DIRECTION('',(1.,0.,0.));
#6114=DIRECTION('',(0.,0.,1.));
#6115=DIRECTION('',(-1.,0.,0.));
#6116=DIRECTION('',(0.,0.,1.));
#6117=DIRECTION('',(1.,1.18483465882698E-16,-8.60832768292526E-17));
#6118=DIRECTION('',(-8.60832768292526E-17,0.951056516295154,0.309016994374948));
#6119=DIRECTION('',(1.,7.32268090203961E-17,-2.2536894460195E-16));
#6120=DIRECTION('',(-2.2536894460195E-16,0.587785252292473,-0.809016994374948));
#6121=DIRECTION('',(-1.,-1.18483465882698E-16,8.60832768292526E-17));
#6122=DIRECTION('',(-8.60832768292526E-17,0.951056516295154,0.309016994374948));
#6123=DIRECTION('',(-2.34660785874935E-16,-0.438371146789078,-0.898794046299167));
#6124=DIRECTION('',(-1.,0.,0.));
#6125=DIRECTION('',(0.,0.,1.));
#6126=DIRECTION('',(-2.34660785874935E-16,0.438371146789078,-0.898794046299167));
#6127=DIRECTION('',(-2.09229381989422E-16,0.719339800338651,-0.694658370458998));
#6128=DIRECTION('',(-1.,0.,0.));
#6129=DIRECTION('',(0.,0.,1.));
#6130=DIRECTION('',(-1.05349916360337E-16,0.99026806874157,0.139173100960065));
#6131=DIRECTION('',(-6.42010404919517E-17,0.882947592858927,0.46947156278589));
#6132=DIRECTION('',(-1.,0.,0.));
#6133=DIRECTION('',(0.,0.,1.));
#6134=DIRECTION('',(0.,0.17364817766693,0.984807753012208));
#6135=DIRECTION('',(0.,-0.17364817766693,0.984807753012208));
#6136=DIRECTION('',(-1.,0.,0.));
#6137=DIRECTION('',(0.,0.,1.));
#6138=DIRECTION('',(-6.42010404919517E-17,-0.882947592858927,0.469471562785891));
#6139=DIRECTION('',(-1.05349916360336E-16,-0.99026806874157,0.139173100960066));
#6140=DIRECTION('',(-1.,0.,0.));
#6141=DIRECTION('',(0.,0.,1.));
#6142=DIRECTION('',(-2.09229381989422E-16,-0.719339800338651,-0.694658370458998));
#6143=DIRECTION('',(-1.,0.,0.));
#6144=DIRECTION('',(0.,0.,1.));
#6145=DIRECTION('',(0.,3.15903485870925E-16,1.));
#6146=DIRECTION('',(0.,-1.,0.));
#6147=DIRECTION('',(0.,0.,1.));
#6148=DIRECTION('',(-1.,0.,0.));
#6149=DIRECTION('',(0.,0.,1.));
#6150=DIRECTION('',(0.,-1.,0.));
#6151=DIRECTION('',(-1.,0.,0.));
#6152=DIRECTION('',(0.,0.,1.));
#6153=DIRECTION('',(1.31631639954036E-16,-0.469471562785891,-0.882947592858927));
#6154=DIRECTION('',(0.,0.882947592858927,-0.469471562785891));
#6155=DIRECTION('',(-1.,-1.18483465882698E-16,-8.60832768292526E-17));
#6156=DIRECTION('',(6.42010404919517E-17,-0.882947592858927,0.469471562785891));
#6157=DIRECTION('',(-1.,-1.18483465882698E-16,-8.60832768292526E-17));
#6158=DIRECTION('',(1.01735231656041E-16,-0.139173100960066,-0.99026806874157));
#6159=DIRECTION('',(0.,0.99026806874157,-0.139173100960066));
#6160=DIRECTION('',(1.05349916360336E-16,-0.99026806874157,0.139173100960066));
#6161=DIRECTION('',(-1.,-1.18483465882698E-16,-8.60832768292526E-17));
#6162=DIRECTION('',(-1.,0.,0.));
#6163=DIRECTION('',(0.,0.,1.));
#6164=DIRECTION('',(-1.,-1.18483465882698E-16,-8.60832768292526E-17));
#6165=DIRECTION('',(8.60832768292526E-17,-0.951056516295154,0.309016994374948));
#6166=DIRECTION('',(-1.,-1.18483465882698E-16,-8.60832768292526E-17));
#6167=DIRECTION('',(-1.,-1.18483465882698E-16,-8.60832768292526E-17));
#6168=DIRECTION('',(8.60832768292526E-17,-0.951056516295154,0.309016994374948));
#6169=DIRECTION('',(-1.,-1.18483465882698E-16,-8.60832768292526E-17));
#6170=DIRECTION('',(-1.,0.,0.));
#6171=DIRECTION('',(0.,0.,1.));
#6172=DIRECTION('',(-1.,0.,0.));
#6173=DIRECTION('',(-1.,0.,0.));
#6174=DIRECTION('',(0.,0.,1.));
#6175=DIRECTION('',(-1.,0.,0.));
#6176=DIRECTION('',(-1.,0.,0.));
#6177=DIRECTION('',(0.,0.,1.));
#6178=DIRECTION('',(-1.,0.,0.));
#6179=DIRECTION('',(-1.,-1.18483465882698E-16,-8.60832768292526E-17));
#6180=DIRECTION('',(1.18483465882698E-16,-1.,0.));
#6181=DIRECTION('',(1.,1.18483465882698E-16,8.60832768292526E-17));
#6182=DIRECTION('',(-1.18483465882698E-16,1.,0.));
#6183=DIRECTION('',(-1.,-1.18483465882698E-16,-8.60832768292526E-17));
#6184=DIRECTION('',(1.18483465882698E-16,-1.,0.));
#6185=DIRECTION('',(1.,1.18483465882698E-16,8.60832768292526E-17));
#6186=DIRECTION('',(-1.18483465882698E-16,1.,0.));
#6187=DIRECTION('',(-1.,0.,0.));
#6188=DIRECTION('',(0.,-1.,0.));
#6189=DIRECTION('',(-1.,0.,0.));
#6190=DIRECTION('',(0.,0.,1.));
#6191=DIRECTION('',(-1.,0.,0.));
#6192=DIRECTION('',(0.,0.,1.));
#6193=DIRECTION('',(0.,-0.882947592858927,0.469471562785891));
#6194=DIRECTION('',(-1.,0.,0.));
#6195=DIRECTION('',(0.,0.,1.));
#6196=DIRECTION('',(0.,-0.17364817766693,0.984807753012208));
#6197=DIRECTION('',(0.,-1.,0.));
#6198=DIRECTION('',(0.,0.,-1.));
#6199=DIRECTION('',(0.,-1.,0.));
#6200=DIRECTION('',(0.,0.,-1.));
#6201=DIRECTION('',(0.,0.,1.));
#6202=DIRECTION('',(0.,0.,1.));
#6203=DIRECTION('',(1.,0.,0.));
#6204=DIRECTION('',(0.,0.,-1.));
#6205=DIRECTION('',(1.,0.,0.));
#6206=DIRECTION('',(0.,0.,-1.));
#6207=DIRECTION('',(0.,0.,1.));
#6208=DIRECTION('',(0.,-0.984807753012208,0.17364817766693));
#6209=DIRECTION('',(0.,-0.17364817766693,-0.984807753012208));
#6210=DIRECTION('',(-1.,0.,0.));
#6211=DIRECTION('',(0.,0.17364817766693,0.984807753012208));
#6212=DIRECTION('',(0.,-0.984807753012208,-0.17364817766693));
#6213=DIRECTION('',(0.,0.17364817766693,-0.984807753012208));
#6214=DIRECTION('',(0.,-0.17364817766693,0.984807753012208));
#6215=DIRECTION('',(-1.,0.,0.));
#6216=DIRECTION('',(-1.,0.,0.));
#6217=DIRECTION('',(0.,0.,1.));
#6218=DIRECTION('',(1.,0.,0.));
#6219=DIRECTION('',(0.,0.,-1.));
#6220=DIRECTION('',(-1.,0.,0.));
#6221=DIRECTION('',(0.,0.,1.));
#6222=DIRECTION('',(1.,0.,0.));
#6223=DIRECTION('',(0.,0.,-1.));
#6224=DIRECTION('',(0.,1.,0.));
#6225=DIRECTION('',(0.,0.,1.));
#6226=DIRECTION('',(0.,0.,1.));
#6227=DIRECTION('',(1.,0.,0.));
#6228=DIRECTION('',(1.24580888572481E-16,0.,1.));
#6229=DIRECTION('',(-1.,0.,1.24580888572481E-16));
#6230=DIRECTION('',(1.,0.,0.));
#6231=DIRECTION('',(-2.2536894460195E-16,0.,-1.));
#6232=DIRECTION('',(1.,0.,0.));
#6233=DIRECTION('',(-2.2536894460195E-16,0.,-1.));
#6234=DIRECTION('',(1.,0.,0.));
#6235=DIRECTION('',(1.,0.,0.));
#6236=DIRECTION('',(0.,0.,1.));
#6237=DIRECTION('',(-1.,0.,0.));
#6238=DIRECTION('',(0.,0.,1.));
#6239=DIRECTION('',(0.,1.,-3.15903485870925E-16));
#6240=DIRECTION('',(0.,3.15903485870925E-16,1.));
#6241=DIRECTION('',(1.,0.,0.));
#6242=DIRECTION('',(0.,3.15903485870925E-16,1.));
#6243=DIRECTION('',(0.,3.15903485870925E-16,1.));
#6244=DIRECTION('',(-1.,0.,0.));
#6245=DIRECTION('',(0.,3.15903485870925E-16,1.));
#6246=DIRECTION('',(1.,0.,0.));
#6247=DIRECTION('',(1.,0.,0.));
#6248=DIRECTION('',(-2.2536894460195E-16,-3.15903485870925E-16,-1.));
#6249=DIRECTION('',(1.,0.,0.));
#6250=DIRECTION('',(-2.2536894460195E-16,-3.15903485870925E-16,-1.));
#6251=DIRECTION('',(1.,0.,0.));
#6252=DIRECTION('',(1.24580888572481E-16,3.15903485870925E-16,1.));
#6253=DIRECTION('',(0.,0.,1.));
#6254=DIRECTION('',(1.,0.,0.));
#6255=DIRECTION('',(0.,-1.,0.));
#6256=DIRECTION('',(0.,-1.,0.));
#6257=DIRECTION('',(0.,1.,-3.15903485870925E-16));
#6258=DIRECTION('',(0.,3.15903485870925E-16,1.));
#6259=DIRECTION('',(0.,3.15903485870925E-16,1.));
#6260=DIRECTION('',(0.,3.15903485870925E-16,1.));
#6261=DIRECTION('',(-1.,0.,0.));
#6262=DIRECTION('',(0.,1.,0.));
#6263=DIRECTION('',(0.,0.,1.));
#6264=DIRECTION('',(0.,0.,1.));
#6265=DIRECTION('',(-1.,0.,0.));
#6266=DIRECTION('',(0.,0.,1.));
#6267=DIRECTION('',(0.,0.,-1.));
#6268=DIRECTION('',(-1.,0.,0.));
#6269=DIRECTION('',(0.,-1.,0.));
#6270=DIRECTION('',(0.,-1.,0.));
#6271=DIRECTION('',(1.,0.,0.));
#6272=DIRECTION('',(0.,0.,-1.));
#6273=DIRECTION('',(-1.,0.,0.));
#6274=DIRECTION('',(0.,0.,1.));
#6275=DIRECTION('',(1.,0.,0.));
#6276=DIRECTION('',(1.,0.,0.));
#6277=DIRECTION('',(0.,0.,-1.));
#6278=DIRECTION('',(1.,0.,0.));
#6279=DIRECTION('',(1.,0.,0.));
#6280=DIRECTION('',(-1.,0.,0.));
#6281=DIRECTION('',(0.,0.,1.));
#6282=DIRECTION('',(-1.,0.,0.));
#6283=DIRECTION('',(0.,0.,1.));
#6284=DIRECTION('',(1.,0.,0.));
#6285=DIRECTION('',(0.,0.,-1.));
#6286=DIRECTION('',(1.,0.,0.));
#6287=DIRECTION('',(-1.,7.32268090203961E-17,-2.2536894460195E-16));
#6288=DIRECTION('',(-1.,7.32268090203961E-17,-2.2536894460195E-16));
#6289=DIRECTION('',(2.2536894460195E-16,0.587785252292473,-0.809016994374948));
#6290=DIRECTION('',(-1.,7.32268090203961E-17,-2.2536894460195E-16));
#6291=DIRECTION('',(-1.,7.32268090203961E-17,-2.2536894460195E-16));
#6292=DIRECTION('',(2.2536894460195E-16,0.587785252292473,-0.809016994374948));
#6293=DIRECTION('',(-1.,7.32268090203961E-17,-2.2536894460195E-16));
#6294=DIRECTION('',(2.2536894460195E-16,0.587785252292473,-0.809016994374948));
#6295=DIRECTION('',(-1.,7.32268090203961E-17,-2.2536894460195E-16));
#6296=DIRECTION('',(-1.,7.32268090203961E-17,-2.2536894460195E-16));
#6297=DIRECTION('',(2.2536894460195E-16,0.587785252292473,-0.809016994374948));
#6298=DIRECTION('',(-1.,7.32268090203961E-17,-2.2536894460195E-16));
#6299=DIRECTION('',(-1.,1.18483465882698E-16,-8.60832768292526E-17));
#6300=DIRECTION('',(-1.,1.18483465882698E-16,-8.60832768292526E-17));
#6301=DIRECTION('',(8.60832768292526E-17,0.951056516295154,0.309016994374948));
#6302=DIRECTION('',(-1.,1.18483465882698E-16,-8.60832768292526E-17));
#6303=DIRECTION('',(-1.,1.18483465882698E-16,-8.60832768292526E-17));
#6304=DIRECTION('',(8.60832768292526E-17,0.951056516295154,0.309016994374948));
#6305=DIRECTION('',(-1.,1.18483465882698E-16,-8.60832768292526E-17));
#6306=DIRECTION('',(8.60832768292526E-17,0.951056516295154,0.309016994374948));
#6307=DIRECTION('',(-1.,1.18483465882698E-16,-8.60832768292526E-17));
#6308=DIRECTION('',(-1.,1.18483465882698E-16,-8.60832768292526E-17));
#6309=DIRECTION('',(8.60832768292526E-17,0.951056516295154,0.309016994374948));
#6310=DIRECTION('',(-1.,1.18483465882698E-16,-8.60832768292526E-17));
#6311=DIRECTION('',(-1.,0.,0.));
#6312=DIRECTION('',(-1.,0.,0.));
#6313=DIRECTION('',(0.,0.,1.));
#6314=DIRECTION('',(-1.,0.,0.));
#6315=DIRECTION('',(-1.,0.,0.));
#6316=DIRECTION('',(0.,0.,1.));
#6317=DIRECTION('',(-1.,0.,0.));
#6318=DIRECTION('',(0.,0.,1.));
#6319=DIRECTION('',(-1.,0.,0.));
#6320=DIRECTION('',(-1.,0.,0.));
#6321=DIRECTION('',(0.,0.,1.));
#6322=DIRECTION('',(-1.,0.,0.));
#6323=DIRECTION('',(-1.,-1.18483465882698E-16,-8.60832768292526E-17));
#6324=DIRECTION('',(-1.,-1.18483465882698E-16,-8.60832768292526E-17));
#6325=DIRECTION('',(8.60832768292526E-17,-0.951056516295154,0.309016994374948));
#6326=DIRECTION('',(-1.,-1.18483465882698E-16,-8.60832768292526E-17));
#6327=DIRECTION('',(-1.,-1.18483465882698E-16,-8.60832768292526E-17));
#6328=DIRECTION('',(8.60832768292526E-17,-0.951056516295154,0.309016994374948));
#6329=DIRECTION('',(-1.,-1.18483465882698E-16,-8.60832768292526E-17));
#6330=DIRECTION('',(8.60832768292526E-17,-0.951056516295154,0.309016994374948));
#6331=DIRECTION('',(-1.,-1.18483465882698E-16,-8.60832768292526E-17));
#6332=DIRECTION('',(-1.,-1.18483465882698E-16,-8.60832768292526E-17));
#6333=DIRECTION('',(8.60832768292526E-17,-0.951056516295154,0.309016994374948));
#6334=DIRECTION('',(-1.,-1.18483465882698E-16,-8.60832768292526E-17));
#6335=DIRECTION('',(-1.,-7.32268090203961E-17,-2.2536894460195E-16));
#6336=DIRECTION('',(-1.,-7.32268090203961E-17,-2.2536894460195E-16));
#6337=DIRECTION('',(2.2536894460195E-16,-0.587785252292473,-0.809016994374947));
#6338=DIRECTION('',(-1.,-7.32268090203961E-17,-2.2536894460195E-16));
#6339=DIRECTION('',(-1.,-7.32268090203961E-17,-2.2536894460195E-16));
#6340=DIRECTION('',(2.2536894460195E-16,-0.587785252292473,-0.809016994374947));
#6341=DIRECTION('',(-1.,-7.32268090203961E-17,-2.2536894460195E-16));
#6342=DIRECTION('',(2.2536894460195E-16,-0.587785252292473,-0.809016994374947));
#6343=DIRECTION('',(-1.,-7.32268090203961E-17,-2.2536894460195E-16));
#6344=DIRECTION('',(-1.,-7.32268090203961E-17,-2.2536894460195E-16));
#6345=DIRECTION('',(2.2536894460195E-16,-0.587785252292473,-0.809016994374947));
#6346=DIRECTION('',(-1.,-7.32268090203961E-17,-2.2536894460195E-16));
#6347=DIRECTION('',(0.,1.,0.));
#6348=DIRECTION('',(0.,0.,1.));
#6349=DIRECTION('',(-2.2536894460195E-16,0.,-1.));
#6350=DIRECTION('',(-2.2536894460195E-16,0.,-1.));
#6351=DIRECTION('',(0.,0.,1.));
#6352=DIRECTION('',(1.,0.,0.));
#6353=DIRECTION('',(1.,0.,0.));
#6354=DIRECTION('',(1.,0.,0.));
#6355=DIRECTION('',(0.,0.,1.));
#6356=DIRECTION('',(1.,0.,0.));
#6357=DIRECTION('',(-7.32268090203961E-17,1.,0.));
#6358=DIRECTION('',(-7.32268090203961E-17,1.,0.));
#6359=DIRECTION('',(-1.,-8.60330406245484E-18,0.));
#6360=DIRECTION('',(-1.,0.,0.));
#6361=DIRECTION('',(0.,-1.,0.));
#6362=DIRECTION('',(-1.,0.,0.));
#6363=DIRECTION('',(0.,0.,1.));
#6364=DIRECTION('',(-1.,0.,0.));
#6365=DIRECTION('',(0.,0.,1.));
#6366=DIRECTION('',(0.,-0.719339800338651,0.694658370458998));
#6367=DIRECTION('',(0.,-0.99026806874157,-0.139173100960065));
#6368=DIRECTION('',(-1.,0.,0.));
#6369=DIRECTION('',(0.,0.,1.));
#6370=DIRECTION('',(-1.,0.,0.));
#6371=DIRECTION('',(0.,-1.,0.));
#6372=DIRECTION('',(-1.,0.,0.));
#6373=DIRECTION('',(0.,0.,1.));
#6374=DIRECTION('',(-1.,0.,0.));
#6375=DIRECTION('',(0.,0.,1.));
#6376=DIRECTION('',(0.,-0.882947592858927,-0.46947156278589));
#6377=DIRECTION('',(0.,-0.17364817766693,-0.984807753012208));
#6378=DIRECTION('',(-1.,0.,0.));
#6379=DIRECTION('',(0.,0.,1.));
#6380=DIRECTION('',(-1.,0.,0.));
#6381=DIRECTION('',(0.,-1.,0.));
#6382=DIRECTION('',(-1.,0.,0.));
#6383=DIRECTION('',(0.,0.,1.));
#6384=DIRECTION('',(-1.,0.,0.));
#6385=DIRECTION('',(0.,0.,1.));
#6386=DIRECTION('',(0.,0.17364817766693,-0.984807753012208));
#6387=DIRECTION('',(0.,0.882947592858927,-0.469471562785891));
#6388=DIRECTION('',(-1.,0.,0.));
#6389=DIRECTION('',(0.,0.,1.));
#6390=DIRECTION('',(-1.,0.,0.));
#6391=DIRECTION('',(0.,-1.,0.));
#6392=DIRECTION('',(-1.,0.,0.));
#6393=DIRECTION('',(0.,0.,1.));
#6394=DIRECTION('',(-1.,0.,0.));
#6395=DIRECTION('',(0.,0.,1.));
#6396=DIRECTION('',(0.,0.99026806874157,-0.139173100960066));
#6397=DIRECTION('',(0.,0.719339800338651,0.694658370458998));
#6398=DIRECTION('',(-1.,0.,0.));
#6399=DIRECTION('',(0.,0.,1.));
#6400=DIRECTION('',(-1.,7.32268090203961E-17,2.2536894460195E-16));
#6401=DIRECTION('',(-7.32268090203961E-17,0.809016994374947,-0.587785252292473));
#6402=DIRECTION('',(-2.34660785874935E-16,-0.438371146789078,-0.898794046299167));
#6403=DIRECTION('',(-1.,7.32268090203961E-17,2.2536894460195E-16));
#6404=DIRECTION('',(-2.2536894460195E-16,-0.587785252292473,-0.809016994374947));
#6405=DIRECTION('',(-2.36822577913198E-16,-0.275637355816998,-0.961261695938319));
#6406=DIRECTION('',(-1.,7.32268090203961E-17,2.2536894460195E-16));
#6407=DIRECTION('',(-7.32268090203961E-17,0.809016994374947,-0.587785252292473));
#6408=DIRECTION('',(-2.36822577913198E-16,-0.275637355816998,-0.961261695938319));
#6409=DIRECTION('',(-1.,7.32268090203961E-17,2.2536894460195E-16));
#6410=DIRECTION('',(-2.2536894460195E-16,-0.587785252292473,-0.809016994374947));
#6411=DIRECTION('',(-2.34660785874935E-16,-0.438371146789078,-0.898794046299167));
#6412=DIRECTION('',(-8.2700266537484E-18,-0.961261695938319,0.275637355816998));
#6413=DIRECTION('',(0.,-0.275637355816998,-0.961261695938319));
#6414=DIRECTION('',(1.,-7.32268090203961E-17,-2.2536894460195E-16));
#6415=DIRECTION('',(8.27002665374837E-18,-0.961261695938319,-0.275637355816998));
#6416=DIRECTION('',(0.,0.275637355816998,-0.961261695938319));
#6417=DIRECTION('',(-2.36822577913198E-16,0.275637355816998,-0.961261695938319));
#6418=DIRECTION('',(1.,7.32268090203961E-17,-2.2536894460195E-16));
#6419=DIRECTION('',(-2.36822577913198E-16,0.275637355816998,-0.961261695938319));
#6420=DIRECTION('',(-1.,-7.32268090203961E-17,2.2536894460195E-16));
#6421=DIRECTION('',(7.32268090203961E-17,0.809016994374948,0.587785252292473));
#6422=DIRECTION('',(-2.36822577913198E-16,0.275637355816998,-0.961261695938319));
#6423=DIRECTION('',(-7.32268090203961E-17,1.,0.));
#6424=DIRECTION('',(-1.,-7.32268090203961E-17,2.2536894460195E-16));
#6425=DIRECTION('',(-2.2536894460195E-16,0.587785252292473,-0.809016994374948));
#6426=DIRECTION('',(-1.,-7.32268090203961E-17,2.2536894460195E-16));
#6427=DIRECTION('',(7.32268090203961E-17,0.809016994374948,0.587785252292473));
#6428=DIRECTION('',(-7.32268090203961E-17,1.,0.));
#6429=DIRECTION('',(-2.36822577913198E-16,0.275637355816998,-0.961261695938319));
#6430=DIRECTION('',(-1.,-7.32268090203961E-17,2.2536894460195E-16));
#6431=DIRECTION('',(-2.2536894460195E-16,0.587785252292473,-0.809016994374948));
#6432=DIRECTION('',(0.,0.,1.));
#6433=DIRECTION('',(1.,0.,0.));
#6434=DIRECTION('',(0.,-1.,0.));
#6435=DIRECTION('',(-1.31631639954036E-16,0.46947156278589,-0.882947592858927));
#6436=DIRECTION('',(0.,0.882947592858927,0.46947156278589));
#6437=DIRECTION('',(-6.42010404919517E-17,0.882947592858927,0.46947156278589));
#6438=DIRECTION('',(1.,1.18483465882698E-16,-8.60832768292526E-17));
#6439=DIRECTION('',(-1.01735231656041E-16,0.139173100960065,-0.99026806874157));
#6440=DIRECTION('',(0.,0.99026806874157,0.139173100960065));
#6441=DIRECTION('',(-1.05349916360337E-16,0.99026806874157,0.139173100960065));
#6442=DIRECTION('',(1.,1.18483465882698E-16,-8.60832768292526E-17));
#6443=DIRECTION('',(1.,0.,0.));
#6444=DIRECTION('',(0.,0.,-1.));
#6445=DIRECTION('',(-1.,-1.18483465882698E-16,8.60832768292526E-17));
#6446=DIRECTION('',(-8.60832768292526E-17,0.951056516295154,0.309016994374948));
#6447=DIRECTION('',(1.,1.18483465882698E-16,-8.60832768292526E-17));
#6448=DIRECTION('',(-1.,-1.18483465882698E-16,8.60832768292526E-17));
#6449=DIRECTION('',(-8.60832768292526E-17,0.951056516295154,0.309016994374948));
#6450=DIRECTION('',(1.,1.18483465882698E-16,-8.60832768292526E-17));
#6451=DIRECTION('',(1.,0.,0.));
#6452=DIRECTION('',(-1.,0.,0.));
#6453=DIRECTION('',(0.,0.,1.));
#6454=DIRECTION('',(1.,0.,0.));
#6455=DIRECTION('',(-1.,0.,0.));
#6456=DIRECTION('',(0.,0.,1.));
#6457=DIRECTION('',(1.,0.,0.));
#6458=DIRECTION('',(1.,0.,0.));
#6459=DIRECTION('',(0.,0.,-1.));
#6460=DIRECTION('',(-1.,-1.18483465882698E-16,8.60832768292526E-17));
#6461=DIRECTION('',(-8.60832768292526E-17,0.951056516295154,0.309016994374948));
#6462=DIRECTION('',(1.,7.32268090203961E-17,-2.2536894460195E-16));
#6463=DIRECTION('',(-1.,-7.32268090203961E-17,2.2536894460195E-16));
#6464=DIRECTION('',(-2.2536894460195E-16,0.587785252292473,-0.809016994374948));
#6465=DIRECTION('',(1.,7.32268090203961E-17,-2.2536894460195E-16));
#6466=DIRECTION('',(-1.,-7.32268090203961E-17,2.2536894460195E-16));
#6467=DIRECTION('',(-2.2536894460195E-16,0.587785252292473,-0.809016994374948));
#6468=DIRECTION('',(1.,7.32268090203961E-17,-2.2536894460195E-16));
#6469=DIRECTION('',(1.,1.18483465882698E-16,-8.60832768292526E-17));
#6470=DIRECTION('',(-1.,-1.18483465882698E-16,8.60832768292526E-17));
#6471=DIRECTION('',(-8.60832768292526E-17,0.951056516295154,0.309016994374948));
#6472=DIRECTION('',(1.,1.18483465882698E-16,-8.60832768292526E-17));
#6473=DIRECTION('',(1.,1.18483465882698E-16,-8.60832768292526E-17));
#6474=DIRECTION('',(-1.18483465882698E-16,1.,0.));
#6475=DIRECTION('',(-1.,-1.18483465882698E-16,8.60832768292526E-17));
#6476=DIRECTION('',(1.18483465882698E-16,-1.,0.));
#6477=DIRECTION('',(1.,1.18483465882698E-16,-8.60832768292526E-17));
#6478=DIRECTION('',(-1.18483465882698E-16,1.,0.));
#6479=DIRECTION('',(-1.,-1.18483465882698E-16,8.60832768292526E-17));
#6480=DIRECTION('',(1.18483465882698E-16,-1.,0.));
#6481=DIRECTION('',(-1.11249235784478E-16,-0.694658370458998,-0.719339800338651));
#6482=DIRECTION('',(0.,0.719339800338651,-0.694658370458998));
#6483=DIRECTION('',(-2.09229381989422E-16,0.719339800338651,-0.694658370458998));
#6484=DIRECTION('',(-3.29794227187825E-17,-0.898794046299167,-0.438371146789078));
#6485=DIRECTION('',(0.,0.438371146789078,-0.898794046299167));
#6486=DIRECTION('',(-2.34660785874935E-16,0.438371146789078,-0.898794046299167));
#6487=DIRECTION('',(1.,7.32268090203961E-17,-2.2536894460195E-16));
#6488=DIRECTION('',(1.,0.,0.));
#6489=DIRECTION('',(0.,0.,-1.));
#6490=DIRECTION('',(-1.,-7.32268090203961E-17,2.2536894460195E-16));
#6491=DIRECTION('',(-2.2536894460195E-16,0.587785252292473,-0.809016994374948));
#6492=DIRECTION('',(1.,-7.32268090203961E-17,-2.2536894460195E-16));
#6493=DIRECTION('',(1.,-7.32268090203961E-17,-2.2536894460195E-16));
#6494=DIRECTION('',(1.,7.32268090203961E-17,-2.2536894460195E-16));
#6495=DIRECTION('',(-1.,-7.32268090203961E-17,2.2536894460195E-16));
#6496=DIRECTION('',(-2.2536894460195E-16,0.587785252292473,-0.809016994374948));
#6497=DIRECTION('',(1.,0.,0.));
#6498=DIRECTION('',(0.,0.,-1.));
#6499=DIRECTION('',(1.,7.32268090203961E-17,-2.2536894460195E-16));
#6500=DIRECTION('',(1.,7.32268090203961E-17,-2.2536894460195E-16));
#6501=DIRECTION('',(-2.2536894460195E-16,0.,-1.));
#6502=DIRECTION('',(-1.,-7.32268090203961E-17,2.2536894460195E-16));
#6503=DIRECTION('',(2.2536894460195E-16,0.,1.));
#6504=DIRECTION('',(3.29794227187826E-17,-0.898794046299167,0.438371146789078));
#6505=DIRECTION('',(0.,-0.438371146789078,-0.898794046299167));
#6506=DIRECTION('',(1.11249235784478E-16,-0.694658370458998,0.719339800338651));
#6507=DIRECTION('',(0.,-0.719339800338651,-0.694658370458998));
#6508=DIRECTION('',(-2.09229381989422E-16,-0.719339800338651,-0.694658370458998));
#6509=DIRECTION('',(1.,-7.32268090203961E-17,-2.2536894460195E-16));
#6510=DIRECTION('',(1.,0.,0.));
#6511=DIRECTION('',(0.,0.,-1.));
#6512=DIRECTION('',(-1.,7.32268090203961E-17,2.2536894460195E-16));
#6513=DIRECTION('',(-2.2536894460195E-16,-0.587785252292473,-0.809016994374947));
#6514=DIRECTION('',(1.,-1.18483465882698E-16,-8.60832768292525E-17));
#6515=DIRECTION('',(-1.,1.18483465882698E-16,8.60832768292526E-17));
#6516=DIRECTION('',(-8.60832768292526E-17,-0.951056516295154,0.309016994374948));
#6517=DIRECTION('',(1.,-1.18483465882698E-16,-8.60832768292526E-17));
#6518=DIRECTION('',(-1.,1.18483465882698E-16,8.60832768292526E-17));
#6519=DIRECTION('',(-8.60832768292526E-17,-0.951056516295154,0.309016994374948));
#6520=DIRECTION('',(1.,-1.18483465882698E-16,-8.60832768292525E-17));
#6521=DIRECTION('',(1.,-7.32268090203961E-17,-2.2536894460195E-16));
#6522=DIRECTION('',(-1.,7.32268090203961E-17,2.2536894460195E-16));
#6523=DIRECTION('',(-2.2536894460195E-16,-0.587785252292473,-0.809016994374947));
#6524=DIRECTION('',(1.,-7.32268090203961E-17,-2.2536894460195E-16));
#6525=DIRECTION('',(1.,0.,0.));
#6526=DIRECTION('',(0.,0.,-1.));
#6527=DIRECTION('',(1.,-7.32268090203961E-17,-2.2536894460195E-16));
#6528=DIRECTION('',(-1.,7.32268090203961E-17,2.2536894460195E-16));
#6529=DIRECTION('',(-2.2536894460195E-16,-0.587785252292473,-0.809016994374947));
#6530=DIRECTION('',(-1.,7.32268090203961E-17,2.2536894460195E-16));
#6531=DIRECTION('',(-2.2536894460195E-16,-0.587785252292473,-0.809016994374947));
#6532=DIRECTION('',(1.,-7.32268090203961E-17,-2.2536894460195E-16));
#6533=DIRECTION('',(-2.2536894460195E-16,0.,-1.));
#6534=DIRECTION('',(-1.,7.32268090203961E-17,2.2536894460195E-16));
#6535=DIRECTION('',(2.2536894460195E-16,0.,1.));
#6536=DIRECTION('',(1.01735231656041E-16,0.139173100960066,0.99026806874157));
#6537=DIRECTION('',(0.,-0.99026806874157,0.139173100960066));
#6538=DIRECTION('',(-1.05349916360336E-16,-0.99026806874157,0.139173100960066));
#6539=DIRECTION('',(1.31631639954036E-16,0.469471562785891,0.882947592858927));
#6540=DIRECTION('',(0.,-0.882947592858927,0.469471562785891));
#6541=DIRECTION('',(-6.42010404919517E-17,-0.882947592858927,0.469471562785891));
#6542=DIRECTION('',(1.,-1.18483465882698E-16,-8.60832768292525E-17));
#6543=DIRECTION('',(1.,0.,0.));
#6544=DIRECTION('',(0.,0.,-1.));
#6545=DIRECTION('',(-1.,1.18483465882698E-16,8.60832768292526E-17));
#6546=DIRECTION('',(-8.60832768292526E-17,-0.951056516295154,0.309016994374948));
#6547=DIRECTION('',(1.,0.,0.));
#6548=DIRECTION('',(-1.,0.,0.));
#6549=DIRECTION('',(0.,0.,1.));
#6550=DIRECTION('',(1.,0.,0.));
#6551=DIRECTION('',(-1.,0.,0.));
#6552=DIRECTION('',(0.,0.,1.));
#6553=DIRECTION('',(1.,0.,0.));
#6554=DIRECTION('',(1.,-1.18483465882698E-16,-8.60832768292525E-17));
#6555=DIRECTION('',(-1.,1.18483465882698E-16,8.60832768292526E-17));
#6556=DIRECTION('',(-8.60832768292526E-17,-0.951056516295154,0.309016994374948));
#6557=DIRECTION('',(1.,-1.18483465882698E-16,-8.60832768292526E-17));
#6558=DIRECTION('',(1.,-1.18483465882698E-16,-8.60832768292525E-17));
#6559=DIRECTION('',(1.18483465882698E-16,1.,0.));
#6560=DIRECTION('',(-1.,1.18483465882698E-16,8.60832768292526E-17));
#6561=DIRECTION('',(-1.18483465882698E-16,-1.,0.));
#6562=DIRECTION('',(1.,-1.18483465882698E-16,-8.60832768292525E-17));
#6563=DIRECTION('',(1.18483465882698E-16,1.,0.));
#6564=DIRECTION('',(-1.,1.18483465882698E-16,8.60832768292526E-17));
#6565=DIRECTION('',(-1.18483465882698E-16,-1.,0.));
#6566=DIRECTION('',(0.,0.984807753012208,0.173648177666929));
#6567=DIRECTION('',(0.,-0.17364817766693,0.984807753012208));
#6568=DIRECTION('',(0.,-0.17364817766693,0.984807753012208));
#6569=DIRECTION('',(0.,0.984807753012208,-0.17364817766693));
#6570=DIRECTION('',(0.,0.17364817766693,0.984807753012208));
#6571=DIRECTION('',(0.,0.17364817766693,0.984807753012208));
#6572=DIRECTION('',(1.,0.,0.));
#6573=DIRECTION('',(0.,0.,-1.));
#6574=DIRECTION('',(-1.,0.,0.));
#6575=DIRECTION('',(0.,0.,1.));
#6576=DIRECTION('',(1.,0.,0.));
#6577=DIRECTION('',(0.,0.,-1.));
#6578=DIRECTION('',(-1.,0.,0.));
#6579=DIRECTION('',(0.,0.,1.));
#6580=DIRECTION('',(0.,0.984807753012208,0.173648177666929));
#6581=DIRECTION('',(0.,-0.17364817766693,0.984807753012208));
#6582=DIRECTION('',(0.,-0.17364817766693,0.984807753012208));
#6583=DIRECTION('',(0.,0.984807753012208,-0.17364817766693));
#6584=DIRECTION('',(0.,0.17364817766693,0.984807753012208));
#6585=DIRECTION('',(0.,0.17364817766693,0.984807753012208));
#6586=DIRECTION('',(1.,0.,0.));
#6587=DIRECTION('',(0.,0.,-1.));
#6588=DIRECTION('',(-1.,0.,0.));
#6589=DIRECTION('',(0.,0.,1.));
#6590=DIRECTION('',(1.,0.,0.));
#6591=DIRECTION('',(0.,0.,-1.));
#6592=DIRECTION('',(-1.,0.,0.));
#6593=DIRECTION('',(0.,0.,1.));
#6594=DIRECTION('',(-1.,0.,0.));
#6595=DIRECTION('',(0.,-1.,0.));
#6596=DIRECTION('',(0.,-0.342020143325669,0.939692620785908));
#6597=DIRECTION('',(-1.,0.,0.));
#6598=DIRECTION('',(0.,-1.,0.));
#6599=DIRECTION('',(0.,-0.342020143325669,0.939692620785908));
#6600=DIRECTION('',(0.,0.939692620785908,0.342020143325669));
#6601=DIRECTION('',(0.,-0.342020143325669,0.939692620785908));
#6602=DIRECTION('',(0.,0.939692620785908,-0.342020143325669));
#6603=DIRECTION('',(0.,0.342020143325669,0.939692620785908));
#6604=DIRECTION('',(0.,0.342020143325669,0.939692620785908));
#6605=DIRECTION('',(0.,0.342020143325669,0.939692620785908));
#6606=DIRECTION('',(-1.,0.,0.));
#6607=DIRECTION('',(0.,-1.,0.));
#6608=DIRECTION('',(-1.,0.,0.));
#6609=DIRECTION('',(0.,-1.,0.));
#6610=DIRECTION('',(1.01735231656041E-16,0.139173100960066,0.99026806874157));
#6611=DIRECTION('',(0.,-0.99026806874157,0.139173100960066));
#6612=DIRECTION('',(-1.05349916360336E-16,-0.99026806874157,0.139173100960066));
#6613=DIRECTION('',(1.31631639954036E-16,0.469471562785891,0.882947592858927));
#6614=DIRECTION('',(0.,-0.882947592858927,0.469471562785891));
#6615=DIRECTION('',(-6.42010404919517E-17,-0.882947592858927,0.469471562785891));
#6616=DIRECTION('',(1.,-1.18483465882698E-16,-8.60832768292525E-17));
#6617=DIRECTION('',(1.18483465882698E-16,1.,0.));
#6618=DIRECTION('',(-1.,1.18483465882698E-16,8.60832768292526E-17));
#6619=DIRECTION('',(-1.18483465882698E-16,-1.,0.));
#6620=DIRECTION('',(1.,-1.18483465882698E-16,-8.60832768292525E-17));
#6621=DIRECTION('',(1.18483465882698E-16,1.,0.));
#6622=DIRECTION('',(-1.,1.18483465882698E-16,8.60832768292526E-17));
#6623=DIRECTION('',(-1.18483465882698E-16,-1.,0.));
#6624=DIRECTION('',(-1.,1.18483465882698E-16,8.60832768292526E-17));
#6625=DIRECTION('',(-1.18483465882698E-16,-0.309016994374948,-0.951056516295154));
#6626=DIRECTION('',(-1.21415551992442E-16,-0.999390827019096,-0.0348994967025016));
#6627=DIRECTION('',(-1.,1.18483465882698E-16,8.60832768292526E-17));
#6628=DIRECTION('',(-1.18483465882698E-16,-0.309016994374948,-0.951056516295154));
#6629=DIRECTION('',(-1.21415551992442E-16,-0.999390827019096,-0.0348994967025016));
#6630=DIRECTION('',(8.18958238960263E-17,-0.0348994967025016,0.999390827019096));
#6631=DIRECTION('',(0.,-0.999390827019096,-0.0348994967025016));
#6632=DIRECTION('',(1.40780253254195E-16,0.615661475325659,0.788010753606722));
#6633=DIRECTION('',(0.,-0.788010753606722,0.615661475325659));
#6634=DIRECTION('',(-4.03680880265967E-17,-0.788010753606722,0.615661475325659));
#6635=DIRECTION('',(-4.03680880265967E-17,-0.788010753606722,0.615661475325659));
#6636=DIRECTION('',(-1.,1.18483465882698E-16,8.60832768292526E-17));
#6637=DIRECTION('',(-1.18483465882698E-16,-0.309016994374948,-0.951056516295154));
#6638=DIRECTION('',(-1.,1.18483465882698E-16,8.60832768292526E-17));
#6639=DIRECTION('',(-1.18483465882698E-16,-0.309016994374948,-0.951056516295154));
#6640=DIRECTION('',(3.29794227187826E-17,-0.898794046299167,0.438371146789078));
#6641=DIRECTION('',(0.,-0.438371146789078,-0.898794046299167));
#6642=DIRECTION('',(1.11249235784478E-16,-0.694658370458998,0.719339800338651));
#6643=DIRECTION('',(0.,-0.719339800338651,-0.694658370458998));
#6644=DIRECTION('',(-2.09229381989422E-16,-0.719339800338651,-0.694658370458998));
#6645=DIRECTION('',(1.,-7.32268090203961E-17,-2.2536894460195E-16));
#6646=DIRECTION('',(-2.2536894460195E-16,0.,-1.));
#6647=DIRECTION('',(-1.,7.32268090203961E-17,2.2536894460195E-16));
#6648=DIRECTION('',(2.2536894460195E-16,0.,1.));
#6649=DIRECTION('',(-1.,7.32268090203961E-17,2.2536894460195E-16));
#6650=DIRECTION('',(-7.32268090203961E-17,0.809016994374947,-0.587785252292473));
#6651=DIRECTION('',(7.32268090203961E-17,1.,0.));
#6652=DIRECTION('',(-2.36822577913198E-16,-0.275637355816998,-0.961261695938319));
#6653=DIRECTION('',(-1.,7.32268090203961E-17,2.2536894460195E-16));
#6654=DIRECTION('',(-7.32268090203961E-17,0.809016994374947,-0.587785252292473));
#6655=DIRECTION('',(-2.36822577913198E-16,-0.275637355816998,-0.961261695938319));
#6656=DIRECTION('',(7.32268090203961E-17,1.,0.));
#6657=DIRECTION('',(-8.2700266537484E-18,-0.961261695938319,0.275637355816998));
#6658=DIRECTION('',(0.,-0.275637355816998,-0.961261695938319));
#6659=DIRECTION('',(-1.,8.60330406245487E-18,0.));
#6660=DIRECTION('',(1.45891410814079E-16,-0.559192903470746,0.829037572555042));
#6661=DIRECTION('',(0.,-0.829037572555042,-0.559192903470747));
#6662=DIRECTION('',(-1.86732490480323E-16,-0.829037572555042,-0.559192903470747));
#6663=DIRECTION('',(-1.86732490480323E-16,-0.829037572555042,-0.559192903470747));
#6664=DIRECTION('',(-1.,7.32268090203961E-17,2.2536894460195E-16));
#6665=DIRECTION('',(-7.32268090203961E-17,0.809016994374947,-0.587785252292473));
#6666=DIRECTION('',(-1.,7.32268090203961E-17,2.2536894460195E-16));
#6667=DIRECTION('',(-7.32268090203961E-17,0.809016994374947,-0.587785252292473));
#6668=DIRECTION('',(-1.11249235784478E-16,-0.694658370458998,-0.719339800338651));
#6669=DIRECTION('',(0.,0.719339800338651,-0.694658370458998));
#6670=DIRECTION('',(-2.09229381989422E-16,0.719339800338651,-0.694658370458998));
#6671=DIRECTION('',(-3.29794227187825E-17,-0.898794046299167,-0.438371146789078));
#6672=DIRECTION('',(0.,0.438371146789078,-0.898794046299167));
#6673=DIRECTION('',(-2.34660785874935E-16,0.438371146789078,-0.898794046299167));
#6674=DIRECTION('',(1.,7.32268090203961E-17,-2.2536894460195E-16));
#6675=DIRECTION('',(-2.2536894460195E-16,0.,-1.));
#6676=DIRECTION('',(1.,-7.32268090203961E-17,2.2536894460195E-16));
#6677=DIRECTION('',(2.2536894460195E-16,0.,-1.));
#6678=DIRECTION('',(1.,7.32268090203961E-17,-2.2536894460195E-16));
#6679=DIRECTION('',(-2.2536894460195E-16,0.,-1.));
#6680=DIRECTION('',(-1.,-7.32268090203961E-17,2.2536894460195E-16));
#6681=DIRECTION('',(2.2536894460195E-16,0.,1.));
#6682=DIRECTION('',(-1.,-7.32268090203961E-17,2.2536894460195E-16));
#6683=DIRECTION('',(7.32268090203961E-17,0.809016994374948,0.587785252292473));
#6684=DIRECTION('',(-1.86732490480323E-16,0.829037572555042,-0.559192903470747));
#6685=DIRECTION('',(-1.,-7.32268090203961E-17,2.2536894460195E-16));
#6686=DIRECTION('',(7.32268090203961E-17,0.809016994374948,0.587785252292473));
#6687=DIRECTION('',(-1.86732490480323E-16,0.829037572555042,-0.559192903470747));
#6688=DIRECTION('',(-1.45891410814079E-16,-0.559192903470747,-0.829037572555042));
#6689=DIRECTION('',(0.,0.829037572555042,-0.559192903470747));
#6690=DIRECTION('',(8.27002665374837E-18,-0.961261695938319,-0.275637355816998));
#6691=DIRECTION('',(0.,0.275637355816998,-0.961261695938319));
#6692=DIRECTION('',(-1.,-8.60330406245484E-18,0.));
#6693=DIRECTION('',(-1.,-7.32268090203961E-17,2.2536894460195E-16));
#6694=DIRECTION('',(7.32268090203961E-17,0.809016994374948,0.587785252292473));
#6695=DIRECTION('',(-1.,-7.32268090203961E-17,2.2536894460195E-16));
#6696=DIRECTION('',(7.32268090203961E-17,0.809016994374948,0.587785252292473));
#6697=DIRECTION('',(-1.31631639954036E-16,0.46947156278589,-0.882947592858927));
#6698=DIRECTION('',(0.,0.882947592858927,0.46947156278589));
#6699=DIRECTION('',(-6.42010404919517E-17,0.882947592858927,0.46947156278589));
#6700=DIRECTION('',(-1.01735231656041E-16,0.139173100960065,-0.99026806874157));
#6701=DIRECTION('',(0.,0.99026806874157,0.139173100960065));
#6702=DIRECTION('',(-1.05349916360337E-16,0.99026806874157,0.139173100960065));
#6703=DIRECTION('',(1.,1.18483465882698E-16,-8.60832768292526E-17));
#6704=DIRECTION('',(-1.18483465882698E-16,1.,0.));
#6705=DIRECTION('',(-1.,-1.18483465882698E-16,8.60832768292526E-17));
#6706=DIRECTION('',(1.18483465882698E-16,-1.,0.));
#6707=DIRECTION('',(1.,1.18483465882698E-16,-8.60832768292526E-17));
#6708=DIRECTION('',(-1.18483465882698E-16,1.,0.));
#6709=DIRECTION('',(-1.,-1.18483465882698E-16,8.60832768292526E-17));
#6710=DIRECTION('',(1.18483465882698E-16,-1.,0.));
#6711=DIRECTION('',(-1.,-1.18483465882698E-16,8.60832768292526E-17));
#6712=DIRECTION('',(1.18483465882698E-16,-0.309016994374948,0.951056516295154));
#6713=DIRECTION('',(-4.03680880265967E-17,0.788010753606722,0.615661475325659));
#6714=DIRECTION('',(-1.,-1.18483465882698E-16,8.60832768292526E-17));
#6715=DIRECTION('',(1.18483465882698E-16,-0.309016994374948,0.951056516295154));
#6716=DIRECTION('',(-4.03680880265967E-17,0.788010753606722,0.615661475325659));
#6717=DIRECTION('',(-1.40780253254195E-16,0.615661475325659,-0.788010753606722));
#6718=DIRECTION('',(0.,0.788010753606722,0.615661475325659));
#6719=DIRECTION('',(-8.18958238960263E-17,-0.0348994967025015,-0.999390827019096));
#6720=DIRECTION('',(0.,0.999390827019096,-0.0348994967025015));
#6721=DIRECTION('',(-1.21415551992442E-16,0.999390827019096,-0.0348994967025015));
#6722=DIRECTION('',(-1.21415551992442E-16,0.999390827019096,-0.0348994967025015));
#6723=DIRECTION('',(-1.,-1.18483465882698E-16,8.60832768292526E-17));
#6724=DIRECTION('',(1.18483465882698E-16,-0.309016994374948,0.951056516295154));
#6725=DIRECTION('',(-1.,-1.18483465882698E-16,8.60832768292526E-17));
#6726=DIRECTION('',(1.18483465882698E-16,-0.309016994374948,0.951056516295154));
#6727=DIRECTION('',(-1.,0.,0.));
#6728=DIRECTION('',(0.,-1.,0.));
#6729=DIRECTION('',(0.,0.,1.));
#6730=DIRECTION('',(1.,0.,0.));
#6731=DIRECTION('',(0.,0.,1.));
#6732=DIRECTION('',(1.,0.,0.));
#6733=DIRECTION('',(0.,0.,-1.));
#6734=DIRECTION('',(-1.,0.,0.));
#6735=DIRECTION('',(0.,-1.,0.));
#6736=DIRECTION('',(0.,-1.,0.));
#6737=DIRECTION('',(1.,0.,0.));
#6738=DIRECTION('',(0.,0.,-1.));
#6739=DIRECTION('',(1.,0.,0.));
#6740=DIRECTION('',(-1.,0.,0.));
#6741=DIRECTION('',(0.,0.,1.));
#6742=DIRECTION('',(1.,0.,0.));
#6743=DIRECTION('',(-1.,0.,0.));
#6744=DIRECTION('',(0.,0.,1.));
#6745=DIRECTION('',(1.,0.,0.));
#6746=DIRECTION('',(0.,0.,-1.));
#6747=DIRECTION('',(1.,0.,0.));
#6748=DIRECTION('',(-1.,0.,0.));
#6749=DIRECTION('',(0.,0.,1.));
#6750=DIRECTION('',(1.,0.,0.));
#6751=DIRECTION('',(-1.,0.,0.));
#6752=DIRECTION('',(0.,0.,1.));
#6753=DIRECTION('',(1.,0.,0.));
#6754=DIRECTION('',(0.,0.,-1.));
#6755=DIRECTION('',(1.,0.,0.));
#6756=DIRECTION('',(-1.,0.,0.));
#6757=DIRECTION('',(0.,0.,1.));
#6758=DIRECTION('',(1.,0.,0.));
#6759=DIRECTION('',(-1.,0.,0.));
#6760=DIRECTION('',(0.,0.,1.));
#6761=DIRECTION('',(1.,0.,0.));
#6762=DIRECTION('',(0.,0.,-1.));
#6763=DIRECTION('',(-1.,0.,0.));
#6764=DIRECTION('',(0.,0.,1.));
#6765=DIRECTION('',(1.,0.,0.));
#6766=DIRECTION('',(-1.,0.,0.));
#6767=DIRECTION('',(0.,0.,1.));
#6768=DIRECTION('',(1.,0.,0.));
#6769=DIRECTION('',(-1.,0.,0.));
#6770=DIRECTION('',(0.,-1.,0.));
#6771=DIRECTION('',(0.,0.829037572555042,0.559192903470747));
#6772=DIRECTION('',(0.,-0.999390827019096,-0.0348994967025016));
#6773=DIRECTION('',(0.,0.788010753606722,-0.615661475325659));
#6774=DIRECTION('',(0.,-0.342020143325669,0.939692620785908));
#6775=DIRECTION('',(0.,-0.342020143325669,-0.939692620785908));
#6776=DIRECTION('',(0.,0.788010753606722,0.615661475325659));
#6777=DIRECTION('',(0.,-0.999390827019096,0.0348994967025015));
#6778=DIRECTION('',(0.,0.829037572555042,-0.559192903470747));
#6779=DIRECTION('',(-1.40780253254195E-16,0.615661475325659,-0.788010753606722));
#6780=DIRECTION('',(0.,0.788010753606722,0.615661475325659));
#6781=DIRECTION('',(0.,-0.788010753606722,-0.615661475325659));
#6782=DIRECTION('',(0.,0.939692620785908,-0.342020143325669));
#6783=DIRECTION('',(0.,0.342020143325669,0.939692620785908));
#6784=DIRECTION('',(0.,0.342020143325669,0.939692620785908));
#6785=DIRECTION('',(-1.,0.,0.));
#6786=DIRECTION('',(0.,-1.,0.));
#6787=DIRECTION('',(-8.18958238960263E-17,-0.0348994967025015,-0.999390827019096));
#6788=DIRECTION('',(0.,0.999390827019096,-0.0348994967025015));
#6789=DIRECTION('',(0.,0.999390827019096,-0.0348994967025015));
#6790=DIRECTION('',(-1.,0.,0.));
#6791=DIRECTION('',(0.,-1.,0.));
#6792=DIRECTION('',(0.,-0.829037572555042,0.559192903470747));
#6793=DIRECTION('',(-1.45891410814079E-16,-0.559192903470747,-0.829037572555042));
#6794=DIRECTION('',(0.,0.829037572555042,-0.559192903470747));
#6795=DIRECTION('',(1.45891410814079E-16,-0.559192903470746,0.829037572555042));
#6796=DIRECTION('',(0.,-0.829037572555042,-0.559192903470747));
#6797=DIRECTION('',(0.,-0.829037572555042,-0.559192903470747));
#6798=DIRECTION('',(-1.,0.,0.));
#6799=DIRECTION('',(0.,-1.,0.));
#6800=DIRECTION('',(0.,0.999390827019096,0.0348994967025016));
#6801=DIRECTION('',(8.18958238960263E-17,-0.0348994967025016,0.999390827019096));
#6802=DIRECTION('',(0.,-0.999390827019096,-0.0348994967025016));
#6803=DIRECTION('',(1.40780253254195E-16,0.615661475325659,0.788010753606722));
#6804=DIRECTION('',(0.,-0.788010753606722,0.615661475325659));
#6805=DIRECTION('',(0.,-0.788010753606722,0.615661475325659));
#6806=DIRECTION('',(-1.,0.,0.));
#6807=DIRECTION('',(0.,-1.,0.));
#6808=DIRECTION('',(0.,0.342020143325669,-0.939692620785908));
#6809=DIRECTION('',(0.,0.939692620785908,0.342020143325669));
#6810=DIRECTION('',(0.,-0.342020143325669,0.939692620785908));
#6811=DIRECTION('',(-1.,0.,1.24580888572481E-16));
#6812=DIRECTION('',(1.24580888572481E-16,0.,1.));
#6813=DIRECTION('',(7.51314688996909E-18,0.342020143325668,-0.939692620785908));
#6814=DIRECTION('',(4.2609173365199E-17,0.939692620785908,0.342020143325668));
#6815=DIRECTION('',(-1.,4.2609173365199E-17,7.51314688996909E-18));
#6816=DIRECTION('',(-1.,0.,0.));
#6817=DIRECTION('',(0.,0.,1.));
#6818=DIRECTION('',(1.,0.,0.));
#6819=DIRECTION('',(0.,0.,-1.));
#6820=DIRECTION('',(1.,0.,0.));
#6821=DIRECTION('',(0.,1.,0.));
#6822=DIRECTION('',(0.,1.,0.));
#6823=DIRECTION('',(-1.,0.,0.));
#6824=DIRECTION('',(0.,1.,0.));
#6825=DIRECTION('',(0.,0.,1.));
#6826=DIRECTION('',(0.,1.,0.));
#6827=DIRECTION('',(0.,0.,1.));
#6828=DIRECTION('',(0.,1.,0.));
#6829=DIRECTION('',(0.,0.,1.));
#6830=DIRECTION('',(0.,1.,0.));
#6831=DIRECTION('',(0.,0.,1.));
#6832=DIRECTION('',(0.,-1.,0.));
#6833=DIRECTION('',(0.,0.,-1.));
#6834=DIRECTION('',(0.,-1.,0.));
#6835=DIRECTION('',(0.,0.,-1.));
#6836=DIRECTION('',(0.,-1.,0.));
#6837=DIRECTION('',(0.,0.,-1.));
#6838=DIRECTION('',(0.,-1.,0.));
#6839=DIRECTION('',(0.,0.,-1.));
#6840=DIRECTION('',(-1.,0.,0.));
#6841=DIRECTION('',(0.,0.,1.));
#6842=DIRECTION('',(0.,-1.,0.));
#6843=DIRECTION('',(0.,0.,-1.));
#6844=DIRECTION('',(-1.,0.,0.));
#6845=DIRECTION('',(0.,-1.,0.));
#6846=DIRECTION('',(0.,0.,1.));
#6847=DIRECTION('',(1.,1.7347234759768E-16,0.));
#6848=DIRECTION('',(-1.7347234759768E-16,1.,0.));
#6849=DIRECTION('',(-1.,0.,0.));
#6850=DIRECTION('',(0.,-1.,0.));
#6851=DIRECTION('',(0.,-0.984807753012208,0.17364817766693));
#6852=DIRECTION('',(0.,-0.17364817766693,-0.984807753012208));
#6853=DIRECTION('',(0.,0.17364817766693,0.984807753012208));
#6854=DIRECTION('',(0.,-0.984807753012208,-0.17364817766693));
#6855=DIRECTION('',(0.,0.17364817766693,-0.984807753012208));
#6856=DIRECTION('',(0.,-0.17364817766693,0.984807753012208));
#6857=DIRECTION('',(-1.,0.,0.));
#6858=DIRECTION('',(0.,0.,1.));
#6859=DIRECTION('',(1.,0.,0.));
#6860=DIRECTION('',(0.,0.,-1.));
#6861=DIRECTION('',(-1.,0.,0.));
#6862=DIRECTION('',(0.,0.,1.));
#6863=DIRECTION('',(1.,0.,0.));
#6864=DIRECTION('',(0.,0.,-1.));
#6865=DIRECTION('',(0.,-0.939692620785908,-0.342020143325669));
#6866=DIRECTION('',(0.,0.342020143325669,-0.939692620785908));
#6867=DIRECTION('',(0.,-0.342020143325669,0.939692620785908));
#6868=DIRECTION('',(0.,-0.342020143325669,0.939692620785908));
#6869=DIRECTION('',(1.,0.,0.));
#6870=DIRECTION('',(0.,-1.,0.));
#6871=DIRECTION('',(1.,0.,0.));
#6872=DIRECTION('',(0.,-1.,0.));
#6873=DIRECTION('',(1.,0.,0.));
#6874=DIRECTION('',(0.,-1.,0.));
#6875=DIRECTION('',(0.,0.342020143325669,0.939692620785908));
#6876=DIRECTION('',(1.,0.,0.));
#6877=DIRECTION('',(0.,-1.,0.));
#6878=DIRECTION('',(0.,0.342020143325669,0.939692620785908));
#6879=DIRECTION('',(0.,-0.939692620785908,0.342020143325669));
#6880=DIRECTION('',(0.,-0.342020143325669,-0.939692620785908));
#6881=DIRECTION('',(-1.,-1.18483465882698E-16,-8.60832768292526E-17));
#6882=DIRECTION('',(1.18483465882698E-16,-1.,0.));
#6883=DIRECTION('',(-1.,0.,0.));
#6884=DIRECTION('',(0.,0.,1.));
#6885=DIRECTION('',(1.31631639954036E-16,-0.469471562785891,-0.882947592858927));
#6886=DIRECTION('',(0.,0.882947592858927,-0.469471562785891));
#6887=DIRECTION('',(6.42010404919517E-17,-0.882947592858927,0.469471562785891));
#6888=DIRECTION('',(1.01735231656041E-16,-0.139173100960066,-0.99026806874157));
#6889=DIRECTION('',(0.,0.99026806874157,-0.139173100960066));
#6890=DIRECTION('',(1.05349916360336E-16,-0.99026806874157,0.139173100960066));
#6891=DIRECTION('',(-1.,-1.18483465882698E-16,-8.60832768292526E-17));
#6892=DIRECTION('',(1.18483465882698E-16,-1.,0.));
#6893=DIRECTION('',(1.,1.18483465882698E-16,8.60832768292526E-17));
#6894=DIRECTION('',(-1.18483465882698E-16,1.,0.));
#6895=DIRECTION('',(-1.,-1.18483465882698E-16,-8.60832768292526E-17));
#6896=DIRECTION('',(1.18483465882698E-16,-1.,0.));
#6897=DIRECTION('',(1.,1.18483465882698E-16,8.60832768292526E-17));
#6898=DIRECTION('',(-1.18483465882698E-16,1.,0.));
#6899=DIRECTION('',(8.18958238960263E-17,0.0348994967025016,-0.999390827019096));
#6900=DIRECTION('',(0.,0.999390827019096,0.0348994967025016));
#6901=DIRECTION('',(1.21415551992442E-16,-0.999390827019096,-0.0348994967025016));
#6902=DIRECTION('',(1.21415551992442E-16,-0.999390827019096,-0.0348994967025016));
#6903=DIRECTION('',(1.,1.18483465882698E-16,8.60832768292526E-17));
#6904=DIRECTION('',(1.18483465882698E-16,-0.309016994374948,-0.951056516295154));
#6905=DIRECTION('',(1.,1.18483465882698E-16,8.60832768292526E-17));
#6906=DIRECTION('',(1.18483465882698E-16,-0.309016994374948,-0.951056516295154));
#6907=DIRECTION('',(1.,1.18483465882698E-16,8.60832768292526E-17));
#6908=DIRECTION('',(1.18483465882698E-16,-0.309016994374948,-0.951056516295154));
#6909=DIRECTION('',(4.03680880265967E-17,-0.788010753606722,0.615661475325659));
#6910=DIRECTION('',(1.,1.18483465882698E-16,8.60832768292526E-17));
#6911=DIRECTION('',(1.18483465882698E-16,-0.309016994374948,-0.951056516295154));
#6912=DIRECTION('',(4.03680880265967E-17,-0.788010753606722,0.615661475325659));
#6913=DIRECTION('',(1.40780253254195E-16,-0.615661475325659,-0.788010753606722));
#6914=DIRECTION('',(0.,0.788010753606722,-0.615661475325659));
#6915=DIRECTION('',(3.29794227187826E-17,0.898794046299167,-0.438371146789078));
#6916=DIRECTION('',(0.,0.438371146789078,0.898794046299167));
#6917=DIRECTION('',(2.34660785874935E-16,-0.438371146789078,-0.898794046299167));
#6918=DIRECTION('',(1.11249235784478E-16,0.694658370458998,-0.719339800338651));
#6919=DIRECTION('',(0.,0.719339800338651,0.694658370458998));
#6920=DIRECTION('',(2.09229381989422E-16,-0.719339800338651,-0.694658370458998));
#6921=DIRECTION('',(-1.,-7.32268090203961E-17,-2.2536894460195E-16));
#6922=DIRECTION('',(-2.2536894460195E-16,0.,1.));
#6923=DIRECTION('',(1.,7.32268090203961E-17,2.2536894460195E-16));
#6924=DIRECTION('',(2.2536894460195E-16,0.,-1.));
#6925=DIRECTION('',(1.,7.32268090203961E-17,2.2536894460195E-16));
#6926=DIRECTION('',(7.32268090203961E-17,0.809016994374947,-0.587785252292473));
#6927=DIRECTION('',(1.86732490480323E-16,-0.829037572555042,-0.559192903470747));
#6928=DIRECTION('',(1.,7.32268090203961E-17,2.2536894460195E-16));
#6929=DIRECTION('',(7.32268090203961E-17,0.809016994374947,-0.587785252292473));
#6930=DIRECTION('',(1.86732490480323E-16,-0.829037572555042,-0.559192903470747));
#6931=DIRECTION('',(1.45891410814079E-16,0.559192903470746,-0.829037572555042));
#6932=DIRECTION('',(0.,0.829037572555042,0.559192903470747));
#6933=DIRECTION('',(1.,7.32268090203961E-17,2.2536894460195E-16));
#6934=DIRECTION('',(7.32268090203961E-17,0.809016994374947,-0.587785252292473));
#6935=DIRECTION('',(2.36822577913198E-16,-0.275637355816998,-0.961261695938319));
#6936=DIRECTION('',(1.,7.32268090203961E-17,2.2536894460195E-16));
#6937=DIRECTION('',(7.32268090203961E-17,0.809016994374947,-0.587785252292473));
#6938=DIRECTION('',(2.36822577913198E-16,-0.275637355816998,-0.961261695938319));
#6939=DIRECTION('',(-8.2700266537484E-18,0.961261695938319,-0.275637355816998));
#6940=DIRECTION('',(0.,0.275637355816998,0.961261695938319));
#6941=DIRECTION('',(-1.11249235784478E-16,0.694658370458998,0.719339800338651));
#6942=DIRECTION('',(0.,-0.719339800338651,0.694658370458998));
#6943=DIRECTION('',(2.09229381989422E-16,0.719339800338651,-0.694658370458998));
#6944=DIRECTION('',(-3.29794227187825E-17,0.898794046299167,0.438371146789078));
#6945=DIRECTION('',(0.,-0.438371146789078,0.898794046299167));
#6946=DIRECTION('',(2.34660785874935E-16,0.438371146789078,-0.898794046299167));
#6947=DIRECTION('',(-1.,7.32268090203961E-17,-2.2536894460195E-16));
#6948=DIRECTION('',(-2.2536894460195E-16,0.,1.));
#6949=DIRECTION('',(1.,-7.32268090203961E-17,2.2536894460195E-16));
#6950=DIRECTION('',(2.2536894460195E-16,0.,-1.));
#6951=DIRECTION('',(-1.45891410814079E-16,0.559192903470747,0.829037572555042));
#6952=DIRECTION('',(0.,-0.829037572555042,0.559192903470747));
#6953=DIRECTION('',(1.86732490480323E-16,0.829037572555042,-0.559192903470747));
#6954=DIRECTION('',(1.86732490480323E-16,0.829037572555042,-0.559192903470747));
#6955=DIRECTION('',(1.,-7.32268090203961E-17,2.2536894460195E-16));
#6956=DIRECTION('',(-7.32268090203961E-17,0.809016994374948,0.587785252292473));
#6957=DIRECTION('',(1.,-7.32268090203961E-17,2.2536894460195E-16));
#6958=DIRECTION('',(-7.32268090203961E-17,0.809016994374948,0.587785252292473));
#6959=DIRECTION('',(8.27002665374837E-18,0.961261695938319,0.275637355816998));
#6960=DIRECTION('',(0.,-0.275637355816998,0.961261695938319));
#6961=DIRECTION('',(2.36822577913198E-16,0.275637355816998,-0.961261695938319));
#6962=DIRECTION('',(2.36822577913198E-16,0.275637355816998,-0.961261695938319));
#6963=DIRECTION('',(1.,-7.32268090203961E-17,2.2536894460195E-16));
#6964=DIRECTION('',(-7.32268090203961E-17,0.809016994374948,0.587785252292473));
#6965=DIRECTION('',(1.,-7.32268090203961E-17,2.2536894460195E-16));
#6966=DIRECTION('',(-7.32268090203961E-17,0.809016994374948,0.587785252292473));
#6967=DIRECTION('',(-1.31631639954036E-16,-0.46947156278589,0.882947592858927));
#6968=DIRECTION('',(0.,-0.882947592858928,-0.46947156278589));
#6969=DIRECTION('',(6.42010404919517E-17,0.882947592858927,0.46947156278589));
#6970=DIRECTION('',(-1.01735231656041E-16,-0.139173100960065,0.99026806874157));
#6971=DIRECTION('',(0.,-0.99026806874157,-0.139173100960065));
#6972=DIRECTION('',(1.05349916360337E-16,0.99026806874157,0.139173100960065));
#6973=DIRECTION('',(-1.,1.18483465882698E-16,-8.60832768292526E-17));
#6974=DIRECTION('',(-1.18483465882698E-16,-1.,0.));
#6975=DIRECTION('',(1.,-1.18483465882698E-16,8.60832768292526E-17));
#6976=DIRECTION('',(1.18483465882698E-16,1.,0.));
#6977=DIRECTION('',(-1.,1.18483465882698E-16,-8.60832768292526E-17));
#6978=DIRECTION('',(-1.18483465882698E-16,-1.,0.));
#6979=DIRECTION('',(1.,-1.18483465882698E-16,8.60832768292526E-17));
#6980=DIRECTION('',(1.18483465882698E-16,1.,0.));
#6981=DIRECTION('',(-1.40780253254195E-16,-0.615661475325659,0.788010753606722));
#6982=DIRECTION('',(0.,-0.788010753606722,-0.615661475325659));
#6983=DIRECTION('',(4.03680880265967E-17,0.788010753606722,0.615661475325659));
#6984=DIRECTION('',(4.03680880265967E-17,0.788010753606722,0.615661475325659));
#6985=DIRECTION('',(1.,-1.18483465882698E-16,8.60832768292526E-17));
#6986=DIRECTION('',(-1.18483465882698E-16,-0.309016994374948,0.951056516295154));
#6987=DIRECTION('',(1.,-1.18483465882698E-16,8.60832768292526E-17));
#6988=DIRECTION('',(-1.18483465882698E-16,-0.309016994374948,0.951056516295154));
#6989=DIRECTION('',(1.,-1.18483465882698E-16,8.60832768292526E-17));
#6990=DIRECTION('',(-1.18483465882698E-16,-0.309016994374948,0.951056516295154));
#6991=DIRECTION('',(1.21415551992442E-16,0.999390827019096,-0.0348994967025015));
#6992=DIRECTION('',(1.,-1.18483465882698E-16,8.60832768292526E-17));
#6993=DIRECTION('',(-1.18483465882698E-16,-0.309016994374948,0.951056516295154));
#6994=DIRECTION('',(1.21415551992442E-16,0.999390827019096,-0.0348994967025015));
#6995=DIRECTION('',(-8.18958238960263E-17,0.0348994967025015,0.999390827019096));
#6996=DIRECTION('',(0.,-0.999390827019096,0.0348994967025015));
#6997=DIRECTION('',(-1.,0.,0.));
#6998=DIRECTION('',(0.,0.,1.));
#6999=DIRECTION('',(0.,0.,1.));
#7000=DIRECTION('',(1.,0.,0.));
#7001=DIRECTION('',(0.,0.,-1.));
#7002=DIRECTION('',(0.,0.,1.));
#7003=DIRECTION('',(0.,1.,0.));
#7004=DIRECTION('',(0.,0.,1.));
#7005=DIRECTION('',(-1.,0.,0.));
#7006=DIRECTION('',(0.,-1.,0.));
#7007=DIRECTION('',(-1.,0.,0.));
#7008=DIRECTION('',(0.,-1.,0.));
#7009=DIRECTION('',(-1.,0.,0.));
#7010=DIRECTION('',(0.,0.,1.));
#7011=DIRECTION('',(0.,0.,1.));
#7012=DIRECTION('',(0.,-1.,0.));
#7013=DIRECTION('',(1.,0.,0.));
#7014=DIRECTION('',(0.,0.,-1.));
#7015=DIRECTION('',(1.,0.,0.));
#7016=DIRECTION('',(1.,0.,0.));
#7017=DIRECTION('',(1.,1.7347234759768E-16,0.));
#7018=DIRECTION('',(-1.7347234759768E-16,1.,0.));
#7019=DIRECTION('',(1.,0.,0.));
#7020=DIRECTION('',(-1.,0.,0.));
#7021=DIRECTION('',(0.,0.,1.));
#7022=DIRECTION('',(-1.,0.,0.));
#7023=DIRECTION('',(0.,-1.,0.));
#7024=DIRECTION('',(7.32268090203961E-17,1.,0.));
#7025=DIRECTION('',(-1.,7.32268090203961E-17,0.));
#7026=DIRECTION('',(1.,-7.32268090203961E-17,0.));
#7027=DIRECTION('',(0.,0.,-1.));
#7028=DIRECTION('',(0.,0.,1.));
#7029=DIRECTION('',(1.,0.,0.));
#7030=DIRECTION('',(0.,1.,0.));
#7031=DIRECTION('',(0.,0.,-1.));
#7032=DIRECTION('',(-1.,0.,0.));
#7033=DIRECTION('',(1.,0.,0.));
#7034=DIRECTION('',(0.,0.,-1.));
#7035=DIRECTION('',(0.,0.,1.));
#7036=DIRECTION('',(0.,-1.,0.));
#7037=DIRECTION('',(0.,0.,-1.));
#7038=DIRECTION('',(0.,-1.,0.));
#7039=DIRECTION('',(0.,0.,-1.));
#7040=DIRECTION('',(0.,0.,1.));
#7041=DIRECTION('',(0.,0.,1.));
#7042=DIRECTION('',(1.,1.7347234759768E-16,0.));
#7043=DIRECTION('',(-1.7347234759768E-16,1.,0.));
#7044=DIRECTION('',(0.,0.,1.));
#7045=DIRECTION('',(0.,-1.,0.));
#7046=DIRECTION('',(0.,0.,-1.));
#7047=DIRECTION('',(0.,0.,1.));
#7048=DIRECTION('',(1.,0.,0.));
#7049=DIRECTION('',(0.,0.,-1.));
#7050=DIRECTION('',(-8.2700266537484E-18,-0.961261695938319,0.275637355816998));
#7051=DIRECTION('',(0.,-0.275637355816998,-0.961261695938319));
#7052=DIRECTION('',(-1.,8.60330406245487E-18,0.));
#7053=DIRECTION('',(0.,-0.275637355816998,-0.961261695938319));
#7054=DIRECTION('',(1.,0.,0.));
#7055=DIRECTION('',(0.,0.275637355816998,0.961261695938319));
#7056=DIRECTION('',(0.,0.,1.));
#7057=DIRECTION('',(1.,0.,0.));
#7058=DIRECTION('',(0.,1.,0.));
#7059=DIRECTION('',(-1.,-8.60330406245484E-18,0.));
#7060=DIRECTION('',(0.,-1.,0.));
#7061=DIRECTION('',(-1.,0.,0.));
#7062=DIRECTION('',(0.,-1.,0.));
#7063=DIRECTION('',(-1.,0.,0.));
#7064=DIRECTION('',(0.,0.,1.));
#7065=DIRECTION('',(0.,0.275637355816998,-0.961261695938319));
#7066=DIRECTION('',(8.27002665374837E-18,-0.961261695938319,-0.275637355816998));
#7067=DIRECTION('',(0.,0.275637355816998,-0.961261695938319));
#7068=DIRECTION('',(1.,0.,0.));
#7069=DIRECTION('',(0.,0.275637355816998,-0.961261695938319));
#7070=DIRECTION('',(-1.,0.,0.));
#7071=DIRECTION('',(0.,-1.,0.));
#7072=DIRECTION('',(-1.,0.,0.));
#7073=DIRECTION('',(0.,0.,1.));
#7074=DIRECTION('',(1.,0.,0.));
#7075=DIRECTION('',(0.,0.,-1.));
#7076=CARTESIAN_POINT('',(0.,0.,0.));
#7077=CARTESIAN_POINT('',(-0.172544425053345,0.0723,0.0120550000000003));
#7078=CARTESIAN_POINT('',(-0.0095,0.072300000000001,0.0120550000000022));
#7079=CARTESIAN_POINT('',(-0.0095,0.0589536831921949,-0.0213796501053273));
#7080=CARTESIAN_POINT('',(-0.0095,0.0578,-0.0208957207811903));
#7081=CARTESIAN_POINT('',(-0.172544425053345,0.0589536831921949,-0.0213796501053273));
#7082=CARTESIAN_POINT('',(-0.035,0.0589536831921949,-0.0213796501053273));
#7083=CARTESIAN_POINT('',(-0.035,0.0723,0.0120550000000003));
#7084=CARTESIAN_POINT('',(-0.035,0.0856463168078051,-0.0213796501053273));
#7085=CARTESIAN_POINT('',(-0.172544425053345,0.0856463168078051,-0.0213796501053273));
#7086=CARTESIAN_POINT('',(-0.0195,0.0856463168078051,-0.0213796501053273));
#7087=CARTESIAN_POINT('',(-0.0195,0.0723,0.0120550000000003));
#7088=CARTESIAN_POINT('',(-0.0195,0.0889536831921949,-0.0198613725403432));
#7089=CARTESIAN_POINT('',(-0.172544425053345,0.0889536831921949,-0.0198613725403432));
#7090=CARTESIAN_POINT('',(-0.0095,0.0889536831921949,-0.0198613725403432));
#7091=CARTESIAN_POINT('',(-0.0095,0.0723,0.0120550000000003));
#7092=CARTESIAN_POINT('',(-0.0095,0.0868,-0.0208957207811903));
#7093=CARTESIAN_POINT('',(-0.172544425053345,0.0868,-0.0208957207811903));
#7094=CARTESIAN_POINT('',(0.0285,0.0868,-0.0208957207811903));
#7095=CARTESIAN_POINT('',(0.0285,0.0723,0.0120550000000003));
#7096=CARTESIAN_POINT('',(0.0285,0.103217645182749,-0.00638677909946868));
#7097=CARTESIAN_POINT('',(0.025125,0.103217645182749,-0.00638677909946868));
#7098=CARTESIAN_POINT('',(0.028,0.103217645182749,-0.00638677909946868));
#7099=CARTESIAN_POINT('',(0.028,0.0723,0.0120550000000003));
#7100=CARTESIAN_POINT('',(0.028,0.108152706159602,0.00880177682394756));
#7101=CARTESIAN_POINT('',(0.025125,0.108152706159602,0.00880177682394756));
#7102=CARTESIAN_POINT('',(0.0285,0.108152706159602,0.00880177682394757));
#7103=CARTESIAN_POINT('',(0.0285,0.0723,0.0120550000000003));
#7104=CARTESIAN_POINT('',(0.0285,0.0993932519721499,0.0357606047713106));
#7105=CARTESIAN_POINT('',(0.025125,0.0993932519721499,0.0357606047713106));
#7106=CARTESIAN_POINT('',(0.028,0.0993932519721499,0.0357606047713106));
#7107=CARTESIAN_POINT('',(0.028,0.0723,0.0120550000000003));
#7108=CARTESIAN_POINT('',(0.028,0.0864730945981956,0.0451476485720106));
#7109=CARTESIAN_POINT('',(0.025125,0.0864730945981956,0.0451476485720106));
#7110=CARTESIAN_POINT('',(0.0285,0.0864730945981956,0.0451476485720106));
#7111=CARTESIAN_POINT('',(0.0285,0.0723,0.0120550000000003));
#7112=CARTESIAN_POINT('',(0.0285,0.0581269054018044,0.0451476485720106));
#7113=CARTESIAN_POINT('',(0.025125,0.0581269054018044,0.0451476485720106));
#7114=CARTESIAN_POINT('',(0.028,0.0581269054018044,0.0451476485720106));
#7115=CARTESIAN_POINT('',(0.028,0.0723,0.0120550000000003));
#7116=CARTESIAN_POINT('',(0.028,0.04520674802785,0.0357606047713107));
#7117=CARTESIAN_POINT('',(0.025125,0.04520674802785,0.0357606047713107));
#7118=CARTESIAN_POINT('',(0.0285,0.04520674802785,0.0357606047713106));
#7119=CARTESIAN_POINT('',(0.0285,0.0723,0.0120550000000003));
#7120=CARTESIAN_POINT('',(0.0285,0.0364472938403978,0.00880177682394753));
#7121=CARTESIAN_POINT('',(0.025125,0.0364472938403978,0.00880177682394753));
#7122=CARTESIAN_POINT('',(0.028,0.0364472938403978,0.00880177682394753));
#7123=CARTESIAN_POINT('',(0.028,0.0723,0.0120550000000003));
#7124=CARTESIAN_POINT('',(0.028,0.0413823548172508,-0.00638677909946872));
#7125=CARTESIAN_POINT('',(0.025125,0.0413823548172508,-0.00638677909946872));
#7126=CARTESIAN_POINT('',(0.0285,0.0413823548172508,-0.00638677909946872));
#7127=CARTESIAN_POINT('',(0.0285,0.0723,0.0120550000000003));
#7128=CARTESIAN_POINT('',(0.0285,0.0578,-0.0208957207811903));
#7129=CARTESIAN_POINT('',(-0.172544425053345,0.0578,-0.0208957207811903));
#7130=CARTESIAN_POINT('',(-0.0395,0.0723,0.0120550000000003));
#7131=CARTESIAN_POINT('',(-0.0395,0.0723,0.0480550000000003));
#7132=CARTESIAN_POINT('',(-0.172544425053345,0.0889536831921949,0.0439713725403437));
#7133=CARTESIAN_POINT('',(-0.0095,0.0889536831921949,0.0439713725403437));
#7134=CARTESIAN_POINT('',(-0.0195,0.0889536831921949,0.0439713725403437));
#7135=CARTESIAN_POINT('',(-0.0195,0.0723,0.0120550000000003));
#7136=CARTESIAN_POINT('',(-0.0195,0.0589536831921949,0.0454896501053279));
#7137=CARTESIAN_POINT('',(-0.172544425053345,0.0589536831921949,0.0454896501053278));
#7138=CARTESIAN_POINT('',(-0.0095,0.0589536831921949,0.0454896501053278));
#7139=CARTESIAN_POINT('',(-0.0095,0.0723,0.0120550000000003));
#7140=CARTESIAN_POINT('',(-0.172544425053345,0.0723,0.0120550000000003));
#7141=CARTESIAN_POINT('',(-0.0095,0.0723,0.0120550000000003));
#7142=CARTESIAN_POINT('',(-0.0095,0.0594,-0.021554373692468));
#7143=CARTESIAN_POINT('',(-0.0095,0.0852,-0.021554373692468));
#7144=CARTESIAN_POINT('',(0.0105,0.0594,-0.021554373692468));
#7145=CARTESIAN_POINT('',(0.0105,0.0594,-0.021554373692468));
#7146=CARTESIAN_POINT('',(0.0105,0.0723,0.0120550000000003));
#7147=CARTESIAN_POINT('',(0.0105,0.0852,-0.021554373692468));
#7148=CARTESIAN_POINT('',(0.0105,0.0852,-0.021554373692468));
#7149=CARTESIAN_POINT('',(-0.0195,0.0723,0.012055));
#7150=CARTESIAN_POINT('',(-0.0195,0.0723,0.012055));
#7151=CARTESIAN_POINT('',(-0.0195,0.0889536831921949,0.0506121632272656));
#7152=CARTESIAN_POINT('',(-0.0195,0.0889536831921949,-0.0265021632272657));
#7153=CARTESIAN_POINT('',(-0.0195,0.0889536831921949,-0.152335593470325));
#7154=CARTESIAN_POINT('',(-0.0195,0.0889536831921949,-0.0221013293714943));
#7155=CARTESIAN_POINT('',(-0.0195,0.0723,0.012055));
#7156=CARTESIAN_POINT('',(-0.0195,0.0889536831921949,0.0462113293714944));
#7157=CARTESIAN_POINT('',(-0.0195,0.0889536831921949,-0.152335593470325));
#7158=CARTESIAN_POINT('',(-0.172544425053345,0.0580484618156887,-0.0253200405937053));
#7159=CARTESIAN_POINT('',(-0.036125,0.0580484618156887,-0.0253200405937053));
#7160=CARTESIAN_POINT('',(-0.036125,0.0580484618156887,-0.0264200405937053));
#7161=CARTESIAN_POINT('',(-0.035,0.0580484618156887,-0.0253200405937053));
#7162=CARTESIAN_POINT('',(-0.035,0.0580484618156887,-0.0242200405937052));
#7163=CARTESIAN_POINT('',(0.166890593470325,0.0589536831921949,-0.020945));
#7164=CARTESIAN_POINT('',(-0.0095,0.0589536831921949,-0.152335593470325));
#7165=CARTESIAN_POINT('',(-0.0095,0.0589536831921949,-0.0277680564832196));
#7166=CARTESIAN_POINT('',(-0.0195,0.0589536831921949,-0.0277680564832196));
#7167=CARTESIAN_POINT('',(-0.0195,0.0589536831921949,-0.0277680564832196));
#7168=CARTESIAN_POINT('',(-0.0195,0.0589536831921949,-0.152335593470325));
#7169=CARTESIAN_POINT('',(-0.0195,0.0589536831921949,-0.0234356128433984));
#7170=CARTESIAN_POINT('',(0.166890593470325,0.0589536831921949,-0.0234356128433984));
#7171=CARTESIAN_POINT('',(-0.035,0.0589536831921949,-0.0234356128433984));
#7172=CARTESIAN_POINT('',(-0.035,0.0589536831921949,-0.020945));
#7173=CARTESIAN_POINT('',(-0.0395,0.08588,-0.0246903064216993));
#7174=CARTESIAN_POINT('',(0.166890593470325,0.08588,-0.0244488136043322));
#7175=CARTESIAN_POINT('',(0.0105,0.08588,-0.0244488136043323));
#7176=CARTESIAN_POINT('',(0.026,0.08588,-0.0244488136043323));
#7177=CARTESIAN_POINT('',(0.0105,0.08588,-0.0246903064216993));
#7178=CARTESIAN_POINT('',(0.0105,0.08588,-0.0234356128433984));
#7179=CARTESIAN_POINT('',(-0.0395,0.08588,-0.0234356128433984));
#7180=CARTESIAN_POINT('',(0.026,0.08588,-0.0234356128433984));
#7181=CARTESIAN_POINT('',(0.026,0.08588,0.012055));
#7182=CARTESIAN_POINT('',(-0.0395,0.07909,-0.025945));
#7183=CARTESIAN_POINT('',(0.0105,0.07909,-0.025945));
#7184=CARTESIAN_POINT('',(0.0105,0.0856463168078051,-0.025945));
#7185=CARTESIAN_POINT('',(0.0105,0.0589536831921949,-0.025945));
#7186=CARTESIAN_POINT('',(0.166890593470325,0.0856463168078051,-0.025945));
#7187=CARTESIAN_POINT('',(0.015,0.0856463168078051,-0.025945));
#7188=CARTESIAN_POINT('',(0.015,0.07909,-0.025945));
#7189=CARTESIAN_POINT('',(0.015,0.0589536831921949,-0.025945));
#7190=CARTESIAN_POINT('',(0.166890593470325,0.0589536831921949,-0.025945));
#7191=CARTESIAN_POINT('',(-0.0395,0.05872,-0.0246903064216992));
#7192=CARTESIAN_POINT('',(0.0105,0.05872,-0.0246903064216992));
#7193=CARTESIAN_POINT('',(0.0105,0.05872,-0.0244488136043323));
#7194=CARTESIAN_POINT('',(0.0105,0.05872,-0.0234356128433984));
#7195=CARTESIAN_POINT('',(0.166890593470325,0.05872,-0.0244488136043323));
#7196=CARTESIAN_POINT('',(0.026,0.05872,-0.0244488136043323));
#7197=CARTESIAN_POINT('',(0.026,0.05872,0.012055));
#7198=CARTESIAN_POINT('',(0.026,0.05872,-0.0234356128433984));
#7199=CARTESIAN_POINT('',(-0.0395,0.05872,-0.0234356128433984));
#7200=CARTESIAN_POINT('',(0.,0.110302,0.012055));
#7201=CARTESIAN_POINT('',(0.0105,0.0327020202535534,-0.001945));
#7202=CARTESIAN_POINT('',(0.00968981586699079,0.0329168527639761,-0.00255263809975691));
#7203=CARTESIAN_POINT('',(0.00799074438512497,0.0333223478962051,-0.0036123232169282));
#7204=CARTESIAN_POINT('',(0.00514502078403644,0.0338108840960005,-0.00476462599540451));
#7205=CARTESIAN_POINT('',(0.00215593299815505,0.0340996660762616,-0.00540268961227993));
#7206=CARTESIAN_POINT('',(-0.000954058215081311,0.0341493558974497,-0.00550969893256438));
#7207=CARTESIAN_POINT('',(-0.00398840148499885,0.0339503239926339,-0.00507646253003894));
#7208=CARTESIAN_POINT('',(-0.00789665258947054,0.0333906564268979,-0.00379478679399614));
#7209=CARTESIAN_POINT('',(-0.0104462708314895,0.0327414696413695,-0.00213016796791136));
#7210=CARTESIAN_POINT('',(-0.0119268604418766,0.0323,-0.000751248474865642));
#7211=CARTESIAN_POINT('',(0.0105,0.0327020202535534,-0.001945));
#7212=CARTESIAN_POINT('',(-0.0119268604418766,0.0323,-0.000751248474865669));
#7213=CARTESIAN_POINT('',(0.0105,0.110302,-0.001945));
#7214=CARTESIAN_POINT('',(0.0105,0.036972956534689,-0.001945));
#7215=CARTESIAN_POINT('',(0.0105,0.0369729565346887,-0.00194500000000003));
#7216=CARTESIAN_POINT('',(0.0114406719474927,0.0366933674584511,-0.00123949603938051));
#7217=CARTESIAN_POINT('',(0.013148370149792,0.0361188969832525,0.000330039386299929));
#7218=CARTESIAN_POINT('',(0.014544117656173,0.0355713666931057,0.00225221938145563));
#7219=CARTESIAN_POINT('',(0.0151331813531603,0.0353302396833894,0.00326655177904758));
#7220=CARTESIAN_POINT('',(0.0151331813531603,0.0353302396833896,0.00326655177904761));
#7221=CARTESIAN_POINT('',(0.,0.0353302396833896,0.012055));
#7222=CARTESIAN_POINT('',(0.0138318575918674,0.0353302396833896,0.00133447223508568));
#7223=CARTESIAN_POINT('',(0.0138318575918674,0.110302,0.00133447223508567));
#7224=CARTESIAN_POINT('',(0.0138318575961335,0.0323,0.00133447681554672));
#7225=CARTESIAN_POINT('',(0.,0.0323,0.012055));
#7226=CARTESIAN_POINT('',(0.00687131038859383,0.0323,-0.00453380758906959));
#7227=CARTESIAN_POINT('',(1.57209315010398E-17,0.0323,-0.00590059620546521));
#7228=CARTESIAN_POINT('',(-0.00687131038859387,0.0323,-0.00453380758906957));
#7229=CARTESIAN_POINT('',(-0.0126965260591081,0.0323,-0.000641522916759217));
#7230=CARTESIAN_POINT('',(-0.0165888107314184,0.0323,0.00518369275375502));
#7231=CARTESIAN_POINT('',(-0.0179555993478141,0.0323,0.0120550031423489));
#7232=CARTESIAN_POINT('',(-0.0165888107314184,0.0323,0.0189263135309427));
#7233=CARTESIAN_POINT('',(-0.0126965260591081,0.0323,0.024751529201457));
#7234=CARTESIAN_POINT('',(-0.00687131038859386,0.0323,0.0286438138737673));
#7235=CARTESIAN_POINT('',(3.30321673605496E-18,0.0323,0.030010602490163));
#7236=CARTESIAN_POINT('',(0.00687131038859387,0.0323,0.0286438138737673));
#7237=CARTESIAN_POINT('',(0.0126965260591081,0.0323,0.024751529201457));
#7238=CARTESIAN_POINT('',(0.0165888107314184,0.0323,0.0189263135309427));
#7239=CARTESIAN_POINT('',(0.0179555993478141,0.0323,0.0120550031423489));
#7240=CARTESIAN_POINT('',(0.0165888107314185,0.0323,0.00518369275375502));
#7241=CARTESIAN_POINT('',(0.0126965260591081,0.0323,-0.000641522916759228));
#7242=CARTESIAN_POINT('',(0.00687131038859383,0.0323,-0.00453380758906959));
#7243=CARTESIAN_POINT('',(1.57209315010398E-17,0.0323,-0.00590059620546521));
#7244=CARTESIAN_POINT('',(-0.00687131038859387,0.0323,-0.00453380758906957));
#7245=CARTESIAN_POINT('',(0.00687131038859384,0.0116751190503187,-0.00453380758906958));
#7246=CARTESIAN_POINT('',(1.16009632455949E-17,0.0116751190503186,-0.00590059620546521));
#7247=CARTESIAN_POINT('',(-0.00687131038859386,0.0116751190503187,-0.00453380758906958));
#7248=CARTESIAN_POINT('',(-0.0126965260591081,0.0116751190503187,-0.000641522916759215));
#7249=CARTESIAN_POINT('',(-0.0165888107314184,0.0116751190503187,0.00518369275375501));
#7250=CARTESIAN_POINT('',(-0.0179555993478141,0.0116751190503186,0.0120550031423489));
#7251=CARTESIAN_POINT('',(-0.0165888107314184,0.0116751190503187,0.0189263135309427));
#7252=CARTESIAN_POINT('',(-0.0126965260591081,0.0116751190503187,0.024751529201457));
#7253=CARTESIAN_POINT('',(-0.00687131038859386,0.0116751190503187,0.0286438138737673));
#7254=CARTESIAN_POINT('',(5.14016650085352E-19,0.0116751190503187,0.030010602490163));
#7255=CARTESIAN_POINT('',(0.00687131038859386,0.0116751190503187,0.0286438138737673));
#7256=CARTESIAN_POINT('',(0.0126965260591081,0.0116751190503187,0.024751529201457));
#7257=CARTESIAN_POINT('',(0.0165888107314184,0.0116751190503187,0.0189263135309428));
#7258=CARTESIAN_POINT('',(0.0179555993478141,0.0116751190503187,0.0120550031423489));
#7259=CARTESIAN_POINT('',(0.0165888107314185,0.0116751190503187,0.00518369275375502));
#7260=CARTESIAN_POINT('',(0.0126965260591081,0.0116751190503186,-0.000641522916759229));
#7261=CARTESIAN_POINT('',(0.00687131038859384,0.0116751190503187,-0.00453380758906958));
#7262=CARTESIAN_POINT('',(1.16009632455949E-17,0.0116751190503186,-0.00590059620546521));
#7263=CARTESIAN_POINT('',(-0.00687131038859386,0.0116751190503187,-0.00453380758906958));
#7264=CARTESIAN_POINT('',(0.0135462964246487,0.0191749603165605,-0.0206486494059644));
#7265=CARTESIAN_POINT('',(2.60208521396521E-17,0.0191749603165604,-0.0233431752970178));
#7266=CARTESIAN_POINT('',(-0.0135462964246488,0.0191749603165605,-0.0206486494059644));
#7267=CARTESIAN_POINT('',(-0.0250302920161276,0.0191749603165605,-0.0129752888737788));
#7268=CARTESIAN_POINT('',(-0.0327036525483132,0.0191749603165604,-0.00149129328229989));
#7269=CARTESIAN_POINT('',(-0.0353981784393667,0.0191749603165605,0.0120550031423489));
#7270=CARTESIAN_POINT('',(-0.0327036525483132,0.0191749603165605,0.0256012995669976));
#7271=CARTESIAN_POINT('',(-0.0250302920161276,0.0191749603165605,0.0370852951584765));
#7272=CARTESIAN_POINT('',(-0.0135462964246488,0.0191749603165604,0.0447586556906621));
#7273=CARTESIAN_POINT('',(-3.89801915348469E-18,0.0191749603165605,0.0474531815817156));
#7274=CARTESIAN_POINT('',(0.0135462964246488,0.0191749603165604,0.0447586556906621));
#7275=CARTESIAN_POINT('',(0.0250302920161276,0.0191749603165605,0.0370852951584765));
#7276=CARTESIAN_POINT('',(0.0327036525483132,0.0191749603165604,0.0256012995669976));
#7277=CARTESIAN_POINT('',(0.0353981784393667,0.0191749603165605,0.0120550031423489));
#7278=CARTESIAN_POINT('',(0.0327036525483133,0.0191749603165605,-0.00149129328229988));
#7279=CARTESIAN_POINT('',(0.0250302920161276,0.0191749603165604,-0.0129752888737788));
#7280=CARTESIAN_POINT('',(0.0135462964246487,0.0191749603165605,-0.0206486494059644));
#7281=CARTESIAN_POINT('',(2.60208521396521E-17,0.0191749603165604,-0.0233431752970178));
#7282=CARTESIAN_POINT('',(-0.0135462964246488,0.0191749603165605,-0.0206486494059644));
#7283=CARTESIAN_POINT('',(0.0135462964246487,0.0123,-0.0206486494059644));
#7284=CARTESIAN_POINT('',(2.90566182226115E-17,0.0123,-0.0233431752970178));
#7285=CARTESIAN_POINT('',(-0.0135462964246488,0.0123,-0.0206486494059643));
#7286=CARTESIAN_POINT('',(-0.0250302920161276,0.0123,-0.0129752888737788));
#7287=CARTESIAN_POINT('',(-0.0327036525483132,0.0123,-0.00149129328229989));
#7288=CARTESIAN_POINT('',(-0.0353981784393667,0.0123,0.0120550031423489));
#7289=CARTESIAN_POINT('',(-0.0327036525483132,0.0123,0.0256012995669977));
#7290=CARTESIAN_POINT('',(-0.0250302920161276,0.0123,0.0370852951584765));
#7291=CARTESIAN_POINT('',(-0.0135462964246488,0.0123,0.0447586556906621));
#7292=CARTESIAN_POINT('',(-3.89786033480708E-18,0.0123,0.0474531815817156));
#7293=CARTESIAN_POINT('',(0.0135462964246488,0.0123,0.0447586556906621));
#7294=CARTESIAN_POINT('',(0.0250302920161276,0.0123,0.0370852951584765));
#7295=CARTESIAN_POINT('',(0.0327036525483132,0.0123,0.0256012995669977));
#7296=CARTESIAN_POINT('',(0.0353981784393667,0.0123,0.0120550031423489));
#7297=CARTESIAN_POINT('',(0.0327036525483132,0.0123,-0.00149129328229989));
#7298=CARTESIAN_POINT('',(0.0250302920161276,0.0123,-0.0129752888737788));
#7299=CARTESIAN_POINT('',(0.0135462964246487,0.0123,-0.0206486494059644));
#7300=CARTESIAN_POINT('',(2.90566182226115E-17,0.0123,-0.0233431752970178));
#7301=CARTESIAN_POINT('',(-0.0135462964246488,0.0123,-0.0206486494059643));
#7302=CARTESIAN_POINT('',(0.0012723009790601,0.016295609331244,0.0408190913761435));
#7303=CARTESIAN_POINT('',(-1.54376920495235E-7,0.0164537463346006,0.0402730797290443));
#7304=CARTESIAN_POINT('',(-0.00127168347137803,0.0162957512565761,0.0408185897076793));
#7305=CARTESIAN_POINT('',(-0.00176466352900085,0.0159728086533835,0.0420582593910065));
#7306=CARTESIAN_POINT('',(-0.00126965303038118,0.0156336887329013,0.0432917943118721));
#7307=CARTESIAN_POINT('',(-1.18219570783149E-6,0.0154505322464358,0.0438360859820669));
#7308=CARTESIAN_POINT('',(0.00126803789208781,0.0156330676171104,0.043293859663749));
#7309=CARTESIAN_POINT('',(0.00176491116437049,0.0159727101877763,0.0420587080950967));
#7310=CARTESIAN_POINT('',(0.0012723009790601,0.016295609331244,0.0408190913761435));
#7311=CARTESIAN_POINT('',(-1.54376920495235E-7,0.0164537463346006,0.0402730797290443));
#7312=CARTESIAN_POINT('',(-0.00127168347137803,0.0162957512565761,0.0408185897076793));
#7313=CARTESIAN_POINT('',(-3.96249013576106E-16,0.0164010576543634,0.040455));
#7314=CARTESIAN_POINT('',(0.0312375760904147,0.0156334824865751,0.0107848507070385));
#7315=CARTESIAN_POINT('',(0.0300002426248387,0.0159736036614349,0.0102897696605971));
#7316=CARTESIAN_POINT('',(0.0287614534102304,0.0162963371253336,0.0107860706505732));
#7317=CARTESIAN_POINT('',(0.0282187052328386,0.0164535752568649,0.0120551464441877));
#7318=CARTESIAN_POINT('',(0.0287637266077329,0.0162957075039482,0.0133276128702714));
#7319=CARTESIAN_POINT('',(0.0300059644943012,0.0159721025570004,0.0138197578922496));
#7320=CARTESIAN_POINT('',(0.0312372686480533,0.0156335247531378,0.013323323389677));
#7321=CARTESIAN_POINT('',(0.031781288504836,0.0154504694545428,0.0120566773873818));
#7322=CARTESIAN_POINT('',(0.0312375760904147,0.0156334824865751,0.0107848507070385));
#7323=CARTESIAN_POINT('',(0.0300002426248387,0.0159736036614349,0.0102897696605971));
#7324=CARTESIAN_POINT('',(0.0287614534102304,0.0162963371253336,0.0107860706505732));
#7325=CARTESIAN_POINT('',(0.0300000000000006,0.0159707057096103,0.010455));
#7326=CARTESIAN_POINT('',(0.00126992639783212,0.0156337710765774,-0.0191815099288907));
#7327=CARTESIAN_POINT('',(-8.10286630690171E-8,0.0154503604613016,-0.0197266641542983));
#7328=CARTESIAN_POINT('',(-0.00126960228317983,0.0156336717318961,-0.0191818334539161));
#7329=CARTESIAN_POINT('',(-0.00176462038750486,0.0159726423292955,-0.0179488942774823));
#7330=CARTESIAN_POINT('',(-0.00127190268849509,0.0162957266691249,-0.0167086761789456));
#7331=CARTESIAN_POINT('',(-8.64288254476508E-7,0.0164535841793382,-0.0161636721686158));
#7332=CARTESIAN_POINT('',(0.00127019238809311,0.0162962821449723,-0.0167066365373503));
#7333=CARTESIAN_POINT('',(0.0017649681457955,0.0159726917231845,-0.0179486816231325));
#7334=CARTESIAN_POINT('',(0.00126992639783212,0.0156337710765774,-0.0191815099288907));
#7335=CARTESIAN_POINT('',(-8.10286630690171E-8,0.0154503604613016,-0.0197266641542983));
#7336=CARTESIAN_POINT('',(-0.00126960228317983,0.0156336717318961,-0.0191818334539161));
#7337=CARTESIAN_POINT('',(1.14014168955997E-16,0.0155114807756117,-0.019545));
#7338=CARTESIAN_POINT('',(-0.028758864113411,0.0162970433011028,0.0107865816039761));
#7339=CARTESIAN_POINT('',(-0.0300015464517781,0.0159732339274475,0.0102897477247432));
#7340=CARTESIAN_POINT('',(-0.0312349500794766,0.0156342552467554,0.0107844274970511));
#7341=CARTESIAN_POINT('',(-0.031781039578568,0.0154505495566066,0.0120491108994313));
#7342=CARTESIAN_POINT('',(-0.0312408520123971,0.0156324440645134,0.0133215571727116));
#7343=CARTESIAN_POINT('',(-0.0300067355527772,0.0159719389227948,0.0138197263916363));
#7344=CARTESIAN_POINT('',(-0.0287673085160748,0.0162947239800092,0.0133294730833243));
#7345=CARTESIAN_POINT('',(-0.0282184729504285,0.0164536400894971,0.0120622793470548));
#7346=CARTESIAN_POINT('',(-0.028758864113411,0.0162970433011028,0.0107865816039761));
#7347=CARTESIAN_POINT('',(-0.0300015464517781,0.0159732339274475,0.0102897477247432));
#7348=CARTESIAN_POINT('',(-0.0312349500794766,0.0156342552467554,0.0107844274970511));
#7349=CARTESIAN_POINT('',(-0.0300000000000006,0.0159707057096103,0.010455));
#7350=CARTESIAN_POINT('',(0.,0.0123,0.012055));
#7351=CARTESIAN_POINT('',(0.,0.0123,0.046555));
#7352=CARTESIAN_POINT('',(-0.0119268607290832,0.0323,-0.000751248783248584));
#7353=CARTESIAN_POINT('',(-0.0128019784666979,0.0320390648795752,6.37755844369098E-5));
#7354=CARTESIAN_POINT('',(-0.014358868074086,0.0315264371713822,0.00183121477338321));
#7355=CARTESIAN_POINT('',(-0.0161672915617048,0.0308564663617453,0.00497270977308687));
#7356=CARTESIAN_POINT('',(-0.017289702171609,0.0304101124713141,0.00838512761245258));
#7357=CARTESIAN_POINT('',(-0.0178217194277574,0.0301899498015262,0.013270365519066));
#7358=CARTESIAN_POINT('',(-0.0167749704103823,0.0306299212814292,0.0180857374763535));
#7359=CARTESIAN_POINT('',(-0.0143638905689421,0.0315250132104403,0.0222714116284795));
#7360=CARTESIAN_POINT('',(-0.0128014004178197,0.0320392393062388,0.0240467691346503));
#7361=CARTESIAN_POINT('',(-0.01192686490874,0.0323000010489287,0.0248612517511682));
#7362=CARTESIAN_POINT('',(-0.0119268604418767,0.0323,0.0248612484748656));
#7363=CARTESIAN_POINT('',(0.0138318591826751,0.0323,0.00133447558422782));
#7364=CARTESIAN_POINT('',(0.0138318591826751,0.0311064126471407,0.00133447558422782));
#7365=CARTESIAN_POINT('',(0.0138318568532782,0.0287589998608135,0.0011532373101498));
#7366=CARTESIAN_POINT('',(0.0138318577907184,0.0253068234268198,0.000135780582406508));
#7367=CARTESIAN_POINT('',(0.0138318575350529,0.0222348294170063,-0.00170392832684602));
#7368=CARTESIAN_POINT('',(0.0138318575918674,0.0205652306748629,-0.00344326459638052));
#7369=CARTESIAN_POINT('',(0.0138318575918674,0.0198498060749346,-0.00440654414337135));
#7370=CARTESIAN_POINT('',(0.0138318575918674,0.019849805161357,-0.00440654323470976));
#7371=CARTESIAN_POINT('',(2.84513363888431E-18,0.019849805161357,0.0120550031423489));
#7372=CARTESIAN_POINT('',(0.0138318575918674,0.019849805161357,0.0285165432347097));
#7373=CARTESIAN_POINT('',(0.0138318575918674,0.0316934091759128,0.0227837010942299));
#7374=CARTESIAN_POINT('',(0.0138318575918674,0.0305788747707135,0.0228140106421542));
#7375=CARTESIAN_POINT('',(0.0138318575918674,0.0283579395915186,0.0230425352919329));
#7376=CARTESIAN_POINT('',(0.0138318575918674,0.0250519196008148,0.0240980422222926));
#7377=CARTESIAN_POINT('',(0.0138318575918674,0.0221163950115113,0.025926338310721));
#7378=CARTESIAN_POINT('',(0.0138318575918674,0.0205374114879074,0.0275907284439773));
#7379=CARTESIAN_POINT('',(0.0138318575918674,0.0198498086408989,0.0285165469731415));
#7380=CARTESIAN_POINT('',(0.0138318575918674,0.0316934088290352,0.0227836883389407));
#7381=CARTESIAN_POINT('',(0.0119268582268499,0.0323,0.0248612517877728));
#7382=CARTESIAN_POINT('',(0.0126160503912363,0.0320945025186835,0.0242193856595034));
#7383=CARTESIAN_POINT('',(0.0132508654299369,0.0318899043541623,0.0235273961603024));
#7384=CARTESIAN_POINT('',(0.0138318635405338,0.0316934101657066,0.0227836933980546));
#7385=CARTESIAN_POINT('',(0.0119268551414364,0.0323,0.0248612484748657));
#7386=CARTESIAN_POINT('',(0.,0.0323,0.012055));
#7387=CARTESIAN_POINT('',(-0.172544425053345,0.0723,0.0120550000000003));
#7388=CARTESIAN_POINT('',(0.0105,0.0723,0.012055));
#7389=CARTESIAN_POINT('',(0.026,0.0723,0.012055));
#7390=CARTESIAN_POINT('',(0.026,0.0556418964220151,-0.0220991737593683));
#7391=CARTESIAN_POINT('',(-0.172544425053345,0.0556418964220151,-0.0220991737593683));
#7392=CARTESIAN_POINT('',(0.027125,0.055641896422015,-0.0220991737593683));
#7393=CARTESIAN_POINT('',(0.027125,0.0723,0.0120549999999991));
#7394=CARTESIAN_POINT('',(0.027125,0.05872,-0.0234356128433984));
#7395=CARTESIAN_POINT('',(-0.0395,0.05872,-0.0234356128433984));
#7396=CARTESIAN_POINT('',(0.029375,0.05872,-0.0234356128433984));
#7397=CARTESIAN_POINT('',(0.029375,0.0723,0.0120549999999991));
#7398=CARTESIAN_POINT('',(0.029375,0.055641896422015,-0.0220991737593683));
#7399=CARTESIAN_POINT('',(-0.172544425053345,0.0556418964220151,-0.0220991737593683));
#7400=CARTESIAN_POINT('',(0.0305,0.055641896422015,-0.0220991737593683));
#7401=CARTESIAN_POINT('',(0.0305,0.0723,0.0120549999999998));
#7402=CARTESIAN_POINT('',(0.0305,0.0449650875871312,-0.0143420180774419));
#7403=CARTESIAN_POINT('',(-0.172544425053345,0.0449650875871312,-0.0143420180774418));
#7404=CARTESIAN_POINT('',(0.029375,0.0449650875871312,-0.0143420180774419));
#7405=CARTESIAN_POINT('',(0.029375,0.0722999999999985,0.0120549999999988));
#7406=CARTESIAN_POINT('',(0.029375,0.0407965722429084,-0.00919433033188837));
#7407=CARTESIAN_POINT('',(0.027125,0.0407965722429084,-0.00919433033188837));
#7408=CARTESIAN_POINT('',(0.027125,0.0407965722429084,-0.00919433033188837));
#7409=CARTESIAN_POINT('',(0.027125,0.0722999999999985,0.0120549999999988));
#7410=CARTESIAN_POINT('',(0.027125,0.0449650875871312,-0.0143420180774419));
#7411=CARTESIAN_POINT('',(-0.172544425053345,0.0449650875871312,-0.0143420180774418));
#7412=CARTESIAN_POINT('',(0.026,0.0449650875871312,-0.0143420180774419));
#7413=CARTESIAN_POINT('',(0.026,0.0723,0.012055));
#7414=CARTESIAN_POINT('',(0.026,0.0346698133878203,0.0173435778364825));
#7415=CARTESIAN_POINT('',(-0.172544425053345,0.0346698133878203,0.0173435778364826));
#7416=CARTESIAN_POINT('',(0.027125,0.0346698133878203,0.0173435778364825));
#7417=CARTESIAN_POINT('',(0.027125,0.0722999999999991,0.012055));
#7418=CARTESIAN_POINT('',(0.027125,0.0343231485732743,0.010728819125305));
#7419=CARTESIAN_POINT('',(0.027125,0.0343231485732743,0.010728819125305));
#7420=CARTESIAN_POINT('',(0.029375,0.0343231485732743,0.010728819125305));
#7421=CARTESIAN_POINT('',(0.029375,0.0722999999999991,0.012055));
#7422=CARTESIAN_POINT('',(0.029375,0.0346698133878203,0.0173435778364825));
#7423=CARTESIAN_POINT('',(-0.172544425053345,0.0346698133878203,0.0173435778364826));
#7424=CARTESIAN_POINT('',(0.0305,0.0346698133878203,0.0173435778364825));
#7425=CARTESIAN_POINT('',(0.0305,0.0723,0.012055));
#7426=CARTESIAN_POINT('',(0.0305,0.0387479914713608,0.0298949193858639));
#7427=CARTESIAN_POINT('',(-0.172544425053345,0.0387479914713608,0.0298949193858639));
#7428=CARTESIAN_POINT('',(0.029375,0.0387479914713608,0.0298949193858639));
#7429=CARTESIAN_POINT('',(0.029375,0.0722999999999983,0.0120550000000011));
#7430=CARTESIAN_POINT('',(0.029375,0.0423555913629446,0.035450136062375));
#7431=CARTESIAN_POINT('',(0.027125,0.0423555913629446,0.035450136062375));
#7432=CARTESIAN_POINT('',(0.027125,0.0423555913629446,0.035450136062375));
#7433=CARTESIAN_POINT('',(0.027125,0.0722999999999983,0.0120550000000011));
#7434=CARTESIAN_POINT('',(0.027125,0.0387479914713608,0.0298949193858639));
#7435=CARTESIAN_POINT('',(-0.172544425053345,0.0387479914713608,0.0298949193858639));
#7436=CARTESIAN_POINT('',(0.026,0.0387479914713608,0.0298949193858639));
#7437=CARTESIAN_POINT('',(0.026,0.0723,0.012055));
#7438=CARTESIAN_POINT('',(0.026,0.0657013692486567,0.0494776946144639));
#7439=CARTESIAN_POINT('',(-0.172544425053345,0.0657013692486567,0.0494776946144639));
#7440=CARTESIAN_POINT('',(0.027125,0.0657013692486567,0.0494776946144639));
#7441=CARTESIAN_POINT('',(0.027125,0.0723,0.0120550000000009));
#7442=CARTESIAN_POINT('',(0.027125,0.0593032345536246,0.0477633195898645));
#7443=CARTESIAN_POINT('',(0.027125,0.0593032345536246,0.0477633195898645));
#7444=CARTESIAN_POINT('',(0.029375,0.0593032345536246,0.0477633195898645));
#7445=CARTESIAN_POINT('',(0.029375,0.0723,0.0120550000000009));
#7446=CARTESIAN_POINT('',(0.029375,0.0657013692486567,0.0494776946144639));
#7447=CARTESIAN_POINT('',(-0.172544425053345,0.0657013692486567,0.0494776946144639));
#7448=CARTESIAN_POINT('',(0.0305,0.0657013692486567,0.0494776946144639));
#7449=CARTESIAN_POINT('',(0.0305,0.0723,0.0120550000000003));
#7450=CARTESIAN_POINT('',(0.0305,0.0788986307513434,0.0494776946144639));
#7451=CARTESIAN_POINT('',(-0.172544425053345,0.0788986307513434,0.0494776946144639));
#7452=CARTESIAN_POINT('',(0.029375,0.0788986307513434,0.0494776946144639));
#7453=CARTESIAN_POINT('',(0.029375,0.0723,0.0120550000000019));
#7454=CARTESIAN_POINT('',(0.029375,0.0852967654463754,0.0477633195898645));
#7455=CARTESIAN_POINT('',(0.027125,0.0852967654463754,0.0477633195898645));
#7456=CARTESIAN_POINT('',(0.027125,0.0852967654463754,0.0477633195898645));
#7457=CARTESIAN_POINT('',(0.027125,0.0723,0.0120550000000019));
#7458=CARTESIAN_POINT('',(0.027125,0.0788986307513434,0.0494776946144639));
#7459=CARTESIAN_POINT('',(-0.172544425053345,0.0788986307513434,0.0494776946144639));
#7460=CARTESIAN_POINT('',(0.026,0.0788986307513434,0.0494776946144639));
#7461=CARTESIAN_POINT('',(0.026,0.0723,0.012055));
#7462=CARTESIAN_POINT('',(0.026,0.105852008528639,0.0298949193858639));
#7463=CARTESIAN_POINT('',(-0.172544425053345,0.105852008528639,0.0298949193858639));
#7464=CARTESIAN_POINT('',(0.027125,0.105852008528639,0.0298949193858639));
#7465=CARTESIAN_POINT('',(0.027125,0.0723000000000008,0.0120550000000005));
#7466=CARTESIAN_POINT('',(0.027125,0.102244408637055,0.035450136062375));
#7467=CARTESIAN_POINT('',(0.027125,0.102244408637055,0.035450136062375));
#7468=CARTESIAN_POINT('',(0.029375,0.102244408637055,0.035450136062375));
#7469=CARTESIAN_POINT('',(0.029375,0.0723000000000008,0.0120550000000005));
#7470=CARTESIAN_POINT('',(0.029375,0.105852008528639,0.0298949193858639));
#7471=CARTESIAN_POINT('',(-0.172544425053345,0.105852008528639,0.0298949193858639));
#7472=CARTESIAN_POINT('',(0.0305,0.105852008528639,0.0298949193858639));
#7473=CARTESIAN_POINT('',(0.0305,0.0723,0.0120550000000001));
#7474=CARTESIAN_POINT('',(0.0305,0.10993018661218,0.0173435778364825));
#7475=CARTESIAN_POINT('',(-0.172544425053345,0.10993018661218,0.0173435778364825));
#7476=CARTESIAN_POINT('',(0.029375,0.10993018661218,0.0173435778364825));
#7477=CARTESIAN_POINT('',(0.029375,0.072300000000002,0.0120550000000001));
#7478=CARTESIAN_POINT('',(0.029375,0.110276851426726,0.010728819125305));
#7479=CARTESIAN_POINT('',(0.027125,0.110276851426726,0.010728819125305));
#7480=CARTESIAN_POINT('',(0.027125,0.110276851426726,0.010728819125305));
#7481=CARTESIAN_POINT('',(0.027125,0.072300000000002,0.0120550000000001));
#7482=CARTESIAN_POINT('',(0.027125,0.10993018661218,0.0173435778364825));
#7483=CARTESIAN_POINT('',(-0.172544425053345,0.10993018661218,0.0173435778364825));
#7484=CARTESIAN_POINT('',(0.026,0.10993018661218,0.0173435778364825));
#7485=CARTESIAN_POINT('',(0.026,0.0723,0.012055));
#7486=CARTESIAN_POINT('',(0.026,0.0996349124128687,-0.0143420180774419));
#7487=CARTESIAN_POINT('',(-0.172544425053345,0.0996349124128687,-0.0143420180774418));
#7488=CARTESIAN_POINT('',(0.027125,0.0996349124128687,-0.0143420180774419));
#7489=CARTESIAN_POINT('',(0.027125,0.0723,0.0120549999999994));
#7490=CARTESIAN_POINT('',(0.027125,0.103803427757092,-0.00919433033188838));
#7491=CARTESIAN_POINT('',(0.027125,0.103803427757092,-0.00919433033188838));
#7492=CARTESIAN_POINT('',(0.029375,0.103803427757092,-0.00919433033188838));
#7493=CARTESIAN_POINT('',(0.029375,0.0723,0.0120549999999994));
#7494=CARTESIAN_POINT('',(0.029375,0.0996349124128687,-0.0143420180774419));
#7495=CARTESIAN_POINT('',(-0.172544425053345,0.0996349124128687,-0.0143420180774418));
#7496=CARTESIAN_POINT('',(0.0305,0.0996349124128687,-0.0143420180774419));
#7497=CARTESIAN_POINT('',(0.0305,0.0723,0.0120549999999998));
#7498=CARTESIAN_POINT('',(0.0305,0.0889581035779849,-0.0220991737593683));
#7499=CARTESIAN_POINT('',(-0.172544425053345,0.0889581035779849,-0.0220991737593683));
#7500=CARTESIAN_POINT('',(0.029375,0.0889581035779849,-0.0220991737593683));
#7501=CARTESIAN_POINT('',(0.029375,0.0723,0.0120549999999982));
#7502=CARTESIAN_POINT('',(0.029375,0.08588,-0.0234356128433984));
#7503=CARTESIAN_POINT('',(-0.0395,0.08588,-0.0234356128433984));
#7504=CARTESIAN_POINT('',(0.027125,0.08588,-0.0234356128433984));
#7505=CARTESIAN_POINT('',(0.027125,0.0723,0.0120549999999982));
#7506=CARTESIAN_POINT('',(0.027125,0.0889581035779849,-0.0220991737593683));
#7507=CARTESIAN_POINT('',(-0.172544425053345,0.0889581035779849,-0.0220991737593683));
#7508=CARTESIAN_POINT('',(0.026,0.0889581035779849,-0.0220991737593683));
#7509=CARTESIAN_POINT('',(0.026,0.0723,0.012055));
#7510=CARTESIAN_POINT('',(0.0105,0.0723,0.012055));
#7511=CARTESIAN_POINT('',(0.0105,0.0346698133878203,0.0173435778364825));
#7512=CARTESIAN_POINT('',(0.166890593470325,0.0346698133878203,0.0173435778364826));
#7513=CARTESIAN_POINT('',(0.0138318575918674,0.0346698133878203,0.0173435778364825));
#7514=CARTESIAN_POINT('',(0.0138318575918674,0.0723,0.012055));
#7515=CARTESIAN_POINT('',(0.0138318575918674,0.0353302396833896,0.0208434482209537));
#7516=CARTESIAN_POINT('',(-0.172544425053345,0.0353302396833896,0.020843448220953));
#7517=CARTESIAN_POINT('',(0.0256692841649055,0.0353302396833896,0.020843448220953));
#7518=CARTESIAN_POINT('',(0.0256692841649055,0.0723,0.0120550000000003));
#7519=CARTESIAN_POINT('',(0.0256692841649055,0.0353302396833896,0.00326655177904761));
#7520=CARTESIAN_POINT('',(-0.172544425053345,0.0353302396833896,0.00326655177904761));
#7521=CARTESIAN_POINT('',(-0.172544425053345,0.0580484618156887,-0.0253200405937053));
#7522=CARTESIAN_POINT('',(0.0305,0.0580484618156887,-0.0253200405937053));
#7523=CARTESIAN_POINT('',(0.0305,0.057401898038167,-0.0262099592875177));
#7524=CARTESIAN_POINT('',(0.029375,0.0580484618156887,-0.0253200405937053));
#7525=CARTESIAN_POINT('',(0.029375,0.05872,-0.0244488136043323));
#7526=CARTESIAN_POINT('',(0.029375,0.0589536831921949,-0.025945));
#7527=CARTESIAN_POINT('',(0.166890593470325,0.05872,-0.0244488136043323));
#7528=CARTESIAN_POINT('',(0.027125,0.05872,-0.0244488136043323));
#7529=CARTESIAN_POINT('',(0.027125,0.0580484618156887,-0.0253200405937053));
#7530=CARTESIAN_POINT('',(0.027125,0.0589536831921949,-0.025945));
#7531=CARTESIAN_POINT('',(0.166890593470325,0.0589536831921949,-0.025945));
#7532=CARTESIAN_POINT('',(0.0105,0.0580484618156887,-0.0253200405937053));
#7533=CARTESIAN_POINT('',(0.015,0.0580484618156887,-0.0253200405937053));
#7534=CARTESIAN_POINT('',(0.015,0.0589340713993342,-0.0246675870203721));
#7535=CARTESIAN_POINT('',(0.166890593470325,0.0589340713993342,-0.024667587020372));
#7536=CARTESIAN_POINT('',(0.026,0.0589340713993342,-0.0246675870203721));
#7537=CARTESIAN_POINT('',(0.026,0.0580484618156887,-0.0253200405937053));
#7538=CARTESIAN_POINT('',(-0.172544425053345,0.0865515381843113,-0.0253200405937052));
#7539=CARTESIAN_POINT('',(0.0305,0.0865515381843113,-0.0253200405937053));
#7540=CARTESIAN_POINT('',(0.0305,0.087198101961833,-0.0262099592875177));
#7541=CARTESIAN_POINT('',(0.027125,0.0865515381843113,-0.0253200405937053));
#7542=CARTESIAN_POINT('',(0.027125,0.08588,-0.0244488136043323));
#7543=CARTESIAN_POINT('',(0.027125,0.0856463168078051,-0.025945));
#7544=CARTESIAN_POINT('',(0.166890593470325,0.08588,-0.0244488136043322));
#7545=CARTESIAN_POINT('',(0.029375,0.08588,-0.0244488136043323));
#7546=CARTESIAN_POINT('',(0.029375,0.0865515381843113,-0.0253200405937053));
#7547=CARTESIAN_POINT('',(0.029375,0.0856463168078051,-0.025945));
#7548=CARTESIAN_POINT('',(0.166890593470325,0.0856463168078051,-0.025945));
#7549=CARTESIAN_POINT('',(0.0105,0.0865515381843113,-0.0253200405937053));
#7550=CARTESIAN_POINT('',(0.026,0.0865515381843113,-0.0253200405937053));
#7551=CARTESIAN_POINT('',(0.026,0.0856659286006658,-0.024667587020372));
#7552=CARTESIAN_POINT('',(0.166890593470325,0.0856659286006658,-0.024667587020372));
#7553=CARTESIAN_POINT('',(0.015,0.0856659286006658,-0.0246675870203721));
#7554=CARTESIAN_POINT('',(0.015,0.0865515381843113,-0.0253200405937053));
#7555=CARTESIAN_POINT('',(0.166890593470325,0.0326892772503372,0.0176219240384026));
#7556=CARTESIAN_POINT('',(0.0105,0.0326892772503372,0.0176219240384026));
#7557=CARTESIAN_POINT('',(0.0105,0.0307087411128541,0.0179002702403227));
#7558=CARTESIAN_POINT('',(0.166890593470325,0.0307087411128541,0.0179002702403227));
#7559=CARTESIAN_POINT('',(0.0138318575918674,0.0307087411128541,0.0179002702403227));
#7560=CARTESIAN_POINT('',(0.0138318575918674,0.0581007351551003,0.0140505765334625));
#7561=CARTESIAN_POINT('',(0.166890593470325,0.032350256601625,0.01405949554851));
#7562=CARTESIAN_POINT('',(0.0138318575918674,0.032350256601625,0.01405949554851));
#7563=CARTESIAN_POINT('',(0.0138318575918674,0.032350256601625,0.01295949554851));
#7564=CARTESIAN_POINT('',(0.0105,0.032350256601625,0.01405949554851));
#7565=CARTESIAN_POINT('',(0.0105,0.032350256601625,0.01515949554851));
#7566=CARTESIAN_POINT('',(0.166890593470325,0.107617903714357,0.0308338625114357));
#7567=CARTESIAN_POINT('',(-0.038375,0.107617903714357,0.0308338625114357));
#7568=CARTESIAN_POINT('',(-0.038375,0.105852008528639,0.0298949193858639));
#7569=CARTESIAN_POINT('',(-0.038375,0.109383798900075,0.0317728056370075));
#7570=CARTESIAN_POINT('',(0.166890593470325,0.105852008528639,0.0298949193858639));
#7571=CARTESIAN_POINT('',(-0.0395,0.105852008528639,0.0298949193858639));
#7572=CARTESIAN_POINT('',(-0.0395,0.107617903714357,0.0308338625114357));
#7573=CARTESIAN_POINT('',(-0.0395,0.109383798900075,0.0317728056370075));
#7574=CARTESIAN_POINT('',(0.166890593470325,0.109383798900075,0.0317728056370075));
#7575=CARTESIAN_POINT('',(0.166890593470325,0.111910722749663,0.0176219240384026));
#7576=CARTESIAN_POINT('',(0.166890593470325,0.10993018661218,0.0173435778364825));
#7577=CARTESIAN_POINT('',(-0.038375,0.10993018661218,0.0173435778364825));
#7578=CARTESIAN_POINT('',(-0.0395,0.10993018661218,0.0173435778364825));
#7579=CARTESIAN_POINT('',(-0.038375,0.111910722749663,0.0176219240384026));
#7580=CARTESIAN_POINT('',(-0.038375,0.113891258887146,0.0179002702403227));
#7581=CARTESIAN_POINT('',(0.166890593470325,0.113891258887146,0.0179002702403227));
#7582=CARTESIAN_POINT('',(-0.0395,0.113891258887146,0.0179002702403227));
#7583=CARTESIAN_POINT('',(-0.0395,0.111910722749663,0.0176219240384026));
#7584=CARTESIAN_POINT('',(-0.035,0.0723,0.012055));
#7585=CARTESIAN_POINT('',(-0.036125,0.105396451651482,0.0379127819636777));
#7586=CARTESIAN_POINT('',(-0.036125,0.105396451651482,0.0379127819636777));
#7587=CARTESIAN_POINT('',(-0.038375,0.105396451651482,0.0379127819636777));
#7588=CARTESIAN_POINT('',(-0.038375,0.0723000000000009,0.0120550000000006));
#7589=CARTESIAN_POINT('',(-0.0395,0.0723,0.012055));
#7590=CARTESIAN_POINT('',(-0.0395,0.0795932234620111,0.0534169256265128));
#7591=CARTESIAN_POINT('',(0.166890593470325,0.0795932234620111,0.0534169256265128));
#7592=CARTESIAN_POINT('',(-0.038375,0.0795932234620111,0.0534169256265128));
#7593=CARTESIAN_POINT('',(-0.038375,0.0723,0.0120550000000009));
#7594=CARTESIAN_POINT('',(-0.038375,0.0866648460196781,0.0515220900730082));
#7595=CARTESIAN_POINT('',(-0.036125,0.0866648460196781,0.0515220900730082));
#7596=CARTESIAN_POINT('',(-0.036125,0.0866648460196781,0.0515220900730082));
#7597=CARTESIAN_POINT('',(-0.036125,0.0723,0.0120550000000009));
#7598=CARTESIAN_POINT('',(-0.036125,0.0795932234620111,0.0534169256265128));
#7599=CARTESIAN_POINT('',(0.166890593470325,0.0795932234620111,0.0534169256265128));
#7600=CARTESIAN_POINT('',(-0.035,0.0795932234620111,0.0534169256265128));
#7601=CARTESIAN_POINT('',(-0.035,0.0723,0.012055));
#7602=CARTESIAN_POINT('',(-0.035,0.109383798900075,0.0317728056370074));
#7603=CARTESIAN_POINT('',(0.166890593470325,0.109383798900075,0.0317728056370075));
#7604=CARTESIAN_POINT('',(-0.036125,0.109383798900075,0.0317728056370075));
#7605=CARTESIAN_POINT('',(-0.036125,0.0723000000000009,0.0120550000000006));
#7606=CARTESIAN_POINT('',(-0.035,0.0723,0.012055));
#7607=CARTESIAN_POINT('',(-0.038375,0.072300000000001,0.012055));
#7608=CARTESIAN_POINT('',(-0.038375,0.114274414734802,0.010589221138495));
#7609=CARTESIAN_POINT('',(-0.036125,0.114274414734802,0.010589221138495));
#7610=CARTESIAN_POINT('',(-0.036125,0.114274414734802,0.010589221138495));
#7611=CARTESIAN_POINT('',(-0.036125,0.072300000000001,0.012055));
#7612=CARTESIAN_POINT('',(-0.036125,0.113891258887146,0.0179002702403227));
#7613=CARTESIAN_POINT('',(0.166890593470325,0.113891258887146,0.0179002702403227));
#7614=CARTESIAN_POINT('',(-0.035,0.113891258887146,0.0179002702403227));
#7615=CARTESIAN_POINT('',(-0.035,0.0723,0.012055));
#7616=CARTESIAN_POINT('',(-0.035,0.102512271614223,-0.0171206515592779));
#7617=CARTESIAN_POINT('',(0.166890593470325,0.102512271614223,-0.0171206515592779));
#7618=CARTESIAN_POINT('',(-0.036125,0.102512271614223,-0.0171206515592779));
#7619=CARTESIAN_POINT('',(-0.036125,0.0723000000000008,0.0120549999999994));
#7620=CARTESIAN_POINT('',(-0.036125,0.107119578047312,-0.0114311019457714));
#7621=CARTESIAN_POINT('',(-0.036125,0.107119578047312,-0.0114311019457714));
#7622=CARTESIAN_POINT('',(-0.038375,0.107119578047312,-0.0114311019457714));
#7623=CARTESIAN_POINT('',(-0.038375,0.0723000000000008,0.0120549999999994));
#7624=CARTESIAN_POINT('',(-0.038375,0.102512271614223,-0.0171206515592779));
#7625=CARTESIAN_POINT('',(0.166890593470325,0.102512271614223,-0.0171206515592779));
#7626=CARTESIAN_POINT('',(-0.0395,0.102512271614223,-0.0171206515592779));
#7627=CARTESIAN_POINT('',(-0.0395,0.0723,0.012055));
#7628=CARTESIAN_POINT('',(0.166890593470325,0.112249743398375,0.01405949554851));
#7629=CARTESIAN_POINT('',(-0.0395,0.112249743398375,0.01405949554851));
#7630=CARTESIAN_POINT('',(-0.0395,0.1132959055663,0.0143994142423224));
#7631=CARTESIAN_POINT('',(-0.038375,0.112249743398375,0.01405949554851));
#7632=CARTESIAN_POINT('',(-0.038375,0.113349743398375,0.01405949554851));
#7633=CARTESIAN_POINT('',(0.166890593470325,0.105798234251904,0.0339151990385399));
#7634=CARTESIAN_POINT('',(-0.0395,0.105798234251904,0.0339151990385399));
#7635=CARTESIAN_POINT('',(-0.0395,0.106844396419828,0.0342551177323523));
#7636=CARTESIAN_POINT('',(-0.038375,0.105798234251904,0.0339151990385399));
#7637=CARTESIAN_POINT('',(-0.038375,0.106898234251904,0.0339151990385399));
#7638=CARTESIAN_POINT('',(-0.0395,0.0723,0.012055));
#7639=CARTESIAN_POINT('',(-0.0395,0.103441808408504,-0.0130485409663269));
#7640=CARTESIAN_POINT('',(-0.0395,0.104088372186025,-0.0139384596601393));
#7641=CARTESIAN_POINT('',(-0.0395,0.0865515381843113,-0.0253200405937053));
#7642=CARTESIAN_POINT('',(-0.0395,0.087198101961833,-0.0262099592875177));
#7643=CARTESIAN_POINT('',(-0.0395,0.032350256601625,0.01405949554851));
#7644=CARTESIAN_POINT('',(-0.0395,0.0313040944337004,0.0143994142423224));
#7645=CARTESIAN_POINT('',(-0.0395,0.0388017657480962,0.0339151990385399));
#7646=CARTESIAN_POINT('',(-0.0395,0.0377556035801715,0.0342551177323523));
#7647=CARTESIAN_POINT('',(-0.0395,0.0827387610777212,0.0506688869729823));
#7648=CARTESIAN_POINT('',(-0.0395,0.0827387610777212,0.0517688869729823));
#7649=CARTESIAN_POINT('',(-0.0395,0.0618612389222788,0.0506688869729823));
#7650=CARTESIAN_POINT('',(-0.0395,0.0618612389222788,0.0517688869729823));
#7651=CARTESIAN_POINT('',(-0.0395,0.0411581915914964,-0.0130485409663269));
#7652=CARTESIAN_POINT('',(-0.0395,0.0405116278139746,-0.0139384596601393));
#7653=CARTESIAN_POINT('',(-0.0395,0.0580484618156887,-0.0253200405937053));
#7654=CARTESIAN_POINT('',(-0.0395,0.057401898038167,-0.0262099592875177));
#7655=CARTESIAN_POINT('',(-0.0395,0.0723,0.0120550000000001));
#7656=CARTESIAN_POINT('',(-0.0395,0.101073592013546,-0.0157313348183599));
#7657=CARTESIAN_POINT('',(-0.0395,0.0996349124128687,-0.0143420180774419));
#7658=CARTESIAN_POINT('',(-0.0395,0.0723,0.0120549999999998));
#7659=CARTESIAN_POINT('',(-0.0395,0.0889581035779849,-0.0220991737593683));
#7660=CARTESIAN_POINT('',(-0.0395,0.0898348458715631,-0.0238967618519667));
#7661=CARTESIAN_POINT('',(-0.0395,0.0907115881651412,-0.025694349944565));
#7662=CARTESIAN_POINT('',(-0.0395,0.0723,0.012055));
#7663=CARTESIAN_POINT('',(-0.0395,0.0538884118348588,-0.025694349944565));
#7664=CARTESIAN_POINT('',(-0.0395,0.0547651541284369,-0.0238967618519667));
#7665=CARTESIAN_POINT('',(-0.0395,0.055641896422015,-0.0220991737593683));
#7666=CARTESIAN_POINT('',(-0.0395,0.0723,0.0120549999999998));
#7667=CARTESIAN_POINT('',(-0.0395,0.0449650875871312,-0.0143420180774419));
#7668=CARTESIAN_POINT('',(-0.0395,0.0435264079864539,-0.0157313348183599));
#7669=CARTESIAN_POINT('',(-0.0395,0.0420877283857767,-0.0171206515592779));
#7670=CARTESIAN_POINT('',(-0.0395,0.0723,0.012055));
#7671=CARTESIAN_POINT('',(-0.0395,0.0307087411128541,0.0179002702403227));
#7672=CARTESIAN_POINT('',(-0.0395,0.0326892772503371,0.0176219240384026));
#7673=CARTESIAN_POINT('',(-0.0395,0.0346698133878203,0.0173435778364825));
#7674=CARTESIAN_POINT('',(-0.0395,0.0723,0.012055));
#7675=CARTESIAN_POINT('',(-0.0395,0.0387479914713608,0.0298949193858639));
#7676=CARTESIAN_POINT('',(-0.0395,0.0369820962856429,0.0308338625114357));
#7677=CARTESIAN_POINT('',(-0.0395,0.035216201099925,0.0317728056370074));
#7678=CARTESIAN_POINT('',(-0.0395,0.0723,0.012055));
#7679=CARTESIAN_POINT('',(-0.0395,0.0650067765379889,0.0534169256265128));
#7680=CARTESIAN_POINT('',(-0.0395,0.0653540728933228,0.0514473101204884));
#7681=CARTESIAN_POINT('',(-0.0395,0.0657013692486567,0.0494776946144639));
#7682=CARTESIAN_POINT('',(-0.0395,0.0723,0.0120550000000003));
#7683=CARTESIAN_POINT('',(-0.0395,0.0788986307513434,0.0494776946144639));
#7684=CARTESIAN_POINT('',(-0.0395,0.0792459271066772,0.0514473101204884));
#7685=CARTESIAN_POINT('',(-0.035,0.0723,0.012055));
#7686=CARTESIAN_POINT('',(-0.035,0.0827387610777212,0.0506688869729823));
#7687=CARTESIAN_POINT('',(-0.035,0.0827387610777212,0.0517688869729823));
#7688=CARTESIAN_POINT('',(-0.035,0.0723,0.012055));
#7689=CARTESIAN_POINT('',(-0.035,0.0788986307513434,0.0494776946144639));
#7690=CARTESIAN_POINT('',(-0.035,0.105852008528639,0.0298949193858639));
#7691=CARTESIAN_POINT('',(-0.035,0.0723,0.012055));
#7692=CARTESIAN_POINT('',(-0.035,0.0723,0.012055));
#7693=CARTESIAN_POINT('',(-0.035,0.105798234251904,0.0339151990385399));
#7694=CARTESIAN_POINT('',(-0.035,0.105798234251904,0.0350151990385399));
#7695=CARTESIAN_POINT('',(-0.035,0.0723,0.012055));
#7696=CARTESIAN_POINT('',(-0.035,0.112249743398375,0.01405949554851));
#7697=CARTESIAN_POINT('',(-0.035,0.112249743398375,0.01515949554851));
#7698=CARTESIAN_POINT('',(-0.035,0.103441808408504,-0.0130485409663269));
#7699=CARTESIAN_POINT('',(-0.035,0.103441808408504,-0.0119485409663269));
#7700=CARTESIAN_POINT('',(-0.035,0.0723,0.012055));
#7701=CARTESIAN_POINT('',(-0.035,0.10993018661218,0.0173435778364825));
#7702=CARTESIAN_POINT('',(-0.035,0.0723,0.012055));
#7703=CARTESIAN_POINT('',(-0.035,0.0996349124128687,-0.0143420180774419));
#7704=CARTESIAN_POINT('',(-0.035,0.0723,0.012055));
#7705=CARTESIAN_POINT('',(0.166890593470325,0.101073592013546,-0.0157313348183599));
#7706=CARTESIAN_POINT('',(-0.038375,0.101073592013546,-0.0157313348183599));
#7707=CARTESIAN_POINT('',(-0.038375,0.0996349124128687,-0.0143420180774419));
#7708=CARTESIAN_POINT('',(0.166890593470325,0.0996349124128687,-0.0143420180774418));
#7709=CARTESIAN_POINT('',(0.166890593470325,0.0898348458715631,-0.0238967618519666));
#7710=CARTESIAN_POINT('',(0.166890593470325,0.0889581035779849,-0.0220991737593683));
#7711=CARTESIAN_POINT('',(-0.038375,0.0889581035779849,-0.0220991737593683));
#7712=CARTESIAN_POINT('',(-0.038375,0.0898348458715631,-0.0238967618519667));
#7713=CARTESIAN_POINT('',(-0.038375,0.0907115881651412,-0.025694349944565));
#7714=CARTESIAN_POINT('',(0.166890593470325,0.0907115881651412,-0.0256943499445649));
#7715=CARTESIAN_POINT('',(-0.035,0.0723,0.012055));
#7716=CARTESIAN_POINT('',(-0.038375,0.0723,0.0120549999999991));
#7717=CARTESIAN_POINT('',(-0.038375,0.083876768944314,-0.0283179912294094));
#7718=CARTESIAN_POINT('',(-0.036125,0.083876768944314,-0.0283179912294094));
#7719=CARTESIAN_POINT('',(-0.036125,0.083876768944314,-0.0283179912294094));
#7720=CARTESIAN_POINT('',(-0.036125,0.0723,0.0120549999999991));
#7721=CARTESIAN_POINT('',(-0.036125,0.0907115881651412,-0.025694349944565));
#7722=CARTESIAN_POINT('',(0.166890593470325,0.0907115881651412,-0.0256943499445649));
#7723=CARTESIAN_POINT('',(-0.035,0.0907115881651412,-0.025694349944565));
#7724=CARTESIAN_POINT('',(-0.035,0.0723,0.012055));
#7725=CARTESIAN_POINT('',(-0.035,0.0538884118348587,-0.025694349944565));
#7726=CARTESIAN_POINT('',(0.166890593470325,0.0538884118348588,-0.0256943499445649));
#7727=CARTESIAN_POINT('',(-0.036125,0.0538884118348588,-0.025694349944565));
#7728=CARTESIAN_POINT('',(-0.036125,0.0723,0.012054999999999));
#7729=CARTESIAN_POINT('',(-0.036125,0.060723231055686,-0.0283179912294094));
#7730=CARTESIAN_POINT('',(-0.036125,0.060723231055686,-0.0283179912294094));
#7731=CARTESIAN_POINT('',(-0.038375,0.060723231055686,-0.0283179912294094));
#7732=CARTESIAN_POINT('',(-0.038375,0.0723,0.012054999999999));
#7733=CARTESIAN_POINT('',(-0.038375,0.0538884118348588,-0.025694349944565));
#7734=CARTESIAN_POINT('',(0.166890593470325,0.0538884118348588,-0.0256943499445649));
#7735=CARTESIAN_POINT('',(-0.172544425053345,0.0865515381843113,-0.0253200405937052));
#7736=CARTESIAN_POINT('',(-0.038375,0.0865515381843113,-0.0253200405937053));
#7737=CARTESIAN_POINT('',(-0.038375,0.0865515381843113,-0.0264200405937053));
#7738=CARTESIAN_POINT('',(0.166890593470325,0.103441808408504,-0.0130485409663268));
#7739=CARTESIAN_POINT('',(-0.038375,0.103441808408504,-0.0130485409663269));
#7740=CARTESIAN_POINT('',(-0.038375,0.103441808408504,-0.0141485409663269));
#7741=CARTESIAN_POINT('',(-0.035,0.0723,0.012055));
#7742=CARTESIAN_POINT('',(-0.035,0.0865515381843113,-0.0253200405937053));
#7743=CARTESIAN_POINT('',(-0.035,0.0865515381843113,-0.0242200405937052));
#7744=CARTESIAN_POINT('',(-0.035,0.06172,-0.0234356128433984));
#7745=CARTESIAN_POINT('',(-0.035,0.05872,-0.0234356128433984));
#7746=CARTESIAN_POINT('',(-0.035,0.0723,0.012055));
#7747=CARTESIAN_POINT('',(-0.035,0.055641896422015,-0.0220991737593683));
#7748=CARTESIAN_POINT('',(-0.035,0.0723,0.012055));
#7749=CARTESIAN_POINT('',(-0.035,0.0723,0.012055));
#7750=CARTESIAN_POINT('',(-0.035,0.0889581035779849,-0.0220991737593683));
#7751=CARTESIAN_POINT('',(-0.035,0.0723,0.012055));
#7752=CARTESIAN_POINT('',(-0.035,0.08588,-0.0234356128433984));
#7753=CARTESIAN_POINT('',(-0.035,0.08288,-0.0234356128433984));
#7754=CARTESIAN_POINT('',(-0.035,0.0856463168078051,-0.0234356128433984));
#7755=CARTESIAN_POINT('',(-0.035,0.0856463168078051,-0.020945));
#7756=CARTESIAN_POINT('',(0.166890593470325,0.0547651541284369,-0.0238967618519666));
#7757=CARTESIAN_POINT('',(-0.038375,0.0547651541284369,-0.0238967618519667));
#7758=CARTESIAN_POINT('',(-0.038375,0.055641896422015,-0.0220991737593683));
#7759=CARTESIAN_POINT('',(0.166890593470325,0.0556418964220151,-0.0220991737593683));
#7760=CARTESIAN_POINT('',(0.166890593470325,0.0435264079864539,-0.0157313348183599));
#7761=CARTESIAN_POINT('',(0.166890593470325,0.0449650875871312,-0.0143420180774418));
#7762=CARTESIAN_POINT('',(-0.038375,0.0449650875871312,-0.0143420180774419));
#7763=CARTESIAN_POINT('',(-0.038375,0.0435264079864539,-0.0157313348183599));
#7764=CARTESIAN_POINT('',(-0.038375,0.0420877283857767,-0.0171206515592779));
#7765=CARTESIAN_POINT('',(0.166890593470325,0.0420877283857767,-0.0171206515592779));
#7766=CARTESIAN_POINT('',(-0.035,0.0723,0.012055));
#7767=CARTESIAN_POINT('',(-0.038375,0.0722999999999992,0.0120549999999994));
#7768=CARTESIAN_POINT('',(-0.038375,0.0374804219526882,-0.0114311019457714));
#7769=CARTESIAN_POINT('',(-0.036125,0.0374804219526882,-0.0114311019457714));
#7770=CARTESIAN_POINT('',(-0.036125,0.0374804219526882,-0.0114311019457714));
#7771=CARTESIAN_POINT('',(-0.036125,0.0722999999999992,0.0120549999999994));
#7772=CARTESIAN_POINT('',(-0.036125,0.0420877283857767,-0.0171206515592779));
#7773=CARTESIAN_POINT('',(0.166890593470325,0.0420877283857767,-0.0171206515592779));
#7774=CARTESIAN_POINT('',(-0.035,0.0420877283857767,-0.0171206515592779));
#7775=CARTESIAN_POINT('',(-0.035,0.0723,0.012055));
#7776=CARTESIAN_POINT('',(-0.035,0.0307087411128541,0.0179002702403227));
#7777=CARTESIAN_POINT('',(0.166890593470325,0.0307087411128541,0.0179002702403227));
#7778=CARTESIAN_POINT('',(-0.036125,0.0307087411128541,0.0179002702403227));
#7779=CARTESIAN_POINT('',(-0.036125,0.072299999999999,0.012055));
#7780=CARTESIAN_POINT('',(-0.036125,0.030325585265198,0.010589221138495));
#7781=CARTESIAN_POINT('',(-0.036125,0.030325585265198,0.010589221138495));
#7782=CARTESIAN_POINT('',(-0.038375,0.030325585265198,0.010589221138495));
#7783=CARTESIAN_POINT('',(-0.038375,0.072299999999999,0.012055));
#7784=CARTESIAN_POINT('',(-0.038375,0.0307087411128541,0.0179002702403227));
#7785=CARTESIAN_POINT('',(0.166890593470325,0.0307087411128541,0.0179002702403227));
#7786=CARTESIAN_POINT('',(-0.172544425053345,0.0580484618156887,-0.0253200405937053));
#7787=CARTESIAN_POINT('',(-0.038375,0.0580484618156887,-0.0253200405937053));
#7788=CARTESIAN_POINT('',(-0.038375,0.0580484618156887,-0.0264200405937053));
#7789=CARTESIAN_POINT('',(0.166890593470325,0.0411581915914964,-0.0130485409663268));
#7790=CARTESIAN_POINT('',(-0.038375,0.0411581915914964,-0.0130485409663269));
#7791=CARTESIAN_POINT('',(-0.038375,0.0411581915914964,-0.0141485409663269));
#7792=CARTESIAN_POINT('',(-0.035,0.0723,0.012055));
#7793=CARTESIAN_POINT('',(-0.035,0.0411581915914964,-0.0130485409663269));
#7794=CARTESIAN_POINT('',(-0.035,0.0411581915914964,-0.0119485409663269));
#7795=CARTESIAN_POINT('',(-0.035,0.032350256601625,0.01405949554851));
#7796=CARTESIAN_POINT('',(-0.035,0.032350256601625,0.01515949554851));
#7797=CARTESIAN_POINT('',(-0.035,0.0723,0.012055));
#7798=CARTESIAN_POINT('',(-0.035,0.0449650875871312,-0.0143420180774419));
#7799=CARTESIAN_POINT('',(-0.035,0.0723,0.012055));
#7800=CARTESIAN_POINT('',(-0.035,0.0346698133878203,0.0173435778364825));
#7801=CARTESIAN_POINT('',(-0.035,0.0723,0.012055));
#7802=CARTESIAN_POINT('',(-0.0395,0.05872,-0.0246903064216992));
#7803=CARTESIAN_POINT('',(0.029375,0.05872,0.012055));
#7804=CARTESIAN_POINT('',(0.027125,0.05872,0.012055));
#7805=CARTESIAN_POINT('',(-0.0045,0.0589961695674068,-0.0244969737058031));
#7806=CARTESIAN_POINT('',(0.026,0.0593903448877792,-0.0234139859137737));
#7807=CARTESIAN_POINT('',(0.026,0.0594,-0.0233874587109646));
#7808=CARTESIAN_POINT('',(0.015,0.0593903448877792,-0.0234139859137737));
#7809=CARTESIAN_POINT('',(0.015,0.0594,-0.0233874587109646));
#7810=CARTESIAN_POINT('',(-0.0045,0.0594,-0.0233874587109646));
#7811=CARTESIAN_POINT('',(-0.0395,0.07909,-0.025945));
#7812=CARTESIAN_POINT('',(0.027125,0.0723,-0.025945));
#7813=CARTESIAN_POINT('',(0.027125,0.0614036753411653,-0.025945));
#7814=CARTESIAN_POINT('',(0.027125,0.0614036753411653,-0.025945));
#7815=CARTESIAN_POINT('',(0.029375,0.0614036753411653,-0.025945));
#7816=CARTESIAN_POINT('',(0.029375,0.0723,-0.025945));
#7817=CARTESIAN_POINT('',(0.026,0.0723,0.012055));
#7818=CARTESIAN_POINT('',(0.026,0.0852096551122208,-0.0234139859137737));
#7819=CARTESIAN_POINT('',(0.026,0.0852,-0.0233874587109646));
#7820=CARTESIAN_POINT('',(0.026,0.0723,0.012055));
#7821=CARTESIAN_POINT('',(0.026,0.0907115881651412,-0.025694349944565));
#7822=CARTESIAN_POINT('',(0.026,0.0723,0.0120550000000001));
#7823=CARTESIAN_POINT('',(0.026,0.0538884118348588,-0.025694349944565));
#7824=CARTESIAN_POINT('',(0.026,0.0723,0.012055));
#7825=CARTESIAN_POINT('',(0.026,0.0594,-0.0128476168659981));
#7826=CARTESIAN_POINT('',(0.026,0.0594,-0.0236883909974977));
#7827=CARTESIAN_POINT('',(0.026,0.0723,0.012054999999998));
#7828=CARTESIAN_POINT('',(0.026,0.0651433527402841,-0.025265));
#7829=CARTESIAN_POINT('',(0.026,0.0723,-0.025265));
#7830=CARTESIAN_POINT('',(0.026,0.0794566472597159,-0.025265));
#7831=CARTESIAN_POINT('',(0.026,0.0723,0.012054999999998));
#7832=CARTESIAN_POINT('',(0.026,0.0852,-0.0236883909974977));
#7833=CARTESIAN_POINT('',(0.026,0.0852,-0.0128476168659981));
#7834=CARTESIAN_POINT('',(0.0305,0.0723,0.012055));
#7835=CARTESIAN_POINT('',(0.0305,0.0411581915914964,-0.0130485409663269));
#7836=CARTESIAN_POINT('',(0.0305,0.0405116278139746,-0.0139384596601393));
#7837=CARTESIAN_POINT('',(0.0305,0.032350256601625,0.01405949554851));
#7838=CARTESIAN_POINT('',(0.0305,0.0313040944337004,0.0143994142423224));
#7839=CARTESIAN_POINT('',(0.0305,0.0388017657480962,0.0339151990385399));
#7840=CARTESIAN_POINT('',(0.0305,0.0377556035801715,0.0342551177323523));
#7841=CARTESIAN_POINT('',(0.0305,0.0618612389222788,0.0506688869729823));
#7842=CARTESIAN_POINT('',(0.0305,0.0618612389222788,0.0517688869729823));
#7843=CARTESIAN_POINT('',(0.0305,0.0827387610777212,0.0506688869729823));
#7844=CARTESIAN_POINT('',(0.0305,0.0827387610777212,0.0517688869729823));
#7845=CARTESIAN_POINT('',(0.0305,0.105798234251904,0.0339151990385399));
#7846=CARTESIAN_POINT('',(0.0305,0.106844396419828,0.0342551177323523));
#7847=CARTESIAN_POINT('',(0.0305,0.103441808408504,-0.0130485409663269));
#7848=CARTESIAN_POINT('',(0.0305,0.104088372186025,-0.0139384596601393));
#7849=CARTESIAN_POINT('',(0.0305,0.112249743398375,0.01405949554851));
#7850=CARTESIAN_POINT('',(0.0305,0.1132959055663,0.0143994142423224));
#7851=CARTESIAN_POINT('',(0.0305,0.0547651541284369,-0.0238967618519667));
#7852=CARTESIAN_POINT('',(0.0305,0.0538884118348588,-0.025694349944565));
#7853=CARTESIAN_POINT('',(0.0305,0.0723,0.0120550000000001));
#7854=CARTESIAN_POINT('',(0.0305,0.0907115881651412,-0.025694349944565));
#7855=CARTESIAN_POINT('',(0.0305,0.0898348458715631,-0.0238967618519667));
#7856=CARTESIAN_POINT('',(0.0305,0.101073592013546,-0.0157313348183599));
#7857=CARTESIAN_POINT('',(0.0305,0.102512271614223,-0.0171206515592779));
#7858=CARTESIAN_POINT('',(0.0305,0.0723,0.0120550000000001));
#7859=CARTESIAN_POINT('',(0.0305,0.113891258887146,0.0179002702403227));
#7860=CARTESIAN_POINT('',(0.0305,0.111910722749663,0.0176219240384026));
#7861=CARTESIAN_POINT('',(0.0305,0.107617903714357,0.0308338625114357));
#7862=CARTESIAN_POINT('',(0.0305,0.109383798900075,0.0317728056370075));
#7863=CARTESIAN_POINT('',(0.0305,0.0723,0.0120550000000001));
#7864=CARTESIAN_POINT('',(0.0305,0.0795932234620111,0.0534169256265128));
#7865=CARTESIAN_POINT('',(0.0305,0.0792459271066772,0.0514473101204884));
#7866=CARTESIAN_POINT('',(0.0305,0.0653540728933228,0.0514473101204884));
#7867=CARTESIAN_POINT('',(0.0305,0.0650067765379889,0.0534169256265128));
#7868=CARTESIAN_POINT('',(0.0305,0.0723,0.0120550000000001));
#7869=CARTESIAN_POINT('',(0.0305,0.035216201099925,0.0317728056370074));
#7870=CARTESIAN_POINT('',(0.0305,0.0369820962856429,0.0308338625114357));
#7871=CARTESIAN_POINT('',(0.0305,0.0326892772503371,0.0176219240384026));
#7872=CARTESIAN_POINT('',(0.0305,0.0307087411128541,0.0179002702403227));
#7873=CARTESIAN_POINT('',(0.0305,0.0723,0.0120550000000001));
#7874=CARTESIAN_POINT('',(0.0305,0.0420877283857767,-0.0171206515592779));
#7875=CARTESIAN_POINT('',(0.0305,0.0435264079864539,-0.0157313348183599));
#7876=CARTESIAN_POINT('',(0.0305,0.0723,0.012054999999998));
#7877=CARTESIAN_POINT('',(0.0305,0.0651433527402841,-0.025265));
#7878=CARTESIAN_POINT('',(0.0305,0.0594,-0.0236883909974977));
#7879=CARTESIAN_POINT('',(0.0305,0.0594,-0.0128476168659981));
#7880=CARTESIAN_POINT('',(0.0305,0.0594,-0.001865));
#7881=CARTESIAN_POINT('',(0.0305,0.0723,-0.001865));
#7882=CARTESIAN_POINT('',(0.0305,0.0852,-0.001865));
#7883=CARTESIAN_POINT('',(0.0305,0.0852,-0.0128476168659981));
#7884=CARTESIAN_POINT('',(0.0305,0.0852,-0.0236883909974977));
#7885=CARTESIAN_POINT('',(0.0305,0.0723,0.012054999999998));
#7886=CARTESIAN_POINT('',(0.0305,0.0794566472597159,-0.025265));
#7887=CARTESIAN_POINT('',(0.0305,0.0723,-0.025265));
#7888=CARTESIAN_POINT('',(0.0305,0.0723,0.012055));
#7889=CARTESIAN_POINT('',(0.0305,0.0723,0.021555));
#7890=CARTESIAN_POINT('',(0.166890593470325,0.0369820962856429,0.0308338625114357));
#7891=CARTESIAN_POINT('',(0.166890593470325,0.0387479914713608,0.0298949193858639));
#7892=CARTESIAN_POINT('',(-0.038375,0.0387479914713608,0.0298949193858639));
#7893=CARTESIAN_POINT('',(-0.038375,0.0369820962856429,0.0308338625114357));
#7894=CARTESIAN_POINT('',(-0.038375,0.035216201099925,0.0317728056370074));
#7895=CARTESIAN_POINT('',(0.166890593470325,0.0352162010999251,0.0317728056370075));
#7896=CARTESIAN_POINT('',(0.166890593470325,0.0326892772503372,0.0176219240384026));
#7897=CARTESIAN_POINT('',(-0.038375,0.0326892772503371,0.0176219240384026));
#7898=CARTESIAN_POINT('',(-0.038375,0.0346698133878203,0.0173435778364825));
#7899=CARTESIAN_POINT('',(0.166890593470325,0.0346698133878203,0.0173435778364826));
#7900=CARTESIAN_POINT('',(-0.035,0.0723,0.012055));
#7901=CARTESIAN_POINT('',(-0.038375,0.0722999999999992,0.0120550000000005));
#7902=CARTESIAN_POINT('',(-0.038375,0.0392035483485177,0.0379127819636777));
#7903=CARTESIAN_POINT('',(-0.036125,0.0392035483485177,0.0379127819636777));
#7904=CARTESIAN_POINT('',(-0.036125,0.0392035483485177,0.0379127819636777));
#7905=CARTESIAN_POINT('',(-0.036125,0.0722999999999992,0.0120550000000005));
#7906=CARTESIAN_POINT('',(-0.036125,0.035216201099925,0.0317728056370074));
#7907=CARTESIAN_POINT('',(0.166890593470325,0.0352162010999251,0.0317728056370075));
#7908=CARTESIAN_POINT('',(-0.035,0.0352162010999251,0.0317728056370074));
#7909=CARTESIAN_POINT('',(-0.035,0.0723,0.012055));
#7910=CARTESIAN_POINT('',(-0.035,0.0650067765379889,0.0534169256265127));
#7911=CARTESIAN_POINT('',(0.166890593470325,0.0650067765379889,0.0534169256265128));
#7912=CARTESIAN_POINT('',(-0.036125,0.0650067765379889,0.0534169256265128));
#7913=CARTESIAN_POINT('',(-0.036125,0.0723,0.012055000000001));
#7914=CARTESIAN_POINT('',(-0.036125,0.0579351539803219,0.0515220900730082));
#7915=CARTESIAN_POINT('',(-0.036125,0.0579351539803219,0.0515220900730082));
#7916=CARTESIAN_POINT('',(-0.038375,0.0579351539803219,0.0515220900730082));
#7917=CARTESIAN_POINT('',(-0.038375,0.0723,0.012055000000001));
#7918=CARTESIAN_POINT('',(-0.038375,0.0650067765379889,0.0534169256265128));
#7919=CARTESIAN_POINT('',(0.166890593470325,0.0650067765379889,0.0534169256265128));
#7920=CARTESIAN_POINT('',(0.166890593470325,0.0388017657480962,0.0339151990385399));
#7921=CARTESIAN_POINT('',(-0.038375,0.0388017657480962,0.0339151990385399));
#7922=CARTESIAN_POINT('',(-0.038375,0.0399017657480962,0.0339151990385399));
#7923=CARTESIAN_POINT('',(0.166890593470325,0.032350256601625,0.01405949554851));
#7924=CARTESIAN_POINT('',(-0.038375,0.032350256601625,0.01405949554851));
#7925=CARTESIAN_POINT('',(-0.038375,0.033450256601625,0.01405949554851));
#7926=CARTESIAN_POINT('',(-0.035,0.0723,0.012055));
#7927=CARTESIAN_POINT('',(-0.035,0.0388017657480962,0.0339151990385399));
#7928=CARTESIAN_POINT('',(-0.035,0.0388017657480962,0.0350151990385399));
#7929=CARTESIAN_POINT('',(-0.035,0.0618612389222788,0.0506688869729823));
#7930=CARTESIAN_POINT('',(-0.035,0.0618612389222788,0.0517688869729823));
#7931=CARTESIAN_POINT('',(-0.035,0.0723,0.012055));
#7932=CARTESIAN_POINT('',(-0.035,0.0387479914713608,0.0298949193858639));
#7933=CARTESIAN_POINT('',(-0.035,0.0723,0.012055));
#7934=CARTESIAN_POINT('',(-0.035,0.0657013692486567,0.0494776946144639));
#7935=CARTESIAN_POINT('',(-0.035,0.0723,0.012055));
#7936=CARTESIAN_POINT('',(0.,0.110302,0.012055));
#7937=CARTESIAN_POINT('',(0.0119268572998759,0.032300000936855,0.0248612514011087));
#7938=CARTESIAN_POINT('',(0.0114699872300304,0.0324362265432364,0.0252867486021991));
#7939=CARTESIAN_POINT('',(0.0109942894311446,0.0325709519753166,0.0256842829266416));
#7940=CARTESIAN_POINT('',(0.0105,0.0327020202535533,0.026055));
#7941=CARTESIAN_POINT('',(0.0105,0.0327020202535534,0.026055));
#7942=CARTESIAN_POINT('',(0.0105,0.0327020202535533,0.026055));
#7943=CARTESIAN_POINT('',(0.00889817785087518,0.0331267674925162,0.0272563666118436));
#7944=CARTESIAN_POINT('',(0.00614846826938112,0.0337138827927811,0.0286593554312237));
#7945=CARTESIAN_POINT('',(0.00216458219114148,0.0340987584639784,0.0295112068957695));
#7946=CARTESIAN_POINT('',(-0.00197984018703463,0.0341681956290467,0.0296582393859699));
#7947=CARTESIAN_POINT('',(-0.00702143313758208,0.0336135517536552,0.0284702988579685));
#7948=CARTESIAN_POINT('',(-0.0104457881170177,0.032741613573073,0.0262406175350231));
#7949=CARTESIAN_POINT('',(-0.0119268604418766,0.0323,0.0248612484748656));
#7950=CARTESIAN_POINT('',(0.0197505708783865,0.0353302396833896,-0.203044425053345));
#7951=CARTESIAN_POINT('',(0.0138318575918674,0.0353302396833896,-0.203044425053345));
#7952=CARTESIAN_POINT('',(0.0256692841649055,0.0353302396833896,-0.203044425053345));
#7953=CARTESIAN_POINT('',(0.0138318575918674,0.0275900224223733,-0.203044425053345));
#7954=CARTESIAN_POINT('',(0.0138318575918674,0.0723,0.012055));
#7955=CARTESIAN_POINT('',(0.0138318575918674,0.019849805161357,-0.203044425053345));
#7956=CARTESIAN_POINT('',(0.166890593470325,0.0792459271066772,0.0514473101204884));
#7957=CARTESIAN_POINT('',(0.166890593470325,0.0788986307513434,0.0494776946144639));
#7958=CARTESIAN_POINT('',(-0.038375,0.0788986307513434,0.0494776946144639));
#7959=CARTESIAN_POINT('',(-0.038375,0.0792459271066772,0.0514473101204884));
#7960=CARTESIAN_POINT('',(0.166890593470325,0.0653540728933228,0.0514473101204884));
#7961=CARTESIAN_POINT('',(-0.038375,0.0653540728933228,0.0514473101204884));
#7962=CARTESIAN_POINT('',(-0.038375,0.0657013692486567,0.0494776946144639));
#7963=CARTESIAN_POINT('',(0.166890593470325,0.0657013692486567,0.0494776946144639));
#7964=CARTESIAN_POINT('',(0.166890593470325,0.0827387610777212,0.0506688869729823));
#7965=CARTESIAN_POINT('',(-0.038375,0.0827387610777212,0.0506688869729823));
#7966=CARTESIAN_POINT('',(-0.038375,0.0827387610777212,0.0495688869729823));
#7967=CARTESIAN_POINT('',(0.166890593470325,0.0618612389222788,0.0506688869729823));
#7968=CARTESIAN_POINT('',(-0.038375,0.0618612389222788,0.0506688869729823));
#7969=CARTESIAN_POINT('',(-0.038375,0.0618612389222788,0.0495688869729823));
#7970=CARTESIAN_POINT('',(0.026,0.0852,-0.0128476168659981));
#7971=CARTESIAN_POINT('',(0.0105,0.0852,-0.0128476168659981));
#7972=CARTESIAN_POINT('',(0.0105,0.0852,-0.025265));
#7973=CARTESIAN_POINT('',(0.026,0.0852,-0.025265));
#7974=CARTESIAN_POINT('',(0.015,0.0852,-0.025265));
#7975=CARTESIAN_POINT('',(0.015,0.0852,-0.0128476168659981));
#7976=CARTESIAN_POINT('',(0.015,0.0852,-0.0233874587109646));
#7977=CARTESIAN_POINT('',(-0.0045,0.0852,-0.0233874587109646));
#7978=CARTESIAN_POINT('',(0.026,0.0852,-0.0236883909974977));
#7979=CARTESIAN_POINT('',(0.027125,0.0852,-0.0236883909974977));
#7980=CARTESIAN_POINT('',(0.027125,0.0852,0.012055));
#7981=CARTESIAN_POINT('',(0.027125,0.0852,-0.024865));
#7982=CARTESIAN_POINT('',(0.026,0.0852,-0.024865));
#7983=CARTESIAN_POINT('',(0.029375,0.0852,-0.024865));
#7984=CARTESIAN_POINT('',(0.029375,0.0852,0.012055));
#7985=CARTESIAN_POINT('',(0.029375,0.0852,-0.0236883909974977));
#7986=CARTESIAN_POINT('',(0.026,0.0852,-0.0236883909974977));
#7987=CARTESIAN_POINT('',(0.026,0.0852,-0.001865));
#7988=CARTESIAN_POINT('',(0.0295,0.0852,-0.001865));
#7989=CARTESIAN_POINT('',(0.0295,0.0852,-0.0128476168659981));
#7990=CARTESIAN_POINT('',(0.0295,0.0852,0.021635));
#7991=CARTESIAN_POINT('',(0.026,0.0852,0.021635));
#7992=CARTESIAN_POINT('',(-0.0095,0.0852,0.021635));
#7993=CARTESIAN_POINT('',(-0.0095,0.0852,-0.0128476168659981));
#7994=CARTESIAN_POINT('',(0.026,0.0594,-0.0128476168659981));
#7995=CARTESIAN_POINT('',(0.026,0.0594,-0.025265));
#7996=CARTESIAN_POINT('',(0.0105,0.0594,-0.025265));
#7997=CARTESIAN_POINT('',(0.015,0.0594,-0.025265));
#7998=CARTESIAN_POINT('',(0.0105,0.0594,-0.0128476168659981));
#7999=CARTESIAN_POINT('',(-0.0095,0.0594,-0.0128476168659981));
#8000=CARTESIAN_POINT('',(-0.0095,0.0594,0.021635));
#8001=CARTESIAN_POINT('',(0.026,0.0594,0.021635));
#8002=CARTESIAN_POINT('',(0.0295,0.0594,0.021635));
#8003=CARTESIAN_POINT('',(0.0295,0.0594,-0.0128476168659981));
#8004=CARTESIAN_POINT('',(0.0295,0.0594,-0.001865));
#8005=CARTESIAN_POINT('',(0.026,0.0594,-0.001865));
#8006=CARTESIAN_POINT('',(0.026,0.0594,-0.0236883909974977));
#8007=CARTESIAN_POINT('',(0.029375,0.0594,-0.0236883909974977));
#8008=CARTESIAN_POINT('',(0.029375,0.0594,0.012055));
#8009=CARTESIAN_POINT('',(0.029375,0.0594,-0.024865));
#8010=CARTESIAN_POINT('',(0.026,0.0594,-0.024865));
#8011=CARTESIAN_POINT('',(0.027125,0.0594,-0.024865));
#8012=CARTESIAN_POINT('',(0.027125,0.0594,0.012055));
#8013=CARTESIAN_POINT('',(0.027125,0.0594,-0.0236883909974977));
#8014=CARTESIAN_POINT('',(0.026,0.0594,-0.0236883909974977));
#8015=CARTESIAN_POINT('',(0.015,0.0594,-0.0128476168659981));
#8016=CARTESIAN_POINT('',(0.026,0.0723,-0.025265));
#8017=CARTESIAN_POINT('',(0.0105,0.0723,-0.025265));
#8018=CARTESIAN_POINT('',(0.015,0.0723,-0.025265));
#8019=CARTESIAN_POINT('',(0.026,0.0578,-0.0128476168659981));
#8020=CARTESIAN_POINT('',(-0.0095,0.0578,-0.0128476168659981));
#8021=CARTESIAN_POINT('',(-0.0095,0.0578,0.023635));
#8022=CARTESIAN_POINT('',(0.0285,0.0578,-0.0128476168659981));
#8023=CARTESIAN_POINT('',(0.0285,0.0578,0.023635));
#8024=CARTESIAN_POINT('',(0.026,0.0578,0.023635));
#8025=CARTESIAN_POINT('',(0.026,0.0868,-0.0128476168659981));
#8026=CARTESIAN_POINT('',(-0.0095,0.0868,-0.0128476168659981));
#8027=CARTESIAN_POINT('',(-0.0095,0.0868,0.023635));
#8028=CARTESIAN_POINT('',(0.026,0.0868,0.023635));
#8029=CARTESIAN_POINT('',(0.0285,0.0868,0.023635));
#8030=CARTESIAN_POINT('',(0.0285,0.0868,-0.0128476168659981));
#8031=CARTESIAN_POINT('',(0.0295,0.0723,0.021635));
#8032=CARTESIAN_POINT('',(-0.0095,0.0723,0.021635));
#8033=CARTESIAN_POINT('',(0.0295,0.0723,0.021635));
#8034=CARTESIAN_POINT('',(-0.172544425053345,0.0723,0.0120550000000003));
#8035=CARTESIAN_POINT('',(-0.0346692841649056,0.0723,0.0120550000000003));
#8036=CARTESIAN_POINT('',(-0.0346692841649056,0.0353302396833896,0.00326655177904761));
#8037=CARTESIAN_POINT('',(-0.0346692841649056,0.0353302396833896,0.020843448220953));
#8038=CARTESIAN_POINT('',(-0.172544425053345,0.0353302396833896,0.020843448220953));
#8039=CARTESIAN_POINT('',(-0.0228318575918675,0.0353302396833896,0.020843448220953));
#8040=CARTESIAN_POINT('',(-0.0228318575918675,0.0723,0.0120550000000003));
#8041=CARTESIAN_POINT('',(-0.0228318575918675,0.0353302396833896,0.00326655177904761));
#8042=CARTESIAN_POINT('',(-0.172544425053345,0.0353302396833896,0.00326655177904761));
#8043=CARTESIAN_POINT('',(-0.0395,0.05872,-0.0234356128433984));
#8044=CARTESIAN_POINT('',(-0.0195,0.05872,-0.0234356128433984));
#8045=CARTESIAN_POINT('',(-0.0195,0.0723,0.012055));
#8046=CARTESIAN_POINT('',(-0.0195,0.0589536831921949,0.0476341487765756));
#8047=CARTESIAN_POINT('',(-0.0195,0.0723,0.012055));
#8048=CARTESIAN_POINT('',(-0.0195,0.0723,0.0120550000000003));
#8049=CARTESIAN_POINT('',(-0.0195,0.08588,-0.0234356128433984));
#8050=CARTESIAN_POINT('',(-0.0395,0.08588,-0.0234356128433984));
#8051=CARTESIAN_POINT('',(0.166890593470325,0.0889581035779849,-0.0220991737593683));
#8052=CARTESIAN_POINT('',(-0.036125,0.0889581035779849,-0.0220991737593683));
#8053=CARTESIAN_POINT('',(-0.036125,0.0723,0.0120549999999982));
#8054=CARTESIAN_POINT('',(-0.036125,0.082774219521046,-0.0244729444456561));
#8055=CARTESIAN_POINT('',(-0.036125,0.082774219521046,-0.0244729444456561));
#8056=CARTESIAN_POINT('',(-0.038375,0.082774219521046,-0.0244729444456561));
#8057=CARTESIAN_POINT('',(-0.038375,0.0723,0.0120549999999982));
#8058=CARTESIAN_POINT('',(-0.038375,0.0723,0.0120549999999994));
#8059=CARTESIAN_POINT('',(-0.038375,0.103803427757092,-0.00919433033188838));
#8060=CARTESIAN_POINT('',(-0.036125,0.103803427757092,-0.00919433033188838));
#8061=CARTESIAN_POINT('',(-0.036125,0.103803427757092,-0.00919433033188838));
#8062=CARTESIAN_POINT('',(-0.036125,0.0723,0.0120549999999994));
#8063=CARTESIAN_POINT('',(-0.036125,0.0996349124128687,-0.0143420180774419));
#8064=CARTESIAN_POINT('',(0.166890593470325,0.0996349124128687,-0.0143420180774418));
#8065=CARTESIAN_POINT('',(0.166890593470325,0.10993018661218,0.0173435778364825));
#8066=CARTESIAN_POINT('',(-0.036125,0.10993018661218,0.0173435778364825));
#8067=CARTESIAN_POINT('',(-0.036125,0.072300000000002,0.0120550000000001));
#8068=CARTESIAN_POINT('',(-0.036125,0.110276851426726,0.010728819125305));
#8069=CARTESIAN_POINT('',(-0.036125,0.110276851426726,0.010728819125305));
#8070=CARTESIAN_POINT('',(-0.038375,0.110276851426726,0.010728819125305));
#8071=CARTESIAN_POINT('',(-0.038375,0.072300000000002,0.0120550000000001));
#8072=CARTESIAN_POINT('',(-0.038375,0.0723000000000008,0.0120550000000005));
#8073=CARTESIAN_POINT('',(-0.038375,0.102244408637055,0.035450136062375));
#8074=CARTESIAN_POINT('',(-0.036125,0.102244408637055,0.035450136062375));
#8075=CARTESIAN_POINT('',(-0.036125,0.102244408637055,0.035450136062375));
#8076=CARTESIAN_POINT('',(-0.036125,0.0723000000000008,0.0120550000000005));
#8077=CARTESIAN_POINT('',(-0.036125,0.105852008528639,0.0298949193858639));
#8078=CARTESIAN_POINT('',(0.166890593470325,0.105852008528639,0.0298949193858639));
#8079=CARTESIAN_POINT('',(0.166890593470325,0.0788986307513434,0.0494776946144639));
#8080=CARTESIAN_POINT('',(-0.036125,0.0788986307513434,0.0494776946144639));
#8081=CARTESIAN_POINT('',(-0.036125,0.0723,0.0120550000000019));
#8082=CARTESIAN_POINT('',(-0.036125,0.0852967654463754,0.0477633195898645));
#8083=CARTESIAN_POINT('',(-0.036125,0.0852967654463754,0.0477633195898645));
#8084=CARTESIAN_POINT('',(-0.038375,0.0852967654463754,0.0477633195898645));
#8085=CARTESIAN_POINT('',(-0.038375,0.0723,0.0120550000000019));
#8086=CARTESIAN_POINT('',(-0.038375,0.0723,0.0120550000000009));
#8087=CARTESIAN_POINT('',(-0.038375,0.0593032345536246,0.0477633195898645));
#8088=CARTESIAN_POINT('',(-0.036125,0.0593032345536246,0.0477633195898645));
#8089=CARTESIAN_POINT('',(-0.036125,0.0593032345536246,0.0477633195898645));
#8090=CARTESIAN_POINT('',(-0.036125,0.0723,0.0120550000000009));
#8091=CARTESIAN_POINT('',(-0.036125,0.0657013692486567,0.0494776946144639));
#8092=CARTESIAN_POINT('',(0.166890593470325,0.0657013692486567,0.0494776946144639));
#8093=CARTESIAN_POINT('',(0.166890593470325,0.0387479914713608,0.0298949193858639));
#8094=CARTESIAN_POINT('',(-0.036125,0.0387479914713608,0.0298949193858639));
#8095=CARTESIAN_POINT('',(-0.036125,0.0722999999999983,0.0120550000000011));
#8096=CARTESIAN_POINT('',(-0.036125,0.0423555913629446,0.035450136062375));
#8097=CARTESIAN_POINT('',(-0.036125,0.0423555913629446,0.035450136062375));
#8098=CARTESIAN_POINT('',(-0.038375,0.0423555913629446,0.035450136062375));
#8099=CARTESIAN_POINT('',(-0.038375,0.0722999999999983,0.0120550000000011));
#8100=CARTESIAN_POINT('',(-0.038375,0.0722999999999991,0.012055));
#8101=CARTESIAN_POINT('',(-0.038375,0.0343231485732743,0.010728819125305));
#8102=CARTESIAN_POINT('',(-0.036125,0.0343231485732743,0.010728819125305));
#8103=CARTESIAN_POINT('',(-0.036125,0.0343231485732743,0.010728819125305));
#8104=CARTESIAN_POINT('',(-0.036125,0.0722999999999991,0.012055));
#8105=CARTESIAN_POINT('',(-0.036125,0.0346698133878203,0.0173435778364825));
#8106=CARTESIAN_POINT('',(0.166890593470325,0.0346698133878203,0.0173435778364826));
#8107=CARTESIAN_POINT('',(0.166890593470325,0.0449650875871312,-0.0143420180774418));
#8108=CARTESIAN_POINT('',(-0.036125,0.0449650875871312,-0.0143420180774419));
#8109=CARTESIAN_POINT('',(-0.036125,0.0722999999999985,0.0120549999999988));
#8110=CARTESIAN_POINT('',(-0.036125,0.0407965722429084,-0.00919433033188837));
#8111=CARTESIAN_POINT('',(-0.036125,0.0407965722429084,-0.00919433033188837));
#8112=CARTESIAN_POINT('',(-0.038375,0.0407965722429084,-0.00919433033188837));
#8113=CARTESIAN_POINT('',(-0.038375,0.0722999999999985,0.0120549999999988));
#8114=CARTESIAN_POINT('',(-0.038375,0.0723,0.0120549999999991));
#8115=CARTESIAN_POINT('',(-0.038375,0.061825780478954,-0.0244729444456561));
#8116=CARTESIAN_POINT('',(-0.036125,0.061825780478954,-0.0244729444456561));
#8117=CARTESIAN_POINT('',(-0.036125,0.061825780478954,-0.0244729444456561));
#8118=CARTESIAN_POINT('',(-0.036125,0.0723,0.0120549999999991));
#8119=CARTESIAN_POINT('',(-0.036125,0.055641896422015,-0.0220991737593683));
#8120=CARTESIAN_POINT('',(0.166890593470325,0.0556418964220151,-0.0220991737593683));
#8121=CARTESIAN_POINT('',(-0.0395,0.08588,-0.0246903064216993));
#8122=CARTESIAN_POINT('',(0.027125,0.08588,0.012055));
#8123=CARTESIAN_POINT('',(0.029375,0.08588,0.012055));
#8124=CARTESIAN_POINT('',(0.026,0.0723,-0.025265));
#8125=CARTESIAN_POINT('',(0.026,0.0651433527402841,-0.025265));
#8126=CARTESIAN_POINT('',(0.026,0.0794566472597159,-0.025265));
#8127=CARTESIAN_POINT('',(-0.0395,0.07909,-0.025945));
#8128=CARTESIAN_POINT('',(0.027125,0.0723,-0.025945));
#8129=CARTESIAN_POINT('',(0.027125,0.0831963246588347,-0.025945));
#8130=CARTESIAN_POINT('',(0.029375,0.0723,-0.025945));
#8131=CARTESIAN_POINT('',(0.029375,0.0831963246588347,-0.025945));
#8132=CARTESIAN_POINT('',(0.027125,0.0831963246588347,-0.025945));
#8133=CARTESIAN_POINT('',(0.026,0.0723,0.012055));
#8134=CARTESIAN_POINT('',(0.026,0.112249743398375,0.01405949554851));
#8135=CARTESIAN_POINT('',(0.026,0.112249743398375,0.01515949554851));
#8136=CARTESIAN_POINT('',(0.026,0.103441808408504,-0.0130485409663269));
#8137=CARTESIAN_POINT('',(0.026,0.103441808408504,-0.0119485409663269));
#8138=CARTESIAN_POINT('',(0.026,0.0723,0.012055));
#8139=CARTESIAN_POINT('',(0.026,0.102512271614223,-0.0171206515592779));
#8140=CARTESIAN_POINT('',(0.026,0.0723,0.012055));
#8141=CARTESIAN_POINT('',(0.026,0.113891258887146,0.0179002702403227));
#8142=CARTESIAN_POINT('',(0.026,0.0723,0.0120550000000001));
#8143=CARTESIAN_POINT('',(0.026,0.0723,0.012055));
#8144=CARTESIAN_POINT('',(0.026,0.0827387610777212,0.0506688869729823));
#8145=CARTESIAN_POINT('',(0.026,0.0827387610777212,0.0517688869729823));
#8146=CARTESIAN_POINT('',(0.026,0.105798234251904,0.0339151990385399));
#8147=CARTESIAN_POINT('',(0.026,0.105798234251904,0.0350151990385399));
#8148=CARTESIAN_POINT('',(0.026,0.0723,0.012055));
#8149=CARTESIAN_POINT('',(0.026,0.109383798900075,0.0317728056370075));
#8150=CARTESIAN_POINT('',(0.026,0.0723,0.012055));
#8151=CARTESIAN_POINT('',(0.026,0.0795932234620111,0.0534169256265128));
#8152=CARTESIAN_POINT('',(0.026,0.0723,0.0120550000000001));
#8153=CARTESIAN_POINT('',(0.026,0.0723,0.012055));
#8154=CARTESIAN_POINT('',(0.026,0.0618612389222788,0.0506688869729823));
#8155=CARTESIAN_POINT('',(0.026,0.0618612389222788,0.0517688869729823));
#8156=CARTESIAN_POINT('',(0.026,0.0388017657480962,0.0339151990385399));
#8157=CARTESIAN_POINT('',(0.026,0.0388017657480962,0.0350151990385399));
#8158=CARTESIAN_POINT('',(0.026,0.0723,0.012055));
#8159=CARTESIAN_POINT('',(0.026,0.0650067765379889,0.0534169256265128));
#8160=CARTESIAN_POINT('',(0.026,0.0723,0.012055));
#8161=CARTESIAN_POINT('',(0.026,0.035216201099925,0.0317728056370075));
#8162=CARTESIAN_POINT('',(0.026,0.0723,0.0120550000000001));
#8163=CARTESIAN_POINT('',(0.026,0.0723,0.012055));
#8164=CARTESIAN_POINT('',(0.026,0.0411581915914964,-0.0130485409663269));
#8165=CARTESIAN_POINT('',(0.026,0.0411581915914964,-0.0119485409663269));
#8166=CARTESIAN_POINT('',(0.026,0.032350256601625,0.01405949554851));
#8167=CARTESIAN_POINT('',(0.026,0.032350256601625,0.01515949554851));
#8168=CARTESIAN_POINT('',(0.026,0.0723,0.012055));
#8169=CARTESIAN_POINT('',(0.026,0.0307087411128541,0.0179002702403227));
#8170=CARTESIAN_POINT('',(0.026,0.0723,0.012055));
#8171=CARTESIAN_POINT('',(0.026,0.0420877283857767,-0.0171206515592779));
#8172=CARTESIAN_POINT('',(0.026,0.0723,0.0120550000000001));
#8173=CARTESIAN_POINT('',(0.027125,0.0723,0.012055));
#8174=CARTESIAN_POINT('',(0.027125,0.0547651541284369,-0.0238967618519667));
#8175=CARTESIAN_POINT('',(0.027125,0.0538884118348588,-0.025694349944565));
#8176=CARTESIAN_POINT('',(0.027125,0.0723,0.012054999999999));
#8177=CARTESIAN_POINT('',(0.027125,0.0607232310556861,-0.0283179912294091));
#8178=CARTESIAN_POINT('',(0.027125,0.06127450576732,-0.0263954678375328));
#8179=CARTESIAN_POINT('',(0.029375,0.0723,0.012055));
#8180=CARTESIAN_POINT('',(0.029375,0.06127450576732,-0.0263954678375328));
#8181=CARTESIAN_POINT('',(0.029375,0.060723231055686,-0.0283179912294094));
#8182=CARTESIAN_POINT('',(0.029375,0.0723,0.012054999999999));
#8183=CARTESIAN_POINT('',(0.029375,0.0538884118348588,-0.025694349944565));
#8184=CARTESIAN_POINT('',(0.029375,0.0547651541284369,-0.0238967618519667));
#8185=CARTESIAN_POINT('',(0.027125,0.06127450576732,-0.0263954678375328));
#8186=CARTESIAN_POINT('',(0.027125,0.060723231055686,-0.0283179912294094));
#8187=CARTESIAN_POINT('',(0.027125,0.08332549423268,-0.0263954678375328));
#8188=CARTESIAN_POINT('',(0.029375,0.08332549423268,-0.0263954678375328));
#8189=CARTESIAN_POINT('',(0.029375,0.0838767689443139,-0.0283179912294091));
#8190=CARTESIAN_POINT('',(0.027125,0.083876768944314,-0.0283179912294094));
#8191=CARTESIAN_POINT('',(0.027125,0.083876768944314,-0.0283179912294094));
#8192=CARTESIAN_POINT('',(0.027125,0.08332549423268,-0.0263954678375328));
#8193=CARTESIAN_POINT('',(0.027125,0.0723,0.012055));
#8194=CARTESIAN_POINT('',(0.027125,0.08332549423268,-0.0263954678375328));
#8195=CARTESIAN_POINT('',(0.027125,0.082774219521046,-0.0244729444456561));
#8196=CARTESIAN_POINT('',(0.027125,0.0828866396422152,-0.024865));
#8197=CARTESIAN_POINT('',(0.027125,0.0723,-0.024865));
#8198=CARTESIAN_POINT('',(0.027125,0.0723,0.0120549999999982));
#8199=CARTESIAN_POINT('',(0.029375,0.0723,0.012055));
#8200=CARTESIAN_POINT('',(0.029375,0.0723,-0.024865));
#8201=CARTESIAN_POINT('',(0.029375,0.0828866396422152,-0.024865));
#8202=CARTESIAN_POINT('',(0.029375,0.08332549423268,-0.0263954678375328));
#8203=CARTESIAN_POINT('',(0.029375,0.082774219521046,-0.0244729444456561));
#8204=CARTESIAN_POINT('',(0.029375,0.0723,0.0120549999999982));
#8205=CARTESIAN_POINT('',(0.026,0.0723,-0.001865));
#8206=CARTESIAN_POINT('',(0.0295,0.0723,-0.001865));
#8207=CARTESIAN_POINT('',(-0.172544425053345,0.107617903714357,0.0308338625114357));
#8208=CARTESIAN_POINT('',(0.029375,0.107617903714357,0.0308338625114357));
#8209=CARTESIAN_POINT('',(0.029375,0.109383798900075,0.0317728056370075));
#8210=CARTESIAN_POINT('',(-0.172544425053345,0.109383798900075,0.0317728056370075));
#8211=CARTESIAN_POINT('',(-0.172544425053345,0.111910722749663,0.0176219240384026));
#8212=CARTESIAN_POINT('',(0.029375,0.111910722749663,0.0176219240384026));
#8213=CARTESIAN_POINT('',(0.029375,0.113891258887146,0.0179002702403227));
#8214=CARTESIAN_POINT('',(-0.172544425053345,0.113891258887146,0.0179002702403227));
#8215=CARTESIAN_POINT('',(0.026,0.0723,0.0120550000000001));
#8216=CARTESIAN_POINT('',(0.029375,0.0723000000000009,0.0120550000000006));
#8217=CARTESIAN_POINT('',(0.029375,0.105396451651482,0.0379127819636777));
#8218=CARTESIAN_POINT('',(0.027125,0.105396451651482,0.0379127819636777));
#8219=CARTESIAN_POINT('',(0.027125,0.105396451651482,0.0379127819636776));
#8220=CARTESIAN_POINT('',(0.027125,0.0723000000000009,0.0120550000000006));
#8221=CARTESIAN_POINT('',(0.027125,0.109383798900075,0.0317728056370075));
#8222=CARTESIAN_POINT('',(-0.172544425053345,0.109383798900075,0.0317728056370075));
#8223=CARTESIAN_POINT('',(-0.172544425053345,0.0795932234620111,0.0534169256265128));
#8224=CARTESIAN_POINT('',(0.027125,0.0795932234620111,0.0534169256265128));
#8225=CARTESIAN_POINT('',(0.027125,0.0723,0.0120550000000009));
#8226=CARTESIAN_POINT('',(0.027125,0.0866648460196781,0.0515220900730082));
#8227=CARTESIAN_POINT('',(0.027125,0.0866648460196781,0.0515220900730082));
#8228=CARTESIAN_POINT('',(0.029375,0.0866648460196781,0.0515220900730082));
#8229=CARTESIAN_POINT('',(0.029375,0.0723,0.0120550000000009));
#8230=CARTESIAN_POINT('',(0.029375,0.0795932234620111,0.0534169256265128));
#8231=CARTESIAN_POINT('',(-0.172544425053345,0.0795932234620111,0.0534169256265128));
#8232=CARTESIAN_POINT('',(0.026,0.0723,0.0120550000000001));
#8233=CARTESIAN_POINT('',(0.029375,0.072300000000001,0.012055));
#8234=CARTESIAN_POINT('',(0.029375,0.114274414734802,0.010589221138495));
#8235=CARTESIAN_POINT('',(-0.172544425053345,0.102512271614223,-0.0171206515592779));
#8236=CARTESIAN_POINT('',(0.029375,0.102512271614223,-0.0171206515592779));
#8237=CARTESIAN_POINT('',(0.029375,0.0723000000000008,0.0120549999999994));
#8238=CARTESIAN_POINT('',(0.029375,0.107119578047312,-0.0114311019457714));
#8239=CARTESIAN_POINT('',(0.027125,0.107119578047312,-0.0114311019457714));
#8240=CARTESIAN_POINT('',(0.027125,0.107119578047312,-0.0114311019457713));
#8241=CARTESIAN_POINT('',(0.027125,0.0723000000000008,0.0120549999999994));
#8242=CARTESIAN_POINT('',(0.027125,0.102512271614223,-0.0171206515592779));
#8243=CARTESIAN_POINT('',(-0.172544425053345,0.102512271614223,-0.0171206515592779));
#8244=CARTESIAN_POINT('',(-0.172544425053345,0.113891258887146,0.0179002702403227));
#8245=CARTESIAN_POINT('',(0.027125,0.113891258887146,0.0179002702403227));
#8246=CARTESIAN_POINT('',(0.027125,0.072300000000001,0.012055));
#8247=CARTESIAN_POINT('',(0.027125,0.114274414734802,0.010589221138495));
#8248=CARTESIAN_POINT('',(0.027125,0.114274414734802,0.010589221138495));
#8249=CARTESIAN_POINT('',(-0.172544425053345,0.112249743398375,0.01405949554851));
#8250=CARTESIAN_POINT('',(0.029375,0.112249743398375,0.01405949554851));
#8251=CARTESIAN_POINT('',(0.029375,0.111149743398375,0.01405949554851));
#8252=CARTESIAN_POINT('',(-0.172544425053345,0.105798234251904,0.0339151990385399));
#8253=CARTESIAN_POINT('',(0.029375,0.105798234251904,0.0339151990385399));
#8254=CARTESIAN_POINT('',(0.029375,0.104698234251904,0.0339151990385399));
#8255=CARTESIAN_POINT('',(-0.172544425053345,0.101073592013546,-0.0157313348183599));
#8256=CARTESIAN_POINT('',(0.029375,0.101073592013546,-0.0157313348183599));
#8257=CARTESIAN_POINT('',(-0.172544425053345,0.0898348458715631,-0.0238967618519666));
#8258=CARTESIAN_POINT('',(0.029375,0.0898348458715631,-0.0238967618519667));
#8259=CARTESIAN_POINT('',(0.029375,0.0907115881651412,-0.025694349944565));
#8260=CARTESIAN_POINT('',(-0.172544425053345,0.0907115881651412,-0.0256943499445649));
#8261=CARTESIAN_POINT('',(0.026,0.0723,0.0120550000000001));
#8262=CARTESIAN_POINT('',(0.029375,0.0723,0.0120549999999991));
#8263=CARTESIAN_POINT('',(-0.172544425053345,0.0538884118348588,-0.0256943499445649));
#8264=CARTESIAN_POINT('',(-0.172544425053345,0.0538884118348588,-0.0256943499445649));
#8265=CARTESIAN_POINT('',(-0.172544425053345,0.0907115881651412,-0.0256943499445649));
#8266=CARTESIAN_POINT('',(0.027125,0.0907115881651412,-0.025694349944565));
#8267=CARTESIAN_POINT('',(0.027125,0.0723,0.0120549999999991));
#8268=CARTESIAN_POINT('',(0.026,0.0723,0.012054999999998));
#8269=CARTESIAN_POINT('',(0.027125,0.082774219521046,-0.0244729444456561));
#8270=CARTESIAN_POINT('',(-0.172544425053345,0.103441808408504,-0.0130485409663268));
#8271=CARTESIAN_POINT('',(0.029375,0.103441808408504,-0.0130485409663269));
#8272=CARTESIAN_POINT('',(0.029375,0.103441808408504,-0.0119485409663269));
#8273=CARTESIAN_POINT('',(-0.172544425053345,0.0547651541284369,-0.0238967618519666));
#8274=CARTESIAN_POINT('',(-0.172544425053345,0.0435264079864539,-0.0157313348183599));
#8275=CARTESIAN_POINT('',(0.029375,0.0435264079864539,-0.0157313348183599));
#8276=CARTESIAN_POINT('',(0.029375,0.0420877283857767,-0.0171206515592779));
#8277=CARTESIAN_POINT('',(-0.172544425053345,0.0420877283857767,-0.0171206515592779));
#8278=CARTESIAN_POINT('',(0.026,0.0723,0.0120550000000001));
#8279=CARTESIAN_POINT('',(0.029375,0.0722999999999992,0.0120549999999994));
#8280=CARTESIAN_POINT('',(0.029375,0.0374804219526884,-0.0114311019457713));
#8281=CARTESIAN_POINT('',(-0.172544425053345,0.0307087411128541,0.0179002702403227));
#8282=CARTESIAN_POINT('',(0.029375,0.0307087411128541,0.0179002702403227));
#8283=CARTESIAN_POINT('',(0.029375,0.072299999999999,0.012055));
#8284=CARTESIAN_POINT('',(0.029375,0.030325585265198,0.010589221138495));
#8285=CARTESIAN_POINT('',(0.027125,0.030325585265198,0.010589221138495));
#8286=CARTESIAN_POINT('',(0.027125,0.0303255852651981,0.010589221138495));
#8287=CARTESIAN_POINT('',(0.027125,0.072299999999999,0.012055));
#8288=CARTESIAN_POINT('',(0.027125,0.0307087411128541,0.0179002702403227));
#8289=CARTESIAN_POINT('',(-0.172544425053345,0.0307087411128541,0.0179002702403227));
#8290=CARTESIAN_POINT('',(-0.172544425053345,0.0420877283857767,-0.0171206515592779));
#8291=CARTESIAN_POINT('',(0.027125,0.0420877283857767,-0.0171206515592779));
#8292=CARTESIAN_POINT('',(0.027125,0.0722999999999992,0.0120549999999994));
#8293=CARTESIAN_POINT('',(0.027125,0.0374804219526882,-0.0114311019457714));
#8294=CARTESIAN_POINT('',(0.027125,0.0374804219526882,-0.0114311019457714));
#8295=CARTESIAN_POINT('',(0.026,0.0723,0.012054999999998));
#8296=CARTESIAN_POINT('',(0.027125,0.061825780478954,-0.0244729444456561));
#8297=CARTESIAN_POINT('',(0.027125,0.061825780478954,-0.0244729444456561));
#8298=CARTESIAN_POINT('',(0.029375,0.061825780478954,-0.0244729444456561));
#8299=CARTESIAN_POINT('',(0.029375,0.0723,0.0120549999999991));
#8300=CARTESIAN_POINT('',(0.027125,0.0723,0.0120549999999991));
#8301=CARTESIAN_POINT('',(-0.172544425053345,0.0411581915914964,-0.0130485409663268));
#8302=CARTESIAN_POINT('',(0.029375,0.0411581915914964,-0.0130485409663269));
#8303=CARTESIAN_POINT('',(0.029375,0.0411581915914964,-0.0119485409663269));
#8304=CARTESIAN_POINT('',(-0.172544425053345,0.0326892772503372,0.0176219240384026));
#8305=CARTESIAN_POINT('',(0.029375,0.0326892772503371,0.0176219240384026));
#8306=CARTESIAN_POINT('',(-0.172544425053345,0.0369820962856429,0.0308338625114357));
#8307=CARTESIAN_POINT('',(0.029375,0.0369820962856429,0.0308338625114357));
#8308=CARTESIAN_POINT('',(0.029375,0.035216201099925,0.0317728056370074));
#8309=CARTESIAN_POINT('',(-0.172544425053345,0.0352162010999251,0.0317728056370075));
#8310=CARTESIAN_POINT('',(0.026,0.0723,0.0120550000000001));
#8311=CARTESIAN_POINT('',(0.029375,0.0722999999999992,0.0120550000000005));
#8312=CARTESIAN_POINT('',(0.029375,0.0392035483485177,0.0379127819636776));
#8313=CARTESIAN_POINT('',(-0.172544425053345,0.0650067765379889,0.0534169256265128));
#8314=CARTESIAN_POINT('',(0.029375,0.0650067765379889,0.0534169256265128));
#8315=CARTESIAN_POINT('',(0.029375,0.0723,0.012055000000001));
#8316=CARTESIAN_POINT('',(0.029375,0.0579351539803219,0.0515220900730082));
#8317=CARTESIAN_POINT('',(0.027125,0.0579351539803219,0.0515220900730082));
#8318=CARTESIAN_POINT('',(0.027125,0.0579351539803219,0.0515220900730082));
#8319=CARTESIAN_POINT('',(0.027125,0.0723,0.012055000000001));
#8320=CARTESIAN_POINT('',(0.027125,0.0650067765379889,0.0534169256265128));
#8321=CARTESIAN_POINT('',(-0.172544425053345,0.0650067765379889,0.0534169256265128));
#8322=CARTESIAN_POINT('',(-0.172544425053345,0.0352162010999251,0.0317728056370075));
#8323=CARTESIAN_POINT('',(0.027125,0.035216201099925,0.0317728056370074));
#8324=CARTESIAN_POINT('',(0.027125,0.0722999999999992,0.0120550000000005));
#8325=CARTESIAN_POINT('',(0.027125,0.0392035483485177,0.0379127819636777));
#8326=CARTESIAN_POINT('',(0.027125,0.0392035483485177,0.0379127819636777));
#8327=CARTESIAN_POINT('',(-0.172544425053345,0.0388017657480962,0.0339151990385399));
#8328=CARTESIAN_POINT('',(0.029375,0.0388017657480962,0.0339151990385399));
#8329=CARTESIAN_POINT('',(0.029375,0.0377017657480962,0.0339151990385399));
#8330=CARTESIAN_POINT('',(-0.172544425053345,0.032350256601625,0.01405949554851));
#8331=CARTESIAN_POINT('',(0.029375,0.032350256601625,0.01405949554851));
#8332=CARTESIAN_POINT('',(0.029375,0.0312502566016251,0.01405949554851));
#8333=CARTESIAN_POINT('',(-0.172544425053345,0.0653540728933228,0.0514473101204884));
#8334=CARTESIAN_POINT('',(0.029375,0.0653540728933228,0.0514473101204884));
#8335=CARTESIAN_POINT('',(-0.172544425053345,0.0792459271066772,0.0514473101204884));
#8336=CARTESIAN_POINT('',(0.029375,0.0792459271066772,0.0514473101204884));
#8337=CARTESIAN_POINT('',(-0.172544425053345,0.0827387610777212,0.0506688869729823));
#8338=CARTESIAN_POINT('',(0.029375,0.0827387610777212,0.0506688869729823));
#8339=CARTESIAN_POINT('',(0.029375,0.0827387610777212,0.0517688869729823));
#8340=CARTESIAN_POINT('',(-0.172544425053345,0.0618612389222788,0.0506688869729823));
#8341=CARTESIAN_POINT('',(0.029375,0.0618612389222788,0.0506688869729823));
#8342=CARTESIAN_POINT('',(0.029375,0.0618612389222788,0.0517688869729823));
#8343=CARTESIAN_POINT('',(-0.172544425053345,0.0653540728933228,0.0514473101204884));
#8344=CARTESIAN_POINT('',(0.027125,0.0653540728933228,0.0514473101204884));
#8345=CARTESIAN_POINT('',(-0.172544425053345,0.0792459271066772,0.0514473101204884));
#8346=CARTESIAN_POINT('',(0.027125,0.0792459271066772,0.0514473101204884));
#8347=CARTESIAN_POINT('',(-0.172544425053345,0.0827387610777212,0.0506688869729823));
#8348=CARTESIAN_POINT('',(0.027125,0.0827387610777212,0.0506688869729823));
#8349=CARTESIAN_POINT('',(0.027125,0.0827387610777212,0.0517688869729823));
#8350=CARTESIAN_POINT('',(-0.172544425053345,0.0618612389222788,0.0506688869729823));
#8351=CARTESIAN_POINT('',(0.027125,0.0618612389222788,0.0506688869729823));
#8352=CARTESIAN_POINT('',(0.027125,0.0618612389222788,0.0517688869729823));
#8353=CARTESIAN_POINT('',(0.027125,0.0723,0.012055));
#8354=CARTESIAN_POINT('',(0.027125,0.0586191942669733,0.0496427048314364));
#8355=CARTESIAN_POINT('',(0.029375,0.0723,0.012055));
#8356=CARTESIAN_POINT('',(0.029375,0.0586191942669733,0.0496427048314364));
#8357=CARTESIAN_POINT('',(0.027125,0.0586191942669733,0.0496427048314364));
#8358=CARTESIAN_POINT('',(0.027125,0.0859808057330267,0.0496427048314364));
#8359=CARTESIAN_POINT('',(0.029375,0.0859808057330267,0.0496427048314364));
#8360=CARTESIAN_POINT('',(0.027125,0.0859808057330267,0.0496427048314364));
#8361=CARTESIAN_POINT('',(0.027125,0.0723,0.012055));
#8362=CARTESIAN_POINT('',(0.029375,0.0723,0.012055));
#8363=CARTESIAN_POINT('',(-0.172544425053345,0.0326892772503372,0.0176219240384026));
#8364=CARTESIAN_POINT('',(0.027125,0.0326892772503371,0.0176219240384026));
#8365=CARTESIAN_POINT('',(-0.172544425053345,0.0369820962856429,0.0308338625114357));
#8366=CARTESIAN_POINT('',(0.027125,0.0369820962856429,0.0308338625114357));
#8367=CARTESIAN_POINT('',(-0.172544425053345,0.0388017657480962,0.0339151990385399));
#8368=CARTESIAN_POINT('',(0.027125,0.0388017657480962,0.0339151990385399));
#8369=CARTESIAN_POINT('',(0.027125,0.0377017657480962,0.0339151990385399));
#8370=CARTESIAN_POINT('',(-0.172544425053345,0.032350256601625,0.01405949554851));
#8371=CARTESIAN_POINT('',(0.027125,0.032350256601625,0.01405949554851));
#8372=CARTESIAN_POINT('',(0.027125,0.0312502566016251,0.01405949554851));
#8373=CARTESIAN_POINT('',(0.027125,0.0723,0.012055));
#8374=CARTESIAN_POINT('',(0.027125,0.0323243669192361,0.0106590201319));
#8375=CARTESIAN_POINT('',(0.029375,0.0723,0.012055));
#8376=CARTESIAN_POINT('',(0.029375,0.0323243669192361,0.0106590201319));
#8377=CARTESIAN_POINT('',(0.027125,0.0323243669192361,0.0106590201319));
#8378=CARTESIAN_POINT('',(0.027125,0.0407795698557311,0.0366814590130264));
#8379=CARTESIAN_POINT('',(0.029375,0.0407795698557311,0.0366814590130264));
#8380=CARTESIAN_POINT('',(0.027125,0.0407795698557311,0.0366814590130264));
#8381=CARTESIAN_POINT('',(0.027125,0.0723,0.012055));
#8382=CARTESIAN_POINT('',(0.029375,0.0723,0.012055));
#8383=CARTESIAN_POINT('',(-0.172544425053345,0.0547651541284369,-0.0238967618519666));
#8384=CARTESIAN_POINT('',(-0.172544425053345,0.0435264079864539,-0.0157313348183599));
#8385=CARTESIAN_POINT('',(0.027125,0.0435264079864539,-0.0157313348183599));
#8386=CARTESIAN_POINT('',(-0.172544425053345,0.0411581915914964,-0.0130485409663268));
#8387=CARTESIAN_POINT('',(0.027125,0.0411581915914964,-0.0130485409663269));
#8388=CARTESIAN_POINT('',(0.027125,0.0411581915914964,-0.0119485409663269));
#8389=CARTESIAN_POINT('',(0.027125,0.0723,0.012055));
#8390=CARTESIAN_POINT('',(0.027125,0.0723,-0.024865));
#8391=CARTESIAN_POINT('',(0.027125,0.0617133603577848,-0.024865));
#8392=CARTESIAN_POINT('',(0.027125,0.06127450576732,-0.0263954678375328));
#8393=CARTESIAN_POINT('',(0.029375,0.0723,0.012055));
#8394=CARTESIAN_POINT('',(0.029375,0.06127450576732,-0.0263954678375328));
#8395=CARTESIAN_POINT('',(0.029375,0.0617133603577848,-0.024865));
#8396=CARTESIAN_POINT('',(0.029375,0.0723,-0.024865));
#8397=CARTESIAN_POINT('',(0.027125,0.06127450576732,-0.0263954678375328));
#8398=CARTESIAN_POINT('',(0.027125,0.0617133603577848,-0.024865));
#8399=CARTESIAN_POINT('',(0.027125,0.0391384970977983,-0.0103127161388299));
#8400=CARTESIAN_POINT('',(0.029375,0.0391384970977983,-0.0103127161388299));
#8401=CARTESIAN_POINT('',(0.027125,0.0391384970977983,-0.0103127161388299));
#8402=CARTESIAN_POINT('',(0.027125,0.0723,0.012055));
#8403=CARTESIAN_POINT('',(0.029375,0.0723,0.012055));
#8404=CARTESIAN_POINT('',(-0.172544425053345,0.101073592013546,-0.0157313348183599));
#8405=CARTESIAN_POINT('',(0.027125,0.101073592013546,-0.0157313348183599));
#8406=CARTESIAN_POINT('',(-0.172544425053345,0.0898348458715631,-0.0238967618519666));
#8407=CARTESIAN_POINT('',(0.027125,0.0898348458715631,-0.0238967618519667));
#8408=CARTESIAN_POINT('',(-0.172544425053345,0.0865515381843113,-0.0253200405937052));
#8409=CARTESIAN_POINT('',(-0.036125,0.0865515381843113,-0.0253200405937053));
#8410=CARTESIAN_POINT('',(-0.036125,0.0865515381843113,-0.0264200405937053));
#8411=CARTESIAN_POINT('',(-0.172544425053345,0.103441808408504,-0.0130485409663268));
#8412=CARTESIAN_POINT('',(0.027125,0.103441808408504,-0.0130485409663269));
#8413=CARTESIAN_POINT('',(0.027125,0.103441808408504,-0.0119485409663269));
#8414=CARTESIAN_POINT('',(0.027125,0.0723,0.012055));
#8415=CARTESIAN_POINT('',(0.027125,0.105461502902202,-0.0103127161388299));
#8416=CARTESIAN_POINT('',(0.029375,0.0723,0.012055));
#8417=CARTESIAN_POINT('',(0.029375,0.105461502902202,-0.0103127161388299));
#8418=CARTESIAN_POINT('',(0.027125,0.105461502902202,-0.0103127161388299));
#8419=CARTESIAN_POINT('',(0.027125,0.08332549423268,-0.0263954678375328));
#8420=CARTESIAN_POINT('',(0.027125,0.0828866396422152,-0.024865));
#8421=CARTESIAN_POINT('',(0.027125,0.0723,0.012055));
#8422=CARTESIAN_POINT('',(0.029375,0.0723,0.012055));
#8423=CARTESIAN_POINT('',(-0.172544425053345,0.107617903714357,0.0308338625114357));
#8424=CARTESIAN_POINT('',(0.027125,0.107617903714357,0.0308338625114357));
#8425=CARTESIAN_POINT('',(-0.172544425053345,0.111910722749663,0.0176219240384026));
#8426=CARTESIAN_POINT('',(0.027125,0.111910722749663,0.0176219240384026));
#8427=CARTESIAN_POINT('',(-0.172544425053345,0.112249743398375,0.01405949554851));
#8428=CARTESIAN_POINT('',(0.027125,0.112249743398375,0.01405949554851));
#8429=CARTESIAN_POINT('',(0.027125,0.111149743398375,0.01405949554851));
#8430=CARTESIAN_POINT('',(-0.172544425053345,0.105798234251904,0.0339151990385399));
#8431=CARTESIAN_POINT('',(0.027125,0.105798234251904,0.0339151990385399));
#8432=CARTESIAN_POINT('',(0.027125,0.104698234251904,0.0339151990385399));
#8433=CARTESIAN_POINT('',(0.027125,0.0723,0.012055));
#8434=CARTESIAN_POINT('',(0.027125,0.103820430144269,0.0366814590130264));
#8435=CARTESIAN_POINT('',(0.029375,0.0723,0.012055));
#8436=CARTESIAN_POINT('',(0.029375,0.103820430144269,0.0366814590130264));
#8437=CARTESIAN_POINT('',(0.027125,0.103820430144269,0.0366814590130264));
#8438=CARTESIAN_POINT('',(0.027125,0.112275633080764,0.0106590201319));
#8439=CARTESIAN_POINT('',(0.029375,0.112275633080764,0.0106590201319));
#8440=CARTESIAN_POINT('',(0.027125,0.112275633080764,0.0106590201319));
#8441=CARTESIAN_POINT('',(0.027125,0.0723,0.012055));
#8442=CARTESIAN_POINT('',(0.029375,0.0723,0.012055));
#8443=CARTESIAN_POINT('',(0.0295,0.0723,0.012055));
#8444=CARTESIAN_POINT('',(-0.0395,0.0830475993596584,-0.024865));
#8445=CARTESIAN_POINT('',(-0.0395,0.0830475993596584,-0.024865));
#8446=CARTESIAN_POINT('',(0.0295,0.0723,0.023635));
#8447=CARTESIAN_POINT('',(-0.0095,0.0723,0.023635));
#8448=CARTESIAN_POINT('',(0.0285,0.0723,0.023635));
#8449=CARTESIAN_POINT('',(0.026,0.0723,0.0120550000000001));
#8450=CARTESIAN_POINT('',(0.025125,0.0420503180002287,0.0382266781829654));
#8451=CARTESIAN_POINT('',(0.028,0.0420503180002287,0.0382266781829654));
#8452=CARTESIAN_POINT('',(0.0285,0.0420503180002287,0.0382266781829654));
#8453=CARTESIAN_POINT('',(0.028,0.0723,0.0120550000000001));
#8454=CARTESIAN_POINT('',(0.028,0.0567569207340783,0.0489116505115871));
#8455=CARTESIAN_POINT('',(0.025125,0.0567569207340783,0.0489116505115871));
#8456=CARTESIAN_POINT('',(0.0285,0.0567569207340783,0.0489116505115871));
#8457=CARTESIAN_POINT('',(0.0285,0.0723,0.0120550000000001));
#8458=CARTESIAN_POINT('',(0.026,0.0723,0.0120550000000001));
#8459=CARTESIAN_POINT('',(0.025125,0.0380615891093439,-0.00862666385189025));
#8460=CARTESIAN_POINT('',(0.028,0.0380615891093439,-0.00862666385189025));
#8461=CARTESIAN_POINT('',(0.0285,0.0380615891093439,-0.00862666385189025));
#8462=CARTESIAN_POINT('',(0.028,0.0723,0.0120550000000001));
#8463=CARTESIAN_POINT('',(0.028,0.0324441667240554,0.00866198454467158));
#8464=CARTESIAN_POINT('',(0.025125,0.0324441667240554,0.00866198454467158));
#8465=CARTESIAN_POINT('',(0.0285,0.0324441667240554,0.00866198454467158));
#8466=CARTESIAN_POINT('',(0.0285,0.0723,0.0120550000000001));
#8467=CARTESIAN_POINT('',(0.026,0.0723,0.0120550000000001));
#8468=CARTESIAN_POINT('',(0.025125,0.112155833275945,0.0086619845446716));
#8469=CARTESIAN_POINT('',(0.028,0.112155833275945,0.0086619845446716));
#8470=CARTESIAN_POINT('',(0.0285,0.112155833275945,0.0086619845446716));
#8471=CARTESIAN_POINT('',(0.028,0.0723,0.0120550000000001));
#8472=CARTESIAN_POINT('',(0.028,0.106538410890656,-0.00862666385189024));
#8473=CARTESIAN_POINT('',(0.025125,0.106538410890656,-0.00862666385189023));
#8474=CARTESIAN_POINT('',(0.0285,0.106538410890656,-0.00862666385189024));
#8475=CARTESIAN_POINT('',(0.0285,0.0723,0.0120550000000001));
#8476=CARTESIAN_POINT('',(0.026,0.0723,0.0120550000000001));
#8477=CARTESIAN_POINT('',(0.0285,0.0723,0.0120550000000001));
#8478=CARTESIAN_POINT('',(0.0285,0.0878430792659217,0.0489116505115871));
#8479=CARTESIAN_POINT('',(0.0285,0.102549681999771,0.0382266781829654));
#8480=CARTESIAN_POINT('',(0.025125,0.0878430792659217,0.0489116505115871));
#8481=CARTESIAN_POINT('',(0.028,0.0878430792659217,0.0489116505115871));
#8482=CARTESIAN_POINT('',(0.028,0.0723,0.0120550000000001));
#8483=CARTESIAN_POINT('',(0.028,0.102549681999771,0.0382266781829654));
#8484=CARTESIAN_POINT('',(0.025125,0.102549681999771,0.0382266781829654));
#8485=CARTESIAN_POINT('',(0.0285,0.0723,0.012055));
#8486=CARTESIAN_POINT('',(0.0285,0.0711816141930585,0.0137130751451101));
#8487=CARTESIAN_POINT('',(0.0285,0.0323941659126412,0.00866023847786178));
#8488=CARTESIAN_POINT('',(0.0285,0.0735313229506513,0.0136310215072134));
#8489=CARTESIAN_POINT('',(0.0285,0.0567398090254014,0.048958664544785));
#8490=CARTESIAN_POINT('',(0.0285,0.0741793852415718,0.0113709597133487));
#8491=CARTESIAN_POINT('',(0.0285,0.102589107193618,0.0382574805202398));
#8492=CARTESIAN_POINT('',(0.0285,0.072230201006595,0.0100562183459619));
#8493=CARTESIAN_POINT('',(0.0285,0.106579888709143,-0.00865464099371978));
#8494=CARTESIAN_POINT('',(0.027125,0.102589107193618,0.0382574805202398));
#8495=CARTESIAN_POINT('',(0.028,0.0710686770493487,0.0136310215072134));
#8496=CARTESIAN_POINT('',(0.027125,0.0878601909745986,0.048958664544785));
#8497=CARTESIAN_POINT('',(0.028,0.0878601909745986,0.048958664544785));
#8498=CARTESIAN_POINT('',(0.028,0.0723,0.012055));
#8499=CARTESIAN_POINT('',(0.027125,0.112205834087359,0.00866023847786181));
#8500=CARTESIAN_POINT('',(0.028,0.112205834087359,0.00866023847786181));
#8501=CARTESIAN_POINT('',(0.028,0.0723,0.012055));
#8502=CARTESIAN_POINT('',(0.028,0.0734183858069415,0.0137130751451101));
#8503=CARTESIAN_POINT('',(0.027125,0.106579888709143,-0.00865464099371978));
#8504=CARTESIAN_POINT('',(0.027125,0.0380201112908568,-0.0086546409937198));
#8505=CARTESIAN_POINT('',(0.028,0.0380201112908568,-0.0086546409937198));
#8506=CARTESIAN_POINT('',(0.028,0.0723,0.012055));
#8507=CARTESIAN_POINT('',(0.028,0.072369798993405,0.0100562183459618));
#8508=CARTESIAN_POINT('',(0.027125,0.0323941659126412,0.00866023847786178));
#8509=CARTESIAN_POINT('',(0.027125,0.0420108928063824,0.0382574805202398));
#8510=CARTESIAN_POINT('',(0.028,0.0420108928063824,0.0382574805202398));
#8511=CARTESIAN_POINT('',(0.028,0.0723,0.012055));
#8512=CARTESIAN_POINT('',(0.028,0.0704206147584282,0.0113709597133487));
#8513=CARTESIAN_POINT('',(0.027125,0.0567398090254014,0.048958664544785));
#8514=CARTESIAN_POINT('',(0.015,0.0852096551122208,-0.0234139859137737));
#8515=CARTESIAN_POINT('',(0.015,0.0852096551122208,-0.0234139859137737));
#8516=CARTESIAN_POINT('',(-0.0045,0.0856038304325932,-0.0244969737058031));
#8517=CARTESIAN_POINT('',(0.043002,0.0723,0.012055));
#8518=CARTESIAN_POINT('',(0.043,0.0723,0.012055));
#8519=CARTESIAN_POINT('',(0.043,0.0723,0.002555));
#8520=CARTESIAN_POINT('',(0.043,0.0638,0.012055));
#8521=CARTESIAN_POINT('',(0.,0.0123,0.012055));
#8522=CARTESIAN_POINT('',(1.14188104935984E-17,0.0123,0.042055));
#8523=CARTESIAN_POINT('',(1.14188104935984E-17,0.0123,0.043655));
#8524=CARTESIAN_POINT('',(0.03,0.0123,0.012055));
#8525=CARTESIAN_POINT('',(0.03,0.0123,0.013655));
#8526=CARTESIAN_POINT('',(3.63798050394786E-19,0.0123,-0.017945));
#8527=CARTESIAN_POINT('',(3.63798050394786E-19,0.0123,-0.016345));
#8528=CARTESIAN_POINT('',(-0.03,0.0123,0.012055));
#8529=CARTESIAN_POINT('',(-0.03,0.0123,0.013655));
#8530=CARTESIAN_POINT('',(-0.03,500.,0.012055));
#8531=CARTESIAN_POINT('',(3.63798050394786E-19,500.,-0.017945));
#8532=CARTESIAN_POINT('',(0.03,500.,0.012055));
#8533=CARTESIAN_POINT('',(1.14188104935984E-17,500.,0.042055));
#8534=CARTESIAN_POINT('',(0.0256692841649055,0.0275900224223733,-0.203044425053345));
#8535=CARTESIAN_POINT('',(0.0197505708783865,0.019849805161357,-0.203044425053345));
#8536=CARTESIAN_POINT('',(-0.0095,0.0723,0.012055));
#8537=CARTESIAN_POINT('',(-0.0095,0.0889536831921949,-0.152335593470325));
#8538=CARTESIAN_POINT('',(-0.0095,0.0889536831921949,-0.0265021632272657));
#8539=CARTESIAN_POINT('',(-0.0095,0.0723,0.012055));
#8540=CARTESIAN_POINT('',(0.0105,0.0723,0.012055));
#8541=CARTESIAN_POINT('',(0.166890593470325,0.0792459271066772,0.0514473101204884));
#8542=CARTESIAN_POINT('',(-0.036125,0.0792459271066772,0.0514473101204884));
#8543=CARTESIAN_POINT('',(0.166890593470325,0.0653540728933228,0.0514473101204884));
#8544=CARTESIAN_POINT('',(-0.036125,0.0653540728933228,0.0514473101204884));
#8545=CARTESIAN_POINT('',(0.166890593470325,0.0827387610777212,0.0506688869729823));
#8546=CARTESIAN_POINT('',(-0.036125,0.0827387610777212,0.0506688869729823));
#8547=CARTESIAN_POINT('',(-0.036125,0.0827387610777212,0.0495688869729823));
#8548=CARTESIAN_POINT('',(0.166890593470325,0.0618612389222788,0.0506688869729823));
#8549=CARTESIAN_POINT('',(-0.036125,0.0618612389222788,0.0506688869729823));
#8550=CARTESIAN_POINT('',(-0.036125,0.0618612389222788,0.0495688869729823));
#8551=CARTESIAN_POINT('',(-0.036125,0.0586191942669733,0.0496427048314364));
#8552=CARTESIAN_POINT('',(-0.038375,0.0586191942669733,0.0496427048314364));
#8553=CARTESIAN_POINT('',(-0.036125,0.0586191942669733,0.0496427048314364));
#8554=CARTESIAN_POINT('',(-0.036125,0.0723,0.012055));
#8555=CARTESIAN_POINT('',(-0.038375,0.0723,0.012055));
#8556=CARTESIAN_POINT('',(-0.036125,0.0723,0.012055));
#8557=CARTESIAN_POINT('',(-0.036125,0.0859808057330267,0.0496427048314364));
#8558=CARTESIAN_POINT('',(-0.038375,0.0723,0.012055));
#8559=CARTESIAN_POINT('',(-0.038375,0.0859808057330267,0.0496427048314364));
#8560=CARTESIAN_POINT('',(-0.036125,0.0859808057330267,0.0496427048314364));
#8561=CARTESIAN_POINT('',(0.166890593470325,0.0723,0.012055));
#8562=CARTESIAN_POINT('',(0.0105,0.0723,0.012055));
#8563=CARTESIAN_POINT('',(0.166890593470325,0.0369820962856429,0.0308338625114357));
#8564=CARTESIAN_POINT('',(-0.036125,0.0369820962856429,0.0308338625114357));
#8565=CARTESIAN_POINT('',(0.166890593470325,0.0326892772503372,0.0176219240384026));
#8566=CARTESIAN_POINT('',(-0.036125,0.0326892772503371,0.0176219240384026));
#8567=CARTESIAN_POINT('',(0.166890593470325,0.0388017657480962,0.0339151990385399));
#8568=CARTESIAN_POINT('',(-0.036125,0.0388017657480962,0.0339151990385399));
#8569=CARTESIAN_POINT('',(-0.036125,0.0399017657480962,0.0339151990385399));
#8570=CARTESIAN_POINT('',(0.166890593470325,0.032350256601625,0.01405949554851));
#8571=CARTESIAN_POINT('',(-0.036125,0.032350256601625,0.01405949554851));
#8572=CARTESIAN_POINT('',(-0.036125,0.033450256601625,0.01405949554851));
#8573=CARTESIAN_POINT('',(-0.036125,0.0323243669192361,0.0106590201319));
#8574=CARTESIAN_POINT('',(-0.038375,0.0323243669192361,0.0106590201319));
#8575=CARTESIAN_POINT('',(-0.036125,0.0323243669192361,0.0106590201319));
#8576=CARTESIAN_POINT('',(-0.036125,0.0723,0.012055));
#8577=CARTESIAN_POINT('',(-0.038375,0.0723,0.012055));
#8578=CARTESIAN_POINT('',(-0.036125,0.0723,0.012055));
#8579=CARTESIAN_POINT('',(-0.036125,0.0407795698557311,0.0366814590130264));
#8580=CARTESIAN_POINT('',(-0.038375,0.0723,0.012055));
#8581=CARTESIAN_POINT('',(-0.038375,0.0407795698557311,0.0366814590130264));
#8582=CARTESIAN_POINT('',(-0.036125,0.0407795698557311,0.0366814590130264));
#8583=CARTESIAN_POINT('',(0.166890593470325,0.0547651541284369,-0.0238967618519666));
#8584=CARTESIAN_POINT('',(-0.036125,0.0547651541284369,-0.0238967618519667));
#8585=CARTESIAN_POINT('',(0.166890593470325,0.0435264079864539,-0.0157313348183599));
#8586=CARTESIAN_POINT('',(-0.036125,0.0435264079864539,-0.0157313348183599));
#8587=CARTESIAN_POINT('',(0.166890593470325,0.0411581915914964,-0.0130485409663268));
#8588=CARTESIAN_POINT('',(-0.036125,0.0411581915914964,-0.0130485409663269));
#8589=CARTESIAN_POINT('',(-0.036125,0.0411581915914964,-0.0141485409663269));
#8590=CARTESIAN_POINT('',(-0.036125,0.0723,0.012055));
#8591=CARTESIAN_POINT('',(-0.036125,0.0391384970977983,-0.0103127161388299));
#8592=CARTESIAN_POINT('',(-0.038375,0.0723,0.012055));
#8593=CARTESIAN_POINT('',(-0.038375,0.0391384970977983,-0.0103127161388299));
#8594=CARTESIAN_POINT('',(-0.036125,0.0391384970977983,-0.0103127161388299));
#8595=CARTESIAN_POINT('',(-0.036125,0.0723,0.012055));
#8596=CARTESIAN_POINT('',(-0.036125,0.06127450576732,-0.0263954678375328));
#8597=CARTESIAN_POINT('',(-0.038375,0.0723,0.012055));
#8598=CARTESIAN_POINT('',(-0.038375,0.06127450576732,-0.0263954678375328));
#8599=CARTESIAN_POINT('',(-0.036125,0.06127450576732,-0.0263954678375328));
#8600=CARTESIAN_POINT('',(0.166890593470325,0.101073592013546,-0.0157313348183599));
#8601=CARTESIAN_POINT('',(-0.036125,0.101073592013546,-0.0157313348183599));
#8602=CARTESIAN_POINT('',(0.166890593470325,0.0898348458715631,-0.0238967618519666));
#8603=CARTESIAN_POINT('',(-0.036125,0.0898348458715631,-0.0238967618519667));
#8604=CARTESIAN_POINT('',(0.166890593470325,0.103441808408504,-0.0130485409663268));
#8605=CARTESIAN_POINT('',(-0.036125,0.103441808408504,-0.0130485409663269));
#8606=CARTESIAN_POINT('',(-0.036125,0.103441808408504,-0.0141485409663269));
#8607=CARTESIAN_POINT('',(-0.036125,0.105461502902202,-0.0103127161388299));
#8608=CARTESIAN_POINT('',(-0.038375,0.105461502902202,-0.0103127161388299));
#8609=CARTESIAN_POINT('',(-0.036125,0.105461502902202,-0.0103127161388299));
#8610=CARTESIAN_POINT('',(-0.036125,0.0723,0.012055));
#8611=CARTESIAN_POINT('',(-0.038375,0.0723,0.012055));
#8612=CARTESIAN_POINT('',(-0.036125,0.08332549423268,-0.0263954678375328));
#8613=CARTESIAN_POINT('',(-0.038375,0.08332549423268,-0.0263954678375328));
#8614=CARTESIAN_POINT('',(-0.036125,0.08332549423268,-0.0263954678375328));
#8615=CARTESIAN_POINT('',(-0.036125,0.0723,0.012055));
#8616=CARTESIAN_POINT('',(-0.038375,0.0723,0.012055));
#8617=CARTESIAN_POINT('',(0.166890593470325,0.107617903714357,0.0308338625114357));
#8618=CARTESIAN_POINT('',(-0.036125,0.107617903714357,0.0308338625114357));
#8619=CARTESIAN_POINT('',(0.166890593470325,0.111910722749663,0.0176219240384026));
#8620=CARTESIAN_POINT('',(-0.036125,0.111910722749663,0.0176219240384026));
#8621=CARTESIAN_POINT('',(0.166890593470325,0.112249743398375,0.01405949554851));
#8622=CARTESIAN_POINT('',(-0.036125,0.112249743398375,0.01405949554851));
#8623=CARTESIAN_POINT('',(-0.036125,0.113349743398375,0.01405949554851));
#8624=CARTESIAN_POINT('',(0.166890593470325,0.105798234251904,0.0339151990385399));
#8625=CARTESIAN_POINT('',(-0.036125,0.105798234251904,0.0339151990385399));
#8626=CARTESIAN_POINT('',(-0.036125,0.106898234251904,0.0339151990385399));
#8627=CARTESIAN_POINT('',(-0.036125,0.103820430144269,0.0366814590130264));
#8628=CARTESIAN_POINT('',(-0.038375,0.103820430144269,0.0366814590130264));
#8629=CARTESIAN_POINT('',(-0.036125,0.103820430144269,0.0366814590130264));
#8630=CARTESIAN_POINT('',(-0.036125,0.0723,0.012055));
#8631=CARTESIAN_POINT('',(-0.038375,0.0723,0.012055));
#8632=CARTESIAN_POINT('',(-0.036125,0.0723,0.012055));
#8633=CARTESIAN_POINT('',(-0.036125,0.112275633080764,0.0106590201319));
#8634=CARTESIAN_POINT('',(-0.038375,0.0723,0.012055));
#8635=CARTESIAN_POINT('',(-0.038375,0.112275633080764,0.0106590201319));
#8636=CARTESIAN_POINT('',(-0.036125,0.112275633080764,0.0106590201319));
#8637=CARTESIAN_POINT('',(-0.0346692841649056,0.0275900224223733,-0.206390593470325));
#8638=CARTESIAN_POINT('',(-0.0346692841649056,0.0353302396833896,-0.206390593470325));
#8639=CARTESIAN_POINT('',(-0.0228318575918675,0.0275900224223733,-0.206390593470325));
#8640=CARTESIAN_POINT('',(-0.0228318575918675,0.0353302396833896,-0.206390593470325));
#8641=CARTESIAN_POINT('',(-0.0287505708783865,0.0353302396833896,-0.206390593470325));
#8642=CARTESIAN_POINT('',(0.0105,0.0723,0.012055));
#8643=CARTESIAN_POINT('',(-0.0195,0.0723,0.012055));
#8644=CARTESIAN_POINT('',(-0.0195,0.0723,0.012055));
#8645=CARTESIAN_POINT('',(-0.0195,0.0589536831921949,0.0518780564832196));
#8646=CARTESIAN_POINT('',(-0.0195,0.0589536831921949,-0.152335593470325));
#8647=CARTESIAN_POINT('',(-0.0195,0.06172,-0.0234356128433984));
#8648=CARTESIAN_POINT('',(-0.0195,0.0723,0.012055));
#8649=CARTESIAN_POINT('',(-0.0195,0.0889536831921949,-0.0265021632272657));
#8650=CARTESIAN_POINT('',(-0.0195,0.0889536831921949,0.0506121632272657));
#8651=CARTESIAN_POINT('',(-0.0095,0.0889536831921949,0.0506121632272657));
#8652=CARTESIAN_POINT('',(-0.0095,0.0723,0.012055));
#8653=CARTESIAN_POINT('',(-0.0095,0.0589536831921949,0.0518780564832196));
#8654=CARTESIAN_POINT('',(-0.0195,0.0589536831921949,0.0518780564832196));
#8655=CARTESIAN_POINT('',(0.0105,0.0723,0.012055));
#8656=CARTESIAN_POINT('',(0.0105,0.0723,0.012055));
#8657=CARTESIAN_POINT('',(0.166890593470325,0.0856463168078051,-0.020945));
#8658=CARTESIAN_POINT('',(0.166890593470325,0.0856463168078051,-0.0234356128433984));
#8659=CARTESIAN_POINT('',(-0.0195,0.0856463168078051,-0.0234356128433984));
#8660=CARTESIAN_POINT('',(-0.0195,0.0856463168078051,-0.020945));
#8661=CARTESIAN_POINT('',(-0.0395,0.08288,-0.0234356128433984));
#8662=CARTESIAN_POINT('',(-0.0195,0.08288,-0.0234356128433984));
#8663=CARTESIAN_POINT('',(-0.0395,0.06172,-0.0234356128433984));
#8664=CARTESIAN_POINT('',(-0.0195,0.0739536831921949,-0.152335593470325));
#8665=CARTESIAN_POINT('',(-0.0195,0.0889536831921949,-0.152335593470325));
#8666=CARTESIAN_POINT('',(-0.0145,0.0889536831921949,-0.152335593470325));
#8667=CARTESIAN_POINT('',(-0.0145,0.0589536831921949,-0.152335593470325));
#8668=CARTESIAN_POINT('',(-0.0195,0.0589536831921949,-0.152335593470325));
#8669=CARTESIAN_POINT('',(-0.0095,0.0589536831921949,-0.152335593470325));
#8670=CARTESIAN_POINT('',(-0.0095,0.0739536831921949,-0.152335593470325));
#8671=CARTESIAN_POINT('',(-0.0095,0.0889536831921949,-0.152335593470325));
#8672=CARTESIAN_POINT('',(-0.0145,0.0889536831921949,-0.152335593470325));
#8673=CARTESIAN_POINT('',(-0.0195,0.0889536831921949,-0.152335593470325));
#8674=CARTESIAN_POINT('',(-0.0195,0.0739536831921949,-0.152335593470325));
#8675=CARTESIAN_POINT('',(0.027125,0.0631970291591967,-0.0269467425491667));
#8676=CARTESIAN_POINT('',(0.027125,0.0632204684579904,-0.026865));
#8677=CARTESIAN_POINT('',(0.0285,0.0632204684579904,-0.026865));
#8678=CARTESIAN_POINT('',(0.028,0.0632204684579904,-0.026865));
#8679=CARTESIAN_POINT('',(0.0285,0.0631970291591967,-0.0269467425491667));
#8680=CARTESIAN_POINT('',(0.0285,0.0632108196514389,-0.0268986493873336));
#8681=CARTESIAN_POINT('',(0.025125,0.0632108196514389,-0.0268986493873336));
#8682=CARTESIAN_POINT('',(0.028,0.0632108196514389,-0.0268986493873336));
#8683=CARTESIAN_POINT('',(0.028,0.0742225233918766,0.011503725288366));
#8684=CARTESIAN_POINT('',(0.026,0.0723,-0.026865));
#8685=CARTESIAN_POINT('',(0.028,0.0723,-0.026865));
#8686=CARTESIAN_POINT('',(0.028,0.0813795315420096,-0.026865));
#8687=CARTESIAN_POINT('',(0.027125,0.0813795315420096,-0.026865));
#8688=CARTESIAN_POINT('',(0.0285,0.0813795315420096,-0.026865));
#8689=CARTESIAN_POINT('',(0.0285,0.0723,-0.026865));
#8690=CARTESIAN_POINT('',(0.028,0.0723,0.012055));
#8691=CARTESIAN_POINT('',(0.028,0.0723,0.0120550000000001));
#8692=CARTESIAN_POINT('',(0.028,0.0813891803485611,-0.0268986493873336));
#8693=CARTESIAN_POINT('',(0.028,0.0814029708408034,-0.0269467425491667));
#8694=CARTESIAN_POINT('',(0.027125,0.0814029708408034,-0.0269467425491667));
#8695=CARTESIAN_POINT('',(0.025125,0.0813891803485611,-0.0268986493873336));
#8696=CARTESIAN_POINT('',(0.0285,0.0813891803485611,-0.0268986493873336));
#8697=CARTESIAN_POINT('',(0.0285,0.0814029708408034,-0.0269467425491667));
#8698=CARTESIAN_POINT('',(0.0285,0.0723,0.012055));
#8699=CARTESIAN_POINT('',(0.0285,0.0723,0.0120550000000001));
#8700=CARTESIAN_POINT('',(0.026,0.0723,0.0120550000000001));
#8701=MECHANICAL_DESIGN_GEOMETRIC_PRESENTATION_REPRESENTATION('',(#5063),
#8702);
#8702=(
GEOMETRIC_REPRESENTATION_CONTEXT(3)
GLOBAL_UNCERTAINTY_ASSIGNED_CONTEXT((#8703))
GLOBAL_UNIT_ASSIGNED_CONTEXT((#8706,#8705,#8704))
REPRESENTATION_CONTEXT('Hip Roll Motor Holder',
'TOP_LEVEL_ASSEMBLY_PART')
);
#8703=UNCERTAINTY_MEASURE_WITH_UNIT(LENGTH_MEASURE(2.E-5),#8706,
'DISTANCE_ACCURACY_VALUE','Maximum Tolerance applied to model');
#8704=(
NAMED_UNIT(*)
SI_UNIT($,.STERADIAN.)
SOLID_ANGLE_UNIT()
);
#8705=(
NAMED_UNIT(*)
PLANE_ANGLE_UNIT()
SI_UNIT($,.RADIAN.)
);
#8706=(
LENGTH_UNIT()
NAMED_UNIT(*)
SI_UNIT($,.METRE.)
);
#8707=PRODUCT_DEFINITION_SHAPE('','',#8708);
#8708=PRODUCT_DEFINITION('','',#8710,#8709);
#8709=PRODUCT_DEFINITION_CONTEXT('',#8716,'design');
#8710=PRODUCT_DEFINITION_FORMATION_WITH_SPECIFIED_SOURCE('','',#8712,
 .NOT_KNOWN.);
#8711=PRODUCT_RELATED_PRODUCT_CATEGORY('','',(#8712));
#8712=PRODUCT('Hip Roll Motor Holder','Hip Roll Motor Holder',
'Hip Roll Motor Holder',(#8714));
#8713=PRODUCT_CATEGORY('','');
#8714=PRODUCT_CONTEXT('',#8716,'mechanical');
#8715=APPLICATION_PROTOCOL_DEFINITION('international standard',
'ap242_managed_model_based_3d_engineering',2020,#8716);
#8716=APPLICATION_CONTEXT('managed model based 3d engineering');
ENDSEC;
END-ISO-10303-21;
