ISO-10303-21;
HEADER;
/* Generated by software containing ST-Developer
 * from STEP Tools, Inc. (www.steptools.com) 
 */
/* OPTION: using custom renumber hook */

FILE_DESCRIPTION(
/* description */ ('STEP AP242 Edition 2',
'CAx-IF Rec.Pracs.---Representation and Presentation of Product Manufa
cturing Information (PMI)---4.0---2014-10-13',
'CAx-IF Rec.Pracs.---3D Tessellated Geometry---0.4---2014-09-14','2;1',
'CAx-IF Rec.Pracs.---User Defined Attributes---1.5---2016-08-15'),
/* implementation_level */ '2;1');

FILE_NAME(
/* name */ 'robot - Support knee pitch giver',
/* time_stamp */ '2026-08-16T03:04:31Z',
/* author */ (''),
/* organization */ (''),
/* preprocessor_version */ 'ST-DEVELOPER v20',
/* originating_system */ 'ONSHAPE BY PTC INC, 1.219',
/* authorisation */ '  ');

FILE_SCHEMA (('AP242_MANAGED_MODEL_BASED_3D_ENGINEERING_MIM_LF { 1 0 10303 442 3 1 4 }'));
ENDSEC;

DATA;
#10=SHAPE_REPRESENTATION_RELATIONSHIP('','',#1152,#11);
#11=ADVANCED_BREP_SHAPE_REPRESENTATION('',(#1150),#2075);
#12=TOROIDAL_SURFACE('',#1204,0.046,0.003);
#13=TOROIDAL_SURFACE('',#1205,0.04,0.003);
#14=TOROIDAL_SURFACE('',#1206,0.0435,0.003);
#15=TOROIDAL_SURFACE('',#1223,0.046,0.003);
#16=TOROIDAL_SURFACE('',#1224,0.04,0.003);
#17=TOROIDAL_SURFACE('',#1225,0.0435,0.003);
#18=TOROIDAL_SURFACE('',#1242,0.046,0.003);
#19=TOROIDAL_SURFACE('',#1243,0.04,0.003);
#20=TOROIDAL_SURFACE('',#1244,0.0435,0.003);
#21=TOROIDAL_SURFACE('',#1261,0.046,0.003);
#22=TOROIDAL_SURFACE('',#1262,0.04,0.003);
#23=TOROIDAL_SURFACE('',#1263,0.0435,0.003);
#24=TOROIDAL_SURFACE('',#1280,0.046,0.003);
#25=TOROIDAL_SURFACE('',#1281,0.04,0.003);
#26=TOROIDAL_SURFACE('',#1282,0.0435,0.003);
#27=B_SPLINE_CURVE_WITH_KNOTS('',3,(#1732,#1733,#1734,#1735,#1736),
 .UNSPECIFIED.,.F.,.F.,(4,1,4),(0.016413903130891,0.0187571771134986,0.0211004510961063),
 .UNSPECIFIED.);
#28=B_SPLINE_CURVE_WITH_KNOTS('',3,(#1737,#1738,#1739,#1740,#1741),
 .UNSPECIFIED.,.F.,.F.,(4,1,4),(0.0164139029355547,0.0187571831289737,0.0211004633223926),
 .UNSPECIFIED.);
#29=B_SPLINE_CURVE_WITH_KNOTS('',3,(#1742,#1743,#1744,#1745,#1746),
 .UNSPECIFIED.,.F.,.F.,(4,1,4),(0.,0.0023432652706904,0.0046865305413808),
 .UNSPECIFIED.);
#30=B_SPLINE_CURVE_WITH_KNOTS('',3,(#1748,#1749,#1750,#1751,#1752),
 .UNSPECIFIED.,.F.,.F.,(4,1,4),(0.0164154443703114,0.0187587233476229,0.0211020023249343),
 .UNSPECIFIED.);
#31=B_SPLINE_CURVE_WITH_KNOTS('',3,(#1753,#1754,#1755,#1756,#1757),
 .UNSPECIFIED.,.F.,.F.,(4,1,4),(0.0164153236414894,0.0187585995590125,0.0211018754765356),
 .UNSPECIFIED.);
#32=B_SPLINE_CURVE_WITH_KNOTS('',3,(#1758,#1759,#1760,#1761,#1762),
 .UNSPECIFIED.,.F.,.F.,(4,1,4),(0.,0.00234326531836708,0.00468653063673417),
 .UNSPECIFIED.);
#33=B_SPLINE_CURVE_WITH_KNOTS('',3,(#1809,#1810,#1811,#1812,#1813),
 .UNSPECIFIED.,.F.,.F.,(4,1,4),(0.0164139031308911,0.0187571771134987,0.0211004510961063),
 .UNSPECIFIED.);
#34=B_SPLINE_CURVE_WITH_KNOTS('',3,(#1814,#1815,#1816,#1817,#1818),
 .UNSPECIFIED.,.F.,.F.,(4,1,4),(0.0164139029355545,0.0187571831289735,0.0211004633223925),
 .UNSPECIFIED.);
#35=B_SPLINE_CURVE_WITH_KNOTS('',3,(#1819,#1820,#1821,#1822,#1823),
 .UNSPECIFIED.,.F.,.F.,(4,1,4),(0.,0.00234326527069041,0.00468653054138083),
 .UNSPECIFIED.);
#36=B_SPLINE_CURVE_WITH_KNOTS('',3,(#1825,#1826,#1827,#1828,#1829),
 .UNSPECIFIED.,.F.,.F.,(4,1,4),(0.0164154443703114,0.0187587233476229,0.0211020023249345),
 .UNSPECIFIED.);
#37=B_SPLINE_CURVE_WITH_KNOTS('',3,(#1830,#1831,#1832,#1833,#1834),
 .UNSPECIFIED.,.F.,.F.,(4,1,4),(0.0164153236414894,0.0187585995590125,0.0211018754765356),
 .UNSPECIFIED.);
#38=B_SPLINE_CURVE_WITH_KNOTS('',3,(#1835,#1836,#1837,#1838,#1839),
 .UNSPECIFIED.,.F.,.F.,(4,1,4),(0.,0.00234326531836709,0.00468653063673418),
 .UNSPECIFIED.);
#39=B_SPLINE_CURVE_WITH_KNOTS('',3,(#1886,#1887,#1888,#1889,#1890),
 .UNSPECIFIED.,.F.,.F.,(4,1,4),(0.0164139031308912,0.0187571771134988,0.0211004510961064),
 .UNSPECIFIED.);
#40=B_SPLINE_CURVE_WITH_KNOTS('',3,(#1891,#1892,#1893,#1894,#1895),
 .UNSPECIFIED.,.F.,.F.,(4,1,4),(0.0164139029355546,0.0187571831289736,0.0211004633223926),
 .UNSPECIFIED.);
#41=B_SPLINE_CURVE_WITH_KNOTS('',3,(#1896,#1897,#1898,#1899,#1900),
 .UNSPECIFIED.,.F.,.F.,(4,1,4),(0.,0.00234326527069044,0.00468653054138087),
 .UNSPECIFIED.);
#42=B_SPLINE_CURVE_WITH_KNOTS('',3,(#1902,#1903,#1904,#1905,#1906),
 .UNSPECIFIED.,.F.,.F.,(4,1,4),(0.0164154443703114,0.0187587233476229,0.0211020023249344),
 .UNSPECIFIED.);
#43=B_SPLINE_CURVE_WITH_KNOTS('',3,(#1907,#1908,#1909,#1910,#1911),
 .UNSPECIFIED.,.F.,.F.,(4,1,4),(0.0164153236414894,0.0187585995590125,0.0211018754765356),
 .UNSPECIFIED.);
#44=B_SPLINE_CURVE_WITH_KNOTS('',3,(#1912,#1913,#1914,#1915,#1916),
 .UNSPECIFIED.,.F.,.F.,(4,1,4),(0.,0.0023432653183671,0.0046865306367342),
 .UNSPECIFIED.);
#45=B_SPLINE_CURVE_WITH_KNOTS('',3,(#1963,#1964,#1965,#1966,#1967),
 .UNSPECIFIED.,.F.,.F.,(4,1,4),(0.0164139031308913,0.0187571771134989,0.0211004510961066),
 .UNSPECIFIED.);
#46=B_SPLINE_CURVE_WITH_KNOTS('',3,(#1968,#1969,#1970,#1971,#1972),
 .UNSPECIFIED.,.F.,.F.,(4,1,4),(0.0164139029355544,0.0187571831289735,0.0211004633223925),
 .UNSPECIFIED.);
#47=B_SPLINE_CURVE_WITH_KNOTS('',3,(#1973,#1974,#1975,#1976,#1977),
 .UNSPECIFIED.,.F.,.F.,(4,1,4),(0.,0.00234326527069045,0.00468653054138091),
 .UNSPECIFIED.);
#48=B_SPLINE_CURVE_WITH_KNOTS('',3,(#1979,#1980,#1981,#1982,#1983),
 .UNSPECIFIED.,.F.,.F.,(4,1,4),(0.0164154443703112,0.0187587233476227,0.0211020023249342),
 .UNSPECIFIED.);
#49=B_SPLINE_CURVE_WITH_KNOTS('',3,(#1984,#1985,#1986,#1987,#1988),
 .UNSPECIFIED.,.F.,.F.,(4,1,4),(0.0164153236414894,0.0187585995590126,0.0211018754765357),
 .UNSPECIFIED.);
#50=B_SPLINE_CURVE_WITH_KNOTS('',3,(#1989,#1990,#1991,#1992,#1993),
 .UNSPECIFIED.,.F.,.F.,(4,1,4),(0.,0.00234326531836711,0.00468653063673421),
 .UNSPECIFIED.);
#51=B_SPLINE_CURVE_WITH_KNOTS('',3,(#2040,#2041,#2042,#2043,#2044),
 .UNSPECIFIED.,.F.,.F.,(4,1,4),(0.0164139031308909,0.0187571771134985,0.0211004510961061),
 .UNSPECIFIED.);
#52=B_SPLINE_CURVE_WITH_KNOTS('',3,(#2045,#2046,#2047,#2048,#2049),
 .UNSPECIFIED.,.F.,.F.,(4,1,4),(0.0164139029355549,0.0187571831289739,0.0211004633223929),
 .UNSPECIFIED.);
#53=B_SPLINE_CURVE_WITH_KNOTS('',3,(#2050,#2051,#2052,#2053,#2054),
 .UNSPECIFIED.,.F.,.F.,(4,1,4),(0.,0.00234326527069047,0.00468653054138094),
 .UNSPECIFIED.);
#54=B_SPLINE_CURVE_WITH_KNOTS('',3,(#2056,#2057,#2058,#2059,#2060),
 .UNSPECIFIED.,.F.,.F.,(4,1,4),(0.0164154443703109,0.0187587233476224,0.0211020023249339),
 .UNSPECIFIED.);
#55=B_SPLINE_CURVE_WITH_KNOTS('',3,(#2061,#2062,#2063,#2064,#2065),
 .UNSPECIFIED.,.F.,.F.,(4,1,4),(0.0164153236414896,0.0187585995590127,0.0211018754765359),
 .UNSPECIFIED.);
#56=B_SPLINE_CURVE_WITH_KNOTS('',3,(#2066,#2067,#2068,#2069,#2070),
 .UNSPECIFIED.,.F.,.F.,(4,1,4),(0.,0.00234326531836707,0.00468653063673415),
 .UNSPECIFIED.);
#57=LINE('',#1651,#127);
#58=LINE('',#1653,#128);
#59=LINE('',#1657,#129);
#60=LINE('',#1658,#130);
#61=LINE('',#1662,#131);
#62=LINE('',#1663,#132);
#63=LINE('',#1667,#133);
#64=LINE('',#1668,#134);
#65=LINE('',#1672,#135);
#66=LINE('',#1673,#136);
#67=LINE('',#1690,#137);
#68=LINE('',#1695,#138);
#69=LINE('',#1699,#139);
#70=LINE('',#1701,#140);
#71=LINE('',#1705,#141);
#72=LINE('',#1710,#142);
#73=LINE('',#1717,#143);
#74=LINE('',#1718,#144);
#75=LINE('',#1720,#145);
#76=LINE('',#1722,#146);
#77=LINE('',#1726,#147);
#78=LINE('',#1728,#148);
#79=LINE('',#1767,#149);
#80=LINE('',#1772,#150);
#81=LINE('',#1776,#151);
#82=LINE('',#1778,#152);
#83=LINE('',#1782,#153);
#84=LINE('',#1787,#154);
#85=LINE('',#1794,#155);
#86=LINE('',#1795,#156);
#87=LINE('',#1797,#157);
#88=LINE('',#1799,#158);
#89=LINE('',#1803,#159);
#90=LINE('',#1805,#160);
#91=LINE('',#1844,#161);
#92=LINE('',#1849,#162);
#93=LINE('',#1853,#163);
#94=LINE('',#1855,#164);
#95=LINE('',#1859,#165);
#96=LINE('',#1864,#166);
#97=LINE('',#1871,#167);
#98=LINE('',#1872,#168);
#99=LINE('',#1874,#169);
#100=LINE('',#1876,#170);
#101=LINE('',#1880,#171);
#102=LINE('',#1882,#172);
#103=LINE('',#1921,#173);
#104=LINE('',#1926,#174);
#105=LINE('',#1930,#175);
#106=LINE('',#1932,#176);
#107=LINE('',#1936,#177);
#108=LINE('',#1941,#178);
#109=LINE('',#1948,#179);
#110=LINE('',#1949,#180);
#111=LINE('',#1951,#181);
#112=LINE('',#1953,#182);
#113=LINE('',#1957,#183);
#114=LINE('',#1959,#184);
#115=LINE('',#1998,#185);
#116=LINE('',#2003,#186);
#117=LINE('',#2007,#187);
#118=LINE('',#2009,#188);
#119=LINE('',#2013,#189);
#120=LINE('',#2018,#190);
#121=LINE('',#2025,#191);
#122=LINE('',#2026,#192);
#123=LINE('',#2028,#193);
#124=LINE('',#2030,#194);
#125=LINE('',#2034,#195);
#126=LINE('',#2036,#196);
#127=VECTOR('',#1325,1.);
#128=VECTOR('',#1326,1.);
#129=VECTOR('',#1329,1.);
#130=VECTOR('',#1330,1.);
#131=VECTOR('',#1333,1.);
#132=VECTOR('',#1334,1.);
#133=VECTOR('',#1337,1.);
#134=VECTOR('',#1338,1.);
#135=VECTOR('',#1341,1.);
#136=VECTOR('',#1342,1.);
#137=VECTOR('',#1365,1.);
#138=VECTOR('',#1368,1.);
#139=VECTOR('',#1373,1.);
#140=VECTOR('',#1374,1.);
#141=VECTOR('',#1379,1.);
#142=VECTOR('',#1382,1.);
#143=VECTOR('',#1389,1.);
#144=VECTOR('',#1390,1.);
#145=VECTOR('',#1393,1.);
#146=VECTOR('',#1394,1.);
#147=VECTOR('',#1399,1.);
#148=VECTOR('',#1400,1.);
#149=VECTOR('',#1415,1.);
#150=VECTOR('',#1418,1.);
#151=VECTOR('',#1423,1.);
#152=VECTOR('',#1424,1.);
#153=VECTOR('',#1429,1.);
#154=VECTOR('',#1432,1.);
#155=VECTOR('',#1439,1.);
#156=VECTOR('',#1440,1.);
#157=VECTOR('',#1443,1.);
#158=VECTOR('',#1444,1.);
#159=VECTOR('',#1449,1.);
#160=VECTOR('',#1450,1.);
#161=VECTOR('',#1465,1.);
#162=VECTOR('',#1468,1.);
#163=VECTOR('',#1473,1.);
#164=VECTOR('',#1474,1.);
#165=VECTOR('',#1479,1.);
#166=VECTOR('',#1482,1.);
#167=VECTOR('',#1489,1.);
#168=VECTOR('',#1490,1.);
#169=VECTOR('',#1493,1.);
#170=VECTOR('',#1494,1.);
#171=VECTOR('',#1499,1.);
#172=VECTOR('',#1500,1.);
#173=VECTOR('',#1515,1.);
#174=VECTOR('',#1518,1.);
#175=VECTOR('',#1523,1.);
#176=VECTOR('',#1524,1.);
#177=VECTOR('',#1529,1.);
#178=VECTOR('',#1532,1.);
#179=VECTOR('',#1539,1.);
#180=VECTOR('',#1540,1.);
#181=VECTOR('',#1543,1.);
#182=VECTOR('',#1544,1.);
#183=VECTOR('',#1549,1.);
#184=VECTOR('',#1550,1.);
#185=VECTOR('',#1565,1.);
#186=VECTOR('',#1568,1.);
#187=VECTOR('',#1573,1.);
#188=VECTOR('',#1574,1.);
#189=VECTOR('',#1579,1.);
#190=VECTOR('',#1582,1.);
#191=VECTOR('',#1589,1.);
#192=VECTOR('',#1590,1.);
#193=VECTOR('',#1593,1.);
#194=VECTOR('',#1594,1.);
#195=VECTOR('',#1599,1.);
#196=VECTOR('',#1600,1.);
#197=PLANE('',#1157);
#198=PLANE('',#1187);
#199=PLANE('',#1188);
#200=PLANE('',#1193);
#201=PLANE('',#1198);
#202=PLANE('',#1202);
#203=PLANE('',#1203);
#204=PLANE('',#1207);
#205=PLANE('',#1212);
#206=PLANE('',#1217);
#207=PLANE('',#1221);
#208=PLANE('',#1222);
#209=PLANE('',#1226);
#210=PLANE('',#1231);
#211=PLANE('',#1236);
#212=PLANE('',#1240);
#213=PLANE('',#1241);
#214=PLANE('',#1245);
#215=PLANE('',#1250);
#216=PLANE('',#1255);
#217=PLANE('',#1259);
#218=PLANE('',#1260);
#219=PLANE('',#1264);
#220=PLANE('',#1269);
#221=PLANE('',#1274);
#222=PLANE('',#1278);
#223=PLANE('',#1279);
#224=ORIENTED_EDGE('',*,*,#556,.F.);
#225=ORIENTED_EDGE('',*,*,#557,.F.);
#226=ORIENTED_EDGE('',*,*,#558,.T.);
#227=ORIENTED_EDGE('',*,*,#559,.T.);
#228=ORIENTED_EDGE('',*,*,#560,.T.);
#229=ORIENTED_EDGE('',*,*,#561,.T.);
#230=ORIENTED_EDGE('',*,*,#562,.T.);
#231=ORIENTED_EDGE('',*,*,#563,.T.);
#232=ORIENTED_EDGE('',*,*,#564,.T.);
#233=ORIENTED_EDGE('',*,*,#565,.T.);
#234=ORIENTED_EDGE('',*,*,#566,.T.);
#235=ORIENTED_EDGE('',*,*,#567,.T.);
#236=ORIENTED_EDGE('',*,*,#568,.F.);
#237=ORIENTED_EDGE('',*,*,#569,.F.);
#238=ORIENTED_EDGE('',*,*,#570,.F.);
#239=ORIENTED_EDGE('',*,*,#571,.F.);
#240=ORIENTED_EDGE('',*,*,#557,.T.);
#241=ORIENTED_EDGE('',*,*,#572,.T.);
#242=ORIENTED_EDGE('',*,*,#573,.T.);
#243=ORIENTED_EDGE('',*,*,#565,.F.);
#244=ORIENTED_EDGE('',*,*,#574,.F.);
#245=ORIENTED_EDGE('',*,*,#575,.F.);
#246=ORIENTED_EDGE('',*,*,#576,.T.);
#247=ORIENTED_EDGE('',*,*,#563,.F.);
#248=ORIENTED_EDGE('',*,*,#577,.F.);
#249=ORIENTED_EDGE('',*,*,#578,.F.);
#250=ORIENTED_EDGE('',*,*,#579,.T.);
#251=ORIENTED_EDGE('',*,*,#561,.F.);
#252=ORIENTED_EDGE('',*,*,#580,.F.);
#253=ORIENTED_EDGE('',*,*,#581,.F.);
#254=ORIENTED_EDGE('',*,*,#582,.T.);
#255=ORIENTED_EDGE('',*,*,#559,.F.);
#256=ORIENTED_EDGE('',*,*,#583,.F.);
#257=ORIENTED_EDGE('',*,*,#584,.F.);
#258=ORIENTED_EDGE('',*,*,#585,.T.);
#259=ORIENTED_EDGE('',*,*,#567,.F.);
#260=ORIENTED_EDGE('',*,*,#586,.F.);
#261=ORIENTED_EDGE('',*,*,#587,.F.);
#262=ORIENTED_EDGE('',*,*,#568,.T.);
#263=ORIENTED_EDGE('',*,*,#588,.F.);
#264=ORIENTED_EDGE('',*,*,#569,.T.);
#265=ORIENTED_EDGE('',*,*,#589,.F.);
#266=ORIENTED_EDGE('',*,*,#570,.T.);
#267=ORIENTED_EDGE('',*,*,#590,.F.);
#268=ORIENTED_EDGE('',*,*,#571,.T.);
#269=ORIENTED_EDGE('',*,*,#591,.F.);
#270=ORIENTED_EDGE('',*,*,#591,.T.);
#271=ORIENTED_EDGE('',*,*,#590,.T.);
#272=ORIENTED_EDGE('',*,*,#589,.T.);
#273=ORIENTED_EDGE('',*,*,#588,.T.);
#274=ORIENTED_EDGE('',*,*,#556,.T.);
#275=ORIENTED_EDGE('',*,*,#572,.F.);
#276=ORIENTED_EDGE('',*,*,#592,.F.);
#277=ORIENTED_EDGE('',*,*,#593,.T.);
#278=ORIENTED_EDGE('',*,*,#594,.T.);
#279=ORIENTED_EDGE('',*,*,#595,.F.);
#280=ORIENTED_EDGE('',*,*,#596,.F.);
#281=ORIENTED_EDGE('',*,*,#558,.F.);
#282=ORIENTED_EDGE('',*,*,#597,.T.);
#283=ORIENTED_EDGE('',*,*,#598,.F.);
#284=ORIENTED_EDGE('',*,*,#599,.T.);
#285=ORIENTED_EDGE('',*,*,#600,.F.);
#286=ORIENTED_EDGE('',*,*,#601,.F.);
#287=ORIENTED_EDGE('',*,*,#602,.F.);
#288=ORIENTED_EDGE('',*,*,#603,.F.);
#289=ORIENTED_EDGE('',*,*,#604,.F.);
#290=ORIENTED_EDGE('',*,*,#600,.T.);
#291=ORIENTED_EDGE('',*,*,#605,.T.);
#292=ORIENTED_EDGE('',*,*,#606,.F.);
#293=ORIENTED_EDGE('',*,*,#603,.T.);
#294=ORIENTED_EDGE('',*,*,#607,.T.);
#295=ORIENTED_EDGE('',*,*,#608,.F.);
#296=ORIENTED_EDGE('',*,*,#609,.T.);
#297=ORIENTED_EDGE('',*,*,#593,.F.);
#298=ORIENTED_EDGE('',*,*,#610,.F.);
#299=ORIENTED_EDGE('',*,*,#611,.F.);
#300=ORIENTED_EDGE('',*,*,#610,.T.);
#301=ORIENTED_EDGE('',*,*,#592,.T.);
#302=ORIENTED_EDGE('',*,*,#612,.F.);
#303=ORIENTED_EDGE('',*,*,#583,.T.);
#304=ORIENTED_EDGE('',*,*,#596,.T.);
#305=ORIENTED_EDGE('',*,*,#613,.F.);
#306=ORIENTED_EDGE('',*,*,#601,.T.);
#307=ORIENTED_EDGE('',*,*,#604,.T.);
#308=ORIENTED_EDGE('',*,*,#606,.T.);
#309=ORIENTED_EDGE('',*,*,#614,.F.);
#310=ORIENTED_EDGE('',*,*,#607,.F.);
#311=ORIENTED_EDGE('',*,*,#605,.F.);
#312=ORIENTED_EDGE('',*,*,#599,.F.);
#313=ORIENTED_EDGE('',*,*,#615,.F.);
#314=ORIENTED_EDGE('',*,*,#597,.F.);
#315=ORIENTED_EDGE('',*,*,#585,.F.);
#316=ORIENTED_EDGE('',*,*,#616,.F.);
#317=ORIENTED_EDGE('',*,*,#594,.F.);
#318=ORIENTED_EDGE('',*,*,#609,.F.);
#319=ORIENTED_EDGE('',*,*,#617,.F.);
#320=ORIENTED_EDGE('',*,*,#612,.T.);
#321=ORIENTED_EDGE('',*,*,#595,.T.);
#322=ORIENTED_EDGE('',*,*,#616,.T.);
#323=ORIENTED_EDGE('',*,*,#584,.T.);
#324=ORIENTED_EDGE('',*,*,#613,.T.);
#325=ORIENTED_EDGE('',*,*,#598,.T.);
#326=ORIENTED_EDGE('',*,*,#615,.T.);
#327=ORIENTED_EDGE('',*,*,#602,.T.);
#328=ORIENTED_EDGE('',*,*,#614,.T.);
#329=ORIENTED_EDGE('',*,*,#608,.T.);
#330=ORIENTED_EDGE('',*,*,#617,.T.);
#331=ORIENTED_EDGE('',*,*,#611,.T.);
#332=ORIENTED_EDGE('',*,*,#618,.F.);
#333=ORIENTED_EDGE('',*,*,#619,.T.);
#334=ORIENTED_EDGE('',*,*,#620,.T.);
#335=ORIENTED_EDGE('',*,*,#621,.F.);
#336=ORIENTED_EDGE('',*,*,#622,.F.);
#337=ORIENTED_EDGE('',*,*,#560,.F.);
#338=ORIENTED_EDGE('',*,*,#623,.T.);
#339=ORIENTED_EDGE('',*,*,#624,.F.);
#340=ORIENTED_EDGE('',*,*,#625,.T.);
#341=ORIENTED_EDGE('',*,*,#626,.F.);
#342=ORIENTED_EDGE('',*,*,#627,.F.);
#343=ORIENTED_EDGE('',*,*,#628,.F.);
#344=ORIENTED_EDGE('',*,*,#629,.F.);
#345=ORIENTED_EDGE('',*,*,#630,.F.);
#346=ORIENTED_EDGE('',*,*,#626,.T.);
#347=ORIENTED_EDGE('',*,*,#631,.T.);
#348=ORIENTED_EDGE('',*,*,#632,.F.);
#349=ORIENTED_EDGE('',*,*,#629,.T.);
#350=ORIENTED_EDGE('',*,*,#633,.T.);
#351=ORIENTED_EDGE('',*,*,#634,.F.);
#352=ORIENTED_EDGE('',*,*,#635,.T.);
#353=ORIENTED_EDGE('',*,*,#619,.F.);
#354=ORIENTED_EDGE('',*,*,#636,.F.);
#355=ORIENTED_EDGE('',*,*,#637,.F.);
#356=ORIENTED_EDGE('',*,*,#636,.T.);
#357=ORIENTED_EDGE('',*,*,#618,.T.);
#358=ORIENTED_EDGE('',*,*,#638,.F.);
#359=ORIENTED_EDGE('',*,*,#580,.T.);
#360=ORIENTED_EDGE('',*,*,#622,.T.);
#361=ORIENTED_EDGE('',*,*,#639,.F.);
#362=ORIENTED_EDGE('',*,*,#627,.T.);
#363=ORIENTED_EDGE('',*,*,#630,.T.);
#364=ORIENTED_EDGE('',*,*,#632,.T.);
#365=ORIENTED_EDGE('',*,*,#640,.F.);
#366=ORIENTED_EDGE('',*,*,#633,.F.);
#367=ORIENTED_EDGE('',*,*,#631,.F.);
#368=ORIENTED_EDGE('',*,*,#625,.F.);
#369=ORIENTED_EDGE('',*,*,#641,.F.);
#370=ORIENTED_EDGE('',*,*,#623,.F.);
#371=ORIENTED_EDGE('',*,*,#582,.F.);
#372=ORIENTED_EDGE('',*,*,#642,.F.);
#373=ORIENTED_EDGE('',*,*,#620,.F.);
#374=ORIENTED_EDGE('',*,*,#635,.F.);
#375=ORIENTED_EDGE('',*,*,#643,.F.);
#376=ORIENTED_EDGE('',*,*,#638,.T.);
#377=ORIENTED_EDGE('',*,*,#621,.T.);
#378=ORIENTED_EDGE('',*,*,#642,.T.);
#379=ORIENTED_EDGE('',*,*,#581,.T.);
#380=ORIENTED_EDGE('',*,*,#639,.T.);
#381=ORIENTED_EDGE('',*,*,#624,.T.);
#382=ORIENTED_EDGE('',*,*,#641,.T.);
#383=ORIENTED_EDGE('',*,*,#628,.T.);
#384=ORIENTED_EDGE('',*,*,#640,.T.);
#385=ORIENTED_EDGE('',*,*,#634,.T.);
#386=ORIENTED_EDGE('',*,*,#643,.T.);
#387=ORIENTED_EDGE('',*,*,#637,.T.);
#388=ORIENTED_EDGE('',*,*,#644,.F.);
#389=ORIENTED_EDGE('',*,*,#645,.T.);
#390=ORIENTED_EDGE('',*,*,#646,.T.);
#391=ORIENTED_EDGE('',*,*,#647,.F.);
#392=ORIENTED_EDGE('',*,*,#648,.F.);
#393=ORIENTED_EDGE('',*,*,#562,.F.);
#394=ORIENTED_EDGE('',*,*,#649,.T.);
#395=ORIENTED_EDGE('',*,*,#650,.F.);
#396=ORIENTED_EDGE('',*,*,#651,.T.);
#397=ORIENTED_EDGE('',*,*,#652,.F.);
#398=ORIENTED_EDGE('',*,*,#653,.F.);
#399=ORIENTED_EDGE('',*,*,#654,.F.);
#400=ORIENTED_EDGE('',*,*,#655,.F.);
#401=ORIENTED_EDGE('',*,*,#656,.F.);
#402=ORIENTED_EDGE('',*,*,#652,.T.);
#403=ORIENTED_EDGE('',*,*,#657,.T.);
#404=ORIENTED_EDGE('',*,*,#658,.F.);
#405=ORIENTED_EDGE('',*,*,#655,.T.);
#406=ORIENTED_EDGE('',*,*,#659,.T.);
#407=ORIENTED_EDGE('',*,*,#660,.F.);
#408=ORIENTED_EDGE('',*,*,#661,.T.);
#409=ORIENTED_EDGE('',*,*,#645,.F.);
#410=ORIENTED_EDGE('',*,*,#662,.F.);
#411=ORIENTED_EDGE('',*,*,#663,.F.);
#412=ORIENTED_EDGE('',*,*,#662,.T.);
#413=ORIENTED_EDGE('',*,*,#644,.T.);
#414=ORIENTED_EDGE('',*,*,#664,.F.);
#415=ORIENTED_EDGE('',*,*,#577,.T.);
#416=ORIENTED_EDGE('',*,*,#648,.T.);
#417=ORIENTED_EDGE('',*,*,#665,.F.);
#418=ORIENTED_EDGE('',*,*,#653,.T.);
#419=ORIENTED_EDGE('',*,*,#656,.T.);
#420=ORIENTED_EDGE('',*,*,#658,.T.);
#421=ORIENTED_EDGE('',*,*,#666,.F.);
#422=ORIENTED_EDGE('',*,*,#659,.F.);
#423=ORIENTED_EDGE('',*,*,#657,.F.);
#424=ORIENTED_EDGE('',*,*,#651,.F.);
#425=ORIENTED_EDGE('',*,*,#667,.F.);
#426=ORIENTED_EDGE('',*,*,#649,.F.);
#427=ORIENTED_EDGE('',*,*,#579,.F.);
#428=ORIENTED_EDGE('',*,*,#668,.F.);
#429=ORIENTED_EDGE('',*,*,#646,.F.);
#430=ORIENTED_EDGE('',*,*,#661,.F.);
#431=ORIENTED_EDGE('',*,*,#669,.F.);
#432=ORIENTED_EDGE('',*,*,#664,.T.);
#433=ORIENTED_EDGE('',*,*,#647,.T.);
#434=ORIENTED_EDGE('',*,*,#668,.T.);
#435=ORIENTED_EDGE('',*,*,#578,.T.);
#436=ORIENTED_EDGE('',*,*,#665,.T.);
#437=ORIENTED_EDGE('',*,*,#650,.T.);
#438=ORIENTED_EDGE('',*,*,#667,.T.);
#439=ORIENTED_EDGE('',*,*,#654,.T.);
#440=ORIENTED_EDGE('',*,*,#666,.T.);
#441=ORIENTED_EDGE('',*,*,#660,.T.);
#442=ORIENTED_EDGE('',*,*,#669,.T.);
#443=ORIENTED_EDGE('',*,*,#663,.T.);
#444=ORIENTED_EDGE('',*,*,#670,.F.);
#445=ORIENTED_EDGE('',*,*,#671,.T.);
#446=ORIENTED_EDGE('',*,*,#672,.T.);
#447=ORIENTED_EDGE('',*,*,#673,.F.);
#448=ORIENTED_EDGE('',*,*,#674,.F.);
#449=ORIENTED_EDGE('',*,*,#564,.F.);
#450=ORIENTED_EDGE('',*,*,#675,.T.);
#451=ORIENTED_EDGE('',*,*,#676,.F.);
#452=ORIENTED_EDGE('',*,*,#677,.T.);
#453=ORIENTED_EDGE('',*,*,#678,.F.);
#454=ORIENTED_EDGE('',*,*,#679,.F.);
#455=ORIENTED_EDGE('',*,*,#680,.F.);
#456=ORIENTED_EDGE('',*,*,#681,.F.);
#457=ORIENTED_EDGE('',*,*,#682,.F.);
#458=ORIENTED_EDGE('',*,*,#678,.T.);
#459=ORIENTED_EDGE('',*,*,#683,.T.);
#460=ORIENTED_EDGE('',*,*,#684,.F.);
#461=ORIENTED_EDGE('',*,*,#681,.T.);
#462=ORIENTED_EDGE('',*,*,#685,.T.);
#463=ORIENTED_EDGE('',*,*,#686,.F.);
#464=ORIENTED_EDGE('',*,*,#687,.T.);
#465=ORIENTED_EDGE('',*,*,#671,.F.);
#466=ORIENTED_EDGE('',*,*,#688,.F.);
#467=ORIENTED_EDGE('',*,*,#689,.F.);
#468=ORIENTED_EDGE('',*,*,#688,.T.);
#469=ORIENTED_EDGE('',*,*,#670,.T.);
#470=ORIENTED_EDGE('',*,*,#690,.F.);
#471=ORIENTED_EDGE('',*,*,#574,.T.);
#472=ORIENTED_EDGE('',*,*,#674,.T.);
#473=ORIENTED_EDGE('',*,*,#691,.F.);
#474=ORIENTED_EDGE('',*,*,#679,.T.);
#475=ORIENTED_EDGE('',*,*,#682,.T.);
#476=ORIENTED_EDGE('',*,*,#684,.T.);
#477=ORIENTED_EDGE('',*,*,#692,.F.);
#478=ORIENTED_EDGE('',*,*,#685,.F.);
#479=ORIENTED_EDGE('',*,*,#683,.F.);
#480=ORIENTED_EDGE('',*,*,#677,.F.);
#481=ORIENTED_EDGE('',*,*,#693,.F.);
#482=ORIENTED_EDGE('',*,*,#675,.F.);
#483=ORIENTED_EDGE('',*,*,#576,.F.);
#484=ORIENTED_EDGE('',*,*,#694,.F.);
#485=ORIENTED_EDGE('',*,*,#672,.F.);
#486=ORIENTED_EDGE('',*,*,#687,.F.);
#487=ORIENTED_EDGE('',*,*,#695,.F.);
#488=ORIENTED_EDGE('',*,*,#690,.T.);
#489=ORIENTED_EDGE('',*,*,#673,.T.);
#490=ORIENTED_EDGE('',*,*,#694,.T.);
#491=ORIENTED_EDGE('',*,*,#575,.T.);
#492=ORIENTED_EDGE('',*,*,#691,.T.);
#493=ORIENTED_EDGE('',*,*,#676,.T.);
#494=ORIENTED_EDGE('',*,*,#693,.T.);
#495=ORIENTED_EDGE('',*,*,#680,.T.);
#496=ORIENTED_EDGE('',*,*,#692,.T.);
#497=ORIENTED_EDGE('',*,*,#686,.T.);
#498=ORIENTED_EDGE('',*,*,#695,.T.);
#499=ORIENTED_EDGE('',*,*,#689,.T.);
#500=ORIENTED_EDGE('',*,*,#696,.F.);
#501=ORIENTED_EDGE('',*,*,#697,.T.);
#502=ORIENTED_EDGE('',*,*,#698,.T.);
#503=ORIENTED_EDGE('',*,*,#699,.F.);
#504=ORIENTED_EDGE('',*,*,#700,.F.);
#505=ORIENTED_EDGE('',*,*,#566,.F.);
#506=ORIENTED_EDGE('',*,*,#701,.T.);
#507=ORIENTED_EDGE('',*,*,#702,.F.);
#508=ORIENTED_EDGE('',*,*,#703,.T.);
#509=ORIENTED_EDGE('',*,*,#704,.F.);
#510=ORIENTED_EDGE('',*,*,#705,.F.);
#511=ORIENTED_EDGE('',*,*,#706,.F.);
#512=ORIENTED_EDGE('',*,*,#707,.F.);
#513=ORIENTED_EDGE('',*,*,#708,.F.);
#514=ORIENTED_EDGE('',*,*,#704,.T.);
#515=ORIENTED_EDGE('',*,*,#709,.T.);
#516=ORIENTED_EDGE('',*,*,#710,.F.);
#517=ORIENTED_EDGE('',*,*,#707,.T.);
#518=ORIENTED_EDGE('',*,*,#711,.T.);
#519=ORIENTED_EDGE('',*,*,#712,.F.);
#520=ORIENTED_EDGE('',*,*,#713,.T.);
#521=ORIENTED_EDGE('',*,*,#697,.F.);
#522=ORIENTED_EDGE('',*,*,#714,.F.);
#523=ORIENTED_EDGE('',*,*,#715,.F.);
#524=ORIENTED_EDGE('',*,*,#714,.T.);
#525=ORIENTED_EDGE('',*,*,#696,.T.);
#526=ORIENTED_EDGE('',*,*,#716,.F.);
#527=ORIENTED_EDGE('',*,*,#586,.T.);
#528=ORIENTED_EDGE('',*,*,#700,.T.);
#529=ORIENTED_EDGE('',*,*,#717,.F.);
#530=ORIENTED_EDGE('',*,*,#705,.T.);
#531=ORIENTED_EDGE('',*,*,#708,.T.);
#532=ORIENTED_EDGE('',*,*,#710,.T.);
#533=ORIENTED_EDGE('',*,*,#718,.F.);
#534=ORIENTED_EDGE('',*,*,#711,.F.);
#535=ORIENTED_EDGE('',*,*,#709,.F.);
#536=ORIENTED_EDGE('',*,*,#703,.F.);
#537=ORIENTED_EDGE('',*,*,#719,.F.);
#538=ORIENTED_EDGE('',*,*,#701,.F.);
#539=ORIENTED_EDGE('',*,*,#573,.F.);
#540=ORIENTED_EDGE('',*,*,#720,.F.);
#541=ORIENTED_EDGE('',*,*,#698,.F.);
#542=ORIENTED_EDGE('',*,*,#713,.F.);
#543=ORIENTED_EDGE('',*,*,#721,.F.);
#544=ORIENTED_EDGE('',*,*,#716,.T.);
#545=ORIENTED_EDGE('',*,*,#699,.T.);
#546=ORIENTED_EDGE('',*,*,#720,.T.);
#547=ORIENTED_EDGE('',*,*,#587,.T.);
#548=ORIENTED_EDGE('',*,*,#717,.T.);
#549=ORIENTED_EDGE('',*,*,#702,.T.);
#550=ORIENTED_EDGE('',*,*,#719,.T.);
#551=ORIENTED_EDGE('',*,*,#706,.T.);
#552=ORIENTED_EDGE('',*,*,#718,.T.);
#553=ORIENTED_EDGE('',*,*,#712,.T.);
#554=ORIENTED_EDGE('',*,*,#721,.T.);
#555=ORIENTED_EDGE('',*,*,#715,.T.);
#556=EDGE_CURVE('',#722,#722,#833,.T.);
#557=EDGE_CURVE('',#723,#723,#834,.T.);
#558=EDGE_CURVE('',#724,#725,#835,.T.);
#559=EDGE_CURVE('',#725,#726,#836,.T.);
#560=EDGE_CURVE('',#726,#727,#837,.T.);
#561=EDGE_CURVE('',#727,#728,#838,.T.);
#562=EDGE_CURVE('',#728,#729,#839,.T.);
#563=EDGE_CURVE('',#729,#730,#840,.T.);
#564=EDGE_CURVE('',#730,#731,#841,.T.);
#565=EDGE_CURVE('',#731,#732,#842,.T.);
#566=EDGE_CURVE('',#732,#733,#843,.T.);
#567=EDGE_CURVE('',#733,#724,#844,.T.);
#568=EDGE_CURVE('',#734,#734,#845,.T.);
#569=EDGE_CURVE('',#735,#735,#846,.T.);
#570=EDGE_CURVE('',#736,#736,#847,.T.);
#571=EDGE_CURVE('',#737,#737,#848,.T.);
#572=EDGE_CURVE('',#738,#738,#849,.T.);
#573=EDGE_CURVE('',#739,#732,#57,.F.);
#574=EDGE_CURVE('',#740,#731,#58,.F.);
#575=EDGE_CURVE('',#741,#740,#850,.T.);
#576=EDGE_CURVE('',#741,#730,#59,.F.);
#577=EDGE_CURVE('',#742,#729,#60,.F.);
#578=EDGE_CURVE('',#743,#742,#851,.T.);
#579=EDGE_CURVE('',#743,#728,#61,.F.);
#580=EDGE_CURVE('',#744,#727,#62,.F.);
#581=EDGE_CURVE('',#745,#744,#852,.T.);
#582=EDGE_CURVE('',#745,#726,#63,.F.);
#583=EDGE_CURVE('',#746,#725,#64,.F.);
#584=EDGE_CURVE('',#747,#746,#853,.T.);
#585=EDGE_CURVE('',#747,#724,#65,.F.);
#586=EDGE_CURVE('',#748,#733,#66,.F.);
#587=EDGE_CURVE('',#739,#748,#854,.T.);
#588=EDGE_CURVE('',#749,#749,#855,.T.);
#589=EDGE_CURVE('',#750,#750,#856,.T.);
#590=EDGE_CURVE('',#751,#751,#857,.T.);
#591=EDGE_CURVE('',#752,#752,#858,.T.);
#592=EDGE_CURVE('',#753,#754,#67,.T.);
#593=EDGE_CURVE('',#753,#755,#859,.T.);
#594=EDGE_CURVE('',#755,#756,#68,.T.);
#595=EDGE_CURVE('',#754,#756,#860,.F.);
#596=EDGE_CURVE('',#725,#757,#69,.T.);
#597=EDGE_CURVE('',#724,#758,#70,.T.);
#598=EDGE_CURVE('',#757,#758,#861,.F.);
#599=EDGE_CURVE('',#759,#760,#71,.T.);
#600=EDGE_CURVE('',#761,#760,#862,.T.);
#601=EDGE_CURVE('',#762,#761,#72,.T.);
#602=EDGE_CURVE('',#759,#762,#863,.T.);
#603=EDGE_CURVE('',#763,#764,#864,.T.);
#604=EDGE_CURVE('',#761,#763,#73,.T.);
#605=EDGE_CURVE('',#760,#764,#74,.T.);
#606=EDGE_CURVE('',#763,#765,#75,.T.);
#607=EDGE_CURVE('',#764,#766,#76,.T.);
#608=EDGE_CURVE('',#765,#766,#865,.T.);
#609=EDGE_CURVE('',#767,#755,#77,.F.);
#610=EDGE_CURVE('',#768,#753,#78,.F.);
#611=EDGE_CURVE('',#767,#768,#866,.F.);
#612=EDGE_CURVE('',#746,#754,#27,.T.);
#613=EDGE_CURVE('',#762,#757,#28,.T.);
#614=EDGE_CURVE('',#768,#765,#29,.T.);
#615=EDGE_CURVE('',#758,#759,#30,.T.);
#616=EDGE_CURVE('',#756,#747,#31,.T.);
#617=EDGE_CURVE('',#766,#767,#32,.T.);
#618=EDGE_CURVE('',#769,#770,#79,.T.);
#619=EDGE_CURVE('',#769,#771,#867,.T.);
#620=EDGE_CURVE('',#771,#772,#80,.T.);
#621=EDGE_CURVE('',#770,#772,#868,.F.);
#622=EDGE_CURVE('',#727,#773,#81,.T.);
#623=EDGE_CURVE('',#726,#774,#82,.T.);
#624=EDGE_CURVE('',#773,#774,#869,.F.);
#625=EDGE_CURVE('',#775,#776,#83,.T.);
#626=EDGE_CURVE('',#777,#776,#870,.T.);
#627=EDGE_CURVE('',#778,#777,#84,.T.);
#628=EDGE_CURVE('',#775,#778,#871,.T.);
#629=EDGE_CURVE('',#779,#780,#872,.T.);
#630=EDGE_CURVE('',#777,#779,#85,.T.);
#631=EDGE_CURVE('',#776,#780,#86,.T.);
#632=EDGE_CURVE('',#779,#781,#87,.T.);
#633=EDGE_CURVE('',#780,#782,#88,.T.);
#634=EDGE_CURVE('',#781,#782,#873,.T.);
#635=EDGE_CURVE('',#783,#771,#89,.F.);
#636=EDGE_CURVE('',#784,#769,#90,.F.);
#637=EDGE_CURVE('',#783,#784,#874,.F.);
#638=EDGE_CURVE('',#744,#770,#33,.T.);
#639=EDGE_CURVE('',#778,#773,#34,.T.);
#640=EDGE_CURVE('',#784,#781,#35,.T.);
#641=EDGE_CURVE('',#774,#775,#36,.T.);
#642=EDGE_CURVE('',#772,#745,#37,.T.);
#643=EDGE_CURVE('',#782,#783,#38,.T.);
#644=EDGE_CURVE('',#785,#786,#91,.T.);
#645=EDGE_CURVE('',#785,#787,#875,.T.);
#646=EDGE_CURVE('',#787,#788,#92,.T.);
#647=EDGE_CURVE('',#786,#788,#876,.F.);
#648=EDGE_CURVE('',#729,#789,#93,.T.);
#649=EDGE_CURVE('',#728,#790,#94,.T.);
#650=EDGE_CURVE('',#789,#790,#877,.F.);
#651=EDGE_CURVE('',#791,#792,#95,.T.);
#652=EDGE_CURVE('',#793,#792,#878,.T.);
#653=EDGE_CURVE('',#794,#793,#96,.T.);
#654=EDGE_CURVE('',#791,#794,#879,.T.);
#655=EDGE_CURVE('',#795,#796,#880,.T.);
#656=EDGE_CURVE('',#793,#795,#97,.T.);
#657=EDGE_CURVE('',#792,#796,#98,.T.);
#658=EDGE_CURVE('',#795,#797,#99,.T.);
#659=EDGE_CURVE('',#796,#798,#100,.T.);
#660=EDGE_CURVE('',#797,#798,#881,.T.);
#661=EDGE_CURVE('',#799,#787,#101,.F.);
#662=EDGE_CURVE('',#800,#785,#102,.F.);
#663=EDGE_CURVE('',#799,#800,#882,.F.);
#664=EDGE_CURVE('',#742,#786,#39,.T.);
#665=EDGE_CURVE('',#794,#789,#40,.T.);
#666=EDGE_CURVE('',#800,#797,#41,.T.);
#667=EDGE_CURVE('',#790,#791,#42,.T.);
#668=EDGE_CURVE('',#788,#743,#43,.T.);
#669=EDGE_CURVE('',#798,#799,#44,.T.);
#670=EDGE_CURVE('',#801,#802,#103,.T.);
#671=EDGE_CURVE('',#801,#803,#883,.T.);
#672=EDGE_CURVE('',#803,#804,#104,.T.);
#673=EDGE_CURVE('',#802,#804,#884,.F.);
#674=EDGE_CURVE('',#731,#805,#105,.T.);
#675=EDGE_CURVE('',#730,#806,#106,.T.);
#676=EDGE_CURVE('',#805,#806,#885,.F.);
#677=EDGE_CURVE('',#807,#808,#107,.T.);
#678=EDGE_CURVE('',#809,#808,#886,.T.);
#679=EDGE_CURVE('',#810,#809,#108,.T.);
#680=EDGE_CURVE('',#807,#810,#887,.T.);
#681=EDGE_CURVE('',#811,#812,#888,.T.);
#682=EDGE_CURVE('',#809,#811,#109,.T.);
#683=EDGE_CURVE('',#808,#812,#110,.T.);
#684=EDGE_CURVE('',#811,#813,#111,.T.);
#685=EDGE_CURVE('',#812,#814,#112,.T.);
#686=EDGE_CURVE('',#813,#814,#889,.T.);
#687=EDGE_CURVE('',#815,#803,#113,.F.);
#688=EDGE_CURVE('',#816,#801,#114,.F.);
#689=EDGE_CURVE('',#815,#816,#890,.F.);
#690=EDGE_CURVE('',#740,#802,#45,.T.);
#691=EDGE_CURVE('',#810,#805,#46,.T.);
#692=EDGE_CURVE('',#816,#813,#47,.T.);
#693=EDGE_CURVE('',#806,#807,#48,.T.);
#694=EDGE_CURVE('',#804,#741,#49,.T.);
#695=EDGE_CURVE('',#814,#815,#50,.T.);
#696=EDGE_CURVE('',#817,#818,#115,.T.);
#697=EDGE_CURVE('',#817,#819,#891,.T.);
#698=EDGE_CURVE('',#819,#820,#116,.T.);
#699=EDGE_CURVE('',#818,#820,#892,.F.);
#700=EDGE_CURVE('',#733,#821,#117,.T.);
#701=EDGE_CURVE('',#732,#822,#118,.T.);
#702=EDGE_CURVE('',#821,#822,#893,.F.);
#703=EDGE_CURVE('',#823,#824,#119,.T.);
#704=EDGE_CURVE('',#825,#824,#894,.T.);
#705=EDGE_CURVE('',#826,#825,#120,.T.);
#706=EDGE_CURVE('',#823,#826,#895,.T.);
#707=EDGE_CURVE('',#827,#828,#896,.T.);
#708=EDGE_CURVE('',#825,#827,#121,.T.);
#709=EDGE_CURVE('',#824,#828,#122,.T.);
#710=EDGE_CURVE('',#827,#829,#123,.T.);
#711=EDGE_CURVE('',#828,#830,#124,.T.);
#712=EDGE_CURVE('',#829,#830,#897,.T.);
#713=EDGE_CURVE('',#831,#819,#125,.F.);
#714=EDGE_CURVE('',#832,#817,#126,.F.);
#715=EDGE_CURVE('',#831,#832,#898,.F.);
#716=EDGE_CURVE('',#748,#818,#51,.T.);
#717=EDGE_CURVE('',#826,#821,#52,.T.);
#718=EDGE_CURVE('',#832,#829,#53,.T.);
#719=EDGE_CURVE('',#822,#823,#54,.T.);
#720=EDGE_CURVE('',#820,#739,#55,.T.);
#721=EDGE_CURVE('',#830,#831,#56,.T.);
#722=VERTEX_POINT('',#1616);
#723=VERTEX_POINT('',#1618);
#724=VERTEX_POINT('',#1621);
#725=VERTEX_POINT('',#1622);
#726=VERTEX_POINT('',#1624);
#727=VERTEX_POINT('',#1626);
#728=VERTEX_POINT('',#1628);
#729=VERTEX_POINT('',#1630);
#730=VERTEX_POINT('',#1632);
#731=VERTEX_POINT('',#1634);
#732=VERTEX_POINT('',#1636);
#733=VERTEX_POINT('',#1638);
#734=VERTEX_POINT('',#1641);
#735=VERTEX_POINT('',#1643);
#736=VERTEX_POINT('',#1645);
#737=VERTEX_POINT('',#1647);
#738=VERTEX_POINT('',#1650);
#739=VERTEX_POINT('',#1652);
#740=VERTEX_POINT('',#1654);
#741=VERTEX_POINT('',#1656);
#742=VERTEX_POINT('',#1659);
#743=VERTEX_POINT('',#1661);
#744=VERTEX_POINT('',#1664);
#745=VERTEX_POINT('',#1666);
#746=VERTEX_POINT('',#1669);
#747=VERTEX_POINT('',#1671);
#748=VERTEX_POINT('',#1674);
#749=VERTEX_POINT('',#1678);
#750=VERTEX_POINT('',#1681);
#751=VERTEX_POINT('',#1684);
#752=VERTEX_POINT('',#1687);
#753=VERTEX_POINT('',#1691);
#754=VERTEX_POINT('',#1692);
#755=VERTEX_POINT('',#1694);
#756=VERTEX_POINT('',#1696);
#757=VERTEX_POINT('',#1700);
#758=VERTEX_POINT('',#1702);
#759=VERTEX_POINT('',#1706);
#760=VERTEX_POINT('',#1707);
#761=VERTEX_POINT('',#1709);
#762=VERTEX_POINT('',#1711);
#763=VERTEX_POINT('',#1715);
#764=VERTEX_POINT('',#1716);
#765=VERTEX_POINT('',#1721);
#766=VERTEX_POINT('',#1723);
#767=VERTEX_POINT('',#1727);
#768=VERTEX_POINT('',#1729);
#769=VERTEX_POINT('',#1768);
#770=VERTEX_POINT('',#1769);
#771=VERTEX_POINT('',#1771);
#772=VERTEX_POINT('',#1773);
#773=VERTEX_POINT('',#1777);
#774=VERTEX_POINT('',#1779);
#775=VERTEX_POINT('',#1783);
#776=VERTEX_POINT('',#1784);
#777=VERTEX_POINT('',#1786);
#778=VERTEX_POINT('',#1788);
#779=VERTEX_POINT('',#1792);
#780=VERTEX_POINT('',#1793);
#781=VERTEX_POINT('',#1798);
#782=VERTEX_POINT('',#1800);
#783=VERTEX_POINT('',#1804);
#784=VERTEX_POINT('',#1806);
#785=VERTEX_POINT('',#1845);
#786=VERTEX_POINT('',#1846);
#787=VERTEX_POINT('',#1848);
#788=VERTEX_POINT('',#1850);
#789=VERTEX_POINT('',#1854);
#790=VERTEX_POINT('',#1856);
#791=VERTEX_POINT('',#1860);
#792=VERTEX_POINT('',#1861);
#793=VERTEX_POINT('',#1863);
#794=VERTEX_POINT('',#1865);
#795=VERTEX_POINT('',#1869);
#796=VERTEX_POINT('',#1870);
#797=VERTEX_POINT('',#1875);
#798=VERTEX_POINT('',#1877);
#799=VERTEX_POINT('',#1881);
#800=VERTEX_POINT('',#1883);
#801=VERTEX_POINT('',#1922);
#802=VERTEX_POINT('',#1923);
#803=VERTEX_POINT('',#1925);
#804=VERTEX_POINT('',#1927);
#805=VERTEX_POINT('',#1931);
#806=VERTEX_POINT('',#1933);
#807=VERTEX_POINT('',#1937);
#808=VERTEX_POINT('',#1938);
#809=VERTEX_POINT('',#1940);
#810=VERTEX_POINT('',#1942);
#811=VERTEX_POINT('',#1946);
#812=VERTEX_POINT('',#1947);
#813=VERTEX_POINT('',#1952);
#814=VERTEX_POINT('',#1954);
#815=VERTEX_POINT('',#1958);
#816=VERTEX_POINT('',#1960);
#817=VERTEX_POINT('',#1999);
#818=VERTEX_POINT('',#2000);
#819=VERTEX_POINT('',#2002);
#820=VERTEX_POINT('',#2004);
#821=VERTEX_POINT('',#2008);
#822=VERTEX_POINT('',#2010);
#823=VERTEX_POINT('',#2014);
#824=VERTEX_POINT('',#2015);
#825=VERTEX_POINT('',#2017);
#826=VERTEX_POINT('',#2019);
#827=VERTEX_POINT('',#2023);
#828=VERTEX_POINT('',#2024);
#829=VERTEX_POINT('',#2029);
#830=VERTEX_POINT('',#2031);
#831=VERTEX_POINT('',#2035);
#832=VERTEX_POINT('',#2037);
#833=CIRCLE('',#1155,0.01025);
#834=CIRCLE('',#1156,0.01025);
#835=CIRCLE('',#1158,0.043);
#836=CIRCLE('',#1159,0.043);
#837=CIRCLE('',#1160,0.043);
#838=CIRCLE('',#1161,0.043);
#839=CIRCLE('',#1162,0.043);
#840=CIRCLE('',#1163,0.043);
#841=CIRCLE('',#1164,0.043);
#842=CIRCLE('',#1165,0.043);
#843=CIRCLE('',#1166,0.043);
#844=CIRCLE('',#1167,0.043);
#845=CIRCLE('',#1168,0.0016);
#846=CIRCLE('',#1169,0.0016);
#847=CIRCLE('',#1170,0.0016);
#848=CIRCLE('',#1171,0.0016);
#849=CIRCLE('',#1173,0.043);
#850=CIRCLE('',#1174,0.043);
#851=CIRCLE('',#1175,0.043);
#852=CIRCLE('',#1176,0.043);
#853=CIRCLE('',#1177,0.043);
#854=CIRCLE('',#1178,0.043);
#855=CIRCLE('',#1180,0.0016);
#856=CIRCLE('',#1182,0.0016);
#857=CIRCLE('',#1184,0.0016);
#858=CIRCLE('',#1186,0.0016);
#859=CIRCLE('',#1189,0.0465);
#860=CIRCLE('',#1190,0.046);
#861=CIRCLE('',#1192,0.043);
#862=CIRCLE('',#1194,0.0385);
#863=CIRCLE('',#1195,0.04);
#864=CIRCLE('',#1197,0.0385);
#865=CIRCLE('',#1199,0.0435);
#866=CIRCLE('',#1201,0.0465);
#867=CIRCLE('',#1208,0.0465);
#868=CIRCLE('',#1209,0.046);
#869=CIRCLE('',#1211,0.043);
#870=CIRCLE('',#1213,0.0385);
#871=CIRCLE('',#1214,0.04);
#872=CIRCLE('',#1216,0.0385);
#873=CIRCLE('',#1218,0.0435);
#874=CIRCLE('',#1220,0.0465);
#875=CIRCLE('',#1227,0.0465);
#876=CIRCLE('',#1228,0.046);
#877=CIRCLE('',#1230,0.043);
#878=CIRCLE('',#1232,0.0385);
#879=CIRCLE('',#1233,0.04);
#880=CIRCLE('',#1235,0.0385);
#881=CIRCLE('',#1237,0.0435);
#882=CIRCLE('',#1239,0.0465);
#883=CIRCLE('',#1246,0.0465);
#884=CIRCLE('',#1247,0.046);
#885=CIRCLE('',#1249,0.043);
#886=CIRCLE('',#1251,0.0385);
#887=CIRCLE('',#1252,0.04);
#888=CIRCLE('',#1254,0.0385);
#889=CIRCLE('',#1256,0.0435);
#890=CIRCLE('',#1258,0.0465);
#891=CIRCLE('',#1265,0.0465);
#892=CIRCLE('',#1266,0.046);
#893=CIRCLE('',#1268,0.043);
#894=CIRCLE('',#1270,0.0385);
#895=CIRCLE('',#1271,0.04);
#896=CIRCLE('',#1273,0.0385);
#897=CIRCLE('',#1275,0.0435);
#898=CIRCLE('',#1277,0.0465);
#899=EDGE_LOOP('',(#224));
#900=EDGE_LOOP('',(#225));
#901=EDGE_LOOP('',(#226,#227,#228,#229,#230,#231,#232,#233,#234,#235));
#902=EDGE_LOOP('',(#236));
#903=EDGE_LOOP('',(#237));
#904=EDGE_LOOP('',(#238));
#905=EDGE_LOOP('',(#239));
#906=EDGE_LOOP('',(#240));
#907=EDGE_LOOP('',(#241));
#908=EDGE_LOOP('',(#242,#243,#244,#245,#246,#247,#248,#249,#250,#251,#252,
#253,#254,#255,#256,#257,#258,#259,#260,#261));
#909=EDGE_LOOP('',(#262));
#910=EDGE_LOOP('',(#263));
#911=EDGE_LOOP('',(#264));
#912=EDGE_LOOP('',(#265));
#913=EDGE_LOOP('',(#266));
#914=EDGE_LOOP('',(#267));
#915=EDGE_LOOP('',(#268));
#916=EDGE_LOOP('',(#269));
#917=EDGE_LOOP('',(#270));
#918=EDGE_LOOP('',(#271));
#919=EDGE_LOOP('',(#272));
#920=EDGE_LOOP('',(#273));
#921=EDGE_LOOP('',(#274));
#922=EDGE_LOOP('',(#275));
#923=EDGE_LOOP('',(#276,#277,#278,#279));
#924=EDGE_LOOP('',(#280,#281,#282,#283));
#925=EDGE_LOOP('',(#284,#285,#286,#287));
#926=EDGE_LOOP('',(#288,#289,#290,#291));
#927=EDGE_LOOP('',(#292,#293,#294,#295));
#928=EDGE_LOOP('',(#296,#297,#298,#299));
#929=EDGE_LOOP('',(#300,#301,#302,#303,#304,#305,#306,#307,#308,#309));
#930=EDGE_LOOP('',(#310,#311,#312,#313,#314,#315,#316,#317,#318,#319));
#931=EDGE_LOOP('',(#320,#321,#322,#323));
#932=EDGE_LOOP('',(#324,#325,#326,#327));
#933=EDGE_LOOP('',(#328,#329,#330,#331));
#934=EDGE_LOOP('',(#332,#333,#334,#335));
#935=EDGE_LOOP('',(#336,#337,#338,#339));
#936=EDGE_LOOP('',(#340,#341,#342,#343));
#937=EDGE_LOOP('',(#344,#345,#346,#347));
#938=EDGE_LOOP('',(#348,#349,#350,#351));
#939=EDGE_LOOP('',(#352,#353,#354,#355));
#940=EDGE_LOOP('',(#356,#357,#358,#359,#360,#361,#362,#363,#364,#365));
#941=EDGE_LOOP('',(#366,#367,#368,#369,#370,#371,#372,#373,#374,#375));
#942=EDGE_LOOP('',(#376,#377,#378,#379));
#943=EDGE_LOOP('',(#380,#381,#382,#383));
#944=EDGE_LOOP('',(#384,#385,#386,#387));
#945=EDGE_LOOP('',(#388,#389,#390,#391));
#946=EDGE_LOOP('',(#392,#393,#394,#395));
#947=EDGE_LOOP('',(#396,#397,#398,#399));
#948=EDGE_LOOP('',(#400,#401,#402,#403));
#949=EDGE_LOOP('',(#404,#405,#406,#407));
#950=EDGE_LOOP('',(#408,#409,#410,#411));
#951=EDGE_LOOP('',(#412,#413,#414,#415,#416,#417,#418,#419,#420,#421));
#952=EDGE_LOOP('',(#422,#423,#424,#425,#426,#427,#428,#429,#430,#431));
#953=EDGE_LOOP('',(#432,#433,#434,#435));
#954=EDGE_LOOP('',(#436,#437,#438,#439));
#955=EDGE_LOOP('',(#440,#441,#442,#443));
#956=EDGE_LOOP('',(#444,#445,#446,#447));
#957=EDGE_LOOP('',(#448,#449,#450,#451));
#958=EDGE_LOOP('',(#452,#453,#454,#455));
#959=EDGE_LOOP('',(#456,#457,#458,#459));
#960=EDGE_LOOP('',(#460,#461,#462,#463));
#961=EDGE_LOOP('',(#464,#465,#466,#467));
#962=EDGE_LOOP('',(#468,#469,#470,#471,#472,#473,#474,#475,#476,#477));
#963=EDGE_LOOP('',(#478,#479,#480,#481,#482,#483,#484,#485,#486,#487));
#964=EDGE_LOOP('',(#488,#489,#490,#491));
#965=EDGE_LOOP('',(#492,#493,#494,#495));
#966=EDGE_LOOP('',(#496,#497,#498,#499));
#967=EDGE_LOOP('',(#500,#501,#502,#503));
#968=EDGE_LOOP('',(#504,#505,#506,#507));
#969=EDGE_LOOP('',(#508,#509,#510,#511));
#970=EDGE_LOOP('',(#512,#513,#514,#515));
#971=EDGE_LOOP('',(#516,#517,#518,#519));
#972=EDGE_LOOP('',(#520,#521,#522,#523));
#973=EDGE_LOOP('',(#524,#525,#526,#527,#528,#529,#530,#531,#532,#533));
#974=EDGE_LOOP('',(#534,#535,#536,#537,#538,#539,#540,#541,#542,#543));
#975=EDGE_LOOP('',(#544,#545,#546,#547));
#976=EDGE_LOOP('',(#548,#549,#550,#551));
#977=EDGE_LOOP('',(#552,#553,#554,#555));
#978=FACE_BOUND('',#899,.T.);
#979=FACE_BOUND('',#900,.T.);
#980=FACE_BOUND('',#901,.T.);
#981=FACE_BOUND('',#902,.T.);
#982=FACE_BOUND('',#903,.T.);
#983=FACE_BOUND('',#904,.T.);
#984=FACE_BOUND('',#905,.T.);
#985=FACE_BOUND('',#906,.T.);
#986=FACE_BOUND('',#907,.T.);
#987=FACE_BOUND('',#908,.T.);
#988=FACE_BOUND('',#909,.T.);
#989=FACE_BOUND('',#910,.T.);
#990=FACE_BOUND('',#911,.T.);
#991=FACE_BOUND('',#912,.T.);
#992=FACE_BOUND('',#913,.T.);
#993=FACE_BOUND('',#914,.T.);
#994=FACE_BOUND('',#915,.T.);
#995=FACE_BOUND('',#916,.T.);
#996=FACE_BOUND('',#917,.T.);
#997=FACE_BOUND('',#918,.T.);
#998=FACE_BOUND('',#919,.T.);
#999=FACE_BOUND('',#920,.T.);
#1000=FACE_BOUND('',#921,.T.);
#1001=FACE_BOUND('',#922,.T.);
#1002=FACE_BOUND('',#923,.T.);
#1003=FACE_BOUND('',#924,.T.);
#1004=FACE_BOUND('',#925,.T.);
#1005=FACE_BOUND('',#926,.T.);
#1006=FACE_BOUND('',#927,.T.);
#1007=FACE_BOUND('',#928,.T.);
#1008=FACE_BOUND('',#929,.T.);
#1009=FACE_BOUND('',#930,.T.);
#1010=FACE_BOUND('',#931,.T.);
#1011=FACE_BOUND('',#932,.T.);
#1012=FACE_BOUND('',#933,.T.);
#1013=FACE_BOUND('',#934,.T.);
#1014=FACE_BOUND('',#935,.T.);
#1015=FACE_BOUND('',#936,.T.);
#1016=FACE_BOUND('',#937,.T.);
#1017=FACE_BOUND('',#938,.T.);
#1018=FACE_BOUND('',#939,.T.);
#1019=FACE_BOUND('',#940,.T.);
#1020=FACE_BOUND('',#941,.T.);
#1021=FACE_BOUND('',#942,.T.);
#1022=FACE_BOUND('',#943,.T.);
#1023=FACE_BOUND('',#944,.T.);
#1024=FACE_BOUND('',#945,.T.);
#1025=FACE_BOUND('',#946,.T.);
#1026=FACE_BOUND('',#947,.T.);
#1027=FACE_BOUND('',#948,.T.);
#1028=FACE_BOUND('',#949,.T.);
#1029=FACE_BOUND('',#950,.T.);
#1030=FACE_BOUND('',#951,.T.);
#1031=FACE_BOUND('',#952,.T.);
#1032=FACE_BOUND('',#953,.T.);
#1033=FACE_BOUND('',#954,.T.);
#1034=FACE_BOUND('',#955,.T.);
#1035=FACE_BOUND('',#956,.T.);
#1036=FACE_BOUND('',#957,.T.);
#1037=FACE_BOUND('',#958,.T.);
#1038=FACE_BOUND('',#959,.T.);
#1039=FACE_BOUND('',#960,.T.);
#1040=FACE_BOUND('',#961,.T.);
#1041=FACE_BOUND('',#962,.T.);
#1042=FACE_BOUND('',#963,.T.);
#1043=FACE_BOUND('',#964,.T.);
#1044=FACE_BOUND('',#965,.T.);
#1045=FACE_BOUND('',#966,.T.);
#1046=FACE_BOUND('',#967,.T.);
#1047=FACE_BOUND('',#968,.T.);
#1048=FACE_BOUND('',#969,.T.);
#1049=FACE_BOUND('',#970,.T.);
#1050=FACE_BOUND('',#971,.T.);
#1051=FACE_BOUND('',#972,.T.);
#1052=FACE_BOUND('',#973,.T.);
#1053=FACE_BOUND('',#974,.T.);
#1054=FACE_BOUND('',#975,.T.);
#1055=FACE_BOUND('',#976,.T.);
#1056=FACE_BOUND('',#977,.T.);
#1057=CYLINDRICAL_SURFACE('',#1154,0.01025);
#1058=CYLINDRICAL_SURFACE('',#1172,0.043);
#1059=CYLINDRICAL_SURFACE('',#1179,0.0016);
#1060=CYLINDRICAL_SURFACE('',#1181,0.0016);
#1061=CYLINDRICAL_SURFACE('',#1183,0.0016);
#1062=CYLINDRICAL_SURFACE('',#1185,0.0016);
#1063=CYLINDRICAL_SURFACE('',#1191,0.043);
#1064=CYLINDRICAL_SURFACE('',#1196,0.0385);
#1065=CYLINDRICAL_SURFACE('',#1200,0.0465);
#1066=CYLINDRICAL_SURFACE('',#1210,0.043);
#1067=CYLINDRICAL_SURFACE('',#1215,0.0385);
#1068=CYLINDRICAL_SURFACE('',#1219,0.0465);
#1069=CYLINDRICAL_SURFACE('',#1229,0.043);
#1070=CYLINDRICAL_SURFACE('',#1234,0.0385);
#1071=CYLINDRICAL_SURFACE('',#1238,0.0465);
#1072=CYLINDRICAL_SURFACE('',#1248,0.043);
#1073=CYLINDRICAL_SURFACE('',#1253,0.0385);
#1074=CYLINDRICAL_SURFACE('',#1257,0.0465);
#1075=CYLINDRICAL_SURFACE('',#1267,0.043);
#1076=CYLINDRICAL_SURFACE('',#1272,0.0385);
#1077=CYLINDRICAL_SURFACE('',#1276,0.0465);
#1078=ADVANCED_FACE('',(#978,#979),#1057,.F.);
#1079=ADVANCED_FACE('',(#980,#981,#982,#983,#984,#985),#197,.F.);
#1080=ADVANCED_FACE('',(#986,#987),#1058,.T.);
#1081=ADVANCED_FACE('',(#988,#989),#1059,.F.);
#1082=ADVANCED_FACE('',(#990,#991),#1060,.F.);
#1083=ADVANCED_FACE('',(#992,#993),#1061,.F.);
#1084=ADVANCED_FACE('',(#994,#995),#1062,.F.);
#1085=ADVANCED_FACE('',(#996,#997,#998,#999,#1000,#1001),#198,.T.);
#1086=ADVANCED_FACE('',(#1002),#199,.T.);
#1087=ADVANCED_FACE('',(#1003),#1063,.F.);
#1088=ADVANCED_FACE('',(#1004),#200,.T.);
#1089=ADVANCED_FACE('',(#1005),#1064,.F.);
#1090=ADVANCED_FACE('',(#1006),#201,.T.);
#1091=ADVANCED_FACE('',(#1007),#1065,.T.);
#1092=ADVANCED_FACE('',(#1008),#202,.F.);
#1093=ADVANCED_FACE('',(#1009),#203,.T.);
#1094=ADVANCED_FACE('',(#1010),#12,.F.);
#1095=ADVANCED_FACE('',(#1011),#13,.F.);
#1096=ADVANCED_FACE('',(#1012),#14,.T.);
#1097=ADVANCED_FACE('',(#1013),#204,.T.);
#1098=ADVANCED_FACE('',(#1014),#1066,.F.);
#1099=ADVANCED_FACE('',(#1015),#205,.T.);
#1100=ADVANCED_FACE('',(#1016),#1067,.F.);
#1101=ADVANCED_FACE('',(#1017),#206,.T.);
#1102=ADVANCED_FACE('',(#1018),#1068,.T.);
#1103=ADVANCED_FACE('',(#1019),#207,.F.);
#1104=ADVANCED_FACE('',(#1020),#208,.T.);
#1105=ADVANCED_FACE('',(#1021),#15,.F.);
#1106=ADVANCED_FACE('',(#1022),#16,.F.);
#1107=ADVANCED_FACE('',(#1023),#17,.T.);
#1108=ADVANCED_FACE('',(#1024),#209,.T.);
#1109=ADVANCED_FACE('',(#1025),#1069,.F.);
#1110=ADVANCED_FACE('',(#1026),#210,.T.);
#1111=ADVANCED_FACE('',(#1027),#1070,.F.);
#1112=ADVANCED_FACE('',(#1028),#211,.T.);
#1113=ADVANCED_FACE('',(#1029),#1071,.T.);
#1114=ADVANCED_FACE('',(#1030),#212,.F.);
#1115=ADVANCED_FACE('',(#1031),#213,.T.);
#1116=ADVANCED_FACE('',(#1032),#18,.F.);
#1117=ADVANCED_FACE('',(#1033),#19,.F.);
#1118=ADVANCED_FACE('',(#1034),#20,.T.);
#1119=ADVANCED_FACE('',(#1035),#214,.T.);
#1120=ADVANCED_FACE('',(#1036),#1072,.F.);
#1121=ADVANCED_FACE('',(#1037),#215,.T.);
#1122=ADVANCED_FACE('',(#1038),#1073,.F.);
#1123=ADVANCED_FACE('',(#1039),#216,.T.);
#1124=ADVANCED_FACE('',(#1040),#1074,.T.);
#1125=ADVANCED_FACE('',(#1041),#217,.F.);
#1126=ADVANCED_FACE('',(#1042),#218,.T.);
#1127=ADVANCED_FACE('',(#1043),#21,.F.);
#1128=ADVANCED_FACE('',(#1044),#22,.F.);
#1129=ADVANCED_FACE('',(#1045),#23,.T.);
#1130=ADVANCED_FACE('',(#1046),#219,.T.);
#1131=ADVANCED_FACE('',(#1047),#1075,.F.);
#1132=ADVANCED_FACE('',(#1048),#220,.T.);
#1133=ADVANCED_FACE('',(#1049),#1076,.F.);
#1134=ADVANCED_FACE('',(#1050),#221,.T.);
#1135=ADVANCED_FACE('',(#1051),#1077,.T.);
#1136=ADVANCED_FACE('',(#1052),#222,.F.);
#1137=ADVANCED_FACE('',(#1053),#223,.T.);
#1138=ADVANCED_FACE('',(#1054),#24,.F.);
#1139=ADVANCED_FACE('',(#1055),#25,.F.);
#1140=ADVANCED_FACE('',(#1056),#26,.T.);
#1141=CLOSED_SHELL('',(#1078,#1079,#1080,#1081,#1082,#1083,#1084,#1085,
#1086,#1087,#1088,#1089,#1090,#1091,#1092,#1093,#1094,#1095,#1096,#1097,
#1098,#1099,#1100,#1101,#1102,#1103,#1104,#1105,#1106,#1107,#1108,#1109,
#1110,#1111,#1112,#1113,#1114,#1115,#1116,#1117,#1118,#1119,#1120,#1121,
#1122,#1123,#1124,#1125,#1126,#1127,#1128,#1129,#1130,#1131,#1132,#1133,
#1134,#1135,#1136,#1137,#1138,#1139,#1140));
#1142=STYLED_ITEM('',(#1143),#1150);
#1143=PRESENTATION_STYLE_ASSIGNMENT((#1144));
#1144=SURFACE_STYLE_USAGE(.BOTH.,#1145);
#1145=SURFACE_SIDE_STYLE('',(#1146));
#1146=SURFACE_STYLE_FILL_AREA(#1147);
#1147=FILL_AREA_STYLE('',(#1148));
#1148=FILL_AREA_STYLE_COLOUR('',#1149);
#1149=COLOUR_RGB('',0.917647058823529,0.917647058823529,0.917647058823529);
#1150=MANIFOLD_SOLID_BREP('Support knee pitch giver',#1141);
#1151=SHAPE_DEFINITION_REPRESENTATION(#2080,#1152);
#1152=SHAPE_REPRESENTATION('Support knee pitch giver',(#1153),#2075);
#1153=AXIS2_PLACEMENT_3D('',#1613,#1283,#1284);
#1154=AXIS2_PLACEMENT_3D('',#1614,#1285,#1286);
#1155=AXIS2_PLACEMENT_3D('',#1615,#1287,#1288);
#1156=AXIS2_PLACEMENT_3D('',#1617,#1289,#1290);
#1157=AXIS2_PLACEMENT_3D('',#1619,#1291,#1292);
#1158=AXIS2_PLACEMENT_3D('',#1620,#1293,#1294);
#1159=AXIS2_PLACEMENT_3D('',#1623,#1295,#1296);
#1160=AXIS2_PLACEMENT_3D('',#1625,#1297,#1298);
#1161=AXIS2_PLACEMENT_3D('',#1627,#1299,#1300);
#1162=AXIS2_PLACEMENT_3D('',#1629,#1301,#1302);
#1163=AXIS2_PLACEMENT_3D('',#1631,#1303,#1304);
#1164=AXIS2_PLACEMENT_3D('',#1633,#1305,#1306);
#1165=AXIS2_PLACEMENT_3D('',#1635,#1307,#1308);
#1166=AXIS2_PLACEMENT_3D('',#1637,#1309,#1310);
#1167=AXIS2_PLACEMENT_3D('',#1639,#1311,#1312);
#1168=AXIS2_PLACEMENT_3D('',#1640,#1313,#1314);
#1169=AXIS2_PLACEMENT_3D('',#1642,#1315,#1316);
#1170=AXIS2_PLACEMENT_3D('',#1644,#1317,#1318);
#1171=AXIS2_PLACEMENT_3D('',#1646,#1319,#1320);
#1172=AXIS2_PLACEMENT_3D('',#1648,#1321,#1322);
#1173=AXIS2_PLACEMENT_3D('',#1649,#1323,#1324);
#1174=AXIS2_PLACEMENT_3D('',#1655,#1327,#1328);
#1175=AXIS2_PLACEMENT_3D('',#1660,#1331,#1332);
#1176=AXIS2_PLACEMENT_3D('',#1665,#1335,#1336);
#1177=AXIS2_PLACEMENT_3D('',#1670,#1339,#1340);
#1178=AXIS2_PLACEMENT_3D('',#1675,#1343,#1344);
#1179=AXIS2_PLACEMENT_3D('',#1676,#1345,#1346);
#1180=AXIS2_PLACEMENT_3D('',#1677,#1347,#1348);
#1181=AXIS2_PLACEMENT_3D('',#1679,#1349,#1350);
#1182=AXIS2_PLACEMENT_3D('',#1680,#1351,#1352);
#1183=AXIS2_PLACEMENT_3D('',#1682,#1353,#1354);
#1184=AXIS2_PLACEMENT_3D('',#1683,#1355,#1356);
#1185=AXIS2_PLACEMENT_3D('',#1685,#1357,#1358);
#1186=AXIS2_PLACEMENT_3D('',#1686,#1359,#1360);
#1187=AXIS2_PLACEMENT_3D('',#1688,#1361,#1362);
#1188=AXIS2_PLACEMENT_3D('',#1689,#1363,#1364);
#1189=AXIS2_PLACEMENT_3D('',#1693,#1366,#1367);
#1190=AXIS2_PLACEMENT_3D('',#1697,#1369,#1370);
#1191=AXIS2_PLACEMENT_3D('',#1698,#1371,#1372);
#1192=AXIS2_PLACEMENT_3D('',#1703,#1375,#1376);
#1193=AXIS2_PLACEMENT_3D('',#1704,#1377,#1378);
#1194=AXIS2_PLACEMENT_3D('',#1708,#1380,#1381);
#1195=AXIS2_PLACEMENT_3D('',#1712,#1383,#1384);
#1196=AXIS2_PLACEMENT_3D('',#1713,#1385,#1386);
#1197=AXIS2_PLACEMENT_3D('',#1714,#1387,#1388);
#1198=AXIS2_PLACEMENT_3D('',#1719,#1391,#1392);
#1199=AXIS2_PLACEMENT_3D('',#1724,#1395,#1396);
#1200=AXIS2_PLACEMENT_3D('',#1725,#1397,#1398);
#1201=AXIS2_PLACEMENT_3D('',#1730,#1401,#1402);
#1202=AXIS2_PLACEMENT_3D('',#1731,#1403,#1404);
#1203=AXIS2_PLACEMENT_3D('',#1747,#1405,#1406);
#1204=AXIS2_PLACEMENT_3D('',#1763,#1407,#1408);
#1205=AXIS2_PLACEMENT_3D('',#1764,#1409,#1410);
#1206=AXIS2_PLACEMENT_3D('',#1765,#1411,#1412);
#1207=AXIS2_PLACEMENT_3D('',#1766,#1413,#1414);
#1208=AXIS2_PLACEMENT_3D('',#1770,#1416,#1417);
#1209=AXIS2_PLACEMENT_3D('',#1774,#1419,#1420);
#1210=AXIS2_PLACEMENT_3D('',#1775,#1421,#1422);
#1211=AXIS2_PLACEMENT_3D('',#1780,#1425,#1426);
#1212=AXIS2_PLACEMENT_3D('',#1781,#1427,#1428);
#1213=AXIS2_PLACEMENT_3D('',#1785,#1430,#1431);
#1214=AXIS2_PLACEMENT_3D('',#1789,#1433,#1434);
#1215=AXIS2_PLACEMENT_3D('',#1790,#1435,#1436);
#1216=AXIS2_PLACEMENT_3D('',#1791,#1437,#1438);
#1217=AXIS2_PLACEMENT_3D('',#1796,#1441,#1442);
#1218=AXIS2_PLACEMENT_3D('',#1801,#1445,#1446);
#1219=AXIS2_PLACEMENT_3D('',#1802,#1447,#1448);
#1220=AXIS2_PLACEMENT_3D('',#1807,#1451,#1452);
#1221=AXIS2_PLACEMENT_3D('',#1808,#1453,#1454);
#1222=AXIS2_PLACEMENT_3D('',#1824,#1455,#1456);
#1223=AXIS2_PLACEMENT_3D('',#1840,#1457,#1458);
#1224=AXIS2_PLACEMENT_3D('',#1841,#1459,#1460);
#1225=AXIS2_PLACEMENT_3D('',#1842,#1461,#1462);
#1226=AXIS2_PLACEMENT_3D('',#1843,#1463,#1464);
#1227=AXIS2_PLACEMENT_3D('',#1847,#1466,#1467);
#1228=AXIS2_PLACEMENT_3D('',#1851,#1469,#1470);
#1229=AXIS2_PLACEMENT_3D('',#1852,#1471,#1472);
#1230=AXIS2_PLACEMENT_3D('',#1857,#1475,#1476);
#1231=AXIS2_PLACEMENT_3D('',#1858,#1477,#1478);
#1232=AXIS2_PLACEMENT_3D('',#1862,#1480,#1481);
#1233=AXIS2_PLACEMENT_3D('',#1866,#1483,#1484);
#1234=AXIS2_PLACEMENT_3D('',#1867,#1485,#1486);
#1235=AXIS2_PLACEMENT_3D('',#1868,#1487,#1488);
#1236=AXIS2_PLACEMENT_3D('',#1873,#1491,#1492);
#1237=AXIS2_PLACEMENT_3D('',#1878,#1495,#1496);
#1238=AXIS2_PLACEMENT_3D('',#1879,#1497,#1498);
#1239=AXIS2_PLACEMENT_3D('',#1884,#1501,#1502);
#1240=AXIS2_PLACEMENT_3D('',#1885,#1503,#1504);
#1241=AXIS2_PLACEMENT_3D('',#1901,#1505,#1506);
#1242=AXIS2_PLACEMENT_3D('',#1917,#1507,#1508);
#1243=AXIS2_PLACEMENT_3D('',#1918,#1509,#1510);
#1244=AXIS2_PLACEMENT_3D('',#1919,#1511,#1512);
#1245=AXIS2_PLACEMENT_3D('',#1920,#1513,#1514);
#1246=AXIS2_PLACEMENT_3D('',#1924,#1516,#1517);
#1247=AXIS2_PLACEMENT_3D('',#1928,#1519,#1520);
#1248=AXIS2_PLACEMENT_3D('',#1929,#1521,#1522);
#1249=AXIS2_PLACEMENT_3D('',#1934,#1525,#1526);
#1250=AXIS2_PLACEMENT_3D('',#1935,#1527,#1528);
#1251=AXIS2_PLACEMENT_3D('',#1939,#1530,#1531);
#1252=AXIS2_PLACEMENT_3D('',#1943,#1533,#1534);
#1253=AXIS2_PLACEMENT_3D('',#1944,#1535,#1536);
#1254=AXIS2_PLACEMENT_3D('',#1945,#1537,#1538);
#1255=AXIS2_PLACEMENT_3D('',#1950,#1541,#1542);
#1256=AXIS2_PLACEMENT_3D('',#1955,#1545,#1546);
#1257=AXIS2_PLACEMENT_3D('',#1956,#1547,#1548);
#1258=AXIS2_PLACEMENT_3D('',#1961,#1551,#1552);
#1259=AXIS2_PLACEMENT_3D('',#1962,#1553,#1554);
#1260=AXIS2_PLACEMENT_3D('',#1978,#1555,#1556);
#1261=AXIS2_PLACEMENT_3D('',#1994,#1557,#1558);
#1262=AXIS2_PLACEMENT_3D('',#1995,#1559,#1560);
#1263=AXIS2_PLACEMENT_3D('',#1996,#1561,#1562);
#1264=AXIS2_PLACEMENT_3D('',#1997,#1563,#1564);
#1265=AXIS2_PLACEMENT_3D('',#2001,#1566,#1567);
#1266=AXIS2_PLACEMENT_3D('',#2005,#1569,#1570);
#1267=AXIS2_PLACEMENT_3D('',#2006,#1571,#1572);
#1268=AXIS2_PLACEMENT_3D('',#2011,#1575,#1576);
#1269=AXIS2_PLACEMENT_3D('',#2012,#1577,#1578);
#1270=AXIS2_PLACEMENT_3D('',#2016,#1580,#1581);
#1271=AXIS2_PLACEMENT_3D('',#2020,#1583,#1584);
#1272=AXIS2_PLACEMENT_3D('',#2021,#1585,#1586);
#1273=AXIS2_PLACEMENT_3D('',#2022,#1587,#1588);
#1274=AXIS2_PLACEMENT_3D('',#2027,#1591,#1592);
#1275=AXIS2_PLACEMENT_3D('',#2032,#1595,#1596);
#1276=AXIS2_PLACEMENT_3D('',#2033,#1597,#1598);
#1277=AXIS2_PLACEMENT_3D('',#2038,#1601,#1602);
#1278=AXIS2_PLACEMENT_3D('',#2039,#1603,#1604);
#1279=AXIS2_PLACEMENT_3D('',#2055,#1605,#1606);
#1280=AXIS2_PLACEMENT_3D('',#2071,#1607,#1608);
#1281=AXIS2_PLACEMENT_3D('',#2072,#1609,#1610);
#1282=AXIS2_PLACEMENT_3D('',#2073,#1611,#1612);
#1283=DIRECTION('',(0.,0.,1.));
#1284=DIRECTION('',(1.,0.,0.));
#1285=DIRECTION('',(-1.,0.,0.));
#1286=DIRECTION('',(0.,0.,-1.));
#1287=DIRECTION('',(1.,0.,0.));
#1288=DIRECTION('',(0.,0.,-1.));
#1289=DIRECTION('',(-1.,0.,0.));
#1290=DIRECTION('',(0.,0.,1.));
#1291=DIRECTION('',(-1.,0.,0.));
#1292=DIRECTION('',(0.,1.,0.));
#1293=DIRECTION('',(1.,0.,0.));
#1294=DIRECTION('',(0.,0.,-1.));
#1295=DIRECTION('',(1.,0.,0.));
#1296=DIRECTION('',(0.,0.,-1.));
#1297=DIRECTION('',(1.,0.,0.));
#1298=DIRECTION('',(0.,0.,-1.));
#1299=DIRECTION('',(1.,0.,0.));
#1300=DIRECTION('',(0.,0.,-1.));
#1301=DIRECTION('',(1.,0.,0.));
#1302=DIRECTION('',(0.,0.,-1.));
#1303=DIRECTION('',(1.,0.,0.));
#1304=DIRECTION('',(0.,0.,-1.));
#1305=DIRECTION('',(1.,0.,0.));
#1306=DIRECTION('',(0.,0.,-1.));
#1307=DIRECTION('',(1.,0.,0.));
#1308=DIRECTION('',(0.,0.,-1.));
#1309=DIRECTION('',(1.,0.,0.));
#1310=DIRECTION('',(0.,0.,-1.));
#1311=DIRECTION('',(1.,0.,0.));
#1312=DIRECTION('',(0.,0.,-1.));
#1313=DIRECTION('',(1.,0.,0.));
#1314=DIRECTION('',(0.,0.,-1.));
#1315=DIRECTION('',(1.,0.,0.));
#1316=DIRECTION('',(0.,0.,-1.));
#1317=DIRECTION('',(1.,0.,0.));
#1318=DIRECTION('',(0.,0.,-1.));
#1319=DIRECTION('',(1.,0.,0.));
#1320=DIRECTION('',(0.,0.,-1.));
#1321=DIRECTION('',(-1.,0.,0.));
#1322=DIRECTION('',(0.,0.,-1.));
#1323=DIRECTION('',(1.,0.,0.));
#1324=DIRECTION('',(0.,0.,-1.));
#1325=DIRECTION('',(-1.,0.,0.));
#1326=DIRECTION('',(-1.,0.,0.));
#1327=DIRECTION('',(1.,0.,1.24580888572481E-16));
#1328=DIRECTION('',(1.24580888572481E-16,0.,-1.));
#1329=DIRECTION('',(-1.,0.,0.));
#1330=DIRECTION('',(-1.,0.,0.));
#1331=DIRECTION('',(1.,0.,1.24580888572481E-16));
#1332=DIRECTION('',(1.24580888572481E-16,0.,-1.));
#1333=DIRECTION('',(-1.,0.,0.));
#1334=DIRECTION('',(-1.,0.,0.));
#1335=DIRECTION('',(1.,0.,1.24580888572481E-16));
#1336=DIRECTION('',(1.24580888572481E-16,0.,-1.));
#1337=DIRECTION('',(-1.,0.,0.));
#1338=DIRECTION('',(-1.,0.,0.));
#1339=DIRECTION('',(1.,0.,1.24580888572481E-16));
#1340=DIRECTION('',(1.24580888572481E-16,0.,-1.));
#1341=DIRECTION('',(-1.,0.,0.));
#1342=DIRECTION('',(-1.,0.,0.));
#1343=DIRECTION('',(1.,0.,1.24580888572481E-16));
#1344=DIRECTION('',(1.24580888572481E-16,0.,-1.));
#1345=DIRECTION('',(-1.,0.,0.));
#1346=DIRECTION('',(0.,0.,-1.));
#1347=DIRECTION('',(1.,0.,0.));
#1348=DIRECTION('',(0.,0.,-1.));
#1349=DIRECTION('',(-1.,0.,0.));
#1350=DIRECTION('',(0.,0.,-1.));
#1351=DIRECTION('',(1.,0.,0.));
#1352=DIRECTION('',(0.,0.,-1.));
#1353=DIRECTION('',(-1.,0.,0.));
#1354=DIRECTION('',(0.,0.,-1.));
#1355=DIRECTION('',(1.,0.,0.));
#1356=DIRECTION('',(0.,0.,-1.));
#1357=DIRECTION('',(-1.,0.,0.));
#1358=DIRECTION('',(0.,0.,-1.));
#1359=DIRECTION('',(1.,0.,0.));
#1360=DIRECTION('',(0.,0.,-1.));
#1361=DIRECTION('',(-1.,0.,0.));
#1362=DIRECTION('',(0.,1.,0.));
#1363=DIRECTION('',(-1.,0.,-1.24580888572481E-16));
#1364=DIRECTION('',(1.24580888572481E-16,0.,-1.));
#1365=DIRECTION('',(1.22688224943329E-16,0.17364817766693,-0.984807753012208));
#1366=DIRECTION('',(-1.,0.,-1.24580888572481E-16));
#1367=DIRECTION('',(-1.24580888572481E-16,0.,1.));
#1368=DIRECTION('',(1.22688224943329E-16,-0.17364817766693,-0.984807753012208));
#1369=DIRECTION('',(1.,0.,1.24580888572481E-16));
#1370=DIRECTION('',(1.24580888572481E-16,0.,-1.));
#1371=DIRECTION('',(1.,0.,1.24580888572481E-16));
#1372=DIRECTION('',(-1.24580888572481E-16,0.,1.));
#1373=DIRECTION('',(1.,0.,1.24580888572481E-16));
#1374=DIRECTION('',(1.,0.,1.24580888572481E-16));
#1375=DIRECTION('',(1.,0.,1.24580888572481E-16));
#1376=DIRECTION('',(1.24580888572481E-16,0.,-1.));
#1377=DIRECTION('',(-1.,0.,-1.24580888572481E-16));
#1378=DIRECTION('',(1.24580888572481E-16,0.,-1.));
#1379=DIRECTION('',(1.22688224943329E-16,-0.17364817766693,-0.984807753012208));
#1380=DIRECTION('',(-1.,0.,-1.24580888572481E-16));
#1381=DIRECTION('',(-1.24580888572481E-16,0.,1.));
#1382=DIRECTION('',(1.22688224943329E-16,0.17364817766693,-0.984807753012208));
#1383=DIRECTION('',(1.,0.,1.24580888572481E-16));
#1384=DIRECTION('',(1.24580888572481E-16,0.,-1.));
#1385=DIRECTION('',(1.,0.,1.24580888572481E-16));
#1386=DIRECTION('',(-1.24580888572481E-16,0.,1.));
#1387=DIRECTION('',(-1.,0.,-1.24580888572481E-16));
#1388=DIRECTION('',(-1.24580888572481E-16,0.,1.));
#1389=DIRECTION('',(1.,0.,1.24580888572481E-16));
#1390=DIRECTION('',(1.,0.,1.24580888572481E-16));
#1391=DIRECTION('',(1.,0.,1.24580888572481E-16));
#1392=DIRECTION('',(-1.24580888572481E-16,0.,1.));
#1393=DIRECTION('',(-1.22688224943329E-16,-0.17364817766693,0.984807753012208));
#1394=DIRECTION('',(-1.22688224943329E-16,0.17364817766693,0.984807753012208));
#1395=DIRECTION('',(-1.,0.,-1.24580888572481E-16));
#1396=DIRECTION('',(-1.24580888572481E-16,0.,1.));
#1397=DIRECTION('',(1.,0.,1.24580888572481E-16));
#1398=DIRECTION('',(-1.24580888572481E-16,0.,1.));
#1399=DIRECTION('',(1.,0.,1.24580888572481E-16));
#1400=DIRECTION('',(1.,0.,1.24580888572481E-16));
#1401=DIRECTION('',(-1.,0.,-1.24580888572481E-16));
#1402=DIRECTION('',(-1.24580888572481E-16,0.,1.));
#1403=DIRECTION('',(-2.16332442727381E-17,0.984807753012208,0.17364817766693));
#1404=DIRECTION('',(1.,2.16332442727381E-17,1.89266362915172E-18));
#1405=DIRECTION('',(2.16332442727382E-17,0.984807753012208,-0.17364817766693));
#1406=DIRECTION('',(1.,-2.16332442727382E-17,1.89266362915172E-18));
#1407=DIRECTION('',(-1.,0.,-1.24580888572481E-16));
#1408=DIRECTION('',(1.24580888572481E-16,0.,-1.));
#1409=DIRECTION('',(-1.,0.,-1.24580888572481E-16));
#1410=DIRECTION('',(1.24580888572481E-16,0.,-1.));
#1411=DIRECTION('',(1.,0.,1.24580888572481E-16));
#1412=DIRECTION('',(-1.24580888572481E-16,0.,1.));
#1413=DIRECTION('',(-1.,0.,-1.24580888572481E-16));
#1414=DIRECTION('',(3.84976117432283E-17,0.951056516295154,-0.309016994374948));
#1415=DIRECTION('',(1.73383085829926E-17,0.99026806874157,-0.139173100960066));
#1416=DIRECTION('',(-1.,0.,-1.24580888572481E-16));
#1417=DIRECTION('',(-3.84976117432283E-17,-0.951056516295154,0.309016994374948));
#1418=DIRECTION('',(5.84871844513775E-17,0.882947592858927,-0.469471562785891));
#1419=DIRECTION('',(1.,0.,1.24580888572481E-16));
#1420=DIRECTION('',(1.24580888572481E-16,0.,-1.));
#1421=DIRECTION('',(1.,0.,1.24580888572481E-16));
#1422=DIRECTION('',(-3.84976117432283E-17,-0.951056516295154,0.309016994374948));
#1423=DIRECTION('',(1.,0.,1.24580888572481E-16));
#1424=DIRECTION('',(1.,0.,1.24580888572481E-16));
#1425=DIRECTION('',(1.,0.,1.24580888572481E-16));
#1426=DIRECTION('',(1.24580888572481E-16,0.,-1.));
#1427=DIRECTION('',(-1.,0.,-1.24580888572481E-16));
#1428=DIRECTION('',(3.84976117432283E-17,0.951056516295154,-0.309016994374948));
#1429=DIRECTION('',(5.84871844513775E-17,0.882947592858927,-0.469471562785891));
#1430=DIRECTION('',(-1.,0.,-1.24580888572481E-16));
#1431=DIRECTION('',(-3.84976117432283E-17,-0.951056516295154,0.309016994374948));
#1432=DIRECTION('',(1.73383085829926E-17,0.99026806874157,-0.139173100960066));
#1433=DIRECTION('',(1.,0.,1.24580888572481E-16));
#1434=DIRECTION('',(1.24580888572481E-16,0.,-1.));
#1435=DIRECTION('',(1.,0.,1.24580888572481E-16));
#1436=DIRECTION('',(-3.84976117432283E-17,-0.951056516295154,0.309016994374948));
#1437=DIRECTION('',(-1.,0.,-1.24580888572481E-16));
#1438=DIRECTION('',(-3.84976117432283E-17,-0.951056516295154,0.309016994374948));
#1439=DIRECTION('',(1.,0.,1.24580888572481E-16));
#1440=DIRECTION('',(1.,0.,1.24580888572481E-16));
#1441=DIRECTION('',(1.,0.,1.24580888572481E-16));
#1442=DIRECTION('',(-3.84976117432283E-17,-0.951056516295154,0.309016994374948));
#1443=DIRECTION('',(-1.73383085829926E-17,-0.99026806874157,0.139173100960066));
#1444=DIRECTION('',(-5.84871844513775E-17,-0.882947592858927,0.469471562785891));
#1445=DIRECTION('',(-1.,0.,-1.24580888572481E-16));
#1446=DIRECTION('',(-1.24580888572481E-16,0.,1.));
#1447=DIRECTION('',(1.,0.,1.24580888572481E-16));
#1448=DIRECTION('',(-3.84976117432283E-17,-0.951056516295154,0.309016994374948));
#1449=DIRECTION('',(1.,0.,1.24580888572481E-16));
#1450=DIRECTION('',(1.,0.,1.24580888572481E-16));
#1451=DIRECTION('',(-1.,0.,-1.24580888572481E-16));
#1452=DIRECTION('',(-1.24580888572481E-16,0.,1.));
#1453=DIRECTION('',(-1.23368475928779E-16,0.139173100960066,0.99026806874157));
#1454=DIRECTION('',(1.,1.23368475928779E-16,1.07242579989488E-16));
#1455=DIRECTION('',(-1.09998395681298E-16,0.469471562785891,0.882947592858927));
#1456=DIRECTION('',(1.,1.09998395681298E-16,6.60937041211033E-17));
#1457=DIRECTION('',(-1.,0.,-1.24580888572481E-16));
#1458=DIRECTION('',(1.24580888572481E-16,0.,-1.));
#1459=DIRECTION('',(-1.,0.,-1.24580888572481E-16));
#1460=DIRECTION('',(1.24580888572481E-16,0.,-1.));
#1461=DIRECTION('',(1.,0.,1.24580888572481E-16));
#1462=DIRECTION('',(-1.24580888572481E-16,0.,1.));
#1463=DIRECTION('',(-1.,0.,-1.24580888572481E-16));
#1464=DIRECTION('',(-1.00788056029469E-16,0.587785252292473,0.809016994374947));
#1465=DIRECTION('',(-1.11972560931606E-16,0.438371146789078,0.898794046299167));
#1466=DIRECTION('',(-1.,0.,-1.24580888572481E-16));
#1467=DIRECTION('',(1.00788056029469E-16,-0.587785252292473,-0.809016994374947));
#1468=DIRECTION('',(-8.65411570460934E-17,0.719339800338651,0.694658370458997));
#1469=DIRECTION('',(1.,0.,1.24580888572481E-16));
#1470=DIRECTION('',(1.24580888572481E-16,0.,-1.));
#1471=DIRECTION('',(1.,0.,1.24580888572481E-16));
#1472=DIRECTION('',(1.00788056029469E-16,-0.587785252292473,-0.809016994374947));
#1473=DIRECTION('',(1.,0.,1.24580888572481E-16));
#1474=DIRECTION('',(1.,0.,1.24580888572481E-16));
#1475=DIRECTION('',(1.,0.,1.24580888572481E-16));
#1476=DIRECTION('',(1.24580888572481E-16,0.,-1.));
#1477=DIRECTION('',(-1.,0.,-1.24580888572481E-16));
#1478=DIRECTION('',(-1.00788056029469E-16,0.587785252292473,0.809016994374947));
#1479=DIRECTION('',(-8.65411570460934E-17,0.719339800338651,0.694658370458997));
#1480=DIRECTION('',(-1.,0.,-1.24580888572481E-16));
#1481=DIRECTION('',(1.00788056029469E-16,-0.587785252292473,-0.809016994374947));
#1482=DIRECTION('',(-1.11972560931606E-16,0.438371146789078,0.898794046299167));
#1483=DIRECTION('',(1.,0.,1.24580888572481E-16));
#1484=DIRECTION('',(1.24580888572481E-16,0.,-1.));
#1485=DIRECTION('',(1.,0.,1.24580888572481E-16));
#1486=DIRECTION('',(1.00788056029469E-16,-0.587785252292473,-0.809016994374947));
#1487=DIRECTION('',(-1.,0.,-1.24580888572481E-16));
#1488=DIRECTION('',(1.00788056029469E-16,-0.587785252292473,-0.809016994374947));
#1489=DIRECTION('',(1.,0.,1.24580888572481E-16));
#1490=DIRECTION('',(1.,0.,1.24580888572481E-16));
#1491=DIRECTION('',(1.,0.,1.24580888572481E-16));
#1492=DIRECTION('',(1.00788056029469E-16,-0.587785252292473,-0.809016994374947));
#1493=DIRECTION('',(1.11972560931606E-16,-0.438371146789078,-0.898794046299167));
#1494=DIRECTION('',(8.65411570460934E-17,-0.719339800338651,-0.694658370458997));
#1495=DIRECTION('',(-1.,0.,-1.24580888572481E-16));
#1496=DIRECTION('',(-1.24580888572481E-16,0.,1.));
#1497=DIRECTION('',(1.,0.,1.24580888572481E-16));
#1498=DIRECTION('',(1.00788056029469E-16,-0.587785252292473,-0.809016994374947));
#1499=DIRECTION('',(1.,0.,1.24580888572481E-16));
#1500=DIRECTION('',(1.,0.,1.24580888572481E-16));
#1501=DIRECTION('',(-1.,0.,-1.24580888572481E-16));
#1502=DIRECTION('',(-1.24580888572481E-16,0.,1.));
#1503=DIRECTION('',(-5.46126669915207E-17,-0.898794046299167,0.438371146789078));
#1504=DIRECTION('',(1.,5.46126669915207E-17,2.36553449504087E-16));
#1505=DIRECTION('',(-8.96159915117401E-17,-0.694658370458997,0.719339800338651));
#1506=DIRECTION('',(1.,8.96159915117401E-17,2.11122045618574E-16));
#1507=DIRECTION('',(-1.,0.,-1.24580888572481E-16));
#1508=DIRECTION('',(1.24580888572481E-16,0.,-1.));
#1509=DIRECTION('',(-1.,0.,-1.24580888572481E-16));
#1510=DIRECTION('',(1.24580888572481E-16,0.,-1.));
#1511=DIRECTION('',(1.,0.,1.24580888572481E-16));
#1512=DIRECTION('',(-1.24580888572481E-16,0.,1.));
#1513=DIRECTION('',(-1.,0.,-1.24580888572481E-16));
#1514=DIRECTION('',(-1.00788056029469E-16,-0.587785252292473,0.809016994374948));
#1515=DIRECTION('',(-8.65411570460935E-17,-0.719339800338651,0.694658370458998));
#1516=DIRECTION('',(-1.,0.,-1.24580888572481E-16));
#1517=DIRECTION('',(1.00788056029469E-16,0.587785252292473,-0.809016994374948));
#1518=DIRECTION('',(-1.11972560931606E-16,-0.438371146789078,0.898794046299167));
#1519=DIRECTION('',(1.,0.,1.24580888572481E-16));
#1520=DIRECTION('',(1.24580888572481E-16,0.,-1.));
#1521=DIRECTION('',(1.,0.,1.24580888572481E-16));
#1522=DIRECTION('',(1.00788056029469E-16,0.587785252292473,-0.809016994374948));
#1523=DIRECTION('',(1.,0.,1.24580888572481E-16));
#1524=DIRECTION('',(1.,0.,1.24580888572481E-16));
#1525=DIRECTION('',(1.,0.,1.24580888572481E-16));
#1526=DIRECTION('',(1.24580888572481E-16,0.,-1.));
#1527=DIRECTION('',(-1.,0.,-1.24580888572481E-16));
#1528=DIRECTION('',(-1.00788056029469E-16,-0.587785252292473,0.809016994374948));
#1529=DIRECTION('',(-1.11972560931606E-16,-0.438371146789078,0.898794046299167));
#1530=DIRECTION('',(-1.,0.,-1.24580888572481E-16));
#1531=DIRECTION('',(1.00788056029469E-16,0.587785252292473,-0.809016994374948));
#1532=DIRECTION('',(-8.65411570460935E-17,-0.719339800338651,0.694658370458998));
#1533=DIRECTION('',(1.,0.,1.24580888572481E-16));
#1534=DIRECTION('',(1.24580888572481E-16,0.,-1.));
#1535=DIRECTION('',(1.,0.,1.24580888572481E-16));
#1536=DIRECTION('',(1.00788056029469E-16,0.587785252292473,-0.809016994374948));
#1537=DIRECTION('',(-1.,0.,-1.24580888572481E-16));
#1538=DIRECTION('',(1.00788056029469E-16,0.587785252292473,-0.809016994374948));
#1539=DIRECTION('',(1.,0.,1.24580888572481E-16));
#1540=DIRECTION('',(1.,0.,1.24580888572481E-16));
#1541=DIRECTION('',(1.,0.,1.24580888572481E-16));
#1542=DIRECTION('',(1.00788056029469E-16,0.587785252292473,-0.809016994374948));
#1543=DIRECTION('',(8.65411570460935E-17,0.719339800338651,-0.694658370458998));
#1544=DIRECTION('',(1.11972560931606E-16,0.438371146789078,-0.898794046299167));
#1545=DIRECTION('',(-1.,0.,-1.24580888572481E-16));
#1546=DIRECTION('',(-1.24580888572481E-16,0.,1.));
#1547=DIRECTION('',(1.,0.,1.24580888572481E-16));
#1548=DIRECTION('',(1.00788056029469E-16,0.587785252292473,-0.809016994374948));
#1549=DIRECTION('',(1.,0.,1.24580888572481E-16));
#1550=DIRECTION('',(1.,0.,1.24580888572481E-16));
#1551=DIRECTION('',(-1.,0.,-1.24580888572481E-16));
#1552=DIRECTION('',(-1.24580888572481E-16,0.,1.));
#1553=DIRECTION('',(8.96159915117401E-17,-0.694658370458998,-0.719339800338651));
#1554=DIRECTION('',(1.,-8.96159915117401E-17,2.11122045618574E-16));
#1555=DIRECTION('',(5.46126669915207E-17,-0.898794046299167,-0.438371146789077));
#1556=DIRECTION('',(1.,-5.46126669915207E-17,2.36553449504087E-16));
#1557=DIRECTION('',(-1.,0.,-1.24580888572481E-16));
#1558=DIRECTION('',(1.24580888572481E-16,0.,-1.));
#1559=DIRECTION('',(-1.,0.,-1.24580888572481E-16));
#1560=DIRECTION('',(1.24580888572481E-16,0.,-1.));
#1561=DIRECTION('',(1.,0.,1.24580888572481E-16));
#1562=DIRECTION('',(-1.24580888572481E-16,0.,1.));
#1563=DIRECTION('',(-1.,0.,-1.24580888572481E-16));
#1564=DIRECTION('',(3.84976117432283E-17,-0.951056516295154,-0.309016994374948));
#1565=DIRECTION('',(5.84871844513775E-17,-0.882947592858927,-0.469471562785891));
#1566=DIRECTION('',(-1.,0.,-1.24580888572481E-16));
#1567=DIRECTION('',(-3.84976117432283E-17,0.951056516295154,0.309016994374948));
#1568=DIRECTION('',(1.73383085829925E-17,-0.99026806874157,-0.139173100960065));
#1569=DIRECTION('',(1.,0.,1.24580888572481E-16));
#1570=DIRECTION('',(1.24580888572481E-16,0.,-1.));
#1571=DIRECTION('',(1.,0.,1.24580888572481E-16));
#1572=DIRECTION('',(-3.84976117432283E-17,0.951056516295154,0.309016994374948));
#1573=DIRECTION('',(1.,0.,1.24580888572481E-16));
#1574=DIRECTION('',(1.,0.,1.24580888572481E-16));
#1575=DIRECTION('',(1.,0.,1.24580888572481E-16));
#1576=DIRECTION('',(1.24580888572481E-16,0.,-1.));
#1577=DIRECTION('',(-1.,0.,-1.24580888572481E-16));
#1578=DIRECTION('',(3.84976117432283E-17,-0.951056516295154,-0.309016994374948));
#1579=DIRECTION('',(1.73383085829925E-17,-0.99026806874157,-0.139173100960065));
#1580=DIRECTION('',(-1.,0.,-1.24580888572481E-16));
#1581=DIRECTION('',(-3.84976117432283E-17,0.951056516295154,0.309016994374948));
#1582=DIRECTION('',(5.84871844513775E-17,-0.882947592858927,-0.469471562785891));
#1583=DIRECTION('',(1.,0.,1.24580888572481E-16));
#1584=DIRECTION('',(1.24580888572481E-16,0.,-1.));
#1585=DIRECTION('',(1.,0.,1.24580888572481E-16));
#1586=DIRECTION('',(-3.84976117432283E-17,0.951056516295154,0.309016994374948));
#1587=DIRECTION('',(-1.,0.,-1.24580888572481E-16));
#1588=DIRECTION('',(-3.84976117432283E-17,0.951056516295154,0.309016994374948));
#1589=DIRECTION('',(1.,0.,1.24580888572481E-16));
#1590=DIRECTION('',(1.,0.,1.24580888572481E-16));
#1591=DIRECTION('',(1.,0.,1.24580888572481E-16));
#1592=DIRECTION('',(-3.84976117432283E-17,0.951056516295154,0.309016994374948));
#1593=DIRECTION('',(-5.84871844513775E-17,0.882947592858927,0.469471562785891));
#1594=DIRECTION('',(-1.73383085829925E-17,0.99026806874157,0.139173100960065));
#1595=DIRECTION('',(-1.,0.,-1.24580888572481E-16));
#1596=DIRECTION('',(-1.24580888572481E-16,0.,1.));
#1597=DIRECTION('',(1.,0.,1.24580888572481E-16));
#1598=DIRECTION('',(-3.84976117432283E-17,0.951056516295154,0.309016994374948));
#1599=DIRECTION('',(1.,0.,1.24580888572481E-16));
#1600=DIRECTION('',(1.,0.,1.24580888572481E-16));
#1601=DIRECTION('',(-1.,0.,-1.24580888572481E-16));
#1602=DIRECTION('',(-1.24580888572481E-16,0.,1.));
#1603=DIRECTION('',(1.09998395681298E-16,0.46947156278589,-0.882947592858927));
#1604=DIRECTION('',(1.,-1.09998395681298E-16,6.60937041211034E-17));
#1605=DIRECTION('',(1.23368475928779E-16,0.139173100960065,-0.99026806874157));
#1606=DIRECTION('',(1.,-1.23368475928779E-16,1.07242579989488E-16));
#1607=DIRECTION('',(-1.,0.,-1.24580888572481E-16));
#1608=DIRECTION('',(1.24580888572481E-16,0.,-1.));
#1609=DIRECTION('',(-1.,0.,-1.24580888572481E-16));
#1610=DIRECTION('',(1.24580888572481E-16,0.,-1.));
#1611=DIRECTION('',(1.,0.,1.24580888572481E-16));
#1612=DIRECTION('',(-1.24580888572481E-16,0.,1.));
#1613=CARTESIAN_POINT('',(0.,0.,0.));
#1614=CARTESIAN_POINT('',(-0.044,0.0723,0.012055));
#1615=CARTESIAN_POINT('',(-0.052,0.0723,0.012055));
#1616=CARTESIAN_POINT('',(-0.052,0.0723,0.001805));
#1617=CARTESIAN_POINT('',(-0.044,0.0723,0.012055));
#1618=CARTESIAN_POINT('',(-0.044,0.0723,0.022305));
#1619=CARTESIAN_POINT('',(-0.044,0.0723,0.012055));
#1620=CARTESIAN_POINT('',(-0.044,0.0723,0.012055));
#1621=CARTESIAN_POINT('',(-0.044,0.0794712475867258,0.0544527972075187));
#1622=CARTESIAN_POINT('',(-0.044,0.0651287524132742,0.0544527972075187));
#1623=CARTESIAN_POINT('',(-0.044,0.0723,0.012055));
#1624=CARTESIAN_POINT('',(-0.044,0.0341933360643975,0.0319769016085075));
#1625=CARTESIAN_POINT('',(-0.044,0.0723,0.012055));
#1626=CARTESIAN_POINT('',(-0.044,0.0297612613140603,0.0183363781138645));
#1627=CARTESIAN_POINT('',(-0.044,0.0723,0.012055));
#1628=CARTESIAN_POINT('',(-0.044,0.041577538903202,-0.0180303848929299));
#1629=CARTESIAN_POINT('',(-0.044,0.0723,0.012055));
#1630=CARTESIAN_POINT('',(-0.044,0.053180861240265,-0.0264606920369608));
#1631=CARTESIAN_POINT('',(-0.044,0.0723,0.012055));
#1632=CARTESIAN_POINT('',(-0.044,0.0914191387597349,-0.0264606920369608));
#1633=CARTESIAN_POINT('',(-0.044,0.0723,0.012055));
#1634=CARTESIAN_POINT('',(-0.044,0.103022461096798,-0.0180303848929299));
#1635=CARTESIAN_POINT('',(-0.044,0.0723,0.012055));
#1636=CARTESIAN_POINT('',(-0.044,0.11483873868594,0.0183363781138645));
#1637=CARTESIAN_POINT('',(-0.044,0.0723,0.012055));
#1638=CARTESIAN_POINT('',(-0.044,0.110406663935602,0.0319769016085075));
#1639=CARTESIAN_POINT('',(-0.044,0.0723,0.012055));
#1640=CARTESIAN_POINT('',(-0.044,0.0723,-0.017945));
#1641=CARTESIAN_POINT('',(-0.044,0.0723,-0.019545));
#1642=CARTESIAN_POINT('',(-0.044,0.0423,0.012055));
#1643=CARTESIAN_POINT('',(-0.044,0.0423,0.010455));
#1644=CARTESIAN_POINT('',(-0.044,0.0723,0.042055));
#1645=CARTESIAN_POINT('',(-0.044,0.0723,0.040455));
#1646=CARTESIAN_POINT('',(-0.044,0.1023,0.012055));
#1647=CARTESIAN_POINT('',(-0.044,0.1023,0.010455));
#1648=CARTESIAN_POINT('',(-0.044,0.0723,0.012055));
#1649=CARTESIAN_POINT('',(-0.052,0.0723,0.012055));
#1650=CARTESIAN_POINT('',(-0.052,0.0723,-0.030945));
#1651=CARTESIAN_POINT('',(-0.044,0.11483873868594,0.0183363781138645));
#1652=CARTESIAN_POINT('',(-0.05,0.11483873868594,0.0183363781138645));
#1653=CARTESIAN_POINT('',(-0.044,0.103022461096798,-0.0180303848929299));
#1654=CARTESIAN_POINT('',(-0.05,0.103022461096798,-0.0180303848929299));
#1655=CARTESIAN_POINT('',(-0.05,0.0723,0.012055));
#1656=CARTESIAN_POINT('',(-0.05,0.0914191387597349,-0.0264606920369608));
#1657=CARTESIAN_POINT('',(-0.044,0.0914191387597349,-0.0264606920369608));
#1658=CARTESIAN_POINT('',(-0.044,0.053180861240265,-0.0264606920369607));
#1659=CARTESIAN_POINT('',(-0.05,0.053180861240265,-0.0264606920369607));
#1660=CARTESIAN_POINT('',(-0.05,0.0723,0.012055));
#1661=CARTESIAN_POINT('',(-0.05,0.041577538903202,-0.0180303848929299));
#1662=CARTESIAN_POINT('',(-0.044,0.041577538903202,-0.0180303848929299));
#1663=CARTESIAN_POINT('',(-0.044,0.0297612613140603,0.0183363781138644));
#1664=CARTESIAN_POINT('',(-0.05,0.0297612613140603,0.0183363781138645));
#1665=CARTESIAN_POINT('',(-0.05,0.0723,0.012055));
#1666=CARTESIAN_POINT('',(-0.05,0.0341933360643975,0.0319769016085075));
#1667=CARTESIAN_POINT('',(-0.044,0.0341933360643975,0.0319769016085075));
#1668=CARTESIAN_POINT('',(-0.044,0.0651287524132742,0.0544527972075187));
#1669=CARTESIAN_POINT('',(-0.05,0.0651287524132742,0.0544527972075187));
#1670=CARTESIAN_POINT('',(-0.05,0.0723,0.012055));
#1671=CARTESIAN_POINT('',(-0.05,0.0794712475867258,0.0544527972075187));
#1672=CARTESIAN_POINT('',(-0.044,0.0794712475867258,0.0544527972075187));
#1673=CARTESIAN_POINT('',(-0.044,0.110406663935602,0.0319769016085075));
#1674=CARTESIAN_POINT('',(-0.05,0.110406663935602,0.0319769016085075));
#1675=CARTESIAN_POINT('',(-0.05,0.0723,0.012055));
#1676=CARTESIAN_POINT('',(-0.044,0.0723,-0.017945));
#1677=CARTESIAN_POINT('',(-0.052,0.0723,-0.017945));
#1678=CARTESIAN_POINT('',(-0.052,0.0723,-0.019545));
#1679=CARTESIAN_POINT('',(-0.044,0.0423,0.012055));
#1680=CARTESIAN_POINT('',(-0.052,0.0423,0.012055));
#1681=CARTESIAN_POINT('',(-0.052,0.0423,0.010455));
#1682=CARTESIAN_POINT('',(-0.044,0.0723,0.042055));
#1683=CARTESIAN_POINT('',(-0.052,0.0723,0.042055));
#1684=CARTESIAN_POINT('',(-0.052,0.0723,0.040455));
#1685=CARTESIAN_POINT('',(-0.044,0.1023,0.012055));
#1686=CARTESIAN_POINT('',(-0.052,0.1023,0.012055));
#1687=CARTESIAN_POINT('',(-0.052,0.1023,0.010455));
#1688=CARTESIAN_POINT('',(-0.052,0.0723,0.012055));
#1689=CARTESIAN_POINT('',(-0.047,0.0645292440494049,0.0561251469472963));
#1690=CARTESIAN_POINT('',(-0.047,0.0722915580149865,0.0138305080210715));
#1691=CARTESIAN_POINT('',(-0.047,0.0645209701127637,0.0578997019186894));
#1692=CARTESIAN_POINT('',(-0.047,0.0646077960282485,0.0574072876827286));
#1693=CARTESIAN_POINT('',(-0.047,0.0723,0.012055));
#1694=CARTESIAN_POINT('',(-0.047,0.0800790298872364,0.0578997019186894));
#1695=CARTESIAN_POINT('',(-0.047,0.0723084419850135,0.0138305080210714));
#1696=CARTESIAN_POINT('',(-0.047,0.0799922039717515,0.0574072876827286));
#1697=CARTESIAN_POINT('',(-0.047,0.0723,0.012055));
#1698=CARTESIAN_POINT('',(-0.0477768386863172,0.0723,0.012055));
#1699=CARTESIAN_POINT('',(-0.0477768386863172,0.0651287524132742,0.0544527972075187));
#1700=CARTESIAN_POINT('',(-0.037,0.0651287524132742,0.0544527972075187));
#1701=CARTESIAN_POINT('',(-0.0477768386863172,0.0794712475867258,0.0544527972075187));
#1702=CARTESIAN_POINT('',(-0.037,0.0794712475867258,0.0544527972075187));
#1703=CARTESIAN_POINT('',(-0.037,0.0723,0.012055));
#1704=CARTESIAN_POINT('',(-0.034,0.0652238367600726,0.0521859159352475));
#1705=CARTESIAN_POINT('',(-0.034,0.0723084419850135,0.0138305080210714));
#1706=CARTESIAN_POINT('',(-0.034,0.0789502894238264,0.0514982966494859));
#1707=CARTESIAN_POINT('',(-0.034,0.0786898095457897,0.0500210418527997));
#1708=CARTESIAN_POINT('',(-0.034,0.0723,0.012055));
#1709=CARTESIAN_POINT('',(-0.034,0.0659101904542103,0.0500210418527997));
#1710=CARTESIAN_POINT('',(-0.034,0.0722915580149865,0.0138305080210715));
#1711=CARTESIAN_POINT('',(-0.034,0.0656497105761736,0.0514982966494859));
#1712=CARTESIAN_POINT('',(-0.034,0.0723,0.012055));
#1713=CARTESIAN_POINT('',(-0.0477768386863172,0.0723,0.012055));
#1714=CARTESIAN_POINT('',(-0.024,0.0723,0.012055));
#1715=CARTESIAN_POINT('',(-0.024,0.0659101904542103,0.0500210418527997));
#1716=CARTESIAN_POINT('',(-0.024,0.0786898095457897,0.0500210418527997));
#1717=CARTESIAN_POINT('',(-0.0477768386863172,0.0659101904542103,0.0500210418527997));
#1718=CARTESIAN_POINT('',(-0.0477768386863172,0.0786898095457897,0.0500210418527997));
#1719=CARTESIAN_POINT('',(-0.024,0.0649199524491555,0.0539093295030189));
#1720=CARTESIAN_POINT('',(-0.024,0.0722915580149865,0.0138305080210715));
#1721=CARTESIAN_POINT('',(-0.024,0.0650419262355741,0.0549452129305761));
#1722=CARTESIAN_POINT('',(-0.024,0.0723084419850135,0.0138305080210714));
#1723=CARTESIAN_POINT('',(-0.024,0.0795580737644259,0.0549452129305761));
#1724=CARTESIAN_POINT('',(-0.024,0.0723,0.012055));
#1725=CARTESIAN_POINT('',(-0.0477768386863172,0.0723,0.012055));
#1726=CARTESIAN_POINT('',(-0.0477768386863172,0.0800790298872364,0.0578997019186894));
#1727=CARTESIAN_POINT('',(-0.027,0.0800790298872364,0.0578997019186894));
#1728=CARTESIAN_POINT('',(-0.0477768386863172,0.0645209701127637,0.0578997019186894));
#1729=CARTESIAN_POINT('',(-0.027,0.0645209701127637,0.0578997019186894));
#1730=CARTESIAN_POINT('',(-0.027,0.0723,0.012055));
#1731=CARTESIAN_POINT('',(-0.038,0.0722915580149865,0.0138305080210715));
#1732=CARTESIAN_POINT('',(-0.05,0.0651287524132741,0.0544527972075187));
#1733=CARTESIAN_POINT('',(-0.0492170412335209,0.0651287524132741,0.0544527972075187));
#1734=CARTESIAN_POINT('',(-0.0476473055696273,0.0650158618957989,0.0550930311468832));
#1735=CARTESIAN_POINT('',(-0.047,0.0647436617528493,0.0566367548688906));
#1736=CARTESIAN_POINT('',(-0.047,0.0646077960282485,0.0574072876827286));
#1737=CARTESIAN_POINT('',(-0.034,0.0656497105761736,0.0514982966494859));
#1738=CARTESIAN_POINT('',(-0.034,0.0655137515208368,0.0522693587682299));
#1739=CARTESIAN_POINT('',(-0.0346500492061249,0.0652411658846388,0.0538152687310884));
#1740=CARTESIAN_POINT('',(-0.0362175788643057,0.0651287524132742,0.0544527972075187));
#1741=CARTESIAN_POINT('',(-0.037,0.0651287524132742,0.0544527972075187));
#1742=CARTESIAN_POINT('',(-0.027,0.0645209701127637,0.0578997019186894));
#1743=CARTESIAN_POINT('',(-0.0262076654631614,0.0645209701127637,0.0578997019186894));
#1744=CARTESIAN_POINT('',(-0.0246550190247214,0.0646341953732878,0.0572575695571569));
#1745=CARTESIAN_POINT('',(-0.024,0.0649043388739095,0.0557255096333941));
#1746=CARTESIAN_POINT('',(-0.024,0.0650419262355741,0.0549452129305761));
#1747=CARTESIAN_POINT('',(-0.038,0.0723084419850135,0.0138305080210714));
#1748=CARTESIAN_POINT('',(-0.037,0.0794712475867259,0.0544527972075187));
#1749=CARTESIAN_POINT('',(-0.0362170660157184,0.0794712475867259,0.0544527972075187));
#1750=CARTESIAN_POINT('',(-0.0346472615854108,0.0793583539620686,0.053812545646449));
#1751=CARTESIAN_POINT('',(-0.034,0.0790861515517815,0.0522688090657315));
#1752=CARTESIAN_POINT('',(-0.034,0.0789502894238265,0.0514982966494859));
#1753=CARTESIAN_POINT('',(-0.047,0.0799922039717516,0.0574072876827286));
#1754=CARTESIAN_POINT('',(-0.047,0.0798562496866648,0.056636252617417));
#1755=CARTESIAN_POINT('',(-0.0476500691824215,0.0795836537264482,0.0550902841041393));
#1756=CARTESIAN_POINT('',(-0.0492176026735021,0.0794712475867259,0.0544527972075187));
#1757=CARTESIAN_POINT('',(-0.05,0.0794712475867259,0.0544527972075187));
#1758=CARTESIAN_POINT('',(-0.024,0.0795580737644259,0.0549452129305761));
#1759=CARTESIAN_POINT('',(-0.024,0.0796956611771712,0.0557255099230867));
#1760=CARTESIAN_POINT('',(-0.0246519856497944,0.0799652778171087,0.0572545818714301));
#1761=CARTESIAN_POINT('',(-0.0262076651575025,0.0800790298872364,0.0578997019186894));
#1762=CARTESIAN_POINT('',(-0.027,0.0800790298872364,0.0578997019186894));
#1763=CARTESIAN_POINT('',(-0.05,0.0723,0.012055));
#1764=CARTESIAN_POINT('',(-0.037,0.0723,0.012055));
#1765=CARTESIAN_POINT('',(-0.027,0.0723,0.012055));
#1766=CARTESIAN_POINT('',(-0.047,0.0279855039238147,0.0182829962679629));
#1767=CARTESIAN_POINT('',(-0.047,0.0706087828099903,0.0125956333473026));
#1768=CARTESIAN_POINT('',(-0.047,0.0262952450677148,0.0188234949302179));
#1769=CARTESIAN_POINT('',(-0.047,0.0267903895189789,0.018753906915739));
#1770=CARTESIAN_POINT('',(-0.047,0.0723,0.012055));
#1771=CARTESIAN_POINT('',(-0.047,0.0311029499375282,0.0336200890596397));
#1772=CARTESIAN_POINT('',(-0.047,0.0706140002436611,0.0126116909570176));
#1773=CARTESIAN_POINT('',(-0.047,0.0315444330219183,0.0333853483397505));
#1774=CARTESIAN_POINT('',(-0.047,0.0723,0.012055));
#1775=CARTESIAN_POINT('',(-0.0477768386863172,0.0723,0.012055));
#1776=CARTESIAN_POINT('',(-0.0477768386863172,0.0297612613140603,0.0183363781138644));
#1777=CARTESIAN_POINT('',(-0.037,0.0297612613140603,0.0183363781138645));
#1778=CARTESIAN_POINT('',(-0.0477768386863172,0.0341933360643975,0.0319769016085075));
#1779=CARTESIAN_POINT('',(-0.037,0.0341933360643975,0.0319769016085075));
#1780=CARTESIAN_POINT('',(-0.037,0.0723,0.012055));
#1781=CARTESIAN_POINT('',(-0.034,0.031946576198781,0.0177263038641227));
#1782=CARTESIAN_POINT('',(-0.034,0.0706140002436611,0.0126116909570176));
#1783=CARTESIAN_POINT('',(-0.034,0.0368422481468181,0.0305684500706425));
#1784=CARTESIAN_POINT('',(-0.034,0.0381667082384287,0.0298642221480739));
#1785=CARTESIAN_POINT('',(-0.034,0.0723,0.012055));
#1786=CARTESIAN_POINT('',(-0.034,0.0342175887574921,0.0177100821352574));
#1787=CARTESIAN_POINT('',(-0.034,0.0706087828099903,0.0125956333473026));
#1788=CARTESIAN_POINT('',(-0.034,0.0327321432478693,0.0179188478870847));
#1789=CARTESIAN_POINT('',(-0.034,0.0723,0.012055));
#1790=CARTESIAN_POINT('',(-0.0477768386863172,0.0723,0.012055));
#1791=CARTESIAN_POINT('',(-0.024,0.0723,0.012055));
#1792=CARTESIAN_POINT('',(-0.024,0.0342175887574921,0.0177100821352574));
#1793=CARTESIAN_POINT('',(-0.024,0.0381667082384287,0.0298642221480739));
#1794=CARTESIAN_POINT('',(-0.0477768386863172,0.0342175887574921,0.0177100821352574));
#1795=CARTESIAN_POINT('',(-0.0477768386863172,0.0381667082384287,0.0298642221480739));
#1796=CARTESIAN_POINT('',(-0.024,0.0302136070784833,0.0179698567908028));
#1797=CARTESIAN_POINT('',(-0.024,0.0706087828099903,0.0125956333473026));
#1798=CARTESIAN_POINT('',(-0.024,0.0292661153674544,0.0184059663384999));
#1799=CARTESIAN_POINT('',(-0.024,0.0706140002436611,0.0126116909570176));
#1800=CARTESIAN_POINT('',(-0.024,0.0337518516467235,0.0322116430373163));
#1801=CARTESIAN_POINT('',(-0.024,0.0723,0.012055));
#1802=CARTESIAN_POINT('',(-0.0477768386863172,0.0723,0.012055));
#1803=CARTESIAN_POINT('',(-0.0477768386863172,0.0311029499375282,0.0336200890596397));
#1804=CARTESIAN_POINT('',(-0.027,0.0311029499375282,0.0336200890596397));
#1805=CARTESIAN_POINT('',(-0.0477768386863172,0.0262952450677148,0.0188234949302179));
#1806=CARTESIAN_POINT('',(-0.027,0.0262952450677148,0.0188234949302179));
#1807=CARTESIAN_POINT('',(-0.027,0.0723,0.012055));
#1808=CARTESIAN_POINT('',(-0.038,0.0706087828099903,0.0125956333473026));
#1809=CARTESIAN_POINT('',(-0.05,0.0297612613140603,0.0183363781138645));
#1810=CARTESIAN_POINT('',(-0.0492170412335209,0.0297612613140603,0.0183363781138645));
#1811=CARTESIAN_POINT('',(-0.0476473055696274,0.0291174775656707,0.018426856019231));
#1812=CARTESIAN_POINT('',(-0.047,0.0275651945904535,0.0186450151642623));
#1813=CARTESIAN_POINT('',(-0.047,0.0267903895189789,0.018753906915739));
#1814=CARTESIAN_POINT('',(-0.034,0.0327321432478693,0.0179188478870847));
#1815=CARTESIAN_POINT('',(-0.034,0.0319568059367313,0.0180278144399679));
#1816=CARTESIAN_POINT('',(-0.0346500492061249,0.0304023245989414,0.0182462825447102));
#1817=CARTESIAN_POINT('',(-0.0362175788643057,0.0297612613140603,0.0183363781138645));
#1818=CARTESIAN_POINT('',(-0.037,0.0297612613140603,0.0183363781138645));
#1819=CARTESIAN_POINT('',(-0.027,0.0262952450677148,0.0188234949302179));
#1820=CARTESIAN_POINT('',(-0.0262076654631614,0.0262952450677148,0.0188234949302179));
#1821=CARTESIAN_POINT('',(-0.0246550190247214,0.0269409377641689,0.018732748739697));
#1822=CARTESIAN_POINT('',(-0.024,0.0284814922706302,0.0185162379234544));
#1823=CARTESIAN_POINT('',(-0.024,0.0292661153674544,0.0184059663384999));
#1824=CARTESIAN_POINT('',(-0.038,0.0706140002436611,0.0126116909570176));
#1825=CARTESIAN_POINT('',(-0.037,0.0341933360643975,0.0319769016085075));
#1826=CARTESIAN_POINT('',(-0.0362170660157184,0.0341933360643975,0.0319769016085075));
#1827=CARTESIAN_POINT('',(-0.0346472615854108,0.0347673654350453,0.0316716847780833));
#1828=CARTESIAN_POINT('',(-0.034,0.0361514309988913,0.0309357640637486));
#1829=CARTESIAN_POINT('',(-0.034,0.036842248146818,0.0305684500706424));
#1830=CARTESIAN_POINT('',(-0.047,0.0315444330219183,0.0333853483397505));
#1831=CARTESIAN_POINT('',(-0.047,0.032235718760525,0.0330177851925602));
#1832=CARTESIAN_POINT('',(-0.0476500691824215,0.03362178540476,0.0322808004849091));
#1833=CARTESIAN_POINT('',(-0.0492176026735021,0.0341933360643975,0.0319769016085075));
#1834=CARTESIAN_POINT('',(-0.05,0.0341933360643975,0.0319769016085075));
#1835=CARTESIAN_POINT('',(-0.024,0.0337518516467235,0.0322116430373163));
#1836=CARTESIAN_POINT('',(-0.024,0.0330522619561012,0.0325836214741133));
#1837=CARTESIAN_POINT('',(-0.0246519856497944,0.031681344239452,0.0333125513540875));
#1838=CARTESIAN_POINT('',(-0.0262076651575025,0.0311029499375282,0.0336200890596397));
#1839=CARTESIAN_POINT('',(-0.027,0.0311029499375282,0.0336200890596397));
#1840=CARTESIAN_POINT('',(-0.05,0.0723,0.012055));
#1841=CARTESIAN_POINT('',(-0.037,0.0723,0.012055));
#1842=CARTESIAN_POINT('',(-0.027,0.0723,0.012055));
#1843=CARTESIAN_POINT('',(-0.047,0.0526828911811888,-0.0281660335718877));
#1844=CARTESIAN_POINT('',(-0.047,0.0712632122792294,0.0106136217630132));
#1845=CARTESIAN_POINT('',(-0.047,0.0516465276949747,-0.0296065419991334));
#1846=CARTESIAN_POINT('',(-0.047,0.051865717879712,-0.0291571355213301));
#1847=CARTESIAN_POINT('',(-0.047,0.0723,0.012055));
#1848=CARTESIAN_POINT('',(-0.047,0.0390597929379251,-0.0204617439094135));
#1849=CARTESIAN_POINT('',(-0.047,0.0712495528605451,0.0106235459115952));
#1850=CARTESIAN_POINT('',(-0.047,0.0394194704050212,-0.0201144074168879));
#1851=CARTESIAN_POINT('',(-0.047,0.0723,0.012055));
#1852=CARTESIAN_POINT('',(-0.0477768386863172,0.0723,0.012055));
#1853=CARTESIAN_POINT('',(-0.0477768386863172,0.053180861240265,-0.0264606920369608));
#1854=CARTESIAN_POINT('',(-0.037,0.053180861240265,-0.0264606920369608));
#1855=CARTESIAN_POINT('',(-0.0477768386863172,0.041577538903202,-0.0180303848929299));
#1856=CARTESIAN_POINT('',(-0.037,0.041577538903202,-0.0180303848929299));
#1857=CARTESIAN_POINT('',(-0.037,0.0723,0.012055));
#1858=CARTESIAN_POINT('',(-0.034,0.0544363757683451,-0.024570857386691));
#1859=CARTESIAN_POINT('',(-0.034,0.0712495528605451,0.0106235459115952));
#1860=CARTESIAN_POINT('',(-0.034,0.0437356147662476,-0.0159463552568047));
#1861=CARTESIAN_POINT('',(-0.034,0.0448146559976424,-0.0149043372520926));
#1862=CARTESIAN_POINT('',(-0.034,0.0723,0.012055));
#1863=CARTESIAN_POINT('',(-0.034,0.0551535850243686,-0.0224160088840383));
#1864=CARTESIAN_POINT('',(-0.034,0.0712632122792294,0.0106136217630132));
#1865=CARTESIAN_POINT('',(-0.034,0.0544960090890226,-0.0237642393504083));
#1866=CARTESIAN_POINT('',(-0.034,0.0723,0.012055));
#1867=CARTESIAN_POINT('',(-0.0477768386863172,0.0723,0.012055));
#1868=CARTESIAN_POINT('',(-0.024,0.0723,0.012055));
#1869=CARTESIAN_POINT('',(-0.024,0.0551535850243686,-0.0224160088840383));
#1870=CARTESIAN_POINT('',(-0.024,0.0448146559976424,-0.0149043372520926));
#1871=CARTESIAN_POINT('',(-0.0477768386863172,0.0551535850243686,-0.0224160088840383));
#1872=CARTESIAN_POINT('',(-0.0477768386863172,0.0448146559976424,-0.0149043372520926));
#1873=CARTESIAN_POINT('',(-0.024,0.0536692262614642,-0.0261437469677146));
#1874=CARTESIAN_POINT('',(-0.024,0.0712632122792294,0.0106136217630132));
#1875=CARTESIAN_POINT('',(-0.024,0.052961670393571,-0.0269100998719766));
#1876=CARTESIAN_POINT('',(-0.024,0.0712495528605451,0.0106235459115952));
#1877=CARTESIAN_POINT('',(-0.024,0.0412178603498759,-0.0183777224344156));
#1878=CARTESIAN_POINT('',(-0.024,0.0723,0.012055));
#1879=CARTESIAN_POINT('',(-0.0477768386863172,0.0723,0.012055));
#1880=CARTESIAN_POINT('',(-0.0477768386863172,0.0390597929379251,-0.0204617439094135));
#1881=CARTESIAN_POINT('',(-0.027,0.0390597929379251,-0.0204617439094135));
#1882=CARTESIAN_POINT('',(-0.0477768386863172,0.0516465276949747,-0.0296065419991334));
#1883=CARTESIAN_POINT('',(-0.027,0.0516465276949747,-0.0296065419991334));
#1884=CARTESIAN_POINT('',(-0.027,0.0723,0.012055));
#1885=CARTESIAN_POINT('',(-0.038,0.0712632122792294,0.0106136217630132));
#1886=CARTESIAN_POINT('',(-0.05,0.0531808612402651,-0.0264606920369607));
#1887=CARTESIAN_POINT('',(-0.0492170412335209,0.0531808612402651,-0.0264606920369607));
#1888=CARTESIAN_POINT('',(-0.0476473055696274,0.0528958715198307,-0.0270450075555778));
#1889=CARTESIAN_POINT('',(-0.047,0.0522087080239383,-0.0284539015109992));
#1890=CARTESIAN_POINT('',(-0.047,0.051865717879712,-0.0291571355213301));
#1891=CARTESIAN_POINT('',(-0.034,0.0544960090890227,-0.0237642393504083));
#1892=CARTESIAN_POINT('',(-0.034,0.0541527833333302,-0.0244679564358335));
#1893=CARTESIAN_POINT('',(-0.0346500492061249,0.0534646466678966,-0.0258788456845035));
#1894=CARTESIAN_POINT('',(-0.0362175788643057,0.0531808612402651,-0.0264606920369607));
#1895=CARTESIAN_POINT('',(-0.037,0.0531808612402651,-0.0264606920369607));
#1896=CARTESIAN_POINT('',(-0.027,0.0516465276949747,-0.0296065419991334));
#1897=CARTESIAN_POINT('',(-0.0262076654631613,0.0516465276949747,-0.0296065419991334));
#1898=CARTESIAN_POINT('',(-0.0246550190247214,0.0519323624671467,-0.0290204938676923));
#1899=CARTESIAN_POINT('',(-0.024,0.0526143340130401,-0.0276222449872994));
#1900=CARTESIAN_POINT('',(-0.024,0.052961670393571,-0.0269100998719766));
#1901=CARTESIAN_POINT('',(-0.038,0.0712495528605451,0.0106235459115952));
#1902=CARTESIAN_POINT('',(-0.037,0.041577538903202,-0.0180303848929299));
#1903=CARTESIAN_POINT('',(-0.0362170660157184,0.041577538903202,-0.0180303848929299));
#1904=CARTESIAN_POINT('',(-0.0346472615854108,0.0420452021894604,-0.0175787677070008));
#1905=CARTESIAN_POINT('',(-0.034,0.0431728041608626,-0.0164898551407674));
#1906=CARTESIAN_POINT('',(-0.034,0.0437356147662476,-0.0159463552568047));
#1907=CARTESIAN_POINT('',(-0.047,0.0394194704050212,-0.0201144074168879));
#1908=CARTESIAN_POINT('',(-0.047,0.039982662772505,-0.0195705388695518));
#1909=CARTESIAN_POINT('',(-0.0476500691824215,0.0411118950295313,-0.0184800519547914));
#1910=CARTESIAN_POINT('',(-0.0492176026735021,0.041577538903202,-0.0180303848929299));
#1911=CARTESIAN_POINT('',(-0.05,0.041577538903202,-0.0180303848929299));
#1912=CARTESIAN_POINT('',(-0.024,0.0412178603498759,-0.0183777224344156));
#1913=CARTESIAN_POINT('',(-0.024,0.040647902730147,-0.0189281241099036));
#1914=CARTESIAN_POINT('',(-0.0246519856497944,0.039531012345541,-0.0200066926170077));
#1915=CARTESIAN_POINT('',(-0.0262076651575025,0.0390597929379251,-0.0204617439094135));
#1916=CARTESIAN_POINT('',(-0.027,0.0390597929379251,-0.0204617439094135));
#1917=CARTESIAN_POINT('',(-0.05,0.0723,0.012055));
#1918=CARTESIAN_POINT('',(-0.037,0.0723,0.012055));
#1919=CARTESIAN_POINT('',(-0.027,0.0723,0.012055));
#1920=CARTESIAN_POINT('',(-0.047,0.104490456065155,-0.0190309620780401));
#1921=CARTESIAN_POINT('',(-0.047,0.073350447139455,0.0106235459115952));
#1922=CARTESIAN_POINT('',(-0.047,0.105540207062075,-0.0204617439094136));
#1923=CARTESIAN_POINT('',(-0.047,0.105180529594979,-0.0201144074168879));
#1924=CARTESIAN_POINT('',(-0.047,0.0723,0.012055));
#1925=CARTESIAN_POINT('',(-0.047,0.0929534723050252,-0.0296065419991334));
#1926=CARTESIAN_POINT('',(-0.047,0.0733367877207706,0.0106136217630132));
#1927=CARTESIAN_POINT('',(-0.047,0.092734282120288,-0.0291571355213301));
#1928=CARTESIAN_POINT('',(-0.047,0.0723,0.012055));
#1929=CARTESIAN_POINT('',(-0.0477768386863172,0.0723,0.012055));
#1930=CARTESIAN_POINT('',(-0.0477768386863172,0.103022461096798,-0.0180303848929299));
#1931=CARTESIAN_POINT('',(-0.037,0.103022461096798,-0.0180303848929299));
#1932=CARTESIAN_POINT('',(-0.0477768386863172,0.0914191387597349,-0.0264606920369608));
#1933=CARTESIAN_POINT('',(-0.037,0.0914191387597349,-0.0264606920369608));
#1934=CARTESIAN_POINT('',(-0.037,0.0723,0.012055));
#1935=CARTESIAN_POINT('',(-0.034,0.1016130968638,-0.0162523285962041));
#1936=CARTESIAN_POINT('',(-0.034,0.0733367877207706,0.0106136217630132));
#1937=CARTESIAN_POINT('',(-0.034,0.0901039909109773,-0.0237642393504083));
#1938=CARTESIAN_POINT('',(-0.034,0.0894464149756313,-0.0224160088840383));
#1939=CARTESIAN_POINT('',(-0.034,0.0723,0.012055));
#1940=CARTESIAN_POINT('',(-0.034,0.0997853440023575,-0.0149043372520926));
#1941=CARTESIAN_POINT('',(-0.034,0.073350447139455,0.0106235459115952));
#1942=CARTESIAN_POINT('',(-0.034,0.100864385233752,-0.0159463552568047));
#1943=CARTESIAN_POINT('',(-0.034,0.0723,0.012055));
#1944=CARTESIAN_POINT('',(-0.0477768386863172,0.0723,0.012055));
#1945=CARTESIAN_POINT('',(-0.024,0.0723,0.012055));
#1946=CARTESIAN_POINT('',(-0.024,0.0997853440023575,-0.0149043372520926));
#1947=CARTESIAN_POINT('',(-0.024,0.0894464149756313,-0.0224160088840383));
#1948=CARTESIAN_POINT('',(-0.0477768386863172,0.0997853440023575,-0.0149043372520926));
#1949=CARTESIAN_POINT('',(-0.0477768386863172,0.0894464149756313,-0.0224160088840383));
#1950=CARTESIAN_POINT('',(-0.024,0.102871941514393,-0.0174679807445074));
#1951=CARTESIAN_POINT('',(-0.024,0.073350447139455,0.0106235459115952));
#1952=CARTESIAN_POINT('',(-0.024,0.103382139650124,-0.0183777224344156));
#1953=CARTESIAN_POINT('',(-0.024,0.0733367877207706,0.0106136217630132));
#1954=CARTESIAN_POINT('',(-0.024,0.091638329606429,-0.0269100998719766));
#1955=CARTESIAN_POINT('',(-0.024,0.0723,0.012055));
#1956=CARTESIAN_POINT('',(-0.0477768386863172,0.0723,0.012055));
#1957=CARTESIAN_POINT('',(-0.0477768386863172,0.0929534723050252,-0.0296065419991334));
#1958=CARTESIAN_POINT('',(-0.027,0.0929534723050252,-0.0296065419991334));
#1959=CARTESIAN_POINT('',(-0.0477768386863172,0.105540207062075,-0.0204617439094136));
#1960=CARTESIAN_POINT('',(-0.027,0.105540207062075,-0.0204617439094136));
#1961=CARTESIAN_POINT('',(-0.027,0.0723,0.012055));
#1962=CARTESIAN_POINT('',(-0.038,0.073350447139455,0.0106235459115952));
#1963=CARTESIAN_POINT('',(-0.05,0.103022461096798,-0.0180303848929299));
#1964=CARTESIAN_POINT('',(-0.0492170412335209,0.103022461096798,-0.0180303848929299));
#1965=CARTESIAN_POINT('',(-0.0476473055696274,0.103490111511515,-0.0184819896489558));
#1966=CARTESIAN_POINT('',(-0.047,0.104617704090442,-0.0195708931449818));
#1967=CARTESIAN_POINT('',(-0.047,0.105180529594979,-0.0201144074168879));
#1968=CARTESIAN_POINT('',(-0.034,0.100864385233752,-0.0159463552568047));
#1969=CARTESIAN_POINT('',(-0.034,0.101427597362058,-0.0164902428869447));
#1970=CARTESIAN_POINT('',(-0.0346500492061249,0.102556786851705,-0.0175806885017269));
#1971=CARTESIAN_POINT('',(-0.0362175788643057,0.103022461096798,-0.0180303848929299));
#1972=CARTESIAN_POINT('',(-0.037,0.103022461096798,-0.0180303848929299));
#1973=CARTESIAN_POINT('',(-0.027,0.105540207062075,-0.0204617439094136));
#1974=CARTESIAN_POINT('',(-0.0262076654631613,0.105540207062075,-0.0204617439094136));
#1975=CARTESIAN_POINT('',(-0.0246550190247214,0.10507116996999,-0.0200088000546187));
#1976=CARTESIAN_POINT('',(-0.024,0.103952097058251,-0.0189281239055618));
#1977=CARTESIAN_POINT('',(-0.024,0.103382139650124,-0.0183777224344156));
#1978=CARTESIAN_POINT('',(-0.038,0.0733367877207706,0.0106136217630132));
#1979=CARTESIAN_POINT('',(-0.037,0.0914191387597349,-0.0264606920369608));
#1980=CARTESIAN_POINT('',(-0.0362170660157184,0.0914191387597349,-0.0264606920369608));
#1981=CARTESIAN_POINT('',(-0.0346472615854108,0.0911341411952852,-0.0258763604357289));
#1982=CARTESIAN_POINT('',(-0.034,0.0904469719755472,-0.0244674547446849));
#1983=CARTESIAN_POINT('',(-0.034,0.0901039909109773,-0.0237642393504083));
#1984=CARTESIAN_POINT('',(-0.047,0.0927342821202879,-0.0291571355213302));
#1985=CARTESIAN_POINT('',(-0.047,0.0923910684069907,-0.0284534431264741));
#1986=CARTESIAN_POINT('',(-0.0476500691824214,0.0917029056787908,-0.0270425004412141));
#1987=CARTESIAN_POINT('',(-0.0492176026735021,0.0914191387597349,-0.0264606920369608));
#1988=CARTESIAN_POINT('',(-0.05,0.0914191387597349,-0.0264606920369608));
#1989=CARTESIAN_POINT('',(-0.024,0.091638329606429,-0.0269100998719766));
#1990=CARTESIAN_POINT('',(-0.024,0.0919856661159119,-0.0276222452516901));
#1991=CARTESIAN_POINT('',(-0.0246519856497944,0.0926663076131666,-0.0290177671282498));
#1992=CARTESIAN_POINT('',(-0.0262076651575025,0.0929534723050252,-0.0296065419991334));
#1993=CARTESIAN_POINT('',(-0.027,0.0929534723050252,-0.0296065419991334));
#1994=CARTESIAN_POINT('',(-0.05,0.0723,0.012055));
#1995=CARTESIAN_POINT('',(-0.037,0.0723,0.012055));
#1996=CARTESIAN_POINT('',(-0.027,0.0723,0.012055));
#1997=CARTESIAN_POINT('',(-0.047,0.111811904780437,0.0330638524346686));
#1998=CARTESIAN_POINT('',(-0.047,0.0739859997563389,0.0126116909570176));
#1999=CARTESIAN_POINT('',(-0.047,0.113497050062472,0.0336200890596397));
#2000=CARTESIAN_POINT('',(-0.047,0.113055566978082,0.0333853483397505));
#2001=CARTESIAN_POINT('',(-0.047,0.0723,0.012055));
#2002=CARTESIAN_POINT('',(-0.047,0.118304754932285,0.0188234949302179));
#2003=CARTESIAN_POINT('',(-0.047,0.0739912171900097,0.0125956333473026));
#2004=CARTESIAN_POINT('',(-0.047,0.117809610481021,0.018753906915739));
#2005=CARTESIAN_POINT('',(-0.047,0.0723,0.012055));
#2006=CARTESIAN_POINT('',(-0.0477768386863172,0.0723,0.012055));
#2007=CARTESIAN_POINT('',(-0.0477768386863172,0.110406663935602,0.0319769016085075));
#2008=CARTESIAN_POINT('',(-0.037,0.110406663935602,0.0319769016085075));
#2009=CARTESIAN_POINT('',(-0.0477768386863172,0.11483873868594,0.0183363781138645));
#2010=CARTESIAN_POINT('',(-0.037,0.11483873868594,0.0183363781138645));
#2011=CARTESIAN_POINT('',(-0.037,0.0723,0.012055));
#2012=CARTESIAN_POINT('',(-0.034,0.108280114409001,0.0311859661835251));
#2013=CARTESIAN_POINT('',(-0.034,0.0739912171900097,0.0125956333473026));
#2014=CARTESIAN_POINT('',(-0.034,0.111867856752131,0.0179188478870847));
#2015=CARTESIAN_POINT('',(-0.034,0.110382411242508,0.0177100821352574));
#2016=CARTESIAN_POINT('',(-0.034,0.0723,0.012055));
#2017=CARTESIAN_POINT('',(-0.034,0.106433291761571,0.0298642221480739));
#2018=CARTESIAN_POINT('',(-0.034,0.0739859997563389,0.0126116909570176));
#2019=CARTESIAN_POINT('',(-0.034,0.107757751853182,0.0305684500706425));
#2020=CARTESIAN_POINT('',(-0.034,0.0723,0.012055));
#2021=CARTESIAN_POINT('',(-0.0477768386863172,0.0723,0.012055));
#2022=CARTESIAN_POINT('',(-0.024,0.0723,0.012055));
#2023=CARTESIAN_POINT('',(-0.024,0.106433291761571,0.0298642221480739));
#2024=CARTESIAN_POINT('',(-0.024,0.110382411242508,0.0177100821352574));
#2025=CARTESIAN_POINT('',(-0.0477768386863172,0.106433291761571,0.0298642221480739));
#2026=CARTESIAN_POINT('',(-0.0477768386863172,0.110382411242508,0.0177100821352574));
#2027=CARTESIAN_POINT('',(-0.024,0.109825272696504,0.0320075414184003));
#2028=CARTESIAN_POINT('',(-0.024,0.0739859997563389,0.0126116909570176));
#2029=CARTESIAN_POINT('',(-0.024,0.110848148353276,0.0322116430373163));
#2030=CARTESIAN_POINT('',(-0.024,0.0739912171900097,0.0125956333473026));
#2031=CARTESIAN_POINT('',(-0.024,0.115333884632546,0.0184059663384999));
#2032=CARTESIAN_POINT('',(-0.024,0.0723,0.012055));
#2033=CARTESIAN_POINT('',(-0.0477768386863172,0.0723,0.012055));
#2034=CARTESIAN_POINT('',(-0.0477768386863172,0.118304754932285,0.0188234949302179));
#2035=CARTESIAN_POINT('',(-0.027,0.118304754932285,0.0188234949302179));
#2036=CARTESIAN_POINT('',(-0.0477768386863172,0.113497050062472,0.0336200890596396));
#2037=CARTESIAN_POINT('',(-0.027,0.113497050062472,0.0336200890596397));
#2038=CARTESIAN_POINT('',(-0.027,0.0723,0.012055));
#2039=CARTESIAN_POINT('',(-0.038,0.0739859997563389,0.0126116909570176));
#2040=CARTESIAN_POINT('',(-0.05,0.110406663935603,0.0319769016085074));
#2041=CARTESIAN_POINT('',(-0.0492170412335209,0.110406663935603,0.0319769016085074));
#2042=CARTESIAN_POINT('',(-0.0476473055696273,0.110980677507185,0.0322821100384195));
#2043=CARTESIAN_POINT('',(-0.047,0.112364731542317,0.0330180246228282));
#2044=CARTESIAN_POINT('',(-0.047,0.113055566978082,0.0333853483397505));
#2045=CARTESIAN_POINT('',(-0.034,0.107757751853182,0.0305684500706424));
#2046=CARTESIAN_POINT('',(-0.034,0.108449061847044,0.0309360261145805));
#2047=CARTESIAN_POINT('',(-0.0346500492061249,0.109835075996818,0.0316729829104318));
#2048=CARTESIAN_POINT('',(-0.0362175788643058,0.110406663935603,0.0319769016085074));
#2049=CARTESIAN_POINT('',(-0.037,0.110406663935603,0.0319769016085074));
#2050=CARTESIAN_POINT('',(-0.027,0.113497050062472,0.0336200890596397));
#2051=CARTESIAN_POINT('',(-0.0262076654631613,0.113497050062472,0.0336200890596397));
#2052=CARTESIAN_POINT('',(-0.0246550190247214,0.112921334425407,0.0333139756254571));
#2053=CARTESIAN_POINT('',(-0.024,0.111547737784169,0.0325836213360128));
#2054=CARTESIAN_POINT('',(-0.024,0.110848148353276,0.0322116430373163));
#2055=CARTESIAN_POINT('',(-0.038,0.0739912171900097,0.0125956333473026));
#2056=CARTESIAN_POINT('',(-0.037,0.11483873868594,0.0183363781138645));
#2057=CARTESIAN_POINT('',(-0.0362170660157184,0.11483873868594,0.0183363781138645));
#2058=CARTESIAN_POINT('',(-0.0346472615854107,0.114194937218141,0.0182458977181973));
#2059=CARTESIAN_POINT('',(-0.034,0.112642641312917,0.0180277367559722));
#2060=CARTESIAN_POINT('',(-0.034,0.111867856752131,0.0179188478870847));
#2061=CARTESIAN_POINT('',(-0.047,0.117809610481021,0.018753906915739));
#2062=CARTESIAN_POINT('',(-0.047,0.117034300373314,0.0186449441860487));
#2063=CARTESIAN_POINT('',(-0.0476500691824214,0.11547976016047,0.0184264678069571));
#2064=CARTESIAN_POINT('',(-0.0492176026735021,0.11483873868594,0.0183363781138645));
#2065=CARTESIAN_POINT('',(-0.05,0.11483873868594,0.0183363781138645));
#2066=CARTESIAN_POINT('',(-0.024,0.115333884632546,0.0184059663384999));
#2067=CARTESIAN_POINT('',(-0.024,0.116118508020669,0.0185162379643938));
#2068=CARTESIAN_POINT('',(-0.0246519856497944,0.117656057984732,0.0187323265197399));
#2069=CARTESIAN_POINT('',(-0.0262076651575025,0.118304754932285,0.0188234949302179));
#2070=CARTESIAN_POINT('',(-0.027,0.118304754932285,0.0188234949302179));
#2071=CARTESIAN_POINT('',(-0.05,0.0723,0.012055));
#2072=CARTESIAN_POINT('',(-0.037,0.0723,0.012055));
#2073=CARTESIAN_POINT('',(-0.027,0.0723,0.012055));
#2074=MECHANICAL_DESIGN_GEOMETRIC_PRESENTATION_REPRESENTATION('',(#1142),
#2075);
#2075=(
GEOMETRIC_REPRESENTATION_CONTEXT(3)
GLOBAL_UNCERTAINTY_ASSIGNED_CONTEXT((#2076))
GLOBAL_UNIT_ASSIGNED_CONTEXT((#2079,#2078,#2077))
REPRESENTATION_CONTEXT('Support knee pitch giver',
'TOP_LEVEL_ASSEMBLY_PART')
);
#2076=UNCERTAINTY_MEASURE_WITH_UNIT(LENGTH_MEASURE(2.E-5),#2079,
'DISTANCE_ACCURACY_VALUE','Maximum Tolerance applied to model');
#2077=(
NAMED_UNIT(*)
SI_UNIT($,.STERADIAN.)
SOLID_ANGLE_UNIT()
);
#2078=(
NAMED_UNIT(*)
PLANE_ANGLE_UNIT()
SI_UNIT($,.RADIAN.)
);
#2079=(
LENGTH_UNIT()
NAMED_UNIT(*)
SI_UNIT($,.METRE.)
);
#2080=PRODUCT_DEFINITION_SHAPE('','',#2081);
#2081=PRODUCT_DEFINITION('','',#2083,#2082);
#2082=PRODUCT_DEFINITION_CONTEXT('',#2089,'design');
#2083=PRODUCT_DEFINITION_FORMATION_WITH_SPECIFIED_SOURCE('','',#2085,
 .NOT_KNOWN.);
#2084=PRODUCT_RELATED_PRODUCT_CATEGORY('','',(#2085));
#2085=PRODUCT('Support knee pitch giver','Support knee pitch giver',
'Support knee pitch giver',(#2087));
#2086=PRODUCT_CATEGORY('','');
#2087=PRODUCT_CONTEXT('',#2089,'mechanical');
#2088=APPLICATION_PROTOCOL_DEFINITION('international standard',
'ap242_managed_model_based_3d_engineering',2020,#2089);
#2089=APPLICATION_CONTEXT('managed model based 3d engineering');
ENDSEC;
END-ISO-10303-21;
